reference_model,comparison_model,frame,elapsed_seconds,timestamp_utc,position_delta_x_m,position_delta_y_m,position_delta_z_m,position_difference_m,velocity_delta_x_mm_s,velocity_delta_y_mm_s,velocity_delta_z_mm_s,velocity_difference_mm_s
gmat_j2,numerical_j2_iau1976_1980,EarthMJ2000Eq,0.0,2026-03-23T14:45:00Z,0.0,4.547473508864641e-10,0.0,4.547473508864641e-10,0.0,0.0,4.440892098500626e-10,4.440892098500626e-10
gmat_j2,numerical_j2_iau1976_1980,EarthMJ2000Eq,60.0,2026-03-23T14:46:00Z,-0.00010454459697939456,4.828234523301944e-05,7.967628334881738e-06,0.00011543067495283617,-0.0035104434914501326,0.001551131667554273,0.00027549290626538436,0.003847742103904164
gmat_j2,numerical_j2_iau1976_1980,EarthMJ2000Eq,120.0,2026-03-23T14:47:00Z,-0.00042400006350362673,0.00017897650650411379,3.419972927076742e-05,0.00046149568276820355,-0.007158297954390491,0.0027444047034919095,0.0006079700076710992,0.00769042354559274
gmat_j2,numerical_j2_iau1976_1980,EarthMJ2000Eq,180.0,2026-03-23T14:48:00Z,-0.0009656332622398622,0.0003701691184687661,8.196047929232009e-05,0.0010373959193951791,-0.010910860659407717,0.0035656793073712834,0.0009922176691379292,0.011521520956669577
gmat_j2,numerical_j2_iau1976_1980,EarthMJ2000Eq,240.0,2026-03-23T14:49:00Z,-0.0017347219909424894,0.0005992053502268391,0.00015419345800182782,0.0018417608585509966,-0.014734601094801292,0.004004421683134751,0.0014228365707857904,0.015335198934035538
gmat_j2,numerical_j2_iau1976_1980,EarthMJ2000Eq,300.0,2026-03-23T14:50:00Z,-0.002734531335590873,0.00084290820723254,0.00025352210286655463,0.0028727041838292815,-0.018595872397497715,0.00405371114453601,0.0018945228719147167,0.0191266374770779
gmat_j2,numerical_j2_iau1976_1980,EarthMJ2000Eq,360.0,2026-03-23T14:51:00Z,-0.003966313670389354,0.001077790386716515,0.00038225743992370553,0.004127880448849389,-0.02246157437824081,0.0037100686967050933,0.002402310683713438,0.022892313773504827
gmat_j2,numerical_j2_iau1976_1980,EarthMJ2000Eq,420.0,2026-03-23T14:52:00Z,-0.005429366865428165,0.001280249136925704,0.0005424312803370412,0.005604577959659081,-0.026299772248883357,0.002973098212066816,0.002941755949947833,0.02663026964547643
gmat_j2,numerical_j2_iau1976_1980,EarthMJ2000Eq,480.0,2026-03-23T14:53:00Z,-0.00712112887413241,0.0014267390042732586,0.0007358253242273349,0.007299828733339655,-0.03008034205054244,0.0018449535232889502,0.0035090663708103875,0.030340474257589983
gmat_j2,numerical_j2_iau1976_1980,EarthMJ2000Eq,540.0,2026-03-23T14:54:00Z,-0.00903729051060509,0.0014939028005755972,0.0009640134521760046,0.009210520467737788,-0.033775269914215755,0.0003297273565294745,0.004101133210809849,0.03402494484228563
gmat_j2,numerical_j2_iau1976_1980,EarthMJ2000Eq,600.0,2026-03-23T14:55:00Z,-0.011232878932787571,0.0018734408513410017,0.0013262701941130217,0.011465005118617642,-0.03778772716955814,-0.0016683738834899486,0.004922537266693894,0.03814350756286139
gmat_j2,numerical_j2_iau1976_1980,EarthMJ2000Eq,660.0,2026-03-23T14:56:00Z,-0.013575710909208283,0.0015740417893539416,0.001604414592293324,0.013760511633983423,-0.04108727957863323,-0.00393227583828093,0.005480537579316547,0.04163728651820865
gmat_j2,numerical_j2_iau1976_1980,EarthMJ2000Eq,720.0,2026-03-23T14:57:00Z,-0.016141459127538837,0.001267927473236341,0.0019543567759683356,0.01630870483058565,-0.04438504985770919,-0.0065979275376548685,0.006131851915114339,0.045289788104741296
gmat_j2,numerical_j2_iau1976_1980,EarthMJ2000Eq,780.0,2026-03-23T14:58:00Z,-0.018898656890087295,0.0007820499376975931,0.0023418083401338663,0.019059247116720465,-0.04749923609992379,-0.00962817203742361,0.006794822038358461,0.04893923511244828
gmat_j2,numerical_j2_iau1976_1980,EarthMJ2000Eq,840.0,2026-03-23T14:59:00Z,-0.021837321583006997,0.00010434314390295185,0.002769749244180275,0.0220125194443294,-0.0504228894193659,-0.013022625644509844,0.007471894214461372,0.052610700045016966
gmat_j2,numerical_j2_iau1976_1980,EarthMJ2000Eq,900.0,2026-03-23T15:00:00Z,-0.024945251425378956,-0.0007879352779127657,0.0032386378734372556,0.025166946297729736,-0.05313883999491509,-0.016780742129185455,0.00815907608142652,0.05631962486481878
gmat_j2,numerical_j2_iau1976_1980,EarthMJ2000Eq,960.0,2026-03-23T15:01:00Z,-0.028209510674059857,-0.0019166632228007074,0.0037489398891921155,0.02852200274651676,-0.055631080186913096,-0.02090487161154897,0.008851335664417093,0.06008474750635375
gmat_j2,numerical_j2_iau1976_1980,EarthMJ2000Eq,1020.0,2026-03-23T15:02:00Z,-0.031616169508197345,-0.00330393868352985,0.0043007587464671815,0.03207794742484167,-0.05788269064055385,-0.025399958580862858,0.009541521350797666,0.06392655474360663
gmat_j2,numerical_j2_iau1976_1980,EarthMJ2000Eq,1080.0,2026-03-23T15:03:00Z,-0.03515024400257971,-0.0049722202675184235,0.004893687673757086,0.03583588713675014,-0.05987480999891659,-0.030273254125745552,0.010219852075721292,0.06786684141919348
gmat_j2,numerical_j2_iau1976_1980,EarthMJ2000Eq,1140.0,2026-03-23T15:04:00Z,-0.03879552423313726,-0.0069444749897229485,0.005526647328224499,0.03979776707426434,-0.06158559706648248,-0.03553383098875429,0.010873421718571308,0.07192822958089812
gmat_j2,numerical_j2_iau1976_1980,EarthMJ2000Eq,1200.0,2026-03-23T15:05:00Z,-0.04253613678883994,-0.009243495696864557,0.006198709797899937,0.04396804690653699,-0.0629900922533011,-0.041194165412150596,0.011485869588767628,0.07613564333669995
gmat_j2,numerical_j2_iau1976_1980,EarthMJ2000Eq,1260.0,2026-03-23T15:06:00Z,-0.04633519256458385,-0.011902721780643333,0.006896202421557973,0.04833407145713642,-0.06404665597870007,-0.04724140367784457,0.012034945928718344,0.08048952905200898
gmat_j2,numerical_j2_iau1976_1980,EarthMJ2000Eq,1320.0,2026-03-23T15:07:00Z,-0.050262786317034625,-0.014897476830810774,0.0076701426223735325,0.05298220071046481,-0.0647762981031974,-0.053801620047977394,0.012507439528519626,0.08512942593076024
gmat_j2,numerical_j2_iau1976_1980,EarthMJ2000Eq,1380.0,2026-03-23T15:08:00Z,-0.0539549951099616,-0.01843788595579099,0.008308175551974273,0.05762050778010515,-0.06492143622693902,-0.060442163274387894,0.012833440532489249,0.08962558328377682
gmat_j2,numerical_j2_iau1976_1980,EarthMJ2000Eq,1440.0,2026-03-23T15:09:00Z,-0.057260986068286,-0.02258052336401306,0.008732890250939818,0.062168834097481224,-0.06439289990112229,-0.0670034521199625,0.012985758246486512,0.09383250007808731
gmat_j2,numerical_j2_iau1976_1980,EarthMJ2000Eq,1500.0,2026-03-23T15:10:00Z,-0.06130005976956454,-0.026754352802527137,0.009626874287960163,0.06757343731223434,-0.06383084638628134,-0.07495952125680105,0.013053579550614813,0.09931617550289622
gmat_j2,numerical_j2_iau1976_1980,EarthMJ2000Eq,1560.0,2026-03-23T15:11:00Z,-0.06466122181336686,-0.03157637092954246,0.010167339382860519,0.07267403661283549,-0.0624627025658242,-0.08253205097119576,0.01291112328161148,0.10430640322497774
gmat_j2,numerical_j2_iau1976_1980,EarthMJ2000Eq,1620.0,2026-03-23T15:12:00Z,-0.07027838796602737,-0.03645105425675865,0.011982516923580988,0.0800706680586376,-0.06109200967330253,-0.09344553020262936,0.012368899682257961,0.1123267129409704
gmat_j2,numerical_j2_iau1976_1980,EarthMJ2000Eq,1680.0,2026-03-23T15:13:00Z,-0.0745343766084261,-0.04209354938211618,0.013086441697396367,0.08659385170028357,-0.05865377339375755,-0.10315106169223043,0.011591743120931142,0.11922573199667194
gmat_j2,numerical_j2_iau1976_1980,EarthMJ2000Eq,1740.0,2026-03-23T15:14:00Z,-0.07491072688026179,-0.048840034651220776,0.012124040267735836,0.09024388255652181,-0.05455254914465968,-0.10849013143410247,0.0107648028269125,0.12190968056996804
gmat_j2,numerical_j2_iau1976_1980,EarthMJ2000Eq,1800.0,2026-03-23T15:15:00Z,-0.08051451152368827,-0.05568624419538537,0.013994037203701737,0.09889073483266676,-0.050497074965960564,-0.12088516053183201,0.008930709949339644,0.13131235355869558
gmat_j2,numerical_j2_iau1976_1980,EarthMJ2000Eq,1860.0,2026-03-23T15:16:00Z,-0.08393167470899243,-0.06313947051239666,0.014769076642551227,0.10606245509564391,-0.04531242936423041,-0.13104493046256493,0.006956011766590109,0.13883218702636574
gmat_j2,numerical_j2_iau1976_1980,EarthMJ2000Eq,1920.0,2026-03-23T15:17:00Z,-0.08381565243098521,-0.07100049060682068,0.01378638444293756,0.11070771271618532,-0.039034430798778885,-0.13728244319111127,0.005115858403570428,0.14281571343346897
gmat_j2,numerical_j2_iau1976_1980,EarthMJ2000Eq,1980.0,2026-03-23T15:18:00Z,-0.0865006194317175,-0.07960569837450748,0.014286496707427432,0.11842097940793776,-0.03178456786656625,-0.14742370435527619,0.0022013493250483407,0.1508272299657695
gmat_j2,numerical_j2_iau1976_1980,EarthMJ2000Eq,2040.0,2026-03-23T15:19:00Z,-0.0876312601576501,-0.08852405335346702,0.014079030506763957,0.12535535440879905,-0.02359035988774849,-0.15603032199607014,-0.0009153908742121075,0.15780622421908275
gmat_j2,numerical_j2_iau1976_1980,EarthMJ2000Eq,2100.0,2026-03-23T15:20:00Z,-0.09085946794584743,-0.09908699757943396,0.014849139915895648,0.13525595351388817,-0.013353735894838792,-0.16747596598420955,-0.005524945390078528,0.16809832380561257
gmat_j2,numerical_j2_iau1976_1980,EarthMJ2000Eq,2160.0,2026-03-23T15:21:00Z,-0.09137010101767373,-0.10921203374891775,0.014431158433581004,0.14312240219228356,-0.0027464253093967272,-0.17587268308361104,-0.009827426428188346,0.1761684472804646
gmat_j2,numerical_j2_iau1976_1980,EarthMJ2000Eq,2220.0,2026-03-23T15:22:00Z,-0.09040431541507132,-0.11971744879701873,0.013338269582163775,0.1506091538638372,0.00899350904859375,-0.18261307177525055,-0.014460179720288124,0.18340532703752901
gmat_j2,numerical_j2_iau1976_1980,EarthMJ2000Eq,2280.0,2026-03-23T15:23:00Z,-0.09075521666090935,-0.13162030973035144,0.012857050478487508,0.1603923908160503,0.022694035983761296,-0.19100423553908286,-0.02040248237022979,0.19342672656582188
gmat_j2,numerical_j2_iau1976_1980,EarthMJ2000Eq,2340.0,2026-03-23T15:24:00Z,-0.08792277185420971,-0.14252981691242894,0.011032180736947339,0.16782988867132873,0.036321572416397885,-0.19555253238934256,-0.025729885333447555,0.20055442290300374
gmat_j2,numerical_j2_iau1976_1980,EarthMJ2000Eq,2400.0,2026-03-23T15:25:00Z,-0.08506856920575956,-0.15422635260620154,0.009216738817485748,0.17637283685238286,0.051424478897388326,-0.19994035849180136,-0.031857294136017344,0.208891146708918
gmat_j2,numerical_j2_iau1976_1980,EarthMJ2000Eq,2460.0,2026-03-23T15:26:00Z,-0.0815679736660968,-0.16638124270684784,0.007135022315196693,0.18543721524037837,0.06771500338231817,-0.20331646410909343,-0.03851488461492636,0.21772988448486516
gmat_j2,numerical_j2_iau1976_1980,EarthMJ2000Eq,2520.0,2026-03-23T15:27:00Z,-0.07698001127209864,-0.1786296752470662,0.004611594249581685,0.19456554118303565,0.08484204716552313,-0.20506180575807775,-0.04543693399305937,0.2265238003360576
gmat_j2,numerical_j2_iau1976_1980,EarthMJ2000Eq,2580.0,2026-03-23T15:28:00Z,-0.07135750820452813,-0.19094579147349577,0.0016720341591280885,0.20385039847110506,0.10274479844696316,-0.20514469500909627,-0.052602879829777294,0.2353888324977806
gmat_j2,numerical_j2_iau1976_1980,EarthMJ2000Eq,2640.0,2026-03-23T15:29:00Z,-0.06463987119786907,-0.2032116867667355,-0.00170313751368667,0.21325150237325283,0.1212667148919877,-0.20340430761933703,-0.05992109786134847,0.24427334375184248
gmat_j2,numerical_j2_iau1976_1980,EarthMJ2000Eq,2700.0,2026-03-23T15:30:00Z,-0.056796393437252846,-0.21531547372433124,-0.005519761998584727,0.22274885253381985,0.14024360162068206,-0.19972289688752198,-0.06730235702079312,0.2531543217036569
gmat_j2,numerical_j2_iau1976_1980,EarthMJ2000Eq,2760.0,2026-03-23T15:31:00Z,-0.04780518793268129,-0.2271376392855018,-0.009778754701983416,0.23231975210255212,0.15949249210223115,-0.1940026903568537,-0.07465022200392468,0.26200678340056915
gmat_j2,numerical_j2_iau1976_1980,EarthMJ2000Eq,2820.0,2026-03-23T15:32:00Z,-0.03765471228689421,-0.23855030303820968,-0.01447515023755841,0.2419372943789988,0.17881176894718465,-0.18616961661166442,-0.08186165489920683,0.2708027056847703
gmat_j2,numerical_j2_iau1976_1980,EarthMJ2000Eq,2880.0,2026-03-23T15:33:00Z,-0.026356965463492088,-0.2494606351319817,-0.019598195194703294,0.2516135675272403,0.19802576867178345,-0.176187392675331,-0.08885236035816035,0.27955490397594235
gmat_j2,numerical_j2_iau1976_1980,EarthMJ2000Eq,2940.0,2026-03-23T15:34:00Z,-0.013870358998246957,-0.2595408320757997,-0.025127824301307555,0.26112303216578975,0.216721532719788,-0.1639871989311814,-0.09540847970002098,0.2880326407829125
gmat_j2,numerical_j2_iau1976_1980,EarthMJ2000Eq,3000.0,2026-03-23T15:35:00Z,-0.0005349593266146258,-0.2697721008644294,-0.031057501928444253,0.2715544899505885,0.23576211205522668,-0.1498695025858865,-0.10203834321931282,0.2974163155797351
gmat_j2,numerical_j2_iau1976_1980,EarthMJ2000Eq,3060.0,2026-03-23T15:36:00Z,0.014136461686575785,-0.2782893386665819,-0.03735205336852232,0.28114048348707177,0.25322570551544743,-0.13337822935000077,-0.10767895980423603,0.30579039942885683
gmat_j2,numerical_j2_iau1976_1980,EarthMJ2000Eq,3120.0,2026-03-23T15:37:00Z,0.029829205232090317,-0.285742637970543,-0.043965894747088896,0.2906400463460861,0.26964311983235234,-0.1148405459616697,-0.11266814015087334,0.3139902432795572
gmat_j2,numerical_j2_iau1976_1980,EarthMJ2000Eq,3180.0,2026-03-23T15:38:00Z,0.046469429435092025,-0.2920290247629964,-0.05085761222289875,0.30004475648986856,0.2848128199950395,-0.09436633696680019,-0.1169266291567439,0.3220173669105708
gmat_j2,numerical_j2_iau1976_1980,EarthMJ2000Eq,3240.0,2026-03-23T15:39:00Z,0.06397730066964868,-0.297031197646902,-0.0579808120164671,0.3093257214306894,0.2985222248841346,-0.07208748176168456,-0.12037179231150219,0.329850711930107
gmat_j2,numerical_j2_iau1976_1980,EarthMJ2000Eq,3300.0,2026-03-23T15:40:00Z,0.08225903093261877,-0.3006465307180406,-0.06528456651722081,0.3184602945864817,0.3105778587364494,-0.04816417309427834,-0.12293430362575464,0.3374777576598534
gmat_j2,numerical_j2_iau1976_1980,EarthMJ2000Eq,3360.0,2026-03-23T15:41:00Z,0.10120999831997324,-0.30278167446340376,-0.07271409731401945,0.3274256344561071,0.3208018420908232,-0.0227803287344841,-0.12455553854984203,0.34488671683548183
gmat_j2,numerical_j2_iau1976_1980,EarthMJ2000Eq,3420.0,2026-03-23T15:42:00Z,0.12071544006175827,-0.3033550487998582,-0.08021147186809685,0.33619991570628743,0.3290358392415982,0.003859017105867224,-0.12518919589865618,0.35206790579119585
gmat_j2,numerical_j2_iau1976_1980,EarthMJ2000Eq,3480.0,2026-03-23T15:43:00Z,0.14065175309951883,-0.30229792992031435,-0.08771637340032612,0.34476240550062986,0.3351434072484949,0.031531077304691735,-0.12480194233610575,0.3590137003917673
gmat_j2,numerical_j2_iau1976_1980,EarthMJ2000Eq,3540.0,2026-03-23T15:44:00Z,0.16088785105239367,-0.29955539912407403,-0.0951668794186844,0.35309357498959243,0.33901193852159395,0.059998895629576054,-0.1233738480266311,0.3657185643549367
gmat_j2,numerical_j2_iau1976_1980,EarthMJ2000Eq,3600.0,2026-03-23T15:45:00Z,0.18128664123651106,-0.29508709030778846,-0.10250028162772651,0.36117522740478153,0.34055410935707187,0.08901515169412733,-0.12089852230445786,0.3721790581514743
gmat_j2,numerical_j2_iau1976_1980,EarthMJ2000Eq,3660.0,2026-03-23T15:46:00Z,0.20170660809526453,-0.28886772679470596,-0.10965390947603737,0.3689906491988875,0.3397088499390577,0.11832611690465455,-0.11738296912255919,0.378393887514953
gmat_j2,numerical_j2_iau1976_1980,EarthMJ2000Eq,3720.0,2026-03-23T15:47:00Z,0.2220030028183828,-0.280886811651726,-0.11656563447104418,0.3765239452676126,0.33644113006658927,0.14767499578738352,-0.11284696377344972,0.3843630778498029
gmat_j2,numerical_j2_iau1976_1980,EarthMJ2000Eq,3780.0,2026-03-23T15:48:00Z,0.24203209977713414,-0.27115277225675527,-0.12317666210037714,0.3837653623130192,0.33074612115768787,0.17680936004182968,-0.10732401856117235,0.3900935675185841
gmat_j2,numerical_j2_iau1976_1980,EarthMJ2000Eq,3840.0,2026-03-23T15:49:00Z,0.261347138803103,-0.25924543479050044,-0.1292012423164124,0.390132648513795,0.3221806035291763,0.20506981179835293,-0.10068446520961061,0.39495737812576875
gmat_j2,numerical_j2_iau1976_1980,EarthMJ2000Eq,3900.0,2026-03-23T15:50:00Z,0.2801581194944447,-0.24582084733992815,-0.1348682103525789,0.396365860120787,0.311431289645725,0.23270391213969788,-0.09323785699066889,0.3997922671484931
gmat_j2,numerical_j2_iau1976_1980,EarthMJ2000Eq,3960.0,2026-03-23T15:51:00Z,0.2985027949762298,-0.23108165532903513,-0.14024323536432348,0.4027043768121736,0.29872990836565805,0.2597126256276283,-0.08509600268880035,0.40488459557775647
gmat_j2,numerical_j2_iau1976_1980,EarthMJ2000Eq,4020.0,2026-03-23T15:52:00Z,0.3159820844302885,-0.2147098120985902,-0.14508042499983276,0.40864815038178504,0.28376528327100914,0.2855219163322431,-0.07618046593549366,0.4096937442603455
gmat_j2,numerical_j2_iau1976_1980,EarthMJ2000Eq,4080.0,2026-03-23T15:53:00Z,0.3325071184008266,-0.19683834761963226,-0.14936728416614642,0.4142667069171971,0.2667047347415519,0.309986598168166,-0.06659101225992003,0.4143156640669459
gmat_j2,numerical_j2_iau1976_1980,EarthMJ2000Eq,4140.0,2026-03-23T15:54:00Z,0.34794766406776034,-0.1775432183421799,-0.15305994702430326,0.4195432262503978,0.24766086603733584,0.332914133149842,-0.05640553624175482,0.4187473094074681
gmat_j2,numerical_j2_iau1976_1980,EarthMJ2000Eq,4200.0,2026-03-23T15:55:00Z,0.3621895398282504,-0.156922651513014,-0.156125746343605,0.42447759657044604,0.22677329170051053,0.3541424518083147,-0.045710039753288356,0.42300403040129125
gmat_j2,numerical_j2_iau1976_1980,EarthMJ2000Eq,4260.0,2026-03-23T15:56:00Z,0.3751265894607059,-0.1350829779767082,-0.158536701576395,0.4290702212997305,0.2041925526441446,0.37352882165109236,-0.034592095854435456,0.4271006816372315
gmat_j2,numerical_j2_iau1976_1980,EarthMJ2000Eq,4320.0,2026-03-23T15:57:00Z,0.38666197815473424,-0.11213848756597145,-0.16027011193386898,0.43332324484547396,0.18007860180802027,0.390951230055947,-0.02313989933000471,0.4310529225656547
gmat_j2,numerical_j2_iau1976_1980,EarthMJ2000Eq,4380.0,2026-03-23T15:58:00Z,0.3967086909142381,-0.08821015035209712,-0.161308555505002,0.43724051293440136,0.15459825508656877,0.4063083780536658,-0.011441003255896476,0.43487701147325997
gmat_j2,numerical_j2_iau1976_1980,EarthMJ2000Eq,4440.0,2026-03-23T15:59:00Z,0.4051898640682339,-0.06342441611195682,-0.16163981436534414,0.4408275310037242,0.12792275949635723,0.4195193077372039,0.0004188449587161358,0.4385896229877824
gmat_j2,numerical_j2_iau1976_1980,EarthMJ2000Eq,4500.0,2026-03-23T16:00:00Z,0.41203940145351226,-0.03791189556068275,-0.16125693412050168,0.44409185871519485,0.10022545016141748,0.43052309761648644,0.012356792922219029,0.44220806050170103
gmat_j2,numerical_j2_iau1976_1980,EarthMJ2000Eq,4560.0,2026-03-23T16:01:00Z,0.4171965653085863,-0.011806867405539379,-0.16015530036384007,0.447037019113457,0.07167977855715435,0.4392712641410057,0.02429264256420538,0.4457436108760193
gmat_j2,numerical_j2_iau1976_1980,EarthMJ2000Eq,4620.0,2026-03-23T16:02:00Z,0.42063988587415224,0.01475678163842531,-0.15834952955628978,0.4497001775663895,0.04245740736763537,0.44576780641736313,0.03615619803554182,0.4492425172831646
gmat_j2,numerical_j2_iau1976_1980,EarthMJ2000Eq,4680.0,2026-03-23T16:03:00Z,0.42224248855404767,0.04163481662544655,-0.15580011950078188,0.4519909892157227,0.01272642791150247,0.449891253473389,0.04785931784212494,0.45260867890878687
gmat_j2,numerical_j2_iau1976_1980,EarthMJ2000Eq,4740.0,2026-03-23T16:04:00Z,0.4220149278353347,0.06868753825983731,-0.15253699757522554,0.4539626778242058,-0.017344729208446097,0.4516906922935604,0.059341781266653015,0.4559021475490651
gmat_j2,numerical_j2_iau1976_1980,EarthMJ2000Eq,4800.0,2026-03-23T16:05:00Z,0.42009007688648126,0.0957918318817974,-0.14864969580230536,0.45579433938551517,-0.04759840255275094,0.4513638496295158,0.0705735279105113,0.45932075450570004
gmat_j2,numerical_j2_iau1976_1980,EarthMJ2000Eq,4860.0,2026-03-23T16:06:00Z,0.4163201485880563,0.12280636747163953,-0.1440838902908581,0.4573445500422069,-0.07788846989598142,0.4487652363049932,0.08147521590728957,0.4627040759121893
gmat_j2,numerical_j2_iau1976_1980,EarthMJ2000Eq,4920.0,2026-03-23T16:07:00Z,0.41074111504713073,0.14959937288949732,-0.1388778387081402,0.4586668617235557,-0.10806872374757859,0.44397239173932235,0.09200379835760941,0.4661062460334472
gmat_j2,numerical_j2_iau1976_1980,EarthMJ2000Eq,4980.0,2026-03-23T16:08:00Z,0.4033574407458218,0.1760398508849903,-0.13305210904945852,0.4597718106051498,-0.13800136233754756,0.4370213515514365,0.10211405099269655,0.4695309543885285
gmat_j2,numerical_j2_iau1976_1980,EarthMJ2000Eq,5040.0,2026-03-23T16:09:00Z,0.3941885333915707,0.201999774617434,-0.12663330971918185,0.4606783085118354,-0.1675551422053445,0.42796262578193023,0.1117666070804546,0.4729889102335216
gmat_j2,numerical_j2_iau1976_1980,EarthMJ2000Eq,5100.0,2026-03-23T16:10:00Z,0.3832609013443289,0.22735429774911609,-0.11964997929680976,0.4614054754226353,-0.19660528582932102,0.41685081386688694,0.12092614198877527,0.47648858459967797
gmat_j2,numerical_j2_iau1976_1980,EarthMJ2000Eq,5160.0,2026-03-23T16:11:00Z,0.37060835029478767,0.2519819772714982,-0.1121326658903854,0.461973160408224,-0.22503304997201212,0.40374435172907397,0.12956101658190278,0.4800369070712921
gmat_j2,numerical_j2_iau1976_1980,EarthMJ2000Eq,5220.0,2026-03-23T16:12:00Z,0.35627165334517485,0.27576495449466165,-0.10411372022645082,0.4624018467135905,-0.2527251075079562,0.38870470575602667,0.13764275275107707,0.4836391791683976
gmat_j2,numerical_j2_iau1976_1980,EarthMJ2000Eq,5280.0,2026-03-23T16:13:00Z,0.34030017059194506,0.298591817227134,-0.09562768718751613,0.46271582421259655,-0.27957523673904916,0.37179813716647914,0.14514714408164764,0.4873026382374899
gmat_j2,numerical_j2_iau1976_1980,EarthMJ2000Eq,5340.0,2026-03-23T16:14:00Z,0.32272638782160357,0.3203240748916869,-0.08670357510709437,0.4629010091671293,-0.3054528381341015,0.3530667553874878,0.15203301839683547,0.4909904365330126
gmat_j2,numerical_j2_iau1976_1980,EarthMJ2000Eq,5400.0,2026-03-23T16:15:00Z,0.30372559103852836,0.3410078752494883,-0.07741321314824745,0.4631721183359486,-0.3303982287761187,0.3327093418548088,0.15837312083988309,0.49491468066770944
gmat_j2,numerical_j2_iau1976_1980,EarthMJ2000Eq,5460.0,2026-03-23T16:16:00Z,0.2828588176271296,0.359872182343679,-0.06764179715901264,0.46270131948928017,-0.35369193707168733,0.31022672786207295,0.16373128874924703,0.49814309585200556
gmat_j2,numerical_j2_iau1976_1980,EarthMJ2000Eq,5520.0,2026-03-23T16:17:00Z,0.26089012862939853,0.3777076349251729,-0.057643017044028966,0.46265476773828884,-0.3760619371462326,0.2864747452591132,0.1686434194514419,0.50192724887749
gmat_j2,numerical_j2_iau1976_1980,EarthMJ2000Eq,5580.0,2026-03-23T16:18:00Z,0.23745777343719965,0.39370386639348,-0.047346402425318956,0.46220191518593673,-0.3967384181180478,0.2610447769058055,0.17266070750920903,0.5053290689028223
gmat_j2,numerical_j2_iau1976_1980,EarthMJ2000Eq,5640.0,2026-03-23T16:19:00Z,0.21462938730110181,0.411742579217389,-0.0371755249943817,0.4658108469029485,-0.4194060303497338,0.23616259525738315,0.17807718799556227,0.5132111403475486
gmat_j2,numerical_j2_iau1976_1980,EarthMJ2000Eq,5700.0,2026-03-23T16:20:00Z,0.18785604970616987,0.42255898915755097,-0.026264611733495258,0.46318012107447953,-0.43524482773449336,0.20689220203706782,0.17952213920979787,0.5142670918888722
gmat_j2,numerical_j2_iau1976_1980,EarthMJ2000Eq,5760.0,2026-03-23T16:21:00Z,0.16084788421721896,0.4331299628574925,-0.01538262995381956,0.4622880399560266,-0.4508694346760933,0.17724646994565774,0.18110125579728908,0.5172013370871078
gmat_j2,numerical_j2_iau1976_1980,EarthMJ2000Eq,5820.0,2026-03-23T16:22:00Z,0.13445426975522423,0.44654075077232847,-0.00444779379904503,0.46636506690081775,-0.46927628050141834,0.14801163317201826,0.1845132099019542,0.5255214511547712
gmat_j2,numerical_j2_iau1976_1980,EarthMJ2000Eq,5880.0,2026-03-23T16:23:00Z,0.10526320602366468,0.4516965427683317,0.006518854661408113,0.4638454535266465,-0.47970221728199647,0.11577824210462495,0.18362414416772666,0.5265326627393888
gmat_j2,numerical_j2_iau1976_1980,EarthMJ2000Eq,5940.0,2026-03-23T16:24:00Z,0.07595658917125547,0.45695690312186343,0.017510664292785805,0.4635575887775214,-0.4902321928401676,0.08319870747897085,0.1830779127187654,0.5298746549406855
gmat_j2,numerical_j2_iau1976_1980,EarthMJ2000Eq,6000.0,2026-03-23T16:25:00Z,0.04630067724065157,0.4611958968894214,0.028486104838520987,0.4643887016169235,-0.49975295557391775,0.05004027769928143,0.1822687066832529,0.5343022809543986
gmat_j2,numerical_j2_iau1976_1980,EarthMJ2000Eq,6060.0,2026-03-23T16:26:00Z,0.016081961803138256,0.46282884053283624,0.039318778362940066,0.4647742801149405,-0.5066894187555349,0.01613152367241355,0.18035950344330587,0.5380742919124936
gmat_j2,numerical_j2_iau1976_1980,EarthMJ2000Eq,6120.0,2026-03-23T16:27:00Z,-0.014520341210300103,0.4664754711711794,0.05069246390121407,0.46944640951828914,-0.5156293583080673,-0.018674664481466152,0.1797160213978799,0.5463700454726338
gmat_j2,numerical_j2_iau1976_1980,EarthMJ2000Eq,6180.0,2026-03-23T16:28:00Z,-0.045320900426304433,0.46119257115151413,0.060745621794922045,0.4673784358183924,-0.5156016123497587,-0.053355688756084874,0.1748144342617053,0.5470392477752827
gmat_j2,numerical_j2_iau1976_1980,EarthMJ2000Eq,6240.0,2026-03-23T16:29:00Z,-0.07655148147023283,0.45889886814620695,0.0715685846444103,0.47071261169546047,-0.5185315471445406,-0.08910513038529189,0.17165621279957577,0.5534261875243925
gmat_j2,numerical_j2_iau1976_1980,EarthMJ2000Eq,6300.0,2026-03-23T16:30:00Z,-0.10764337912405608,0.4524102187133394,0.08171539138857042,0.472164704584411,-0.5171679080540059,-0.12470111876439205,0.16667855740060133,0.5574896910609138
gmat_j2,numerical_j2_iau1976_1980,EarthMJ2000Eq,6360.0,2026-03-23T16:31:00Z,-0.13848426351614762,0.44358610966810375,0.09145464628090849,0.47361427370641906,-0.513348507258371,-0.1601562438224846,0.16083467047067757,0.5612882535428088
gmat_j2,numerical_j2_iau1976_1980,EarthMJ2000Eq,6420.0,2026-03-23T16:32:00Z,-0.16820714245113777,0.4298958251638396,0.09994591664508334,0.47232748122346413,-0.5044489248540174,-0.1942186029779691,0.15296599453762383,0.5617723551528434
gmat_j2,numerical_j2_iau1976_1980,EarthMJ2000Eq,6480.0,2026-03-23T16:33:00Z,-0.1994863778236322,0.42046946509799454,0.11009221725544194,0.4782360111045654,-0.49985303052224594,-0.23089879075399722,0.14728500952188028,0.5699650671083201
gmat_j2,numerical_j2_iau1976_1980,EarthMJ2000Eq,6540.0,2026-03-23T16:34:00Z,-0.22912515578354942,0.405427916575718,0.11864272937600617,0.4805686525206897,-0.4893647904680165,-0.2655031652309958,0.1392619513040927,0.5739021867692321
gmat_j2,numerical_j2_iau1976_1980,EarthMJ2000Eq,6600.0,2026-03-23T16:35:00Z,-0.2581294065748807,0.3884959264723875,0.12675066136580426,0.4833483273799627,-0.4768042587421917,-0.29956738423209117,0.13062211667858037,0.5780528143828563
gmat_j2,numerical_j2_iau1976_1980,EarthMJ2000Eq,6660.0,2026-03-23T16:36:00Z,-0.28630491124204127,0.369518248589884,0.13431182719614299,0.48636807580989017,-0.4619964455443437,-0.3328485229658895,0.12130594928549954,0.5821889626815663
gmat_j2,numerical_j2_iau1976_1980,EarthMJ2000Eq,6720.0,2026-03-23T16:37:00Z,-0.3135131528324564,0.34856067577493377,0.1412865140082431,0.489639582485145,-0.44499465534642013,-0.36518967316823137,0.11135642186133055,0.5863309589006515
gmat_j2,numerical_j2_iau1976_1980,EarthMJ2000Eq,6780.0,2026-03-23T16:38:00Z,-0.3397135033083032,0.3257594698879984,0.1476966260725021,0.4932938170146782,-0.4259330861344779,-0.39656204542382056,0.10083556301054841,0.5906337786669665
gmat_j2,numerical_j2_iau1976_1980,EarthMJ2000Eq,6840.0,2026-03-23T16:39:00Z,-0.36440734857023926,0.3008558433066355,0.1532611154289043,0.4967855912224615,-0.4045089747606312,-0.42633787433743464,0.0896750176337946,0.5945023991070856
gmat_j2,numerical_j2_iau1976_1980,EarthMJ2000Eq,6900.0,2026-03-23T16:40:00Z,-0.3857866536236543,0.2724482410485507,0.15683191645621264,0.4976501142207395,-0.3791548435216896,-0.4521735785800729,0.07742968310964216,0.5951593873562996
gmat_j2,numerical_j2_iau1976_1980,EarthMJ2000Eq,6960.0,2026-03-23T16:41:00Z,-0.4104298132006079,0.24649129045428708,0.16281315447486122,0.5056863762291413,-0.35644106244347995,-0.4827253192729586,0.06607151625814822,0.6036881729201486
gmat_j2,numerical_j2_iau1976_1980,EarthMJ2000Eq,7020.0,2026-03-23T16:42:00Z,-0.43085466177217313,0.21663693314621923,0.16630243419513135,0.5101213581031863,-0.32932284899089836,-0.5082122442878756,0.05352943555081424,0.6079462349435105
gmat_j2,numerical_j2_iau1976_1980,EarthMJ2000Eq,7080.0,2026-03-23T16:43:00Z,-0.4491774989219266,0.1851018778324942,0.16877572875273472,0.5143037792306115,-0.30021609287445017,-0.5314505018283455,0.04057409253022115,0.6117316366668082
gmat_j2,numerical_j2_iau1976_1980,EarthMJ2000Eq,7140.0,2026-03-23T16:44:00Z,-0.4663740196519939,0.15258767052728217,0.17086812323441336,0.5195994985957467,-0.2699054277854884,-0.553728357832739,0.027378359579444123,0.6166146355621723
gmat_j2,numerical_j2_iau1976_1980,EarthMJ2000Eq,7200.0,2026-03-23T16:45:00Z,-0.4815985876120976,0.11873611401824746,0.17209536557061256,0.5250259795600635,-0.2379491732540373,-0.5739784914027268,0.01386379944179339,0.6215008628957746
gmat_j2,numerical_j2_iau1976_1980,EarthMJ2000Eq,7260.0,2026-03-23T16:46:00Z,-0.4948819951096084,0.08374004301003879,0.17251637866877445,0.5307376798343769,-0.20453279603316332,-0.5922663504076553,9.022160796234857e-05,0.6265884635215411
gmat_j2,numerical_j2_iau1976_1980,EarthMJ2000Eq,7320.0,2026-03-23T16:47:00Z,-0.506116800579548,0.04770718442159705,0.1721028979204675,0.5367025235145976,-0.16974011707304726,-0.6084758201740925,-0.01390677573098742,0.6318606883575987
gmat_j2,numerical_j2_iau1976_1980,EarthMJ2000Eq,7380.0,2026-03-23T16:48:00Z,-0.5152253625055891,0.010766148989205249,0.17084388161947572,0.542918701114525,-0.13367515183659862,-0.6225252036085038,-0.02808790178221443,0.6373347672713879
gmat_j2,numerical_j2_iau1976_1980,EarthMJ2000Eq,7440.0,2026-03-23T16:49:00Z,-0.5221344534902528,-0.026951016479870304,0.16872942967438576,0.5493818028012091,-0.09644195486657736,-0.6343335096359315,-0.042414946221924765,0.6430233897522967
gmat_j2,numerical_j2_iau1976_1980,EarthMJ2000Eq,7500.0,2026-03-23T16:50:00Z,-0.5267771544765765,-0.06530747123179026,0.16575193012613454,0.5560871681828928,-0.05814670078763129,-0.6438217109994149,-0.056849790208701734,0.648937079394816
gmat_j2,numerical_j2_iau1976_1980,EarthMJ2000Eq,7560.0,2026-03-23T16:51:00Z,-0.5290929902344033,-0.10416166423965478,0.1619060681150586,0.5630298566726589,-0.018898177245318948,-0.6509119674369401,-0.07135383350842517,0.6550838877671864
gmat_j2,numerical_j2_iau1976_1980,EarthMJ2000Eq,7620.0,2026-03-23T16:52:00Z,-0.5290281103498273,-0.1433674024156062,0.15718887630100653,0.5702046092837909,0.021191469912196226,-0.6555270042341022,-0.0858873980824626,0.6614691049675347
gmat_j2,numerical_j2_iau1976_1980,EarthMJ2000Eq,7680.0,2026-03-23T16:53:00Z,-0.5265309275728214,-0.182771770596446,0.15159778172346705,0.5776004027362962,0.06200420976654186,-0.6575840423295176,-0.10040722919768541,0.668088995890786
gmat_j2,numerical_j2_iau1976_1980,EarthMJ2000Eq,7740.0,2026-03-23T16:54:00Z,-0.5216172423843091,-0.2222494922534679,0.14515868087983108,0.585278076639052,0.10344378242876928,-0.6570730120003532,-0.11489353779481348,0.675015617781837
gmat_j2,numerical_j2_iau1976_1980,EarthMJ2000Eq,7800.0,2026-03-23T16:55:00Z,-0.5139261008935136,-0.2614586037452682,0.1377360244987358,0.5928337465906875,0.14522466695865432,-0.6535250527406333,-0.129152783134856,0.681810560085702
gmat_j2,numerical_j2_iau1976_1980,EarthMJ2000Eq,7860.0,2026-03-23T16:56:00Z,-0.5047068698331714,-0.30094333760644076,0.1298808438150445,0.6018014211487125,0.18782188959676205,-0.6483863010942059,-0.14370172163324924,0.6901681262262728
gmat_j2,numerical_j2_iau1976_1980,EarthMJ2000Eq,7920.0,2026-03-23T16:57:00Z,-0.4911741166324646,-0.3388965687918244,0.12043881906720344,0.6087761545320711,0.22966114077149768,-0.6382885628930524,-0.15719957158211173,0.6963248052497794
gmat_j2,numerical_j2_iau1976_1980,EarthMJ2000Eq,7980.0,2026-03-23T16:58:00Z,-0.47526997650493286,-0.37642870029230835,0.11022286389561486,0.6162217106659803,0.27172425820509716,-0.6254687603401976,-0.17055577572477887,0.7029470216820717
gmat_j2,numerical_j2_iau1976_1980,EarthMJ2000Eq,8040.0,2026-03-23T16:59:00Z,-0.45900695886302856,-0.414434565755073,0.10011611630034167,0.6264715750298215,0.3147615057486064,-0.6122692033372346,-0.18457649719749725,0.7127530190564186
gmat_j2,numerical_j2_iau1976_1980,EarthMJ2000Eq,8100.0,2026-03-23T17:00:00Z,-0.43858489425474545,-0.45045917704555904,0.08853963618093985,0.6349090067309345,0.35660822739203013,-0.5940941436577418,-0.19741053680633058,0.7204777577512542
gmat_j2,numerical_j2_iau1976_1980,EarthMJ2000Eq,8160.0,2026-03-23T17:01:00Z,-0.4159848331255489,-0.4855240840697661,0.07633576160515076,0.6438976363538808,0.39812923624538143,-0.5732244350298288,-0.20991169824569056,0.7288045435704877
gmat_j2,numerical_j2_iau1976_1980,EarthMJ2000Eq,8220.0,2026-03-23T17:02:00Z,-0.3908655380655546,-0.5192091930439346,0.06337926106425584,0.6529708919405676,0.43891433332277074,-0.5491795498357988,-0.22181583125835402,0.7371880580631088
gmat_j2,numerical_j2_iau1976_1980,EarthMJ2000Eq,8280.0,2026-03-23T17:03:00Z,-0.3633296373664052,-0.5513604537554784,0.04972944316250505,0.6621780673440516,0.47877600195533887,-0.5220065721900369,-0.2330602015820915,0.7456771278639408
gmat_j2,numerical_j2_iau1976_1980,EarthMJ2000Eq,8340.0,2026-03-23T17:04:00Z,-0.3334354896651348,-0.581787340252049,0.03542712101989309,0.6714989322028292,0.5174837589549952,-0.4917024103434642,-0.24355020089572577,0.7542396180764521
gmat_j2,numerical_j2_iau1976_1980,EarthMJ2000Eq,8400.0,2026-03-23T17:05:00Z,-0.3012550487255794,-0.610291372595384,0.020519998088275315,0.680904717393375,0.5547881181122705,-0.4582850721135401,-0.2531834698560331,0.7628348004181561
gmat_j2,numerical_j2_iau1976_1980,EarthMJ2000Eq,8460.0,2026-03-23T17:06:00Z,-0.26692865230870666,-0.6368220742842823,0.005065358891442884,0.6905207582540712,0.5905739448586189,-0.42184952331325576,-0.2619385134350338,0.7715869293126002
gmat_j2,numerical_j2_iau1976_1980,EarthMJ2000Eq,8520.0,2026-03-23T17:07:00Z,-0.2302766015418456,-0.6604127806895121,-0.010895271771005355,0.6994934317509205,0.6238236331945757,-0.3821854113184031,-0.26927356877592956,0.7795703103620755
gmat_j2,numerical_j2_iau1976_1980,EarthMJ2000Eq,8580.0,2026-03-23T17:08:00Z,-0.19267143579781987,-0.6843179917268571,-0.02721459441090701,0.7114450295858581,0.6576234925503854,-0.34062754661334793,-0.27702950700092543,0.7907219051064484
gmat_j2,numerical_j2_iau1976_1980,EarthMJ2000Eq,8640.0,2026-03-23T17:09:00Z,-0.15158687529037707,-0.7009135281350609,-0.043969428588752635,0.718464797560368,0.6844520634707862,-0.29468783502295537,-0.2809106113901838,0.796383273864752
gmat_j2,numerical_j2_iau1976_1980,EarthMJ2000Eq,8700.0,2026-03-23T17:10:00Z,-0.10918314092123182,-0.7151649458592146,-0.06088898544476251,0.7260091780382197,0.7090392950548363,-0.24654195396323075,-0.2837457019344569,0.8025155950896808
gmat_j2,numerical_j2_iau1976_1980,EarthMJ2000Eq,8760.0,2026-03-23T17:11:00Z,-0.06653788204857847,-0.7318449262356808,-0.07823296664355439,0.7390160234218681,0.7359960072506055,-0.1970526852801413,-0.28808259222579125,0.8145621298639406
gmat_j2,numerical_j2_iau1976_1980,EarthMJ2000Eq,8820.0,2026-03-23T17:12:00Z,-0.021846281924808864,-0.7426898270637139,-0.0956008148023102,0.7491361391954957,0.7570996735095648,-0.14472326004266733,-0.28942013474697603,0.8233521433886141
gmat_j2,numerical_j2_iau1976_1980,EarthMJ2000Eq,8880.0,2026-03-23T17:13:00Z,0.02413798574707471,-0.749537415295265,-0.11293623174424283,0.7583822068878079,0.774048760199264,-0.09031122960578841,-0.2887740075951939,0.8310824440580588
gmat_j2,numerical_j2_iau1976_1980,EarthMJ2000Eq,8940.0,2026-03-23T17:14:00Z,0.07102129438862903,-0.7536140739148323,-0.1302690475313284,0.768080869052124,0.7879577711977781,-0.03419741911869778,-0.28679249175489474,0.8392239546106458
gmat_j2,numerical_j2_iau1976_1980,EarthMJ2000Eq,9000.0,2026-03-23T17:15:00Z,0.1183781687359442,-0.7503709781531143,-0.14665782100564684,0.7736785586726969,0.7941712660830547,0.02265957554925535,-0.28122500084215574,0.8427982898266375
gmat_j2,numerical_j2_iau1976_1980,EarthMJ2000Eq,9060.0,2026-03-23T17:16:00Z,0.16658320055285003,-0.7499440168885485,-0.1640049208617711,0.7855339618630364,0.8027701721147196,0.08161509157389446,-0.27707796013132224,0.8531548326067468
gmat_j2,numerical_j2_iau1976_1980,EarthMJ2000Eq,9120.0,2026-03-23T17:17:00Z,0.2149763704437646,-0.7442693431585212,-0.18066626807922148,0.7954822408052015,0.8055833595754791,0.14107824952702686,-0.27037782834860025,0.8613778449536712
gmat_j2,numerical_j2_iau1976_1980,EarthMJ2000Eq,9180.0,2026-03-23T17:18:00Z,0.2623655709612649,-0.7304243163162027,-0.19557219729904318,0.8003773229222568,0.7995491551060496,0.19926529315483776,-0.2598310731016795,0.8640009809230841
gmat_j2,numerical_j2_iau1976_1980,EarthMJ2000Eq,9240.0,2026-03-23T17:19:00Z,0.3110387533524772,-0.7193174060375895,-0.21174485391384223,0.8117872380585346,0.7956796110875075,0.25992611352165795,-0.2505227869598059,0.8737444104410336
gmat_j2,numerical_j2_iau1976_1980,EarthMJ2000Eq,9300.0,2026-03-23T17:20:00Z,0.3585913791539497,-0.7024173810350476,-0.22655786870018346,0.8205525103572815,0.785244479661884,0.3192610016355957,-0.23854963782099503,0.8805920790634871
gmat_j2,numerical_j2_iau1976_1980,EarthMJ2000Eq,9360.0,2026-03-23T17:21:00Z,0.4057359101352631,-0.6824453239460126,-0.24086161556624575,0.829679195112334,0.7709873250938415,0.3783239233001723,-0.22515125541744396,0.8878308026942086
gmat_j2,numerical_j2_iau1976_1980,EarthMJ2000Eq,9420.0,2026-03-23T17:22:00Z,0.4498453572523431,-0.6550293860527745,-0.25260156053263927,0.8338056670577909,0.7483386301743167,0.4334215315537904,-0.20856073712494094,0.8895855835700716
gmat_j2,numerical_j2_iau1976_1980,EarthMJ2000Eq,9480.0,2026-03-23T17:23:00Z,0.4956919583491981,-0.6300467430264689,-0.2659149909050029,0.8446183743906666,0.7275056859157303,0.49123935941253194,-0.19294898656596615,0.8987824779625966
gmat_j2,numerical_j2_iau1976_1980,EarthMJ2000Eq,9540.0,2026-03-23T17:24:00Z,0.5364315320548485,-0.5960491480436758,-0.27538947665561864,0.8478636325016891,0.6965680885429038,0.5422656821352234,-0.17369911153863882,0.8996835851271302
gmat_j2,numerical_j2_iau1976_1980,EarthMJ2000Eq,9600.0,2026-03-23T17:25:00Z,0.5778060676675523,-0.5625345083899447,-0.28560028158608475,0.8554954387984823,0.665450440529014,0.5943428709187515,-0.15463871916310268,0.905527951239832
gmat_j2,numerical_j2_iau1976_1980,EarthMJ2000Eq,9660.0,2026-03-23T17:26:00Z,0.6185301726873149,-0.5273368160487735,-0.2955496813683567,0.8648776250094545,0.631928626759759,0.6456330980952885,-0.1349008615925129,0.913440818626471
gmat_j2,numerical_j2_iau1976_1980,EarthMJ2000Eq,9720.0,2026-03-23T17:27:00Z,0.6527362206725229,-0.4849258784815902,-0.3013079337961244,0.8671817297242143,0.5900829238569827,0.6883861507489542,-0.11268337063441436,0.9136579729790029
gmat_j2,numerical_j2_iau1976_1980,EarthMJ2000Eq,9780.0,2026-03-23T17:28:00Z,0.6875133540233946,-0.4427732756084879,-0.3078091251609294,0.8737672705508626,0.5479520197582133,0.7319210508782703,-0.09058365524339251,0.9187846533726555
gmat_j2,numerical_j2_iau1976_1980,EarthMJ2000Eq,9840.0,2026-03-23T17:29:00Z,0.7210590229078662,-0.39906350957608083,-0.3138418188655123,0.8818585410715476,0.5036452197515473,0.7738221650122057,-0.06799853702332825,0.9257878004597353
gmat_j2,numerical_j2_iau1976_1980,EarthMJ2000Eq,9900.0,2026-03-23T17:30:00Z,0.7474912390534882,-0.3501668725220952,-0.31577973459206987,0.8837855123573041,0.45314854180134034,0.806523321461583,-0.044079080829817485,0.9261568087343021
gmat_j2,numerical_j2_iau1976_1980,EarthMJ2000Eq,9960.0,2026-03-23T17:31:00Z,0.775734720264154,-0.3020594576810254,-0.3192551720871961,0.8915874253836724,0.40317829164138175,0.8414763263964176,-0.020376135445587806,0.9333007712587461
gmat_j2,numerical_j2_iau1976_1980,EarthMJ2000Eq,10020.0,2026-03-23T17:32:00Z,0.7951411357680627,-0.2495242069926462,-0.31790747105731043,0.8919511846619681,0.3477631826953598,0.8651522689362423,0.0039848488952998196,0.9324395737551322
gmat_j2,numerical_j2_iau1976_1980,EarthMJ2000Eq,10080.0,2026-03-23T17:33:00Z,0.8151440435995028,-0.19708517538674641,-0.31738796639046996,0.896681381195378,0.29222524755567747,0.8895110623630131,0.028264264706479025,0.9367093434115787
gmat_j2,numerical_j2_iau1976_1980,EarthMJ2000Eq,10140.0,2026-03-23T17:34:00Z,0.8331766848641564,-0.1436595539416885,-0.3162026351901659,0.9026658086696072,0.23534919613155125,0.911314739449054,0.05258506785565942,0.9426818062412411
gmat_j2,numerical_j2_iau1976_1980,EarthMJ2000Eq,10200.0,2026-03-23T17:35:00Z,0.8431696851403103,-0.08812943906377768,-0.3110365306611129,0.9030202873551665,0.17559289933188893,0.923038814049093,0.07652691635939846,0.9427034992320827
gmat_j2,numerical_j2_iau1976_1980,EarthMJ2000Eq,10260.0,2026-03-23T17:36:00Z,0.854499714364465,-0.0326727531501092,-0.3071160479066748,0.9086019687020139,0.11594606608156255,0.9363862071287699,0.10052148535777405,0.9488768034678299
gmat_j2,numerical_j2_iau1976_1980,EarthMJ2000Eq,10320.0,2026-03-23T17:37:00Z,0.8559764479514342,0.02371933987888042,-0.2984897373607964,0.9068375873559508,0.05454028606521888,0.9375753290130628,0.12327723775129584,0.9472166688385601
gmat_j2,numerical_j2_iau1976_1980,EarthMJ2000Eq,10380.0,2026-03-23T17:38:00Z,0.8596336814647998,0.0802697732069646,-0.2915221355124231,0.9112620140734201,-0.0068071424053073315,0.941455637670785,0.14636051925975835,0.9527887785274429
gmat_j2,numerical_j2_iau1976_1980,EarthMJ2000Eq,10440.0,2026-03-23T17:39:00Z,0.8584330240068994,0.13676148864760762,-0.282610664726235,0.9140458135672106,-0.06842321820244024,0.9394474944635078,0.1685479977808768,0.9568969428307752
gmat_j2,numerical_j2_iau1976_1980,EarthMJ2000Eq,10500.0,2026-03-23T17:40:00Z,0.8493124008737141,0.19220374997530598,-0.2703375876080827,0.9117873913671981,-0.12954817130150786,0.9279119019822701,0.18887600150563344,0.9557601009001552
gmat_j2,numerical_j2_iau1976_1980,EarthMJ2000Eq,10560.0,2026-03-23T17:41:00Z,0.8418607571911707,0.2482881009200355,-0.2593842466467322,0.9152358728576268,-0.19102442028184896,0.9185000999778481,0.2097600657613441,0.9613178704214006
gmat_j2,numerical_j2_iau1976_1980,EarthMJ2000Eq,10620.0,2026-03-23T17:42:00Z,0.8292004931718111,0.3030030766240088,-0.24652372098898923,0.9166014768318055,-0.2514167265488254,0.9029749787892172,0.22912083297299546,0.9649199649764499
gmat_j2,numerical_j2_iau1976_1980,EarthMJ2000Eq,10680.0,2026-03-23T17:43:00Z,0.8112026282560691,0.3562693800631678,-0.23169783207777073,0.9157846147701364,-0.31064315031414935,0.8812149507875233,0.24693336397874077,0.9664445367295598
gmat_j2,numerical_j2_iau1976_1980,EarthMJ2000Eq,10740.0,2026-03-23T17:44:00Z,0.7923343109723646,0.409101577133697,-0.21704294840674265,0.9177501850778468,-0.3693245611557927,0.8586377022723468,0.2644604264467887,0.971390061917905
gmat_j2,numerical_j2_iau1976_1980,EarthMJ2000Eq,10800.0,2026-03-23T17:45:00Z,0.7654949054085591,0.45793176286679227,-0.1994696458496037,0.9140416233761531,-0.42452654724911554,0.8268411111345131,0.27881763031700757,0.9703753311770674
gmat_j2,numerical_j2_iau1976_1980,EarthMJ2000Eq,10860.0,2026-03-23T17:46:00Z,0.740364165721985,0.5081830431663548,-0.18307221625946113,0.9164630596009744,-0.48080396197747177,0.7972784548115897,0.29431401671331514,0.9764456589047419
gmat_j2,numerical_j2_iau1976_1980,EarthMJ2000Eq,10920.0,2026-03-23T17:47:00Z,0.7101468318069237,0.5549457464439911,-0.16513899845449487,0.9162664421620184,-0.5338777731012101,0.7620083417592127,0.30744403245464014,0.979900006436423
gmat_j2,numerical_j2_iau1976_1980,EarthMJ2000Eq,10980.0,2026-03-23T17:48:00Z,0.67614098179547,0.5993256527290214,-0.14614139081459143,0.9152678140258362,-0.5847458259822247,0.7225370461938496,0.31901319208493817,0.9827293019190937
gmat_j2,numerical_j2_iau1976_1980,EarthMJ2000Eq,11040.0,2026-03-23T17:49:00Z,0.63915899136191,0.6407105065591168,-0.12658437435675296,0.9138149557133023,-0.632744745487912,0.6798933478435742,0.32888536694031245,0.9852849648563454
gmat_j2,numerical_j2_iau1976_1980,EarthMJ2000Eq,11100.0,2026-03-23T17:50:00Z,0.6005641362207825,0.6814431799284648,-0.106761894585361,0.9145710422493643,-0.6800987177868478,0.6355584538653147,0.3384963325192558,0.9904789656241927
gmat_j2,numerical_j2_iau1976_1980,EarthMJ2000Eq,11160.0,2026-03-23T17:51:00Z,0.5583592601396958,0.7177470633905614,-0.08624891916042543,0.9134357046042512,-0.723243481992597,0.587343012448116,0.3456679660285289,0.9937501150966997
gmat_j2,numerical_j2_iau1976_1980,EarthMJ2000Eq,11220.0,2026-03-23T17:52:00Z,0.5123692571942229,0.7494553578908381,-0.06495824027297203,0.9101786429972992,-0.7620431192734145,0.5350155385386302,0.3503249497160965,0.9948260714835138
gmat_j2,numerical_j2_iau1976_1980,EarthMJ2000Eq,11280.0,2026-03-23T17:53:00Z,0.46724498861294705,0.7832071682969399,-0.04416165984366671,0.9130616627894153,-0.8027070053095997,0.48374062444622723,0.3565802815241881,1.0027427512999538
gmat_j2,numerical_j2_iau1976_1980,EarthMJ2000Eq,11340.0,2026-03-23T17:54:00Z,0.417467003899219,0.8091717008937849,-0.022616746264247922,0.9107958377614123,-0.8359470884400366,0.4274472580334532,0.35863793734769445,1.0050571442344463
gmat_j2,numerical_j2_iau1976_1980,EarthMJ2000Eq,11400.0,2026-03-23T17:55:00Z,0.36561779324983945,0.8315138179568748,-0.00093416019808501,0.908346009431085,-0.8656881238522374,0.3689423664354763,0.35903051737173897,1.0071927868754988
gmat_j2,numerical_j2_iau1976_1980,EarthMJ2000Eq,11460.0,2026-03-23T17:56:00Z,0.31301526541938074,0.8523318344941799,0.020586434857250424,0.9082245943476268,-0.893905826693242,0.3096345437825221,0.3590454647345309,1.011857116121626
gmat_j2,numerical_j2_iau1976_1980,EarthMJ2000Eq,11520.0,2026-03-23T17:57:00Z,0.2585054126029718,0.8684857245953026,0.04205093091513845,0.9071167416389636,-0.9175722026633082,0.24829237244006208,0.35693456032492854,1.015376841210523
gmat_j2,numerical_j2_iau1976_1980,EarthMJ2000Eq,11580.0,2026-03-23T17:58:00Z,0.20344312906672712,0.8848683796713885,0.06361137911881087,0.9101799622383074,-0.9414461732415447,0.1861571670147555,0.3553955266744069,1.0233676603852047
gmat_j2,numerical_j2_iau1976_1980,EarthMJ2000Eq,11640.0,2026-03-23T17:59:00Z,0.14626586198573932,0.8922807320459469,0.08457424291918869,0.9081362286178413,-0.9564701155539979,0.12195046572571755,0.34954471184178715,1.025616158031432
gmat_j2,numerical_j2_iau1976_1980,EarthMJ2000Eq,11700.0,2026-03-23T18:00:00Z,0.08836910728859948,0.8973156386105074,0.10535775481912424,0.9077911163469785,-0.9690921278782128,0.05683786685750647,0.34293811312924305,1.0295516717780995
gmat_j2,numerical_j2_iau1976_1980,EarthMJ2000Eq,11760.0,2026-03-23T18:01:00Z,0.029957996957818978,0.89896426001701,0.12572576360980747,0.9082076799966649,-0.9782655601697776,-0.008903477954902428,0.3350980481986454,1.0341051590822492
gmat_j2,numerical_j2_iau1976_1980,EarthMJ2000Eq,11820.0,2026-03-23T18:02:00Z,-0.0289123800030211,0.8963812717865949,0.1455482574783673,0.9085810945546806,-0.9831220143807773,-0.07518630251723835,0.32560509644063984,1.0383643647941938
gmat_j2,numerical_j2_iau1976_1980,EarthMJ2000Eq,11880.0,2026-03-23T18:03:00Z,-0.0879432809597347,0.8898866597064625,0.16476487553518382,0.9092742996475885,-0.9839318675375353,-0.14170929496515328,0.314663022304984,1.042696629821699
gmat_j2,numerical_j2_iau1976_1980,EarthMJ2000Eq,11940.0,2026-03-23T18:04:00Z,-0.1468989821660216,0.8793871420493815,0.18327947100260644,0.9102155904257998,-0.9805568854659441,-0.2082126790980965,0.30225427716246145,1.046996644423888
gmat_j2,numerical_j2_iau1976_1980,EarthMJ2000Eq,12000.0,2026-03-23T18:05:00Z,-0.2055260047200136,0.8649060157495114,0.20100675374123966,0.911431330241317,-0.9729732666219348,-0.2744186513581326,0.2884208565312463,1.0512702622334529
gmat_j2,numerical_j2_iau1976_1980,EarthMJ2000Eq,12060.0,2026-03-23T18:06:00Z,-0.2635711589391576,0.8464684956379642,0.2178622962674126,0.9129308024527591,-0.9611594522507261,-0.3400448189694316,0.27320380935336175,1.0555085471013756
gmat_j2,numerical_j2_iau1976_1980,EarthMJ2000Eq,12120.0,2026-03-23T18:07:00Z,-0.32078047934192,0.8241179721153458,0.23376451144940802,0.9147220313863236,-0.9451132982896127,-0.40480413954213645,0.2566520493907376,1.0597055310088674
gmat_j2,numerical_j2_iau1976_1980,EarthMJ2000Eq,12180.0,2026-03-23T18:08:00Z,-0.37690043882321334,0.7979151368999737,0.24863497083060793,0.9168106975811156,-0.924852082473393,-0.46840667433656336,0.2388219946247716,1.0638571953673883
gmat_j2,numerical_j2_iau1976_1980,EarthMJ2000Eq,12240.0,2026-03-23T18:09:00Z,-0.43167916555830743,0.7679381274101615,0.2623988602863392,0.9192002128953799,-0.9004134566836797,-0.5305614791950575,0.21977766850866942,1.0679616565016774
gmat_j2,numerical_j2_iau1976_1980,EarthMJ2000Eq,12300.0,2026-03-23T18:10:00Z,-0.48486845935258316,0.7342833182519826,0.27498597978592443,0.9218929999825981,-0.8718570474464116,-0.5909798188596938,0.19959094110788556,1.0720207093399556
gmat_j2,numerical_j2_iau1976_1980,EarthMJ2000Eq,12360.0,2026-03-23T18:11:00Z,-0.536211889993865,0.6970510439714417,0.28632199087041954,0.9248695212452782,-0.8392493255904299,-0.6493598556644997,0.17833623600083115,1.076016480228605
gmat_j2,numerical_j2_iau1976_1980,EarthMJ2000Eq,12420.0,2026-03-23T18:12:00Z,-0.5855552199136582,0.656461749713344,0.296404833534325,0.9282633084138081,-0.8027908071639445,-0.7055335728978207,0.15613168313777237,1.0801054601437472
gmat_j2,numerical_j2_iau1976_1980,EarthMJ2000Eq,12480.0,2026-03-23T18:13:00Z,-0.6318964879028499,0.6118104702181881,0.3046378317321796,0.9308111685057506,-0.7616777937258234,-0.7582058332289421,0.1327615866131282,1.0828918625040396
gmat_j2,numerical_j2_iau1976_1980,EarthMJ2000Eq,12540.0,2026-03-23T18:14:00Z,-0.6776329264539527,0.566159255868115,0.31281320775633503,0.9367896183063162,-0.7192097823960353,-0.8105950550785224,0.10937333705385299,1.0891692160863713
gmat_j2,numerical_j2_iau1976_1980,EarthMJ2000Eq,12600.0,2026-03-23T18:15:00Z,-0.7176714352681302,0.5145025506863021,0.3174944433794735,0.9383857869977413,-0.669891350391083,-0.8559891648829421,0.0842258884858893,1.0902136818151857
gmat_j2,numerical_j2_iau1976_1980,EarthMJ2000Eq,12660.0,2026-03-23T18:16:00Z,-0.758134480292938,0.4632250056602061,0.3229551468848513,0.9453281562385397,-0.6207105736066865,-0.9024979594762783,0.05954794879414749,1.0969640564993814
gmat_j2,numerical_j2_iau1976_1980,EarthMJ2000Eq,12720.0,2026-03-23T18:17:00Z,-0.7917196326161502,0.40649017591931624,0.3244734597274146,0.9472788743850709,-0.5651417316343554,-0.9405903060866194,0.03353331745614696,1.0978250243633605
gmat_j2,numerical_j2_iau1976_1980,EarthMJ2000Eq,12780.0,2026-03-23T18:18:00Z,-0.827032375127601,0.350488500771462,0.3275711064247844,0.9561001874524371,-0.5102012039515103,-0.9814587111911521,0.007899860321458618,1.106177597892701
gmat_j2,numerical_j2_iau1976_1980,EarthMJ2000Eq,12840.0,2026-03-23T18:19:00Z,-0.8545279574718734,0.29010015168751124,0.3264829747422482,0.9596703918047677,-0.4498927692608845,-1.0128325045322129,-0.018427998238479404,1.108410022144017
gmat_j2,numerical_j2_iau1976_1980,EarthMJ2000Eq,12900.0,2026-03-23T18:20:00Z,-0.8778598216849787,0.22778949187340913,0.323540208718498,0.9629144228820844,-0.3870369473801816,-1.0394555494119828,-0.044826000245024034,1.1100787396120615
gmat_j2,numerical_j2_iau1976_1980,EarthMJ2000Eq,12960.0,2026-03-23T18:21:00Z,-0.9022075430493715,0.16543133187951753,0.32176168090813917,0.9720476097411308,-0.3239889361239534,-1.0679265061153131,-0.071226371023414,1.1182616192660626
gmat_j2,numerical_j2_iau1976_1980,EarthMJ2000Eq,13020.0,2026-03-23T18:22:00Z,-0.9192563784381491,0.10063452100439463,0.3164696462363281,0.9774009582080182,-0.25761885247277405,-1.0877156402244736,-0.09751961727033631,1.1220529679524396
gmat_j2,numerical_j2_iau1976_1980,EarthMJ2000Eq,13080.0,2026-03-23T18:23:00Z,-0.933014311954139,0.03487079629849177,0.3100043059021118,0.9837857228195562,-0.1897691861429962,-1.103929343382326,-0.12365666490765648,1.1269264882706385
gmat_j2,numerical_j2_iau1976_1980,EarthMJ2000Eq,13140.0,2026-03-23T18:24:00Z,-0.9412427770598697,-0.031645939088775776,0.301262188486362,0.9887862949291815,-0.12046945929711228,-1.1138030151409961,-0.1492032870586968,1.130190987413027
gmat_j2,numerical_j2_iau1976_1980,EarthMJ2000Eq,13200.0,2026-03-23T18:25:00Z,-0.9443770586230471,-0.09863404375209939,0.2905306264437968,0.9929676471780106,-0.050044211441502284,-1.1178983411186394,-0.1741348558681466,1.1324857933779249
gmat_j2,numerical_j2_iau1976_1980,EarthMJ2000Eq,13260.0,2026-03-23T18:26:00Z,-0.9484727464723619,-0.16621437134745065,0.28093166429243865,1.003070470129279,0.021113460313415544,-1.1237255446161498,-0.19956413410682217,1.1415037106602302
gmat_j2,numerical_j2_iau1976_1980,EarthMJ2000Eq,13320.0,2026-03-23T18:27:00Z,-0.9443581888035624,-0.23343196880887263,0.26789369189827994,1.00899450096679,0.09282137369837073,-1.1199520131288665,-0.2235376999060179,1.1458086325411962
gmat_j2,numerical_j2_iau1976_1980,EarthMJ2000Eq,13380.0,2026-03-23T18:28:00Z,-0.9358426191283797,-0.3001967625095858,0.253406895126318,1.0149554465570707,0.16466670249570825,-1.1113054139144651,-0.24669119413900376,1.1502049344234873
gmat_j2,numerical_j2_iau1976_1980,EarthMJ2000Eq,13440.0,2026-03-23T18:29:00Z,-0.9239991145477688,-0.3665799313239404,0.23801656948307937,1.022158058757558,0.2366407505505208,-1.0990849803604874,-0.269292497190321,1.1560731325993723
gmat_j2,numerical_j2_iau1976_1980,EarthMJ2000Eq,13500.0,2026-03-23T18:30:00Z,-0.9076037163140427,-0.4320183315940085,0.22118429887996172,1.029226330197276,0.30828413244421426,-1.0817861313405785,-0.29090381303831236,1.1618628872280612
gmat_j2,numerical_j2_iau1976_1980,EarthMJ2000Eq,13560.0,2026-03-23T18:31:00Z,-0.8869763128132035,-0.4962901602993952,0.2031090079981368,1.036476807184653,0.37935285490675597,-1.0597855992777738,-0.3115162612310485,1.167945412240584
gmat_j2,numerical_j2_iau1976_1980,EarthMJ2000Eq,13620.0,2026-03-23T18:32:00Z,-0.8621040446996631,-0.559098640223965,0.1838270177358936,1.04384244301402,0.4495543803884061,-1.0330448421136396,-0.3310258565036861,1.1742482294719447
gmat_j2,numerical_j2_iau1976_1980,EarthMJ2000Eq,13680.0,2026-03-23T18:33:00Z,-0.8330528598889941,-0.6201617479746346,0.16340968204531237,1.0513231592647128,0.5186022491443509,-1.0016150735481233,-0.34934658543761543,1.1807726644588759
gmat_j2,numerical_j2_iau1976_1980,EarthMJ2000Eq,13740.0,2026-03-23T18:34:00Z,-0.799900606580195,-0.6791998175685876,0.1419309255652479,1.0589134809909517,0.5862084417884716,-0.9655544772613212,-0.3663922831798061,1.1875096172061776
gmat_j2,numerical_j2_iau1976_1980,EarthMJ2000Eq,13800.0,2026-03-23T18:35:00Z,-0.762742473398248,-0.7359371111306245,0.1194698143081041,1.0666079639660389,0.6520832691592204,-0.9249358781104888,-0.38207761865471923,1.194446430448121
gmat_j2,numerical_j2_iau1976_1980,EarthMJ2000Eq,13860.0,2026-03-23T18:36:00Z,-0.7216910721581371,-0.7901027192929178,0.09611051200408838,1.0744010150704963,0.7159352790608864,-0.8798477031390917,-0.39631797665862223,1.2015669948637524
gmat_j2,numerical_j2_iau1976_1980,EarthMJ2000Eq,13920.0,2026-03-23T18:37:00Z,-0.6768765588276437,-0.8414315352638368,0.07194223462647642,1.0822867409101256,0.7774713965957858,-0.8303952547805693,-0.40902947562315717,1.208852002362259
gmat_j2,numerical_j2_iau1976_1980,EarthMJ2000Eq,13980.0,2026-03-23T18:38:00Z,-0.6284474920903449,-0.8896676695258066,0.047059214011824224,1.0902611531819038,0.8363992787252528,-0.7767026737326432,-0.42013033985099923,1.2162813405207185
gmat_j2,numerical_j2_iau1976_1980,EarthMJ2000Eq,14040.0,2026-03-23T18:39:00Z,-0.5765573250755551,-0.9345347698399564,0.0215588206629036,1.0982888362750824,0.8923987504516617,-0.718901090657198,-0.4295238660301237,1.2237994359556064
gmat_j2,numerical_j2_iau1976_1980,EarthMJ2000Eq,14100.0,2026-03-23T18:40:00Z,-0.5214531529418309,-0.9759247905094526,-0.0044443795559345745,1.1065090781161864,0.9453036406981141,-0.6572220900835646,-0.4372080788517252,1.2315399924582777
gmat_j2,numerical_j2_iau1976_1980,EarthMJ2000Eq,14160.0,2026-03-23T18:41:00Z,-0.463070564364898,-1.0130618197763397,-0.030886506465321872,1.1143081147292282,0.9942933631990059,-0.5915757910202046,-0.44278592392643645,1.2388061119683575
gmat_j2,numerical_j2_iau1976_1980,EarthMJ2000Eq,14220.0,2026-03-23T18:42:00Z,-0.4018764639113215,-1.04610080461498,-0.05758891029472579,1.1221176713031975,1.0394367717658781,-0.5224478831777901,-0.44641558882840826,1.2460607814569233
gmat_j2,numerical_j2_iau1976_1980,EarthMJ2000Eq,14280.0,2026-03-23T18:43:00Z,-0.33906946464412613,-1.0778117728023062,-0.0844396395223157,1.1330385572291717,1.0833573131918683,-0.4509890727533161,-0.4496873460824169,1.2566912592263255
gmat_j2,numerical_j2_iau1976_1980,EarthMJ2000Eq,14340.0,2026-03-23T18:44:00Z,-0.2722849949350348,-1.100119038937919,-0.1113356079258665,1.1387697905602716,1.1180715886460746,-0.37496247706769736,-0.448126960206352,1.2615461580973113
gmat_j2,numerical_j2_iau1976_1980,EarthMJ2000Eq,14400.0,2026-03-23T18:45:00Z,-0.2038858756350237,-1.1189622280198819,-0.13810355494570103,1.1457392853120287,1.1492840927829207,-0.296679319333748,-0.44510999491764736,1.2676732433950735
gmat_j2,numerical_j2_iau1976_1980,EarthMJ2000Eq,14460.0,2026-03-23T18:46:00Z,-0.1346392409686814,-1.1381500645484266,-0.16503679353263578,1.157907784696063,1.1806756972099208,-0.2166845671780493,-0.4426627483455903,1.2794129952474858
gmat_j2,numerical_j2_iau1976_1980,EarthMJ2000Eq,14520.0,2026-03-23T18:47:00Z,-0.06292087073234143,-1.1461985409368936,-0.19107749676550156,1.1637184973135686,1.20078879550789,-0.1340063136012759,-0.43471915578408016,1.284068599377742
gmat_j2,numerical_j2_iau1976_1980,EarthMJ2000Eq,14580.0,2026-03-23T18:48:00Z,0.009769147254701238,-1.150704220492571,-0.2167844700124988,1.1709872525933405,1.2170408440481673,-0.049763779763623006,-0.42532985244925214,1.2901822868270747
gmat_j2,numerical_j2_iau1976_1980,EarthMJ2000Eq,14640.0,2026-03-23T18:49:00Z,0.08315735340147512,-1.1514537167158778,-0.24202971553677344,1.1795504187470573,1.2291206346604078,0.03569886342091877,-0.4144122782712145,1.2975937267802613
gmat_j2,numerical_j2_iau1976_1980,EarthMJ2000Eq,14700.0,2026-03-23T18:50:00Z,0.15705635087215342,-1.1462903266874491,-0.2664017711140332,1.1872733948249619,1.2347810774970824,0.12195155285610326,-0.40089359676365177,1.303944847957523
gmat_j2,numerical_j2_iau1976_1980,EarthMJ2000Eq,14760.0,2026-03-23T18:51:00Z,0.23176866488938686,-1.139929933287931,-0.29090740554238437,1.1990763467894099,1.238692034277733,0.20979375658924937,-0.3870671378969348,1.3146072970003864
gmat_j2,numerical_j2_iau1976_1980,EarthMJ2000Eq,14820.0,2026-03-23T18:52:00Z,0.3052778092751396,-1.1219836260352167,-0.312796418711514,1.204111040347073,1.2302500067562505,0.29575828452976793,-0.36804602743245596,1.3177427367663832
gmat_j2,numerical_j2_iau1976_1980,EarthMJ2000Eq,14880.0,2026-03-23T18:53:00Z,0.3792527977566351,-1.1031648759853852,-0.33479934245406184,1.213629279443174,1.2202375179182212,0.382861507830512,-0.3489023079339404,1.3256301727084763
gmat_j2,numerical_j2_iau1976_1980,EarthMJ2000Eq,14940.0,2026-03-23T18:54:00Z,0.4514721131272381,-1.0761670946521917,-0.3545827885318431,1.2197096533465375,1.2011371732789655,0.46765646111168735,-0.3263354382276873,1.329634495978255
gmat_j2,numerical_j2_iau1976_1980,EarthMJ2000Eq,15000.0,2026-03-23T18:55:00Z,0.5229195958236232,-1.0457507514729514,-0.3735150053216785,1.2274172058037305,1.1777452422201407,0.5517464822801799,-0.3025534183187517,1.3353076826024377
gmat_j2,numerical_j2_iau1976_1980,EarthMJ2000Eq,15060.0,2026-03-23T18:56:00Z,0.5927184674874297,-1.0101430675604206,-0.3908952871825022,1.2347077889859264,1.1481987263195492,0.6338380833526003,-0.27680794723039526,1.340422944700604
gmat_j2,numerical_j2_iau1976_1980,EarthMJ2000Eq,15120.0,2026-03-23T18:57:00Z,0.6605790085814078,-0.9697105547274987,-0.4066885285283206,1.241812685458173,1.1128288801565134,0.7135542299252506,-0.2493266344494316,1.345255189992032
gmat_j2,numerical_j2_iau1976_1980,EarthMJ2000Eq,15180.0,2026-03-23T18:58:00Z,0.7261440287038567,-0.9245761639249395,-0.4207829194911028,1.248673095191804,1.071730376889235,0.7904106720246773,-0.22022942047783545,1.3497614710909656
gmat_j2,numerical_j2_iau1976_1980,EarthMJ2000Eq,15240.0,2026-03-23T18:59:00Z,0.7890755077823997,-0.8749275721129379,-0.4330867673161265,1.2552699157750196,1.0250759743257731,0.8639529003318103,-0.18966813897236534,1.3539458519722718
gmat_j2,numerical_j2_iau1976_1980,EarthMJ2000Eq,15300.0,2026-03-23T19:00:00Z,0.8490461941619287,-0.8209768539018114,-0.44351709789225424,1.2615822805454027,0.9730753003367454,0.9337437898437884,-0.15780734496928517,1.357813007495341
gmat_j2,numerical_j2_iau1976_1980,EarthMJ2000Eq,15360.0,2026-03-23T19:01:00Z,0.9057425431819865,-0.762961645705218,-0.4520011877957586,1.2675902733595599,0.9159756686472065,0.9993690071041783,-0.12482387878876011,1.361370940864377
gmat_j2,numerical_j2_iau1976_1980,EarthMJ2000Eq,15420.0,2026-03-23T19:02:00Z,0.958866933160607,-0.7011436555330874,-0.45847725095882197,1.273275151273238,0.8540599498729762,1.060441111810917,-0.0909051283137785,1.3646308995290812
gmat_j2,numerical_j2_iau1976_1980,EarthMJ2000Eq,15480.0,2026-03-23T19:03:00Z,1.0081397122121416,-0.6358069376801723,-0.4628950131291276,1.2786195425228075,0.7876438719023326,1.1166032187759356,-0.05624712740015525,1.367607164527463
gmat_j2,numerical_j2_iau1976_1980,EarthMJ2000Eq,15540.0,2026-03-23T19:04:00Z,1.0532966707614833,-0.5672547240465065,-0.4652136807408169,1.2836025737504273,0.7170714377835452,1.1675266957666963,-0.021052627197093443,1.3703113680199694
gmat_j2,numerical_j2_iau1976_1980,EarthMJ2000Eq,15600.0,2026-03-23T19:05:00Z,1.0941514528894913,-0.4958238578183227,-0.4654364403791078,1.2882700725681722,0.642732925548728,1.2129897366541798,0.014472865128567491,1.3728288963442723
gmat_j2,numerical_j2_iau1976_1980,EarthMJ2000Eq,15660.0,2026-03-23T19:06:00Z,1.1301992849439557,-0.4217750019961386,-0.46338699479520074,1.2922739968528343,0.5649211622937855,1.2523828241128854,0.05011097670148956,1.3748126300432015
gmat_j2,numerical_j2_iau1976_1980,EarthMJ2000Eq,15720.0,2026-03-23T19:07:00Z,1.1623367058746226,-0.3457539078226546,-0.4596758572965598,1.2968709559472111,0.4844316885410649,1.2868558947332076,0.0856859365683249,1.3776843740124014
gmat_j2,numerical_j2_iau1976_1980,EarthMJ2000Eq,15780.0,2026-03-23T19:08:00Z,1.1904738557859673,-0.2681583173398394,-0.4543595850918791,1.3021441997848422,0.401732330956861,1.3163385521597348,0.12098606783084165,1.3815837572319634
gmat_j2,numerical_j2_iau1976_1980,EarthMJ2000Eq,15840.0,2026-03-23T19:09:00Z,1.2090353745861648,-0.1879039245977765,-0.4444075392484592,1.3017574592914094,0.31536125533193626,1.3339189892658254,0.15563416022601473,1.3794979460360761
gmat_j2,numerical_j2_iau1976_1980,EarthMJ2000Eq,15900.0,2026-03-23T19:10:00Z,1.2258738104264921,-0.10749540524557233,-0.43433051473584783,1.3049769566046687,0.2285406104363119,1.3494568427141473,0.18969120807454942,1.3817551647768207
gmat_j2,numerical_j2_iau1976_1980,EarthMJ2000Eq,15960.0,2026-03-23T19:11:00Z,1.2368543389129627,-0.026222981432511006,-0.42189981934370735,1.3070943952160778,0.14029518169422772,1.3578536545572062,0.22284191070198744,1.3831514025464782
gmat_j2,numerical_j2_iau1976_1980,EarthMJ2000Eq,16020.0,2026-03-23T19:12:00Z,1.2426058736139112,0.05533993498829659,-0.4075618619481247,1.3089073828422402,0.05131742231156977,1.3599646386253106,0.2549250952554871,1.3846025062576606
gmat_j2,numerical_j2_iau1976_1980,EarthMJ2000Eq,16080.0,2026-03-23T19:13:00Z,1.2430763684392332,0.1368654038742534,-0.39136654572757834,1.3103964169916185,-0.03800667069953079,1.3557942970532366,0.2857949739087928,1.3861101868362669
gmat_j2,numerical_j2_iau1976_1980,EarthMJ2000Eq,16140.0,2026-03-23T19:14:00Z,1.2377490363633115,0.2178016056859633,-0.37315881149879715,1.3109949332689599,-0.1271163059257674,1.3447998716831222,0.3151235823395382,1.3870645703274447
gmat_j2,numerical_j2_iau1976_1980,EarthMJ2000Eq,16200.0,2026-03-23T19:15:00Z,1.2290591596411105,0.29856709898012923,-0.35413886030255526,1.3134470156300617,-0.2161666179389954,1.3299752170681245,0.3435582582866914,1.3905374362323273
gmat_j2,numerical_j2_iau1976_1980,EarthMJ2000Eq,16260.0,2026-03-23T19:16:00Z,1.2145733023771754,0.3779801245400449,-0.3332628730277065,1.3149606168754204,-0.3041530796110692,1.308483970952068,0.3701528967781087,1.393431937723768
gmat_j2,numerical_j2_iau1976_1980,EarthMJ2000Eq,16320.0,2026-03-23T19:17:00Z,1.1909874988305091,0.45457186479325173,-0.30908310259292193,1.3117237388035003,-0.3898697968907072,1.2764456673863833,0.39368017601404404,1.3915085631441582
gmat_j2,numerical_j2_iau1976_1980,EarthMJ2000Eq,16380.0,2026-03-23T19:18:00Z,1.165514674539736,0.5303527914293227,-0.2849844081538322,1.3118363666384354,-0.47466452279820714,1.2425683708627844,0.41638277981093097,1.393792375067005
gmat_j2,numerical_j2_iau1976_1980,EarthMJ2000Eq,16440.0,2026-03-23T19:19:00Z,1.1342934953972872,0.6035727710695937,-0.2592722153167415,1.3107798843865717,-0.5571171657337004,1.202303493652579,0.4368101635954247,1.3952477723417478
gmat_j2,numerical_j2_iau1976_1980,EarthMJ2000Eq,16500.0,2026-03-23T19:20:00Z,1.0990869636771095,0.6748496416548733,-0.2327479287487222,1.3105669730706244,-0.6376785757211678,1.1577908480830956,0.455621568029585,1.398107516284956
gmat_j2,numerical_j2_iau1976_1980,EarthMJ2000Eq,16560.0,2026-03-23T19:21:00Z,1.0591823070171813,0.743356921702798,-0.2051777373708319,1.310169674681227,-0.7155897341348805,1.1082463515776908,0.47235154010394353,1.4012118400952296
gmat_j2,numerical_j2_iau1976_1980,EarthMJ2000Eq,16620.0,2026-03-23T19:22:00Z,1.0134855870091997,0.8077720194705762,-0.17621220013097627,1.3079370818162295,-0.7896359068837455,1.0524502060960117,0.4862247025005928,1.4027083670790028
gmat_j2,numerical_j2_iau1976_1980,EarthMJ2000Eq,16680.0,2026-03-23T19:23:00Z,0.963806308391213,0.8689979213158949,-0.1466170378989773,1.3059772368415594,-0.8605644499226628,0.9925511568198431,0.4980556247424772,1.4049157899008478
gmat_j2,numerical_j2_iau1976_1980,EarthMJ2000Eq,16740.0,2026-03-23T19:24:00Z,0.9101716650548042,0.9266917113563977,-0.11644695678114658,1.3041203477857688,-0.9280449928539269,0.9286051776413728,0.5077437255085471,1.4076145692258624
gmat_j2,numerical_j2_iau1976_1980,EarthMJ2000Eq,16800.0,2026-03-23T19:25:00Z,0.8525522853233269,0.9803787825148902,-0.08574636103730882,1.3020523779197772,-0.9916235690354824,0.8605990311494338,0.5151121802438041,1.4104214098337908
gmat_j2,numerical_j2_iau1976_1980,EarthMJ2000Eq,16860.0,2026-03-23T19:26:00Z,0.7912500950624235,1.029882206239563,-0.05467626442623441,1.299893674712194,-1.0511140411395559,0.7888914419496018,0.5201854187397714,1.413429624895248
gmat_j2,numerical_j2_iau1976_1980,EarthMJ2000Eq,16920.0,2026-03-23T19:27:00Z,0.7265059148267028,1.0749781372396683,-0.02337061960133724,1.29766522095724,-1.1062886273727202,0.7137604800533381,0.5229515871452151,1.416618125126842
gmat_j2,numerical_j2_iau1976_1980,EarthMJ2000Eq,16980.0,2026-03-23T19:28:00Z,0.6585858600374195,1.1154709468428337,0.008031837296584854,1.2954054495415843,-1.1569438571612523,0.6355039392502704,0.5234135463938472,1.419981016061254
gmat_j2,numerical_j2_iau1976_1980,EarthMJ2000Eq,17040.0,2026-03-23T19:29:00Z,0.5877675557712791,1.1511851839713927,0.03939325779356295,1.293155000830211,-1.202892624618812,0.5544242451804848,0.5215819876558392,1.4235113908407269
gmat_j2,numerical_j2_iau1976_1980,EarthMJ2000Eq,17100.0,2026-03-23T19:30:00Z,0.5143309472259716,1.1819281235148082,0.0705749225744512,1.2909187550446353,-1.243926776695048,0.47082056564562436,0.5174544634167777,1.4271597501764623
gmat_j2,numerical_j2_iau1976_1980,EarthMJ2000Eq,17160.0,2026-03-23T19:31:00Z,0.4386184318718733,1.2077358055648801,0.10144820362256723,1.2889156849225776,-1.280056681096653,0.38504553234730565,0.511148659801397,1.431110799769732
gmat_j2,numerical_j2_iau1976_1980,EarthMJ2000Eq,17220.0,2026-03-23T19:32:00Z,0.3607179487516987,1.2275977694571338,0.13183972532715416,1.2862719134390297,-1.3102649984997328,0.297216629974173,0.5022088203632258,1.4343450737801318
gmat_j2,numerical_j2_iau1976_1980,EarthMJ2000Eq,17280.0,2026-03-23T19:33:00Z,0.2812914835885749,1.2426707878603338,0.16165369197551627,1.2843237527470241,-1.335641561128753,0.20798240107922084,0.49135649482501265,1.4382719714921282
gmat_j2,numerical_j2_iau1976_1980,EarthMJ2000Eq,17340.0,2026-03-23T19:34:00Z,0.20057015535712708,1.2527882498147846,0.19079299363511382,1.2830076977610936,-1.355989181051065,0.11756785056604713,0.4785731393397441,1.4427616256027038
gmat_j2,numerical_j2_iau1976_1980,EarthMJ2000Eq,17400.0,2026-03-23T19:35:00Z,0.11875148902618093,1.2571262166005681,0.21906786105319043,1.281584553729021,-1.370449640492044,0.026206020464769608,0.46349708404669343,1.4469445461223316
gmat_j2,numerical_j2_iau1976_1980,EarthMJ2000Eq,17460.0,2026-03-23T19:36:00Z,0.036231972444511484,1.2559358817156863,0.24637232718305313,1.2803854960166376,-1.379217021091339,-0.06570694299767865,0.44633522833237294,1.4511278819169173
gmat_j2,numerical_j2_iau1976_1980,EarthMJ2000Eq,17520.0,2026-03-23T19:37:00Z,-0.04664064726966899,1.249231988253996,0.2725873387134925,1.2794763646436265,-1.3822489680070937,-0.15781327800112877,0.427162384575297,1.4553298399559431
gmat_j2,numerical_j2_iau1976_1980,EarthMJ2000Eq,17580.0,2026-03-23T19:38:00Z,-0.1295214970014058,1.2370030876809324,0.29759284370811656,1.2788721428445962,-1.379473441365242,-0.24975239654168035,0.40603493922652945,1.4595162235765204
gmat_j2,numerical_j2_iau1976_1980,EarthMJ2000Eq,17640.0,2026-03-23T19:39:00Z,-0.21206051314948127,1.2192722597319516,0.32127382610269706,1.2785974252780845,-1.3708498225462051,-0.3411545694831375,0.3830232968571323,1.4636674903096993
gmat_j2,numerical_j2_iau1976_1980,EarthMJ2000Eq,17700.0,2026-03-23T19:40:00Z,-0.2939060568678542,1.1960828014707658,0.3435194921621587,1.2786713728449202,-1.356356000181691,-0.4316435600060231,0.35820454602486507,1.467763011836866
gmat_j2,numerical_j2_iau1976_1980,EarthMJ2000Eq,17760.0,2026-03-23T19:41:00Z,-0.3747048231161898,1.1674990582832834,0.3642230976765859,1.279107587515615,-1.3359903792142802,-0.5208359743491542,0.331663416730521,1.4717815828195133
gmat_j2,numerical_j2_iau1976_1980,EarthMJ2000Eq,17820.0,2026-03-23T19:42:00Z,-0.4541198395600077,1.1336369807395386,0.3832962543128815,1.2799506441080253,-1.309805494287275,-0.608365814613876,0.30350523561040177,1.4757421269648918
gmat_j2,numerical_j2_iau1976_1980,EarthMJ2000Eq,17880.0,2026-03-23T19:43:00Z,-0.5317017157722148,1.0944267419290554,0.4005614596280793,1.2809863742225918,-1.2776582942741754,-0.6937060446077226,0.2737574460454084,1.479385660508507
gmat_j2,numerical_j2_iau1976_1980,EarthMJ2000Eq,17940.0,2026-03-23T19:44:00Z,-0.6083943162593641,1.0523675978220126,0.4170014531155175,1.28511144143332,-1.242124262113009,-0.7782522120081126,0.24351665661725974,1.4858834241202625
gmat_j2,numerical_j2_iau1976_1980,EarthMJ2000Eq,18000.0,2026-03-23T19:45:00Z,-0.6797202113375533,1.0002304088629899,0.4291326388283778,1.283212865514837,-1.1954854506335266,-0.8559053386036908,0.2098456510779556,1.4851917750253925
gmat_j2,numerical_j2_iau1976_1980,EarthMJ2000Eq,18060.0,2026-03-23T19:46:00Z,-0.750719491406926,0.9474640855842154,0.44124402302259114,1.286842739460952,-1.1477048751373786,-0.9336779349666813,0.17668189400410483,1.490032703777548
gmat_j2,numerical_j2_iau1976_1980,EarthMJ2000Eq,18120.0,2026-03-23T19:47:00Z,-0.8195112923203851,0.891080463588878,0.45191911658548634,1.2922283230009333,-1.0955866427408978,-1.0090156887798685,0.1428047378126962,1.4962673374427236
gmat_j2,numerical_j2_iau1976_1980,EarthMJ2000Eq,18180.0,2026-03-23T19:48:00Z,-0.8810421677480917,0.8259400165115949,0.45773431816087395,1.2914847727509722,-1.0334766402664286,-1.0752468178054642,0.10642766712365415,1.495177759835447
gmat_j2,numerical_j2_iau1976_1980,EarthMJ2000Eq,18240.0,2026-03-23T19:49:00Z,-0.942045569900074,0.7601755532959942,0.46362490866158623,1.2962502781209693,-0.9701915226756341,-1.1413803768789421,0.07053610628915408,1.4996653285604813
gmat_j2,numerical_j2_iau1976_1980,EarthMJ2000Eq,18300.0,2026-03-23T19:50:00Z,-0.9998445520977839,0.6911926711836713,0.4678281540009266,1.3024206765609765,-0.9028749694550697,-1.203891999423945,0.03423704697524954,1.5052280000488507
gmat_j2,numerical_j2_iau1976_1980,EarthMJ2000Eq,18360.0,2026-03-23T19:51:00Z,-1.049839421739307,0.6158571104606381,0.46749497016662644,1.3038383101726778,-0.8279551568790566,-1.256820152395477,-0.003317061736396454,1.505030777149948
gmat_j2,numerical_j2_iau1976_1980,EarthMJ2000Eq,18420.0,2026-03-23T19:52:00Z,-1.0995446332344727,0.5402673123171553,0.4676096972389132,1.3113146068678567,-0.7522875247190086,-1.3099902274049668,-0.04031076805688372,1.5111703655662738
gmat_j2,numerical_j2_iau1976_1980,EarthMJ2000Eq,18480.0,2026-03-23T19:53:00Z,-1.1391055677449913,0.4588673818943789,0.462192489806057,1.3121519219462976,-0.6693923699785387,-1.3507145912861063,-0.07794450418430188,1.509500380202408
gmat_j2,numerical_j2_iau1976_1980,EarthMJ2000Eq,18540.0,2026-03-23T19:54:00Z,-1.1778072566812625,0.37696486924687633,0.45700045946972523,1.318401253978809,-0.5854923665893352,-1.390962801828266,-0.115109662246482,1.5135484999651712
gmat_j2,numerical_j2_iau1976_1980,EarthMJ2000Eq,18600.0,2026-03-23T19:55:00Z,-1.212520282706464,0.2931358649220783,0.45022759579183,1.3262122602700783,-0.49889560305160785,-1.4267368420028959,-0.15203963066312554,1.519075669071427
gmat_j2,numerical_j2_iau1976_1980,EarthMJ2000Eq,18660.0,2026-03-23T19:56:00Z,-1.2364816893750685,0.20604298970283708,0.43820587194431937,1.3279175682142277,-0.407680608383032,-1.4495295554972643,-0.1883126725665818,1.5174982943518667
gmat_j2,numerical_j2_iau1976_1980,EarthMJ2000Eq,18720.0,2026-03-23T19:57:00Z,-1.2590204371463187,0.11850903865706641,0.4262786279696229,1.3345000269985734,-0.31556125623666276,-1.4711713367532298,-0.22410674693773558,1.5212323433798534
gmat_j2,numerical_j2_iau1976_1980,EarthMJ2000Eq,18780.0,2026-03-23T19:58:00Z,-1.2770318224966104,0.029879909561714157,0.4127752207523372,1.3424181418364292,-0.22163487578552576,-1.4877587192207997,-0.2592757981645377,1.5263590548412382
gmat_j2,numerical_j2_iau1976_1980,EarthMJ2000Eq,18840.0,2026-03-23T19:59:00Z,-1.2870612063693443,-0.05967001106910175,0.3959835512432619,1.3479206326847006,-0.12580316877119913,-1.4950227747445588,-0.29319833760865777,1.5286872798104507
gmat_j2,numerical_j2_iau1976_1980,EarthMJ2000Eq,18900.0,2026-03-23T20:00:00Z,-1.2917991447523036,-0.14943626774766017,0.3774477565912093,1.3540838369380495,-0.029046876015570433,-1.4963715991855864,-0.32602329547160025,1.5317515702768696
gmat_j2,numerical_j2_iau1976_1980,EarthMJ2000Eq,18960.0,2026-03-23T20:01:00Z,-1.290613061314616,-0.23909212359285448,0.3569291577605327,1.3602373106409298,0.06833036270137427,-1.4910523538080867,-0.3575345592921053,1.5348410736463032
gmat_j2,numerical_j2_iau1976_1980,EarthMJ2000Eq,19020.0,2026-03-23T20:02:00Z,-1.2835864299631794,-0.3282324951214832,0.3345675181662955,1.3664794613353137,0.16588549200946545,-1.4792055493817458,-0.3876008198844261,1.5381162015127643
gmat_j2,numerical_j2_iau1976_1980,EarthMJ2000Eq,19080.0,2026-03-23T20:03:00Z,-1.2707116106867034,-0.4164666788710747,0.3104486911524873,1.372782168438311,0.2632002980007542,-1.4608541238914086,-0.41608568235318444,1.5415889410661765
gmat_j2,numerical_j2_iau1976_1980,EarthMJ2000Eq,19140.0,2026-03-23T20:04:00Z,-1.2520155228230578,-0.5034060977777699,0.28467140168686456,1.379129571725623,0.3598588023123739,-1.4360590068207557,-0.44286244715863177,1.5452802256471294
gmat_j2,numerical_j2_iau1976_1980,EarthMJ2000Eq,19200.0,2026-03-23T20:05:00Z,-1.2275499061615847,-0.5886665858270135,0.25734172868396854,1.385507808245266,0.455449921332729,-1.404906003088513,-0.46781287510455627,1.5492076666701986
gmat_j2,numerical_j2_iau1976_1980,EarthMJ2000Eq,19260.0,2026-03-23T20:06:00Z,-1.1973909872722288,-0.6718698286931613,0.22857258727526641,1.3919050509149862,0.5495685826417684,-1.3675044248095958,-0.49082710829040366,1.5533850871993802
gmat_j2,numerical_j2_iau1976_1980,EarthMJ2000Eq,19320.0,2026-03-23T20:07:00Z,-1.1616413535193715,-0.7526476620114408,0.19848389865728677,1.3983150558310533,0.6418192537438472,-1.3239879601556481,-0.5118053052477478,1.5578256460827582
gmat_j2,numerical_j2_iau1976_1980,EarthMJ2000Eq,19380.0,2026-03-23T20:08:00Z,-1.120396922033251,-0.8306079280373524,0.16719141422072425,1.4046892047742134,0.7317834729292372,-1.274477551049813,-0.5306340495891959,1.562489223631873
gmat_j2,numerical_j2_iau1976_1980,EarthMJ2000Eq,19440.0,2026-03-23T20:09:00Z,-1.0739535605353012,-0.9055510554389912,0.1348758009953599,1.4112372039764476,0.819220512759955,-1.21931606500425,-0.5473300848102269,1.5676173438191165
gmat_j2,numerical_j2_iau1976_1980,EarthMJ2000Eq,19500.0,2026-03-23T20:10:00Z,-1.0218936945420865,-0.9765311933733756,0.10147401053473004,1.4171015734202355,0.9031944268045322,-1.1580240837361089,-0.5614087967842352,1.572246732618753
gmat_j2,numerical_j2_iau1976_1980,EarthMJ2000Eq,19560.0,2026-03-23T20:11:00Z,-0.9649778394305031,-1.0437461505716783,0.06732787142027519,1.423067566805998,0.9838256040950455,-1.0914714803078596,-0.573163460693138,1.5772568479078308
gmat_j2,numerical_j2_iau1976_1980,EarthMJ2000Eq,19620.0,2026-03-23T20:12:00Z,-0.9039283022502786,-1.107518311982858,0.03273307584095164,1.429949174355662,1.0613573140361154,-1.0204564633298219,-0.582937485837931,1.5835488164261353
gmat_j2,numerical_j2_iau1976_1980,EarthMJ2000Eq,19680.0,2026-03-23T20:13:00Z,-0.8381161396755488,-1.1665961424114357,-0.0024439082153548952,1.4364509026629666,1.1345544654872697,-0.9442482555854781,-0.5900452233476017,1.5896452336696525
gmat_j2,numerical_j2_iau1976_1980,EarthMJ2000Eq,19740.0,2026-03-23T20:14:00Z,-0.7679368400204112,-1.2208132970954466,-0.03800069771386916,1.4427599071405923,1.2031872014262035,-0.8632792383167498,-0.5945193227718804,1.5957329695577838
gmat_j2,numerical_j2_iau1976_1980,EarthMJ2000Eq,19800.0,2026-03-23T20:15:00Z,-0.6938091282790992,-1.2700793604381033,-0.07374059941867017,1.4491067470331127,1.2670950071402842,-0.7780000803592202,-0.5964293232629814,1.6020430143434752
gmat_j2,numerical_j2_iau1976_1980,EarthMJ2000Eq,19860.0,2026-03-23T20:16:00Z,-0.6159920149002573,-1.3140984601704986,-0.10951811009363155,1.4554364094256522,1.3259182041203132,-0.6886816272810847,-0.595708407269413,1.6084806415570008
gmat_j2,numerical_j2_iau1976_1980,EarthMJ2000Eq,19920.0,2026-03-23T20:17:00Z,-0.5348060503820307,-1.352646464965801,-0.14517263662128244,1.4617609466439034,1.3793585895705007,-0.5956641659921047,-0.5923307723754156,1.6150237339345348
gmat_j2,numerical_j2_iau1976_1980,EarthMJ2000Eq,19980.0,2026-03-23T20:18:00Z,-0.45058250361762475,-1.3855112492819899,-0.18054419388136012,1.4680811354954255,1.4271236414842292,-0.49930191270419755,-0.5862729508115949,1.6216350578865184
gmat_j2,numerical_j2_iau1976_1980,EarthMJ2000Eq,20040.0,2026-03-23T20:19:00Z,-0.36367047414387343,-1.4125087977845396,-0.21547232745433575,1.4744034866620954,1.4689425384961652,-0.399971971098978,-0.5775232886917614,1.628282195459284
gmat_j2,numerical_j2_iau1976_1980,EarthMJ2000Eq,20100.0,2026-03-23T20:20:00Z,-0.2744305975284078,-1.433409992387169,-0.24978648298201733,1.4806652714964679,1.504494191229,-0.298074895432876,-0.5660447056632378,1.6348571875055338
gmat_j2,numerical_j2_iau1976_1980,EarthMJ2000Eq,20160.0,2026-03-23T20:21:00Z,-0.1832690122682834,-1.448422027237939,-0.28337167896097526,1.4872166648753686,1.533887765026165,-0.1940324150240258,-0.5520219927834802,1.6417029372860563
gmat_j2,numerical_j2_iau1976_1980,EarthMJ2000Eq,20220.0,2026-03-23T20:22:00Z,-0.09043402496899944,-1.4554056191045106,-0.3157908749926719,1.4920146466176916,1.5548894768402377,-0.08830262121506394,-0.5344332196788315,1.6465410727941898
gmat_j2,numerical_j2_iau1976_1980,EarthMJ2000Eq,20280.0,2026-03-23T20:23:00Z,0.0033628839446464553,-1.4573939810134107,-0.3472675025477656,1.4982000010707197,1.5704165150509652,0.018570039728160737,-0.514925172723224,1.6527857727559148
gmat_j2,numerical_j2_iau1976_1980,EarthMJ2000Eq,20340.0,2026-03-23T20:24:00Z,0.09807415153773036,-1.4566430311333534,-0.37823556340299547,1.5081411077124018,1.582652572940102,0.12677298855123809,-0.4946346130463297,1.662986457456473
gmat_j2,numerical_j2_iau1976_1980,EarthMJ2000Eq,20400.0,2026-03-23T20:25:00Z,0.19271876499260543,-1.4424012806557585,-0.40639530061525875,1.5109001016545778,1.580682622903673,0.23410305427518097,-0.4683498731061775,1.6651466596096502
gmat_j2,numerical_j2_iau1976_1980,EarthMJ2000Eq,20460.0,2026-03-23T20:26:00Z,0.2874111387427547,-1.4250031408664654,-0.43366905356378993,1.5170062498788894,1.574803907278266,0.3416937213174265,-0.44122067421881184,1.6707595963886448
gmat_j2,numerical_j2_iau1976_1980,EarthMJ2000Eq,20520.0,2026-03-23T20:27:00Z,0.38154771846166113,-1.401325158894906,-0.4592779623635579,1.5232291715720108,1.5617811617296695,0.44850985059241566,-0.41178566823063534,1.676272328642413
gmat_j2,numerical_j2_iau1976_1980,EarthMJ2000Eq,20580.0,2026-03-23T20:28:00Z,0.47467908734688535,-1.3712356899304723,-0.4830428183595359,1.5293586622085396,1.5413949223663792,0.553980473938509,-0.38005408686814235,1.6814380099031807
gmat_j2,numerical_j2_iau1976_1980,EarthMJ2000Eq,20640.0,2026-03-23T20:29:00Z,0.566368307772791,-1.3348784113986767,-0.5048398293183709,1.5354272000110822,1.5137106039730952,0.6575678348497149,-0.34617132715908383,1.6862828463091881
gmat_j2,numerical_j2_iau1976_1980,EarthMJ2000Eq,20700.0,2026-03-23T20:30:00Z,0.6561840627909987,-1.2923837839480257,-0.5245467646091129,1.5414222904624828,1.478790149445075,0.7587326233959857,-0.310276133230758,1.6907888037107928
gmat_j2,numerical_j2_iau1976_1980,EarthMJ2000Eq,20760.0,2026-03-23T20:31:00Z,0.7436531559505966,-1.2438495618880552,-0.5420147695076594,1.5472432773577753,1.4366699683243667,0.8568753377957705,-0.27249937639695077,1.6948486223095205
gmat_j2,numerical_j2_iau1976_1980,EarthMJ2000Eq,20820.0,2026-03-23T20:32:00Z,0.8302248379550292,-1.1924060418095905,-0.5586124214005395,1.5566480936436609,1.3905811506731425,0.9540328180790425,-0.23415622152356264,1.7025638580263216
gmat_j2,numerical_j2_iau1976_1980,EarthMJ2000Eq,20880.0,2026-03-23T20:33:00Z,0.9101042696784134,-1.1298485114821233,-0.5700076158063894,1.5587675011567739,1.331863114018006,1.0422973106827271,-0.19215175361964043,1.7021061467362393
gmat_j2,numerical_j2_iau1976_1980,EarthMJ2000Eq,20940.0,2026-03-23T20:34:00Z,0.9881326950562652,-1.0646366736182244,-0.5802417626910028,1.5641412893414708,1.2693664164231677,1.1283591359045886,-0.1498802650878872,1.7049778686496666
gmat_j2,numerical_j2_iau1976_1980,EarthMJ2000Eq,21000.0,2026-03-23T20:35:00Z,1.0617559692036593,-0.993949774056091,-0.5875864508197992,1.5686043888351087,1.20009239346075,1.2087881877675954,-0.10637858283146784,1.7066654735518765
gmat_j2,numerical_j2_iau1976_1980,EarthMJ2000Eq,21060.0,2026-03-23T20:36:00Z,1.1330666957292124,-0.9204999523717561,-0.5936674765507632,1.5759445967423067,1.1269544772929407,1.2863649994088178,-0.06264741836403687,1.7113404116721873
gmat_j2,numerical_j2_iau1976_1980,EarthMJ2000Eq,21120.0,2026-03-23T20:37:00Z,1.1980750041402644,-0.8409894098804216,-0.5959315485597472,1.5804370641204075,1.046384436875769,1.35586658078779,-0.017732202817200005,1.7127781542423244
gmat_j2,numerical_j2_iau1976_1980,EarthMJ2000Eq,21180.0,2026-03-23T20:38:00Z,1.2583600368998304,-0.7577391879749484,-0.5956692314157408,1.5850742861818483,0.960884871226142,1.419418146575424,0.027474249097991787,1.7142935702330537
gmat_j2,numerical_j2_iau1976_1980,EarthMJ2000Eq,21240.0,2026-03-23T20:39:00Z,1.3133221173120546,-0.6708307173539652,-0.592657641959704,1.5893621096968085,0.8705551000076639,1.4762746110008607,0.07282403169384111,1.7153880752842028
gmat_j2,numerical_j2_iau1976_1980,EarthMJ2000Eq,21300.0,2026-03-23T20:40:00Z,1.3627364219246374,-0.5807212892250391,-0.5869302227097251,1.593353337376629,0.7759078046731815,1.5261924022347273,0.1180480531104422,1.7161676820272922
gmat_j2,numerical_j2_iau1976_1980,EarthMJ2000Eq,21360.0,2026-03-23T20:41:00Z,1.4063543030715664,-0.48783179317979375,-0.578499434588764,1.5970203129655063,0.6774236602780093,1.568903612803041,0.16289413862224933,1.7166525164308513
gmat_j2,numerical_j2_iau1976_1980,EarthMJ2000Eq,21420.0,2026-03-23T20:42:00Z,1.4439606372889102,-0.3926013496311498,-0.5673955250813378,1.6003424082534097,0.575608896546953,1.6041916977016513,0.20711035597642535,1.7168725358370636
gmat_j2,numerical_j2_iau1976_1980,EarthMJ2000Eq,21480.0,2026-03-23T20:43:00Z,1.4753712141555297,-0.29548066140705487,-0.5536637532941313,1.6033005309473507,0.47098671718259766,1.6318878013343863,0.25044864671031064,1.7168607423275317
gmat_j2,numerical_j2_iau1976_1980,EarthMJ2000Eq,21540.0,2026-03-23T20:44:00Z,1.5004336028141552,-0.19692909609148046,-0.5373640879042796,1.6058774013947863,0.3640927452863707,1.6518713907842653,0.29266712386899485,1.7166527500503583
gmat_j2,numerical_j2_iau1976_1980,EarthMJ2000Eq,21600.0,2026-03-23T20:45:00Z,1.5190221859029407,-0.09741290796227986,-0.5185680834074446,1.6080517818254132,0.2554710594182552,1.6640634651343689,0.33353073147779355,1.716279530564704
gmat_j2,numerical_j2_iau1976_1980,EarthMJ2000Eq,21660.0,2026-03-23T20:46:00Z,1.5311175814076705,0.002613971446407959,-0.49739620635591564,1.609885358353089,0.1456603211380525,1.6685214064837695,0.37283480658345525,1.7158631664700827
gmat_j2,numerical_j2_iau1976_1980,EarthMJ2000Eq,21720.0,2026-03-23T20:47:00Z,1.536274758223044,0.10260096769343363,-0.4737627236863773,1.6109370595028334,0.03525399172588095,1.664796494438292,0.4102615398515752,1.714964939264946
gmat_j2,numerical_j2_iau1976_1980,EarthMJ2000Eq,21780.0,2026-03-23T20:48:00Z,1.53597239471992,0.20239967670931946,-0.44849828373116907,1.612863148870197,-0.07539105517651024,1.654763924108238,0.44602430548934535,1.715478107356073
gmat_j2,numerical_j2_iau1976_1980,EarthMJ2000Eq,21840.0,2026-03-23T20:49:00Z,1.5279118460966856,0.3010263108080835,-0.4206298815461196,1.6130904954437024,-0.185426182852666,1.635753323681044,0.4792921859397836,1.7145823995141873
gmat_j2,numerical_j2_iau1976_1980,EarthMJ2000Eq,21900.0,2026-03-23T20:50:00Z,1.5107551660094032,0.3976045118179172,-0.38965607609497965,1.6100628487980835,-0.2940316310429125,1.6062612329115211,0.5094557211648976,1.7105773528945836
gmat_j2,numerical_j2_iau1976_1980,EarthMJ2000Eq,21960.0,2026-03-23T20:51:00Z,1.4925722821317322,0.494126263220096,-0.3594147030980821,1.6127962395153534,-0.4024205191299757,1.5760512761531231,0.5389243349362971,1.7135691809983211
gmat_j2,numerical_j2_iau1976_1980,EarthMJ2000Eq,22020.0,2026-03-23T20:52:00Z,1.4652154607119883,0.5873820864508161,-0.3262955601712747,1.6119376087120258,-0.5080724410078119,1.5354846989446003,0.5647956635712603,1.71313893411875
gmat_j2,numerical_j2_iau1976_1980,EarthMJ2000Eq,22080.0,2026-03-23T20:53:00Z,1.4290870217337215,0.6767661852791207,-0.2906319300564064,1.6077217122354612,-0.6103114236211127,1.4851584273500862,0.5869082548848326,1.7095721358817737
gmat_j2,numerical_j2_iau1976_1980,EarthMJ2000Eq,22140.0,2026-03-23T20:54:00Z,1.391986764701869,0.7660241790290456,-0.25580117926438106,1.60930246979098,-0.7121388145847618,1.4343548166984021,0.6085166468494663,1.7131281157336176
gmat_j2,numerical_j2_iau1976_1980,EarthMJ2000Eq,22200.0,2026-03-23T20:55:00Z,1.345876819868863,0.8497699618601473,-0.21861538516532164,1.6066381325522876,-0.8088933460825842,1.3737271560287923,0.6256700504359003,1.7125705114126235
gmat_j2,numerical_j2_iau1976_1980,EarthMJ2000Eq,22260.0,2026-03-23T20:56:00Z,1.2944669124408392,0.9304677860200172,-0.18055892223856063,1.6043741498244921,-0.9026818190704944,1.3076497200614767,0.6403071375338243,1.7131186436537413
gmat_j2,numerical_j2_iau1976_1980,EarthMJ2000Eq,22320.0,2026-03-23T20:57:00Z,1.2380688463053957,1.0070262214867398,-0.1419829550286522,1.6022095488644743,-0.9923852477555783,1.2366149784170943,0.6520253290620559,1.7144043031172354
gmat_j2,numerical_j2_iau1976_1980,EarthMJ2000Eq,22380.0,2026-03-23T20:58:00Z,1.173789315544127,1.0766885443445062,-0.10187369798586587,1.596063228430991,-1.0755204442602917,1.1573227016725696,0.6590564678443656,1.7118690048120042
gmat_j2,numerical_j2_iau1976_1980,EarthMJ2000Eq,22440.0,2026-03-23T20:59:00Z,1.1089303561675479,1.1464252620498883,-0.06276117392189917,1.5962319321602654,-1.1583761887479227,1.0781513761770611,0.6661979585764755,1.7169931580009623
gmat_j2,numerical_j2_iau1976_1980,EarthMJ2000Eq,22500.0,2026-03-23T21:00:00Z,1.0364304816903314,1.207236077334528,-0.02256694870084175,1.5912625041043913,-1.23263510598548,0.9911712783861049,0.667863796266488,1.7169309415258571
gmat_j2,numerical_j2_iau1976_1980,EarthMJ2000Eq,22560.0,2026-03-23T21:01:00Z,0.9612158310119412,1.2657088809646666,0.017346922049910063,1.589419944774008,-1.3044303166509508,0.9018690123596684,0.6682653068690314,1.7208964776585094
gmat_j2,numerical_j2_iau1976_1980,EarthMJ2000Eq,22620.0,2026-03-23T21:02:00Z,0.8803327091300162,1.3156149798305705,0.057438395288045285,1.5840226081631703,-1.3678318988574745,0.8070864527809363,0.66388098085568,1.7213630071941415
gmat_j2,numerical_j2_iau1976_1980,EarthMJ2000Eq,22680.0,2026-03-23T21:03:00Z,0.7961666497067199,1.3607396881525347,0.09717414877741248,1.579536846106888,-1.4264119858609092,0.7094034097931967,0.6570916004089433,1.7232741286753723
gmat_j2,numerical_j2_iau1976_1980,EarthMJ2000Eq,22740.0,2026-03-23T21:04:00Z,0.709212643414503,1.4007897684678028,0.1362855578008748,1.5759975578306469,-1.4798432226292846,0.6093932309880756,0.6479150646554466,1.7265833326380122
gmat_j2,numerical_j2_iau1976_1980,EarthMJ2000Eq,22800.0,2026-03-23T21:05:00Z,0.6189321384226787,1.434173685765927,0.17481423947174335,1.5717796191699325,-1.526595653889018,0.5064588046721497,0.6355427033376965,1.7294245687709446
gmat_j2,numerical_j2_iau1976_1980,EarthMJ2000Eq,22860.0,2026-03-23T21:06:00Z,0.5260955113044474,1.461434573684528,0.2125063674611738,1.5677137673653025,-1.5671449951071281,0.4014277328323601,0.6204472053628063,1.7326402959122142
gmat_j2,numerical_j2_iau1976_1980,EarthMJ2000Eq,22920.0,2026-03-23T21:07:00Z,0.43101151732116705,1.4823226667886047,0.2492119242560875,1.563700099037599,-1.6012130596987362,0.2946181405505399,0.6026210483400796,1.7360401029912134
gmat_j2,numerical_j2_iau1976_1980,EarthMJ2000Eq,22980.0,2026-03-23T21:08:00Z,0.33408142007829156,1.4967603117383987,0.2847681234925403,1.5598059847924097,-1.62867941111422,0.18644271015944014,0.582151833183886,1.7396144013080366
gmat_j2,numerical_j2_iau1976_1980,EarthMJ2000Eq,23040.0,2026-03-23T21:09:00Z,0.23570442590425955,1.5046765969088938,0.319018956815853,1.5560788323488182,-1.6494246178888616,0.07730764828295378,0.5591234440993631,1.7433293057602146
gmat_j2,numerical_j2_iau1976_1980,EarthMJ2000Eq,23100.0,2026-03-23T21:10:00Z,0.1362869134027278,1.506026261097304,0.35181357134206337,1.5525662661735327,-1.6633482318728632,-0.03237570656011712,0.5336269894851142,1.7471500481517874
gmat_j2,numerical_j2_iau1976_1980,EarthMJ2000Eq,23160.0,2026-03-23T21:11:00Z,0.03623970042099245,1.5007935160156194,0.3830081250271178,1.5493191141394718,-1.6703733135559062,-0.14219269939275136,0.5057624068438571,1.7510457968245223
gmat_j2,numerical_j2_iau1976_1980,EarthMJ2000Eq,23220.0,2026-03-23T21:12:00Z,-0.06400847087206785,1.4889240646880353,0.41244668000217644,1.5463195719499054,-1.670376901130588,-0.2517017358982798,0.475606474870105,1.7549114720188026
gmat_j2,numerical_j2_iau1976_1980,EarthMJ2000Eq,23280.0,2026-03-23T21:13:00Z,-0.16412116201536264,1.470830611197016,0.4401063470140798,1.54401167072582,-1.66370988341491,-0.36060905905799245,0.4434496170269142,1.759152361931297
gmat_j2,numerical_j2_iau1976_1980,EarthMJ2000Eq,23340.0,2026-03-23T21:14:00Z,-0.2631386560096871,1.4440083034514828,0.4651350441235991,1.5397248267126424,-1.6477272917203578,-0.4676128977365579,0.40821070212970767,1.7607677380457976
gmat_j2,numerical_j2_iau1976_1980,EarthMJ2000Eq,23400.0,2026-03-23T21:15:00Z,-0.3623065595093067,1.416047152815736,0.4895894362562103,1.541477667095666,-1.6301394187845375,-0.5749370028951262,0.37351997539403214,1.7684525026111328
gmat_j2,numerical_j2_iau1976_1980,EarthMJ2000Eq,23460.0,2026-03-23T21:16:00Z,-0.45819476054020924,1.3751842539022618,0.5097276457490807,1.5365208894148237,-1.598749865383553,-0.6774723111391268,0.3340328209588961,1.768204679866524
gmat_j2,numerical_j2_iau1976_1980,EarthMJ2000Eq,23520.0,2026-03-23T21:17:00Z,-0.554470714632771,1.3346994669518608,0.5298564442455245,1.5393532057248809,-1.5672312003722766,-0.7808802919839763,0.29583589844506264,1.7758115172050508
gmat_j2,numerical_j2_iau1976_1980,EarthMJ2000Eq,23580.0,2026-03-23T21:18:00Z,-0.6471968754340196,1.2847093180425873,0.5463064503601345,1.5387633233028717,-1.525222365739154,-0.8795552091100944,0.2546060473562761,1.7789729818561129
gmat_j2,numerical_j2_iau1976_1980,EarthMJ2000Eq,23640.0,2026-03-23T21:19:00Z,-0.7356520718531101,1.226281754043157,0.5589866891568818,1.535388234218143,-1.4736915701085707,-0.9727346403920478,0.211000446448395,1.7783421247974567
gmat_j2,numerical_j2_iau1976_1980,EarthMJ2000Eq,23700.0,2026-03-23T21:20:00Z,-0.8242959847848397,1.1678423388730153,0.5717656324577547,1.5395569289430708,-1.4215238302028865,-1.0666612162424371,0.16851618189761552,1.7851873441271733
gmat_j2,numerical_j2_iau1976_1980,EarthMJ2000Eq,23760.0,2026-03-23T21:21:00Z,-0.9057331953954417,1.0986377628796618,0.5790444945432682,1.5370914357732055,-1.3571520298683026,-1.1513397693008187,0.12296223461660816,1.7839743853797974
gmat_j2,numerical_j2_iau1976_1980,EarthMJ2000Eq,23820.0,2026-03-23T21:22:00Z,-0.9874451361611136,1.0295209985997644,0.5866745350431302,1.542448830125061,-1.2922106158441693,-1.2369465185457784,0.07854565042819672,1.7905346644631255
gmat_j2,numerical_j2_iau1976_1980,EarthMJ2000Eq,23880.0,2026-03-23T21:23:00Z,-1.0626687881085672,0.9528360596959828,0.5899264190247777,1.544401078004187,-1.218326159957428,-1.3144998147751608,0.03252920555141259,1.7925642371458688
gmat_j2,numerical_j2_iau1976_1980,EarthMJ2000Eq,23940.0,2026-03-23T21:24:00Z,-1.1309676483506337,0.8697973298694706,0.5888837971497196,1.5435087765248683,-1.1366796481837582,-1.3835698169373245,-0.014413522819722857,1.7906741218254114
gmat_j2,numerical_j2_iau1976_1980,EarthMJ2000Eq,24000.0,2026-03-23T21:25:00Z,-1.1993634798272979,0.7866276737331646,0.5883471993683997,1.5502929661296068,-1.0542162582893866,-1.4533903516245061,-0.060349042652063645,1.7964847453807953
gmat_j2,numerical_j2_iau1976_1980,EarthMJ2000Eq,24060.0,2026-03-23T21:26:00Z,-1.2598278613040748,0.6975150245125405,0.5832572633153177,1.553667430549023,-0.9643296117189948,-1.5135369562102596,-0.10687050933100295,1.7978172942813162
gmat_j2,numerical_j2_iau1976_1980,EarthMJ2000Eq,24120.0,2026-03-23T21:27:00Z,-1.3119907366672123,0.6036593103999621,0.5737255886515413,1.5539901245524985,-0.8682210754784592,-1.5636558150511348,-0.1533290441280144,1.7950869448640674
gmat_j2,numerical_j2_iau1976_1980,EarthMJ2000Eq,24180.0,2026-03-23T21:28:00Z,-1.3615685966215096,0.508551574057492,0.5633957851500782,1.5588163963427806,-0.7699772739400146,-1.6111389378181684,-0.19896214142889335,1.7967246903908018
gmat_j2,numerical_j2_iau1976_1980,EarthMJ2000Eq,24240.0,2026-03-23T21:29:00Z,-1.4076997913434752,0.4115690553589957,0.5518012557956808,1.5670010899087627,-0.6689195766185208,-1.654880047663454,-0.24397194220426854,1.8015559055219517
gmat_j2,numerical_j2_iau1976_1980,EarthMJ2000Eq,24300.0,2026-03-23T21:30:00Z,-1.4433175497288175,0.31100567412067903,0.5350899148197641,1.5704175545479226,-0.5627214170189632,-1.685975532295103,-0.28804117269132234,1.8005934038074722
gmat_j2,numerical_j2_iau1976_1980,EarthMJ2000Eq,24360.0,2026-03-23T21:31:00Z,-1.472145551815629,0.20867717557848664,0.5155764409892072,1.573714636089102,-0.4536060531634689,-1.7092113926420183,-0.33092900242337464,1.7990764410799052
gmat_j2,numerical_j2_iau1976_1980,EarthMJ2000Eq,24420.0,2026-03-23T21:32:00Z,-1.4981665289042212,0.1058519765138044,0.49560861350528285,1.5815610917828722,-0.3432675725889567,-1.7296528959653834,-0.37272341923966223,1.8023469461128336
gmat_j2,numerical_j2_iau1976_1980,EarthMJ2000Eq,24480.0,2026-03-23T21:33:00Z,-1.5129190322795694,0.0016188059817068279,0.4707456018877565,1.58446459110427,-0.2300745789440839,-1.7367388657277272,-0.41247508120179077,1.799814404936785
gmat_j2,numerical_j2_iau1976_1980,EarthMJ2000Eq,24540.0,2026-03-23T21:34:00Z,-1.526821584960203,-0.1029242912409245,0.4466063012387167,1.5941250736168602,-0.11612529338123068,-1.7435065852167142,-0.4514827871560101,1.804754000841966
gmat_j2,numerical_j2_iau1976_1980,EarthMJ2000Eq,24600.0,2026-03-23T21:35:00Z,-1.5289403823430803,-0.20716524704766925,0.41773758948693285,1.598462018946362,-0.0011208864947320762,-1.7364648108308955,-0.48760392346025583,1.8036265915688723
gmat_j2,numerical_j2_iau1976_1980,EarthMJ2000Eq,24660.0,2026-03-23T21:36:00Z,-1.523505856198426,-0.31061002391652437,0.38645923996227793,1.6021546195609664,0.11400743726852625,-1.72092292127779,-0.521385453033929,1.8017813927797164
gmat_j2,numerical_j2_iau1976_1980,EarthMJ2000Eq,24720.0,2026-03-23T21:37:00Z,-1.5166060416049731,-0.41427512132941047,0.35577419771470886,1.6119221573465474,0.22970311785996955,-1.704355170772942,-0.5544699996917757,1.8069385853020168
gmat_j2,numerical_j2_iau1976_1980,EarthMJ2000Eq,24780.0,2026-03-23T21:38:00Z,-1.4979739864884323,-0.5151358354851254,0.320981870572723,1.6162674142707227,0.34375412383269577,-1.674317599231756,-0.5836188261554298,1.8061332329017747
gmat_j2,numerical_j2_iau1976_1980,EarthMJ2000Eq,24840.0,2026-03-23T21:39:00Z,-1.4723063864039432,-0.6139249016996473,0.2844079517672071,1.6203326088804042,0.45644402923983307,-1.63657907670256,-0.6100988891866166,1.80525701237138
gmat_j2,numerical_j2_iau1976_1980,EarthMJ2000Eq,24900.0,2026-03-23T21:40:00Z,-1.4436716110139969,-0.7118926569091855,0.2479572917764017,1.628637987385182,0.5686426645112874,-1.5960748696031146,-0.6353353736443523,1.809547044507245
gmat_j2,numerical_j2_iau1976_1980,EarthMJ2000Eq,24960.0,2026-03-23T21:41:00Z,-1.4033951874807826,-0.8044203023018781,0.20801170967388316,1.630913531233682,0.6763858735325812,-1.5424804451491525,-0.6555699578747465,1.8073504760421697
gmat_j2,numerical_j2_iau1976_1980,EarthMJ2000Eq,25020.0,2026-03-23T21:42:00Z,-1.3615142552225734,-0.8967201019913773,0.16883253874766524,1.6390034882908844,0.7840464641972744,-1.4877465295271008,-0.6752769103890444,1.8122134255778908
gmat_j2,numerical_j2_iau1976_1980,EarthMJ2000Eq,25080.0,2026-03-23T21:43:00Z,-1.3123543581059494,-0.9848409090409405,0.12821358996006893,1.645789871766962,0.8880809909683762,-1.4251941449217043,-0.691562158650072,1.8160739017218512
gmat_j2,numerical_j2_iau1976_1980,EarthMJ2000Eq,25140.0,2026-03-23T21:44:00Z,-1.2550440155791875,-1.067416310434055,0.08595537701694411,1.64981859234884,0.9871494350832677,-1.353853495089652,-0.7036767748491712,1.8172903721788138
gmat_j2,numerical_j2_iau1976_1980,EarthMJ2000Eq,25200.0,2026-03-23T21:45:00Z,-1.1931317139897146,-1.1465699262771523,0.04350773406258668,1.6553183396840891,1.0830657908300623,-1.2778916058664436,-0.713404852970001,1.8207100120149322
gmat_j2,numerical_j2_iau1976_1980,EarthMJ2000Eq,25260.0,2026-03-23T21:46:00Z,-1.1253517996010487,-1.220782953168964,0.0004818266461370513,1.6603397013172254,1.1743722980739335,-1.1958466616945884,-0.7198502931515804,1.8241118324598302
gmat_j2,numerical_j2_iau1976_1980,EarthMJ2000Eq,25320.0,2026-03-23T21:47:00Z,-1.0522720785957063,-1.2899386983917793,-0.04282289319235133,1.6652483818284194,1.2608726560614514,-1.1083882451856653,-0.7231430068088684,1.8279114215863383
gmat_j2,numerical_j2_iau1976_1980,EarthMJ2000Eq,25380.0,2026-03-23T21:48:00Z,-0.9741540770846768,-1.3536895812649163,-0.086230384567898,1.6699962058485673,1.3421620819187297,-1.0158203700427748,-0.723239847344459,1.832038742800243
gmat_j2,numerical_j2_iau1976_1980,EarthMJ2000Eq,25440.0,2026-03-23T21:49:00Z,-0.8913240071706241,-1.4117423816060182,-0.12954758722116821,1.6745917756683737,1.417883348064919,-0.9185151297330663,-0.7201326626127269,1.8364787730954122
gmat_j2,numerical_j2_iau1976_1980,EarthMJ2000Eq,25500.0,2026-03-23T21:50:00Z,-0.8041262672122684,-1.4638243719673483,-0.17258223488170188,1.6790430230887774,1.4876957101783717,-0.8168592726676138,-0.7138223743208272,1.8412061208640427
gmat_j2,numerical_j2_iau1976_1980,EarthMJ2000Eq,25560.0,2026-03-23T21:51:00Z,-0.7129228324629366,-1.5096764655027073,-0.2151418334506161,1.6833502321383438,1.5512673687823053,-0.7112553861432502,-0.704314773281034,1.8461782074405697
gmat_j2,numerical_j2_iau1976_1980,EarthMJ2000Eq,25620.0,2026-03-23T21:52:00Z,-0.6181219669088023,-1.5491970368657348,-0.25704419294925174,1.687648642975697,1.6084178540154426,-0.6021447251924883,-0.6916974374712032,1.851494425645675
gmat_j2,numerical_j2_iau1976_1980,EarthMJ2000Eq,25680.0,2026-03-23T21:53:00Z,-0.5199772567721084,-1.581458688406201,-0.2980463809763023,1.6912183702611496,1.6581453419206582,-0.4898560446164879,-0.675611838502066,1.856301773878544
gmat_j2,numerical_j2_iau1976_1980,EarthMJ2000Eq,25740.0,2026-03-23T21:54:00Z,-0.4195367164356867,-1.6094314762540307,-0.33819334930740297,1.6972493849492554,1.7032963546270707,-0.3753202957312851,-0.6577832379894843,1.8640715072801306
gmat_j2,numerical_j2_iau1976_1980,EarthMJ2000Eq,25800.0,2026-03-23T21:55:00Z,-0.3158849704050226,-1.6257553828609161,-0.3767148086808447,1.6984634015805202,1.7364946711673213,-0.25804802561424367,-0.6344190022211649,1.8666788681761013
gmat_j2,numerical_j2_iau1976_1980,EarthMJ2000Eq,25860.0,2026-03-23T21:56:00Z,-0.21091269445605576,-1.639991032305943,-0.4144012968936295,1.7046357926530078,1.7671307946942605,-0.13937549070419664,-0.6106755715551415,1.8748603752439816
gmat_j2,numerical_j2_iau1976_1980,EarthMJ2000Eq,25920.0,2026-03-23T21:57:00Z,-0.10425805794511689,-1.642836549308413,-0.44986370903643547,1.7065049156384167,1.7858321751940132,-0.019691900554619224,-0.5818795059120419,1.87834184543338
gmat_j2,numerical_j2_iau1976_1980,EarthMJ2000Eq,25980.0,2026-03-23T21:58:00Z,0.0033265223464695737,-1.6388813972980643,-0.48360689243054367,1.7087477656362582,1.7970828070923428,0.10057971788768327,-0.5504896403163428,1.8821959885444655
gmat_j2,numerical_j2_iau1976_1980,EarthMJ2000Eq,26040.0,2026-03-23T21:59:00Z,0.11167153024871368,-1.632970664786626,-0.5164853541828052,1.7163393731448051,1.8056660712195693,0.2217496044565337,-0.518982920416633,1.891810275771416
gmat_j2,numerical_j2_iau1976_1980,EarthMJ2000Eq,26100.0,2026-03-23T22:00:00Z,0.21956412820145488,-1.6137935656388436,-0.5459566796162107,1.7177330336544605,1.8000776536020169,0.3412803346591886,-0.4819540426748148,1.8944739441525786
gmat_j2,numerical_j2_iau1976_1980,EarthMJ2000Eq,26160.0,2026-03-23T22:01:00Z,0.3270078659625142,-1.5883418113844527,-0.5733527723350562,1.7200282717844193,1.7872717064104648,0.45988759556081504,-0.44291326206646886,1.8978959167458165
gmat_j2,numerical_j2_iau1976_1980,EarthMJ2000Eq,26220.0,2026-03-23T22:02:00Z,0.4347304011389497,-1.560799975777627,-0.5998837318657024,1.7277000832954184,1.7714444116023742,0.5788939105855206,-0.40383695454337953,1.9068869261089265
gmat_j2,numerical_j2_iau1976_1980,EarthMJ2000Eq,26280.0,2026-03-23T22:03:00Z,0.5392540560933412,-1.52010254578272,-0.6218953735697141,1.72865859624613,1.7411800965483337,0.6929878075823126,-0.35984041435455083,1.9082519104868363
gmat_j2,numerical_j2_iau1976_1980,EarthMJ2000Eq,26340.0,2026-03-23T22:04:00Z,0.6437226929847384,-1.4772316339985991,-0.6430514540625154,1.7349661029892227,1.7076908531699075,0.8070916655000815,-0.3158571324490822,1.91503805044151
gmat_j2,numerical_j2_iau1976_1980,EarthMJ2000Eq,26400.0,2026-03-23T22:05:00Z,0.7439198734573438,-1.4237826826501987,-0.6597943506676529,1.7366353937175,1.662188128470632,0.9152365496589709,-0.26845849676604416,1.9164021709302679
gmat_j2,numerical_j2_iau1976_1980,EarthMJ2000Eq,26460.0,2026-03-23T22:06:00Z,0.841726498947537,-1.3648074104821717,-0.6740904977959872,1.7394254125878381,1.6098575885692412,1.0202101892176074,-0.21984240117234322,1.9185413644252292
gmat_j2,numerical_j2_iau1976_1980,EarthMJ2000Eq,26520.0,2026-03-23T22:07:00Z,0.9367311431560665,-1.3008315590923303,-0.6859260497549258,1.7435947136365866,1.5511795927736216,1.1215532005337536,-0.170356154960416,1.9217338343791894
gmat_j2,numerical_j2_iau1976_1980,EarthMJ2000Eq,26580.0,2026-03-23T22:08:00Z,1.0300440299033653,-1.2333664399193367,-0.6962452764582849,1.751268387098145,1.4877551350878093,1.2207561672639144,-0.12056927278791818,1.9282629259086104
gmat_j2,numerical_j2_iau1976_1980,EarthMJ2000Eq,26640.0,2026-03-23T22:09:00Z,1.114930570111028,-1.1549546634341823,-0.7003683674611239,1.7514297876011549,1.4115840141215585,1.3088564152496929,-0.06796509577355891,1.926212293312271
gmat_j2,numerical_j2_iau1976_1980,EarthMJ2000Eq,26700.0,2026-03-23T22:10:00Z,1.1972606198469293,-1.0738506643974688,-0.7028836541849159,1.7551734024259478,1.3314263567210105,1.3938107308320014,-0.0156318948896228,1.9276018398236865
gmat_j2,numerical_j2_iau1976_1980,EarthMJ2000Eq,26760.0,2026-03-23T22:11:00Z,1.2770687567353889,-0.9898613698169356,-0.7038800193868155,1.7624350264839599,1.2471282238024628,1.4756277666450046,0.036521343282913676,1.9323922792263475
gmat_j2,numerical_j2_iau1976_1980,EarthMJ2000Eq,26820.0,2026-03-23T22:12:00Z,1.3465219467434508,-0.8972946170615614,-0.6984255416000451,1.7624009816238593,1.1523946605862534,1.5441829832596454,0.08994689038033243,1.9288869802623105
gmat_j2,numerical_j2_iau1976_1980,EarthMJ2000Eq,26880.0,2026-03-23T22:13:00Z,1.4127549011391238,-0.8026701434573624,-0.6914482571573899,1.765858562347639,1.054393934829534,1.6088113476975252,0.14264311420930653,1.9288254406028982
gmat_j2,numerical_j2_iau1976_1980,EarthMJ2000Eq,26940.0,2026-03-23T22:14:00Z,1.4729494214407168,-0.7043890736895264,-0.6813176699438372,1.7691630034096437,0.9513607137634494,1.6659159318699324,0.19490818825573797,1.9283029589770637
gmat_j2,numerical_j2_iau1976_1980,EarthMJ2000Eq,27000.0,2026-03-23T22:15:00Z,1.5268316333276744,-0.6029174492141465,-0.6680756031585133,1.7723005666738807,0.843814294881895,1.715212116781828,0.24646153562457584,1.927360489982259
gmat_j2,numerical_j2_iau1976_1980,EarthMJ2000Eq,27060.0,2026-03-23T22:16:00Z,1.577145647843281,-0.4996972220396856,-0.6534854543644997,1.7787998615052674,0.7335150735698903,1.76020065767446,0.29706560811249005,1.9299219398605445
gmat_j2,numerical_j2_iau1976_1980,EarthMJ2000Eq,27120.0,2026-03-23T22:17:00Z,1.614629183904981,-0.3923097256119945,-0.6324532118924253,1.7779008373811145,0.6173430300293603,1.7893605503971344,0.34632155987424085,1.924282260708417
gmat_j2,numerical_j2_iau1976_1980,EarthMJ2000Eq,27180.0,2026-03-23T22:18:00Z,1.6481586396821513,-0.2841715077011031,-0.6102377997194708,1.780328767265894,0.4995671867291662,1.813884537904542,0.394085459820559,1.9222507226029721
gmat_j2,numerical_j2_iau1976_1980,EarthMJ2000Eq,27240.0,2026-03-23T22:19:00Z,1.6777138237102918,-0.1750930714479182,-0.5868826094683754,1.7860046067225257,0.3800993235714145,1.833767161563138,0.44046472691405825,1.9238468427248179
gmat_j2,numerical_j2_iau1976_1980,EarthMJ2000Eq,27300.0,2026-03-23T22:20:00Z,1.6936622267849089,-0.06475945974671049,-0.5574676712285509,1.7842241256438849,0.25788024160533496,1.8372546747441598,0.4839755920471589,1.9173521670723643
gmat_j2,numerical_j2_iau1976_1980,EarthMJ2000Eq,27360.0,2026-03-23T22:21:00Z,1.7062561151703903,0.04556498515739804,-0.5275634048302891,1.7865355424801583,0.1351682641370644,1.8370434231029797,0.525795614159108,1.9155834687803854
gmat_j2,numerical_j2_iau1976_1980,EarthMJ2000Eq,27420.0,2026-03-23T22:22:00Z,1.7126649184717735,0.1557201630930649,-0.49581927441977314,1.7897783787507904,0.011972218771916232,1.8297475770090443,0.5653954313622478,1.9151479116240848
gmat_j2,numerical_j2_iau1976_1980,EarthMJ2000Eq,27480.0,2026-03-23T22:23:00Z,1.7065120374581966,0.2644268070071121,-0.4592582865825534,1.7869031994062925,-0.11090892382270567,1.8077533008309388,0.6010894195718208,1.9082927648476407
gmat_j2,numerical_j2_iau1976_1980,EarthMJ2000Eq,27540.0,2026-03-23T22:24:00Z,1.6966413984391693,0.37223772596917115,-0.42238868923050177,1.7876143779691918,-0.2331528508037195,1.7818880082565158,0.6347337020429222,1.9058782747897065
gmat_j2,numerical_j2_iau1976_1980,EarthMJ2000Eq,27600.0,2026-03-23T22:25:00Z,1.6786885034889565,0.47800936135899974,-0.38323209764712374,1.7869960497885398,-0.3539293924603726,1.746989594764159,0.6650734176716355,1.9025144703667929
gmat_j2,numerical_j2_iau1976_1980,EarthMJ2000Eq,27660.0,2026-03-23T22:26:00Z,1.6549285364817479,0.5821360746267601,-0.3429399407650635,1.787534243928048,-0.4733541860701962,1.7058775578782104,0.6927694840008769,1.901055492589721
gmat_j2,numerical_j2_iau1976_1980,EarthMJ2000Eq,27720.0,2026-03-23T22:27:00Z,1.6248511619778583,0.6838815334049286,-0.3014290159626398,1.7884895028982635,-0.590676689782299,1.6580624833117952,0.717450113985052,1.9007379662845207
gmat_j2,numerical_j2_iau1976_1980,EarthMJ2000Eq,27780.0,2026-03-23T22:28:00Z,1.582892836722749,0.7798628603268298,-0.25648742257544654,1.7831213114661413,-0.7029781947665015,1.5971011158022463,0.7365680163573529,1.8940545818783987
gmat_j2,numerical_j2_iau1976_1980,EarthMJ2000Eq,27840.0,2026-03-23T22:29:00Z,1.5387008847937977,0.8747533292989829,-0.21226984563327278,1.7826531595770514,-0.8139923464156595,1.5344503792036335,0.7541991120518787,1.8936572569716221
gmat_j2,numerical_j2_iau1976_1980,EarthMJ2000Eq,27900.0,2026-03-23T22:30:00Z,1.4882265440974152,0.9658746548666386,-0.16720357689337106,1.7820463326175953,-0.9213832141696798,1.4654458970753126,0.768419682994903,1.8939238405549745
gmat_j2,numerical_j2_iau1976_1980,EarthMJ2000Eq,27960.0,2026-03-23T22:31:00Z,1.4273114675233955,1.0493191621208098,-0.11987290235992987,1.775572651861337,-1.0216111485661372,1.385379237994755,0.7766811225273784,1.8884381213139971
gmat_j2,numerical_j2_iau1976_1980,EarthMJ2000Eq,28020.0,2026-03-23T22:32:00Z,1.3634338502015453,1.130324224504875,-0.07319696987906354,1.7725525416126409,-1.1191916557962145,1.3029917615980935,0.782984116876051,1.8877080336949739
gmat_j2,numerical_j2_iau1976_1980,EarthMJ2000Eq,28080.0,2026-03-23T22:33:00Z,1.2932197114423616,1.20553352371644,-0.026050570795632666,1.7681648483967833,-1.2110775653439987,1.2144657652868318,0.785196288877188,1.8863109967340448
gmat_j2,numerical_j2_iau1976_1980,EarthMJ2000Eq,28140.0,2026-03-23T22:34:00Z,1.2186320800537942,1.276615939787007,0.020856130504398607,1.765006340621505,-1.2987481916582055,1.1220797242472713,0.7846044340897862,1.8871708695546479
gmat_j2,numerical_j2_iau1976_1980,EarthMJ2000Eq,28200.0,2026-03-23T22:35:00Z,1.1396648123991326,1.343056174391677,0.06744077063558507,1.7627206329240825,-1.3816919661735483,1.0258692473286146,0.7810711442068907,1.8898551622586757
gmat_j2,numerical_j2_iau1976_1980,EarthMJ2000Eq,28260.0,2026-03-23T22:36:00Z,1.0536106392464717,1.400141978137981,0.1142643745879468,1.7560037828482806,-1.4554593188442766,0.9228972892572074,0.7719025651997669,1.888368291804045
gmat_j2,numerical_j2_iau1976_1980,EarthMJ2000Eq,28320.0,2026-03-23T22:37:00Z,0.9637970360927284,1.4516356432068278,0.1603120576874062,1.7498144825236757,-1.5235036707750282,0.8168995746515861,0.7596626676598106,1.888246731379919
gmat_j2,numerical_j2_iau1976_1980,EarthMJ2000Eq,28380.0,2026-03-23T22:38:00Z,0.8705820673640119,1.497573639426264,0.2054346432487364,1.7443747688403883,-1.585836563400278,0.708273145022531,0.7445476076228807,1.8896771136345665
gmat_j2,numerical_j2_iau1976_1980,EarthMJ2000Eq,28440.0,2026-03-23T22:39:00Z,0.7737145606370177,1.5367019418590644,0.24957193545560585,1.7384974059291,-1.64123605905786,0.5967608727175389,0.7260012915843994,1.8912581040515306
gmat_j2,numerical_j2_iau1976_1980,EarthMJ2000Eq,28500.0,2026-03-23T22:40:00Z,0.6737523044648697,1.5691079972839361,0.2924953946603637,1.7325113652757518,-1.6897429673257136,0.4829737338951645,0.7042708359827898,1.8932755567204798
gmat_j2,numerical_j2_iau1976_1980,EarthMJ2000Eq,28560.0,2026-03-23T22:41:00Z,0.5710895029551466,1.5946253226957197,0.3340219955134671,1.726425160166169,-1.7311565514432914,0.36733263542032546,0.6794432493295588,1.895647488250223
gmat_j2,numerical_j2_iau1976_1980,EarthMJ2000Eq,28620.0,2026-03-23T22:42:00Z,0.46615812152595026,1.6131598703168493,0.3739691046575899,1.7203026049807855,-1.765340816861638,0.25028932526538483,0.6516419459590139,1.8983440604254982
gmat_j2,numerical_j2_iau1976_1980,EarthMJ2000Eq,28680.0,2026-03-23T22:43:00Z,0.35939485587732634,1.624650857877441,0.4121642746213183,1.7142154070323563,-1.7921878530113844,0.13229097373113063,0.6210010921048337,1.9013365190327784
gmat_j2,numerical_j2_iau1976_1980,EarthMJ2000Eq,28740.0,2026-03-23T22:44:00Z,0.2512517448849394,1.6289343666713307,0.448415155915427,1.708107362634244,-1.811478762658858,0.013805664167421128,0.5875981730074642,1.9044467744856721
gmat_j2,numerical_j2_iau1976_1980,EarthMJ2000Eq,28800.0,2026-03-23T22:45:00Z,0.14212621135811787,1.6267193499857058,0.4827201651096402,1.7027725806391198,-1.8238719830185324,-0.1048410505077868,0.5519320902536151,1.9084364512771321
gmat_j2,numerical_j2_iau1976_1980,EarthMJ2000Eq,28860.0,2026-03-23T22:46:00Z,0.03270745128247654,1.6147036146776372,0.514214860231732,1.6949201937275875,-1.825958776513481,-0.22263896060081834,0.5125299942232431,1.9095498305313998
gmat_j2,numerical_j2_iau1976_1980,EarthMJ2000Eq,28920.0,2026-03-23T22:47:00Z,-0.07718386950728018,1.6004678182071075,0.5444373846330564,1.6922962662060146,-1.8253502146459155,-0.3405374418008478,0.4732258707118575,1.9161972445672577
gmat_j2,numerical_j2_iau1976_1980,EarthMJ2000Eq,28980.0,2026-03-23T22:48:00Z,-0.18589067258290015,1.574323788190668,0.5708925041290058,1.684924028995677,-1.812108043841576,-0.45580938667910686,0.4294892255174432,1.9172789975315798
gmat_j2,numerical_j2_iau1976_1980,EarthMJ2000Eq,29040.0,2026-03-23T22:49:00Z,-0.29465458101185504,1.545355420148553,0.5959441691629763,1.682288366913691,-1.7954598074965133,-0.5708328760789527,0.3857167505394443,1.9230973725723546
gmat_j2,numerical_j2_iau1976_1980,EarthMJ2000Eq,29100.0,2026-03-23T22:50:00Z,-0.4020318619950558,1.5091422351360961,0.6181606950121932,1.6796614387395876,-1.7707741748473893,-0.6835659700499264,0.3399702710460417,1.9283369516015265
gmat_j2,numerical_j2_iau1976_1980,EarthMJ2000Eq,29160.0,2026-03-23T22:51:00Z,-0.5059634813733282,1.461445462609845,0.6358312471093086,1.6721552737311511,-1.7335369180138116,-0.7912120274511381,0.29050098815375236,1.9275781547367858
gmat_j2,numerical_j2_iau1976_1980,EarthMJ2000Eq,29220.0,2026-03-23T22:52:00Z,-0.6097829527789145,1.4127669187473657,0.6526615375150868,1.6714403066691477,-1.69461388344061,-0.8988370954199354,0.24204341775302396,1.9334449446855673
gmat_j2,numerical_j2_iau1976_1980,EarthMJ2000Eq,29280.0,2026-03-23T22:53:00Z,-0.7106732346073841,1.356942688289564,0.666213549720851,1.670386302482599,-1.6474764041873868,-1.0025356562692878,0.1919979810693917,1.9380710691768288
gmat_j2,numerical_j2_iau1976_1980,EarthMJ2000Eq,29340.0,2026-03-23T22:54:00Z,-0.8058968332989025,1.2907915079267696,0.6746279807430255,1.664552593118786,-1.5886083231109183,-1.0987297871523083,0.13924695485556526,1.9365622282461228
gmat_j2,numerical_j2_iau1976_1980,EarthMJ2000Eq,29400.0,2026-03-23T22:55:00Z,-0.901017410797067,1.2240293126524193,0.6826238727626333,1.6661498985557273,-1.528318747112678,-1.1951677363342128,0.08773115123261732,1.942133071045059
gmat_j2,numerical_j2_iau1976_1980,EarthMJ2000Eq,29460.0,2026-03-23T22:56:00Z,-0.989079490864242,1.1479821650937083,0.6851953908153519,1.663019547153944,-1.4571478557101614,-1.2825792756743226,0.034285909666920134,1.9415110083107125
gmat_j2,numerical_j2_iau1976_1980,EarthMJ2000Eq,29520.0,2026-03-23T22:57:00Z,-1.075662278708478,1.0697130355765694,0.6865970101443963,1.6651578816010144,-1.3827440286107162,-1.3685072044467006,-0.01849681652288382,1.9455423792615256
gmat_j2,numerical_j2_iau1976_1980,EarthMJ2000Eq,29580.0,2026-03-23T22:58:00Z,-1.1572023868211545,0.9861431763056316,0.6845706566309673,1.6674029843318892,-1.3016374769136974,-1.4483238279794364,-0.07155675252334959,1.948594981218763
gmat_j2,numerical_j2_iau1976_1980,EarthMJ2000Eq,29640.0,2026-03-23T22:59:00Z,-1.229868350947072,0.8949917528298101,0.6768643653458639,1.664851875504156,-1.2111497218469935,-1.5171251952494913,-0.12538610283385765,1.9453210998636499
gmat_j2,numerical_j2_iau1976_1980,EarthMJ2000Eq,29700.0,2026-03-23T23:00:00Z,-1.3012353324484138,0.8028398506212397,0.6686715242949504,1.6687980176044677,-1.118657935172962,-1.5848795880124555,-0.17799810070329158,1.9480560074797504
gmat_j2,numerical_j2_iau1976_1980,EarthMJ2000Eq,29760.0,2026-03-23T23:01:00Z,-1.3659382075275062,0.7062215909172664,0.6567392336478406,1.6720773137847196,-1.0201598472647788,-1.6446710202622228,-0.2302218127248068,1.9490179480743561
gmat_j2,numerical_j2_iau1976_1980,EarthMJ2000Eq,29820.0,2026-03-23T23:02:00Z,-1.4240594136936124,0.6059462648408953,0.6413768344089021,1.6752553039224833,-0.9165027066160292,-1.6966955840302944,-0.28168477284040705,1.9488713213941449
gmat_j2,numerical_j2_iau1976_1980,EarthMJ2000Eq,29880.0,2026-03-23T23:03:00Z,-1.4758057259314228,0.502766831232293,0.622945416175788,1.6789395518641406,-0.8084993421419995,-1.7412945823025439,-0.33206814009645313,1.9483447483100502
gmat_j2,numerical_j2_iau1976_1980,EarthMJ2000Eq,29940.0,2026-03-23T23:04:00Z,-1.521122940857822,0.3971556407122989,0.6016192023423628,1.6832983302969815,-0.6966623828930096,-1.7784621912930731,-0.3811542019782621,1.9477024329406203
gmat_j2,numerical_j2_iau1976_1980,EarthMJ2000Eq,30000.0,2026-03-23T23:05:00Z,-1.5589307568006916,0.2894790477512288,0.5770239416733602,1.6873114273454075,-0.5813116512598526,-1.8069119998020966,-0.42860253524068526,1.9459070748969518
gmat_j2,numerical_j2_iau1976_1980,EarthMJ2000Eq,30060.0,2026-03-23T23:06:00Z,-1.5876662291702814,0.18005244055530056,0.5485250308083778,1.689373447767258,-0.46267873710093,-1.8247561482942487,-0.4740185985951939,1.9412625392556062
gmat_j2,numerical_j2_iau1976_1980,EarthMJ2000Eq,30120.0,2026-03-23T23:07:00Z,-1.6151123089684916,0.0702877041476313,0.5204751581686651,1.6983587731120224,-0.3429691748380037,-1.8417877596377252,-0.5181095050765805,1.943771454078671
gmat_j2,numerical_j2_iau1976_1980,EarthMJ2000Eq,30180.0,2026-03-23T23:08:00Z,-1.6317947357720186,-0.04041569718538085,0.4880078963651613,1.7036840068472212,-0.22077272010534443,-1.8462372826100193,-0.5595589365192666,1.941761803383853
gmat_j2,numerical_j2_iau1976_1980,EarthMJ2000Eq,30240.0,2026-03-23T23:09:00Z,-1.641384772398169,-0.15112375513126608,0.4532709961040382,1.7095136607628239,-0.09744254292343157,-1.8427638530660317,-0.5986023152715347,1.9399995874191813
gmat_j2,numerical_j2_iau1976_1980,EarthMJ2000Eq,30300.0,2026-03-23T23:10:00Z,-1.643511797510655,-0.2613781289255712,0.4162476548117411,1.7154333752651576,0.02651848429735537,-1.8309769986846192,-0.6350086829698398,1.9381475762099891
gmat_j2,numerical_j2_iau1976_1980,EarthMJ2000Eq,30360.0,2026-03-23T23:11:00Z,-1.638189341178986,-0.3706732441060012,0.3771205699649727,1.7214188612128116,0.15052331381326667,-1.8109677231148424,-0.6685978388709657,1.9363069055054287
gmat_j2,numerical_j2_iau1976_1980,EarthMJ2000Eq,30420.0,2026-03-23T23:12:00Z,-1.625489957859827,-0.4785476830875268,0.336088266749357,1.727478165169728,0.2740250142352352,-1.7828962701749163,-0.6992292758134511,1.9346137595873891
gmat_j2,numerical_j2_iau1976_1980,EarthMJ2000Eq,30480.0,2026-03-23T23:13:00Z,-1.6052456905981671,-0.5844187307957327,0.29324097317839914,1.7333058727297659,0.39637644455581267,-1.7466357360440554,-0.7266652222170933,1.9328458359126017
gmat_j2,numerical_j2_iau1976_1980,EarthMJ2000Eq,30540.0,2026-03-23T23:14:00Z,-1.5772341380397847,-0.6876468760310672,0.248644066232373,1.7384906165941643,0.5168792469589789,-1.7019984070998362,-0.7506360448772398,1.9306520156610838
gmat_j2,numerical_j2_iau1976_1980,EarthMJ2000Eq,30600.0,2026-03-23T23:15:00Z,-1.5427828689098533,-0.7883207817940274,0.20301888116591726,1.7443753328111256,0.6354418324860944,-1.65063806045751,-0.7715212584358255,1.9296728689916889
gmat_j2,numerical_j2_iau1976_1980,EarthMJ2000Eq,30660.0,2026-03-23T23:16:00Z,-1.5011395657893445,-0.8856145150275552,0.1561773574394465,1.7498926916192554,0.7512310054025306,-1.5917190605563292,-0.7888741642148034,1.9287923781947147
gmat_j2,numerical_j2_iau1976_1980,EarthMJ2000Eq,30720.0,2026-03-23T23:17:00Z,-1.4526747531817819,-0.9791744105314137,0.10841405855899211,1.7552208045897033,0.863797344763384,-1.5257460814765977,-0.8026906859193161,1.9283047723902689
gmat_j2,numerical_j2_iau1976_1980,EarthMJ2000Eq,30780.0,2026-03-23T23:18:00Z,-1.3975619572192954,-1.0685693350751535,0.05992827391310129,1.7602872623932115,0.9726342966587254,-1.452980240124191,-0.8128963946418821,1.9282037241043628
gmat_j2,numerical_j2_iau1976_1980,EarthMJ2000Eq,30840.0,2026-03-23T23:19:00Z,-1.3360427119550877,-1.1534028681126074,0.010939553703792626,1.7650688310017635,1.0772684042592573,-1.3737569464211674,-0.8194494469648816,1.9285260586226844
gmat_j2,numerical_j2_iau1976_1980,EarthMJ2000Eq,30900.0,2026-03-23T23:20:00Z,-1.2683828699664446,-1.2332981068539084,-0.03833207892967039,1.7695447644715914,1.1772472587878724,-1.2884314113392747,-0.8223239411631056,1.9292960566640094
gmat_j2,numerical_j2_iau1976_1980,EarthMJ2000Eq,30960.0,2026-03-23T23:21:00Z,-1.1948747542191995,-1.3079001237201737,-0.087665549472149,1.7737005554664214,1.2721412288030365,-1.1973809410648073,-0.8215105324893557,1.9305294556252406
gmat_j2,numerical_j2_iau1976_1980,EarthMJ2000Eq,31020.0,2026-03-23T23:22:00Z,-1.115835761083872,-1.3768772528237605,-0.13683970382771804,1.7775279237190023,1.3615441929459848,-1.1010028142521833,-0.8170157501652398,1.9322330403846817
gmat_j2,numerical_j2_iau1976_1980,EarthMJ2000Eq,31080.0,2026-03-23T23:23:00Z,-1.0316069292457541,-1.4399222054635175,-0.18563423600426177,1.7810246724376562,1.4450740692950603,-0.9997124426064374,-0.8088612590828603,1.934404448427532
gmat_j2,numerical_j2_iau1976_1980,EarthMJ2000Eq,31140.0,2026-03-23T23:24:00Z,-0.9425527778148535,-1.4967582337703789,-0.23383084590022918,1.784199488235645,1.5223779934459003,-0.8939427624810037,-0.7970857817118926,1.937037470191992
gmat_j2,numerical_j2_iau1976_1980,EarthMJ2000Eq,31200.0,2026-03-23T23:25:00Z,-0.8490405352858943,-1.5470731577806873,-0.2812118545989506,1.787004558822122,1.5930674663877653,-0.7841259055396677,-0.7817078436223035,1.940047561525791
gmat_j2,numerical_j2_iau1976_1980,EarthMJ2000Eq,31260.0,2026-03-23T23:26:00Z,-0.7515625047744834,-1.590931154169084,-0.3275718850090925,1.7897517916563401,1.6571217713590158,-0.6708040647396274,-0.7629522829899482,1.943740426215091
gmat_j2,numerical_j2_iau1976_1980,EarthMJ2000Eq,31320.0,2026-03-23T23:27:00Z,-0.650190108899551,-1.6269993798232463,-0.3726765976352908,1.791301762987201,1.7131463563302418,-0.5541324155089455,-0.7402656229116289,1.9467733213166096
gmat_j2,numerical_j2_iau1976_1980,EarthMJ2000Eq,31380.0,2026-03-23T23:28:00Z,-0.5456642920762533,-1.6557660781018058,-0.4162859186180867,1.7923740656122589,1.761526486232512,-0.4349066466957652,-0.714120516553951,1.949894218977557
gmat_j2,numerical_j2_iau1976_1980,EarthMJ2000Eq,31440.0,2026-03-23T23:29:00Z,-0.4391714110170142,-1.681083345715706,-0.4585485253301158,1.7969917900702304,1.8059886091048583,-0.31413652212819443,-0.6867394266585336,1.9575207919403028
gmat_j2,numerical_j2_iau1976_1980,EarthMJ2000Eq,31500.0,2026-03-23T23:30:00Z,-0.32961968190647895,-1.694566513947393,-0.4985722935089143,1.7968803902170807,1.8381340680662106,-0.19122956462780394,-0.6538257847354956,1.9603045057741315
gmat_j2,numerical_j2_iau1976_1980,EarthMJ2000Eq,31560.0,2026-03-23T23:31:00Z,-0.2183351671192213,-1.700247272907518,-0.5364813446249173,1.7961968899207539,1.8618572251716259,-0.06734679303121993,-0.6177059470591217,1.962806295712234
gmat_j2,numerical_j2_iau1976_1980,EarthMJ2000Eq,31620.0,2026-03-23T23:32:00Z,-0.10603490227367729,-1.7042847795210037,-0.573104811792291,1.801188256542503,1.8832346837388547,0.057308189305160795,-0.5816469030861526,1.9718443707524518
gmat_j2,numerical_j2_iau1976_1980,EarthMJ2000Eq,31680.0,2026-03-23T23:33:00Z,0.007052414730424061,-1.6951014508777007,-0.606314662945806,1.8002877924999388,1.8905557656601069,0.1813870706968146,-0.5399877793799135,1.974509856740729
gmat_j2,numerical_j2_iau1976_1980,EarthMJ2000Eq,31740.0,2026-03-23T23:34:00Z,0.12081301701982738,-1.681622114347192,-0.6377634572345414,1.8025512330934477,1.8927212086516931,0.3056929962497179,-0.4972496938648874,1.9806814584088934
gmat_j2,numerical_j2_iau1976_1980,EarthMJ2000Eq,31800.0,2026-03-23T23:35:00Z,0.2345135890209349,-1.6617029332337552,-0.6667856127933192,1.8057841275139472,1.887463420224833,0.429176616911775,-0.45255113056974494,1.9878413560872046
gmat_j2,numerical_j2_iau1976_1980,EarthMJ2000Eq,31860.0,2026-03-23T23:36:00Z,0.34642343143787,-1.628781744329899,-0.691408381499059,1.8030487277161107,1.8680006956817152,0.5491285861580764,-0.40298832626461945,1.9883079224076183
gmat_j2,numerical_j2_iau1976_1980,EarthMJ2000Eq,31920.0,2026-03-23T23:37:00Z,0.45853036954213167,-1.5940980315463094,-0.714798077751766,1.8061934907229296,1.845727192417712,0.669137194542202,-0.3538341921682786,1.994906536531814
gmat_j2,numerical_j2_iau1976_1980,EarthMJ2000Eq,31980.0,2026-03-23T23:38:00Z,0.5677558065144694,-1.54932896111859,-0.7339805792980769,1.8059607903768138,1.81199609894378,0.784659881958305,-0.3015460037225637,1.9974861664861028
gmat_j2,numerical_j2_iau1976_1980,EarthMJ2000Eq,32040.0,2026-03-23T23:39:00Z,0.6748086880179471,-1.4975208437135734,-0.749989451833244,1.8056632079771258,1.7698822656342372,0.8968999702929636,-0.24754437299989718,1.999547700736847
gmat_j2,numerical_j2_iau1976_1980,EarthMJ2000Eq,32100.0,2026-03-23T23:40:00Z,0.7793530721755815,-1.4401530984287092,-0.7630417151176516,1.8065616006748886,1.720811733996186,1.0056239503342113,-0.19265692197123485,2.002395875676979
gmat_j2,numerical_j2_iau1976_1980,EarthMJ2000Eq,32160.0,2026-03-23T23:41:00Z,0.8823417956591584,-1.3787627412966685,-0.774028749219724,1.810699932560219,1.666380371911913,1.1121705512096014,-0.13750361960163104,2.008146937919311
gmat_j2,numerical_j2_iau1976_1980,EarthMJ2000Eq,32220.0,2026-03-23T23:42:00Z,0.9786128257474047,-1.3066369783700793,-0.7792126241383812,1.808910050162261,1.5994204245473043,1.2095957808710978,-0.07970567272863605,2.0068932811251736
gmat_j2,numerical_j2_iau1976_1980,EarthMJ2000Eq,32280.0,2026-03-23T23:43:00Z,1.0742672748165205,-1.233232570484688,-0.783565220217497,1.8135289369018843,1.5299126756573855,1.3062952408660067,-0.02288503475611492,2.0118558040431496
gmat_j2,numerical_j2_iau1976_1980,EarthMJ2000Eq,32340.0,2026-03-23T23:44:00Z,1.1640115162663278,-1.1525078080012463,-0.7834062423626165,1.8157429328176353,1.4513716823927325,1.395225843303649,0.03498598477591486,2.013543874218943
gmat_j2,numerical_j2_iau1976_1980,EarthMJ2000Eq,32400.0,2026-03-23T23:45:00Z,1.2484828948799986,-1.0662068325473228,-0.7795095170877175,1.817454713551032,1.365617672277608,1.4773494418918176,0.09313814564038125,2.0139880124936953
gmat_j2,numerical_j2_iau1976_1980,EarthMJ2000Eq,32460.0,2026-03-23T23:46:00Z,1.32770497839374,-0.9752846162882634,-0.7721913835894156,1.8194120273620822,1.273640405585752,1.5528007750731376,0.15108662543283913,2.0139953570435707
gmat_j2,numerical_j2_iau1976_1980,EarthMJ2000Eq,32520.0,2026-03-23T23:47:00Z,1.401213275585178,-0.8800304976830375,-0.7613970622060151,1.8214219189590173,1.175733336467033,1.6210542690409113,0.20859253746507989,2.013374448119819
gmat_j2,numerical_j2_iau1976_1980,EarthMJ2000Eq,32580.0,2026-03-23T23:48:00Z,1.4686828462799895,-0.7809071412339108,-0.7471740837559082,1.8234896154416924,1.0723860297545684,1.681774005835024,0.2653595516655116,2.012160852212186
gmat_j2,numerical_j2_iau1976_1980,EarthMJ2000Eq,32640.0,2026-03-23T23:49:00Z,1.5298007410819991,-0.678374684866867,-0.7295744730413389,1.8255852300555027,0.9640967535418099,1.7346418292873977,0.32109872449836985,2.0103654436390084
gmat_j2,numerical_j2_iau1976_1980,EarthMJ2000Eq,32700.0,2026-03-23T23:50:00Z,1.584286195338791,-0.5729126405640272,-0.7086685608097554,1.8276768783182868,0.8513952680644366,1.7793851805336658,0.3755217701240099,2.0080094927620262
gmat_j2,numerical_j2_iau1976_1980,EarthMJ2000Eq,32760.0,2026-03-23T23:51:00Z,1.6318910300014977,-0.4650155069612083,-0.684543882186972,1.829728964123744,0.7348373722848578,1.8157780072858287,0.42834387903312177,2.005121994830876
gmat_j2,numerical_j2_iau1976_1980,EarthMJ2000Eq,32820.0,2026-03-23T23:52:00Z,1.6724031740977807,-0.3551898189471103,-0.6573059517336333,1.8317050249427362,0.6150010420924445,1.8436454085613008,0.4792864323199808,2.001741781172081
gmat_j2,numerical_j2_iau1976_1980,EarthMJ2000Eq,32880.0,2026-03-23T23:53:00Z,1.7056196318208094,-0.243951581978763,-0.6270634588645407,1.8335373691980363,0.4924799767991317,1.862830875665189,0.5280740840163389,1.9978832891561267
gmat_j2,numerical_j2_iau1976_1980,EarthMJ2000Eq,32940.0,2026-03-23T23:54:00Z,1.7315387173084673,-0.1318219983659219,-0.5940254819734037,1.8353391081827828,0.36789511081991577,1.8734306523882083,0.5744714113298244,1.9937669433281777
gmat_j2,numerical_j2_iau1976_1980,EarthMJ2000Eq,33000.0,2026-03-23T23:55:00Z,1.7481957212339694,-0.019373076611373108,-0.5574007409450132,1.835009313830368,0.24174339952054424,1.873156023568523,0.6178791980282483,1.9871909981677205
gmat_j2,numerical_j2_iau1976_1980,EarthMJ2000Eq,33060.0,2026-03-23T23:56:00Z,1.7596415090892492,0.09295641484641237,-0.5194503407892626,1.837064993982812,0.11493159846054368,1.867055076876234,0.6588334207080493,1.9832209681868243
gmat_j2,numerical_j2_iau1976_1980,EarthMJ2000Eq,33120.0,2026-03-23T23:57:00Z,1.7652405090302636,0.20492361454671482,-0.47999417824939883,1.840777594842362,-0.012250382042111596,1.8544431015232732,0.6971482875428592,1.9811928284423443
gmat_j2,numerical_j2_iau1976_1980,EarthMJ2000Eq,33180.0,2026-03-23T23:58:00Z,1.7574681983205664,0.3147695806546835,-0.4355946696250612,1.8378022399647438,-0.13863103198730187,1.8263676209162583,0.7306834421960673,1.971987713567372
gmat_j2,numerical_j2_iau1976_1980,EarthMJ2000Eq,33240.0,2026-03-23T23:59:00Z,1.7456431755817903,0.4234772022755351,-0.39093551117730385,1.838323587185306,-0.2642476175651609,1.7941924745912274,0.7616322910131146,1.9669868291329613
gmat_j2,numerical_j2_iau1976_1980,EarthMJ2000Eq,33300.0,2026-03-24T00:00:00Z,1.7260145534692128,0.5299400954754674,-0.3443809675900411,1.8380862314968593,-0.38824596959585733,1.7535183407524357,0.7888606505801476,1.9615969591881859
gmat_j2,numerical_j2_iau1976_1980,EarthMJ2000Eq,33360.0,2026-03-24T00:01:00Z,1.6990538583741,0.6337340473692166,-0.29632708628923865,1.8374473049640239,-0.5100753588394014,1.7050392235873346,0.8123251125091713,1.9563250532770577
gmat_j2,numerical_j2_iau1976_1980,EarthMJ2000Eq,33420.0,2026-03-24T00:02:00Z,1.6648890245960501,0.7344156056205975,-0.24699052892174223,1.8363621830609829,-0.6292044263389585,1.6490305760896717,0.8319212025931222,1.9512285715228646
gmat_j2,numerical_j2_iau1976_1980,EarthMJ2000Eq,33480.0,2026-03-24T00:03:00Z,1.6235023149420158,0.8313748494401807,-0.19653658637253102,1.8345491371687854,-0.7449577177354172,1.5856012676174203,0.8474450128304056,1.946087467421405
gmat_j2,numerical_j2_iau1976_1980,EarthMJ2000Eq,33540.0,2026-03-24T00:04:00Z,1.575963151481119,0.9249012719010352,-0.14551556705555413,1.8331058337820958,-0.8574644443370971,1.516106483911983,0.8593376228382965,1.9422371878551956
gmat_j2,numerical_j2_iau1976_1980,EarthMJ2000Eq,33600.0,2026-03-24T00:05:00Z,1.5233618009915517,1.0153140101465397,-0.09447530601391918,1.8331446476932736,-0.9668904761284125,1.441917944156046,0.8680660752435898,1.9410160384437416
gmat_j2,numerical_j2_iau1976_1980,EarthMJ2000Eq,33660.0,2026-03-24T00:06:00Z,1.4595362936233869,1.0968287451760261,-0.04135630524615408,1.8261954530202738,-1.0679967976656712,1.3560631844100612,0.8698041267241052,1.9328951701535102
gmat_j2,numerical_j2_iau1976_1980,EarthMJ2000Eq,33720.0,2026-03-24T00:07:00Z,1.393125196955225,1.1762980866478756,0.010637376817612676,1.8233453202365555,-1.1667820460914413,1.2685583001825762,0.8695968818361877,1.9304971486491913
gmat_j2,numerical_j2_iau1976_1980,EarthMJ2000Eq,33780.0,2026-03-24T00:08:00Z,1.320513099017262,1.2497079460445093,0.06260074678721139,1.8191876342426243,-1.2595526062142426,1.1753656377067045,0.8649529095183794,1.9277190370505473
gmat_j2,numerical_j2_iau1976_1980,EarthMJ2000Eq,33840.0,2026-03-24T00:09:00Z,1.2417616508173523,1.3169101102903369,0.11446060125308577,1.8136497636712445,-1.3461371981549064,1.0766031977027524,0.8559488935411252,1.9245280745976168
gmat_j2,numerical_j2_iau1976_1980,EarthMJ2000Eq,33900.0,2026-03-24T00:10:00Z,1.1592380387810408,1.379120527417399,0.16522044188604923,1.8091722013445761,-1.4275136885899542,0.9750693665822041,0.8437427908569717,1.923657323402957
gmat_j2,numerical_j2_iau1976_1980,EarthMJ2000Eq,33960.0,2026-03-24T00:11:00Z,1.0708343506848905,1.4340613738568209,0.21554646491495077,1.802686470003083,-1.501602326925422,0.8683831209665982,0.8269786105907784,1.9216639704647078
gmat_j2,numerical_j2_iau1976_1980,EarthMJ2000Eq,34020.0,2026-03-24T00:12:00Z,0.9791094635147601,1.4833147870376706,0.2644284195412183,1.7968863314216172,-1.5697357382826738,0.7595197262233455,0.8070304482465929,1.9215198794083117
gmat_j2,numerical_j2_iau1976_1980,EarthMJ2000Eq,34080.0,2026-03-24T00:13:00Z,0.882512313182815,1.5246241341628775,0.3122685347989318,1.7890831090859527,-1.6298083513888173,0.6467440067936536,0.7826478515826629,1.9201798697432493
gmat_j2,numerical_j2_iau1976_1980,EarthMJ2000Eq,34140.0,2026-03-24T00:14:00Z,0.7842469412935316,1.563213756753612,0.3584105179470498,1.7852558958331641,-1.6867468630721305,0.5334944503943007,0.7571322121202595,1.9243129930744913
gmat_j2,numerical_j2_iau1976_1980,EarthMJ2000Eq,34200.0,2026-03-24T00:15:00Z,0.6808554153394653,1.5888504876784282,0.4027905565635592,1.7748944197472243,-1.730628250928845,0.4163304874182927,0.7249114219454178,1.9219525975772436
gmat_j2,numerical_j2_iau1976_1980,EarthMJ2000Eq,34260.0,2026-03-24T00:16:00Z,0.5756803629992646,1.6104330500184005,0.44537175745062996,1.7672743112683993,-1.7700560690503409,0.2985336617911116,0.6911404988318992,1.923511378684816
gmat_j2,numerical_j2_iau1976_1980,EarthMJ2000Eq,34320.0,2026-03-24T00:17:00Z,0.4687642785938806,1.6256894249409015,0.4857713429373689,1.7602783452822157,-1.8027423995814473,0.18026042081231708,0.6548164718234162,1.9264367600135164
gmat_j2,numerical_j2_iau1976_1980,EarthMJ2000Eq,34380.0,2026-03-24T00:18:00Z,0.359451687472756,1.6293863771750239,0.5234303130237095,1.7487380519513662,-1.8234911036696388,0.06104790362115864,0.6133292279608682,1.9248426932011695
gmat_j2,numerical_j2_iau1976_1980,EarthMJ2000Eq,34440.0,2026-03-24T00:19:00Z,0.24957969162642257,1.6330411775129505,0.5595883130808943,1.744205432299173,-1.8436892153528284,-0.05791211687977693,0.5728689351780503,1.9315078444008085
gmat_j2,numerical_j2_iau1976_1980,EarthMJ2000Eq,34500.0,2026-03-24T00:20:00Z,0.13881351515010465,1.6246645145656657,0.5923006192460889,1.7348267926327743,-1.8512965958561445,-0.17614514469244114,0.5274818088985,1.9330192074953896
gmat_j2,numerical_j2_iau1976_1980,EarthMJ2000Eq,34560.0,2026-03-24T00:21:00Z,0.02736712667683605,1.611875274875274,0.6229404925761628,1.7282782526745566,-1.8539434906150731,-0.2941390269128874,0.4811152667372198,1.9378070423638385
gmat_j2,numerical_j2_iau1976_1980,EarthMJ2000Eq,34620.0,2026-03-24T00:22:00Z,-0.0834161492093699,1.5897133002908959,0.6500057265839132,1.719492388951627,-1.8464728464007152,-0.4099479058439215,0.43160396301367143,1.9400518650000267
gmat_j2,numerical_j2_iau1976_1980,EarthMJ2000Eq,34680.0,2026-03-24T00:23:00Z,-0.19344838801771402,1.559629370149196,0.6738188958479441,1.7099409216286894,-1.8303098692218356,-0.5237059124141297,0.37976844602383153,1.941269216946409
gmat_j2,numerical_j2_iau1976_1980,EarthMJ2000Eq,34740.0,2026-03-24T00:24:00Z,-0.30368684747372754,1.5283457969417213,0.6962103921068774,1.7066855265207965,-1.8122921414676085,-0.6372762140216537,0.3288791567968019,1.9490216209058322
gmat_j2,numerical_j2_iau1976_1980,EarthMJ2000Eq,34800.0,2026-03-24T00:25:00Z,-0.41078036792896455,1.4848976502435107,0.7135693836062273,1.6978936384811407,-1.7809917052247215,-0.7457304755931204,0.2740851035021308,1.9501712848540704
gmat_j2,numerical_j2_iau1976_1980,EarthMJ2000Eq,34860.0,2026-03-24T00:26:00Z,-0.5171826369405608,1.43804331037245,0.7288780830094765,1.693136055475553,-1.7454483884904448,-0.8529435202575542,0.2194007624467531,1.9550548381555584
gmat_j2,numerical_j2_iau1976_1980,EarthMJ2000Eq,34920.0,2026-03-24T00:27:00Z,-0.6214675067894859,1.385544454024057,0.7411217479784682,1.6897386606805864,-1.7032187265009213,-0.9570781731582656,0.16399633473440645,1.960573247202385
gmat_j2,numerical_j2_iau1976_1980,EarthMJ2000Eq,34980.0,2026-03-24T00:28:00Z,-0.720292613550555,1.3221108092693612,0.7477498395473958,1.6810497505028013,-1.6485863971738013,-1.0536651968706678,0.10583987775092396,1.9594003000319582
gmat_j2,numerical_j2_iau1976_1980,EarthMJ2000Eq,35040.0,2026-03-24T00:29:00Z,-0.8187504199668183,1.2576074213939137,0.7533134075856651,1.6791098137373912,-1.5919800215868918,-1.149921393661657,0.04901613426255835,1.96446485897575
gmat_j2,numerical_j2_iau1976_1980,EarthMJ2000Eq,35100.0,2026-03-24T00:30:00Z,-0.9114651938944007,1.185005139632267,0.7539099503901525,1.6743315663073215,-1.5257264740498044,-1.238698040140207,-0.009035669545909286,1.9652724369887704
gmat_j2,numerical_j2_iau1976_1980,EarthMJ2000Eq,35160.0,2026-03-24T00:31:00Z,-0.9996302424042369,1.1066957777075004,0.7507308816911973,1.6696206223719223,-1.4523280063016841,-1.3217520509201108,-0.06730936696897061,1.9648958427564314
gmat_j2,numerical_j2_iau1976_1980,EarthMJ2000Eq,35220.0,2026-03-24T00:32:00Z,-1.0868084582398296,1.0271152932546102,0.7465580422376661,1.6713669139267044,-1.3765920456876302,-1.403939418942457,-0.1241983564881366,1.9701463864559128
gmat_j2,numerical_j2_iau1976_1980,EarthMJ2000Eq,35280.0,2026-03-24T00:33:00Z,-1.1650344831650727,0.9392190931976074,0.7361679485029526,1.667747313112418,-1.2905909745342115,-1.474869081086183,-0.18182782657305552,1.968228957314024
gmat_j2,numerical_j2_iau1976_1980,EarthMJ2000Eq,35340.0,2026-03-24T00:34:00Z,-1.2421837191141094,0.8502759937982773,0.7250726681604647,1.6708441075621459,-1.2024356426110216,-1.544961792276922,-0.23794461423420898,1.9721501093121605
gmat_j2,numerical_j2_iau1976_1980,EarthMJ2000Eq,35400.0,2026-03-24T00:35:00Z,-1.3118348142597824,0.7559466021120897,0.7093371746123012,1.6719823780278829,-1.107105348729931,-1.6059499290399515,-0.29359682507390517,1.9725507657506114
gmat_j2,numerical_j2_iau1976_1980,EarthMJ2000Eq,35460.0,2026-03-24T00:36:00Z,-1.3722408384637674,0.6565050634890213,0.6882656028892598,1.6696566584944892,-1.0047174257010738,-1.6557352071622233,-0.3483458752562285,1.9678061465886194
gmat_j2,numerical_j2_iau1976_1980,EarthMJ2000Eq,35520.0,2026-03-24T00:37:00Z,-1.4322700476441241,0.5568191581915016,0.6674367074168686,1.6753855743425348,-0.901069765468776,-1.7057580801171923,-0.40134747480990995,1.9704357755743618
gmat_j2,numerical_j2_iau1976_1980,EarthMJ2000Eq,35580.0,2026-03-24T00:38:00Z,-1.4803019757891889,0.452456340099161,0.6402357013257642,1.6750857985408976,-0.790587879606619,-1.7412811437189646,-0.45277492732864744,1.965221196626369
gmat_j2,numerical_j2_iau1976_1980,EarthMJ2000Eq,35640.0,2026-03-24T00:39:00Z,-1.5239940773881244,0.34690415850491263,0.6113644599849977,1.6782928665864103,-0.6775730510000244,-1.7721228784406406,-0.5022754425709763,1.9626016804089652
gmat_j2,numerical_j2_iau1976_1980,EarthMJ2000Eq,35700.0,2026-03-24T00:40:00Z,-1.5645098624190723,0.2403001772108837,0.5815835766043165,1.6863198810872142,-0.5623174459401525,-1.7997679241377185,-0.5500271793579259,1.9641525879615576
gmat_j2,numerical_j2_iau1976_1980,EarthMJ2000Eq,35760.0,2026-03-24T00:41:00Z,-1.5915936818373666,0.13162821051082574,0.5455964027305527,1.6876527689484666,-0.44288574674311576,-1.8114600316421203,-0.5947355510294017,1.9573567908185072
gmat_j2,numerical_j2_iau1976_1980,EarthMJ2000Eq,35820.0,2026-03-24T00:42:00Z,-1.6174774752926169,0.022625858946412336,0.5101121269035502,1.6961602797454327,-0.3222466116170608,-1.8225270128763293,-0.6377805426005523,1.9576035379724999
gmat_j2,numerical_j2_iau1976_1980,EarthMJ2000Eq,35880.0,2026-03-24T00:43:00Z,-1.6335313916897576,-0.08676378638483584,0.4708333844973822,1.7022446469943646,-0.1996103842216712,-1.822312461263742,-0.6776882393033645,1.9544637018006592
gmat_j2,numerical_j2_iau1976_1980,EarthMJ2000Eq,35940.0,2026-03-24T00:44:00Z,-1.638396439659573,-0.19533867271093186,0.4274086104487651,1.704458333556845,-0.07615287866968856,-1.809277917041996,-0.7136681339225959,1.9464347015510344
gmat_j2,numerical_j2_iau1976_1980,EarthMJ2000Eq,36000.0,2026-03-24T00:45:00Z,-1.642399662500793,-0.3041816135009867,0.38503643963849754,1.7141342319737602,0.04819634202846146,-1.7961349367823232,-0.7482064270369904,1.9463392448323145
gmat_j2,numerical_j2_iau1976_1980,EarthMJ2000Eq,36060.0,2026-03-24T00:46:00Z,-1.6327416226431524,-0.4102734137632069,0.3378359847374668,1.7170622099783817,0.17145813568930635,-1.7673611361068708,-0.7775400487908257,1.9384354013452865
gmat_j2,numerical_j2_iau1976_1980,EarthMJ2000Eq,36120.0,2026-03-24T00:47:00Z,-1.6204980238399003,-0.5160219734534621,0.29113064101693453,1.7254128701544909,0.2949809783103774,-1.7364693252197583,-0.8049757789230227,1.936575714927469
gmat_j2,numerical_j2_iau1976_1980,EarthMJ2000Eq,36180.0,2026-03-24T00:48:00Z,-1.5988175646270975,-0.6189074347275891,0.24197539414672065,1.731420257792333,0.41674420181436744,-1.6952524082292086,-0.828094369076382,1.9321740970856733
gmat_j2,numerical_j2_iau1976_1980,EarthMJ2000Eq,36240.0,2026-03-24T00:49:00Z,-1.5702632135798922,-0.7192290622697328,0.19171264057149529,1.7377487564347571,0.536732697398179,-1.646886351291954,-0.8476118167344282,1.9284093015736798
gmat_j2,numerical_j2_iau1976_1980,EarthMJ2000Eq,36300.0,2026-03-24T00:50:00Z,-1.5345134142989991,-0.8164015571310301,0.1403640812895901,1.7438305526815996,0.6542977759593782,-1.5910599961976857,-0.8632821981713334,1.924794442221168
gmat_j2,numerical_j2_iau1976_1980,EarthMJ2000Eq,36360.0,2026-03-24T00:51:00Z,-1.4918008855602238,-0.9100120423681801,0.0881943433341803,1.7496771249603515,0.7689183858516913,-1.528128390937411,-0.875053660198688,1.9214918088602022
gmat_j2,numerical_j2_iau1976_1980,EarthMJ2000Eq,36420.0,2026-03-24T00:52:00Z,-1.4423125157918548,-0.9996407497965265,0.035436786220088834,1.7552215779442775,0.880074351172766,-1.458387042241327,-0.8828686048900636,1.9185621183767019
gmat_j2,numerical_j2_iau1976_1980,EarthMJ2000Eq,36480.0,2026-03-24T00:53:00Z,-1.3862712298760016,-1.0848889241970028,-0.017670041415840387,1.7604102166798765,0.987267753771448,-1.3821686239978703,-0.8866918088656917,1.9160663054055824
gmat_j2,numerical_j2_iau1976_1980,EarthMJ2000Eq,36540.0,2026-03-24T00:54:00Z,-1.3239291547506582,-1.1653786341412342,-0.07088608163030585,1.7651970440380245,1.0900235452027118,-1.2998337712843977,-0.886508227271321,1.9140574701631738
gmat_j2,numerical_j2_iau1976_1980,EarthMJ2000Eq,36600.0,2026-03-24T00:55:00Z,-1.2555661851365585,-1.2407543445078772,-0.12397097543725977,1.769544176172047,1.187891301768218,-1.2117681578160955,-0.8823225670084867,1.9125796520317921
gmat_j2,numerical_j2_iau1976_1980,EarthMJ2000Eq,36660.0,2026-03-24T00:56:00Z,-1.181488468319003,-1.3106843430250592,-0.1766852151376952,1.7734221474510992,1.2804466482663202,-1.118379717723883,-0.8741586972060844,1.9116668747388086
gmat_j2,numerical_j2_iau1976_1980,EarthMJ2000Eq,36720.0,2026-03-24T00:57:00Z,-1.1020263445971068,-1.3748612227573176,-0.22879138214193517,1.7768092026355067,1.3672914285223214,-1.020095372616936,-0.8620583553664574,1.9113411594485736
gmat_j2,numerical_j2_iau1976_1980,EarthMJ2000Eq,36780.0,2026-03-24T00:58:00Z,-1.0175368242926197,-1.4330124213302042,-0.28005485319226864,1.7797012415781215,1.4480640140313028,-0.9173628496839115,-0.8460859953762778,1.9116237857602898
gmat_j2,numerical_j2_iau1976_1980,EarthMJ2000Eq,36840.0,2026-03-24T00:59:00Z,-0.9283799272452598,-1.4848469131720776,-0.3302460299892118,1.7820555785923726,1.5223867020353055,-0.8106265667606749,-0.8262965559557855,1.9124703134052892
gmat_j2,numerical_j2_iau1976_1980,EarthMJ2000Eq,36900.0,2026-03-24T01:00:00Z,-0.8350002935912926,-1.5302574606721464,-0.37913595588179305,1.7840004089917443,1.5900621632702894,-0.70040807020888,-0.8028502682388972,1.9140108936703544
gmat_j2,numerical_j2_iau1976_1980,EarthMJ2000Eq,36960.0,2026-03-24T01:01:00Z,-0.7378791970040766,-1.569351415582787,-0.42652645515772747,1.7858483675588182,1.6511096174731676,-0.5872437291998267,-0.7760188226943465,1.9165655166398117
gmat_j2,numerical_j2_iau1976_1980,EarthMJ2000Eq,37020.0,2026-03-24T01:02:00Z,-0.6367875303112669,-1.5994872819646844,-0.47208372325258097,1.7851389205568051,1.702834187433666,-0.4710638421556723,-0.744569395749739,1.9172712375578136
gmat_j2,numerical_j2_iau1976_1980,EarthMJ2000Eq,37080.0,2026-03-24T01:03:00Z,-0.5333687895472394,-1.625564319510886,-0.515921070928016,1.7869292582409322,1.7499877176252454,-0.35334040138224054,-0.7113634574729133,1.9218075917520971
gmat_j2,numerical_j2_iau1976_1980,EarthMJ2000Eq,37140.0,2026-03-24T01:04:00Z,-0.42736770501505816,-1.6434677506822482,-0.5574640122176788,1.7872871978896503,1.788397190338742,-0.2341069063049872,-0.6744230798272355,1.9256212100501104
gmat_j2,numerical_j2_iau1976_1980,EarthMJ2000Eq,37200.0,2026-03-24T01:05:00Z,-0.3187461734341923,-1.6508046529111198,-0.5963546964267152,1.783926581757821,1.815605460309122,-0.11348587136694732,-0.6326604262696378,1.9260221819781556
gmat_j2,numerical_j2_iau1976_1980,EarthMJ2000Eq,37260.0,2026-03-24T01:06:00Z,-0.2091679889417719,-1.6571965753655604,-0.6335973466775613,1.7864762340199583,1.8411146045504978,0.0075133437249519375,-0.5912681924069574,1.9337418423293362
gmat_j2,numerical_j2_iau1976_1980,EarthMJ2000Eq,37320.0,2026-03-24T01:07:00Z,-0.09839690483204322,-1.6525437484915528,-0.6675255845038919,1.7849854894441863,1.8547266601165457,0.12824611772543903,-0.5452818758744371,1.937470096444296
gmat_j2,numerical_j2_iau1976_1980,EarthMJ2000Eq,37380.0,2026-03-24T01:08:00Z,0.013224992471805308,-1.6407806967890792,-0.6987834703977569,1.7834333556044837,1.860322402569281,0.2487607959622551,-0.49680812752583847,1.941519943416664
gmat_j2,numerical_j2_iau1976_1980,EarthMJ2000Eq,37440.0,2026-03-24T01:09:00Z,0.12519428037194302,-1.6253262699592597,-0.7278445768861275,1.7852497919787234,1.8612519543381723,0.3688562806303253,-0.4477213353393239,1.9495558949171294
gmat_j2,numerical_j2_iau1976_1980,EarthMJ2000Eq,37500.0,2026-03-24T01:10:00Z,0.23589018474012846,-1.596576746123901,-0.7522066239289416,1.7805943644196147,1.847674545363276,0.48566079691170216,-0.3936325962961007,1.9505676753466175
gmat_j2,numerical_j2_iau1976_1980,EarthMJ2000Eq,37560.0,2026-03-24T01:11:00Z,0.34661268728086725,-1.5646593574274448,-0.7745219440948858,1.7799391848189225,1.8298347568279638,0.6018473479585396,-0.3393960881226121,1.9559409940418222
gmat_j2,numerical_j2_iau1976_1980,EarthMJ2000Eq,37620.0,2026-03-24T01:12:00Z,0.4552838208837784,-1.5247869437189365,-0.7929590769890638,1.7779321356771791,1.8027068455772621,0.7144638729528197,-0.28308662436415943,1.9596807479127205
gmat_j2,numerical_j2_iau1976_1980,EarthMJ2000Eq,37680.0,2026-03-24T01:13:00Z,0.5627418104268145,-1.4788613138989604,-0.8084228079496825,1.7768670651916134,1.7682304838118057,0.8247853466869515,-0.2255500111125741,1.9641239063520735
gmat_j2,numerical_j2_iau1976_1980,EarthMJ2000Eq,37740.0,2026-03-24T01:14:00Z,0.6678817590000108,-1.4269532798607543,-0.8204899809243216,1.7763630022344832,1.726352719444435,0.9315290840916646,-0.1670788831731329,1.9687446506960298
gmat_j2,numerical_j2_iau1976_1980,EarthMJ2000Eq,37800.0,2026-03-24T01:15:00Z,0.7697158762312029,-1.3674104343408544,-0.8284828095384,1.7744457139533045,1.675302896853026,1.033376203274372,-0.10708401809722545,1.9712871837025023
gmat_j2,numerical_j2_iau1976_1980,EarthMJ2000Eq,37860.0,2026-03-24T01:16:00Z,0.8686047649462125,-1.3026047954554087,-0.8331626772815071,1.7735313748692412,1.6174729751128325,1.1310538958753114,-0.046717242074834076,1.974255363751649
gmat_j2,numerical_j2_iau1976_1980,EarthMJ2000Eq,37920.0,2026-03-24T01:17:00Z,0.9637175071475212,-1.2319152756390395,-0.8341306186139263,1.7726084082065883,1.5521567533482994,1.223530617266988,0.014138145765230092,1.976465948484858
gmat_j2,numerical_j2_iau1976_1980,EarthMJ2000Eq,37980.0,2026-03-24T01:18:00Z,1.054712914992706,-1.1558678797882749,-0.8314535341469309,1.771938167099539,1.4798497121049081,1.3104842029321162,0.07512536770448719,1.9781223009269011
gmat_j2,numerical_j2_iau1976_1980,EarthMJ2000Eq,38040.0,2026-03-24T01:19:00Z,1.141166222623724,-1.074778471775062,-0.8251189863131003,1.7715051376224666,1.4008386184372057,1.3914664549474764,0.13598091452848848,1.9791459115651786
gmat_j2,numerical_j2_iau1976_1980,EarthMJ2000Eq,38100.0,2026-03-24T01:20:00Z,1.222686568780773,-0.9890194169202005,-0.8151440703159096,1.771322022641073,1.315479668306807,1.466074034617293,0.19642404502917543,1.979505553963726
gmat_j2,numerical_j2_iau1976_1980,EarthMJ2000Eq,38160.0,2026-03-24T01:21:00Z,1.2989046008442529,-0.8989846282929648,-0.8015620064725226,1.7713915925683017,1.2241627080911144,1.5339306789208251,0.2561718313032202,1.9791770185530955
gmat_j2,numerical_j2_iau1976_1980,EarthMJ2000Eq,38220.0,2026-03-24T01:22:00Z,1.3694753911295265,-0.805089672212489,-0.7844230469800095,1.7717087073912532,1.12731171064695,1.594691708017848,0.3149397773682949,1.9781456973517964
gmat_j2,numerical_j2_iau1976_1980,EarthMJ2000Eq,38280.0,2026-03-24T01:23:00Z,1.434080427770823,-0.7077697600834654,-0.7637945210490216,1.772260358127004,1.0253828257589248,1.6480472222468734,0.37244336636987896,1.9764067514734713
gmat_j2,numerical_j2_iau1976_1980,EarthMJ2000Eq,38340.0,2026-03-24T01:24:00Z,1.4924316265023663,-0.6074778693800909,-0.7397619389308829,1.7730282704632356,0.9188625940126371,1.6937277163009412,0.42840001723831733,1.9739677348962483
gmat_j2,numerical_j2_iau1976_1980,EarthMJ2000Eq,38400.0,2026-03-24T01:25:00Z,1.5442439666912833,-0.5046777805546299,-0.7124131280562551,1.7739564695546715,0.808257873963214,1.7314710412108525,0.4825279158460205,1.9708135241432745
gmat_j2,numerical_j2_iau1976_1980,EarthMJ2000Eq,38460.0,2026-03-24T01:26:00Z,1.5894331522758876,-0.399874175855075,-0.681944211805785,1.7751746421366135,0.6941431580642643,1.7612669509503576,0.5345673019796493,1.9671446811923117
gmat_j2,numerical_j2_iau1976_1980,EarthMJ2000Eq,38520.0,2026-03-24T01:27:00Z,1.626783618121408,-0.29339113552850904,-0.6479374201262544,1.7754791463136796,0.5768177455678369,1.781712525072976,0.58414939507756,1.96174635194598
gmat_j2,numerical_j2_iau1976_1980,EarthMJ2000Eq,38580.0,2026-03-24T01:28:00Z,1.657813992096635,-0.18605327295517782,-0.6114617913226539,1.7767522548223273,0.4573343357350268,1.7947914902061157,0.6311599518582511,1.9567304548118518
gmat_j2,numerical_j2_iau1976_1980,EarthMJ2000Eq,38640.0,2026-03-24T01:29:00Z,1.6816241794685993,-0.0781830303822062,-0.5722538602412897,1.7780458227431155,0.3360311620070888,1.7994944705029825,0.6753022545602505,1.9511869275455906
gmat_j2,numerical_j2_iau1976_1980,EarthMJ2000Eq,38700.0,2026-03-24T01:30:00Z,1.6981144059400322,0.029718034966208506,-0.5304882104155695,1.7792957704252643,0.21350131351738355,1.795810359805916,0.7163438509039111,1.9451648187204464
gmat_j2,numerical_j2_iau1976_1980,EarthMJ2000Eq,38760.0,2026-03-24T01:31:00Z,1.7072314771269248,0.13714751730731223,-0.48635875782565563,1.7804475839828187,0.09034529302454075,1.7837896966188538,0.7540687341212049,1.938733506574441
gmat_j2,numerical_j2_iau1976_1980,EarthMJ2000Eq,38820.0,2026-03-24T01:32:00Z,1.7089553535925006,0.24360792394872988,-0.4400703085138957,1.7814418591743584,-0.03283738347903409,1.7635274895955177,0.7882780050927352,1.931965246484988
gmat_j2,numerical_j2_iau1976_1980,EarthMJ2000Eq,38880.0,2026-03-24T01:33:00Z,1.7033023671046976,0.3486088062345516,-0.39183931653496984,1.7822191513815964,-0.15545153075890994,1.7351663266218509,0.8187919151581013,1.9249383262291622
gmat_j2,numerical_j2_iau1976_1980,EarthMJ2000Eq,38940.0,2026-03-24T01:34:00Z,1.6903242765238247,0.45166963445808506,-0.341892382266451,1.782720398590065,-0.2769107423361561,1.6988941640150301,0.8454513560351984,1.9177353663024637
gmat_j2,numerical_j2_iau1976_1980,EarthMJ2000Eq,39000.0,2026-03-24T01:35:00Z,1.6701076597200881,0.5523224835997098,-0.29046500003460096,1.7828880046684261,-0.3966414467981849,1.6549423125233886,0.8681192174009311,1.9104422186287715
gmat_j2,numerical_j2_iau1976_1980,EarthMJ2000Eq,39060.0,2026-03-24T01:36:00Z,1.6427730233772309,0.6501145335278125,-0.23780020273989066,1.782666836361519,-0.514086789138446,1.6035829339955399,0.8866815024433095,1.9031467467706074
gmat_j2,numerical_j2_iau1976_1980,EarthMJ2000Eq,39120.0,2026-03-24T01:37:00Z,1.608473698979651,0.7446104591508629,-0.18414714804748655,1.7820052043471037,-0.6287102101154574,1.5451261106136371,0.9010481951676752,1.895937519017537
gmat_j2,numerical_j2_iau1976_1980,EarthMJ2000Eq,39180.0,2026-03-24T01:38:00Z,1.5673945727030514,0.8353946450370131,-0.1297596736549167,1.780855842678606,-0.7399987111966766,1.479916552860061,0.9111539340800334,1.8889024822873919
gmat_j2,numerical_j2_iau1976_1980,EarthMJ2000Eq,39240.0,2026-03-24T01:39:00Z,1.5197498400993936,0.9220724205079023,-0.07489456811526907,1.7791757421560712,-0.8474650678991225,1.4083292922961732,0.9169577919188043,1.8821264646695008
gmat_j2,numerical_j2_iau1976_1980,EarthMJ2000Eq,39300.0,2026-03-24T01:40:00Z,1.465786499920796,1.0042768353741849,-0.019811773199762683,1.7769340257242427,-0.9506547282711608,1.3307715978072565,0.9184467821832243,1.8756977234132135
gmat_j2,numerical_j2_iau1976_1980,EarthMJ2000Eq,39360.0,2026-03-24T01:41:00Z,1.4051285825189552,1.0810111198225059,0.03543812272255309,1.7731968968881417,-1.0485520354208688,1.2469371721834932,0.9151924174055637,1.8686601732885657
gmat_j2,numerical_j2_iau1976_1980,EarthMJ2000Eq,39420.0,2026-03-24T01:42:00Z,1.3395913983913488,1.1534337763805524,0.09009664699988207,1.7700372868785033,-1.1420933851979953,1.1590006918638096,0.9082317955488861,1.863476562422978
gmat_j2,numerical_j2_iau1976_1980,EarthMJ2000Eq,39480.0,2026-03-24T01:43:00Z,1.2686365926128929,1.2205119874124648,0.14420768411582685,1.766319385528004,-1.2302589738055758,1.0664430254436752,0.8971025289294943,1.858932708991453
gmat_j2,numerical_j2_iau1976_1980,EarthMJ2000Eq,39540.0,2026-03-24T01:44:00Z,1.1922938911084202,1.2815645359296468,0.19759997576329624,1.7615385698157973,-1.3123334028364297,0.9693960292267434,0.8816223716623384,1.8545095383675831
gmat_j2,numerical_j2_iau1976_1980,EarthMJ2000Eq,39600.0,2026-03-24T01:45:00Z,1.1112486326965154,1.3367330489018059,0.24993067654577317,1.7561873791753602,-1.3883687297600034,0.86870851934151,0.8621380047646454,1.8508117572058722
gmat_j2,numerical_j2_iau1976_1980,EarthMJ2000Eq,39660.0,2026-03-24T01:46:00Z,1.0258230176987126,1.3857525136700133,0.30097623084657243,1.7502027266342213,-1.4580514240414288,0.7648072193333633,0.8387322708580669,1.8477867463731845
gmat_j2,numerical_j2_iau1976_1980,EarthMJ2000Eq,39720.0,2026-03-24T01:47:00Z,0.9364132120026625,1.4284547182796814,0.3505032236716943,1.7436183916192434,-1.521162902751172,0.658186673163641,0.8115505641392851,1.8454702900863467
gmat_j2,numerical_j2_iau1976_1980,EarthMJ2000Eq,39780.0,2026-03-24T01:48:00Z,0.8434188366663875,1.4646901777268795,0.3982898774665955,1.7364640731283894,-1.5775071573465027,0.5493292469793687,0.7807482643451547,1.8438707398688055
gmat_j2,numerical_j2_iau1976_1980,EarthMJ2000Eq,39840.0,2026-03-24T01:49:00Z,0.7472510096704355,1.4943390735879802,0.44412401348381536,1.7287797655161978,-1.626919706509966,0.4387139016515107,0.7464963197312269,1.842985180164244
gmat_j2,numerical_j2_iau1976_1980,EarthMJ2000Eq,39900.0,2026-03-24T01:50:00Z,0.6483297702288837,1.5173097501701704,0.48780407678350457,1.7206141886701707,-1.669265193404712,0.3268135202461053,0.7089788622294257,1.8427979786227935
gmat_j2,numerical_j2_iau1976_1980,EarthMJ2000Eq,39960.0,2026-03-24T01:51:00Z,0.5470827400131384,1.5335449479607632,0.5291409220262722,1.7120308838333134,-1.7044423168410816,0.21409273287531505,0.6683946608410096,1.843288022081569
gmat_j2,numerical_j2_iau1976_1980,EarthMJ2000Eq,40020.0,2026-03-24T01:52:00Z,0.44394133692549076,1.542977997928574,0.5679514733856195,1.7030660259789574,-1.7323391979795488,0.10100824887615545,0.6249336417241125,1.8443816903656398
gmat_j2,numerical_j2_iau1976_1980,EarthMJ2000Eq,40080.0,2026-03-24T01:53:00Z,0.33934838575078174,1.5457193013739268,0.6040895755177189,1.6939095905037964,-1.7530192730763616,-0.011996562854221793,0.5788702770459508,1.846161229943026
gmat_j2,numerical_j2_iau1976_1980,EarthMJ2000Eq,40140.0,2026-03-24T01:54:00Z,0.2337366659048712,1.5417271659998733,0.6373951923706045,1.6845854429584408,-1.7663888129682004,-0.12449035491357563,0.530393083009173,1.8484977980916537
gmat_j2,numerical_j2_iau1976_1980,EarthMJ2000Eq,40200.0,2026-03-24T01:55:00Z,0.12753867031278787,1.5308775533640073,0.6677022706753633,1.6750159754712666,-1.7722712307710609,-0.23604162890933367,0.47964427740687654,1.8511400808275174
gmat_j2,numerical_j2_iau1976_1980,EarthMJ2000Eq,40260.0,2026-03-24T01:56:00Z,0.02120911085512489,1.5134074744764803,0.6949099088160438,1.6654584328512272,-1.7708445989583765,-0.3462320945502029,0.4269402154033486,1.8541966466600386
gmat_j2,numerical_j2_iau1976_1980,EarthMJ2000Eq,40320.0,2026-03-24T01:57:00Z,-0.08481551958539058,1.4893701293203776,0.7189007947090431,1.6559696274713591,-1.7620995393929917,-0.4546558738383055,0.3724936052940109,1.857540911078299
gmat_j2,numerical_j2_iau1976_1980,EarthMJ2000Eq,40380.0,2026-03-24T01:58:00Z,-0.19009749848919455,1.4588911826649564,0.7395788566100236,1.6466564386458986,-1.7460949979231088,-0.5609156570329787,0.3165443671626633,1.8610949606237857
gmat_j2,numerical_j2_iau1976_1980,EarthMJ2000Eq,40440.0,2026-03-24T01:59:00Z,-0.29420310420391615,1.4221113192434132,0.756860802994197,1.6376184982933242,-1.7229004374286205,-0.6646223367212656,0.25932940506123714,1.8647682183290188
gmat_j2,numerical_j2_iau1976_1980,EarthMJ2000Eq,40500.0,2026-03-24T02:00:00Z,-0.3967035427194787,1.3791951905659516,0.7706778415013105,1.6289559263121751,-1.6926061054967079,-0.7653948506103347,0.20108722686984493,1.8684701706250901
gmat_j2,numerical_j2_iau1976_1980,EarthMJ2000Eq,40560.0,2026-03-24T02:01:00Z,-0.4971760317857843,1.330330096607213,0.7809755102243798,1.6207667691840941,-1.655322255267322,-0.8628596299686819,0.1420569728516341,1.8721107588357995
gmat_j2,numerical_j2_iau1976_1980,EarthMJ2000Eq,40620.0,2026-03-24T02:02:00Z,-0.5952050278210663,1.275725523555593,0.7877137063587725,1.613145225880219,-1.6111797473961076,-0.956650333172604,0.0824781358765847,1.8756019517147864
gmat_j2,numerical_j2_iau1976_1980,EarthMJ2000Eq,40680.0,2026-03-24T02:03:00Z,-0.6903834610056947,1.215612725900428,0.7908667068932118,1.6061798687175055,-1.5603308707312635,-1.046407848370734,0.022590368686792317,1.878859264566204
gmat_j2,numerical_j2_iau1976_1980,EarthMJ2000Eq,40740.0,2026-03-24T02:04:00Z,-0.7823182413631002,1.150247526311432,0.7904258973212563,1.5999575937227637,-1.502954084742214,-1.1317861448034705,-0.037365766925034904,1.8818095171802869
gmat_j2,numerical_j2_iau1976_1980,EarthMJ2000Eq,40800.0,2026-03-24T02:05:00Z,-0.8705671316420194,1.0798576231536572,0.7863570760946459,1.5944707799463118,-1.4391956399961714,-1.2123684856035766,-0.09716342708188108,1.8842935457701369
gmat_j2,numerical_j2_iau1976_1980,EarthMJ2000Eq,40860.0,2026-03-24T02:06:00Z,-0.9551224929964519,1.0050327409771853,0.7789198252794449,1.5903037072450132,-1.3696144476327277,-1.2882984883333393,-0.15648123774525402,1.8868076499666189
gmat_j2,numerical_j2_iau1976_1980,EarthMJ2000Eq,40920.0,2026-03-24T02:07:00Z,-1.033817508869106,0.9246226318282424,0.7669490230455267,1.5849026647979987,-1.2927961536846055,-1.3568911727546151,-0.21548596551568266,1.8865072888847612
gmat_j2,numerical_j2_iau1976_1980,EarthMJ2000Eq,40980.0,2026-03-24T02:08:00Z,-1.1101641189270595,0.8420378853770671,0.7530355209155459,1.583841743080389,-1.2125175112842612,-1.4228678999472777,-0.27309571359879214,1.889267859425282
gmat_j2,numerical_j2_iau1976_1980,EarthMJ2000Eq,41040.0,2026-03-24T02:09:00Z,-1.1810368550868588,0.7553789137091371,0.7353892166293008,1.5831117005077406,-1.12652299488758,-1.482274662567562,-0.3296924617757213,1.8907377799821947
gmat_j2,numerical_j2_iau1976_1980,EarthMJ2000Eq,41100.0,2026-03-24T02:10:00Z,-1.2457067568902858,0.6647013551628334,0.7138109403967974,1.582131244349716,-1.0347841170599281,-1.5342841672705276,-0.38512037381366326,1.8902708211213777
gmat_j2,numerical_j2_iau1976_1980,EarthMJ2000Eq,41160.0,2026-03-24T02:11:00Z,-1.3049722588220902,0.5712689571737428,0.6891080638808944,1.58245718470715,-0.938657729321335,-1.5800531611986912,-0.43890122691792044,1.8895186191246482
gmat_j2,numerical_j2_iau1976_1980,EarthMJ2000Eq,41220.0,2026-03-24T02:12:00Z,-1.3582964388660912,0.4752604763780255,0.661202821056861,1.5836763895496215,-0.8382787157756866,-1.6189867251270584,-0.4908646160650676,1.8880617820306829
gmat_j2,numerical_j2_iau1976_1980,EarthMJ2000Eq,41280.0,2026-03-24T02:13:00Z,-1.4054858238523593,0.37712744506279705,0.6302428856770348,1.5858189070054796,-0.7341031995622416,-1.6509324258784375,-0.5407718681738061,1.8859797442795008
gmat_j2,numerical_j2_iau1976_1980,EarthMJ2000Eq,41340.0,2026-03-24T02:14:00Z,-1.4463215784417116,0.27729218618333107,0.5963557726431645,1.5888288996456732,-0.6265662344517864,-1.675699208281145,-0.5884004656842023,1.8832865397507976
gmat_j2,numerical_j2_iau1976_1980,EarthMJ2000Eq,41400.0,2026-03-24T02:15:00Z,-1.480615774880789,0.17619024947634898,0.5596847510105363,1.592643430699447,-0.5161301954714759,-1.6931318574942011,-0.6335331961260238,1.8800133446688199
gmat_j2,numerical_j2_iau1976_1980,EarthMJ2000Eq,41460.0,2026-03-24T02:16:00Z,-1.5082088916642533,0.07426550837408286,0.5203859068387828,1.5971884418144275,-0.40327930417305424,-1.7031084688923226,-0.6759602597661285,1.87620226168986
gmat_j2,numerical_j2_iau1976_1980,EarthMJ2000Eq,41520.0,2026-03-24T02:17:00Z,-1.5289710528918476,-0.028031900910718832,0.47862765723039047,1.6023803238668792,-0.2885170422572969,-1.705542776120339,-0.7154807404319286,1.8719056960162797
gmat_j2,numerical_j2_iau1976_1980,EarthMJ2000Eq,41580.0,2026-03-24T02:18:00Z,-1.5427986475344824,-0.1302466116612777,0.43458811660457286,1.6081227185067009,-0.1723637002015721,-1.700380585223371,-0.7519028666358452,1.8671800396873766
gmat_j2,numerical_j2_iau1976_1980,EarthMJ2000Eq,41640.0,2026-03-24T02:19:00Z,-1.5496811978437108,-0.23194216737465467,0.3884839784404903,1.6143818586263046,-0.055337672222322,-1.6876810735588776,-0.7850683960697324,1.8621659567619997
gmat_j2,numerical_j2_iau1976_1980,EarthMJ2000Eq,41700.0,2026-03-24T02:20:00Z,-1.5492240054300055,-0.332538104885316,0.34035706403301447,1.6206540473643596,0.061925004679608264,-1.6670429128229358,-0.8146829024724411,1.856495357112069
gmat_j2,numerical_j2_iau1976_1980,EarthMJ2000Eq,41760.0,2026-03-24T02:21:00Z,-1.54337757248868,-0.43225140871072654,0.2912884997385845,1.629019521575298,0.1793769959235192,-1.6408859413452603,-0.841294664599701,1.8526897991447437
gmat_j2,numerical_j2_iau1976_1980,EarthMJ2000Eq,41820.0,2026-03-24T02:22:00Z,-1.5258949683811807,-0.5283315103952191,0.23873011059549754,1.6323240196457431,0.2947046580104029,-1.6017912964905179,-0.8624491605324636,1.842933733878935
gmat_j2,numerical_j2_iau1976_1980,EarthMJ2000Eq,41880.0,2026-03-24T02:23:00Z,-1.5050671922836045,-0.6233698577489122,0.18653462302609114,1.639698874313768,0.40968361147974974,-1.5597842195624878,-0.8810779363876975,1.8376794614677647
gmat_j2,numerical_j2_iau1976_1980,EarthMJ2000Eq,41940.0,2026-03-24T02:24:00Z,-1.4798181282458245,-0.7170910885179183,0.13430863145913463,1.649884883984702,0.5240390068550482,-1.513590198953807,-0.8969435443262341,1.8357777351256763
gmat_j2,numerical_j2_iau1976_1980,EarthMJ2000Eq,42000.0,2026-03-24T02:25:00Z,-1.442249117189931,-0.8043805773922941,0.07908255838628975,1.653289049247595,0.6331985087371095,-1.453987870547735,-0.9061218859685027,1.8264933483037797
gmat_j2,numerical_j2_iau1976_1980,EarthMJ2000Eq,42060.0,2026-03-24T02:26:00Z,-1.4038851518307638,-0.8919967222027481,0.02554623688411084,1.6634915936578316,0.7428825226085678,-1.394573517998765,-0.9142558772268217,1.8255337708584045
gmat_j2,numerical_j2_iau1976_1980,EarthMJ2000Eq,42120.0,2026-03-24T02:27:00Z,-1.355894239168265,-0.9733779643283924,-0.02949165491372696,1.6693662291298825,0.8471362127338011,-1.3251183377249731,-0.9165374712516439,1.8203349439343084
gmat_j2,numerical_j2_iau1976_1980,EarthMJ2000Eq,42180.0,2026-03-24T02:28:00Z,-1.299716682297003,-1.0483768255653558,-0.08520218625562848,1.672009819099864,0.9455894680598931,-1.247444470386938,-0.9132889322582827,1.8122786271956677
gmat_j2,numerical_j2_iau1976_1980,EarthMJ2000Eq,42240.0,2026-03-24T02:29:00Z,-1.2423774014678202,-1.1234112935198937,-0.13915721046942053,1.6807496158891735,1.0440368836128755,-1.1695963255675679,-0.90915951078685,1.8123298803417178
gmat_j2,numerical_j2_iau1976_1980,EarthMJ2000Eq,42300.0,2026-03-24T02:30:00Z,-1.174667438135657,-1.1880994970852043,-0.19404902286623837,1.6819866314764944,1.1326920317245026,-1.0812707973428815,-0.8973819292101837,1.804835755073487
gmat_j2,numerical_j2_iau1976_1980,EarthMJ2000Eq,42360.0,2026-03-24T02:31:00Z,-1.1043116655855556,-1.2506257912718866,-0.24744706752244383,1.6866532470452344,1.2190863669658825,-0.9911810003870869,-0.8836245142251897,1.8026102262525094
gmat_j2,numerical_j2_iau1976_1980,EarthMJ2000Eq,42420.0,2026-03-24T02:32:00Z,-1.0304117840860272,-1.3100238188599178,-0.2996030029862595,1.6934204469540508,1.3022464386835964,-0.8983144432761492,-0.867378106894634,1.804206032132352
gmat_j2,numerical_j2_iau1976_1980,EarthMJ2000Eq,42480.0,2026-03-24T02:33:00Z,-0.9484325200901367,-1.3580469485532376,-0.35125927342960495,1.6932804956089176,1.374154992017651,-0.7979139304836735,-0.8438302788738028,1.7991715099153764
gmat_j2,numerical_j2_iau1976_1980,EarthMJ2000Eq,42540.0,2026-03-24T02:34:00Z,-0.8651523221487878,-1.4054684515940608,-0.40099008720062557,1.6984178399259742,1.445058201099414,-0.6972235153668294,-0.8197606103932387,1.801755059184641
gmat_j2,numerical_j2_iau1976_1980,EarthMJ2000Eq,42600.0,2026-03-24T02:35:00Z,-0.7754889848001767,-1.4416709032047947,-0.4493903425100143,1.6975717477134817,1.5045979311345548,-0.5910406803977253,-0.7890762005816065,1.7988288608379877
gmat_j2,numerical_j2_iau1976_1980,EarthMJ2000Eq,42660.0,2026-03-24T02:36:00Z,-0.6836443080828758,-1.4740004751274682,-0.4957229607498448,1.6987607820010173,1.5597832327962635,-0.483762245373498,-0.7563634574214717,1.7997320142409354
gmat_j2,numerical_j2_iau1976_1980,EarthMJ2000Eq,42720.0,2026-03-24T02:37:00Z,-0.5889246604056098,-1.5015406618203997,-0.5401980765782355,1.7009616623171526,1.609690410742104,-0.3745866470339365,-0.7211735845724654,1.8031943083473587
gmat_j2,numerical_j2_iau1976_1980,EarthMJ2000Eq,42780.0,2026-03-24T02:38:00Z,-0.4914148585157818,-1.5218188972312419,-0.5823445667374472,1.7019243560008255,1.6517670040627763,-0.263825238988602,-0.6824336407085241,1.8065585145266134
gmat_j2,numerical_j2_iau1976_1980,EarthMJ2000Eq,42840.0,2026-03-24T02:39:00Z,-0.39076051507436205,-1.5311726626237032,-0.6217006680344639,1.6981446415255208,1.6822988535558636,-0.15136231912293852,-0.6383929679332212,1.8057091587053087
gmat_j2,numerical_j2_iau1976_1980,EarthMJ2000Eq,42900.0,2026-03-24T02:40:00Z,-0.2890774940169649,-1.5374749071668248,-0.658734716125764,1.697446998861542,1.709004210592724,-0.038935504598214266,-0.5934825861864113,1.8095394290947318
gmat_j2,numerical_j2_iau1976_1980,EarthMJ2000Eq,42960.0,2026-03-24T02:41:00Z,-0.18597083362692501,-1.5359166959569848,-0.6928083889761183,1.695172177601732,1.7270200321772844,0.07351682640432955,-0.5453657494491893,1.8125746097687865
gmat_j2,numerical_j2_iau1976_1980,EarthMJ2000Eq,43020.0,2026-03-24T02:42:00Z,-0.0818019716462004,-1.5300449662163373,-0.7244864136737306,1.6948774955161163,1.7398459503104036,0.1859808627102666,-0.4959823849404188,1.8186949547071254
gmat_j2,numerical_j2_iau1976_1980,EarthMJ2000Eq,43080.0,2026-03-24T02:43:00Z,0.02278898591612233,-1.5171385111898417,-0.7530150460297591,1.6938890930523212,1.7446430491396825,0.2974668431576788,-0.44421569223018764,1.8247173679540478
gmat_j2,numerical_j2_iau1976_1980,EarthMJ2000Eq,43140.0,2026-03-24T02:44:00Z,0.12671347030845936,-1.4913348716163455,-0.7768262062199938,1.6862962247264577,1.7353780592532786,0.4061305221014777,-0.38747354835777514,1.8239009732430813
gmat_j2,numerical_j2_iau1976_1980,EarthMJ2000Eq,43200.0,2026-03-24T02:45:00Z,0.2313544418939273,-1.4676441001029161,-0.7995676619430014,1.6872499898876712,1.7272391406031318,0.5152540989428189,-0.3330155387004652,1.8329596788595166
