reference_model,comparison_model,frame,elapsed_seconds,timestamp_utc,position_delta_x_m,position_delta_y_m,position_delta_z_m,position_difference_m,velocity_delta_x_mm_s,velocity_delta_y_mm_s,velocity_delta_z_mm_s,velocity_difference_mm_s
gmat_two_body,numerical_two_body,EarthMJ2000Eq,0.0,2026-03-23T14:45:00Z,0.0,4.547473508864641e-10,0.0,4.547473508864641e-10,0.0,0.0,4.440892098500626e-10,4.440892098500626e-10
gmat_two_body,numerical_two_body,EarthMJ2000Eq,60.0,2026-03-23T14:46:00Z,-1.8189894035458565e-09,0.0,1.8189894035458565e-09,2.572439484307497e-09,0.0,-8.881784197001252e-10,2.7755575615628914e-10,9.305364597889227e-10
gmat_two_body,numerical_two_body,EarthMJ2000Eq,120.0,2026-03-23T14:47:00Z,-2.7284841053187847e-09,6.821210263296962e-10,9.094947017729282e-10,2.9558577807620168e-09,0.0,8.881784197001252e-10,6.106226635438361e-10,1.0778315928076986e-09
gmat_two_body,numerical_two_body,EarthMJ2000Eq,180.0,2026-03-23T14:48:00Z,-1.8189894035458565e-09,9.094947017729282e-10,9.094947017729282e-10,2.227797943108433e-09,4.440892098500626e-10,1.7763568394002505e-09,2.498001805406602e-10,1.8479878185170614e-09
gmat_two_body,numerical_two_body,EarthMJ2000Eq,240.0,2026-03-23T14:49:00Z,-2.7284841053187847e-09,4.547473508864641e-10,1.3642420526593924e-09,3.0842465926640525e-09,-4.440892098500626e-10,0.0,-1.6653345369377348e-10,4.742874840267547e-10
gmat_two_body,numerical_two_body,EarthMJ2000Eq,300.0,2026-03-23T14:50:00Z,-3.637978807091713e-09,7.958078640513122e-10,1.8189894035458565e-09,4.144505085959778e-09,-6.661338147750939e-10,8.881784197001252e-10,-5.551115123125783e-10,1.2412670766236365e-09
gmat_two_body,numerical_two_body,EarthMJ2000Eq,360.0,2026-03-23T14:51:00Z,-3.637978807091713e-09,7.958078640513122e-10,9.094947017729282e-10,3.8334554347073585e-09,7.771561172376096e-10,8.881784197001252e-10,-8.881784197001252e-10,1.4770556661825108e-09
gmat_two_body,numerical_two_body,EarthMJ2000Eq,420.0,2026-03-23T14:52:00Z,-3.637978807091713e-09,1.1937117960769683e-09,1.8189894035458565e-09,4.238933840384142e-09,9.992007221626409e-10,8.881784197001252e-10,-1.5543122344752192e-09,2.050158411106494e-09
gmat_two_body,numerical_two_body,EarthMJ2000Eq,480.0,2026-03-23T14:53:00Z,-3.637978807091713e-09,1.3642420526593924e-09,2.2737367544323206e-09,4.50176909753812e-09,5.273559366969494e-10,8.881784197001252e-10,-1.3322676295501878e-09,1.6857942418746734e-09
gmat_two_body,numerical_two_body,EarthMJ2000Eq,540.0,2026-03-23T14:54:00Z,-3.637978807091713e-09,1.8189894035458565e-09,1.8189894035458565e-09,4.455595886216866e-09,1.1102230246251565e-10,8.881784197001252e-10,-1.3322676295501878e-09,1.6050308076832566e-09
gmat_two_body,numerical_two_body,EarthMJ2000Eq,600.0,2026-03-23T14:55:00Z,-4.547473508864641e-09,9.094947017729282e-10,4.547473508864641e-10,4.659773715484152e-09,1.7763568394002505e-09,1.7763568394002505e-09,-2.4424906541753444e-09,3.5038047658940696e-09
gmat_two_body,numerical_two_body,EarthMJ2000Eq,660.0,2026-03-23T14:56:00Z,-3.637978807091713e-09,1.3642420526593924e-09,0.0,3.8853630691471744e-09,1.1102230246251565e-09,2.6645352591003757e-09,-1.7763568394002505e-09,3.3893637946200143e-09
gmat_two_body,numerical_two_body,EarthMJ2000Eq,720.0,2026-03-23T14:57:00Z,-2.7284841053187847e-09,9.094947017729282e-10,9.094947017729282e-10,3.016452674596985e-09,2.6645352591003757e-09,3.552713678800501e-09,-2.6645352591003757e-09,5.17892563931115e-09
gmat_two_body,numerical_two_body,EarthMJ2000Eq,780.0,2026-03-23T14:58:00Z,-1.8189894035458565e-09,1.3642420526593924e-09,-4.547473508864641e-10,2.3187656159247055e-09,3.552713678800501e-09,4.440892098500626e-09,-3.1086244689504383e-09,6.481268641478987e-09
gmat_two_body,numerical_two_body,EarthMJ2000Eq,840.0,2026-03-23T14:59:00Z,-2.7284841053187847e-09,1.8189894035458565e-09,-4.547473508864641e-10,3.3106106863126654e-09,3.9968028886505635e-09,5.329070518200751e-09,-3.9968028886505635e-09,7.768388458966725e-09
gmat_two_body,numerical_two_body,EarthMJ2000Eq,900.0,2026-03-23T15:00:00Z,-2.7284841053187847e-09,3.183231456205249e-09,-1.3642420526593924e-09,4.408939146211496e-09,3.9968028886505635e-09,4.440892098500626e-09,-3.1086244689504383e-09,6.734946328680592e-09
gmat_two_body,numerical_two_body,EarthMJ2000Eq,960.0,2026-03-23T15:01:00Z,-4.547473508864641e-09,4.092726157978177e-09,-1.3642420526593924e-09,6.2682596545028994e-09,4.440892098500626e-09,6.217248937900877e-09,-4.440892098500626e-09,8.837263695108355e-09
gmat_two_body,numerical_two_body,EarthMJ2000Eq,1020.0,2026-03-23T15:02:00Z,-2.7284841053187847e-09,3.637978807091713e-09,-6.821210263296962e-10,4.598348008620789e-09,6.217248937900877e-09,6.217248937900877e-09,-4.440892098500626e-09,9.850375187889265e-09
gmat_two_body,numerical_two_body,EarthMJ2000Eq,1080.0,2026-03-23T15:03:00Z,-1.8189894035458565e-09,3.637978807091713e-09,-1.5916157281026244e-09,4.3677056765542474e-09,7.105427357601002e-09,7.105427357601002e-09,-5.773159728050814e-09,1.158894167359027e-08
gmat_two_body,numerical_two_body,EarthMJ2000Eq,1140.0,2026-03-23T15:04:00Z,-1.8189894035458565e-09,2.7284841053187847e-09,-1.8189894035458565e-09,3.749942721349417e-09,7.105427357601002e-09,6.217248937900877e-09,-4.440892098500626e-09,1.0433733987432285e-08
gmat_two_body,numerical_two_body,EarthMJ2000Eq,1200.0,2026-03-23T15:05:00Z,-3.637978807091713e-09,4.547473508864641e-09,-2.9558577807620168e-09,6.53081161378626e-09,8.881784197001252e-09,7.105427357601002e-09,-4.440892098500626e-09,1.2210434516706244e-08
gmat_two_body,numerical_two_body,EarthMJ2000Eq,1260.0,2026-03-23T15:06:00Z,-3.183231456205249e-09,5.4569682106375694e-09,-3.410605131648481e-09,7.179393562113066e-09,9.769962616701378e-09,6.217248937900877e-09,-3.9968028886505635e-09,1.2250746394334409e-08
gmat_two_body,numerical_two_body,EarthMJ2000Eq,1320.0,2026-03-23T15:07:00Z,-3.183231456205249e-09,3.637978807091713e-09,-3.296918293926865e-09,5.851283837026936e-09,9.769962616701378e-09,5.773159728050814e-09,-4.440892098500626e-09,1.2186183381512667e-08
gmat_two_body,numerical_two_body,EarthMJ2000Eq,1380.0,2026-03-23T15:08:00Z,-1.8189894035458565e-09,5.4569682106375694e-09,-3.296918293926865e-09,6.629999603239109e-09,8.881784197001252e-09,5.329070518200751e-09,-3.552713678800501e-09,1.0950198975068617e-08
gmat_two_body,numerical_two_body,EarthMJ2000Eq,1440.0,2026-03-23T15:09:00Z,-1.3642420526593924e-09,7.275957614183426e-09,-3.296918293926865e-09,8.10372666237378e-09,1.0658141036401503e-08,6.661338147750939e-09,-2.6645352591003757e-09,1.284792373955795e-08
gmat_two_body,numerical_two_body,EarthMJ2000Eq,1500.0,2026-03-23T15:10:00Z,-4.547473508864641e-10,6.366462912410498e-09,-3.410605131648481e-09,7.236772245432598e-09,1.1546319456101628e-08,8.43769498715119e-09,-3.1086244689504383e-09,1.4634744130578597e-08
gmat_two_body,numerical_two_body,EarthMJ2000Eq,1560.0,2026-03-23T15:11:00Z,6.821210263296962e-10,5.4569682106375694e-09,-3.410605131648481e-09,6.471168249280576e-09,1.3322676295501878e-08,9.769962616701378e-09,-2.6645352591003757e-09,1.673456367382966e-08
gmat_two_body,numerical_two_body,EarthMJ2000Eq,1620.0,2026-03-23T15:12:00Z,6.821210263296962e-10,5.4569682106375694e-09,-3.637978807091713e-09,6.59383658785373e-09,1.3322676295501878e-08,1.1546319456101628e-08,-2.220446049250313e-09,1.7769118642034837e-08
gmat_two_body,numerical_two_body,EarthMJ2000Eq,1680.0,2026-03-23T15:13:00Z,1.8189894035458565e-09,5.4569682106375694e-09,-3.751665644813329e-09,6.867475490498217e-09,1.509903313490213e-08,1.3322676295501878e-08,-2.220446049250313e-09,2.0258452209910594e-08
gmat_two_body,numerical_two_body,EarthMJ2000Eq,1740.0,2026-03-23T15:14:00Z,2.8421709430404007e-09,4.547473508864641e-09,-3.865352482534945e-09,6.610476593826494e-09,1.4210854715202004e-08,1.509903313490213e-08,-1.3322676295501878e-09,2.0777490954930018e-08
gmat_two_body,numerical_two_body,EarthMJ2000Eq,1800.0,2026-03-23T15:15:00Z,3.524291969370097e-09,4.547473508864641e-09,-3.751665644813329e-09,6.868416433914361e-09,1.3322676295501878e-08,1.6112111644872584e-08,-8.881784197001252e-10,2.0925647092426735e-08
gmat_two_body,numerical_two_body,EarthMJ2000Eq,1860.0,2026-03-23T15:16:00Z,4.511946372076636e-09,4.547473508864641e-09,-3.865352482534945e-09,7.481853058738876e-09,1.509903313490213e-08,1.659783421814609e-08,-4.440892098500626e-10,2.2442506935907114e-08
gmat_two_body,numerical_two_body,EarthMJ2000Eq,1920.0,2026-03-23T15:17:00Z,5.172751116333529e-09,3.637978807091713e-09,-3.865352482534945e-09,7.4116930405014265e-09,1.2434497875801753e-08,1.787459069646502e-08,4.440892098500626e-10,2.1778772812437742e-08
gmat_two_body,numerical_two_body,EarthMJ2000Eq,1980.0,2026-03-23T15:18:00Z,5.7980287238024175e-09,6.366462912410498e-09,-2.5011104298755527e-09,8.96685789335197e-09,1.2434497875801753e-08,1.84297022087776e-08,1.7763568394002505e-09,2.2303051462712994e-08
gmat_two_body,numerical_two_body,EarthMJ2000Eq,2040.0,2026-03-23T15:19:00Z,6.59383658785373e-09,6.366462912410498e-09,-2.2737367544323206e-09,9.443537991180705e-09,1.1546319456101628e-08,1.9095836023552692e-08,1.3322676295501878e-09,2.235494091822904e-08
gmat_two_body,numerical_two_body,EarthMJ2000Eq,2100.0,2026-03-23T15:20:00Z,7.503331289626658e-09,9.094947017729282e-09,-3.183231456205249e-09,1.2212739422462423e-08,9.769962616701378e-09,2.042810365310288e-08,1.7763568394002505e-09,2.271376305270753e-08
gmat_two_body,numerical_two_body,EarthMJ2000Eq,2160.0,2026-03-23T15:21:00Z,8.185452315956354e-09,1.0913936421275139e-08,-2.2737367544323206e-09,1.3830600733622804e-08,9.769962616701378e-09,2.0872192862952943e-08,2.6645352591003757e-09,2.3199145514157097e-08
gmat_two_body,numerical_two_body,EarthMJ2000Eq,2220.0,2026-03-23T15:22:00Z,9.094947017729282e-09,1.000444171950221e-08,-2.7284841053187847e-09,1.3793170081137851e-08,8.881784197001252e-09,2.1760371282653068e-08,3.1086244689504383e-09,2.370787622225936e-08
gmat_two_body,numerical_two_body,EarthMJ2000Eq,2280.0,2026-03-23T15:23:00Z,9.549694368615746e-09,1.3642420526593924e-08,-1.3642420526593924e-09,1.670848457331325e-08,8.881784197001252e-09,2.1760371282653068e-08,3.552713678800501e-09,2.377018349454942e-08
gmat_two_body,numerical_two_body,EarthMJ2000Eq,2340.0,2026-03-23T15:24:00Z,8.640199666842818e-09,1.6370904631912708e-08,-9.094947017729282e-10,1.8533395516273988e-08,7.105427357601002e-09,2.3092638912203256e-08,3.9968028886505635e-09,2.448941614645548e-08
gmat_two_body,numerical_two_body,EarthMJ2000Eq,2400.0,2026-03-23T15:25:00Z,9.549694368615746e-09,1.6370904631912708e-08,-9.094947017729282e-10,1.8974466042914234e-08,5.329070518200751e-09,2.3092638912203256e-08,4.884981308350689e-09,2.419776863473771e-08
gmat_two_body,numerical_two_body,EarthMJ2000Eq,2460.0,2026-03-23T15:26:00Z,1.0913936421275139e-08,1.8189894035458565e-08,-4.547473508864641e-10,2.1217753141696822e-08,3.552713678800501e-09,2.220446049250313e-08,5.995204332975845e-09,2.327235087482141e-08
gmat_two_body,numerical_two_body,EarthMJ2000Eq,2520.0,2026-03-23T15:27:00Z,1.1823431123048067e-08,1.9099388737231493e-08,-4.547473508864641e-10,2.2467464672510005e-08,8.881784197001252e-10,2.3092638912203256e-08,6.439293542825908e-09,2.3990067406435197e-08
gmat_two_body,numerical_two_body,EarthMJ2000Eq,2580.0,2026-03-23T15:28:00Z,1.000444171950221e-08,2.091837814077735e-08,0.0,2.3187656159247056e-08,-8.881784197001252e-10,2.398081733190338e-08,8.215650382226158e-09,2.536464807590106e-08
gmat_two_body,numerical_two_body,EarthMJ2000Eq,2640.0,2026-03-23T15:29:00Z,1.000444171950221e-08,2.4556356947869062e-08,9.094947017729282e-10,2.653169239386411e-08,-3.552713678800501e-09,2.3092638912203256e-08,8.43769498715119e-09,2.4841224670074873e-08
gmat_two_body,numerical_two_body,EarthMJ2000Eq,2700.0,2026-03-23T15:30:00Z,1.000444171950221e-08,2.546585164964199e-08,1.8189894035458565e-09,2.74209258926591e-08,-4.440892098500626e-09,2.398081733190338e-08,9.992007221626409e-09,2.6356049226955037e-08
gmat_two_body,numerical_two_body,EarthMJ2000Eq,2760.0,2026-03-23T15:31:00Z,1.0913936421275139e-08,2.6830093702301383e-08,1.3642420526593924e-09,2.8997053172006162e-08,-7.993605777301127e-09,2.398081733190338e-08,1.1102230246251565e-08,2.7608637229494008e-08
gmat_two_body,numerical_two_body,EarthMJ2000Eq,2820.0,2026-03-23T15:32:00Z,9.094947017729282e-09,2.637534635141492e-08,3.183231456205249e-09,2.808041878099708e-08,-9.769962616701378e-09,2.1316282072803006e-08,1.199040866595169e-08,2.6336399733364745e-08
gmat_two_body,numerical_two_body,EarthMJ2000Eq,2880.0,2026-03-23T15:33:00Z,7.275957614183426e-09,2.864908310584724e-08,5.002220859751105e-09,2.997885480699462e-08,-1.199040866595169e-08,1.9539925233402755e-08,1.2545520178264269e-08,2.613366898555836e-08
gmat_two_body,numerical_two_body,EarthMJ2000Eq,2940.0,2026-03-23T15:34:00Z,8.185452315956354e-09,2.9103830456733704e-08,4.547473508864641e-09,3.057309425270725e-08,-1.4654943925052066e-08,1.9539925233402755e-08,1.27675647831893e-08,2.756060177257249e-08
gmat_two_body,numerical_two_body,EarthMJ2000Eq,3000.0,2026-03-23T15:35:00Z,8.185452315956354e-09,2.9103830456733704e-08,5.4569682106375694e-09,3.07215409594474e-08,-1.6431300764452317e-08,1.509903313490213e-08,1.2850831510036187e-08,2.5750967300668585e-08
gmat_two_body,numerical_two_body,EarthMJ2000Eq,3060.0,2026-03-23T15:36:00Z,4.547473508864641e-09,2.9103830456733704e-08,6.821210263296962e-09,3.023642459061973e-08,-1.887379141862766e-08,1.4210854715202004e-08,1.3877787807814457e-08,2.740002534103145e-08
gmat_two_body,numerical_two_body,EarthMJ2000Eq,3120.0,2026-03-23T15:37:00Z,2.7284841053187847e-09,3.058175934711471e-08,6.821210263296962e-09,3.145182887741066e-08,-2.0872192862952943e-08,1.0658141036401503e-08,1.454392162258955e-08,2.7582060499972755e-08
gmat_two_body,numerical_two_body,EarthMJ2000Eq,3180.0,2026-03-23T15:38:00Z,0.0,3.140598892059643e-08,6.366462912410498e-09,3.20447810118235e-08,-2.275957200481571e-08,8.881784197001252e-09,1.4432899320127035e-08,2.8375919212413466e-08
gmat_two_body,numerical_two_body,EarthMJ2000Eq,3240.0,2026-03-23T15:39:00Z,-9.094947017729282e-10,3.157651917717885e-08,9.094947017729282e-09,3.287281255406357e-08,-2.4369395390522186e-08,6.217248937900877e-09,1.532107773982716e-08,2.9449228159075085e-08
gmat_two_body,numerical_two_body,EarthMJ2000Eq,3300.0,2026-03-23T15:40:00Z,-9.094947017729282e-10,3.205968823749572e-08,9.549694368615746e-09,3.346412187749659e-08,-2.6173507805538065e-08,4.440892098500626e-09,1.554312234475219e-08,3.076300839809108e-08
gmat_two_body,numerical_two_body,EarthMJ2000Eq,3360.0,2026-03-23T15:41:00Z,-3.637978807091713e-09,3.2514435588382185e-08,1.000444171950221e-08,3.421275004367259e-08,-2.653433028854124e-08,8.881784197001252e-10,1.4210854715202004e-08,3.01132518420578e-08
gmat_two_body,numerical_two_body,EarthMJ2000Eq,3420.0,2026-03-23T15:42:00Z,-6.366462912410498e-09,3.183231456205249e-08,1.1823431123048067e-08,3.454882955924873e-08,-2.8199664825478976e-08,-4.440892098500626e-09,1.4876988529977098e-08,3.219110757058464e-08
gmat_two_body,numerical_two_body,EarthMJ2000Eq,3480.0,2026-03-23T15:43:00Z,-5.4569682106375694e-09,3.115019353572279e-08,1.2732925824820995e-08,3.409164794235222e-08,-2.8421709430404007e-08,-5.329070518200751e-09,1.3766765505351941e-08,3.2026807396517385e-08
gmat_two_body,numerical_two_body,EarthMJ2000Eq,3540.0,2026-03-23T15:44:00Z,-8.185452315956354e-09,3.0468072509393096e-08,1.3642420526593924e-08,3.4371801085757226e-08,-2.886579864025407e-08,-8.881784197001252e-09,1.3766765505351941e-08,3.319102671116311e-08
gmat_two_body,numerical_two_body,EarthMJ2000Eq,3600.0,2026-03-23T15:45:00Z,-1.000444171950221e-08,3.001332515850663e-08,1.4551915228366852e-08,3.482307823847195e-08,-2.9753977059954195e-08,-1.2434497875801753e-08,1.3766765505351941e-08,3.506336721974869e-08
gmat_two_body,numerical_two_body,EarthMJ2000Eq,3660.0,2026-03-23T15:46:00Z,-1.0913936421275139e-08,2.9558577807620168e-08,1.5916157281026244e-08,3.530081575277172e-08,-3.019806626980426e-08,-1.509903313490213e-08,1.2878587085651816e-08,3.6135329158139405e-08
gmat_two_body,numerical_two_body,EarthMJ2000Eq,3720.0,2026-03-23T15:47:00Z,-1.3642420526593924e-08,2.8194335754960775e-08,1.6370904631912708e-08,3.53417985529185e-08,-2.886579864025407e-08,-1.865174681370263e-08,1.1102230246251565e-08,3.6116222210842364e-08
gmat_two_body,numerical_two_body,EarthMJ2000Eq,3780.0,2026-03-23T15:48:00Z,-1.4551915228366852e-08,2.637534635141492e-08,1.8189894035458565e-08,3.5189336126046516e-08,-2.886579864025407e-08,-1.9539925233402755e-08,9.325873406851315e-09,3.608344390530483e-08
gmat_two_body,numerical_two_body,EarthMJ2000Eq,3840.0,2026-03-23T15:49:00Z,-1.6370904631912708e-08,2.4556356947869062e-08,1.864464138634503e-08,3.49090795845973e-08,-2.8421709430404007e-08,-2.1316282072803006e-08,7.993605777301127e-09,3.6415315207705135e-08
gmat_two_body,numerical_two_body,EarthMJ2000Eq,3900.0,2026-03-23T15:50:00Z,-1.7280399333685637e-08,2.3646862246096134e-08,1.864464138634503e-08,3.47189998076399e-08,-2.7533531010703882e-08,-2.220446049250313e-08,7.105427357601002e-09,3.6077977959063474e-08
gmat_two_body,numerical_two_body,EarthMJ2000Eq,3960.0,2026-03-23T15:51:00Z,-1.8189894035458565e-08,2.2737367544323206e-08,1.978150976356119e-08,3.5201821776617185e-08,-2.5757174171303632e-08,-2.220446049250313e-08,4.440892098500626e-09,3.4295650011109696e-08
gmat_two_body,numerical_two_body,EarthMJ2000Eq,4020.0,2026-03-23T15:52:00Z,-1.9099388737231493e-08,2.000888343900442e-08,2.0236257114447653e-08,3.4273140629559816e-08,-2.3092638912203256e-08,-2.5757174171303632e-08,4.440892098500626e-09,3.4877263594651457e-08
gmat_two_body,numerical_two_body,EarthMJ2000Eq,4080.0,2026-03-23T15:53:00Z,-2.1373125491663814e-08,1.8189894035458565e-08,2.0236257114447653e-08,3.4600416764912725e-08,-2.220446049250313e-08,-2.6645352591003757e-08,3.552713678800501e-09,3.48659526608062e-08
gmat_two_body,numerical_two_body,EarthMJ2000Eq,4140.0,2026-03-23T15:54:00Z,-2.1827872842550278e-08,1.6370904631912708e-08,2.0122570276726037e-08,3.390251297233736e-08,-2.3092638912203256e-08,-3.108624468950438e-08,1.7763568394002505e-09,3.876570680957627e-08
gmat_two_body,numerical_two_body,EarthMJ2000Eq,4200.0,2026-03-23T15:55:00Z,-2.3646862246096134e-08,1.6370904631912708e-08,2.034994395216927e-08,3.523209944651977e-08,-2.1316282072803006e-08,-3.375077994860476e-08,8.881784197001252e-10,3.9928534777169885e-08
gmat_two_body,numerical_two_body,EarthMJ2000Eq,4260.0,2026-03-23T15:56:00Z,-2.3646862246096134e-08,1.3642420526593924e-08,2.0179413695586845e-08,3.3948467844777855e-08,-1.687538997430238e-08,-3.419486915845482e-08,-1.3322676295501878e-09,3.8155508129041826e-08
gmat_two_body,numerical_two_body,EarthMJ2000Eq,4320.0,2026-03-23T15:57:00Z,-2.546585164964199e-08,1.000444171950221e-08,2.0179413695586845e-08,3.399716446202724e-08,-1.687538997430238e-08,-3.552713678800501e-08,-2.220446049250313e-09,3.939399212819177e-08
gmat_two_body,numerical_two_body,EarthMJ2000Eq,4380.0,2026-03-23T15:58:00Z,-2.637534635141492e-08,8.185452315956354e-09,1.992361831071321e-08,3.405306287788043e-08,-1.509903313490213e-08,-3.68594044175552e-08,-3.552713678800501e-09,3.999022718251668e-08
gmat_two_body,numerical_two_body,EarthMJ2000Eq,4440.0,2026-03-23T15:59:00Z,-2.773958840407431e-08,6.366462912410498e-09,1.9667822925839573e-08,3.45953735849858e-08,-1.509903313490213e-08,-3.885780586188048e-08,-4.884981308350689e-09,4.197347877399967e-08
gmat_two_body,numerical_two_body,EarthMJ2000Eq,4500.0,2026-03-23T16:00:00Z,-2.887645678129047e-08,3.637978807091713e-09,1.9383605831535533e-08,3.4968683433536974e-08,-1.2434497875801753e-08,-3.9745984281580604e-08,-7.105427357601002e-09,4.2247450832791265e-08
gmat_two_body,numerical_two_body,EarthMJ2000Eq,4560.0,2026-03-23T16:01:00Z,-2.9103830456733704e-08,2.7284841053187847e-09,1.887201506178826e-08,3.47941162448429e-08,-1.2434497875801753e-08,-3.952393967665557e-08,-7.993605777301127e-09,4.219782314658102e-08
gmat_two_body,numerical_two_body,EarthMJ2000Eq,4620.0,2026-03-23T16:02:00Z,-3.001332515850663e-08,-9.094947017729282e-10,1.830358087318018e-08,3.516600546641383e-08,-8.881784197001252e-09,-4.132805209167145e-08,-9.769962616701378e-09,4.3386013296288846e-08
gmat_two_body,numerical_two_body,EarthMJ2000Eq,4680.0,2026-03-23T16:03:00Z,-3.0325963962241076e-08,-1.8189894035458565e-09,1.77351466845721e-08,3.517823532544868e-08,-7.105427357601002e-09,-4.1022740759899534e-08,-9.769962616701378e-09,4.2764524163374127e-08
gmat_two_body,numerical_two_body,EarthMJ2000Eq,4740.0,2026-03-23T16:04:00Z,-3.0468072509393096e-08,-3.637978807091713e-09,1.6825651982799172e-08,3.499486957947918e-08,-3.552713678800501e-09,-4.218847493575595e-08,-1.1546319456101628e-08,4.388401400135128e-08
gmat_two_body,numerical_two_body,EarthMJ2000Eq,4800.0,2026-03-23T16:05:00Z,-3.0809133022557944e-08,-7.275957614183426e-09,1.6825651982799172e-08,3.585031103702362e-08,-2.6645352591003757e-09,-4.1522341120980855e-08,-1.3322676295501878e-08,4.3688651432480894e-08
gmat_two_body,numerical_two_body,EarthMJ2000Eq,4860.0,2026-03-23T16:06:00Z,-3.069544618483633e-08,-1.000444171950221e-08,1.5234036254696548e-08,3.569839115722876e-08,2.6645352591003757e-09,-4.374278717023117e-08,-1.509903313490213e-08,4.6352043958988496e-08
gmat_two_body,numerical_two_body,EarthMJ2000Eq,4920.0,2026-03-23T16:07:00Z,-3.001332515850663e-08,-1.0913936421275139e-08,1.546140993013978e-08,3.548195164172495e-08,3.552713678800501e-09,-4.3076653355456074e-08,-1.7319479184152442e-08,4.656376486067198e-08
gmat_two_body,numerical_two_body,EarthMJ2000Eq,4980.0,2026-03-23T16:08:00Z,-2.9331204132176936e-08,-1.3642420526593924e-08,1.4097167877480388e-08,3.528690005984841e-08,6.217248937900877e-09,-4.529709940470639e-08,-1.8207657603852567e-08,4.921382117103702e-08
gmat_two_body,numerical_two_body,EarthMJ2000Eq,5040.0,2026-03-23T16:09:00Z,-2.864908310584724e-08,-1.7280399333685637e-08,1.318767317570746e-08,3.5962437177236177e-08,7.993605777301127e-09,-4.574118861455645e-08,-2.042810365310288e-08,5.072929615180212e-08
gmat_two_body,numerical_two_body,EarthMJ2000Eq,5100.0,2026-03-23T16:10:00Z,-2.7284841053187847e-08,-2.091837814077735e-08,1.1368683772161603e-08,3.621171172493351e-08,1.2434497875801753e-08,-4.707345624410664e-08,-2.1316282072803006e-08,5.3149890889788696e-08
gmat_two_body,numerical_two_body,EarthMJ2000Eq,5160.0,2026-03-23T16:11:00Z,-2.6830093702301383e-08,-2.2737367544323206e-08,9.549694368615746e-09,3.644226218902836e-08,1.5987211554602254e-08,-4.796163466380676e-08,-2.398081733190338e-08,5.595524044110789e-08
gmat_two_body,numerical_two_body,EarthMJ2000Eq,5220.0,2026-03-23T16:12:00Z,-2.637534635141492e-08,-2.546585164964199e-08,8.640199666842818e-09,3.766724765205948e-08,1.687538997430238e-08,-4.884981308350689e-08,-2.4868995751603507e-08,5.7354598549476563e-08
gmat_two_body,numerical_two_body,EarthMJ2000Eq,5280.0,2026-03-23T16:13:00Z,-2.546585164964199e-08,-2.7284841053187847e-08,6.366462912410498e-09,3.786164287975889e-08,1.9539925233402755e-08,-4.884981308350689e-08,-2.531308496145357e-08,5.838548780892644e-08
gmat_two_body,numerical_two_body,EarthMJ2000Eq,5340.0,2026-03-23T16:14:00Z,-2.4556356947869062e-08,-3.183231456205249e-08,5.9117155615240335e-09,4.063568995118677e-08,2.3092638912203256e-08,-4.884981308350689e-08,-2.7977620220553945e-08,6.084670445824091e-08
gmat_two_body,numerical_two_body,EarthMJ2000Eq,5400.0,2026-03-23T16:15:00Z,-2.091837814077735e-08,-3.54702933691442e-08,3.183231456205249e-09,4.130197596044869e-08,2.5757174171303632e-08,-4.618527782440651e-08,-2.8421709430404007e-08,6.003586824519824e-08
gmat_two_body,numerical_two_body,EarthMJ2000Eq,5460.0,2026-03-23T16:16:00Z,-2.000888343900442e-08,-3.8198777474462986e-08,1.8189894035458565e-09,4.316029123476136e-08,2.8421709430404007e-08,-4.3520742565306136e-08,-3.086420008457935e-08,6.045202599783496e-08
gmat_two_body,numerical_two_body,EarthMJ2000Eq,5520.0,2026-03-23T16:17:00Z,-1.8189894035458565e-08,-4.001776687800884e-08,9.094947017729282e-10,4.3967272959969054e-08,2.9309887850104133e-08,-4.263256414560601e-08,-3.1308289294429414e-08,6.047159688612974e-08
gmat_two_body,numerical_two_body,EarthMJ2000Eq,5580.0,2026-03-23T16:18:00Z,-1.546140993013978e-08,-4.320099833421409e-08,-4.547473508864641e-10,4.5886689238315416e-08,3.3306690738754696e-08,-4.085620730620576e-08,-3.197442310920451e-08,6.165167521309652e-08
gmat_two_body,numerical_two_body,EarthMJ2000Eq,5640.0,2026-03-23T16:19:00Z,-1.1823431123048067e-08,-4.5929482439532876e-08,-2.7284841053187847e-09,4.750532081985973e-08,3.730349362740526e-08,-3.907985046680551e-08,-3.352873534367973e-08,6.358428613316549e-08
gmat_two_body,numerical_two_body,EarthMJ2000Eq,5700.0,2026-03-23T16:20:00Z,-1.000444171950221e-08,-4.8203219193965197e-08,-4.547473508864641e-09,4.9440051679728215e-08,4.04121180963557e-08,-3.6415315207705135e-08,-3.47499806707674e-08,6.455056643693399e-08
gmat_two_body,numerical_two_body,EarthMJ2000Eq,5760.0,2026-03-23T16:21:00Z,-7.275957614183426e-09,-4.956746124662459e-08,-6.821210263296962e-09,5.056087106740876e-08,4.263256414560601e-08,-3.552713678800501e-08,-3.647082635893639e-08,6.640658212320915e-08
gmat_two_body,numerical_two_body,EarthMJ2000Eq,5820.0,2026-03-23T16:22:00Z,-2.7284841053187847e-09,-5.2523319027386606e-08,-9.094947017729282e-09,5.3374729305364274e-08,4.6629367034256575e-08,-3.197442310920451e-08,-3.742145482377168e-08,6.78013781888645e-08
gmat_two_body,numerical_two_body,EarthMJ2000Eq,5880.0,2026-03-23T16:23:00Z,0.0,-5.3432813729159534e-08,-1.1823431123048067e-08,5.472530590628545e-08,5.129230373768223e-08,-2.8421709430404007e-08,-3.930189507173054e-08,7.059272587097261e-08
gmat_two_body,numerical_two_body,EarthMJ2000Eq,5940.0,2026-03-23T16:24:00Z,3.637978807091713e-09,-5.5365489970427006e-08,-1.4551915228366852e-08,5.736140345458675e-08,5.3512749786932545e-08,-2.5757174171303632e-08,-3.980149543281186e-08,7.149269507955246e-08
gmat_two_body,numerical_two_body,EarthMJ2000Eq,6000.0,2026-03-23T16:25:00Z,8.185452315956354e-09,-5.67297320230864e-08,-1.8189894035458565e-08,6.01343194028934e-08,5.595524044110789e-08,-2.3092638912203256e-08,-4.0745185003743245e-08,7.296868510354879e-08
gmat_two_body,numerical_two_body,EarthMJ2000Eq,6060.0,2026-03-23T16:26:00Z,1.0913936421275139e-08,-5.8051341511600185e-08,-2.000888343900442e-08,6.236527620382785e-08,5.873079800267078e-08,-1.5987211554602254e-08,-4.107825191113079e-08,7.343242027467465e-08
gmat_two_body,numerical_two_body,EarthMJ2000Eq,6120.0,2026-03-23T16:27:00Z,1.4551915228366852e-08,-5.8832938520936295e-08,-2.319211489520967e-08,6.48918106168602e-08,6.117328865684613e-08,-1.1546319456101628e-08,-4.218847493575595e-08,7.520210206823396e-08
gmat_two_body,numerical_two_body,EarthMJ2000Eq,6180.0,2026-03-23T16:28:00Z,1.9099388737231493e-08,-6.002665031701326e-08,-2.5011104298755527e-08,6.777566478213328e-08,6.400435736964027e-08,-8.881784197001252e-09,-4.218847493575595e-08,7.717066327450888e-08
gmat_two_body,numerical_two_body,EarthMJ2000Eq,6240.0,2026-03-23T16:29:00Z,2.1827872842550278e-08,-6.02540239924565e-08,-2.864908310584724e-08,7.019810113471594e-08,6.672440377997191e-08,-3.552713678800501e-09,-4.3298697960381105e-08,7.962126022200714e-08
gmat_two_body,numerical_two_body,EarthMJ2000Eq,6300.0,2026-03-23T16:30:00Z,2.4556356947869062e-08,-6.070877134334296e-08,-3.1377567211166024e-08,7.261626063534735e-08,6.994405055138486e-08,5.329070518200751e-09,-4.3298697960381105e-08,8.243389136263645e-08
gmat_two_body,numerical_two_body,EarthMJ2000Eq,6360.0,2026-03-23T16:31:00Z,2.8194335754960775e-08,-6.002665031701326e-08,-3.410605131648481e-08,7.45744061548407e-08,7.327471962526033e-08,7.993605777301127e-09,-4.3076653355456074e-08,8.537376841740992e-08
gmat_two_body,numerical_two_body,EarthMJ2000Eq,6420.0,2026-03-23T16:32:00Z,3.183231456205249e-08,-5.9117155615240335e-08,-3.5925040720030665e-08,7.614947727430479e-08,7.549516567451064e-08,1.3322676295501878e-08,-4.3076653355456074e-08,8.793527055853449e-08
gmat_two_body,numerical_two_body,EarthMJ2000Eq,6480.0,2026-03-23T16:33:00Z,3.728928277269006e-08,-5.775291356258094e-08,-3.774403012357652e-08,7.842513273586496e-08,7.72715225139109e-08,1.9539925233402755e-08,-4.130029651605582e-08,8.976865467444046e-08
gmat_two_body,numerical_two_body,EarthMJ2000Eq,6540.0,2026-03-23T16:34:00Z,4.274625098332763e-08,-5.729816621169448e-08,-4.092726157978177e-08,8.237331221198093e-08,7.860379014346108e-08,2.4868995751603507e-08,-3.952393967665557e-08,9.142846702299263e-08
gmat_two_body,numerical_two_body,EarthMJ2000Eq,6600.0,2026-03-23T16:35:00Z,4.8203219193965197e-08,-5.4569682106375694e-08,-4.320099833421409e-08,8.46624285201241e-08,7.72715225139109e-08,3.2862601528904634e-08,-3.730349362740526e-08,9.188247606412916e-08
gmat_two_body,numerical_two_body,EarthMJ2000Eq,6660.0,2026-03-23T16:36:00Z,5.184119800105691e-08,-5.3660187404602766e-08,-4.501998773775995e-08,8.714198080368573e-08,7.815970093361102e-08,3.9968028886505635e-08,-3.6415315207705135e-08,9.503924118373728e-08
gmat_two_body,numerical_two_body,EarthMJ2000Eq,6720.0,2026-03-23T16:37:00Z,5.547917680814862e-08,-5.275069270282984e-08,-4.774847184307873e-08,9.022467070201744e-08,7.993605777301127e-08,4.796163466380676e-08,-3.4638958368304884e-08,9.9448223557567e-08
gmat_two_body,numerical_two_body,EarthMJ2000Eq,6780.0,2026-03-23T16:38:00Z,5.820766091346741e-08,-5.093170329928398e-08,-4.9112713895738125e-08,9.162002431885797e-08,7.72715225139109e-08,5.417888360170764e-08,-3.375077994860476e-08,1.0022651728501975e-07
gmat_two_body,numerical_two_body,EarthMJ2000Eq,6840.0,2026-03-23T16:39:00Z,6.093614501878619e-08,-4.729372449219227e-08,-5.1386450650170445e-08,9.268482862106576e-08,7.460698725481052e-08,6.128431095930864e-08,-2.9753977059954195e-08,1.0103102725341843e-07
gmat_two_body,numerical_two_body,EarthMJ2000Eq,6900.0,2026-03-23T16:40:00Z,6.502887117676437e-08,-4.274625098332763e-08,-5.275069270282984e-08,9.40139970444946e-08,7.194245199571014e-08,6.483702463810914e-08,-2.6645352591003757e-08,1.0044665737483126e-07
gmat_two_body,numerical_two_body,EarthMJ2000Eq,6960.0,2026-03-23T16:41:00Z,6.957634468562901e-08,-3.8198777474462986e-08,-5.445599526865408e-08,9.625731016944465e-08,7.016609515630989e-08,7.105427357601002e-08,-2.3092638912203256e-08,1.0249517390993693e-07
gmat_two_body,numerical_two_body,EarthMJ2000Eq,7020.0,2026-03-23T16:42:00Z,7.321432349272072e-08,-3.2741809263825417e-08,-5.547917680814862e-08,9.752077879957326e-08,6.661338147750939e-08,7.904787935331115e-08,-1.9984014443252818e-08,1.0528661194754042e-07
gmat_two_body,numerical_two_body,EarthMJ2000Eq,7080.0,2026-03-23T16:43:00Z,7.776179700158536e-08,-2.8194335754960775e-08,-5.6274984672199935e-08,1.000434482684177e-07,6.128431095930864e-08,8.393286066166183e-08,-1.6431300764452317e-08,1.0521634622728101e-07
gmat_two_body,numerical_two_body,EarthMJ2000Eq,7140.0,2026-03-23T16:44:00Z,8.094502845779061e-08,-2.3646862246096134e-08,-5.718447937397286e-08,1.0188884339019021e-07,5.6843418860808015e-08,9.059419880941277e-08,-1.2434497875801753e-08,1.0767125829639026e-07
gmat_two_body,numerical_two_body,EarthMJ2000Eq,7200.0,2026-03-23T16:45:00Z,8.458300726488233e-08,-1.9099388737231493e-08,-5.766764843428973e-08,1.041375505955842e-07,5.1514348342607263e-08,9.50350909079134e-08,-7.549516567451064e-09,1.0836231720225009e-07
gmat_two_body,numerical_two_body,EarthMJ2000Eq,7260.0,2026-03-23T16:46:00Z,8.640199666842818e-08,-9.094947017729282e-09,-5.7987392665381776e-08,1.0445362989229024e-07,4.529709940470639e-08,9.947598300641403e-08,-2.220446049250313e-09,1.0932624931931881e-07
gmat_two_body,numerical_two_body,EarthMJ2000Eq,7320.0,2026-03-23T16:47:00Z,8.93578544491902e-08,-4.547473508864641e-09,-5.7980287238024175e-08,1.0661716266755683e-07,3.907985046680551e-08,1.0458300891968975e-07,1.3322676295501878e-09,1.116539986039037e-07
gmat_two_body,numerical_two_body,EarthMJ2000Eq,7380.0,2026-03-23T16:48:00Z,9.140421752817929e-08,0.0,-5.7696070143720135e-08,1.0809055227894707e-07,3.197442310920451e-08,1.071365218763276e-07,5.773159728050814e-09,1.1195502412205021e-07
gmat_two_body,numerical_two_body,EarthMJ2000Eq,7440.0,2026-03-23T16:49:00Z,9.28821464185603e-08,1.000444171950221e-08,-5.707079253625125e-08,1.0947263282735838e-07,2.4868995751603507e-08,1.0946799022804043e-07,9.769962616701378e-09,1.1268167554572203e-07
gmat_two_body,numerical_two_body,EarthMJ2000Eq,7500.0,2026-03-23T16:50:00Z,9.401901479577646e-08,1.6370904631912708e-08,-5.6274984672199935e-08,1.1079014198696538e-07,1.687538997430238e-08,1.1191048088221578e-07,1.3766765505351941e-08,1.1400990461601535e-07
gmat_two_body,numerical_two_body,EarthMJ2000Eq,7560.0,2026-03-23T16:51:00Z,9.487166607868858e-08,2.2737367544323206e-08,-5.502442945726216e-08,1.1200584245694084e-07,1.2434497875801753e-08,1.1368683772161603e-07,1.8207657603852567e-08,1.1580514929822208e-07
gmat_two_body,numerical_two_body,EarthMJ2000Eq,7620.0,2026-03-23T16:52:00Z,9.538325684843585e-08,2.7284841053187847e-08,-5.411493475548923e-08,1.130082050202695e-07,1.7763568394002505e-09,1.1568523916594131e-07,2.353672812205332e-08,1.1806865619288372e-07
gmat_two_body,numerical_two_body,EarthMJ2000Eq,7680.0,2026-03-23T16:53:00Z,9.515588317299262e-08,3.456079866737127e-08,-5.2295945351943374e-08,1.139471667362214e-07,-3.552713678800501e-09,1.1435297153639112e-07,2.6645352591003757e-08,1.1746999058646905e-07
gmat_two_body,numerical_two_body,EarthMJ2000Eq,7740.0,2026-03-23T16:54:00Z,9.5042196335271e-08,4.001776687800884e-08,-5.070432962384075e-08,1.1491461957791949e-07,-1.0658141036401503e-08,1.1324274851176597e-07,3.108624468950438e-08,1.1791467537904955e-07
gmat_two_body,numerical_two_body,EarthMJ2000Eq,7800.0,2026-03-23T16:55:00Z,9.481482265982777e-08,4.638422979041934e-08,-4.843059286940843e-08,1.1613298280397094e-07,-2.042810365310288e-08,1.1235457009206584e-07,3.552713678800501e-08,1.1959529375267436e-07
gmat_two_body,numerical_two_body,EarthMJ2000Eq,7860.0,2026-03-23T16:56:00Z,9.367795428261161e-08,5.275069270282984e-08,-4.638422979041934e-08,1.1708839170666697e-07,-2.6645352591003757e-08,1.0969003483296547e-07,3.863576125695545e-08,1.1930884545690878e-07
gmat_two_body,numerical_two_body,EarthMJ2000Eq,7920.0,2026-03-23T16:57:00Z,9.185896487906575e-08,6.002665031701326e-08,-4.4565240386873484e-08,1.1843702473329124e-07,-3.6415315207705135e-08,1.0791367799356522e-07,4.3520742565306136e-08,1.219241244102702e-07
gmat_two_body,numerical_two_body,EarthMJ2000Eq,7980.0,2026-03-23T16:58:00Z,8.822098607197404e-08,6.548361852765083e-08,-4.18367562815547e-08,1.1756428392649078e-07,-4.085620730620576e-08,1.0391687510491465e-07,4.6629367034256575e-08,1.210051423578085e-07
gmat_two_body,numerical_two_body,EarthMJ2000Eq,8040.0,2026-03-23T16:59:00Z,8.458300726488233e-08,7.09405867382884e-08,-3.865352482534945e-08,1.1696558017710877e-07,-4.884981308350689e-08,1.0125233984581428e-07,5.0182080713057076e-08,1.231120700306741e-07
gmat_two_body,numerical_two_body,EarthMJ2000Eq,8100.0,2026-03-23T17:00:00Z,8.185452315956354e-08,7.73070496506989e-08,-3.501554601825774e-08,1.1790942010853872e-07,-5.773159728050814e-08,9.769962616701378e-08,5.417888360170764e-08,1.2575176223838933e-07
gmat_two_body,numerical_two_body,EarthMJ2000Eq,8160.0,2026-03-23T17:01:00Z,7.685230229981244e-08,8.36735125631094e-08,-3.092281986027956e-08,1.1774444301767231e-07,-6.483702463810914e-08,9.14823772291129e-08,5.750955267558311e-08,1.260167201460114e-07
gmat_two_body,numerical_two_body,EarthMJ2000Eq,8220.0,2026-03-23T17:02:00Z,7.275957614183426e-08,8.913048077374697e-08,-2.7284841053187847e-08,1.1824830262881737e-07,-7.105427357601002e-08,8.526512829121202e-08,6.061817714453355e-08,1.2646507540130345e-07
gmat_two_body,numerical_two_body,EarthMJ2000Eq,8280.0,2026-03-23T17:03:00Z,6.730260793119669e-08,9.367795428261161e-08,-2.319211489520967e-08,1.1765659499674491e-07,-7.638334409421077e-08,7.638334409421077e-08,6.217248937900877e-08,1.2463646715793962e-07
gmat_two_body,numerical_two_body,EarthMJ2000Eq,8340.0,2026-03-23T17:04:00Z,6.366462912410498e-08,9.777068044058979e-08,-2.000888343900442e-08,1.1837502427370998e-07,-8.171241461241152e-08,6.838973831690964e-08,6.461498003318411e-08,1.2461609307603415e-07
gmat_two_body,numerical_two_body,EarthMJ2000Eq,8400.0,2026-03-23T17:05:00Z,5.820766091346741e-08,1.014086592476815e-07,-1.6370904631912708e-08,1.1806716087844562e-07,-8.748557434046234e-08,6.217248937900877e-08,6.683542608243442e-08,1.264362223924935e-07
gmat_two_body,numerical_two_body,EarthMJ2000Eq,8460.0,2026-03-23T17:06:00Z,5.275069270282984e-08,1.0459189070388675e-07,-1.2278178473934531e-08,1.1778307538980279e-07,-9.325873406851315e-08,5.5067062021407764e-08,6.838973831690964e-08,1.2808875480223315e-07
gmat_two_body,numerical_two_body,EarthMJ2000Eq,8520.0,2026-03-23T17:07:00Z,4.638422979041934e-08,1.0686562745831907e-07,-9.549694368615746e-09,1.1688864687318711e-07,-9.636735853746359e-08,4.796163466380676e-08,7.016609515630989e-08,1.2849228420647234e-07
gmat_two_body,numerical_two_body,EarthMJ2000Eq,8580.0,2026-03-23T17:08:00Z,3.9108272176235914e-08,1.1004885891452432e-07,-5.9117155615240335e-09,1.1694082555668825e-07,-1.0036416142611415e-07,4.085620730620576e-08,7.110978472724128e-08,1.2961016957850708e-07
gmat_two_body,numerical_two_body,EarthMJ2000Eq,8640.0,2026-03-23T17:09:00Z,3.183231456205249e-08,1.1232259566895664e-07,-1.3642420526593924e-09,1.1675411300921102e-07,-1.0391687510491465e-07,3.019806626980426e-08,7.166489623955385e-08,1.297940579958572e-07
gmat_two_body,numerical_two_body,EarthMJ2000Eq,8700.0,2026-03-23T17:10:00Z,2.637534635141492e-08,1.1323209037072957e-07,4.092726157978177e-09,1.163353583064339e-07,-1.0658141036401503e-07,2.3092638912203256e-08,7.227551890309769e-08,1.308304920109376e-07
gmat_two_body,numerical_two_body,EarthMJ2000Eq,8760.0,2026-03-23T17:11:00Z,1.8189894035458565e-08,1.1459633242338896e-07,8.185452315956354e-09,1.1631935900584164e-07,-1.1057821325266559e-07,1.509903313490213e-08,7.299716386910404e-08,1.3335706948150025e-07
gmat_two_body,numerical_two_body,EarthMJ2000Eq,8820.0,2026-03-23T17:12:00Z,1.000444171950221e-08,1.149373929365538e-07,1.1823431123048067e-08,1.1597623322341585e-07,-1.1257661469699087e-07,7.105427357601002e-09,7.294165271787278e-08,1.3432969134105703e-07
gmat_two_body,numerical_two_body,EarthMJ2000Eq,8880.0,2026-03-23T17:13:00Z,5.4569682106375694e-09,1.1532108601386426e-07,1.6370904631912708e-08,1.1660505091948706e-07,-1.163513729807164e-07,0.0,7.349676423018536e-08,1.376205520509391e-07
gmat_two_body,numerical_two_body,EarthMJ2000Eq,8940.0,2026-03-23T17:14:00Z,-9.094947017729282e-10,1.1516476661199704e-07,2.091837814077735e-08,1.1705267700248831e-07,-1.1768364061026659e-07,-7.105427357601002e-09,7.283063041541027e-08,1.3857931697019804e-07
gmat_two_body,numerical_two_body,EarthMJ2000Eq,9000.0,2026-03-23T17:15:00Z,-8.185452315956354e-09,1.1471001926111057e-07,2.5011104298755527e-08,1.1769003987910099e-07,-1.1962653090336062e-07,-1.687538997430238e-08,7.216449660063518e-08,1.4072313332348936e-07
gmat_two_body,numerical_two_body,EarthMJ2000Eq,9060.0,2026-03-23T17:16:00Z,-1.546140993013978e-08,1.127773430198431e-07,2.864908310584724e-08,1.1738208661652306e-07,-1.213473765915296e-07,-2.5757174171303632e-08,7.127631818093505e-08,1.430696730979954e-07
gmat_two_body,numerical_two_body,EarthMJ2000Eq,9120.0,2026-03-23T17:17:00Z,-2.2737367544323206e-08,1.1164047464262694e-07,3.319655661471188e-08,1.1867010926240206e-07,-1.2079226507921703e-07,-3.4638958368304884e-08,7.016609515630989e-08,1.439232769544014e-07
gmat_two_body,numerical_two_body,EarthMJ2000Eq,9180.0,2026-03-23T17:18:00Z,-3.001332515850663e-08,1.0913936421275139e-07,3.774403012357652e-08,1.1931811395510447e-07,-1.20570220474292e-07,-4.3520742565306136e-08,6.838973831690964e-08,1.4528726511883417e-07
gmat_two_body,numerical_two_body,EarthMJ2000Eq,9240.0,2026-03-23T17:19:00Z,-3.54702933691442e-08,1.0732037480920553e-07,4.18367562815547e-08,1.2052434914590378e-07,-1.199040866595169e-07,-5.1514348342607263e-08,6.616929226765933e-08,1.4631846541711457e-07
gmat_two_body,numerical_two_body,EarthMJ2000Eq,9300.0,2026-03-23T17:20:00Z,-4.18367562815547e-08,1.0413714335300028e-07,4.547473508864641e-08,1.210900918046894e-07,-1.1945999744966684e-07,-6.039613253960852e-08,6.261657858885883e-08,1.4778098568689784e-07
gmat_two_body,numerical_two_body,EarthMJ2000Eq,9360.0,2026-03-23T17:21:00Z,-4.9112713895738125e-08,1.0186340659856796e-07,4.956746124662459e-08,1.2347123342910864e-07,-1.1812772982011666e-07,-7.016609515630989e-08,6.084022174945858e-08,1.5026301622309498e-07
gmat_two_body,numerical_two_body,EarthMJ2000Eq,9420.0,2026-03-23T17:22:00Z,-5.820766091346741e-08,9.686118573881686e-08,5.275069270282984e-08,1.247110928200662e-07,-1.1501910535116622e-07,-7.904787935331115e-08,5.6843418860808015e-08,1.506955078753961e-07
gmat_two_body,numerical_two_body,EarthMJ2000Eq,9480.0,2026-03-23T17:23:00Z,-6.366462912410498e-08,9.367795428261161e-08,5.547917680814862e-08,1.2612169987513934e-07,-1.1146639167236572e-07,-8.615330671091215e-08,5.1958437552457326e-08,1.501560120760216e-07
gmat_two_body,numerical_two_body,EarthMJ2000Eq,9540.0,2026-03-23T17:24:00Z,-7.003109203651547e-08,8.640199666842818e-08,5.866240826435387e-08,1.2574154851715368e-07,-1.1013412404281553e-07,-9.50350909079134e-08,4.973799150320701e-08,1.5373698833178286e-07
gmat_two_body,numerical_two_body,EarthMJ2000Eq,9600.0,2026-03-23T17:25:00Z,-7.548806024715304e-08,8.094502845779061e-08,6.184563972055912e-08,1.2678891128310687e-07,-1.0391687510491465e-07,-1.0125233984581428e-07,4.440892098500626e-08,1.517330073480231e-07
gmat_two_body,numerical_two_body,EarthMJ2000Eq,9660.0,2026-03-23T17:26:00Z,-8.094502845779061e-08,7.457856554538012e-08,6.45741238258779e-08,1.2760829729574368e-07,-1.0036416142611415e-07,-1.0746958878371515e-07,3.9968028886505635e-08,1.5238149738462503e-07
gmat_two_body,numerical_two_body,EarthMJ2000Eq,9720.0,2026-03-23T17:27:00Z,-8.685674401931465e-08,6.730260793119669e-08,6.639311322942376e-08,1.2838138689183963e-07,-9.769962616701378e-08,-1.1457501614131615e-07,3.597122599785507e-08,1.5481143490306477e-07
gmat_two_body,numerical_two_body,EarthMJ2000Eq,9780.0,2026-03-23T17:28:00Z,-9.322320693172514e-08,6.002665031701326e-08,6.889422365929931e-08,1.3053803703340185e-07,-9.325873406851315e-08,-1.2256862191861728e-07,3.241851231905457e-08,1.573887495981568e-07
gmat_two_body,numerical_two_body,EarthMJ2000Eq,9840.0,2026-03-23T17:29:00Z,-9.913492249324918e-08,5.275069270282984e-08,7.037215254968032e-08,1.32523991385886e-07,-8.79296635503124e-08,-1.3100631690576847e-07,2.7977620220553945e-08,1.6024053180918778e-07
gmat_two_body,numerical_two_body,EarthMJ2000Eq,9900.0,2026-03-23T17:30:00Z,-1.0277290130034089e-07,4.3655745685100555e-08,7.207745511550456e-08,1.3290317117713692e-07,-8.171241461241152e-08,-1.354472090042691e-07,2.3092638912203256e-08,1.5986286341976426e-07
gmat_two_body,numerical_two_body,EarthMJ2000Eq,9960.0,2026-03-23T17:31:00Z,-1.0913936421275139e-07,3.637978807091713e-08,7.315748007385992e-08,1.3633380612161333e-07,-7.549516567451064e-08,-1.4210854715202004e-07,1.8207657603852567e-08,1.6194405827105495e-07
gmat_two_body,numerical_two_body,EarthMJ2000Eq,10020.0,2026-03-23T17:32:00Z,-1.1368683772161603e-07,2.8194335754960775e-08,7.398170964734163e-08,1.3853848202628785e-07,-6.927791673660977e-08,-1.4788170688007085e-07,1.3322676295501878e-08,1.6384725411432e-07
gmat_two_body,numerical_two_body,EarthMJ2000Eq,10080.0,2026-03-23T17:33:00Z,-1.1777956387959421e-07,1.7280399333685637e-08,7.467093610102893e-08,1.4052183661980437e-07,-6.394884621840902e-08,-1.538769112130467e-07,9.325873406851315e-09,1.6689676645140311e-07
gmat_two_body,numerical_two_body,EarthMJ2000Eq,10140.0,2026-03-23T17:34:00Z,-1.20508047984913e-07,8.185452315956354e-09,7.503331289626658e-08,1.421941957427937e-07,-5.595524044110789e-08,-1.580957587066223e-07,3.1086244689504383e-09,1.677346756038646e-07
gmat_two_body,numerical_two_body,EarthMJ2000Eq,10200.0,2026-03-23T17:35:00Z,-1.2391865311656147e-07,-9.094947017729282e-10,7.497646947740577e-08,1.4483829171228032e-07,-4.707345624410664e-08,-1.616484723854228e-07,-2.6645352591003757e-09,1.6838419954215894e-07
gmat_two_body,numerical_two_body,EarthMJ2000Eq,10260.0,2026-03-23T17:36:00Z,-1.261923898709938e-07,-1.2732925824820995e-08,7.480593922082335e-08,1.4725004313793193e-07,-3.8191672047105385e-08,-1.6564527527407336e-07,-9.769962616701378e-09,1.7027158660184305e-07
gmat_two_body,numerical_two_body,EarthMJ2000Eq,10320.0,2026-03-23T17:37:00Z,-1.2789769243681803e-07,-2.3646862246096134e-08,7.412381819449365e-08,1.4970415574886054e-07,-3.108624468950438e-08,-1.6834450500269327e-07,-1.4654943925052066e-08,1.718167464333555e-07
gmat_two_body,numerical_two_body,EarthMJ2000Eq,10380.0,2026-03-23T17:38:00Z,-1.2943246474605985e-07,-3.456079866737127e-08,7.275957614183426e-08,1.5245054166878508e-07,-2.220446049250313e-08,-1.7152945730458669e-07,-2.042810365310288e-08,1.7416285541937776e-07
gmat_two_body,numerical_two_body,EarthMJ2000Eq,10440.0,2026-03-23T17:39:00Z,-1.304556462855544e-07,-4.274625098332763e-08,7.207745511550456e-08,1.5505185312287918e-07,-1.2434497875801753e-08,-1.7386092565629951e-07,-2.6645352591003757e-08,1.7632984155323096e-07
gmat_two_body,numerical_two_body,EarthMJ2000Eq,10500.0,2026-03-23T17:40:00Z,-1.3108092389302328e-07,-5.3660187404602766e-08,6.957634468562901e-08,1.5780523457971573e-07,-2.6645352591003757e-09,-1.7474910407599964e-07,-3.3306690738754696e-08,1.7791482448486015e-07
gmat_two_body,numerical_two_body,EarthMJ2000Eq,10560.0,2026-03-23T17:41:00Z,-1.3073986337985843e-07,-6.45741238258779e-08,6.798472895752639e-08,1.608870806369865e-07,7.993605777301127e-09,-1.765254609153999e-07,-3.863576125695545e-08,1.8088078431005803e-07
gmat_two_body,numerical_two_body,EarthMJ2000Eq,10620.0,2026-03-23T17:42:00Z,-1.3073986337985843e-07,-7.457856554538012e-08,6.45741238258779e-08,1.6378245261098766e-07,1.7763568394002505e-08,-1.7674750552032492e-07,-4.529709940470639e-08,1.8332226347125857e-07
gmat_two_body,numerical_two_body,EarthMJ2000Eq,10680.0,2026-03-23T17:43:00Z,-1.2892087397631258e-07,-8.458300726488233e-08,6.207301339600235e-08,1.6621653304303905e-07,2.9309887850104133e-08,-1.7763568394002505e-07,-5.1514348342607263e-08,1.8726247306865742e-07
gmat_two_body,numerical_two_body,EarthMJ2000Eq,10740.0,2026-03-23T17:44:00Z,-1.2823875294998288e-07,-9.731593308970332e-08,5.9117155615240335e-08,1.7149462580303473e-07,3.9968028886505635e-08,-1.745270594710746e-07,-5.728750807065808e-08,1.8798669208653648e-07
gmat_two_body,numerical_two_body,EarthMJ2000Eq,10800.0,2026-03-23T17:45:00Z,-1.255102688446641e-07,-1.064108801074326e-07,5.5933924159035087e-08,1.737950139173358e-07,5.1514348342607263e-08,-1.7275070263167436e-07,-6.217248937900877e-08,1.906881007836714e-07
gmat_two_body,numerical_two_body,EarthMJ2000Eq,10860.0,2026-03-23T17:46:00Z,-1.2141754268668592e-07,-1.1823431123048067e-07,5.1386450650170445e-08,1.7709358919690393e-07,6.217248937900877e-08,-1.7053025658242404e-07,-6.705747068735946e-08,1.935011401016449e-07
gmat_two_body,numerical_two_body,EarthMJ2000Eq,10920.0,2026-03-23T17:47:00Z,-1.1732481652870774e-07,-1.2823875294998288e-07,4.729372449219227e-08,1.801304713478679e-07,7.283063041541027e-08,-1.6342482922482304e-07,-7.37188088351104e-08,1.935108222036592e-07
gmat_two_body,numerical_two_body,EarthMJ2000Eq,10980.0,2026-03-23T17:48:00Z,-1.127773430198431e-07,-1.3733369996771216e-07,4.274625098332763e-08,1.827744955363482e-07,8.526512829121202e-08,-1.6076029396572267e-07,-7.971401316808624e-08,1.986663990558651e-07
gmat_two_body,numerical_two_body,EarthMJ2000Eq,11040.0,2026-03-23T17:49:00Z,-1.0732037480920553e-07,-1.4642864698544145e-07,3.774403012357652e-08,1.8542821607604612e-07,9.769962616701378e-08,-1.545430450278218e-07,-8.526512829121202e-08,2.017397130516509e-07
gmat_two_body,numerical_two_body,EarthMJ2000Eq,11100.0,2026-03-23T17:50:00Z,-1.0095391189679503e-07,-1.546140993013978e-07,3.319655661471188e-08,1.8761456073855814e-07,1.092459456231154e-07,-1.474376176702208e-07,-8.926193117986259e-08,2.0405935434896733e-07
gmat_two_body,numerical_two_body,EarthMJ2000Eq,11160.0,2026-03-23T17:51:00Z,-9.458744898438454e-08,-1.6189005691558123e-07,2.773958840407431e-08,1.8953801940067626e-07,1.199040866595169e-07,-1.4210854715202004e-07,-9.348077867343818e-08,2.0811171315594705e-07
gmat_two_body,numerical_two_body,EarthMJ2000Eq,11220.0,2026-03-23T17:52:00Z,-8.640199666842818e-08,-1.7053025658242404e-07,2.1373125491663814e-08,1.923608170382962e-07,1.305622276959184e-07,-1.3145040611561853e-07,-9.814371537686384e-08,2.096613780286125e-07
gmat_two_body,numerical_two_body,EarthMJ2000Eq,11280.0,2026-03-23T17:53:00Z,-7.821654435247183e-08,-1.7826096154749393e-07,1.546140993013978e-08,1.952789118653295e-07,1.4033219031261979e-07,-1.2256862191861728e-07,-1.021405182655144e-07,2.1248264914696957e-07
gmat_two_body,numerical_two_body,EarthMJ2000Eq,11340.0,2026-03-23T17:54:00Z,-6.912159733474255e-08,-1.8553691916167736e-07,9.549694368615746e-09,1.982244693589746e-07,1.4921397450962104e-07,-1.1191048088221578e-07,-1.0513812043200232e-07,2.1410929519341482e-07
gmat_two_body,numerical_two_body,EarthMJ2000Eq,11400.0,2026-03-23T17:55:00Z,-6.093614501878619e-08,-1.9099388737231493e-07,1.8189894035458565e-09,2.0048737492867045e-07,1.5853984791647235e-07,-9.947598300641403e-08,-1.0813572259849025e-07,2.1615663088225674e-07
gmat_two_body,numerical_two_body,EarthMJ2000Eq,11460.0,2026-03-23T17:56:00Z,-5.184119800105691e-08,-1.9736035028472543e-07,-4.092726157978177e-09,2.0409646758848745e-07,1.6697754290362354e-07,-8.881784197001252e-08,-1.1060596882828122e-07,2.190976705188448e-07
gmat_two_body,numerical_two_body,EarthMJ2000Eq,11520.0,2026-03-23T17:57:00Z,-4.274625098332763e-08,-2.0327206584624946e-07,-1.0459189070388675e-08,2.079811755004326e-07,1.758593271006248e-07,-7.460698725481052e-08,-1.1243089792500882e-07,2.2166057900255462e-07
gmat_two_body,numerical_two_body,EarthMJ2000Eq,11580.0,2026-03-23T17:58:00Z,-3.092281986027956e-08,-2.0759216567967087e-07,-1.77351466845721e-08,2.1063063278547712e-07,1.8141044222375058e-07,-6.039613253960852e-08,-1.1302070390684094e-07,2.2210610276432414e-07
gmat_two_body,numerical_two_body,EarthMJ2000Eq,11640.0,2026-03-23T17:59:00Z,-2.000888343900442e-08,-2.1077539713587612e-07,-2.4556356947869062e-08,2.1314229547608122e-07,1.8562928971732617e-07,-4.529709940470639e-08,-1.13464793116691e-07,2.2222583038983644e-07
gmat_two_body,numerical_two_body,EarthMJ2000Eq,11700.0,2026-03-23T18:00:00Z,-1.1823431123048067e-08,-2.1265122995828278e-07,-3.1377567211166024e-08,2.152786353783932e-07,1.91402449445377e-07,-2.7533531010703882e-08,-1.1313172620930345e-07,2.240352214690902e-07
gmat_two_body,numerical_two_body,EarthMJ2000Eq,11760.0,2026-03-23T18:01:00Z,3.637978807091713e-09,-2.1397283944679657e-07,-3.8198777474462986e-08,2.1738619438977484e-07,1.9645396420742145e-07,-1.3322676295501878e-08,-1.1324274851176597e-07,2.271465910969932e-07
gmat_two_body,numerical_two_body,EarthMJ2000Eq,11820.0,2026-03-23T18:02:00Z,1.2732925824820995e-08,-2.1407231542980298e-07,-4.4565240386873484e-08,2.1903229050593722e-07,1.9959034425198752e-07,2.6645352591003757e-09,-1.1213252548714081e-07,2.2894782929501245e-07
gmat_two_body,numerical_two_body,EarthMJ2000Eq,11880.0,2026-03-23T18:03:00Z,2.4556356947869062e-08,-2.1395862859208137e-07,-5.1386450650170445e-08,2.2140884518459912e-07,2.0095036745715333e-07,1.865174681370263e-08,-1.0969003483296547e-07,2.296972824872436e-07
gmat_two_body,numerical_two_body,EarthMJ2000Eq,11940.0,2026-03-23T18:04:00Z,3.8198777474462986e-08,-2.1259438653942198e-07,-5.820766091346741e-08,2.2370438435049481e-07,2.0128343436454088e-07,3.552713678800501e-08,-1.0635936575909e-07,2.3041161663990371e-07
gmat_two_body,numerical_two_body,EarthMJ2000Eq,12000.0,2026-03-23T18:05:00Z,4.8203219193965197e-08,-2.1032064978498966e-07,-6.45741238258779e-08,2.252290912260704e-07,2.0317081350640365e-07,5.240252676230739e-08,-1.0369483049998962e-07,2.3404491480130424e-07
gmat_two_body,numerical_two_body,EarthMJ2000Eq,12060.0,2026-03-23T18:06:00Z,6.184563972055912e-08,-2.0554580260068178e-07,-6.912159733474255e-08,2.2550333775203845e-07,2.020605904817785e-07,7.105427357601002e-08,-9.992007221626409e-08,2.3634976803661747e-07
gmat_two_body,numerical_two_body,EarthMJ2000Eq,12120.0,2026-03-23T18:07:00Z,7.548806024715304e-08,-2.014530764427036e-07,-7.639755494892597e-08,2.2829449325439664e-07,2.007283228522283e-07,8.704148513061227e-08,-9.592326932761353e-08,2.3889192813343204e-07
gmat_two_body,numerical_two_body,EarthMJ2000Eq,12180.0,2026-03-23T18:08:00Z,8.822098607197404e-08,-1.9554136088117957e-07,-8.094502845779061e-08,2.2928467857841628e-07,1.971756091734278e-07,1.021405182655144e-07,-9.14823772291129e-08,2.4016646657672663e-07
gmat_two_body,numerical_two_body,EarthMJ2000Eq,12240.0,2026-03-23T18:09:00Z,9.822542779147625e-08,-1.8781065591610968e-07,-8.640199666842818e-08,2.2888071602638116e-07,1.91402449445377e-07,1.1812772982011666e-07,-8.482103908136196e-08,2.403823347856213e-07
gmat_two_body,numerical_two_body,EarthMJ2000Eq,12300.0,2026-03-23T18:10:00Z,1.1186784831807017e-07,-1.8053469830192626e-07,-9.140421752817929e-08,2.312183465043832e-07,1.8607337892717624e-07,1.3233858453531866e-07,-7.949196856316121e-08,2.41776294057616e-07
gmat_two_body,numerical_two_body,EarthMJ2000Eq,12360.0,2026-03-23T18:11:00Z,1.2187229003757238e-07,-1.7189449863508344e-07,-9.549694368615746e-08,2.313444185482027e-07,1.794120407794253e-07,1.4654943925052066e-07,-7.283063041541027e-08,2.4283681608847186e-07
gmat_two_body,numerical_two_body,EarthMJ2000Eq,12420.0,2026-03-23T18:12:00Z,1.3278622645884752e-07,-1.5916157281026244e-07,-1.0027179087046534e-07,2.3025859428257427e-07,1.7053025658242404e-07,1.6431300764452317e-07,-6.750155989720952e-08,2.462433623060997e-07
gmat_two_body,numerical_two_body,EarthMJ2000Eq,12480.0,2026-03-23T18:13:00Z,1.418811734765768e-07,-1.5006662579253316e-07,-1.0413714335300028e-07,2.3128943812800876e-07,1.616484723854228e-07,1.7852386235972517e-07,-6.039613253960852e-08,2.4829154412125446e-07
gmat_two_body,numerical_two_body,EarthMJ2000Eq,12540.0,2026-03-23T18:14:00Z,1.5279510989785194e-07,-1.382431946694851e-07,-1.0663825378287584e-07,2.3201130069671787e-07,1.5365486660812167e-07,1.9273471707492718e-07,-5.1958437552457326e-08,2.519050782163879e-07
gmat_two_body,numerical_two_body,EarthMJ2000Eq,12600.0,2026-03-23T18:15:00Z,1.6007106751203537e-07,-1.2732925824820995e-07,-1.1004885891452432e-07,2.3226329457938637e-07,1.438849039914203e-07,2.0516921495072893e-07,-4.3520742565306136e-08,2.5434489850113817e-07
gmat_two_body,numerical_two_body,EarthMJ2000Eq,12660.0,2026-03-23T18:16:00Z,1.6825651982799172e-07,-1.1459633242338896e-07,-1.1289102985756472e-07,2.3278092811014568e-07,1.3322676295501878e-07,2.1715962361668062e-07,-3.6415315207705135e-08,2.573591802879541e-07
gmat_two_body,numerical_two_body,EarthMJ2000Eq,12720.0,2026-03-23T18:17:00Z,1.7553247744217515e-07,-1.000444171950221e-07,-1.1482370609883219e-07,2.3238980083289014e-07,1.2079226507921703e-07,2.2648549702353193e-07,-2.7533531010703882e-08,2.581560516332738e-07
gmat_two_body,numerical_two_body,EarthMJ2000Eq,12780.0,2026-03-23T18:18:00Z,1.8326318240724504e-07,-8.822098607197404e-08,-1.1641532182693481e-07,2.343520078122042e-07,1.0835776720341528e-07,2.3536728122053319e-07,-1.7319479184152442e-08,2.596904448409017e-07
gmat_two_body,numerical_two_body,EarthMJ2000Eq,12840.0,2026-03-23T18:19:00Z,1.8917489796876907e-07,-7.275957614183426e-08,-1.1743850336642936e-07,2.3424965317963738e-07,9.681144774731365e-08,2.41140440948584e-07,-1.021405182655144e-08,2.600490252443255e-07
gmat_two_body,numerical_two_body,EarthMJ2000Eq,12900.0,2026-03-23T18:20:00Z,1.9599610823206604e-07,-5.9117155615240335e-08,-1.1762324447772698e-07,2.3610281694977598e-07,8.43769498715119e-08,2.4868995751603507e-07,4.440892098500626e-10,2.626144738093718e-07
gmat_two_body,numerical_two_body,EarthMJ2000Eq,12960.0,2026-03-23T18:21:00Z,2.0031620806548744e-07,-4.3655745685100555e-08,-1.1721112969098613e-07,2.3615854053684995e-07,6.927791673660977e-08,2.5512925105886097e-07,9.325873406851315e-09,2.645322974761694e-07
gmat_two_body,numerical_two_body,EarthMJ2000Eq,13020.0,2026-03-23T18:22:00Z,2.0372681319713593e-07,-2.7284841053187847e-08,-1.163016349892132e-07,2.3616762535945232e-07,5.417888360170764e-08,2.5912605394751154e-07,1.865174681370263e-08,2.653856644996834e-07
gmat_two_body,numerical_two_body,EarthMJ2000Eq,13080.0,2026-03-23T18:23:00Z,2.0656898414017633e-07,-1.0913936421275139e-08,-1.149373929365538e-07,2.3664417066972899e-07,3.9968028886505635e-08,2.6201263381153694e-07,2.7533531010703882e-08,2.664698086835514e-07
gmat_two_body,numerical_two_body,EarthMJ2000Eq,13140.0,2026-03-23T18:24:00Z,2.0861534721916541e-07,1.8189894035458565e-09,-1.1289102985756472e-07,2.3720888777641685e-07,2.4868995751603507e-08,2.634004125923184e-07,3.730349362740526e-08,2.671886878973485e-07
gmat_two_body,numerical_two_body,EarthMJ2000Eq,13200.0,2026-03-23T18:25:00Z,2.0963852875865996e-07,1.9099388737231493e-08,-1.1038991942768916e-07,2.376952538471963e-07,1.0658141036401503e-08,2.6439961331448103e-07,4.618527782440651e-08,2.68614652204448e-07
gmat_two_body,numerical_two_body,EarthMJ2000Eq,13260.0,2026-03-23T18:26:00Z,2.0958168533979915e-07,3.456079866737127e-08,-1.070930011337623e-07,2.3788199285829344e-07,-6.217248937900877e-09,2.65898414397725e-07,5.417888360170764e-08,2.714331821865328e-07
gmat_two_body,numerical_two_body,EarthMJ2000Eq,13320.0,2026-03-23T18:27:00Z,2.0884272089460865e-07,5.275069270282984e-08,-1.0322764865122736e-07,2.388595091206398e-07,-2.042810365310288e-08,2.644551244657123e-07,6.217248937900877e-08,2.724320809130603e-07
gmat_two_body,numerical_two_body,EarthMJ2000Eq,13380.0,2026-03-23T18:28:00Z,2.0736479200422764e-07,6.730260793119669e-08,-9.958966984413564e-08,2.3968291623927e-07,-3.6415315207705135e-08,2.615685446016869e-07,7.149836278586008e-08,2.735986012167819e-07
gmat_two_body,numerical_two_body,EarthMJ2000Eq,13440.0,2026-03-23T18:29:00Z,2.0440893422346562e-07,8.549250196665525e-08,-9.458744898438454e-08,2.409123612193139e-07,-5.240252676230739e-08,2.589040093425865e-07,7.993605777301127e-08,2.7598384771038805e-07
gmat_two_body,numerical_two_body,EarthMJ2000Eq,13500.0,2026-03-23T18:30:00Z,2.0054358174093068e-07,1.0186340659856796e-07,-9.00399754755199e-08,2.4228305546401454e-07,-7.016609515630989e-08,2.5579538487363607e-07,8.79296635503124e-08,2.794390551877226e-07
gmat_two_body,numerical_two_body,EarthMJ2000Eq,13560.0,2026-03-23T18:31:00Z,1.9554136088117957e-07,1.1732481652870774e-07,-8.458300726488233e-08,2.432196980236794e-07,-8.43769498715119e-08,2.5135449277513544e-07,9.592326932761353e-08,2.819571320367036e-07
gmat_two_body,numerical_two_body,EarthMJ2000Eq,13620.0,2026-03-23T18:32:00Z,1.9053914002142847e-07,1.291482476517558e-07,-7.867129170335829e-08,2.4325625560281005e-07,-1.0036416142611415e-07,2.4424906541753444e-07,1.0302869668521453e-07,2.83452788303026e-07
gmat_two_body,numerical_two_body,EarthMJ2000Eq,13680.0,2026-03-23T18:33:00Z,1.8417267710901797e-07,1.4551915228366852e-07,-7.23048287909478e-08,2.456081980336739e-07,-1.1546319456101628e-07,2.398081733190338e-07,1.1191048088221578e-07,2.88727665837785e-07
gmat_two_body,numerical_two_body,EarthMJ2000Eq,13740.0,2026-03-23T18:34:00Z,1.7598722479306161e-07,1.6189005691558123e-07,-6.639311322942376e-08,2.4816917476348426e-07,-1.2789769243681803e-07,2.3003821070233244e-07,1.1768364061026659e-07,2.883137828496584e-07
gmat_two_body,numerical_two_body,EarthMJ2000Eq,13800.0,2026-03-23T18:35:00Z,1.6916601452976465e-07,1.737134880386293e-07,-5.9117155615240335e-08,2.495763500143155e-07,-1.447730824111204e-07,2.184918912462308e-07,1.2390088954816747e-07,2.8991271507472555e-07
gmat_two_body,numerical_two_body,EarthMJ2000Eq,13860.0,2026-03-23T18:36:00Z,1.596163201611489e-07,1.8735590856522322e-07,-5.184119800105691e-08,2.515295528288305e-07,-1.580957587066223e-07,2.0872192862952943e-07,1.305622276959184e-07,2.925843599934449e-07
gmat_two_body,numerical_two_body,EarthMJ2000Eq,13920.0,2026-03-23T18:37:00Z,1.5006662579253316e-07,1.9826984498649836e-07,-4.3655745685100555e-08,2.5246137870781037e-07,-1.7408297026122455e-07,1.9539925233402755e-07,1.3633538742396922e-07,2.950814907982389e-07
gmat_two_body,numerical_two_body,EarthMJ2000Eq,13980.0,2026-03-23T18:38:00Z,1.382431946694851e-07,2.1009327610954642e-07,-3.54702933691442e-08,2.539852500649603e-07,-1.8740564655672642e-07,1.829647544582258e-07,1.412203687323199e-07,2.9755700341312074e-07
gmat_two_body,numerical_two_body,EarthMJ2000Eq,14040.0,2026-03-23T18:39:00Z,1.2460077414289117e-07,2.2009771782904863e-07,-2.8194335754960775e-08,2.544863039128565e-07,-2.0161650127192843e-07,1.7141843500212417e-07,1.4654943925052066e-07,3.025065810661861e-07
gmat_two_body,numerical_two_body,EarthMJ2000Eq,14100.0,2026-03-23T18:40:00Z,1.1186784831807017e-07,2.2919266484677792e-07,-1.9099388737231493e-08,2.557508157504451e-07,-2.1405099914773018e-07,1.580957587066223e-07,1.5054624213917123e-07,3.0573889216027143e-07
gmat_two_body,numerical_two_body,EarthMJ2000Eq,14160.0,2026-03-23T18:41:00Z,9.822542779147625e-08,2.3783286451362073e-07,-1.0459189070388675e-08,2.5753077630369335e-07,-2.255973186038318e-07,1.412203687323199e-07,1.5409895581797173e-07,3.075448437062803e-07
gmat_two_body,numerical_two_body,EarthMJ2000Eq,14220.0,2026-03-23T18:42:00Z,8.36735125631094e-08,2.446540747769177e-07,-4.547473508864641e-10,2.5856736028499734e-07,-2.362554596402333e-07,1.2612133559741778e-07,1.5687451337953462e-07,3.103753315757555e-07
gmat_two_body,numerical_two_body,EarthMJ2000Eq,14280.0,2026-03-23T18:43:00Z,6.912159733474255e-08,2.519300323911011e-07,8.185452315956354e-09,2.6136858661343436e-07,-2.4558133304708463e-07,1.1102230246251565e-07,1.5917822615563182e-07,3.1300774825444e-07
gmat_two_body,numerical_two_body,EarthMJ2000Eq,14340.0,2026-03-23T18:44:00Z,5.3660187404602766e-08,2.5852386897895485e-07,1.7280399333685637e-08,2.645989772188784e-07,-2.5579538487363607e-07,9.059419880941277e-08,1.6135009994755478e-07,3.157094273753271e-07
gmat_two_body,numerical_two_body,EarthMJ2000Eq,14400.0,2026-03-23T18:45:00Z,3.728928277269006e-08,2.632987161632627e-07,2.7284841053187847e-08,2.6732221586359363e-07,-2.646771690706373e-07,7.549516567451064e-08,1.6298074001497298e-07,3.19869106797291e-07
gmat_two_body,numerical_two_body,EarthMJ2000Eq,14460.0,2026-03-23T18:46:00Z,2.2737367544323206e-08,2.673914423212409e-07,3.6834535421803594e-08,2.7087257947090037e-07,-2.7333690866271354e-07,5.773159728050814e-08,1.638689184346731e-07,3.2388119023925567e-07
gmat_two_body,numerical_two_body,EarthMJ2000Eq,14520.0,2026-03-23T18:47:00Z,4.547473508864641e-09,2.7051783035858534e-07,4.729372449219227e-08,2.7465846506811616e-07,-2.7988722450800196e-07,3.9968028886505635e-08,1.6420198534206065e-07,3.2695044542887467e-07
gmat_two_body,numerical_two_body,EarthMJ2000Eq,14580.0,2026-03-23T18:48:00Z,-1.1823431123048067e-08,2.722799763432704e-07,5.6843418860808015e-08,2.784014247607196e-07,-2.8504976157250894e-07,2.1316282072803006e-08,1.630917623174355e-07,3.2909979244867106e-07
gmat_two_body,numerical_two_body,EarthMJ2000Eq,14640.0,2026-03-23T18:49:00Z,-2.7284841053187847e-08,2.729620973696001e-07,6.639311322942376e-08,2.8224247489703573e-07,-2.9062863227125035e-07,8.881784197001252e-10,1.6298074001497298e-07,3.3320941219087897e-07
gmat_two_body,numerical_two_body,EarthMJ2000Eq,14700.0,2026-03-23T18:50:00Z,-4.4565240386873484e-08,2.7193891583010554e-07,7.685230229981244e-08,2.860823499665346e-07,-2.9348745655966013e-07,-2.042810365310288e-08,1.609823385706477e-07,3.353617567767603e-07
gmat_two_body,numerical_two_body,EarthMJ2000Eq,14760.0,2026-03-23T18:51:00Z,-6.184563972055912e-08,2.7057467377744615e-07,8.685674401931465e-08,2.908257746896815e-07,-2.9620750296999176e-07,-4.263256414560601e-08,1.5831780331154732e-07,3.385571549779161e-07
gmat_two_body,numerical_two_body,EarthMJ2000Eq,14820.0,2026-03-23T18:52:00Z,-7.912603905424476e-08,2.667093212949112e-07,9.5042196335271e-08,2.939860731501379e-07,-2.9753977059954195e-07,-6.306066779870889e-08,1.5432100042289676e-07,3.410594289609523e-07
gmat_two_body,numerical_two_body,EarthMJ2000Eq,14880.0,2026-03-23T18:53:00Z,-9.822542779147625e-08,2.6284396881237626e-07,1.0413714335300028e-07,2.9929873242562066e-07,-2.986499936241671e-07,-8.615330671091215e-08,1.5143442055887135e-07,3.457551079578445e-07
gmat_two_body,numerical_two_body,EarthMJ2000Eq,14940.0,2026-03-23T18:54:00Z,-1.1732481652870774e-07,2.5693225325085223e-07,1.141415850725025e-07,3.046433928003664e-07,-2.97983859809392e-07,-1.0658141036401503e-07,1.4699352846037073e-07,3.489427963883418e-07
gmat_two_body,numerical_two_body,EarthMJ2000Eq,15000.0,2026-03-23T18:55:00Z,-1.3369572116062045e-07,2.4920154828578234e-07,1.227817847393453e-07,3.083039477341612e-07,-2.970956813896919e-07,-1.2878587085651816e-07,1.4033219031261979e-07,3.529090082027015e-07
gmat_two_body,numerical_two_body,EarthMJ2000Eq,15060.0,2026-03-23T18:56:00Z,-1.5279510989785194e-07,2.41016095969826e-07,1.3142198440618813e-07,3.141764505982162e-07,-2.9398705692074145e-07,-1.5187850976872141e-07,1.3455903058456897e-07,3.5721366726141075e-07
gmat_two_body,numerical_two_body,EarthMJ2000Eq,15120.0,2026-03-23T18:57:00Z,-1.6916601452976465e-07,2.305569068994373e-07,1.382431946694851e-07,3.176236903370803e-07,-2.8821389719269064e-07,-1.7141843500212417e-07,1.2745360322696797e-07,3.587421795232806e-07
gmat_two_body,numerical_two_body,EarthMJ2000Eq,15180.0,2026-03-23T18:58:00Z,-1.8735590856522322e-07,2.2009771782904863e-07,1.4642864698544145e-07,3.240163429918973e-07,-2.828848266744899e-07,-1.936228954946273e-07,1.1901590823981678e-07,3.6287523646086407e-07
gmat_two_body,numerical_two_body,EarthMJ2000Eq,15240.0,2026-03-23T18:59:00Z,-2.0463630789890885e-07,2.064552973024547e-07,1.5279510989785194e-07,3.2839938170380077e-07,-2.744471316873387e-07,-2.1405099914773018e-07,1.0969003483296547e-07,3.6492596792939553e-07
gmat_two_body,numerical_two_body,EarthMJ2000Eq,15300.0,2026-03-23T19:00:00Z,-2.191882231272757e-07,1.9372237147763371e-07,1.596163201611489e-07,3.3324045977401533e-07,-2.637889906509372e-07,-2.3359092438113294e-07,1.0080825063596421e-07,3.664855453331765e-07
gmat_two_body,numerical_two_body,EarthMJ2000Eq,15360.0,2026-03-23T19:01:00Z,-2.3555912775918841e-07,1.800799509510398e-07,1.6507328837178648e-07,3.393612852684783e-07,-2.540190280342358e-07,-2.540190280342358e-07,9.237055564881302e-08,3.7092270455957024e-07
gmat_two_body,numerical_two_body,EarthMJ2000Eq,15420.0,2026-03-23T19:02:00Z,-2.5056579033844173e-07,1.6370904631912708e-07,1.709850039333105e-07,3.4470239149840583e-07,-2.433608869978343e-07,-2.744471316873387e-07,8.171241461241152e-08,3.757960458993292e-07
gmat_two_body,numerical_two_body,EarthMJ2000Eq,15480.0,2026-03-23T19:03:00Z,-2.632987161632627e-07,1.4733814168721437e-07,1.7507773009128869e-07,3.488365713381872e-07,-2.3003821070233244e-07,-2.948752353404416e-07,7.061018436615996e-08,3.8059792555456025e-07
gmat_two_body,numerical_two_body,EarthMJ2000Eq,15540.0,2026-03-23T19:04:00Z,-2.773958840407431e-07,1.3005774235352874e-07,1.7905676941154525e-07,3.548588726535403e-07,-2.149391775674303e-07,-3.12194714524594e-07,5.906386491005833e-08,3.8360517458523645e-07
gmat_two_body,numerical_two_body,EarthMJ2000Eq,15600.0,2026-03-23T19:05:00Z,-2.8830982046201825e-07,1.1095835361629725e-07,1.823536877054721e-07,3.587299488917329e-07,-1.9895196601282805e-07,-3.3084646133829665e-07,4.8405723873656825e-08,3.8908145659254336e-07
gmat_two_body,numerical_two_body,EarthMJ2000Eq,15660.0,2026-03-23T19:06:00Z,-3.005879989359528e-07,9.094947017729282e-08,1.8468426787876524e-07,3.643257196956676e-07,-1.8207657603852567e-07,-3.468336728928989e-07,3.552713678800501e-08,3.9332893822174465e-07
gmat_two_body,numerical_two_body,EarthMJ2000Eq,15720.0,2026-03-23T19:07:00Z,-3.10592440655455e-07,6.730260793119669e-08,1.8631851617101347e-07,3.6839095360068347e-07,-1.616484723854228e-07,-3.610445276081009e-07,2.220446049250313e-08,3.962024957090259e-07
gmat_two_body,numerical_two_body,EarthMJ2000Eq,15780.0,2026-03-23T19:08:00Z,-3.199147613486275e-07,4.729372449219227e-08,1.8704326976148877e-07,3.7358711924819053e-07,-1.4299672557172016e-07,-3.7281289166912757e-07,9.325873406851315e-09,3.994051672596777e-07
gmat_two_body,numerical_two_body,EarthMJ2000Eq,15840.0,2026-03-23T19:09:00Z,-3.2810021366458386e-07,2.4556356947869062e-08,1.8707169147091918e-07,3.784819449103055e-07,-1.2168044349891716e-07,-3.8413716652030416e-07,-5.329070518200751e-09,4.0298373667547555e-07
gmat_two_body,numerical_two_body,EarthMJ2000Eq,15900.0,2026-03-23T19:10:00Z,-3.3378455555066466e-07,0.0,1.8633272702572867e-07,3.8227217356877997e-07,-1.0125233984581428e-07,-3.9401815143946806e-07,-1.865174681370263e-08,4.0724713338123124e-07
gmat_two_body,numerical_two_body,EarthMJ2000Eq,15960.0,2026-03-23T19:11:00Z,-3.3924152376130223e-07,-2.4556356947869062e-08,1.8485479813534766e-07,3.871164198327184e-07,-7.638334409421077e-08,-4.0034642267983145e-07,-3.241851231905457e-08,4.0885527188546015e-07
gmat_two_body,numerical_two_body,EarthMJ2000Eq,16020.0,2026-03-23T19:12:00Z,-3.43163719662698e-07,-4.638422979041934e-08,1.8258106138091534e-07,3.91469895702046e-07,-5.417888360170764e-08,-4.051758928369509e-07,-4.574118861455645e-08,4.1133333429278513e-07
gmat_two_body,numerical_two_body,EarthMJ2000Eq,16080.0,2026-03-23T19:13:00Z,-3.454090347076999e-07,-7.003109203651547e-08,1.7917045624926686e-07,3.9536541009818043e-07,-2.8421709430404007e-08,-4.085620730620576e-07,-5.950795411990839e-08,4.138501633625986e-07
gmat_two_body,numerical_two_body,EarthMJ2000Eq,16140.0,2026-03-23T19:14:00Z,-3.4651748137548566e-07,-9.276845958083868e-08,1.7462298274040222e-07,3.989655850984726e-07,-4.440892098500626e-09,-4.092282068768327e-07,-7.327471962526033e-08,4.1576030517886e-07
gmat_two_body,numerical_two_body,EarthMJ2000Eq,16200.0,2026-03-23T19:15:00Z,-3.460627340245992e-07,-1.1732481652870774e-07,1.709850039333105e-07,4.034357446039575e-07,2.1316282072803006e-08,-4.0878411766698264e-07,-8.837375276016246e-08,4.187705325295646e-07
gmat_two_body,numerical_two_body,EarthMJ2000Eq,16260.0,2026-03-23T19:16:00Z,-3.4447111829649657e-07,-1.418811734765768e-07,1.6484591469634324e-07,4.073877689862614e-07,4.796163466380676e-08,-4.0456527017340704e-07,-1.021405182655144e-07,4.2000721624949993e-07
gmat_two_body,numerical_two_body,EarthMJ2000Eq,16320.0,2026-03-23T19:17:00Z,-3.3992364478763193e-07,-1.6643753042444587e-07,1.5802470443304628e-07,4.1014795261057707e-07,7.638334409421077e-08,-3.9968028886505635e-07,-1.1501910535116622e-07,4.22857119081673e-07
gmat_two_body,numerical_two_body,EarthMJ2000Eq,16380.0,2026-03-23T19:18:00Z,-3.3423930290155113e-07,-1.9190338207408786e-07,1.5052137314341962e-07,4.137626172439564e-07,1.021405182655144e-07,-3.9257486150745535e-07,-1.2612133559741778e-07,4.247991274143841e-07
gmat_two_body,numerical_two_body,EarthMJ2000Eq,16440.0,2026-03-23T19:19:00Z,-3.269633452873677e-07,-2.1464074961841106e-07,1.446096575818956e-07,4.169983616565094e-07,1.2789769243681803e-07,-3.82804898890754e-07,-1.3944401189291966e-07,4.270152723243233e-07
gmat_two_body,numerical_two_body,EarthMJ2000Eq,16500.0,2026-03-23T19:20:00Z,-3.1741365091875196e-07,-2.3919710656628013e-07,1.3505996321327984e-07,4.197712177394065e-07,1.5187850976872141e-07,-3.6992631180510216e-07,-1.5054624213917123e-07,4.27289982233985e-07
gmat_two_body,numerical_two_body,EarthMJ2000Eq,16560.0,2026-03-23T19:21:00Z,-3.0831870390102267e-07,-2.601154847070575e-07,1.241460267920047e-07,4.220577265349316e-07,1.7674750552032492e-07,-3.5704772471945034e-07,-1.6209256159527285e-07,4.301124933776175e-07
gmat_two_body,numerical_two_body,EarthMJ2000Eq,16620.0,2026-03-23T19:22:00Z,-2.9740476747974753e-07,-2.8194335754960775e-07,1.1459633242338896e-07,4.2552787451695865e-07,1.9984014443252818e-07,-3.419486915845482e-07,-1.7186252421197423e-07,4.317426527825455e-07
gmat_two_body,numerical_two_body,EarthMJ2000Eq,16680.0,2026-03-23T19:23:00Z,-2.85126589005813e-07,-3.028617356903851e-07,1.0368239600211382e-07,4.286868810031649e-07,2.220446049250313e-07,-3.232969447708456e-07,-1.8185453143360064e-07,4.323144592509148e-07
gmat_two_body,numerical_two_body,EarthMJ2000Eq,16740.0,2026-03-23T19:24:00Z,-2.710294211283326e-07,-3.2105162972584367e-07,9.276845958083868e-08,4.302755897791333e-07,2.4424906541753444e-07,-3.0375701953744283e-07,-1.91402449445377e-07,4.342359157523702e-07
gmat_two_body,numerical_two_body,EarthMJ2000Eq,16800.0,2026-03-23T19:25:00Z,-2.5556801119819283e-07,-3.383320290595293e-07,8.185452315956354e-08,4.3183762364691817e-07,2.6556534749033744e-07,-2.8332891588433995e-07,-1.9895196601282805e-07,4.363279880367847e-07
gmat_two_body,numerical_two_body,EarthMJ2000Eq,16860.0,2026-03-23T19:26:00Z,-2.382876118645072e-07,-3.5561242839321494e-07,6.912159733474255e-08,4.336115547513878e-07,2.851052727237402e-07,-2.5934809855243657e-07,-2.042810365310288e-07,4.3620774253082e-07
gmat_two_body,numerical_two_body,EarthMJ2000Eq,16920.0,2026-03-23T19:27:00Z,-2.2009771782904863e-07,-3.7061909097246826e-07,5.5933924159035087e-08,4.346609251573494e-07,3.0331293032759277e-07,-2.3447910280083306e-07,-2.1027624086400465e-07,4.3725882589845077e-07
gmat_two_body,numerical_two_body,EarthMJ2000Eq,16980.0,2026-03-23T19:28:00Z,-2.0099832909181714e-07,-3.828972694464028e-07,4.274625098332763e-08,4.3455481727895187e-07,3.206324095117452e-07,-2.0694557179012918e-07,-2.1460611066004276e-07,4.3782119003707613e-07
gmat_two_body,numerical_two_body,EarthMJ2000Eq,17040.0,2026-03-23T19:29:00Z,-1.800799509510398e-07,-3.9472070056945086e-07,3.001332515850663e-08,4.3489541257598615e-07,3.370637102761975e-07,-1.794120407794253e-07,-2.1815882433884326e-07,4.397657305869807e-07
gmat_two_body,numerical_two_body,EarthMJ2000Eq,17100.0,2026-03-23T19:30:00Z,-1.609805622138083e-07,-4.0381564758718014e-07,1.7280399333685637e-08,4.3506370895313614e-07,3.494982081519993e-07,-1.545430450278218e-07,-2.212674488077937e-07,4.4157879723763816e-07
gmat_two_body,numerical_two_body,EarthMJ2000Eq,17160.0,2026-03-23T19:31:00Z,-1.382431946694851e-07,-4.122284735785797e-07,3.183231456205249e-09,4.3480297637419036e-07,3.623767952376511e-07,-1.234568003383174e-07,-2.2257196086172826e-07,4.4282818455730705e-07
gmat_two_body,numerical_two_body,EarthMJ2000Eq,17220.0,2026-03-23T19:32:00Z,-1.1459633242338896e-07,-4.179128154646605e-07,-1.1368683772161603e-08,4.3348897068461e-07,3.717026686445024e-07,-9.325873406851315e-08,-2.2229440510557197e-07,4.430291953119417e-07
gmat_two_body,numerical_two_body,EarthMJ2000Eq,17280.0,2026-03-23T19:33:00Z,-9.276845958083868e-08,-4.233697836752981e-07,-2.5011104298755527e-08,4.341353661710983e-07,3.7969627442180354e-07,-6.128431095930864e-08,-2.2132295995902496e-07,4.437441607329374e-07
gmat_two_body,numerical_two_body,EarthMJ2000Eq,17340.0,2026-03-23T19:34:00Z,-6.912159733474255e-08,-4.2587089410517365e-07,-3.728928277269006e-08,4.3305231124397423e-07,3.8613556796462944e-07,-2.9309887850104133e-08,-2.191580250610059e-07,4.4496065704935437e-07
gmat_two_body,numerical_two_body,EarthMJ2000Eq,17400.0,2026-03-23T19:35:00Z,-4.638422979041934e-08,-4.268656539352378e-07,-5.093170329928398e-08,4.323885078072438e-07,3.909095269705176e-07,8.881784197001252e-10,-2.1649348980190553e-07,4.4685621654378584e-07
gmat_two_body,numerical_two_body,EarthMJ2000Eq,17460.0,2026-03-23T19:36:00Z,-2.1827872842550278e-08,-4.2595615923346486e-07,-6.366462912410498e-08,4.312404093116335e-07,3.915756607852927e-07,3.2862601528904634e-08,-2.1183055309847987e-07,4.4641195316063623e-07
gmat_two_body,numerical_two_body,EarthMJ2000Eq,17520.0,2026-03-23T19:37:00Z,9.094947017729282e-10,-4.226876626489684e-07,-7.685230229981244e-08,4.296183931177091e-07,3.911870827266739e-07,6.394884621840902e-08,-2.0605739337042905e-07,4.467397877819784e-07
gmat_two_body,numerical_two_body,EarthMJ2000Eq,17580.0,2026-03-23T19:38:00Z,2.1827872842550278e-08,-4.179128154646605e-07,-8.913048077374697e-08,4.278689284879065e-07,3.8979930394589246e-07,9.592326932761353e-08,-1.9895196601282805e-07,4.480252847056398e-07
gmat_two_body,numerical_two_body,EarthMJ2000Eq,17640.0,2026-03-23T19:39:00Z,4.638422979041934e-08,-4.1109160520136356e-07,-1.0049916454590857e-07,4.257321772132215e-07,3.856914787547794e-07,1.2789769243681803e-07,-1.9051427102567686e-07,4.487888411927779e-07
gmat_two_body,numerical_two_body,EarthMJ2000Eq,17700.0,2026-03-23T19:40:00Z,6.912159733474255e-08,-4.0245140553452075e-07,-1.1095835361629725e-07,4.23150901301246e-07,3.792521852119535e-07,1.5631940186722204e-07,-1.8185453143360064e-07,4.487081969288085e-07
gmat_two_body,numerical_two_body,EarthMJ2000Eq,17760.0,2026-03-23T19:41:00Z,9.094947017729282e-08,-3.9244696381501853e-07,-1.2232703738845885e-07,4.210110801503853e-07,3.6992631180510216e-07,1.8474111129762605e-07,-1.7186252421197423e-07,4.477850841617203e-07
gmat_two_body,numerical_two_body,EarthMJ2000Eq,17820.0,2026-03-23T19:42:00Z,1.1186784831807017e-07,-3.815330273937434e-07,-1.318767317570746e-07,4.188953793711231e-07,3.601563491884008e-07,2.1049828546892968e-07,-1.6120438317557273e-07,4.472236322032783e-07
gmat_two_body,numerical_two_body,EarthMJ2000Eq,17880.0,2026-03-23T19:43:00Z,1.3278622645884752e-07,-3.6834535421803594e-07,-1.418811734765768e-07,4.164621823146505e-07,3.494982081519993e-07,2.3803181647963356e-07,-1.5010215292932116e-07,4.4870792223011787e-07
gmat_two_body,numerical_two_body,EarthMJ2000Eq,17940.0,2026-03-23T19:44:00Z,1.5279510989785194e-07,-3.537934389896691e-07,-1.496118784416467e-07,4.134003595204912e-07,3.352873534367973e-07,2.611244553918368e-07,-1.3677947663381929e-07,4.464439671521575e-07
gmat_two_body,numerical_two_body,EarthMJ2000Eq,18000.0,2026-03-23T19:45:00Z,1.7189449863508344e-07,-3.374225343577564e-07,-1.5756995708215982e-07,4.101584775770113e-07,3.197442310920451e-07,2.8332891588433995e-07,-1.2390088954816747e-07,4.4481802832581517e-07
gmat_two_body,numerical_two_body,EarthMJ2000Eq,18060.0,2026-03-23T19:46:00Z,1.90084392670542e-07,-3.2105162972584367e-07,-1.6484591469634324e-07,4.07897537230397e-07,3.019806626980426e-07,3.0464519795714295e-07,-1.1057821325266559e-07,4.429769277604058e-07
gmat_two_body,numerical_two_body,EarthMJ2000Eq,18120.0,2026-03-23T19:47:00Z,2.0827428670600057e-07,-3.019522409886122e-07,-1.703028829069808e-07,4.044210754490511e-07,2.842170943040401e-07,3.2507330161024584e-07,-9.636735853746359e-08,4.4242363850262964e-07
gmat_two_body,numerical_two_body,EarthMJ2000Eq,18180.0,2026-03-23T19:48:00Z,2.255546860396862e-07,-2.8194335754960775e-07,-1.766693458193913e-07,4.019689428464083e-07,2.637889906509372e-07,3.4372504842394846e-07,-8.126832540256146e-08,4.4083566236912204e-07
gmat_two_body,numerical_two_body,EarthMJ2000Eq,18240.0,2026-03-23T19:49:00Z,2.3783286451362073e-07,-2.610249794088304e-07,-1.8030732462648302e-07,3.964962075885399e-07,2.4069635173873394e-07,3.588240815588506e-07,-6.705747068735946e-08,4.3724839579108243e-07
gmat_two_body,numerical_two_body,EarthMJ2000Eq,18300.0,2026-03-23T19:50:00Z,2.523847797419876e-07,-2.4010660126805305e-07,-1.8349055608268827e-07,3.9372330536741354e-07,2.184918912462308e-07,3.7214675785435247e-07,-5.1514348342607263e-08,4.3460976059796945e-07
gmat_two_body,numerical_two_body,EarthMJ2000Eq,18360.0,2026-03-23T19:51:00Z,2.6420821086503565e-07,-2.1645973902195692e-07,-1.8621904018800706e-07,3.8902227215739133e-07,1.9539925233402755e-07,3.863576125695545e-07,-3.774758283725532e-08,4.346009118872145e-07
gmat_two_body,numerical_two_body,EarthMJ2000Eq,18420.0,2026-03-23T19:52:00Z,2.7557689463719726e-07,-1.9372237147763371e-07,-1.8826540326699615e-07,3.858948615051565e-07,1.7141843500212417e-07,3.979039320256561e-07,-2.398081733190338e-08,4.339203827661954e-07
gmat_two_body,numerical_two_body,EarthMJ2000Eq,18480.0,2026-03-23T19:53:00Z,2.864908310584724e-07,-1.7007550923153758e-07,-1.8900436771218665e-07,3.830474202174249e-07,1.5010215292932116e-07,4.050093593832571e-07,-1.021405182655144e-08,4.320504187670336e-07
gmat_two_body,numerical_two_body,EarthMJ2000Eq,18540.0,2026-03-23T19:54:00Z,2.937667886726558e-07,-1.446096575818956e-07,-1.8908963284047786e-07,3.781081438434574e-07,1.2523315717771766e-07,4.121147867408581e-07,3.9968028886505635e-09,4.307411235771349e-07
gmat_two_body,numerical_two_body,EarthMJ2000Eq,18600.0,2026-03-23T19:55:00Z,3.014974936377257e-07,-1.2005330063402653e-07,-1.8839330095943296e-07,3.752406821086246e-07,1.021405182655144e-07,4.189981694935341e-07,2.042810365310288e-08,4.3175161717050014e-07
gmat_two_body,numerical_two_body,EarthMJ2000Eq,18660.0,2026-03-23T19:56:00Z,3.058175934711471e-07,-9.458744898438454e-08,-1.8692958292376716e-07,3.7069374819911774e-07,7.904787935331115e-08,4.234390615920347e-07,3.375077994860476e-08,4.3207443948854196e-07
gmat_two_body,numerical_two_body,EarthMJ2000Eq,18720.0,2026-03-23T19:57:00Z,3.1036506698001176e-07,-6.912159733474255e-08,-1.8428636394673958e-07,3.675129031154194e-07,5.3290705182007514e-08,4.234390615920347e-07,4.75175454539567e-08,4.2941641243285924e-07
gmat_two_body,numerical_two_body,EarthMJ2000Eq,18780.0,2026-03-23T19:58:00Z,3.126388037344441e-07,-4.274625098332763e-08,-1.807620719773695e-07,3.636553179030737e-07,3.108624468950438e-08,4.221623051137158e-07,6.17284001691587e-08,4.2778237674694544e-07
gmat_two_body,numerical_two_body,EarthMJ2000Eq,18840.0,2026-03-23T19:59:00Z,3.1377567211166024e-07,-1.7280399333685637e-08,-1.7678303265711293e-07,3.605634829620183e-07,8.881784197001252e-09,4.207467707573187e-07,7.549516567451064e-08,4.275584769753204e-07
gmat_two_body,numerical_two_body,EarthMJ2000Eq,18900.0,2026-03-23T20:00:00Z,3.1377211939798144e-07,8.185452315956354e-09,-1.7212187231052667e-07,3.5797469668790723e-07,-1.509903313490213e-08,4.18332035678759e-07,8.837375276016246e-08,4.2783126703603334e-07
gmat_two_body,numerical_two_body,EarthMJ2000Eq,18960.0,2026-03-23T20:01:00Z,3.12070369545836e-07,3.2741809263825417e-08,-1.6643753042444587e-07,3.5519205108804407e-07,-3.9968028886505635e-08,4.1366909897533333e-07,9.992007221626409e-08,4.274384021257801e-07
gmat_two_body,numerical_two_body,EarthMJ2000Eq,19020.0,2026-03-23T20:02:00Z,3.0888713808963075e-07,5.729816621169448e-08,-1.5938894648570567e-07,3.5227713549171587e-07,-6.394884621840902e-08,4.056754931980322e-07,1.1146639167236572e-07,4.2554296749751327e-07
gmat_two_body,numerical_two_body,EarthMJ2000Eq,19080.0,2026-03-23T20:03:00Z,3.0445335141848773e-07,8.094502845779061e-08,-1.5234036254696548e-07,3.499307458382624e-07,-8.704148513061227e-08,3.9834802123550617e-07,1.2256862191861728e-07,4.257703996698395e-07
gmat_two_body,numerical_two_body,EarthMJ2000Eq,19140.0,2026-03-23T20:04:00Z,2.97859514830634e-07,1.0459189070388675e-07,-1.4370016288012266e-07,3.468565856199479e-07,-1.0746958878371515e-07,3.894662370385049e-07,1.3455903058456897e-07,4.2584010499028e-07
gmat_two_body,numerical_two_body,EarthMJ2000Eq,19200.0,2026-03-23T20:05:00Z,2.908109308918938e-07,1.2641976354643703e-07,-1.3574208423960954e-07,3.449331349335116e-07,-1.2967404927621828e-07,3.774758283725532e-07,1.4344081478157023e-07,4.2412100561801595e-07
gmat_two_body,numerical_two_body,EarthMJ2000Eq,19260.0,2026-03-23T20:06:00Z,2.8057911549694836e-07,1.482476363889873e-07,-1.2732925824820995e-07,3.419279774367851e-07,-1.5010215292932116e-07,3.6548541970660153e-07,1.5365486660812167e-07,4.239340353928753e-07
gmat_two_body,numerical_two_body,EarthMJ2000Eq,19320.0,2026-03-23T20:07:00Z,2.714841684792191e-07,1.7007550923153758e-07,-1.1687006917782128e-07,3.410101840779078e-07,-1.6964207816272392e-07,3.5216274341109965e-07,1.6120438317557273e-07,4.2282843528459224e-07
gmat_two_body,numerical_two_body,EarthMJ2000Eq,19380.0,2026-03-23T20:08:00Z,2.59660737356171e-07,1.9099388737231493e-07,-1.0732037480920553e-07,3.3973522982924113e-07,-1.8918200339612667e-07,3.383959779057477e-07,1.6964207816272392e-07,4.231785710018019e-07
gmat_two_body,numerical_two_body,EarthMJ2000Eq,19440.0,2026-03-23T20:09:00Z,2.4920154828578234e-07,2.064552973024547e-07,-9.731593308970332e-08,3.37928383367535e-07,-2.078337502098293e-07,3.2240876635114546e-07,1.7719159473017498e-07,4.2253892316492195e-07
gmat_two_body,numerical_two_body,EarthMJ2000Eq,19500.0,2026-03-23T20:10:00Z,2.3555912775918841e-07,2.255546860396862e-07,-8.594724931754172e-08,3.3726836307365496e-07,-2.255973186038318e-07,3.0464519795714295e-07,1.8340884366807586e-07,4.2111952072451626e-07
gmat_two_body,numerical_two_body,EarthMJ2000Eq,19560.0,2026-03-23T20:11:00Z,2.2100721253082156e-07,2.4374458007514477e-07,-7.548806024715304e-08,3.3757081560248984e-07,-2.4424906541753444e-07,2.8688162956314045e-07,1.9029222642075183e-07,4.2210165455054624e-07
gmat_two_body,numerical_two_body,EarthMJ2000Eq,19620.0,2026-03-23T20:12:00Z,2.0736479200422764e-07,2.601154847070575e-07,-6.411937647499144e-08,3.3877945154168624e-07,-2.6201263381153694e-07,2.6911806116913795e-07,1.9562129693895258e-07,4.2348889352658625e-07
gmat_two_body,numerical_two_body,EarthMJ2000Eq,19680.0,2026-03-23T20:13:00Z,1.90084392670542e-07,2.764863893389702e-07,-5.184119800105691e-08,3.395059787939149e-07,-2.7711166694643907e-07,2.5224267119483557e-07,2.013944566670034e-07,4.2541387883511465e-07
gmat_two_body,numerical_two_body,EarthMJ2000Eq,19740.0,2026-03-23T20:14:00Z,1.7189449863508344e-07,2.9194779926910996e-07,-3.9108272176235914e-08,3.4104353550784946e-07,-2.9309887850104133e-07,2.327027459614328e-07,2.0583534876550402e-07,4.271132301368994e-07
gmat_two_body,numerical_two_body,EarthMJ2000Eq,19800.0,2026-03-23T20:15:00Z,1.5552359400317073e-07,3.0377123039215803e-07,-2.6830093702301383e-08,3.4232207441779574e-07,-3.099742684753437e-07,2.1049828546892968e-07,2.0972112935169207e-07,4.293908795011052e-07
gmat_two_body,numerical_two_body,EarthMJ2000Eq,19860.0,2026-03-23T20:16:00Z,1.3733369996771216e-07,3.1604940886609256e-07,-1.4551915228366852e-08,3.4490510612086e-07,-3.2374103398069565e-07,1.8918200339612667e-07,2.128297538206425e-07,4.3115495080448437e-07
gmat_two_body,numerical_two_body,EarthMJ2000Eq,19920.0,2026-03-23T20:17:00Z,1.191438059322536e-07,3.2741809263825417e-07,-1.8189894035458565e-09,3.4842669616627414e-07,-3.370637102761975e-07,1.652011860642233e-07,2.1543877792851163e-07,4.3280162164381165e-07
gmat_two_body,numerical_two_body,EarthMJ2000Eq,19980.0,2026-03-23T20:18:00Z,9.913492249324918e-08,3.3583091862965375e-07,1.1823431123048067e-08,3.503568641954958e-07,-3.4861002973229915e-07,1.4033219031261979e-07,2.1775636849241664e-07,4.343269649548563e-07
gmat_two_body,numerical_two_body,EarthMJ2000Eq,20040.0,2026-03-23T20:19:00Z,7.73070496506989e-08,3.433342499192804e-07,2.5011104298755527e-08,3.528177184206793e-07,-3.574918139293004e-07,1.1812772982011666e-07,2.1863066912430895e-07,4.353779129223933e-07
gmat_two_body,numerical_two_body,EarthMJ2000Eq,20100.0,2026-03-23T20:20:00Z,5.547917680814862e-08,3.4924596548080444e-07,3.8198777474462986e-08,3.556822037500226e-07,-3.674838211509268e-07,9.325873406851315e-08,2.1926904736346842e-07,4.379731332164462e-07
gmat_two_body,numerical_two_body,EarthMJ2000Eq,20160.0,2026-03-23T20:21:00Z,3.456079866737127e-08,3.5413449950283393e-07,5.093170329928398e-08,3.594436408445913e-07,-3.7636560534792807e-07,6.750155989720952e-08,2.1882495815361835e-07,4.405586133403837e-07
gmat_two_body,numerical_two_body,EarthMJ2000Eq,20220.0,2026-03-23T20:22:00Z,1.3642420526593924e-08,3.574029960873304e-07,6.548361852765083e-08,3.636084728736387e-07,-3.8413716652030416e-07,4.1744385725905886e-08,2.1815882433884326e-07,4.4373103235945463e-07
gmat_two_body,numerical_two_body,EarthMJ2000Eq,20280.0,2026-03-23T20:23:00Z,-1.000444171950221e-08,3.589093466871418e-07,7.867129170335829e-08,3.6756656557933113e-07,-3.902433931557425e-07,1.4210854715202004e-08,2.1538326677728037e-07,4.4596166416083023e-07
gmat_two_body,numerical_two_body,EarthMJ2000Eq,20340.0,2026-03-23T20:24:00Z,-3.3651303965598345e-08,3.5845459933625534e-07,9.049472282640636e-08,3.712295851670884e-07,-3.951006188884776e-07,-1.3322676295501878e-08,2.113864638886298e-07,4.482925717264025e-07
gmat_two_body,numerical_two_body,EarthMJ2000Eq,20400.0,2026-03-23T20:25:00Z,-5.9117155615240335e-08,3.5765879147220403e-07,1.0322764865122736e-07,3.7692253401920043e-07,-3.973488205133435e-07,-4.085620730620576e-08,2.078337502098293e-07,4.5027789482171414e-07
gmat_two_body,numerical_two_body,EarthMJ2000Eq,20460.0,2026-03-23T20:26:00Z,-8.36735125631094e-08,3.5424818634055555e-07,1.1505107977427542e-07,3.817457074905342e-07,-4.007905118896815e-07,-6.927791673660977e-08,2.042810365310288e-07,4.55151849446258e-07
gmat_two_body,numerical_two_body,EarthMJ2000Eq,20520.0,2026-03-23T20:27:00Z,-1.0822986951097846e-07,3.48791218129918e-07,1.2732925824820995e-07,3.8675801026605097e-07,-4.007905118896815e-07,-9.681144774731365e-08,1.9828583219805296e-07,4.575180456399487e-07
gmat_two_body,numerical_two_body,EarthMJ2000Eq,20580.0,2026-03-23T20:28:00Z,-1.3278622645884752e-07,3.424247552175075e-07,1.382431946694851e-07,3.9242588573560664e-07,-3.9968028886505635e-07,-1.2612133559741778e-07,1.9095836023552692e-07,4.605605497043496e-07
gmat_two_body,numerical_two_body,EarthMJ2000Eq,20640.0,2026-03-23T20:29:00Z,-1.5643308870494366e-07,3.3378455555066466e-07,1.5052137314341962e-07,3.981709740035103e-07,-3.9745984281580604e-07,-1.5365486660812167e-07,1.8474111129762605e-07,4.644495913304336e-07
gmat_two_body,numerical_two_body,EarthMJ2000Eq,20700.0,2026-03-23T20:30:00Z,-1.8098944565281272e-07,3.2378011383116245e-07,1.6052581486292183e-07,4.04177286333161e-07,-3.934630399271555e-07,-1.8385293287792592e-07,1.7674750552032492e-07,4.6888670851730354e-07
gmat_two_body,numerical_two_body,EarthMJ2000Eq,20760.0,2026-03-23T20:31:00Z,-2.0463630789890885e-07,3.115019353572279e-07,1.7053025658242404e-07,4.098658837374282e-07,-3.872457909892546e-07,-2.1227464230832993e-07,1.6697754290362354e-07,4.72124269912228e-07
gmat_two_body,numerical_two_body,EarthMJ2000Eq,20820.0,2026-03-23T20:32:00Z,-2.2646418074145913e-07,2.987690095324069e-07,1.7985257727559656e-07,4.1580752250115697e-07,-3.792521852119535e-07,-2.398081733190338e-07,1.567634910770721e-07,4.75305135795233e-07
gmat_two_body,numerical_two_body,EarthMJ2000Eq,20880.0,2026-03-23T20:33:00Z,-2.4920154828578234e-07,2.8467184165492654e-07,1.8962964531965554e-07,4.2320074608074245e-07,-3.694822225952521e-07,-2.673417043297377e-07,1.4699352846037073e-07,4.791615563639117e-07
gmat_two_body,numerical_two_body,EarthMJ2000Eq,20940.0,2026-03-23T20:34:00Z,-2.710294211283326e-07,2.66481947619468e-07,1.984972186619416e-07,4.2880149409808567e-07,-3.588240815588506e-07,-2.948752353404416e-07,1.3500311979441904e-07,4.836651406478037e-07
gmat_two_body,numerical_two_body,EarthMJ2000Eq,21000.0,2026-03-23T20:35:00Z,-2.9103830456733704e-07,2.482920535840094e-07,2.0509105524979532e-07,4.340674827050158e-07,-3.446132268436486e-07,-3.1885605267234496e-07,1.2301271112846734e-07,4.853448109752046e-07
gmat_two_body,numerical_two_body,EarthMJ2000Eq,21060.0,2026-03-23T20:36:00Z,-3.1013769330456853e-07,2.28283170145005e-07,2.1259438653942198e-07,4.3988062899814653e-07,-3.304023721284466e-07,-3.455014052633487e-07,1.092459456231154e-07,4.903790627485455e-07
gmat_two_body,numerical_two_body,EarthMJ2000Eq,21120.0,2026-03-23T20:37:00Z,-3.296918293926865e-07,2.064552973024547e-07,2.1827872842550278e-07,4.46056157266768e-07,-3.135269821541442e-07,-3.694822225952521e-07,9.547918011776346e-08,4.938952876760141e-07
gmat_two_body,numerical_two_body,EarthMJ2000Eq,21180.0,2026-03-23T20:38:00Z,-3.483364707790315e-07,1.837179297581315e-07,2.2350832296069711e-07,4.528206543678282e-07,-2.957634137601417e-07,-3.9257486150745535e-07,8.08242361927114e-08,4.981200417196499e-07
gmat_two_body,numerical_two_body,EarthMJ2000Eq,21240.0,2026-03-23T20:39:00Z,-3.647073754109442e-07,1.5916157281026244e-07,2.2794210963184014e-07,4.5858639456703215e-07,-2.753353101070388e-07,-4.147793219999585e-07,6.483702463810914e-08,5.020510519005087e-07
gmat_two_body,numerical_two_body,EarthMJ2000Eq,21300.0,2026-03-23T20:40:00Z,-3.80168785341084e-07,1.3460521586239338e-07,2.3163693185779266e-07,4.650833663823814e-07,-2.5224267119483557e-07,-4.3653969328261155e-07,5.062616992290714e-08,5.067112373569838e-07
gmat_two_body,numerical_two_body,EarthMJ2000Eq,21360.0,2026-03-23T20:41:00Z,-3.9381120586767793e-07,1.0822986951097846e-07,2.3391066861222498e-07,4.7065398267935244e-07,-2.291500322826323e-07,-4.5430326167661406e-07,3.241851231905457e-08,5.098550292054813e-07
gmat_two_body,numerical_two_body,EarthMJ2000Eq,21420.0,2026-03-23T20:42:00Z,-4.065441316924989e-07,7.912603905424476e-08,2.3528201609224197e-07,4.7633673820780584e-07,-2.0339285811132868e-07,-4.7117865165091644e-07,1.687538997430238e-08,5.134810174573695e-07
gmat_two_body,numerical_two_body,EarthMJ2000Eq,21480.0,2026-03-23T20:43:00Z,-4.176854417892173e-07,5.184119800105691e-08,2.3581492314406205e-07,4.824492885996189e-07,-1.7674750552032492e-07,-4.860556401808935e-07,4.440892098500626e-10,5.171943186796833e-07
gmat_two_body,numerical_two_body,EarthMJ2000Eq,21540.0,2026-03-23T20:44:00Z,-4.276898835087195e-07,2.2737367544323206e-08,2.3533175408374518e-07,4.886887136190891e-07,-1.4921397450962104e-07,-4.991562718714704e-07,-1.6431300764452317e-08,5.212406177404012e-07
gmat_two_body,numerical_two_body,EarthMJ2000Eq,21600.0,2026-03-23T20:45:00Z,-4.3587533582467586e-07,-7.275957614183426e-09,2.3374013835564256e-07,4.946460352797668e-07,-1.1812772982011666e-07,-5.102585021177219e-07,-3.4638958368304884e-08,5.248978538465526e-07
gmat_two_body,numerical_two_body,EarthMJ2000Eq,21660.0,2026-03-23T20:46:00Z,-4.417870513861999e-07,-3.728928277269006e-08,2.3101165425032377e-07,4.999326692482554e-07,-8.881784197001252e-08,-5.179051631998277e-07,-5.1958437552457326e-08,5.280284522202785e-07
gmat_two_body,numerical_two_body,EarthMJ2000Eq,21720.0,2026-03-23T20:47:00Z,-4.4575187985174125e-07,-7.09405867382884e-08,2.2737367544323206e-07,5.053969662776954e-07,-5.595524044110789e-08,-5.232481115058363e-07,-6.972200594645983e-08,5.308302301493806e-07
gmat_two_body,numerical_two_body,EarthMJ2000Eq,21780.0,2026-03-23T20:48:00Z,-4.481535142986104e-07,-1.0459189070388675e-07,2.2237145458348095e-07,5.111067401167605e-07,-2.1316282072803006e-08,-5.264677582772492e-07,-8.748557434046234e-08,5.341127316443224e-07
gmat_two_body,numerical_two_body,EarthMJ2000Eq,21840.0,2026-03-23T20:49:00Z,-4.481535142986104e-07,-1.355147105641663e-07,2.1691448637284338e-07,5.160016507298005e-07,9.769962616701378e-09,-5.260236690673992e-07,-1.0613732115416497e-07,5.367135954402896e-07
gmat_two_body,numerical_two_body,EarthMJ2000Eq,21900.0,2026-03-23T20:50:00Z,-4.4633452489506453e-07,-1.673470251262188e-07,2.1009327610954642e-07,5.209210300979798e-07,4.3520742565306136e-08,-5.258016244624741e-07,-1.2390088954816747e-07,5.419527966083757e-07
gmat_two_body,numerical_two_body,EarthMJ2000Eq,21960.0,2026-03-23T20:51:00Z,-4.420144250616431e-07,-1.9826984498649836e-07,2.021351974690333e-07,5.249250626988486e-07,7.72715225139109e-08,-5.200284647344233e-07,-1.4033219031261979e-07,5.44144848329557e-07
gmat_two_body,numerical_two_body,EarthMJ2000Eq,22020.0,2026-03-23T20:52:00Z,-4.3655745685100555e-07,-2.2737367544323206e-07,1.9281287677586079e-07,5.286378787670867e-07,1.1191048088221578e-07,-5.129230373768223e-07,-1.580957587066223e-07,5.482775455224993e-07
gmat_two_body,numerical_two_body,EarthMJ2000Eq,22080.0,2026-03-23T20:53:00Z,-4.2882675188593566e-07,-2.546585164964199e-07,1.8280843505635858e-07,5.311894832213398e-07,1.4566126083082054e-07,-5.031530747601209e-07,-1.7275070263167436e-07,5.515641620039553e-07
gmat_two_body,numerical_two_body,EarthMJ2000Eq,22140.0,2026-03-23T20:54:00Z,-4.18367562815547e-07,-2.864908310584724e-07,1.737134880386293e-07,5.359895426436432e-07,1.7763568394002505e-07,-4.89386309254769e-07,-1.8829382497642655e-07,5.536316107477047e-07
gmat_two_body,numerical_two_body,EarthMJ2000Eq,22200.0,2026-03-23T20:55:00Z,-4.0745362639427185e-07,-3.1650415621697903e-07,1.6007106751203537e-07,5.402000418538556e-07,2.0872192862952943e-07,-4.725109192804666e-07,-2.020605904817785e-07,5.546709786494576e-07
gmat_two_body,numerical_two_body,EarthMJ2000Eq,22260.0,2026-03-23T20:56:00Z,-3.942659532185644e-07,-3.437889972701669e-07,1.4870238373987377e-07,5.438280200957751e-07,2.398081733190338e-07,-4.5563552930616424e-07,-2.162714451969805e-07,5.58466680800485e-07
gmat_two_body,numerical_two_body,EarthMJ2000Eq,22320.0,2026-03-23T20:57:00Z,-3.7834979593753815e-07,-3.710738383233547e-07,1.355147105641663e-07,5.469996328639478e-07,2.7000623958883807e-07,-4.3431924723336124e-07,-2.291500322826323e-07,5.603983540566389e-07
gmat_two_body,numerical_two_body,EarthMJ2000Eq,22380.0,2026-03-23T20:58:00Z,-3.6334313335828483e-07,-3.956301952712238e-07,1.2187229003757238e-07,5.508124354514568e-07,3.0109248427834245e-07,-4.121147867408581e-07,-2.4091839634365897e-07,5.643907823805835e-07
gmat_two_body,numerical_two_body,EarthMJ2000Eq,22440.0,2026-03-23T20:59:00Z,-3.41970007866621e-07,-4.192770575173199e-07,1.0732037480920553e-07,5.515926033676188e-07,3.277378368693462e-07,-3.8546943414985435e-07,-2.5157653738006047e-07,5.650571020169095e-07
gmat_two_body,numerical_two_body,EarthMJ2000Eq,22500.0,2026-03-23T21:00:00Z,-3.219611244276166e-07,-4.420144250616431e-07,9.231371222995222e-08,5.545787041267855e-07,3.5438318946034997e-07,-3.5704772471945034e-07,-2.609024107869118e-07,5.666926774309416e-07
gmat_two_body,numerical_two_body,EarthMJ2000Eq,22560.0,2026-03-23T21:01:00Z,-2.992237568832934e-07,-4.638422979041934e-07,7.639755494892597e-08,5.572442197192978e-07,3.801403636316536e-07,-3.277378368693462e-07,-2.688960165642129e-07,5.694065801357633e-07
gmat_two_body,numerical_two_body,EarthMJ2000Eq,22620.0,2026-03-23T21:02:00Z,-2.773958840407431e-07,-4.829416866414249e-07,6.093614501878619e-08,5.602627624147085e-07,4.050093593832571e-07,-2.9753977059954195e-07,-2.7688962234151404e-07,5.737859873131189e-07
gmat_two_body,numerical_two_body,EarthMJ2000Eq,22680.0,2026-03-23T21:03:00Z,-2.510205376893282e-07,-4.984030965715647e-07,4.274625098332763e-08,5.596822303656723e-07,4.249933738265099e-07,-2.637889906509372e-07,-2.8110846983508964e-07,5.737821635412741e-07
gmat_two_body,numerical_two_body,EarthMJ2000Eq,22740.0,2026-03-23T21:04:00Z,-2.2464519133791327e-07,-5.143192538525909e-07,2.5920599000528455e-08,5.6183772953343e-07,4.445332990599127e-07,-2.2737367544323206e-07,-2.851052727237402e-07,5.749727461302251e-07
gmat_two_body,numerical_two_body,EarthMJ2000Eq,22800.0,2026-03-23T21:05:00Z,-1.9736035028472543e-07,-5.26142684975639e-07,9.094947017729282e-09,5.620141909944439e-07,4.618527782440651e-07,-1.9095836023552692e-07,-2.870204074412186e-07,5.763278566955843e-07
gmat_two_body,numerical_two_body,EarthMJ2000Eq,22860.0,2026-03-23T21:06:00Z,-1.6825651982799172e-07,-5.361471266951412e-07,-7.73070496506989e-09,5.619819941308975e-07,4.769518113789672e-07,-1.5187850976872141e-07,-2.8742985639165775e-07,5.772053659249666e-07
gmat_two_body,numerical_two_body,EarthMJ2000Eq,22920.0,2026-03-23T21:07:00Z,-1.4097167877480388e-07,-5.434230843093246e-07,-2.5920599000528455e-08,5.620084876844762e-07,4.878319970202938e-07,-1.1102230246251565e-07,-2.860767178702872e-07,5.763210021058769e-07
gmat_two_body,numerical_two_body,EarthMJ2000Eq,22980.0,2026-03-23T21:08:00Z,-1.127773430198431e-07,-5.487663656822406e-07,-4.18367562815547e-08,5.617949513647058e-07,4.971578704271451e-07,-7.283063041541027e-08,-2.8332891588433995e-07,5.768409862609932e-07
gmat_two_body,numerical_two_body,EarthMJ2000Eq,23040.0,2026-03-23T21:09:00Z,-8.003553375601768e-08,-5.519495971384458e-07,-5.95719029661268e-08,5.608946924939733e-07,5.047073869945962e-07,-3.375077994860476e-08,-2.7988722450800196e-07,5.78105111616257e-07
gmat_two_body,numerical_two_body,EarthMJ2000Eq,23100.0,2026-03-23T21:10:00Z,-5.093170329928398e-08,-5.528022484213579e-07,-7.685230229981244e-08,5.60437900778897e-07,5.09203790244328e-07,8.881784197001252e-09,-2.7489122089718876e-07,5.787335910555554e-07
gmat_two_body,numerical_two_body,EarthMJ2000Eq,23160.0,2026-03-23T21:11:00Z,-2.000888343900442e-08,-5.508127287612297e-07,-9.276845958083868e-08,5.589284432508953e-07,5.118162837991491e-07,4.973799150320701e-08,-2.6778579353958776e-07,5.797749627074033e-07
gmat_two_body,numerical_two_body,EarthMJ2000Eq,23220.0,2026-03-23T21:12:00Z,1.000444171950221e-08,-5.460378815769218e-07,-1.0868461686186492e-07,5.568391176215459e-07,5.098699240591031e-07,8.881784197001252e-08,-2.5934809855243657e-07,5.78893241224157e-07
gmat_two_body,numerical_two_body,EarthMJ2000Eq,23280.0,2026-03-23T21:13:00Z,4.092726157978177e-08,-5.393303581513464e-07,-1.241460267920047e-07,5.549455035697836e-07,5.053735208093713e-07,1.270095140171179e-07,-2.489120021209601e-07,5.77486793776264e-07
gmat_two_body,numerical_two_body,EarthMJ2000Eq,23340.0,2026-03-23T21:14:00Z,6.912159733474255e-08,-5.311449058353901e-07,-1.3869794202037156e-07,5.532900011148566e-07,4.984901380566953e-07,1.652011860642233e-07,-2.391420395042587e-07,5.770379230822405e-07
gmat_two_body,numerical_two_body,EarthMJ2000Eq,23400.0,2026-03-23T21:15:00Z,9.913492249324918e-08,-5.19321474712342e-07,-1.5234036254696548e-07,5.502091538824896e-07,4.900524430695441e-07,2.0605739337042905e-07,-2.26929586233382e-07,5.780208330407291e-07
gmat_two_body,numerical_two_body,EarthMJ2000Eq,23460.0,2026-03-23T21:16:00Z,1.2823875294998288e-07,-5.052243068348616e-07,-1.6552803572267294e-07,5.468969816932066e-07,4.796163466380676e-07,2.4424906541753444e-07,-2.1316282072803006e-07,5.789022664150801e-07
gmat_two_body,numerical_two_body,EarthMJ2000Eq,23520.0,2026-03-23T21:17:00Z,1.5734258340671659e-07,-4.906723916064948e-07,-1.7826096154749393e-07,5.452458664215384e-07,4.667377595524158e-07,2.779998453661392e-07,-1.9939605522267811e-07,5.786940789864463e-07
gmat_two_body,numerical_two_body,EarthMJ2000Eq,23580.0,2026-03-23T21:18:00Z,1.864464138634503e-07,-4.729372449219227e-07,-1.8917489796876907e-07,5.424196206797592e-07,4.503064587879635e-07,3.1086244689504383e-07,-1.8340884366807586e-07,5.77104991878766e-07
gmat_two_body,numerical_two_body,EarthMJ2000Eq,23640.0,2026-03-23T21:19:00Z,2.1191226551309228e-07,-4.5292836148291826e-07,-2.0054358174093068e-07,5.387658462523156e-07,4.303224443447107e-07,3.446132268436486e-07,-1.6830981053317373e-07,5.764233466334544e-07
gmat_two_body,numerical_two_body,EarthMJ2000Eq,23700.0,2026-03-23T21:20:00Z,2.3737811716273427e-07,-4.3019099393859506e-07,-2.098659024341032e-07,5.342811607927811e-07,4.098943406916078e-07,3.765876499528531e-07,-1.5143442055887135e-07,5.76857012055866e-07
gmat_two_body,numerical_two_body,EarthMJ2000Eq,23760.0,2026-03-23T21:21:00Z,2.610249794088304e-07,-4.065441316924989e-07,-2.1896084945183247e-07,5.304300373109127e-07,3.8813396940895473e-07,4.014566457044566e-07,-1.3322676295501878e-07,5.740773353450716e-07
gmat_two_body,numerical_two_body,EarthMJ2000Eq,23820.0,2026-03-23T21:22:00Z,2.837623469531536e-07,-3.8198777474462986e-07,-2.2646418074145913e-07,5.269931259149557e-07,3.6415315207705135e-07,4.263256414560601e-07,-1.1679546219056647e-07,5.727148074905007e-07
gmat_two_body,numerical_two_body,EarthMJ2000Eq,23880.0,2026-03-23T21:23:00Z,3.0740920919924974e-07,-3.54702933691442e-07,-2.3283064365386963e-07,5.239510489483715e-07,3.3928415632544784e-07,4.511946372076636e-07,-9.769962616701378e-08,5.729184552199382e-07
gmat_two_body,numerical_two_body,EarthMJ2000Eq,23940.0,2026-03-23T21:24:00Z,3.2650859793648124e-07,-3.283275873400271e-07,-2.3851498553995043e-07,5.208610826910497e-07,3.1175062531474396e-07,4.725109192804666e-07,-7.771561172376096e-08,5.713971801899304e-07
gmat_two_body,numerical_two_body,EarthMJ2000Eq,24000.0,2026-03-23T21:25:00Z,3.469722287263721e-07,-3.001332515850663e-07,-2.4226665118476376e-07,5.188090462690976e-07,2.824407374646398e-07,4.911626660941693e-07,-5.81756864903582e-08,5.695594308260784e-07
gmat_two_body,numerical_two_body,EarthMJ2000Eq,24060.0,2026-03-23T21:26:00Z,3.6288838600739837e-07,-2.6921043172478676e-07,-2.4510882212780416e-07,5.140433560832979e-07,2.5490720645393594e-07,5.098144129078719e-07,-3.907985046680551e-08,5.713279743048255e-07
gmat_two_body,numerical_two_body,EarthMJ2000Eq,24120.0,2026-03-23T21:27:00Z,3.7698555388487875e-07,-2.3919710656628013e-07,-2.467004378559068e-07,5.100926089112302e-07,2.220446049250313e-07,5.231370892033738e-07,-2.1760371282653068e-08,5.68726414398743e-07
gmat_two_body,numerical_two_body,EarthMJ2000Eq,24180.0,2026-03-23T21:28:00Z,3.892637323588133e-07,-2.064552973024547e-07,-2.474962457199581e-07,5.053755383471114e-07,1.9095836023552692e-07,5.333511410299252e-07,-1.7763568394002505e-09,5.665083321764873e-07
gmat_two_body,numerical_two_body,EarthMJ2000Eq,24240.0,2026-03-23T21:29:00Z,3.9881342672742903e-07,-1.7644197214394808e-07,-2.468993898219196e-07,5.011419235771005e-07,1.6076029396572267e-07,5.413447468072263e-07,1.7319479184152442e-08,5.649760803529083e-07
gmat_two_body,numerical_two_body,EarthMJ2000Eq,24300.0,2026-03-23T21:30:00Z,4.083631210960448e-07,-1.4370016288012266e-07,-2.452225089655258e-07,4.97538193897136e-07,1.270095140171179e-07,5.46007683510652e-07,3.552713678800501e-08,5.617098757827624e-07
gmat_two_body,numerical_two_body,EarthMJ2000Eq,24360.0,2026-03-23T21:31:00Z,4.1450221033301204e-07,-1.0913936421275139e-07,-2.42494024860207e-07,4.924701364393772e-07,9.414691248821327e-08,5.473399511402022e-07,5.417888360170764e-08,5.580143498813893e-07
gmat_two_body,numerical_two_body,EarthMJ2000Eq,24420.0,2026-03-23T21:32:00Z,4.199591785436496e-07,-7.912603905424476e-08,-2.388560460531153e-07,4.895700689743999e-07,6.217248937900877e-08,5.480060849549773e-07,7.105427357601002e-08,5.560798480224573e-07
gmat_two_body,numerical_two_body,EarthMJ2000Eq,24480.0,2026-03-23T21:33:00Z,4.2280134948669e-07,-4.547473508864641e-08,-2.339675120310858e-07,4.853552609637244e-07,3.108624468950438e-08,5.467293284766583e-07,8.926193117986259e-08,5.548396214974125e-07
gmat_two_body,numerical_two_body,EarthMJ2000Eq,24540.0,2026-03-23T21:34:00Z,4.235403139318805e-07,-1.4551915228366852e-08,-2.28283170145005e-07,4.813640634008554e-07,-3.552713678800501e-09,5.433986594027829e-07,1.0480505352461478e-07,5.534246326822854e-07
gmat_two_body,numerical_two_body,EarthMJ2000Eq,24600.0,2026-03-23T21:35:00Z,4.221476501697907e-07,1.8189894035458565e-08,-2.212345862062648e-07,4.769530930005113e-07,-3.4638958368304884e-08,5.372369216161132e-07,1.212363542890671e-07,5.518347768904233e-07
gmat_two_body,numerical_two_body,EarthMJ2000Eq,24660.0,2026-03-23T21:36:00Z,4.1939074435504153e-07,5.002220859751105e-08,-2.1327650756575167e-07,4.731571477670953e-07,-6.394884621840902e-08,5.300204719560497e-07,1.3677947663381929e-07,5.51107776077784e-07
gmat_two_body,numerical_two_body,EarthMJ2000Eq,24720.0,2026-03-23T21:37:00Z,4.1450221033301204e-07,8.185452315956354e-08,-2.0531842892523855e-07,4.697530229694752e-07,-9.50350909079134e-08,5.17363929475323e-07,1.509903313490213e-07,5.472615317989285e-07
gmat_two_body,numerical_two_body,EarthMJ2000Eq,24780.0,2026-03-23T21:38:00Z,4.0813574742060155e-07,1.1095835361629725e-07,-1.9599610823206604e-07,4.661555738183638e-07,-1.270095140171179e-07,5.075939668586216e-07,1.6342482922482304e-07,5.481703445547729e-07
gmat_two_body,numerical_two_body,EarthMJ2000Eq,24840.0,2026-03-23T21:39:00Z,3.999502951046452e-07,1.3915268937125802e-07,-1.8485479813534766e-07,4.6205519790086416e-07,-1.5631940186722204e-07,4.916067553040193e-07,1.7674750552032492e-07,5.453005024464303e-07
gmat_two_body,numerical_two_body,EarthMJ2000Eq,24900.0,2026-03-23T21:40:00Z,3.888089850079268e-07,1.6916601452976465e-07,-1.7416823538951576e-07,4.5839299897956183e-07,-1.8385293287792592e-07,4.742872761198669e-07,1.8829382497642655e-07,5.424065686745241e-07
gmat_two_body,numerical_two_body,EarthMJ2000Eq,24960.0,2026-03-23T21:41:00Z,3.7698555388487875e-07,1.9554136088117957e-07,-1.6189005691558123e-07,4.5449193852177693e-07,-2.1049828546892968e-07,4.53859172466764e-07,1.9895196601282805e-07,5.38404644666021e-07
gmat_two_body,numerical_two_body,EarthMJ2000Eq,25020.0,2026-03-23T21:42:00Z,3.6334313335828483e-07,2.219167072325945e-07,-1.5006662579253316e-07,4.5142579643207093e-07,-2.3536728122053319e-07,4.3520742565306136e-07,2.078337502098293e-07,5.366545705935916e-07
gmat_two_body,numerical_two_body,EarthMJ2000Eq,25080.0,2026-03-23T21:43:00Z,3.48791218129918e-07,2.4647306418046355e-07,-1.3733369996771216e-07,4.4862549008931773e-07,-2.5934809855243657e-07,4.1389114358025836e-07,2.1671553440683056e-07,5.34352821467405e-07
gmat_two_body,numerical_two_body,EarthMJ2000Eq,25140.0,2026-03-23T21:44:00Z,3.3242031349800527e-07,2.710294211283326e-07,-1.2369127944111824e-07,4.463851975066512e-07,-2.8332891588433995e-07,3.907985046680551e-07,2.2604140781368187e-07,5.330041874820259e-07
gmat_two_body,numerical_two_body,EarthMJ2000Eq,25200.0,2026-03-23T21:45:00Z,3.142304194625467e-07,2.9467628337442875e-07,-1.1004885891452432e-07,4.446185104641546e-07,-3.064215547965432e-07,3.694822225952521e-07,2.34035013590983e-07,5.340259072782799e-07
gmat_two_body,numerical_two_body,EarthMJ2000Eq,25260.0,2026-03-23T21:46:00Z,2.9740476747974753e-07,3.1650415621697903e-07,-9.640643838793039e-08,4.4488052102216207e-07,-3.268496584496461e-07,3.455014052633487e-07,2.404743071338089e-07,5.329444742739008e-07
gmat_two_body,numerical_two_body,EarthMJ2000Eq,25320.0,2026-03-23T21:47:00Z,2.764863893389702e-07,3.3651303965598345e-07,-8.139977580867708e-08,4.430707312042999e-07,-3.481659405224491e-07,3.197442310920451e-07,2.460254222569347e-07,5.329018707541077e-07
gmat_two_body,numerical_two_body,EarthMJ2000Eq,25380.0,2026-03-23T21:48:00Z,2.5556801119819283e-07,3.551576810423285e-07,-6.548361852765083e-08,4.424252378048057e-07,-3.659295089164516e-07,2.913225216616411e-07,2.502442697505103e-07,5.304671636077948e-07
gmat_two_body,numerical_two_body,EarthMJ2000Eq,25440.0,2026-03-23T21:49:00Z,2.3283064365386963e-07,3.728928277269006e-07,-4.9112713895738125e-08,4.4234740675247977e-07,-3.8324898810060404e-07,2.646771690706373e-07,2.539080057317733e-07,5.304743783464664e-07
gmat_two_body,numerical_two_body,EarthMJ2000Eq,25500.0,2026-03-23T21:50:00Z,2.0827428670600057e-07,3.8835423765704036e-07,-3.456079866737127e-08,4.420312672352499e-07,-3.9745984281580604e-07,2.3447910280083306e-07,2.566835632933362e-07,5.280541903691448e-07
gmat_two_body,numerical_two_body,EarthMJ2000Eq,25560.0,2026-03-23T21:51:00Z,1.8462742445990443e-07,4.0108716348186135e-07,-1.8189894035458565e-08,4.419152303526597e-07,-4.121147867408581e-07,2.042810365310288e-07,2.589040093425865e-07,5.278263212367498e-07
gmat_two_body,numerical_two_body,EarthMJ2000Eq,25620.0,2026-03-23T21:52:00Z,1.6007106751203537e-07,4.1245584725402296e-07,-2.7284841053187847e-09,4.4243645556620837e-07,-4.2588155224621005e-07,1.758593271006248e-07,2.6029178812336795e-07,5.292007317043185e-07
gmat_two_body,numerical_two_body,EarthMJ2000Eq,25680.0,2026-03-23T21:53:00Z,1.355147105641663e-07,4.210960469208658e-07,1.2278178473934531e-08,4.425345988488443e-07,-4.369837824924616e-07,1.4566126083082054e-07,2.601599491391937e-07,5.290134480373361e-07
gmat_two_body,numerical_two_body,EarthMJ2000Eq,25740.0,2026-03-23T21:54:00Z,1.1004885891452432e-07,4.290541255613789e-07,2.8194335754960775e-08,4.4383906382639623e-07,-4.4719783431901305e-07,1.1368683772161603e-07,2.598754544891335e-07,5.295713851188433e-07
gmat_two_body,numerical_two_body,EarthMJ2000Eq,25800.0,2026-03-23T21:55:00Z,8.185452315956354e-08,4.3519321479834616e-07,4.411049303598702e-08,4.4501576687132875e-07,-4.547473508864641e-07,8.171241461241152e-08,2.574607194105738e-07,5.289216330227548e-07
gmat_two_body,numerical_two_body,EarthMJ2000Eq,25860.0,2026-03-23T21:56:00Z,5.547917680814862e-08,4.391154106997419e-07,6.048139766789973e-08,4.4671946726908537e-07,-4.610756221268275e-07,5.062616992290714e-08,2.547961841514734e-07,5.292209688389678e-07
gmat_two_body,numerical_two_body,EarthMJ2000Eq,25920.0,2026-03-23T21:57:00Z,2.7284841053187847e-08,4.411688792060886e-07,7.548806024715304e-08,4.484115183301294e-07,-4.6618264804010323e-07,2.042810365310288e-08,2.510214258677479e-07,5.298634965698448e-07
gmat_two_body,numerical_two_body,EarthMJ2000Eq,25980.0,2026-03-23T21:58:00Z,-9.094947017729282e-10,4.412754606164526e-07,9.094947017729282e-08,4.5055151253591997e-07,-4.7079007359229763e-07,-1.1546319456101628e-08,2.462474668618597e-07,5.314267831243605e-07
gmat_two_body,numerical_two_body,EarthMJ2000Eq,26040.0,2026-03-23T21:59:00Z,-3.001332515850663e-08,4.3951331463176757e-07,1.0595613275654614e-07,4.5309982950161896e-07,-4.713451851046102e-07,-4.529709940470639e-08,2.398081733190338e-07,5.307787398967585e-07
gmat_two_body,numerical_two_body,EarthMJ2000Eq,26100.0,2026-03-23T22:00:00Z,-5.9117155615240335e-08,4.3587533582467586e-07,1.1868905858136714e-07,4.555976723988411e-07,-4.716227408607665e-07,-7.815970093361102e-08,2.327027459614328e-07,5.316836620821109e-07
gmat_two_body,numerical_two_body,EarthMJ2000Eq,26160.0,2026-03-23T22:01:00Z,-8.549250196665525e-08,4.313278623158112e-07,1.3233147910796106e-07,4.591996440170078e-07,-4.689582056016661e-07,-1.1013412404281553e-07,2.240430063693566e-07,5.312688515081911e-07
gmat_two_body,numerical_two_body,EarthMJ2000Eq,26220.0,2026-03-23T22:02:00Z,-1.127773430198431e-07,4.2382453102618456e-07,1.4370016288012266e-07,4.615145707450138e-07,-4.651834473179406e-07,-1.4210854715202004e-07,2.1582735598713043e-07,5.321390104330415e-07
gmat_two_body,numerical_two_body,EarthMJ2000Eq,26280.0,2026-03-23T22:03:00Z,-1.4370016288012266e-07,4.133653419557959e-07,1.5779733075760305e-07,4.65210318389683e-07,-4.596323321948148e-07,-1.758593271006248e-07,2.0605739337042905e-07,5.335241635481423e-07
gmat_two_body,numerical_two_body,EarthMJ2000Eq,26340.0,2026-03-23T22:04:00Z,-1.7007550923153758e-07,4.015419108327478e-07,1.7007550923153758e-07,4.680675846883098e-07,-4.5430326167661406e-07,-2.0605739337042905e-07,1.9539925233402755e-07,5.35753647440055e-07
gmat_two_body,numerical_two_body,EarthMJ2000Eq,26400.0,2026-03-23T22:05:00Z,-1.9554136088117957e-07,3.888089850079268e-07,1.823536877054721e-07,4.7187044626458946e-07,-4.440892098500626e-07,-2.389199948993337e-07,1.8429702208777599e-07,5.369016507875281e-07
gmat_two_body,numerical_two_body,EarthMJ2000Eq,26460.0,2026-03-23T22:06:00Z,-2.219167072325945e-07,3.7334757507778704e-07,1.9372237147763371e-07,4.7556681336731144e-07,-4.32542890393961e-07,-2.7000623958883807e-07,1.7141843500212417e-07,5.379414478415329e-07
gmat_two_body,numerical_two_body,EarthMJ2000Eq,26520.0,2026-03-23T22:07:00Z,-2.4647306418046355e-07,3.574314177967608e-07,2.034994395216927e-07,4.794978745316318e-07,-4.205524817280093e-07,-3.019806626980426e-07,1.5942802633617248e-07,5.417324119088536e-07
gmat_two_body,numerical_two_body,EarthMJ2000Eq,26580.0,2026-03-23T22:08:00Z,-2.7193891583010554e-07,3.3924152376130223e-07,2.1236701286397874e-07,4.838753285088141e-07,-4.0589753780295723e-07,-3.3306690738754696e-07,1.461053500406706e-07,5.450074763723107e-07
gmat_two_body,numerical_two_body,EarthMJ2000Eq,26640.0,2026-03-23T22:09:00Z,-2.955857780762017e-07,3.2014213502407074e-07,2.2100721253082156e-07,4.885756101253189e-07,-3.8813396940895473e-07,-3.597122599785507e-07,1.3100631690576847e-07,5.451637765453997e-07
gmat_two_body,numerical_two_body,EarthMJ2000Eq,26700.0,2026-03-23T22:10:00Z,-3.1741365091875196e-07,2.955857780762017e-07,2.2782842279411852e-07,4.899266967856932e-07,-3.703704010149522e-07,-3.8813396940895473e-07,1.1679546219056647e-07,5.490568205071639e-07
gmat_two_body,numerical_two_body,EarthMJ2000Eq,26760.0,2026-03-23T22:11:00Z,-3.4015101846307516e-07,2.7284841053187847e-07,2.3487700673285872e-07,4.952940326543691e-07,-3.481659405224491e-07,-4.121147867408581e-07,1.0125233984581428e-07,5.489172578035754e-07
gmat_two_body,numerical_two_body,EarthMJ2000Eq,26820.0,2026-03-23T22:12:00Z,-3.601599019020796e-07,2.473825588822365e-07,2.403339749434963e-07,4.986719411490684e-07,-3.268496584496461e-07,-4.360956040727615e-07,8.482103908136196e-08,5.515475353866418e-07
gmat_two_body,numerical_two_body,EarthMJ2000Eq,26880.0,2026-03-23T22:13:00Z,-3.792592906393111e-07,2.2100721253082156e-07,2.447677616146393e-07,5.025863653669069e-07,-3.019806626980426e-07,-4.5785597535541456e-07,6.750155989720952e-08,5.526127716591099e-07
gmat_two_body,numerical_two_body,EarthMJ2000Eq,26940.0,2026-03-23T22:14:00Z,-3.9744918467476964e-07,1.9372237147763371e-07,2.480646799085662e-07,5.069815549186151e-07,-2.779998453661392e-07,-4.778399897986674e-07,5.062616992290714e-08,5.551378017712817e-07
gmat_two_body,numerical_two_body,EarthMJ2000Eq,27000.0,2026-03-23T22:15:00Z,-4.129105946049094e-07,1.646185410209e-07,2.5062263375730254e-07,5.103000369745985e-07,-2.504663143554353e-07,-4.9649173661237e-07,3.241851231905457e-08,5.570353481531881e-07
gmat_two_body,numerical_two_body,EarthMJ2000Eq,27060.0,2026-03-23T22:16:00Z,-4.260982677806169e-07,1.3460521586239338e-07,2.5198687580996193e-07,5.130065141140694e-07,-2.2293278334473143e-07,-5.129230373768223e-07,1.4654943925052066e-08,5.59467457090348e-07
gmat_two_body,numerical_two_body,EarthMJ2000Eq,27120.0,2026-03-23T22:17:00Z,-4.3792169890366495e-07,1.0368239600211382e-07,2.523918851693452e-07,5.159720121389796e-07,-1.9628743075372768e-07,-5.258016244624741e-07,-3.1086244689504383e-09,5.612537459165551e-07
gmat_two_body,numerical_two_body,EarthMJ2000Eq,27180.0,2026-03-23T22:18:00Z,-4.4929038267582655e-07,7.366907084360719e-08,2.516742370062275e-07,5.202200510712921e-07,-1.6431300764452317e-07,-5.384581669432009e-07,-2.2648549702353193e-08,5.634260544495978e-07
gmat_two_body,numerical_two_body,EarthMJ2000Eq,27240.0,2026-03-23T22:19:00Z,-4.574758349917829e-07,4.092726157978177e-08,2.49599452217808e-07,5.227418740537998e-07,-1.3233858453531866e-07,-5.480060849549773e-07,-4.085620730620576e-08,5.652374720238752e-07
gmat_two_body,numerical_two_body,EarthMJ2000Eq,27300.0,2026-03-23T22:20:00Z,-4.6486547944368795e-07,8.185452315956354e-09,2.4658675101818517e-07,5.262812379191672e-07,-1.0036416142611415e-07,-5.536682223805656e-07,-6.039613253960852e-08,5.659232794280197e-07
gmat_two_body,numerical_two_body,EarthMJ2000Eq,27360.0,2026-03-23T22:21:00Z,-4.695266397902742e-07,-2.4556356947869062e-08,2.42494024860207e-07,5.290195008052158e-07,-6.838973831690964e-08,-5.581785034181053e-07,-7.815970093361102e-08,5.677581675635875e-07
gmat_two_body,numerical_two_body,EarthMJ2000Eq,27420.0,2026-03-23T22:22:00Z,-4.7261394797715184e-07,-5.820766091346741e-08,2.3737811716273427e-07,5.320718430055212e-07,-3.4638958368304884e-08,-5.60218538225854e-07,-9.636735853746359e-08,5.695009532917761e-07
gmat_two_body,numerical_two_body,EarthMJ2000Eq,27480.0,2026-03-23T22:23:00Z,-4.738467396236956e-07,-9.185896487906575e-08,2.3078428057488054e-07,5.350048469323666e-07,-8.881784197001252e-10,-5.579980921766037e-07,-1.1368683772161603e-07,5.694623401110698e-07
gmat_two_body,numerical_two_body,EarthMJ2000Eq,27540.0,2026-03-23T22:24:00Z,-4.730509317596443e-07,-1.2460077414289117e-07,2.2350832296069711e-07,5.37827581468614e-07,3.375077994860476e-08,-5.544453784978032e-07,-1.3233858453531866e-07,5.710186457914689e-07
gmat_two_body,numerical_two_body,EarthMJ2000Eq,27600.0,2026-03-23T22:25:00Z,-4.695266397902742e-07,-1.5825207810848951e-07,2.148681232938543e-07,5.400623076148014e-07,6.927791673660977e-08,-5.484501741648273e-07,-1.4876988529977098e-07,5.724766388778682e-07
gmat_two_body,numerical_two_body,EarthMJ2000Eq,27660.0,2026-03-23T22:26:00Z,-4.6429704525507987e-07,-1.9190338207408786e-07,2.0554580260068178e-07,5.428146380218845e-07,1.0302869668521453e-07,-5.395683899678261e-07,-1.652011860642233e-07,5.736204247323765e-07
gmat_two_body,numerical_two_body,EarthMJ2000Eq,27720.0,2026-03-23T22:27:00Z,-4.5702108764089644e-07,-2.2282620193436742e-07,1.950866135302931e-07,5.445902841546857e-07,1.376676550535194e-07,-5.280220705117245e-07,-1.8074430840897548e-07,5.748288399320812e-07
gmat_two_body,numerical_two_body,EarthMJ2000Eq,27780.0,2026-03-23T22:28:00Z,-4.483808879740536e-07,-2.5556801119819283e-07,1.8326318240724504e-07,5.476730987315623e-07,1.687538997430238e-07,-5.120348589571222e-07,-1.9451107391432743e-07,5.731423325326995e-07
gmat_two_body,numerical_two_body,EarthMJ2000Eq,27840.0,2026-03-23T22:29:00Z,-4.3792169890366495e-07,-2.828528522513807e-07,1.7189449863508344e-07,5.489343030440166e-07,1.9984014443252818e-07,-4.942712905631197e-07,-2.0872192862952943e-07,5.725426058317197e-07
gmat_two_body,numerical_two_body,EarthMJ2000Eq,27900.0,2026-03-23T22:30:00Z,-4.24279278377071e-07,-3.1377567211166024e-07,1.5779733075760305e-07,5.50788594710817e-07,2.3359092438113294e-07,-4.75175454539567e-07,-2.2071233729548112e-07,5.736465535367143e-07
gmat_two_body,numerical_two_body,EarthMJ2000Eq,27960.0,2026-03-23T22:31:00Z,-4.0972736314870417e-07,-3.410605131648481e-07,1.446096575818956e-07,5.523682999765761e-07,2.646771690706373e-07,-4.511946372076636e-07,-2.327027459614328e-07,5.725217659182863e-07
gmat_two_body,numerical_two_body,EarthMJ2000Eq,28020.0,2026-03-23T22:32:00Z,-3.92901711165905e-07,-3.67435859516263e-07,1.3096723705530167e-07,5.536544795063532e-07,2.948752353404416e-07,-4.2721381987576024e-07,-2.431388423929093e-07,5.732185874429433e-07
gmat_two_body,numerical_two_body,EarthMJ2000Eq,28080.0,2026-03-23T22:33:00Z,-3.7425706977955997e-07,-3.92901711165905e-07,1.1550582712516189e-07,5.547807720324727e-07,3.232969447708456e-07,-4.0234482412415673e-07,-2.524647157997606e-07,5.745787193427161e-07
gmat_two_body,numerical_two_body,EarthMJ2000Eq,28140.0,2026-03-23T22:34:00Z,-3.537934389896691e-07,-4.156390787102282e-07,1.0049916454590857e-07,5.550006516191216e-07,3.490541189421492e-07,-3.7481129311345285e-07,-2.6068036618198676e-07,5.746969085601848e-07
gmat_two_body,numerical_two_body,EarthMJ2000Eq,28200.0,2026-03-23T22:35:00Z,-3.3014657674357295e-07,-4.374669515527785e-07,8.458300726488233e-08,5.545524149747723e-07,3.7481129311345285e-07,-3.446132268436486e-07,-2.6778579353958776e-07,5.752834195269297e-07
gmat_two_body,numerical_two_body,EarthMJ2000Eq,28260.0,2026-03-23T22:36:00Z,-3.064997144974768e-07,-4.561115929391235e-07,6.775735528208315e-08,5.536884678186118e-07,3.97015753605956e-07,-3.099742684753437e-07,-2.724487302430134e-07,5.726551024300402e-07
gmat_two_body,numerical_two_body,EarthMJ2000Eq,28320.0,2026-03-23T22:37:00Z,-2.837623469531536e-07,-4.743014869745821e-07,5.2295945351943374e-08,5.55173698940174e-07,4.1744385725905886e-07,-2.753353101070388e-07,-2.767786000390515e-07,5.715551595381132e-07
gmat_two_body,numerical_two_body,EarthMJ2000Eq,28380.0,2026-03-23T22:38:00Z,-2.582964953035116e-07,-4.897628969047219e-07,3.6834535421803594e-08,5.549248216383209e-07,4.383160501220118e-07,-2.4158453015843406e-07,-2.785549568784518e-07,5.727799830720252e-07
gmat_two_body,numerical_two_body,EarthMJ2000Eq,28440.0,2026-03-23T22:39:00Z,-2.3101165425032377e-07,-5.024958227295429e-07,2.000888343900442e-08,5.53415568697328e-07,4.53859172466764e-07,-2.0516921495072893e-07,-2.7966517990307693e-07,5.712225206046542e-07
gmat_two_body,numerical_two_body,EarthMJ2000Eq,28500.0,2026-03-23T22:40:00Z,-2.02817318495363e-07,-5.143192538525909e-07,2.2737367544323206e-09,5.528691793218028e-07,4.6762593797211593e-07,-1.6786572132332367e-07,-2.793321129956894e-07,5.699818835808184e-07
gmat_two_body,numerical_two_body,EarthMJ2000Eq,28560.0,2026-03-23T22:41:00Z,-1.737134880386293e-07,-5.234142008703202e-07,-1.4551915228366852e-08,5.516797620323555e-07,4.782840790085174e-07,-1.2967404927621828e-07,-2.768479889780906e-07,5.676405802001209e-07
gmat_two_body,numerical_two_body,EarthMJ2000Eq,28620.0,2026-03-23T22:42:00Z,-1.446096575818956e-07,-5.304627848090604e-07,-3.0468072509393096e-08,5.506641649642495e-07,4.876099524153688e-07,-8.881784197001252e-08,-2.736699755701011e-07,5.661689944488907e-07
gmat_two_body,numerical_two_body,EarthMJ2000Eq,28680.0,2026-03-23T22:43:00Z,-1.1550582712516189e-07,-5.338733899407089e-07,-4.8203219193965197e-08,5.483483773362637e-07,4.931610675384945e-07,-4.973799150320701e-08,-2.6922908347160046e-07,5.640620583955622e-07
gmat_two_body,numerical_two_body,EarthMJ2000Eq,28740.0,2026-03-23T22:44:00Z,-8.36735125631094e-08,-5.354081622499507e-07,-6.411937647499144e-08,5.456871368724574e-07,4.970468481246826e-07,-1.0658141036401503e-08,-2.6278978992877455e-07,5.623412121584568e-07
gmat_two_body,numerical_two_body,EarthMJ2000Eq,28800.0,2026-03-23T22:45:00Z,-5.4569682106375694e-08,-5.349249931896338e-07,-7.958078640513122e-08,5.435583686311709e-07,4.982680934517703e-07,2.7533531010703882e-08,-2.544631172440859e-07,5.601612859878455e-07
gmat_two_body,numerical_two_body,EarthMJ2000Eq,28860.0,2026-03-23T22:46:00Z,-2.637534635141492e-08,-5.32054400537163e-07,-9.413270163349807e-08,5.409607282815807e-07,4.953815135877448e-07,6.750155989720952e-08,-2.4558133304708463e-07,5.570183980213083e-07
gmat_two_body,numerical_two_body,EarthMJ2000Eq,28920.0,2026-03-23T22:47:00Z,3.637978807091713e-09,-5.272795533528551e-07,-1.07775122160092e-07,5.381936818938048e-07,4.92605956026182e-07,1.0480505352461478e-07,-2.3647750424515834e-07,5.563868592722018e-07
gmat_two_body,numerical_two_body,EarthMJ2000Eq,28980.0,2026-03-23T22:48:00Z,3.2741809263825417e-08,-5.19321474712342e-07,-1.2187229003757238e-07,5.344339765118538e-07,4.858335955759685e-07,1.4210854715202004e-07,-2.2537527399890678e-07,5.540966846083939e-07
gmat_two_body,numerical_two_body,EarthMJ2000Eq,29040.0,2026-03-23T22:49:00Z,6.093614501878619e-08,-5.093170329928398e-07,-1.355147105641663e-07,5.305481039883846e-07,4.767297667740422e-07,1.794120407794253e-07,-2.1382895454280515e-07,5.524335007093069e-07
gmat_two_body,numerical_two_body,EarthMJ2000Eq,29100.0,2026-03-23T22:50:00Z,9.094947017729282e-08,-4.979483492206782e-07,-1.4870238373987377e-07,5.275763106386122e-07,4.6362913508346537e-07,2.1582735598713043e-07,-1.9939605522267811e-07,5.489009103007601e-07
gmat_two_body,numerical_two_body,EarthMJ2000Eq,29160.0,2026-03-23T22:51:00Z,1.1732481652870774e-07,-4.833964339923114e-07,-1.596163201611489e-07,5.224122841509035e-07,4.4941828036826337e-07,2.504663143554353e-07,-1.8385293287792592e-07,5.463625776750983e-07
gmat_two_body,numerical_two_body,EarthMJ2000Eq,29220.0,2026-03-23T22:52:00Z,1.4279066817834973e-07,-4.6838977141305804e-07,-1.6962076188065112e-07,5.182174791959153e-07,4.334310688136611e-07,2.824407374646398e-07,-1.687538997430238e-07,5.44162788392408e-07
gmat_two_body,numerical_two_body,EarthMJ2000Eq,29280.0,2026-03-23T22:53:00Z,1.673470251262188e-07,-4.501998773775995e-07,-1.7917045624926686e-07,5.12627553689783e-07,4.143352327901084e-07,3.1175062531474396e-07,-1.5187850976872141e-07,5.403047466429801e-07
gmat_two_body,numerical_two_body,EarthMJ2000Eq,29340.0,2026-03-23T22:54:00Z,1.9190338207408786e-07,-4.3019099393859506e-07,-1.8781065591610968e-07,5.071134407536335e-07,3.9257486150745535e-07,3.383959779057477e-07,-1.354472090042691e-07,5.356984283880542e-07
gmat_two_body,numerical_two_body,EarthMJ2000Eq,29400.0,2026-03-23T22:55:00Z,2.1464074961841106e-07,-4.1018211049959064e-07,-1.9463186617940664e-07,5.021967527803522e-07,3.708144902248023e-07,3.668176873361517e-07,-1.1857181902996672e-07,5.348998767726517e-07
gmat_two_body,numerical_two_body,EarthMJ2000Eq,29460.0,2026-03-23T22:56:00Z,2.3646862246096134e-07,-3.865352482534945e-07,-2.0054358174093068e-07,4.955246065822127e-07,3.4638958368304884e-07,3.89910326248355e-07,-1.021405182655144e-07,5.31458833467619e-07
gmat_two_body,numerical_two_body,EarthMJ2000Eq,29520.0,2026-03-23T22:57:00Z,2.53749021794647e-07,-3.647073754109442e-07,-2.0691004465334117e-07,4.901140707216303e-07,3.2152058793144533e-07,4.1033842990145786e-07,-8.348877145181177e-08,5.279426962050984e-07
gmat_two_body,numerical_two_body,EarthMJ2000Eq,29580.0,2026-03-23T22:58:00Z,2.737579052336514e-07,-3.3924152376130223e-07,-2.1100277081131935e-07,4.843040072225927e-07,2.948752353404416e-07,4.289901767151605e-07,-6.616929226765933e-08,5.247497988321561e-07
gmat_two_body,numerical_two_body,EarthMJ2000Eq,29640.0,2026-03-23T22:59:00Z,2.9058355721645057e-07,-3.1468516681343317e-07,-2.1395862859208137e-07,4.78794165258902e-07,2.6556534749033744e-07,4.4586556668946287e-07,-4.75175454539567e-08,5.211323962995856e-07
gmat_two_body,numerical_two_body,EarthMJ2000Eq,29700.0,2026-03-23T23:00:00Z,3.0468072509393096e-07,-2.864908310584724e-07,-2.163460521842353e-07,4.7086405131422127e-07,2.3714363805993344e-07,4.574118861455645e-07,-2.9309887850104133e-08,5.160637636817075e-07
gmat_two_body,numerical_two_body,EarthMJ2000Eq,29760.0,2026-03-23T23:01:00Z,3.1877789297141135e-07,-2.601154847070575e-07,-2.178239810746163e-07,4.655391467566126e-07,2.1049828546892968e-07,4.68070027181966e-07,-1.2434497875801753e-08,5.133748097335013e-07
gmat_two_body,numerical_two_body,EarthMJ2000Eq,29820.0,2026-03-23T23:02:00Z,3.2878233469091356e-07,-2.319211489520967e-07,-2.177671376557555e-07,4.575016603017406e-07,1.794120407794253e-07,4.75175454539567e-07,5.329070518200751e-09,5.079456584774697e-07
gmat_two_body,numerical_two_body,EarthMJ2000Eq,29880.0,2026-03-23T23:03:00Z,3.383320290595293e-07,-2.02817318495363e-07,-2.1680079953512177e-07,4.501177770853488e-07,1.5010215292932116e-07,4.782840790085174e-07,2.220446049250313e-08,5.017761997273348e-07
gmat_two_body,numerical_two_body,EarthMJ2000Eq,29940.0,2026-03-23T23:04:00Z,3.4560798667371273e-07,-1.7462298274040222e-07,-2.1508839154193993e-07,4.4294591400069476e-07,1.1901590823981678e-07,4.813927034774679e-07,3.952393967665557e-08,4.974594085782856e-07
gmat_two_body,numerical_two_body,EarthMJ2000Eq,30000.0,2026-03-23T23:05:00Z,3.526565706124529e-07,-1.4642864698544145e-07,-2.120259523508139e-07,4.3676424982408143e-07,9.14823772291129e-08,4.813927034774679e-07,5.551115123125783e-08,4.931424218376013e-07
gmat_two_body,numerical_two_body,EarthMJ2000Eq,30060.0,2026-03-23T23:06:00Z,3.5765879147220403e-07,-1.1732481652870774e-07,-2.0827428670600057e-07,4.30189611908221e-07,6.039613253960852e-08,4.785061236134425e-07,6.972200594645983e-08,4.873160794335676e-07
gmat_two_body,numerical_two_body,EarthMJ2000Eq,30120.0,2026-03-23T23:07:00Z,3.597051545511931e-07,-8.913048077374697e-08,-2.036131263594143e-07,4.22836074666663e-07,3.019806626980426e-08,4.737321646075543e-07,8.526512829121202e-08,4.822906064736398e-07
gmat_two_body,numerical_two_body,EarthMJ2000Eq,30180.0,2026-03-23T23:08:00Z,3.6067149267182685e-07,-6.002665031701326e-08,-1.9804247131105512e-07,4.1582201098233694e-07,1.7763568394002505e-09,4.66800209597551e-07,9.85878045867139e-08,4.771007716794917e-07
gmat_two_body,numerical_two_body,EarthMJ2000Eq,30240.0,2026-03-23T23:09:00Z,3.6006042591907317e-07,-3.2741809263825417e-08,-1.9167600839864463e-07,4.092129379461632e-07,-2.4868995751603507e-08,4.5929926528742726e-07,1.1102230246251565e-07,4.73180973505214e-07
gmat_two_body,numerical_two_body,EarthMJ2000Eq,30300.0,2026-03-23T23:10:00Z,3.573745743779e-07,-4.547473508864641e-09,-1.844000507844612e-07,4.0216992012880685e-07,-5.240252676230739e-08,4.4941828036826337e-07,1.2390088954816747e-07,4.691207157769399e-07
gmat_two_body,numerical_two_body,EarthMJ2000Eq,30360.0,2026-03-23T23:11:00Z,3.5345237847650424e-07,2.091837814077735e-08,-1.7575985111761838e-07,3.952944316071578e-07,-7.815970093361102e-08,4.376499163072367e-07,1.3500311979441904e-07,4.6462052305939853e-07
gmat_two_body,numerical_two_body,EarthMJ2000Eq,30420.0,2026-03-23T23:12:00Z,3.481090971035883e-07,4.638422979041934e-08,-1.680291461525485e-07,3.893137991598556e-07,-1.0302869668521453e-07,4.2366110619695974e-07,1.4432899320127035e-07,4.5927606460948725e-07
gmat_two_body,numerical_two_body,EarthMJ2000Eq,30480.0,2026-03-23T23:13:00Z,3.406057658139616e-07,7.185008144006133e-08,-1.5825207810848951e-07,3.823852012490993e-07,-1.270095140171179e-07,4.0900616227190767e-07,1.545430450278218e-07,4.5530320687837236e-07
gmat_two_body,numerical_two_body,EarthMJ2000Eq,30540.0,2026-03-23T23:14:00Z,3.3310243452433497e-07,9.731593308970332e-08,-1.48929757415317e-07,3.776343408152172e-07,-1.5010215292932116e-07,3.9257486150745535e-07,1.6342482922482304e-07,4.509471731908047e-07
gmat_two_body,numerical_two_body,EarthMJ2000Eq,30600.0,2026-03-23T23:15:00Z,3.2378011383116245e-07,1.2005330063402653e-07,-1.3960743672214448e-07,3.7247361449339207e-07,-1.7053025658242404e-07,3.7569947153315297e-07,1.7141843500212417e-07,4.4678287923658763e-07
gmat_two_body,numerical_two_body,EarthMJ2000Eq,30660.0,2026-03-23T23:16:00Z,3.1241143005900085e-07,1.4279066817834973e-07,-1.2960299500264227e-07,3.6713350822825267e-07,-1.8918200339612667e-07,3.561595462997502e-07,1.780797731498751e-07,4.4085355667673477e-07
gmat_two_body,numerical_two_body,EarthMJ2000Eq,30720.0,2026-03-23T23:17:00Z,2.992237568832934e-07,1.6370904631912708e-07,-1.1823431123048067e-07,3.609914969666412e-07,-2.0872192862952943e-07,3.3928415632544784e-07,1.851852005074761e-07,4.3928594413126333e-07
gmat_two_body,numerical_two_body,EarthMJ2000Eq,30780.0,2026-03-23T23:18:00Z,2.8603608370758593e-07,1.8280843505635858e-07,-1.0732037480920553e-07,3.560241957503961e-07,-2.2648549702353193e-07,3.197442310920451e-07,1.9051427102567686e-07,4.356922550873316e-07
gmat_two_body,numerical_two_body,EarthMJ2000Eq,30840.0,2026-03-23T23:19:00Z,2.72393663180992e-07,1.9826984498649836e-07,-9.640643838793039e-08,3.5043321836660356e-07,-2.424727085781342e-07,2.984279490192421e-07,1.9451107391432743e-07,4.309139276425782e-07
gmat_two_body,numerical_two_body,EarthMJ2000Eq,30900.0,2026-03-23T23:20:00Z,2.573870006017387e-07,2.1736923372372985e-07,-8.412825991399586e-08,3.472391336882377e-07,-2.575717417130363e-07,2.779998453661392e-07,1.978417429882029e-07,4.275142938210307e-07
gmat_two_body,numerical_two_body,EarthMJ2000Eq,30960.0,2026-03-23T23:21:00Z,2.419255906715989e-07,2.3283064365386963e-07,-7.321432349272072e-08,3.4365453177657067e-07,-2.744471316873387e-07,2.575717417130363e-07,2.0028423364237824e-07,4.2635455253369735e-07
gmat_two_body,numerical_two_body,EarthMJ2000Eq,31020.0,2026-03-23T23:22:00Z,2.255546860396862e-07,2.473825588822365e-07,-6.002665031701326e-08,3.4011210737323894e-07,-2.8688162956314045e-07,2.3447910280083306e-07,2.0272672429655358e-07,4.223501435717732e-07
gmat_two_body,numerical_two_body,EarthMJ2000Eq,31080.0,2026-03-23T23:23:00Z,2.0736479200422764e-07,2.59660737356171e-07,-4.865796654485166e-08,3.3584438836399653e-07,-3.0020430585864233e-07,2.113864638886298e-07,2.0383694732117874e-07,4.1994804853055964e-07
gmat_two_body,numerical_two_body,EarthMJ2000Eq,31140.0,2026-03-23T23:24:00Z,1.9099388737231493e-07,2.7330315788276494e-07,-3.5925040720030665e-08,3.353563622074523e-07,-3.1308289294429414e-07,1.8918200339612667e-07,2.050581926482664e-07,4.1935616203355586e-07
gmat_two_body,numerical_two_body,EarthMJ2000Eq,31200.0,2026-03-23T23:25:00Z,1.7280399333685637e-07,2.828528522513807e-07,-2.2737367544323206e-08,3.322407922317056e-07,-3.219646771412954e-07,1.6786572132332367e-07,2.0528023725319144e-07,4.171092537079763e-07
gmat_two_body,numerical_two_body,EarthMJ2000Eq,31260.0,2026-03-23T23:26:00Z,1.5279510989785194e-07,2.928572939708829e-07,-1.1368683772161603e-08,3.305162434909307e-07,-3.304023721284466e-07,1.412203687323199e-07,2.0383694732117874e-07,4.131082438613564e-07
gmat_two_body,numerical_two_body,EarthMJ2000Eq,31320.0,2026-03-23T23:27:00Z,1.3278622645884752e-07,2.992237568832934e-07,1.3642420526593924e-09,3.2736661371757327e-07,-3.370637102761975e-07,1.1723955140041653e-07,2.0247692411601292e-07,4.103095928652034e-07
gmat_two_body,numerical_two_body,EarthMJ2000Eq,31380.0,2026-03-23T23:28:00Z,1.127773430198431e-07,3.062723408220336e-07,1.4097167877480388e-08,3.2668058710824723e-07,-3.423927807943983e-07,9.50350909079134e-08,2.0017321133991572e-07,4.0784040920699704e-07
gmat_two_body,numerical_two_body,EarthMJ2000Eq,31440.0,2026-03-23T23:29:00Z,9.185896487906575e-08,3.1172930903267115e-07,2.637534635141492e-08,3.260504415482321e-07,-3.4794389591752406e-07,7.194245199571014e-08,1.9734214262712158e-07,4.0642907420862876e-07
gmat_two_body,numerical_two_body,EarthMJ2000Eq,31500.0,2026-03-23T23:30:00Z,7.003109203651547e-08,3.1513991416431963e-07,3.6834535421803594e-08,3.2492199425563937e-07,-3.526068326209497e-07,4.796163466380676e-08,1.942890293094024e-07,4.0543818729936225e-07
gmat_two_body,numerical_two_body,EarthMJ2000Eq,31560.0,2026-03-23T23:31:00Z,4.8203219193965197e-08,3.171578555338783e-07,4.956746124662459e-08,3.246068219892267e-07,-3.554934124849751e-07,2.398081733190338e-08,1.9062529332813938e-07,4.040899013543372e-07
gmat_two_body,numerical_two_body,EarthMJ2000Eq,31620.0,2026-03-23T23:32:00Z,2.637534635141492e-08,3.1744207262818236e-07,6.002665031701326e-08,3.241424488059444e-07,-3.572697693243754e-07,8.881784197001252e-10,1.8673951274195133e-07,4.031304039056084e-07
gmat_two_body,numerical_two_body,EarthMJ2000Eq,31680.0,2026-03-23T23:33:00Z,6.366462912410498e-09,3.1661784305470064e-07,7.275957614183426e-08,3.249328335378952e-07,-3.5810243659284424e-07,-2.042810365310288e-08,1.8118839761882555e-07,4.0185059156889585e-07
gmat_two_body,numerical_two_body,EarthMJ2000Eq,31740.0,2026-03-23T23:34:00Z,-1.4551915228366852e-08,3.1445779313798994e-07,8.321876521222293e-08,3.2560839176144636e-07,-3.566036355096003e-07,-4.707345624410664e-08,1.745270594710746e-07,3.998021481045965e-07
gmat_two_body,numerical_two_body,EarthMJ2000Eq,31800.0,2026-03-23T23:35:00Z,-3.728928277269006e-08,3.10592440655455e-07,9.367795428261161e-08,3.265481800907625e-07,-3.54605234065275e-07,-6.838973831690964e-08,1.687538997430238e-07,3.986225119232761e-07
gmat_two_body,numerical_two_body,EarthMJ2000Eq,31860.0,2026-03-23T23:36:00Z,-5.9117155615240335e-08,3.058175934711471e-07,1.0413714335300028e-07,3.284262218371786e-07,-3.523847880160247e-07,-9.325873406851315e-08,1.6187051699034782e-07,3.988411896681219e-07
gmat_two_body,numerical_two_body,EarthMJ2000Eq,31920.0,2026-03-23T23:37:00Z,-7.912603905424476e-08,2.9967850423417985e-07,1.1323209037072957e-07,3.29984306060416e-07,-3.4861002973229915e-07,-1.1457501614131615e-07,1.5409895581797173e-07,3.9799858710544004e-07
gmat_two_body,numerical_two_body,EarthMJ2000Eq,31980.0,2026-03-23T23:38:00Z,-9.913492249324918e-08,2.9194779926910996e-07,1.227817847393453e-07,3.318683730330415e-07,-3.4416913763379853e-07,-1.376676550535194e-07,1.4699352846037073e-07,3.987629320244764e-07
gmat_two_body,numerical_two_body,EarthMJ2000Eq,32040.0,2026-03-23T23:39:00Z,-1.2005330063402653e-07,2.8330759960226715e-07,1.3096723705530167e-07,3.3440754801203585e-07,-3.383959779057477e-07,-1.5987211554602254e-07,1.3944401189291966e-07,3.993939955041147e-07
gmat_two_body,numerical_two_body,EarthMJ2000Eq,32100.0,2026-03-23T23:40:00Z,-1.4097167877480388e-07,2.7284841053187847e-07,1.3915268937125802e-07,3.3716871193159784e-07,-3.3217872896784684e-07,-1.8207657603852567e-07,1.3145040611561853e-07,4.009660793490745e-07
gmat_two_body,numerical_two_body,EarthMJ2000Eq,32160.0,2026-03-23T23:41:00Z,-1.609805622138083e-07,2.610249794088304e-07,1.4551915228366852e-07,3.3944749957454633e-07,-3.228528555609955e-07,-2.0339285811132868e-07,1.212363542890671e-07,4.0037591670315074e-07
gmat_two_body,numerical_two_body,EarthMJ2000Eq,32220.0,2026-03-23T23:42:00Z,-1.800799509510398e-07,2.473825588822365e-07,1.5302248357329518e-07,3.421151847734787e-07,-3.135269821541442e-07,-2.2382096176443156e-07,1.1235457009206584e-07,4.0127115630756857e-07
gmat_two_body,numerical_two_body,EarthMJ2000Eq,32280.0,2026-03-23T23:43:00Z,-1.9917933968827128e-07,2.3374013835564256e-07,1.5916157281026244e-07,3.458890976839356e-07,-3.028688411177427e-07,-2.4424906541753444e-07,1.0347278589506459e-07,4.026086912850111e-07
gmat_two_body,numerical_two_body,EarthMJ2000Eq,32340.0,2026-03-23T23:44:00Z,-2.1645973902195692e-07,2.1736923372372985e-07,1.6552803572267294e-07,3.4857385587175303e-07,-2.895461648222408e-07,-2.6290081223123707e-07,9.281464485866309e-08,4.019556902636809e-07
gmat_two_body,numerical_two_body,EarthMJ2000Eq,32400.0,2026-03-23T23:45:00Z,-2.3464963305741549e-07,2.0190782379359007e-07,1.7007550923153758e-07,3.532037633483114e-07,-2.7711166694643907e-07,-2.824407374646398e-07,8.126832540256146e-08,4.0394082097646484e-07
gmat_two_body,numerical_two_body,EarthMJ2000Eq,32460.0,2026-03-23T23:46:00Z,-2.5011104298755527e-07,1.837179297581315e-07,1.7530510376673192e-07,3.564262770133553e-07,-2.6290081223123707e-07,-3.0020430585864233e-07,7.016609515630989e-08,4.0517001769306393e-07
gmat_two_body,numerical_two_body,EarthMJ2000Eq,32520.0,2026-03-23T23:47:00Z,-2.646629582159221e-07,1.646185410209e-07,1.787157088983804e-07,3.5928407995137126e-07,-2.469136006766348e-07,-3.1663560662309465e-07,5.773159728050814e-08,4.0565671559242627e-07
gmat_two_body,numerical_two_body,EarthMJ2000Eq,32580.0,2026-03-23T23:48:00Z,-2.7921487344428897e-07,1.446096575818956e-07,1.8189894035458565e-07,3.6326315959726015e-07,-2.3092638912203256e-07,-3.317346397579968e-07,4.4853010194856324e-08,4.066775884307472e-07
gmat_two_body,numerical_two_body,EarthMJ2000Eq,32640.0,2026-03-23T23:49:00Z,-2.928572939708829e-07,1.2369127944111824e-07,1.8417267710901797e-07,3.6740237102559844e-07,-2.1316282072803006e-07,-3.459454944731988e-07,3.1530333899354446e-08,4.0756697025500124e-07
gmat_two_body,numerical_two_body,EarthMJ2000Eq,32700.0,2026-03-23T23:50:00Z,-3.0468072509393096e-07,1.0186340659856796e-07,1.8542323232395574e-07,3.709289324561949e-07,-1.971756091734278e-07,-3.601563491884008e-07,1.865174681370263e-08,4.110215376021457e-07
gmat_two_body,numerical_two_body,EarthMJ2000Eq,32760.0,2026-03-23T23:51:00Z,-3.1650415621697903e-07,7.912603905424476e-08,1.8610535335028544e-07,3.755942138860373e-07,-1.7674750552032492e-07,-3.7259084706420253e-07,5.773159728050814e-09,4.124281142174026e-07
gmat_two_body,numerical_two_body,EarthMJ2000Eq,32820.0,2026-03-23T23:52:00Z,-3.2650859793648124e-07,5.638867150992155e-08,1.8607693164085504e-07,3.80016014517778e-07,-1.545430450278218e-07,-3.8191672047105385e-07,-8.43769498715119e-09,4.120863123649372e-07
gmat_two_body,numerical_two_body,EarthMJ2000Eq,32880.0,2026-03-23T23:53:00Z,-3.3514879760332406e-07,3.456079866737127e-08,1.851390152296517e-07,3.844419595981761e-07,-1.3233858453531866e-07,-3.9124259387790516e-07,-2.1760371282653068e-08,4.135913224180145e-07
gmat_two_body,numerical_two_body,EarthMJ2000Eq,32940.0,2026-03-23T23:54:00Z,-3.41970007866621e-07,1.1823431123048067e-08,1.836042429204099e-07,3.8832177098663323e-07,-1.0746958878371515e-07,-3.9890313274781874e-07,-3.5083047578154947e-08,4.1461336454187753e-07
gmat_two_body,numerical_two_body,EarthMJ2000Eq,33000.0,2026-03-23T23:55:00Z,-3.4776803659042343e-07,-1.1823431123048067e-08,1.8110313249053434e-07,3.9227636354407537e-07,-8.260059303211165e-08,-4.0351055830001314e-07,-4.884981308350689e-08,4.147649127724504e-07
gmat_two_body,numerical_two_body,EarthMJ2000Eq,33060.0,2026-03-23T23:56:00Z,-3.517754976201104e-07,-3.54702933691442e-08,1.7780621419660747e-07,3.957514273436033e-07,-5.6843418860808015e-08,-4.0561998204680094e-07,-6.217248937900877e-08,4.1427546697700475e-07
gmat_two_body,numerical_two_body,EarthMJ2000Eq,33120.0,2026-03-23T23:57:00Z,-3.5439029488770757e-07,-6.093614501878619e-08,1.737134880386293e-07,3.9935206373185786e-07,-3.2862601528904634e-08,-4.0589753780295723e-07,-7.593925488436071e-08,4.1424573891126816e-07
gmat_two_body,numerical_two_body,EarthMJ2000Eq,33180.0,2026-03-23T23:58:00Z,-3.552713678800501e-07,-8.549250196665525e-08,1.6848389350343496e-07,4.023848097256621e-07,-6.217248937900877e-09,-4.050093593832571e-07,-8.926193117986259e-08,4.1477575595778337e-07
gmat_two_body,numerical_two_body,EarthMJ2000Eq,33240.0,2026-03-23T23:59:00Z,-3.5481662052916363e-07,-1.0732037480920553e-07,1.6348167264368385e-07,4.0514041312031743e-07,1.865174681370263e-08,-4.014566457044566e-07,-1.0125233984581428e-07,4.144482625898296e-07
gmat_two_body,numerical_two_body,EarthMJ2000Eq,33300.0,2026-03-24T00:00:00Z,-3.533386916387826e-07,-1.3096723705530167e-07,1.5643308870494366e-07,4.080097540901137e-07,4.529709940470639e-08,-3.9612757518625585e-07,-1.1324274851176597e-07,4.144789537816386e-07
gmat_two_body,numerical_two_body,EarthMJ2000Eq,33360.0,2026-03-24T00:01:00Z,-3.4924596548080444e-07,-1.5370460459962487e-07,1.496118784416467e-07,4.09855540465887e-07,7.37188088351104e-08,-3.8813396940895473e-07,-1.2567724638756772e-07,4.1458076564739514e-07
gmat_two_body,numerical_two_body,EarthMJ2000Eq,33420.0,2026-03-24T00:02:00Z,-3.4424374462105334e-07,-1.7644197214394808e-07,1.418811734765768e-07,4.1202644651995487e-07,1.0036416142611415e-07,-3.788080960021034e-07,-1.376676550535194e-07,4.153563792015728e-07
gmat_two_body,numerical_two_body,EarthMJ2000Eq,33480.0,2026-03-24T00:03:00Z,-3.369677870068699e-07,-1.9917933968827128e-07,1.3278622645884752e-07,4.133423287979872e-07,1.2434497875801753e-07,-3.668176873361517e-07,-1.4788170688007085e-07,4.14591230870526e-07
gmat_two_body,numerical_two_body,EarthMJ2000Eq,33540.0,2026-03-24T00:04:00Z,-3.2878233469091356e-07,-2.2009771782904863e-07,1.2369127944111824e-07,4.145363212170246e-07,1.4921397450962104e-07,-3.526068326209497e-07,-1.580957587066223e-07,4.1423502691220937e-07
gmat_two_body,numerical_two_body,EarthMJ2000Eq,33600.0,2026-03-24T00:05:00Z,-3.196873876731843e-07,-2.41016095969826e-07,1.1459633242338896e-07,4.164385954240229e-07,1.7408297026122455e-07,-3.383959779057477e-07,-1.674216321134736e-07,4.157483870050454e-07
gmat_two_body,numerical_two_body,EarthMJ2000Eq,33660.0,2026-03-24T00:06:00Z,-3.0877345125190914e-07,-2.6193447411060333e-07,1.0368239600211382e-07,4.179721906614752e-07,1.971756091734278e-07,-3.206324095117452e-07,-1.7497114868092467e-07,4.1508826260560785e-07
gmat_two_body,numerical_two_body,EarthMJ2000Eq,33720.0,2026-03-24T00:07:00Z,-2.955857780762017e-07,-2.801243681460619e-07,9.276845958083868e-08,4.176680511161294e-07,2.2026824808563106e-07,-3.019806626980426e-07,-1.8252066524837574e-07,4.1596179512182576e-07
gmat_two_body,numerical_two_body,EarthMJ2000Eq,33780.0,2026-03-24T00:08:00Z,-2.828528522513807e-07,-2.955857780762017e-07,8.094502845779061e-08,4.170477021393206e-07,2.4158453015843406e-07,-2.779998453661392e-07,-1.8962609260597674e-07,4.142524040153287e-07
gmat_two_body,numerical_two_body,EarthMJ2000Eq,33840.0,2026-03-24T00:09:00Z,-2.673914423212409e-07,-3.119566827081144e-07,6.957634468562901e-08,4.167205575115033e-07,2.5934809855243657e-07,-2.575717417130363e-07,-1.949551631241775e-07,4.1426097327726405e-07
gmat_two_body,numerical_two_body,EarthMJ2000Eq,33900.0,2026-03-24T00:10:00Z,-2.510205376893282e-07,-3.269633452873677e-07,5.820766091346741e-08,4.162985362601736e-07,2.779998453661392e-07,-2.3447910280083306e-07,-1.9806378759312793e-07,4.141178909798714e-07
gmat_two_body,numerical_two_body,EarthMJ2000Eq,33960.0,2026-03-24T00:11:00Z,-2.3101165425032377e-07,-3.3878677641041577e-07,4.729372449219227e-08,4.127705908205859e-07,2.935429677108914e-07,-2.0872192862952943e-07,-2.0161650127192843e-07,4.1277297751728044e-07
gmat_two_body,numerical_two_body,EarthMJ2000Eq,34020.0,2026-03-24T00:12:00Z,-2.1191226551309228e-07,-3.5151970223523676e-07,3.501554601825774e-08,4.1194538205616237e-07,3.0686564400639327e-07,-1.8118839761882555e-07,-2.0239365738916604e-07,4.0982795348109094e-07
gmat_two_body,numerical_two_body,EarthMJ2000Eq,34080.0,2026-03-24T00:13:00Z,-1.9372237147763371e-07,-3.624336386565119e-07,2.4101609596982598e-08,4.1166416801305733e-07,3.1885605267234496e-07,-1.5276668818842154e-07,-2.0305979120394113e-07,4.0772554758027586e-07
gmat_two_body,numerical_two_body,EarthMJ2000Eq,34140.0,2026-03-24T00:14:00Z,-1.7462298274040222e-07,-3.7061909097246826e-07,1.1823431123048067e-08,4.098676496357513e-07,3.304023721284466e-07,-1.270095140171179e-07,-2.0305979120394113e-07,4.080813925710864e-07
gmat_two_body,numerical_two_body,EarthMJ2000Eq,34200.0,2026-03-24T00:15:00Z,-1.5279510989785194e-07,-3.767581802094355e-07,0.0,4.0656250683433925e-07,3.397282455352979e-07,-9.769962616701378e-08,-2.0193569039150816e-07,4.0710996158477986e-07
gmat_two_body,numerical_two_body,EarthMJ2000Eq,34260.0,2026-03-24T00:16:00Z,-1.3278622645884752e-07,-3.822151484200731e-07,-1.2278178473934531e-08,4.0481027072641896e-07,3.4661162828797387e-07,-6.838973831690964e-08,-2.0017321133991572e-07,4.0606168461162464e-07
gmat_two_body,numerical_two_body,EarthMJ2000Eq,34320.0,2026-03-24T00:17:00Z,-1.1186784831807017e-07,-3.8471625884994864e-07,-2.546585164964199e-08,4.0145924439606197e-07,3.5016434196677437e-07,-4.085620730620576e-08,-1.9556578578772132e-07,4.0315043424414247e-07
gmat_two_body,numerical_two_body,EarthMJ2000Eq,34380.0,2026-03-24T00:18:00Z,-9.094947017729282e-08,-3.8630787457805127e-07,-3.728928277269006e-08,3.986176999284443e-07,3.537170556455749e-07,-1.0658141036401503e-08,-1.9095836023552692e-07,4.02112480244978e-07
gmat_two_body,numerical_two_body,EarthMJ2000Eq,34440.0,2026-03-24T00:19:00Z,-7.003109203651547e-08,-3.8619418774032965e-07,-4.8203219193965197e-08,3.9544134184086183e-07,3.538280779480374e-07,1.7763568394002505e-08,-1.8474111129762605e-07,3.995486595021596e-07
gmat_two_body,numerical_two_body,EarthMJ2000Eq,34500.0,2026-03-24T00:20:00Z,-4.9112713895738125e-08,-3.8414782466134056e-07,-5.820766091346741e-08,3.9162449061219586e-07,3.529537773161451e-07,4.618527782440651e-08,-1.780797731498751e-07,3.980224295370344e-07
gmat_two_body,numerical_two_body,EarthMJ2000Eq,34560.0,2026-03-24T00:21:00Z,-2.9103830456733704e-08,-3.8050984585424885e-07,-6.866684998385608e-08,3.8774980596511447e-07,3.4849900742983664e-07,7.283063041541027e-08,-1.6964207816272392e-07,3.943783634907665e-07
gmat_two_body,numerical_two_body,EarthMJ2000Eq,34620.0,2026-03-24T00:22:00Z,-5.4569682106375694e-09,-3.7493919080588967e-07,-7.958078640513122e-08,3.833305060507008e-07,3.431699369116359e-07,1.0036416142611415e-07,-1.6120438317557273e-07,3.9220584347217486e-07
gmat_two_body,numerical_two_body,EarthMJ2000Eq,34680.0,2026-03-24T00:23:00Z,1.4551915228366852e-08,-3.6834535421803594e-07,-8.822098607197404e-08,3.7904221479188223e-07,3.352873534367973e-07,1.2612133559741778e-07,-1.5143442055887135e-07,3.889171947825519e-07
gmat_two_body,numerical_two_body,EarthMJ2000Eq,34740.0,2026-03-24T00:24:00Z,3.54702933691442e-08,-3.610693966038525e-07,-9.686118573881686e-08,3.7551476692440854e-07,3.2573943542502093e-07,1.5010215292932116e-07,-1.412203687323199e-07,3.8546080040637216e-07
gmat_two_body,numerical_two_body,EarthMJ2000Eq,34800.0,2026-03-24T00:25:00Z,5.275069270282984e-08,-3.524291969370097e-07,-1.0550138540565968e-07,3.716443417527132e-07,3.1397107136399427e-07,1.723066134218243e-07,-1.2967404927621828e-07,3.8089731127699424e-07
gmat_two_body,numerical_two_body,EarthMJ2000Eq,34860.0,2026-03-24T00:26:00Z,7.09405867382884e-08,-3.410605131648481e-07,-1.1368683772161603e-07,3.664417246414267e-07,3.006483950684924e-07,1.9539925233402755e-07,-1.1679546219056647e-07,3.7710940754410425e-07
gmat_two_body,numerical_two_body,EarthMJ2000Eq,34920.0,2026-03-24T00:27:00Z,8.822098607197404e-08,-3.2878233469091356e-07,-1.1868905858136714e-07,3.6051055270997347e-07,2.864375403532904e-07,2.149391775674303e-07,-1.0480505352461478e-07,3.7313457869956725e-07
gmat_two_body,numerical_two_body,EarthMJ2000Eq,34980.0,2026-03-24T00:28:00Z,1.0550138540565968e-07,-3.1513991416431963e-07,-1.2596501619555056e-07,3.554024382684418e-07,2.7000623958883807e-07,2.327027459614328e-07,-9.103828801926284e-08,3.678884440701752e-07
gmat_two_body,numerical_two_body,EarthMJ2000Eq,35040.0,2026-03-24T00:29:00Z,1.2187229003757238e-07,-3.001332515850663e-07,-1.3073986337985843e-07,3.493218224826656e-07,2.540190280342358e-07,2.5135449277513544e-07,-7.904787935331115e-08,3.6599633177391156e-07
gmat_two_body,numerical_two_body,EarthMJ2000Eq,35100.0,2026-03-24T00:30:00Z,1.355147105641663e-07,-2.8467184165492654e-07,-1.348325895378366e-07,3.4290249548811404e-07,2.3714363805993344e-07,2.646771690706373e-07,-6.616929226765933e-08,3.61482342775896e-07
gmat_two_body,numerical_two_body,EarthMJ2000Eq,35160.0,2026-03-24T00:31:00Z,1.4915713109076023e-07,-2.6921043172478676e-07,-1.3778844731859863e-07,3.372058162593619e-07,2.1938006966593093e-07,2.779998453661392e-07,-5.417888360170764e-08,3.5825532852778816e-07
gmat_two_body,numerical_two_body,EarthMJ2000Eq,35220.0,2026-03-24T00:32:00Z,1.609805622138083e-07,-2.53749021794647e-07,-1.4074430509936064e-07,3.31831684578667e-07,1.9806378759312793e-07,2.886579864025407e-07,-4.04121180963557e-08,3.5240010834098627e-07
gmat_two_body,numerical_two_body,EarthMJ2000Eq,35280.0,2026-03-24T00:33:00Z,1.723492459859699e-07,-2.3555912775918841e-07,-1.4301804185379297e-07,3.250331145564945e-07,1.7674750552032492e-07,2.9753977059954195e-07,-2.7533531010703882e-08,3.4717098255182954e-07
gmat_two_body,numerical_two_body,EarthMJ2000Eq,35340.0,2026-03-24T00:34:00Z,1.8280843505635858e-07,-2.1645973902195692e-07,-1.4438228390645236e-07,3.179936893261437e-07,1.5543122344752192e-07,3.0375701953744283e-07,-1.4654943925052066e-08,3.415288560606707e-07
gmat_two_body,numerical_two_body,EarthMJ2000Eq,35400.0,2026-03-24T00:35:00Z,1.9190338207408786e-07,-2.000888343900442e-07,-1.4426859706873074e-07,3.12531402900924e-07,1.341149413747189e-07,3.086420008457935e-07,-2.220446049250313e-09,3.3652879901532457e-07
gmat_two_body,numerical_two_body,EarthMJ2000Eq,35460.0,2026-03-24T00:36:00Z,1.9872459233738482e-07,-1.800799509510398e-07,-1.440412233932875e-07,3.044143990858902e-07,1.1191048088221578e-07,3.1175062531474396e-07,9.769962616701378e-09,3.3137269091606566e-07
gmat_two_body,numerical_two_body,EarthMJ2000Eq,35520.0,2026-03-24T00:37:00Z,2.0600054995156825e-07,-1.609805622138083e-07,-1.43302258948097e-07,2.9813839975865206e-07,9.14823772291129e-08,3.1397107136399427e-07,2.220446049250313e-08,3.277802572802505e-07
gmat_two_body,numerical_two_body,EarthMJ2000Eq,35580.0,2026-03-24T00:38:00Z,2.1009327610954642e-07,-1.4370016288012266e-07,-1.4139800441625994e-07,2.911740323777458e-07,7.194245199571014e-08,3.135269821541442e-07,3.2862601528904634e-08,3.2334940160310746e-07
gmat_two_body,numerical_two_body,EarthMJ2000Eq,35640.0,2026-03-24T00:39:00Z,2.135038812411949e-07,-1.2369127944111824e-07,-1.3913847851654282e-07,2.832718766816316e-07,5.1514348342607263e-08,3.1308289294429414e-07,4.3076653355456074e-08,3.2020341035635137e-07
gmat_two_body,numerical_two_body,EarthMJ2000Eq,35700.0,2026-03-24T00:40:00Z,2.162323653465137e-07,-1.0459189070388675e-07,-1.362536750093568e-07,2.761538762681368e-07,3.2862601528904634e-08,3.086420008457935e-07,5.3734794391857577e-08,3.150035926678894e-07
gmat_two_body,numerical_two_body,EarthMJ2000Eq,35760.0,2026-03-24T00:41:00Z,2.1805135475005955e-07,-8.731149137020111e-08,-1.326156962022651e-07,2.6973433728918624e-07,1.3322676295501878e-08,3.035349749325178e-07,6.261657858885883e-08,3.1021252493272036e-07
gmat_two_body,numerical_two_body,EarthMJ2000Eq,35820.0,2026-03-24T00:42:00Z,2.1725554688600823e-07,-7.09405867382884e-08,-1.2857981346314773e-07,2.622314014944225e-07,-6.217248937900877e-09,2.959299472138355e-07,7.23865412055602e-08,3.0471790100032447e-07
gmat_two_body,numerical_two_body,EarthMJ2000Eq,35880.0,2026-03-24T00:43:00Z,2.162323653465137e-07,-5.275069270282984e-08,-1.241460267920047e-07,2.548554636891619e-07,-2.398081733190338e-08,2.894073869441627e-07,8.038014698286133e-08,3.013182424725407e-07
gmat_two_body,numerical_two_body,EarthMJ2000Eq,35940.0,2026-03-24T00:44:00Z,2.141717914128094e-07,-3.54702933691442e-08,-1.1891643225681037e-07,2.475253841717121e-07,-3.8191672047105385e-08,2.794431352981519e-07,8.659739592076221e-08,2.950358938489894e-07
gmat_two_body,numerical_two_body,EarthMJ2000Eq,36000.0,2026-03-24T00:45:00Z,2.1111645764904097e-07,-2.000888343900442e-08,-1.1323209037072957e-07,2.4039970964308595e-07,-5.240252676230739e-08,2.6911806116913795e-07,9.459100169806334e-08,2.90031055683272e-07
gmat_two_body,numerical_two_body,EarthMJ2000Eq,36060.0,2026-03-24T00:46:00Z,2.0736479200422764e-07,-3.637978807091713e-09,-1.070930011337623e-07,2.3341444416443779e-07,-6.927791673660977e-08,2.586819647376615e-07,9.992007221626409e-08,2.858317852507044e-07
gmat_two_body,numerical_two_body,EarthMJ2000Eq,36120.0,2026-03-24T00:47:00Z,2.0190782379359007e-07,1.0913936421275139e-08,-1.0049916454590857e-07,2.2580072052962243e-07,-8.08242361927114e-08,2.4780177909633494e-07,1.0480505352461478e-07,2.809312693947424e-07
gmat_two_body,numerical_two_body,EarthMJ2000Eq,36180.0,2026-03-24T00:48:00Z,1.9690560293383896e-07,2.2737367544323206e-08,-9.481482265982777e-08,2.1972404271175896e-07,-9.237055564881302e-08,2.3581137043038325e-07,1.092459456231154e-07,2.7581515297426024e-07
gmat_two_body,numerical_two_body,EarthMJ2000Eq,36240.0,2026-03-24T00:49:00Z,1.914486347232014e-07,3.637978807091713e-08,-8.776623872108757e-08,2.137264171241112e-07,-1.0391687510491465e-07,2.233768725545815e-07,1.1324274851176597e-07,2.711454668887814e-07
gmat_two_body,numerical_two_body,EarthMJ2000Eq,36300.0,2026-03-24T00:50:00Z,1.8417267710901797e-07,5.002220859751105e-08,-8.185452315956354e-08,2.0765827531826181e-07,-1.127986593019159e-07,2.1005419625907962e-07,1.1590728377086634e-07,2.6510526463557413e-07
gmat_two_body,numerical_two_body,EarthMJ2000Eq,36360.0,2026-03-24T00:51:00Z,1.7644197214394808e-07,6.002665031701326e-08,-7.503331289626658e-08,2.0091034400079e-07,-1.234568003383174e-07,1.9628743075372768e-07,1.1945999744966684e-07,2.608467519681796e-07
gmat_two_body,numerical_two_body,EarthMJ2000Eq,36420.0,2026-03-24T00:52:00Z,1.6825651982799172e-07,7.003109203651547e-08,-6.684786058031023e-08,1.94121731860755e-07,-1.2967404927621828e-07,1.8207657603852567e-07,1.2212453270876722e-07,2.5471874702687053e-07
gmat_two_body,numerical_two_body,EarthMJ2000Eq,36480.0,2026-03-24T00:53:00Z,1.609805622138083e-07,8.185452315956354e-08,-6.048139766789973e-08,1.9045446656935076e-07,-1.3944401189291966e-07,1.7053025658242404e-07,1.2301271112846734e-07,2.523040387350862e-07
gmat_two_body,numerical_two_body,EarthMJ2000Eq,36540.0,2026-03-24T00:54:00Z,1.5143086784519255e-07,9.276845958083868e-08,-5.275069270282984e-08,1.8525639100980633e-07,-1.4566126083082054e-07,1.5543122344752192e-07,1.2256862191861728e-07,2.4576235514872243e-07
gmat_two_body,numerical_two_body,EarthMJ2000Eq,36600.0,2026-03-24T00:55:00Z,1.4097167877480388e-07,1.0277290130034089e-07,-4.501998773775995e-08,1.8017236956366024e-07,-1.5276668818842154e-07,1.4210854715202004e-07,1.2323475573339238e-07,2.4232066609017316e-07
gmat_two_body,numerical_two_body,EarthMJ2000Eq,36660.0,2026-03-24T00:56:00Z,1.3096723705530167e-07,1.1095835361629725e-07,-3.774403012357652e-08,1.7575205611630352e-07,-1.580957587066223e-07,1.270095140171179e-07,1.234568003383174e-07,2.3741791659784687e-07
gmat_two_body,numerical_two_body,EarthMJ2000Eq,36720.0,2026-03-24T00:57:00Z,1.2187229003757238e-07,1.1823431123048067e-07,-2.9558577807620168e-08,1.7235404536348274e-07,-1.652011860642233e-07,1.1368683772161603e-07,1.2390088954816747e-07,2.3572772297503397e-07
gmat_two_body,numerical_two_body,EarthMJ2000Eq,36780.0,2026-03-24T00:58:00Z,1.1186784831807017e-07,1.241460267920047e-07,-2.2282620193436742e-08,1.6859171574618028e-07,-1.687538997430238e-07,1.0125233984581428e-07,1.2301271112846734e-07,2.3208197280682218e-07
gmat_two_body,numerical_two_body,EarthMJ2000Eq,36840.0,2026-03-24T00:59:00Z,1.0095391189679503e-07,1.3005774235352874e-07,-1.3642420526593924e-08,1.652054003693195e-07,-1.7275070263167436e-07,8.970602038971265e-08,1.213473765915296e-07,2.2937994934070247e-07
gmat_two_body,numerical_two_body,EarthMJ2000Eq,36900.0,2026-03-24T01:00:00Z,9.276845958083868e-08,1.3460521586239338e-07,-7.73070496506989e-09,1.6365914282318657e-07,-1.7763568394002505e-07,7.904787935331115e-08,1.2012613126444194e-07,2.2854603661332228e-07
gmat_two_body,numerical_two_body,EarthMJ2000Eq,36960.0,2026-03-24T01:01:00Z,8.276401786133647e-08,1.3960743672214448e-07,0.0,1.6229639256828598e-07,-1.8074430840897548e-07,6.750155989720952e-08,1.1851630787873546e-07,2.264311834620016e-07
gmat_two_body,numerical_two_body,EarthMJ2000Eq,37020.0,2026-03-24T01:02:00Z,7.003109203651547e-08,1.4233592082746327e-07,6.366462912410498e-09,1.58758936944173e-07,-1.8252066524837574e-07,5.3290705182007514e-08,1.1581013925621164e-07,2.2263351242804488e-07
gmat_two_body,numerical_two_body,EarthMJ2000Eq,37080.0,2026-03-24T01:03:00Z,5.9117155615240335e-08,1.4529177860822529e-07,1.318767317570746e-08,1.5741173318074917e-07,-1.851852005074761e-07,4.1744385725905886e-08,1.1357581541915351e-07,2.2121396446597346e-07
gmat_two_body,numerical_two_body,EarthMJ2000Eq,37140.0,2026-03-24T01:04:00Z,4.9112713895738125e-08,1.47451828524936e-07,2.091837814077735e-08,1.5681734261742962e-07,-1.8784973576657649e-07,3.108624468950438e-08,1.1168843627729075e-07,2.207446140555524e-07
gmat_two_body,numerical_two_body,EarthMJ2000Eq,37200.0,2026-03-24T01:05:00Z,3.637978807091713e-08,1.4904344425303861e-07,2.7284841053187847e-08,1.5582650546743067e-07,-1.8984813721090177e-07,1.9539925233402755e-08,1.0869083411080283e-07,2.1963110276160437e-07
gmat_two_body,numerical_two_body,EarthMJ2000Eq,37260.0,2026-03-24T01:06:00Z,2.546585164964199e-08,1.5006662579253316e-07,3.410605131648481e-08,1.5598629591537984e-07,-1.9118040484045196e-07,7.105427357601002e-09,1.0558220964185239e-07,2.1851324281550836e-07
gmat_two_body,numerical_two_body,EarthMJ2000Eq,37320.0,2026-03-24T01:07:00Z,1.4551915228366852e-08,1.5006662579253316e-07,3.956301952712238e-08,1.558748951167994e-07,-1.9415025143132425e-07,-5.329070518200751e-09,1.0369483049998962e-07,2.2017115386865727e-07
gmat_two_body,numerical_two_body,EarthMJ2000Eq,37380.0,2026-03-24T01:08:00Z,9.094947017729282e-10,1.496118784416467e-07,4.729372449219227e-08,1.569115602108207e-07,-1.954547634852588e-07,-1.7763568394002505e-08,1.0036416142611415e-07,2.2043383095598996e-07
gmat_two_body,numerical_two_body,EarthMJ2000Eq,37440.0,2026-03-24T01:09:00Z,-1.1823431123048067e-08,1.4870238373987377e-07,5.184119800105691e-08,1.57923089710235e-07,-1.9528823003156504e-07,-2.8421709430404007e-08,9.636735853746359e-08,2.1961774552001902e-07
gmat_two_body,numerical_two_body,EarthMJ2000Eq,37500.0,2026-03-24T01:10:00Z,-2.1827872842550278e-08,1.4551915228366852e-07,5.9117155615240335e-08,1.585784279220367e-07,-1.9806378759312793e-07,-3.9968028886505635e-08,9.370282327836321e-08,2.2272612415059087e-07
gmat_two_body,numerical_two_body,EarthMJ2000Eq,37560.0,2026-03-24T01:11:00Z,-3.3651303965598345e-08,1.4279066817834973e-07,6.320988177321851e-08,1.5974064708517032e-07,-1.9806378759312793e-07,-5.240252676230739e-08,9.126033262418787e-08,2.2428494616778774e-07
gmat_two_body,numerical_two_body,EarthMJ2000Eq,37620.0,2026-03-24T01:12:00Z,-4.547473508864641e-08,1.4006218407303095e-07,6.866684998385608e-08,1.624823166544457e-07,-1.9806378759312793e-07,-6.394884621840902e-08,8.748557434046234e-08,2.2577077890214663e-07
gmat_two_body,numerical_two_body,EarthMJ2000Eq,37680.0,2026-03-24T01:13:00Z,-5.547917680814862e-08,1.355147105641663e-07,7.366907084360719e-08,1.639186012555012e-07,-1.9628743075372768e-07,-7.37188088351104e-08,8.348877145181177e-08,2.2568472080869776e-07
gmat_two_body,numerical_two_body,EarthMJ2000Eq,37740.0,2026-03-24T01:14:00Z,-6.639311322942376e-08,1.3233147910796106e-07,7.912603905424476e-08,1.6787077143925228e-07,-1.9584334154387761e-07,-8.79296635503124e-08,7.949196856316121e-08,2.2892184960197583e-07
gmat_two_body,numerical_two_body,EarthMJ2000Eq,37800.0,2026-03-24T01:15:00Z,-7.821654435247183e-08,1.2641976354643703e-07,8.230927051045e-08,1.6992527898326865e-07,-1.936228954946273e-07,-9.947598300641403e-08,7.549516567451064e-08,2.3040142554905674e-07
gmat_two_body,numerical_two_body,EarthMJ2000Eq,37860.0,2026-03-24T01:16:00Z,-8.913048077374697e-08,1.2096279533579946e-07,8.662937034387141e-08,1.7343842787740385e-07,-1.9184653865522705e-07,-1.1191048088221578e-07,7.149836278586008e-08,2.333260937107952e-07
gmat_two_body,numerical_two_body,EarthMJ2000Eq,37920.0,2026-03-24T01:17:00Z,-1.0095391189679503e-07,1.1186784831807017e-07,9.049472282640636e-08,1.7577088118914557e-07,-1.8918200339612667e-07,-1.2523315717771766e-07,6.794564910705958e-08,2.368328214125962e-07
gmat_two_body,numerical_two_body,EarthMJ2000Eq,37980.0,2026-03-24T01:18:00Z,-1.1095835361629725e-07,1.0459189070388675e-07,9.413270163349807e-08,1.791987314549805e-07,-1.865174681370263e-07,-1.3500311979441904e-07,6.17284001691587e-08,2.3837995650204457e-07
gmat_two_body,numerical_two_body,EarthMJ2000Eq,38040.0,2026-03-24T01:19:00Z,-1.2187229003757238e-07,9.640643838793039e-08,9.777068044058979e-08,1.8359238109318127e-07,-1.8118839761882555e-07,-1.4921397450962104e-07,5.728750807065808e-08,2.4161105976668614e-07
gmat_two_body,numerical_two_body,EarthMJ2000Eq,38100.0,2026-03-24T01:20:00Z,-1.3278622645884752e-07,8.549250196665525e-08,1.0118128557223827e-07,1.8756013003767546e-07,-1.7763568394002505e-07,-1.5987211554602254e-07,5.10702591327572e-08,2.4438023837022543e-07
gmat_two_body,numerical_two_body,EarthMJ2000Eq,38160.0,2026-03-24T01:21:00Z,-1.432454155292362e-07,7.366907084360719e-08,1.0413714335300028e-07,1.9180960793147795e-07,-1.7408297026122455e-07,-1.7319479184152442e-07,4.618527782440651e-08,2.498687582386341e-07
gmat_two_body,numerical_two_body,EarthMJ2000Eq,38220.0,2026-03-24T01:22:00Z,-1.5279510989785194e-07,6.275513442233205e-08,1.0595613275654614e-07,1.9624284591746126e-07,-1.687538997430238e-07,-1.8429702208777599e-07,4.085620730620576e-08,2.532044642267359e-07
gmat_two_body,numerical_two_body,EarthMJ2000Eq,38280.0,2026-03-24T01:23:00Z,-1.6325429896824062e-07,5.184119800105691e-08,1.0822986951097846e-07,2.0261584487931812e-07,-1.616484723854228e-07,-1.9539925233402755e-07,3.2862601528904634e-08,2.5571673198382095e-07
gmat_two_body,numerical_two_body,EarthMJ2000Eq,38340.0,2026-03-24T01:24:00Z,-1.723492459859699e-07,3.9108272176235914e-08,1.0987832865794189e-07,2.0810325959293768e-07,-1.5276668818842154e-07,-2.0694557179012918e-07,2.6201263381153694e-08,2.5855490114552173e-07
gmat_two_body,numerical_two_body,EarthMJ2000Eq,38400.0,2026-03-24T01:25:00Z,-1.8098944565281272e-07,2.546585164964199e-08,1.1095835361629725e-07,2.1381638214878038e-07,-1.438849039914203e-07,-2.1893598045608087e-07,1.9539925233402755e-08,2.6271208158935635e-07
gmat_two_body,numerical_two_body,EarthMJ2000Eq,38460.0,2026-03-24T01:26:00Z,-1.8962964531965554e-07,1.1823431123048067e-08,1.1193534987796738e-07,2.2051920202078276e-07,-1.3322676295501878e-07,-2.2892798767770728e-07,1.021405182655144e-08,2.650692754061714e-07
gmat_two_body,numerical_two_body,EarthMJ2000Eq,38520.0,2026-03-24T01:27:00Z,-1.9736035028472543e-07,-9.094947017729282e-10,1.1220890883123502e-07,2.2703033776616395e-07,-1.2079226507921703e-07,-2.3803181647963356e-07,2.220446049250313e-09,2.66936036046502e-07
gmat_two_body,numerical_two_body,EarthMJ2000Eq,38580.0,2026-03-24T01:28:00Z,-2.0395418687257916e-07,-1.546140993013978e-08,1.120383785746526e-07,2.3321441596419365e-07,-1.0835776720341528e-07,-2.4713564528155985e-07,-5.329070518200751e-09,2.6989967001578655e-07
gmat_two_body,numerical_two_body,EarthMJ2000Eq,38640.0,2026-03-24T01:29:00Z,-2.099795892718248e-07,-3.001332515850663e-08,1.1164047464262694e-07,2.396994434208505e-07,-9.50350909079134e-08,-2.5424107263916085e-07,-1.4654943925052066e-08,2.718178781869082e-07
gmat_two_body,numerical_two_body,EarthMJ2000Eq,38700.0,2026-03-24T01:30:00Z,-2.1532287064474076e-07,-4.547473508864641e-08,1.1050360626541078e-07,2.462578671874977e-07,-8.171241461241152e-08,-2.621791672652307e-07,-2.4868995751603507e-08,2.757413668628154e-07
gmat_two_body,numerical_two_body,EarthMJ2000Eq,38760.0,2026-03-24T01:31:00Z,-2.1942980765743414e-07,-6.184563972055912e-08,1.0868461686186492e-07,2.5256022961550005e-07,-6.572520305780927e-08,-2.6689761511988763e-07,-3.375077994860476e-08,2.769354697773708e-07
gmat_two_body,numerical_two_body,EarthMJ2000Eq,38820.0,2026-03-24T01:32:00Z,-2.2282620193436742e-07,-7.548806024715304e-08,1.0550138540565968e-07,2.578381388214064e-07,-4.973799150320701e-08,-2.723377079405509e-07,-4.3076653355456074e-08,2.801736836845888e-07
gmat_two_body,numerical_two_body,EarthMJ2000Eq,38880.0,2026-03-24T01:33:00Z,-2.254409992019646e-07,-9.276845958083868e-08,1.0300027497578412e-07,2.6464823418883607e-07,-3.197442310920451e-08,-2.7777780076121417e-07,-5.3290705182007514e-08,2.846449886924041e-07
gmat_two_body,numerical_two_body,EarthMJ2000Eq,38940.0,2026-03-24T01:34:00Z,-2.269189280923456e-07,-1.064108801074326e-07,1.007265382213518e-07,2.701135147190436e-07,-1.509903313490213e-08,-2.799982468104645e-07,-6.306066779870889e-08,2.874085016866442e-07
gmat_two_body,numerical_two_body,EarthMJ2000Eq,39000.0,2026-03-24T01:35:00Z,-2.2714630176778883e-07,-1.2369127944111824e-07,9.640643838793039e-08,2.76023869220055e-07,3.552713678800501e-09,-2.8066438062523957e-07,-7.37188088351104e-08,2.902060976311498e-07
gmat_two_body,numerical_two_body,EarthMJ2000Eq,39060.0,2026-03-24T01:36:00Z,-2.2669155441690236e-07,-1.4097167877480388e-07,9.140421752817929e-08,2.8216450174052126e-07,2.220446049250313e-08,-2.8110846983508964e-07,-8.260059303211165e-08,2.9383306118958966e-07
gmat_two_body,numerical_two_body,EarthMJ2000Eq,39120.0,2026-03-24T01:37:00Z,-2.241904439870268e-07,-1.5734258340671659e-07,8.640199666842818e-08,2.871991447697762e-07,3.907985046680551e-08,-2.7711166694643907e-07,-9.059419880941277e-08,2.9415203471718745e-07
gmat_two_body,numerical_two_body,EarthMJ2000Eq,39180.0,2026-03-24T01:38:00Z,-2.2146195988170803e-07,-1.7280399333685637e-07,8.049028110690415e-08,2.9220764045534475e-07,6.039613253960852e-08,-2.753353101070388e-07,-1.0125233984581428e-07,2.9951504493386213e-07
gmat_two_body,numerical_two_body,EarthMJ2000Eq,39240.0,2026-03-24T01:39:00Z,-2.178239810746163e-07,-1.8735590856522322e-07,7.366907084360719e-08,2.966085892290638e-07,7.904787935331115e-08,-2.673417043297377e-07,-1.1013412404281553e-07,2.9974936093820586e-07
gmat_two_body,numerical_two_body,EarthMJ2000Eq,39300.0,2026-03-24T01:40:00Z,-2.1236701286397874e-07,-2.02817318495363e-07,6.730260793119669e-08,3.012710637760607e-07,9.681144774731365e-08,-2.5934809855243657e-07,-1.1768364061026659e-07,3.0080447454281923e-07
gmat_two_body,numerical_two_body,EarthMJ2000Eq,39360.0,2026-03-24T01:41:00Z,-2.0600054995156825e-07,-2.1827872842550278e-07,6.002665031701326e-08,3.0608010162649246e-07,1.1723955140041653e-07,-2.4868995751603507e-07,-1.2456702336294256e-07,3.0184226127466335e-07
gmat_two_body,numerical_two_body,EarthMJ2000Eq,39420.0,2026-03-24T01:42:00Z,-1.9872459233738482e-07,-2.3374013835564256e-07,5.2295945351943374e-08,3.112246484108034e-07,1.3589129821411916e-07,-2.3714363805993344e-07,-1.312283615106935e-07,3.031904234427609e-07
gmat_two_body,numerical_two_body,EarthMJ2000Eq,39480.0,2026-03-24T01:43:00Z,-1.8917489796876907e-07,-2.482920535840094e-07,4.4565240386873484e-08,3.1531277574053136e-07,1.545430450278218e-07,-2.2293278334473143e-07,-1.3811174426336947e-07,3.0439683401732463e-07
gmat_two_body,numerical_two_body,EarthMJ2000Eq,39540.0,2026-03-24T01:44:00Z,-1.8189894035458565e-07,-2.610249794088304e-07,3.637978807091713e-08,3.202260972462836e-07,1.7053025658242404e-07,-2.0872192862952943e-07,-1.4299672557172016e-07,3.0511223414529216e-07
gmat_two_body,numerical_two_body,EarthMJ2000Eq,39600.0,2026-03-24T01:45:00Z,-1.709850039333105e-07,-2.7421265258453786e-07,2.7284841053187847e-08,3.24303735653508e-07,1.865174681370263e-07,-1.9273471707492718e-07,-1.4765966227514582e-07,3.0616794892576356e-07
gmat_two_body,numerical_two_body,EarthMJ2000Eq,39660.0,2026-03-24T01:46:00Z,-1.6007106751203537e-07,-2.837623469531536e-07,1.9099388737231493e-08,3.2635655785189976e-07,2.020605904817785e-07,-1.7497114868092467e-07,-1.5143442055887135e-07,3.0720639450794046e-07
gmat_two_body,numerical_two_body,EarthMJ2000Eq,39720.0,2026-03-24T01:47:00Z,-1.482476363889873e-07,-2.942215360235423e-07,1.000444171950221e-08,3.296115331857987e-07,2.1405099914773018e-07,-1.5543122344752192e-07,-1.5409895581797173e-07,3.0614242378789037e-07
gmat_two_body,numerical_two_body,EarthMJ2000Eq,39780.0,2026-03-24T01:48:00Z,-1.355147105641663e-07,-3.0377123039215803e-07,9.094947017729282e-10,3.326289590126931e-07,2.26929586233382e-07,-1.3233858453531866e-07,-1.5581980150614072e-07,3.054346879551809e-07
gmat_two_body,numerical_two_body,EarthMJ2000Eq,39840.0,2026-03-24T01:49:00Z,-1.191438059322536e-07,-3.119566827081144e-07,-9.094947017729282e-09,3.3405828299793576e-07,2.375877272697835e-07,-1.1013412404281553e-07,-1.557920459305251e-07,3.0471070707003084e-07
gmat_two_body,numerical_two_body,EarthMJ2000Eq,39900.0,2026-03-24T01:50:00Z,-1.0550138540565968e-07,-3.169589035678655e-07,-1.77351466845721e-08,3.345265674074038e-07,2.4558133304708463e-07,-8.970602038971265e-08,-1.5495937866205622e-07,3.0392395474965966e-07
gmat_two_body,numerical_two_body,EarthMJ2000Eq,39960.0,2026-03-24T01:51:00Z,-9.185896487906575e-08,-3.219611244276166e-07,-2.7284841053187847e-08,3.359188854807755e-07,2.5424107263916085e-07,-6.483702463810914e-08,-1.5354384430565915e-07,3.040034126532042e-07
gmat_two_body,numerical_two_body,EarthMJ2000Eq,40020.0,2026-03-24T01:52:00Z,-7.639755494892597e-08,-3.246896085329354e-07,-3.5925040720030665e-08,3.3548552404266395e-07,2.580158309228864e-07,-4.3520742565306136e-08,-1.5021317523178368e-07,3.0171215098745644e-07
gmat_two_body,numerical_two_body,EarthMJ2000Eq,40080.0,2026-03-24T01:53:00Z,-6.093614501878619e-08,-3.2667912819306366e-07,-4.411049303598702e-08,3.3522858195954667e-07,2.62456723021387e-07,-1.9539925233402755e-08,-1.4666046155298318e-07,3.0128828573342523e-07
gmat_two_body,numerical_two_body,EarthMJ2000Eq,40140.0,2026-03-24T01:54:00Z,-4.638422979041934e-08,-3.2731861665524775e-07,-5.3660187404602766e-08,3.34915495751768e-07,2.6423307986078726e-07,5.329070518200751e-09,-1.4166445794216997e-07,2.99860531129647e-07
gmat_two_body,numerical_two_body,EarthMJ2000Eq,40200.0,2026-03-24T01:55:00Z,-3.183231456205249e-08,-3.263380676798988e-07,-6.184563972055912e-08,3.3366856882222647e-07,2.6337265701670276e-07,2.9309887850104133e-08,-1.3633538742396922e-07,2.9801269075975136e-07
gmat_two_body,numerical_two_body,EarthMJ2000Eq,40260.0,2026-03-24T01:56:00Z,-1.4551915228366852e-08,-3.2378011383116245e-07,-7.003109203651547e-08,3.3158660135952565e-07,2.6068036618198676e-07,5.5067062021407764e-08,-1.2856382625159313e-07,2.9582983631286095e-07
gmat_two_body,numerical_two_body,EarthMJ2000Eq,40320.0,2026-03-24T01:57:00Z,0.0,-3.196873876731843e-07,-7.776179700158536e-08,3.290090012601792e-07,2.5579538487363607e-07,7.638334409421077e-08,-1.212363542890671e-07,2.931960910022001e-07
gmat_two_body,numerical_two_body,EarthMJ2000Eq,40380.0,2026-03-24T01:58:00Z,1.7280399333685637e-08,-3.149125404888764e-07,-8.549250196665525e-08,3.2676824853527067e-07,2.4935609133081016e-07,9.681144774731365e-08,-1.1168843627729075e-07,2.898710463236655e-07
gmat_two_body,numerical_two_body,EarthMJ2000Eq,40440.0,2026-03-24T01:59:00Z,3.092281986027956e-08,-3.0740920919924974e-07,-9.094947017729282e-08,3.2206901250221154e-07,2.41140440948584e-07,1.1901590823981678e-07,-1.0258460747536446e-07,2.8781435052113124e-07
gmat_two_body,numerical_two_body,EarthMJ2000Eq,40500.0,2026-03-24T02:00:00Z,4.547473508864641e-08,-3.001332515850663e-07,-9.822542779147625e-08,3.190550969710808e-07,2.304822999121825e-07,1.4033219031261979e-07,-9.325873406851315e-08,2.8550377526542137e-07
gmat_two_body,numerical_two_body,EarthMJ2000Eq,40560.0,2026-03-24T02:01:00Z,5.820766091346741e-08,-2.914930519182235e-07,-1.0368239600211382e-07,3.148116426474035e-07,2.1715962361668062e-07,1.5720758028692217e-07,-8.260059303211165e-08,2.805269744574735e-07
gmat_two_body,numerical_two_body,EarthMJ2000Eq,40620.0,2026-03-24T02:02:00Z,7.275957614183426e-08,-2.828528522513807e-07,-1.07775122160092e-07,3.113120121416832e-07,2.0516921495072893e-07,1.7319479184152442e-07,-7.105427357601002e-08,2.7774008079127126e-07
gmat_two_body,numerical_two_body,EarthMJ2000Eq,40680.0,2026-03-24T02:03:00Z,8.36735125631094e-08,-2.72393663180992e-07,-1.1232259566895664e-07,3.062938620730433e-07,1.91402449445377e-07,1.8829382497642655e-07,-5.950795411990839e-08,2.7501028850114017e-07
gmat_two_body,numerical_two_body,EarthMJ2000Eq,40740.0,2026-03-24T02:04:00Z,9.367795428261161e-08,-2.601154847070575e-07,-1.1550582712516189e-07,2.996284709483234e-07,1.7541523789077473e-07,1.9984014443252818e-07,-4.707345624410664e-08,2.70041662144671e-07
gmat_two_body,numerical_two_body,EarthMJ2000Eq,40800.0,2026-03-24T02:05:00Z,1.0368239600211382e-07,-2.482920535840094e-07,-1.1732481652870774e-07,2.935372134622775e-07,1.5898393712632242e-07,2.1049828546892968e-07,-3.4638958368304884e-08,2.6605502792916095e-07
gmat_two_body,numerical_two_body,EarthMJ2000Eq,40860.0,2026-03-24T02:06:00Z,1.1368683772161603e-07,-2.3464963305741549e-07,-1.191438059322536e-07,2.866712295594787e-07,1.438849039914203e-07,2.2115642650533118e-07,-2.1760371282653068e-08,2.647386340139782e-07
gmat_two_body,numerical_two_body,EarthMJ2000Eq,40920.0,2026-03-24T02:07:00Z,1.2096279533579946e-07,-2.219167072325945e-07,-1.1959855328314006e-07,2.796119395730941e-07,1.2434497875801753e-07,2.2737367544323206e-07,-1.0658141036401503e-08,2.593724310663103e-07
gmat_two_body,numerical_two_body,EarthMJ2000Eq,40980.0,2026-03-24T02:08:00Z,1.2778400559909642e-07,-2.064552973024547e-07,-1.2096279533579946e-07,2.7126470416669653e-07,1.0746958878371515e-07,2.3181456754173269e-07,1.7763568394002505e-09,2.5552076565618353e-07
gmat_two_body,numerical_two_body,EarthMJ2000Eq,41040.0,2026-03-24T02:09:00Z,1.3278622645884752e-07,-1.9372237147763371e-07,-1.1971224012086168e-07,2.636125178796589e-07,8.881784197001252e-08,2.3536728122053319e-07,1.3322676295501878e-08,2.519203442063193e-07
gmat_two_body,numerical_two_body,EarthMJ2000Eq,41100.0,2026-03-24T02:10:00Z,1.368789526168257e-07,-1.800799509510398e-07,-1.1834799806820229e-07,2.552858888594498e-07,6.838973831690964e-08,2.3492319201068312e-07,2.4868995751603507e-08,2.4593602705020044e-07
gmat_two_body,numerical_two_body,EarthMJ2000Eq,41160.0,2026-03-24T02:11:00Z,1.4142642612569034e-07,-1.646185410209e-07,-1.1675638234009966e-07,2.464401567758035e-07,5.240252676230739e-08,2.3225865675158275e-07,3.552713678800501e-08,2.407328101765056e-07
gmat_two_body,numerical_two_body,EarthMJ2000Eq,41220.0,2026-03-24T02:12:00Z,1.4415491023100913e-07,-1.5279510989785194e-07,-1.141415850725025e-07,2.390717155902602e-07,3.2862601528904634e-08,2.2870594307278225e-07,4.529709940470639e-08,2.3545315073393719e-07
gmat_two_body,numerical_two_body,EarthMJ2000Eq,41280.0,2026-03-24T02:13:00Z,1.4597389963455498e-07,-1.382431946694851e-07,-1.1111467301816447e-07,2.2970857800020854e-07,1.509903313490213e-08,2.2248869413488137e-07,5.417888360170764e-08,2.2948758408197394e-07
gmat_two_body,numerical_two_body,EarthMJ2000Eq,41340.0,2026-03-24T02:14:00Z,1.4620127330999821e-07,-1.2460077414289117e-07,-1.0746248335635755e-07,2.2010986021436657e-07,-8.881784197001252e-10,2.1382895454280515e-07,6.306066779870889e-08,2.2293554782715425e-07
gmat_two_body,numerical_two_body,EarthMJ2000Eq,41400.0,2026-03-24T02:15:00Z,1.4574652595911175e-07,-1.127773430198431e-07,-1.0339817890780978e-07,2.1131010938716783e-07,-1.687538997430238e-08,2.042810365310288e-07,7.061018436615996e-08,2.167978754720613e-07
gmat_two_body,numerical_two_body,EarthMJ2000Eq,41460.0,2026-03-24T02:16:00Z,1.440412233932875e-07,-9.913492249324918e-08,-9.913492249324918e-08,2.0100582019464013e-07,-3.197442310920451e-08,1.936228954946273e-07,7.72715225139109e-08,2.1091011731187205e-07
gmat_two_body,numerical_two_body,EarthMJ2000Eq,41520.0,2026-03-24T02:17:00Z,1.4165379980113357e-07,-8.913048077374697e-08,-9.447376214666292e-08,1.921856741154323e-07,-4.263256414560601e-08,1.8049450822843482e-07,8.126832540256146e-08,2.0248541611679187e-07
gmat_two_body,numerical_two_body,EarthMJ2000Eq,41580.0,2026-03-24T02:18:00Z,1.3866952031094115e-07,-7.821654435247183e-08,-8.947154128691182e-08,1.8262590280122993e-07,-5.417888360170764e-08,1.6997514507011147e-07,8.615330671091215e-08,1.9811434482933668e-07
gmat_two_body,numerical_two_body,EarthMJ2000Eq,41640.0,2026-03-24T02:19:00Z,1.353726020170143e-07,-6.730260793119669e-08,-8.390088623855263e-08,1.729009575531954e-07,-6.483702463810914e-08,1.5698553568199713e-07,8.926193117986259e-08,1.9187493461951954e-07
gmat_two_body,numerical_two_body,EarthMJ2000Eq,41700.0,2026-03-24T02:20:00Z,1.3096723705530167e-07,-5.638867150992155e-08,-7.889866537880152e-08,1.6296348933153558e-07,-7.283063041541027e-08,1.4366285938649526e-07,9.103828801926284e-08,1.8501699321761838e-07
gmat_two_body,numerical_two_body,EarthMJ2000Eq,41760.0,2026-03-24T02:21:00Z,1.268745108973235e-07,-4.9112713895738125e-08,-7.253220246639103e-08,1.5417561602362817e-07,-8.348877145181177e-08,1.2922996006636822e-07,9.325873406851315e-08,1.7991094746387627e-07
gmat_two_body,numerical_two_body,EarthMJ2000Eq,41820.0,2026-03-24T02:22:00Z,1.2028067430946976e-07,-4.001776687800884e-08,-6.730260793119669e-08,1.4352178689169035e-07,-8.79296635503124e-08,1.1501910535116622e-07,9.50350909079134e-08,1.7318397394600105e-07
gmat_two_body,numerical_two_body,EarthMJ2000Eq,41880.0,2026-03-24T02:23:00Z,1.1505107977427542e-07,-3.54702933691442e-08,-6.139089236967266e-08,1.3514338435478287e-07,-9.237055564881302e-08,1.0169642905566434e-07,9.547918011776346e-08,1.6730438448978125e-07
gmat_two_body,numerical_two_body,EarthMJ2000Eq,41940.0,2026-03-24T02:24:00Z,1.0913936421275139e-07,-2.8194335754960775e-08,-5.502442945726216e-08,1.2543527903474478e-07,-9.50350909079134e-08,8.615330671091215e-08,9.370282327836321e-08,1.5885301335333878e-07
gmat_two_body,numerical_two_body,EarthMJ2000Eq,42000.0,2026-03-24T02:25:00Z,1.0322764865122736e-07,-2.546585164964199e-08,-5.047695594839752e-08,1.1769613472038611e-07,-9.681144774731365e-08,7.23865412055602e-08,9.192646643896296e-08,1.5186422552592462e-07
gmat_two_body,numerical_two_body,EarthMJ2000Eq,42060.0,2026-03-24T02:26:00Z,9.913492249324918e-08,-2.1827872842550278e-08,-4.3655745685100555e-08,1.1049892769568058e-07,-9.85878045867139e-08,5.950795411990839e-08,8.881784197001252e-08,1.4542819832816235e-07
gmat_two_body,numerical_two_body,EarthMJ2000Eq,42120.0,2026-03-24T02:27:00Z,9.322320693172514e-08,-1.6370904631912708e-08,-3.8198777474462986e-08,1.0206722994990102e-07,-9.85878045867139e-08,4.796163466380676e-08,8.615330671091215e-08,1.394355258536255e-07
gmat_two_body,numerical_two_body,EarthMJ2000Eq,42180.0,2026-03-24T02:28:00Z,8.640199666842818e-08,-1.2732925824820995e-08,-3.319655661471188e-08,9.343149254627821e-08,-9.769962616701378e-08,3.6415315207705135e-08,8.171241461241152e-08,1.3246966006086605e-07
gmat_two_body,numerical_two_body,EarthMJ2000Eq,42240.0,2026-03-24T02:29:00Z,7.958078640513122e-08,-1.0913936421275139e-08,-2.9103830456733704e-08,8.543563963780604e-08,-9.592326932761353e-08,2.4868995751603507e-08,7.860379014346108e-08,1.2648437205089184e-07
gmat_two_body,numerical_two_body,EarthMJ2000Eq,42300.0,2026-03-24T02:30:00Z,7.548806024715304e-08,-1.000444171950221e-08,-2.4101609596982598e-08,7.987129446279237e-08,-9.237055564881302e-08,1.5987211554602254e-08,7.394085344003543e-08,1.1939497598979144e-07
gmat_two_body,numerical_two_body,EarthMJ2000Eq,42360.0,2026-03-24T02:31:00Z,6.912159733474255e-08,-9.094947017729282e-09,-2.000888343900442e-08,7.253184608044424e-08,-8.79296635503124e-08,7.105427357601002e-09,6.972200594645983e-08,1.1244230050654185e-07
gmat_two_body,numerical_two_body,EarthMJ2000Eq,42420.0,2026-03-24T02:32:00Z,6.548361852765083e-08,-9.094947017729282e-09,-1.7280399333685637e-08,6.833326099244673e-08,-8.615330671091215e-08,8.881784197001252e-10,6.483702463810914e-08,1.0782866447310053e-07
gmat_two_body,numerical_two_body,EarthMJ2000Eq,42480.0,2026-03-24T02:33:00Z,6.184563972055912e-08,-1.000444171950221e-08,-1.2732925824820995e-08,6.393042629784749e-08,-8.215650382226158e-08,-5.329070518200751e-09,6.106226635438361e-08,1.0250214868586379e-07
gmat_two_body,numerical_two_body,EarthMJ2000Eq,42540.0,2026-03-24T02:34:00Z,5.820766091346741e-08,-1.0459189070388675e-08,-9.549694368615746e-09,5.990595202115823e-08,-7.682743330406083e-08,-8.881784197001252e-09,5.573319583618286e-08,9.532853568961567e-08
gmat_two_body,numerical_two_body,EarthMJ2000Eq,42600.0,2026-03-24T02:35:00Z,5.3660187404602766e-08,-1.0913936421275139e-08,-6.366462912410498e-09,5.512768424775181e-08,-7.194245199571014e-08,-1.2434497875801753e-08,5.1236792586450974e-08,8.919384536572787e-08
gmat_two_body,numerical_two_body,EarthMJ2000Eq,42660.0,2026-03-24T02:36:00Z,4.9112713895738125e-08,-1.1823431123048067e-08,-3.637978807091713e-09,5.0646688732107044e-08,-6.794564910705958e-08,-1.3322676295501878e-08,4.704570066849101e-08,8.371023167835369e-08
gmat_two_body,numerical_two_body,EarthMJ2000Eq,42720.0,2026-03-24T02:37:00Z,4.547473508864641e-08,-1.2505552149377763e-08,-9.094947017729282e-10,4.7171681616791335e-08,-6.52811138479592e-08,-1.509903313490213e-08,4.3461761967122925e-08,7.986569589082622e-08
gmat_two_body,numerical_two_body,EarthMJ2000Eq,42780.0,2026-03-24T02:38:00Z,4.3655745685100555e-08,-1.432454155292362e-08,9.094947017729282e-10,4.5954801736447134e-08,-6.039613253960852e-08,-1.687538997430238e-08,3.963496197911809e-08,7.418491641575719e-08
gmat_two_body,numerical_two_body,EarthMJ2000Eq,42840.0,2026-03-24T02:39:00Z,3.9108272176235914e-08,-1.4779288903810084e-08,3.183231456205249e-09,4.1928716837229904e-08,-5.7065463465733046e-08,-1.7763568394002505e-08,3.597122599785507e-08,6.975629421375595e-08
gmat_two_body,numerical_two_body,EarthMJ2000Eq,42900.0,2026-03-24T02:40:00Z,3.637978807091713e-08,-1.5347723092418164e-08,6.821210263296962e-09,4.006957066980501e-08,-5.46229728115577e-08,-1.5987211554602254e-08,3.241851231905457e-08,6.549977124421483e-08
gmat_two_body,numerical_two_body,EarthMJ2000Eq,42960.0,2026-03-24T02:41:00Z,3.2741809263825417e-08,-1.6186163520615082e-08,9.094947017729282e-09,3.7639553990982906e-08,-5.3013149425851225e-08,-1.509903313490213e-08,3.008704396734174e-08,6.279812917873635e-08
gmat_two_body,numerical_two_body,EarthMJ2000Eq,43020.0,2026-03-24T02:42:00Z,2.9103830456733704e-08,-1.7280399333685637e-08,1.0913936421275139e-08,3.5563452540404166e-08,-5.147271497918382e-08,-1.3322676295501878e-08,2.7755575615628914e-08,5.997754637160408e-08
gmat_two_body,numerical_two_body,EarthMJ2000Eq,43080.0,2026-03-24T02:43:00Z,2.4556356947869062e-08,-1.830358087318018e-08,1.2732925824820995e-08,3.316870723125334e-08,-5.090372567906343e-08,-1.1546319456101628e-08,2.55351295663786e-08,5.8108085693502545e-08
gmat_two_body,numerical_two_body,EarthMJ2000Eq,43140.0,2026-03-24T02:44:00Z,2.091837814077735e-08,-1.9099388737231493e-08,1.4097167877480388e-08,3.1640090650032936e-08,-5.0959236830294685e-08,-9.769962616701378e-09,2.3092638912203256e-08,5.67940662374795e-08
gmat_two_body,numerical_two_body,EarthMJ2000Eq,43200.0,2026-03-24T02:45:00Z,1.546140993013978e-08,-2.0463630789890885e-08,1.5916157281026244e-08,3.0185086462144845e-08,-5.040412531798211e-08,-7.993605777301127e-09,2.1538326677728037e-08,5.539289754535574e-08
