reference_model,comparison_model,frame,elapsed_seconds,timestamp_utc,position_delta_x_m,position_delta_y_m,position_delta_z_m,position_difference_m,velocity_delta_x_mm_s,velocity_delta_y_mm_s,velocity_delta_z_mm_s,velocity_difference_mm_s
gmat_j2,numerical_j2_gmat_r2026a_eop_full,EarthMJ2000Eq,0.0,2026-03-23T14:45:00Z,0.0,4.547473508864641e-10,0.0,4.547473508864641e-10,0.0,0.0,4.440892098500626e-10,4.440892098500626e-10
gmat_j2,numerical_j2_gmat_r2026a_eop_full,EarthMJ2000Eq,60.0,2026-03-23T14:46:00Z,-4.547473508864641e-09,9.094947017729282e-10,4.547473508864641e-10,4.659773715484152e-09,-1.603162047558726e-07,3.4638958368304884e-08,1.2378986724570495e-08,1.6448216394641433e-07
gmat_j2,numerical_j2_gmat_r2026a_eop_full,EarthMJ2000Eq,120.0,2026-03-23T14:47:00Z,-1.7280399333685637e-08,3.637978807091713e-09,2.2737367544323206e-09,1.7804970366752872e-08,-3.1530333899354446e-07,5.1514348342607263e-08,2.5229818234606682e-08,3.204784975529447e-07
gmat_j2,numerical_j2_gmat_r2026a_eop_full,EarthMJ2000Eq,180.0,2026-03-23T14:48:00Z,-4.001776687800884e-08,7.048583938740194e-09,4.547473508864641e-09,4.0887451825198816e-08,-4.6407322429331543e-07,5.1514348342607263e-08,3.938516179857743e-08,4.685817714775698e-07
gmat_j2,numerical_j2_gmat_r2026a_eop_full,EarthMJ2000Eq,240.0,2026-03-23T14:49:00Z,-6.912159733474255e-08,9.777068044058979e-09,6.821210263296962e-09,7.014210709053838e-08,-5.988542994828094e-07,3.4638958368304884e-08,5.46229728115577e-08,6.023371137533032e-07
gmat_j2,numerical_j2_gmat_r2026a_eop_full,EarthMJ2000Eq,300.0,2026-03-23T14:50:00Z,-1.0822986951097846e-07,1.0913936421275139e-08,1.1368683772161603e-08,1.0937122854426785e-07,-7.256417688950023e-07,3.552713678800501e-09,7.016609515630989e-08,7.290348959062493e-07
gmat_j2,numerical_j2_gmat_r2026a_eop_full,EarthMJ2000Eq,360.0,2026-03-23T14:51:00Z,-1.546140993013978e-07,1.0345502232667059e-08,1.5006662579253316e-08,1.5568477459596418e-07,-8.326672684688674e-07,-3.2862601528904634e-08,8.593126210598712e-08,8.377343924930982e-07
gmat_j2,numerical_j2_gmat_r2026a_eop_full,EarthMJ2000Eq,420.0,2026-03-23T14:52:00Z,-2.0463630789890885e-07,7.787548383930698e-09,2.0463630789890885e-08,2.0580433573040694e-07,-8.978373600143641e-07,-6.217248937900877e-08,1.0413891970983968e-07,9.059924161224962e-07
gmat_j2,numerical_j2_gmat_r2026a_eop_full,EarthMJ2000Eq,480.0,2026-03-23T14:53:00Z,-2.5920599000528455e-07,3.524291969370097e-09,2.8194335754960775e-08,2.607586747496016e-07,-9.573453141342725e-07,-9.681144774731365e-08,1.2256862191861728e-07,9.700028731858523e-07
gmat_j2,numerical_j2_gmat_r2026a_eop_full,EarthMJ2000Eq,540.0,2026-03-23T14:54:00Z,-3.1741365091875196e-07,-3.183231456205249e-09,3.54702933691442e-08,3.1940522923673033e-07,-1.007638417149792e-06,-1.2789769243681803e-07,1.4632739464559563e-07,1.0262088997229411e-06
gmat_j2,numerical_j2_gmat_r2026a_eop_full,EarthMJ2000Eq,600.0,2026-03-23T14:55:00Z,-6.132449925644323e-05,0.00041475891521258745,9.790937838261016e-05,0.0004305483693299104,-0.000429797308854063,-0.00010122658267164297,0.0002072384486240253,0.00048777076821563065
gmat_j2,numerical_j2_gmat_r2026a_eop_full,EarthMJ2000Eq,660.0,2026-03-23T14:56:00Z,-5.8474142861086875e-05,0.00027571627470024396,7.419566827593371e-05,0.000291451002243656,-0.0002799558362909238,-9.198775074992227e-05,0.0001306668107048381,0.00032235203114166095
gmat_j2,numerical_j2_gmat_r2026a_eop_full,EarthMJ2000Eq,720.0,2026-03-23T14:57:00Z,-7.612561603309587e-05,0.0002774968379526399,8.364258974324912e-05,0.0002996592853710519,-0.00028326940793022004,-0.00011364154062221132,0.00012894085799075583,0.0003313332191065655
gmat_j2,numerical_j2_gmat_r2026a_eop_full,EarthMJ2000Eq,780.0,2026-03-23T14:58:00Z,-9.267660061595961e-05,0.0002691722329473123,9.090854291571304e-05,0.00029884277884304026,-0.000276498823836846,-0.00013316814317931858,0.00012231193835532395,0.00033037185746552815
gmat_j2,numerical_j2_gmat_r2026a_eop_full,EarthMJ2000Eq,840.0,2026-03-23T14:59:00Z,-0.00010906933312071487,0.0002605984263936989,9.805080480873585e-05,0.0002990344789316282,-0.0002696780576627589,-0.0001525499726540147,0.00011568879187962011,0.0003307289607942809
gmat_j2,numerical_j2_gmat_r2026a_eop_full,EarthMJ2000Eq,900.0,2026-03-23T15:00:00Z,-0.00012501732271630317,0.0002508791112632025,0.00010478015610715374,0.0002992466216370807,-0.00026172708444960335,-0.00017135093344222696,0.00010857759136229106,0.00033113638047192723
gmat_j2,numerical_j2_gmat_r2026a_eop_full,EarthMJ2000Eq,960.0,2026-03-23T15:01:00Z,-0.0001404569047736004,0.00024005066734389402,0.00011106885722256266,0.00029948081079687747,-0.0002526743259068098,-0.00018949464219986112,0.00010100587033434749,0.0003315942101981172
gmat_j2,numerical_j2_gmat_r2026a_eop_full,EarthMJ2000Eq,1020.0,2026-03-23T15:02:00Z,-0.00015531713870586827,0.00022815220290794969,0.00011689189705066383,0.000299734143640045,-0.0002425455392085496,-0.00020692869640015488,9.299361281023266e-05,0.0003321078680298511
gmat_j2,numerical_j2_gmat_r2026a_eop_full,EarthMJ2000Eq,1080.0,2026-03-23T15:03:00Z,-0.00016953981685219333,0.00021523555915337056,0.00012221994438732509,0.0003000130167649067,-0.00023136870197504322,-0.00022357582452059432,8.456746414253757e-05,0.0003326699288411553
gmat_j2,numerical_j2_gmat_r2026a_eop_full,EarthMJ2000Eq,1140.0,2026-03-23T15:04:00Z,-0.00018306218407815322,0.000201339389604982,0.00012703117135970388,0.0003003102255052079,-0.0002191820058783378,-0.00023938007132073835,7.574652016728578e-05,0.00033328832197337266
gmat_j2,numerical_j2_gmat_r2026a_eop_full,EarthMJ2000Eq,1200.0,2026-03-23T15:05:00Z,-0.0001975831764866598,0.00018725859263213351,0.00013233466233941726,0.0003026835889202014,-0.00020690205104756387,-0.0002567208667869636,6.661782236960789e-05,0.00033638073135779827
gmat_j2,numerical_j2_gmat_r2026a_eop_full,EarthMJ2000Eq,1260.0,2026-03-23T15:06:00Z,-0.000195483607967617,0.00016375088307540864,0.00012749501365760807,0.00028510203647039563,-0.0001836575336255919,-0.00025278712456611174,5.519007473253623e-05,0.0003172969655587983
gmat_j2,numerical_j2_gmat_r2026a_eop_full,EarthMJ2000Eq,1320.0,2026-03-23T15:07:00Z,-0.0002681367732293438,0.0001802445694920607,0.00016790022527857218,0.0003641097631728901,-0.00020685497759131977,-0.0003452269581316614,5.2480686463241e-05,0.0004058631010905011
gmat_j2,numerical_j2_gmat_r2026a_eop_full,EarthMJ2000Eq,1380.0,2026-03-23T15:08:00Z,-7.526614353992045e-05,5.179481377126649e-05,4.713990620075492e-05,0.00010280985290130542,-6.143885400433646e-05,-9.608935869209745e-05,1.6764367671839864e-05,0.00011527767198664867
gmat_j2,numerical_j2_gmat_r2026a_eop_full,EarthMJ2000Eq,1440.0,2026-03-23T15:09:00Z,0.0005075721674074885,-0.0002528213371988386,-0.00030444681442531873,0.0006436116814380149,0.0002928679521119193,0.0006545990416384484,-4.7192916241556304e-05,0.0007186784496780094
gmat_j2,numerical_j2_gmat_r2026a_eop_full,EarthMJ2000Eq,1500.0,2026-03-23T15:10:00Z,0.0003315667527203914,-0.00013738190318690613,-0.00019450166632850596,0.00040821709547416937,0.00016075318853836507,0.0004264144592980301,-1.4865886299730846e-05,0.00045595161289237597
gmat_j2,numerical_j2_gmat_r2026a_eop_full,EarthMJ2000Eq,1560.0,2026-03-23T15:11:00Z,0.0007747137260594172,-0.00019433173292782158,-0.0004338339607556918,0.000908932387624386,0.0002538165233545442,0.0009826046643013342,2.610622829024578e-05,0.0010151927348981905
gmat_j2,numerical_j2_gmat_r2026a_eop_full,EarthMJ2000Eq,1620.0,2026-03-23T15:12:00Z,-0.0011337142495904118,0.00019518847693689167,0.0006201198630151339,0.0013068875949213087,-0.00029744740004389314,-0.0014269321280124814,-7.360023701608043e-05,0.0014594612871316331
gmat_j2,numerical_j2_gmat_r2026a_eop_full,EarthMJ2000Eq,1680.0,2026-03-23T15:13:00Z,-0.0018174246179114562,0.00033747710403986275,0.000998174812139041,0.0021007798535616585,-0.0004978035761382671,-0.002291163259116047,-0.00010791456617198492,0.002347100985030555
gmat_j2,numerical_j2_gmat_r2026a_eop_full,EarthMJ2000Eq,1740.0,2026-03-23T15:14:00Z,0.0011968910484938533,-8.48795025376603e-05,-0.0006354846391332103,0.0013577899095552385,0.00017620571668430784,0.001496836987691097,0.00014949375071182658,0.0015145685206732237
gmat_j2,numerical_j2_gmat_r2026a_eop_full,EarthMJ2000Eq,1800.0,2026-03-23T15:15:00Z,-0.001247329578291101,-5.2385985327418894e-05,0.0006395629270627978,0.0014027174006234163,-5.647127210295366e-05,-0.0015518319936361213,-0.0002188627057364556,0.001568206754547329
gmat_j2,numerical_j2_gmat_r2026a_eop_full,EarthMJ2000Eq,1860.0,2026-03-23T15:16:00Z,-0.0017898151867257184,-6.156278686830774e-05,0.0009199782198265893,0.0020133525037400457,-9.136691403455188e-05,-0.002228110473900813,-0.0003092042177854637,0.002251317713070064
gmat_j2,numerical_j2_gmat_r2026a_eop_full,EarthMJ2000Eq,1920.0,2026-03-23T15:17:00Z,0.0008581007477914682,9.217728802468628e-05,-0.0004308760708227055,0.0009646179213530484,-3.0473401579911297e-05,0.0010568386166198707,0.00018680612612342884,0.0010736540497479133
gmat_j2,numerical_j2_gmat_r2026a_eop_full,EarthMJ2000Eq,1980.0,2026-03-23T15:18:00Z,0.0003005708322234568,7.143353286664933e-05,-0.0001444930148863932,0.00034106275984380284,-5.45936629237076e-05,0.00036301672778904504,8.799760919941946e-05,0.000377498598554891
gmat_j2,numerical_j2_gmat_r2026a_eop_full,EarthMJ2000Eq,2040.0,2026-03-23T15:19:00Z,0.0008279482699435903,0.0002989472704939544,-0.0003818176992353983,0.0009595064166996398,-0.0002410507349281943,0.0009997025429697715,0.0002874123161689113,0.0010677623662197636
gmat_j2,numerical_j2_gmat_r2026a_eop_full,EarthMJ2000Eq,2100.0,2026-03-23T15:20:00Z,-0.0012792575034836773,-0.0005731963028665632,0.000572758608541335,0.0015143005598286603,0.00047057291396868095,-0.0015497523264684787,-0.0004927063201876081,0.0016929059804691611
gmat_j2,numerical_j2_gmat_r2026a_eop_full,EarthMJ2000Eq,2160.0,2026-03-23T15:21:00Z,-0.0012753328064718517,-0.00048792480811243877,0.0005845236046297941,0.0014853323634810957,0.00038557779191705777,-0.0015524443952585898,-0.00044886272476674094,0.0016613944684133462
gmat_j2,numerical_j2_gmat_r2026a_eop_full,EarthMJ2000Eq,2220.0,2026-03-23T15:22:00Z,-0.00047174216888379306,-0.0002985543687827885,0.0001975295162992552,0.0005921936295097171,0.00025994228991521595,-0.0005657687651705601,-0.00022496138285532652,0.0006620210823721305
gmat_j2,numerical_j2_gmat_r2026a_eop_full,EarthMJ2000Eq,2280.0,2026-03-23T15:23:00Z,-0.0017316938283329364,-0.0010672965800040402,0.0007285066203621682,0.002160696045418284,0.0009347278506766088,-0.0020685884116744546,-0.0008177187815761044,0.002412765669825121
gmat_j2,numerical_j2_gmat_r2026a_eop_full,EarthMJ2000Eq,2340.0,2026-03-23T15:24:00Z,-0.0006238574314920697,-0.0004589301170199178,0.0002509027581254486,0.0008141051167820747,0.00041016345875277693,-0.0007427898296441526,-0.00033147085076734584,0.0009109575834402271
gmat_j2,numerical_j2_gmat_r2026a_eop_full,EarthMJ2000Eq,2400.0,2026-03-23T15:25:00Z,-0.00037584277379210107,-0.00031997387850424275,0.00014448914953391068,0.0005143133168311133,0.00029035973625468614,-0.00044654591135895316,-0.00022142909728017912,0.0005768386884663719
gmat_j2,numerical_j2_gmat_r2026a_eop_full,EarthMJ2000Eq,2460.0,2026-03-23T15:26:00Z,-0.0004250123311067,-0.0003983504939242266,0.00015749765225336887,0.0006034269699539039,0.0003659739178374366,-0.0005008864434330462,-0.0002694680034664998,0.0006763409958331009
gmat_j2,numerical_j2_gmat_r2026a_eop_full,EarthMJ2000Eq,2520.0,2026-03-23T15:27:00Z,-0.000387001819035504,-0.0004159792297286913,0.00013498993212124333,0.0005839789459189108,0.0003871480913630876,-0.0004516689244837835,-0.0002725291103899963,0.0006543398031606988
gmat_j2,numerical_j2_gmat_r2026a_eop_full,EarthMJ2000Eq,2580.0,2026-03-23T15:28:00Z,-0.00036449546314543113,-0.00044331045501166955,0.00011897509466507472,0.0005861195913180341,0.00041674041995065636,-0.00042083048157337544,-0.00028294033782572114,0.0006563734505682429
gmat_j2,numerical_j2_gmat_r2026a_eop_full,EarthMJ2000Eq,2640.0,2026-03-23T15:29:00Z,-0.000338685822498519,-0.0004675280251831282,0.0001017447175399866,0.0005862103105886366,0.0004433351463717372,-0.00038611247532571724,-0.0002911781926684398,0.0006560591707279621
gmat_j2,numerical_j2_gmat_r2026a_eop_full,EarthMJ2000Eq,2700.0,2026-03-23T15:30:00Z,-0.00031133913580561057,-0.0004896091923001222,8.406141205341555e-05,0.0005862725813692609,0.00046777426376820586,-0.0003496696265870014,-0.00029802760259656225,0.00065566917077962
gmat_j2,numerical_j2_gmat_r2026a_eop_full,EarthMJ2000Eq,2760.0,2026-03-23T15:31:00Z,-0.0002825963747454807,-0.0005094552761875093,6.601021595997736e-05,0.0005863128329361914,0.0004899600725138953,-0.00031170088732324075,-0.0003034680284841329,0.0006552184064325144
gmat_j2,numerical_j2_gmat_r2026a_eop_full,EarthMJ2000Eq,2820.0,2026-03-23T15:32:00Z,-0.00025149256543954834,-0.0005237466211838182,4.762387106893584e-05,0.0005829468816010787,0.0005064024755085939,-0.00027130120372476085,-0.0003055590225287119,0.0006507027943634774
gmat_j2,numerical_j2_gmat_r2026a_eop_full,EarthMJ2000Eq,2880.0,2026-03-23T15:33:00Z,-0.00022833773982711136,-0.0005678011802956462,2.856177161447704e-05,0.0006126598392029954,0.0005518363543899341,-0.00023818724770308108,-0.0003239256085585396,0.0006827769232148682
gmat_j2,numerical_j2_gmat_r2026a_eop_full,EarthMJ2000Eq,2940.0,2026-03-23T15:34:00Z,-0.00015694331523263827,-0.00044386069930624217,1.1525571608217433e-05,0.00047093137863783697,0.00043262504689778325,-0.00016054890750183404,-0.0002494916773176925,0.0005245821956129823
gmat_j2,numerical_j2_gmat_r2026a_eop_full,EarthMJ2000Eq,3000.0,2026-03-23T15:35:00Z,-0.00034943695936817676,-0.0012632949619728606,-2.0576862880261615e-05,0.00131089425843753,0.0012364513857221482,-0.0003256772629356419,-0.0006942276059573871,0.0014549328773935917
gmat_j2,numerical_j2_gmat_r2026a_eop_full,EarthMJ2000Eq,3060.0,2026-03-23T15:36:00Z,-0.00027711303118849173,-0.0012894558949483326,-6.233176463865675e-05,0.0013203686553210994,0.001267675520111311,-0.00023358293077535563,-0.0006956447640149577,0.0014647470251004143
gmat_j2,numerical_j2_gmat_r2026a_eop_full,EarthMJ2000Eq,3120.0,2026-03-23T15:37:00Z,-0.00019966864783782512,-0.0012973307548236335,-0.0001038038135448005,0.0013167041763612235,0.0012809380223188782,-0.000136878064438406,-0.0006869826929545297,0.0014599599453292069
gmat_j2,numerical_j2_gmat_r2026a_eop_full,EarthMJ2000Eq,3180.0,2026-03-23T15:38:00Z,-0.00012268264981685206,-0.001303467684010684,-0.00014475563148153014,0.0013172066006029112,0.0012923807579667823,-4.100808581597448e-05,-0.0006775207062048594,0.0014597821734770625
gmat_j2,numerical_j2_gmat_r2026a_eop_full,EarthMJ2000Eq,3240.0,2026-03-23T15:39:00Z,-4.494359018281102e-05,-0.0013029573437961517,-0.00018503214960219339,0.001316797122732751,0.001297221108309543,5.508482558980177e-05,-0.0006645926031723093,0.0014585953071518654
gmat_j2,numerical_j2_gmat_r2026a_eop_full,EarthMJ2000Eq,3300.0,2026-03-23T15:40:00Z,3.289096639491618e-05,-0.0012967811926500872,-0.0002244491952296812,0.0013164728324278575,0.0012964040119189946,0.00015068568615106415,-0.0006488065640297691,0.00145750454395813
gmat_j2,numerical_j2_gmat_r2026a_eop_full,EarthMJ2000Eq,3360.0,2026-03-23T15:41:00Z,0.00011051179171772674,-0.0012848938695242396,-0.00026283487386535853,0.001316148655346141,0.0012898815349160486,0.0002453974801142067,-0.0006302001143154712,0.0014564224941434462
gmat_j2,numerical_j2_gmat_r2026a_eop_full,EarthMJ2000Eq,3420.0,2026-03-23T15:42:00Z,0.00018756600184133276,-0.0012673599485424347,-0.0003000200194946956,0.0013158245537737252,0.0012777066071834042,0.00033880453997880977,-0.0006088713977447924,0.0014553511841964729
gmat_j2,numerical_j2_gmat_r2026a_eop_full,EarthMJ2000Eq,3480.0,2026-03-23T15:43:00Z,0.0002637234501889907,-0.0012442728802852798,-0.0003358468347869348,0.0013155068054667804,0.0012599605803131908,0.0004305125145265265,-0.000584922998925208,0.0014542959134160984
gmat_j2,numerical_j2_gmat_r2026a_eop_full,EarthMJ2000Eq,3540.0,2026-03-23T15:44:00Z,0.0003386521711945534,-0.001215742031490663,-0.0003701607056427747,0.0013151931144093577,0.0012367502577603773,0.0005201279407174297,-0.0005584723794527235,0.001453263800346276
gmat_j2,numerical_j2_gmat_r2026a_eop_full,EarthMJ2000Eq,3600.0,2026-03-23T15:45:00Z,0.00041202656575478613,-0.0011819074643426575,-0.0004028161129099317,0.001314888575498487,0.0012082002065483266,0.0006072644609389499,-0.0005296483251981954,0.001452255216209653
gmat_j2,numerical_j2_gmat_r2026a_eop_full,EarthMJ2000Eq,3660.0,2026-03-23T15:46:00Z,0.0004835628715227358,-0.0011429669939388987,-0.0004336943675298244,0.0013146472547326642,0.0011745036054833236,0.0006916076600305132,-0.0004985958312886396,0.0014513365142807572
gmat_j2,numerical_j2_gmat_r2026a_eop_full,EarthMJ2000Eq,3720.0,2026-03-23T15:47:00Z,0.0005526235327124596,-0.001098598659154959,-0.00046241575546446256,0.001313826515833214,0.0011353038509298585,0.0007723652828417471,-0.00046525849839440525,0.0014498028950183522
gmat_j2,numerical_j2_gmat_r2026a_eop_full,EarthMJ2000Eq,3780.0,2026-03-23T15:48:00Z,0.0006208756531123072,-0.0010520589057705365,-0.0004903704393655062,0.0013163501379352882,0.0010939689154554344,0.0008518981076122145,-0.00043100811808471917,0.001451987042501049
gmat_j2,numerical_j2_gmat_r2026a_eop_full,EarthMJ2000Eq,3840.0,2026-03-23T15:49:00Z,0.00038666803447995335,-0.0005628462531603873,-0.0002897179456340382,0.000741784713786746,0.0005896119148474099,0.0005207629882875153,-0.00022260904231075074,0.0008175518857043152
gmat_j2,numerical_j2_gmat_r2026a_eop_full,EarthMJ2000Eq,3900.0,2026-03-23T15:50:00Z,0.00020329298422439024,-0.00025191275199176744,-0.00014427223504753783,0.00035440450033335624,0.00026645974315897547,0.0002682645217078061,-9.568523751113389e-05,0.0003900286053727691
gmat_j2,numerical_j2_gmat_r2026a_eop_full,EarthMJ2000Eq,3960.0,2026-03-23T15:51:00Z,0.0002485412551322952,-0.0002726264938246459,-0.0001711648565105861,0.000406688294326436,0.00029041302695986815,0.00032584956954906374,-9.898704078636911e-05,0.00044756686924631224
gmat_j2,numerical_j2_gmat_r2026a_eop_full,EarthMJ2000Eq,4020.0,2026-03-23T15:52:00Z,0.0002587667040643282,-0.000244240254687611,-0.00017194201973325107,0.0003951930759668423,0.000262942556616963,0.0003360254297035681,-8.323119971009874e-05,0.0004347175060805749
gmat_j2,numerical_j2_gmat_r2026a_eop_full,EarthMJ2000Eq,4080.0,2026-03-23T15:53:00Z,0.00027469650376588106,-0.0002245669747935608,-0.0001770979451976018,0.0003965503467938759,0.0002445963431796372,0.0003539470938562772,-7.097655796428626e-05,0.0004360545701246724
gmat_j2,numerical_j2_gmat_r2026a_eop_full,EarthMJ2000Eq,4140.0,2026-03-23T15:54:00Z,0.00028876365831820294,-0.000202857336262241,-0.00018096864096150966,0.0003965919795610844,0.0002241256069623887,0.00036939740155617073,-5.801359392876293e-05,0.0004359498882362988
gmat_j2,numerical_j2_gmat_r2026a_eop_full,EarthMJ2000Eq,4200.0,2026-03-23T15:55:00Z,0.0003015720722032711,-0.00018027185433311388,-0.0001840544427977875,0.0003966354675407614,0.00020270629619290048,0.000383252096725073,-4.481437443359937e-05,0.00043586734256684505
gmat_j2,numerical_j2_gmat_r2026a_eop_full,EarthMJ2000Eq,4260.0,2026-03-23T15:56:00Z,0.0003130708137177862,-0.00015690147847635671,-0.00018634193565958412,0.00039667962556116243,0.00018042811689156224,0.00039545433594412316,-3.143219018397758e-05,0.00043580548385926076
gmat_j2,numerical_j2_gmat_r2026a_eop_full,EarthMJ2000Eq,4320.0,2026-03-23T15:57:00Z,0.00032320849641109817,-0.00013285352906677872,-0.00018782233723868558,0.00039672537441361476,0.0001573834396140228,0.00040595793393549684,-1.7917667349820476e-05,0.0004357664902137116
gmat_j2,numerical_j2_gmat_r2026a_eop_full,EarthMJ2000Eq,4380.0,2026-03-23T15:58:00Z,0.0003319428287795745,-0.00010822259355336428,-0.0001884893379155983,0.0003967699608607778,0.00013366197038067185,0.0004147140408861105,-4.331646152877511e-06,0.0004357430678651399
gmat_j2,numerical_j2_gmat_r2026a_eop_full,EarthMJ2000Eq,4440.0,2026-03-23T15:59:00Z,0.0003392365215404425,-8.312144927913323e-05,-0.00018834049342331127,0.00039681574356375903,0.00010937384331555222,0.0004216904603282501,9.272138612459457e-06,0.00043574241759084583
gmat_j2,numerical_j2_gmat_r2026a_eop_full,EarthMJ2000Eq,4500.0,2026-03-23T16:00:00Z,0.0003454738362052012,-5.7554643717594445e-05,-0.00018757503994493163,0.000397302283061827,8.458922451382023e-05,0.0004273188469738898,2.2930102261398133e-05,0.00043621385061992505
gmat_j2,numerical_j2_gmat_r2026a_eop_full,EarthMJ2000Eq,4560.0,2026-03-23T16:01:00Z,0.00034599258924572496,-3.208151611033827e-05,-0.00018386367628409062,0.0003931233228207145,5.944844616578848e-05,0.00042594316962407675,3.567768303014418e-05,0.0004315490685511106
gmat_j2,numerical_j2_gmat_r2026a_eop_full,EarthMJ2000Eq,4620.0,2026-03-23T16:02:00Z,0.0003650453663794906,-4.82032191939652e-06,-0.00018948139768326655,0.00041132050166086705,3.409805771070751e-05,0.000447178197249265,5.222089427547871e-05,0.0004515064112874545
gmat_j2,numerical_j2_gmat_r2026a_eop_full,EarthMJ2000Eq,4680.0,2026-03-23T16:03:00Z,0.00031128246291700634,1.6819285519886762e-05,-0.00015823343346710317,0.0003495961663861105,8.480327551296796e-06,0.0003794612402074904,5.448175244282538e-05,0.00038344622846551155
gmat_j2,numerical_j2_gmat_r2026a_eop_full,EarthMJ2000Eq,4740.0,2026-03-23T16:04:00Z,0.00022082633677200647,3.0128830985631794e-05,-0.00010930489224847406,0.00024823290865265006,-1.247801861836706e-05,0.00026770585748181475,4.7135184644275796e-05,0.00027211000112117156
gmat_j2,numerical_j2_gmat_r2026a_eop_full,EarthMJ2000Eq,4800.0,2026-03-23T16:05:00Z,0.0002424751528451452,4.8351466830354184e-05,-0.00011775159691751469,0.0002738567192320616,-2.8983926370074187e-05,0.00029307867244199315,5.9680260733330215e-05,0.00030049444212728005
gmat_j2,numerical_j2_gmat_r2026a_eop_full,EarthMJ2000Eq,4860.0,2026-03-23T16:06:00Z,0.00023508073354605585,6.519439921248704e-05,-0.00011135966815345455,0.00026816829914155836,-4.646683038345145e-05,0.0002828592915449235,6.699085730588195e-05,0.00029437445558634585
gmat_j2,numerical_j2_gmat_r2026a_eop_full,EarthMJ2000Eq,4920.0,2026-03-23T16:07:00Z,0.00023236066226672847,8.201095624826849e-05,-0.00010740177458501421,0.00026879809429718486,-6.353495507482876e-05,0.0002783475672174518,7.502887200416808e-05,0.0002952005933707658
gmat_j2,numerical_j2_gmat_r2026a_eop_full,EarthMJ2000Eq,4980.0,2026-03-23T16:08:00Z,0.00022804329091741238,9.8522832558956e-05,-0.000102670355772716,0.00026879675039401,-8.033484988345663e-05,0.00027187319062704773,8.26214652249746e-05,0.00029528803972299697
gmat_j2,numerical_j2_gmat_r2026a_eop_full,EarthMJ2000Eq,5040.0,2026-03-23T16:09:00Z,0.00022272752175922506,0.00011460997484391555,-9.749510354595259e-05,0.00026879042114287674,-9.679634871417875e-05,0.0002641971086347894,8.985789889948137e-05,0.00029537110104072304
gmat_j2,numerical_j2_gmat_r2026a_eop_full,EarthMJ2000Eq,5100.0,2026-03-23T16:10:00Z,0.00021643745640176348,0.00013019962352700531,-9.189534466713667e-05,0.00026877847546210063,-0.00011283951550922211,0.00025534729886089735,9.670353406932009e-05,0.00029544301108235503
gmat_j2,numerical_j2_gmat_r2026a_eop_full,EarthMJ2000Eq,5160.0,2026-03-23T16:11:00Z,0.0002091969690809492,0.00014522811397910118,-8.589677236159332e-05,0.00026876166479749636,-0.0001284004014223683,0.0002453646175126778,0.00010313083720348004,0.00029551045361350366
gmat_j2,numerical_j2_gmat_r2026a_eop_full,EarthMJ2000Eq,5220.0,2026-03-23T16:12:00Z,0.00020104153009015135,0.00015962177712935954,-7.952712621772662e-05,0.00026874034375094183,-0.00014339818221742462,0.00023428725626217783,0.00010910339298675353,0.0002955623580081589
gmat_j2,numerical_j2_gmat_r2026a_eop_full,EarthMJ2000Eq,5280.0,2026-03-23T16:13:00Z,0.00019394701666897163,0.00017598358681425452,-7.338439900195226e-05,0.0002719759881307215,-0.00016007906111781267,0.00022444357483664135,0.00011620038264936738,0.00029917010716592465
gmat_j2,numerical_j2_gmat_r2026a_eop_full,EarthMJ2000Eq,5340.0,2026-03-23T16:14:00Z,0.00016663261703797616,0.00016594003682257608,-6.105210559326224e-05,0.00024296066446849695,-0.00015221157667610896,0.00019178347798742834,0.00010686052043240579,0.00026714871762796474
gmat_j2,numerical_j2_gmat_r2026a_eop_full,EarthMJ2000Eq,5400.0,2026-03-23T16:15:00Z,0.00023446227714885026,0.0002817196218529716,-7.756989361951128e-05,0.00037464061864531974,-0.0002610454075124835,0.0002667697174274508,0.00017570789268006592,0.0004125336961628106
gmat_j2,numerical_j2_gmat_r2026a_eop_full,EarthMJ2000Eq,5460.0,2026-03-23T16:16:00Z,-0.00010741678124759346,-0.00014579927665181458,2.9926468414487317e-05,0.00018355213830829924,0.0001347943978657895,-0.00012041301289400508,-9.289879976392967e-05,0.00020322157948355604
gmat_j2,numerical_j2_gmat_r2026a_eop_full,EarthMJ2000Eq,5520.0,2026-03-23T16:17:00Z,-0.00016664944268995896,-0.00022838094082544558,4.700268618762493e-05,0.0002865992731847761,0.00021157564589202593,-0.0001872431099059213,-0.00014360779232447385,0.0003169344319542736
gmat_j2,numerical_j2_gmat_r2026a_eop_full,EarthMJ2000Eq,5580.0,2026-03-23T16:18:00Z,-0.00038237158150877804,-0.0006832865437900182,8.452843758277595e-05,0.0007875490994409287,0.0006453202416878412,-0.00041880987566855765,-0.00040663550304742557,0.0008701680059782704
gmat_j2,numerical_j2_gmat_r2026a_eop_full,EarthMJ2000Eq,5640.0,2026-03-23T16:19:00Z,0.0012300861271796748,0.0024595965442131273,-0.00023957863959367387,0.0027604573833215768,-0.002340637017539393,0.00133042465932931,0.0014298714434701765,0.003048465805430447
gmat_j2,numerical_j2_gmat_r2026a_eop_full,EarthMJ2000Eq,5700.0,2026-03-23T16:20:00Z,3.337299858685583e-05,1.8947503122035414e-05,-1.7010279407259077e-05,4.1977547745799125e-05,-1.6624479570737094e-05,3.980549223570051e-05,1.2237655333535713e-05,4.4839834312658696e-05
gmat_j2,numerical_j2_gmat_r2026a_eop_full,EarthMJ2000Eq,5760.0,2026-03-23T16:21:00Z,-0.0003561781340977177,-0.0009501309250481427,2.6800080377142876e-05,0.0010150516648182951,0.0009143690249402425,-0.0003675504345324043,-0.0005376706302406831,0.0011226102361543574
gmat_j2,numerical_j2_gmat_r2026a_eop_full,EarthMJ2000Eq,5820.0,2026-03-23T16:22:00Z,0.0008117822289932519,0.0027102933017886244,1.811076799640432e-05,0.0028293123137870368,-0.002630188511432152,0.0007990950123826224,0.0014939170699113102,0.0031286151339301642
gmat_j2,numerical_j2_gmat_r2026a_eop_full,EarthMJ2000Eq,5880.0,2026-03-23T16:23:00Z,2.113938535330817e-05,-2.7824398785014637e-05,-1.8781065591610968e-05,3.9671138194152905e-05,2.9551028291052717e-05,2.8492763703980017e-05,-1.3116896457887606e-05,4.309470767085424e-05
gmat_j2,numerical_j2_gmat_r2026a_eop_full,EarthMJ2000Eq,5940.0,2026-03-23T16:24:00Z,-0.00015521800378337502,-0.000744463363844261,-4.4411990529624745e-05,0.0007617681758301615,0.0007288309955555405,-0.0001354738543568601,-0.00040286995961480443,0.0008437132152910835
gmat_j2,numerical_j2_gmat_r2026a_eop_full,EarthMJ2000Eq,6000.0,2026-03-23T16:25:00Z,-6.470781954703853e-05,-0.0005118224635225488,-5.3535586630459875e-05,0.0005186669404470372,0.0005054336948973059,-4.1094239122685394e-05,-0.00027119695378274855,0.0005750649912554735
gmat_j2,numerical_j2_gmat_r2026a_eop_full,EarthMJ2000Eq,6060.0,2026-03-23T16:26:00Z,-3.8883626984898e-05,-0.0008679937621991485,-0.00012524697012850083,0.0008778450382558998,0.0008642503934730428,1.758593271006248e-05,-0.00044767323181815755,0.0009734728194120809
gmat_j2,numerical_j2_gmat_r2026a_eop_full,EarthMJ2000Eq,6120.0,2026-03-23T16:27:00Z,-2.0610059436876327e-05,0.002845784536020801,0.0004718922355095856,0.0028847177820264065,-0.0028464126750060714,-0.0002361097983794025,0.0014379428758815038,0.00319773242589563
gmat_j2,numerical_j2_gmat_r2026a_eop_full,EarthMJ2000Eq,6180.0,2026-03-23T16:28:00Z,4.975026968168095e-05,-0.0002826545824063942,-7.581957106594928e-05,0.00029684559899947584,0.00028800717366550543,8.426948028272818e-05,-0.00013697931677825181,0.0003298678684184781
gmat_j2,numerical_j2_gmat_r2026a_eop_full,EarthMJ2000Eq,6240.0,2026-03-23T16:29:00Z,-0.00018842001736629754,0.0016881153896974865,0.0003697482497955207,0.0017383755175751478,-0.001706137786605666,-0.00035700331579846534,0.0008265468309787138,0.0019291286059191944
gmat_j2,numerical_j2_gmat_r2026a_eop_full,EarthMJ2000Eq,6300.0,2026-03-23T16:30:00Z,-0.00029788498068228364,0.0015879600141488481,0.0004101657395949587,0.0016669098362506517,-0.0016166126215466647,-0.00048539128272295784,0.0007592650952403801,0.001850817265517534
gmat_j2,numerical_j2_gmat_r2026a_eop_full,EarthMJ2000Eq,6360.0,2026-03-23T16:31:00Z,-0.00029983038984937593,0.0012814043657272123,0.00036105757317272946,0.0013646457351002745,-0.001310153985301099,-0.00046501025252609907,0.0006037410571479995,0.0015156652876677367
gmat_j2,numerical_j2_gmat_r2026a_eop_full,EarthMJ2000Eq,6420.0,2026-03-23T16:32:00Z,0.000537806045031175,-0.0017664169718045741,-0.0005717561180063058,0.0019329690423876313,0.0018194965534235052,0.0008014913177589733,-0.0008135074835990963,0.0021481970268657307
gmat_j2,numerical_j2_gmat_r2026a_eop_full,EarthMJ2000Eq,6480.0,2026-03-23T16:33:00Z,-0.0005950205377303064,0.001561113094794564,0.000559967702429276,0.0017620123049581255,-0.0016184231732552234,-0.0008527738515340388,0.0007007825431060155,0.0019589826396147164
gmat_j2,numerical_j2_gmat_r2026a_eop_full,EarthMJ2000Eq,6540.0,2026-03-23T16:34:00Z,-0.0006372474672389217,0.0013620033314509783,0.0005493602657224983,0.00160091664709337,-0.0014232242051548383,-0.0008908251913908316,0.0005934492897097243,0.001780819676219945
gmat_j2,numerical_j2_gmat_r2026a_eop_full,EarthMJ2000Eq,6600.0,2026-03-23T16:35:00Z,-0.0007299286153283902,0.001328748112428002,0.0005920555850025266,0.0016275432852888687,-0.0013986993785408686,-0.0010039711284548503,0.0005624292143124876,0.0018112549791273673
gmat_j2,numerical_j2_gmat_r2026a_eop_full,EarthMJ2000Eq,6660.0,2026-03-23T16:36:00Z,-0.0008126498869387433,0.001264571437786799,0.0006245400072657503,0.0016277564254774815,-0.0013421650457701162,-0.0011025527157926263,0.0005171738592935071,0.0018123184879941313
gmat_j2,numerical_j2_gmat_r2026a_eop_full,EarthMJ2000Eq,6720.0,2026-03-23T16:37:00Z,-0.0008787001206655987,0.0011846477718790993,0.0006458149073296227,0.0016101494154285873,-0.00126819710288828,-0.0011792780085784216,0.00046644821338759357,0.0017934866737902995
gmat_j2,numerical_j2_gmat_r2026a_eop_full,EarthMJ2000Eq,6780.0,2026-03-23T16:38:00Z,-0.0010166204447159544,0.0011657784853014164,0.0007143628408812219,0.0017037813456655814,-0.001261846627187424,-0.0013501777473834409,0.00043535441918152173,0.001898623272367265
gmat_j2,numerical_j2_gmat_r2026a_eop_full,EarthMJ2000Eq,6840.0,2026-03-23T16:39:00Z,-0.000853725396154914,0.0008811957741272636,0.0005834294825035613,0.001358581247270102,-0.0009615712670552057,-0.0011265433030871463,0.0003164357664786621,0.0015145463709188933
gmat_j2,numerical_j2_gmat_r2026a_eop_full,EarthMJ2000Eq,6900.0,2026-03-23T16:40:00Z,0.001295888523600297,-0.0011467855074442923,-0.0008631523087387905,0.0019337724720773965,0.001267569160745552,0.0017026389187435598,-0.0003761049249817461,0.0021557285959714284
gmat_j2,numerical_j2_gmat_r2026a_eop_full,EarthMJ2000Eq,6960.0,2026-03-23T16:41:00Z,-0.0012640257409657352,0.0009525820132694207,0.0008081634632617352,0.0017771611489056363,-0.0010696963315126595,-0.0016443708616975528,0.00028797009221648295,0.001982708386642565
gmat_j2,numerical_j2_gmat_r2026a_eop_full,EarthMJ2000Eq,7020.0,2026-03-23T16:42:00Z,-0.001164446075563319,0.0007400458343909122,0.0007218845894385595,0.0015571512002252811,-0.0008469349666029302,-0.0015050853896525496,0.00019538504147931235,0.001738032273070367
gmat_j2,numerical_j2_gmat_r2026a_eop_full,EarthMJ2000Eq,7080.0,2026-03-23T16:43:00Z,-0.0006297500476648565,0.0003342302079545334,0.0003783526381084812,0.0008071218453287378,-0.0003929336855890142,-0.0008068377077563582,7.460787543323022e-05,0.0009005277913561365
gmat_j2,numerical_j2_gmat_r2026a_eop_full,EarthMJ2000Eq,7140.0,2026-03-23T16:44:00Z,-0.0007383428055618424,0.00033213837014045566,0.0004345011461737158,0.0009188347193433451,-0.0004007976173170391,-0.0009422085334165331,5.674083425333265e-05,0.0010254828973521276
gmat_j2,numerical_j2_gmat_r2026a_eop_full,EarthMJ2000Eq,7200.0,2026-03-23T16:45:00Z,-0.0007416992957587354,0.00026496127247810364,0.0004254395378211484,0.0008951654157660987,-0.00033382008268745267,-0.0009418408275507772,2.2282176104226892e-05,0.0009994981177665772
gmat_j2,numerical_j2_gmat_r2026a_eop_full,EarthMJ2000Eq,7260.0,2026-03-23T16:46:00Z,-0.0007619360076205339,0.00020921925170114264,0.0004270147542229097,0.0008981429592860796,-0.00027967406168727393,-0.0009635083841885717,-9.15312270421964e-06,0.0010033193742959255
gmat_j2,numerical_j2_gmat_r2026a_eop_full,EarthMJ2000Eq,7320.0,2026-03-23T16:47:00Z,-0.0007769983767502708,0.000150932464748621,0.0004255011276654841,0.0008986424739751889,-0.00022218671347218333,-0.0009786704779912725,-4.126921027136632e-05,0.0010044232115257283
gmat_j2,numerical_j2_gmat_r2026a_eop_full,EarthMJ2000Eq,7380.0,2026-03-23T16:48:00Z,-0.0007885739705670858,9.186896932078525e-05,0.0004220619302941486,0.0008991246229436858,-0.00016346302089687015,-0.0009893739161270787,-7.331335538651729e-05,0.0010054629546588935
gmat_j2,numerical_j2_gmat_r2026a_eop_full,EarthMJ2000Eq,7440.0,2026-03-23T16:49:00Z,-0.0007965950317156967,3.2298885344062e-05,0.0004167065981164342,0.0008995839324167434,-0.00010378187198512023,-0.0009955303525988057,-0.00010512035686360832,0.0010064301512401994
gmat_j2,numerical_j2_gmat_r2026a_eop_full,EarthMJ2000Eq,7500.0,2026-03-23T16:50:00Z,-0.0008010143517367396,-2.7504029276315123e-05,0.00040945383261714596,0.0009000182800140958,-4.3435477437014924e-05,-0.0009970682057769409,-0.00013654055663891995,0.0010073107620187007
gmat_j2,numerical_j2_gmat_r2026a_eop_full,EarthMJ2000Eq,7560.0,2026-03-23T16:51:00Z,-0.0008017998140985583,-8.725783118279651e-05,0.0004003306912636617,0.0009004229746951424,1.7281287512105337e-05,-0.0009939470357878122,-0.00016740431263428945,0.0010080940217747616
gmat_j2,numerical_j2_gmat_r2026a_eop_full,EarthMJ2000Eq,7620.0,2026-03-23T16:52:00Z,-0.0007989386858753278,-0.00014668421499663964,0.000389376964449184,0.0009007961496149044,7.806821855638191e-05,-0.000986135839653457,-0.00019757084857019436,0.0010087580389778028
gmat_j2,numerical_j2_gmat_r2026a_eop_full,EarthMJ2000Eq,7680.0,2026-03-23T16:53:00Z,-0.0007878464884925052,-0.00020341121853562072,0.00037460245039255824,0.0008957707346727879,0.00013706458190654303,-0.000967864233203386,-0.0002251385744500567,0.0010031127809139895
gmat_j2,numerical_j2_gmat_r2026a_eop_full,EarthMJ2000Eq,7740.0,2026-03-23T16:54:00Z,-0.0008241975137934787,-0.0002873202902264893,0.00037993345358700026,0.0009519474355623481,0.00021963764140764397,-0.0010058687216485396,-0.00027424551518606677,0.0010654685266649837
gmat_j2,numerical_j2_gmat_r2026a_eop_full,EarthMJ2000Eq,7800.0,2026-03-23T16:55:00Z,-0.0005794206572318217,-0.00021620053303195164,0.00026511702344578225,0.0006728729483572717,0.00016859846851957627,-0.0007075691144109442,-0.0001986020237154662,0.0007540041505716748
gmat_j2,numerical_j2_gmat_r2026a_eop_full,EarthMJ2000Eq,7860.0,2026-03-23T16:56:00Z,-0.0013273315744299907,-0.0006985819709370844,0.0005735287231800612,0.0016058521335757198,0.0005952944803766513,-0.0015941394870822023,-0.0005662568192121853,0.0017934054220799924
gmat_j2,numerical_j2_gmat_r2026a_eop_full,EarthMJ2000Eq,7920.0,2026-03-23T16:57:00Z,-0.0002984952516271733,-9.607629181118682e-05,0.00013997851056046784,0.00034340071710886805,7.099298926505071e-05,-0.00037009106890195653,-9.239942144745328e-05,0.0003880013619687493
gmat_j2,numerical_j2_gmat_r2026a_eop_full,EarthMJ2000Eq,7980.0,2026-03-23T16:58:00Z,0.0005579963726631831,0.0003079221642110497,-0.00023700204110355116,0.0006799602772257626,-0.0002664792830842089,0.0006587663747836814,0.00025236390754912463,0.000754103366052805
gmat_j2,numerical_j2_gmat_r2026a_eop_full,EarthMJ2000Eq,8040.0,2026-03-23T16:59:00Z,-0.0007676267159695271,-0.0005583860911428928,0.0003075074346270412,0.000997800894068002,0.0005005249548162283,-0.000913123798795823,-0.0004048503754461308,0.0011172395127366265
gmat_j2,numerical_j2_gmat_r2026a_eop_full,EarthMJ2000Eq,8100.0,2026-03-23T17:00:00Z,-0.00046205013859434985,-0.0004205512595945038,0.00017217371350852773,0.0006480721257274519,0.00038685143977090775,-0.0005454499074630803,-0.0002852909020134575,0.000727021689343557
gmat_j2,numerical_j2_gmat_r2026a_eop_full,EarthMJ2000Eq,8160.0,2026-03-23T17:01:00Z,-0.00048203628466580994,-0.00048369201977038756,0.00017242427929886617,0.0007043060995161892,0.00044934456155942826,-0.0005642819544959821,-0.00032090263779593897,0.0007894955111444473
gmat_j2,numerical_j2_gmat_r2026a_eop_full,EarthMJ2000Eq,8220.0,2026-03-23T17:02:00Z,-0.00045015985961072147,-0.000513629856868647,0.000151264885062119,0.0006995288375217331,0.0004823990096269881,-0.0005214904064132497,-0.0003310980378756767,0.0007837646069804877
gmat_j2,numerical_j2_gmat_r2026a_eop_full,EarthMJ2000Eq,8280.0,2026-03-23T17:03:00Z,-0.0004202156560495496,-0.0005437150321085937,0.00013107455743011087,0.0006995625585574901,0.0005152802629027065,-0.0004810267739685514,-0.0003416211757922838,0.0007833297736977553
gmat_j2,numerical_j2_gmat_r2026a_eop_full,EarthMJ2000Eq,8340.0,2026-03-23T17:04:00Z,-0.00038837788451928645,-0.0005713059181289282,0.00011030169844161719,0.0006995672218964516,0.0005456444185369946,-0.0004384137497481788,-0.00035050473634612445,0.0007828077782252166
gmat_j2,numerical_j2_gmat_r2026a_eop_full,EarthMJ2000Eq,8400.0,2026-03-23T17:05:00Z,-0.00035041466617258266,-0.0005851052264915779,8.862298273015767e-05,0.0006877445727918128,0.0005622107224212414,-0.0003893703137691773,-0.0003512091728552491,0.0007687899718049071
gmat_j2,numerical_j2_gmat_r2026a_eop_full,EarthMJ2000Eq,8460.0,2026-03-23T17:06:00Z,-0.00035593075153883547,-0.0007197945706138853,6.948403097339906e-05,0.0008059894256977197,0.0006963647436464271,-0.00038320102646594023,-0.0004200344516647192,0.0008989971209428792
gmat_j2,numerical_j2_gmat_r2026a_eop_full,EarthMJ2000Eq,8520.0,2026-03-23T17:07:00Z,-0.00011950396583415568,-0.0001903704287542496,3.4676304494496435e-05,0.0002274303060006799,0.00018314727512347417,-0.000138320466191999,-0.00011359185814185935,0.00025608316225172984
gmat_j2,numerical_j2_gmat_r2026a_eop_full,EarthMJ2000Eq,8580.0,2026-03-23T17:08:00Z,-0.0008926735972636379,-0.0024279047465824988,6.588379619643092e-05,0.0025876491810774283,0.002365045492780382,-0.0008908864757017909,-0.001370155100488546,0.002874794583079622
gmat_j2,numerical_j2_gmat_r2026a_eop_full,EarthMJ2000Eq,8640.0,2026-03-23T17:09:00Z,-1.2755663192365319e-05,2.198635229433421e-05,1.4901161193847656e-05,2.9464406249111314e-05,-2.2648105613143343e-05,-2.532996035142787e-05,1.1241622216440206e-05,3.5789909881503826e-05
gmat_j2,numerical_j2_gmat_r2026a_eop_full,EarthMJ2000Eq,8700.0,2026-03-23T17:10:00Z,0.000511775397171732,0.0020324907836766215,7.55667315388564e-05,0.0020972942506468084,-0.001995898557538567,0.000439879244140684,0.0011114337228335103,0.002326454324000767
gmat_j2,numerical_j2_gmat_r2026a_eop_full,EarthMJ2000Eq,8760.0,2026-03-23T17:11:00Z,-0.00022990479919826612,-0.0013199959312260034,-9.401355782756582e-05,0.0013431619501024425,0.0013040575286282774,-0.00017074608393841118,-0.0007015443781455133,0.0014905987983558717
gmat_j2,numerical_j2_gmat_r2026a_eop_full,EarthMJ2000Eq,8820.0,2026-03-23T17:12:00Z,-0.0002515516825951636,-0.0019106188915429811,-0.0001802945917006582,0.0019355229106197362,0.0018929038336779058,-0.0001433013707696773,-0.001002736560451467,0.0021468816492957923
gmat_j2,numerical_j2_gmat_r2026a_eop_full,EarthMJ2000Eq,8880.0,2026-03-23T17:13:00Z,-0.00011150223144795746,-0.0017020272267131986,-0.0002182810021622572,0.0017195860036636303,0.0016939295521822828,1.0805578654071724e-05,-0.0008743511470399312,0.0019063063805738471
gmat_j2,numerical_j2_gmat_r2026a_eop_full,EarthMJ2000Eq,8940.0,2026-03-23T17:14:00Z,4.951289156451821e-06,-0.002029883091836382,-0.0003327645572426263,0.0020569837462518807,0.002029464804542691,0.000184448012419125,-0.0010199474598238112,0.0022788245397493668
gmat_j2,numerical_j2_gmat_r2026a_eop_full,EarthMJ2000Eq,9000.0,2026-03-23T17:15:00Z,-0.00010746043699327856,0.001562557940815168,0.0003197869773430284,0.001598561470448201,-0.0015685717169588997,-0.00028177016275776623,0.000768464847311634,0.0017692794797367717
gmat_j2,numerical_j2_gmat_r2026a_eop_full,EarthMJ2000Eq,9060.0,2026-03-23T17:16:00Z,0.00015660680219298229,-0.001134019612436532,-0.0002630449671414681,0.0011746143310134905,0.001144386585494317,0.00028961277820371834,-0.00054422177875324,0.0012998744411779001
gmat_j2,numerical_j2_gmat_r2026a_eop_full,EarthMJ2000Eq,9120.0,2026-03-23T17:17:00Z,0.0003769173417822458,-0.002109255319737713,-0.0005385104486776982,0.0022093026478310056,0.0021341821643261483,0.0006496563287328172,-0.0009982326076851677,0.002444024385114922
gmat_j2,numerical_j2_gmat_r2026a_eop_full,EarthMJ2000Eq,9180.0,2026-03-23T17:18:00Z,-0.0003914974513463676,0.0015270265976141673,0.00046136847231537104,0.0016425411262669866,-0.0015531200769913767,-0.0006271729802165282,0.0007018545744585936,0.0018160748234463896
gmat_j2,numerical_j2_gmat_r2026a_eop_full,EarthMJ2000Eq,9240.0,2026-03-23T17:19:00Z,0.00039198312151711434,-0.0011442220966273453,-0.0003866462066071108,0.0012697993003023143,0.001170894936564082,0.0005796261248747214,-0.0005110418754838975,0.001402898854375037
gmat_j2,numerical_j2_gmat_r2026a_eop_full,EarthMJ2000Eq,9300.0,2026-03-23T17:20:00Z,0.0005790880095446482,-0.00157984550241963,-0.0005557080839935225,0.0017720231964987556,0.0016193344443138358,0.0008491651826147972,-0.0006992895151824996,0.001957634127192974
gmat_j2,numerical_j2_gmat_r2026a_eop_full,EarthMJ2000Eq,9360.0,2026-03-23T17:21:00Z,0.001140129825216718,-0.002466133992129471,-0.000993170942820143,0.0028927670848423654,0.0025449904406116275,0.0016180914386154654,-0.0010520486704024279,0.003194057396387978
gmat_j2,numerical_j2_gmat_r2026a_eop_full,EarthMJ2000Eq,9420.0,2026-03-23T17:22:00Z,-0.00029451530281221494,0.0006265213414735626,0.00026202451408607885,0.0007402196301736728,-0.0006471085889359074,-0.0004248441598520003,0.0002637987606135539,0.0008178214182425282
gmat_j2,numerical_j2_gmat_r2026a_eop_full,EarthMJ2000Eq,9480.0,2026-03-23T17:23:00Z,0.0013021845006733201,-0.0020985007722629234,-0.0010164565082959598,0.002670687888585846,0.0021901809255098215,0.001782978209519115,-0.0008413829633013847,0.002946833736915075
gmat_j2,numerical_j2_gmat_r2026a_eop_full,EarthMJ2000Eq,9540.0,2026-03-23T17:24:00Z,-0.0006637928890995681,0.0009099694580072537,0.000500074065712397,0.0012323714883602645,-0.0009578382531572061,-0.0009024203606600167,0.0003446620766567321,0.0013603707485940492
gmat_j2,numerical_j2_gmat_r2026a_eop_full,EarthMJ2000Eq,9600.0,2026-03-23T17:25:00Z,-0.0002069564288831316,0.0002786255208775401,0.00015872547010076232,0.00038165025769550744,-0.00029391600264716544,-0.0002843911772743013,0.00010258904836746296,0.00042165088778335717
gmat_j2,numerical_j2_gmat_r2026a_eop_full,EarthMJ2000Eq,9660.0,2026-03-23T17:26:00Z,0.0016222074918914586,-0.0016811663954285905,-0.0011135573458886938,0.002588027735255132,0.001798995619139987,0.002136202326141756,-0.0005808953318364729,0.0028525751528132824
gmat_j2,numerical_j2_gmat_r2026a_eop_full,EarthMJ2000Eq,9720.0,2026-03-23T17:27:00Z,-0.000819444267108338,0.0007257567631313577,0.0005496799531101715,0.001224891765413919,-0.0007871108209656086,-0.0010747056577997682,0.00022606405636338422,0.0013511627041061542
gmat_j2,numerical_j2_gmat_r2026a_eop_full,EarthMJ2000Eq,9780.0,2026-03-23T17:28:00Z,-0.00023040774976834655,0.000211048245546408,0.00015910075035208138,0.0003506310623206752,-0.00022884272254941607,-0.000305841574288479,6.396883023285227e-05,0.0003872984268860948
gmat_j2,numerical_j2_gmat_r2026a_eop_full,EarthMJ2000Eq,9840.0,2026-03-23T17:29:00Z,0.0017854695215646643,-0.0012098080333089456,-0.0011206321914869477,0.0024305047620796897,0.0013435670354056128,0.002292910750156807,-0.00031966695956953117,0.002676714226781355
gmat_j2,numerical_j2_gmat_r2026a_eop_full,EarthMJ2000Eq,9900.0,2026-03-23T17:30:00Z,-0.00047012281356728636,0.0003079776433878578,0.0002987935658893548,0.0006365086674037018,-0.0003446043450594516,-0.0006074896141683439,7.30144833482882e-05,0.0007022299486171708
gmat_j2,numerical_j2_gmat_r2026a_eop_full,EarthMJ2000Eq,9960.0,2026-03-23T17:31:00Z,0.0020950114958395716,-0.0009832783689489588,-0.001243861959210335,0.002627375514104038,0.0011442375935644122,0.002651707298184647,-0.0001571796026667016,0.002892323753189857
gmat_j2,numerical_j2_gmat_r2026a_eop_full,EarthMJ2000Eq,10020.0,2026-03-23T17:32:00Z,-0.0010171597750741057,0.0003733784978976473,0.0005922565122773449,0.0012348252050618474,-0.000454531523530477,-0.0012827050532848716,1.687183726062358e-05,0.0013609613581942843
gmat_j2,numerical_j2_gmat_r2026a_eop_full,EarthMJ2000Eq,10080.0,2026-03-23T17:33:00Z,-0.00024073187887552194,0.00010337771527701989,0.00014514714052893396,0.00029951040370338003,-0.0001234505830893795,-0.00030684965679483867,7.30393523440398e-06,0.0003308324437084828
gmat_j2,numerical_j2_gmat_r2026a_eop_full,EarthMJ2000Eq,10140.0,2026-03-23T17:34:00Z,0.0019713536403287435,-0.0004533030733000487,-0.0010927957987405534,0.0022991132006157638,0.0006097451432651724,0.0024535415921178583,8.634648551719692e-05,0.002529646457422237
gmat_j2,numerical_j2_gmat_r2026a_eop_full,EarthMJ2000Eq,10200.0,2026-03-23T17:35:00Z,-0.00035536004361347295,8.420374797424302e-05,0.0002005905344049097,0.0004166624464272326,-0.0001141415850725025,-0.00044502113105693297,-2.1037838138227016e-05,0.0004599072723534446
gmat_j2,numerical_j2_gmat_r2026a_eop_full,EarthMJ2000Eq,10260.0,2026-03-23T17:36:00Z,0.0022316285139822867,-0.00019511571736074984,-0.0011853081787194242,0.0025344015952723726,0.0003759890176979752,0.002751079586360561,0.0002568265600189079,0.002788506143771325
gmat_j2,numerical_j2_gmat_r2026a_eop_full,EarthMJ2000Eq,10320.0,2026-03-23T17:37:00Z,-0.0014012639439897612,-1.335229171672836e-05,0.0007249508371387492,0.001577742894355098,-0.00010555734064610078,-0.0017180233624625174,-0.00023805579729696547,0.0017376470265154501
gmat_j2,numerical_j2_gmat_r2026a_eop_full,EarthMJ2000Eq,10380.0,2026-03-23T17:38:00Z,0.0008175684627076407,0.0001219759724335745,-0.0004013813850178849,0.0009189142208629305,-5.4847681951741833e-05,0.0009915469556531775,0.00018679280344713334,0.0010104777013374433
gmat_j2,numerical_j2_gmat_r2026a_eop_full,EarthMJ2000Eq,10440.0,2026-03-23T17:39:00Z,0.0018689168541641266,0.0002622509782668203,-0.0009226141628460027,0.0021006767187896074,-0.00010605827327481165,0.0022691957202169988,0.00042602277261494237,0.002311275184128385
gmat_j2,numerical_j2_gmat_r2026a_eop_full,EarthMJ2000Eq,10500.0,2026-03-23T17:40:00Z,-0.0013083057410767651,-0.0003173845470882952,0.0006249249508982757,0.0014842264170671798,0.00020153656521415542,-0.0015782841700229255,-0.00037474290337513594,0.001634634562247263
gmat_j2,numerical_j2_gmat_r2026a_eop_full,EarthMJ2000Eq,10560.0,2026-03-23T17:41:00Z,0.0008581746442359872,0.0003365958036738448,-0.00038788357414887287,0.0010001070553470306,-0.0002638183005387873,0.001025140416999193,0.00030031976905320334,0.0011003203778666567
gmat_j2,numerical_j2_gmat_r2026a_eop_full,EarthMJ2000Eq,10620.0,2026-03-23T17:42:00Z,0.0014570498478860827,0.00046962304622866213,-0.0006761526947229868,0.0016735359366787143,-0.0003452838015505222,0.0017484631520403582,0.000463008298368095,0.0018413910453822142
gmat_j2,numerical_j2_gmat_r2026a_eop_full,EarthMJ2000Eq,10680.0,2026-03-23T17:43:00Z,0.00030927731131669134,0.0002531605787225999,-0.00011854217518703081,0.00041688725239867434,-0.00022753265938035838,0.0003597988573744715,0.00017046941636067459,0.00045856967929315003
gmat_j2,numerical_j2_gmat_r2026a_eop_full,EarthMJ2000Eq,10740.0,2026-03-23T17:44:00Z,0.0018163145796279423,0.0009454815881326795,-0.0007835974429326598,0.00219247783072886,-0.0007857270389877158,0.0021523294257974612,0.0007587028783007099,0.0024136111937285622
gmat_j2,numerical_j2_gmat_r2026a_eop_full,EarthMJ2000Eq,10800.0,2026-03-23T17:45:00Z,-0.0012030482139380183,-0.0007854587238398381,0.000490062575408956,0.0015180354869804664,0.000672771172105513,-0.001412698402702972,-0.0005919242873630992,0.0016729352016698277
gmat_j2,numerical_j2_gmat_r2026a_eop_full,EarthMJ2000Eq,10860.0,2026-03-23T17:46:00Z,0.000836238541523926,0.0007107937562977895,-0.0003162522261845879,0.001142163794246995,-0.0006362155247074952,0.000971092539714391,0.00048438186794896865,0.001257941456732193
gmat_j2,numerical_j2_gmat_r2026a_eop_full,EarthMJ2000Eq,10920.0,2026-03-23T17:47:00Z,0.0010308149285265245,0.0007428325261571445,-0.00041210023482562974,0.001335741809757218,-0.0006508420469231169,0.001206783117879695,0.0005313891549008076,0.0014704745144301908
gmat_j2,numerical_j2_gmat_r2026a_eop_full,EarthMJ2000Eq,10980.0,2026-03-23T17:48:00Z,0.0005579836397373583,0.00062515027821064,-0.00018734817786025815,0.0008586372646868697,-0.0005744968945009532,0.0006378471084644843,0.0003971190043472461,0.0009458325005948417
gmat_j2,numerical_j2_gmat_r2026a_eop_full,EarthMJ2000Eq,11040.0,2026-03-23T17:49:00Z,9.734139894135296e-05,-5.5756572692189366e-05,-6.308300726232119e-05,0.00012869968590286884,6.16608986092615e-05,0.0001240687552694908,-1.822098028014807e-05,0.00013973949539694197
gmat_j2,numerical_j2_gmat_r2026a_eop_full,EarthMJ2000Eq,11100.0,2026-03-23T17:50:00Z,0.0008680299288243987,0.0012314303603488952,-0.0002473452695994638,0.00152678628894719,-0.0011507923503017992,0.0009722427307679027,0.0007519500577757299,0.0016837481552872124
gmat_j2,numerical_j2_gmat_r2026a_eop_full,EarthMJ2000Eq,11160.0,2026-03-23T17:51:00Z,0.0007179905878729187,0.0008879342203726992,-0.00022749918571207672,0.001164342537006456,-0.0008222684755310183,0.0008136620266441241,0.0005553797421953277,0.0012832061399072547
gmat_j2,numerical_j2_gmat_r2026a_eop_full,EarthMJ2000Eq,11220.0,2026-03-23T17:52:00Z,-0.0006929894880158827,-0.0010861158443731256,0.0001726821210468188,0.0012998850613912334,0.0010173542008828917,-0.0007672467106090153,-0.0006617750791804156,0.0014358354155050873
gmat_j2,numerical_j2_gmat_r2026a_eop_full,EarthMJ2000Eq,11280.0,2026-03-23T17:53:00Z,0.0011111405910924077,0.002104125087498687,-0.00022841322788735852,0.0023904284970875968,-0.0019988428689998727,0.0012052208120394425,0.0012310107377899726,0.002638809856219062
gmat_j2,numerical_j2_gmat_r2026a_eop_full,EarthMJ2000Eq,11340.0,2026-03-23T17:54:00Z,0.00042690589907579124,0.0007721200745436363,-9.722361937747337e-05,0.0008876206894523335,-0.0007325753337283913,0.0004661071528744287,0.00045164683104559344,0.0009787274173851965
gmat_j2,numerical_j2_gmat_r2026a_eop_full,EarthMJ2000Eq,11400.0,2026-03-23T17:55:00Z,-0.0003559898686944507,-0.0007848107088648248,4.745515980175696e-05,0.000863080892821647,0.0007491074427434796,-0.00037711078704205647,-0.00045670323078894626,0.0009549619612792001
gmat_j2,numerical_j2_gmat_r2026a_eop_full,EarthMJ2000Eq,11460.0,2026-03-23T17:56:00Z,-0.00012074087862856686,-0.0003480408850009553,-1.6389094525948167e-06,0.00036839313705393635,0.00033556846190663236,-0.00012135537019730691,-0.0001992978282405744,0.0004087211064326356
gmat_j2,numerical_j2_gmat_r2026a_eop_full,EarthMJ2000Eq,11520.0,2026-03-23T17:57:00Z,-0.00023032680473988876,-0.0009498128292761976,-4.5874458010075614e-05,0.0009784167381729834,0.0009273719570046524,-0.00021024959551141364,-0.0005203414088494895,0.0010839644001602743
gmat_j2,numerical_j2_gmat_r2026a_eop_full,EarthMJ2000Eq,11580.0,2026-03-23T17:58:00Z,0.00045375509216682985,0.0023975987915036967,0.00015967953004292212,0.0024453775170721684,-0.002353977013314079,0.0003780069590675339,0.0012784661662657015,0.002705286080731699
gmat_j2,numerical_j2_gmat_r2026a_eop_full,EarthMJ2000Eq,11640.0,2026-03-23T17:59:00Z,0.00014564557204721496,0.0005765568857896142,1.4290435501607135e-05,0.0005948400556075593,-0.0005619842369242178,0.0001375690672489327,0.00031036129222172804,0.0006565635251250085
gmat_j2,numerical_j2_gmat_r2026a_eop_full,EarthMJ2000Eq,11700.0,2026-03-23T18:00:00Z,1.1132215149700642e-05,0.00024745787641222705,2.869001036742702e-05,0.000249364078221927,-0.00024660040676138806,-1.6617818232589343e-06,0.00012417278316689817,0.0002761039699336532
gmat_j2,numerical_j2_gmat_r2026a_eop_full,EarthMJ2000Eq,11760.0,2026-03-23T18:01:00Z,1.9833350961562246e-05,0.000454603650723584,5.866286301170476e-05,0.0004588018881372492,-0.00045273795823419505,-6.81144030068026e-06,0.0002305631241483752,0.000508111610536599
gmat_j2,numerical_j2_gmat_r2026a_eop_full,EarthMJ2000Eq,11820.0,2026-03-23T18:02:00Z,-1.3828866940457374e-05,0.00039089502479328075,6.528625817736611e-05,0.000396550694711027,-0.00039207584401346196,-4.3518966208466736e-05,0.0001934712390294635,0.0004393728350846443
gmat_j2,numerical_j2_gmat_r2026a_eop_full,EarthMJ2000Eq,11880.0,2026-03-23T18:03:00Z,-3.620971256168559e-05,0.00039911492422106676,7.812877811375074e-05,0.0004082988758119907,-0.0004022634447764517,-7.179234984278082e-05,0.0001945206218323392,0.00045255750222198896
gmat_j2,numerical_j2_gmat_r2026a_eop_full,EarthMJ2000Eq,11940.0,2026-03-23T18:04:00Z,-6.029949872754514e-05,0.0003928580554202199,8.946562957135029e-05,0.0004074034611167999,-0.00039814196384213574,-0.00010108536230291065,0.00018799783951806148,0.00045175044162395903
gmat_j2,numerical_j2_gmat_r2026a_eop_full,EarthMJ2000Eq,12000.0,2026-03-23T18:05:00Z,-8.405459084315225e-05,0.00038592656892433297,0.00010054600352304988,0.00040757084006093325,-0.00039337066937150666,-0.00012992984466109192,0.00018122547906784803,0.00045217797637524726
gmat_j2,numerical_j2_gmat_r2026a_eop_full,EarthMJ2000Eq,12060.0,2026-03-23T18:06:00Z,-0.00010746953194029629,0.00037727477320004255,0.00011119618648081087,0.00040773833113466926,-0.00038685254999393237,-0.00015826273624952591,0.00017364509830031238,0.00045260867124450905
gmat_j2,numerical_j2_gmat_r2026a_eop_full,EarthMJ2000Eq,12120.0,2026-03-23T18:07:00Z,-0.0001304424586123787,0.00036694655136670917,0.0001213679752254393,0.00040791566772935544,-0.0003786171376418679,-0.00018595791573261522,0.00016528778346014406,0.00045304672463324027
gmat_j2,numerical_j2_gmat_r2026a_eop_full,EarthMJ2000Eq,12180.0,2026-03-23T18:08:00Z,-0.00015286877896869555,0.00035497760109137744,0.00013101498552714474,0.0004080966641528045,-0.0003686908556232993,-0.00021289991991579882,0.00015618528692584732,0.0004534899853056331
gmat_j2,numerical_j2_gmat_r2026a_eop_full,EarthMJ2000Eq,12240.0,2026-03-23T18:09:00Z,-0.00017465208657085896,0.00034141748983529396,0.00014009583537699655,0.00040828433327641457,-0.00035711877899302635,-0.0002389626274634793,0.000146376688547889,0.0004539417303839396
gmat_j2,numerical_j2_gmat_r2026a_eop_full,EarthMJ2000Eq,12300.0,2026-03-23T18:10:00Z,-0.00019648541638161987,0.00032712705433368683,0.00014911461221345235,0.00040969964132674277,-0.0003448707985853616,-0.0002651239228157465,0.0001361932788768172,0.00045582361871378876
gmat_j2,numerical_j2_gmat_r2026a_eop_full,EarthMJ2000Eq,12360.0,2026-03-23T18:11:00Z,-0.0002066708475467749,0.00029963484848849475,0.0001499242898717057,0.0003936637833836899,-0.00031831737246079683,-0.0002759286132913985,0.00012117240544284869,0.00043834381606686995
gmat_j2,numerical_j2_gmat_r2026a_eop_full,EarthMJ2000Eq,12420.0,2026-03-23T18:12:00Z,-0.0002902461346820928,0.00034955155570060015,0.00020171000869595446,0.0004971076708307038,-0.00037633185456797946,-0.00038410608027561466,0.00013356471484371468,0.0005540782243677824
gmat_j2,numerical_j2_gmat_r2026a_eop_full,EarthMJ2000Eq,12480.0,2026-03-23T18:13:00Z,0.00032220850698649883,-0.0003745390131371096,-0.00023630764189874753,0.0005476669571518217,0.0004077289617043789,0.0004326530245180038,-0.0001346913691691043,0.0006095681346377575
gmat_j2,numerical_j2_gmat_r2026a_eop_full,EarthMJ2000Eq,12540.0,2026-03-23T18:14:00Z,-0.00099107637652196,0.0010268840924254619,0.0006782677246519597,0.00158011722023428,-0.0011219380979810012,-0.0013067458226601047,0.0003655835634219784,0.0017606763139728927
gmat_j2,numerical_j2_gmat_r2026a_eop_full,EarthMJ2000Eq,12600.0,2026-03-23T18:15:00Z,0.0006476866474258713,-0.000629664100415539,-0.00044695570977637544,0.0010078413958096674,0.0006936540231095023,0.000859325055557747,-0.0002099422857781974,0.0011241313171703282
gmat_j2,numerical_j2_gmat_r2026a_eop_full,EarthMJ2000Eq,12660.0,2026-03-23T18:16:00Z,-0.0010888988981605507,0.0008479228199576028,0.0006994272325755446,0.001547214391313757,-0.0009512799437061403,-0.0014152496952135607,0.00025992630270366135,0.0017249425827942301
gmat_j2,numerical_j2_gmat_r2026a_eop_full,EarthMJ2000Eq,12720.0,2026-03-23T18:17:00Z,0.0009081290954782162,-0.0005830552254337817,-0.0005731988039769931,0.001221969197173307,0.0006685905162839845,0.0011801111199361003,-0.0001418190009871978,0.0013637405042392517
gmat_j2,numerical_j2_gmat_r2026a_eop_full,EarthMJ2000Eq,12780.0,2026-03-23T18:18:00Z,-0.0021477226255228743,0.0010488574844202958,0.0012814098795388418,0.00271197820385546,-0.001247795644587768,-0.0027505469013533457,0.00018954215974531508,0.003026289552821675
gmat_j2,numerical_j2_gmat_r2026a_eop_full,EarthMJ2000Eq,12840.0,2026-03-23T18:19:00Z,-0.0008793672350293491,0.00039318183553405106,0.0005158263149951381,0.0010926826973456437,-0.00047493919907992677,-0.0011218590501016479,6.391198681399146e-05,0.001219926109719833
gmat_j2,numerical_j2_gmat_r2026a_eop_full,EarthMJ2000Eq,12900.0,2026-03-23T18:20:00Z,0.0009062196113518439,-0.0003269233275204897,-0.0005280100836557722,0.0010985934163820262,0.00040804248868653303,0.0011558296542091284,-9.422240765388779e-06,0.0012257771578650558
gmat_j2,numerical_j2_gmat_r2026a_eop_full,EarthMJ2000Eq,12960.0,2026-03-23T18:21:00Z,-0.002109270326400292,0.0005127330950926989,0.0011726788784471864,0.0024672033334511134,-0.0007023732706556984,-0.0026634465744024283,-7.723865991238199e-05,0.0027555837270191366
gmat_j2,numerical_j2_gmat_r2026a_eop_full,EarthMJ2000Eq,13020.0,2026-03-23T18:22:00Z,-0.001734462784952484,0.00026211819204036146,0.0009372122917739034,0.0019888272873318405,-0.0004161719857620483,-0.002178036195843447,-0.00014340750809083147,0.0022220725698127285
gmat_j2,numerical_j2_gmat_r2026a_eop_full,EarthMJ2000Eq,13080.0,2026-03-23T18:23:00Z,-0.0020848925714744837,0.0001269718268304132,0.0010961072121062898,0.002358887428392792,-0.00030896529779056436,-0.002603459725580848,-0.0002703774981682727,0.002635633906572772
gmat_j2,numerical_j2_gmat_r2026a_eop_full,EarthMJ2000Eq,13140.0,2026-03-23T18:24:00Z,-0.001013367466384807,4.921366780763492e-05,0.0005295842129271477,0.0011444627759817747,-0.000138205002997438,-0.0012657807337002058,-0.00013308287805102736,0.0012802392515036
gmat_j2,numerical_j2_gmat_r2026a_eop_full,EarthMJ2000Eq,13200.0,2026-03-23T18:25:00Z,0.0009698977478933557,3.359309630468488e-05,-0.0004978014658263419,0.0010907045598450545,4.7482906495588395e-05,0.0012004269800414136,0.00018666757028995562,0.001215781371225342
gmat_j2,numerical_j2_gmat_r2026a_eop_full,EarthMJ2000Eq,13260.0,2026-03-23T18:26:00Z,-0.002248973942187149,-0.00032149182516150177,0.0011069191714341287,0.00252715469221235,0.00013363177231440204,-0.0027709783356755224,-0.0005273781411574419,0.002823881387580869
gmat_j2,numerical_j2_gmat_r2026a_eop_full,EarthMJ2000Eq,13320.0,2026-03-23T18:27:00Z,-0.0015398420600831741,-0.0003447048584348522,0.0007369415016000858,0.0017415561392646447,0.0002185363001672158,-0.001887201950268036,-0.0004222786564866965,0.0019461779413276843
gmat_j2,numerical_j2_gmat_r2026a_eop_full,EarthMJ2000Eq,13380.0,2026-03-23T18:28:00Z,-0.0007365831606875872,-0.0002315182427992113,0.00034131653592339717,0.0008441874359714779,0.00017108270355947752,-0.0009004721412964045,-0.0002312150471084351,0.0009452934817915058
gmat_j2,numerical_j2_gmat_r2026a_eop_full,EarthMJ2000Eq,13440.0,2026-03-23T18:29:00Z,-0.0009199859505315544,-0.0003396889951545745,0.00041843668441288173,0.0010662326300892398,0.000265163890844633,-0.0011200982363845924,-0.00031686164803090833,0.0011938732144380333
gmat_j2,numerical_j2_gmat_r2026a_eop_full,EarthMJ2000Eq,13500.0,2026-03-23T18:30:00Z,-0.0008568281373300124,-0.0003928380465367809,0.0003773702701437287,0.001015324829064868,0.00032470559574449,-0.0010376890458019261,-0.0003337503606815062,0.001137374864739032
gmat_j2,numerical_j2_gmat_r2026a_eop_full,EarthMJ2000Eq,13560.0,2026-03-23T18:31:00Z,-0.000840712345961947,-0.0004552948666969314,0.00035905259210267104,0.0010212783304217631,0.00038979930394589246,-0.0010126877114657873,-0.00036321212704137906,0.0011442914609226264
gmat_j2,numerical_j2_gmat_r2026a_eop_full,EarthMJ2000Eq,13620.0,2026-03-23T18:32:00Z,-0.0008154197530529927,-0.0005149740900378674,0.00033645574148977175,0.0010214255494458543,0.00045293901962395466,-0.0009759313357449173,-0.0003897286937615263,0.001144326956043522
gmat_j2,numerical_j2_gmat_r2026a_eop_full,EarthMJ2000Eq,13680.0,2026-03-23T18:33:00Z,-0.000786404143582331,-0.0005723095455323346,0.00031232093533617444,0.001021525359254556,0.0005139009218169122,-0.0009345582085984461,-0.0004143800858003033,0.0011442045526088747
gmat_j2,numerical_j2_gmat_r2026a_eop_full,EarthMJ2000Eq,13740.0,2026-03-23T18:34:00Z,-0.0007538014870078769,-0.000627028384769801,0.00028676731744781137,0.0010215756317955738,0.0005723741480778699,-0.0008887965918802365,-0.0004370432904465815,0.0011439311101854718
gmat_j2,numerical_j2_gmat_r2026a_eop_full,EarthMJ2000Eq,13800.0,2026-03-23T18:35:00Z,-0.0007177754923759494,-0.0006788795872125775,0.0002599167601147201,0.0010215849810847795,0.000628068264063586,-0.0008389049455104214,-0.0004576079515317133,0.0011435192561696284
gmat_j2,numerical_j2_gmat_r2026a_eop_full,EarthMJ2000Eq,13860.0,2026-03-23T18:36:00Z,-0.0006784980541851837,-0.0007276194082805887,0.00023189841158455238,0.0010215510198394954,0.0006806972763229169,-0.0007851461703012319,-0.000475981032366235,0.00114296160648753
gmat_j2,numerical_j2_gmat_r2026a_eop_full,EarthMJ2000Eq,13920.0,2026-03-23T18:37:00Z,-0.000636160621070303,-0.0007730232027824968,0.0002028436938417144,0.0010214748024165914,0.000730023153039383,-0.0007278222469153661,-0.0004920794882679047,0.0011422789719908607
gmat_j2,numerical_j2_gmat_r2026a_eop_full,EarthMJ2000Eq,13980.0,2026-03-23T18:38:00Z,-0.0005917481757933274,-0.0008172405614459421,0.00017289812603848986,0.0010236902855917072,0.0007778613309028515,-0.0006678231301293636,-0.0005070055486555702,0.0011437266323808641
gmat_j2,numerical_j2_gmat_r2026a_eop_full,EarthMJ2000Eq,14040.0,2026-03-23T18:39:00Z,-0.0005334659363143146,-0.0008339784471900202,0.00014040779205970466,0.0009999101477914238,0.0007988587569229821,-0.000593233906442947,-0.0005056375318446271,0.0011161411626116194
gmat_j2,numerical_j2_gmat_r2026a_eop_full,EarthMJ2000Eq,14100.0,2026-03-23T18:40:00Z,-0.0005254742063698359,-0.0009560340004099999,0.00011607517080847174,0.0010970859568776607,0.0009213474427838264,-0.0005712061934559642,-0.0005657093682387426,0.001222777459344024
gmat_j2,numerical_j2_gmat_r2026a_eop_full,EarthMJ2000Eq,14160.0,2026-03-23T18:41:00Z,-0.00030279989005066454,-0.000637790890323231,5.520678314496763e-05,0.0007081756717786976,0.000617574436034829,-0.00032449598563744075,-0.0003672412374200462,0.0007883920060479799
gmat_j2,numerical_j2_gmat_r2026a_eop_full,EarthMJ2000Eq,14220.0,2026-03-23T18:42:00Z,-0.00011430893209762871,-0.00025252711566281505,2.3357188183581457e-05,0.0002781762648791667,0.00024583624025353856,-0.00012705214658126351,-0.00014191164909860277,0.00031099295992479856
gmat_j2,numerical_j2_gmat_r2026a_eop_full,EarthMJ2000Eq,14280.0,2026-03-23T18:43:00Z,-0.0009233608579961583,-0.0027751332254410954,1.5108525985851884e-05,0.002924754341920696,0.0027135547142620453,-0.0008922569350033882,-0.0015487960774995813,0.003249349306404822
gmat_j2,numerical_j2_gmat_r2026a_eop_full,EarthMJ2000Eq,14340.0,2026-03-23T18:44:00Z,-0.00011331667337799445,-0.00031975605452316813,1.2220880307722837e-05,0.0003394612684610338,0.0003134132953164226,-0.00011937917321347413,-0.00017651893835513022,0.00037899632752343924
gmat_j2,numerical_j2_gmat_r2026a_eop_full,EarthMJ2000Eq,14400.0,2026-03-23T18:45:00Z,0.00022133281163405627,0.0010007895525632193,6.30693648417946e-05,0.0010269107491924858,-0.000984625492250757,0.00017128254370391005,0.0005437909567085342,0.001137775757504839
gmat_j2,numerical_j2_gmat_r2026a_eop_full,EarthMJ2000Eq,14460.0,2026-03-23T18:46:00Z,-0.00040268241718877107,-0.0027771400255005574,-0.000253624875767855,0.002817620525897426,0.0027521882550729515,-0.00024710899992896884,-0.0014610049836605299,0.0031257220944108733
gmat_j2,numerical_j2_gmat_r2026a_eop_full,EarthMJ2000Eq,14520.0,2026-03-23T18:47:00Z,-6.265236152103171e-05,-0.000304559421238082,-1.0511939763091505e-05,0.00031111454537938334,0.0003013876925805903,-5.7687188359523134e-05,-0.0001615186873138441,0.0003467717394648342
gmat_j2,numerical_j2_gmat_r2026a_eop_full,EarthMJ2000Eq,14580.0,2026-03-23T18:48:00Z,5.3352778195403516e-05,0.0007084269100232632,0.00010126450433745049,0.0007176138973187365,-0.0007044496097563524,-8.776090965056937e-06,0.00036654190793683483,0.0007941531607520549
gmat_j2,numerical_j2_gmat_r2026a_eop_full,EarthMJ2000Eq,14640.0,2026-03-23T18:49:00Z,-3.887180355377495e-06,0.0003846614617941668,7.624248610227369e-05,0.0003921638267966538,-0.0003847099305787083,-4.917222184985803e-05,0.00019362422776225685,0.00043348584713235623
gmat_j2,numerical_j2_gmat_r2026a_eop_full,EarthMJ2000Eq,14700.0,2026-03-23T18:50:00Z,-8.680217433720827e-05,0.0008147112566803116,0.00019211847757105716,0.0008415453396315023,-0.0008212177604605131,-0.00019109602789058044,0.0003946747373362314,0.0009309588875255242
gmat_j2,numerical_j2_gmat_r2026a_eop_full,EarthMJ2000Eq,14760.0,2026-03-23T18:51:00Z,0.0004511457518674433,-0.00275776051239518,-0.0006910604497534223,0.002878600367950989,0.0027915210143447666,0.0008026717068787548,-0.0013062133596974945,0.003184817857210096
gmat_j2,numerical_j2_gmat_r2026a_eop_full,EarthMJ2000Eq,14820.0,2026-03-23T18:52:00Z,-5.534457159228623e-05,4.2488409235375e-05,4.524872565525584e-05,8.316089043240821e-05,-4.686495636008203e-05,-8.048672839322535e-05,1.1479706074624119e-05,9.384146862468097e-05
gmat_j2,numerical_j2_gmat_r2026a_eop_full,EarthMJ2000Eq,14880.0,2026-03-23T18:53:00Z,0.00041907787817763165,-0.0014839893083262723,-0.0004586186150845606,0.0016087826358171058,0.0015142247455912639,0.0006436531307940641,-0.000673745503831924,0.0017779479567399214
gmat_j2,numerical_j2_gmat_r2026a_eop_full,EarthMJ2000Eq,14940.0,2026-03-23T18:54:00Z,1.2207237887196243e-05,1.1789779819082469e-05,5.141373549122363e-06,1.77327179808584e-05,-1.1747491868163706e-05,5.2873261324748455e-06,6.515676886920119e-06,1.4436531027863614e-05
gmat_j2,numerical_j2_gmat_r2026a_eop_full,EarthMJ2000Eq,15000.0,2026-03-23T18:55:00Z,6.788741302443668e-05,-0.00015944715414661914,-5.270521796774119e-05,0.0001811351313622879,0.0001634208324219344,8.992184774569978e-05,-7.041700555987518e-05,0.00019937618173567842
gmat_j2,numerical_j2_gmat_r2026a_eop_full,EarthMJ2000Eq,15060.0,2026-03-23T18:56:00Z,6.766003934899345e-05,-0.00012475629773689434,-4.6801687858533114e-05,0.0001494403316917208,0.00012853185182848392,8.669509554692922e-05,-5.360911714547001e-05,0.0001640439391366449
gmat_j2,numerical_j2_gmat_r2026a_eop_full,EarthMJ2000Eq,15120.0,2026-03-23T18:57:00Z,7.601465767947957e-05,-0.00012163218343630433,-5.072274689155165e-05,0.00015213616690923845,0.0001258428916628418,9.693046365555347e-05,-5.1171955561812865e-05,0.00016688474227012623
gmat_j2,numerical_j2_gmat_r2026a_eop_full,EarthMJ2000Eq,15180.0,2026-03-23T18:58:00Z,8.33979356684722e-05,-0.00011555493983905762,-5.368065103539266e-05,0.00015228188365841309,0.00012014300665441624,0.0001056896792306361,-4.742339854146849e-05,0.00016689406542193407
gmat_j2,numerical_j2_gmat_r2026a_eop_full,EarthMJ2000Eq,15240.0,2026-03-23T18:59:00Z,9.042014426086098e-05,-0.0001089611032512039,-5.6408680393360555e-05,0.00015241477531261437,0.00011391865228915776,0.00011397727206485797,-4.347233684143248e-05,0.00016690752516642157
gmat_j2,numerical_j2_gmat_r2026a_eop_full,EarthMJ2000Eq,15300.0,2026-03-23T19:00:00Z,9.705672709969804e-05,-0.00010188432497670874,-5.889387466595508e-05,0.00015254151049610753,0.00010719514165202781,0.00012176837316246747,-3.9335645851679146e-05,0.00016693000967771181
gmat_j2,numerical_j2_gmat_r2026a_eop_full,EarthMJ2000Eq,15360.0,2026-03-23T19:01:00Z,0.00010327494237571955,-9.435643733013421e-05,-6.112509254307952e-05,0.00015266017138318617,9.99982319171977e-05,0.0001290239026729978,-3.503020096218279e-05,0.0001669548706297237
gmat_j2,numerical_j2_gmat_r2026a_eop_full,EarthMJ2000Eq,15420.0,2026-03-23T19:02:00Z,0.00010904977898462676,-8.641291060484946e-05,-6.309369382506702e-05,0.00015277388394712278,9.237233200565242e-05,0.00013571721524385794,-3.057243347370786e-05,0.0001669924666630637
gmat_j2,numerical_j2_gmat_r2026a_eop_full,EarthMJ2000Eq,15480.0,2026-03-23T19:03:00Z,0.00011435349733801559,-7.808557711541653e-05,-6.47908109385753e-05,0.0001528788045772252,8.433254095052689e-05,0.0001418163364519387,-2.5984991935956714e-05,0.00016703014863710537
gmat_j2,numerical_j2_gmat_r2026a_eop_full,EarthMJ2000Eq,15540.0,2026-03-23T19:04:00Z,0.00011474867278593592,-6.817481335019693e-05,-6.37194261798868e-05,0.00014790276655344222,7.434408644257928e-05,0.00014176348983596654,-2.140732036082227e-05,0.00016149985636057008
gmat_j2,numerical_j2_gmat_r2026a_eop_full,EarthMJ2000Eq,15600.0,2026-03-23T19:05:00Z,0.00016210788089665584,-7.079052011249587e-05,-8.906130233299336e-05,0.00019804589962897713,8.074962920545659e-05,0.0002003495147562262,-1.5260681607287552e-05,0.00021654865292352438
gmat_j2,numerical_j2_gmat_r2026a_eop_full,EarthMJ2000Eq,15660.0,2026-03-23T19:06:00Z,-3.31287992594298e-05,-7.81164999352768e-06,2.19906439724582e-05,4.052317408985122e-05,1.7621459846850485e-06,-4.396349950752665e-05,-1.653477355034738e-05,4.7003118872909966e-05
gmat_j2,numerical_j2_gmat_r2026a_eop_full,EarthMJ2000Eq,15720.0,2026-03-23T19:07:00Z,0.0006165323611639906,-0.00017252932593692094,-0.00034198909304450353,0.0007258340446907238,0.00021954615903041486,0.0007665814649726599,8.5149665096651e-06,0.000797446025157376
gmat_j2,numerical_j2_gmat_r2026a_eop_full,EarthMJ2000Eq,15780.0,2026-03-23T19:08:00Z,0.002186920482927235,-0.0005989850251353346,-0.0012259478410214797,0.0025776641301551093,0.0007738503171594857,0.0027283042491887954,5.573363992539271e-05,0.002836475740796809
gmat_j2,numerical_j2_gmat_r2026a_eop_full,EarthMJ2000Eq,15840.0,2026-03-23T19:09:00Z,-0.0007576586540380958,0.0001695880200713873,0.0004247027050041652,0.0008849740788454808,-0.00023586643749240466,-0.0009453366978107169,-4.85944617878431e-05,0.0009755285081838865
gmat_j2,numerical_j2_gmat_r2026a_eop_full,EarthMJ2000Eq,15900.0,2026-03-23T19:10:00Z,-0.00025152939997497015,7.25231075193733e-06,0.00013515818864107132,0.0002856350311494488,-3.2725822052270814e-05,-0.0003106432888699828,-4.5917936120076774e-05,0.0003157193202933326
gmat_j2,numerical_j2_gmat_r2026a_eop_full,EarthMJ2000Eq,15960.0,2026-03-23T19:11:00Z,-0.00034320498798479093,6.350092007778585e-06,0.00018173216176364804,0.00038840258246494253,-3.985167751352492e-05,-0.00042242530307046167,-6.166311905531074e-05,0.0004287582455492172
gmat_j2,numerical_j2_gmat_r2026a_eop_full,EarthMJ2000Eq,16020.0,2026-03-23T19:12:00Z,-0.0003443189484642062,-2.2528183762915432e-05,0.0001767602952895686,0.0003876948017784193,-1.1593392912345735e-05,-0.0004209279036437863,-7.636202781213797e-05,0.0004279554487522672
gmat_j2,numerical_j2_gmat_r2026a_eop_full,EarthMJ2000Eq,16080.0,2026-03-23T19:13:00Z,-0.0002741523132954171,-2.418255462544039e-05,0.00013961130207462702,0.00030860266120112076,-4.169997680492088e-06,-0.0003344591270604269,-6.573674937726537e-05,0.0003408835824344838
gmat_j2,numerical_j2_gmat_r2026a_eop_full,EarthMJ2000Eq,16140.0,2026-03-23T19:14:00Z,-0.0006430421990444302,-0.00017032198229571804,0.0003044742697966285,0.0007315855577943222,0.00010876011202753944,-0.0007737939178298348,-0.00019936097217509996,0.0008064307697907421
gmat_j2,numerical_j2_gmat_r2026a_eop_full,EarthMJ2000Eq,16200.0,2026-03-23T19:15:00Z,0.0009649818366597174,0.00033264313969993964,-0.0004405899289849913,0.00111173777888295,-0.0002518136810181204,0.0011541627653599562,0.00031595703831044375,0.001222837139176409
gmat_j2,numerical_j2_gmat_r2026a_eop_full,EarthMJ2000Eq,16260.0,2026-03-23T19:16:00Z,0.0020721163309644908,0.0006710233719786629,-0.0009551426956022624,0.002378284260502456,-0.0004922497964798822,0.0024822464084195417,0.0006668203766935221,0.0026169651333213992
gmat_j2,numerical_j2_gmat_r2026a_eop_full,EarthMJ2000Eq,16320.0,2026-03-23T19:17:00Z,-0.0006941822903172579,-0.0002646065695444122,0.00031274339562514797,0.0008060484602946174,0.00019745982626773184,-0.000827997670427294,-0.0002548881106179124,0.000888559775230163
gmat_j2,numerical_j2_gmat_r2026a_eop_full,EarthMJ2000Eq,16380.0,2026-03-23T19:18:00Z,-0.00021283085516188294,-0.00011460633686510846,8.913139026844874e-05,0.00025763538206108967,9.024958558256913e-05,-0.00025074875509289996,-0.00010091261160027898,0.0002849618940462976
gmat_j2,numerical_j2_gmat_r2026a_eop_full,EarthMJ2000Eq,16440.0,2026-03-23T19:19:00Z,-0.0004592361619870644,-0.0002915257937274873,0.0001854446054494474,0.0005746954346219848,0.0002446229885322282,-0.0005381721734920575,-0.00022975887858933675,0.000634238785577036
gmat_j2,numerical_j2_gmat_r2026a_eop_full,EarthMJ2000Eq,16500.0,2026-03-23T19:20:00Z,0.0001943876668519806,0.00014727083907928318,-7.7747245086357e-05,0.00025596855116555,-0.0001333848587137254,0.00022748647410253398,9.662048938707812e-05,0.00028085073509443023
gmat_j2,numerical_j2_gmat_r2026a_eop_full,EarthMJ2000Eq,16560.0,2026-03-23T19:21:00Z,0.0008800270734354854,0.0006862892405479215,-0.0003403174559934996,0.0011667289927507396,-0.000609035488707832,0.0010242757753076148,0.0004788169860603375,0.0012842627443508234
gmat_j2,numerical_j2_gmat_r2026a_eop_full,EarthMJ2000Eq,16620.0,2026-03-23T19:22:00Z,0.00032961588658508845,0.0002992428562720306,-0.00012291411621845327,0.0004618449953013246,-0.0002730136117179427,0.00038120262502161495,0.0001953570638590918,0.0005079530056080885
gmat_j2,numerical_j2_gmat_r2026a_eop_full,EarthMJ2000Eq,16680.0,2026-03-23T19:23:00Z,0.00016076091924333014,0.00017000365915009752,-5.845959094585851e-05,0.0002411697349460337,-0.0001595061860371061,0.00018467805062982734,0.00010329648247875411,0.0002649874884990243
gmat_j2,numerical_j2_gmat_r2026a_eop_full,EarthMJ2000Eq,16740.0,2026-03-23T19:24:00Z,0.00019209619495086372,0.0002205188138759695,-6.66336745780427e-05,0.0002999492323304682,-0.00020689672197704567,0.0002191020698205648,0.00013393264275407546,0.00032977253275491786
gmat_j2,numerical_j2_gmat_r2026a_eop_full,EarthMJ2000Eq,16800.0,2026-03-23T19:25:00Z,0.00017009278963087127,0.00022451149561675265,-5.519950718735345e-05,0.00028702605167860574,-0.00021259705107468108,0.00019197443634766387,0.00013255108122223191,0.00031562870507898444
gmat_j2,numerical_j2_gmat_r2026a_eop_full,EarthMJ2000Eq,16860.0,2026-03-23T19:26:00Z,0.00015793102647876367,0.00023642814994673245,-4.747471393784508e-05,0.0002882608674019954,-0.00022526158716118516,0.00017625723103265045,0.00013676682009133856,0.0003170403085091388
gmat_j2,numerical_j2_gmat_r2026a_eop_full,EarthMJ2000Eq,16920.0,2026-03-23T19:27:00Z,0.0001440821506548673,0.00024647670215927064,-3.9173755794763565e-05,0.0002881753181445445,-0.00023617330313641105,0.00015861445490372716,0.0001397978399708677,0.00031698550515645024
gmat_j2,numerical_j2_gmat_r2026a_eop_full,EarthMJ2000Eq,16980.0,2026-03-23T19:28:00Z,0.00012961481843376532,0.00025544613890815526,-3.071181708946824e-05,0.00028809017121318015,-0.0002460280867921938,0.00014029311046215298,0.00014221046562568063,0.0003169160659658106
gmat_j2,numerical_j2_gmat_r2026a_eop_full,EarthMJ2000Eq,17040.0,2026-03-23T19:29:00Z,0.00011528845789143816,0.0002663573468453251,-2.1960659069009125e-05,0.0002910668914325571,-0.00025773605472068084,0.00012222489687019333,0.00014568701800499184,0.000320299089185558
gmat_j2,numerical_j2_gmat_r2026a_eop_full,EarthMJ2000Eq,17100.0,2026-03-23T19:30:00Z,9.318409865954891e-05,0.00024672135623404756,-1.4390934666153044e-05,0.00026412459723684545,-0.00023961854722642784,9.705924952640999e-05,0.00013259551789879254,0.00029054968156992146
gmat_j2,numerical_j2_gmat_r2026a_eop_full,EarthMJ2000Eq,17160.0,2026-03-23T19:31:00Z,0.00010765143088065088,0.00037426320886879694,-4.665707820095122e-07,0.00038943805383104887,-0.0003653886082588542,0.00010559553231814789,0.00019966236997071007,0.00042956293307641917
gmat_j2,numerical_j2_gmat_r2026a_eop_full,EarthMJ2000Eq,17220.0,2026-03-23T19:32:00Z,-6.083701009629294e-05,-0.0002386721007496817,-1.8825176084646955e-05,0.0002470220652661228,0.00023188873043977765,-5.229328081668427e-05,-0.00013534462439679373,0.000273541839353057
gmat_j2,numerical_j2_gmat_r2026a_eop_full,EarthMJ2000Eq,17280.0,2026-03-23T19:33:00Z,-6.639675120823085e-05,-0.0003317500159027986,-3.227296474506147e-05,0.00033986489356206066,0.0003249975843999664,-5.199218833240593e-05,-0.0001827630269346514,0.00037646904458098776
gmat_j2,numerical_j2_gmat_r2026a_eop_full,EarthMJ2000Eq,17340.0,2026-03-23T19:34:00Z,-1.850821718107909e-06,1.2340251487330534e-05,-7.008566171862185e-06,1.431179050951188e-05,-1.288846807057098e-05,6.821210263296962e-07,1.5281109710940655e-06,1.299665424025225e-05
gmat_j2,numerical_j2_gmat_r2026a_eop_full,EarthMJ2000Eq,17400.0,2026-03-23T19:35:00Z,-6.448317435570061e-07,3.351291155695435e-05,-4.297362465877086e-06,3.379346642717897e-05,-3.355310473907025e-05,5.524469770534779e-07,1.2889689315898067e-05,3.5948019777921714e-05
gmat_j2,numerical_j2_gmat_r2026a_eop_full,EarthMJ2000Eq,17460.0,2026-03-23T19:36:00Z,-3.4151526051573455e-06,2.6290649657312315e-05,-4.356934368843213e-06,2.686716218387153e-05,-2.6156569965518628e-05,-2.2444268665822165e-06,9.322320693172514e-06,2.7858737721348033e-05
gmat_j2,numerical_j2_gmat_r2026a_eop_full,EarthMJ2000Eq,17520.0,2026-03-23T19:37:00Z,-4.769390216097236e-06,2.7743567443394568e-05,-3.6111487133894116e-06,2.8381208792963718e-05,-2.7352786702294907e-05,-3.9328540424321545e-06,1.0410783346515018e-05,2.9530098055854645e-05
gmat_j2,numerical_j2_gmat_r2026a_eop_full,EarthMJ2000Eq,17580.0,2026-03-23T19:38:00Z,-6.41375663690269e-06,2.7274836611468345e-05,-2.999968273798004e-06,2.817894242201971e-05,-2.6660673668743584e-05,-5.825562254813121e-06,1.0510481374126357e-05,2.924378420744822e-05
gmat_j2,numerical_j2_gmat_r2026a_eop_full,EarthMJ2000Eq,17640.0,2026-03-23T19:39:00Z,-7.998096407391131e-06,2.6871020963881165e-05,-2.3646862246096134e-06,2.8135618968206877e-05,-2.6041169221002747e-05,-7.639222587840777e-06,1.0680345496894006e-05,2.9164533188043685e-05
gmat_j2,numerical_j2_gmat_r2026a_eop_full,EarthMJ2000Eq,17700.0,2026-03-23T19:40:00Z,-9.537870937492698e-06,2.6361703930888325e-05,-1.718490238999948e-06,2.8086716163724425e-05,-2.5334179198921447e-05,-9.404921286204626e-06,1.0827783114564227e-05,2.9112094862081144e-05
gmat_j2,numerical_j2_gmat_r2026a_eop_full,EarthMJ2000Eq,17760.0,2026-03-23T19:41:00Z,-1.0039912012871355e-05,2.3868324205977842e-05,-1.901753421407193e-06,2.596369387632854e-05,-2.2600588067689387e-05,-9.734435479913373e-06,1.0187850563170286e-05,2.663340222756885e-05
gmat_j2,numerical_j2_gmat_r2026a_eop_full,EarthMJ2000Eq,17820.0,2026-03-23T19:42:00Z,-2.4113433028105646e-05,4.606272341334261e-05,9.209543350152671e-06,5.280196804450928e-05,-4.6066706005376545e-05,-2.8900437598622375e-05,1.984679087740915e-05,5.789017018207212e-05
gmat_j2,numerical_j2_gmat_r2026a_eop_full,EarthMJ2000Eq,17880.0,2026-03-23T19:43:00Z,4.8267793317791075e-05,-8.942015483626164e-05,-5.129868441144936e-05,0.0001138301321489854,9.713430060287465e-05,7.143619029648107e-05,-3.604805343115913e-05,0.00012584778025003212
gmat_j2,numerical_j2_gmat_r2026a_eop_full,EarthMJ2000Eq,17940.0,2026-03-23T19:44:00Z,-0.0010823359843925573,0.0019807953322015237,0.0008874253580870572,0.0024253917410097473,-0.0020917765297667756,-0.0014931957892372338,0.0008265637063686881,0.0026996981824205617
gmat_j2,numerical_j2_gmat_r2026a_eop_full,EarthMJ2000Eq,18000.0,2026-03-23T19:45:00Z,0.0007213675417006016,-0.0011315878509776667,-0.0005771310043201083,0.0014608019683882412,0.0012098739787802515,0.000989532900064205,-0.00045135895021530814,0.0016268667145093656
gmat_j2,numerical_j2_gmat_r2026a_eop_full,EarthMJ2000Eq,18060.0,2026-03-23T19:46:00Z,8.629467629361898e-05,-0.0001598818926140666,-8.246524885180406e-05,0.0001995232016850832,0.00017265211482708764,0.0001255022752388868,-6.330402868570673e-05,0.00022263641636588552
gmat_j2,numerical_j2_gmat_r2026a_eop_full,EarthMJ2000Eq,18120.0,2026-03-23T19:47:00Z,-0.0014307861420093104,0.001702853296592366,0.0010203079909842927,0.002447015882733044,-0.0018446382199499567,-0.0019045893751012954,0.0006303366717475001,0.0027253394595900533
gmat_j2,numerical_j2_gmat_r2026a_eop_full,EarthMJ2000Eq,18180.0,2026-03-23T19:48:00Z,0.0009101322575588711,-0.0009098985174205154,-0.0006356733592838282,0.0014353872850058434,0.001004448968444649,0.001208491973159198,-0.00030494406999537205,0.001600737787779458
gmat_j2,numerical_j2_gmat_r2026a_eop_full,EarthMJ2000Eq,18240.0,2026-03-23T19:49:00Z,7.45690158510115e-05,-0.0001136677383328788,-6.749928616045509e-05,0.00015177959841451423,0.00012466738752436868,0.00010732392752288433,-3.923483760104318e-05,0.00016911462211372698
gmat_j2,numerical_j2_gmat_r2026a_eop_full,EarthMJ2000Eq,18300.0,2026-03-23T19:50:00Z,-0.0015474129213544074,0.0012284090189496055,0.0010001924692915054,0.002214466175546322,-0.0013779422047832668,-0.002014869160404942,0.00037234615390957515,0.002469223382281388
gmat_j2,numerical_j2_gmat_r2026a_eop_full,EarthMJ2000Eq,18360.0,2026-03-23T19:51:00Z,0.00037279505704646,-0.00030594765121350065,-0.0002534841314627556,0.0005448250404898427,0.0003452917951562995,0.0004924611829437708,-8.538059148577304e-05,0.0006074819222916007
gmat_j2,numerical_j2_gmat_r2026a_eop_full,EarthMJ2000Eq,18420.0,2026-03-23T19:52:00Z,-0.0019329568203829695,0.0010757048585219309,0.001173816031041497,0.002504257791610668,-0.0012586944819759083,-0.0024842021772997214,0.00023111601521463854,0.002794456453256334
gmat_j2,numerical_j2_gmat_r2026a_eop_full,EarthMJ2000Eq,18480.0,2026-03-23T19:53:00Z,0.0011551128409337252,-0.000505070602230262,-0.0006901583446961013,0.0014372545109620925,0.0006157465648470861,0.0014799139691490382,-5.348033127461349e-05,0.0016037921729565492
gmat_j2,numerical_j2_gmat_r2026a_eop_full,EarthMJ2000Eq,18540.0,2026-03-23T19:54:00Z,0.00013734461390413344,-7.822563929948956e-05,-9.124894262413363e-05,0.00018250798103730084,9.318945615177654e-05,0.00017973089683209764,-7.009059999063538e-06,0.00020257491684807496
gmat_j2,numerical_j2_gmat_r2026a_eop_full,EarthMJ2000Eq,18600.0,2026-03-23T19:55:00Z,-0.0020500617665675236,0.00058155637816526,0.0011509833086620347,0.002421925606732225,-0.0007684386460482528,-0.0025932644920345638,-3.943290138863631e-05,0.0027050089892826016
gmat_j2,numerical_j2_gmat_r2026a_eop_full,EarthMJ2000Eq,18660.0,2026-03-23T19:56:00Z,0.0011850886494357837,-0.0002253636921523139,-0.0006556018092851446,0.0013729667268728722,0.00033441338587181235,0.001491773371498084,9.570522152557714e-05,0.0015317896702838384
gmat_j2,numerical_j2_gmat_r2026a_eop_full,EarthMJ2000Eq,18720.0,2026-03-23T19:57:00Z,0.0003664113137347158,-4.8103174776770175e-05,-0.00020222125840518856,0.00042126547877482544,8.319389621647133e-05,0.0004591430569078625,4.7833292882160094e-05,0.0004690645957459635
gmat_j2,numerical_j2_gmat_r2026a_eop_full,EarthMJ2000Eq,18780.0,2026-03-23T19:58:00Z,-0.0015247693454512046,7.954258762765676e-05,0.000795680534793064,0.0017217305519513716,-0.00021370283320720773,-0.0019016558883144796,-0.00020565726899235415,0.0019246451441165236
gmat_j2,numerical_j2_gmat_r2026a_eop_full,EarthMJ2000Eq,18840.0,2026-03-23T19:59:00Z,-0.0011326083324547653,-5.363108357414603e-05,0.0005712311121897073,0.001269638890159242,-4.4651393693584396e-05,-0.0014044194696083423,-0.00020683010859556816,0.0014202698642847462
gmat_j2,numerical_j2_gmat_r2026a_eop_full,EarthMJ2000Eq,18900.0,2026-03-23T20:00:00Z,-0.0012214937896715128,-0.00013279623090056702,0.0006041600499884225,0.0013691936616671448,2.7855051598635328e-05,-0.0015091787819443425,-0.00026204993730516435,0.0015320139259850781
gmat_j2,numerical_j2_gmat_r2026a_eop_full,EarthMJ2000Eq,18960.0,2026-03-23T20:01:00Z,-0.0012075042832293548,-0.0002230553945992142,0.0005821395916427718,0.001358935909907109,0.00012085621392543544,-0.0014850665142063235,-0.0003056852548866118,0.0015210102731791143
gmat_j2,numerical_j2_gmat_r2026a_eop_full,EarthMJ2000Eq,19020.0,2026-03-23T20:02:00Z,-0.0011975105280725984,-0.00031161198421614245,0.0005624815457849763,0.001359234704861707,0.0002121458564374734,-0.001465668253430863,-0.0003493041411672948,0.0015215790076612147
gmat_j2,numerical_j2_gmat_r2026a_eop_full,EarthMJ2000Eq,19080.0,2026-03-23T20:03:00Z,-0.0011820641248050379,-0.00039879614632809535,0.0005402532678999705,0.0013594806195580122,0.00030253666238877486,-0.0014393597425055304,-0.0003913247503817274,0.0015219789619755747
gmat_j2,numerical_j2_gmat_r2026a_eop_full,EarthMJ2000Eq,19140.0,2026-03-23T20:04:00Z,-0.0011612326034082798,-0.0004841976988245733,0.0005155563940206775,0.0013596716391029813,0.0003915685553579351,-0.001406256888714097,-0.00043152326156814524,0.0015222012665463665
gmat_j2,numerical_j2_gmat_r2026a_eop_full,EarthMJ2000Eq,19200.0,2026-03-23T20:05:00Z,-0.0011351125976943877,-0.0005674146450473927,0.0004885096132056788,0.001359809409826657,0.0004787761298530313,-0.0013665184539490838,-0.0004697002786713256,0.0015222409859428833
gmat_j2,numerical_j2_gmat_r2026a_eop_full,EarthMJ2000Eq,19260.0,2026-03-23T20:06:00Z,-0.001103825979953399,-0.000648048626317177,0.00045923798097646795,0.001359889090794909,0.000563713520307374,-0.0013203540483175402,-0.0005056524088331571,0.0015221012136006672
gmat_j2,numerical_j2_gmat_r2026a_eop_full,EarthMJ2000Eq,19320.0,2026-03-23T20:07:00Z,-0.0010697795005398802,-0.0007286334948730655,0.00042854117054957896,0.0013634450793788126,0.0006486553516538152,-0.0012701493190547808,-0.0005409819259227788,0.0015253506161206271
gmat_j2,numerical_j2_gmat_r2026a_eop_full,EarthMJ2000Eq,19380.0,2026-03-23T20:08:00Z,-0.0010050594028143678,-0.0007791923053446226,0.0003872005436278414,0.0013293642513921972,0.0007055360740082506,-0.0011844321079479414,-0.000555772761146045,0.0014864534745819926
gmat_j2,numerical_j2_gmat_r2026a_eop_full,EarthMJ2000Eq,19440.0,2026-03-23T20:09:00Z,-0.0010585144991637208,-0.0009525801942800172,0.00038553571357624605,0.0014752964983070769,0.0008761995573536296,-0.0012334142596159836,-0.0006526503781856263,0.0016477223419850149
gmat_j2,numerical_j2_gmat_r2026a_eop_full,EarthMJ2000Eq,19500.0,2026-03-23T20:10:00Z,-0.0006428358574339654,-0.0006444215614465065,0.00022521680875797756,0.0009376778228192999,0.0005991420692907923,-0.0007453939687707134,-0.0004255935603936223,0.0010467632332683107
gmat_j2,numerical_j2_gmat_r2026a_eop_full,EarthMJ2000Eq,19560.0,2026-03-23T20:11:00Z,-0.0003265904524596408,-0.000381883182853926,0.0001082858034351375,0.0005140251980302437,0.0003608349175010517,-0.0003786722047038893,-0.00023949819905055847,0.0005752858973169392
gmat_j2,numerical_j2_gmat_r2026a_eop_full,EarthMJ2000Eq,19620.0,2026-03-23T20:12:00Z,-0.0006184309313539416,-0.0008034394340938888,0.00018655509848031215,0.001030909572116493,0.0007620064579327845,-0.0007006946134424652,-0.0005026750127257174,0.0011507862319550728
gmat_j2,numerical_j2_gmat_r2026a_eop_full,EarthMJ2000Eq,19680.0,2026-03-23T20:13:00Z,-0.0006545724318129942,-0.0009592163223715033,0.00017891443349071778,0.0011749771896104168,0.0009160556757592531,-0.0007305498428422652,-0.0005878066922093694,0.0013108690939120202
gmat_j2,numerical_j2_gmat_r2026a_eop_full,EarthMJ2000Eq,19740.0,2026-03-23T20:14:00Z,-0.0005750398486270569,-0.0009689365469967015,0.00013686621969100088,0.0011350071461041227,0.0009321725613631315,-0.0006307674382810546,-0.0005793515667207316,0.0012658836768106743
gmat_j2,numerical_j2_gmat_r2026a_eop_full,EarthMJ2000Eq,19800.0,2026-03-23T20:15:00Z,-0.0005230485840002075,-0.0010114531505678315,0.00010331086741643958,0.0011433680213931783,0.0009787441968001076,-0.0005619167353643206,-0.0005920169909856554,0.001274431142850838
gmat_j2,numerical_j2_gmat_r2026a_eop_full,EarthMJ2000Eq,19860.0,2026-03-23T20:16:00Z,-0.0004626936060958542,-0.0010421363185741939,6.745585778844543e-05,0.0011422275484172732,0.001013917838577072,-0.00048388582030156613,-0.0005972554673050467,0.0012723556749979507
gmat_j2,numerical_j2_gmat_r2026a_eop_full,EarthMJ2000Eq,19920.0,2026-03-23T20:17:00Z,-0.0004009016265626997,-0.0010687967915146146,3.151808414258994e-05,0.001141946621064475,0.0010450214027457605,-0.00040453329575029784,-0.0006002064956156516,0.0012712060245870988
gmat_j2,numerical_j2_gmat_r2026a_eop_full,EarthMJ2000Eq,19980.0,2026-03-23T20:18:00Z,-0.00033739252103259787,-0.001090648311219411,-4.515186446951702e-06,0.0011416513648759572,0.0010712581932637022,-0.00032361224810983913,-0.0006004335778575509,0.001269976175044294
gmat_j2,numerical_j2_gmat_r2026a_eop_full,EarthMJ2000Eq,20040.0,2026-03-23T20:19:00Z,-0.0002726692400756292,-0.0011130746315757278,-4.131425157538615e-05,0.0011467303594673412,0.0010979128717281128,-0.00024132607023830133,-0.00060067800733421,0.0012745450225778337
gmat_j2,numerical_j2_gmat_r2026a_eop_full,EarthMJ2000Eq,20100.0,2026-03-23T20:20:00Z,-0.00020272909750929102,-0.0010730651638368727,-7.003291102591902e-05,0.001094290885205552,0.0010622855928232866,-0.00015870149638885778,-0.0005687581516866658,0.0012153693598186588
gmat_j2,numerical_j2_gmat_r2026a_eop_full,EarthMJ2000Eq,20160.0,2026-03-23T20:21:00Z,-0.00015415571397170424,-0.0013192718597565545,-0.00013738372217630967,0.0013353338575856832,0.001311858732755411,-7.545430946720444e-05,-0.0006839228072763603,0.0014813565046391038
gmat_j2,numerical_j2_gmat_r2026a_eop_full,EarthMJ2000Eq,20220.0,2026-03-23T20:22:00Z,1.7931597540155053e-05,0.00017211348080081734,3.2650859793648124e-05,0.0001760984699223133,-0.00017146717379290521,-5.664801960847399e-06,9.275913370743183e-05,0.00019503163475686501
gmat_j2,numerical_j2_gmat_r2026a_eop_full,EarthMJ2000Eq,20280.0,2026-03-23T20:23:00Z,7.431481208186597e-06,0.0002796821263473248,5.700621841242537e-05,0.0002855293814107293,-0.00028017049791273507,-2.8697932918930746e-05,0.00014399392789243848,0.00031631207774029447
gmat_j2,numerical_j2_gmat_r2026a_eop_full,EarthMJ2000Eq,20340.0,2026-03-23T20:24:00Z,0.00018275659385835752,-0.00331217734128586,-0.0006557816050190013,0.0033814151218398893,0.0033316120973125862,0.0005276223902228594,-0.001623968737263226,0.003743701245189361
gmat_j2,numerical_j2_gmat_r2026a_eop_full,EarthMJ2000Eq,20400.0,2026-03-23T20:25:00Z,-1.2325472198426723e-05,0.00011796009857789613,3.959075911552645e-05,0.00012503571621246787,-0.00011994860660280438,-3.7341685299452365e-05,5.8021365489935306e-05,0.0001383782805944427
gmat_j2,numerical_j2_gmat_r2026a_eop_full,EarthMJ2000Eq,20460.0,2026-03-23T20:26:00Z,-3.1737727113068104e-05,0.00023624670575372875,7.023663783911616e-05,0.00024850145793684116,-0.00024013080412998988,-7.218758923954738e-05,0.00011305356650836984,0.0002750544673925431
gmat_j2,numerical_j2_gmat_r2026a_eop_full,EarthMJ2000Eq,20520.0,2026-03-23T20:27:00Z,-4.260527930455282e-05,0.00019816479834844358,6.931350071681663e-05,0.00021421684926895552,-0.00020302826087004178,-8.164580123093401e-05,9.132161693514718e-05,0.00023712053747030156
gmat_j2,numerical_j2_gmat_r2026a_eop_full,EarthMJ2000Eq,20580.0,2026-03-23T20:28:00Z,-5.53891368326731e-05,0.00019950357454945333,7.615517461090349e-05,0.00022061106807477968,-0.0002055884351648274,-9.71516200820588e-05,8.89950335647427e-05,0.00024418263238256896
gmat_j2,numerical_j2_gmat_r2026a_eop_full,EarthMJ2000Eq,20640.0,2026-03-23T20:29:00Z,-6.793470674892887e-05,0.0001932826307893265,8.15066414361354e-05,0.00022049179654605024,-0.00020057866478850883,-0.00011159873025690104,8.294120945606664e-05,0.0002440600778278346
gmat_j2,numerical_j2_gmat_r2026a_eop_full,EarthMJ2000Eq,20700.0,2026-03-23T20:30:00Z,-7.482321962015703e-05,0.0001784869709808845,8.239521775976755e-05,0.00021034515662105672,-0.0001865672061285295,-0.00011826717383200958,7.359624021319178e-05,0.00023283224300412906
gmat_j2,numerical_j2_gmat_r2026a_eop_full,EarthMJ2000Eq,20760.0,2026-03-23T20:31:00Z,-0.00011744123185053468,0.00021949153961031698,0.0001113262442231644,0.00027269490562149124,-0.0002311839608637456,-0.00017392220996725882,8.597833556223122e-05,0.00030180661534598066
gmat_j2,numerical_j2_gmat_r2026a_eop_full,EarthMJ2000Eq,20820.0,2026-03-23T20:32:00Z,0.0016777003111201338,-0.00261951754509937,-0.0013067838153801858,0.003374053118010388,0.002748419269948954,0.0022930306542434664,-0.0010229697089414458,0.0037226690814708076
gmat_j2,numerical_j2_gmat_r2026a_eop_full,EarthMJ2000Eq,20880.0,2026-03-23T20:33:00Z,-7.022026693448424e-05,9.237555786967278e-05,6.445702638302464e-05,0.00013273597037060232,-0.00010092282565210553,-0.00010319478604969845,2.921929365129472e-05,0.00014726964292388612
gmat_j2,numerical_j2_gmat_r2026a_eop_full,EarthMJ2000Eq,20940.0,2026-03-23T20:34:00Z,-0.00011882184480782598,0.0001524877006886527,9.961809155356605e-05,0.0002174738922942749,-0.00016513190814748668,-0.00016793855195373908,5.0184301159106326e-05,0.00024081189423194314
gmat_j2,numerical_j2_gmat_r2026a_eop_full,EarthMJ2000Eq,21000.0,2026-03-23T20:35:00Z,-0.0006365908120642416,0.0006682039384031668,0.0004556034127745079,0.0010292321579866675,-0.0007222240583359962,-0.0008493667991160692,0.0002180882141544771,0.001136043141360874
gmat_j2,numerical_j2_gmat_r2026a_eop_full,EarthMJ2000Eq,21060.0,2026-03-23T20:36:00Z,0.0008367255759367254,-0.0007578555596410297,-0.0005516378678294132,0.0012564867989473046,0.0008206120227782776,0.0010879857015311245,-0.00024132473797067178,0.0013839633693927896
gmat_j2,numerical_j2_gmat_r2026a_eop_full,EarthMJ2000Eq,21120.0,2026-03-23T20:37:00Z,0.0006584859875147231,-0.0004867579264100641,-0.00041318207877338864,0.0009172003624594598,0.0005354330312457023,0.000844708303304742,-0.00013737055937212972,0.0010095005295705144
gmat_j2,numerical_j2_gmat_r2026a_eop_full,EarthMJ2000Eq,21180.0,2026-03-23T20:38:00Z,0.0007323687896132469,-0.00047403409553226084,-0.0004495547045735293,0.0009814131648448853,0.0005287237314632875,0.0009342482343299707,-0.00011909495611917009,0.0010800704403575525
gmat_j2,numerical_j2_gmat_r2026a_eop_full,EarthMJ2000Eq,21240.0,2026-03-23T20:39:00Z,0.0007584544619021472,-0.00041346356738358736,-0.0004530319870355015,0.0009754195372300951,0.00047047166162883514,0.0009608345230560644,-8.514744465060176e-05,0.001073217896059649
gmat_j2,numerical_j2_gmat_r2026a_eop_full,EarthMJ2000Eq,21300.0,2026-03-23T20:40:00Z,0.0007850098882045131,-0.00035497032513376325,-0.0004571518275042763,0.000975311360384432,0.00041441428066946173,0.0009882290541440852,-5.2155169072420904e-05,0.0010728727888889129
gmat_j2,numerical_j2_gmat_r2026a_eop_full,EarthMJ2000Eq,21360.0,2026-03-23T20:41:00Z,0.0008081501619017217,-0.00029496186471078545,-0.00045928585734600347,0.0009752193007593196,0.0003566373862895489,0.0010113754278506804,-1.8971935134004525e-05,0.0010725811930489535
gmat_j2,numerical_j2_gmat_r2026a_eop_full,EarthMJ2000Eq,21420.0,2026-03-23T20:42:00Z,0.0008277766028186306,-0.0002336919351364486,-0.00045942641690999153,0.0009751403269665983,0.00029737545759189743,0.0010301828279324354,1.4268142223272662e-05,0.0010723396857467151
gmat_j2,numerical_j2_gmat_r2026a_eop_full,EarthMJ2000Eq,21480.0,2026-03-23T20:43:00Z,0.0008438109944108874,-0.0001714288373477757,-0.0004575741741064121,0.0009750789534044234,0.0002368745199987643,0.0010445777576251203,4.742739534435714e-05,0.0010721481183954573
gmat_j2,numerical_j2_gmat_r2026a_eop_full,EarthMJ2000Eq,21540.0,2026-03-23T20:44:00Z,0.0008561821687180782,-0.00010843177733477205,-0.00045373815282800933,0.0009750300855350789,0.00017539125707344283,0.0010545072592904603,8.037215337708403e-05,0.001072010884269628
gmat_j2,numerical_j2_gmat_r2026a_eop_full,EarthMJ2000Eq,21600.0,2026-03-23T20:45:00Z,0.000859254100760154,-4.606499715009704e-05,-0.00044524756503960816,0.0009688575683810697,0.00011380940634353465,0.001053147624663353,0.00011145440126369976,0.0010651265576763077
gmat_j2,numerical_j2_gmat_r2026a_eop_full,EarthMJ2000Eq,21660.0,2026-03-23T20:46:00Z,0.0009209121003550536,2.952219801954925e-05,-0.0004646407205655123,0.0010319116512395334,4.4285464184667944e-05,0.0011223849072372616,0.00015904699779412113,0.001134462440911717
gmat_j2,numerical_j2_gmat_r2026a_eop_full,EarthMJ2000Eq,21720.0,2026-03-23T20:47:00Z,0.0006506121792426711,3.561308403732255e-05,-0.0003252318947488675,0.0007282446600528461,1.4837020501090592e-05,0.0007915459399043812,0.00011617018458309758,0.0008001628733842448
gmat_j2,numerical_j2_gmat_r2026a_eop_full,EarthMJ2000Eq,21780.0,2026-03-23T20:48:00Z,0.0015489293332393572,0.0002889864845201373,-0.00074447439146752,0.0017426810916388465,-0.00015788881313483216,0.0018691677095006298,0.0003931988068472947,0.001916591272352844
gmat_j2,numerical_j2_gmat_r2026a_eop_full,EarthMJ2000Eq,21840.0,2026-03-23T20:49:00Z,0.0013069567330603604,0.0002657516233739443,-0.0006247983037610538,0.0014727975922713844,-0.00015640377881709355,0.0015757559701512491,0.0003410125515301843,0.0016198020187037357
gmat_j2,numerical_j2_gmat_r2026a_eop_full,EarthMJ2000Eq,21900.0,2026-03-23T20:50:00Z,-0.0014550219020748045,-0.0004583016561809927,0.0006702271093672607,0.0016662333335119715,0.0003204920773214326,-0.0017410868302647486,-0.0004843627721129451,0.0018354034480615137
gmat_j2,numerical_j2_gmat_r2026a_eop_full,EarthMJ2000Eq,21960.0,2026-03-23T20:51:00Z,0.0012604932635440491,0.0005508945832843892,-0.000552827941646683,0.0014825474165763863,-0.0004431797151482897,0.0014964989247800986,0.00047483261766956275,0.001631374667754112
gmat_j2,numerical_j2_gmat_r2026a_eop_full,EarthMJ2000Eq,22020.0,2026-03-23T20:52:00Z,0.0012037075975968037,0.0005137790139997378,-0.0005309825610311236,0.0014123821493696321,-0.0004114983909175862,0.0014304064599457433,0.00044686698785767476,0.0015540539473323529
gmat_j2,numerical_j2_gmat_r2026a_eop_full,EarthMJ2000Eq,22080.0,2026-03-23T20:53:00Z,-0.0013535795915231574,-0.000759612703404855,0.0005625565790978726,0.0016509570177470796,0.0006275993058579843,-0.0015919758844518128,-0.000617070838870859,0.0018190779327929688
gmat_j2,numerical_j2_gmat_r2026a_eop_full,EarthMJ2000Eq,22140.0,2026-03-23T20:54:00Z,0.0012307364158914424,0.0008763809091760777,-0.00048328183765988797,0.0015862903132722963,-0.0007688205627687239,0.0014354464283883317,0.0006321934087338832,0.001746785622953029
gmat_j2,numerical_j2_gmat_r2026a_eop_full,EarthMJ2000Eq,22200.0,2026-03-23T20:55:00Z,0.0007352991815423593,0.0004184048520983197,-0.00030913633963791654,0.0009007179265014156,-0.0003574980311782383,0.0008664544637326799,0.0003207354382084304,0.0009906661402013075
gmat_j2,numerical_j2_gmat_r2026a_eop_full,EarthMJ2000Eq,22260.0,2026-03-23T20:56:00Z,0.000661994818074163,0.0006948794180061668,-0.0002238548404420726,0.0009854976074628386,-0.0006388454210082273,0.0007559242121146781,0.0004467759495696555,0.001085888408409558
gmat_j2,numerical_j2_gmat_r2026a_eop_full,EarthMJ2000Eq,22320.0,2026-03-23T20:57:00Z,0.0010919147825916298,0.0009588602551957592,-0.00040000486478675157,0.0015072142426640182,-0.0008627019099094468,0.001260220372500953,0.0006506222227642411,0.0016600359181001265
gmat_j2,numerical_j2_gmat_r2026a_eop_full,EarthMJ2000Eq,22380.0,2026-03-23T20:58:00Z,-0.001120343767979648,-0.0012224809324834496,0.00035688890420715325,0.0016961720073986077,0.0011100755870074863,-0.001270747063131239,-0.0008088429925834362,0.0018711742019325759
gmat_j2,numerical_j2_gmat_r2026a_eop_full,EarthMJ2000Eq,22440.0,2026-03-23T20:59:00Z,0.001055249413184356,0.0014239194570109248,-0.00030133514883345924,0.0017977488189407044,-0.0013288801170574516,0.001180538333755976,0.0008779250659785021,0.0019825099103034315
gmat_j2,numerical_j2_gmat_r2026a_eop_full,EarthMJ2000Eq,22500.0,2026-03-23T21:00:00Z,0.0002667457010829821,0.0001783864718163386,-0.0001140742824645713,0.00034057002847159027,-0.00015792345209320047,0.00031455993365625545,0.00012318679409872857,0.000372911188921952
gmat_j2,numerical_j2_gmat_r2026a_eop_full,EarthMJ2000Eq,22560.0,2026-03-23T21:01:00Z,0.0011327783795422874,0.0018870318854169454,-0.00026171210265601985,0.002216431685934696,-0.0017828520881835175,0.001241229341530925,0.0011237339947456348,0.0024458106912769446
gmat_j2,numerical_j2_gmat_r2026a_eop_full,EarthMJ2000Eq,22620.0,2026-03-23T21:02:00Z,0.00037645077100023627,0.0005566125764744356,-0.00010584517440292984,0.0006802469729595042,-0.0005243081524497484,0.00042035175340515707,0.00033181113412439345,0.0007494619830551612
gmat_j2,numerical_j2_gmat_r2026a_eop_full,EarthMJ2000Eq,22680.0,2026-03-23T21:03:00Z,4.5702108764089644e-05,0.00018483751773601398,-1.2501004675868899e-06,0.00019040786081324222,-0.00018386980826790023,4.5417003491365904e-05,9.12872000213838e-05,0.00021024786202564167
gmat_j2,numerical_j2_gmat_r2026a_eop_full,EarthMJ2000Eq,22740.0,2026-03-23T21:04:00Z,0.00028476915758801624,0.0006675759323115926,-4.051707946928218e-05,0.0007269062747313443,-0.0006434914823216786,0.0002999547277227066,0.0003734680897871101,0.0008022047996571619
gmat_j2,numerical_j2_gmat_r2026a_eop_full,EarthMJ2000Eq,22800.0,2026-03-23T21:05:00Z,0.00019236722437199205,0.0005789174792880658,-9.05674824025482e-06,0.0006101086964849131,-0.0005632863064874982,0.00019392309980048594,0.0003142869905298218,0.0006735532229370217
gmat_j2,numerical_j2_gmat_r2026a_eop_full,EarthMJ2000Eq,22860.0,2026-03-23T21:06:00Z,0.00016529702406842262,0.0006039522304490674,8.707502274774015e-06,0.0006262245790658055,-0.0005905453903665148,0.00015897150262844661,0.00032299518615275247,0.0006916225032551621
gmat_j2,numerical_j2_gmat_r2026a_eop_full,EarthMJ2000Eq,22920.0,2026-03-23T21:07:00Z,0.00012898453860543668,0.0006110210506449221,2.813067112583667e-05,0.0006251200446222084,-0.0006007145891828714,0.00011409184708099929,0.000321203175168705,0.0006906854906293875
gmat_j2,numerical_j2_gmat_r2026a_eop_full,EarthMJ2000Eq,22980.0,2026-03-23T21:08:00Z,9.267205314245075e-05,0.0006165255399537273,4.733328751171939e-05,0.0006252457844364401,-0.0006093283655417281,6.929834484026287e-05,0.0003186648722675045,0.0006911082537986497
gmat_j2,numerical_j2_gmat_r2026a_eop_full,EarthMJ2000Eq,23040.0,2026-03-23T21:09:00Z,5.592028173850849e-05,0.0006193299668666441,6.634309102082625e-05,0.0006253783586717326,-0.000615290707273175,2.4144242161128204e-05,0.00031473523787184376,0.0006915373228138198
gmat_j2,numerical_j2_gmat_r2026a_eop_full,EarthMJ2000Eq,23100.0,2026-03-23T21:10:00Z,1.8894752429332584e-05,0.0006194201205289573,8.507367965648882e-05,0.0006255204459933893,-0.0006185373879752376,-2.1163515384614584e-05,0.000309428482836438,0.0006919410240021357
gmat_j2,numerical_j2_gmat_r2026a_eop_full,EarthMJ2000Eq,23160.0,2026-03-23T21:11:00Z,-1.926946424646303e-05,0.0006214398808879196,0.0001047883415594697,0.0006305072833339211,-0.0006239786465300767,-6.801226248853709e-05,0.0003050100172430348,0.000697858244769604
gmat_j2,numerical_j2_gmat_r2026a_eop_full,EarthMJ2000Eq,23220.0,2026-03-23T21:12:00Z,-4.584580892696977e-05,0.0005664069249178283,0.0001085913936549332,0.0005785419030346542,-0.0005710508732548192,-9.605916062582764e-05,0.000273842060138918,0.0006405590808710442
gmat_j2,numerical_j2_gmat_r2026a_eop_full,EarthMJ2000Eq,23280.0,2026-03-23T21:13:00Z,-0.00014354282029671595,0.0008369061106350273,0.00020616244000848383,0.0008737959320958387,-0.0008524183581215539,-0.00023809842986111107,0.00039492564773979666,0.0009691615896266577
gmat_j2,numerical_j2_gmat_r2026a_eop_full,EarthMJ2000Eq,23340.0,2026-03-23T21:14:00Z,0.00022635595087194815,-0.001127783662013826,-0.0003289146661700215,0.001196376973375113,0.0011571306135493842,0.0003759721423080009,-0.0005316422857504222,0.0013277612091798642
gmat_j2,numerical_j2_gmat_r2026a_eop_full,EarthMJ2000Eq,23400.0,2026-03-23T21:15:00Z,-0.0006032423698343337,0.0021804421521665063,0.0006783334356441628,0.0023618563854774623,-0.0022488333417669537,-0.0009138503287431377,0.0009978604609273134,0.0026245188743594006
gmat_j2,numerical_j2_gmat_r2026a_eop_full,EarthMJ2000Eq,23460.0,2026-03-23T21:16:00Z,0.0003772702257265337,-0.0011095239642600063,-0.00040349641494685784,0.001239429549172504,0.001155259443663681,0.0005615605758180209,-0.0004958389254738904,0.0013768917540977167
gmat_j2,numerical_j2_gmat_r2026a_eop_full,EarthMJ2000Eq,23520.0,2026-03-23T21:17:00Z,-0.0009175100785796531,0.002147502982552396,0.0008345091373485047,0.002479919213338375,-0.002246931085636561,-0.0013015668542948333,0.0009307536963376606,0.0027584557315724787
gmat_j2,numerical_j2_gmat_r2026a_eop_full,EarthMJ2000Eq,23580.0,2026-03-23T21:18:00Z,-0.0009637606126489118,0.0019068093024543487,0.0008162587619153783,0.002287145513696816,-0.0020093633423812207,-0.0013404353182977502,0.0008025256015287141,0.0025452613275171658
gmat_j2,numerical_j2_gmat_r2026a_eop_full,EarthMJ2000Eq,23640.0,2026-03-23T21:19:00Z,0.0005519714250112884,-0.0009514437806501519,-0.0004653190899261972,0.0011943364589664803,0.0010150835727529284,0.0007659712863983259,-0.00038427616644298723,0.001328448284035052
gmat_j2,numerical_j2_gmat_r2026a_eop_full,EarthMJ2000Eq,23700.0,2026-03-23T21:20:00Z,-0.0012298523870413192,0.0017841484805103391,0.0009322250207333127,0.0023589756640753647,-0.0019115589111606823,-0.0016623324938791484,0.0006975020561128531,0.0026275303821889366
gmat_j2,numerical_j2_gmat_r2026a_eop_full,EarthMJ2000Eq,23760.0,2026-03-23T21:21:00Z,0.0006961345206946135,-0.0008799343049759045,-0.0005263802904664772,0.0012393400914066002,0.0009576952564316343,0.0009394156563757861,-0.00032195091037579004,0.0013796138475411887
gmat_j2,numerical_j2_gmat_r2026a_eop_full,EarthMJ2000Eq,23820.0,2026-03-23T21:22:00Z,-0.0015297546269721352,0.0016435360521427356,0.001062653382177814,0.0024840676689835833,-0.0017981518496412718,-0.002025284828732765,0.0005770961486462056,0.0027691458388184823
gmat_j2,numerical_j2_gmat_r2026a_eop_full,EarthMJ2000Eq,23880.0,2026-03-23T21:23:00Z,-0.001508931745775044,0.001407997842761688,0.0010110397852258757,0.0022981589122466864,-0.0015583099255422894,-0.0019815589169525083,0.0004621409921412578,0.002562904575284636
gmat_j2,numerical_j2_gmat_r2026a_eop_full,EarthMJ2000Eq,23940.0,2026-03-23T21:24:00Z,0.0008465308383165393,-0.0006866521289339289,-0.0005684603365807561,0.0012293302081442178,0.0007774074717303847,0.0011106848774034006,-0.00019571411158381125,0.00136977636403461
gmat_j2,numerical_j2_gmat_r2026a_eop_full,EarthMJ2000Eq,24000.0,2026-03-23T21:25:00Z,-0.0018158343664254062,0.001245177372766193,0.0011414543905630126,0.0024800482377720103,-0.001421809336932256,-0.0023515562830311865,0.00032834579499763095,0.002767520497474918
gmat_j2,numerical_j2_gmat_r2026a_eop_full,EarthMJ2000Eq,24060.0,2026-03-23T21:26:00Z,-0.0017784759620553814,0.0010326984920538962,0.00108551535049628,0.0023254647920925974,-0.0012031025065084577,-0.0022889259376768223,0.00022748025685359607,0.002595839913514474
gmat_j2,numerical_j2_gmat_r2026a_eop_full,EarthMJ2000Eq,24120.0,2026-03-23T21:27:00Z,0.001039504240907263,-0.000502779585076496,-0.0006335217221931089,0.0013170824387730637,0.000609142070118196,0.0013346741489783653,-6.674794050809396e-05,0.0014686267167327023
gmat_j2,numerical_j2_gmat_r2026a_eop_full,EarthMJ2000Eq,24180.0,2026-03-23T21:28:00Z,0.0006559394023497589,-0.0002669958121259697,-0.00039400089235641644,0.0008104196236675278,0.00033372415941812505,0.0008400031781263806,-1.1245671061033136e-05,0.0009039378402077031
gmat_j2,numerical_j2_gmat_r2026a_eop_full,EarthMJ2000Eq,24240.0,2026-03-23T21:29:00Z,-0.002308077000634512,0.0007042553988867439,0.0013023409053403157,0.0027421318242275964,-0.000919364140372636,-0.0029206812524051884,-2.80073741976139e-05,0.003062089778854255
gmat_j2,numerical_j2_gmat_r2026a_eop_full,EarthMJ2000Eq,24300.0,2026-03-23T21:30:00Z,-0.0009997440884035314,0.00027767418941948563,0.0005551162303163437,0.001176751981909614,-0.00036914737933102515,-0.0012622387579597216,-1.8325785333672684e-05,0.0013152384970684064
gmat_j2,numerical_j2_gmat_r2026a_eop_full,EarthMJ2000Eq,24360.0,2026-03-23T21:31:00Z,0.0006711663900205167,-0.00017020647646859288,-0.0003823283805104438,0.0007909548395886864,0.000235388597502606,0.0008482750057936528,4.311884183039183e-05,0.000881383861781721
gmat_j2,numerical_j2_gmat_r2026a_eop_full,EarthMJ2000Eq,24420.0,2026-03-23T21:32:00Z,-0.0014352021935337689,0.0001801136022550054,0.0007636582495251787,0.0016356711674750753,-0.0003091331635118877,-0.00179669867872434,-0.00014236611889373307,0.001828649109786107
gmat_j2,numerical_j2_gmat_r2026a_eop_full,EarthMJ2000Eq,24480.0,2026-03-23T21:33:00Z,0.0010153203788831888,-3.8910002331249416e-05,-0.0005343374596122885,0.0011480008627182446,0.00013225509576386685,0.0012613151981200055,0.00017035661770137267,0.0012796205752326234
gmat_j2,numerical_j2_gmat_r2026a_eop_full,EarthMJ2000Eq,24540.0,2026-03-23T21:34:00Z,-0.002492557520383798,-0.00019046638044528663,0.0012439793408702826,0.0027922401463724104,-2.5857538332729746e-05,-0.0030777997928055356,-0.0005136295833096938,0.003120470401355109
gmat_j2,numerical_j2_gmat_r2026a_eop_full,EarthMJ2000Eq,24600.0,2026-03-23T21:35:00Z,-0.0010908449326052505,-0.0001263060767087154,0.0005353974756872049,0.001221698141513006,3.380673518904587e-05,-0.0013459886538669252,-0.0002382956054702845,0.0013673379784344066
gmat_j2,numerical_j2_gmat_r2026a_eop_full,EarthMJ2000Eq,24660.0,2026-03-23T21:36:00Z,0.0009554013331580791,0.0001835769580793567,-0.0004612747943610884,0.0010766924550914105,-9.934453260029841e-05,0.0011631224872132861,0.0002736149085080797,0.0011989947350079056
gmat_j2,numerical_j2_gmat_r2026a_eop_full,EarthMJ2000Eq,24720.0,2026-03-23T21:37:00Z,-0.0024452599518554052,-0.0007392645784420893,0.0011257463938818546,0.002791614818062309,0.0005376028511250297,-0.0029711646476471287,-0.0007844365157438915,0.003119643703405609
gmat_j2,numerical_j2_gmat_r2026a_eop_full,EarthMJ2000Eq,24780.0,2026-03-23T21:38:00Z,-0.0009982247775042197,-0.0003277637006249279,0.00045525143832492176,0.0011450483055171106,0.00024792523589667326,-0.0012150196404547842,-0.0003249143176731195,0.0012819161295163904
gmat_j2,numerical_j2_gmat_r2026a_eop_full,EarthMJ2000Eq,24840.0,2026-03-23T21:39:00Z,0.0006581867637578398,0.00023414304450852796,-0.00029635975806741044,0.0007588556433733066,-0.00017640022775822217,0.000787100606913782,0.0002473528049051765,0.0008436988893270247
gmat_j2,numerical_j2_gmat_r2026a_eop_full,EarthMJ2000Eq,24900.0,2026-03-23T21:40:00Z,-0.0014557826943928376,-0.0007466242095688358,0.0006186087375681382,0.0017491219894002832,0.0006335589830541721,-0.0017430719090327784,-0.0006169735833339018,0.0019545723490317995
gmat_j2,numerical_j2_gmat_r2026a_eop_full,EarthMJ2000Eq,24960.0,2026-03-23T21:41:00Z,0.0014525676306220703,0.0009163304639514536,-0.0005822121238452382,0.0018134456699468238,-0.0007985816452560357,0.0017065038271368849,0.0007301648174973252,0.002020650542989454
gmat_j2,numerical_j2_gmat_r2026a_eop_full,EarthMJ2000Eq,25020.0,2026-03-23T21:42:00Z,-0.0005067909114586655,-0.0004095445547136478,0.00019212484403396957,0.0006793200467583613,0.00037472780434200104,-0.000598967986320531,-0.00028189717227178335,0.0007606902074554899
gmat_j2,numerical_j2_gmat_r2026a_eop_full,EarthMJ2000Eq,25080.0,2026-03-23T21:43:00Z,-0.0014842325981589966,-0.001179630089609418,0.0005596698429144453,0.0019767913108918725,0.001070414867854197,-0.0017381873718136376,-0.0008418106212104703,0.002208105172051023
gmat_j2,numerical_j2_gmat_r2026a_eop_full,EarthMJ2000Eq,25140.0,2026-03-23T21:44:00Z,-0.00040594113670522347,-0.00041876137402141467,0.00014061743058846332,0.0005999354603848096,0.00039340708468671437,-0.0004745368542558026,-0.0002700322188076143,0.0006729574722988488
gmat_j2,numerical_j2_gmat_r2026a_eop_full,EarthMJ2000Eq,25200.0,2026-03-23T21:45:00Z,-0.0005918573151575401,-0.0006251029844861478,0.00020070638129254803,0.0008839297903173818,0.0005864446706027593,-0.0006854401490841155,-0.00040712788695884683,0.0009896962493585642
gmat_j2,numerical_j2_gmat_r2026a_eop_full,EarthMJ2000Eq,25260.0,2026-03-23T21:46:00Z,-0.000522553818882443,-0.0006363752618199214,0.00016399644664488733,0.000839601573365098,0.000603718852687507,-0.0005981704020996403,-0.00040104985998823395,0.0009397474518374324
gmat_j2,numerical_j2_gmat_r2026a_eop_full,EarthMJ2000Eq,25320.0,2026-03-23T21:47:00Z,-0.00048786478146212175,-0.0006731465873599518,0.00014054876373847947,0.0008431443103371142,0.0006436255972630534,-0.0005513145495683602,-0.000413847844882298,0.0009431180629866595
gmat_j2,numerical_j2_gmat_r2026a_eop_full,EarthMJ2000Eq,25380.0,2026-03-23T21:48:00Z,-0.0004481862561078742,-0.000704659669281682,0.00011543079381226562,0.0008430542318476862,0.0006784564021700135,-0.0004987699142589008,-0.0004230902295176975,0.0009423798911949726
gmat_j2,numerical_j2_gmat_r2026a_eop_full,EarthMJ2000Eq,25440.0,2026-03-23T21:49:00Z,-0.0004065177563461475,-0.0007329545042011887,8.981760402093641e-05,0.0008429390211904879,0.0007100324772579825,-0.0004440829926011247,-0.0004303404299577096,0.0009415671557222375
gmat_j2,numerical_j2_gmat_r2026a_eop_full,EarthMJ2000Eq,25500.0,2026-03-23T21:50:00Z,-0.0003630520950537175,-0.000757910584070487,6.383015715982765e-05,0.0008427986510027223,0.0007381868449840567,-0.00038751579722884344,-0.00043557840667673986,0.0009406470430360526
gmat_j2,numerical_j2_gmat_r2026a_eop_full,EarthMJ2000Eq,25560.0,2026-03-23T21:51:00Z,-0.0003156928869429976,-0.0007693301995459478,3.818558980128728e-05,0.0008324596651299595,0.0007526557155301816,-0.0003275220095133591,-0.00043323222786995075,0.0009281440923159935
gmat_j2,numerical_j2_gmat_r2026a_eop_full,EarthMJ2000Eq,25620.0,2026-03-23T21:52:00Z,-0.0002899278115364723,-0.000889703414941323,4.288722266210243e-06,0.0009357610248344696,0.0008747047530732743,-0.0002837561297042157,-0.0004891902837672601,0.001041601209641188
gmat_j2,numerical_j2_gmat_r2026a_eop_full,EarthMJ2000Eq,25680.0,2026-03-23T21:53:00Z,-0.0001390862962580286,-0.00038992948248051107,1.5900241123745218e-05,0.0004142979806637833,0.00038348701991708367,-0.0001460129794850218,-0.0002128713039173391,0.0004622729460550847
gmat_j2,numerical_j2_gmat_r2026a_eop_full,EarthMJ2000Eq,25740.0,2026-03-23T21:54:00Z,-0.0004947096385876648,-0.0024115079213515855,-0.00015886644177953713,0.0024668495348473675,0.002384549890876997,-0.00038905945132228226,-0.0012869441623486466,0.0027374569797072525
gmat_j2,numerical_j2_gmat_r2026a_eop_full,EarthMJ2000Eq,25800.0,2026-03-23T21:55:00Z,-1.0110852599609643e-05,0.00026201928449154366,6.622076398343779e-05,0.00027044689750171236,-0.00026268676123208934,-5.026024041399069e-05,0.00013466017190211232,0.00029943912267735377
gmat_j2,numerical_j2_gmat_r2026a_eop_full,EarthMJ2000Eq,25860.0,2026-03-23T21:56:00Z,-0.00013125281839165837,-0.0020446404107588023,-0.00027988789952360094,0.0020678778851623255,0.0020428611025025134,2.3921309377783473e-05,-0.0010397949168350351,0.0022923846060894995
gmat_j2,numerical_j2_gmat_r2026a_eop_full,EarthMJ2000Eq,25920.0,2026-03-23T21:57:00Z,-3.975856088800356e-05,-0.00011441011338320095,1.5629211702616885e-05,0.00012212571173461875,0.00011229578378291194,-4.9956483394453244e-05,-6.0395688450398666e-05,0.00013694390264614342
gmat_j2,numerical_j2_gmat_r2026a_eop_full,EarthMJ2000Eq,25980.0,2026-03-23T21:58:00Z,-2.1335836208891124e-05,0.0014092527180764591,0.00027660144041874446,0.0014362996895336102,-0.0014157268968251202,-0.00017412116193327165,0.0007028373438799917,0.0015901513001533405
gmat_j2,numerical_j2_gmat_r2026a_eop_full,EarthMJ2000Eq,26040.0,2026-03-23T21:59:00Z,0.00022956373868510127,-0.002341069375688676,-0.0005170918484509457,0.0024084620220466138,0.0023656816505734923,0.0004962057431612266,-0.001125294302184443,0.0026662627548565206
gmat_j2,numerical_j2_gmat_r2026a_eop_full,EarthMJ2000Eq,26100.0,2026-03-23T22:00:00Z,-1.841544872149825e-05,-4.447429091669619e-05,1.786111170076765e-05,5.134306784118335e-05,4.231215378069919e-05,-2.9829472225628706e-05,-2.4225954575740616e-05,5.715778727283745e-05
gmat_j2,numerical_j2_gmat_r2026a_eop_full,EarthMJ2000Eq,26160.0,2026-03-23T22:01:00Z,-0.00027588885131990537,0.001350545062450692,0.00039778524296707474,0.0014346845379786231,-0.0013771968010445335,-0.0004800586594910783,0.0006250830963949738,0.0015867754166101755
gmat_j2,numerical_j2_gmat_r2026a_eop_full,EarthMJ2000Eq,26220.0,2026-03-23T22:02:00Z,0.0006727777872583829,-0.0022637441361439414,-0.0007309977263503242,0.0024721499025916107,0.002320049485859954,0.001031866148082372,-0.0010099792113749118,0.0027326608592737737
gmat_j2,numerical_j2_gmat_r2026a_eop_full,EarthMJ2000Eq,26280.0,2026-03-23T22:03:00Z,-0.00016229296306846663,0.0002889901224989444,0.0001511839400336612,0.00036429504592788416,-0.0003046669583284256,-0.00023735502452382207,0.00011382805809034835,0.00040263654823229664
gmat_j2,numerical_j2_gmat_r2026a_eop_full,EarthMJ2000Eq,26340.0,2026-03-23T22:04:00Z,0.0008479373718728311,-0.001828412223403575,-0.0007439793989760801,0.0021483934442766803,0.0018962023062840672,0.0012037784102858495,-0.0007635567733643711,0.0023722741396343615
gmat_j2,numerical_j2_gmat_r2026a_eop_full,EarthMJ2000Eq,26400.0,2026-03-23T22:05:00Z,-3.294462658232078e-05,-3.235572876292281e-05,2.7433088689576834e-05,5.3710482770857456e-05,2.66067168297468e-05,-4.737543690680468e-05,-2.525668563180261e-05,5.9918691338118085e-05
gmat_j2,numerical_j2_gmat_r2026a_eop_full,EarthMJ2000Eq,26460.0,2026-03-23T22:06:00Z,-0.0004517787601798773,0.0008382694431929849,0.0003970187663071556,0.0010317090715607766,-0.0008792784278455201,-0.0006436975397150491,0.0003336348974869452,0.001139644383626235
gmat_j2,numerical_j2_gmat_r2026a_eop_full,EarthMJ2000Eq,26520.0,2026-03-23T22:07:00Z,-0.0003581599230528809,0.0005037964001530781,0.00028924819162057247,0.0006824616177077048,-0.0005372164935124601,-0.0004964277877661516,0.00018261747669612305,0.0007539172714317383
gmat_j2,numerical_j2_gmat_r2026a_eop_full,EarthMJ2000Eq,26580.0,2026-03-23T22:08:00Z,0.001806854925234802,-0.0022685699150315486,-0.0013161159131414024,0.0031848540432891956,0.0024129134246209105,0.0024174218182793084,-0.0008178040467043957,0.00351210519503826
gmat_j2,numerical_j2_gmat_r2026a_eop_full,EarthMJ2000Eq,26640.0,2026-03-23T22:09:00Z,-0.00025838562578428537,0.00028843351174145937,0.00019894241631845944,0.00043535629927459943,-0.0003143281190887137,-0.00035274982934652144,9.121459143557331e-05,0.00048120131986997627
gmat_j2,numerical_j2_gmat_r2026a_eop_full,EarthMJ2000Eq,26700.0,2026-03-23T22:10:00Z,-0.00026951602194458246,0.00026024372346000746,0.00019916069504688494,0.00042430020520466377,-0.00028747138003382133,-0.000362993191060923,7.444311833637585e-05,0.0004689836126804274
gmat_j2,numerical_j2_gmat_r2026a_eop_full,EarthMJ2000Eq,26760.0,2026-03-23T22:11:00Z,0.0022015688045939896,-0.0017918246157933027,-0.0014358033695316408,0.00318104887907788,0.0019689672114964196,0.002853119518420044,-0.0005147549053674538,0.003504582069082884
gmat_j2,numerical_j2_gmat_r2026a_eop_full,EarthMJ2000Eq,26820.0,2026-03-23T22:12:00Z,-0.0003080822352785617,0.00021911273506702855,0.00021048629150755005,0.0004327002811131399,-0.0002504112472934139,-0.00040484282592956333,4.5772274859245954e-05,0.00047822443227366415
gmat_j2,numerical_j2_gmat_r2026a_eop_full,EarthMJ2000Eq,26880.0,2026-03-23T22:13:00Z,-0.0003194345481460914,0.00019237450032960624,0.0002108794205923914,0.00042838826892872074,-0.00022506885244411023,-0.00041548497975441023,2.9829028136418856e-05,0.00047346966920975474
gmat_j2,numerical_j2_gmat_r2026a_eop_full,EarthMJ2000Eq,26940.0,2026-03-23T22:14:00Z,-0.00033426840673200786,0.00016785270418040454,0.00021339718614399317,0.000430637036370542,-0.00020225243702043372,-0.0004305986678332374,1.4436007944595985e-05,0.0004759513203530794
gmat_j2,numerical_j2_gmat_r2026a_eop_full,EarthMJ2000Eq,27000.0,2026-03-23T22:15:00Z,-0.00033989272196777165,0.0001399157554260455,0.0002105175553879235,0.00042358130528814575,-0.0001752331613147362,-0.00043415093742282806,-1.0040857034709916e-06,0.00046818234212492115
gmat_j2,numerical_j2_gmat_r2026a_eop_full,EarthMJ2000Eq,27060.0,2026-03-23T22:16:00Z,0.002662792212504428,-0.0008563465598854236,-0.0015100809775958624,0.0031787004194322403,0.0010771019631761192,0.003328111564115943,2.4711344082106734e-05,0.0034981546382066167
gmat_j2,numerical_j2_gmat_r2026a_eop_full,EarthMJ2000Eq,27120.0,2026-03-23T22:17:00Z,-0.0003665591066237539,8.852020982885733e-05,0.00021331612742869765,0.00043324955443499984,-0.0001269935268055633,-0.0004605680281599689,-3.2160940577341535e-05,0.0004788367054774482
gmat_j2,numerical_j2_gmat_r2026a_eop_full,EarthMJ2000Eq,27180.0,2026-03-23T22:18:00Z,-0.00036387541513249744,5.949186743237078e-05,0.00020582444903993746,0.0004222656792246227,-9.814904444738204e-05,-0.0004539453257734749,-4.651301566127586e-05,0.00046675802547297085
gmat_j2,numerical_j2_gmat_r2026a_eop_full,EarthMJ2000Eq,27240.0,2026-03-23T22:19:00Z,0.002803123493322346,-0.00024474684323649853,-0.0014760074691366754,0.0031774203979072642,0.00048253046003310374,0.003444419083287187,0.00034967984063882795,0.003495587855729262
gmat_j2,numerical_j2_gmat_r2026a_eop_full,EarthMJ2000Eq,27300.0,2026-03-23T22:20:00Z,-0.00038145071812323295,4.509274731390178e-06,0.0002030571977229556,0.0004321541501159427,-4.5494275013879815e-05,-0.00046914451490298603,-7.746514540940552e-05,0.00047766845580998643
gmat_j2,numerical_j2_gmat_r2026a_eop_full,EarthMJ2000Eq,27360.0,2026-03-23T22:21:00Z,0.0004150757604293176,5.8123077906202525e-05,-0.00019751769286813214,0.0004633351034372601,-2.8912872096498177e-05,0.0005004009429043776,8.662848216545171e-05,0.0005086664444945712
gmat_j2,numerical_j2_gmat_r2026a_eop_full,EarthMJ2000Eq,27420.0,2026-03-23T22:22:00Z,0.0024062463239715726,0.000269606061920058,-0.001183527729153866,0.0026950782337303043,-6.289280207738557e-05,0.002915574337514215,0.0005347691178769765,0.0029648789573200993
gmat_j2,numerical_j2_gmat_r2026a_eop_full,EarthMJ2000Eq,27480.0,2026-03-23T22:23:00Z,-0.0007765203235976514,-0.0001312682798015885,0.00037852919376746286,0.0008737845986148502,5.3088200502315885e-05,-0.000937822264290844,-0.000213121520431514,0.0009631976634643691
gmat_j2,numerical_j2_gmat_r2026a_eop_full,EarthMJ2000Eq,27540.0,2026-03-23T22:24:00Z,-0.00031691251933807507,-9.007908374769613e-05,0.00014870875020278618,0.0003614720993782299,5.2719606458140333e-05,-0.0003792659519774588,-0.00011352874196290941,0.00039938802496588475
gmat_j2,numerical_j2_gmat_r2026a_eop_full,EarthMJ2000Eq,27600.0,2026-03-23T22:25:00Z,-0.0006419654710043687,-0.00025891677069012076,0.0002843667061824817,0.0007483461656823902,0.00019134116513441768,-0.0007616298702828317,-0.000253352006041041,0.000825153767334949
gmat_j2,numerical_j2_gmat_r2026a_eop_full,EarthMJ2000Eq,27660.0,2026-03-23T22:26:00Z,0.00042698275137809105,0.00023535994841950014,-0.00017748698155628517,0.000518854704051525,-0.00020412116441548278,0.0005029905381093158,0.00017586332390351345,0.0005706074306247893
gmat_j2,numerical_j2_gmat_r2026a_eop_full,EarthMJ2000Eq,27720.0,2026-03-23T22:27:00Z,0.0022502304091176484,0.0011201618690392934,-0.0009569898793415632,0.0026896336434781526,-0.0009200116224405974,0.0026561655097623316,0.0009287406399494103,0.002960438443367875
gmat_j2,numerical_j2_gmat_r2026a_eop_full,EarthMJ2000Eq,27780.0,2026-03-23T22:28:00Z,-0.0008966594577941578,-0.0005408164724940434,0.00036136043490841985,0.0011077283078850227,0.0004487681337650429,-0.0010481797652062141,-0.0004371361050914402,0.0012211312920588138
gmat_j2,numerical_j2_gmat_r2026a_eop_full,EarthMJ2000Eq,27840.0,2026-03-23T22:29:00Z,0.00044268153942539357,0.00035317953006597236,-0.00016787907952675596,0.0005906658201965035,-0.00031955149637497016,0.0005140492476130021,0.00023737234400300622,0.0006501579942632849
gmat_j2,numerical_j2_gmat_r2026a_eop_full,EarthMJ2000Eq,27900.0,2026-03-23T22:30:00Z,0.0020000575204903726,0.0015305731722037308,-0.0007584103514091112,0.0026302225346659133,-0.0013499388273885415,0.0023194797194037164,0.001090267875980544,0.0028967231569156588
gmat_j2,numerical_j2_gmat_r2026a_eop_full,EarthMJ2000Eq,27960.0,2026-03-23T22:31:00Z,-0.0006291174940997735,-0.0005318324838299304,0.00022213862393982708,0.0008532175458140623,0.00046481041238166654,-0.0007216520714337094,-0.00038641134736394633,0.0009413523044188072
gmat_j2,numerical_j2_gmat_r2026a_eop_full,EarthMJ2000Eq,28020.0,2026-03-23T22:32:00Z,-0.0002379615580139216,-0.00023564189177704975,7.310109140235e-05,0.0003427777323819249,0.00020596946370687874,-0.0002679545474393308,-0.00017175727506923977,0.00037910898302773876
gmat_j2,numerical_j2_gmat_r2026a_eop_full,EarthMJ2000Eq,28080.0,2026-03-23T22:33:00Z,-0.0004950725269736722,-0.0006006184776197188,0.00013878661775379442,0.000790633346052305,0.0005470219832659495,-0.0005522053925233195,-0.00039748138114248377,0.0008730150594709019
gmat_j2,numerical_j2_gmat_r2026a_eop_full,EarthMJ2000Eq,28140.0,2026-03-23T22:34:00Z,0.0002464212229824625,0.0003533959898049943,-7.238804755616002e-05,0.00043686631155928814,-0.0003355760114231998,0.000277135647763771,0.00020535129152676745,0.0004812323551423573
gmat_j2,numerical_j2_gmat_r2026a_eop_full,EarthMJ2000Eq,28200.0,2026-03-23T22:35:00Z,0.0016444409993709996,0.002396482159383595,-0.00042580404624459334,0.002937451621125771,-0.002245474028939043,0.001819828732152473,0.0014641210466237453,0.0032399970166921495
gmat_j2,numerical_j2_gmat_r2026a_eop_full,EarthMJ2000Eq,28260.0,2026-03-23T22:36:00Z,0.0006377194949891418,0.0010754188224382233,-0.00014605575415771455,0.0012587867497182354,-0.0010200174038743626,0.000696628532637078,0.0006336664526429558,0.0013882578974728688
gmat_j2,numerical_j2_gmat_r2026a_eop_full,EarthMJ2000Eq,28320.0,2026-03-23T22:37:00Z,0.00018335049389861524,0.00038485768527607433,-3.717605068231933e-05,0.00042791926840615437,-0.00037219249904296703,0.00019688428665176616,0.00021187440690795256,0.00047136126588511753
gmat_j2,numerical_j2_gmat_r2026a_eop_full,EarthMJ2000Eq,28380.0,2026-03-23T22:38:00Z,0.00025423105398658663,0.0005667661753250286,-4.1865405364660546e-05,0.0006225833586517062,-0.0005468376862438618,0.0002688302913611551,0.00031536318001457175,0.0006861159639293979
gmat_j2,numerical_j2_gmat_r2026a_eop_full,EarthMJ2000Eq,28440.0,2026-03-23T22:39:00Z,0.00020078550733160228,0.000545648617844563,-1.8985701899509877e-05,0.0005817281933916457,-0.0005301874494989534,0.00020543478029821927,0.0002963384537757463,0.0006411853552199886
gmat_j2,numerical_j2_gmat_r2026a_eop_full,EarthMJ2000Eq,28500.0,2026-03-23T22:40:00Z,0.0001706321199890226,0.0005604795205726987,-1.5797922969795763e-06,0.0005858797735858886,-0.0005472537978334913,0.00016760370868951213,0.0002992857073280675,0.0006458712387314674
gmat_j2,numerical_j2_gmat_r2026a_eop_full,EarthMJ2000Eq,28560.0,2026-03-23T22:41:00Z,0.00013744738680543378,0.000569307758269133,1.6367721400456503e-05,0.000585893343594985,-0.0005585907292271486,0.00012655920755832994,0.00029877134100075864,0.0006459916021123662
gmat_j2,numerical_j2_gmat_r2026a_eop_full,EarthMJ2000Eq,28620.0,2026-03-23T22:42:00Z,0.00010365329217165709,0.0005756559176006704,3.424702299525961e-05,0.0005859151807478029,-0.0005675053760256787,8.497469394797008e-05,0.0002969653412066009,0.0006461203172069047
gmat_j2,numerical_j2_gmat_r2026a_eop_full,EarthMJ2000Eq,28680.0,2026-03-23T22:43:00Z,6.868413038318977e-05,0.0005893836032555555,5.411857273429632e-05,0.0005958350119519617,-0.0005841127581618366,4.1516123872042954e-05,0.0002988375102930263,0.0006574307266525665
gmat_j2,numerical_j2_gmat_r2026a_eop_full,EarthMJ2000Eq,28740.0,2026-03-23T22:44:00Z,4.086814442416653e-05,0.000490316232060195,5.0167273002443835e-05,0.000494567455389943,-0.00048672288421869325,1.6080470288670767e-05,0.00024541280119194653,0.0005453303499125519
gmat_j2,numerical_j2_gmat_r2026a_eop_full,EarthMJ2000Eq,28800.0,2026-03-23T22:45:00Z,-3.130389814032242e-05,0.0010042597864412528,0.00017895354176289402,0.0010205596615638374,-0.001010334330087126,-0.00011402612187794148,0.0004923932372946638,0.0011297028437410627
gmat_j2,numerical_j2_gmat_r2026a_eop_full,EarthMJ2000Eq,28860.0,2026-03-23T22:46:00Z,8.84674591361545e-05,-0.0011810319620053633,-0.0002746082827798091,0.0012157601307723168,0.0011980024750002372,0.000212692086165589,-0.0005826505944384053,0.0013490476525399656
gmat_j2,numerical_j2_gmat_r2026a_eop_full,EarthMJ2000Eq,28920.0,2026-03-23T22:47:00Z,-0.00023476513888454065,0.0014780962374061346,0.00036782421375392005,0.0015411611887448176,-0.0015073390313702362,-0.0004027098654546535,0.0006985028111472502,0.001709430422218839
gmat_j2,numerical_j2_gmat_r2026a_eop_full,EarthMJ2000Eq,28980.0,2026-03-23T22:48:00Z,0.0001990410964936018,-0.0007705343705310952,-0.0002583178684290033,0.000836701078888291,0.0007993139483630785,0.0003162066164463795,-0.0003565250317194568,0.0009305909469658522
gmat_j2,numerical_j2_gmat_r2026a_eop_full,EarthMJ2000Eq,29040.0,2026-03-23T22:49:00Z,-0.0003088352968916297,0.0010658895917003974,0.0003316877155157272,0.0011582385777228381,-0.0010991465515530763,-0.0004604538972330374,0.00048089754400848506,0.001285069407114458
gmat_j2,numerical_j2_gmat_r2026a_eop_full,EarthMJ2000Eq,29100.0,2026-03-23T22:50:00Z,-0.0007704156814725138,0.0024486685106239747,0.0008166539373632986,0.0026937782853440574,-0.002536686860565851,-0.0011434941882271232,0.001098226398710267,0.0029913977351567213
gmat_j2,numerical_j2_gmat_r2026a_eop_full,EarthMJ2000Eq,29160.0,2026-03-23T22:51:00Z,0.00042042483983095735,-0.00100636862043757,-0.0004144135345995892,0.001166736227177175,0.0010613536716164162,0.0006106315453280331,-0.0004342095571985283,0.0012991845288356427
gmat_j2,numerical_j2_gmat_r2026a_eop_full,EarthMJ2000Eq,29220.0,2026-03-23T22:52:00Z,-0.000518300112162251,0.0010300213943992276,0.00043298632590449415,0.0012316883687068755,-0.0010831615604445233,-0.0007166383042545021,0.00043054049214674706,0.0013682742928694328
gmat_j2,numerical_j2_gmat_r2026a_eop_full,EarthMJ2000Eq,29280.0,2026-03-23T22:53:00Z,-0.001211897142638918,0.002194249645981472,0.000998169070953736,0.0026981044619204114,-0.0023249673297698337,-0.0016703607386148178,0.0008984653021570921,0.0030004696267056504
gmat_j2,numerical_j2_gmat_r2026a_eop_full,EarthMJ2000Eq,29340.0,2026-03-23T22:54:00Z,0.000642677150608506,-0.0009215536920237355,-0.0005127142230776371,0.001234978138163972,0.0009991314442459043,0.0008805240980791496,-0.0003495497225003419,0.0013768701241144976
gmat_j2,numerical_j2_gmat_r2026a_eop_full,EarthMJ2000Eq,29400.0,2026-03-23T22:55:00Z,-0.0009429168130736798,0.0011452921171439812,0.0006725417733832728,0.0016288335049705616,-0.001241054370382244,-0.00125318067034641,0.0004189595337322771,0.001812789241384644
gmat_j2,numerical_j2_gmat_r2026a_eop_full,EarthMJ2000Eq,29460.0,2026-03-23T22:56:00Z,0.0005738447725889273,-0.000558621650270652,-0.00041144016904581804,0.0009003549210634636,0.0006262954599378645,0.0007662954715215164,-0.00017581713862568904,0.0010051698458706814
gmat_j2,numerical_j2_gmat_r2026a_eop_full,EarthMJ2000Eq,29520.0,2026-03-23T22:57:00Z,-0.0007854632713133469,0.0007245880624395795,0.0005171664270164911,0.001187199024614328,-0.000801172461706301,-0.0010248744075624927,0.0002364486384465181,0.0013221773040316177
gmat_j2,numerical_j2_gmat_r2026a_eop_full,EarthMJ2000Eq,29580.0,2026-03-23T22:58:00Z,-0.0018408745745546184,0.0015862442523939535,0.0012141597380832536,0.0027164634908418877,-0.0017730750201394585,-0.002405382559800273,0.0004884461723975164,0.0030279101620364567
gmat_j2,numerical_j2_gmat_r2026a_eop_full,EarthMJ2000Eq,29640.0,2026-03-23T22:59:00Z,0.0008735328265174758,-0.0006082746040192433,-0.0005723692311221384,0.0012085793849117754,0.0007043787775273813,0.0011404157618244426,-0.00014484857757679492,0.0013482131443041982
gmat_j2,numerical_j2_gmat_r2026a_eop_full,EarthMJ2000Eq,29700.0,2026-03-23T23:00:00Z,-0.0005629940460494254,0.0003456625563558191,0.00033692003853502683,0.0007415928877220886,-0.000396307875405455,-0.0007224416620488228,8.622258462764876e-05,0.0008285023966604581
gmat_j2,numerical_j2_gmat_r2026a_eop_full,EarthMJ2000Eq,29760.0,2026-03-23T23:01:00Z,-0.0011089291547250468,0.0005844585757586174,0.0006607540967706882,0.001417008000463034,-0.0006896723192539866,-0.0014194467823358536,0.00011234746466470824,0.001582118525473161
gmat_j2,numerical_j2_gmat_r2026a_eop_full,EarthMJ2000Eq,29820.0,2026-03-23T23:02:00Z,-0.0011463466762506869,0.0005000465534976684,0.0006656240998381691,0.0014167613419702226,-0.0006076259495557679,-0.001459454335162036,6.396350116233407e-05,0.0015821844331422783
gmat_j2,numerical_j2_gmat_r2026a_eop_full,EarthMJ2000Eq,29880.0,2026-03-23T23:03:00Z,-0.0011558172445802484,0.0004101993908989243,0.0006552331516113119,0.0013905062121879997,-0.0005174047856826292,-0.0014644836454635879,1.7628565274208086e-05,0.0015532967605680617
gmat_j2,numerical_j2_gmat_r2026a_eop_full,EarthMJ2000Eq,29940.0,2026-03-23T23:04:00Z,-0.0013293499705469003,0.00033628475648583844,0.0007319143549011642,0.001554335036132227,-0.0004581757195865066,-0.0016743157971177425,-4.980416079547467e-05,0.0017365882738660814
gmat_j2,numerical_j2_gmat_r2026a_eop_full,EarthMJ2000Eq,30000.0,2026-03-23T23:05:00Z,-0.0008036804501898587,0.00018005448509939015,0.0004351622919784859,0.0009314977745447111,-0.00025127633307420183,-0.0010103320402521376,-3.555555849743541e-05,0.001041717248039663
gmat_j2,numerical_j2_gmat_r2026a_eop_full,EarthMJ2000Eq,30060.0,2026-03-23T23:06:00Z,0.0017976778963202378,-0.00021897722035646439,-0.0009699967904452933,0.002054383268873549,0.00039197889378783657,0.002247615649153545,0.0002223363715359028,0.002292347491459966
gmat_j2,numerical_j2_gmat_r2026a_eop_full,EarthMJ2000Eq,30120.0,2026-03-23T23:07:00Z,-0.0014629025599788292,6.638219929300249e-05,0.0007550000873379759,0.0016475787168617891,-0.00019545254303920956,-0.0018194487860778707,-0.0002088689221579898,0.0018417985254593327
gmat_j2,numerical_j2_gmat_r2026a_eop_full,EarthMJ2000Eq,30180.0,2026-03-23T23:08:00Z,-0.0012330771710367117,-5.535366653930396e-05,0.0006163165835459949,0.0013796338170996866,-5.042721795689431e-05,-0.0015247365037218685,-0.00022968116297761298,0.0015427630235132059
gmat_j2,numerical_j2_gmat_r2026a_eop_full,EarthMJ2000Eq,30240.0,2026-03-23T23:09:00Z,-0.0012725172098271287,-0.0001447870090487413,0.0006215939265530324,0.0014236018884586793,3.7208458536497346e-05,-0.001566405671837856,-0.0002817714950253958,0.0015919819011412516
gmat_j2,numerical_j2_gmat_r2026a_eop_full,EarthMJ2000Eq,30300.0,2026-03-23T23:10:00Z,-0.001264998559236119,-0.00023921074898680672,0.0006019042757543502,0.0014211727180296048,0.00013430145884285594,-0.0015491476990092679,-0.0003281837024360357,0.0015892136476061526
gmat_j2,numerical_j2_gmat_r2026a_eop_full,EarthMJ2000Eq,30360.0,2026-03-23T23:11:00Z,-0.001244173176928598,-0.0003270870365668088,0.0005765853074990446,0.001409752971446567,0.00022590107562336925,-0.001515741088198297,-0.0003689777372528624,0.0015762762806718227
gmat_j2,numerical_j2_gmat_r2026a_eop_full,EarthMJ2000Eq,30420.0,2026-03-23T23:12:00Z,-0.0012684195098700002,-0.0004368675945443101,0.0005704330305889016,0.001457784342956331,0.00033565772383781223,-0.0015357941585136814,-0.00042885339723852667,0.0016294922648542255
gmat_j2,numerical_j2_gmat_r2026a_eop_full,EarthMJ2000Eq,30480.0,2026-03-23T23:13:00Z,-0.00112150678432954,-0.00046902459871489555,0.0004905109562969301,0.0013108632803401669,0.00038178971095703673,-0.0013507914786714537,-0.00041910785952836704,0.0014649410910212463
gmat_j2,numerical_j2_gmat_r2026a_eop_full,EarthMJ2000Eq,30540.0,2026-03-23T23:14:00Z,-0.0004990833986084908,-0.00025815734261414036,0.00021059531718492508,0.0006000665295885245,0.0002226450135367486,-0.0006022773391123337,-0.00020218893226342516,0.0006731932557526374
gmat_j2,numerical_j2_gmat_r2026a_eop_full,EarthMJ2000Eq,30600.0,2026-03-23T23:15:00Z,-0.0006137024683994241,-0.0003556742740329355,0.00025302097128587775,0.0007530966211840622,0.00031156410784660693,-0.0007363181175890077,-0.0002721134428895766,0.000844560411924032
gmat_j2,numerical_j2_gmat_r2026a_eop_full,EarthMJ2000Eq,30660.0,2026-03-23T23:16:00Z,-0.0005657584551954642,-0.00038487451092805713,0.0002243923518108204,0.0007201131482888368,0.00034574121343666775,-0.0006749880654410845,-0.00027875168839841535,0.0008079903334455953
gmat_j2,numerical_j2_gmat_r2026a_eop_full,EarthMJ2000Eq,30720.0,2026-03-23T23:17:00Z,-0.000547162471775664,-0.00042581359593896195,0.00020868492356385104,0.0007240534416249771,0.0003892299815788647,-0.0006486420289775197,-0.0002965574452673536,0.0008125163251648894
gmat_j2,numerical_j2_gmat_r2026a_eop_full,EarthMJ2000Eq,30780.0,2026-03-23T23:18:00Z,-0.0005225751920079347,-0.0004637222446035594,0.00019042863641516306,0.0007241451629398843,0.00043003645089356723,-0.0006146327891087822,-0.0003117064384383639,0.0008123211915915438
gmat_j2,numerical_j2_gmat_r2026a_eop_full,EarthMJ2000Eq,30840.0,2026-03-23T23:19:00Z,-0.0004956023076374549,-0.0004995054041501135,0.0001713078745524399,0.0007242055536892915,0.0004687388255320002,-0.0005777591738365118,-0.00032534219762681005,0.0008120155756326414
gmat_j2,numerical_j2_gmat_r2026a_eop_full,EarthMJ2000Eq,30900.0,2026-03-23T23:20:00Z,-0.00046637342165922746,-0.0005329975465429015,0.00015141722542466596,0.0007242359623811788,0.0005051470353123477,-0.0005382192469483016,-0.0003374038826109427,0.0008116001879444028
gmat_j2,numerical_j2_gmat_r2026a_eop_full,EarthMJ2000Eq,30960.0,2026-03-23T23:21:00Z,-0.0004350340532255359,-0.0005640395102091134,0.00013085264072287828,0.0007242358801709051,0.0005390852209075092,-0.0004962421584764343,-0.0003478424215330733,0.0008110878531134841
gmat_j2,numerical_j2_gmat_r2026a_eop_full,EarthMJ2000Eq,31020.0,2026-03-23T23:22:00Z,-0.00040173836168833077,-0.0005924998731643427,0.00010971098163281567,0.0007242142710846165,0.000570395286558778,-0.00045205439391793334,-0.0003566213990779943,0.0008104830536595609
gmat_j2,numerical_j2_gmat_r2026a_eop_full,EarthMJ2000Eq,31080.0,2026-03-23T23:23:00Z,-0.00036664187064161524,-0.0006182472134241834,8.809183782432228e-05,0.0007241657614839419,0.0005989466700384583,-0.00040590109051663603,-0.0003637083967333865,0.0008098003498931836
gmat_j2,numerical_j2_gmat_r2026a_eop_full,EarthMJ2000Eq,31140.0,2026-03-23T23:24:00Z,-0.00033119522413471714,-0.0006462787496275268,6.582695277757011e-05,0.0007291774039434748,0.0006294316179378256,-0.0003590505670558741,-0.0003717470775654874,0.0008144306975068255
gmat_j2,numerical_j2_gmat_r2026a_eop_full,EarthMJ2000Eq,31200.0,2026-03-23T23:25:00Z,-0.0002788447091006674,-0.0006197997208801098,4.470484782359563e-05,0.0006811054171091496,0.0006061746660179779,-0.00029681679336590605,-0.0003495073119808012,0.0007600679546422617
gmat_j2,numerical_j2_gmat_r2026a_eop_full,EarthMJ2000Eq,31260.0,2026-03-23T23:26:00Z,-0.0002988899723277427,-0.0008311362762469798,1.7591901269042864e-05,0.0008834207379510822,0.0008162328590799461,-0.0003005382609444496,-0.00045905058920769903,0.0009835073817645056
gmat_j2,numerical_j2_gmat_r2026a_eop_full,EarthMJ2000Eq,31320.0,2026-03-23T23:27:00Z,-4.2049578041769564e-05,-0.00014754618860024493,1.0458279575686902e-05,0.00015377717774635205,0.00014738832376792743,-5.142819503589635e-05,-7.167291760090677e-05,0.00017177073192251342
gmat_j2,numerical_j2_gmat_r2026a_eop_full,EarthMJ2000Eq,31380.0,2026-03-23T23:28:00Z,0.00018760783859761432,0.0007714370440226048,5.988476914353669e-05,0.0007961771157028928,-0.0007586808958848223,0.0001411244454629923,0.0004271910047926042,0.0008820458975946482
gmat_j2,numerical_j2_gmat_r2026a_eop_full,EarthMJ2000Eq,31440.0,2026-03-23T23:29:00Z,-0.00034481126931495965,-0.0020680408852058463,-0.0001807143235055264,0.002104363462201726,0.002054326708744725,-0.0002346736138747474,-0.0010860615740071466,0.002335564101849026
gmat_j2,numerical_j2_gmat_r2026a_eop_full,EarthMJ2000Eq,31500.0,2026-03-23T23:30:00Z,-8.308325050165877e-05,-0.00039285828279389534,-1.0850271792151034e-05,0.000401694143934976,0.00039025427334138385,-7.736389306955971e-05,-0.00020459223204483123,0.0004473718265885503
gmat_j2,numerical_j2_gmat_r2026a_eop_full,EarthMJ2000Eq,31560.0,2026-03-23T23:31:00Z,0.00012247073755133897,0.0016846014148086397,0.0002606761881907005,0.0017090444942778034,-0.0016823767934326384,-2.864997128426694e-05,0.0008668092910113501,0.0018927680372720992
gmat_j2,numerical_j2_gmat_r2026a_eop_full,EarthMJ2000Eq,31620.0,2026-03-23T23:32:00Z,4.013236321043223e-05,-0.002044063307948818,-0.0003723139343492221,0.0020780815862689594,0.002057698914037509,0.00023671997695373648,-0.0010059986177424207,0.0023026494277722308
gmat_j2,numerical_j2_gmat_r2026a_eop_full,EarthMJ2000Eq,31680.0,2026-03-23T23:33:00Z,-6.571917765541002e-05,-1.8520495359553024e-05,4.9474238039692864e-05,8.43191513813722e-05,1.363920087982251e-05,-9.213518836759249e-05,-1.7942758390177005e-05,9.48517965819318e-05
gmat_j2,numerical_j2_gmat_r2026a_eop_full,EarthMJ2000Eq,31740.0,2026-03-23T23:34:00Z,0.00019009530660696328,-0.0011483734851935878,-0.0002862580004148185,0.0011986832483567762,0.0011677410149957268,0.0003327373931938382,-0.0005344702458387474,0.0013266467859304573
gmat_j2,numerical_j2_gmat_r2026a_eop_full,EarthMJ2000Eq,31800.0,2026-03-23T23:35:00Z,0.0005770925781689584,-0.003241688773414353,-0.0008639817679068074,0.0034041219782395753,0.003300143713858006,0.0010127054750341813,-0.001506766267311832,0.003766545565314397
gmat_j2,numerical_j2_gmat_r2026a_eop_full,EarthMJ2000Eq,31860.0,2026-03-23T23:36:00Z,-0.00013078260963084176,0.000344969976140419,0.0001493899617344141,0.00039802730570550574,-0.0003585483021595337,-0.00020674661982411635,0.00014800960457250767,0.000439554197836731
gmat_j2,numerical_j2_gmat_r2026a_eop_full,EarthMJ2000Eq,31920.0,2026-03-23T23:37:00Z,0.0005585743565461598,-0.0015132459338929038,-0.000541018380317837,0.0017013581210539124,0.0015611503201284904,0.0008194787071147402,-0.0006520957107625236,0.0018798841691568698
gmat_j2,numerical_j2_gmat_r2026a_eop_full,EarthMJ2000Eq,31980.0,2026-03-23T23:38:00Z,6.821574061177671e-05,-0.00034546292226877995,-7.783091859892011e-05,0.0003606323194330342,0.00034928593350969095,0.00010511591597150982,-0.00016148105075330932,0.0003989061905895403
gmat_j2,numerical_j2_gmat_r2026a_eop_full,EarthMJ2000Eq,32040.0,2026-03-23T23:39:00Z,-0.0003962368282373063,0.0009833402145886794,0.0004011690180050209,0.0011335334942938313,-0.0010222382940128227,-0.000593568749707174,0.000413957312872526,0.0012524598385799948
gmat_j2,numerical_j2_gmat_r2026a_eop_full,EarthMJ2000Eq,32100.0,2026-03-23T23:40:00Z,-0.0006814480002503842,0.0012080749911547173,0.0005879792297491804,0.0015064979707637037,-0.001271244443046271,-0.0009636575981630813,0.00047294212990323103,0.0016638427385756345
gmat_j2,numerical_j2_gmat_r2026a_eop_full,EarthMJ2000Eq,32160.0,2026-03-23T23:41:00Z,0.0006448135536629707,-0.0009614386726752855,-0.00048584524847683497,0.0012554658281970883,0.0010125189575660443,0.0008700187237309365,-0.00036690295246444293,0.0013844655992837677
gmat_j2,numerical_j2_gmat_r2026a_eop_full,EarthMJ2000Eq,32220.0,2026-03-23T23:42:00Z,-0.0011124939192086458,0.0014662218745797873,0.0008551412520318991,0.002029461964831852,-0.0015665548858123657,-0.0015137935349684994,0.0005214833009858921,0.0022400022120484977
gmat_j2,numerical_j2_gmat_r2026a_eop_full,EarthMJ2000Eq,32280.0,2026-03-23T23:43:00Z,0.0005997953849146143,-0.0006562222552020103,-0.0004082285158801824,0.0009782804675373105,0.0007021450088018355,0.000785643550216264,-0.00022568258373212302,0.0010775787813342241
gmat_j2,numerical_j2_gmat_r2026a_eop_full,EarthMJ2000Eq,32340.0,2026-03-23T23:44:00Z,0.0009226296242559329,-0.0009478926585870795,-0.0006271829988691024,0.0014639345715667645,0.0010210277068267715,0.0012087495449009111,-0.0003136326753860885,0.0016130525395894367
gmat_j2,numerical_j2_gmat_r2026a_eop_full,EarthMJ2000Eq,32400.0,2026-03-23T23:45:00Z,0.0009079658411792479,-0.0007855087460484356,-0.0005908111688768258,0.0013380896069159667,0.0008570246734507236,0.0011751879469557025,-0.0002368283347209399,0.001473650454381897
gmat_j2,numerical_j2_gmat_r2026a_eop_full,EarthMJ2000Eq,32460.0,2026-03-23T23:46:00Z,0.0009715799933474045,-0.000730021383787971,-0.0006140306822999264,0.0013615919297154928,0.0008067599921446345,0.00124776011745098,-0.00019903900749795866,0.00149912758700928
gmat_j2,numerical_j2_gmat_r2026a_eop_full,EarthMJ2000Eq,32520.0,2026-03-23T23:47:00Z,0.0010164503692067228,-0.0006520549504784867,-0.0006236306262508151,0.0013591402317281202,0.000732543803394492,0.0012953167427554035,-0.00015345769099894824,0.0014959997162034707
gmat_j2,numerical_j2_gmat_r2026a_eop_full,EarthMJ2000Eq,32580.0,2026-03-23T23:48:00Z,0.0010581543392618187,-0.0005729962140321732,-0.0006314734264378785,0.0013589606157983442,0.000657091270284127,0.001338987587473639,-0.00010789058535465301,0.0014954253827256824
gmat_j2,numerical_j2_gmat_r2026a_eop_full,EarthMJ2000Eq,32640.0,2026-03-23T23:49:00Z,0.0010952471711789258,-0.0004914918463327922,-0.0006365688989262708,0.0013588048292772809,0.0005789129176037022,0.0013768852724638236,-6.191447354808588e-05,0.0014949202727005029
gmat_j2,numerical_j2_gmat_r2026a_eop_full,EarthMJ2000Eq,32700.0,2026-03-23T23:50:00Z,0.0011275760698481463,-0.00040788654587231576,-0.0006388978039950644,0.0013586720102907676,0.0004983382595469266,0.0014088654687327562,-1.5716761225803566e-05,0.001494486515997805
gmat_j2,numerical_j2_gmat_r2026a_eop_full,EarthMJ2000Eq,32760.0,2026-03-23T23:51:00Z,0.0011550064300536178,-0.0003225495674996637,-0.0006384534287917631,0.0013585657355076278,0.0004157065802701254,0.0014348102705952215,3.050226737855155e-05,0.0014941294662112275
gmat_j2,numerical_j2_gmat_r2026a_eop_full,EarthMJ2000Eq,32820.0,2026-03-23T23:52:00Z,0.001179503897219547,-0.00023577922547701746,-0.0006362926683323167,0.0013607680355211544,0.00033149660794151714,0.0014571268636132118,7.696865367279315e-05,0.0014963398248353244
gmat_j2,numerical_j2_gmat_r2026a_eop_full,EarthMJ2000Eq,32880.0,2026-03-23T23:53:00Z,0.0011769036518671783,-0.00014820670912740752,-0.0006201472615430248,0.0013385253305066697,0.0002441478130776886,0.0014463945596787653,0.00011911227559835424,0.001471683767355326
gmat_j2,numerical_j2_gmat_r2026a_eop_full,EarthMJ2000Eq,32940.0,2026-03-23T23:54:00Z,0.0012882147757409257,-5.956644599791616e-05,-0.0006621910415560706,0.0014496697711696895,0.00016608314723498552,0.0015747093073947838,0.000181930470688485,0.001593860630907286
gmat_j2,numerical_j2_gmat_r2026a_eop_full,EarthMJ2000Eq,33000.0,2026-03-23T23:55:00Z,-0.0003453693011579162,-1.7400452634319663e-05,0.00018101968635164667,0.0003903214787595414,-2.2887469697252527e-05,-0.0004224610383740668,-8.594858158517127e-05,0.0004317225079721235
gmat_j2,numerical_j2_gmat_r2026a_eop_full,EarthMJ2000Eq,33060.0,2026-03-23T23:56:00Z,0.0003957493106554466,6.389473128365353e-05,-0.00018501668819226325,0.0004415101680365976,-3.7067238167765026e-05,0.00047568526895247487,8.459810629801723e-05,0.00048456918477446
gmat_j2,numerical_j2_gmat_r2026a_eop_full,EarthMJ2000Eq,33120.0,2026-03-23T23:57:00Z,0.0029074671488160675,0.0004626690497389063,-0.0014000950159243075,0.0032600144055888805,-0.00020684431945028336,0.00350648265978748,0.0007242486610437027,0.003586466414021289
gmat_j2,numerical_j2_gmat_r2026a_eop_full,EarthMJ2000Eq,33180.0,2026-03-23T23:58:00Z,-0.00034035087992378976,-6.497339199995622e-05,0.00016591206986049656,0.00038417063664245894,2.433608869978343e-05,-0.0004097975292438605,-0.00010936185290688627,0.0004248367628381563
gmat_j2,numerical_j2_gmat_r2026a_eop_full,EarthMJ2000Eq,33240.0,2026-03-23T23:59:00Z,-7.134349289117381e-05,-3.0166120268404484e-05,3.31372120854212e-05,8.424941314190265e-05,1.4004797321831575e-05,-8.391642936089738e-05,-4.489741911584133e-05,9.619708783519165e-05
gmat_j2,numerical_j2_gmat_r2026a_eop_full,EarthMJ2000Eq,33300.0,2026-03-24T00:00:00Z,-0.00011455063031462487,-4.5150045480113477e-05,5.1184542826376855e-05,0.00013334253236188136,2.503863782976623e-05,-0.0001346975864180422,-6.002354169254431e-05,0.00014957673190885254
gmat_j2,numerical_j2_gmat_r2026a_eop_full,EarthMJ2000Eq,33360.0,2026-03-24T00:01:00Z,-0.00011156225809827447,-5.444326234282926e-05,4.659523256123066e-05,0.00013259457735500087,3.463185294094728e-05,-0.00012964918028046668,-6.412781416997859e-05,0.00014873013055779805
gmat_j2,numerical_j2_gmat_r2026a_eop_full,EarthMJ2000Eq,33420.0,2026-03-24T00:02:00Z,-8.135157258948311e-05,-3.866898623527959e-05,3.2643129088683054e-05,9.580679900688995e-05,2.1826096485710877e-05,-9.353984253834824e-05,-5.0960569097924235e-05,0.00010873389642924994
gmat_j2,numerical_j2_gmat_r2026a_eop_full,EarthMJ2000Eq,33480.0,2026-03-24T00:03:00Z,-0.00022098811314208433,-0.00016400917957071215,7.990274752955884e-05,0.0002865644887216998,0.0001340394462090444,-0.0002528550702152188,-0.00013752154970347874,0.0003175128915594088
gmat_j2,numerical_j2_gmat_r2026a_eop_full,EarthMJ2000Eq,33540.0,2026-03-24T00:04:00Z,0.00032872821975615807,0.0002816932465066202,-0.00012157488527009264,0.0004496596271847503,-0.00025911006673595693,0.000380938836030964,0.0001801421234404188,0.0004946752552110939
gmat_j2,numerical_j2_gmat_r2026a_eop_full,EarthMJ2000Eq,33600.0,2026-03-24T00:05:00Z,0.002418634721834678,0.0020173938537482172,-0.0008762121979088988,0.0032691619254129546,-0.0017956827136345055,0.00278557266142343,0.0014079821752943644,0.0036008756249087588
gmat_j2,numerical_j2_gmat_r2026a_eop_full,EarthMJ2000Eq,33660.0,2026-03-24T00:06:00Z,-0.00038008920455467887,-0.0003657596607808955,0.00012052350939484313,0.000541085805755809,0.00032175773156950527,-0.00042873171679502775,-0.00026495849958507733,0.0005979480991801388
gmat_j2,numerical_j2_gmat_r2026a_eop_full,EarthMJ2000Eq,33720.0,2026-03-24T00:07:00Z,0.00027872465580003336,0.00033466494642198086,-9.016775948111899e-05,0.0004447676752691447,-0.00031527491728411405,0.00031748559337074767,0.00019870238787689232,0.0004895692130990873
gmat_j2,numerical_j2_gmat_r2026a_eop_full,EarthMJ2000Eq,33780.0,2026-03-24T00:08:00Z,0.00046364584704861045,0.00042772262531798333,-0.00016915191736188717,0.0006530899531010519,-0.0003906119871999181,0.0005344729103740065,0.0002776474605781232,0.0007178628899960007
gmat_j2,numerical_j2_gmat_r2026a_eop_full,EarthMJ2000Eq,33840.0,2026-03-24T00:09:00Z,-0.0001013613655231893,6.084746928536333e-05,5.205947672948241e-05,0.00012917712667692507,-7.781686406360677e-05,-0.00012364242962803473,-2.4342750037931182e-06,0.00014611242394749142
gmat_j2,numerical_j2_gmat_r2026a_eop_full,EarthMJ2000Eq,33900.0,2026-03-24T00:10:00Z,0.0005934853106737137,0.0007175353857746813,-0.00018500077203498222,0.0009493719658162624,-0.000667179200775081,0.0006692975063060658,0.0004455440461015314,0.0010447950683798797
gmat_j2,numerical_j2_gmat_r2026a_eop_full,EarthMJ2000Eq,33960.0,2026-03-24T00:11:00Z,6.508344085887074e-05,0.0003590034793887753,1.908028934849426e-05,0.00036535381471786935,-0.00035951108756648864,5.4782844927103724e-05,0.0001762218149181649,0.00040410829023245556
gmat_j2,numerical_j2_gmat_r2026a_eop_full,EarthMJ2000Eq,34020.0,2026-03-24T00:12:00Z,0.0004812218321603723,0.0007776930033287499,-0.00011861266102641821,0.0009221983639814401,-0.000736977590065635,0.0005280602621837716,0.00045729031672436804,0.0010154299791351531
gmat_j2,numerical_j2_gmat_r2026a_eop_full,EarthMJ2000Eq,34080.0,2026-03-24T00:13:00Z,-0.00011432166502345353,-0.000101542809716193,2.4629571271361783e-05,0.00015487737433145227,8.639355897344103e-05,-0.000126268773215088,-8.360726000411489e-05,0.0001743497176560273
gmat_j2,numerical_j2_gmat_r2026a_eop_full,EarthMJ2000Eq,34140.0,2026-03-24T00:14:00Z,0.001065033757186029,0.003098351726293913,5.251877155387774e-06,0.003276294844178087,-0.0030069862155812643,0.0010517648973973337,0.001719063287553002,0.0036198555339551183
gmat_j2,numerical_j2_gmat_r2026a_eop_full,EarthMJ2000Eq,34200.0,2026-03-24T00:15:00Z,0.00013326189218787476,0.0002683029833860928,-3.635295797721483e-05,0.0003017726965069304,-0.0002575930579951091,0.00014625545219359992,0.00014490897370933453,0.00032976271997470945
gmat_j2,numerical_j2_gmat_r2026a_eop_full,EarthMJ2000Eq,34260.0,2026-03-24T00:16:00Z,-4.118192009627819e-06,0.0004027294835395878,5.789706847281195e-05,0.0004068907309772942,-0.00040642267329360493,-3.234479351021946e-05,0.00018970303106158326,0.0004496807923719792
gmat_j2,numerical_j2_gmat_r2026a_eop_full,EarthMJ2000Eq,34320.0,2026-03-24T00:17:00Z,0.0002507777026039548,0.0012971881915291306,9.034829417942092e-05,0.0013242920654549983,-0.0012782002123401526,0.00020624568719540548,0.0006816438524737123,0.0014632058665575124
gmat_j2,numerical_j2_gmat_r2026a_eop_full,EarthMJ2000Eq,34380.0,2026-03-24T00:18:00Z,-0.00020817424228880554,-0.0022417934530949424,-0.00032325988286174834,0.002274526621818187,0.0022342244720974236,-6.17408346670345e-05,-0.0011665414190176193,0.0025211881731969222
gmat_j2,numerical_j2_gmat_r2026a_eop_full,EarthMJ2000Eq,34440.0,2026-03-24T00:19:00Z,8.221832104027271e-07,0.0013153218674233358,0.00022060430637793615,0.001333693574588906,-0.0013224649708654113,-0.00010014389317802852,0.0006509373040586297,0.0014773834208904682
gmat_j2,numerical_j2_gmat_r2026a_eop_full,EarthMJ2000Eq,34500.0,2026-03-24T00:20:00Z,8.436927600996569e-05,-3.5690845834324136e-05,-7.014841685304418e-05,0.00011538115789765553,4.757877425376478e-05,0.00011502976349220262,-1.0346834500296609e-05,0.00012491054091924873
gmat_j2,numerical_j2_gmat_r2026a_eop_full,EarthMJ2000Eq,34560.0,2026-03-24T00:21:00Z,-0.0002041915649897419,0.00128225474327337,0.00031876788852969185,0.0013369683573733876,-0.0013086346450918995,-0.0003498001888146973,0.0006009044373200823,0.0014818808822643487
gmat_j2,numerical_j2_gmat_r2026a_eop_full,EarthMJ2000Eq,34620.0,2026-03-24T00:22:00Z,1.7111233319155872e-05,0.00024058954295469448,1.4258148439694196e-05,0.00024161832977193543,-0.0002353948147515439,9.843681425536488e-06,0.00011837131275171942,0.0002636652888768002
gmat_j2,numerical_j2_gmat_r2026a_eop_full,EarthMJ2000Eq,34680.0,2026-03-24T00:23:00Z,0.0003754157660296187,-0.0018046810055238893,-0.0005441847861220594,0.0019219645185406084,0.0018623116382343596,0.0006223945803185416,-0.000842765413011648,0.0021367810353149735
gmat_j2,numerical_j2_gmat_r2026a_eop_full,EarthMJ2000Eq,34740.0,2026-03-24T00:24:00Z,-0.0005454539859783836,0.0017478459994890727,0.0005783049346064217,0.0019201360071983962,-0.0018108601285149462,-0.000809118994027358,0.0007784892730455795,0.0021307119701611584
gmat_j2,numerical_j2_gmat_r2026a_eop_full,EarthMJ2000Eq,34800.0,2026-03-24T00:25:00Z,0.0001499611244071275,-0.00021359392121667042,-0.00013731732906308025,0.00029490125614378357,0.00023803359283647296,0.00021331292288095938,-8.218625779932154e-05,0.00033002571923672016
gmat_j2,numerical_j2_gmat_r2026a_eop_full,EarthMJ2000Eq,34860.0,2026-03-24T00:26:00Z,-0.00044312946556601673,0.0008968345355242491,0.00037003792385803536,0.0010665851923100116,-0.0009421250446450813,-0.0006118803241861315,0.0003725637576224017,0.0011835543436477032
gmat_j2,numerical_j2_gmat_r2026a_eop_full,EarthMJ2000Eq,34920.0,2026-03-24T00:27:00Z,-0.0013436110748443753,0.0026427710508869495,0.0011513629942783155,0.0031804349219004776,-0.0027942785862933306,-0.001870304799922451,0.0010920673254588564,0.0035353421200451413
gmat_j2,numerical_j2_gmat_r2026a_eop_full,EarthMJ2000Eq,34980.0,2026-03-24T00:28:00Z,0.0003534369170665741,-0.0004893204277323093,-0.00029151055969123263,0.0006703212228127275,0.0005376543654733723,0.0004892006799650517,-0.00018024248760184491,0.0007489171358219445
gmat_j2,numerical_j2_gmat_r2026a_eop_full,EarthMJ2000Eq,35040.0,2026-03-24T00:29:00Z,-0.0008726847227080725,0.001117423380492255,0.0006312477580650011,0.0015519946419304722,-0.001207677513548333,-0.0011624043949609586,0.000412014422579432,0.0017261010510883478
gmat_j2,numerical_j2_gmat_r2026a_eop_full,EarthMJ2000Eq,35100.0,2026-03-24T00:30:00Z,-6.358732207445428e-05,0.00016114609024953097,4.210482984490227e-05,0.0001782813131754939,-0.0001610578337363222,-8.128875350621456e-05,7.603206952921937e-05,0.00019577630819720494
gmat_j2,numerical_j2_gmat_r2026a_eop_full,EarthMJ2000Eq,35160.0,2026-03-24T00:31:00Z,0.0011827405614894815,-0.0012630680430447683,-0.0008565866664866917,0.001930791763592381,0.0014013927795986092,0.0015800170061197605,-0.00041758818625226013,0.0021528435511286507
gmat_j2,numerical_j2_gmat_r2026a_eop_full,EarthMJ2000Eq,35220.0,2026-03-24T00:32:00Z,-0.0010867825039895251,0.0009606092135072686,0.0007137205102480948,0.0016165590737123082,-0.0010705676345423853,-0.0014185408403477595,0.000298925773023484,0.001802145885782251
gmat_j2,numerical_j2_gmat_r2026a_eop_full,EarthMJ2000Eq,35280.0,2026-03-24T00:33:00Z,0.0007193980309239123,-0.0005551837602979504,-0.0004881694621872157,0.0010315386364106434,0.0006396758678306469,0.000944237577016338,-0.00014129764025483382,0.001149232283255287
gmat_j2,numerical_j2_gmat_r2026a_eop_full,EarthMJ2000Eq,35340.0,2026-03-24T00:34:00Z,-0.0016296203284582589,0.001093912942451425,0.0010175266424994334,0.0022108071848949895,-0.00125750432289351,-0.0021051760334955816,0.0002709432678216217,0.0024670819825206285
gmat_j2,numerical_j2_gmat_r2026a_eop_full,EarthMJ2000Eq,35400.0,2026-03-24T00:35:00Z,-0.002047742327704327,0.001183471795229707,0.0012488102356655872,0.002674580553185733,-0.0013879422056106705,-0.0026317041879053704,0.00024206459059428198,0.002985103978888115
gmat_j2,numerical_j2_gmat_r2026a_eop_full,EarthMJ2000Eq,35460.0,2026-03-24T00:36:00Z,0.000898869529919466,-0.00041666226024972275,-0.0005519067940440436,0.0011340965480266766,0.0005162963390148434,0.0011538512367792464,-3.539213366821059e-05,0.0012645897316611089
gmat_j2,numerical_j2_gmat_r2026a_eop_full,EarthMJ2000Eq,35520.0,2026-03-24T00:37:00Z,-0.0019470840015856083,0.0007392327461275272,0.0011176555432257373,0.0023636317554731508,-0.0009265352929332948,-0.0024712876189880717,3.739897280752302e-05,0.0026395319335029417
gmat_j2,numerical_j2_gmat_r2026a_eop_full,EarthMJ2000Eq,35580.0,2026-03-24T00:38:00Z,0.0007716776053712238,-0.0002195010893046856,-0.0004484414546368498,0.0009191119589441885,0.0003036548790191773,0.0009779486109806612,4.356426330787144e-05,0.0010249329813742524
gmat_j2,numerical_j2_gmat_r2026a_eop_full,EarthMJ2000Eq,35640.0,2026-03-24T00:39:00Z,0.0011620918485277798,-0.0002575943653937429,-0.0006539955279549758,0.0013581319788895426,0.0003787148372680349,0.0014638033007940976,9.569900427663924e-05,0.001515025851529336
gmat_j2,numerical_j2_gmat_r2026a_eop_full,EarthMJ2000Eq,35700.0,2026-03-24T00:40:00Z,-0.002145807911801967,0.00029815055313520133,0.0011416427696531173,0.002448822892776851,-0.0004952749321773808,-0.002681742605759041,-0.00021956836349090736,0.002735918662576188
gmat_j2,numerical_j2_gmat_r2026a_eop_full,EarthMJ2000Eq,35760.0,2026-03-24T00:41:00Z,0.0009277492836190504,-4.268804332241416e-05,-0.000492039134769584,0.0010510202245642842,0.0001375104474732325,0.0011525665977174526,0.0001638280622273669,0.0011722450764714036
gmat_j2,numerical_j2_gmat_r2026a_eop_full,EarthMJ2000Eq,35820.0,2026-03-24T00:42:00Z,-0.001993236139696819,-2.423621481284499e-05,0.001006816546578193,0.0022332167967229625,-0.00015208367898367214,-0.002465609563739868,-0.00035416025667700524,0.0024955539372308166
gmat_j2,numerical_j2_gmat_r2026a_eop_full,EarthMJ2000Eq,35880.0,2026-03-24T00:43:00Z,-0.0023901222121480714,-0.00019014623831026256,0.0011806087059085257,0.0026725786606598017,-1.9483969992961647e-05,-0.0029423192771105278,-0.000509440933882388,0.0029861601461840365
gmat_j2,numerical_j2_gmat_r2026a_eop_full,EarthMJ2000Eq,35940.0,2026-03-24T00:44:00Z,0.0010185344763158355,0.000172432919498533,-0.0004947014531353489,0.0011453711708022806,-7.401812496254934e-05,0.0012415932726383971,0.00029066127282817433,0.0012773083077338811
gmat_j2,numerical_j2_gmat_r2026a_eop_full,EarthMJ2000Eq,36000.0,2026-03-24T00:45:00Z,-0.002137619731001905,-0.0005083602445665747,0.000995577920548385,0.0024122652525184482,0.00032879299283194996,-0.0026010344988947054,-0.0006242140138112973,0.0026950191894705004
gmat_j2,numerical_j2_gmat_r2026a_eop_full,EarthMJ2000Eq,36060.0,2026-03-24T00:46:00Z,0.0009321088327851612,0.0003003933670697734,-0.0004239825557306176,0.0010671570918564413,-0.0002126849807382314,0.001120244341734633,0.00034007285876214155,0.001189887320500029
gmat_j2,numerical_j2_gmat_r2026a_eop_full,EarthMJ2000Eq,36120.0,2026-03-24T00:47:00Z,-0.0008220761174015934,-0.0002900987965404056,0.00036582628126780037,0.0009454074902508959,0.0002269073817728895,-0.0009962226599213864,-0.0002755506933738161,0.0010582413395169652
gmat_j2,numerical_j2_gmat_r2026a_eop_full,EarthMJ2000Eq,36180.0,2026-03-24T00:48:00Z,-0.0004884698228124762,-0.00023293432604987174,0.00020719653548439965,0.0005794752560442059,0.00019917756333143188,-0.0005901790167683885,-0.00018628476539106487,0.0006501422824160512
gmat_j2,numerical_j2_gmat_r2026a_eop_full,EarthMJ2000Eq,36240.0,2026-03-24T00:49:00Z,-0.0005355373104976024,-0.00028992599254706874,0.00022222593543119729,0.0006482604865851991,0.00025286972515914385,-0.0006439924149503895,-0.00022373392027930095,0.0007271356101163249
gmat_j2,numerical_j2_gmat_r2026a_eop_full,EarthMJ2000Eq,36300.0,2026-03-24T00:50:00Z,-0.0005137280822964385,-0.0003255381670896895,0.00020596326066879556,0.0006421156480863966,0.00029115376776189805,-0.0006144440511945959,-0.00023798119030971066,0.000720379799461092
gmat_j2,numerical_j2_gmat_r2026a_eop_full,EarthMJ2000Eq,36360.0,2026-03-24T00:51:00Z,-0.0004950993570673745,-0.0003616369212977588,0.00019122580852126703,0.0006422397885983563,0.00032958791251758157,-0.0005883844522713844,-0.0002530757825525143,0.0007203275695591287
gmat_j2,numerical_j2_gmat_r2026a_eop_full,EarthMJ2000Eq,36420.0,2026-03-24T00:52:00Z,-0.0004742105375044048,-0.0003960894900956191,0.00017561887943884358,0.0006423429838176635,0.00036643754697252007,-0.0005595799379420896,-0.000266955790806378,0.0007201885704616321
gmat_j2,numerical_j2_gmat_r2026a_eop_full,EarthMJ2000Eq,36480.0,2026-03-24T00:53:00Z,-0.0004511625775194261,-0.00042873034544754773,0.0001592165972397197,0.0006424229956174832,0.0004015188181938356,-0.0005281721726646538,-0.0002795574882696883,0.0007199552726306907
gmat_j2,numerical_j2_gmat_r2026a_eop_full,EarthMJ2000Eq,36540.0,2026-03-24T00:54:00Z,-0.00042606825445545837,-0.0004594176061800681,0.0001420994522050023,0.0006424880922164295,0.0004346674131738837,-0.0004943476739072139,-0.00029082625196963363,0.0007196494227104289
gmat_j2,numerical_j2_gmat_r2026a_eop_full,EarthMJ2000Eq,36600.0,2026-03-24T00:55:00Z,-0.0003990462573710829,-0.00048800666263559833,0.0001243447513843421,0.0006425340734120152,0.00046571546619134097,-0.0004582769719263524,-0.0003007125659593157,0.0007192612361121935
gmat_j2,numerical_j2_gmat_r2026a_eop_full,EarthMJ2000Eq,36660.0,2026-03-24T00:56:00Z,-0.0003702307367348112,-0.0005143692760611884,0.00010604071576381102,0.0006425660930819596,0.0004945235332343145,-0.00042015990686650184,-0.00030917646220984807,0.0007188031420668772
gmat_j2,numerical_j2_gmat_r2026a_eop_full,EarthMJ2000Eq,36720.0,2026-03-24T00:57:00Z,-0.0003392970029381104,-0.0005376186891226098,8.717961463844404e-05,0.0006416826289570298,0.0005200853081532841,-0.00037965008914397913,-0.0003156369610124443,0.0007171119920215385
gmat_j2,numerical_j2_gmat_r2026a_eop_full,EarthMJ2000Eq,36780.0,2026-03-24T00:58:00Z,-0.0003095974534517154,-0.0005655538188875653,6.802656571380794e-05,0.0006483280950914522,0.0005500568889260649,-0.00034018832195670257,-0.0003246685142954675,0.0007236714168913711
gmat_j2,numerical_j2_gmat_r2026a_eop_full,EarthMJ2000Eq,36840.0,2026-03-24T00:59:00Z,-0.00026618636184139177,-0.0005604024408967234,4.7919002099661157e-05,0.0006222558201861909,0.0005476170628071486,-0.000287196932902134,-0.0003146898297501366,0.000693827222508667
gmat_j2,numerical_j2_gmat_r2026a_eop_full,EarthMJ2000Eq,36900.0,2026-03-24T01:00:00Z,-0.000259144144365564,-0.0006402483450074214,3.0619958124589175e-05,0.0006913835496157354,0.0006275691077917145,-0.00027059865459477805,-0.00035372710316394773,0.0007695384853506357
gmat_j2,numerical_j2_gmat_r2026a_eop_full,EarthMJ2000Eq,36960.0,2026-03-24T01:01:00Z,-0.00035733228287426755,-0.0011091376563854283,-4.90899765281938e-06,0.0011652882902759521,0.001092281820547214,-0.00034434055606880065,-0.0006065350444117712,0.0012959686547719031
gmat_j2,numerical_j2_gmat_r2026a_eop_full,EarthMJ2000Eq,37020.0,2026-03-24T01:02:00Z,9.689392754808068e-05,0.0005069603048468707,6.275467967498116e-05,0.0005199378171543538,-0.0004991096425044361,5.288747217946366e-05,0.00028044766509083274,0.0005749420951794532
gmat_j2,numerical_j2_gmat_r2026a_eop_full,EarthMJ2000Eq,37080.0,2026-03-24T01:03:00Z,-9.707036952022463e-05,-0.0008289421202789526,-8.444249033345841e-05,0.0008388672300102531,0.000829961210868646,-5.150990745050876e-05,-0.00042057302085396486,0.0009318640179673956
gmat_j2,numerical_j2_gmat_r2026a_eop_full,EarthMJ2000Eq,37140.0,2026-03-24T01:04:00Z,-0.00022845688363304362,-0.0011096292382717365,-6.836989996372722e-05,0.0011349643330642097,0.0011017291523529593,-0.000185067072777656,-0.0005858474816378134,0.001261457180530607
gmat_j2,numerical_j2_gmat_r2026a_eop_full,EarthMJ2000Eq,37200.0,2026-03-24T01:05:00Z,0.00020715651771752164,0.0019807870614840795,0.00028156409825896844,0.002011394925717963,-0.0019754224922508,4.11342071515719e-05,0.0010297274144477342,0.002228076433597727
gmat_j2,numerical_j2_gmat_r2026a_eop_full,EarthMJ2000Eq,37260.0,2026-03-24T01:06:00Z,2.1327650756575167e-05,-0.0012254535590727755,-0.00021635878511006013,0.0012445892567530977,0.0012360378276454753,0.00013361933781652624,-0.0005984357454025258,0.0013797713506898705
gmat_j2,numerical_j2_gmat_r2026a_eop_full,EarthMJ2000Eq,37320.0,2026-03-24T01:07:00Z,-6.712980393785983e-05,-0.000643728753857431,-6.285699782893062e-05,0.0006502646548103646,0.0006430422860859153,-3.289279959517444e-05,-0.0003273865623043548,0.0007223346033087933
gmat_j2,numerical_j2_gmat_r2026a_eop_full,EarthMJ2000Eq,37380.0,2026-03-24T01:08:00Z,8.7624357547611e-05,-0.0001924731805047486,-5.80803316552192e-05,0.00021931091667863996,0.00020011448054191305,0.00011170531166726505,-7.540856827858988e-05,0.00024126817889449757
gmat_j2,numerical_j2_gmat_r2026a_eop_full,EarthMJ2000Eq,37440.0,2026-03-24T01:09:00Z,0.0004735675247502513,-0.003243095989091671,-0.0008201004675356671,0.0033785355661606975,0.003299263084954873,0.000889375684209881,-0.001518936532107773,0.0037394243139795367
gmat_j2,numerical_j2_gmat_r2026a_eop_full,EarthMJ2000Eq,37500.0,2026-03-24T01:10:00Z,-3.713557816809043e-05,-0.0001130429154727608,2.1021605789428577e-05,0.0001208290520298253,0.00010892509116899873,-4.856115509710435e-05,-6.181011258377112e-05,0.00013432554220310509
gmat_j2,numerical_j2_gmat_r2026a_eop_full,EarthMJ2000Eq,37560.0,2026-03-24T01:11:00Z,0.00034798540582414716,-0.0008193628673325293,-0.0003066788849537261,0.0009415419743731243,0.0008493410419418979,0.000492573093424653,-0.0003418874072735889,0.0010396612222955792
gmat_j2,numerical_j2_gmat_r2026a_eop_full,EarthMJ2000Eq,37620.0,2026-03-24T01:12:00Z,4.096182237844914e-05,-0.0004334979166742414,-7.812923286110163e-05,0.000442382743425798,0.00043596060095296707,7.929479295398778e-05,-0.0002088271777722639,0.0004898551826297408
gmat_j2,numerical_j2_gmat_r2026a_eop_full,EarthMJ2000Eq,37680.0,2026-03-24T01:13:00Z,0.0003654313331935555,-0.0006848808880022261,-0.000290734078589594,0.0008289319601050965,0.0007143072799919992,0.0005001483671662754,-0.00027470381525063203,0.0009142458452418108
gmat_j2,numerical_j2_gmat_r2026a_eop_full,EarthMJ2000Eq,37740.0,2026-03-24T01:14:00Z,0.0006951813702471554,-0.0014413394637813326,-0.0005996826075715944,0.0017089048590299106,0.001501103685797034,0.0009788125865384245,-0.0005901310551337247,0.0018867010937911506
gmat_j2,numerical_j2_gmat_r2026a_eop_full,EarthMJ2000Eq,37800.0,2026-03-24T01:15:00Z,0.0005121810318087228,-0.0008173792593879625,-0.0003907725840690546,0.0010407408301216343,0.0008585012700734751,0.0006931388796260762,-0.0003159441597233581,0.0011477310875071568
gmat_j2,numerical_j2_gmat_r2026a_eop_full,EarthMJ2000Eq,37860.0,2026-03-24T01:16:00Z,0.0006356449375743978,-0.0009224795576301403,-0.00047374919631693047,0.0012163269798538537,0.0009738685413651638,0.0008547171859163427,-0.0003465765452403957,0.001341296650809295
gmat_j2,numerical_j2_gmat_r2026a_eop_full,EarthMJ2000Eq,37920.0,2026-03-24T01:17:00Z,0.0006798600225010887,-0.0008443939805147238,-0.00048235551730613224,0.001186540218281853,0.0008987388611103597,0.0009011635881961411,-0.00030107205617468935,0.0013078500434567206
gmat_j2,numerical_j2_gmat_r2026a_eop_full,EarthMJ2000Eq,37980.0,2026-03-24T01:18:00Z,0.0007331764209084213,-0.0007903508958406746,-0.0005001577392249601,0.001188427518546614,0.0008486384928119151,0.0009611360596295526,-0.0002658255837673096,0.0013094399786120526
gmat_j2,numerical_j2_gmat_r2026a_eop_full,EarthMJ2000Eq,38040.0,2026-03-24T01:19:00Z,0.000782442839408759,-0.000731022737454623,-0.0005149986463948153,0.0011882064826477692,0.0007930180956350341,0.0010156693264207206,-0.0002287232625519664,0.0013087307635525926
gmat_j2,numerical_j2_gmat_r2026a_eop_full,EarthMJ2000Eq,38100.0,2026-03-24T01:20:00Z,0.0008282722774310969,-0.0006685586413368583,-0.000527585484633164,0.0011880033948026799,0.0007340759111684747,0.0010657545956860304,-0.00019069679169092524,0.0013080770496973534
gmat_j2,numerical_j2_gmat_r2026a_eop_full,EarthMJ2000Eq,38160.0,2026-03-24T01:21:00Z,0.0008704710126039572,-0.000603225089435,-0.0005378666401156806,0.0011878134596210608,0.000672063293905012,0.0011111978004407774,-0.00015190781965657152,0.0013074806340407838
gmat_j2,numerical_j2_gmat_r2026a_eop_full,EarthMJ2000Eq,38220.0,2026-03-24T01:22:00Z,0.0009088630577025469,-0.0005353122105589136,-0.0005458020950754872,0.001187641001068372,0.0006072555791547529,0.001151817752287343,-0.00011251666265366111,0.001306944326386384
gmat_j2,numerical_j2_gmat_r2026a_eop_full,EarthMJ2000Eq,38280.0,2026-03-24T01:23:00Z,0.0009432897059014067,-0.00046510740503435954,-0.0005513596192940895,0.001187483809264565,0.0005399138913730894,0.0011874590200022794,-7.269207458193705e-05,0.0013064647228262355
gmat_j2,numerical_j2_gmat_r2026a_eop_full,EarthMJ2000Eq,38340.0,2026-03-24T01:24:00Z,0.0009757586667547002,-0.00039320275391219184,-0.0005556695583663895,0.0011897403244095495,0.0004708358147809122,0.001220597400930501,-3.235056666994751e-05,0.0013086599782993924
gmat_j2,numerical_j2_gmat_r2026a_eop_full,EarthMJ2000Eq,38400.0,2026-03-24T01:25:00Z,0.0009813679753278848,-0.00031587478588335216,-0.000545315046451833,0.001166288336237129,0.00039402081597472716,0.0012205458865821583,5.849098982935175e-06,0.0012825828926946315
gmat_j2,numerical_j2_gmat_r2026a_eop_full,EarthMJ2000Eq,38460.0,2026-03-24T01:26:00Z,0.0011044332950405078,-0.0002576889528427273,-0.000598578935750993,0.001282370165722833,0.00034710545548932714,0.0013655785391364361,5.586509033150833e-05,0.0014101091631849656
gmat_j2,numerical_j2_gmat_r2026a_eop_full,EarthMJ2000Eq,38520.0,2026-03-24T01:27:00Z,0.0003251545876992168,-5.264246283331886e-05,-0.00016364117527700728,0.00036779772843377543,7.200462448508915e-05,0.000396301880201122,1.5195400493439593e-05,0.0004030766011496316
gmat_j2,numerical_j2_gmat_r2026a_eop_full,EarthMJ2000Eq,38580.0,2026-03-24T01:28:00Z,0.00032395996640843805,-2.8041540645062923e-05,-0.00015978685041773133,0.0003623095712281466,4.7262638247502764e-05,0.00039337011425999435,2.639310991980892e-05,0.00039707732246789724
gmat_j2,numerical_j2_gmat_r2026a_eop_full,EarthMJ2000Eq,38640.0,2026-03-24T01:29:00Z,0.00032770196867204504,-4.634785000234842e-06,-0.00015872603853495093,0.0003641483445143354,2.4204638293667813e-05,0.0003965913847325808,3.800115777607971e-05,0.000399142429405038
gmat_j2,numerical_j2_gmat_r2026a_eop_full,EarthMJ2000Eq,38700.0,2026-03-24T01:30:00Z,0.00032806121907924535,1.921307557495311e-05,-0.00015589876056765206,0.0003637275481501773,4.583000645652646e-07,0.000395695531896223,4.9266812851556097e-05,0.00039875102865087917
gmat_j2,numerical_j2_gmat_r2026a_eop_full,EarthMJ2000Eq,38760.0,2026-03-24T01:31:00Z,0.0003274226969551819,4.289267963031307e-05,-0.00015263162822520826,0.00036378815041442975,-2.3168134077877767e-05,0.0003936231340873064,6.036460220570916e-05,0.000398898256858585
gmat_j2,numerical_j2_gmat_r2026a_eop_full,EarthMJ2000Eq,38820.0,2026-03-24T01:32:00Z,0.00032532580007682554,6.640129868173972e-05,-0.00014868169273540843,0.0003638024936925456,-4.671818487622659e-05,0.0003898164013804717,7.120259937209994e-05,0.00039901030781258525
gmat_j2,numerical_j2_gmat_r2026a_eop_full,EarthMJ2000Eq,38880.0,2026-03-24T01:33:00Z,0.0003218208348698681,8.963615982793272e-05,-0.00014409147297556046,0.0003638208947948211,-7.007550095750048e-05,0.0003843405593784155,8.174128041105178e-05,0.0003991364157039497
gmat_j2,numerical_j2_gmat_r2026a_eop_full,EarthMJ2000Eq,38940.0,2026-03-24T01:34:00Z,0.0003169220690324437,0.00011248903319938108,-0.0001388791588396998,0.00036384172546583915,-9.315215265814913e-05,0.0003772191448092599,9.193668049078951e-05,0.00039927930070959356
gmat_j2,numerical_j2_gmat_r2026a_eop_full,EarthMJ2000Eq,39000.0,2026-03-24T01:35:00Z,0.00031065064831636846,0.00013486896932590753,-0.0001330658960796427,0.0003638681036940321,-0.00011584866399516613,0.0003684728078212629,0.0001017501638500562,0.00039943237086728905
gmat_j2,numerical_j2_gmat_r2026a_eop_full,EarthMJ2000Eq,39060.0,2026-03-24T01:36:00Z,0.0003030290827155113,0.0001566704668221064,-0.00012667669579968788,0.00036389455258960333,-0.00013806911169922387,0.0003581313023914845,0.00011114176245996532,0.00039959179260933404
gmat_j2,numerical_j2_gmat_r2026a_eop_full,EarthMJ2000Eq,39120.0,2026-03-24T01:37:00Z,0.0002940928425232414,0.00017780803318601102,-0.0001197386154672131,0.0003639280598179849,-0.00015971934885783412,0.000346243922422218,0.00012006706739953188,0.00039976396146703514
gmat_j2,numerical_j2_gmat_r2026a_eop_full,EarthMJ2000Eq,39180.0,2026-03-24T01:38:00Z,0.0002839346961991396,0.00019824346964014694,-0.000112297129817307,0.0003640467419520008,-0.00018074164387371638,0.00033287239631363263,0.00012853851316663167,0.00039999215420410657
gmat_j2,numerical_j2_gmat_r2026a_eop_full,EarthMJ2000Eq,39240.0,2026-03-24T01:39:00Z,0.0002719539224926848,0.00021725827537011355,-0.00010417124940431677,0.0003633342034249042,-0.00020049473192784717,0.00031738256467406245,0.0001360795920390956,0.00039930875930717
gmat_j2,numerical_j2_gmat_r2026a_eop_full,EarthMJ2000Eq,39300.0,2026-03-24T01:40:00Z,0.0002620163286337629,0.00023847496777307242,-9.665654943091795e-05,0.00036724018744273545,-0.00022222756967948953,0.0003041655816105049,0.00014517964608273815,0.0004037064817399124
gmat_j2,numerical_j2_gmat_r2026a_eop_full,EarthMJ2000Eq,39360.0,2026-03-24T01:41:00Z,-0.00039153883335529827,-0.0003891891537932679,0.00011848669601022266,0.0005646325819388808,0.0003426388062166552,-0.00043921311032590893,-0.00028192292944595465,0.0006243316794422036
gmat_j2,numerical_j2_gmat_r2026a_eop_full,EarthMJ2000Eq,39420.0,2026-03-24T01:42:00Z,-0.00016775811673142016,-0.0001877160684671253,4.033017830806784e-05,0.0002549639805391887,0.00016285639503621496,-0.00018347989794165187,-0.00014165446593494835,0.00028328972108459236
gmat_j2,numerical_j2_gmat_r2026a_eop_full,EarthMJ2000Eq,39480.0,2026-03-24T01:43:00Z,7.795279088895768e-05,0.00010239455150440335,-3.241893864469603e-05,0.00013271122547853307,-0.00010338574440993398,9.157385960634201e-05,4.657541019525979e-05,0.00014575202484101187
gmat_j2,numerical_j2_gmat_r2026a_eop_full,EarthMJ2000Eq,39540.0,2026-03-24T01:44:00Z,3.758214006666094e-05,6.424261300708167e-05,-2.0299012248869985e-05,7.714648712836867e-05,-6.851053058198886e-05,4.576072853978985e-05,2.0998425220852823e-05,8.502159101589264e-05
gmat_j2,numerical_j2_gmat_r2026a_eop_full,EarthMJ2000Eq,39600.0,2026-03-24T01:45:00Z,4.007870302302763e-05,7.520111466874368e-05,-2.08528945222497e-05,8.772886237371172e-05,-7.848033334312277e-05,4.8195225588187895e-05,2.746591842850421e-05,9.610577072301764e-05
gmat_j2,numerical_j2_gmat_r2026a_eop_full,EarthMJ2000Eq,39660.0,2026-03-24T01:46:00Z,3.463173925410956e-05,7.707922122790478e-05,-1.898661139421165e-05,8.660863190871755e-05,-8.004841234310334e-05,4.169464773440268e-05,2.8071767133042158e-05,9.452098221198917e-05
gmat_j2,numerical_j2_gmat_r2026a_eop_full,EarthMJ2000Eq,39720.0,2026-03-24T01:47:00Z,2.9771399567835033e-05,7.940525392768905e-05,-1.7271304386667907e-05,8.654379549549118e-05,-8.193623557417595e-05,3.587974362062596e-05,2.9066693496559992e-05,9.405198229262193e-05
gmat_j2,numerical_j2_gmat_r2026a_eop_full,EarthMJ2000Eq,39780.0,2026-03-24T01:48:00Z,2.481010596966371e-05,8.138113116729073e-05,-1.5500518202316016e-05,8.647945381900867e-05,-8.342126989191456e-05,2.9976021664879227e-05,2.993003067608413e-05,9.356001753689605e-05
gmat_j2,numerical_j2_gmat_r2026a_eop_full,EarthMJ2000Eq,39840.0,2026-03-24T01:49:00Z,1.9771505321841687e-05,8.30013959784992e-05,-1.3682438293471932e-05,8.64138488595775e-05,-8.450173893947976e-05,2.4013679933432286e-05,3.0665053829537214e-05,9.304593615042912e-05
gmat_j2,numerical_j2_gmat_r2026a_eop_full,EarthMJ2000Eq,39900.0,2026-03-24T01:50:00Z,1.4621946320403367e-05,8.38649611978326e-05,-1.1866632121382281e-05,8.595318486719934e-05,-8.487499592035874e-05,1.816502503970696e-05,3.114836166773216e-05,9.221688295403363e-05
gmat_j2,numerical_j2_gmat_r2026a_eop_full,EarthMJ2000Eq,39960.0,2026-03-24T01:51:00Z,9.652467269916087e-06,8.983192856248934e-05,-9.104496712097898e-06,9.080659322997197e-05,-9.037748327500594e-05,1.2150280781497713e-05,3.431921413721284e-05,9.743473336130746e-05
gmat_j2,numerical_j2_gmat_r2026a_eop_full,EarthMJ2000Eq,40020.0,2026-03-24T01:52:00Z,3.320565156172961e-06,6.97219775247504e-05,-1.0432358976686373e-05,7.057630209026709e-05,-6.989175904692502e-05,6.726175172389048e-06,2.438371726753985e-05,7.432809080627867e-05
gmat_j2,numerical_j2_gmat_r2026a_eop_full,EarthMJ2000Eq,40080.0,2026-03-24T01:53:00Z,1.3969838619232178e-06,0.00014235689405062146,3.436070983298123e-06,0.00014240520858259574,-0.00014274836868111151,-9.707790127322369e-07,6.181122280679574e-05,0.0001555592055710026
gmat_j2,numerical_j2_gmat_r2026a_eop_full,EarthMJ2000Eq,40140.0,2026-03-24T01:54:00Z,-3.0331648304127157e-06,0.0002479928298271261,2.4852852220647037e-05,0.00024925350147601876,-0.0002476694405117996,-1.5718093493433116e-05,0.00011433254343273802,0.00027323824899580783
gmat_j2,numerical_j2_gmat_r2026a_eop_full,EarthMJ2000Eq,40200.0,2026-03-24T01:55:00Z,-1.8451828509569168e-05,0.00021867788291274337,2.6738689484773204e-05,0.0002210779137903856,-0.00021833140850802124,-3.197442310920451e-05,9.795919631017114e-05,0.00024142694923309104
gmat_j2,numerical_j2_gmat_r2026a_eop_full,EarthMJ2000Eq,40260.0,2026-03-24T01:56:00Z,-3.109380486421287e-05,0.00022225299289857503,3.3459855330875143e-05,0.0002268981698297077,-0.00022194057702762393,-4.744027393144279e-05,9.863043715085951e-05,0.00024745941577279825
gmat_j2,numerical_j2_gmat_r2026a_eop_full,EarthMJ2000Eq,40320.0,2026-03-24T01:57:00Z,-4.41514202975668e-05,0.00021807818484376185,3.904870027326979e-05,0.000225903173089875,-0.00021791946025473408,-6.266365204510294e-05,9.547340695803541e-05,0.00024603007109196836
gmat_j2,numerical_j2_gmat_r2026a_eop_full,EarthMJ2000Eq,40380.0,2026-03-24T01:58:00Z,-5.7117176766041666e-05,0.00021386449589044787,4.469029590836726e-05,0.00022582651977253707,-0.00021421042717406635,-7.772893440005646e-05,9.25370891025068e-05,0.00024594919640574055
gmat_j2,numerical_j2_gmat_r2026a_eop_full,EarthMJ2000Eq,40440.0,2026-03-24T01:59:00Z,-6.983918865444139e-05,0.00020875904738204554,5.014635462430306e-05,0.00022577092155075273,-0.00020969403990989122,-9.245848531236334e-05,8.926814842880049e-05,0.00024594504305615496
gmat_j2,numerical_j2_gmat_r2026a_eop_full,EarthMJ2000Eq,40500.0,2026-03-24T02:00:00Z,-8.22656147647649e-05,0.00020277775547583587,5.539732228498906e-05,0.00022573283501694993,-0.00020439516745796027,-0.00010681411310997646,8.568123988084153e-05,0.00024602421447320337
gmat_j2,numerical_j2_gmat_r2026a_eop_full,EarthMJ2000Eq,40560.0,2026-03-24T02:01:00Z,-9.434916137252003e-05,0.00019594926925492473,6.042364475433715e-05,0.00022571862399597235,-0.00019833779063560542,-0.00012076561972662603,8.178568933203678e-05,0.00024619324337131135
gmat_j2,numerical_j2_gmat_r2026a_eop_full,EarthMJ2000Eq,40620.0,2026-03-24T02:02:00Z,-0.00010605344868963584,0.00018829632608685642,6.520531314890832e-05,0.0002257311969126558,-0.0001915463343493684,-0.00013428369527446193,7.758993447737339e-05,0.0002464595442490464
gmat_j2,numerical_j2_gmat_r2026a_eop_full,EarthMJ2000Eq,40680.0,2026-03-24T02:03:00Z,-0.0001173229975393042,0.00017984530131798238,6.972754817979876e-05,0.00022576746694980126,-0.00018403767398922355,-0.00014734169440089318,7.309841620894986e-05,0.0002468254824943056
gmat_j2,numerical_j2_gmat_r2026a_eop_full,EarthMJ2000Eq,40740.0,2026-03-24T02:04:00Z,-0.0001322832758887671,0.00017386901163263246,7.670269042137079e-05,0.00023154395047992249,-0.00017958878828494562,-0.00016547829773116973,6.919087525147916e-05,0.000253816030060606
gmat_j2,numerical_j2_gmat_r2026a_eop_full,EarthMJ2000Eq,40800.0,2026-03-24T02:05:00Z,-9.472751116845757e-05,0.0001246635292773135,4.8877836889005266e-05,0.00016402237604361806,-0.0001262554505387925,-0.00011536460675642957,5.3090865037574986e-05,0.00017907560200445264
gmat_j2,numerical_j2_gmat_r2026a_eop_full,EarthMJ2000Eq,40860.0,2026-03-24T02:06:00Z,-0.00037042445910628885,0.0003282129910076037,0.00022841027202957775,0.0005450773337233624,-0.0003601465792257841,-0.00047486459209267196,0.000106726627535636,0.0006054688368334938
gmat_j2,numerical_j2_gmat_r2026a_eop_full,EarthMJ2000Eq,40920.0,2026-03-24T02:07:00Z,0.0008481642908009235,-0.0006792142812628299,-0.000581604126637103,0.0012324682812074814,0.0007815668112698404,0.001117306247522265,-0.00017578694055941924,0.001374816707674893
gmat_j2,numerical_j2_gmat_r2026a_eop_full,EarthMJ2000Eq,40980.0,2026-03-24T02:08:00Z,-0.00029447119231917895,0.00018042373994830996,0.00016357114418497076,0.00038212763345876305,-0.0002027933376780311,-0.0003716253971219885,4.888356386345549e-05,0.00042616918754018825
gmat_j2,numerical_j2_gmat_r2026a_eop_full,EarthMJ2000Eq,41040.0,2026-03-24T02:09:00Z,-0.00099911494544358,0.0006567270247614942,0.0006134308705441072,0.00134380746098439,-0.0007553015990424683,-0.001284682138447124,0.00016109158451627081,0.0014989460300368215
gmat_j2,numerical_j2_gmat_r2026a_eop_full,EarthMJ2000Eq,41100.0,2026-03-24T02:10:00Z,-0.0008440815690846648,0.0004371913746581413,0.0004941804263580707,0.001071365617863178,-0.000517304421521203,-0.001074842437276402,8.036549203893628e-05,0.0011955537385690044
gmat_j2,numerical_j2_gmat_r2026a_eop_full,EarthMJ2000Eq,41160.0,2026-03-24T02:11:00Z,-0.0009144359864876606,0.0004011690180050209,0.0005244430951734103,0.0011279052772577315,-0.00048761616966430665,-0.0011597531823781537,5.0598636391896434e-05,0.0012591096834505976
gmat_j2,numerical_j2_gmat_r2026a_eop_full,EarthMJ2000Eq,41220.0,2026-03-24T02:12:00Z,-0.0009375721674587112,0.0003280247256043367,0.0005237239690814022,0.0011229107647499883,-0.0004155165100883096,-0.0011832197444050507,1.0624390256452898e-05,0.001254103588773369
gmat_j2,numerical_j2_gmat_r2026a_eop_full,EarthMJ2000Eq,41280.0,2026-03-24T02:13:00Z,-0.0009603886610420886,0.00025630652089603245,0.0005231795512372628,0.0011232792421053937,-0.0003446816165819655,-0.0012065013432760452,-2.8759661319099905e-05,0.0012551008032248437
gmat_j2,numerical_j2_gmat_r2026a_eop_full,EarthMJ2000Eq,41340.0,2026-03-24T02:14:00Z,-0.0009788986972125713,0.00018335686036152765,0.0005202723514230456,0.0011236305964601404,-0.00027208635344777576,-0.001224319978732069,-6.81108502931238e-05,0.0012560372136137745
gmat_j2,numerical_j2_gmat_r2026a_eop_full,EarthMJ2000Eq,41400.0,2026-03-24T02:15:00Z,-0.0009930092801369028,0.00010950407158816233,0.0005150096740180743,0.0011239633163340334,-0.00019806023487944913,-0.0012365563017979753,-0.00010724487964353102,0.001256901272322748
gmat_j2,numerical_j2_gmat_r2026a_eop_full,EarthMJ2000Eq,41460.0,2026-03-24T02:16:00Z,-0.001002644125946972,3.508375812089071e-05,0.0005074094815427088,0.0011242733187883155,-0.00012295586770960654,-0.0012431130014256553,-0.00014597256736692543,0.0012576788422094948
gmat_j2,numerical_j2_gmat_r2026a_eop_full,EarthMJ2000Eq,41520.0,2026-03-24T02:17:00Z,-0.0010077495176119555,-3.956029104301706e-05,0.0004975036063115112,0.0011245594449238762,-4.7133852376646246e-05,-0.001243931235794804,-0.00018409540558650406,0.0012583630786795641
gmat_j2,numerical_j2_gmat_r2026a_eop_full,EarthMJ2000Eq,41580.0,2026-03-24T02:18:00Z,-0.0010038448579052783,-0.00011290467227809131,0.00048328320190194063,0.0011198279408041593,2.850608638027552e-05,-0.001233444346659951,-0.00022013413314425634,0.00125325838909751
gmat_j2,numerical_j2_gmat_r2026a_eop_full,EarthMJ2000Eq,41640.0,2026-03-24T02:19:00Z,-0.0010480146102054277,-0.00020408970158314332,0.0004902519776806002,0.0011748762620446764,0.00011790302067993252,-0.0012803265114769147,-0.0002741527005412081,0.0013146470254369177
gmat_j2,numerical_j2_gmat_r2026a_eop_full,EarthMJ2000Eq,41700.0,2026-03-24T02:20:00Z,-0.0007808823738741921,-0.00018761420506052673,0.00035874290915671736,0.0008795867476480712,0.00012669598703496376,-0.0009525147337541284,-0.00021648949299901687,0.0009849892850830578
gmat_j2,numerical_j2_gmat_r2026a_eop_full,EarthMJ2000Eq,41760.0,2026-03-24T02:21:00Z,-0.002155588163077482,-0.0007323587851715274,0.0009589507499185856,0.00247032310837815,0.0005547695636209937,-0.0025983064588785965,-0.0007451532724189747,0.002759387454194711
gmat_j2,numerical_j2_gmat_r2026a_eop_full,EarthMJ2000Eq,41820.0,2026-03-24T02:22:00Z,0.001105064939110889,0.0004658686520997435,-0.00047672847358626314,0.0012905317346695792,-0.00036268943404138554,0.0013135710297262904,0.000461080063018926,0.0014386129779113575
gmat_j2,numerical_j2_gmat_r2026a_eop_full,EarthMJ2000Eq,41880.0,2026-03-24T02:23:00Z,0.0007732205631327815,0.0003772056516027078,-0.00032246953196590766,0.0009187713218743338,-0.0003035802720319225,0.0009106777554279688,0.00035506975137877816,0.0010235084191849556
gmat_j2,numerical_j2_gmat_r2026a_eop_full,EarthMJ2000Eq,41940.0,2026-03-24T02:24:00Z,-0.0019792410057561938,-0.0011510455806273967,0.0007950447979965247,0.0024237155605330396,0.0009974741033147438,-0.0023402475513023546,-0.0009225296082604473,0.0027060624653317583
gmat_j2,numerical_j2_gmat_r2026a_eop_full,EarthMJ2000Eq,42000.0,2026-03-24T02:25:00Z,0.0008742349564272445,0.0005803603926324286,-0.00033226251616724767,0.0011006831169894464,-0.0005016795867618384,0.0010123368809900057,0.0004752953586262265,0.001225730005473365
gmat_j2,numerical_j2_gmat_r2026a_eop_full,EarthMJ2000Eq,42060.0,2026-03-24T02:26:00Z,-0.0020320308067312,-0.0015874484233791009,0.0007429275683534797,0.0026834833832563706,0.0014359242683781304,-0.0023616051336716737,-0.0011510636888090175,0.002993994810883328
gmat_j2,numerical_j2_gmat_r2026a_eop_full,EarthMJ2000Eq,42120.0,2026-03-24T02:27:00Z,-0.0016762278391979635,-0.001476388206356205,0.0005839997356815729,0.002308791371268983,0.0013550662814054704,-0.001933219806460329,-0.0010294007868338895,0.002575501781600392
gmat_j2,numerical_j2_gmat_r2026a_eop_full,EarthMJ2000Eq,42180.0,2026-03-24T02:28:00Z,0.0007205476322269533,0.0006965001375647262,-0.00022692438506055623,0.001027519347005526,-0.0006346851932903519,0.000806642752593234,0.0005032461114495845,0.0011431336201784673
gmat_j2,numerical_j2_gmat_r2026a_eop_full,EarthMJ2000Eq,42240.0,2026-03-24T02:29:00Z,-0.0016193007468245924,-0.0018305490812053904,0.0004912353688268922,0.0024928612145394442,0.0017183463540959565,-0.001826685469552558,-0.001196099885802937,0.0027785155990433298
gmat_j2,numerical_j2_gmat_r2026a_eop_full,EarthMJ2000Eq,42300.0,2026-03-24T02:30:00Z,0.000787201315688435,0.0010029261829913594,-0.0001998805601033382,0.00129054216446362,-0.000940052480302711,0.0008551479524498973,0.0006669140795168005,0.0014351832899529842
gmat_j2,numerical_j2_gmat_r2026a_eop_full,EarthMJ2000Eq,42360.0,2026-03-24T02:31:00Z,0.000514331077283714,0.0007149642442527693,-0.00011354177331668325,0.0008880326919137923,-0.0006729736767852046,0.0005467697405947547,0.0004713789358845588,0.0009869391166994605
gmat_j2,numerical_j2_gmat_r2026a_eop_full,EarthMJ2000Eq,42420.0,2026-03-24T02:32:00Z,-0.0012169766705483198,-0.0020006191334687173,0.00025820781957008876,0.0023558820878700902,0.0019233117320993642,-0.0013121042030661556,-0.0012064371723852219,0.002622257826653927
gmat_j2,numerical_j2_gmat_r2026a_eop_full,EarthMJ2000Eq,42480.0,2026-03-24T02:33:00Z,0.00047294543037423864,0.0008564088602724951,-6.286518328124657e-05,0.0009803395061579903,-0.0008207119428504939,0.0004794866725887914,0.0005318896434403086,0.0010892117127201497
gmat_j2,numerical_j2_gmat_r2026a_eop_full,EarthMJ2000Eq,42540.0,2026-03-24T02:34:00Z,-0.0008300048648379743,-0.0017065685824491084,0.0001189455360872671,0.0019014290527948055,0.001658604809051667,-0.0008650262728338021,-0.0009892826557944545,0.00211610976519598
gmat_j2,numerical_j2_gmat_r2026a_eop_full,EarthMJ2000Eq,42600.0,2026-03-24T02:35:00Z,0.00033885498851304874,0.0007363182703556959,-1.4595116226701066e-05,0.0008106789228279301,-0.0007102061161390338,0.0003254267966212865,0.00044378520996923854,0.0008984657143975634
gmat_j2,numerical_j2_gmat_r2026a_eop_full,EarthMJ2000Eq,42660.0,2026-03-24T02:36:00Z,0.0001764710759744048,0.0006757309165550396,5.798392521683127e-05,0.0007007970090029132,-0.0006625402448889872,0.0001311981634444237,0.00038132319524208924,0.0007756158284991259
gmat_j2,numerical_j2_gmat_r2026a_eop_full,EarthMJ2000Eq,42720.0,2026-03-24T02:37:00Z,-0.00021038795239292085,-0.0011061638360843062,-8.041524779400788e-05,0.0011288614329715608,0.0011022387447212623,-0.00016258550061820642,-0.0005765756760922613,0.0012545133740368116
gmat_j2,numerical_j2_gmat_r2026a_eop_full,EarthMJ2000Eq,42780.0,2026-03-24T02:38:00Z,-0.0004808725861948915,-0.0022419806100515416,-0.00015614432413713075,0.0022982812164661416,0.002224800121908288,-0.0003793170222365916,-0.0011921514886381601,0.0025524188836599194
gmat_j2,numerical_j2_gmat_r2026a_eop_full,EarthMJ2000Eq,42840.0,2026-03-24T02:39:00Z,0.000155722773342859,0.0008549819767722511,0.00010535404726397246,0.0008754103255147707,-0.0008469641654684779,8.72768524118328e-05,0.00046248005425297833,0.000968944449974543
gmat_j2,numerical_j2_gmat_r2026a_eop_full,EarthMJ2000Eq,42900.0,2026-03-24T02:40:00Z,2.8644535632338375e-05,0.00026542980435806385,5.951415005256422e-05,0.000273524083984631,-0.0002636749707463082,-8.824052599720744e-06,0.00014486456478834953,0.000300978564408941
gmat_j2,numerical_j2_gmat_r2026a_eop_full,EarthMJ2000Eq,42960.0,2026-03-24T02:41:00Z,-1.5084879123605788e-05,0.0007814443279130501,0.0001800599420676008,0.0008020625748300689,-0.0007880136959625972,-0.00011477307992890928,0.00039065350954103906,0.0008869885057979788
gmat_j2,numerical_j2_gmat_r2026a_eop_full,EarthMJ2000Eq,43020.0,2026-03-24T02:42:00Z,0.00012025429896311834,-0.0011313352388242492,-0.00025011468096636236,0.0011648767628635818,0.001149366934960483,0.00024519231089925597,-0.0005317575269003783,0.0012899339858767108
gmat_j2,numerical_j2_gmat_r2026a_eop_full,EarthMJ2000Eq,43080.0,2026-03-24T02:43:00Z,0.0002549804776208475,-0.002709830368985422,-0.0006168838808662258,0.0027908316672841447,0.002748692162768407,0.0005680522718876091,-0.0012886758327113057,0.0030884749296497963
gmat_j2,numerical_j2_gmat_r2026a_eop_full,EarthMJ2000Eq,43140.0,2026-03-24T02:44:00Z,-0.0002376191332587041,0.0019793819774349686,0.0005214669727138244,0.002060665831404089,-0.002014744593381579,-0.0005076605802400991,0.0009367284725669833,0.002279117213442014
gmat_j2,numerical_j2_gmat_r2026a_eop_full,EarthMJ2000Eq,43200.0,2026-03-24T02:45:00Z,0.0004868652467848733,-0.0019739682102226652,-0.0005954962034593336,0.0021185381733240132,0.0020251027521567266,0.0007779341615332669,-0.0008832867770536268,0.0023423104506002184
