reference_model,comparison_model,frame,elapsed_seconds,timestamp_utc,radial_position_difference_m,along_track_position_difference_m,cross_track_position_difference_m,radial_velocity_difference_mm_s,along_track_velocity_difference_mm_s,cross_track_velocity_difference_mm_s
gmat_two_body,numerical_two_body,EarthMJ2000Eq,0.0,2026-05-09T21:08:00Z,-6.439777635978571e-10,-3.8801179107875477e-10,5.117813034181564e-10,-3.1444226738176613e-10,-1.8945888236267323e-10,2.4989321455964673e-10
gmat_two_body,numerical_two_body,EarthMJ2000Eq,60.0,2026-05-09T21:09:00Z,-1.3743885762553955e-09,-8.498690927787951e-10,8.655632877465918e-10,1.713708518709048e-09,5.878209672695878e-10,2.651951555582905e-10
gmat_two_body,numerical_two_body,EarthMJ2000Eq,120.0,2026-05-09T21:10:00Z,3.211931205799798e-05,0.0036070803110475305,1.922004891175775e-09,-0.003855542247165717,-9.946598868930708e-10,1.0969560273952415e-09
gmat_two_body,numerical_two_body,EarthMJ2000Eq,180.0,2026-05-09T21:11:00Z,1.0936226261628207e-09,6.72669732293752e-10,-1.3851791849560541e-09,4.616605449373853e-09,-2.2954335924722512e-09,4.890905078571589e-10
gmat_two_body,numerical_two_body,EarthMJ2000Eq,240.0,2026-05-09T21:12:00Z,3.55211995908086e-05,0.0036027102091311753,-1.684020189633283e-11,-0.0038461952624627947,-2.1444031042379345e-09,-5.800719106351313e-10
gmat_two_body,numerical_two_body,EarthMJ2000Eq,300.0,2026-05-09T21:13:00Z,5.476718772588382e-10,2.054032800167377e-09,-1.7463716596989154e-10,3.7881050291385175e-09,-1.4505914007898105e-09,-5.561826247885027e-10
gmat_two_body,numerical_two_body,EarthMJ2000Eq,360.0,2026-05-09T21:14:00Z,6.786447635848573e-10,2.0145561581059268e-09,-1.7463716596989113e-10,4.528212739813018e-09,-9.911779959170485e-11,1.4203185030739879e-09
gmat_two_body,numerical_two_body,EarthMJ2000Eq,420.0,2026-05-09T21:15:00Z,1.1711928528222582e-09,1.8634324918838792e-09,3.4497873123957064e-10,5.04239108590818e-09,-1.3077259725478112e-09,-6.886774282732209e-10
gmat_two_body,numerical_two_body,EarthMJ2000Eq,480.0,2026-05-09T21:16:00Z,1.35448544053056e-09,4.182300462106841e-10,-1.2271798658663332e-09,6.056390506760144e-09,-3.0928528707255713e-09,-2.5251900611669717e-10
gmat_two_body,numerical_two_body,EarthMJ2000Eq,540.0,2026-05-09T21:17:00Z,-4.132353772262908e-05,-0.0035902529839792977,-1.7081793110004735e-09,0.003819657178148305,-3.0684311767222276e-09,-5.731195353416007e-10
gmat_two_body,numerical_two_body,EarthMJ2000Eq,600.0,2026-05-09T21:18:00Z,5.001967271260252e-10,9.095993591103526e-10,-1.0208244509932069e-09,3.1371900154588397e-09,-2.5713797717830865e-09,-5.561826247885031e-10
gmat_two_body,numerical_two_body,EarthMJ2000Eq,660.0,2026-05-09T21:19:00Z,-4.247818339796156e-05,-0.003584887417327532,-1.6796986033959526e-09,0.003808244649551854,-4.006157890269774e-09,-1.9313234427768907e-09
gmat_two_body,numerical_two_body,EarthMJ2000Eq,720.0,2026-05-09T21:20:00Z,1.5693791550551139e-09,-8.715358092068659e-11,-2.574575704673394e-09,3.4009089355289393e-09,-2.8469398512508584e-09,-4.974834192510397e-10
gmat_two_body,numerical_two_body,EarthMJ2000Eq,780.0,2026-05-09T21:21:00Z,-4.293342353563394e-05,-0.003579435341335103,-2.3429737465603255e-09,0.0037966711199022255,-4.241035930876529e-09,-4.660460508483478e-10
gmat_two_body,numerical_two_body,EarthMJ2000Eq,840.0,2026-05-09T21:22:00Z,-4.290105206693175e-05,-0.0035767061170126077,-5.308954861390847e-09,0.003790880107803044,-4.7029770335183925e-09,4.0112766195578724e-11
gmat_two_body,numerical_two_body,EarthMJ2000Eq,900.0,2026-05-09T21:23:00Z,3.8186791699812525e-10,-2.1718325308997668e-09,-4.651470791244419e-09,5.809883787418413e-09,-5.10354281645294e-09,5.913925265222967e-10
gmat_two_body,numerical_two_body,EarthMJ2000Eq,960.0,2026-05-09T21:24:00Z,-4.232006561981683e-05,-0.0035712914079100125,-6.4851657002041644e-09,0.003779410325522711,-2.1910150804119258e-09,-2.0085241361409806e-09
gmat_two_body,numerical_two_body,EarthMJ2000Eq,1020.0,2026-05-09T21:25:00Z,-4.177389186213725e-05,-0.0035686278752396633,-6.221953785265137e-09,0.003773773485324486,-5.71972298832133e-09,1.697543057194513e-09
gmat_two_body,numerical_two_body,EarthMJ2000Eq,1080.0,2026-05-09T21:26:00Z,1.1764159265178085e-09,-2.625655560036929e-09,-4.454898346167435e-09,3.2882665738201088e-09,-4.328443179816423e-09,1.2888724302289673e-09
gmat_two_body,numerical_two_body,EarthMJ2000Eq,1140.0,2026-05-09T21:27:00Z,-4.018647470461538e-05,-0.003563442524537602,-5.4198099561085035e-09,0.0037628158615044,-2.938156572290581e-09,1.3090614544525768e-09
gmat_two_body,numerical_two_body,EarthMJ2000Eq,1200.0,2026-05-09T21:28:00Z,-1.5126519964741124e-09,-4.31482242437335e-09,-7.0874342369610845e-09,4.667035343588193e-09,-3.079887900960027e-09,1.8050102975556724e-09
gmat_two_body,numerical_two_body,EarthMJ2000Eq,1260.0,2026-05-09T21:29:00Z,-3.796709051273527e-05,-0.003558514146422372,-5.789870833285079e-09,0.0037524112214805867,-1.0954321379109908e-09,1.9266828449759534e-09
gmat_two_body,numerical_two_body,EarthMJ2000Eq,1320.0,2026-05-09T21:30:00Z,-3.662838098739402e-05,-0.0035561694276364073,-5.425422891615302e-09,0.003747466017178628,-2.839832552996186e-09,2.915526356384347e-09
gmat_two_body,numerical_two_body,EarthMJ2000Eq,1380.0,2026-05-09T21:31:00Z,-2.7120939072047252e-09,-5.48975914706521e-09,-8.079868950387164e-09,1.7706682501249888e-09,-2.914887555182393e-09,4.9852764572402524e-09
gmat_two_body,numerical_two_body,EarthMJ2000Eq,1440.0,2026-05-09T21:32:00Z,-3.353781876556497e-05,-0.003551761704337438,-8.022075403173599e-09,0.0037381775607034555,-6.534351143040479e-10,5.24591073546731e-09
gmat_two_body,numerical_two_body,EarthMJ2000Eq,1500.0,2026-05-09T21:33:00Z,-3.179383473767213e-05,-0.0035497139786603953,-4.888390953506017e-09,0.0037338692509569687,1.6816795907383054e-09,6.382602551420127e-09
gmat_two_body,numerical_two_body,EarthMJ2000Eq,1560.0,2026-05-09T21:34:00Z,-2.9923835778791347e-05,-0.0035477813916194195,-2.7283361384037783e-09,0.003729809386039762,3.40812052683546e-10,7.357189419062326e-09
gmat_two_body,numerical_two_body,EarthMJ2000Eq,1620.0,2026-05-09T21:35:00Z,-2.7943773129409112e-05,-0.0035459740319250172,-3.33314401489125e-09,0.003726005482915811,-6.96970799782895e-10,8.19137543807834e-09
gmat_two_body,numerical_two_body,EarthMJ2000Eq,1680.0,2026-05-09T21:36:00Z,-5.532137198226689e-09,-5.573984002065655e-09,-3.4034311163795017e-09,-1.274148983085589e-10,1.978742524929455e-09,8.24038771208086e-09
gmat_two_body,numerical_two_body,EarthMJ2000Eq,1740.0,2026-05-09T21:37:00Z,-2.3667513318786015e-05,-0.003542750105535984,-7.645660829368683e-10,0.0037192296852355876,3.0321214366721782e-09,8.622622785344189e-09
gmat_two_body,numerical_two_body,EarthMJ2000Eq,1800.0,2026-05-09T21:38:00Z,-2.1388217382811404e-05,-0.0035413438756476748,-2.258392661325009e-09,0.0037162842092605852,5.207451314719045e-09,1.1050584571234133e-08
gmat_two_body,numerical_two_body,EarthMJ2000Eq,1860.0,2026-05-09T21:39:00Z,-4.365774983493144e-09,-3.358056009601935e-09,-6.991932097447699e-10,9.175016996998637e-10,4.990758798367697e-09,1.0304732099660695e-08
gmat_two_body,numerical_two_body,EarthMJ2000Eq,1920.0,2026-05-09T21:40:00Z,-1.6597753970004957e-05,-0.0035389749743090226,9.407348277849933e-11,0.0037113162777970164,5.228645166595058e-09,1.001769579738195e-08
gmat_two_body,numerical_two_body,EarthMJ2000Eq,1980.0,2026-05-09T21:41:00Z,-1.4102124480665233e-05,-0.003538018917084078,-3.7268144613175733e-10,0.003709313711573597,3.4568866262879415e-09,9.990499849982563e-09
gmat_two_body,numerical_two_body,EarthMJ2000Eq,2040.0,2026-05-09T21:42:00Z,-1.1554729795393925e-05,-0.0035372203776684948,-2.2936198364295786e-10,0.0037076432524326304,4.188492350270195e-09,8.748261491653247e-09
gmat_two_body,numerical_two_body,EarthMJ2000Eq,2100.0,2026-05-09T21:43:00Z,-8.963497795393135e-06,-0.003536582799112544,1.4345430003313446e-09,0.00370630758100334,4.851192933301324e-09,9.685957312279661e-09
gmat_two_body,numerical_two_body,EarthMJ2000Eq,2160.0,2026-05-09T21:44:00Z,-5.551458464358085e-09,5.863639758769956e-10,1.4992758702788215e-09,3.4147484412395547e-09,6.346582472782401e-09,1.0498600088998414e-08
gmat_two_body,numerical_two_body,EarthMJ2000Eq,2220.0,2026-05-09T21:45:00Z,-3.687997490946267e-06,-0.003535795574219698,2.178201425559275e-09,0.0037046591967339506,5.419011840787162e-09,1.0769811204710948e-08
gmat_two_body,numerical_two_body,EarthMJ2000Eq,2280.0,2026-05-09T21:46:00Z,-1.0264972741207745e-06,-0.003535647850621266,3.2462195625030147e-09,0.0037043528870475306,6.149694796716239e-09,9.801409292860646e-09
gmat_two_body,numerical_two_body,EarthMJ2000Eq,2340.0,2026-05-09T21:47:00Z,-2.569436053643653e-09,2.592072808231649e-09,2.9762286701697307e-09,3.852074077850661e-09,5.047455674486981e-09,1.1609790425191372e-08
gmat_two_body,numerical_two_body,EarthMJ2000Eq,2400.0,2026-05-09T21:48:00Z,4.302806154655319e-06,-0.0035358513497585754,3.8055329412044e-09,0.003704783032554572,6.329924596770849e-09,1.4143566563662705e-08
gmat_two_body,numerical_two_body,EarthMJ2000Eq,2460.0,2026-05-09T21:49:00Z,6.947819661166412e-06,-0.0035361998397825797,4.4688907363614586e-09,0.0037055161931096683,2.816684892697112e-09,1.2548496185614453e-08
gmat_two_body,numerical_two_body,EarthMJ2000Eq,2520.0,2026-05-09T21:50:00Z,9.567018207149725e-06,-0.0035367147889843846,6.042632385375518e-09,0.0037065933326652116,2.6693161986387855e-09,1.180129515053527e-08
gmat_two_body,numerical_two_body,EarthMJ2000Eq,2580.0,2026-05-09T21:51:00Z,1.2149005815309502e-05,-0.003537387263606316,6.8898708452691954e-09,0.003708009493003082,3.7092663756176066e-09,9.879040183319183e-09
gmat_two_body,numerical_two_body,EarthMJ2000Eq,2640.0,2026-05-09T21:52:00Z,1.1291905647896933e-09,4.520834660900235e-09,7.480072682646846e-09,7.800900408078624e-09,4.100060803150713e-09,1.0302429089792445e-08
gmat_two_body,numerical_two_body,EarthMJ2000Eq,2700.0,2026-05-09T21:53:00Z,1.716697276232035e-05,-0.0035392126993435257,8.680160831162561e-09,0.003711837542222415,2.8827566344070063e-09,7.964538359925426e-09
gmat_two_body,numerical_two_body,EarthMJ2000Eq,2760.0,2026-05-09T21:54:00Z,1.958298619679879e-05,-0.0035403570769297734,8.863518565497874e-09,0.003714238696137082,-7.495393044267601e-10,7.280586182874294e-09
gmat_two_body,numerical_two_body,EarthMJ2000Eq,2820.0,2026-05-09T21:55:00Z,1.3708417899293498e-09,5.237768547551078e-09,9.565836503492645e-09,5.814561806495314e-09,-7.40305557332715e-11,6.288835715839449e-09
gmat_two_body,numerical_two_body,EarthMJ2000Eq,2880.0,2026-05-09T21:56:00Z,2.418504430322288e-05,-0.0035430882106147555,9.597214527378104e-09,0.003719968649237085,-1.950592958839858e-09,6.8826900200097785e-09
gmat_two_body,numerical_two_body,EarthMJ2000Eq,2940.0,2026-05-09T21:57:00Z,3.247258601301452e-09,4.5977707147610345e-09,1.0035756714245744e-08,4.147335799135612e-09,-2.0243342871602944e-09,6.1052926773165865e-09
gmat_two_body,numerical_two_body,EarthMJ2000Eq,3000.0,2026-05-09T21:58:00Z,2.8417433799070916e-05,-0.0035463753883432617,1.082456699801438e-08,0.0037268765929486646,-3.0865028245711123e-09,1.997866998795608e-09
gmat_two_body,numerical_two_body,EarthMJ2000Eq,3060.0,2026-05-09T21:59:00Z,3.0371319517697214e-05,-0.00354821384233907,1.0919376554329867e-08,0.003730740949831801,-2.5510237749083646e-09,2.9597766293391033e-09
gmat_two_body,numerical_two_body,EarthMJ2000Eq,3120.0,2026-05-09T22:00:00Z,4.538884710878573e-09,3.5879384447396796e-09,1.1179535294022787e-08,6.489705067236173e-09,-5.2121546407020725e-09,4.565581076182699e-09
gmat_two_body,numerical_two_body,EarthMJ2000Eq,3180.0,2026-05-09T22:01:00Z,3.392712585424558e-05,-0.0035522478814201445,9.784022501769775e-09,0.0037392246370810444,-6.268350016434953e-09,1.6826539553712615e-09
gmat_two_body,numerical_two_body,EarthMJ2000Eq,3240.0,2026-05-09T22:02:00Z,3.551154302823771e-05,-0.003554424985244456,1.094323335905027e-08,0.0037438115347098533,-6.986860509206042e-09,-1.443534149954127e-09
gmat_two_body,numerical_two_body,EarthMJ2000Eq,3300.0,2026-05-09T22:03:00Z,7.348855963644985e-09,1.8472607761844874e-09,9.883233706842236e-09,9.560678365026897e-09,-6.536915631949146e-09,-2.51569238127437e-09
gmat_two_body,numerical_two_body,EarthMJ2000Eq,3360.0,2026-05-09T22:04:00Z,3.8262473778829374e-05,-0.003559070985081273,1.0805310834959296e-08,0.0037535991174925203,-7.018401860529116e-09,-2.898202006816996e-09
gmat_two_body,numerical_two_body,EarthMJ2000Eq,3420.0,2026-05-09T22:05:00Z,7.125369878658252e-09,-2.5440293516995244e-10,1.0627612362350542e-08,1.4148130098289697e-08,-8.492733788833806e-09,-6.278127001022367e-09
gmat_two_body,numerical_two_body,EarthMJ2000Eq,3480.0,2026-05-09T22:06:00Z,4.0414233729657187e-05,-0.0035640346594161708,1.1023377554841279e-08,0.0037640828891910188,-8.047462275519318e-09,-7.074392808879096e-09
gmat_two_body,numerical_two_body,EarthMJ2000Eq,3540.0,2026-05-09T22:07:00Z,4.1251268081528265e-05,-0.003566614574696538,9.895454333862618e-09,0.0037695334281594318,-9.590733217771781e-09,-7.229580926674285e-09
gmat_two_body,numerical_two_body,EarthMJ2000Eq,3600.0,2026-05-09T22:08:00Z,1.0859854012911805e-08,-3.657556218894535e-09,9.473640906677107e-09,1.8510776615524765e-08,-1.2656652239033034e-08,-7.901167356014727e-09
gmat_two_body,numerical_two_body,EarthMJ2000Eq,3660.0,2026-05-09T22:09:00Z,4.243403231791e-05,-0.003571920989620241,9.30337833528384e-09,0.003780750369905552,-1.1080048279364177e-08,-8.051312688567394e-09
gmat_two_body,numerical_two_body,EarthMJ2000Eq,3720.0,2026-05-09T22:10:00Z,4.2775917342603676e-05,-0.0035746241122338387,8.0836025254446e-09,0.003786475251258896,-1.431451483062575e-08,-7.761132767427297e-09
gmat_two_body,numerical_two_body,EarthMJ2000Eq,3780.0,2026-05-09T22:11:00Z,1.4496602657937869e-08,-7.3034908024173644e-09,7.259292157315924e-09,1.9628326685893376e-08,-1.2965251230625513e-08,-7.368885132207603e-09
gmat_two_body,numerical_two_body,EarthMJ2000Eq,3840.0,2026-05-09T22:12:00Z,4.29308269636308e-05,-0.0035800825010034883,6.895941819028644e-09,0.0037980435216865556,-1.4643049246411169e-08,-9.017985854562415e-09
gmat_two_body,numerical_two_body,EarthMJ2000Eq,3900.0,2026-05-09T22:13:00Z,1.6692646749435398e-08,-1.1682770829723567e-08,7.83449890113084e-09,2.3810880533181947e-08,-1.4816956124058231e-08,-9.197795064175582e-09
gmat_two_body,numerical_two_body,EarthMJ2000Eq,3960.0,2026-05-09T22:14:00Z,4.2398203682200076e-05,-0.0035855345206865833,7.50436351542228e-09,0.003809612782579283,-1.4787611801172146e-08,-8.637434947686547e-09
gmat_two_body,numerical_two_body,EarthMJ2000Eq,4020.0,2026-05-09T22:15:00Z,4.1867392080876356e-05,-0.003588228980621299,5.185760144481355e-09,0.0038153402105605403,-1.641766739455684e-08,-1.1333835293233897e-08
gmat_two_body,numerical_two_body,EarthMJ2000Eq,4080.0,2026-05-09T22:16:00Z,1.9267933649703605e-08,-1.7074396177659184e-08,4.483416385945646e-09,3.131011316557774e-08,-1.746519060986796e-08,-9.817489995965056e-09
gmat_two_body,numerical_two_body,EarthMJ2000Eq,4140.0,2026-05-09T22:17:00Z,4.029210351887222e-05,-0.0035934996332516594,2.117291739114268e-09,0.00382655554120237,-2.0215159917579007e-08,-1.2045136527600878e-08
gmat_two_body,numerical_two_body,EarthMJ2000Eq,4200.0,2026-05-09T22:18:00Z,3.925546721749756e-05,-0.0035960559870538253,4.171089638548225e-09,0.0038319993129352094,-1.9451811479680913e-08,-8.973282957061866e-09
gmat_two_body,numerical_two_body,EarthMJ2000Eq,4260.0,2026-05-09T22:19:00Z,3.805382113669622e-05,-0.003598542383856732,6.475086577020341e-10,0.0038372969702565175,-2.1186072735597103e-08,-1.0415171993773533e-08
gmat_two_body,numerical_two_body,EarthMJ2000Eq,4320.0,2026-05-09T22:20:00Z,3.66925260581484e-05,-0.003600950959583069,2.074153983091633e-09,0.0038424303641828384,-2.1778983516991414e-08,-1.1161397369527004e-08
gmat_two_body,numerical_two_body,EarthMJ2000Eq,4380.0,2026-05-09T22:21:00Z,2.027161421001027e-08,-2.775700154845157e-08,2.0413562406875387e-09,3.8758784349384065e-08,-2.1365854452526995e-08,-1.0413708800790311e-08
gmat_two_body,numerical_two_body,EarthMJ2000Eq,4440.0,2026-05-09T22:22:00Z,3.351273060420135e-05,-0.003605486016312426,-4.0166863041670445e-10,0.003852110847294787,-2.4145738421624218e-08,-1.1935478909367314e-08
gmat_two_body,numerical_two_body,EarthMJ2000Eq,4500.0,2026-05-09T22:23:00Z,3.1705373518688095e-05,-0.003607596497153228,8.412189488914888e-10,0.003856615380824376,-2.073507953618957e-08,-1.146724583930149e-08
gmat_two_body,numerical_two_body,EarthMJ2000Eq,4560.0,2026-05-09T22:24:00Z,2.011204421562704e-08,-3.4710940742203924e-08,-5.913901318610917e-10,4.2361477155957454e-08,-2.382149913862678e-08,-1.2899222340653646e-08
gmat_two_body,numerical_two_body,EarthMJ2000Eq,4620.0,2026-05-09T22:25:00Z,2.7698924168010234e-05,-0.0036114527920919843,-1.5448692994209914e-11,0.0038648500807932362,-2.3709584622001027e-08,-1.1414103767465784e-08
gmat_two_body,numerical_two_body,EarthMJ2000Eq,4680.0,2026-05-09T22:26:00Z,2.5514389091744792e-05,-0.003613179231459782,-3.363926271420325e-09,0.0038685428622019856,-2.4133098254262774e-08,-1.0395129785552913e-08
gmat_two_body,numerical_two_body,EarthMJ2000Eq,4740.0,2026-05-09T22:27:00Z,2.3223929603545838e-05,-0.0036147614425321014,-5.226704854448571e-09,0.003871931367305631,-2.5630644550943004e-08,-9.966677186066608e-09
gmat_two_body,numerical_two_body,EarthMJ2000Eq,4800.0,2026-05-09T22:28:00Z,2.0826396707971747e-05,-0.003616194802520092,-4.565996130058337e-09,0.003874996372127602,-2.4788003340686837e-08,-9.53417619219531e-09
gmat_two_body,numerical_two_body,EarthMJ2000Eq,4860.0,2026-05-09T22:29:00Z,2.114729542271141e-08,-4.9796029268441315e-08,-4.189087558394173e-09,5.226104270213461e-08,-2.5036417306478742e-08,-8.387533501097497e-09
gmat_two_body,numerical_two_body,EarthMJ2000Eq,4920.0,2026-05-09T22:30:00Z,1.57792090803273e-05,-0.003618579407557235,-4.071179376429328e-09,0.0038801034529082,-2.5439426351075546e-08,-8.540562044610217e-09
gmat_two_body,numerical_two_body,EarthMJ2000Eq,4980.0,2026-05-09T22:31:00Z,1.314720388689077e-05,-0.0036195229123788734,-5.645615238612122e-09,0.0038821222120568512,-2.5126521616258497e-08,-7.453219304739685e-09
gmat_two_body,numerical_two_body,EarthMJ2000Eq,5040.0,2026-05-09T22:32:00Z,1.7898377766171467e-08,-5.924490084578348e-08,-7.68804019462114e-09,5.675681476482425e-08,-2.395310652546438e-08,-7.399398505015625e-09
gmat_two_body,numerical_two_body,EarthMJ2000Eq,5100.0,2026-05-09T22:33:00Z,7.725238889281271e-06,-0.0036208881203594365,-8.270010455492646e-09,0.0038850405587261163,-2.4269241739209985e-08,-6.882713648553223e-09
gmat_two_body,numerical_two_body,EarthMJ2000Eq,5160.0,2026-05-09T22:34:00Z,4.958099875453443e-06,-0.0036213024743897296,-8.664345396830871e-09,0.0038859284405713566,-2.3688371358574182e-08,-7.419392405407651e-09
gmat_two_body,numerical_two_body,EarthMJ2000Eq,5220.0,2026-05-09T22:35:00Z,2.168189723342811e-06,-0.0036215366811516527,-9.335450285131316e-09,0.0038864260013379563,-2.3715603389970033e-08,-5.651378144878961e-09
gmat_two_body,numerical_two_body,EarthMJ2000Eq,5280.0,2026-05-09T22:36:00Z,-6.27339995034599e-07,-0.0036215880172872973,-8.497354768962278e-09,0.0038865345055522937,-2.095592829390955e-08,-6.00620494941916e-09
gmat_two_body,numerical_two_body,EarthMJ2000Eq,5340.0,2026-05-09T22:37:00Z,1.5258746375662586e-08,-7.152348635023265e-08,-8.465372000390909e-09,6.81388269409275e-08,-2.1618052178471502e-08,-3.6186004585823608e-09
gmat_two_body,numerical_two_body,EarthMJ2000Eq,5400.0,2026-05-09T22:38:00Z,-6.203023726170448e-06,-0.0036211435224528608,-9.339914772179595e-09,0.0038855759314260956,-1.8986213229829712e-08,-4.633340626855463e-09
gmat_two_body,numerical_two_body,EarthMJ2000Eq,5460.0,2026-05-09T22:39:00Z,-8.958062789682736e-06,-0.0036206502550671284,-1.0074657884046582e-08,0.0038845141720110455,-2.0143811660018013e-08,-2.7665989971089926e-09
gmat_two_body,numerical_two_body,EarthMJ2000Eq,5520.0,2026-05-09T22:40:00Z,1.4455688233813996e-08,-7.520411792462064e-08,-8.988107497114971e-09,7.123823991132169e-08,-1.8978578609100663e-08,-1.3976059261036197e-09
gmat_two_body,numerical_two_body,EarthMJ2000Eq,5580.0,2026-05-09T22:41:00Z,-1.4332510349165029e-05,-0.0036191341374133498,-7.954577431943229e-09,0.0038812535783401773,-1.7288324439056497e-08,1.1279478848087455e-09
gmat_two_body,numerical_two_body,EarthMJ2000Eq,5640.0,2026-05-09T22:42:00Z,9.933731990928398e-09,-7.999593937013777e-08,-9.347471818973856e-09,7.22951103178722e-08,-1.7744263505298412e-08,1.3724859814487543e-09
gmat_two_body,numerical_two_body,EarthMJ2000Eq,5700.0,2026-05-09T22:43:00Z,-1.9466877942851884e-05,-0.0036169343796314973,-9.530321753988767e-09,0.003876531365742344,-1.5213916739366605e-08,5.928667383596982e-10
gmat_two_body,numerical_two_body,EarthMJ2000Eq,5760.0,2026-05-09T22:44:00Z,-2.191343531542312e-05,-0.0036155910094429512,-8.954677839891675e-09,0.0038736479639309407,-1.5587079343066434e-08,3.856166237159348e-10
gmat_two_body,numerical_two_body,EarthMJ2000Eq,5820.0,2026-05-09T22:45:00Z,6.560769785176463e-09,-8.401216411470561e-08,-9.583620087305234e-09,7.315810800070466e-08,-1.5363872314654572e-08,1.0580122746911581e-09
gmat_two_body,numerical_two_body,EarthMJ2000Eq,5880.0,2026-05-09T22:46:00Z,-2.6508803058461832e-05,-0.003612446220865558,-8.816153843634085e-09,0.003866906149680143,-1.3751104641535636e-08,3.860981544126429e-09
gmat_two_body,numerical_two_body,EarthMJ2000Eq,5940.0,2026-05-09T22:47:00Z,-2.8643962186067512e-05,-0.0036106568120979963,-1.058526481761408e-08,0.003863079792792186,-1.2140502273531634e-08,3.240992415687659e-09
gmat_two_body,numerical_two_body,EarthMJ2000Eq,6000.0,2026-05-09T22:48:00Z,4.525251023546232e-09,-8.790131531789344e-08,-9.683883195113313e-09,7.277801619893118e-08,-1.224728895128406e-08,4.768033411737531e-09
gmat_two_body,numerical_two_body,EarthMJ2000Eq,6060.0,2026-05-09T22:49:00Z,-3.2531497166811935e-05,-0.003606698435541094,-6.795915968702652e-09,0.003854604363198287,-1.1627409271774727e-08,4.748437140113286e-09
gmat_two_body,numerical_two_body,EarthMJ2000Eq,6120.0,2026-05-09T22:50:00Z,4.623392531966074e-09,-9.085374841121532e-08,-6.574782153123879e-09,7.221409285873363e-08,-1.0060042368583243e-08,4.642245155545024e-09
gmat_two_body,numerical_two_body,EarthMJ2000Eq,6180.0,2026-05-09T22:51:00Z,-3.587085643842266e-05,-0.0036022779114181086,-5.2806859841268196e-09,0.0038451568700321615,-8.053167682346677e-09,5.454099964112646e-09
gmat_two_body,numerical_two_body,EarthMJ2000Eq,6240.0,2026-05-09T22:52:00Z,-3.732012962716184e-05,-0.0035999208210447295,-4.06256687586472e-09,0.0038401237310890166,-7.463188974966301e-09,5.725940421809016e-09
gmat_two_body,numerical_two_body,EarthMJ2000Eq,6300.0,2026-05-09T22:53:00Z,-1.8533933045992983e-09,-9.180424147896559e-08,-3.777172096925239e-09,7.324258987279786e-08,-6.799142021615517e-09,6.691279407985735e-09
gmat_two_body,numerical_two_body,EarthMJ2000Eq,6360.0,2026-05-09T22:54:00Z,-3.9737602295944146e-05,-0.0035949593727692348,-3.8792246003042105e-09,0.0038295447986120934,-1.769866377270406e-09,6.26381151939818e-09
gmat_two_body,numerical_two_body,EarthMJ2000Eq,6420.0,2026-05-09T22:55:00Z,-4.070303407338448e-05,-0.0035923780238830555,-1.965930144489438e-09,0.003824047294589807,-2.184560337491895e-09,6.830287317696791e-09
gmat_two_body,numerical_two_body,EarthMJ2000Eq,6480.0,2026-05-09T22:56:00Z,-8.874466897485836e-09,-9.207273040876953e-08,-1.1164158605474986e-09,7.154013637774125e-08,4.559708674791382e-10,8.834030012663766e-09
gmat_two_body,numerical_two_body,EarthMJ2000Eq,6540.0,2026-05-09T22:57:00Z,-4.21235881728682e-05,-0.0035870678755128807,-7.86100166403047e-10,0.0038127541781975477,1.974645665406477e-09,9.604632013278817e-09
gmat_two_body,numerical_two_body,EarthMJ2000Eq,6600.0,2026-05-09T22:58:00Z,-1.2346874526948336e-08,-9.009279363677118e-08,-6.12048187410697e-10,7.176626467128002e-08,3.208874955185213e-09,1.0150372926525864e-08
gmat_two_body,numerical_two_body,EarthMJ2000Eq,6660.0,2026-05-09T22:59:00Z,-4.285325627990119e-05,-0.0035816344670314493,1.1604299805782921e-09,0.003801217395198418,6.744999809603145e-09,8.113478599230098e-09
gmat_two_body,numerical_two_body,EarthMJ2000Eq,6720.0,2026-05-09T23:00:00Z,-4.2958100513084385e-05,-0.0035789012344504723,4.032158140218956e-10,0.003795419213541916,9.326260559327841e-09,8.250440109658241e-09
gmat_two_body,numerical_two_body,EarthMJ2000Eq,6780.0,2026-05-09T23:01:00Z,-1.55476340126557e-08,-8.489239076923197e-08,1.3090380401261732e-09,6.79114001658331e-08,8.866129166246046e-09,6.96529749822313e-09
gmat_two_body,numerical_two_body,EarthMJ2000Eq,6840.0,2026-05-09T23:02:00Z,-4.2641829071909846e-05,-0.00357345357566499,1.8488762999805091e-09,0.0037838772405289663,1.0579566732392279e-08,6.4038340058928105e-09
gmat_two_body,numerical_two_body,EarthMJ2000Eq,6900.0,2026-05-09T23:03:00Z,-4.2229114295799515e-05,-0.0035707620568497475,2.2320691150795128e-09,0.0037781814520205384,1.2583816073470443e-08,8.379945931239509e-09
gmat_two_body,numerical_two_body,EarthMJ2000Eq,6960.0,2026-05-09T23:04:00Z,-4.1648561571970774e-05,-0.003568104933512155,3.2428246080753656e-09,0.0037725682236568765,1.597900917912221e-08,7.088690650168903e-09
gmat_two_body,numerical_two_body,EarthMJ2000Eq,7020.0,2026-05-09T23:05:00Z,-4.0898657392976014e-05,-0.0035654948630530884,2.4432194041595914e-09,0.003767054195791043,1.4851645345916171e-08,7.327728955341439e-09
gmat_two_body,numerical_two_body,EarthMJ2000Eq,7080.0,2026-05-09T23:06:00Z,-2.4547143768773056e-08,-7.358038934288513e-08,3.561393244734514e-09,6.219382293778088e-08,1.822070746021574e-08,6.266794450986621e-09
gmat_two_body,numerical_two_body,EarthMJ2000Eq,7140.0,2026-05-09T23:07:00Z,-3.8920988952193425e-05,-0.0035604518343826863,4.411988281183581e-09,0.003756411773367664,1.8143755931524667e-08,6.67738076896502e-09
gmat_two_body,numerical_two_body,EarthMJ2000Eq,7200.0,2026-05-09T23:08:00Z,-3.7699246278970544e-05,-0.0035580372269973935,4.5465350711626806e-09,0.003751325294915706,2.1080970985697236e-08,6.334648565898931e-09
gmat_two_body,numerical_two_body,EarthMJ2000Eq,7260.0,2026-05-09T23:09:00Z,-2.476040005322576e-08,-6.689089692755344e-08,6.978661470978985e-09,5.270730224943395e-08,2.0628454440838175e-08,7.322146859127876e-09
gmat_two_body,numerical_two_body,EarthMJ2000Eq,7320.0,2026-05-09T23:10:00Z,-3.4822745329694996e-05,-0.0035534744941387512,3.6998163081749724e-09,0.0037417160180711288,2.3276988162388055e-08,5.770114636747219e-09
gmat_two_body,numerical_two_body,EarthMJ2000Eq,7380.0,2026-05-09T23:11:00Z,-3.3175528610488633e-05,-0.0035513398553717905,5.669409649350384e-09,0.0037372269707641476,2.557550071262317e-08,6.847922487203549e-09
gmat_two_body,numerical_two_body,EarthMJ2000Eq,7440.0,2026-05-09T23:12:00Z,-3.140337874201844e-05,-0.0035493146703632853,6.647898950215081e-09,0.0037329730463260425,2.3252987453118524e-08,6.200052757694694e-09
gmat_two_body,numerical_two_body,EarthMJ2000Eq,7500.0,2026-05-09T23:13:00Z,-2.9512381912408445e-05,-0.003547408832933401,7.708894876023728e-09,0.0037289680441306107,2.293347714478701e-08,3.722846477821672e-09
gmat_two_body,numerical_two_body,EarthMJ2000Eq,7560.0,2026-05-09T23:14:00Z,-2.990465896531305e-08,-4.781268653476951e-08,7.633955186823734e-09,4.582550558455811e-08,2.473232152396423e-08,3.952805905965001e-09
gmat_two_body,numerical_two_body,EarthMJ2000Eq,7620.0,2026-05-09T23:15:00Z,-2.5389635743284954e-05,-0.0035439700887264242,8.80434971381862e-09,0.0037217593600145323,2.593728082898045e-08,2.2128386683003954e-09
gmat_two_body,numerical_two_body,EarthMJ2000Eq,7680.0,2026-05-09T23:16:00Z,-2.3181066054137346e-05,-0.003542452501721637,6.5506689461132005e-09,0.003718577946679984,2.363991015396638e-08,2.2477584992487137e-09
gmat_two_body,numerical_two_body,EarthMJ2000Eq,7740.0,2026-05-09T23:17:00Z,-2.5654822795991976e-08,-3.6222149440463e-08,8.171285970955347e-09,3.9538573481456876e-08,2.430257188870528e-08,1.4293567136205788e-09
gmat_two_body,numerical_two_body,EarthMJ2000Eq,7800.0,2026-05-09T23:18:00Z,-1.8504252320771886e-05,-0.003539849370854742,7.405708319941371e-09,0.00371312410786657,2.312884153825764e-08,-8.995380649961267e-10
gmat_two_body,numerical_two_body,EarthMJ2000Eq,7860.0,2026-05-09T23:19:00Z,-1.6058131742598968e-05,-0.0035387723750981465,8.492437765785115e-09,0.0037108681014406445,2.656950548606788e-08,2.158259416472493e-09
gmat_two_body,numerical_two_body,EarthMJ2000Eq,7920.0,2026-05-09T23:20:00Z,-1.3550890998343537e-05,-0.003537849738607375,7.850183833990105e-09,0.0037089384382806715,2.5346692188705073e-08,7.737159715044944e-11
gmat_two_body,numerical_two_body,EarthMJ2000Eq,7980.0,2026-05-09T23:21:00Z,-1.0990172856934985e-05,-0.0035370846743215927,7.0821871473381785e-09,0.0037073406090995134,2.420390184844218e-08,-3.6447636248720253e-09
gmat_two_body,numerical_two_body,EarthMJ2000Eq,8040.0,2026-05-09T23:22:00Z,-2.661683979367579e-08,-2.0682283318077753e-08,7.865598550150045e-09,3.2075240901488416e-08,2.3699154442416874e-08,-2.191566884479919e-09
gmat_two_body,numerical_two_body,EarthMJ2000Eq,8100.0,2026-05-09T23:23:00Z,-5.758463183266804e-06,-0.003536040585042126,7.478881956348772e-09,0.0037051595130179185,2.288255020586645e-08,-3.816787631122709e-09
gmat_two_body,numerical_two_body,EarthMJ2000Eq,8160.0,2026-05-09T23:24:00Z,-3.1058741154916133e-06,-0.00353576365419053,9.063124305844228e-09,0.0037045827060114373,2.3659764058966648e-08,-2.8603182231249583e-09
gmat_two_body,numerical_two_body,EarthMJ2000Eq,8220.0,2026-05-09T23:25:00Z,-2.333806657892366e-08,-1.1975479413429198e-08,9.248957188055256e-09,2.4723181883814917e-08,2.0911479384147297e-08,-3.861102375059279e-09
gmat_two_body,numerical_two_body,EarthMJ2000Eq,8280.0,2026-05-09T23:26:00Z,2.2276096209573618e-06,-0.0035357064757301922,8.327259257333988e-09,0.0037044715047231695,2.0875742698728945e-08,-3.3345309238328874e-09
gmat_two_body,numerical_two_body,EarthMJ2000Eq,8340.0,2026-05-09T23:27:00Z,-2.13368312360553e-08,-7.33038482606315e-09,7.43969515640401e-09,2.2960754658429025e-08,1.90089354603627e-08,-4.671394733469588e-09
gmat_two_body,numerical_two_body,EarthMJ2000Eq,8400.0,2026-05-09T23:28:00Z,7.5275884234733285e-06,-0.003536309671108296,6.758653645535164e-09,0.0037057466178359684,1.734430130879245e-08,-6.520856668350377e-09
gmat_two_body,numerical_two_body,EarthMJ2000Eq,8460.0,2026-05-09T23:29:00Z,1.0139117202539802e-05,-0.003536858357919497,7.533838499840562e-09,0.003706899983060224,1.5984926684674602e-08,-7.32395027001941e-09
gmat_two_body,numerical_two_body,EarthMJ2000Eq,8520.0,2026-05-09T23:30:00Z,-1.9295187586111295e-08,-1.0593977648868551e-10,7.566356100328502e-09,2.1466112122310814e-08,1.3264367041908446e-08,-7.261337927205849e-09
gmat_two_body,numerical_two_body,EarthMJ2000Eq,8580.0,2026-05-09T23:31:00Z,1.523661046983743e-05,-0.0035384383257353502,5.6263790100539356e-09,0.0037102143860195595,1.0141162879183611e-08,-7.420825091069086e-09
gmat_two_body,numerical_two_body,EarthMJ2000Eq,8640.0,2026-05-09T23:32:00Z,1.7702219656020065e-05,-0.003539460462000112,8.398661628205277e-09,0.0037123670930538626,1.2584065152907423e-08,-6.987161838281896e-09
gmat_two_body,numerical_two_body,EarthMJ2000Eq,8700.0,2026-05-09T23:33:00Z,-1.5292030798220836e-08,3.737448660006888e-09,5.83609372822211e-09,1.8983629205995432e-08,1.145703555270111e-08,-9.638676739168593e-09
gmat_two_body,numerical_two_body,EarthMJ2000Eq,8760.0,2026-05-09T23:34:00Z,2.242731691875169e-05,-0.003541964315990532,4.745068510520034e-09,0.0037176204467081076,1.0792341699893978e-08,-9.152995635482403e-09
gmat_two_body,numerical_two_body,EarthMJ2000Eq,8820.0,2026-05-09T23:35:00Z,-1.2062097034173766e-08,6.768342950857713e-09,4.939192065310297e-09,1.6745660447787595e-08,7.49210394484669e-09,-8.909441448530507e-09
gmat_two_body,numerical_two_body,EarthMJ2000Eq,8880.0,2026-05-09T23:36:00Z,2.6814227047789327e-05,-0.003545037989061407,5.44538283449227e-09,0.003724081533033364,7.238196790613993e-09,-1.0342321082496715e-08
gmat_two_body,numerical_two_body,EarthMJ2000Eq,8940.0,2026-05-09T23:37:00Z,2.8857776169043305e-05,-0.003546778194265571,4.323652575052297e-09,0.00372773467308294,5.444927977910023e-09,-8.029283304346375e-09
gmat_two_body,numerical_two_body,EarthMJ2000Eq,9000.0,2026-05-09T23:38:00Z,-7.036488178705236e-09,1.0111870418725018e-08,4.317072727182057e-09,1.2550326394990564e-08,4.541779528186295e-09,-1.0016458737476446e-08
gmat_two_body,numerical_two_body,EarthMJ2000Eq,9060.0,2026-05-09T23:39:00Z,3.260033155721824e-05,-0.003550627192023449,3.925837799597086e-09,0.0037358349627447784,1.1557142130485546e-09,-8.712170768556682e-09
gmat_two_body,numerical_two_body,EarthMJ2000Eq,9120.0,2026-05-09T23:40:00Z,3.4291446570626006e-05,-0.003552723123116196,3.2917224771496185e-09,0.0037402463052772796,3.2432380466485936e-10,-7.489277911928582e-09
gmat_two_body,numerical_two_body,EarthMJ2000Eq,9180.0,2026-05-09T23:41:00Z,-3.118786429424309e-09,1.2260619501362382e-08,2.841626321642965e-09,9.121895932411711e-09,2.3184494529796363e-09,-9.088378467316856e-09
gmat_two_body,numerical_two_body,EarthMJ2000Eq,9240.0,2026-05-09T23:42:00Z,3.725923738342798e-05,-0.0035572228779162146,1.626837613909955e-09,0.0037497241890760936,3.505138345751254e-10,-9.591526979253611e-09
gmat_two_body,numerical_two_body,EarthMJ2000Eq,9300.0,2026-05-09T23:43:00Z,-1.1575080419932114e-09,1.1205221785516434e-08,2.546773182732349e-09,7.132391355985048e-09,-1.3777789413000738e-09,-8.696560067655692e-09
gmat_two_body,numerical_two_body,EarthMJ2000Eq,9360.0,2026-05-09T23:44:00Z,3.964628206636215e-05,-0.0035620713363995137,9.086244383118208e-10,0.0037599520914986485,-1.5207216068774524e-09,-1.0615932602747347e-08
gmat_two_body,numerical_two_body,EarthMJ2000Eq,9420.0,2026-05-09T23:45:00Z,4.060969011189367e-05,-0.0035646032097709874,5.828278563267057e-10,0.003765299063244727,-7.726947657530997e-10,-1.0521888157955654e-08
gmat_two_body,numerical_two_body,EarthMJ2000Eq,9480.0,2026-05-09T23:46:00Z,1.891647637764971e-09,1.1155969745104646e-08,1.1915427501339797e-09,7.493109800585543e-09,-5.236416373425771e-09,-1.1341817869501325e-08
gmat_two_body,numerical_two_body,EarthMJ2000Eq,9540.0,2026-05-09T23:47:00Z,4.204869571926153e-05,-0.00356983634498006,-6.394384931694328e-10,0.003776361542858429,-5.923598559407708e-09,-1.1427477933595476e-08
gmat_two_body,numerical_two_body,EarthMJ2000Eq,9600.0,2026-05-09T23:48:00Z,4.251971728641685e-05,-0.003572517805220399,9.033123787562997e-10,0.003782034324366584,-6.343202928443108e-09,-1.125039977459955e-08
gmat_two_body,numerical_two_body,EarthMJ2000Eq,9660.0,2026-05-09T23:49:00Z,4.282043956822047e-05,-0.003575227078038987,1.358719468147029e-09,0.0037877727295405283,-8.18147311937874e-09,-1.207947172921253e-08
gmat_two_body,numerical_two_body,EarthMJ2000Eq,9720.0,2026-05-09T23:50:00Z,4.2947641283290976e-05,-0.0035779534575995837,-7.866934513609517e-10,0.003793550855541008,-9.126071346558651e-09,-9.907031936680682e-09
gmat_two_body,numerical_two_body,EarthMJ2000Eq,9780.0,2026-05-09T23:51:00Z,8.651096595487508e-09,6.933953815761527e-09,-1.8103513235219112e-09,1.1418044350304384e-08,-8.531798784403085e-09,-9.077682546054717e-09
gmat_two_body,numerical_two_body,EarthMJ2000Eq,9840.0,2026-05-09T23:52:00Z,4.2680641519861076e-05,-0.003583415609434165,-3.882658492836445e-09,0.00380514404944468,-1.0420841658126624e-08,-9.503346332004318e-09
gmat_two_body,numerical_two_body,EarthMJ2000Eq,9900.0,2026-05-09T23:53:00Z,4.228519127639433e-05,-0.0035861290067341774,-5.432811701943505e-09,0.0038109072023828927,-1.07434197147557e-08,-8.950782554796762e-09
gmat_two_body,numerical_two_body,EarthMJ2000Eq,9960.0,2026-05-09T23:54:00Z,1.2597500282099913e-08,4.4947966495762804e-09,-5.803895859470483e-09,1.668086888472637e-08,-1.4882943884665511e-08,-9.453982195711604e-09
gmat_two_body,numerical_two_body,EarthMJ2000Eq,10020.0,2026-05-09T23:55:00Z,4.097497268194597e-05,-0.0035914650585143495,-5.282760479146538e-09,0.0038222546838757553,-1.3214020937740248e-08,-9.053610261206099e-09
gmat_two_body,numerical_two_body,EarthMJ2000Eq,10080.0,2026-05-09T23:56:00Z,4.0068559518096626e-05,-0.0035940657120883683,-8.22884610718229e-09,0.003827787553645163,-1.547370454605363e-08,-9.412896522160024e-09
gmat_two_body,numerical_two_body,EarthMJ2000Eq,10140.0,2026-05-09T23:57:00Z,3.899262520207705e-05,-0.0035966083407902565,-5.912579784978483e-09,0.0038331975822079277,-1.7655064774743578e-08,-9.16358352742551e-09
gmat_two_body,numerical_two_body,EarthMJ2000Eq,10200.0,2026-05-09T23:58:00Z,3.7756587550389386e-05,-0.003599078262798849,-5.7054004573404635e-09,0.0038384638603515277,-1.874270743471704e-08,-6.399421376380356e-09
gmat_two_body,numerical_two_body,EarthMJ2000Eq,10260.0,2026-05-09T23:59:00Z,1.861703111524498e-08,-6.492701287283986e-09,-5.459338091740879e-09,2.229778644353744e-08,-2.0162168475689282e-08,-7.429257069140161e-09
gmat_two_body,numerical_two_body,EarthMJ2000Eq,10320.0,2026-05-10T00:00:00Z,3.480865064376389e-05,-0.003603762182724844,-6.159064550476326e-09,0.0038484571427749945,-2.047807394611619e-08,-5.431090027172208e-09
gmat_two_body,numerical_two_body,EarthMJ2000Eq,10380.0,2026-05-10T00:01:00Z,3.311477214035946e-05,-0.003605956271103953,-5.905506470731025e-09,0.0038531432745358743,-2.2136586398788136e-08,-4.6632036321277865e-09
gmat_two_body,numerical_two_body,EarthMJ2000Eq,10440.0,2026-05-10T00:02:00Z,2.0769238300920047e-08,-1.4841626790826585e-08,-7.130777644273682e-09,2.9153652537096123e-08,-2.5501936071772812e-08,-6.103688099813914e-09
gmat_two_body,numerical_two_body,EarthMJ2000Eq,10500.0,2026-05-10T00:03:00Z,2.93083485829541e-05,-0.0036100036360847787,-3.411935951486966e-09,0.0038617850680374866,-2.4552243843184455e-08,-4.981511062580936e-09
gmat_two_body,numerical_two_body,EarthMJ2000Eq,10560.0,2026-05-10T00:04:00Z,2.721780445068985e-05,-0.003611835787286648,-2.364144995310856e-09,0.0038657026611568592,-2.740301386011453e-08,-4.572684559142081e-09
gmat_two_body,numerical_two_body,EarthMJ2000Eq,10620.0,2026-05-10T00:05:00Z,2.5005791299865668e-05,-0.003613531280571312,-1.8677414619333493e-09,0.003869326613403394,-2.5101990655471793e-08,-6.5081435176544154e-09
gmat_two_body,numerical_two_body,EarthMJ2000Eq,10680.0,2026-05-10T00:06:00Z,2.268936655602311e-05,-0.0036150803025180034,-4.666020475736177e-09,0.003872641395871684,-2.5856696727235437e-08,-5.2626590194988765e-09
gmat_two_body,numerical_two_body,EarthMJ2000Eq,10740.0,2026-05-10T00:07:00Z,2.5703137164976434e-08,-2.7915116144879254e-08,-4.218301194542894e-09,3.695638150452773e-08,-2.803902664865313e-08,-5.96239388717201e-09
gmat_two_body,numerical_two_body,EarthMJ2000Eq,10800.0,2026-05-10T00:08:00Z,1.7771302727826974e-05,-0.003617717303215868,-5.432372382376181e-09,0.003878284472394452,-2.7214479128866374e-08,-4.909946887098623e-09
gmat_two_body,numerical_two_body,EarthMJ2000Eq,10860.0,2026-05-10T00:09:00Z,1.5195694094160763e-05,-0.0036187907468164062,-5.529684676470041e-09,0.0038805825153660754,-2.846561746503174e-08,-4.283640803867346e-09
gmat_two_body,numerical_two_body,EarthMJ2000Eq,10920.0,2026-05-10T00:10:00Z,2.8728377305708152e-08,-3.8043176524730255e-08,-5.207833205226354e-09,4.463515068709721e-08,-2.52707878843848e-08,-4.434325696783663e-09
gmat_two_body,numerical_two_body,EarthMJ2000Eq,10980.0,2026-05-10T00:11:00Z,9.853875466397173e-06,-0.003620425346235085,-3.8733758064632006e-09,0.003884082014448835,-2.4676552757603956e-08,-3.459539126919471e-09
gmat_two_body,numerical_two_body,EarthMJ2000Eq,11040.0,2026-05-10T00:12:00Z,2.8372143923302223e-08,-4.335065586943686e-08,-3.74408436471886e-09,5.111429668202179e-08,-2.3023386565505226e-08,-5.075576359817675e-09
gmat_two_body,numerical_two_body,EarthMJ2000Eq,11100.0,2026-05-10T00:13:00Z,4.339440148314865e-06,-0.0036213528675542958,-3.038569528657247e-09,0.003886066226666816,-2.287806268114659e-08,-5.763455263715906e-09
gmat_two_body,numerical_two_body,EarthMJ2000Eq,11160.0,2026-05-10T00:14:00Z,1.5441199212479214e-06,-0.0036215468099854795,-5.216255015013405e-09,0.0038864768597474167,-2.1591519129929528e-08,-4.940741071196591e-09
gmat_two_body,numerical_two_body,EarthMJ2000Eq,11220.0,2026-05-10T00:15:00Z,2.6306003655503053e-08,-5.262561494357485e-08,-5.276849550379907e-09,6.085723465730424e-08,-2.3593179154442398e-08,-4.176677050102477e-09
gmat_two_body,numerical_two_body,EarthMJ2000Eq,11280.0,2026-05-10T00:16:00Z,-4.042650360389761e-06,-0.0036213866387328486,-5.076662543232303e-09,0.003886125934819427,-2.254312957375041e-08,-3.444425084185381e-09
gmat_two_body,numerical_two_body,EarthMJ2000Eq,11340.0,2026-05-10T00:17:00Z,-6.818147661219918e-06,-0.0036210338843087617,-5.4307931157040464e-09,0.0038853653717398026,-2.4452174135194792e-08,-3.0188549453666054e-09
gmat_two_body,numerical_two_body,EarthMJ2000Eq,11400.0,2026-05-10T00:18:00Z,2.711748190027629e-08,-6.228045711716144e-08,-5.61174221653404e-09,6.930372008266041e-08,-2.3870135720718323e-08,-1.5995359831182874e-09
gmat_two_body,numerical_two_body,EarthMJ2000Eq,11460.0,2026-05-10T00:19:00Z,-1.2265458324505076e-05,-0.0036197917542871096,-6.040075195448856e-09,0.003882693277071515,-2.3698844140935664e-08,-1.763817472526746e-09
gmat_two_body,numerical_two_body,EarthMJ2000Eq,11520.0,2026-05-10T00:20:00Z,2.9641078574517572e-08,-7.06242036878033e-08,-5.145475967078866e-09,7.512480897415512e-08,-2.487663522314786e-08,-1.326855278919097e-09
gmat_two_body,numerical_two_body,EarthMJ2000Eq,11580.0,2026-05-10T00:21:00Z,-1.749976787264036e-05,-0.003617856804913719,-4.436113433591441e-09,0.0038785328757336957,-2.354429526562952e-08,-4.6071554740020883e-10
gmat_two_body,numerical_two_body,EarthMJ2000Eq,11640.0,2026-05-10T00:22:00Z,-2.0010556832980668e-05,-0.0036166386095623482,-4.5786221828469735e-09,0.0038759158118033543,-2.568865267118884e-08,-1.705174147467232e-09
gmat_two_body,numerical_two_body,EarthMJ2000Eq,11700.0,2026-05-10T00:23:00Z,2.8551141718728636e-08,-8.142484365978511e-08,-3.833400815944604e-09,8.642600698474966e-08,-2.3099395510865963e-08,-1.3160791041960854e-09
gmat_two_body,numerical_two_body,EarthMJ2000Eq,11760.0,2026-05-10T00:24:00Z,-2.4761031184442428e-05,-0.0036137298113607607,-4.883129096110972e-09,0.0038696793238215416,-2.2792863116078087e-08,-2.077238746946448e-09
gmat_two_body,numerical_two_body,EarthMJ2000Eq,11820.0,2026-05-10T00:25:00Z,-2.6979212161835802e-05,-0.0036120540443512934,-4.220557069913917e-09,0.0038660841248121794,-2.2333343622600532e-08,-1.1595770681338142e-09
gmat_two_body,numerical_two_body,EarthMJ2000Eq,11880.0,2026-05-10T00:26:00Z,2.8409632406322485e-08,-9.011933819601718e-08,-5.967048405614833e-09,9.378206894527176e-08,-2.3885591247965115e-08,-4.50212454281581e-09
gmat_two_body,numerical_two_body,EarthMJ2000Eq,11940.0,2026-05-10T00:27:00Z,-3.1067301592384434e-05,-0.0036082927816076847,-4.531472183411797e-09,0.0038580259952463994,-2.246460443125634e-08,-2.9872519304172027e-09
gmat_two_body,numerical_two_body,EarthMJ2000Eq,12000.0,2026-05-10T00:28:00Z,2.7616003243378918e-08,-9.710223385146885e-08,-4.437940554522605e-09,9.869084514539651e-08,-2.2280090724633246e-08,-4.066918605894464e-09
gmat_two_body,numerical_two_body,EarthMJ2000Eq,12060.0,2026-05-10T00:29:00Z,-3.462458055437932e-05,-0.0036040442661738263,-5.6074798775271084e-09,0.0038489400038937676,-2.27605841015508e-08,-3.1044211571817974e-09
gmat_two_body,numerical_two_body,EarthMJ2000Eq,12120.0,2026-05-10T00:30:00Z,-3.6189849290511434e-05,-0.003601762847794592,-3.950277279128939e-09,0.00384406174691302,-2.07698450402061e-08,-2.7799973966321026e-09
gmat_two_body,numerical_two_body,EarthMJ2000Eq,12180.0,2026-05-10T00:31:00Z,2.6193398205618253e-08,-1.0578667520509032e-07,-6.114016061655106e-09,1.0526395455496078e-07,-1.6484787371274645e-08,-3.0610697520987235e-09
gmat_two_body,numerical_two_body,EarthMJ2000Eq,12240.0,2026-05-10T00:32:00Z,-3.8850389865636745e-05,-0.0035969269995926464,-8.060166436483384e-09,0.0038337424609952418,-1.6110655683847977e-08,-1.8403548490338465e-09
gmat_two_body,numerical_two_body,EarthMJ2000Eq,12300.0,2026-05-10T00:33:00Z,-3.994222249847782e-05,-0.003594397050481091,-5.514816897517541e-09,0.003828347098796962,-1.6083919363595256e-08,-3.17436056971908e-09
gmat_two_body,numerical_two_body,EarthMJ2000Eq,12360.0,2026-05-10T00:34:00Z,-4.08690239999086e-05,-0.003591804907783226,-5.191860415098746e-09,0.003822827817231683,-1.3315117637971582e-08,6.404186908645881e-10
gmat_two_body,numerical_two_body,EarthMJ2000Eq,12420.0,2026-05-10T00:35:00Z,-4.162457928949168e-05,-0.003589164017648029,-4.813174983443448e-09,0.003817204367114764,-1.2879589014372625e-08,2.967489825921316e-10
gmat_two_body,numerical_two_body,EarthMJ2000Eq,12480.0,2026-05-10T00:36:00Z,2.173297731621702e-08,-1.1852559609714858e-07,-3.845163939720859e-09,1.2025553334697605e-07,-1.2903370681074763e-08,4.5167360695240374e-10
gmat_two_body,numerical_two_body,EarthMJ2000Eq,12540.0,2026-05-10T00:37:00Z,-4.26193747517086e-05,-0.003583775218008188,-5.321932187848314e-09,0.003805744653738814,-1.340230199373594e-08,1.0435705564235212e-09
gmat_two_body,numerical_two_body,EarthMJ2000Eq,12600.0,2026-05-10T00:38:00Z,-4.285752383797649e-05,-0.0035810500907492234,-4.779771613846402e-09,0.003799957288168585,-1.1674491976789782e-08,1.4542197207024777e-09
gmat_two_body,numerical_two_body,EarthMJ2000Eq,12660.0,2026-05-10T00:39:00Z,2.305274975603313e-08,-1.2457176852376996e-07,-3.715481666130622e-09,1.2744292291678915e-07,-1.1485677052693358e-08,2.2153894672321214e-09
gmat_two_body,numerical_two_body,EarthMJ2000Eq,12720.0,2026-05-10T00:40:00Z,-4.2809385536596e-05,-0.003575594442205972,-4.539647328890244e-09,0.0037883842028070993,-1.1772494853043817e-08,1.7351720775296905e-09
gmat_two_body,numerical_two_body,EarthMJ2000Eq,12780.0,2026-05-10T00:41:00Z,-4.252725084809923e-05,-0.003572884705067931,-1.4112727339514209e-09,0.003782646751448388,-1.1801987294326414e-08,2.0293946770299517e-09
gmat_two_body,numerical_two_body,EarthMJ2000Eq,12840.0,2026-05-10T00:42:00Z,-4.2074252896125256e-05,-0.0035702050623426258,-4.63319632209154e-09,0.0037769697136405505,-1.1133712764043379e-08,1.5426432685046711e-09
gmat_two_body,numerical_two_body,EarthMJ2000Eq,12900.0,2026-05-10T00:43:00Z,-4.1453088354183674e-05,-0.003567561541309356,-4.379811061472615e-09,0.003771377492907615,-1.3499449778442398e-08,2.948297166310988e-09
gmat_two_body,numerical_two_body,EarthMJ2000Eq,12960.0,2026-05-10T00:44:00Z,1.770812123793025e-08,-1.3421488121020786e-07,-5.4054015772515985e-09,1.3719774250126362e-07,-1.2364797982464233e-08,1.382913867274287e-09
gmat_two_body,numerical_two_body,EarthMJ2000Eq,13020.0,2026-05-10T00:45:00Z,-3.9719595326847305e-05,-0.0035624317407295185,-6.202814226618457e-09,0.003760534714929377,-8.34981128042271e-09,5.828369243735801e-10
gmat_two_body,numerical_two_body,EarthMJ2000Eq,13080.0,2026-05-10T00:46:00Z,-3.861576025760703e-05,-0.003559963628737746,-7.902605049899119e-09,0.003755324966484327,-1.1828943681173118e-08,7.399229427370033e-10
gmat_two_body,numerical_two_body,EarthMJ2000Eq,13140.0,2026-05-10T00:47:00Z,1.4192545821513877e-08,-1.3871117616269444e-07,-7.149794828583423e-09,1.4324945089202777e-07,-9.879557474786547e-09,1.5242273893081505e-09
gmat_two_body,numerical_two_body,EarthMJ2000Eq,13200.0,2026-05-10T00:48:00Z,-3.5958424372338164e-05,-0.0035552687644732272,-5.351997622489777e-09,0.0037454246385723515,-1.1645914287004077e-08,1.6068509196198932e-09
gmat_two_body,numerical_two_body,EarthMJ2000Eq,13260.0,2026-05-10T00:49:00Z,-3.4417497675186095e-05,-0.003553059673195945,-5.588238569894672e-09,0.003740772613184683,-1.1591084900347207e-08,7.601542707086373e-10
gmat_two_body,numerical_two_body,EarthMJ2000Eq,13320.0,2026-05-10T00:50:00Z,-3.2741960929588935e-05,-0.0035509563617491594,-6.002627079151339e-09,0.0037363423587290197,-1.0421089942591336e-08,-5.921665826263879e-10
gmat_two_body,numerical_two_body,EarthMJ2000Eq,13380.0,2026-05-10T00:51:00Z,-3.094027442156097e-05,-0.003548961561669082,-6.245496126727471e-09,0.0037321454326029887,-7.390941749716499e-09,1.4522719581005088e-09
gmat_two_body,numerical_two_body,EarthMJ2000Eq,13440.0,2026-05-10T00:52:00Z,1.609832615670121e-08,-1.445145253061155e-07,-4.829840605355354e-09,1.5508649692033154e-07,-7.945700698369072e-09,1.3246815325486099e-09
gmat_two_body,numerical_two_body,EarthMJ2000Eq,13500.0,2026-05-10T00:53:00Z,-2.6987590975789895e-05,-0.003545335970835125,-6.193449267882106e-09,0.0037245249327147213,-8.055040377791069e-09,8.858523716876042e-10
gmat_two_body,numerical_two_body,EarthMJ2000Eq,13560.0,2026-05-10T00:54:00Z,-2.4851166329904466e-05,-0.0035437182591462908,-6.465140813033075e-09,0.0037211266740560414,-9.947680612619016e-09,-7.447181687185676e-10
gmat_two_body,numerical_two_body,EarthMJ2000Eq,13620.0,2026-05-10T00:55:00Z,1.5418927020344455e-08,-1.4835243321946596e-07,-7.251572870192425e-09,1.61440925811368e-07,-1.0833445681960812e-08,2.909070264559639e-09
gmat_two_body,numerical_two_body,EarthMJ2000Eq,13680.0,2026-05-10T00:56:00Z,-2.030245647207513e-05,-0.003540899458181477,-6.432592472056667e-09,0.003715207653108552,-1.272686784395056e-08,1.6369932231498285e-09
gmat_two_body,numerical_two_body,EarthMJ2000Eq,13740.0,2026-05-10T00:57:00Z,1.8384341802521684e-08,-1.5098052683154577e-07,-7.084987600635301e-09,1.638760012431962e-07,-1.233431296372027e-08,3.6569832906759963e-09
gmat_two_body,numerical_two_body,EarthMJ2000Eq,13800.0,2026-05-10T00:58:00Z,-1.544638454845575e-05,-0.003538671845042728,-8.799654924441212e-09,0.0037105337132291023,-1.4684013925506025e-08,3.842857491438908e-09
gmat_two_body,numerical_two_body,EarthMJ2000Eq,13860.0,2026-05-10T00:59:00Z,-1.2927029392944428e-05,-0.003537790823897226,-7.060605225356963e-09,0.0037086806849841187,-1.3984832625329606e-08,4.772039197027825e-09
gmat_two_body,numerical_two_body,EarthMJ2000Eq,13920.0,2026-05-10T01:00:00Z,1.94725264766538e-08,-1.5736545668458962e-07,-6.504510790345894e-09,1.703264263463763e-07,-1.4737039875365333e-08,5.96312023154615e-09
gmat_two_body,numerical_two_body,EarthMJ2000Eq,13980.0,2026-05-10T01:01:00Z,-7.748528700545594e-06,-0.0035365047997429604,-7.942744212051739e-09,0.003705981792510206,-1.6094172096061464e-08,4.661970747548917e-09
gmat_two_body,numerical_two_body,EarthMJ2000Eq,14040.0,2026-05-10T01:02:00Z,-5.11133710988347e-06,-0.003536107228994466,-5.935818429739131e-09,0.0037051436266494005,-1.608336696990065e-08,6.230403408375392e-09
gmat_two_body,numerical_two_body,EarthMJ2000Eq,14100.0,2026-05-10T01:03:00Z,2.0141217430677794e-08,-1.6362143217771475e-07,-6.418850183295169e-09,1.762363980531528e-07,-1.49088857196256e-08,4.758102611394765e-09
gmat_two_body,numerical_two_body,EarthMJ2000Eq,14160.0,2026-05-10T01:04:00Z,2.0979882952168757e-07,-0.0035358044751859327,-4.869297935349321e-09,0.0037045044886698233,-1.0469104958738897e-08,6.724101031146206e-09
gmat_two_body,numerical_two_body,EarthMJ2000Eq,14220.0,2026-05-10T01:05:00Z,2.1972728248144556e-08,-1.690054203582229e-07,-4.383957265124652e-09,1.8049065321739536e-07,-1.177148594857879e-08,6.23846363362009e-09
gmat_two_body,numerical_two_body,EarthMJ2000Eq,14280.0,2026-05-10T01:06:00Z,5.533267752896104e-06,-0.0035361643656273965,-6.672991350271248e-09,0.003705251948687362,-1.343587579978877e-08,7.222567371965276e-09
gmat_two_body,numerical_two_body,EarthMJ2000Eq,14340.0,2026-05-10T01:07:00Z,8.167005937756676e-06,-0.0035365886637332877,-4.699469943195554e-09,0.0037061430432198316,-1.3311038247061086e-08,7.929577613522083e-09
gmat_two_body,numerical_two_body,EarthMJ2000Eq,14400.0,2026-05-10T01:08:00Z,2.4495705837723084e-08,-1.7412181151214302e-07,-2.975899464325846e-09,1.883928392957908e-07,-1.2150047791794769e-08,5.5880992306118356e-09
gmat_two_body,numerical_two_body,EarthMJ2000Eq,14460.0,2026-05-10T01:09:00Z,1.3332858780819076e-05,-0.0035379265122859826,-3.0585388583020517e-09,0.0037089457876593106,-1.104930267532509e-08,4.522613988212183e-09
gmat_two_body,numerical_two_body,EarthMJ2000Eq,14520.0,2026-05-10T01:10:00Z,1.5846072257154985e-05,-0.0035388354926639124,-2.1658562934710567e-09,0.0037108478765789043,-1.3214005145001198e-08,2.9884545931769107e-09
gmat_two_body,numerical_two_body,EarthMJ2000Eq,14580.0,2026-05-10T01:11:00Z,2.6451735373578206e-08,-1.8109692468139538e-07,-2.048705555289994e-09,1.9709500224947586e-07,-1.3001956701980278e-08,7.049120345735946e-09
gmat_two_body,numerical_two_body,EarthMJ2000Eq,14640.0,2026-05-10T01:12:00Z,2.0681504550037083e-05,-0.003541115149234417,-2.108023603867085e-09,0.003715623415068572,-1.5703053389724523e-08,6.140664166426219e-09
gmat_two_body,numerical_two_body,EarthMJ2000Eq,14700.0,2026-05-10T01:13:00Z,2.711598599585878e-08,-1.8599430337615595e-07,-1.3735425647105885e-09,2.0196022251795377e-07,-1.4334291464379965e-08,5.5422323167304555e-09
gmat_two_body,numerical_two_body,EarthMJ2000Eq,14760.0,2026-05-10T01:14:00Z,2.520384103129842e-05,-0.003543980220746329,-1.0949210589132348e-10,0.003721634234371086,-1.328403198060306e-08,5.466522650956895e-09
gmat_two_body,numerical_two_body,EarthMJ2000Eq,14820.0,2026-05-10T01:15:00Z,2.732633703407494e-05,-0.0035456206970272282,3.900332980681209e-10,0.0037250795766676473,-1.6144067706814677e-08,7.45356033124711e-09
gmat_two_body,numerical_two_body,EarthMJ2000Eq,14880.0,2026-05-10T01:16:00Z,2.9696538717516487e-08,-1.9082846380229138e-07,2.4867389315415185e-09,2.1088129692859013e-07,-1.4592184045297259e-08,5.456093342534035e-09
gmat_two_body,numerical_two_body,EarthMJ2000Eq,14940.0,2026-05-10T01:17:00Z,3.1248686556773194e-05,-0.003549287752407728,2.61441093057597e-09,0.0037327894750362593,-1.6337266142843988e-08,6.429546923299032e-09
gmat_two_body,numerical_two_body,EarthMJ2000Eq,15000.0,2026-05-10T01:18:00Z,3.303367768358939e-05,-0.003551304679057243,1.3588653456435127e-09,0.003737021940005048,-1.5604922858925854e-08,7.335168271905848e-09
gmat_two_body,numerical_two_body,EarthMJ2000Eq,15060.0,2026-05-10T01:19:00Z,3.469149564569981e-05,-0.003553427109522721,2.7859280495751306e-09,0.0037414931128686027,-1.6510727337772265e-08,7.1351835016847366e-09
gmat_two_body,numerical_two_body,EarthMJ2000Eq,15120.0,2026-05-10T01:20:00Z,3.621432736763025e-05,-0.0035556530389584014,3.8819251249344486e-09,0.0037461798709762144,-1.6662647727464617e-08,7.742102834922974e-09
gmat_two_body,numerical_two_body,EarthMJ2000Eq,15180.0,2026-05-10T01:21:00Z,3.272647895586428e-08,-2.0697775625089108e-07,3.0617955135451145e-09,2.271237565129686e-07,-1.6216893442435098e-08,7.387132521140351e-09
gmat_two_body,numerical_two_body,EarthMJ2000Eq,15240.0,2026-05-10T01:22:00Z,3.8829960216984325e-05,-0.003560381052095662,3.5197251531184927e-09,0.0037561429907876664,-1.606966190929546e-08,7.904383658168637e-09
gmat_two_body,numerical_two_body,EarthMJ2000Eq,15300.0,2026-05-10T01:23:00Z,3.991129684335199e-05,-0.003562864276024179,4.015561911551761e-09,0.0037613806137949163,-1.9477625489880023e-08,7.513943609166735e-09
gmat_two_body,numerical_two_body,EarthMJ2000Eq,15360.0,2026-05-10T01:24:00Z,3.50244323593925e-08,-2.166827999808572e-07,4.764619563910274e-09,2.392965204754207e-07,-1.73239101589369e-08,6.7228156841396456e-09
gmat_two_body,numerical_two_body,EarthMJ2000Eq,15420.0,2026-05-10T01:25:00Z,4.160424414124676e-05,-0.0035680208428924545,3.4285575716608204e-09,0.0037722718843861366,-1.715362681236348e-08,7.165769524850978e-09
gmat_two_body,numerical_two_body,EarthMJ2000Eq,15480.0,2026-05-10T01:26:00Z,4.220265935436672e-05,-0.0035706762403178785,4.703837320881046e-09,0.0037778817633439855,-1.9744268540073753e-08,5.553721853992863e-09
gmat_two_body,numerical_two_body,EarthMJ2000Eq,15540.0,2026-05-10T01:27:00Z,4.263258673899301e-05,-0.003573366869392076,4.346994963534822e-09,0.0037835742167642303,-1.90414768114871e-08,5.953441017823809e-09
gmat_two_body,numerical_two_body,EarthMJ2000Eq,15600.0,2026-05-10T01:28:00Z,4.289525397805791e-05,-0.003576082889539195,4.245711875122473e-09,0.0037893278848987882,-1.989932192834513e-08,4.997147978794725e-09
gmat_two_body,numerical_two_body,EarthMJ2000Eq,15660.0,2026-05-10T01:29:00Z,3.890314276666405e-08,-2.3308927763673452e-07,3.4450004965481924e-09,2.5991205749589914e-07,-2.0345506336280028e-08,5.149221120000313e-09
gmat_two_body,numerical_two_body,EarthMJ2000Eq,15720.0,2026-05-10T01:30:00Z,4.2893958076497075e-05,-0.0035815503868061762,3.1615442115003937e-09,0.003800917721560454,-2.453213243386097e-08,3.3805131240829575e-09
gmat_two_body,numerical_two_body,EarthMJ2000Eq,15780.0,2026-05-10T01:31:00Z,4.263205450664232e-05,-0.0035842791207749154,2.521961301013399e-09,0.0038067091026742516,-2.280036690715779e-08,5.190040648647979e-09
gmat_two_body,numerical_two_body,EarthMJ2000Eq,15840.0,2026-05-10T01:32:00Z,3.918129564966994e-08,-2.4431489525938506e-07,4.082541571050867e-09,2.7245644143925773e-07,-2.5332030876032355e-08,4.876468569408339e-09
gmat_two_body,numerical_two_body,EarthMJ2000Eq,15900.0,2026-05-10T01:33:00Z,4.1591875589286556e-05,-0.0035896748010817905,4.4043874265050625e-09,0.003818166111167454,-2.5012891499942684e-08,4.066895979454937e-09
gmat_two_body,numerical_two_body,EarthMJ2000Eq,15960.0,2026-05-10T01:34:00Z,4.081381269645999e-05,-0.0035923163823453875,4.187147366045672e-09,0.0038237844992681123,-2.333309844151926e-08,4.346775125272054e-09
gmat_two_body,numerical_two_body,EarthMJ2000Eq,16020.0,2026-05-10T01:35:00Z,3.9865079017226625e-05,-0.0035949060390226945,3.925317802417937e-09,0.0038292968165052816,-2.6359360578805512e-08,3.7893439292745874e-09
gmat_two_body,numerical_two_body,EarthMJ2000Eq,16080.0,2026-05-10T01:36:00Z,3.875357262824615e-05,-0.0035974333815132604,4.926882832161428e-09,0.003834677313610336,-2.5282792065583063e-08,2.08740556827914e-09
gmat_two_body,numerical_two_body,EarthMJ2000Eq,16140.0,2026-05-10T01:37:00Z,4.2252941520122896e-08,-2.664580134352526e-07,3.293298766439286e-09,2.938155095469002e-07,-2.7894887896908044e-08,2.169536971908076e-09
gmat_two_body,numerical_two_body,EarthMJ2000Eq,16200.0,2026-05-10T01:38:00Z,3.6044453090966326e-05,-0.003602258073845061,3.3324673265959657e-09,0.0038449608581472457,-2.6824755448169766e-08,2.0669565174780904e-09
gmat_two_body,numerical_two_body,EarthMJ2000Eq,16260.0,2026-05-10T01:39:00Z,3.445975568399e-05,-0.0036045337877396396,4.10582078875796e-09,0.0038498172124676253,-2.8718926074573942e-08,3.007080287737457e-09
gmat_two_body,numerical_two_body,EarthMJ2000Eq,16320.0,2026-05-10T01:40:00Z,4.311252099782721e-08,-2.80292101253327e-07,4.127223168054442e-09,3.0965223303664823e-07,-2.8530173945906647e-08,3.469489756196176e-09
gmat_two_body,numerical_two_body,EarthMJ2000Eq,16380.0,2026-05-10T01:41:00Z,3.086454279197873e-05,-0.0036087646607170375,5.391298911224883e-09,0.0038588514906314655,-2.9725585859782425e-08,3.0474693866447536e-09
gmat_two_body,numerical_two_body,EarthMJ2000Eq,16440.0,2026-05-10T01:42:00Z,4.4470643471429716e-08,-2.879006020123936e-07,3.6934888615166726e-09,3.186630831865597e-07,-2.852371487043206e-08,1.6963104996183302e-09
gmat_two_body,numerical_two_body,EarthMJ2000Eq,16500.0,2026-05-10T01:43:00Z,2.6745960945379993e-05,-0.003612506558538135,4.904753569215809e-09,0.0038668445437828733,-2.816397675095034e-08,3.147407750347262e-09
gmat_two_body,numerical_two_body,EarthMJ2000Eq,16560.0,2026-05-10T01:44:00Z,2.451007653919572e-05,-0.0036141699654227448,5.91322996082488e-09,0.0038704024076866,-2.913542146622606e-08,2.521665659537139e-09
gmat_two_body,numerical_two_body,EarthMJ2000Eq,16620.0,2026-05-10T01:45:00Z,4.577021384473286e-08,-3.0098475714684347e-07,5.031988278156792e-09,3.343396739146991e-07,-2.8266868597565894e-08,1.490914880312024e-09
gmat_two_body,numerical_two_body,EarthMJ2000Eq,16680.0,2026-05-10T01:46:00Z,1.97363471451423e-05,-0.003617049996308662,5.55579949865662e-09,0.003876565751150841,-3.168814668191278e-08,1.9636782664686112e-09
gmat_two_body,numerical_two_body,EarthMJ2000Eq,16740.0,2026-05-10T01:47:00Z,1.721829847118485e-05,-0.00361825366792407,4.712634165249371e-09,0.003879139487846011,-3.0987655288222513e-08,3.779777229389158e-10
gmat_two_body,numerical_two_body,EarthMJ2000Eq,16800.0,2026-05-10T01:48:00Z,5.09638649847202e-08,-3.1648987365745656e-07,4.523968656667298e-09,3.4951613023361493e-07,-3.2681672264480104e-08,1.2249296759158233e-09
gmat_two_body,numerical_two_body,EarthMJ2000Eq,16860.0,2026-05-10T01:49:00Z,1.196472126297682e-05,-0.0036201605924837212,2.702020080882448e-09,0.0038832157365116028,-3.240189877757491e-08,2.417645557592351e-09
gmat_two_body,numerical_two_body,EarthMJ2000Eq,16920.0,2026-05-10T01:50:00Z,5.152196607698018e-08,-3.278286949655723e-07,3.978374330283991e-09,3.61926473517845e-07,-3.488688448326882e-08,2.021579945989174e-09
gmat_two_body,numerical_two_body,EarthMJ2000Eq,16980.0,2026-05-10T01:51:00Z,6.506939179498283e-06,-0.0036213689052389734,4.196338182113727e-09,0.00388579721532305,-3.5337158716750636e-08,2.2147705575132045e-09
gmat_two_body,numerical_two_body,EarthMJ2000Eq,17040.0,2026-05-10T01:52:00Z,3.7302761317227186e-06,-0.003621703573219929,4.933619650341551e-09,0.003886511027357637,-3.733727153469077e-08,2.5670159524256443e-09
gmat_two_body,numerical_two_body,EarthMJ2000Eq,17100.0,2026-05-10T01:53:00Z,5.277962195479207e-08,-3.4478634719831825e-07,4.030740404373006e-09,3.7947224295643104e-07,-3.5912271536534354e-08,1.2482113332327138e-09
gmat_two_body,numerical_two_body,EarthMJ2000Eq,17160.0,2026-05-10T01:54:00Z,-1.8637416363722628e-06,-0.0036218306325433622,3.4681860784018475e-09,0.003886770719485606,-3.448863049826408e-08,-8.829588446876472e-10
gmat_two_body,numerical_two_body,EarthMJ2000Eq,17220.0,2026-05-10T01:55:00Z,-4.651460015777505e-06,-0.00362162186084894,2.892370431339315e-09,0.003886311774913097,-3.5800085461030445e-08,1.888140757244836e-11
gmat_two_body,numerical_two_body,EarthMJ2000Eq,17280.0,2026-05-10T01:56:00Z,5.041444393365058e-08,-3.608064241412812e-07,2.8931622629570256e-09,3.946619032272826e-07,-3.7350073583359075e-08,-8.470788938352317e-10
gmat_two_body,numerical_two_body,EarthMJ2000Eq,17340.0,2026-05-10T01:57:00Z,-1.015812132160554e-05,-0.0036206601871264965,4.393978187053124e-09,0.0038842356830189324,-3.51584903616535e-08,-1.8502323776474768e-09
gmat_two_body,numerical_two_body,EarthMJ2000Eq,17400.0,2026-05-10T01:58:00Z,5.209375981634105e-08,-3.728345534144153e-07,3.6438497375707588e-09,4.03198947303793e-07,-3.5785711891583834e-08,-1.0882100752140807e-09
gmat_two_body,numerical_two_body,EarthMJ2000Eq,17460.0,2026-05-10T01:59:00Z,-1.5486771423038987e-05,-0.0036189925295101798,3.0649483841424958e-09,0.0038806447711044216,-3.57640250638227e-08,3.275623278120017e-11
gmat_two_body,numerical_two_body,EarthMJ2000Eq,17520.0,2026-05-10T02:00:00Z,-1.8054020015505418e-05,-0.0036179033957960166,2.73451128747486e-09,0.003878303424967713,-3.7915572597761047e-08,-1.172812969007865e-09
gmat_two_body,numerical_two_body,EarthMJ2000Eq,17580.0,2026-05-10T02:01:00Z,5.026336866775524e-08,-3.880307474486165e-07,1.3345661170593652e-09,4.2141097729011314e-07,-3.6608054787353855e-08,-2.3284598246471963e-09
gmat_two_body,numerical_two_body,EarthMJ2000Eq,17640.0,2026-05-10T02:02:00Z,-2.2947381178116502e-05,-0.0036152376635887624,1.4080128118221572e-10,0.003872583444760708,-3.782604317811648e-08,-4.964415801324004e-09
gmat_two_body,numerical_two_body,EarthMJ2000Eq,17700.0,2026-05-10T02:03:00Z,-2.524914347908687e-05,-0.0036136753058753175,-4.353909330117434e-10,0.003869229819797584,-3.7082034238107e-08,-4.609404788734333e-09
gmat_two_body,numerical_two_body,EarthMJ2000Eq,17760.0,2026-05-10T02:04:00Z,-2.744334460948493e-05,-0.003611968213506187,-6.381656398189348e-10,0.0038655693625239784,-3.768357717718334e-08,-3.4260565843240094e-09
gmat_two_body,numerical_two_body,EarthMJ2000Eq,17820.0,2026-05-10T02:05:00Z,-2.9522091855074602e-05,-0.003610124179554722,-2.0284691513774706e-09,0.003861618819300521,-3.731696412683399e-08,-3.3296316828878243e-09
gmat_two_body,numerical_two_body,EarthMJ2000Eq,17880.0,2026-05-10T02:06:00Z,5.400909749140789e-08,-4.1354444628064067e-07,-2.140449022574482e-09,4.472636985644521e-07,-4.0486517379873345e-08,-4.015423210174579e-09
gmat_two_body,numerical_two_body,EarthMJ2000Eq,17940.0,2026-05-10T02:07:00Z,-3.3289958831417854e-05,-0.0036060628930634168,-1.119089236544939e-09,0.003852918111921226,-3.7401666214858006e-08,-5.083341378078906e-09
gmat_two_body,numerical_two_body,EarthMJ2000Eq,18000.0,2026-05-10T02:08:00Z,-3.496724519759581e-05,-0.0036038611399715377,-3.182953058498343e-10,0.003848207848777322,-3.975525902382953e-08,-3.88097414053545e-09
gmat_two_body,numerical_two_body,EarthMJ2000Eq,18060.0,2026-05-10T02:09:00Z,5.456717308320142e-08,-4.322382696962221e-07,-1.8336432539172007e-09,4.648027225003098e-07,-3.990819762586824e-08,-5.675402334843057e-09
gmat_two_body,numerical_two_body,EarthMJ2000Eq,18120.0,2026-05-10T02:10:00Z,-3.786893542756895e-05,-0.003599165842347538,-3.3224832458292504e-09,0.0038381767300238252,-4.0683940182784254e-08,-3.76943450711693e-09
gmat_two_body,numerical_two_body,EarthMJ2000Eq,18180.0,2026-05-10T02:11:00Z,-3.90812601683862e-05,-0.003596693056116994,-4.728838619790879e-09,0.003832897809183981,-4.0194094105058184e-08,-4.8223983758229365e-09
gmat_two_body,numerical_two_body,EarthMJ2000Eq,18240.0,2026-05-10T02:12:00Z,-4.01358117873196e-05,-0.003594151472343879,-3.522285050162454e-09,0.003827474160064159,-3.806799215411769e-08,-5.175911445290039e-09
gmat_two_body,numerical_two_body,EarthMJ2000Eq,18300.0,2026-05-10T02:13:00Z,-4.1023146833313354e-05,-0.0035915502284655215,-3.722717541675656e-09,0.0038219295513093905,-3.7865198328167185e-08,-5.991301745717428e-09
gmat_two_body,numerical_two_body,EarthMJ2000Eq,18360.0,2026-05-10T02:14:00Z,5.591615873070446e-08,-4.607173935782727e-07,-5.437647816641402e-09,4.904179931218149e-07,-3.848665135957805e-08,-6.848790575507775e-09
gmat_two_body,numerical_two_body,EarthMJ2000Eq,18420.0,2026-05-10T02:15:00Z,-4.22839165877497e-05,-0.003586218100047008,-5.492906539781577e-09,0.0038105735139511753,-3.4439830789429335e-08,-7.071350843077446e-09
gmat_two_body,numerical_two_body,EarthMJ2000Eq,18480.0,2026-05-10T02:16:00Z,-4.265536809294791e-05,-0.003583508041841939,-5.842197773738849e-09,0.0038048109612348847,-3.881164798346095e-08,-5.566322564063607e-09
gmat_two_body,numerical_two_body,EarthMJ2000Eq,18540.0,2026-05-10T02:17:00Z,5.616468032072765e-08,-4.781130807327096e-07,-7.727682396130114e-09,5.076248514770405e-07,-3.48988640929508e-08,-6.711048312084978e-09
gmat_two_body,numerical_two_body,EarthMJ2000Eq,18600.0,2026-05-10T02:18:00Z,-4.287663491976279e-05,-0.0035780574612808967,-6.845859525573037e-09,0.0037932342692116425,-3.606967767459893e-08,-6.425883906984755e-09
gmat_two_body,numerical_two_body,EarthMJ2000Eq,18660.0,2026-05-10T02:19:00Z,-4.272452100802367e-05,-0.003575338759404815,-6.869235160839896e-09,0.0037874663601497626,-3.1807372413890236e-08,-7.682430481723506e-09
gmat_two_body,numerical_two_body,EarthMJ2000Eq,18720.0,2026-05-10T02:20:00Z,-4.240153689685921e-05,-0.00357263908968264,-6.025499780506013e-09,0.0037817437963752975,-3.5011984217416745e-08,-5.5935568488028435e-09
gmat_two_body,numerical_two_body,EarthMJ2000Eq,18780.0,2026-05-10T02:21:00Z,-4.190933782547031e-05,-0.003569969052954716,-4.828147563347292e-09,0.0037760889106104693,-3.4365415328682804e-08,-6.677800542032785e-09
gmat_two_body,numerical_two_body,EarthMJ2000Eq,18840.0,2026-05-10T02:22:00Z,5.569342512492171e-08,-5.048306126589359e-07,-7.537720250409139e-09,5.384406718507754e-07,-3.5647557294923495e-08,-5.701365515588094e-09
gmat_two_body,numerical_two_body,EarthMJ2000Eq,18900.0,2026-05-10T02:23:00Z,-4.042657732114034e-05,-0.0035647617463191715,-7.187191255987678e-09,0.0037650710181096865,-3.882304203590322e-08,-2.696953658446411e-09
gmat_two_body,numerical_two_body,EarthMJ2000Eq,18960.0,2026-05-10T02:24:00Z,-3.944243396702578e-05,-0.003562244039989361,-1.0041351833876494e-08,0.0037597469405850474,-3.896540268715878e-08,-2.4108756432459033e-09
gmat_two_body,numerical_two_body,EarthMJ2000Eq,19020.0,2026-05-10T02:25:00Z,5.6580248676460034e-08,-5.206116271705929e-07,-9.532523455058345e-09,5.56000572763413e-07,-3.858019761521877e-08,-2.499247686854506e-09
gmat_two_body,numerical_two_body,EarthMJ2000Eq,19080.0,2026-05-10T02:26:00Z,-3.7013082253005865e-05,-0.0035574314406587597,-9.854586754126626e-09,0.003749579985909778,-3.497947498664073e-08,-2.475961576744356e-09
gmat_two_body,numerical_two_body,EarthMJ2000Eq,19140.0,2026-05-10T02:27:00Z,5.8214955584981505e-08,-5.336607074641326e-07,-1.0318049101184844e-08,5.651278022062768e-07,-3.766639548048224e-08,-7.904127314945779e-10
gmat_two_body,numerical_two_body,EarthMJ2000Eq,19200.0,2026-05-10T02:28:00Z,-3.400655219927404e-05,-0.0035529709245680683,-9.83394631422275e-09,0.0037401688455100794,-3.625822366677375e-08,-1.1840710858969878e-09
gmat_two_body,numerical_two_body,EarthMJ2000Eq,19260.0,2026-05-10T02:29:00Z,-3.2301262336494604e-05,-0.003550892864376523,-1.0708189820651381e-08,0.0037357924881451523,-3.858990071129544e-08,-6.092566707151558e-11
gmat_two_body,numerical_two_body,EarthMJ2000Eq,19320.0,2026-05-10T02:30:00Z,5.837962055755275e-08,-5.495508400831412e-07,-1.0606824906476865e-08,5.828863783155239e-07,-3.729381234054963e-08,5.226505311919197e-10
gmat_two_body,numerical_two_body,EarthMJ2000Eq,19380.0,2026-05-10T02:31:00Z,-2.852406573005428e-05,-0.003547088407054776,-1.0857302994058054e-08,0.0037277782932595475,-3.70117060366973e-08,-4.090800005889919e-12
gmat_two_body,numerical_two_body,EarthMJ2000Eq,19440.0,2026-05-10T02:32:00Z,-2.6468413106539656e-05,-0.0035453721819116587,-1.0568509424891591e-08,0.0037241635997566948,-3.729091778155655e-08,2.360594215912854e-09
gmat_two_body,numerical_two_body,EarthMJ2000Eq,19500.0,2026-05-10T02:33:00Z,6.186835695707349e-08,-5.671239185888775e-07,-1.094839716896849e-08,5.996559473278194e-07,-4.090087620615768e-08,5.407658613994782e-10
gmat_two_body,numerical_two_body,EarthMJ2000Eq,19560.0,2026-05-10T02:34:00Z,-2.205495901239755e-05,-0.0035423448521068133,-1.2132522108107113e-08,0.003717796215327895,-3.8123120545615064e-08,3.308702706858455e-09
gmat_two_body,numerical_two_body,EarthMJ2000Eq,19620.0,2026-05-10T02:35:00Z,6.262970350633514e-08,-5.799306121618328e-07,-1.1276641744383225e-08,6.123273953580191e-07,-3.8822762950337476e-08,4.313648981024502e-09
gmat_two_body,numerical_two_body,EarthMJ2000Eq,19680.0,2026-05-10T02:36:00Z,-1.7310795705272995e-05,-0.0035398954016612324,-1.1438851553336994e-08,0.0037126415055515876,-3.790289653926547e-08,5.550478485014897e-09
gmat_two_body,numerical_two_body,EarthMJ2000Eq,19740.0,2026-05-10T02:37:00Z,-1.4834145974557604e-05,-0.0035388981296290666,-9.401964834592782e-09,0.0037105414396973128,-4.117819076411063e-08,4.070311966137492e-09
gmat_two_body,numerical_two_body,EarthMJ2000Eq,19800.0,2026-05-10T02:38:00Z,6.521142106482381e-08,-5.98526105614631e-07,-1.0802963867161912e-08,6.304720866742106e-07,-3.90018684131675e-08,4.875067167465715e-09
gmat_two_body,numerical_two_body,EarthMJ2000Eq,19860.0,2026-05-10T02:39:00Z,-9.722775923217861e-06,-0.003537373502542726,-1.0088334652301288e-08,0.0037073330286121163,-3.823617917328882e-08,9.196009804632905e-09
gmat_two_body,numerical_two_body,EarthMJ2000Eq,19920.0,2026-05-10T02:40:00Z,-7.1080658006167435e-06,-0.0035368535821541204,-8.115038874473952e-09,0.0037062349149159747,-4.059101431892868e-08,8.488393795759263e-09
gmat_two_body,numerical_two_body,EarthMJ2000Eq,19980.0,2026-05-10T02:41:00Z,6.579490502529422e-08,-6.198330927912503e-07,-6.836108876999066e-09,6.532185693070023e-07,-4.267078322404574e-08,9.126181300488081e-09
gmat_two_body,numerical_two_body,EarthMJ2000Eq,20040.0,2026-05-10T02:42:00Z,-1.8027910129079244e-06,-0.0035363045641821278,-7.153836056042611e-09,0.003705067932594103,-4.110448876876951e-08,8.972354474948416e-09
gmat_two_body,numerical_two_body,EarthMJ2000Eq,20100.0,2026-05-10T02:43:00Z,6.896038817885702e-08,-6.325078483484582e-07,-6.931183773268819e-09,6.659824929671289e-07,-4.264669164163828e-08,1.0779883930316522e-08
gmat_two_body,numerical_two_body,EarthMJ2000Eq,20160.0,2026-05-10T02:44:00Z,3.526364121076767e-06,-0.0035364164477460786,-6.15734736142939e-09,0.003705288821304986,-4.3922626390696576e-08,1.0410637565121205e-08
gmat_two_body,numerical_two_body,EarthMJ2000Eq,20220.0,2026-05-10T02:45:00Z,6.176637622948789e-06,-0.003536720209061484,-4.190265689835962e-09,0.003705917234477384,-4.530313749871643e-08,1.1458153337245819e-08
gmat_two_body,numerical_two_body,EarthMJ2000Eq,20280.0,2026-05-10T02:46:00Z,6.835521631995129e-08,-6.522239877873048e-07,-2.662357950363061e-09,6.849949361680492e-07,-4.459224817051779e-08,1.3411433181677246e-08
gmat_two_body,numerical_two_body,EarthMJ2000Eq,20340.0,2026-05-10T02:47:00Z,1.140306423273835e-05,-0.0035378199906740643,-4.115646170093422e-09,0.0037082045198811985,-4.39540899301734e-08,1.2982683547637478e-08
gmat_two_body,numerical_two_body,EarthMJ2000Eq,20400.0,2026-05-10T02:48:00Z,1.3953086672243477e-05,-0.003538610284322719,-2.4668929229145495e-09,0.0037098545288597796,-4.527999797829786e-08,1.2660358035660064e-08
gmat_two_body,numerical_two_body,EarthMJ2000Eq,20460.0,2026-05-10T02:49:00Z,1.6454200233360812e-05,-0.003539559374270971,-2.913565357095941e-09,0.0037118339984772053,-4.269537867004202e-08,1.2675175726567444e-08
gmat_two_body,numerical_two_body,EarthMJ2000Eq,20520.0,2026-05-10T02:50:00Z,1.8888721492347826e-05,-0.003540660685915301,-4.409999680360442e-10,0.00371414136255016,-4.4070591484302996e-08,1.366518697600686e-08
gmat_two_body,numerical_two_body,EarthMJ2000Eq,20580.0,2026-05-10T02:51:00Z,6.783040253061103e-08,-6.87627424689784e-07,-2.0165059769425949e-10,7.150448735308702e-07,-4.225101339669522e-08,1.2600906959051037e-08
gmat_two_body,numerical_two_body,EarthMJ2000Eq,20640.0,2026-05-10T02:52:00Z,2.354035120868283e-05,-0.0035433128797251723,1.0863460550148942e-09,0.003719691010731592,-3.9492409142024405e-08,1.0029243340799522e-08
gmat_two_body,numerical_two_body,EarthMJ2000Eq,20700.0,2026-05-10T02:53:00Z,2.5734957783320256e-05,-0.0035448526552624045,1.1147574480075171e-09,0.003722917779833624,-3.9984385400738497e-08,8.611152411454192e-09
gmat_two_body,numerical_two_body,EarthMJ2000Eq,20760.0,2026-05-10T02:54:00Z,6.963086078445445e-08,-7.069880772716725e-07,2.7521352061635635e-09,7.379651977623583e-07,-3.860650628629298e-08,1.042186816652003e-08
gmat_two_body,numerical_two_body,EarthMJ2000Eq,20820.0,2026-05-10T02:55:00Z,2.982895531639128e-05,-0.0035483335348943383,2.398033676987834e-09,0.0037302159838233295,-3.77655814460901e-08,9.466453383248606e-09
gmat_two_body,numerical_two_body,EarthMJ2000Eq,20880.0,2026-05-10T02:56:00Z,3.1710397245634654e-05,-0.0035502623929275982,2.863056767416332e-09,0.0037342658822402362,-4.070281068335994e-08,8.469537797417473e-09
gmat_two_body,numerical_two_body,EarthMJ2000Eq,20940.0,2026-05-10T02:57:00Z,3.346228747506909e-05,-0.003552304232229076,5.1699349827174194e-09,0.003738559648265187,-3.859659612985932e-08,8.513335133048768e-09
gmat_two_body,numerical_two_body,EarthMJ2000Eq,21000.0,2026-05-10T02:58:00Z,3.5088494099373876e-05,-0.003554456604603982,4.655791037767897e-09,0.003743082451816066,-3.968182193783587e-08,1.1039894730372665e-08
gmat_two_body,numerical_two_body,EarthMJ2000Eq,21060.0,2026-05-10T02:59:00Z,7.22973576141392e-08,-7.419083968737036e-07,5.723401907349251e-09,7.754883074917742e-07,-3.907015149268825e-08,7.3307940426221934e-09
gmat_two_body,numerical_two_body,EarthMJ2000Eq,21120.0,2026-05-10T03:00:00Z,3.792618683147179e-05,-0.0035590535720843434,6.018553173520088e-09,0.0037527625266072107,-3.903168081534289e-08,6.151219015754416e-09
gmat_two_body,numerical_two_body,EarthMJ2000Eq,21180.0,2026-05-10T03:01:00Z,3.9128373926711516e-05,-0.003561482855808016,6.860510108760718e-09,0.0037578766973893917,-3.9950167503160474e-08,6.351048450348681e-09
gmat_two_body,numerical_two_body,EarthMJ2000Eq,21240.0,2026-05-10T03:02:00Z,7.037070656628321e-08,-7.612917809929707e-07,7.461195571304895e-09,7.969647240287271e-07,-4.00630079113547e-08,6.000223293497672e-09
gmat_two_body,numerical_two_body,EarthMJ2000Eq,21300.0,2026-05-10T03:03:00Z,4.106409110466785e-05,-0.0035665522974159566,9.12726198323515e-09,0.0037685689951067135,-4.023580863113314e-08,3.933905955880744e-09
gmat_two_body,numerical_two_body,EarthMJ2000Eq,21360.0,2026-05-10T03:04:00Z,4.1790571111789145e-05,-0.0035691752529453205,1.0295951342695087e-08,0.003774105109038983,-4.204400070444565e-08,2.5078025157212987e-09
gmat_two_body,numerical_two_body,EarthMJ2000Eq,21420.0,2026-05-10T03:05:00Z,4.234977068750479e-05,-0.00357184206039835,9.431466306472478e-09,0.003779739327776742,-4.006666104558055e-08,2.4833541459202288e-09
gmat_two_body,numerical_two_body,EarthMJ2000Eq,21480.0,2026-05-10T03:06:00Z,4.2741975394110176e-05,-0.003574544152761989,1.1180086880278956e-08,0.0037854522724921624,-3.9627342054180977e-08,1.2092975756080948e-09
gmat_two_body,numerical_two_body,EarthMJ2000Eq,21540.0,2026-05-10T03:07:00Z,7.160731606677594e-08,-7.966444207476228e-07,1.1887966463412401e-08,8.328572719880381e-07,-4.120796814631188e-08,1.4222623099757534e-09
gmat_two_body,numerical_two_body,EarthMJ2000Eq,21600.0,2026-05-10T03:08:00Z,4.3007757520383935e-05,-0.003580005391830983,1.22801620881953e-08,0.003797011618889256,-3.589281825627816e-08,1.205506983227943e-09
gmat_two_body,numerical_two_body,EarthMJ2000Eq,21660.0,2026-05-10T03:09:00Z,4.288084291940345e-05,-0.003582742743012515,9.957156418200413e-09,0.003802818534601466,-3.6881715057246554e-08,-2.7849764211118004e-10
gmat_two_body,numerical_two_body,EarthMJ2000Eq,21720.0,2026-05-10T03:10:00Z,6.909695867300049e-08,-8.160621601634582e-07,1.0808359520421227e-08,8.565265360996188e-07,-3.5268137992941224e-08,-1.6530191533295346e-09
gmat_two_body,numerical_two_body,EarthMJ2000Eq,21780.0,2026-05-10T03:11:00Z,4.210719116088006e-05,-0.0035881807313774363,1.0007790709157581e-08,0.0038143562286228824,-3.467052705515547e-08,-3.3805864995527843e-09
gmat_two_body,numerical_two_body,EarthMJ2000Eq,21840.0,2026-05-10T03:12:00Z,6.583575169758373e-08,-8.280746798555433e-07,1.1025009611877087e-08,8.696849528002806e-07,-3.423608838170302e-08,-4.53102849495357e-09
gmat_two_body,numerical_two_body,EarthMJ2000Eq,21900.0,2026-05-10T03:13:00Z,4.063684517429398e-05,-0.003593489877439352,1.0132298996608983e-08,0.00382563918234486,-3.275672213690786e-08,-4.195540213225687e-09
gmat_two_body,numerical_two_body,EarthMJ2000Eq,21960.0,2026-05-10T03:14:00Z,3.9650404037253776e-05,-0.0035960695757608248,1.1131427323606776e-08,0.0038311237065501596,-3.1638358333013766e-08,-6.670169927854208e-09
gmat_two_body,numerical_two_body,EarthMJ2000Eq,22020.0,2026-05-10T03:15:00Z,6.472831518545518e-08,-8.476966993078166e-07,9.208491428649448e-09,8.912501365206837e-07,-3.201052654729207e-08,-5.214554362739106e-09
gmat_two_body,numerical_two_body,EarthMJ2000Eq,22080.0,2026-05-10T03:16:00Z,3.7186543408025486e-05,-0.003601022336693944,9.268956865297149e-09,0.0038416734498858624,-3.045490931961105e-08,-6.721473206346325e-09
gmat_two_body,numerical_two_body,EarthMJ2000Eq,22140.0,2026-05-10T03:17:00Z,3.5716966247480805e-05,-0.0036033735856417707,1.0761064122570399e-08,0.003846688647027354,-3.0521697947661024e-08,-5.7240739325973624e-09
gmat_two_body,numerical_two_body,EarthMJ2000Eq,22200.0,2026-05-10T03:18:00Z,6.079357276925723e-08,-8.662946847317259e-07,1.0206048616651104e-08,9.109394332277667e-07,-3.101786960136216e-08,-7.967687725860085e-09
gmat_two_body,numerical_two_body,EarthMJ2000Eq,22260.0,2026-05-10T03:19:00Z,3.233817993368886e-05,-0.003607778347321127,8.725203971878472e-09,0.0038560824692311724,-3.019887816065527e-08,-7.919174347315883e-09
gmat_two_body,numerical_two_body,EarthMJ2000Eq,22320.0,2026-05-10T03:20:00Z,5.9555381517220855e-08,-8.773063961968134e-07,6.409165195998336e-09,9.240439427387247e-07,-2.5840002233254665e-08,-8.118095377240242e-09
gmat_two_body,numerical_two_body,EarthMJ2000Eq,22380.0,2026-05-10T03:21:00Z,2.841076974099682e-05,-0.003611717533646928,6.635551532620213e-09,0.003864500192548682,-2.771881662934209e-08,-6.861829474486986e-09
gmat_two_body,numerical_two_body,EarthMJ2000Eq,22440.0,2026-05-10T03:22:00Z,2.626192878617684e-05,-0.0036134920569726044,4.268789144939486e-09,0.00386829215860716,-2.8596364581964346e-08,-8.379424734661706e-09
gmat_two_body,numerical_two_body,EarthMJ2000Eq,22500.0,2026-05-10T03:23:00Z,5.548998318198517e-08,-8.954740595119924e-07,3.77001320773088e-09,9.445314327311796e-07,-2.708686006796598e-08,-7.747702175498821e-09
gmat_two_body,numerical_two_body,EarthMJ2000Eq,22560.0,2026-05-10T03:24:00Z,2.1633041870576052e-05,-0.0036166079241102492,2.99370313703589e-09,0.003874956224567227,-2.7218677332794732e-08,-8.130105723222212e-09
gmat_two_body,numerical_two_body,EarthMJ2000Eq,22620.0,2026-05-10T03:25:00Z,1.9177588211568052e-05,-0.003617933823846808,5.533484873482513e-09,0.00387779910349507,-2.7045326029948206e-08,-6.471403626315046e-09
gmat_two_body,numerical_two_body,EarthMJ2000Eq,22680.0,2026-05-10T03:26:00Z,5.4458321890344683e-08,-9.08224464497921e-07,5.554167996476752e-09,9.635437211433631e-07,-2.827830163825744e-08,-6.439803449844599e-09
gmat_two_body,numerical_two_body,EarthMJ2000Eq,22740.0,2026-05-10T03:27:00Z,1.4026516991371745e-05,-0.0036201002533090085,4.156854691224918e-09,0.0038824344274853086,-2.4453573878233235e-08,-8.513114738736167e-09
gmat_two_body,numerical_two_body,EarthMJ2000Eq,22800.0,2026-05-10T03:28:00Z,5.150244271614827e-08,-9.181060227313154e-07,5.017045365932521e-09,9.787062473140044e-07,-2.5353599174909195e-08,-8.123497673223605e-09
gmat_two_body,numerical_two_body,EarthMJ2000Eq,22860.0,2026-05-10T03:29:00Z,8.63467248632767e-06,-0.0036215801113972973,3.862520325384814e-09,0.0038856014258760083,-2.362690623077694e-08,-7.785977436564709e-09
gmat_two_body,numerical_two_body,EarthMJ2000Eq,22920.0,2026-05-10T03:30:00Z,5.877678295754939e-06,-0.003622053461073275,4.3768504500819665e-09,0.0038866151123609378,-2.5341068261546195e-08,-8.513052938004651e-09
gmat_two_body,numerical_two_body,EarthMJ2000Eq,22980.0,2026-05-10T03:31:00Z,5.2185649214277226e-08,-9.319564198305263e-07,3.6055271240515113e-09,9.984689891166814e-07,-2.146868052893383e-08,-8.983304340183014e-09
gmat_two_body,numerical_two_body,EarthMJ2000Eq,23040.0,2026-05-10T03:32:00Z,2.9747161531878017e-07,-0.0036224596837461827,1.925298286776565e-09,0.0038874795956665605,-2.225166839668057e-08,-8.533708269245703e-09
gmat_two_body,numerical_two_body,EarthMJ2000Eq,23100.0,2026-05-10T03:33:00Z,-2.5003182755392533e-06,-0.0036223892466050104,2.82999233318269e-09,0.0038873245317858325,-2.0534002396162906e-08,-9.307148494302739e-09
gmat_two_body,numerical_two_body,EarthMJ2000Eq,23160.0,2026-05-10T03:34:00Z,-5.2870738763640965e-06,-0.003622136898379108,1.905068791809044e-10,0.003886778409846633,-2.110856590533787e-08,-9.789171979466417e-09
gmat_two_body,numerical_two_body,EarthMJ2000Eq,23220.0,2026-05-10T03:35:00Z,-8.049770354226407e-06,-0.0036217043842878874,1.6374379470652888e-09,0.0038858447570218496,-2.0642069604365677e-08,-7.720837303814377e-09
gmat_two_body,numerical_two_body,EarthMJ2000Eq,23280.0,2026-05-10T03:36:00Z,4.704402338030073e-08,-9.566728369463846e-07,1.4163733205104896e-09,1.025040802866232e-06,-2.1258628085358838e-08,-8.936080101729769e-09
gmat_two_body,numerical_two_body,EarthMJ2000Eq,23340.0,2026-05-10T03:37:00Z,-1.3456695988261018e-05,-0.003620304564055783,9.914524707016985e-10,0.0038828311488254157,-2.324551909331223e-08,-6.3332376298660285e-09
gmat_two_body,numerical_two_body,EarthMJ2000Eq,23400.0,2026-05-10T03:38:00Z,-1.6080785045702204e-05,-0.0036193430354604966,-1.1769179772813107e-09,0.0038807689133612444,-2.236199758134677e-08,-6.759266022918448e-09
gmat_two_body,numerical_two_body,EarthMJ2000Eq,23460.0,2026-05-10T03:39:00Z,4.622144643606961e-08,-9.668342868799248e-07,-1.8542892952353263e-09,1.0405239393303894e-06,-2.3318934936766884e-08,-7.005988882935537e-09
gmat_two_body,numerical_two_body,EarthMJ2000Eq,23520.0,2026-05-10T03:40:00Z,-2.110475133997963e-05,-0.0036169252745074745,-1.9439061475427208e-09,0.00387557741502107,-2.3469868083126247e-08,-6.657299517845337e-09
gmat_two_body,numerical_two_body,EarthMJ2000Eq,23580.0,2026-05-10T03:41:00Z,-2.3487993606798923e-05,-0.0036154777249339473,-3.092062938140895e-09,0.003872473021646517,-2.2344108266929906e-08,-6.367745263958436e-09
gmat_two_body,numerical_two_body,EarthMJ2000Eq,23640.0,2026-05-10T03:42:00Z,-2.5768203183229445e-05,-0.0036138818545900023,-2.484482937434033e-09,0.0038690503076139675,-2.6052572237881313e-08,-8.44960945324481e-09
gmat_two_body,numerical_two_body,EarthMJ2000Eq,23700.0,2026-05-10T03:43:00Z,-2.793641329978395e-05,-0.0036121423682116557,-2.6664075174335806e-09,0.003865321697469303,-2.577759627866078e-08,-7.587242067082662e-09
gmat_two_body,numerical_two_body,EarthMJ2000Eq,23760.0,2026-05-10T03:44:00Z,4.312386003900413e-08,-9.900733637040558e-07,-2.610604994212797e-09,1.066582489427598e-06,-2.627430953663129e-08,-6.223039036724176e-09
gmat_two_body,numerical_two_body,EarthMJ2000Eq,23820.0,2026-05-10T03:45:00Z,-3.1907102324128904e-05,-0.0036082663930539706,-4.184346198178251e-09,0.0038570218919274373,-2.5895432579129912e-08,-4.5679247208777e-09
gmat_two_body,numerical_two_body,EarthMJ2000Eq,23880.0,2026-05-10T03:46:00Z,-3.369187229187278e-05,-0.003606147735325109,-4.8811264631018e-09,0.0038524870120723678,-2.647623107963164e-08,-6.251276105931015e-09
gmat_two_body,numerical_two_body,EarthMJ2000Eq,23940.0,2026-05-10T03:47:00Z,4.267043696782891e-08,-1.0007089911823193e-06,-4.208901744610497e-09,1.0763111342308789e-06,-2.7588747762541267e-08,-8.37003478570377e-09
gmat_two_body,numerical_two_body,EarthMJ2000Eq,24000.0,2026-05-10T03:48:00Z,-3.6827963123634954e-05,-0.0036015944622123882,-5.1634274162014625e-09,0.0038427570564543642,-2.7948756956419903e-08,-7.958439168494185e-09
gmat_two_body,numerical_two_body,EarthMJ2000Eq,24060.0,2026-05-10T03:49:00Z,-3.816560672622167e-05,-0.0035991820310797996,-7.83146078669576e-09,0.0038376055417211927,-2.555573760274095e-08,-8.16168472305048e-09
gmat_two_body,numerical_two_body,EarthMJ2000Eq,24120.0,2026-05-10T03:50:00Z,-3.934729716585342e-05,-0.0035966909184250734,-8.409534475364906e-09,0.0038322914025318783,-2.91713282453441e-08,-7.767040454759408e-09
gmat_two_body,numerical_two_body,EarthMJ2000Eq,24180.0,2026-05-10T03:51:00Z,-4.036259022295993e-05,-0.003594135197176841,-7.779873893369352e-09,0.0038268400027717006,-3.1430377698949594e-08,-8.655357673091573e-09
gmat_two_body,numerical_two_body,EarthMJ2000Eq,24240.0,2026-05-10T03:52:00Z,4.498785325272874e-08,-1.024828616822735e-06,-7.364828171935367e-09,1.1028669283992237e-06,-3.379076330842474e-08,-6.881185165774714e-09
gmat_two_body,numerical_two_body,EarthMJ2000Eq,24300.0,2026-05-10T03:53:00Z,-4.188869761001349e-05,-0.003588863651662695,-7.826646720679819e-09,0.003815612647786389,-3.290450711953562e-08,-7.213715417443856e-09
gmat_two_body,numerical_two_body,EarthMJ2000Eq,24360.0,2026-05-10T03:54:00Z,-4.239235055327345e-05,-0.0035861714459415094,-9.215424646279253e-09,0.0038098850754715303,-3.391198625244739e-08,-5.6122319425378726e-09
gmat_two_body,numerical_two_body,EarthMJ2000Eq,24420.0,2026-05-10T03:55:00Z,4.7908363358424296e-08,-1.0402483524684455e-06,-9.690954649085076e-09,1.1178688094102417e-06,-3.344732561375766e-08,-5.980322039152664e-09
gmat_two_body,numerical_two_body,EarthMJ2000Eq,24480.0,2026-05-10T03:56:00Z,-4.2879359359513e-05,-0.003580731379546031,-1.0255220032726295e-08,0.003798322310959726,-3.4037398108402565e-08,-4.695283757409884e-09
gmat_two_body,numerical_two_body,EarthMJ2000Eq,24540.0,2026-05-10T03:57:00Z,4.942378794613202e-08,-1.0512882818838788e-06,-1.2023616299460651e-08,1.1267598164663148e-06,-3.744817089490741e-08,-2.6572509551201074e-09
gmat_two_body,numerical_two_body,EarthMJ2000Eq,24600.0,2026-05-10T03:58:00Z,-4.266805214602072e-05,-0.0035752904792237857,-1.1136467740649025e-08,0.003786774282226952,-3.44676413851702e-08,-3.579203890176918e-09
gmat_two_body,numerical_two_body,EarthMJ2000Eq,24660.0,2026-05-10T03:59:00Z,-4.230743795164436e-05,-0.0035725956867235617,-9.253037278662681e-09,0.00378106558809929,-3.3621824342234555e-08,-4.421647943588445e-09
gmat_two_body,numerical_two_body,EarthMJ2000Eq,24720.0,2026-05-10T04:00:00Z,5.294579062880073e-08,-1.0654552595641231e-06,-9.633600699084101e-09,1.1445189072468075e-06,-3.2517198485020445e-08,-3.6919518781097157e-09
gmat_two_body,numerical_two_body,EarthMJ2000Eq,24780.0,2026-05-10T04:01:00Z,-4.1075642137357524e-05,-0.003567315686714942,-8.998614338414745e-09,0.003769885804370011,-3.660942128947846e-08,-2.282370021577965e-09
gmat_two_body,numerical_two_body,EarthMJ2000Eq,24840.0,2026-05-10T04:02:00Z,-4.021364938120804e-05,-0.0035647518946661867,-1.1652760234008927e-08,0.0037644584339326034,-3.827377201765539e-08,-2.0022875787545205e-09
gmat_two_body,numerical_two_body,EarthMJ2000Eq,24900.0,2026-05-10T04:03:00Z,5.7509224685069184e-08,-1.0832617584863897e-06,-9.854686141831123e-09,1.1605278228495493e-06,-3.761981184941471e-08,-1.7553739950433503e-09
gmat_two_body,numerical_two_body,EarthMJ2000Eq,24960.0,2026-05-10T04:04:00Z,-3.802374889110503e-05,-0.00355981747630182,-1.0360865848322088e-08,0.0037540378656280653,-3.93866760083166e-08,-2.4373185696697846e-09
gmat_two_body,numerical_two_body,EarthMJ2000Eq,25020.0,2026-05-10T04:05:00Z,5.967375573403296e-08,-1.0949878586891559e-06,-1.065237868551538e-08,1.172947289296432e-06,-3.946122242509e-08,-1.5433326171627593e-09
gmat_two_body,numerical_two_body,EarthMJ2000Eq,25080.0,2026-05-10T04:06:00Z,-3.5227962001735054e-05,-0.0035552143316496354,-9.237076684350823e-09,0.003744318569650433,-3.923155741921365e-08,-1.293416311927596e-10
gmat_two_body,numerical_two_body,EarthMJ2000Eq,25140.0,2026-05-10T04:07:00Z,-3.362381686555587e-05,-0.0035530547724026353,-9.882127761877303e-09,0.003739770021790462,-4.027160049925106e-08,-6.956179976932504e-10
gmat_two_body,numerical_two_body,EarthMJ2000Eq,25200.0,2026-05-10T04:08:00Z,6.790194161161509e-08,-1.1134130708758274e-06,-9.599390549363572e-09,1.1927174365187918e-06,-4.1235102894968624e-08,1.2737837464308013e-09
gmat_two_body,numerical_two_body,EarthMJ2000Eq,25260.0,2026-05-10T04:09:00Z,-3.002744763699002e-05,-0.003549070071088814,-8.472271791830012e-09,0.003731367326583184,-4.134552371733475e-08,3.3196406099832433e-09
gmat_two_body,numerical_two_body,EarthMJ2000Eq,25320.0,2026-05-10T04:10:00Z,-2.805683669389692e-05,-0.003547257547884875,-8.716029593172974e-09,0.0037275483915948163,-4.276936787898373e-08,2.982354576271117e-09
gmat_two_body,numerical_two_body,EarthMJ2000Eq,25380.0,2026-05-10T04:11:00Z,7.317823012371282e-08,-1.1343856850719768e-06,-8.773602493292684e-09,1.2130897000979142e-06,-4.534899658975066e-08,3.1557063287564436e-09
gmat_two_body,numerical_two_body,EarthMJ2000Eq,25440.0,2026-05-10T04:12:00Z,-2.379226074495888e-05,-0.0035440224484129643,-7.99093713657921e-09,0.0037207387513421,-4.664774336017712e-08,2.8953715000195725e-09
gmat_two_body,numerical_two_body,EarthMJ2000Eq,25500.0,2026-05-10T04:13:00Z,7.659374338608472e-08,-1.1496790842956506e-06,-9.038315831889486e-09,1.2286872702349794e-06,-4.7787160705971794e-08,5.276464407569401e-09
gmat_two_body,numerical_two_body,EarthMJ2000Eq,25560.0,2026-05-10T04:14:00Z,-1.916459024667023e-05,-0.0035413482552813956,-8.405716601727737e-09,0.003715107156280431,-4.597209857887832e-08,7.000608252744432e-09
gmat_two_body,numerical_two_body,EarthMJ2000Eq,25620.0,2026-05-10T04:15:00Z,-1.673547863227678e-05,-0.0035402319793385135,-8.28909407835989e-09,0.0037127601725438055,-4.85021144166987e-08,5.443158064981716e-09
gmat_two_body,numerical_two_body,EarthMJ2000Eq,25680.0,2026-05-10T04:16:00Z,8.661701109113025e-08,-1.1720113678515519e-06,-7.962804269837154e-09,1.251967827590178e-06,-5.179338482327687e-08,6.245208585853802e-09
gmat_two_body,numerical_two_body,EarthMJ2000Eq,25740.0,2026-05-10T04:17:00Z,-1.1698179669931055e-05,-0.003538467455518425,-6.964425532898194e-09,0.0037090421288581573,-5.1026275923748604e-08,6.947753120143849e-09
gmat_two_body,numerical_two_body,EarthMJ2000Eq,25800.0,2026-05-10T04:18:00Z,-9.109028458398429e-06,-0.003537824414141784,-4.875574277117271e-09,0.0037076830607434942,-5.2492342746248084e-08,7.355384815988586e-09
gmat_two_body,numerical_two_body,EarthMJ2000Eq,25860.0,2026-05-10T04:19:00Z,-6.486684051978642e-06,-0.003537342703674685,-4.896516930204183e-09,0.0037066634947196535,-5.5174695190572336e-08,4.913183848528769e-09
gmat_two_body,numerical_two_body,EarthMJ2000Eq,25920.0,2026-05-10T04:20:00Z,-3.837957929956851e-06,-0.0035370255220229657,-2.447949976973251e-09,0.003705986438303859,-5.589761741908723e-08,3.1136109924427744e-09
gmat_two_body,numerical_two_body,EarthMJ2000Eq,25980.0,2026-05-10T04:21:00Z,9.211240160343176e-08,-1.2168222020197285e-06,-3.315270901517542e-09,1.2942481109142222e-06,-5.842267934874566e-08,5.267819130304708e-09
gmat_two_body,numerical_two_body,EarthMJ2000Eq,26040.0,2026-05-10T04:22:00Z,1.4958290221132946e-06,-0.0035368862837527916,-4.8278208272700316e-09,0.003705675312371116,-5.5908039621008614e-08,5.865356815698036e-09
gmat_two_body,numerical_two_body,EarthMJ2000Eq,26100.0,2026-05-10T04:23:00Z,4.156744354210332e-06,-0.0035370640763666256,-4.002815107334351e-09,0.00370603922901038,-5.8073223495428964e-08,4.066283991946691e-09
gmat_two_body,numerical_two_body,EarthMJ2000Eq,26160.0,2026-05-10T04:24:00Z,9.735052462581779e-08,-1.244420398462585e-06,-2.4388801011504562e-09,1.3217449963798792e-06,-5.7499554675079014e-08,6.0494733029827906e-09
gmat_two_body,numerical_two_body,EarthMJ2000Eq,26220.0,2026-05-10T04:25:00Z,9.428167175657554e-06,-0.003537917658660537,-3.1825762817262618e-09,0.0037078045447961395,-5.874376088270919e-08,6.407683231936707e-09
gmat_two_body,numerical_two_body,EarthMJ2000Eq,26280.0,2026-05-10T04:26:00Z,1.2014841908955765e-05,-0.0035385865012763423,-2.4074110779499655e-09,0.0037091990205651622,-5.990579578506392e-08,5.937139622357475e-09
gmat_two_body,numerical_two_body,EarthMJ2000Eq,26340.0,2026-05-10T04:27:00Z,1.4557788715733327e-05,-0.003539418443213929,-3.5300031724497043e-09,0.0037109293160231894,-5.734784766604843e-08,5.9347609082206415e-09
gmat_two_body,numerical_two_body,EarthMJ2000Eq,26400.0,2026-05-10T04:28:00Z,1.7046840934686177e-05,-0.0035404059391025804,-3.4760886296196264e-09,0.0037129861679499544,-6.362910574484901e-08,7.4497314255153465e-09
gmat_two_body,numerical_two_body,EarthMJ2000Eq,26460.0,2026-05-10T04:29:00Z,1.0683096561257418e-07,-1.2960136847926838e-06,-2.4098798347897784e-09,1.3719912189497298e-06,-6.28981877435766e-08,7.718992289037849e-09
gmat_two_body,numerical_two_body,EarthMJ2000Eq,26520.0,2026-05-10T04:30:00Z,2.1820748918299495e-05,-0.00354283496059022,8.159674654599155e-11,0.0037180625793339734,-6.25454764539971e-08,5.10539480144807e-09
gmat_two_body,numerical_two_body,EarthMJ2000Eq,26580.0,2026-05-10T04:31:00Z,2.4087763710341415e-05,-0.003544273373699528,-3.066147019407364e-09,0.003721064463502095,-6.545416312764779e-08,8.561730695369044e-09
gmat_two_body,numerical_two_body,EarthMJ2000Eq,26640.0,2026-05-10T04:32:00Z,1.1630275633490531e-07,-1.3272203647670397e-06,2.101758521776966e-10,1.401944490150972e-06,-6.620747795006028e-08,9.922474317021116e-09
gmat_two_body,numerical_two_body,EarthMJ2000Eq,26700.0,2026-05-10T04:33:00Z,2.8342635950762802e-05,-0.00354755615640033,1.1775593914983113e-09,0.003727941180711196,-6.939383260261151e-08,9.881466348671856e-09
gmat_two_body,numerical_two_body,EarthMJ2000Eq,26760.0,2026-05-10T04:34:00Z,3.0310045089625365e-05,-0.0035493965578776323,-8.343450175441966e-10,0.0037317911311403403,-6.858036385215627e-08,1.1080527905980296e-08
gmat_two_body,numerical_two_body,EarthMJ2000Eq,26820.0,2026-05-10T04:35:00Z,3.216234991265734e-05,-0.003551354812318579,9.020283462649639e-10,0.0037359035710994915,-6.567209308678518e-08,8.050786338344182e-09
gmat_two_body,numerical_two_body,EarthMJ2000Eq,26880.0,2026-05-10T04:36:00Z,3.389033036043579e-05,-0.003553428774528623,1.3694869395375808e-09,0.0037402533224107715,-6.532688444879113e-08,9.665633563107994e-09
gmat_two_body,numerical_two_body,EarthMJ2000Eq,26940.0,2026-05-10T04:37:00Z,1.1908367958615892e-07,-1.3855535410323417e-06,9.360139520827568e-10,1.4584192744226662e-06,-6.477820242785322e-08,1.1585845303017643e-08
gmat_two_body,numerical_two_body,EarthMJ2000Eq,27000.0,2026-05-10T04:38:00Z,3.6946409392975346e-05,-0.0035578888847065076,2.6285929836298666e-09,0.003749622580510193,-6.55385747581532e-08,9.7468635953041e-09
gmat_two_body,numerical_two_body,EarthMJ2000Eq,27060.0,2026-05-10T04:39:00Z,3.826410619589166e-05,-0.003560257687843274,4.473220003917071e-09,0.0037546085778315343,-6.791983231500037e-08,8.48492629350893e-09
gmat_two_body,numerical_two_body,EarthMJ2000Eq,27120.0,2026-05-10T04:40:00Z,1.2173222978397103e-07,-1.4198629813040793e-06,2.711056472057369e-09,1.4981036621863052e-06,-6.669297607212371e-08,9.088650271715848e-09
gmat_two_body,numerical_two_body,EarthMJ2000Eq,27180.0,2026-05-10T04:41:00Z,4.0441465628018105e-05,-0.003565231448785309,3.39970900929401e-09,0.003765083432529595,-6.47303681641072e-08,8.393691433221836e-09
gmat_two_body,numerical_two_body,EarthMJ2000Eq,27240.0,2026-05-10T04:42:00Z,1.240955896145965e-07,-1.4430730800619456e-06,6.190423051957798e-09,1.5239975209173986e-06,-6.623256495103852e-08,8.746526436283368e-09
gmat_two_body,numerical_two_body,EarthMJ2000Eq,27300.0,2026-05-10T04:43:00Z,4.198503621135549e-05,-0.003570456011178723,6.285248353483054e-09,0.0037760991832007464,-6.482755937620941e-08,7.365350136899542e-09
gmat_two_body,numerical_two_body,EarthMJ2000Eq,27360.0,2026-05-10T04:44:00Z,4.2507820870154414e-05,-0.0035731360408399237,7.329165503471873e-09,0.0037817562792750174,-6.469043071884246e-08,7.375057796219566e-09
gmat_two_body,numerical_two_body,EarthMJ2000Eq,27420.0,2026-05-10T04:45:00Z,1.2495600028541286e-07,-1.4788211554296781e-06,7.504110830655114e-09,1.5595314608002262e-06,-6.333173687959797e-08,7.130789659990461e-09
gmat_two_body,numerical_two_body,EarthMJ2000Eq,27480.0,2026-05-10T04:46:00Z,4.304350097242885e-05,-0.0035785811657136433,8.421495463611985e-09,0.0037932694949812515,-6.562820979860964e-08,5.891740398530412e-09
gmat_two_body,numerical_two_body,EarthMJ2000Eq,27540.0,2026-05-10T04:47:00Z,4.304949689457101e-05,-0.0035813240970496243,8.047889372068686e-09,0.003799075673510367,-6.544217053643911e-08,4.564237994775332e-09
gmat_two_body,numerical_two_body,EarthMJ2000Eq,27600.0,2026-05-10T04:48:00Z,1.2276304801140926e-07,-1.5132279815801722e-06,7.766814992122494e-09,1.5975798307314852e-06,-6.23366375624175e-08,3.662399727168509e-09
gmat_two_body,numerical_two_body,EarthMJ2000Eq,27660.0,2026-05-10T04:49:00Z,4.254192231077188e-05,-0.0035867961155911167,6.336230437227156e-09,0.003810670345781505,-5.980604103570846e-08,2.924716663655261e-09
gmat_two_body,numerical_two_body,EarthMJ2000Eq,27720.0,2026-05-10T04:50:00Z,1.2377464922420293e-07,-1.5355681084308955e-06,5.766513151289156e-09,1.6252359399881911e-06,-6.011241022045267e-08,1.5195718849226664e-09
gmat_two_body,numerical_two_body,EarthMJ2000Eq,27780.0,2026-05-10T04:51:00Z,4.134164148476198e-05,-0.003592174982312882,6.172961931215002e-09,0.0038220860503203353,-5.952732755808383e-08,4.41097722538498e-10
gmat_two_body,numerical_two_body,EarthMJ2000Eq,27840.0,2026-05-10T04:52:00Z,4.0486437237862424e-05,-0.003594802727040894,5.821745436049609e-09,0.003827669218876388,-5.9040812533272394e-08,1.6600401219321555e-10
gmat_two_body,numerical_two_body,EarthMJ2000Eq,27900.0,2026-05-10T04:53:00Z,1.2292495511401007e-07,-1.5696024816151977e-06,7.610424522619722e-09,1.6655448449728415e-06,-5.911527465243665e-08,-2.9189476076611413e-10
gmat_two_body,numerical_two_body,EarthMJ2000Eq,27960.0,2026-05-10T04:54:00Z,3.8273641427127413e-05,-0.0035998770736594987,7.775326160108305e-09,0.0038384600372184147,-5.665733098848992e-08,-5.371712440611204e-10
gmat_two_body,numerical_two_body,EarthMJ2000Eq,28020.0,2026-05-10T04:55:00Z,3.692440306894464e-05,-0.003602301636925164,8.157856900506766e-09,0.0038436218925558393,-5.917346637130101e-08,-1.124182383608307e-09
gmat_two_body,numerical_two_body,EarthMJ2000Eq,28080.0,2026-05-10T04:56:00Z,1.2148844596855513e-07,-1.6042178520759814e-06,8.162614719101683e-09,1.7072575345921923e-06,-5.7798779365971496e-08,-1.5977528209161372e-09
gmat_two_body,numerical_two_body,EarthMJ2000Eq,28140.0,2026-05-10T04:57:00Z,3.377214728687002e-05,-0.0036068731166787123,7.500119702373738e-09,0.00385336891634268,-5.711301317727641e-08,-1.1289090433481259e-09
gmat_two_body,numerical_two_body,EarthMJ2000Eq,28200.0,2026-05-10T04:58:00Z,1.20837560487849e-07,-1.6273034336017546e-06,5.2040733232415145e-09,1.7348103573028976e-06,-5.715840223976813e-08,-2.2920398727577403e-09
gmat_two_body,numerical_two_body,EarthMJ2000Eq,28260.0,2026-05-10T04:59:00Z,3.004736135889738e-05,-0.0036110150908197193,4.6706351870422674e-09,0.0038621936964330587,-5.599947222430121e-08,-3.627535301874805e-09
gmat_two_body,numerical_two_body,EarthMJ2000Eq,28320.0,2026-05-10T05:00:00Z,2.7993900317353057e-05,-0.003612897155190111,5.02950906048001e-09,0.0038662146842744563,-5.771454155949908e-08,-2.4559604440382086e-09
gmat_two_body,numerical_two_body,EarthMJ2000Eq,28380.0,2026-05-10T05:01:00Z,1.1668700538916324e-07,-1.6622174952447218e-06,5.345306164093148e-09,1.7746515992539146e-06,-5.983001771414614e-08,-2.8520551122985e-09
gmat_two_body,numerical_two_body,EarthMJ2000Eq,28440.0,2026-05-10T05:02:00Z,2.3530905785674462e-05,-0.0036162517688013113,3.26810012331396e-09,0.0038733737116312225,-6.001727950789727e-08,-2.235700750738845e-09
gmat_two_body,numerical_two_body,EarthMJ2000Eq,28500.0,2026-05-10T05:03:00Z,2.1145023978788022e-05,-0.0036177047949018915,3.296523747885858e-09,0.003876477881413099,-5.958388329150079e-08,-4.233204130863342e-09
gmat_two_body,numerical_two_body,EarthMJ2000Eq,28560.0,2026-05-10T05:04:00Z,1.866971077925819e-05,-0.003619004001746958,1.8077615758894608e-09,0.003879248751342339,-6.04595242094129e-08,-3.6413984434158985e-09
gmat_two_body,numerical_two_body,EarthMJ2000Eq,28620.0,2026-05-10T05:05:00Z,1.610903661613505e-05,-0.0036201391917677784,9.347580000435663e-10,0.003881672114967275,-6.237566717475499e-08,-2.118067683272942e-09
gmat_two_body,numerical_two_body,EarthMJ2000Eq,28680.0,2026-05-10T05:06:00Z,1.1090394402159903e-07,-1.7179683879505936e-06,5.696189504597888e-10,1.8388539366840935e-06,-5.99282135153474e-08,-3.40151171976212e-09
gmat_two_body,numerical_two_body,EarthMJ2000Eq,28740.0,2026-05-10T05:07:00Z,1.0799632530699287e-05,-0.0036218994949774362,1.8349539859799981e-09,0.003885426691772878,-5.8275526144943854e-08,-1.8935329915277286e-09
gmat_two_body,numerical_two_body,EarthMJ2000Eq,28800.0,2026-05-10T05:08:00Z,8.066221368876015e-06,-0.003622517393716021,1.8982857265564433e-09,0.0038867426490618103,-5.952120055322148e-08,-4.908777137493597e-09
gmat_two_body,numerical_two_body,EarthMJ2000Eq,28860.0,2026-05-10T05:09:00Z,1.0502894388095688e-07,-1.7487357729118278e-06,9.320194047873203e-10,1.8732661251655754e-06,-5.863270191755033e-08,-3.921269593414105e-09
gmat_two_body,numerical_two_body,EarthMJ2000Eq,28920.0,2026-05-10T05:10:00Z,2.5125962385733223e-06,-0.003623214898716855,1.5447949360692113e-09,0.0038882154246569567,-5.748774643418907e-08,-3.395151305113487e-09
gmat_two_body,numerical_two_body,EarthMJ2000Eq,28980.0,2026-05-10T05:11:00Z,-2.8607192520117055e-07,-0.0036232909728218356,1.210882397785696e-10,0.00388836862553267,-5.789694068744581e-08,-4.7492401589869415e-09
gmat_two_body,numerical_two_body,EarthMJ2000Eq,29040.0,2026-05-10T05:12:00Z,-3.084044196572581e-06,-0.0036231852333087154,-1.277540447545679e-10,0.003888128072031624,-6.001092551971176e-08,-2.4197679978888266e-09
gmat_two_body,numerical_two_body,EarthMJ2000Eq,29100.0,2026-05-10T05:13:00Z,-5.868112115403229e-06,-0.0036228949971169543,-3.820071960835566e-10,0.0038874997135950914,-5.949848878935267e-08,-3.4780578793828244e-09
gmat_two_body,numerical_two_body,EarthMJ2000Eq,29160.0,2026-05-10T05:14:00Z,9.576641238165612e-08,-1.7977872123800556e-06,-1.467247334070658e-10,1.9272907396281826e-06,-5.890032689364257e-08,-5.329725904095062e-09
gmat_two_body,numerical_two_body,EarthMJ2000Eq,29220.0,2026-05-10T05:15:00Z,-1.1342937302555623e-05,-0.0036217800819626314,-7.583527595731614e-10,0.0038850864227135597,-5.815845556567116e-08,-4.9880985562019576e-09
gmat_two_body,numerical_two_body,EarthMJ2000Eq,29280.0,2026-05-10T05:16:00Z,-1.4010897224388533e-05,-0.00362095906537263,-6.446966875704973e-10,0.003883310587883792,-6.053583968427753e-08,-4.4867228999348795e-09
gmat_two_body,numerical_two_body,EarthMJ2000Eq,29340.0,2026-05-10T05:17:00Z,9.194773603024799e-08,-1.8275295876764413e-06,-1.031811539976874e-09,1.955174889146191e-06,-6.112855795082543e-08,-3.440434570136982e-09
gmat_two_body,numerical_two_body,EarthMJ2000Eq,29400.0,2026-05-10T05:18:00Z,-1.915501739613269e-05,-0.0036188050986192817,-1.82317254563609e-09,0.00387867108483766,-6.154905512595923e-08,-6.768848056121646e-09
gmat_two_body,numerical_two_body,EarthMJ2000Eq,29460.0,2026-05-10T05:19:00Z,-2.1611697789842404e-05,-0.003617484296045159,-1.4615974219785106e-09,0.0038758289022912296,-6.221489653385797e-08,-5.883385181883594e-09
gmat_two_body,numerical_two_body,EarthMJ2000Eq,29520.0,2026-05-10T05:20:00Z,-2.396929317774527e-05,-0.003616007292417806,-2.4507690476761055e-09,0.0038726522159753707,-6.371559657577957e-08,-2.8744475029583314e-09
gmat_two_body,numerical_two_body,EarthMJ2000Eq,29580.0,2026-05-10T05:21:00Z,-2.6225339385576622e-05,-0.0036143832554174633,-1.8795949317356304e-09,0.0038691620549128904,-6.273178477654651e-08,-4.363334177986621e-09
gmat_two_body,numerical_two_body,EarthMJ2000Eq,29640.0,2026-05-10T05:22:00Z,8.36886612769227e-08,-1.8730585544992468e-06,-3.741419016951415e-09,1.9994842928927895e-06,-6.311375706388011e-08,-3.198216844466708e-09
gmat_two_body,numerical_two_body,EarthMJ2000Eq,29700.0,2026-05-10T05:23:00Z,-3.0395578611132107e-05,-0.003610716854548397,-2.1546934487000666e-09,0.0038612959070382473,-6.323988474050526e-08,-3.6353720163748064e-09
gmat_two_body,numerical_two_body,EarthMJ2000Eq,29760.0,2026-05-10T05:24:00Z,-3.2289992739054463e-05,-0.0036086924095665163,-2.6112052124143418e-09,0.003856956888162936,-6.080113680025544e-08,-1.9757288132338742e-09
gmat_two_body,numerical_two_body,EarthMJ2000Eq,29820.0,2026-05-10T05:25:00Z,7.825605158710139e-08,-1.898690775275593e-06,-4.286880755045242e-09,2.0215822651668322e-06,-6.255300579551796e-08,-1.9633432269023555e-09
gmat_two_body,numerical_two_body,EarthMJ2000Eq,29880.0,2026-05-10T05:26:00Z,-3.565455953991272e-05,-0.0036043056211908417,-4.015648563445782e-09,0.0038475665468001535,-6.007603679368148e-08,-5.901276758878539e-10
gmat_two_body,numerical_two_body,EarthMJ2000Eq,29940.0,2026-05-10T05:27:00Z,7.48453433226872e-08,-1.916609387196079e-06,-4.160540453667352e-09,2.034921671400453e-06,-5.795424730618299e-08,-1.800080015745046e-09
gmat_two_body,numerical_two_body,EarthMJ2000Eq,30000.0,2026-05-10T05:28:00Z,-3.842211969218718e-05,-0.003599536190905344,-2.7539266516429296e-09,0.0038373674864448405,-5.91815667092021e-08,-2.0844229777086536e-09
gmat_two_body,numerical_two_body,EarthMJ2000Eq,30060.0,2026-05-10T05:29:00Z,-3.956717316815154e-05,-0.0035970336964355866,-2.632611148054172e-09,0.003832020948646596,-5.7220722911312455e-08,-1.0247729681999162e-09
gmat_two_body,numerical_two_body,EarthMJ2000Eq,30120.0,2026-05-10T05:30:00Z,7.086376120728438e-08,-1.939709389256329e-06,-4.769567289076452e-09,2.0531199056672383e-06,-5.710630897153128e-08,-3.3576266710666386e-09
gmat_two_body,numerical_two_body,EarthMJ2000Eq,30180.0,2026-05-10T05:31:00Z,-4.1354359404681395e-05,-0.0035918440932342205,-4.751919077522268e-09,0.0038209510447219375,-5.7868784650741384e-08,-2.581536457294666e-09
gmat_two_body,numerical_two_body,EarthMJ2000Eq,30240.0,2026-05-10T05:32:00Z,-4.19949887657341e-05,-0.003589179363814785,-5.73453147044698e-09,0.0038152745696744244,-5.7787303914163684e-08,-2.1198740186696795e-09
gmat_two_body,numerical_two_body,EarthMJ2000Eq,30300.0,2026-05-10T05:33:00Z,6.826203472473197e-08,-1.9627820111307477e-06,-6.075151820531107e-09,2.0718674984369903e-06,-5.657278173053228e-08,-3.0736143947444057e-09
gmat_two_body,numerical_two_body,EarthMJ2000Eq,30360.0,2026-05-10T05:34:00Z,-4.275536177184596e-05,-0.003583768800952991,-7.060649624282959e-09,0.003803759913282673,-5.712924533431335e-08,-6.569200991200253e-10
gmat_two_body,numerical_two_body,EarthMJ2000Eq,30420.0,2026-05-10T05:35:00Z,6.468123097690835e-08,-1.9777392930462622e-06,-4.555522619877798e-09,2.084858180795972e-06,-5.770476295760008e-08,5.6825849521240845e-11
gmat_two_body,numerical_two_body,EarthMJ2000Eq,30480.0,2026-05-10T05:36:00Z,-4.281981182294927e-05,-0.0035783219750644417,-6.29845328478735e-09,0.0037921859790931273,-5.76498417482237e-08,7.720557528066757e-10
gmat_two_body,numerical_two_body,EarthMJ2000Eq,30540.0,2026-05-10T05:37:00Z,-4.259257491377817e-05,-0.003575611883598472,-4.845255631895777e-09,0.0037864353436957215,-5.659322425780382e-08,-6.393640618465674e-11
gmat_two_body,numerical_two_body,EarthMJ2000Eq,30600.0,2026-05-10T05:38:00Z,6.295883629473768e-08,-2.000627633898121e-06,-5.419036490538943e-09,2.099965732288213e-06,-5.6040988628628064e-08,3.1212179182890664e-10
gmat_two_body,numerical_two_body,EarthMJ2000Eq,30660.0,2026-05-10T05:39:00Z,-4.162355736735529e-05,-0.00357027513943772,-3.522844128753575e-09,0.0037751223806269402,-5.463946036588205e-08,-8.812662429028229e-11
gmat_two_body,numerical_two_body,EarthMJ2000Eq,30720.0,2026-05-10T05:40:00Z,-4.088834399249356e-05,-0.003567670426513566,-4.018810836016996e-09,0.0037696043358837546,-5.427458970180308e-08,-9.219629293344877e-11
gmat_two_body,numerical_two_body,EarthMJ2000Eq,30780.0,2026-05-10T05:41:00Z,6.126630080961123e-08,-2.021232629412988e-06,-3.3090242260721497e-09,2.1183044603127858e-06,-5.0485655484349386e-08,-9.079993077846276e-11
gmat_two_body,numerical_two_body,EarthMJ2000Eq,30840.0,2026-05-10T05:42:00Z,-3.893937507083134e-05,-0.0035626328981290993,-3.3092048577895962e-09,0.0037589500653075784,-5.090729392216715e-08,7.142371773275933e-11
gmat_two_body,numerical_two_body,EarthMJ2000Eq,30900.0,2026-05-10T05:43:00Z,6.05900992191175e-08,-2.0353843415654935e-06,-5.456757918423237e-09,2.1295772321174546e-06,-5.064188744213692e-08,-1.4073182229372736e-10
gmat_two_body,numerical_two_body,EarthMJ2000Eq,30960.0,2026-05-10T05:44:00Z,-3.637605975211546e-05,-0.0035578969220617313,-6.062584090883544e-09,0.0037489410947887485,-4.883609842441419e-08,1.153176444642733e-09
gmat_two_body,numerical_two_body,EarthMJ2000Eq,31020.0,2026-05-10T05:45:00Z,-3.4881316563987663e-05,-0.003555662406392976,-5.626128269640354e-09,0.003744225396672145,-4.476026499549249e-08,1.0178002277197045e-09
gmat_two_body,numerical_two_body,EarthMJ2000Eq,31080.0,2026-05-10T05:46:00Z,5.929500143717418e-08,-2.0558161975288963e-06,-6.962111980495726e-09,2.1451147216800713e-06,-4.478153574375542e-08,1.9725456731982514e-09
gmat_two_body,numerical_two_body,EarthMJ2000Eq,31140.0,2026-05-10T05:47:00Z,-3.1485494162310024e-05,-0.003551502044262329,-7.0145756072537294e-09,0.0037354565352630685,-4.514145364468781e-08,1.481276490207514e-09
gmat_two_body,numerical_two_body,EarthMJ2000Eq,31200.0,2026-05-10T05:48:00Z,-2.9600635664856833e-05,-0.003549593454750493,-6.5802477562832064e-09,0.0037314333506066433,-4.2235204475594884e-08,1.6336087468787333e-09
gmat_two_body,numerical_two_body,EarthMJ2000Eq,31260.0,2026-05-10T05:49:00Z,-2.760379686395705e-05,-0.0035478083139014347,-6.243006409804261e-09,0.0037276736241609967,-3.9022916038626996e-08,2.51482653622961e-09
gmat_two_body,numerical_two_body,EarthMJ2000Eq,31320.0,2026-05-10T05:50:00Z,-2.5500317433447823e-05,-0.003546152061406406,-5.699997969480553e-09,0.003724188114156156,-3.753870876747948e-08,3.1608914252638887e-09
gmat_two_body,numerical_two_body,EarthMJ2000Eq,31380.0,2026-05-10T05:51:00Z,6.115386583352421e-08,-2.0841476662640752e-06,-7.303922761327154e-09,2.172601852144146e-06,-3.6344705485191266e-08,4.43294069128612e-09
gmat_two_body,numerical_two_body,EarthMJ2000Eq,31440.0,2026-05-10T05:52:00Z,-2.10071084372681e-05,-0.0035432528873810044,-6.6204084122674394e-09,0.003718086432441604,-3.586064785974184e-08,6.6501683819713445e-09
gmat_two_body,numerical_two_body,EarthMJ2000Eq,31500.0,2026-05-10T05:53:00Z,-1.863906240374339e-05,-0.0035420186323837297,-8.082857507027931e-09,0.003715494299439366,-3.540340368838217e-08,6.595307812427763e-09
gmat_two_body,numerical_two_body,EarthMJ2000Eq,31560.0,2026-05-10T05:54:00Z,6.291833087242205e-08,-2.1030734506620302e-06,-5.516997278159374e-09,2.1919036554007596e-06,-3.2994339726703284e-08,6.627514027793323e-09
gmat_two_body,numerical_two_body,EarthMJ2000Eq,31620.0,2026-05-10T05:55:00Z,-1.3693344512291422e-05,-0.0035400103277078176,-3.922506334100482e-09,0.0037112645935964317,-3.091687207525641e-08,5.5296256397939754e-09
gmat_two_body,numerical_two_body,EarthMJ2000Eq,31680.0,2026-05-10T05:56:00Z,-1.1139199517410591e-05,-0.003539240704198368,-2.5119533714781884e-09,0.003709645251427258,-3.265702593384519e-08,5.547619429939788e-09
gmat_two_body,numerical_two_body,EarthMJ2000Eq,31740.0,2026-05-10T05:57:00Z,-8.543522669169595e-06,-0.0035386301549604478,-2.739634281229741e-09,0.003708360034966478,-3.075333551098399e-08,5.314975872174057e-09
gmat_two_body,numerical_two_body,EarthMJ2000Eq,31800.0,2026-05-10T05:58:00Z,-5.910990606763763e-06,-0.0035381834519831474,-2.1974183853884608e-09,0.0037074195972614955,-2.992708598616334e-08,6.162132352442192e-09
gmat_two_body,numerical_two_body,EarthMJ2000Eq,31860.0,2026-05-10T05:59:00Z,6.389165338736362e-08,-2.133002045451927e-06,-1.7019201385107486e-09,2.225473251245485e-06,-3.1225862010213246e-08,6.499701037421562e-09
gmat_two_body,numerical_two_body,EarthMJ2000Eq,31920.0,2026-05-10T06:00:00Z,-5.966777713153568e-07,-0.0035377829000549517,-3.1808779738907533e-10,0.0037065673729694514,-2.983924183526345e-08,7.64040091326231e-09
gmat_two_body,numerical_two_body,EarthMJ2000Eq,31980.0,2026-05-10T06:01:00Z,2.0738279999914046e-06,-0.0035378299143605744,-1.7083033460583465e-09,0.00370666251079207,-3.236856321049864e-08,7.360171330620927e-09
gmat_two_body,numerical_two_body,EarthMJ2000Eq,32040.0,2026-05-10T06:02:00Z,6.9171173796933e-08,-2.150579440161928e-06,-2.1433444980335786e-09,2.248435999561629e-06,-3.1463314080376163e-08,6.39332821818246e-09
gmat_two_body,numerical_two_body,EarthMJ2000Eq,32100.0,2026-05-10T06:03:00Z,7.3768354713067715e-06,-0.003538420958291589,-1.6602352262240592e-09,0.003707890359261929,-3.123322945326486e-08,5.0250682192903405e-09
gmat_two_body,numerical_two_body,EarthMJ2000Eq,32160.0,2026-05-10T06:04:00Z,9.990216077604088e-06,-0.0035389617897238638,-7.789490390768428e-10,0.003709019737937362,-3.015622905257854e-08,6.236943051665929e-09
gmat_two_body,numerical_two_body,EarthMJ2000Eq,32220.0,2026-05-10T06:05:00Z,1.2567653764094362e-05,-0.003539664968886028,-1.2074907389514865e-09,0.0037104873734658396,-3.09964281632434e-08,4.657317935754151e-09
gmat_two_body,numerical_two_body,EarthMJ2000Eq,32280.0,2026-05-10T06:06:00Z,1.5098557627023475e-05,-0.003540529034734592,-2.57538266949785e-09,0.0037122898958680973,-3.2023698475687694e-08,6.481237657170876e-09
gmat_two_body,numerical_two_body,EarthMJ2000Eq,32340.0,2026-05-10T06:07:00Z,7.428053057796834e-08,-2.184242383751259e-06,-2.7376037499436836e-09,2.284805605692348e-06,-3.02483685523715e-08,5.857970469795055e-09
gmat_two_body,numerical_two_body,EarthMJ2000Eq,32400.0,2026-05-10T06:08:00Z,1.9981247441322993e-05,-0.0035427166162790985,4.23658878076792e-10,0.0037168732936654317,-2.9485624784811878e-08,6.230253214761728e-09
gmat_two_body,numerical_two_body,EarthMJ2000Eq,32460.0,2026-05-10T06:09:00Z,2.2311955389756013e-05,-0.003544038054435699,-1.3326769093057958e-09,0.0037196377953430805,-2.7730890720389852e-08,3.296818523181439e-09
gmat_two_body,numerical_two_body,EarthMJ2000Eq,32520.0,2026-05-10T06:10:00Z,8.127763264378423e-08,-2.201915640197474e-06,8.153210652432347e-10,2.3105512007697183e-06,-2.8883453030387304e-08,3.954343347118923e-09
gmat_two_body,numerical_two_body,EarthMJ2000Eq,32580.0,2026-05-10T06:11:00Z,2.67149973657321e-05,-0.003547103448206655,-7.009835202346316e-10,0.003726064359461044,-2.792169386715159e-08,5.1395385677329054e-09
gmat_two_body,numerical_two_body,EarthMJ2000Eq,32640.0,2026-05-10T06:12:00Z,8.261433331126341e-08,-2.2169687025424648e-06,-7.659581647029244e-10,2.3285016170255966e-06,-2.7982863696774225e-08,4.419873175107468e-09
gmat_two_body,numerical_two_body,EarthMJ2000Eq,32700.0,2026-05-10T06:13:00Z,3.070952460699684e-05,-0.003550698509945134,1.1334064771160085e-09,0.0037336140841612206,-3.1757042665974524e-08,3.978367770040801e-09
gmat_two_body,numerical_two_body,EarthMJ2000Eq,32760.0,2026-05-10T06:14:00Z,3.253557885239943e-05,-0.003552681831614678,4.236146144643091e-10,0.003737775698107299,-3.056414734737697e-08,5.106489929190107e-09
gmat_two_body,numerical_two_body,EarthMJ2000Eq,32820.0,2026-05-10T06:15:00Z,8.865022608101067e-08,-2.237052042204978e-06,7.527793686773513e-10,2.356901380800964e-06,-3.0181711603587144e-08,4.771577793160867e-09
gmat_two_body,numerical_two_body,EarthMJ2000Eq,32880.0,2026-05-10T06:16:00Z,3.5798631691690226e-05,-0.003556974720770101,2.194730545288366e-09,0.003746805928159366,-3.153571214053311e-08,4.2343568828373585e-09
gmat_two_body,numerical_two_body,EarthMJ2000Eq,32940.0,2026-05-10T06:17:00Z,3.722846335264158e-05,-0.003559270196687932,1.4542859945140715e-09,0.003751642115693045,-2.8690945849085805e-08,3.2688169980187095e-09
gmat_two_body,numerical_two_body,EarthMJ2000Eq,33000.0,2026-05-10T06:18:00Z,9.11018846089986e-08,-2.259440213153628e-06,5.955794140351134e-10,2.389999590151974e-06,-3.326697327678244e-08,3.507090184328302e-09
gmat_two_body,numerical_two_body,EarthMJ2000Eq,33060.0,2026-05-10T06:19:00Z,3.9640480240447554e-05,-0.0035641205829305077,1.0163149195238945e-09,0.0037618594063196084,-3.12309400399443e-08,4.046570116526612e-09
gmat_two_body,numerical_two_body,EarthMJ2000Eq,33120.0,2026-05-10T06:20:00Z,9.19913298165384e-08,-2.2749322250761e-06,2.0200784318051494e-09,2.4096058151349436e-06,-3.0039686840079974e-08,3.562230143604443e-09
gmat_two_body,numerical_two_body,EarthMJ2000Eq,33180.0,2026-05-10T06:21:00Z,4.1432871135776476e-05,-0.0035692483890083526,1.4416378628587527e-09,0.0037726800298257075,-3.080303329539325e-08,4.131412794700775e-09
gmat_two_body,numerical_two_body,EarthMJ2000Eq,33240.0,2026-05-10T06:22:00Z,4.208734736674794e-05,-0.003571892117105281,2.4053916963465697e-09,0.0037782666941374417,-3.296482597021849e-08,4.357437271816421e-09
gmat_two_body,numerical_two_body,EarthMJ2000Eq,33300.0,2026-05-10T06:23:00Z,9.441192092390704e-08,-2.2975757798598275e-06,1.5477411998019277e-09,2.4419160769711632e-06,-3.335528631159579e-08,2.7397515581321134e-09
gmat_two_body,numerical_two_body,EarthMJ2000Eq,33360.0,2026-05-10T06:24:00Z,4.288675451275517e-05,-0.003577291611049458,2.5582705638844597e-09,0.0037896856611976345,-3.4808892148084265e-08,2.889512866565737e-09
gmat_two_body,numerical_two_body,EarthMJ2000Eq,33420.0,2026-05-10T06:25:00Z,4.303013478913898e-05,-0.0035800245206428047,3.864474505568303e-09,0.0037954721799673963,-3.6008916150353035e-08,1.998317426349694e-09
gmat_two_body,numerical_two_body,EarthMJ2000Eq,33480.0,2026-05-10T06:26:00Z,9.70025013744992e-08,-2.322254447230541e-06,3.379199442388963e-09,2.473107227636115e-06,-3.641513134601856e-08,3.0983168926583216e-09
gmat_two_body,numerical_two_body,EarthMJ2000Eq,33540.0,2026-05-10T06:27:00Z,4.279273248414332e-05,-0.003585502229749131,2.9725553828617343e-09,0.0038070815962305514,-3.7668240030861646e-08,1.6567632293919144e-09
gmat_two_body,numerical_two_body,EarthMJ2000Eq,33600.0,2026-05-10T06:28:00Z,9.900400077332821e-08,-2.339678688818391e-06,4.839501212730376e-09,2.496175000734361e-06,-3.8558380023707786e-08,1.2242021097147313e-09
gmat_two_body,numerical_two_body,EarthMJ2000Eq,33660.0,2026-05-10T06:29:00Z,4.186228699717765e-05,-0.003590922016594762,3.036384998181389e-09,0.00381858807640759,-3.719003307318885e-08,2.6768596424564607e-09
gmat_two_body,numerical_two_body,EarthMJ2000Eq,33720.0,2026-05-10T06:30:00Z,4.11374849848525e-05,-0.0035935830390525056,4.480644956295755e-09,0.003824241087536428,-4.122227661878862e-08,1.5825570365515655e-10
gmat_two_body,numerical_two_body,EarthMJ2000Eq,33780.0,2026-05-10T06:31:00Z,1.0018304288153981e-07,-2.364507535261851e-06,3.755995805993173e-09,2.5310865976701316e-06,-4.1757437347016546e-08,-8.276026526229583e-10
gmat_two_body,numerical_two_body,EarthMJ2000Eq,33840.0,2026-05-10T06:32:00Z,3.918363573998028e-05,-0.003598750626381562,3.768132090298252e-09,0.003835231226257618,-4.033287191815095e-08,3.7446550123671614e-10
gmat_two_body,numerical_two_body,EarthMJ2000Eq,33900.0,2026-05-10T06:33:00Z,3.7961267220640775e-05,-0.0036012326448241244,3.0062174006660793e-09,0.0038405184428878373,-4.183609594592715e-08,-1.5473967133867002e-10
gmat_two_body,numerical_two_body,EarthMJ2000Eq,33960.0,2026-05-10T06:34:00Z,3.6578530670452434e-05,-0.0036036373493646247,1.1619223563872356e-09,0.003845640297916297,-4.324001546981885e-08,4.5205325805201856e-10
gmat_two_body,numerical_two_body,EarthMJ2000Eq,34020.0,2026-05-10T06:35:00Z,3.5041603883922365e-05,-0.0036059484328651377,3.0908529618460168e-09,0.00385056915066447,-4.306099025755418e-08,5.142222735371524e-10
gmat_two_body,numerical_two_body,EarthMJ2000Eq,34080.0,2026-05-10T06:36:00Z,1.0153030170662242e-07,-2.4118597833644097e-06,1.2611243028584876e-09,2.593441232191558e-06,-4.4522171408272896e-08,2.8340676118102056e-09
gmat_two_body,numerical_two_body,EarthMJ2000Eq,34140.0,2026-05-10T06:37:00Z,3.153372566143779e-05,-0.003610261940359979,1.0130921030493138e-09,0.003859769878006828,-4.6444860920177046e-08,2.3664457984791483e-09
gmat_two_body,numerical_two_body,EarthMJ2000Eq,34200.0,2026-05-10T06:38:00Z,2.957782359543856e-05,-0.0036122408723361986,5.454595840547141e-10,0.0038639957518132365,-4.663905324643768e-08,9.864787842236343e-10
gmat_two_body,numerical_two_body,EarthMJ2000Eq,34260.0,2026-05-10T06:39:00Z,1.0318151802370628e-07,-2.4399963220934213e-06,-4.0620945614355707e-10,2.6268487395831236e-06,-4.924263028481028e-08,6.194288235391078e-10
gmat_two_body,numerical_two_body,EarthMJ2000Eq,34320.0,2026-05-10T06:40:00Z,2.5294003804405855e-05,-0.0036158066454606546,1.1472859808008158e-09,0.003871613245196089,-4.9418991424485944e-08,-8.663415488419817e-10
gmat_two_body,numerical_two_body,EarthMJ2000Eq,34380.0,2026-05-10T06:41:00Z,2.2984665640688726e-05,-0.003617377205765485,1.9247480052578757e-09,0.003874967564783473,-4.9571626088049355e-08,-1.0815616029003353e-09
gmat_two_body,numerical_two_body,EarthMJ2000Eq,34440.0,2026-05-10T06:42:00Z,2.0576192154839733e-05,-0.003618794211442838,1.3806595364106508e-09,0.0038779975223692657,-5.1694220801257636e-08,-4.5990165854612377e-10
gmat_two_body,numerical_two_body,EarthMJ2000Eq,34500.0,2026-05-10T06:43:00Z,1.8082480671446467e-05,-0.003620054881697107,1.8535820705048027e-09,0.0038806874246200547,-5.202150330451836e-08,1.0621039851388929e-09
gmat_two_body,numerical_two_body,EarthMJ2000Eq,34560.0,2026-05-10T06:44:00Z,1.0177769721745367e-07,-2.487440100863123e-06,8.939099749399734e-10,2.6847571932615254e-06,-5.507740603220262e-08,1.386501547231497e-09
gmat_two_body,numerical_two_body,EarthMJ2000Eq,34620.0,2026-05-10T06:45:00Z,1.2868387471260446e-05,-0.003622078463645175,1.7138047174775788e-09,0.003885006066436507,-5.4678012317431777e-08,6.451364156062253e-11
gmat_two_body,numerical_two_body,EarthMJ2000Eq,34680.0,2026-05-10T06:46:00Z,1.0172408790377869e-05,-0.003622832705198467,4.1974791160119204e-10,0.003886612765932296,-5.525343445062912e-08,-1.8800992882462676e-09
gmat_two_body,numerical_two_body,EarthMJ2000Eq,34740.0,2026-05-10T06:47:00Z,9.952178391943698e-08,-2.51741891949038e-06,-3.409619977689341e-10,2.715822823172197e-06,-5.5882007465727205e-08,-8.677099165116532e-10
gmat_two_body,numerical_two_body,EarthMJ2000Eq,34800.0,2026-05-10T06:48:00Z,4.66203585569329e-06,-0.0036238064981591158,2.0448858162596274e-10,0.003888683480910126,-5.8556058289470397e-08,-2.520320360285843e-09
gmat_two_body,numerical_two_body,EarthMJ2000Eq,34860.0,2026-05-10T06:49:00Z,1.8710274484571166e-06,-0.003624023286760679,6.836006397873442e-10,0.003889137089174219,-5.871012409398715e-08,-2.203273536542612e-09
gmat_two_body,numerical_two_body,EarthMJ2000Eq,34920.0,2026-05-10T06:50:00Z,-9.265715941779403e-07,-0.0036240568789090207,-7.20096247365702e-10,0.0038892018506573255,-6.026641833013784e-08,-2.8046211322385514e-09
gmat_two_body,numerical_two_body,EarthMJ2000Eq,34980.0,2026-05-10T06:51:00Z,-3.7208700076930334e-06,-0.003623908707144174,-5.4510452107811493e-11,0.0038888738065094063,-6.161976622012379e-08,-3.332204500590561e-09
gmat_two_body,numerical_two_body,EarthMJ2000Eq,35040.0,2026-05-10T06:52:00Z,9.464427037027726e-08,-2.5656942713180735e-06,-8.036686490122781e-10,2.771688443600732e-06,-6.224597867283132e-08,-3.4390075211368537e-09
gmat_two_body,numerical_two_body,EarthMJ2000Eq,35100.0,2026-05-10T06:53:00Z,-9.244681551987371e-06,-0.003623071625246963,1.4067839480689837e-09,0.003887052613337862,-6.187775957034807e-08,-3.328188923355601e-09
gmat_two_body,numerical_two_body,EarthMJ2000Eq,35160.0,2026-05-10T06:54:00Z,-1.1955030566107091e-05,-0.003622384521584809,-5.89087733891743e-11,0.0038855667978126046,-6.435018948054536e-08,-1.5696411978610019e-09
gmat_two_body,numerical_two_body,EarthMJ2000Eq,35220.0,2026-05-10T06:55:00Z,9.128504168418748e-08,-2.5958347547600417e-06,1.5499776505681847e-10,2.7985892274897313e-06,-6.323656419873789e-08,-7.500525252877473e-10
gmat_two_body,numerical_two_body,EarthMJ2000Eq,35280.0,2026-05-10T06:56:00Z,-1.720567317078882e-05,-0.003620490714213333,-1.3934423274581e-09,0.0038814821216046646,-6.549922966907431e-08,-2.08787943239322e-09
gmat_two_body,numerical_two_body,EarthMJ2000Eq,35340.0,2026-05-10T06:57:00Z,8.998328653958957e-08,-2.615169173204856e-06,6.079502050014419e-10,2.8145295752487377e-06,-6.535265081447819e-08,-5.667306763468857e-10
gmat_two_body,numerical_two_body,EarthMJ2000Eq,35400.0,2026-05-10T06:58:00Z,-2.21546244313368e-05,-0.0036179379853026462,4.709158783137556e-11,0.0038759868674285583,-6.563149242948435e-08,-1.3809524828317661e-09
gmat_two_body,numerical_two_body,EarthMJ2000Eq,35460.0,2026-05-10T06:59:00Z,-2.4492064686195577e-05,-0.0036164278403825693,7.007728921515279e-10,0.0038727383083684494,-6.750091564761528e-08,-9.546517753300984e-10
gmat_two_body,numerical_two_body,EarthMJ2000Eq,35520.0,2026-05-10T07:00:00Z,8.554219747556166e-08,-2.6440745074566297e-06,9.787431940625018e-10,2.841759285721924e-06,-6.76363889900684e-08,-8.844015826164414e-10
gmat_two_body,numerical_two_body,EarthMJ2000Eq,35580.0,2026-05-10T07:01:00Z,-2.8838556126209646e-05,-0.0036129737850734344,5.388119147952704e-10,0.00386531792642943,-6.750175564086778e-08,-9.418355671321967e-10
gmat_two_body,numerical_two_body,EarthMJ2000Eq,35640.0,2026-05-10T07:02:00Z,-3.083150138069373e-05,-0.0036110454632358735,-1.1852222887197083e-09,0.0038611796262107605,-6.749568225483502e-08,-1.4547650537901689e-09
gmat_two_body,numerical_two_body,EarthMJ2000Eq,35700.0,2026-05-10T07:03:00Z,8.474001779001515e-08,-2.6722734099434823e-06,1.5354789002907794e-10,2.863415977939193e-06,-6.835744570223456e-08,-1.7944354515805863e-09
gmat_two_body,numerical_two_body,EarthMJ2000Eq,35760.0,2026-05-10T07:04:00Z,-3.441825395915065e-05,-0.003606832374254901,9.219737832279087e-10,0.0038521499194012145,-7.074592104450909e-08,-6.91804662085554e-10
gmat_two_body,numerical_two_body,EarthMJ2000Eq,35820.0,2026-05-10T07:05:00Z,8.252445568463623e-08,-2.6914577106078835e-06,1.184864707008336e-09,2.879793814552989e-06,-7.225404239716926e-08,-5.249235363810477e-10
gmat_two_body,numerical_two_body,EarthMJ2000Eq,35880.0,2026-05-10T07:06:00Z,-3.741879251535659e-05,-0.0036022042339619205,-7.555396530410468e-10,0.0038422444041705463,-7.410444443372273e-08,-9.092304752415586e-10
gmat_two_body,numerical_two_body,EarthMJ2000Eq,35940.0,2026-05-10T07:07:00Z,-3.8688736656122366e-05,-0.003599759514331634,-8.709324202006306e-10,0.003837018133258574,-7.273634703960203e-08,-1.2496971282171778e-10
gmat_two_body,numerical_two_body,EarthMJ2000Eq,36000.0,2026-05-10T07:08:00Z,8.085980513613628e-08,-2.7201517222326967e-06,-2.0141185968372175e-10,2.9025571039802597e-06,-7.182117251413754e-08,1.8718980325423882e-10
gmat_two_body,numerical_two_body,EarthMJ2000Eq,36060.0,2026-05-10T07:09:00Z,-4.073497558656133e-05,-0.0035946613484146833,-4.074182122415146e-11,0.0038261350410695337,-7.238338129083424e-08,8.249763375207933e-11
gmat_two_body,numerical_two_body,EarthMJ2000Eq,36120.0,2026-05-10T07:10:00Z,-4.15064924371448e-05,-0.0035920308919344646,-9.270245763178821e-10,0.0038205256777495713,-7.312788335965175e-08,1.4507559070572907e-09
gmat_two_body,numerical_two_body,EarthMJ2000Eq,36180.0,2026-05-10T07:11:00Z,7.972275189904162e-08,-2.7481635101370654e-06,-1.955690046506258e-09,2.9253545939051203e-06,-7.3420641095901e-08,8.687893442249061e-10
gmat_two_body,numerical_two_body,EarthMJ2000Eq,36240.0,2026-05-10T07:12:00Z,-4.253437834040994e-05,-0.003586662379143677,-1.2302163277827e-09,0.003809085730480585,-7.493420302155301e-08,1.815829022040217e-09
gmat_two_body,numerical_two_body,EarthMJ2000Eq,36300.0,2026-05-10T07:13:00Z,7.854641156548619e-08,-2.7671495595009357e-06,-1.1813073292568657e-09,2.9378305310055044e-06,-7.361131512674331e-08,2.8279810487212134e-09
gmat_two_body,numerical_two_body,EarthMJ2000Eq,36360.0,2026-05-10T07:14:00Z,-4.2863912132367324e-05,-0.00358122241649602,-2.1588316452104156e-09,0.003797511281418365,-7.34932027664213e-08,2.370311489553138e-09
gmat_two_body,numerical_two_body,EarthMJ2000Eq,36420.0,2026-05-10T07:15:00Z,-4.277011143885448e-05,-0.0035785024051825302,4.11066286689462e-10,0.0037917356816643366,-7.284191256277507e-08,1.4626526686423685e-09
gmat_two_body,numerical_two_body,EarthMJ2000Eq,36480.0,2026-05-10T07:16:00Z,7.912151848154485e-08,-2.7953810059279017e-06,-9.88300214657184e-10,2.9563877694387412e-06,-7.108432597162158e-08,1.8839648473827282e-09
gmat_two_body,numerical_two_body,EarthMJ2000Eq,36540.0,2026-05-10T07:17:00Z,-4.206200791912341e-05,-0.0035731245756807895,-1.954921886195937e-09,0.0037803166749849904,-7.21691921143366e-08,2.446974181131306e-09
gmat_two_body,numerical_two_body,EarthMJ2000Eq,36600.0,2026-05-10T07:18:00Z,-4.145529219633056e-05,-0.003570485468123923,-2.737883477256777e-09,0.0037747216811292233,-7.224185390586239e-08,2.6021709818413844e-09
gmat_two_body,numerical_two_body,EarthMJ2000Eq,36660.0,2026-05-10T07:19:00Z,-4.068434450614469e-05,-0.0035678930847081163,-2.5741007282779214e-09,0.0037692292938021374,-7.130734159451344e-08,2.8322540863933803e-09
gmat_two_body,numerical_two_body,EarthMJ2000Eq,36720.0,2026-05-10T07:20:00Z,-3.974974924797425e-05,-0.0035653580171102414,-3.4863330253956616e-09,0.0037638646320811856,-6.977557652292675e-08,2.543288170055057e-09
gmat_two_body,numerical_two_body,EarthMJ2000Eq,36780.0,2026-05-10T07:21:00Z,7.978055490908427e-08,-2.8410389511068485e-06,-1.750299080333731e-09,2.9894785361342043e-06,-6.96424229840593e-08,1.7387871673496574e-09
gmat_two_body,numerical_two_body,EarthMJ2000Eq,36840.0,2026-05-10T07:22:00Z,-3.74192820319687e-05,-0.0035604999928549918,-3.1349082314613002e-09,0.0037535892874424616,-6.818891473797159e-08,2.545547275581375e-09
gmat_two_body,numerical_two_body,EarthMJ2000Eq,36900.0,2026-05-10T07:23:00Z,-3.602858118828944e-05,-0.0035581954061083727,-1.3558106930022306e-09,0.0037487195602193906,-6.641668663395901e-08,2.0712425381056022e-09
gmat_two_body,numerical_two_body,EarthMJ2000Eq,36960.0,2026-05-10T07:24:00Z,8.255005800845811e-08,-2.8668396566022663e-06,-4.220568431650067e-10,3.0081875056319714e-06,-6.610504845549658e-08,3.0484033806299693e-09
gmat_two_body,numerical_two_body,EarthMJ2000Eq,37020.0,2026-05-10T07:25:00Z,-3.283574706831977e-05,-0.003553875321170614,-1.1260929016289547e-09,0.003739604892134757,-6.443295381831664e-08,1.1839194669994293e-09
gmat_two_body,numerical_two_body,EarthMJ2000Eq,37080.0,2026-05-10T07:26:00Z,-3.1042371062196694e-05,-0.003551880744234533,-4.845527819686509e-10,0.0037353922074855337,-6.218337717845969e-08,1.5778327479249725e-09
gmat_two_body,numerical_two_body,EarthMJ2000Eq,37140.0,2026-05-10T07:27:00Z,-2.9130922637025957e-05,-0.0035499997647798973,-7.794069746284025e-10,0.0037314338611152053,-6.276973719772122e-08,-4.4866970077858393e-10
gmat_two_body,numerical_two_body,EarthMJ2000Eq,37200.0,2026-05-10T07:28:00Z,-2.7109916999543235e-05,-0.0035482463151637602,1.2482745757626788e-09,0.0037277343324988426,-6.008757463529151e-08,2.483283055330049e-09
gmat_two_body,numerical_two_body,EarthMJ2000Eq,37260.0,2026-05-10T07:29:00Z,8.801915235189948e-08,-2.9102669214714874e-06,3.379465108899194e-10,3.048513868704501e-06,-6.193648681695877e-08,-7.061374968828214e-10
gmat_two_body,numerical_two_body,EarthMJ2000Eq,37320.0,2026-05-10T07:30:00Z,-2.2756949167615667e-05,-0.0035451382088726225,2.133027418253013e-09,0.0037211844891387354,-6.078719564927534e-08,-2.6823400988604045e-10
gmat_two_body,numerical_two_body,EarthMJ2000Eq,37380.0,2026-05-10T07:31:00Z,-2.0447606271389407e-05,-0.0035437949981516025,2.115592876948635e-09,0.0037183540358353734,-6.070957699178408e-08,-2.1179754141707437e-09
gmat_two_body,numerical_two_body,EarthMJ2000Eq,37440.0,2026-05-10T07:32:00Z,9.167060359456043e-08,-2.936669366565433e-06,8.194170562581784e-10,3.0721590432910784e-06,-5.990357348900307e-08,-2.4598160725341616e-09
gmat_two_body,numerical_two_body,EarthMJ2000Eq,37500.0,2026-05-10T07:33:00Z,-1.5601778266277618e-05,-0.003541554073183872,6.172355774532672e-10,0.003713633730847734,-6.18249818367272e-08,-2.928194656623713e-09
gmat_two_body,numerical_two_body,EarthMJ2000Eq,37560.0,2026-05-10T07:34:00Z,-1.3085234687074418e-05,-0.003540664620928962,-2.820263998635456e-10,0.003711756162141502,-5.9410023185826976e-08,-2.2407203953700884e-09
gmat_two_body,numerical_two_body,EarthMJ2000Eq,37620.0,2026-05-10T07:35:00Z,-1.051837051727072e-05,-0.0035399338529979387,-1.217372352157339e-09,0.003710214849430497,-5.871904154539325e-08,-2.986152564059535e-09
gmat_two_body,numerical_two_body,EarthMJ2000Eq,37680.0,2026-05-10T07:36:00Z,-7.912285575084284e-06,-0.0035393655054845557,2.0115959560655346e-10,0.0037090104430869777,-5.9195474326797163e-08,-4.06503278035417e-09
gmat_two_body,numerical_two_body,EarthMJ2000Eq,37740.0,2026-05-10T07:37:00Z,1.0077786753193392e-07,-2.984500614404898e-06,1.5792485085467e-10,3.1157497544762235e-06,-5.822053110905974e-08,-4.825416020628986e-09
gmat_two_body,numerical_two_body,EarthMJ2000Eq,37800.0,2026-05-10T07:38:00Z,-2.618346039538904e-06,-0.0035387171875856686,-8.206437410264363e-10,0.0037076304767566432,-5.6857798240082536e-08,-4.178633255479913e-09
gmat_two_body,numerical_two_body,EarthMJ2000Eq,37860.0,2026-05-10T07:39:00Z,4.7806963244794795e-08,-0.0035386404959571374,-3.223866045811135e-10,0.003707458274643173,-5.411482150904782e-08,-4.152397066306527e-09
gmat_two_body,numerical_two_body,EarthMJ2000Eq,37920.0,2026-05-10T07:40:00Z,1.0489897328323224e-07,-3.012440798419021e-06,-4.341606096195901e-10,3.143578045248497e-06,-5.3830957897036786e-08,-4.07496846671421e-09
gmat_two_body,numerical_two_body,EarthMJ2000Eq,37980.0,2026-05-10T07:41:00Z,5.371603745246367e-06,-0.0035389835285585675,-1.6111321208549283e-09,0.003708157976222082,-5.246540638425494e-08,-3.598699814465733e-09
gmat_two_body,numerical_two_body,EarthMJ2000Eq,38040.0,2026-05-10T07:42:00Z,1.0931971726062843e-07,-3.031968322806805e-06,-3.8064962103375066e-09,3.1647226197537915e-06,-5.085240698192055e-08,-5.29402191529766e-09
gmat_two_body,numerical_two_body,EarthMJ2000Eq,38100.0,2026-05-10T07:43:00Z,1.0617985253510047e-05,-0.0035399847013802537,-3.2160760129677616e-09,0.0037102382032621214,-4.8872407029145924e-08,-2.81054875059092e-09
gmat_two_body,numerical_two_body,EarthMJ2000Eq,38160.0,2026-05-10T07:44:00Z,1.3184027455838998e-05,-0.003540726759525729,-2.9270262708625005e-09,0.0037117842730859003,-4.7666908466720014e-08,-5.094199026899893e-09
gmat_two_body,numerical_two_body,EarthMJ2000Eq,38220.0,2026-05-10T07:45:00Z,1.1255839297096893e-07,-3.06042336684963e-06,-3.4098782194763344e-09,3.2025417172142776e-06,-4.7540713635185256e-08,-2.132107498556601e-09
gmat_two_body,numerical_two_body,EarthMJ2000Eq,38280.0,2026-05-10T07:46:00Z,1.8162522305213223e-05,-0.003542685287370354,-3.697955368001888e-09,0.003715877990032329,-4.9523730874589563e-08,-2.3498060247241197e-10
gmat_two_body,numerical_two_body,EarthMJ2000Eq,38340.0,2026-05-10T07:47:00Z,2.055671141582834e-05,-0.0035438936219673476,-3.893004660203428e-09,0.0037184038894626905,-4.784788548267414e-08,-2.102439595893873e-09
gmat_two_body,numerical_two_body,EarthMJ2000Eq,38400.0,2026-05-10T07:48:00Z,1.1567141695086205e-07,-3.0891845895754584e-06,-2.728965089543429e-09,3.239576085446539e-06,-4.822341065794622e-08,-1.125794375806995e-09
gmat_two_body,numerical_two_body,EarthMJ2000Eq,38460.0,2026-05-10T07:49:00Z,2.5095636196887732e-05,-0.0035467490788977556,-4.479629045678186e-09,0.003724382528902856,-4.9017906405681135e-08,-6.369887590801286e-10
gmat_two_body,numerical_two_body,EarthMJ2000Eq,38520.0,2026-05-10T07:50:00Z,1.2145590010676674e-07,-3.109391150796852e-06,-2.2040032760530407e-09,3.265206466737135e-06,-4.821360523306016e-08,-6.435323344818256e-10
gmat_two_body,numerical_two_body,EarthMJ2000Eq,38580.0,2026-05-10T07:51:00Z,2.9257002263259338e-05,-0.0035501521853577556,-2.677286726657677e-09,0.0037315167626036606,-4.595716241301145e-08,-1.2205511103302143e-09
gmat_two_body,numerical_two_body,EarthMJ2000Eq,38640.0,2026-05-10T07:52:00Z,3.117362498993767e-05,-0.0035520453364000963,-3.6689262919025893e-09,0.003735487655305213,-4.594779853796732e-08,-3.9069653967731705e-09
gmat_two_body,numerical_two_body,EarthMJ2000Eq,38700.0,2026-05-10T07:53:00Z,1.2807965400714447e-07,-3.140454524256981e-06,-2.087163035227283e-09,3.3038770749504145e-06,-4.45092490095995e-08,-2.9558740673811844e-09
gmat_two_body,numerical_two_body,EarthMJ2000Eq,38760.0,2026-05-10T07:54:00Z,3.4643209129629806e-05,-0.003556177662973634,-1.3346148719847192e-09,0.0037441697883804216,-4.502331314606687e-08,-9.35292239113922e-10
gmat_two_body,numerical_two_body,EarthMJ2000Eq,38820.0,2026-05-10T07:55:00Z,3.617905768572401e-05,-0.0035584040092362934,-1.2381576119113328e-09,0.003748851315056105,-4.451385100568399e-08,-2.4359738083960795e-09
gmat_two_body,numerical_two_body,EarthMJ2000Eq,38880.0,2026-05-10T07:56:00Z,1.3476177675918084e-07,-3.1742076208402835e-06,-4.617838933940612e-10,3.347978686331227e-06,-4.344752534404753e-08,-1.1136284450224228e-09
gmat_two_body,numerical_two_body,EarthMJ2000Eq,38940.0,2026-05-10T07:57:00Z,3.8824898058928986e-05,-0.0035631323926312622,1.4695332463445236e-09,0.0037588025247484273,-4.49441399656723e-08,-2.2122379629153193e-10
gmat_two_body,numerical_two_body,EarthMJ2000Eq,39000.0,2026-05-10T07:58:00Z,1.348658508025393e-07,-3.195580704487768e-06,-1.2805183328438005e-09,3.3800838397814217e-06,-4.7720751174076505e-08,-7.727226251208037e-10
gmat_two_body,numerical_two_body,EarthMJ2000Eq,39060.0,2026-05-10T07:59:00Z,4.0863147690425175e-05,-0.0035681684412935716,-1.7241193362554084e-09,0.0037694203555321487,-4.600086658623719e-08,-1.0651477171779463e-09
gmat_two_body,numerical_two_body,EarthMJ2000Eq,39120.0,2026-05-10T08:00:00Z,4.164172409599848e-05,-0.003570778894431417,-2.794464308492398e-09,0.0037749270148607073,-4.6720723553166235e-08,1.0753587504354997e-09
gmat_two_body,numerical_two_body,EarthMJ2000Eq,39180.0,2026-05-10T08:01:00Z,1.4066052377730573e-07,-3.2298698501399246e-06,-1.278002151807176e-09,3.4237674061004978e-06,-4.622753830638416e-08,1.8695507052613533e-09
gmat_two_body,numerical_two_body,EarthMJ2000Eq,39240.0,2026-05-10T08:02:00Z,4.270578355229411e-05,-0.0035761342011784783,-2.259085191862794e-09,0.003786237173362471,-4.476763449018083e-08,2.7242233434139377e-09
gmat_two_body,numerical_two_body,EarthMJ2000Eq,39300.0,2026-05-10T08:03:00Z,4.298204027731416e-05,-0.0035788567087552455,-9.397643685847968e-10,0.003791997732190196,-4.672486813304343e-08,3.0656862729852408e-09
gmat_two_body,numerical_two_body,EarthMJ2000Eq,39360.0,2026-05-10T08:04:00Z,4.3083590394872186e-05,-0.0035815974589849665,1.090620092634214e-09,0.0037977968029731784,-4.866328568665066e-08,3.1168819772590806e-09
gmat_two_body,numerical_two_body,EarthMJ2000Eq,39420.0,2026-05-10T08:05:00Z,4.3015474099282816e-05,-0.003584341493969884,4.3395311300674583e-10,0.0038036084381743774,-4.944613113921671e-08,4.379059535627721e-09
gmat_two_body,numerical_two_body,EarthMJ2000Eq,39480.0,2026-05-10T08:06:00Z,1.448300523262416e-07,-3.290686943827636e-06,6.643058666484219e-10,3.5048154908018725e-06,-5.106279891111506e-08,3.3467884797905327e-09
gmat_two_body,numerical_two_body,EarthMJ2000Eq,39540.0,2026-05-10T08:07:00Z,4.2352601789537e-05,-0.0035898027192521158,1.2589545306503292e-09,0.003815188924660699,-5.043340416334276e-08,3.0652636134707282e-09
gmat_two_body,numerical_two_body,EarthMJ2000Eq,39600.0,2026-05-10T08:08:00Z,4.176049601731295e-05,-0.0035924952720143457,1.2399723044031346e-10,0.003820907282746561,-5.086290313048412e-08,2.937782688876755e-09
gmat_two_body,numerical_two_body,EarthMJ2000Eq,39660.0,2026-05-10T08:09:00Z,1.446155831962306e-07,-3.32765113574507e-06,6.371299839095225e-10,3.555510182395231e-06,-5.2488025104779846e-08,3.0594593896638566e-09
gmat_two_body,numerical_two_body,EarthMJ2000Eq,39720.0,2026-05-10T08:10:00Z,4.00618841457388e-05,-0.003597751220623356,-1.3848725712994446e-09,0.003832082109426468,-5.3205829553972526e-08,4.078262011205653e-09
gmat_two_body,numerical_two_body,EarthMJ2000Eq,39780.0,2026-05-10T08:11:00Z,3.8963153837689806e-05,-0.0036002952235091295,-2.1006517133909257e-09,0.003837488020037448,-5.557433452640769e-08,2.0347342898045864e-09
gmat_two_body,numerical_two_body,EarthMJ2000Eq,39840.0,2026-05-10T08:12:00Z,3.770449576412482e-05,-0.003602764309868892,-1.8153126421433935e-09,0.0038427441141614467,-5.7443214647606076e-08,2.1409354221792153e-09
gmat_two_body,numerical_two_body,EarthMJ2000Eq,39900.0,2026-05-10T08:13:00Z,3.628686668783966e-05,-0.0036051509055047976,-2.4403103138523623e-09,0.0038478282892338927,-5.5076865450173994e-08,2.854987374742504e-09
gmat_two_body,numerical_two_body,EarthMJ2000Eq,39960.0,2026-05-10T08:14:00Z,1.446706687849341e-07,-3.389215633748548e-06,-2.242463171829935e-09,3.6361814304071617e-06,-5.93897388056159e-08,1.6842929989558533e-09
gmat_two_body,numerical_two_body,EarthMJ2000Eq,40020.0,2026-05-10T08:15:00Z,3.300049119568041e-05,-0.003609635801017665,-3.2516918827038595e-09,0.0038573843800485635,-6.043562452459045e-08,2.198719156604102e-09
gmat_two_body,numerical_two_body,EarthMJ2000Eq,40080.0,2026-05-10T08:16:00Z,3.11462036344164e-05,-0.0036117117948100967,-3.004765870982844e-09,0.0038618150877903863,-6.050032340973374e-08,2.3031293486539636e-09
gmat_two_body,numerical_two_body,EarthMJ2000Eq,40140.0,2026-05-10T08:17:00Z,1.4350948412080694e-07,-3.4292908931863356e-06,-3.151918220969325e-09,3.686537647748339e-06,-6.274159754885039e-08,3.101667170648275e-10
gmat_two_body,numerical_two_body,EarthMJ2000Eq,40200.0,2026-05-10T08:18:00Z,2.7043054007717022e-05,-0.0036154970336524967,-2.2369276422783713e-09,0.0038698803198447883,-6.749573216081272e-08,1.7222241513657926e-09
gmat_two_body,numerical_two_body,EarthMJ2000Eq,40260.0,2026-05-10T08:19:00Z,2.4818083559477665e-05,-0.0036171818673059243,-4.522032435001396e-09,0.003873480500796103,-6.676079912442656e-08,2.576868125782151e-09
gmat_two_body,numerical_two_body,EarthMJ2000Eq,40320.0,2026-05-10T08:20:00Z,2.248043690225756e-05,-0.003618723139380452,-2.9358501208646458e-09,0.0038767667867267296,-6.95686477867887e-08,3.6265509296489068e-09
gmat_two_body,numerical_two_body,EarthMJ2000Eq,40380.0,2026-05-10T08:21:00Z,2.0054119778374822e-05,-0.0036201088593815533,-4.134888559016355e-09,0.0038797236649680445,-6.886500594390363e-08,2.028458710172729e-09
gmat_two_body,numerical_two_body,EarthMJ2000Eq,40440.0,2026-05-10T08:22:00Z,1.361973528592749e-07,-3.495357524008768e-06,-2.19906705343402e-09,3.767016844341616e-06,-7.237719951048653e-08,3.1053402717714723e-09
gmat_two_body,numerical_two_body,EarthMJ2000Eq,40500.0,2026-05-10T08:23:00Z,1.4948050413014197e-05,-0.0036223958429941992,-1.299635235482721e-09,0.00388460259917802,-7.233748547336573e-08,4.332787777805697e-09
gmat_two_body,numerical_two_body,EarthMJ2000Eq,40560.0,2026-05-10T08:24:00Z,1.2294363349311052e-05,-0.0036232865332030697,-4.754296976196742e-10,0.0038864999814135137,-7.510578982790158e-08,4.1263729927119794e-09
gmat_two_body,numerical_two_body,EarthMJ2000Eq,40620.0,2026-05-10T08:25:00Z,1.3163891342485829e-07,-3.5342032961298824e-06,-6.552114137888124e-10,3.8094154574041253e-06,-7.632003273772092e-08,5.132613633500066e-09
gmat_two_body,numerical_two_body,EarthMJ2000Eq,40680.0,2026-05-10T08:26:00Z,6.8388457212953195e-06,-0.0036245433641312907,-1.3065096604384632e-10,0.003889169649227293,-7.841657126176647e-08,4.690681470479017e-09
gmat_two_body,numerical_two_body,EarthMJ2000Eq,40740.0,2026-05-10T08:27:00Z,1.2733702750815356e-07,-3.5602629785046302e-06,-3.590749198777366e-10,3.837558714357949e-06,-7.983601721574688e-08,5.10653619244635e-09
gmat_two_body,numerical_two_body,EarthMJ2000Eq,40800.0,2026-05-10T08:28:00Z,1.2647458985301217e-06,-0.003625082955943748,-6.561112694746202e-10,0.0038902953697902616,-8.103178773148569e-08,3.854336545633006e-09
gmat_two_body,numerical_two_body,EarthMJ2000Eq,40860.0,2026-05-10T08:29:00Z,-1.5376312996767976e-06,-0.00362507797939625,-2.399631640429971e-10,0.0038902707043733664,-8.104498714547463e-08,3.779686888651763e-09
gmat_two_body,numerical_two_body,EarthMJ2000Eq,40920.0,2026-05-10T08:30:00Z,1.1779440789444801e-07,-3.5984036628117304e-06,1.037143010099813e-10,3.873222891812588e-06,-8.360590265271404e-08,3.0590945371012994e-09
gmat_two_body,numerical_two_body,EarthMJ2000Eq,40980.0,2026-05-10T08:31:00Z,-7.105197272612693e-06,-0.0036245227850695344,-9.133690770604815e-10,0.0038890503808178684,-8.429784578055081e-08,2.696911879518225e-09
gmat_two_body,numerical_two_body,EarthMJ2000Eq,41040.0,2026-05-10T08:32:00Z,-9.848217341611025e-06,-0.0036239756271855056,-9.756105485909564e-10,0.0038878599636992827,-8.406453230450982e-08,3.039081233119972e-09
gmat_two_body,numerical_two_body,EarthMJ2000Eq,41100.0,2026-05-10T08:33:00Z,1.0879726790054593e-07,-3.6350796400470196e-06,-1.3261588721002443e-09,3.9064409466310815e-06,-8.491691804792504e-08,5.36436830432513e-09
gmat_two_body,numerical_two_body,EarthMJ2000Eq,41160.0,2026-05-10T08:34:00Z,-1.5191305454681398e-05,-0.0036223525258900504,-9.725987080123834e-10,0.003884349618637566,-8.633748037097053e-08,4.811058297019036e-09
gmat_two_body,numerical_two_body,EarthMJ2000Eq,41220.0,2026-05-10T08:35:00Z,1.043719835418138e-07,-3.6578101599781567e-06,-9.056963774824736e-10,3.925439740721478e-06,-8.879586829841257e-08,7.23138004827964e-09
gmat_two_body,numerical_two_body,EarthMJ2000Eq,41280.0,2026-05-10T08:36:00Z,-2.026902938965835e-05,-0.00362005550103666,1.2720644623391504e-09,0.00387938891534643,-8.841351402387958e-08,6.196082188158194e-09
gmat_two_body,numerical_two_body,EarthMJ2000Eq,41340.0,2026-05-10T08:37:00Z,-2.2682745974168363e-05,-0.0036186630222561737,-4.319169366458301e-10,0.003876394766343132,-8.651297231188021e-08,6.847469410441993e-09
gmat_two_body,numerical_two_body,EarthMJ2000Eq,41400.0,2026-05-10T08:38:00Z,9.676002796356974e-08,-3.692185800358981e-06,-5.515660668098788e-10,3.95348860422848e-06,-8.913224132634574e-08,6.326898426446063e-09
gmat_two_body,numerical_two_body,EarthMJ2000Eq,41460.0,2026-05-10T08:39:00Z,-2.7207978349314444e-05,-0.0036154315714490583,-1.0841007148790823e-10,0.0038694440629441656,-8.945349423137911e-08,5.928422526348342e-09
gmat_two_body,numerical_two_body,EarthMJ2000Eq,41520.0,2026-05-10T08:40:00Z,-2.9300967513277818e-05,-0.0036136062639521363,4.033416520952759e-10,0.003865519818769365,-8.768041334008564e-08,5.60674921112875e-09
gmat_two_body,numerical_two_body,EarthMJ2000Eq,41580.0,2026-05-10T08:41:00Z,8.57982168385832e-08,-3.7267361539757942e-06,2.6213778352752467e-09,3.975349034280985e-06,-8.60163637508764e-08,5.436263091354356e-09
gmat_two_body,numerical_two_body,EarthMJ2000Eq,41640.0,2026-05-10T08:42:00Z,-3.309722648027874e-05,-0.003609576277620102,1.721103860423184e-09,0.003856872376055823,-8.544538444524095e-08,9.685937529221336e-09
gmat_two_body,numerical_two_body,EarthMJ2000Eq,41700.0,2026-05-10T08:43:00Z,8.012552620954654e-08,-3.7480336330411254e-06,3.964504936618902e-09,3.9902011452374095e-06,-8.407290950818752e-08,8.535692170008916e-09
gmat_two_body,numerical_two_body,EarthMJ2000Eq,41760.0,2026-05-10T08:44:00Z,-3.633661634793681e-05,-0.003605101732570609,5.858860422706361e-09,0.003847279817477296,-8.230441080834284e-08,7.476404152536165e-09
gmat_two_body,numerical_two_body,EarthMJ2000Eq,41820.0,2026-05-10T08:45:00Z,-3.772789684622821e-05,-0.0036027207542211554,5.046236188030687e-09,0.003842184459666163,-8.289398322280429e-08,8.387294620345042e-09
gmat_two_body,numerical_two_body,EarthMJ2000Eq,41880.0,2026-05-10T08:46:00Z,7.301476842908071e-08,-3.777407019212381e-06,6.5402775035361e-09,4.007988961446959e-06,-8.175041042017327e-08,9.013392083764735e-09
gmat_two_body,numerical_two_body,EarthMJ2000Eq,41940.0,2026-05-10T08:47:00Z,-4.003258181709696e-05,-0.0035977259797092204,6.913772333306907e-09,0.003831510413162132,-7.887457746778538e-08,7.78391817208412e-09
gmat_two_body,numerical_two_body,EarthMJ2000Eq,42000.0,2026-05-10T08:48:00Z,-4.093847206926295e-05,-0.0035951331782398304,9.307622218318479e-09,0.003825977890533862,-7.658208395554204e-08,9.78410506218695e-09
gmat_two_body,numerical_two_body,EarthMJ2000Eq,42060.0,2026-05-10T08:49:00Z,-4.167146729355007e-05,-0.0035924918965463187,8.36112948163365e-09,0.0038203434417589683,-7.571404939359967e-08,7.94912362990424e-09
gmat_two_body,numerical_two_body,EarthMJ2000Eq,42120.0,2026-05-10T08:50:00Z,-4.223472668863849e-05,-0.0035898118207111822,9.042098804041228e-09,0.003814632897758216,-7.64461233073921e-08,7.008386361498034e-09
gmat_two_body,numerical_two_body,EarthMJ2000Eq,42180.0,2026-05-10T08:51:00Z,6.152143680614772e-08,-3.821050743870023e-06,8.766342634894706e-09,4.0306605972152365e-06,-7.450580230663399e-08,7.202261775988463e-09
gmat_two_body,numerical_two_body,EarthMJ2000Eq,42240.0,2026-05-10T08:52:00Z,-4.283707382074597e-05,-0.0035843871701461247,8.377898889575043e-09,0.0038030847063544,-7.185132327210481e-08,7.50374538852328e-09
gmat_two_body,numerical_two_body,EarthMJ2000Eq,42300.0,2026-05-10T08:53:00Z,-4.2877768431780734e-05,-0.003581662393823145,9.388960553852867e-09,0.0037972930180006654,-6.947004142127325e-08,6.924946524153709e-09
gmat_two_body,numerical_two_body,EarthMJ2000Eq,42360.0,2026-05-10T08:54:00Z,5.5300834588728695e-08,-3.8461501872906004e-06,7.5443965824877e-09,4.044946294214716e-06,-6.789125484374605e-08,7.80986545126619e-09
gmat_two_body,numerical_two_body,EarthMJ2000Eq,42420.0,2026-05-10T08:55:00Z,-4.2441266171166605e-05,-0.0035762459027230582,8.262638043879466e-09,0.0037857900705980945,-6.47639149811178e-08,7.186509658441633e-09
gmat_two_body,numerical_two_body,EarthMJ2000Eq,42480.0,2026-05-10T08:56:00Z,-4.19650809767689e-05,-0.003573575033023369,8.237208552238863e-09,0.003780125813869364,-6.169834686178408e-08,5.713206584876898e-09
gmat_two_body,numerical_two_body,EarthMJ2000Eq,42540.0,2026-05-10T08:57:00Z,-4.1321212882886266e-05,-0.0035709411113780034,1.2216935278377999e-08,0.0037745480625748654,-6.269458093231946e-08,6.680240641294575e-09
gmat_two_body,numerical_two_body,EarthMJ2000Eq,42600.0,2026-05-10T08:58:00Z,-4.051465954235016e-05,-0.003568360704153317,1.0814700917698714e-08,0.003769080422168092,-5.767911089654603e-08,5.639229811199826e-09
gmat_two_body,numerical_two_body,EarthMJ2000Eq,42660.0,2026-05-10T08:59:00Z,4.794352410057899e-08,-3.879972255464439e-06,9.489066334041175e-09,4.063533233158695e-06,-5.537662622674059e-08,3.57559567147993e-09
gmat_two_body,numerical_two_body,EarthMJ2000Eq,42720.0,2026-05-10T09:00:00Z,-3.842301557256137e-05,-0.003563383939065337,1.0944585279247095e-08,0.0037585567256511305,-5.470050883928923e-08,4.451752633768361e-09
gmat_two_body,numerical_two_body,EarthMJ2000Eq,42780.0,2026-05-10T09:01:00Z,-3.714683097487846e-05,-0.0035610086878066654,1.1922386428568909e-08,0.0037535395243478383,-5.2331487296387244e-08,4.075837885628672e-09
gmat_two_body,numerical_two_body,EarthMJ2000Eq,42840.0,2026-05-10T09:02:00Z,4.6437495183784414e-08,-3.8970876624246005e-06,1.0510211988741934e-08,4.072182679949871e-06,-4.865583525032248e-08,3.1310685231742105e-09
gmat_two_body,numerical_two_body,EarthMJ2000Eq,42900.0,2026-05-10T09:03:00Z,-3.416810004393553e-05,-0.003556531975229117,1.0527551980816334e-08,0.003744089379576991,-4.690181355578818e-08,1.3681123973158507e-09
gmat_two_body,numerical_two_body,EarthMJ2000Eq,42960.0,2026-05-10T09:04:00Z,-3.2474602681702166e-05,-0.003554446524178372,1.0831176448459029e-08,0.0037396899526393615,-4.6721362996349975e-08,1.644482098276084e-09
gmat_two_body,numerical_two_body,EarthMJ2000Eq,43020.0,2026-05-10T09:05:00Z,-3.0657154521707e-05,-0.0035524732678236127,1.2276794950541398e-08,0.003735533314968776,-4.307869248920399e-08,-6.358880404631053e-10
gmat_two_body,numerical_two_body,EarthMJ2000Eq,43080.0,2026-05-10T09:06:00Z,-2.871981510897558e-05,-0.003550615953949735,1.1697140420883505e-08,0.0037316267939638413,-4.194322366438802e-08,-1.3331001196282977e-09
gmat_two_body,numerical_two_body,EarthMJ2000Eq,43140.0,2026-05-10T09:07:00Z,4.595542091942488e-08,-3.925329175631174e-06,1.0409995683871827e-08,4.094752445311484e-06,-3.789460671324314e-08,-3.527683304900577e-10
gmat_two_body,numerical_two_body,EarthMJ2000Eq,43200.0,2026-05-10T09:08:00Z,-2.452502045002528e-05,-0.0035472931110705993,1.1047699536609666e-08,0.0037246277884233135,-4.000567049539236e-08,-2.2226645991451734e-09
gmat_two_body,numerical_two_body,EarthMJ2000Eq,43260.0,2026-05-10T09:09:00Z,-2.2280861623570845e-05,-0.0035458341064250817,1.120786239303846e-08,0.0037215622150325563,-3.587378669650278e-08,-4.515307476632493e-09
gmat_two_body,numerical_two_body,EarthMJ2000Eq,43320.0,2026-05-10T09:10:00Z,5.0486649680535365e-08,-3.9408648485567025e-06,1.1963718629466627e-08,4.109903111233992e-06,-3.3319848253179956e-08,-3.6363475382645395e-09
gmat_two_body,numerical_two_body,EarthMJ2000Eq,43380.0,2026-05-10T09:11:00Z,-1.7547641729157792e-05,-0.003543355620995692,1.1806984541809246e-08,0.0037163471273017053,-3.332173893129458e-08,-5.107472733288359e-09
gmat_two_body,numerical_two_body,EarthMJ2000Eq,43440.0,2026-05-10T09:12:00Z,5.390168289950817e-08,-3.9509842784402885e-06,1.0911404873032811e-08,4.119841639019239e-06,-2.8832152322489324e-08,-5.754744259014115e-09
gmat_two_body,numerical_two_body,EarthMJ2000Eq,43500.0,2026-05-10T09:13:00Z,-1.2549268698960664e-05,-0.003541485039283039,1.1118863061024609e-08,0.003712412325487593,-3.1140134097103244e-08,-8.855118666761956e-09
gmat_two_body,numerical_two_body,EarthMJ2000Eq,43560.0,2026-05-10T09:14:00Z,-9.97357784233825e-06,-0.003540787204685595,1.1839402335420845e-08,0.003710943824242202,-2.7900160444709426e-08,-6.330395204843544e-09
gmat_two_body,numerical_two_body,EarthMJ2000Eq,43620.0,2026-05-10T09:15:00Z,5.680579428836651e-08,-3.96745575107257e-06,1.1011133154935527e-08,4.136677442844899e-06,-2.672328638530828e-08,-8.358038369248739e-09
gmat_two_body,numerical_two_body,EarthMJ2000Eq,43680.0,2026-05-10T09:16:00Z,-4.718025036438286e-06,-0.0035398770383245843,1.1778136180824519e-08,0.0037090257988562645,-2.6447725140668417e-08,-8.182225436837134e-09
gmat_two_body,numerical_two_body,EarthMJ2000Eq,43740.0,2026-05-10T09:17:00Z,-2.0575882174017447e-06,-0.0035396677108741844,1.0572132223558755e-08,0.003708582915035073,-2.4420039497883146e-08,-8.655562197427135e-09
gmat_two_body,numerical_two_body,EarthMJ2000Eq,43800.0,2026-05-10T09:18:00Z,5.853934402536055e-08,-3.983473497491446e-06,1.209053174626553e-08,4.1553944405250954e-06,-2.232925384474714e-08,-9.381303893034928e-09
gmat_two_body,numerical_two_body,EarthMJ2000Eq,43860.0,2026-05-10T09:19:00Z,3.277197632340175e-06,-0.003539746795358948,9.429963327187464e-09,0.003708738856918611,-1.9715125611447884e-08,-9.014610713851713e-09
gmat_two_body,numerical_two_body,EarthMJ2000Eq,43920.0,2026-05-10T09:20:00Z,6.543585887844794e-08,-3.993800082813818e-06,8.638166841261317e-09,4.169924734129973e-06,-2.0446128755101667e-08,-9.252775809693672e-09
gmat_two_body,numerical_two_body,EarthMJ2000Eq,43980.0,2026-05-10T09:21:00Z,8.56076556540062e-06,-0.00354048551783984,9.616331103850403e-09,0.0037102804350066356,-1.8196175846639023e-08,-9.442178198649724e-09
gmat_two_body,numerical_two_body,EarthMJ2000Eq,44040.0,2026-05-10T09:22:00Z,1.116206930552451e-05,-0.003541100852872424,7.473585923715404e-09,0.003711563748620458,-1.835900817404994e-08,-1.050038672041643e-08
gmat_two_body,numerical_two_body,EarthMJ2000Eq,44100.0,2026-05-10T09:23:00Z,7.094943840471606e-08,-4.009583753023038e-06,7.442210408785885e-09,4.19368262257539e-06,-1.6251402241444343e-08,-1.1920578959786639e-08
gmat_two_body,numerical_two_body,EarthMJ2000Eq,44160.0,2026-05-10T09:24:00Z,1.622848172123826e-05,-0.003542809321049672,4.826976030489758e-09,0.0037151389160289005,-1.718562418608351e-08,-1.0235525554936012e-08
gmat_two_body,numerical_two_body,EarthMJ2000Eq,44220.0,2026-05-10T09:25:00Z,1.867315430532314e-05,-0.003543896431609245,4.96568501006094e-09,0.003717417989389106,-1.644125479876816e-08,-9.659946869846126e-09
gmat_two_body,numerical_two_body,EarthMJ2000Eq,44280.0,2026-05-10T09:26:00Z,7.625374297665668e-08,-4.02759967298624e-06,5.2206348599787375e-09,4.219143022283485e-06,-1.340312446056511e-08,-1.1072853456581277e-08
gmat_two_body,numerical_two_body,EarthMJ2000Eq,44340.0,2026-05-10T09:27:00Z,2.334507088660793e-05,-0.0035465188756748567,3.6695401724666065e-09,0.0037229151451411203,-1.5772477271522232e-08,-1.0971435436967048e-08
gmat_two_body,numerical_two_body,EarthMJ2000Eq,44400.0,2026-05-10T09:28:00Z,8.220056802821492e-08,-4.038944760343987e-06,3.5424875960959882e-09,4.236878820143333e-06,-1.4284095865248988e-08,-1.0850697768223844e-08
gmat_two_body,numerical_two_body,EarthMJ2000Eq,44460.0,2026-05-10T09:29:00Z,2.7661647416339104e-05,-0.0035497070462759423,2.907398656331475e-09,0.003729609911905205,-1.4448562964097379e-08,-1.2097542789401289e-08
gmat_two_body,numerical_two_body,EarthMJ2000Eq,44520.0,2026-05-10T09:30:00Z,2.966680425460712e-05,-0.0035515005084721897,1.3346709233312125e-09,0.003733374525432944,-1.4613500249290826e-08,-1.0327071208485937e-08
gmat_two_body,numerical_two_body,EarthMJ2000Eq,44580.0,2026-05-10T09:31:00Z,8.645734251556581e-08,-4.056738062723479e-06,1.9643999149224246e-09,4.269400447874068e-06,-1.519321677557026e-08,-1.233551239868013e-08
gmat_two_body,numerical_two_body,EarthMJ2000Eq,44640.0,2026-05-10T09:32:00Z,3.332352572763959e-05,-0.0035554470011429228,3.0657340154596454e-09,0.003741677138415784,-1.4750849506473066e-08,-1.1429676547093406e-08
gmat_two_body,numerical_two_body,EarthMJ2000Eq,44700.0,2026-05-10T09:33:00Z,3.496485695494905e-05,-0.0035575913212153856,-4.225441151673278e-10,0.0037461847210019067,-1.7930117442222174e-08,-1.2565645009110181e-08
gmat_two_body,numerical_two_body,EarthMJ2000Eq,44760.0,2026-05-10T09:34:00Z,3.647050319468325e-05,-0.003559837503470799,-6.127217632295463e-10,0.003750908656387442,-1.797907664688526e-08,-1.3125357363992879e-08
gmat_two_body,numerical_two_body,EarthMJ2000Eq,44820.0,2026-05-10T09:35:00Z,3.783575254946294e-05,-0.0035621742173264008,-8.334112234356715e-10,0.0037558309896138283,-1.514309061159824e-08,-1.093860525595807e-08
gmat_two_body,numerical_two_body,EarthMJ2000Eq,44880.0,2026-05-10T09:36:00Z,9.892276777920518e-08,-4.092601744634244e-06,-3.393798974169996e-09,4.326258853735707e-06,-1.7071652773725406e-08,-1.0740981964703612e-08
gmat_two_body,numerical_two_body,EarthMJ2000Eq,44940.0,2026-05-10T09:37:00Z,4.0113035956050644e-05,-0.0035670917845877343,-4.45092046503503e-09,0.0037662028952926913,-2.0753585114095608e-08,-1.0435242066193472e-08
gmat_two_body,numerical_two_body,EarthMJ2000Eq,45000.0,2026-05-10T09:38:00Z,4.101832025996243e-05,-0.0035696543911956434,-5.720481471735385e-09,0.003771612133992806,-2.4762080797308625e-08,-1.1200764985990992e-08
gmat_two_body,numerical_two_body,EarthMJ2000Eq,45060.0,2026-05-10T09:39:00Z,1.0427521245814022e-07,-4.115430556654031e-06,-4.661623468670273e-09,4.362649193728345e-06,-2.4438560135704978e-08,-1.0525941057900345e-08
gmat_two_body,numerical_two_body,EarthMJ2000Eq,45120.0,2026-05-10T09:40:00Z,4.2338061401300074e-05,-0.0035749363787510725,-9.12743214410744e-09,0.0037827757350941097,-2.3034115653702124e-08,-9.563130433168638e-09
gmat_two_body,numerical_two_body,EarthMJ2000Eq,45180.0,2026-05-10T09:41:00Z,4.274594154121417e-05,-0.0035776363925690857,-8.529140075448866e-09,0.003788487337808113,-2.4446520229356153e-08,-9.76416190512237e-09
gmat_two_body,numerical_two_body,EarthMJ2000Eq,45240.0,2026-05-10T09:42:00Z,4.298351161354467e-05,-0.0035803599407882363,-9.431505582331451e-09,0.003794255233655274,-2.436604088403866e-08,-7.881192223429541e-09
gmat_two_body,numerical_two_body,EarthMJ2000Eq,45300.0,2026-05-10T09:43:00Z,4.3048529085936906e-05,-0.003583098007133029,-8.495845747155976e-09,0.003800056167374653,-2.6040721901911512e-08,-6.4068955150772035e-09
gmat_two_body,numerical_two_body,EarthMJ2000Eq,45360.0,2026-05-10T09:44:00Z,1.0884986904949568e-07,-4.155189842980194e-06,-9.5947544427688e-09,4.4302617271315065e-06,-2.5412925568514876e-08,-6.384434362680395e-09
gmat_two_body,numerical_two_body,EarthMJ2000Eq,45420.0,2026-05-10T09:45:00Z,4.265460952311359e-05,-0.003588570133665923,-1.0051753241344165e-08,0.0038116657181223416,-2.6498483076973856e-08,-2.369530809519105e-09
gmat_two_body,numerical_two_body,EarthMJ2000Eq,45480.0,2026-05-10T09:46:00Z,4.219632453164764e-05,-0.0035912828464149944,-1.1130254483989163e-08,0.00381742442857915,-2.9455209226444662e-08,-3.5774963273831497e-09
gmat_two_body,numerical_two_body,EarthMJ2000Eq,45540.0,2026-05-10T09:47:00Z,1.1135743243151379e-07,-4.181576814306336e-06,-1.1028745630283922e-08,4.470468281301199e-06,-3.081244039676706e-08,-3.2578226063356867e-09
gmat_two_body,numerical_two_body,EarthMJ2000Eq,45600.0,2026-05-10T09:48:00Z,4.076364642116934e-05,-0.0035966063135652675,-1.0985523822682107e-08,0.0038287362708240213,-3.1827925478000423e-08,-2.4557103354334504e-09
gmat_two_body,numerical_two_body,EarthMJ2000Eq,45660.0,2026-05-10T09:49:00Z,3.979375203624684e-05,-0.003599192512204868,-9.029584066628454e-09,0.00383423835784384,-3.195193450305193e-08,-2.513643863581874e-09
gmat_two_body,numerical_two_body,EarthMJ2000Eq,45720.0,2026-05-10T09:50:00Z,3.865675586163565e-05,-0.003601715665453023,-1.1390554757688596e-08,0.003839611928052893,-3.664373168717471e-08,-1.0321726409960946e-09
gmat_two_body,numerical_two_body,EarthMJ2000Eq,45780.0,2026-05-10T09:51:00Z,3.736039432908736e-05,-0.003604164189418458,-1.1821644292507308e-08,0.003844828989262083,-3.9639619262011475e-08,1.6870200515281643e-09
gmat_two_body,numerical_two_body,EarthMJ2000Eq,45840.0,2026-05-10T09:52:00Z,1.0983736843871322e-07,-4.2250674393753615e-06,-1.2068678785756663e-08,4.5340324592783675e-06,-3.6976364494130073e-08,1.326110210461134e-09
gmat_two_body,numerical_two_body,EarthMJ2000Eq,45900.0,2026-05-10T09:53:00Z,3.430501295420414e-05,-0.0036087947383043237,-1.1468703939240626e-08,0.0038546992772701674,-3.9957981925995996e-08,1.985026329212632e-09
gmat_two_body,numerical_two_body,EarthMJ2000Eq,45960.0,2026-05-10T09:54:00Z,3.255122229374806e-05,-0.0036109568012261603,-8.384746732889895e-09,0.0038593113006505173,-3.9410872137713376e-08,1.8573662817589377e-09
gmat_two_body,numerical_two_body,EarthMJ2000Eq,46020.0,2026-05-10T09:55:00Z,1.0662871267754747e-07,-4.254077720782156e-06,-1.025159787175107e-08,4.567857970957008e-06,-4.130711247217343e-08,-8.671882605959735e-11
gmat_two_body,numerical_two_body,EarthMJ2000Eq,46080.0,2026-05-10T09:56:00Z,2.8650988038807893e-05,-0.003614931102086301,-1.1768628223391975e-08,0.003867786348189449,-4.2969448986691485e-08,8.203526175130745e-10
gmat_two_body,numerical_two_body,EarthMJ2000Eq,46140.0,2026-05-10T09:57:00Z,1.0325253092664022e-07,-4.274501092845658e-06,-9.52715910780871e-09,4.593049775906237e-06,-4.334200447026582e-08,-2.8301283918989045e-11
gmat_two_body,numerical_two_body,EarthMJ2000Eq,46200.0,2026-05-10T09:58:00Z,2.425955958564596e-05,-0.0036183689531070757,-9.443189996533559e-09,0.003875135517828281,-4.5108491047456077e-08,1.0115109355012426e-09
gmat_two_body,numerical_two_body,EarthMJ2000Eq,46260.0,2026-05-10T09:59:00Z,2.190319987354615e-05,-0.0036198713296646265,-9.061075084223012e-09,0.0038783437006237468,-4.517600968604882e-08,1.6525827787240554e-09
gmat_two_body,numerical_two_body,EarthMJ2000Eq,46320.0,2026-05-10T10:00:00Z,1.0171912245504822e-07,-4.3024490230313455e-06,-9.793915662300553e-09,4.629630740120666e-06,-4.823454113534356e-08,2.070173898517239e-09
gmat_two_body,numerical_two_body,EarthMJ2000Eq,46380.0,2026-05-10T10:01:00Z,1.6920684059009782e-05,-0.003622404452908806,-9.462384334230306e-09,0.003883754766451897,-5.032884574704118e-08,2.708958314575458e-09
gmat_two_body,numerical_two_body,EarthMJ2000Eq,46440.0,2026-05-10T10:02:00Z,1.4313388441743333e-05,-0.0036234241310409017,-9.837780332916699e-09,0.003885930902575873,-5.367500867872504e-08,4.495656743630883e-09
gmat_two_body,numerical_two_body,EarthMJ2000Eq,46500.0,2026-05-10T10:03:00Z,9.590653383019405e-08,-4.3321020384616384e-06,-9.822847006978632e-09,4.660892758157241e-06,-5.2374594087099055e-08,3.8027031962139595e-09
gmat_two_body,numerical_two_body,EarthMJ2000Eq,46560.0,2026-05-10T10:04:00Z,8.92647880525119e-06,-0.003624945078464253,-8.552746515864786e-09,0.0038891781332399482,-5.055033788940882e-08,4.604935268918822e-09
gmat_two_body,numerical_two_body,EarthMJ2000Eq,46620.0,2026-05-10T10:05:00Z,8.837829235758499e-08,-4.349644233013946e-06,-9.469935071318054e-09,4.68143426507065e-06,-5.131355170157124e-08,6.008607894265315e-09
gmat_two_body,numerical_two_body,EarthMJ2000Eq,46680.0,2026-05-10T10:06:00Z,3.386381970432605e-06,-0.003625754747008367,-8.351318889811084e-09,0.0038908947503856245,-5.326433218274428e-08,7.315992680236882e-09
gmat_two_body,numerical_two_body,EarthMJ2000Eq,46740.0,2026-05-10T10:07:00Z,5.846658360889679e-07,-0.0036258883658252137,-1.0105039674091986e-08,0.0038911692732195705,-5.382532372777654e-08,8.215736891049366e-09
gmat_two_body,numerical_two_body,EarthMJ2000Eq,46800.0,2026-05-10T10:08:00Z,7.777496454275991e-08,-4.376766758671919e-06,-1.0220506904502367e-08,4.707703974390601e-06,-5.1969585297635246e-08,8.422469917154156e-09
gmat_two_body,numerical_two_body,EarthMJ2000Eq,46860.0,2026-05-10T10:09:00Z,-5.005921291289909e-06,-0.003625606825318051,-1.0450466960796077e-08,0.0038905454673303186,-5.28848906722046e-08,8.794002588400297e-09
gmat_two_body,numerical_two_body,EarthMJ2000Eq,46920.0,2026-05-10T10:10:00Z,-7.772373631665081e-06,-0.0036251941093990406,-9.029701527757744e-09,0.0038896483911968096,-5.608820174859013e-08,9.947961940984646e-09
gmat_two_body,numerical_two_body,EarthMJ2000Eq,46980.0,2026-05-10T10:11:00Z,6.849058230767575e-08,-4.399518295749217e-06,-8.20879597171101e-09,4.728364778630383e-06,-5.677789096199288e-08,1.0299343180819758e-08
gmat_two_body,numerical_two_body,EarthMJ2000Eq,47040.0,2026-05-10T10:12:00Z,-1.319507989615284e-05,-0.0036238325384473713,-7.1531960849579944e-09,0.003886705804556098,-5.717317203375462e-08,1.3809195391851388e-08
gmat_two_body,numerical_two_body,EarthMJ2000Eq,47100.0,2026-05-10T10:13:00Z,6.331382950520156e-08,-4.416237955441857e-06,-6.623134006016897e-09,4.740292790808556e-06,-5.59305503578151e-08,1.3999855705814676e-08
gmat_two_body,numerical_two_body,EarthMJ2000Eq,47160.0,2026-05-10T10:14:00Z,-1.8387589006295423e-05,-0.0036217825810264882,-6.094634119864107e-09,0.0038822904553633608,-5.815301562731365e-08,1.0406574073500961e-08
gmat_two_body,numerical_two_body,EarthMJ2000Eq,47220.0,2026-05-10T10:15:00Z,-2.087059397080108e-05,-0.0036205102203082534,-4.7348891029763e-09,0.00387955208596215,-5.734563027260377e-08,1.1732405706693361e-08
gmat_two_body,numerical_two_body,EarthMJ2000Eq,47280.0,2026-05-10T10:16:00Z,5.382278177615644e-08,-4.43789954506306e-06,-4.236779805544009e-09,4.7546588569093875e-06,-5.7254875946772045e-08,1.100158895339983e-08
gmat_two_body,numerical_two_body,EarthMJ2000Eq,47340.0,2026-05-10T10:17:00Z,-2.5554070671091693e-05,-0.003617497152509333,-5.2447592730984745e-09,0.003873079534472401,-5.9392969679826646e-08,9.32904203649372e-09
gmat_two_body,numerical_two_body,EarthMJ2000Eq,47400.0,2026-05-10T10:18:00Z,-2.7735229410194036e-05,-0.0036157732334457424,-4.721379152143083e-09,0.0038693767923930517,-5.757990714822322e-08,1.0394803998142214e-08
gmat_two_body,numerical_two_body,EarthMJ2000Eq,47460.0,2026-05-10T10:19:00Z,-2.9797547571940586e-05,-0.003613914128673214,-3.1895346385414728e-09,0.00386538739468541,-5.597994301659099e-08,1.0576211721121784e-08
gmat_two_body,numerical_two_body,EarthMJ2000Eq,47520.0,2026-05-10T10:20:00Z,-3.173457655022933e-05,-0.003611925449877607,-2.552554410109034e-09,0.0038611261640613104,-5.5666010167565166e-08,1.2671617157315137e-08
gmat_two_body,numerical_two_body,EarthMJ2000Eq,47580.0,2026-05-10T10:21:00Z,4.3896639434725605e-08,-4.469780634079164e-06,-1.973886472675121e-09,4.775047709506221e-06,-5.4652408696410845e-08,1.2319083974671208e-08
gmat_two_body,numerical_two_body,EarthMJ2000Eq,47640.0,2026-05-10T10:22:00Z,-3.5194450034663644e-05,-0.0036076025472253194,-2.4842889336430688e-09,0.0038518733860521755,-5.365212284493267e-08,1.4435158318533464e-08
gmat_two_body,numerical_two_body,EarthMJ2000Eq,47700.0,2026-05-10T10:23:00Z,-3.670317585044764e-05,-0.003605287597223908,-1.224196400463818e-10,0.0038469188429095702,-5.598376924313645e-08,1.2125708699540303e-08
gmat_two_body,numerical_two_body,EarthMJ2000Eq,47760.0,2026-05-10T10:24:00Z,3.710445702491074e-08,-4.485516743262374e-06,-5.245143765712048e-10,4.781578112830877e-06,-5.311724930400557e-08,1.4515392542332047e-08
gmat_two_body,numerical_two_body,EarthMJ2000Eq,47820.0,2026-05-10T10:25:00Z,-3.925632535119612e-05,-0.003600402041811161,4.985156388306053e-10,0.003836476904772648,-5.249103409854255e-08,1.2293977900966447e-08
gmat_two_body,numerical_two_body,EarthMJ2000Eq,47880.0,2026-05-10T10:26:00Z,-4.0286811686083106e-05,-0.0035978497439149394,8.450276600673886e-10,0.003831034795999386,-5.277051258309316e-08,1.6021349311303617e-08
gmat_two_body,numerical_two_body,EarthMJ2000Eq,47940.0,2026-05-10T10:27:00Z,-4.115250783031348e-05,-0.0035952424744672236,1.992635287865639e-09,0.0038254723940694944,-5.150592744834326e-08,1.5867494951935818e-08
gmat_two_body,numerical_two_body,EarthMJ2000Eq,48000.0,2026-05-10T10:28:00Z,-4.1846307309246456e-05,-0.0035925863598094973,4.2874517052934305e-09,0.003819816039538879,-5.229057061387874e-08,1.6579900159746286e-08
gmat_two_body,numerical_two_body,EarthMJ2000Eq,48060.0,2026-05-10T10:29:00Z,3.208917974388121e-08,-4.5121206994387785e-06,3.3675558218055164e-09,4.788357732655696e-06,-5.1391048716306814e-08,1.5221005832087983e-08
gmat_two_body,numerical_two_body,EarthMJ2000Eq,48120.0,2026-05-10T10:30:00Z,-4.271654587824083e-05,-0.003587184587958333,4.945659346160638e-09,0.003808318678436413,-5.119515727067449e-08,1.691035802553771e-08
gmat_two_body,numerical_two_body,EarthMJ2000Eq,48180.0,2026-05-10T10:31:00Z,-4.289054705742498e-05,-0.0035844597290037587,4.361201829148359e-09,0.003802523396883585,-5.016399617706216e-08,1.5963051036002932e-08
gmat_two_body,numerical_two_body,EarthMJ2000Eq,48240.0,2026-05-10T10:32:00Z,3.15652348772436e-08,-4.527221022644775e-06,5.6621354390321664e-09,4.792181151639067e-06,-4.893385169702149e-08,1.5569939880722806e-08
gmat_two_body,numerical_two_body,EarthMJ2000Eq,48300.0,2026-05-10T10:33:00Z,-4.2716983460568356e-05,-0.003579016118594681,4.881390870153758e-09,0.003790966032686606,-4.9575100639222676e-08,1.5982499797555146e-08
gmat_two_body,numerical_two_body,EarthMJ2000Eq,48360.0,2026-05-10T10:34:00Z,-4.236978011576079e-05,-0.0035763192172422117,5.65741740098181e-09,0.0037852448972271633,-4.855579982791003e-08,1.4835229626386063e-08
gmat_two_body,numerical_two_body,EarthMJ2000Eq,48420.0,2026-05-10T10:35:00Z,-4.185450045662243e-05,-0.003573654120281337,6.383392780579352e-09,0.0037795966237477775,-4.923182108361083e-08,1.3790001922172747e-08
gmat_two_body,numerical_two_body,EarthMJ2000Eq,48480.0,2026-05-10T10:36:00Z,-4.1172884473677205e-05,-0.003571032146943259,7.260925333173998e-09,0.0037740410300514562,-4.93197414064714e-08,1.40124483952208e-08
gmat_two_body,numerical_two_body,EarthMJ2000Eq,48540.0,2026-05-10T10:37:00Z,3.092911316986755e-08,-4.551458733941509e-06,8.077553457940178e-09,4.8010347822634396e-06,-4.7362252872024295e-08,1.119340822806897e-08
gmat_two_body,numerical_two_body,EarthMJ2000Eq,48600.0,2026-05-10T10:38:00Z,-3.932165917298069e-05,-0.0035659496653681496,9.609121710980642e-09,0.003763291801148804,-4.673311613808081e-08,1.1304410732460318e-08
gmat_two_body,numerical_two_body,EarthMJ2000Eq,48660.0,2026-05-10T10:39:00Z,-3.8160313362140856e-05,-0.003563511514696555,1.0684281001993497e-08,0.003758138506109629,-4.4722360733057376e-08,1.1800444434256146e-08
gmat_two_body,numerical_two_body,EarthMJ2000Eq,48720.0,2026-05-10T10:40:00Z,3.202747774181914e-08,-4.565645094424346e-06,1.2032917050677446e-08,4.803053600208809e-06,-4.543236240003059e-08,1.1346855509867172e-08
gmat_two_body,numerical_two_body,EarthMJ2000Eq,48780.0,2026-05-10T10:41:00Z,-3.53977613793521e-05,-0.0035588876429264284,1.0813924593778112e-08,0.00374837813585862,-4.296948701094347e-08,7.1479349884797775e-09
gmat_two_body,numerical_two_body,EarthMJ2000Eq,48840.0,2026-05-10T10:42:00Z,3.3595950922520175e-08,-4.574755433154e-06,9.452297587690763e-09,4.80854418000248e-06,-4.538238091308921e-08,8.433291815349632e-09
gmat_two_body,numerical_two_body,EarthMJ2000Eq,48900.0,2026-05-10T10:43:00Z,-3.208214370583589e-05,-0.003554656922553067,1.0094404952616604e-08,0.003739454373156891,-4.4984627912042414e-08,7.903863526172283e-09
gmat_two_body,numerical_two_body,EarthMJ2000Eq,48960.0,2026-05-10T10:44:00Z,-3.0236744535839004e-05,-0.003552709753575371,1.0130839056867964e-08,0.003735346236091584,-4.58842482511106e-08,8.256232148868912e-09
gmat_two_body,numerical_two_body,EarthMJ2000Eq,49020.0,2026-05-10T10:45:00Z,3.956835340769367e-08,-4.590521095325622e-06,1.2790195738154012e-08,4.815321680742128e-06,-4.421502852948339e-08,7.337812472201194e-09
gmat_two_body,numerical_two_body,EarthMJ2000Eq,49080.0,2026-05-10T10:46:00Z,-2.619906417506546e-05,-0.0035491848203165833,1.3868030635077622e-08,0.0037279205504411337,-4.2572117044498274e-08,7.458539031678803e-09
gmat_two_body,numerical_two_body,EarthMJ2000Eq,49140.0,2026-05-10T10:47:00Z,-2.4024828001222655e-05,-0.0035476198107876216,1.3686739088539336e-08,0.003724626080146371,-4.342994133491303e-08,4.516456345096931e-09
gmat_two_body,numerical_two_body,EarthMJ2000Eq,49200.0,2026-05-10T10:48:00Z,4.5939522333869914e-08,-4.607761847990329e-06,1.3680956790802095e-08,4.823902635074952e-06,-4.1298964317030496e-08,5.023097507380571e-09
gmat_two_body,numerical_two_body,EarthMJ2000Eq,49260.0,2026-05-10T10:49:00Z,-1.941369143579907e-05,-0.0035449141181988397,1.3576042516937731e-08,0.003718928325418728,-4.149766131814191e-08,4.9567443831336026e-09
gmat_two_body,numerical_two_body,EarthMJ2000Eq,49320.0,2026-05-10T10:50:00Z,5.102538774837334e-08,-4.618733009055509e-06,1.3646600215608143e-08,4.831440230899978e-06,-4.14466583210802e-08,2.8884222769081962e-09
gmat_two_body,numerical_two_body,EarthMJ2000Eq,49380.0,2026-05-10T10:51:00Z,-1.4506756879632678e-05,-0.0035428052071308728,1.3099379955240032e-08,0.003714492651174223,-4.1736045392622894e-08,1.9492860060273987e-10
gmat_two_body,numerical_two_body,EarthMJ2000Eq,49440.0,2026-05-10T10:52:00Z,-1.1967302139600374e-05,-0.003541984332582467,1.337191787826415e-08,0.003712765069189439,-4.1856063013345273e-08,1.2167390644521892e-09
gmat_two_body,numerical_two_body,EarthMJ2000Eq,49500.0,2026-05-10T10:53:00Z,5.5816408307880726e-08,-4.6359416108007425e-06,1.3913758022257483e-08,4.847799690914532e-06,-3.969326815738858e-08,2.503422582671286e-10
gmat_two_body,numerical_two_body,EarthMJ2000Eq,49560.0,2026-05-10T10:54:00Z,-6.758399129718601e-06,-0.0035408244116925535,1.42548081590427e-08,0.003710319451878078,-3.9149516239207366e-08,-2.165812695881242e-09
gmat_two_body,numerical_two_body,EarthMJ2000Eq,49620.0,2026-05-10T10:55:00Z,-4.1108863433781435e-06,-0.003540488364772912,1.4079515123654017e-08,0.003709608387237663,-3.921395501327113e-08,-3.047404634739608e-09
gmat_two_body,numerical_two_body,EarthMJ2000Eq,49680.0,2026-05-10T10:56:00Z,6.377509894743858e-08,-4.654163883208972e-06,1.4152932812467871e-08,4.8628197301877114e-06,-3.91601986568442e-08,-4.471816756000677e-09
gmat_two_body,numerical_two_body,EarthMJ2000Eq,49740.0,2026-05-10T10:57:00Z,1.2219240608511628e-06,-0.0035403130328135897,1.3483863493225984e-08,0.0037092277476977586,-3.4226369393628175e-08,-3.0879914604189873e-09
gmat_two_body,numerical_two_body,EarthMJ2000Eq,49800.0,2026-05-10T10:58:00Z,7.325088058637234e-08,-4.667350451234775e-06,1.2261685909588974e-08,4.878525705704169e-06,-3.556570418094479e-08,-4.513345464067327e-09
gmat_two_body,numerical_two_body,EarthMJ2000Eq,49860.0,2026-05-10T10:59:00Z,6.539946931747697e-06,-0.0035408003029488893,1.2366948954269056e-08,0.0037102351202703593,-3.500351157525061e-08,-5.764499760908796e-09
gmat_two_body,numerical_two_body,EarthMJ2000Eq,49920.0,2026-05-10T11:00:00Z,9.166067424817936e-06,-0.00354129044185246,1.2366373704548423e-08,0.0037112564058743337,-3.562564690867806e-08,-6.041785943556345e-09
gmat_two_body,numerical_two_body,EarthMJ2000Eq,49980.0,2026-05-10T11:01:00Z,7.972061057984528e-08,-4.686698056446098e-06,1.348384733671689e-08,4.902457650538754e-06,-3.6216926245706704e-08,-6.799909936865238e-09
gmat_two_body,numerical_two_body,EarthMJ2000Eq,50040.0,2026-05-10T11:02:00Z,1.4306014948767977e-05,-0.003542754362098251,1.3315892022803811e-08,0.003714315740593287,-3.328791584169796e-08,-7.820006539577095e-09
gmat_two_body,numerical_two_body,EarthMJ2000Eq,50100.0,2026-05-10T11:03:00Z,1.679880327470098e-05,-0.0035437253082617596,1.2280579671097253e-08,0.0037163422807291726,-3.2388810693411034e-08,-1.06197720857927e-08
gmat_two_body,numerical_two_body,EarthMJ2000Eq,50160.0,2026-05-10T11:04:00Z,1.9230016086715446e-05,-0.003544847896578691,1.300885983623812e-08,0.0037186958058933886,-3.062268016513916e-08,-9.968813628928192e-09
gmat_two_body,numerical_two_body,EarthMJ2000Eq,50220.0,2026-05-10T11:05:00Z,2.1588085567031543e-05,-0.003546121773826148,1.1557696825730796e-08,0.003721362216488382,-3.1629882194484424e-08,-1.0972298402698906e-08
gmat_two_body,numerical_two_body,EarthMJ2000Eq,50280.0,2026-05-10T11:06:00Z,9.255928150070063e-08,-4.722736322327043e-06,1.0884079965023335e-08,4.948156491561691e-06,-2.9328598512948335e-08,-1.2537866822232494e-08
gmat_two_body,numerical_two_body,EarthMJ2000Eq,50340.0,2026-05-10T11:07:00Z,2.604914246974786e-05,-0.0035490990023440273,1.0480469544778907e-08,0.0037276036861922154,-2.9397557485798807e-08,-1.2970044502915222e-08
gmat_two_body,numerical_two_body,EarthMJ2000Eq,50400.0,2026-05-10T11:08:00Z,2.8136480219841553e-05,-0.003550793884483954,9.561888181232553e-09,0.003731157307764675,-2.7902474052442522e-08,-1.2311398111357613e-08
gmat_two_body,numerical_two_body,EarthMJ2000Eq,50460.0,2026-05-10T11:09:00Z,9.708689015832136e-08,-4.745332397280208e-06,8.55107510402072e-09,4.979645960613774e-06,-2.8327141622561952e-08,-1.3314641023771156e-08
gmat_two_body,numerical_two_body,EarthMJ2000Eq,50520.0,2026-05-10T11:10:00Z,3.197890036149977e-05,-0.00355456203911817,8.30896292109803e-09,0.0037390683715722278,-2.683118998677682e-08,-1.649241888595009e-08
gmat_two_body,numerical_two_body,EarthMJ2000Eq,50580.0,2026-05-10T11:11:00Z,3.371777302190012e-05,-0.0035566219541575215,5.873719639002797e-09,0.0037433985583284163,-2.461636476482604e-08,-1.579548260544813e-08
gmat_two_body,numerical_two_body,EarthMJ2000Eq,50640.0,2026-05-10T11:12:00Z,3.5330827801509817e-05,-0.0035587900694358386,6.517327567787069e-09,0.003747958198636673,-2.7582520869129504e-08,-1.483782402957368e-08
gmat_two_body,numerical_two_body,EarthMJ2000Eq,50700.0,2026-05-10T11:13:00Z,3.680338452576257e-05,-0.0035610572328363126,3.0888147616057527e-09,0.003752730143635008,-2.4104864419567374e-08,-1.7472059304460237e-08
gmat_two_body,numerical_two_body,EarthMJ2000Eq,50760.0,2026-05-10T11:14:00Z,1.0581467762751493e-07,-4.786602577152928e-06,3.7108403029604824e-09,5.039364979338153e-06,-2.6832346618291928e-08,-1.8161674630900695e-08
gmat_two_body,numerical_two_body,EarthMJ2000Eq,50820.0,2026-05-10T11:15:00Z,3.931622066738918e-05,-0.003565855982760776,3.411021380791179e-09,0.003762840783981535,-2.503071960291667e-08,-1.7643329751654427e-08
gmat_two_body,numerical_two_body,EarthMJ2000Eq,50880.0,2026-05-10T11:16:00Z,4.0340689662115024e-05,-0.003568368771389856,-3.07313456349563e-10,0.0037681428074444454,-2.5730484750020293e-08,-1.805744762338587e-08
gmat_two_body,numerical_two_body,EarthMJ2000Eq,50940.0,2026-05-10T11:17:00Z,1.0922372531350777e-07,-4.81110343823905e-06,1.0577036561019998e-10,5.078357175502176e-06,-2.1588277783951806e-08,-1.764535038238299e-08
gmat_two_body,numerical_two_body,EarthMJ2000Eq,51000.0,2026-05-10T11:18:00Z,4.191252866968669e-05,-0.0035735751411374167,-2.099336150627524e-09,0.0037791410690452,-2.136977329798886e-08,-1.8452336405645627e-08
gmat_two_body,numerical_two_body,EarthMJ2000Eq,51060.0,2026-05-10T11:19:00Z,4.24514208767677e-05,-0.003576248880201613,-2.7858721307892935e-09,0.0037847933508814917,-2.1746898930805052e-08,-1.8814231110764477e-08
gmat_two_body,numerical_two_body,EarthMJ2000Eq,51120.0,2026-05-10T11:20:00Z,4.2822541977216366e-05,-0.003578955054779913,-2.9511060379480274e-09,0.0037905199307118687,-2.0465240032996157e-08,-1.666329738943085e-08
gmat_two_body,numerical_two_body,EarthMJ2000Eq,51180.0,2026-05-10T11:21:00Z,4.302091257498862e-05,-0.003581682725367727,-4.101073569417546e-09,0.0037962973656257082,-2.226667996393768e-08,-1.8239387088100184e-08
gmat_two_body,numerical_two_body,EarthMJ2000Eq,51240.0,2026-05-10T11:22:00Z,1.1044986262671717e-07,-4.850277251437176e-06,-7.052421632502892e-09,5.148688748660792e-06,-2.353217838301951e-08,-1.7803389175576833e-08
gmat_two_body,numerical_two_body,EarthMJ2000Eq,51300.0,2026-05-10T11:23:00Z,4.2890947426595996e-05,-0.003587161026010886,-8.592604058514805e-09,0.003807914721476204,-2.2467761422519224e-08,-1.632858718477248e-08
gmat_two_body,numerical_two_body,EarthMJ2000Eq,51360.0,2026-05-10T11:24:00Z,4.256793594617251e-05,-0.0035898909965006807,-6.7992154340356626e-09,0.003813708477933766,-2.237582510779941e-08,-1.5696893589218836e-08
gmat_two_body,numerical_two_body,EarthMJ2000Eq,51420.0,2026-05-10T11:25:00Z,1.1069482371934796e-07,-4.877043211133603e-06,-8.163473587059782e-09,5.190888004058079e-06,-2.2039118122347094e-08,-1.5117481142122805e-08
gmat_two_body,numerical_two_body,EarthMJ2000Eq,51480.0,2026-05-10T11:26:00Z,4.139736915656454e-05,-0.003595268989916785,-1.1193954844410407e-08,0.0038251372276195674,-2.280590949878441e-08,-1.3614375298474958e-08
gmat_two_body,numerical_two_body,EarthMJ2000Eq,51540.0,2026-05-10T11:27:00Z,1.1108093429730265e-07,-4.893919003229456e-06,-8.932992792083556e-09,5.219649717182015e-06,-2.1875552681333076e-08,-1.2712005813423929e-08
gmat_two_body,numerical_two_body,EarthMJ2000Eq,51600.0,2026-05-10T11:28:00Z,3.9549247016724326e-05,-0.0036004739236840844,-8.904229884853837e-09,0.003836207334999782,-2.4072368754210898e-08,-1.1309293415420867e-08
gmat_two_body,numerical_two_body,EarthMJ2000Eq,51660.0,2026-05-10T11:29:00Z,3.837588606157422e-05,-0.003602980233480596,-7.801420615361197e-09,0.0038415465149268246,-2.5963937678812247e-08,-1.1538588721636068e-08
gmat_two_body,numerical_two_body,EarthMJ2000Eq,51720.0,2026-05-10T11:30:00Z,1.0900129852506992e-07,-4.919171356589233e-06,-1.00259688243526e-08,5.261217013129584e-06,-2.6801782610516256e-08,-1.1934688681698803e-08
gmat_two_body,numerical_two_body,EarthMJ2000Eq,51780.0,2026-05-10T11:31:00Z,3.55518057150775e-05,-0.0036077497875113855,-1.0970605075189602e-08,0.0038517200996839762,-2.5400990928025924e-08,-1.118096329170041e-08
gmat_two_body,numerical_two_body,EarthMJ2000Eq,51840.0,2026-05-10T11:32:00Z,3.391523599519002e-05,-0.003609994709067962,-1.1852195206742702e-08,0.0038565044886877445,-2.746145808962484e-08,-1.2943528425497652e-08
gmat_two_body,numerical_two_body,EarthMJ2000Eq,51900.0,2026-05-10T11:33:00Z,1.0438985436246726e-07,-4.9440316887068365e-06,-1.2412749244640181e-08,5.301093643011852e-06,-2.7263693167029355e-08,-1.1479283177945212e-08
gmat_two_body,numerical_two_body,EarthMJ2000Eq,51960.0,2026-05-10T11:34:00Z,3.0216010299709843e-05,-0.0036141473498569354,-1.2360859390465756e-08,0.003865377928635781,-2.8655658836075695e-08,-1.1234760017227152e-08
gmat_two_body,numerical_two_body,EarthMJ2000Eq,52020.0,2026-05-10T11:35:00Z,1.0134945040446547e-07,-4.961683163779393e-06,-1.3911956694270342e-08,5.327728128900815e-06,-3.2565925772654244e-08,-8.299787306734332e-09
gmat_two_body,numerical_two_body,EarthMJ2000Eq,52080.0,2026-05-10T11:36:00Z,2.6003714154413017e-05,-0.003617800138441118,-1.4344746492406e-08,0.0038731831602012694,-3.3610265761242006e-08,-6.609023091298459e-09
gmat_two_body,numerical_two_body,EarthMJ2000Eq,52140.0,2026-05-10T11:37:00Z,2.372371038671545e-05,-0.003619417152032962,-1.4268095283883099e-08,0.0038766367393501784,-3.397579364709762e-08,-4.995578981574858e-09
gmat_two_body,numerical_two_body,EarthMJ2000Eq,52200.0,2026-05-10T11:38:00Z,9.50637807746455e-08,-4.9849087022050725e-06,-1.4164924214109348e-08,5.3641994375396055e-06,-3.597232259755006e-08,-4.828381367015931e-09
gmat_two_body,numerical_two_body,EarthMJ2000Eq,52260.0,2026-05-10T11:39:00Z,1.8874930486635302e-05,-0.0036221906837642886,-1.4642754316683294e-08,0.0038825734847000824,-3.8683711133250156e-08,-5.4957901404719085e-09
gmat_two_body,numerical_two_body,EarthMJ2000Eq,52320.0,2026-05-10T11:40:00Z,1.6325619712448655e-05,-0.00362333822273078,-1.6606163556655222e-08,0.003885025306446414,-3.910506578234052e-08,-2.9022537690678523e-09
gmat_two_body,numerical_two_body,EarthMJ2000Eq,52380.0,2026-05-10T11:41:00Z,8.844982096382513e-08,-5.009907317733292e-06,-1.5551633751514132e-08,5.397825003294255e-06,-4.3176993602101384e-08,-1.4986102631476695e-09
gmat_two_body,numerical_two_body,EarthMJ2000Eq,52440.0,2026-05-10T11:42:00Z,1.1023511732693803e-05,-0.0036251254861297904,-1.631284842301945e-08,0.0038888453259634886,-4.548521077581805e-08,3.6986146357808275e-10
gmat_two_body,numerical_two_body,EarthMJ2000Eq,52500.0,2026-05-10T11:43:00Z,8.37819416045433e-08,-5.026217992303256e-06,-1.5350702866070983e-08,5.416692174743095e-06,-4.555943126246035e-08,4.334827363769374e-12
gmat_two_body,numerical_two_body,EarthMJ2000Eq,52560.0,2026-05-10T11:44:00Z,5.530740826680236e-06,-0.0036262111755682547,-1.702708815329773e-08,0.0038911572218639605,-4.8331209860440766e-08,3.0181867287052576e-09
gmat_two_body,numerical_two_body,EarthMJ2000Eq,52620.0,2026-05-10T11:45:00Z,2.7440842757917322e-06,-0.003626483837325284,-1.528802975666742e-08,0.0038917340687792032,-5.259295603887242e-08,3.833196331043043e-09
gmat_two_body,numerical_two_body,EarthMJ2000Eq,52680.0,2026-05-10T11:46:00Z,7.209782640023968e-08,-5.050736832110325e-06,-1.7488500071220712e-08,5.442839252959754e-06,-5.2833480087723266e-08,3.817403473583011e-09
gmat_two_body,numerical_two_body,EarthMJ2000Eq,52740.0,2026-05-10T11:47:00Z,-2.8560771740083315e-06,-0.0036264823621463996,-1.4599094413381017e-08,0.003891713780233267,-5.556082152214808e-08,4.168074245743427e-09
gmat_two_body,numerical_two_body,EarthMJ2000Eq,52800.0,2026-05-10T11:48:00Z,-5.6403121249073e-06,-0.003626208074296384,-1.4765474604933314e-08,0.0038911148443584232,-5.585595659885092e-08,5.586990925674053e-09
gmat_two_body,numerical_two_body,EarthMJ2000Eq,52860.0,2026-05-10T11:49:00Z,-8.402741076125167e-06,-0.003625752380808636,-1.6240975964744304e-08,0.003890130320560157,-5.512760503328035e-08,5.98616388549952e-09
gmat_two_body,numerical_two_body,EarthMJ2000Eq,52920.0,2026-05-10T11:50:00Z,-1.1128552843755998e-05,-0.003625121464957587,-1.6237109212965034e-08,0.0038887599935288806,-5.750284746733668e-08,8.076977660827553e-09
gmat_two_body,numerical_two_body,EarthMJ2000Eq,52980.0,2026-05-10T11:51:00Z,5.71743185948948e-08,-5.087587853721136e-06,-1.6801942235162517e-08,5.472039126342509e-06,-5.888818936084228e-08,9.973693325071623e-09
gmat_two_body,numerical_two_body,EarthMJ2000Eq,53040.0,2026-05-10T11:52:00Z,-1.6420547859038062e-05,-0.0036233320328565386,-1.6079391891638586e-08,0.0038849023177991407,-5.829975350950774e-08,1.110434535064508e-08
gmat_two_body,numerical_two_body,EarthMJ2000Eq,53100.0,2026-05-10T11:53:00Z,-1.896419480411622e-05,-0.0036221852681946475,-1.436057910096597e-08,0.003882430894039729,-5.981724188241183e-08,1.2690896740528051e-08
gmat_two_body,numerical_two_body,EarthMJ2000Eq,53160.0,2026-05-10T11:54:00Z,4.998889170861097e-08,-5.1088852139030955e-06,-1.4581382612610788e-08,5.483422243373746e-06,-6.00880566332964e-08,1.36690723272402e-08
gmat_two_body,numerical_two_body,EarthMJ2000Eq,53220.0,2026-05-10T11:55:00Z,-2.3800692667245226e-05,-0.00361940921321568,-1.4603549403495892e-08,0.0038764649924017494,-6.20355872005916e-08,1.4202836440929422e-08
gmat_two_body,numerical_two_body,EarthMJ2000Eq,53280.0,2026-05-10T11:56:00Z,-2.606616343091512e-05,-0.003617795812957743,-1.2789031642097378e-08,0.0038729961364898993,-6.093445594622576e-08,1.408654352763848e-08
gmat_two_body,numerical_two_body,EarthMJ2000Eq,53340.0,2026-05-10T11:57:00Z,-2.822181269037736e-05,-0.0036160408846298768,-1.0547147500660184e-08,0.0038692253726110926,-5.98337813235788e-08,1.4526307462074485e-08
gmat_two_body,numerical_two_body,EarthMJ2000Eq,53400.0,2026-05-10T11:58:00Z,-3.0256049837397175e-05,-0.003614153412070567,-7.394291551209936e-09,0.0038651685268681854,-5.967524589701219e-08,1.660891401102517e-08
gmat_two_body,numerical_two_body,EarthMJ2000Eq,53460.0,2026-05-10T11:59:00Z,3.6624480130287794e-08,-5.142819891841477e-06,-7.956154855664403e-09,5.4958656959678875e-06,-5.8728475902445185e-08,1.5540300525805478e-08
gmat_two_body,numerical_two_body,EarthMJ2000Eq,53520.0,2026-05-10T12:00:00Z,-3.3934618102691e-05,-0.003610003461678541,-6.9193105563768176e-09,0.003856279282954335,-5.754181321009418e-08,1.597712601126107e-08
gmat_two_body,numerical_two_body,EarthMJ2000Eq,53580.0,2026-05-10T12:01:00Z,-3.556047385295498e-05,-0.003607763997228369,-5.5926033370775604e-09,0.003851485834720924,-5.7289716520470863e-08,1.6982473842290464e-08
gmat_two_body,numerical_two_body,EarthMJ2000Eq,53640.0,2026-05-10T12:02:00Z,2.7101188022888375e-08,-5.159961411444804e-06,-5.338636543913716e-09,5.499120571039624e-06,-5.689575503400155e-08,1.7152699210025073e-08
gmat_two_body,numerical_two_body,EarthMJ2000Eq,53700.0,2026-05-10T12:03:00Z,-3.836027238283551e-05,-0.0036030027100423185,-3.999037119737514e-09,0.003841308371837958,-5.611321519596992e-08,1.8549272589279587e-08
gmat_two_body,numerical_two_body,EarthMJ2000Eq,53760.0,2026-05-10T12:04:00Z,-3.9517205277829296e-05,-0.0036005049786295377,-4.179907069602347e-09,0.003835969144634425,-5.558574686176454e-08,1.8379571237326167e-08
gmat_two_body,numerical_two_body,EarthMJ2000Eq,53820.0,2026-05-10T12:05:00Z,-4.0512407074163536e-05,-0.0035979362691449003,-2.6890155505854513e-09,0.0038304914043421727,-5.715234958070037e-08,1.5560038839683633e-08
gmat_two_body,numerical_two_body,EarthMJ2000Eq,53880.0,2026-05-10T12:06:00Z,-4.1339026493774824e-05,-0.0035953166312054268,-2.230206385337569e-09,0.0038249048184203402,-5.542807105617974e-08,1.6644056953936292e-08
gmat_two_body,numerical_two_body,EarthMJ2000Eq,53940.0,2026-05-10T12:07:00Z,1.712879405820362e-08,-5.181577627828614e-06,4.4843073602341633e-10,5.494519129871652e-06,-5.322674013138967e-08,1.5168151983251918e-08
gmat_two_body,numerical_two_body,EarthMJ2000Eq,54000.0,2026-05-10T12:08:00Z,-4.247918851253732e-05,-0.0035899560654099874,7.922195709653205e-10,0.003813486879746599,-5.2678385052650056e-08,1.498147105545601e-08
gmat_two_body,numerical_two_body,EarthMJ2000Eq,54060.0,2026-05-10T12:09:00Z,-4.279065425975188e-05,-0.0035872387485253914,2.401917272229018e-09,0.003807704951710613,-5.017218422515361e-08,1.5024057842556323e-08
gmat_two_body,numerical_two_body,EarthMJ2000Eq,54120.0,2026-05-10T12:10:00Z,1.1730366293260484e-08,-5.194035838980732e-06,2.1844163743430183e-09,5.489228342156799e-06,-5.1079978701639707e-08,1.6134491223601205e-08
gmat_two_body,numerical_two_body,EarthMJ2000Eq,54180.0,2026-05-10T12:11:00Z,-4.2888591938820355e-05,-0.003581783708649585,2.91101332051773e-09,0.0037961138770564846,-4.723039142236305e-08,1.445003009785052e-08
gmat_two_body,numerical_two_body,EarthMJ2000Eq,54240.0,2026-05-10T12:12:00Z,7.501095409082009e-09,-5.200376497742089e-06,5.025969844962334e-09,5.487439337064069e-06,-4.567259206261176e-08,1.4712577493003941e-08
gmat_two_body,numerical_two_body,EarthMJ2000Eq,54300.0,2026-05-10T12:13:00Z,-4.2293222211186995e-05,-0.0035763749616580924,6.695399381050701e-09,0.0037846433233544438,-4.545444835607599e-08,1.4787528629505723e-08
gmat_two_body,numerical_two_body,EarthMJ2000Eq,54360.0,2026-05-10T12:14:00Z,-4.173752652496564e-05,-0.003573717237589881,7.354664168375751e-09,0.003779009357312269,-4.098412039430929e-08,1.3015224293303362e-08
gmat_two_body,numerical_two_body,EarthMJ2000Eq,54420.0,2026-05-10T12:15:00Z,8.318134506604645e-09,-5.209870925999655e-06,8.029273753378536e-09,5.480500202727931e-06,-4.0916897494968353e-08,1.2576892708401043e-08
gmat_two_body,numerical_two_body,EarthMJ2000Eq,54480.0,2026-05-10T12:16:00Z,-4.0135847299547176e-05,-0.003568543028400261,8.298512902991852e-09,0.0037680588895265517,-3.74492553138987e-08,1.3099408157274803e-08
gmat_two_body,numerical_two_body,EarthMJ2000Eq,54540.0,2026-05-10T12:17:00Z,-3.90951354506367e-05,-0.003566045681473061,8.97958334456325e-09,0.0037627841906321333,-3.693000337317057e-08,1.2348120601195039e-08
gmat_two_body,numerical_two_body,EarthMJ2000Eq,54600.0,2026-05-10T12:18:00Z,7.633833508056361e-09,-5.218027307943109e-06,1.0655230380902885e-08,5.479276661699959e-06,-3.711826193951569e-08,1.0426232236742492e-08
gmat_two_body,numerical_two_body,EarthMJ2000Eq,54660.0,2026-05-10T12:19:00Z,-3.655932889670189e-05,-0.0035612854886550604,9.549619356178235e-09,0.0037527295362786333,-3.4850592963088036e-08,9.413042827662918e-09
gmat_two_body,numerical_two_body,EarthMJ2000Eq,54720.0,2026-05-10T12:20:00Z,9.19992254611989e-09,-5.2234244363884594e-06,9.869219467691752e-09,5.475019973107332e-06,-3.200360578184266e-08,9.33346511714564e-09
gmat_two_body,numerical_two_body,EarthMJ2000Eq,54780.0,2026-05-10T12:21:00Z,-3.3451194667384794e-05,-0.003556892111299067,1.177175975142006e-08,0.003743457641345759,-2.910448569755175e-08,1.002114171476779e-08
gmat_two_body,numerical_two_body,EarthMJ2000Eq,54840.0,2026-05-10T12:22:00Z,-3.170020574965158e-05,-0.0035548525873071615,9.971239887101282e-09,0.0037391606061529196,-2.996379009578906e-08,9.366483887207877e-09
gmat_two_body,numerical_two_body,EarthMJ2000Eq,54900.0,2026-05-10T12:23:00Z,1.3595756002963985e-08,-5.231487125633142e-06,1.1524652036116877e-08,5.473987420849804e-06,-2.5774077247334846e-08,8.935138240975488e-09
gmat_two_body,numerical_two_body,EarthMJ2000Eq,54960.0,2026-05-10T12:24:00Z,-2.783607403451846e-05,-0.0035511280097095723,1.0434424554880566e-08,0.0037313181749018226,-2.3891408062847108e-08,1.0963113338893584e-08
gmat_two_body,numerical_two_body,EarthMJ2000Eq,55020.0,2026-05-10T12:25:00Z,-2.5741132752186163e-05,-0.003549458872656813,1.6116426535632104e-08,0.003727801936740563,-2.1562051597536717e-08,9.400803641221589e-09
gmat_two_body,numerical_two_body,EarthMJ2000Eq,55080.0,2026-05-10T12:26:00Z,1.7632404526510788e-08,-5.240507357515767e-06,1.4925745343223122e-08,5.474828640691768e-06,-2.0217861340069492e-08,8.073237148062352e-09
gmat_two_body,numerical_two_body,EarthMJ2000Eq,55140.0,2026-05-10T12:27:00Z,-2.12622627770564e-05,-0.003546525673617036,1.536720831658147e-08,0.003721639138342542,-1.6188362217595388e-08,8.657917261901569e-09
gmat_two_body,numerical_two_body,EarthMJ2000Eq,55200.0,2026-05-10T12:28:00Z,2.326991294004027e-08,-5.246207812001474e-06,1.7378993770188776e-08,5.479018069733026e-06,-1.3867002506897777e-08,6.455718669746625e-09
gmat_two_body,numerical_two_body,EarthMJ2000Eq,55260.0,2026-05-10T12:29:00Z,-1.645945397052776e-05,-0.003544177426426659,1.9204329192572616e-08,0.003716705154744316,-1.4644368660182568e-08,3.0404091000568463e-09
gmat_two_body,numerical_two_body,EarthMJ2000Eq,55320.0,2026-05-10T12:30:00Z,-1.3961366560454734e-05,-0.0035432310128818193,1.812839748620652e-08,0.003714719335335136,-1.3231863889588506e-08,1.7033967089531096e-09
gmat_two_body,numerical_two_body,EarthMJ2000Eq,55380.0,2026-05-10T12:31:00Z,2.9408236180511744e-08,-5.254558303912818e-06,1.9504768410344705e-08,5.488668764523761e-06,-1.3498159797053903e-08,5.520514528801466e-10
gmat_two_body,numerical_two_body,EarthMJ2000Eq,55440.0,2026-05-10T12:32:00Z,-8.8139644445561e-06,-0.0035418154676212462,1.9870904608821794e-08,0.003711745445830658,-1.2711007706327632e-08,-1.1233474186058044e-09
gmat_two_body,numerical_two_body,EarthMJ2000Eq,55500.0,2026-05-10T12:33:00Z,-6.185066291242723e-06,-0.003541349832410932,1.889264979637599e-08,0.0037107666646138586,-9.800698224831448e-09,-3.095892569688905e-09
gmat_two_body,numerical_two_body,EarthMJ2000Eq,55560.0,2026-05-10T12:34:00Z,-3.535421896432124e-06,-0.0035410491085985383,1.9228299520672017e-08,0.003710134140021257,-7.972613813019076e-09,-4.816284989145203e-09
gmat_two_body,numerical_two_body,EarthMJ2000Eq,55620.0,2026-05-10T12:35:00Z,-8.683941087740435e-07,-0.0035409115686696863,1.887813771789826e-08,0.0037098465705336097,-4.436542691539762e-09,-4.8065239582709004e-09
gmat_two_body,numerical_two_body,EarthMJ2000Eq,55680.0,2026-05-10T12:36:00Z,4.340804907667449e-08,-5.267852934982648e-06,1.8720410472176283e-08,5.507671607523571e-06,-4.048438177168576e-09,-4.971098192232675e-09
gmat_two_body,numerical_two_body,EarthMJ2000Eq,55740.0,2026-05-10T12:37:00Z,4.465355080301077e-06,-0.0035411365211619516,1.8688147095134312e-08,0.0037103142365860404,-3.728284255635116e-09,-8.616273154952932e-09
gmat_two_body,numerical_two_body,EarthMJ2000Eq,55800.0,2026-05-10T12:38:00Z,7.112847871669238e-06,-0.003541495926624008,1.8136836481389245e-08,0.0037110689426713933,-2.7112334918074876e-09,-8.055844378734906e-09
gmat_two_body,numerical_two_body,EarthMJ2000Eq,55860.0,2026-05-10T12:39:00Z,5.4384302520334433e-08,-5.278176610754512e-06,1.633287306815956e-08,5.525447594796921e-06,-2.9548933763186344e-09,-7.962580427341693e-09
gmat_two_body,numerical_two_body,EarthMJ2000Eq,55920.0,2026-05-10T12:40:00Z,1.2317699810440764e-05,-0.0035427059374439737,1.6445644655644522e-08,0.0037136025106945946,-3.363378532488162e-09,-1.0889455384664527e-08
gmat_two_body,numerical_two_body,EarthMJ2000Eq,55980.0,2026-05-10T12:41:00Z,1.4855720675487019e-05,-0.003543551256057071,1.5739563221241787e-08,0.0037153752727405007,-2.283595576871318e-09,-1.0328194555378249e-08
gmat_two_body,numerical_two_body,EarthMJ2000Eq,56040.0,2026-05-10T12:42:00Z,1.733713175886557e-05,-0.003544554372334741,1.4020259206728663e-08,0.003717476925390343,-9.63440500062098e-10,-1.2027349020841899e-08
gmat_two_body,numerical_two_body,EarthMJ2000Eq,56100.0,2026-05-10T12:43:00Z,1.9752316495707477e-05,-0.0035457082830749765,1.409984348684824e-08,0.003719900007982752,-2.153914274299771e-09,-1.1882488248160598e-08
gmat_two_body,numerical_two_body,EarthMJ2000Eq,56160.0,2026-05-10T12:44:00Z,7.033239054676736e-08,-5.297321050224954e-06,1.367995159858018e-08,5.5680364705016504e-06,-2.2922442478657392e-09,-1.238929060972776e-08
gmat_two_body,numerical_two_body,EarthMJ2000Eq,56220.0,2026-05-10T12:45:00Z,2.4350844683829506e-05,-0.0035484595000061037,1.3472723084663701e-08,0.0037256802977430918,-1.8188757109914665e-09,-1.2834159866304626e-08
gmat_two_body,numerical_two_body,EarthMJ2000Eq,56280.0,2026-05-10T12:46:00Z,2.6517356381526873e-05,-0.0035500462324944424,1.3432004894388229e-08,0.0037290149654314667,-5.731203814646492e-09,-1.4141650289293415e-08
gmat_two_body,numerical_two_body,EarthMJ2000Eq,56340.0,2026-05-10T12:47:00Z,8.110496530392843e-08,-5.311774282431325e-06,1.1628670232402142e-08,5.600038613687523e-06,-5.768912702178272e-09,-1.5962818703743494e-08
gmat_two_body,numerical_two_body,EarthMJ2000Eq,56400.0,2026-05-10T12:48:00Z,3.0534022673083906e-05,-0.003553616680025213,1.0859247127689635e-08,0.0037365158640555274,-6.176932137525948e-09,-1.6381091157799735e-08
gmat_two_body,numerical_two_body,EarthMJ2000Eq,56460.0,2026-05-10T12:49:00Z,3.237504813793329e-05,-0.00355558723562581,9.748702867513298e-09,0.003740660101370245,-5.579147585767538e-09,-1.8601268864075867e-08
gmat_two_body,numerical_two_body,EarthMJ2000Eq,56520.0,2026-05-10T12:50:00Z,3.4091611600416426e-05,-0.0035576698873839565,1.0059005233565486e-08,0.003745044093184699,-6.573601238852913e-09,-1.6380049618604716e-08
gmat_two_body,numerical_two_body,EarthMJ2000Eq,56580.0,2026-05-10T12:51:00Z,3.566902913159125e-05,-0.003559859434554799,7.600179511097618e-09,0.0037496530563551,-9.57397036316052e-09,-2.0045701339206262e-08
gmat_two_body,numerical_two_body,EarthMJ2000Eq,56640.0,2026-05-10T12:52:00Z,9.983828008371639e-08,-5.341596458144955e-06,5.6421185626296805e-09,5.660008807409912e-06,-1.1374040150443687e-08,-2.0506195066285385e-08
gmat_two_body,numerical_two_body,EarthMJ2000Eq,56700.0,2026-05-10T12:53:00Z,3.841255268550687e-05,-0.0035645237566636558,3.3691301854090307e-09,0.003759481523781716,-1.4705839431109348e-08,-2.0575205276184013e-08
gmat_two_body,numerical_two_body,EarthMJ2000Eq,56760.0,2026-05-10T12:54:00Z,3.956280619229531e-05,-0.0035669805151397178,1.5699393215019668e-09,0.0037646656843098483,-1.5550952409133658e-08,-2.14496353996857e-08
gmat_two_body,numerical_two_body,EarthMJ2000Eq,56820.0,2026-05-10T12:55:00Z,1.1267548671444588e-07,-5.364830884069191e-06,6.964083342139019e-10,5.702866779384834e-06,-1.876569830773273e-08,-2.1627393842219823e-08
gmat_two_body,numerical_two_body,EarthMJ2000Eq,56880.0,2026-05-10T12:56:00Z,4.138882550156109e-05,-0.003572099943779778,-2.551052782476845e-09,0.0037754731479110993,-2.039623546638297e-08,-2.338044588377651e-08
gmat_two_body,numerical_two_body,EarthMJ2000Eq,56940.0,2026-05-10T12:57:00Z,1.204269358375802e-07,-5.382529078944585e-06,-2.1875628156271184e-09,5.733977858784642e-06,-2.3077147150472153e-08,-2.1544407867573342e-08
gmat_two_body,numerical_two_body,EarthMJ2000Eq,57000.0,2026-05-10T12:58:00Z,4.25622172646101e-05,-0.003577423295683421,-3.8517418175784755e-09,0.003786728889321719,-2.4099181288093525e-08,-2.2022733592733522e-08
gmat_two_body,numerical_two_body,EarthMJ2000Eq,57060.0,2026-05-10T12:59:00Z,4.289585015890627e-05,-0.0035801367454238514,-4.935006577218946e-09,0.003792470240934736,-2.835137447901956e-08,-2.2269675673799475e-08
gmat_two_body,numerical_two_body,EarthMJ2000Eq,57120.0,2026-05-10T13:00:00Z,1.27609087223803e-07,-5.410820363389616e-06,-5.849824356385739e-09,5.78094581998923e-06,-2.8671579671737796e-08,-2.246291352939916e-08
gmat_two_body,numerical_two_body,EarthMJ2000Eq,57180.0,2026-05-10T13:01:00Z,4.304409815866868e-05,-0.003585612804956343,-6.7511505880895955e-09,0.0038040689044101716,-3.3261450553635286e-08,-2.1418653896815707e-08
gmat_two_body,numerical_two_body,EarthMJ2000Eq,57240.0,2026-05-10T13:02:00Z,4.285569484871637e-05,-0.003588353687248032,-7.365273282933407e-09,0.0038098792234223283,-3.4732517343173214e-08,-2.1964455056030204e-08
gmat_two_body,numerical_two_body,EarthMJ2000Eq,57300.0,2026-05-10T13:03:00Z,1.341003220858553e-07,-5.4430188616739375e-06,-8.24568542131499e-09,5.829818463376316e-06,-3.81475195971652e-08,-2.1451208596926033e-08
gmat_two_body,numerical_two_body,EarthMJ2000Eq,57360.0,2026-05-10T13:04:00Z,4.195598994526261e-05,-0.0035937845829142755,-7.782021368483108e-09,0.003821403991418751,-4.1773522575064446e-08,-2.104977218441903e-08
gmat_two_body,numerical_two_body,EarthMJ2000Eq,57420.0,2026-05-10T13:05:00Z,1.3786615386331715e-07,-5.4651046219304345e-06,-1.0022569001661041e-08,5.86218749506653e-06,-4.398358517365755e-08,-2.1242793339262633e-08
gmat_two_body,numerical_two_body,EarthMJ2000Eq,57480.0,2026-05-10T13:06:00Z,4.037447262799812e-05,-0.003599070753339035,-1.1162000786673172e-08,0.003832641684991205,-4.84689656074109e-08,-2.0963479609591524e-08
gmat_two_body,numerical_two_body,EarthMJ2000Eq,57540.0,2026-05-10T13:07:00Z,3.93293831783357e-05,-0.0036016335834717244,-1.2335806702622879e-08,0.0038380924336104995,-5.052849240253402e-08,-1.874595158553578e-08
gmat_two_body,numerical_two_body,EarthMJ2000Eq,57600.0,2026-05-10T13:08:00Z,1.4257442817353874e-07,-5.50167337414029e-06,-1.404819924737615e-08,5.91259837030354e-06,-5.591418585679726e-08,-1.8680835618759607e-08
gmat_two_body,numerical_two_body,EarthMJ2000Eq,57660.0,2026-05-10T13:09:00Z,3.675192268349118e-05,-0.003606541776500008,-1.555923501645128e-08,0.0038485404997683713,-5.790220527785664e-08,-1.8050473684114155e-08
gmat_two_body,numerical_two_body,EarthMJ2000Eq,57720.0,2026-05-10T13:10:00Z,3.523192334938253e-05,-0.0036088658498183526,-1.7657852226894137e-08,0.0038534936037991196,-6.144742096047199e-08,-1.588420031521976e-08
gmat_two_body,numerical_two_body,EarthMJ2000Eq,57780.0,2026-05-10T13:11:00Z,1.4461800721497882e-07,-5.539283313168245e-06,-1.7914306343938634e-08,5.962513791184143e-06,-6.425642392908715e-08,-1.3818610925508599e-08
gmat_two_body,numerical_two_body,EarthMJ2000Eq,57840.0,2026-05-10T13:12:00Z,3.175150664362387e-05,-0.0036132068209258814,-1.8335132311223053e-08,0.003862744587535362,-6.553710298660516e-08,-1.1714142098904206e-08
gmat_two_body,numerical_two_body,EarthMJ2000Eq,57900.0,2026-05-10T13:13:00Z,1.4396653331641732e-07,-5.567465736032391e-06,-1.9553532689382143e-08,5.995575447080614e-06,-6.974873669031475e-08,-1.1132666406352058e-08
gmat_two_body,numerical_two_body,EarthMJ2000Eq,57960.0,2026-05-10T13:14:00Z,2.772976506515996e-05,-0.0036170690481888597,-1.9146322908542423e-08,0.0038709855526017343,-7.056932020150364e-08,-7.93735698713824e-09
gmat_two_body,numerical_two_body,EarthMJ2000Eq,58020.0,2026-05-10T13:15:00Z,2.5540588093520767e-05,-0.003618802247614361,-2.1438237942193733e-08,0.0038746805399003173,-7.523358705808999e-08,-7.246741895662947e-09
gmat_two_body,numerical_two_body,EarthMJ2000Eq,58080.0,2026-05-10T13:16:00Z,1.4103524887455304e-07,-5.607314272631927e-06,-2.162771692822223e-08,6.0441718204573355e-06,-7.743831934831812e-08,-4.174174977682237e-09
gmat_two_body,numerical_two_body,EarthMJ2000Eq,58140.0,2026-05-10T13:17:00Z,2.0839498132286323e-05,-0.003621825815560705,-2.0182718274669517e-08,0.0038811297324502056,-8.043108237267263e-08,-3.5281764935830854e-09
gmat_two_body,numerical_two_body,EarthMJ2000Eq,58200.0,2026-05-10T13:18:00Z,1.835055325263668e-05,-0.0036231060002540503,-2.2020820339383753e-08,0.0038838550631148556,-8.482250952042543e-08,-9.488771522521287e-10
gmat_two_body,numerical_two_body,EarthMJ2000Eq,58260.0,2026-05-10T13:19:00Z,1.57809920968399e-05,-0.0036242202469385634,-1.998057900297963e-08,0.0038862303818469647,-8.404855038491101e-08,1.421627946574798e-09
gmat_two_body,numerical_two_body,EarthMJ2000Eq,58320.0,2026-05-10T13:20:00Z,1.314553441583466e-05,-0.003625165717512282,-1.917691620133833e-08,0.0038882435085877665,-8.611338528462035e-08,1.2371095711453544e-09
gmat_two_body,numerical_two_body,EarthMJ2000Eq,58380.0,2026-05-10T13:21:00Z,1.2974171106275647e-07,-5.6752337041110526e-06,-1.874816071823538e-08,6.11268517682437e-06,-8.963723148814121e-08,4.2394441964516236e-09
gmat_two_body,numerical_two_body,EarthMJ2000Eq,58440.0,2026-05-10T13:22:00Z,7.715304871122647e-06,-0.003626537107342608,-1.892349766397128e-08,0.00389114927782807,-8.687659663971749e-08,6.818834214433256e-09
gmat_two_body,numerical_two_body,EarthMJ2000Eq,58500.0,2026-05-10T13:23:00Z,4.945439098610967e-06,-0.0036269544548674154,-1.8199599913891817e-08,0.003892029960765625,-9.026404238436658e-08,6.828920872607111e-09
gmat_two_body,numerical_two_body,EarthMJ2000Eq,58560.0,2026-05-10T13:24:00Z,1.1854027639010511e-07,-5.716305890881481e-06,-1.9269457865137157e-08,6.146870085089047e-06,-8.903826387354775e-08,7.54034436314014e-09
gmat_two_body,numerical_two_body,EarthMJ2000Eq,58620.0,2026-05-10T13:25:00Z,-6.507917648946336e-07,-0.0036272462679731365,-1.9600380862807128e-08,0.003892619029202216,-9.033316887698847e-08,1.0359727051732865e-08
gmat_two_body,numerical_two_body,EarthMJ2000Eq,58680.0,2026-05-10T13:26:00Z,-3.447967210088184e-06,-0.0036271180134522314,-1.737314542562678e-08,0.0038923280234332207,-9.121101658880118e-08,9.948879181403378e-09
gmat_two_body,numerical_two_body,EarthMJ2000Eq,58740.0,2026-05-10T13:27:00Z,-6.233425027394905e-06,-0.003626806352478116,-1.9718868125926102e-08,0.003891642928095726,-8.960790634327942e-08,1.5357171044140827e-08
gmat_two_body,numerical_two_body,EarthMJ2000Eq,58800.0,2026-05-10T13:28:00Z,-8.986620482386532e-06,-0.0036263152262340213,-1.7422433741949608e-08,0.003890574788135101,-8.762534311918597e-08,1.5348216651779143e-08
gmat_two_body,numerical_two_body,EarthMJ2000Eq,58860.0,2026-05-10T13:29:00Z,9.622771521027556e-08,-5.775801813045608e-06,-1.7873441130032613e-08,6.194592011567206e-06,-8.638770708987347e-08,1.628755383023299e-08
gmat_two_body,numerical_two_body,EarthMJ2000Eq,58920.0,2026-05-10T13:30:00Z,-1.4368837394059161e-05,-0.0036248025468120907,-1.651008494889662e-08,0.0038872965522398872,-8.909516183907353e-08,1.862189166261362e-08
gmat_two_body,numerical_two_body,EarthMJ2000Eq,58980.0,2026-05-10T13:31:00Z,-1.6968869053214528e-05,-0.003623789135331697,-1.4387560283909352e-08,0.0038851069289218432,-8.690564069849496e-08,1.863670937435561e-08
gmat_two_body,numerical_two_body,EarthMJ2000Eq,59040.0,2026-05-10T13:32:00Z,8.449561911228936e-08,-5.81065080715778e-06,-1.305453149828195e-08,6.217143230910212e-06,-8.51138160546078e-08,1.919643654530556e-08
gmat_two_body,numerical_two_body,EarthMJ2000Eq,59100.0,2026-05-10T13:33:00Z,-2.1942269206579837e-05,-0.0036212673674915607,-1.1518292585573872e-08,0.003879667160380974,-8.450256979705512e-08,1.9969907447654242e-08
gmat_two_body,numerical_two_body,EarthMJ2000Eq,59160.0,2026-05-10T13:34:00Z,-2.4294283087941873e-05,-0.0036197710521997067,-1.0565144680952797e-08,0.0038764462688313252,-8.334546611089848e-08,2.0740421503663066e-08
gmat_two_body,numerical_two_body,EarthMJ2000Eq,59220.0,2026-05-10T13:35:00Z,-2.6541728314591313e-05,-0.0036181272670965598,-8.19986673449988e-09,0.0038729103155611274,-8.253827117691376e-08,2.152635101381417e-08
gmat_two_body,numerical_two_body,EarthMJ2000Eq,59280.0,2026-05-10T13:36:00Z,-2.8672896602407532e-05,-0.0036163424472891235,-7.686444590370426e-09,0.0038690740362855376,-7.846532503922636e-08,2.147482528076104e-08
gmat_two_body,numerical_two_body,EarthMJ2000Eq,59340.0,2026-05-10T13:37:00Z,5.964617882263375e-08,-5.859338108031906e-06,-6.286682410979281e-09,6.2436191299962125e-06,-7.636014782215974e-08,2.2787066307701654e-08
gmat_two_body,numerical_two_body,EarthMJ2000Eq,59400.0,2026-05-10T13:38:00Z,-3.255734323366682e-05,-0.0036123848038213877,-5.749380688366507e-09,0.0038605817988528425,-7.203546417958495e-08,2.4402727205817392e-08
gmat_two_body,numerical_two_body,EarthMJ2000Eq,59460.0,2026-05-10T13:39:00Z,-3.429648375221797e-05,-0.0036102299945080865,-3.9612729941350405e-09,0.0038559639514940207,-7.03980866373624e-08,2.4361291278412046e-08
gmat_two_body,numerical_two_body,EarthMJ2000Eq,59520.0,2026-05-10T13:40:00Z,4.7936738617306286e-08,-5.882227157575386e-06,-3.008294674477884e-09,6.2534167497868434e-06,-6.928216540759531e-08,2.430567335928246e-08
gmat_two_body,numerical_two_body,EarthMJ2000Eq,59580.0,2026-05-10T13:41:00Z,-3.733421422819339e-05,-0.0036056146284214564,-1.4758607497495203e-09,0.0038460849559804945,-6.931866560283524e-08,2.386303432823208e-08
gmat_two_body,numerical_two_body,EarthMJ2000Eq,59640.0,2026-05-10T13:42:00Z,3.875309164683162e-08,-5.896604134755429e-06,2.586982454487528e-10,6.2578864571686165e-06,-6.758489817552997e-08,2.5124274865341662e-08
gmat_two_body,numerical_two_body,EarthMJ2000Eq,59700.0,2026-05-10T13:43:00Z,-3.974634380284291e-05,-0.003600660505136506,2.141425897097014e-09,0.0038354975699722896,-6.498281843549547e-08,2.4259136166724244e-08
gmat_two_body,numerical_two_body,EarthMJ2000Eq,59760.0,2026-05-10T13:44:00Z,-4.070455601211543e-05,-0.0035980814579243225,2.897808444694093e-09,0.0038299962120679604,-6.446766348335083e-08,2.299417891815834e-08
gmat_two_body,numerical_two_body,EarthMJ2000Eq,59820.0,2026-05-10T13:45:00Z,2.978108671729628e-08,-5.914657312879363e-06,3.6615743873284665e-09,6.261507203238158e-06,-6.04559842844901e-08,2.516860862451382e-08
gmat_two_body,numerical_two_body,EarthMJ2000Eq,59880.0,2026-05-10T13:46:00Z,-4.211156825355626e-05,-0.003592781712036629,4.5303146855725615e-09,0.0038186951385618876,-5.709535773005732e-08,2.2491011556993116e-08
gmat_two_body,numerical_two_body,EarthMJ2000Eq,59940.0,2026-05-10T13:47:00Z,-4.255835869783874e-05,-0.003590078686655679,7.1112527525803604e-09,0.003812945174167027,-5.576764053355335e-08,2.1171256236928404e-08
gmat_two_body,numerical_two_body,EarthMJ2000Eq,60000.0,2026-05-10T13:48:00Z,1.9671296128355495e-08,-5.929699685157047e-06,9.365758261203148e-09,6.263001197512255e-06,-5.3290719545681386e-08,2.2065583082938736e-08
gmat_two_body,numerical_two_body,EarthMJ2000Eq,60060.0,2026-05-10T13:49:00Z,-4.292446316063308e-05,-0.003584630869940767,9.311434488303306e-09,0.0038013606725244625,-4.914707744108307e-08,2.0232283718861205e-08
gmat_two_body,numerical_two_body,EarthMJ2000Eq,60120.0,2026-05-10T13:50:00Z,1.53931998697822e-08,-5.938320506431303e-06,1.1396464364147144e-08,6.259556276869542e-06,-4.620601310555718e-08,2.0219158279783494e-08
gmat_two_body,numerical_two_body,EarthMJ2000Eq,60180.0,2026-05-10T13:51:00Z,-4.260034579203553e-05,-0.0035791934889932496,1.5666567476364628e-08,0.003789825556304526,-4.6548529035006006e-08,2.234773369271918e-08
gmat_two_body,numerical_two_body,EarthMJ2000Eq,60240.0,2026-05-10T13:52:00Z,-4.2175043743828325e-05,-0.0035765096295608417,1.49243907355899e-08,0.0037841325104985618,-4.499336752613087e-08,2.0098737782559287e-08
gmat_two_body,numerical_two_body,EarthMJ2000Eq,60300.0,2026-05-10T13:53:00Z,1.3023960490649298e-08,-5.94640628678321e-06,1.812149390077062e-08,6.260279123445595e-06,-4.23617097870028e-08,1.787470366491871e-08
gmat_two_body,numerical_two_body,EarthMJ2000Eq,60360.0,2026-05-10T13:54:00Z,-4.082578484887904e-05,-0.0035712564403227306,1.9348058276118362e-08,0.003773012810499794,-3.9900726919240646e-08,1.772640206603515e-08
gmat_two_body,numerical_two_body,EarthMJ2000Eq,60420.0,2026-05-10T13:55:00Z,-3.990681800256846e-05,-0.003568710533447088,2.0559103827431594e-08,0.003767626650583404,-4.123165851887379e-08,1.752024468548599e-08
gmat_two_body,numerical_two_body,EarthMJ2000Eq,60480.0,2026-05-10T13:56:00Z,1.4841875235853027e-08,-5.95681789067649e-06,2.189910728531277e-08,6.2579165967402334e-06,-3.7488583864428994e-08,1.4714473808243777e-08
gmat_two_body,numerical_two_body,EarthMJ2000Eq,60540.0,2026-05-10T13:57:00Z,-3.7600991417728274e-05,-0.003563829668053537,2.389126538054667e-08,0.003757307727361778,-3.4379616014352647e-08,1.4715823263391834e-08
gmat_two_body,numerical_two_body,EarthMJ2000Eq,60600.0,2026-05-10T13:58:00Z,1.651768423047359e-08,-5.963609613298399e-06,2.2991737653232637e-08,6.253782114496834e-06,-3.468302611954678e-08,1.492153805085077e-08
gmat_two_body,numerical_two_body,EarthMJ2000Eq,60660.0,2026-05-10T13:59:00Z,-3.470975201397162e-05,-0.0035592840687549993,2.3216334581973688e-08,0.0037477226286524463,-3.2044306961622705e-08,1.1056600501560047e-08
gmat_two_body,numerical_two_body,EarthMJ2000Eq,60720.0,2026-05-10T14:00:00Z,-3.305773281544792e-05,-0.003557160778677127,2.3717689530777087e-08,0.003743244446706248,-3.130852486678247e-08,1.1809348154257288e-08
gmat_two_body,numerical_two_body,EarthMJ2000Eq,60780.0,2026-05-10T14:01:00Z,1.866167660479763e-08,-5.9728001765032625e-06,2.4198413225950134e-08,6.257245354388911e-06,-3.010451021300406e-08,9.516852771136177e-09
gmat_two_body,numerical_two_body,EarthMJ2000Eq,60840.0,2026-05-10T14:02:00Z,-2.9378513903223706e-05,-0.0035532512035977063,2.442364318549517e-08,0.003735012501263729,-2.6993990890526845e-08,7.635350387704054e-09
gmat_two_body,numerical_two_body,EarthMJ2000Eq,60900.0,2026-05-10T14:03:00Z,-2.7364132448312366e-05,-0.0035514806584514553,2.467892290237505e-08,0.003731285154941446,-2.6564017419912495e-08,4.393704521045969e-09
gmat_two_body,numerical_two_body,EarthMJ2000Eq,60960.0,2026-05-10T14:04:00Z,-2.5247261176092862e-05,-0.00354984113171352,2.4035937510408e-08,0.003727833097484901,-2.6855214317429514e-08,1.9446832662151464e-09
gmat_two_body,numerical_two_body,EarthMJ2000Eq,61020.0,2026-05-10T14:05:00Z,-2.3030325983687873e-05,-0.003548336473874457,2.668736790540592e-08,0.0037246680298246657,-2.4239236185178917e-08,3.0470703766375443e-09
gmat_two_body,numerical_two_body,EarthMJ2000Eq,61080.0,2026-05-10T14:06:00Z,2.6444086748310396e-08,-5.988683365262582e-06,2.5996399240918896e-08,6.263491067802235e-06,-2.175883322168337e-08,1.8390367133796818e-09
gmat_two_body,numerical_two_body,EarthMJ2000Eq,61140.0,2026-05-10T14:07:00Z,-1.8343194037223162e-05,-0.0035457562640119496,2.4129695128988874e-08,0.0037192496500247536,-2.2212284138893622e-08,5.390305556198036e-10
gmat_two_body,numerical_two_body,EarthMJ2000Eq,61200.0,2026-05-10T14:08:00Z,-1.58925276000838e-05,-0.0035446926157339186,2.5104902594929023e-08,0.0037170136332849526,-2.1101244351271945e-08,-2.1064933852283683e-09
gmat_two_body,numerical_two_body,EarthMJ2000Eq,61260.0,2026-05-10T14:09:00Z,3.424481432419129e-08,-5.997248938773718e-06,2.5410160617404825e-08,6.275975883253743e-06,-2.045291747162876e-08,-5.1406940380179005e-09
gmat_two_body,numerical_two_body,EarthMJ2000Eq,61320.0,2026-05-10T14:10:00Z,-1.0815054290994508e-05,-0.003543032434085612,2.5046283886913845e-08,0.0037135263866555335,-1.960817338615236e-08,-4.851494919158584e-09
gmat_two_body,numerical_two_body,EarthMJ2000Eq,61380.0,2026-05-10T14:11:00Z,-8.209345787850118e-06,-0.0035424423958825757,2.4824965070639998e-08,0.003712285690203882,-2.035757132091464e-08,-7.338087310086474e-09
gmat_two_body,numerical_two_body,EarthMJ2000Eq,61440.0,2026-05-10T14:12:00Z,-5.574295124470888e-06,-0.0035420157897708897,2.4724785695804074e-08,0.0037113890130374715,-1.8637195184715495e-08,-7.123602962459044e-09
gmat_two_body,numerical_two_body,EarthMJ2000Eq,61500.0,2026-05-10T14:13:00Z,-2.9155522126950426e-06,-0.003541752194741129,2.4568418628216537e-08,0.003710832594935622,-1.743031348955483e-08,-1.0676918910015979e-08
gmat_two_body,numerical_two_body,EarthMJ2000Eq,61560.0,2026-05-10T14:14:00Z,5.381033641536123e-08,-6.016997829401826e-06,2.430036386629715e-08,6.299506077923653e-06,-1.5430647391477695e-08,-9.708000136479371e-09
gmat_two_body,numerical_two_body,EarthMJ2000Eq,61620.0,2026-05-10T14:15:00Z,2.425587923679194e-06,-0.0035417241553841773,2.348815407007491e-08,0.0037107667394858383,-1.4620467091404584e-08,-1.0484266446484972e-08
gmat_two_body,numerical_two_body,EarthMJ2000Eq,61680.0,2026-05-10T14:16:00Z,5.08713038701292e-06,-0.0035419581772377657,2.328620358265309e-08,0.0037112535960263987,-1.5526708507626664e-08,-1.3671036770803207e-08
gmat_two_body,numerical_two_body,EarthMJ2000Eq,61740.0,2026-05-10T14:17:00Z,6.774222677387094e-08,-6.031032681356714e-06,2.2959815868415353e-08,6.320471596531697e-06,-1.858444042469925e-08,-1.2767424646882214e-08
gmat_two_body,numerical_two_body,EarthMJ2000Eq,61800.0,2026-05-10T14:18:00Z,1.0340152786450605e-05,-0.0035429189047632816,2.2248559638080975e-08,0.0037132648529863387,-1.5132646802375087e-08,-1.4135450775691424e-08
gmat_two_body,numerical_two_body,EarthMJ2000Eq,61860.0,2026-05-10T14:19:00Z,1.2915363079993157e-05,-0.0035436428208315994,2.061320769938368e-08,0.0037147798241100984,-1.7488755337353665e-08,-1.5422020809612782e-08
gmat_two_body,numerical_two_body,EarthMJ2000Eq,61920.0,2026-05-10T14:20:00Z,1.544482095085981e-05,-0.003544526456966579,1.8524255355514458e-08,0.0037166268842990023,-1.6634089211919382e-08,-1.9194748638524485e-08
gmat_two_body,numerical_two_body,EarthMJ2000Eq,61980.0,2026-05-10T14:21:00Z,1.7911094933251773e-05,-0.0035455648931557874,1.8378224593501057e-08,0.0037188044457509757,-1.78667959124999e-08,-2.252808764219228e-08
gmat_two_body,numerical_two_body,EarthMJ2000Eq,62040.0,2026-05-10T14:22:00Z,9.148904646604135e-08,-6.0587761665505905e-06,1.770236741031222e-08,6.365779626899214e-06,-2.006048233350721e-08,-2.319694027374651e-08
gmat_two_body,numerical_two_body,EarthMJ2000Eq,62100.0,2026-05-10T14:23:00Z,2.263801300872747e-05,-0.003548097053938465,1.5035997352084377e-08,0.003724110236025216,-2.010097016657168e-08,-2.2870777747251723e-08
gmat_two_body,numerical_two_body,EarthMJ2000Eq,62160.0,2026-05-10T14:24:00Z,2.487302716223789e-05,-0.0035495789396031313,1.4369616141008247e-08,0.003727218056651447,-2.2287388783313776e-08,-2.24964499603102e-08
gmat_two_body,numerical_two_body,EarthMJ2000Eq,62220.0,2026-05-10T14:25:00Z,1.0288971849935828e-07,-6.081083172774417e-06,1.2802460270800316e-08,6.3996693139776605e-06,-2.0396129673189362e-08,-2.5087985706845852e-08
gmat_two_body,numerical_two_body,EarthMJ2000Eq,62280.0,2026-05-10T14:26:00Z,2.9059569568014518e-05,-0.0035529544800041307,1.0575839500845155e-08,0.0037342993926124924,-2.262109649170204e-08,-2.5387038811784518e-08
gmat_two_body,numerical_two_body,EarthMJ2000Eq,62340.0,2026-05-10T14:27:00Z,1.122990436298692e-07,-6.09761528631258e-06,9.920457243626457e-09,6.427734496168653e-06,-2.406188614240848e-08,-2.6548491905420316e-08
gmat_two_body,numerical_two_body,EarthMJ2000Eq,62400.0,2026-05-10T14:28:00Z,3.279813109395239e-05,-0.003556833349525041,5.946724852861273e-09,0.003742452671825948,-2.470911273656325e-08,-2.829562972960517e-08
gmat_two_body,numerical_two_body,EarthMJ2000Eq,62460.0,2026-05-10T14:29:00Z,3.44838917077756e-05,-0.00355894438636175,4.526820116046909e-09,0.003746890345020819,-2.4766753851815643e-08,-2.9421580778184735e-08
gmat_two_body,numerical_two_body,EarthMJ2000Eq,62520.0,2026-05-10T14:30:00Z,1.2343329457432185e-07,-6.124902790964806e-06,2.9065742327433365e-09,6.47260537144893e-06,-2.6006222001663797e-08,-3.1163487943538275e-08
gmat_two_body,numerical_two_body,EarthMJ2000Eq,62580.0,2026-05-10T14:31:00Z,3.744781106847929e-05,-0.0035634700566016743,1.3241986009946479e-09,0.003756417033297318,-2.558714847149227e-08,-3.115604187577996e-08
gmat_two_body,numerical_two_body,EarthMJ2000Eq,62640.0,2026-05-10T14:32:00Z,3.871350473464874e-05,-0.0035658690504360422,2.011827157520136e-09,0.0037614716101152792,-2.984704861006458e-08,-3.1395150446947005e-08
gmat_two_body,numerical_two_body,EarthMJ2000Eq,62700.0,2026-05-10T14:33:00Z,1.3514022904911247e-07,-6.153892901943212e-06,1.3723998110974938e-10,6.5209808091736215e-06,-3.122642970258521e-08,-3.280868286579674e-08
gmat_two_body,numerical_two_body,EarthMJ2000Eq,62760.0,2026-05-10T14:34:00Z,4.0782412146940034e-05,-0.0035708895048056155,-4.6649908606019775e-09,0.0037720638851031782,-3.150765684150259e-08,-3.2470693178273964e-08
gmat_two_body,numerical_two_body,EarthMJ2000Eq,62820.0,2026-05-10T14:35:00Z,1.4076555975862642e-07,-6.1758113112802005e-06,-3.118992933333965e-09,6.553118613358647e-06,-3.375509411742535e-08,-3.2589042336037354e-08
gmat_two_body,numerical_two_body,EarthMJ2000Eq,62880.0,2026-05-10T14:36:00Z,4.221424433145902e-05,-0.0035761493883684947,-4.90710364243445e-09,0.003783168898848002,-3.5067716274985404e-08,-3.208463227285896e-08
gmat_two_body,numerical_two_body,EarthMJ2000Eq,62940.0,2026-05-10T14:37:00Z,4.26762523754361e-05,-0.0035788422191236177,-8.073773212288076e-09,0.0037888615210426033,-3.5772647852608305e-08,-3.2329791871728704e-08
gmat_two_body,numerical_two_body,EarthMJ2000Eq,63000.0,2026-05-10T14:38:00Z,1.4856446734453622e-07,-6.209666529017426e-06,-1.0168400837815967e-08,6.605331275141771e-06,-3.782069521377781e-08,-3.226876346742601e-08
gmat_two_body,numerical_two_body,EarthMJ2000Eq,63060.0,2026-05-10T14:39:00Z,4.309179660004899e-05,-0.0035843020641787853,-1.014208403111819e-08,0.0038004154154226495,-3.9159265028635784e-08,-3.01181752457373e-08
gmat_two_body,numerical_two_body,EarthMJ2000Eq,63120.0,2026-05-10T14:40:00Z,4.3038123910915074e-05,-0.0035870454854947413,-1.4188856518667102e-08,0.0038062321250595505,-4.1028477614272626e-08,-2.9966668148876396e-08
gmat_two_body,numerical_two_body,EarthMJ2000Eq,63180.0,2026-05-10T14:41:00Z,1.5259988251397575e-07,-6.247072079222325e-06,-1.3517809382592945e-08,6.661964726548017e-06,-4.256608214348598e-08,-2.747555755117152e-08
gmat_two_body,numerical_two_body,EarthMJ2000Eq,63240.0,2026-05-10T14:42:00Z,4.2406231810465856e-05,-0.0035925107874699345,-1.584435884241926e-08,0.0038178215998955255,-4.4998080910035446e-08,-2.7593805478183804e-08
gmat_two_body,numerical_two_body,EarthMJ2000Eq,63300.0,2026-05-10T14:43:00Z,1.538122961455163e-07,-6.272154349057088e-06,-1.7629160662233304e-08,6.699664476416726e-06,-4.401711833254238e-08,-2.5089411865898117e-08
gmat_two_body,numerical_two_body,EarthMJ2000Eq,63360.0,2026-05-10T14:44:00Z,4.1079883112384114e-05,-0.003597866555304751,-1.806282254843468e-08,0.0038291946299909567,-4.6476585313179695e-08,-2.474483073848645e-08
gmat_two_body,numerical_two_body,EarthMJ2000Eq,63420.0,2026-05-10T14:45:00Z,4.0163031171367836e-05,-0.003600474189900536,-2.080736953023185e-08,0.003834741630949692,-4.919086531904143e-08,-2.3274648924670474e-08
gmat_two_body,numerical_two_body,EarthMJ2000Eq,63480.0,2026-05-10T14:46:00Z,1.5404067874739248e-07,-6.309236919496662e-06,-2.2263748949893686e-08,6.7512206742735875e-06,-5.175046202749117e-08,-2.2382240130661167e-08
gmat_two_body,numerical_two_body,EarthMJ2000Eq,63540.0,2026-05-10T14:47:00Z,3.783270489445818e-05,-0.00360550078183535,-2.2685782798860594e-08,0.0038454362863577004,-5.080744580442523e-08,-2.0101139002677925e-08
gmat_two_body,numerical_two_body,EarthMJ2000Eq,63600.0,2026-05-10T14:48:00Z,3.642755736692069e-05,-0.0036078958884531325,-2.3075707174248875e-08,0.0038505363015903706,-5.3330198077928565e-08,-1.8954601376455464e-08
gmat_two_body,numerical_two_body,EarthMJ2000Eq,63660.0,2026-05-10T14:49:00Z,3.487201769226818e-05,-0.0036101999186575616,-2.367241103727163e-08,0.003855444454167329,-5.594331148715263e-08,-1.6213200088031947e-08
gmat_two_body,numerical_two_body,EarthMJ2000Eq,63720.0,2026-05-10T14:50:00Z,3.3165324761685967e-05,-0.0036124006571157836,-2.464562928389577e-08,0.0038601360467372084,-5.693872559944788e-08,-1.4046802972504325e-08
gmat_two_body,numerical_two_body,EarthMJ2000Eq,63780.0,2026-05-10T14:51:00Z,1.4509378722737288e-07,-6.375889996969296e-06,-2.4730211299822394e-08,6.841360683363727e-06,-5.926071305684411e-08,-1.3107207439806753e-08
gmat_two_body,numerical_two_body,EarthMJ2000Eq,63840.0,2026-05-10T14:52:00Z,2.9343003523444245e-05,-0.003616456500204501,-2.5148307639781756e-08,0.0038687869915023055,-5.94090379934515e-08,-1.1243278017531987e-08
gmat_two_body,numerical_two_body,EarthMJ2000Eq,63900.0,2026-05-10T14:53:00Z,2.72414731302127e-05,-0.0036182926839537694,-2.605578636227088e-08,0.0038727067091196632,-6.022237247770748e-08,-1.0929139074233497e-08
gmat_two_body,numerical_two_body,EarthMJ2000Eq,63960.0,2026-05-10T14:54:00Z,1.3811639337256298e-07,-6.4136763493251325e-06,-2.6115002395050767e-08,6.889766868320333e-06,-6.306152000819079e-08,-7.112776351456352e-09
gmat_two_body,numerical_two_body,EarthMJ2000Eq,64020.0,2026-05-10T14:55:00Z,2.269658466971296e-05,-0.003621544298640907,-2.6066603562859885e-08,0.0038796495184956225,-6.63444540190582e-08,-3.5134835792521944e-09
gmat_two_body,numerical_two_body,EarthMJ2000Eq,64080.0,2026-05-10T14:56:00Z,2.02756755435889e-05,-0.003622943432600463,-2.500026373180976e-08,0.0038826372899158313,-6.623833939674753e-08,3.171614079036088e-11
gmat_two_body,numerical_two_body,EarthMJ2000Eq,64140.0,2026-05-10T14:57:00Z,1.776340397692585e-05,-0.0036241859630450116,-2.679715061083139e-08,0.0038852838236284465,-6.931568779605704e-08,1.7622262887718873e-09
gmat_two_body,numerical_two_body,EarthMJ2000Eq,64200.0,2026-05-10T14:58:00Z,1.51785946763243e-05,-0.0036252623252585104,-2.714107248112492e-08,0.003887576839062944,-7.034966179034104e-08,3.715303712498894e-09
gmat_two_body,numerical_two_body,EarthMJ2000Eq,64260.0,2026-05-10T14:59:00Z,1.1934163341359544e-07,-6.475656005895317e-06,-2.6698262572655807e-08,6.960103175359738e-06,-7.141378743663462e-08,6.489863065487634e-09
gmat_two_body,numerical_two_body,EarthMJ2000Eq,64320.0,2026-05-10T15:00:00Z,9.821798100883189e-06,-0.003626899915027588,-2.639171784847692e-08,0.003891065725223888,-7.296053838346083e-08,7.551997238887924e-09
gmat_two_body,numerical_two_body,EarthMJ2000Eq,64380.0,2026-05-10T15:01:00Z,7.074186951217537e-06,-0.0036274538807993147,-2.4841355922193087e-08,0.0038922430945713326,-7.414844155208352e-08,8.888119994347728e-09
gmat_two_body,numerical_two_body,EarthMJ2000Eq,64440.0,2026-05-10T15:02:00Z,1.089831692660588e-07,-6.5109134508097805e-06,-2.4109368483462076e-08,6.995986868040909e-06,-7.330751703763091e-08,1.2711577173927943e-08
gmat_two_body,numerical_two_body,EarthMJ2000Eq,64500.0,2026-05-10T15:03:00Z,1.5027451318867473e-06,-0.0036280224652077233,-2.125903192375576e-08,0.003893435057614848,-7.519768093451259e-08,1.4203780991478636e-08
gmat_two_body,numerical_two_body,EarthMJ2000Eq,64560.0,2026-05-10T15:04:00Z,-1.301419241788894e-06,-0.0036280322867801593,-2.126970907687018e-08,0.0038934462265985655,-7.454835482408156e-08,1.249919297431899e-08
gmat_two_body,numerical_two_body,EarthMJ2000Eq,64620.0,2026-05-10T15:05:00Z,-4.0988252354734285e-06,-0.0036278604323627876,-1.9611425522976812e-08,0.0038930633927968814,-7.390011917789046e-08,1.7385082804604755e-08
gmat_two_body,numerical_two_body,EarthMJ2000Eq,64680.0,2026-05-10T15:06:00Z,-6.876487455408781e-06,-0.003627508748120025,-1.876299124504985e-08,0.0038922927202234585,-7.362023699104721e-08,1.804107361614421e-08
gmat_two_body,numerical_two_body,EarthMJ2000Eq,64740.0,2026-05-10T15:07:00Z,8.56191000563586e-08,-6.56299926641163e-06,-1.6600795956514902e-08,7.042921693670011e-06,-7.381993405477633e-08,2.039657339932033e-08
gmat_two_body,numerical_two_body,EarthMJ2000Eq,64800.0,2026-05-10T15:08:00Z,-1.2330874411026071e-05,-0.0036262639892739677,-1.6200749283124167e-08,0.0038895946167526135,-7.354447881629899e-08,2.2277552307725646e-08
gmat_two_body,numerical_two_body,EarthMJ2000Eq,64860.0,2026-05-10T15:09:00Z,-1.4984709672186528e-05,-0.0036253790014483724,-1.527471587723259e-08,0.003887683292760711,-7.176869618489707e-08,2.276974374725266e-08
gmat_two_body,numerical_two_body,EarthMJ2000Eq,64920.0,2026-05-10T15:10:00Z,7.13027022632228e-08,-6.5920308574378535e-06,-1.255026253669477e-08,7.060841782576151e-06,-7.22000565307575e-08,2.392428777853062e-08
gmat_two_body,numerical_two_body,EarthMJ2000Eq,64980.0,2026-05-10T15:11:00Z,-2.0079281854244366e-05,-0.003623103343315979,-1.3346080545553399e-08,0.0038827780839610212,-7.450040347002869e-08,2.5090349223099737e-08
gmat_two_body,numerical_two_body,EarthMJ2000Eq,65040.0,2026-05-10T15:12:00Z,5.930042768425118e-08,-6.609780183600031e-06,-8.58520313393173e-09,7.068866629974706e-06,-7.08767212300878e-08,2.492065392881887e-08
gmat_two_body,numerical_two_body,EarthMJ2000Eq,65100.0,2026-05-10T15:13:00Z,-2.4832139708793432e-05,-0.0036201953042913483,-5.991616400514131e-09,0.003876512494554912,-7.023652669147402e-08,2.4199357962814855e-08
gmat_two_body,numerical_two_body,EarthMJ2000Eq,65160.0,2026-05-10T15:14:00Z,-2.7052250762628155e-05,-0.0036185149101573034,-5.8452618921321355e-09,0.0038729028369073196,-6.603547211281593e-08,2.5391626453741134e-08
gmat_two_body,numerical_two_body,EarthMJ2000Eq,65220.0,2026-05-10T15:15:00Z,4.6184170131787454e-08,-6.632834462800627e-06,-4.4664052998729255e-09,7.0763967287006e-06,-6.653067191618646e-08,2.3917911479378344e-08
gmat_two_body,numerical_two_body,EarthMJ2000Eq,65280.0,2026-05-10T15:16:00Z,-3.113473154789426e-05,-0.003614750783435576,-2.3276962397717887e-09,0.0038648201160794912,-6.489923182456743e-08,2.02300828472636e-08
gmat_two_body,numerical_two_body,EarthMJ2000Eq,65340.0,2026-05-10T15:17:00Z,-3.298226959860644e-05,-0.003612682116196942,1.8711420178957577e-10,0.0038603830574993666,-6.367265085393128e-08,2.1028274002249107e-08
gmat_two_body,numerical_two_body,EarthMJ2000Eq,65400.0,2026-05-10T15:18:00Z,3.1293084046453895e-08,-6.652173965164238e-06,2.059766672368098e-09,7.0777653984939255e-06,-5.979184490980127e-08,2.2872940340042604e-08
gmat_two_body,numerical_two_body,EarthMJ2000Eq,65460.0,2026-05-10T15:19:00Z,-3.62490651560804e-05,-0.0036082145295887372,1.5792259997297333e-09,0.003850820962616249,-5.690340241455337e-08,2.347726584491549e-08
gmat_two_body,numerical_two_body,EarthMJ2000Eq,65520.0,2026-05-10T15:20:00Z,2.4900079916401333e-08,-6.6620572767105376e-06,1.675405866085028e-09,7.077959976276517e-06,-5.6055872983352155e-08,2.180430743448349e-08
gmat_two_body,numerical_two_body,EarthMJ2000Eq,65580.0,2026-05-10T15:21:00Z,-3.890761447964929e-05,-0.0036033788732260275,2.591761661319128e-09,0.0038404802340552143,-5.302681285486978e-08,1.9823171058286498e-08
gmat_two_body,numerical_two_body,EarthMJ2000Eq,65640.0,2026-05-10T15:22:00Z,-3.99964100951697e-05,-0.0036008460616274236,5.712329012975639e-09,0.0038350774994694472,-5.181579644251315e-08,2.1026661434117655e-08
gmat_two_body,numerical_two_body,EarthMJ2000Eq,65700.0,2026-05-10T15:23:00Z,1.2407198700154425e-08,-6.675610071741678e-06,6.877542160085061e-09,7.075472923685771e-06,-4.813234999418011e-08,2.12784049148305e-08
gmat_two_body,numerical_two_body,EarthMJ2000Eq,65760.0,2026-05-10T15:24:00Z,-4.166588546780018e-05,-0.0035956130790963073,7.278249422546724e-09,0.0038239167118312967,-4.404793801014589e-08,2.2026760405562742e-08
gmat_two_body,numerical_two_body,EarthMJ2000Eq,65820.0,2026-05-10T15:25:00Z,-4.2246740521482745e-05,-0.003592930943079284,8.455872936344967e-09,0.003818207774595242,-4.215238709745177e-08,1.980333411638245e-08
gmat_two_body,numerical_two_body,EarthMJ2000Eq,65880.0,2026-05-10T15:26:00Z,2.7816712827392296e-09,-6.6859694004555944e-06,1.221447109139881e-08,7.072953078748602e-06,-4.056915283882268e-08,2.0884332265153454e-08
gmat_two_body,numerical_two_body,EarthMJ2000Eq,65940.0,2026-05-10T15:27:00Z,-4.2882734943667746e-05,-0.003587498398253853,9.570833095853904e-09,0.003806652516339478,-4.077586826726377e-08,1.9570966230411126e-08
gmat_two_body,numerical_two_body,EarthMJ2000Eq,66000.0,2026-05-10T15:28:00Z,-2.6751538391957963e-10,-6.691104623692749e-06,1.2744782270289932e-08,7.070200582123043e-06,-3.643310240876029e-08,1.885615250496985e-08
gmat_two_body,numerical_two_body,EarthMJ2000Eq,66060.0,2026-05-10T15:29:00Z,-4.2820797378157e-05,-0.00358204307478415,1.35465830914559e-08,0.003795073153038587,-3.497049836883425e-08,1.8108214268869183e-08
gmat_two_body,numerical_two_body,EarthMJ2000Eq,66120.0,2026-05-10T15:30:00Z,-4.252848403391711e-05,-0.0035793362842635817,1.4298345406256742e-08,0.0037893338264907493,-3.3822114579399137e-08,1.7766427722460806e-08
gmat_two_body,numerical_two_body,EarthMJ2000Eq,66180.0,2026-05-10T15:31:00Z,-4.0823006583197136e-10,-6.697727560789006e-06,1.5310418762522535e-08,7.063568091602006e-06,-3.13856958980409e-08,1.6872109615756625e-08
gmat_two_body,numerical_two_body,EarthMJ2000Eq,66240.0,2026-05-10T15:32:00Z,-4.1439038944078344e-05,-0.003574015756894731,1.521070008872981e-08,0.003778064107008715,-2.9698247669836217e-08,1.5387527168896024e-08
gmat_two_body,numerical_two_body,EarthMJ2000Eq,66300.0,2026-05-10T15:33:00Z,-4.064538367828849e-05,-0.003571423698888416,1.555369210711203e-08,0.0037725807346801017,-2.8250428761997482e-08,1.3835553344027195e-08
gmat_two_body,numerical_two_body,EarthMJ2000Eq,66360.0,2026-05-10T15:34:00Z,-3.969339927232533e-05,-0.003568889074455072,1.6643487954791068e-08,0.003767225734534343,-2.8525457516330803e-08,1.2756265185415506e-08
gmat_two_body,numerical_two_body,EarthMJ2000Eq,66420.0,2026-05-10T15:35:00Z,-3.857880989368343e-05,-0.003566425173008773,1.820895756183386e-08,0.003762018815214285,-2.6994974305110237e-08,1.1652772410378859e-08
gmat_two_body,numerical_two_body,EarthMJ2000Eq,66480.0,2026-05-10T15:36:00Z,2.824402035721269e-09,-6.704992062734108e-06,2.034173905144184e-08,7.057754133228209e-06,-2.4524459837650114e-08,1.0152629503837899e-08
gmat_two_body,numerical_two_body,EarthMJ2000Eq,66540.0,2026-05-10T15:37:00Z,-3.590614868374768e-05,-0.0035617391448944276,2.0477119647267758e-08,0.003752130703071596,-2.3894130593713746e-08,9.216942011422951e-09
gmat_two_body,numerical_two_body,EarthMJ2000Eq,66600.0,2026-05-10T15:38:00Z,-3.435672752478144e-05,-0.0035595354886466543,2.1936128979590778e-08,0.0037474847235985987,-2.3396101488636974e-08,7.434763868609524e-09
gmat_two_body,numerical_two_body,EarthMJ2000Eq,66660.0,2026-05-10T15:39:00Z,9.468479342210282e-09,-6.711717683412265e-06,2.1579761772736774e-08,7.055553170879925e-06,-2.42556560203186e-08,6.023078122230549e-09
gmat_two_body,numerical_two_body,EarthMJ2000Eq,66720.0,2026-05-10T15:40:00Z,-3.0862614655130494e-05,-0.0035554492465714547,2.276811183027108e-08,0.003738873766836504,-2.3277931865503655e-08,4.7560715688352584e-09
gmat_two_body,numerical_two_body,EarthMJ2000Eq,66780.0,2026-05-10T15:41:00Z,-2.8933150781149162e-05,-0.0035535797137891973,2.136964029360481e-08,0.0037349399758674446,-2.053216544629471e-08,3.3427985006873433e-09
gmat_two_body,numerical_two_body,EarthMJ2000Eq,66840.0,2026-05-10T15:42:00Z,-2.68952701150599e-05,-0.0035518373282907383,2.3592728869445397e-08,0.003731273089794398,-2.2658009332497122e-08,2.611604450227092e-09
gmat_two_body,numerical_two_body,EarthMJ2000Eq,66900.0,2026-05-10T15:43:00Z,-2.47519768246856e-05,-0.00355022670797301,2.3212006748444855e-08,0.003727884332084877,-2.2926633649209557e-08,1.7265483796725935e-09
gmat_two_body,numerical_two_body,EarthMJ2000Eq,66960.0,2026-05-10T15:44:00Z,2.7553424542408266e-08,-6.726541381398134e-06,2.4852208593827797e-08,7.062267314499268e-06,-2.2959555454535666e-08,-1.959893847380184e-09
gmat_two_body,numerical_two_body,EarthMJ2000Eq,67020.0,2026-05-10T15:45:00Z,-2.018820922080607e-05,-0.0035474257937958375,2.4491926118516084e-08,0.0037219955122509713,-2.302999612788491e-08,-3.9828916984624336e-09
gmat_two_body,numerical_two_body,EarthMJ2000Eq,67080.0,2026-05-10T15:46:00Z,-1.778498037710426e-05,-0.003546243240104614,2.2831011018755812e-08,0.0037195119866293065,-2.0867826362614913e-08,-3.2366586756309943e-09
gmat_two_body,numerical_two_body,EarthMJ2000Eq,67140.0,2026-05-10T15:47:00Z,4.3540271538868407e-08,-6.7363979302530785e-06,2.302963371251633e-08,7.0717973640627905e-06,-2.185828237608815e-08,-5.044560578994555e-09
gmat_two_body,numerical_two_body,EarthMJ2000Eq,67200.0,2026-05-10T15:48:00Z,-1.2788967537004921e-05,-0.0035443406318205768,2.1795136460577217e-08,0.0037155137006408033,-1.953664279151458e-08,-4.905527165959982e-09
gmat_two_body,numerical_two_body,EarthMJ2000Eq,67260.0,2026-05-10T15:49:00Z,-1.0209493233069635e-05,-0.00354362670507496,2.1441625928081325e-08,0.0037140156102196346,-2.2156008955775533e-08,-9.693974742996038e-09
gmat_two_body,numerical_two_body,EarthMJ2000Eq,67320.0,2026-05-10T15:50:00Z,-7.5967795068323325e-06,-0.003543075572733711,2.2289690802446255e-08,0.003712853218241256,-2.3284356237608617e-08,-1.1415313801593822e-08
gmat_two_body,numerical_two_body,EarthMJ2000Eq,67380.0,2026-05-10T15:51:00Z,-4.9524644977278815e-06,-0.0035426873611098014,2.1168365488917815e-08,0.0037120356623177083,-2.479539382774571e-08,-1.3765680152984814e-08
gmat_two_body,numerical_two_body,EarthMJ2000Eq,67440.0,2026-05-10T15:52:00Z,7.383144943131746e-08,-6.7604556788036905e-06,1.911209061387095e-08,7.103679436959334e-06,-2.7581569510954126e-08,-1.1983017274114747e-08
gmat_two_body,numerical_two_body,EarthMJ2000Eq,67500.0,2026-05-10T15:53:00Z,3.873926807137214e-07,-0.003542405242195806,1.7886214232503385e-08,0.0037114392659466505,-3.076775560832756e-08,-1.406000113403841e-08
gmat_two_body,numerical_two_body,EarthMJ2000Eq,67560.0,2026-05-10T15:54:00Z,3.057671289762875e-06,-0.003542514489909512,1.9480291141253924e-08,0.0037116628678210088,-3.0118069009793856e-08,-1.4840102685617173e-08
gmat_two_body,numerical_two_body,EarthMJ2000Eq,67620.0,2026-05-10T15:55:00Z,9.51887617455821e-08,-6.78133738787355e-06,1.8084768775954626e-08,7.134109266376564e-06,-3.1815658437470324e-08,-1.420164836245282e-08
gmat_two_body,numerical_two_body,EarthMJ2000Eq,67680.0,2026-05-10T15:56:00Z,8.3576124263431e-06,-0.0035432292821106623,1.65565231719349e-08,0.003713149791541889,-3.4575929531763623e-08,-1.452493423715401e-08
gmat_two_body,numerical_two_body,EarthMJ2000Eq,67740.0,2026-05-10T15:57:00Z,1.0996545169363326e-07,-6.798639851322138e-06,1.5403741166965193e-08,7.158384574835137e-06,-3.4078216939068767e-08,-1.6295025063578398e-08
gmat_two_body,numerical_two_body,EarthMJ2000Eq,67800.0,2026-05-10T15:58:00Z,1.3534276824114502e-05,-0.003544595736696369,1.5072013022748008e-08,0.0037160019359901157,-3.719166056396875e-08,-1.4512635283036015e-08
gmat_two_body,numerical_two_body,EarthMJ2000Eq,67860.0,2026-05-10T15:59:00Z,1.6050226339423163e-05,-0.003545517786067346,1.4680935880662723e-08,0.0037179307348061768,-3.888593579379875e-08,-1.4997379437664382e-08
gmat_two_body,numerical_two_body,EarthMJ2000Eq,67920.0,2026-05-10T16:00:00Z,1.3003048640942039e-07,-6.827851286055869e-06,1.3012022745414565e-08,7.199103764553739e-06,-3.921648083469066e-08,-2.0187028093049682e-08
gmat_two_body,numerical_two_body,EarthMJ2000Eq,67980.0,2026-05-10T16:01:00Z,2.0893654436454455e-05,-0.0035478235836406305,1.4043391191591816e-08,0.003722756352818208,-4.13701488170525e-08,-1.963808634534009e-08
gmat_two_body,numerical_two_body,EarthMJ2000Eq,68040.0,2026-05-10T16:02:00Z,2.3202547830792814e-05,-0.003549203686014245,9.784622348056648e-09,0.00372563844416775,-4.468976303185749e-08,-2.0807837861999918e-08
gmat_two_body,numerical_two_body,EarthMJ2000Eq,68100.0,2026-05-10T16:03:00Z,1.520868889156908e-07,-6.863917574352808e-06,8.327947794108118e-09,7.245271663873793e-06,-4.661988256481377e-08,-2.20858102516185e-08
gmat_two_body,numerical_two_body,EarthMJ2000Eq,68160.0,2026-05-10T16:04:00Z,2.7545823123644516e-05,-0.0035523820252043015,5.600240531295931e-09,0.0037322921444408767,-4.9088131793452086e-08,-2.4138279109881356e-08
gmat_two_body,numerical_two_body,EarthMJ2000Eq,68220.0,2026-05-10T16:05:00Z,1.6348244193079005e-07,-6.8920996367612925e-06,3.158238947626326e-09,7.282122345505545e-06,-5.247292238331364e-08,-2.298125506488241e-08
gmat_two_body,numerical_two_body,EarthMJ2000Eq,68280.0,2026-05-10T16:06:00Z,3.146784849434588e-05,-0.00355608278731573,2.8072835679081163e-09,0.0037400511194837782,-5.440346045040258e-08,-2.3778521870588014e-08
gmat_two_body,numerical_two_body,EarthMJ2000Eq,68340.0,2026-05-10T16:07:00Z,3.325364465992712e-05,-0.0035581135485776047,9.204628670324202e-10,0.0037443104717481373,-5.7598331629703894e-08,-2.2216286529318655e-08
gmat_two_body,numerical_two_body,EarthMJ2000Eq,68400.0,2026-05-10T16:08:00Z,1.8142623049699577e-07,-6.933991243977173e-06,-9.986552931451597e-10,7.336931972749105e-06,-5.917923952204656e-08,-2.0741499030928456e-08
gmat_two_body,numerical_two_body,EarthMJ2000Eq,68460.0,2026-05-10T16:09:00Z,3.643002541580397e-05,-0.0035624977007774135,-9.249844491835421e-11,0.0037535240542670135,-6.245077406584938e-08,-2.1851137070528273e-08
gmat_two_body,numerical_two_body,EarthMJ2000Eq,68520.0,2026-05-10T16:10:00Z,3.7809716569640637e-05,-0.0035648351865133483,-1.90600747986218e-09,0.003758438570284988,-6.388778308612061e-08,-1.9158795843969352e-08
gmat_two_body,numerical_two_body,EarthMJ2000Eq,68580.0,2026-05-10T16:11:00Z,1.9555906941074785e-07,-6.979615962559216e-06,-4.010545095819897e-09,7.402711239135805e-06,-6.698333397941197e-08,-2.0438620635140247e-08
gmat_two_body,numerical_two_body,EarthMJ2000Eq,68640.0,2026-05-10T16:12:00Z,4.012456525028342e-05,-0.0035697568509141155,-5.323968774384935e-09,0.003768801265829738,-7.083040705863654e-08,-1.967881960063823e-08
gmat_two_body,numerical_two_body,EarthMJ2000Eq,68700.0,2026-05-10T16:13:00Z,2.0186557381607736e-07,-7.013646283065576e-06,-7.4178128697963525e-09,7.447796890405376e-06,-7.094714943334027e-08,-1.850883815599363e-08
gmat_two_body,numerical_two_body,EarthMJ2000Eq,68760.0,2026-05-10T16:14:00Z,4.18049288686226e-05,-0.003574945481095274,-8.535598535653222e-09,0.003779741082293351,-7.454158023792241e-08,-1.8999695648465783e-08
gmat_two_body,numerical_two_body,EarthMJ2000Eq,68820.0,2026-05-10T16:15:00Z,4.2397988129374664e-05,-0.003577616160025396,-9.827664718388838e-09,0.0037853751013089522,-7.64535964327927e-08,-1.7416393834620697e-08
gmat_two_body,numerical_two_body,EarthMJ2000Eq,68880.0,2026-05-10T16:16:00Z,2.1261345870909807e-07,-7.06568361236411e-06,-1.1572416664745544e-08,7.5194754015350646e-06,-7.960269834880505e-08,-1.7497173212704085e-08
gmat_two_body,numerical_two_body,EarthMJ2000Eq,68940.0,2026-05-10T16:17:00Z,4.3078725268242486e-05,-0.003583054459454122,-1.131647917285863e-08,0.0037968650360958095,-8.124669517661978e-08,-1.510556855326429e-08
gmat_two_body,numerical_two_body,EarthMJ2000Eq,69000.0,2026-05-10T16:18:00Z,4.315943068567737e-05,-0.003585800998342099,-1.4159376429816521e-08,0.0038026761445318544,-8.425885474860724e-08,-1.3980279210090485e-08
gmat_two_body,numerical_two_body,EarthMJ2000Eq,69060.0,2026-05-10T16:19:00Z,4.3066323478014656e-05,-0.003588552009174012,-1.533623919632566e-08,0.003808497416258467,-8.404708962541166e-08,-1.1276486306327405e-08
gmat_two_body,numerical_two_body,EarthMJ2000Eq,69120.0,2026-05-10T16:20:00Z,4.279887712103835e-05,-0.0035912963879682217,-1.5782379780319415e-08,0.00381430806252682,-8.8271864465921e-08,-1.1485476256248847e-08
gmat_two_body,numerical_two_body,EarthMJ2000Eq,69180.0,2026-05-10T16:21:00Z,2.2229411598904177e-07,-7.15814004180207e-06,-1.773285654080122e-08,7.642525058736314e-06,-9.011897718257889e-08,-1.013355291561709e-08
gmat_two_body,numerical_two_body,EarthMJ2000Eq,69240.0,2026-05-10T16:22:00Z,4.17441122574007e-05,-0.0035967187533400067,-1.6422801530403965e-08,0.0038258009377409715,-9.02946780077639e-08,-8.935059273689192e-09
gmat_two_body,numerical_two_body,EarthMJ2000Eq,69300.0,2026-05-10T16:23:00Z,4.0956558681677634e-05,-0.003599373113402885,-1.7681183852658398e-08,0.0038314344889127864,-9.728655552692754e-08,-9.096155092464973e-09
gmat_two_body,numerical_two_body,EarthMJ2000Eq,69360.0,2026-05-10T16:24:00Z,2.2147259601881094e-07,-7.216949799699189e-06,-1.7807745586193222e-08,7.717297976665553e-06,-9.703257984112352e-08,-6.839221904866607e-09
gmat_two_body,numerical_two_body,EarthMJ2000Eq,69420.0,2026-05-10T16:25:00Z,3.8878356746360706e-05,-0.0036045156362992463,-1.9927045382459696e-08,0.0038423589862941186,-1.0119494199665107e-07,-5.493087804690015e-09
gmat_two_body,numerical_two_body,EarthMJ2000Eq,69480.0,2026-05-10T16:26:00Z,3.759693494480828e-05,-0.003606983967305654,-1.9200204725533283e-08,0.0038476012481228413,-1.0100040560507348e-07,-4.118069223293604e-09
gmat_two_body,numerical_two_body,EarthMJ2000Eq,69540.0,2026-05-10T16:27:00Z,3.6155439663424674e-05,-0.0036093676324818933,-1.945795285565704e-08,0.003852666237740548,-1.0426252485383708e-07,-1.8183418869329269e-09
gmat_two_body,numerical_two_body,EarthMJ2000Eq,69600.0,2026-05-10T16:28:00Z,3.4564465735307196e-05,-0.0036116557816083077,-2.0547506731129632e-08,0.0038575318200201945,-1.0212127720950513e-07,-1.5510196540410707e-09
gmat_two_body,numerical_two_body,EarthMJ2000Eq,69660.0,2026-05-10T16:29:00Z,2.1424079584709893e-07,-7.319811513042719e-06,-2.0971886097135555e-08,7.833613584753067e-06,-1.0404443502423416e-07,-1.8479578755588091e-09
gmat_two_body,numerical_two_body,EarthMJ2000Eq,69720.0,2026-05-10T16:30:00Z,3.094824140737464e-05,-0.003615909635688268,-1.9675668616900273e-08,0.003866579464711278,-1.0469380520006466e-07,3.5931966912450535e-10
gmat_two_body,numerical_two_body,EarthMJ2000Eq,69780.0,2026-05-10T16:31:00Z,2.894006912329722e-05,-0.0036178550630579028,-1.963871679409427e-08,0.0038707197177208124,-1.1027377057468778e-07,1.5027689950233037e-09
gmat_two_body,numerical_two_body,EarthMJ2000Eq,69840.0,2026-05-10T16:32:00Z,2.0314877827208962e-07,-7.379595361241193e-06,-1.865131322243715e-08,7.9028177217946e-06,-1.0955219318667963e-07,4.48281444062146e-09
gmat_two_body,numerical_two_body,EarthMJ2000Eq,69900.0,2026-05-10T16:33:00Z,2.4563836093809263e-05,-0.0036213402408842485,-1.6576226348581085e-08,0.003878146049545697,-1.0779877970917811e-07,5.514094386184068e-09
gmat_two_body,numerical_two_body,EarthMJ2000Eq,69960.0,2026-05-10T16:34:00Z,2.2214381678991294e-05,-0.003622864694363458,-1.6348952756009802e-08,0.003881392391524606,-1.0932290789024993e-07,5.794065687986434e-09
gmat_two_body,numerical_two_body,EarthMJ2000Eq,70020.0,2026-05-10T16:35:00Z,1.976561495397117e-05,-0.003624236404852228,-1.6005403915002838e-08,0.0038843093703947802,-1.0649566424176078e-07,6.941979855037951e-09
gmat_two_body,numerical_two_body,EarthMJ2000Eq,70080.0,2026-05-10T16:36:00Z,1.723664272229015e-05,-0.003625445905324721,-1.5579354866861747e-08,0.003886883855305705,-1.0755533677756894e-07,8.350885665150396e-09
gmat_two_body,numerical_two_body,EarthMJ2000Eq,70140.0,2026-05-10T16:37:00Z,1.7572361648009285e-07,-7.472404507473043e-06,-1.460557267695181e-08,8.002188504185425e-06,-1.0734921273352049e-07,9.946243523896183e-09
gmat_two_body,numerical_two_body,EarthMJ2000Eq,70200.0,2026-05-10T16:38:00Z,1.1965244710121692e-05,-0.0036273623377863495,-1.577484702049888e-08,0.0038909507208078798,-1.0690242589363099e-07,1.3020490780830305e-08
gmat_two_body,numerical_two_body,EarthMJ2000Eq,70260.0,2026-05-10T16:39:00Z,9.248574678598191e-06,-0.0036280597167459338,-1.4747533430035657e-08,0.0038924261544445145,-1.0815865066140385e-07,1.2926236830628197e-08
gmat_two_body,numerical_two_body,EarthMJ2000Eq,70320.0,2026-05-10T16:40:00Z,1.5557859518593247e-07,-7.524647984099236e-06,-1.3031735394423994e-08,8.05070983391812e-06,-1.039587162099252e-07,1.3285687632076442e-08
gmat_two_body,numerical_two_body,EarthMJ2000Eq,70380.0,2026-05-10T16:41:00Z,3.702032743663719e-06,-0.0036289164683166717,-1.2650898371126929e-08,0.003894226724613734,-1.0178496821912113e-07,1.235373807758591e-08
gmat_two_body,numerical_two_body,EarthMJ2000Eq,70440.0,2026-05-10T16:42:00Z,1.4049995599869567e-07,-7.555951643049554e-06,-1.2158962726268192e-08,8.079352673592629e-06,-9.93933876019086e-08,1.6020221480717973e-08
gmat_two_body,numerical_two_body,EarthMJ2000Eq,70500.0,2026-05-10T16:43:00Z,-1.9000398389216205e-06,-0.003629046079243221,-9.139231898574218e-09,0.0038944668709492564,-9.65829786579422e-08,1.5656189267186335e-08
gmat_two_body,numerical_two_body,EarthMJ2000Eq,70560.0,2026-05-10T16:44:00Z,-4.699930203462601e-06,-0.003628836131198487,-1.0358047337163904e-08,0.003893998693878758,-9.528249123163246e-08,1.5621461981137152e-08
gmat_two_body,numerical_two_body,EarthMJ2000Eq,70620.0,2026-05-10T16:45:00Z,1.1662928478107492e-07,-7.599332763742752e-06,-7.800882609769417e-09,8.11563069736924e-06,-9.440589597298615e-08,1.693868010795718e-08
gmat_two_body,numerical_two_body,EarthMJ2000Eq,70680.0,2026-05-10T16:46:00Z,-1.0215005145186987e-05,-0.0036278751275147765,-5.932919248142433e-09,0.0038919008476332576,-8.88311057815631e-08,1.7886875468002727e-08
gmat_two_body,numerical_two_body,EarthMJ2000Eq,70740.0,2026-05-10T16:47:00Z,-1.291175379880896e-05,-0.0036271282329107197,-3.916518686360187e-09,0.0038902796114480102,-8.718816002398499e-08,1.8572557052731177e-08
gmat_two_body,numerical_two_body,EarthMJ2000Eq,70800.0,2026-05-10T16:48:00Z,9.454525047425179e-08,-7.637567145400682e-06,-2.8908698644405303e-09,8.143253538263626e-06,-8.60901684611948e-08,1.8593345012010574e-08
gmat_two_body,numerical_two_body,EarthMJ2000Eq,70860.0,2026-05-10T16:49:00Z,-1.812936648139383e-05,-0.0036251161607479604,-2.1687909985707715e-09,0.0038859282855305453,-8.292027943450352e-08,1.9852745951278193e-08
gmat_two_body,numerical_two_body,EarthMJ2000Eq,70920.0,2026-05-10T16:50:00Z,7.767513059607822e-08,-7.658095434610864e-06,-9.319979454439684e-10,8.157899338294164e-06,-8.055769129566396e-08,1.937754190943752e-08
gmat_two_body,numerical_two_body,EarthMJ2000Eq,70980.0,2026-05-10T16:51:00Z,-2.303172718152045e-05,-0.003622447613861735,-3.5957264502016245e-10,0.003880179664783434,-7.874419296209544e-08,2.0549182193435517e-08
gmat_two_body,numerical_two_body,EarthMJ2000Eq,71040.0,2026-05-10T16:52:00Z,-2.5340489634623673e-05,-0.003620881603219239,3.8127559064536523e-10,0.003876813322570731,-7.334800355586846e-08,1.9235892425719057e-08
gmat_two_body,numerical_two_body,EarthMJ2000Eq,71100.0,2026-05-10T16:53:00Z,5.330314142153981e-08,-7.684226166041752e-06,2.079609465710163e-09,8.172031722289059e-06,-7.011125505606073e-08,1.8913635660913196e-08
gmat_two_body,numerical_two_body,EarthMJ2000Eq,71160.0,2026-05-10T16:54:00Z,-2.961731633445247e-05,-0.0036173243866903983,2.4340952917773146e-09,0.003869174542315717,-6.745664055156488e-08,1.9510408141155627e-08
gmat_two_body,numerical_two_body,EarthMJ2000Eq,71220.0,2026-05-10T16:55:00Z,-3.1571115898762816e-05,-0.0036153477272518396,2.9654219107726453e-09,0.003864937293294725,-6.484207927144632e-08,1.8227147806636482e-08
gmat_two_body,numerical_two_body,EarthMJ2000Eq,71280.0,2026-05-10T16:56:00Z,3.1733839144775066e-08,-7.703515317274665e-06,4.599510790204247e-09,8.176813129484297e-06,-6.042016828303227e-08,1.5966885338643302e-08
gmat_two_body,numerical_two_body,EarthMJ2000Eq,71340.0,2026-05-10T16:57:00Z,-3.5064908932028955e-05,-0.003611046995528858,5.9089228155463885e-09,0.0038557182236991375,-5.51901114064167e-08,1.6358702736971212e-08
gmat_two_body,numerical_two_body,EarthMJ2000Eq,71400.0,2026-05-10T16:58:00Z,1.916908370521171e-08,-7.713793974792394e-06,5.923088936748481e-09,8.179619252192048e-06,-5.246746586480031e-08,1.7301523554186445e-08
gmat_two_body,numerical_two_body,EarthMJ2000Eq,71460.0,2026-05-10T16:59:00Z,-3.796539534490529e-05,-0.0036063387965825015,3.923117869442027e-09,0.003845658779308555,-5.027940671920318e-08,1.5502852194623775e-08
gmat_two_body,numerical_two_body,EarthMJ2000Eq,71520.0,2026-05-10T17:00:00Z,-3.918249671706984e-05,-0.0036038625237627396,7.548638407313548e-09,0.0038403682008123904,-4.442683042216834e-08,1.6679202309061178e-08
gmat_two_body,numerical_two_body,EarthMJ2000Eq,71580.0,2026-05-10T17:01:00Z,1.7787301197024402e-09,-7.724183390202895e-06,7.892931920070336e-09,8.174753520665186e-06,-4.1138696012003963e-08,1.3546638458103508e-08
gmat_two_body,numerical_two_body,EarthMJ2000Eq,71640.0,2026-05-10T17:02:00Z,-4.111816665843233e-05,-0.0035987092767673246,9.489156244555058e-09,0.0038293737876252455,-4.1509978947464895e-08,1.4349151665095336e-08
gmat_two_body,numerical_two_body,EarthMJ2000Eq,71700.0,2026-05-10T17:03:00Z,-4.182992514848466e-05,-0.003596055000738652,1.1647322458035133e-08,0.0038237219598855577,-3.947478138647285e-08,1.3099073547207388e-08
gmat_two_body,numerical_two_body,EarthMJ2000Eq,71760.0,2026-05-10T17:04:00Z,-4.237265912703741e-05,-0.003593364730817253,1.2904588678803346e-08,0.003817997218725024,-3.461291902268148e-08,1.1269603204308248e-08
gmat_two_body,numerical_two_body,EarthMJ2000Eq,71820.0,2026-05-10T17:05:00Z,-4.2741074406807744e-05,-0.0035906492289987783,1.4501440643883702e-08,0.0038122236491931307,-3.445630990496047e-08,1.193444980569543e-08
gmat_two_body,numerical_two_body,EarthMJ2000Eq,71880.0,2026-05-10T17:06:00Z,-1.8978074173237815e-08,-7.73272546830674e-06,1.3340587506580076e-08,8.159400612840699e-06,-3.0103844020239706e-08,9.806601051827592e-09
gmat_two_body,numerical_two_body,EarthMJ2000Eq,71940.0,2026-05-10T17:07:00Z,-4.294939688634849e-05,-0.003585188182942611,1.5830757122024834e-08,0.0038006270494247733,-2.6988662842150764e-08,9.602085700097268e-09
gmat_two_body,numerical_two_body,EarthMJ2000Eq,72000.0,2026-05-10T17:08:00Z,-4.279284824429937e-05,-0.003582465281234887,1.5012237587693576e-08,0.003794851365767496,-2.2959380872287826e-08,7.626329058336238e-09
gmat_two_body,numerical_two_body,EarthMJ2000Eq,72060.0,2026-05-10T17:09:00Z,-2.3510643779401052e-08,-7.73181437796692e-06,1.642722226981249e-08,8.150132784072493e-06,-2.0199215222302292e-08,7.645247661503416e-09
gmat_two_body,numerical_two_body,EarthMJ2000Eq,72120.0,2026-05-10T17:10:00Z,-4.196360623971338e-05,-0.003577089242809088,1.2278584671231365e-08,0.0037834609391718794,-1.898054287984729e-08,6.307007601120255e-09
gmat_two_body,numerical_two_body,EarthMJ2000Eq,72180.0,2026-05-10T17:11:00Z,-4.12956677934707e-05,-0.003574455307130011,1.4023349609930732e-08,0.0037778908360568747,-1.7487328176586638e-08,4.976955196198865e-09
gmat_two_body,numerical_two_body,EarthMJ2000Eq,72240.0,2026-05-10T17:12:00Z,-4.046541914175832e-05,-0.003571873328989267,1.5949652831418995e-08,0.0037724297542560074,-1.5140616550678645e-08,4.518837832408467e-09
gmat_two_body,numerical_two_body,EarthMJ2000Eq,72300.0,2026-05-10T17:13:00Z,-3.947623945136691e-05,-0.0035693503745775922,1.686567086997905e-08,0.0037671035966156483,-1.4006095414282773e-08,3.934100973636321e-09
gmat_two_body,numerical_two_body,EarthMJ2000Eq,72360.0,2026-05-10T17:14:00Z,-2.1109577504725396e-08,-7.729910330432943e-06,1.624008258552845e-08,8.130184076751473e-06,-1.224552345316712e-08,2.1244430926365134e-09
gmat_two_body,numerical_two_body,EarthMJ2000Eq,72420.0,2026-05-10T17:15:00Z,-3.702922623775626e-05,-0.0035645299004687884,1.6628427426510016e-08,0.0037569326624878664,-1.062097932188538e-08,-1.53560388063494e-10
gmat_two_body,numerical_two_body,EarthMJ2000Eq,72480.0,2026-05-10T17:16:00Z,-3.558882086316771e-05,-0.003562249269145456,1.564646330676409e-08,0.003752124092225609,-7.371581785809172e-09,-3.826267852790614e-12
gmat_two_body,numerical_two_body,EarthMJ2000Eq,72540.0,2026-05-10T17:17:00Z,-1.5286393750828363e-08,-7.726709608547809e-06,1.482515259471358e-08,8.122306761201459e-06,-5.834392950106047e-09,-1.9645157558211637e-09
gmat_two_body,numerical_two_body,EarthMJ2000Eq,72600.0,2026-05-10T17:18:00Z,-3.229615991488641e-05,-0.003557988405956725,1.5411402700902777e-08,0.003743153826086458,-5.8830245595256176e-09,-3.470008624339945e-09
gmat_two_body,numerical_two_body,EarthMJ2000Eq,72660.0,2026-05-10T17:19:00Z,-3.0456405235748225e-05,-0.0035560231838212804,1.3093038163289188e-08,0.0037390209511819913,-5.869167712777287e-09,-3.6406585785412405e-09
gmat_two_body,numerical_two_body,EarthMJ2000Eq,72720.0,2026-05-10T17:20:00Z,-2.8499025011188757e-05,-0.003554180685725572,1.3505412283936985e-08,0.0037351442835749206,-8.348034899665795e-09,-7.687107695501439e-09
gmat_two_body,numerical_two_body,EarthMJ2000Eq,72780.0,2026-05-10T17:21:00Z,-2.6434970458254018e-05,-0.0035524641001996593,1.3483356534160295e-08,0.0037315386025236984,-5.552599517863561e-09,-6.2091222238042815e-09
gmat_two_body,numerical_two_body,EarthMJ2000Eq,72840.0,2026-05-10T17:22:00Z,6.1143829712765625e-09,-7.725715015224547e-06,1.2955052955872842e-08,8.117162073959461e-06,-3.6882501714799904e-09,-5.039098902709407e-09
gmat_two_body,numerical_two_body,EarthMJ2000Eq,72900.0,2026-05-10T17:23:00Z,-2.2008877577917213e-05,-0.0035494400965834032,1.3890765815180534e-08,0.0037251838169079657,-4.300837620795805e-09,-4.580014162709341e-09
gmat_two_body,numerical_two_body,EarthMJ2000Eq,72960.0,2026-05-10T17:24:00Z,-1.966461307160463e-05,-0.0035481404468447335,1.24507913074486e-08,0.0037224577096905903,-4.389391281523413e-09,-5.646167013312585e-09
gmat_two_body,numerical_two_body,EarthMJ2000Eq,73020.0,2026-05-10T17:25:00Z,2.3121852365907353e-08,-7.72939243604667e-06,1.3532464147344886e-08,8.121989050399729e-06,-4.3034338514826765e-09,-8.61793141757782e-09
gmat_two_body,numerical_two_body,EarthMJ2000Eq,73080.0,2026-05-10T17:26:00Z,-1.4763273737964561e-05,-0.0035459959890790523,1.223124776158852e-08,0.0037179582196036356,-2.8786737360439178e-09,-7.384095431798797e-09
gmat_two_body,numerical_two_body,EarthMJ2000Eq,73140.0,2026-05-10T17:27:00Z,3.571450404336002e-08,-7.732638706187306e-06,1.1106322487864105e-08,8.129722464632416e-06,-6.572061713416689e-09,-8.837282737665789e-09
gmat_two_body,numerical_two_body,EarthMJ2000Eq,73200.0,2026-05-10T17:28:00Z,-9.63661873206637e-06,-0.0035444778054601125,1.2229671998668172e-08,0.0037147727039271673,-5.642635154756234e-09,-9.250034868197863e-09
gmat_two_body,numerical_two_body,EarthMJ2000Eq,73260.0,2026-05-10T17:29:00Z,-7.012332663433735e-06,-0.0035439610536315627,1.2051909178470896e-08,0.003713687223487526,-8.193071047491872e-09,-1.2804024006563362e-08
gmat_two_body,numerical_two_body,EarthMJ2000Eq,73320.0,2026-05-10T17:30:00Z,5.731967965854624e-08,-7.742771803533539e-06,1.0433656237518218e-08,8.146361378606802e-06,-9.247964716309101e-09,-1.0178573527947936e-08
gmat_two_body,numerical_two_body,EarthMJ2000Eq,73380.0,2026-05-10T17:31:00Z,-1.6907497577492436e-06,-0.003543422161436366,9.543104445086328e-09,0.0037125544618909724,-1.2865809622076818e-08,-1.1213139578589873e-08
gmat_two_body,numerical_two_body,EarthMJ2000Eq,73440.0,2026-05-10T17:32:00Z,9.806211994012724e-07,-0.0035433993964901337,9.77344638930981e-09,0.003712506559399679,-1.3886393600209822e-08,-1.424842004283681e-08
gmat_two_body,numerical_two_body,EarthMJ2000Eq,73500.0,2026-05-10T17:33:00Z,7.888718494514458e-08,-7.758268423061497e-06,9.018658323385407e-09,8.17053333767274e-06,-1.44777888320327e-08,-1.5087928006164282e-08
gmat_two_body,numerical_two_body,EarthMJ2000Eq,73560.0,2026-05-10T17:34:00Z,6.312032858974915e-06,-0.0035438554881226467,6.8354589208808415e-09,0.0037134552205195727,-1.8326879378597973e-08,-1.437193880745183e-08
gmat_two_body,numerical_two_body,EarthMJ2000Eq,73620.0,2026-05-10T17:35:00Z,9.69656563473303e-08,-7.771336401900696e-06,6.935744400729512e-09,8.192436213077589e-06,-1.8596169109017945e-08,-1.4055240842061019e-08
gmat_two_body,numerical_two_body,EarthMJ2000Eq,73680.0,2026-05-10T17:36:00Z,1.1547936012985808e-05,-0.0035449689343752104,4.911926652483039e-09,0.0037157821660671487,-2.318538808056062e-08,-1.3078829074612038e-08
gmat_two_body,numerical_two_body,EarthMJ2000Eq,73740.0,2026-05-10T17:37:00Z,1.41063565779611e-05,-0.0035457680080622695,4.141325981145763e-09,0.0037174529016059023,-2.5959616074503296e-08,-1.3623748450970048e-08
gmat_two_body,numerical_two_body,EarthMJ2000Eq,73800.0,2026-05-10T17:38:00Z,1.2488408101831626e-07,-7.796575063977135e-06,2.5476427916725173e-09,8.231571427507534e-06,-2.824200447119084e-08,-1.3637852046596601e-08
gmat_two_body,numerical_two_body,EarthMJ2000Eq,73860.0,2026-05-10T17:39:00Z,1.905726867681739e-05,-0.0035478378839342846,1.4109289601240636e-09,0.0037217855268153765,-3.1089901181638375e-08,-1.3651065931906784e-08
gmat_two_body,numerical_two_body,EarthMJ2000Eq,73920.0,2026-05-10T17:40:00Z,2.1425227008039505e-05,-0.003549100595576707,5.53891295707005e-10,0.003724428629153738,-3.361528726558206e-08,-1.4827858220212572e-08
gmat_two_body,numerical_two_body,EarthMJ2000Eq,73980.0,2026-05-10T17:41:00Z,1.499069429186784e-07,-7.827148645523031e-06,1.2331781977121069e-10,8.279681039014176e-06,-3.8939377993332656e-08,-1.54878555723869e-08
gmat_two_body,numerical_two_body,EarthMJ2000Eq,74040.0,2026-05-10T17:42:00Z,2.5919366021075093e-05,-0.0035520608829371033,-7.238267793063943e-10,0.003730631822846294,-3.995567169561549e-08,-1.7003674373960116e-08
gmat_two_body,numerical_two_body,EarthMJ2000Eq,74100.0,2026-05-10T17:43:00Z,1.686345653240134e-07,-7.853082295656666e-06,-3.1374339405788153e-09,8.318672107457772e-06,-4.240450315173814e-08,-1.7265072303421366e-08
gmat_two_body,numerical_two_body,EarthMJ2000Eq,74160.0,2026-05-10T17:44:00Z,3.0014476483076943e-05,-0.003555564818155728,-2.9922325785722065e-09,0.003737980354283934,-4.9578740523689614e-08,-1.6430236474533428e-08
gmat_two_body,numerical_two_body,EarthMJ2000Eq,74220.0,2026-05-10T17:45:00Z,3.189476547093108e-05,-0.003557507862641062,-7.465861318661492e-09,0.003742053048505759,-5.3297513642246723e-08,-1.8176363503121838e-08
gmat_two_body,numerical_two_body,EarthMJ2000Eq,74280.0,2026-05-10T17:46:00Z,1.9276754249029399e-07,-7.89645917742661e-06,-6.296174629622736e-09,8.381168619306726e-06,-5.9460923416454566e-08,-1.690506413366308e-08
gmat_two_body,numerical_two_body,EarthMJ2000Eq,74340.0,2026-05-10T17:47:00Z,3.528414992978457e-05,-0.0035617299740027994,-7.364145757037373e-09,0.003750919892557469,-6.295878512267815e-08,-1.619133730005425e-08
gmat_two_body,numerical_two_body,EarthMJ2000Eq,74400.0,2026-05-10T17:48:00Z,3.677545969927507e-05,-0.0035639982044632437,-8.656427834706959e-09,0.0037556836052494965,-6.892640785163081e-08,-1.573447565009705e-08
gmat_two_body,numerical_two_body,EarthMJ2000Eq,74460.0,2026-05-10T17:49:00Z,3.8127335179257534e-05,-0.0035663564763096754,-6.582440914477847e-09,0.0037606450032928447,-7.155728347610781e-08,-1.5708725933079736e-08
gmat_two_body,numerical_two_body,EarthMJ2000Eq,74520.0,2026-05-10T17:50:00Z,3.9327171984916656e-05,-0.003568799459985724,-9.88551809274914e-09,0.003765786969013163,-7.813446977446536e-08,-1.6528084208565784e-08
gmat_two_body,numerical_two_body,EarthMJ2000Eq,74580.0,2026-05-10T17:51:00Z,2.288457861823441e-07,-7.982812764460837e-06,-9.549276566488184e-09,8.499986180420882e-06,-8.1142149530862e-08,-1.6163619530344007e-08
gmat_two_body,numerical_two_body,EarthMJ2000Eq,74640.0,2026-05-10T17:52:00Z,4.1260843642160005e-05,-0.0035739007315310966,-1.1875010433735531e-08,0.0037765275524146795,-8.417980302314202e-08,-1.5351567507604434e-08
gmat_two_body,numerical_two_body,EarthMJ2000Eq,74700.0,2026-05-10T17:53:00Z,4.198845744662939e-05,-0.0035765377026026344,-1.2141423233242673e-08,0.003782085968917037,-8.72317973664973e-08,-1.3221413074662552e-08
gmat_two_body,numerical_two_body,EarthMJ2000Eq,74760.0,2026-05-10T17:54:00Z,2.462453999096084e-07,-8.042627300582005e-06,-1.4722114670153603e-08,8.577953767804963e-06,-9.257343440631528e-08,-1.3482596111532937e-08
gmat_two_body,numerical_two_body,EarthMJ2000Eq,74820.0,2026-05-10T17:55:00Z,4.29367195416071e-05,-0.003581936509827648,-1.342898494664556e-08,0.003793479757246157,-9.771493034031359e-08,-1.3867785670748797e-08
gmat_two_body,numerical_two_body,EarthMJ2000Eq,74880.0,2026-05-10T17:56:00Z,4.3151823305025575e-05,-0.0035846756345985554,-1.694302289058674e-08,0.0037992665840900497,-9.934310324601549e-08,-9.342400496790025e-09
gmat_two_body,numerical_two_body,EarthMJ2000Eq,74940.0,2026-05-10T17:57:00Z,4.319484195916104e-05,-0.003587428207478106,-1.8901091505981673e-08,0.0038050858922089453,-1.011390189056232e-07,-8.303423123140754e-09
gmat_two_body,numerical_two_body,EarthMJ2000Eq,75000.0,2026-05-10T17:58:00Z,4.3063313934409444e-05,-0.003590183672187316,-1.7477233231768692e-08,0.0038109129892934775,-1.0616855637452534e-07,-8.185859148417056e-09
gmat_two_body,numerical_two_body,EarthMJ2000Eq,75060.0,2026-05-10T17:59:00Z,2.6550374025710124e-07,-8.155409243889732e-06,-1.7374283126871293e-08,8.720527450822833e-06,-1.0952948448325307e-07,-5.088387872605092e-09
gmat_two_body,numerical_two_body,EarthMJ2000Eq,75120.0,2026-05-10T18:00:00Z,4.2280961229409316e-05,-0.0035956551575840718,-1.5896291834254948e-08,0.003822490307363097,-1.1331214277567684e-07,-4.307305436581634e-09
gmat_two_body,numerical_two_body,EarthMJ2000Eq,75180.0,2026-05-10T18:01:00Z,4.1625657878604995e-05,-0.003598345741323925,-1.704494193467108e-08,0.003828195766682022,-1.1653257245802993e-07,-3.764390870732405e-09
gmat_two_body,numerical_two_body,EarthMJ2000Eq,75240.0,2026-05-10T18:02:00Z,2.698413156656636e-07,-8.227946652183716e-06,-1.779397897230227e-08,8.810474682273342e-06,-1.1947096422569884e-07,-9.721038304728269e-10
gmat_two_body,numerical_two_body,EarthMJ2000Eq,75300.0,2026-05-10T18:03:00Z,3.980971988756289e-05,-0.003603589342652322,-1.9106588894318695e-08,0.0038393161906633017,-1.211742641312947e-07,-3.9583776542430397e-10
gmat_two_body,numerical_two_body,EarthMJ2000Eq,75360.0,2026-05-10T18:04:00Z,3.8650580638597374e-05,-0.003606118714578719,-1.8411052068679518e-08,0.003844686327067533,-1.2612554076108872e-07,3.0975690251149675e-09
gmat_two_body,numerical_two_body,EarthMJ2000Eq,75420.0,2026-05-10T18:05:00Z,3.733169257615015e-05,-0.003608571425541046,-1.758435882245317e-08,0.003849894845846584,-1.290340184835788e-07,3.0199730527418213e-09
gmat_two_body,numerical_two_body,EarthMJ2000Eq,75480.0,2026-05-10T18:06:00Z,3.5857643457871064e-05,-0.0036109383114628665,-1.810237780647958e-08,0.003854920352545533,-1.309127492668424e-07,2.5451087234457534e-09
gmat_two_body,numerical_two_body,EarthMJ2000Eq,75540.0,2026-05-10T18:07:00Z,2.676733713318667e-07,-8.351577452662976e-06,-1.7568286419129757e-08,8.953993928789469e-06,-1.335742666235469e-07,3.0231980028575834e-09
gmat_two_body,numerical_two_body,EarthMJ2000Eq,75600.0,2026-05-10T18:08:00Z,3.24631049871989e-05,-0.0036153714465427984,-1.8122336662919334e-08,0.0038643398761283336,-1.3485914952548186e-07,4.236002764530608e-09
gmat_two_body,numerical_two_body,EarthMJ2000Eq,75660.0,2026-05-10T18:09:00Z,3.055568497341481e-05,-0.0036174190666041716,-1.9609008532461272e-08,0.003868692182207882,-1.3509049612122598e-07,5.423551742893603e-09
gmat_two_body,numerical_two_body,EarthMJ2000Eq,75720.0,2026-05-10T18:10:00Z,2.6005033003629974e-07,-8.42796971288615e-06,-2.0555702901499422e-08,9.038104909803108e-06,-1.3818903078376768e-07,7.0330892178275325e-09
gmat_two_body,numerical_two_body,EarthMJ2000Eq,75780.0,2026-05-10T18:11:00Z,2.636588758086322e-05,-0.0036211289441723127,-2.0066063093205235e-08,0.003876576831648714,-1.4040372703966444e-07,1.114400575321865e-08
gmat_two_body,numerical_two_body,EarthMJ2000Eq,75840.0,2026-05-10T18:12:00Z,2.5393128874241137e-07,-8.478300838311572e-06,-1.9654523458523518e-08,9.09390130119465e-06,-1.4050262329724827e-07,1.1444108824323338e-08
gmat_two_body,numerical_two_body,EarthMJ2000Eq,75900.0,2026-05-10T18:13:00Z,2.172222008205374e-05,-0.0036242696699100986,-1.713392263582468e-08,0.003883253882342639,-1.3992528825635316e-07,1.1095456960937326e-08
gmat_two_body,numerical_two_body,EarthMJ2000Eq,75960.0,2026-05-10T18:14:00Z,1.9257776290598588e-05,-0.0036256111378281954,-1.850667865084719e-08,0.003886102896720062,-1.4196332247929697e-07,1.2889399492863175e-08
gmat_two_body,numerical_two_body,EarthMJ2000Eq,76020.0,2026-05-10T18:15:00Z,2.380598460745125e-07,-8.549729807642437e-06,-1.5451375921044113e-08,9.172057971820462e-06,-1.407770596910506e-07,1.550122068120236e-08
gmat_two_body,numerical_two_body,EarthMJ2000Eq,76080.0,2026-05-10T18:16:00Z,1.4092275843895045e-05,-0.003627798113238573,-1.3287221516503393e-08,0.0038907422110719967,-1.4136574824973812e-07,1.535211099980167e-08
gmat_two_body,numerical_two_body,EarthMJ2000Eq,76140.0,2026-05-10T18:17:00Z,1.1412546443623229e-05,-0.003628637621132716,-1.3181065580953179e-08,0.003892516348956701,-1.427193178172006e-07,1.673087865655611e-08
gmat_two_body,numerical_two_body,EarthMJ2000Eq,76200.0,2026-05-10T18:18:00Z,2.2240672054439086e-07,-8.619421550673075e-06,-1.1164357186597617e-08,9.24240977454259e-06,-1.4143014164480396e-07,1.6228005879783042e-08
gmat_two_body,numerical_two_body,EarthMJ2000Eq,76260.0,2026-05-10T18:19:00Z,5.921926790814035e-06,-0.003629784264174838,-9.619545791032151e-09,0.0038949271832179524,-1.4152416684407425e-07,1.5245635826419212e-08
gmat_two_body,numerical_two_body,EarthMJ2000Eq,76320.0,2026-05-10T18:20:00Z,2.0961645835676465e-07,-8.664463216104492e-06,-8.083453964378995e-09,9.285254754354675e-06,-1.3989683845529307e-07,1.798483410092529e-08
gmat_two_body,numerical_two_body,EarthMJ2000Eq,76380.0,2026-05-10T18:21:00Z,3.277770592853048e-07,-0.003630208859504069,-9.07457379355259e-09,0.0038957823563529515,-1.394062735375055e-07,1.7590096303657994e-08
gmat_two_body,numerical_two_body,EarthMJ2000Eq,76440.0,2026-05-10T18:22:00Z,-2.476190143318295e-06,-0.0036301455595808625,-8.893178495219145e-09,0.0038956242717394346,-1.3907254536880477e-07,1.7114498831260324e-08
gmat_two_body,numerical_two_body,EarthMJ2000Eq,76500.0,2026-05-10T18:23:00Z,1.869839901983975e-07,-8.72750886958409e-06,-6.553292337201837e-09,9.34426521476571e-06,-1.372645954015083e-07,1.767540438673039e-08
gmat_two_body,numerical_two_body,EarthMJ2000Eq,76560.0,2026-05-10T18:24:00Z,-8.037227683437545e-06,-0.003629477199399623,-6.745990981759086e-09,0.003894137093218716,-1.369432938625415e-07,1.9050516599907274e-08
gmat_two_body,numerical_two_body,EarthMJ2000Eq,76620.0,2026-05-10T18:25:00Z,-1.0771439778163571e-05,-0.003628873552322755,-5.37706631497387e-09,0.003892812726157559,-1.3574968616783202e-07,1.9927543113277615e-08
gmat_two_body,numerical_two_body,EarthMJ2000Eq,76680.0,2026-05-10T18:26:00Z,1.6028728817439977e-07,-8.786354191167522e-06,-4.37033851261544e-09,9.391178570763096e-06,-1.3275995849126072e-07,2.0535759733951662e-08
gmat_two_body,numerical_two_body,EarthMJ2000Eq,76740.0,2026-05-10T18:27:00Z,-1.6086176180452566e-05,-0.0036271391453299223,-2.2545771696503664e-09,0.0038890450069052696,-1.269444678212727e-07,2.2397638063470177e-08
gmat_two_body,numerical_two_body,EarthMJ2000Eq,76800.0,2026-05-10T18:28:00Z,1.4718338775518094e-07,-8.82316566470568e-06,4.710943180612571e-10,9.419188193524711e-06,-1.261814081681583e-07,2.2756750154655246e-08
gmat_two_body,numerical_two_body,EarthMJ2000Eq,76860.0,2026-05-10T18:29:00Z,-2.1117126054960854e-05,-0.0036247330008802375,1.013981036281249e-09,0.0038838360916897095,-1.225564334052926e-07,2.11619893932979e-08
gmat_two_body,numerical_two_body,EarthMJ2000Eq,76920.0,2026-05-10T18:30:00Z,-2.3503587807749088e-05,-0.003623292295461237,3.556674985926464e-09,0.003880724374493062,-1.2118614691898163e-07,2.2886405333999114e-08
gmat_two_body,numerical_two_body,EarthMJ2000Eq,76980.0,2026-05-10T18:31:00Z,1.1983877779189897e-07,-8.870762348755722e-06,4.470710918202476e-09,9.451752820622818e-06,-1.1707967348784706e-07,2.3376916220321526e-08
gmat_two_body,numerical_two_body,EarthMJ2000Eq,77040.0,2026-05-10T18:32:00Z,-2.7959606457358505e-05,-0.003619962621836572,4.558951737671454e-09,0.0038735515367896278,-1.1368081276344091e-07,2.207830022524321e-08
gmat_two_body,numerical_two_body,EarthMJ2000Eq,77100.0,2026-05-10T18:33:00Z,-3.0010301453822752e-05,-0.003618093679224545,7.427580799846241e-09,0.0038695286839606166,-1.1018289008860467e-07,2.33293727825587e-08
gmat_two_body,numerical_two_body,EarthMJ2000Eq,77160.0,2026-05-10T18:34:00Z,-3.193596473888556e-05,-0.0036160940543112107,7.076972512665218e-09,0.003865237367857144,-1.1078266171622293e-07,2.033668381134598e-08
gmat_two_body,numerical_two_body,EarthMJ2000Eq,77220.0,2026-05-10T18:35:00Z,-3.372209103126989e-05,-0.0036139797390132493,9.270215067763604e-09,0.003860695481419478,-1.0297184091953413e-07,2.230892423529527e-08
gmat_two_body,numerical_two_body,EarthMJ2000Eq,77280.0,2026-05-10T18:36:00Z,8.198960582307185e-08,-8.936545246043506e-06,1.1936080190208707e-08,9.487964670493474e-06,-1.0231121394600187e-07,1.8919082118423887e-08
gmat_two_body,numerical_two_body,EarthMJ2000Eq,77340.0,2026-05-10T18:37:00Z,-3.6861067745558754e-05,-0.0036094343899375487,1.1418832085906218e-08,0.0038509504028009303,-9.984439906193097e-08,1.9999913772382977e-08
gmat_two_body,numerical_two_body,EarthMJ2000Eq,77400.0,2026-05-10T18:38:00Z,-3.819708476655171e-05,-0.003607023178460692,1.244175510861592e-08,0.0038457894704399184,-9.390206775409273e-08,1.8405863880335588e-08
gmat_two_body,numerical_two_body,EarthMJ2000Eq,77460.0,2026-05-10T18:39:00Z,6.113569264609587e-08,-8.967768629755193e-06,1.3352828252691129e-08,9.498216578278247e-06,-8.991842643367685e-08,1.6764921151817695e-08
gmat_two_body,numerical_two_body,EarthMJ2000Eq,77520.0,2026-05-10T18:40:00Z,-4.039176288940994e-05,-0.0036019810091032344,1.3282863041134176e-08,0.003835005287376109,-8.371587911801045e-08,1.4171758103372614e-08
gmat_two_body,numerical_two_body,EarthMJ2000Eq,77580.0,2026-05-10T18:41:00Z,-4.124107135092939e-05,-0.0035993680346807677,1.683185432543951e-08,0.0038294305461236125,-8.109703034963918e-08,1.4782345100336003e-08
gmat_two_body,numerical_two_body,EarthMJ2000Eq,77640.0,2026-05-10T18:42:00Z,-4.191561982652849e-05,-0.0035967107562281772,1.777095503672211e-08,0.003823763759604735,-7.755100628166408e-08,1.3426071924474255e-08
gmat_two_body,numerical_two_body,EarthMJ2000Eq,77700.0,2026-05-10T18:43:00Z,-4.2417317748362965e-05,-0.0035940201800113997,1.7291272373968778e-08,0.003818028742723341,-7.220955213515702e-08,1.1158888790670639e-08
gmat_two_body,numerical_two_body,EarthMJ2000Eq,77760.0,2026-05-10T18:44:00Z,3.324412080860041e-08,-9.00774616835363e-06,1.9298534746435552e-08,9.507053874390775e-06,-6.906028236868753e-08,9.774748268268492e-09
gmat_two_body,numerical_two_body,EarthMJ2000Eq,77820.0,2026-05-10T18:45:00Z,-4.290258757900738e-05,-0.0035885816741159657,1.918095754799561e-08,0.003806456242098829,-6.363504856972788e-08,8.765116205912303e-09
gmat_two_body,numerical_two_body,EarthMJ2000Eq,77880.0,2026-05-10T18:46:00Z,-4.28824347486333e-05,-0.003585855938330335,2.0305562107439455e-08,0.0038006637235128596,-5.877835069589006e-08,7.608496371127298e-09
gmat_two_body,numerical_two_body,EarthMJ2000Eq,77940.0,2026-05-10T18:47:00Z,2.4516702780175563e-08,-9.02489629827161e-06,1.9798807517579435e-08,9.509664176464357e-06,-5.5806917210920185e-08,4.352658478587134e-09
gmat_two_body,numerical_two_body,EarthMJ2000Eq,78000.0,2026-05-10T18:48:00Z,-4.2318581222303966e-05,-0.0035804500142043835,1.867209240671167e-08,0.0037891894956689942,-5.423141773746234e-08,6.818907777466287e-09
gmat_two_body,numerical_two_body,EarthMJ2000Eq,78060.0,2026-05-10T18:49:00Z,-4.178248518361309e-05,-0.003577789128043615,1.945963986728911e-08,0.003783553108598831,-5.034877915050896e-08,3.834943720722149e-09
gmat_two_body,numerical_two_body,EarthMJ2000Eq,78120.0,2026-05-10T18:50:00Z,-4.107827110538664e-05,-0.003575171307777637,1.8988751598173088e-08,0.0037780087405291105,-4.8196579574624815e-08,2.514386914342661e-09
gmat_two_body,numerical_two_body,EarthMJ2000Eq,78180.0,2026-05-10T18:51:00Z,-4.0213481856902296e-05,-0.003572606025492606,2.2659227088560492e-08,0.003772580287388548,-4.637110888640593e-08,3.749042679843476e-09
gmat_two_body,numerical_two_body,EarthMJ2000Eq,78240.0,2026-05-10T18:52:00Z,1.8348037941571696e-08,-9.046256066389863e-06,2.3245124652819883e-08,9.508869679279395e-06,-4.373273105331572e-08,1.6590264575032026e-09
gmat_two_body,numerical_two_body,EarthMJ2000Eq,78300.0,2026-05-10T18:53:00Z,-3.800540531139865e-05,-0.0035676755796446857,2.2752453963655216e-08,0.0037621610286332234,-4.228085128267014e-08,-4.5439132169011756e-10
gmat_two_body,numerical_two_body,EarthMJ2000Eq,78360.0,2026-05-10T18:54:00Z,-3.6676346515911484e-05,-0.0035653287437929903,2.4476501479332727e-08,0.003757206084752371,-3.8100548873159804e-08,4.802141335562347e-11
gmat_two_body,numerical_two_body,EarthMJ2000Eq,78420.0,2026-05-10T18:55:00Z,2.1474676293213314e-08,-9.053868715596999e-06,2.2262799367580404e-08,9.509867071191266e-06,-3.678929511328613e-08,-2.6826122499495594e-09
gmat_two_body,numerical_two_body,EarthMJ2000Eq,78480.0,2026-05-10T18:56:00Z,-3.359438515642046e-05,-0.003560916113889908,2.1002332400297056e-08,0.003747904688701271,-3.343480129870359e-08,-5.686778744573028e-09
gmat_two_body,numerical_two_body,EarthMJ2000Eq,78540.0,2026-05-10T18:57:00Z,2.7079560835682766e-08,-9.062673528015125e-06,2.031850700314684e-08,9.513185187450978e-06,-3.276882483083429e-08,-5.874510797934964e-09
gmat_two_body,numerical_two_body,EarthMJ2000Eq,78600.0,2026-05-10T18:58:00Z,-2.9984842646795835e-05,-0.003556933614081672,1.797439153402382e-08,0.003739513178063229,-3.171281261003772e-08,-7.554963895271476e-09
gmat_two_body,numerical_two_body,EarthMJ2000Eq,78660.0,2026-05-10T18:59:00Z,-2.8003918930849196e-05,-0.003555122483077277,2.1331950482332085e-08,0.0037357027674385893,-2.7033629393752192e-08,-9.240097495858649e-09
gmat_two_body,numerical_two_body,EarthMJ2000Eq,78720.0,2026-05-10T19:00:00Z,4.010680192057937e-08,-9.070846119555418e-06,1.860628665482599e-08,9.522458384650061e-06,-2.766816627821689e-08,-9.667317360532627e-09
gmat_two_body,numerical_two_body,EarthMJ2000Eq,78780.0,2026-05-10T19:01:00Z,-2.3726210069759388e-05,-0.0035518914090964812,1.849714036762343e-08,0.003728908962131547,-2.691162431558121e-08,-1.160368169712987e-08
gmat_two_body,numerical_two_body,EarthMJ2000Eq,78840.0,2026-05-10T19:02:00Z,-2.1444122586749023e-05,-0.003550485190962001,1.8223090765438898e-08,0.0037259504457745345,-2.605501244901928e-08,-1.10507956786866e-08
gmat_two_body,numerical_two_body,EarthMJ2000Eq,78900.0,2026-05-10T19:03:00Z,5.669374587671485e-08,-9.085021906096813e-06,1.7002533520698797e-08,9.536265288085748e-06,-2.7105211150767383e-08,-1.2909135206035603e-08
gmat_two_body,numerical_two_body,EarthMJ2000Eq,78960.0,2026-05-10T19:04:00Z,-1.664921046936253e-05,-0.0035481137821971064,1.7218818213276006e-08,0.003720964331062318,-2.6445681456238063e-08,-1.2201158387618829e-08
gmat_two_body,numerical_two_body,EarthMJ2000Eq,79020.0,2026-05-10T19:05:00Z,6.982978614639223e-08,-9.095614920927142e-06,1.4493923019030262e-08,9.550461633630497e-06,-2.6053813437043824e-08,-1.4722021694100505e-08
gmat_two_body,numerical_two_body,EarthMJ2000Eq,79080.0,2026-05-10T19:06:00Z,-1.15977848593031e-05,-0.003546357482459192,1.4556117305243346e-08,0.003717272940371511,-2.851027520591547e-08,-1.4998509716485324e-08
gmat_two_body,numerical_two_body,EarthMJ2000Eq,79140.0,2026-05-10T19:07:00Z,-9.000471424353397e-06,-0.0035457175011744963,1.1913000402885698e-08,0.003715929223521884,-2.9417762402565566e-08,-1.647460977101046e-08
gmat_two_body,numerical_two_body,EarthMJ2000Eq,79200.0,2026-05-10T19:08:00Z,9.219281447958231e-08,-9.11572387630422e-06,1.2467513784307805e-08,9.57853817897231e-06,-3.074284827073002e-08,-1.53375259796157e-08
gmat_two_body,numerical_two_body,EarthMJ2000Eq,79260.0,2026-05-10T19:09:00Z,-3.712108020280558e-06,-0.003544930614507642,1.113488689722506e-08,0.003714268029108953,-2.99888373836964e-08,-1.5317187887427863e-08
gmat_two_body,numerical_two_body,EarthMJ2000Eq,79320.0,2026-05-10T19:10:00Z,-1.0418724865937757e-06,-0.003544785016960632,1.0992448834986558e-08,0.003713955913006877,-3.2272160932659e-08,-1.8581182834411334e-08
gmat_two_body,numerical_two_body,EarthMJ2000Eq,79380.0,2026-05-10T19:11:00Z,1.1765474406996345e-07,-9.14123346826164e-06,1.0396505823858994e-08,9.61236043018049e-06,-3.233688495470029e-08,-1.8243919047593747e-08
gmat_two_body,numerical_two_body,EarthMJ2000Eq,79440.0,2026-05-10T19:12:00Z,4.3026335567207965e-06,-0.003544991850800579,8.749079024441417e-09,0.0037143748919242848,-3.47386701509008e-08,-2.3172595341648044e-08
gmat_two_body,numerical_two_body,EarthMJ2000Eq,79500.0,2026-05-10T19:13:00Z,1.3775997336152782e-07,-9.160444778794758e-06,5.629364852056343e-09,9.640225713874677e-06,-3.841535647093931e-08,-2.1056406870490936e-08
gmat_two_body,numerical_two_body,EarthMJ2000Eq,79560.0,2026-05-10T19:14:00Z,9.589967983206419e-06,-0.003545859937478105,3.642486714319418e-09,0.003716182971734006,-3.970593768166562e-08,-2.1690606293969242e-08
gmat_two_body,numerical_two_body,EarthMJ2000Eq,79620.0,2026-05-10T19:15:00Z,1.2181656917626174e-05,-0.0035465385620827073,4.1650218703584955e-09,0.0037176008287571707,-4.1060522326505134e-08,-2.0511786237454705e-08
gmat_two_body,numerical_two_body,EarthMJ2000Eq,79680.0,2026-05-10T19:16:00Z,1.6607056583053498e-07,-9.195132335599585e-06,3.186946895722813e-09,9.693332632320839e-06,-4.38036602217206e-08,-2.1543074453263993e-08
gmat_two_body,numerical_two_body,EarthMJ2000Eq,79740.0,2026-05-10T19:17:00Z,1.7222487347632182e-05,-0.0035483748774502947,1.6018675830096118e-09,0.0037214345265534294,-4.903408868178844e-08,-2.1413016515615865e-08
gmat_two_body,numerical_two_body,EarthMJ2000Eq,79800.0,2026-05-10T19:18:00Z,1.96521978257888e-05,-0.0035495268051514524,-4.855583547608571e-10,0.0037238399523610447,-5.158069430696868e-08,-2.231639476580444e-08
gmat_two_body,numerical_two_body,EarthMJ2000Eq,79860.0,2026-05-10T19:19:00Z,2.2005632903716876e-05,-0.0035508263379297094,6.863318998551063e-11,0.003726558732877126,-5.670953274502354e-08,-2.1777673940357204e-08
gmat_two_body,numerical_two_body,EarthMJ2000Eq,79920.0,2026-05-10T19:20:00Z,2.427845824683671e-05,-0.0035522741521775295,-2.345344225861457e-09,0.003729582900342964,-6.055061334314597e-08,-2.1438389195257226e-08
gmat_two_body,numerical_two_body,EarthMJ2000Eq,79980.0,2026-05-10T19:21:00Z,2.142742120475259e-07,-9.27107151399155e-06,-3.479359928780282e-09,9.796771525528875e-06,-6.404534977839814e-08,-2.1307109529615207e-08
gmat_two_body,numerical_two_body,EarthMJ2000Eq,80040.0,2026-05-10T19:22:00Z,2.8537078343858854e-05,-0.003555581371775831,-3.621764060888138e-09,0.003736510377219675,-6.809062357077885e-08,-1.8798333616734507e-08
gmat_two_body,numerical_two_body,EarthMJ2000Eq,80100.0,2026-05-10T19:23:00Z,3.0508785768926834e-05,-0.0035574318824043833,-5.306540824373315e-09,0.003740387236361323,-7.08722713841736e-08,-1.9459537640354673e-08
gmat_two_body,numerical_two_body,EarthMJ2000Eq,80160.0,2026-05-10T19:24:00Z,2.4115125154815816e-07,-9.324670411985567e-06,-5.7858651043417235e-09,9.873762389376031e-06,-7.442561335073103e-08,-1.9799674771797096e-08
gmat_two_body,numerical_two_body,EarthMJ2000Eq,80220.0,2026-05-10T19:25:00Z,3.40917589815083e-05,-0.0035614915907975706,-8.312104561852474e-09,0.0037489016192250616,-8.005276132097585e-08,-2.0524890889839456e-08
gmat_two_body,numerical_two_body,EarthMJ2000Eq,80280.0,2026-05-10T19:26:00Z,3.569165580323048e-05,-0.0035636858243268932,-1.0153193570623502e-08,0.0037535059688634568,-8.424919404181655e-08,-1.6420025022257196e-08
gmat_two_body,numerical_two_body,EarthMJ2000Eq,80340.0,2026-05-10T19:27:00Z,3.715291742048995e-05,-0.0035659795043987,-8.336120841065747e-09,0.0037583243326925224,-8.80267920566441e-08,-1.8599733811453208e-08
gmat_two_body,numerical_two_body,EarthMJ2000Eq,80400.0,2026-05-10T19:28:00Z,3.846871234054222e-05,-0.003568363261419083,-1.0148829457614747e-08,0.003763334082492753,-9.186136671781126e-08,-1.6803724964262626e-08
gmat_two_body,numerical_two_body,EarthMJ2000Eq,80460.0,2026-05-10T19:29:00Z,2.7837615916866265e-07,-9.433169457387317e-06,-1.190694152608188e-08,1.002373738805617e-05,-1.0055861320832726e-07,-1.6305554086001426e-08
gmat_two_body,numerical_two_body,EarthMJ2000Eq,80520.0,2026-05-10T19:30:00Z,4.064438375419776e-05,-0.0035733672291684087,-1.1680769567990059e-08,0.003773857260762616,-1.0138951857614602e-07,-1.3332288435106692e-08
gmat_two_body,numerical_two_body,EarthMJ2000Eq,80580.0,2026-05-10T19:31:00Z,4.14945294937912e-05,-0.0035759690366094785,-1.4564765242490094e-08,0.0037793334546172286,-1.080187273652384e-07,-1.3916026557868398e-08
gmat_two_body,numerical_two_body,EarthMJ2000Eq,80640.0,2026-05-10T19:32:00Z,2.973579461886136e-07,-9.507656831066593e-06,-1.2628390725490596e-08,1.0118285918565838e-05,-1.0853827687668912e-07,-1.317008350992032e-08
gmat_two_body,numerical_two_body,EarthMJ2000Eq,80700.0,2026-05-10T19:33:00Z,4.270367801031658e-05,-0.0035813182813012683,-1.4261110418748287e-08,0.0037906059090929787,-1.1500395820342324e-07,-1.1959256276459335e-08
gmat_two_body,numerical_two_body,EarthMJ2000Eq,80760.0,2026-05-10T19:34:00Z,4.305350063664865e-05,-0.003584045335309111,-1.525758062030293e-08,0.003796361049575891,-1.1715683277791918e-07,-1.1486845184121136e-08
gmat_two_body,numerical_two_body,EarthMJ2000Eq,80820.0,2026-05-10T19:35:00Z,4.3227276467626046e-05,-0.003586794282386705,-1.617725548400831e-08,0.0038021647833562503,-1.2257680566443896e-07,-1.0811508933332601e-08
gmat_two_body,numerical_two_body,EarthMJ2000Eq,80880.0,2026-05-10T19:36:00Z,4.3230433450087615e-05,-0.003589553157057817,-1.5572754252294227e-08,0.003807991540826633,-1.2588482118738463e-07,-1.0393220148118967e-08
gmat_two_body,numerical_two_body,EarthMJ2000Eq,80940.0,2026-05-10T19:37:00Z,3.1245223128482813e-07,-9.640156686334144e-06,-1.6076056855926233e-08,1.0286344942429693e-05,-1.299123867407661e-07,-8.97104448854961e-09
gmat_two_body,numerical_two_body,EarthMJ2000Eq,81000.0,2026-05-10T19:38:00Z,4.2714140113597046e-05,-0.003595057025495816,-1.5061522028205396e-08,0.0038196296290319448,-1.3194482172650815e-07,-5.343324123939351e-09
gmat_two_body,numerical_two_body,EarthMJ2000Eq,81060.0,2026-05-10T19:39:00Z,4.219261272862609e-05,-0.0035977810802864537,-1.2639449225831635e-08,0.0038253911889187717,-1.3397677000707598e-07,-4.486903345508099e-09
gmat_two_body,numerical_two_body,EarthMJ2000Eq,81120.0,2026-05-10T19:40:00Z,3.144941101385895e-07,-9.72570296981095e-06,-1.439191784230626e-08,1.0389735481347186e-05,-1.3720595643470024e-07,-3.41901370069369e-09
gmat_two_body,numerical_two_body,EarthMJ2000Eq,81180.0,2026-05-10T19:41:00Z,4.063749892102212e-05,-0.0036031117220127963,-1.3595021995198287e-08,0.003836680552273642,-1.3922401574034574e-07,-1.751599309604468e-09
gmat_two_body,numerical_two_body,EarthMJ2000Eq,81240.0,2026-05-10T19:42:00Z,3.138532790566562e-07,-9.78308839753393e-06,-1.136512326204719e-08,1.0458671226645184e-05,-1.4144004976516792e-07,-1.1609186689378069e-09
gmat_two_body,numerical_two_body,EarthMJ2000Eq,81300.0,2026-05-10T19:43:00Z,3.840584107137143e-05,-0.003608212375669607,-1.2085796290741407e-08,0.0038474993314933812,-1.4960867420800875e-07,-3.462867205809607e-10
gmat_two_body,numerical_two_body,EarthMJ2000Eq,81360.0,2026-05-10T19:44:00Z,3.705185007558005e-05,-0.003610650814822623,-1.2896609952182159e-08,0.0038526736905407904,-1.4694028677297524e-07,9.550072607995352e-10
gmat_two_body,numerical_two_body,EarthMJ2000Eq,81420.0,2026-05-10T19:45:00Z,3.0638388469705965e-07,-9.86710059537613e-06,-1.2706635610635225e-08,1.055814045169952e-05,-1.4817202054358446e-07,1.2112462858763179e-09
gmat_two_body,numerical_two_body,EarthMJ2000Eq,81480.0,2026-05-10T19:46:00Z,3.3879555884962036e-05,-0.0036152494668467254,-1.2439107334603598e-08,0.0038624383789496322,-1.496978216000583e-07,1.9355590740430277e-09
gmat_two_body,numerical_two_body,EarthMJ2000Eq,81540.0,2026-05-10T19:47:00Z,3.207779327850236e-05,-0.00361739084703473,-1.2319335756984256e-08,0.0038669875991515106,-1.5044218885668561e-07,5.7702025271688446e-09
gmat_two_body,numerical_two_body,EarthMJ2000Eq,81600.0,2026-05-10T19:48:00Z,2.944313994747631e-07,-9.953953124437003e-06,-1.3536634947544279e-08,1.0656282588223827e-05,-1.4996997560723437e-07,5.112958403842258e-09
gmat_two_body,numerical_two_body,EarthMJ2000Eq,81660.0,2026-05-10T19:49:00Z,2.807265427401601e-05,-0.0036213087227581755,-1.1334591216218726e-08,0.0038753074521120845,-1.482402240424499e-07,6.61137210205158e-09
gmat_two_body,numerical_two_body,EarthMJ2000Eq,81720.0,2026-05-10T19:50:00Z,2.8377839181939543e-07,-1.0010492009517147e-05,-1.2578907844064447e-08,1.0716041476918282e-05,-1.4834602784501663e-07,5.720178512273302e-09
gmat_two_body,numerical_two_body,EarthMJ2000Eq,81780.0,2026-05-10T19:51:00Z,2.3589562720824416e-05,-0.003624681253809272,-1.1667007906811126e-08,0.0038824722198505524,-1.490518415995038e-07,6.980048718324096e-09
gmat_two_body,numerical_two_body,EarthMJ2000Eq,81840.0,2026-05-10T19:52:00Z,2.119536944641393e-05,-0.003626146024442098,-1.2987899454433985e-08,0.0038855807747839783,-1.4788474446377982e-07,8.001643575478932e-09
gmat_two_body,numerical_two_body,EarthMJ2000Eq,81900.0,2026-05-10T19:53:00Z,2.608493315046685e-07,-1.0089945159394056e-05,-9.973048020606278e-09,1.0804690316304979e-05,-1.4782078189569394e-07,9.238874053863127e-09
gmat_two_body,numerical_two_body,EarthMJ2000Eq,81960.0,2026-05-10T19:54:00Z,1.61371225716686e-05,-0.003628592971515453,-9.551855684565498e-09,0.0038907719608628154,-1.4719186640953162e-07,1.081457754055383e-08
gmat_two_body,numerical_two_body,EarthMJ2000Eq,82020.0,2026-05-10T19:55:00Z,1.3501690118751211e-05,-0.0036295654002758567,-7.680332187170736e-09,0.003892830988869579,-1.4719759405624712e-07,1.1085944721796247e-08
gmat_two_body,numerical_two_body,EarthMJ2000Eq,82080.0,2026-05-10T19:56:00Z,2.3584741143018e-07,-1.0163536570871697e-05,-6.4117954785314445e-09,1.0881187369414666e-05,-1.4537796533905993e-07,1.2018079247308583e-08
gmat_two_body,numerical_two_body,EarthMJ2000Eq,82140.0,2026-05-10T19:57:00Z,8.064742120914354e-06,-0.003630988457923846,-6.179056011397976e-09,0.0038958337160250648,-1.419780386793825e-07,1.0370003864667476e-08
gmat_two_body,numerical_two_body,EarthMJ2000Eq,82200.0,2026-05-10T19:58:00Z,2.167554466394983e-07,-1.0209962690317957e-05,-6.097384055798191e-09,1.092796295335976e-05,-1.3822380331863202e-07,9.782973927981686e-09
gmat_two_body,numerical_two_body,EarthMJ2000Eq,82260.0,2026-05-10T19:59:00Z,2.49689541273728e-06,-0.003631695126330871,-4.070569412122142e-09,0.003897295478748175,-1.404521469585505e-07,9.515242497605764e-09
gmat_two_body,numerical_two_body,EarthMJ2000Eq,82320.0,2026-05-10T20:00:00Z,-3.1013538910591316e-07,-0.003631773968371746,-3.901263784975188e-09,0.0038974411447853722,-1.3511504587245427e-07,9.204759672348834e-09
gmat_two_body,numerical_two_body,EarthMJ2000Eq,82380.0,2026-05-10T20:01:00Z,1.8713851708881587e-07,-1.0273770785038067e-05,-3.8068938890990564e-09,1.0989890014055598e-05,-1.3402018019977523e-07,9.256171544792381e-09
gmat_two_body,numerical_two_body,EarthMJ2000Eq,82440.0,2026-05-10T20:02:00Z,-5.90606025460919e-06,-0.0036313849820403927,-1.3302060441066786e-09,0.003896553481041443,-1.3076646408897825e-07,1.103860520377417e-08
gmat_two_body,numerical_two_body,EarthMJ2000Eq,82500.0,2026-05-10T20:03:00Z,-8.670771615641838e-06,-0.0036309167926898145,-1.70175765501295e-09,0.003895527318750764,-1.2852925505773085e-07,1.154728088761061e-08
gmat_two_body,numerical_two_body,EarthMJ2000Eq,82560.0,2026-05-10T20:04:00Z,-1.13964031999005e-05,-0.003630272037991697,4.747598002257563e-10,0.0038941197306607235,-1.2645212424384398e-07,9.340073847520596e-09
gmat_two_body,numerical_two_body,EarthMJ2000Eq,82620.0,2026-05-10T20:05:00Z,-1.4074642738708733e-05,-0.0036294496547315293,-1.0262352779225785e-09,0.0038923313760135772,-1.2501274163557757e-07,1.2067494922755443e-08
gmat_two_body,numerical_two_body,EarthMJ2000Eq,82680.0,2026-05-10T20:06:00Z,1.3499027180904113e-07,-1.0365845485991084e-05,4.9761559961534e-10,1.1063698077756605e-05,-1.2069602203182627e-07,1.2915861437250368e-08
gmat_two_body,numerical_two_body,EarthMJ2000Eq,82740.0,2026-05-10T20:07:00Z,-1.9234013051163244e-05,-0.0036272943348898217,-5.7290194435650294e-11,0.0038876645492173538,-1.1711617434264548e-07,1.3070231779843106e-08
gmat_two_body,numerical_two_body,EarthMJ2000Eq,82800.0,2026-05-10T20:08:00Z,-2.1689791515334427e-05,-0.003625972587127879,2.347041233077875e-09,0.0038848090118678157,-1.1273240326151241e-07,1.3391252551347845e-08
gmat_two_body,numerical_two_body,EarthMJ2000Eq,82860.0,2026-05-10T20:09:00Z,1.0310313146509938e-07,-1.0408870831788484e-05,2.515413285474676e-09,1.1091756722762718e-05,-1.0870092847678659e-07,1.4099425161199782e-08
gmat_two_body,numerical_two_body,EarthMJ2000Eq,82920.0,2026-05-10T20:10:00Z,-2.6316867831393705e-05,-0.0036228667420064656,4.855596613938815e-09,0.00387811185084686,-1.0410526845703744e-07,1.3782256408626279e-08
gmat_two_body,numerical_two_body,EarthMJ2000Eq,82980.0,2026-05-10T20:11:00Z,-2.846419013575369e-05,-0.0036210958193642557,4.764518338764662e-09,0.003874305926166915,-1.0136439329782482e-07,1.4169306525790753e-08
gmat_two_body,numerical_two_body,EarthMJ2000Eq,83040.0,2026-05-10T20:12:00Z,-3.0486661610345064e-05,-0.0036191914990271,3.5786077769065194e-09,0.003870214761824818,-9.909252777865839e-08,1.4714259972891014e-08
gmat_two_body,numerical_two_body,EarthMJ2000Eq,83100.0,2026-05-10T20:13:00Z,-3.238292015179284e-05,-0.003617166108230254,6.804419740941777e-09,0.0038658627897613855,-9.526750691635763e-08,1.4027213491193098e-08
gmat_two_body,numerical_two_body,EarthMJ2000Eq,83160.0,2026-05-10T20:14:00Z,5.4767384163787035e-08,-1.046371395984169e-05,6.066288507880302e-09,1.1116812857768725e-05,-9.143653150517844e-08,1.3587612290127134e-08
gmat_two_body,numerical_two_body,EarthMJ2000Eq,83220.0,2026-05-10T20:15:00Z,-3.575049973486402e-05,-0.003612770326242606,6.8413445699724195e-09,0.0038564441448308605,-8.890160369879856e-08,1.528407972822521e-08
gmat_two_body,numerical_two_body,EarthMJ2000Eq,83280.0,2026-05-10T20:16:00Z,-3.7211500814521533e-05,-0.003610424055488267,8.02297122458334e-09,0.0038514211889029877,-8.25458486484603e-08,1.4338200379222212e-08
gmat_two_body,numerical_two_body,EarthMJ2000Eq,83340.0,2026-05-10T20:17:00Z,3.229745271887856e-08,-1.0486091624126325e-05,9.232908252366629e-09,1.1122592726339025e-05,-8.151706443602325e-08,1.4389299620160422e-08
gmat_two_body,numerical_two_body,EarthMJ2000Eq,83400.0,2026-05-10T20:18:00Z,-3.965549812267298e-05,-0.0036054848511255077,8.910320426768433e-09,0.0038408575859854455,-7.452704831754735e-08,1.1039314323069243e-08
gmat_two_body,numerical_two_body,EarthMJ2000Eq,83460.0,2026-05-10T20:19:00Z,-4.0633121776328945e-05,-0.0036029123839232463,1.0930939415704154e-08,0.003835363905172934,-7.215962539873473e-08,1.0102996562595876e-08
gmat_two_body,numerical_two_body,EarthMJ2000Eq,83520.0,2026-05-10T20:20:00Z,-4.1441661473832426e-05,-0.0036002854202545342,1.2309114129083266e-08,0.0038297638301173246,-6.809621689008371e-08,1.180293154033099e-08
gmat_two_body,numerical_two_body,EarthMJ2000Eq,83580.0,2026-05-10T20:21:00Z,-4.2076222158546166e-05,-0.0035976164640545267,1.1887705686257222e-08,0.003824074635633329,-6.388275135017676e-08,1.0572849878063211e-08
gmat_two_body,numerical_two_body,EarthMJ2000Eq,83640.0,2026-05-10T20:22:00Z,5.929679143878841e-09,-1.0513467407420039e-05,1.3174763035199851e-08,1.1110318804687438e-05,-5.797194106089411e-08,7.953804335276161e-09
gmat_two_body,numerical_two_body,EarthMJ2000Eq,83700.0,2026-05-10T20:23:00Z,-4.282786508064739e-05,-0.0035921976542660434,1.1532862558118271e-08,0.0038125380302853774,-5.719977005416521e-08,7.746495989088291e-09
gmat_two_body,numerical_two_body,EarthMJ2000Eq,83760.0,2026-05-10T20:24:00Z,-4.294102447849357e-05,-0.003589468526987075,1.1911530887966605e-08,0.0038067376771622943,-5.4133356698934114e-08,8.717503275436264e-09
gmat_two_body,numerical_two_body,EarthMJ2000Eq,83820.0,2026-05-10T20:25:00Z,-1.932225551597635e-09,-1.0523815552496708e-05,1.3488843627492551e-08,1.1101666322074943e-05,-5.0042192378639875e-08,7.387063017054478e-09
gmat_two_body,numerical_two_body,EarthMJ2000Eq,83880.0,2026-05-10T20:26:00Z,-4.264748488010557e-05,-0.00358402845787048,1.3185838252468987e-08,0.003795189423228916,-4.839851526831181e-08,8.719040073616811e-09
gmat_two_body,numerical_two_body,EarthMJ2000Eq,83940.0,2026-05-10T20:27:00Z,-6.162256736850077e-09,-1.052874520629424e-05,1.4510566551890007e-08,1.109561026849352e-05,-4.3320883849754114e-08,6.6357561514869836e-09
gmat_two_body,numerical_two_body,EarthMJ2000Eq,84000.0,2026-05-10T20:28:00Z,-4.1665051268764e-05,-0.0035786859507473717,1.342243015359587e-08,0.0037838665553623025,-4.1225678222041096e-08,5.431159497729158e-09
gmat_two_body,numerical_two_body,EarthMJ2000Eq,84060.0,2026-05-10T20:29:00Z,-4.092442720227861e-05,-0.003576076283485024,1.6281616533344006e-08,0.0037783437263151204,-3.901185890170791e-08,4.429301224997348e-09
gmat_two_body,numerical_two_body,EarthMJ2000Eq,84120.0,2026-05-10T20:30:00Z,-7.696281152165873e-09,-1.0534520865224998e-05,1.7420884093275053e-08,1.1085577715776755e-05,-3.484697025136236e-08,3.041643934289918e-09
gmat_two_body,numerical_two_body,EarthMJ2000Eq,84180.0,2026-05-10T20:31:00Z,-3.8959708687123075e-05,-0.0035710366435741316,1.802215446706665e-08,0.003767687525867439,-3.398874959807668e-08,2.2539236699143347e-09
gmat_two_body,numerical_two_body,EarthMJ2000Eq,84240.0,2026-05-10T20:32:00Z,-3.774159266593402e-05,-0.0035686239473695443,1.7635599563344793e-08,0.0037625926778669526,-3.205745921737283e-08,4.094601111735656e-10
gmat_two_body,numerical_two_body,EarthMJ2000Eq,84300.0,2026-05-10T20:33:00Z,-2.868392110688955e-09,-1.0541834556217843e-05,1.605290201984093e-08,1.1079450133768735e-05,-2.9682670685401828e-08,-1.1411285388446382e-09
gmat_two_body,numerical_two_body,EarthMJ2000Eq,84360.0,2026-05-10T20:34:00Z,-3.486975113382741e-05,-0.003564060683288509,1.698720272240556e-08,0.003752963660246554,-2.877873898349217e-08,-1.2170867464548236e-09
gmat_two_body,numerical_two_body,EarthMJ2000Eq,84420.0,2026-05-10T20:35:00Z,2.2147608100233803e-09,-1.0545504784895405e-05,1.604698971570846e-08,1.1075034898484676e-05,-2.5391524330213145e-08,-2.3371046315830784e-09
gmat_two_body,numerical_two_body,EarthMJ2000Eq,84480.0,2026-05-10T20:36:00Z,-3.145818072727679e-05,-0.003559904039004736,1.645084875550402e-08,0.0037441989341944304,-2.429762220490385e-08,-3.0242294466549236e-10
gmat_two_body,numerical_two_body,EarthMJ2000Eq,84540.0,2026-05-10T20:37:00Z,-2.9564568194395922e-05,-0.00355799532032893,1.587785615723458e-08,0.0037401835095533385,-2.251773895786069e-08,-2.9643379460142305e-09
gmat_two_body,numerical_two_body,EarthMJ2000Eq,84600.0,2026-05-10T20:38:00Z,1.566021155909466e-08,-1.0552328354571682e-05,1.5238606914011702e-08,1.1075751829656204e-05,-2.186021319033714e-08,-3.6299227373920422e-09
gmat_two_body,numerical_two_body,EarthMJ2000Eq,84660.0,2026-05-10T20:39:00Z,-2.544432300136336e-05,-0.003554559885430532,1.7592923466946714e-08,0.003732953860268565,-2.219084365619034e-08,-5.696244778439066e-09
gmat_two_body,numerical_two_body,EarthMJ2000Eq,84720.0,2026-05-10T20:40:00Z,-2.323242659181709e-05,-0.0035530427967030076,1.802198346067019e-08,0.0037297633202452727,-2.305945707695402e-08,-6.792014790963307e-09
gmat_two_body,numerical_two_body,EarthMJ2000Eq,84780.0,2026-05-10T20:41:00Z,3.663051614283069e-08,-1.0562571326285716e-05,1.8581888373968154e-08,1.1082785207585855e-05,-2.3430234433557226e-08,-7.715411972146555e-09
gmat_two_body,numerical_two_body,EarthMJ2000Eq,84840.0,2026-05-10T20:42:00Z,-1.8551050846299643e-05,-0.0035504382227159567,1.698880587350098e-08,0.0037242895587564964,-2.3035937599134394e-08,-7.895794059384726e-09
gmat_two_body,numerical_two_body,EarthMJ2000Eq,84900.0,2026-05-10T20:43:00Z,5.026256044555259e-08,-1.056983795074649e-05,1.6373345684642015e-08,1.1090355859491433e-05,-2.195203707405882e-08,-8.339564983861107e-09
gmat_two_body,numerical_two_body,EarthMJ2000Eq,84960.0,2026-05-10T20:44:00Z,-1.3587061995013981e-05,-0.003548437822825393,1.5380105318481033e-08,0.0037200873461540798,-2.2278908501462597e-08,-9.25359710496221e-09
gmat_two_body,numerical_two_body,EarthMJ2000Eq,85020.0,2026-05-10T20:45:00Z,-1.1023376296981154e-05,-0.003547674099088938,1.514511349414349e-08,0.003718481804987022,-2.019525989508824e-08,-9.730291754790853e-09
gmat_two_body,numerical_two_body,EarthMJ2000Eq,85080.0,2026-05-10T20:46:00Z,7.421313432860386e-08,-1.0585336696148226e-05,1.4499754393328105e-08,1.11120304256198e-05,-2.1722437204938683e-08,-1.2603934037314133e-08
gmat_two_body,numerical_two_body,EarthMJ2000Eq,85140.0,2026-05-10T20:47:00Z,-5.774984627491224e-06,-0.00354663018261915,1.130568982874804e-08,0.0037162878201252654,-2.3255635819914942e-08,-1.3974265063786357e-08
gmat_two_body,numerical_two_body,EarthMJ2000Eq,85200.0,2026-05-10T20:48:00Z,-3.1157408282313e-06,-0.0035463551875838514,1.1650274902334104e-08,0.003715707620919067,-2.5214399264871267e-08,-1.6076841351560798e-08
gmat_two_body,numerical_two_body,EarthMJ2000Eq,85260.0,2026-05-10T20:49:00Z,-4.4253740061615774e-07,-0.0035462461256918778,1.054693606789578e-08,0.0037154752540226386,-2.407172626038506e-08,-1.653001570755614e-08
gmat_two_body,numerical_two_body,EarthMJ2000Eq,85320.0,2026-05-10T20:50:00Z,2.233269402554566e-06,-0.0035463029932246612,1.0973533451497363e-08,0.0037155886004257856,-2.6661998607594266e-08,-1.938059836342458e-08
gmat_two_body,numerical_two_body,EarthMJ2000Eq,85380.0,2026-05-10T20:51:00Z,1.2462602786672076e-07,-1.0621561622908682e-05,8.62962262803652e-09,1.1169175948300264e-05,-3.039183852566083e-08,-1.7713563251318264e-08
gmat_two_body,numerical_two_body,EarthMJ2000Eq,85440.0,2026-05-10T20:52:00Z,7.553303205292572e-06,-0.0035469138445289802,8.497361683080468e-09,0.00371686131401986,-3.4046788173173966e-08,-2.0103142037074834e-08
gmat_two_body,numerical_two_body,EarthMJ2000Eq,85500.0,2026-05-10T20:53:00Z,1.0176465805752045e-05,-0.0035474686332991065,7.058519417312261e-09,0.0037180154726331434,-3.6587219871542364e-08,-1.93670628090841e-08
gmat_two_body,numerical_two_body,EarthMJ2000Eq,85560.0,2026-05-10T20:54:00Z,1.5654533046143394e-07,-1.0652225660284696e-05,7.088710347542897e-09,1.1217211726972736e-05,-4.157272065442458e-08,-2.1443389702020924e-08
gmat_two_body,numerical_two_body,EarthMJ2000Eq,85620.0,2026-05-10T20:55:00Z,1.530016705599524e-05,-0.003549058493040462,4.3028370738927454e-09,0.0037213345127696516,-4.5610747396355594e-08,-1.9511075103397576e-08
gmat_two_body,numerical_two_body,EarthMJ2000Eq,85680.0,2026-05-10T20:56:00Z,1.778088049193263e-05,-0.0035500907609496576,3.2494815513926697e-09,0.0037234909153229813,-4.881248754361509e-08,-2.001439089504099e-08
gmat_two_body,numerical_two_body,EarthMJ2000Eq,85740.0,2026-05-10T20:57:00Z,2.0197205467236405e-05,-0.003551276015906644,2.3059048728007385e-09,0.0037259705177960186,-5.094573287091904e-08,-1.94290024207088e-08
gmat_two_body,numerical_two_body,EarthMJ2000Eq,85800.0,2026-05-10T20:58:00Z,2.2533215633069884e-05,-0.0035526109155722576,7.695485615490962e-10,0.003728761079290378,-5.5003359449359507e-08,-1.9655064868484176e-08
gmat_two_body,numerical_two_body,EarthMJ2000Eq,85860.0,2026-05-10T20:59:00Z,2.1042529291771793e-07,-1.072571013582492e-05,-8.027074789686765e-10,1.1324202211463242e-05,-5.705912010190919e-08,-2.1174575735379433e-08
gmat_two_body,numerical_two_body,EarthMJ2000Eq,85920.0,2026-05-10T21:00:00Z,2.694464407173624e-05,-0.003555708451594113,-2.4672162248026046e-09,0.0037352443484328294,-6.147972623281385e-08,-2.1574055366049268e-08
gmat_two_body,numerical_two_body,EarthMJ2000Eq,85980.0,2026-05-10T21:01:00Z,2.900062694470379e-05,-0.0035574618451213796,-5.348534749181856e-09,0.0037389148970628427,-6.507037816752786e-08,-1.9509043552517735e-08
gmat_two_body,numerical_two_body,EarthMJ2000Eq,86040.0,2026-05-10T21:02:00Z,2.401637778239691e-07,-1.0779460540937625e-05,-5.470854586646439e-09,1.1402416706879925e-05,-6.892289062182115e-08,-2.0925556555904407e-08
gmat_two_body,numerical_two_body,EarthMJ2000Eq,86100.0,2026-05-10T21:03:00Z,3.2774027955125304e-05,-0.0035613378992542426,-5.87075089186069e-09,0.003747046228255715,-7.254332448285047e-08,-2.3948599650311126e-08
gmat_two_body,numerical_two_body,EarthMJ2000Eq,86160.0,2026-05-10T21:04:00Z,3.4475850405028715e-05,-0.0035634519455003053,-9.266408566708422e-09,0.003751479207846564,-7.913015995999611e-08,-2.0801484784869832e-08
gmat_two_body,numerical_two_body,EarthMJ2000Eq,86220.0,2026-05-10T21:05:00Z,3.604405875260434e-05,-0.0035656684592692213,-1.056861543699417e-08,0.003756135853304413,-8.410085327953374e-08,-2.039666664203208e-08
gmat_two_body,numerical_two_body,EarthMJ2000Eq,86280.0,2026-05-10T21:06:00Z,3.7472555829983476e-05,-0.0035679843140210303,-9.730462013629452e-09,0.0037609979343716533,-8.841371797346678e-08,-1.871386622564797e-08
gmat_two_body,numerical_two_body,EarthMJ2000Eq,86340.0,2026-05-10T21:07:00Z,2.836047851230078e-07,-1.0888452535114716e-05,-1.13363065550686e-08,1.1551870374071452e-05,-9.288852873749804e-08,-1.6475278364454193e-08
gmat_two_body,numerical_two_body,EarthMJ2000Eq,86400.0,2026-05-10T21:08:00Z,2.9147517165997956e-07,-1.0909926968702264e-05,-1.3747229567737069e-08,1.1585227528456362e-05,-9.820603607077123e-08,-1.5519298383222094e-08
