model,epoch_utc,frame,elapsed_seconds,timestamp_utc,position_x_km,position_y_km,position_z_km,velocity_x_km_s,velocity_y_km_s,velocity_z_km_s,position_magnitude_km,velocity_magnitude_km_s
numerical_gravity_2x0,2026-05-09T21:08:00Z,EarthMJ2000Eq,0.0,2026-05-09T21:08:00Z,4966.0556934455935,881.0302354819272,4873.667772268073,3.2725666371846716,5.36942285375131,-4.220227225029691,7013.598290512594,7.573025287695985
numerical_gravity_2x0,2026-05-09T21:08:00Z,EarthMJ2000Eq,60.0,2026-05-09T21:09:00Z,5151.973763968876,1201.1455373770673,4610.493915487666,2.9226313183035573,5.297412569475146,-4.549125846541474,7017.2814117244325,7.569603670049955
numerical_gravity_2x0,2026-05-09T21:08:00Z,EarthMJ2000Eq,120.0,2026-05-09T21:10:00Z,5316.538283801634,1516.28268776389,4328.15904905793,2.5610391303112188,5.203552688128452,-4.85870862813741,7021.228757581038,7.565905863692133
numerical_gravity_2x0,2026-05-09T21:08:00Z,EarthMJ2000Eq,180.0,2026-05-09T21:11:00Z,5459.096626691527,1825.1439433746423,4027.860587934859,2.189356552822443,5.08830008664546,-5.1477092834514,7025.4215040402305,7.5619435831057675
numerical_gravity_2x0,2026-05-09T21:08:00Z,EarthMJ2000Eq,240.0,2026-05-09T21:12:00Z,5579.091325634943,2126.461785433915,3710.8690144242746,1.8091877345946594,4.952204843514144,-5.414959400323781,7029.839869221777,7.557729710586876
numerical_gravity_2x0,2026-05-09T21:08:00Z,EarthMJ2000Eq,300.0,2026-05-09T21:13:00Z,5676.062089310466,2419.004411719335,3378.5218535924637,1.422166349567837,4.795906821017539,-5.659393407075132,7034.46324184205,7.553278301358367
numerical_gravity_2x0,2026-05-09T21:08:00Z,EarthMJ2000Eq,360.0,2026-05-09T21:14:00Z,5749.647326870702,2701.5810088425487,3032.217369925439,1.0299473631416054,4.620131761977677,-5.880052892614275,7039.270310849533,7.548604578915152
numerical_gravity_2x0,2026-05-09T21:08:00Z,EarthMJ2000Eq,420.0,2026-05-09T21:15:00Z,5799.585177591002,2973.0467765723347,2673.4080249005788,0.6341987717564065,4.425686933650176,-6.076090251710243,7044.239194932496,7.5437249196737985
numerical_gravity_2x0,2026-05-09T21:08:00Z,EarthMJ2000Eq,480.0,2026-05-09T21:16:00Z,5825.714045693395,3232.307678143695,2303.5937366444427,0.23659337985953935,4.2134563567920456,-6.246771633891082,7049.34757065386,7.538656826250344
numerical_gravity_2x0,2026-05-09T21:08:00Z,EarthMJ2000Eq,540.0,2026-05-09T21:17:00Z,5827.972644511713,3478.3248929282204,1924.3149839114708,-0.16119932175923274,3.9843956628371706,-6.3914791822401265,7054.572798068439,7.53341888894944
numerical_gravity_2x0,2026-05-09T21:08:00Z,EarthMJ2000Eq,600.0,2026-05-09T21:18:00Z,5806.399557971045,3710.1189505490556,1537.1457971952384,-0.5575211135390296,3.7395266263942446,-6.509712556648727,7059.8920427910625,7.528030735308101
numerical_gravity_2x0,2026-05-09T21:08:00Z,EarthMJ2000Eq,660.0,2026-05-09T21:19:00Z,5761.132331050831,3926.773528465941,1143.6866798546585,-0.9507327803380438,3.479931423783316,-6.601089744634917,7065.282393607281,7.522512967789964
numerical_gravity_2x0,2026-05-09T21:08:00Z,EarthMJ2000Eq,720.0,2026-05-09T21:20:00Z,5692.406104416509,4127.43889818161,745.5575016930645,-1.3392215635270186,3.2067466709303627,-6.665347171417951,7070.720974847739,7.516887089964036
numerical_gravity_2x0,2026-05-09T21:08:00Z,EarthMJ2000Eq,780.0,2026-05-09T21:21:00Z,5600.551811673735,4311.335008473645,344.3904064738582,-1.721408279900257,2.9211572955585003,-6.702339129314604,7076.1850528800915,7.511175421719656
numerical_gravity_2x0,2026-05-09T21:08:00Z,EarthMJ2000Eq,840.0,2026-05-09T21:22:00Z,5485.993960661566,4477.754197374994,-58.177226588612974,-2.0957540608878342,2.624390299199565,-6.712036554468326,7081.652136205089,7.5054010042621755
numerical_gravity_2x0,2026-05-09T21:08:00Z,EarthMJ2000Eq,900.0,2026-05-09T21:23:00Z,5349.248022804768,4626.063527949145,-460.50972922779613,-2.460766671911868,2.3177084640879677,-6.694525186228192,7087.1000687739315,7.49958749579874
numerical_gravity_2x0,2026-05-09T21:08:00Z,EarthMJ2000Eq,960.0,2026-05-09T21:24:00Z,5190.917456748159,4755.706746170059,-860.9799625961933,-2.815006378705639,2.0024040585124467,-6.65000315097834,7092.507116269417,7.493759058958489
numerical_gravity_2x0,2026-05-09T21:08:00Z,EarthMJ2000Eq,1020.0,2026-05-09T21:25:00Z,5011.690394266329,4866.205862362564,-1257.9759746705893,-3.157091334817702,1.6797925917465582,-6.578778017729122,7097.852045212101,7.487940241095915
numerical_gravity_2x0,2026-05-09T21:08:00Z,EarthMJ2000Eq,1080.0,2026-05-09T21:26:00Z,4812.33601776039,4957.16236063012,-1649.9074664296968,-3.485702472157468,1.3512066663404148,-6.481263377203301,7103.114194862868,7.4821558487005735
numerical_gravity_2x0,2026-05-09T21:08:00Z,EarthMJ2000Eq,1140.0,2026-05-09T21:27:00Z,4593.7006595116045,5028.25804344404,-2035.2120398503341,-3.7995878841078174,1.0179899714433087,-6.357974999407421,7108.27354199378,7.476430817181944
numerical_gravity_2x0,2026-05-09T21:08:00Z,EarthMJ2000Eq,1200.0,2026-05-09T21:28:00Z,4356.7036532635875,5079.255521048507,-2412.3612041353003,-4.097566698245337,0.6814914560670268,-6.20952662673113,7113.310758688892,7.470790077317421
numerical_gravity_2x0,2026-05-09T21:08:00Z,EarthMJ2000Eq,1260.0,2026-05-09T21:29:00Z,4102.332968664654,5109.998357514502,-2779.8661200400434,-4.37853244289486,0.3430597159332834,-6.036625460463999,7118.207263415441,7.465258419646386
numerical_gravity_2x0,2026-05-09T21:08:00Z,EarthMJ2000Eq,1320.0,2026-05-09T21:30:00Z,3831.640658644521,5120.41088712701,-3136.2830656345623,-4.641455918445267,0.004037621923188468,-5.84006739829313,7122.9452656729545,7.459860358067548
numerical_gravity_2x0,2026-05-09T21:08:00Z,EarthMJ2000Eq,1380.0,2026-05-09T21:31:00Z,3545.738148958122,5110.4977162965715,-3480.218610253009,-4.885387590433788,-0.3342427876890392,-5.620732078908249,7127.507804583649,7.45461999385313
numerical_gravity_2x0,2026-05-09T21:08:00Z,EarthMJ2000Eq,1440.0,2026-05-09T21:32:00Z,3245.791397944499,5080.342927340125,-3810.334486682186,-5.109459526756329,-0.6704651349359726,-5.379577787383292,7131.878781831961,7.449560881235446
numerical_gravity_2x0,2026-05-09T21:08:00Z,EarthMJ2000Eq,1500.0,2026-05-09T21:33:00Z,2933.0159530669193,5030.109001277559,-4125.352154763464,-5.312886905897536,-1.0033332393343848,-5.117636271634521,7136.042989394762,7.444705895652294
numerical_gravity_2x0,2026-05-09T21:08:00Z,EarthMJ2000Eq,1560.0,2026-05-09T21:34:00Z,2608.6719290724013,4960.035477247686,-4424.057052479595,-5.494969126738194,-1.3315753597084534,-4.836007516100552,7139.98613252718,7.440077105660239
numerical_gravity_2x0,2026-05-09T21:08:00Z,EarthMJ2000Eq,1620.0,2026-05-09T21:35:00Z,2274.0589306880174,4870.4373662761955,-4705.302533225408,-5.6550905532559055,-1.6539481411354933,-4.5358545139860285,7143.694848482735,7.435695649442436
numerical_gravity_2x0,2026-05-09T21:08:00Z,EarthMJ2000Eq,1680.0,2026-05-09T21:36:00Z,1930.5109407125467,4761.7033369504115,-4968.013490284733,-5.792720929278151,-1.9692402723843523,-4.2183980741003575,7147.156721451309,7.431581616752328
numerical_gravity_2x0,2026-05-09T21:08:00Z,EarthMJ2000Eq,1740.0,2026-05-09T21:37:00Z,1579.3911922198547,4634.293690098944,-5211.1896715290595,-5.907415499386586,-2.276275863611944,-3.884911692650257,7150.3602941952295,7.427753937048928
numerical_gravity_2x0,2026-05-09T21:08:00Z,EarthMJ2000Eq,1800.0,2026-05-09T21:38:00Z,1222.0870414181604,4488.738138870526,-5433.90868899895,-5.998814872138438,-2.5739175579143425,-3.5367165144523516,7153.295076853136,7.424230274495062
numerical_gravity_2x0,2026-05-09T21:08:00Z,EarthMJ2000Eq,1860.0,2026-05-09T21:39:00Z,860.0048555581916,4325.633409690841,-5635.328729318002,-6.06664466101219,-2.86106939354543,-3.1751764020567914,7155.951553364103,7.421026930408515
numerical_gravity_2x0,2026-05-09T21:08:00Z,EarthMJ2000Eq,1920.0,2026-05-09T21:40:00Z,494.56492820084264,4145.640678487054,-5814.690971820231,-6.110714936960865,-3.1366794361839982,-2.801693125344623,7158.321185941619,7.418158753678672
numerical_gravity_2x0,2026-05-09T21:08:00Z,EarthMJ2000Eq,1980.0,2026-05-09T21:41:00Z,127.19643218521203,3949.482855346521,-5971.321721851573,-6.13091952423859,-3.399742202530208,-2.4177016784008716,7160.396417999019,7.415639059588679
numerical_gravity_2x0,2026-05-09T21:08:00Z,EarthMJ2000Eq,2040.0,2026-05-09T21:42:00Z,-240.66758117996034,3737.941729459157,-6104.634266948147,-6.127235168334477,-3.649300897738612,-2.0246657249814146,7162.170675895728,7.413479557416017
numerical_gravity_2x0,2026-05-09T21:08:00Z,EarthMJ2000Eq,2100.0,2026-05-09T21:43:00Z,-607.5951298101008,3511.8549848224216,-6214.130463517659,-6.099720601488099,-3.884449489754035,-1.6240731687828502,7163.638369837581,7.411690287122708
numerical_gravity_2x0,2026-05-09T21:08:00Z,EarthMJ2000Eq,2160.0,2026-05-09T21:44:00Z,-972.1601899489776,3272.1130958034446,-6299.402061280923,-6.048515527462837,-4.1043346435262915,-1.2174318400767647,7164.794894225541,7.410279565390352
numerical_gravity_2x0,2026-05-09T21:08:00Z,EarthMJ2000Eq,2220.0,2026-05-09T21:45:00Z,-1332.9475223861248,3019.6561102925943,-6360.131772097944,-5.973839543109505,-4.308157537366806,-0.8062652861571246,7165.636627705346,7.409253941204285
numerical_gravity_2x0,2026-05-09T21:08:00Z,EarthMJ2000Eq,2280.0,2026-05-09T21:46:00Z,-1688.557432411478,2755.4703268831768,-6396.094088941366,-5.875991009856085,-4.495175582410558,-0.3921086495341228,7166.160933127053,7.408618161145106
numerical_gravity_2x0,2026-05-09T21:08:00Z,EarthMJ2000Eq,2340.0,2026-05-09T21:47:00Z,-2037.6104607832062,2480.584871306848,-6407.155859726677,-5.7553458837033435,-4.664704064302912,0.0234953850594969,7166.3661575780125,7.40837514450397
numerical_gravity_2x0,2026-05-09T21:08:00Z,EarthMJ2000Eq,2400.0,2026-05-09T21:48:00Z,-2378.752003360927,2196.0681762749887,-6393.27661950366,-5.6123565076824375,-4.816117723891927,0.43900059596344443,7166.251632606374,7.408525968299472
numerical_gravity_2x0,2026-05-09T21:08:00Z,EarthMJ2000Eq,2460.0,2026-05-09T21:49:00Z,-2710.656857155484,1903.0243679507635,-6354.508683199169,-5.447550366129734,-4.948852290927155,0.8528612047631514,7165.8176747048265,7.409069862238121
numerical_gravity_2x0,2026-05-09T21:08:00Z,EarthMJ2000Eq,2520.0,2026-05-09T21:50:00Z,-3032.0336903723105,1602.589561529631,-6290.996999721187,-5.2615287956440016,-5.062405981604756,1.2635358546464248,7165.065586076477,7.410004213626042
numerical_gravity_2x0,2026-05-09T21:08:00Z,EarthMJ2000Eq,2580.0,2026-05-09T21:51:00Z,-3341.629433587307,1295.9280678586101,-6202.978766832523,-5.054965643297093,-5.156340967319616,1.6694916102328003,7163.997655656785,7.411324582205956
numerical_gravity_2x0,2026-05-09T21:08:00Z,EarthMJ2000Eq,2640.0,2026-05-09T21:52:00Z,-3638.2335885063626,984.2285126938003,-6090.782804824239,-4.828605858653708,-5.23028481825506,2.069208001406552,7162.617160317725,7.413024724859562
numerical_gravity_2x0,2026-05-09T21:08:00Z,EarthMJ2000Eq,2700.0,2026-05-09T21:53:00Z,-3920.6824498412525,668.6998700944059,-5954.828685708093,-4.583264002497416,-5.283931921530534,2.4611811321943113,7160.928366133085,7.415096630080236
numerical_gravity_2x0,2026-05-09T21:08:00Z,EarthMJ2000Eq,2760.0,2026-05-09T21:54:00Z,-4187.863234709371,350.5674115884394,-5795.625613447396,-4.3198226519338485,-5.317044869611051,2.843927873527295,7158.936529537454,7.417530562083547
numerical_gravity_2x0,2026-05-09T21:08:00Z,EarthMJ2000Eq,2820.0,2026-05-09T21:55:00Z,-4438.718112660579,31.06857312448989,-5613.771049698383,-4.039230678818246,-5.329455810636,3.2159901558472583,7156.647898166345,7.420315114382597
numerical_gravity_2x0,2026-05-09T21:08:00Z,EarthMJ2000Eq,2880.0,2026-05-09T21:56:00Z,-4672.248127983639,-288.55125755515655,-5409.949078679162,-3.742501376298595,-5.321067748328114,3.575939373995835,7154.069711121412,7.423437272610864
numerical_gravity_2x0,2026-05-09T21:08:00Z,EarthMJ2000Eq,2940.0,2026-05-09T21:57:00Z,-4887.517004383039,-607.0430296275777,-5184.928504157353,-3.430710406736585,-5.291855775277325,3.922380912720765,7151.210198363365,7.426882486326471
numerical_gravity_2x0,2026-05-09T21:08:00Z,EarthMJ2000Eq,3000.0,2026-05-09T21:58:00Z,-5083.654820483704,-923.1583894127941,-4939.560671183908,-3.104993543418557,-5.241868219741146,4.253958796503027,7148.078578896376,7.430634749477909
numerical_gravity_2x0,2026-05-09T21:08:00Z,EarthMJ2000Eq,3060.0,2026-05-09T21:59:00Z,-5259.86154295831,-1235.6541062383167,-4674.77700512873,-2.7665441783411486,-5.171227682746299,4.569360462330636,7144.6850573720685,7.4346766891523535
numerical_gravity_2x0,2026-05-09T21:08:00Z,EarthMJ2000Eq,3120.0,2026-05-09T22:00:00Z,-5415.410402424039,-1543.2965565907377,-4391.5862608177695,-2.4166105689851722,-5.080131939297723,4.867321648603797,7141.040818709183,7.438989662163194
numerical_gravity_2x0,2026-05-09T21:08:00Z,EarthMJ2000Eq,3180.0,2026-05-09T22:01:00Z,-5549.651095668648,-1844.8662575507353,-4091.0714751503524,-2.056492798398759,-4.968854674981644,5.146631387649965,7137.15802029732,7.443553858963923
numerical_gravity_2x0,2026-05-09T21:08:00Z,EarthMJ2000Eq,3240.0,2026-05-09T22:02:00Z,-5662.012796286999,-2139.162438722686,-3774.386617502123,-1.6875394251061173,-4.837746027265673,5.406137083464556,7133.049781330482,7.448348414301183
numerical_gravity_2x0,2026-05-09T21:08:00Z,EarthMJ2000Eq,3300.0,2026-05-09T22:03:00Z,-5752.0069544855605,-2425.0076399837726,-3442.752933499243,-1.3111438023359132,-4.6872328994228925,5.644749650392487,7128.7301687991785,7.453351523941583
numerical_gravity_2x0,2026-05-09T21:08:00Z,EarthMJ2000Eq,3360.0,2026-05-09T22:04:00Z,-5819.229865690491,-2701.25232042845,-3097.4549793816186,-0.9287400498012887,-4.517819014302331,5.861448682654887,7124.214179659413,7.458540566725724
numerical_gravity_2x0,2026-05-09T21:08:00Z,EarthMJ2000Eq,3420.0,2026-05-09T22:05:00Z,-5863.364986719121,-2966.7794619143706,-2739.8363461477634,-0.5417986657221616,-4.330084675189559,6.055287619039218,7119.517718693659,7.463892231120397
numerical_gravity_2x0,2026-05-09T21:08:00Z,EarthMJ2000Eq,3480.0,2026-05-09T22:06:00Z,-5884.184977686546,-3220.509148670247,-2371.2950749736306,-0.1518217719010798,-4.124686201790183,6.225398861848844,7114.65757158382,7.4693826453576735
numerical_gravity_2x0,2026-05-09T21:08:00Z,EarthMJ2000Eq,3540.0,2026-05-09T22:07:00Z,-5881.5534475561935,-3461.4031025515956,-1993.2787679963783,0.23966200963181086,-3.9023550109530425,6.370998804491091,7109.651372729827,7.474987510170033
numerical_gravity_2x0,2026-05-09T21:08:00Z,EarthMJ2000Eq,3600.0,2026-05-09T22:08:00Z,-5855.426381337681,-3688.4691517749607,-1607.2794014170295,0.6311030436990454,-3.66389631413877,6.491392718009968,7104.517567370797,7.4806822330559335
numerical_gravity_2x0,2026-05-09T21:08:00Z,EarthMJ2000Eq,3660.0,2026-05-09T22:09:00Z,-5805.853227412876,-3900.7656093731807,-1214.8278509606978,1.0209365215170174,-3.410187406823912,6.585979443574065,7099.275367599063,7.486442062943372
numerical_gravity_2x0,2026-05-09T21:08:00Z,EarthMJ2000Eq,3720.0,2026-05-09T22:10:00Z,-5732.977624349897,-4097.405536240423,-817.4881429890906,1.4075886346410993,-3.1421755289802715,6.654255835533915,7093.944701901616,7.492242224062861
numerical_gravity_2x0,2026-05-09T21:08:00Z,EarthMJ2000Eq,3780.0,2026-05-09T22:11:00Z,-5637.037747854476,-4277.56086252057,-416.85144793009675,1.7894830583815593,-2.8608752804306747,6.695820898273054,7088.546157918801,7.498058047799048
numerical_gravity_2x0,2026-05-09T21:08:00Z,EarthMJ2000Eq,3840.0,2026-05-09T22:12:00Z,-5518.366260208828,-4440.4663402765555,-14.52983611040171,2.1650477129595895,-2.5673655801800317,6.710379559779188,7083.100918176842,7.503865101265283
numerical_gravity_2x0,2026-05-09T21:08:00Z,EarthMJ2000Eq,3900.0,2026-05-09T22:13:00Z,-5377.38984665015,-4585.423299896889,387.8501805183022,2.532721764124352,-2.262786164655566,6.6977460257171035,7077.630688628891,7.509639311340796
numerical_gravity_2x0,2026-05-09T21:08:00Z,EarthMJ2000Eq,3960.0,2026-05-09T22:14:00Z,-5214.628325623947,-4711.803182577351,788.654293951075,2.890962818825639,-1.9483336260424504,6.6578466598240755,7072.157619928527,7.5153570829289675
numerical_gravity_2x0,2026-05-09T21:08:00Z,EarthMJ2000Eq,4020.0,2026-05-09T22:15:00Z,-5030.693322681112,-4819.050821482045,1186.2472030310305,3.23825426600289,-1.6252569984317158,6.590722339669038,7066.704221459537,7.520995410239904
numerical_gravity_2x0,2026-05-09T21:08:00Z,EarthMJ2000Eq,4080.0,2026-05-09T22:16:00Z,-4826.286500931568,-4906.687444850295,1578.9995407795673,3.5731127077701323,-1.2948529061514904,6.4965302411798875,7061.293268255318,7.526531979973391
numerical_gravity_2x0,2026-05-09T21:08:00Z,EarthMJ2000Eq,4140.0,2026-05-09T22:17:00Z,-4602.197344371924,-4974.313375377254,1965.2948906169859,3.894095422392581,-0.9584602952651018,6.375545010772843,7055.947701059459,7.5319452653805845
numerical_gravity_2x0,2026-05-09T21:08:00Z,EarthMJ2000Eq,4200.0,2026-05-09T22:18:00Z,-4359.300494012069,-5021.610401648504,2343.5368536520386,4.199807797584967,-0.6174547756195442,6.228159290300441,7050.690519903964,7.537214610315044
numerical_gravity_2x0,2026-05-09T21:08:00Z,EarthMJ2000Eq,4260.0,2026-05-09T22:19:00Z,-4098.55264047231,-5048.3437992348745,2712.1561273439643,4.488910670906186,-0.27324260684595303,6.054883567222057,7045.544671711702,7.542320302545305
numerical_gravity_2x0,2026-05-09T21:08:00Z,EarthMJ2000Eq,4320.0,2026-05-09T22:20:00Z,-3820.988980539692,-5054.3639812250985,3069.6175544165467,4.760127513436312,0.07274563281094065,5.856345330213438,7040.532932562251,7.547243635790432
numerical_gravity_2x0,2026-05-09T21:08:00Z,EarthMJ2000Eq,4380.0,2026-05-09T22:21:00Z,-3527.719248989025,-5039.607760453988,3414.427099962161,5.01225139351797,0.419061651170449,5.633287518665261,7035.677785392944,7.5519669601537815
numerical_gravity_2x0,2026-05-09T21:08:00Z,EarthMJ2000Eq,4440.0,2026-05-09T22:22:00Z,-3219.9233407201996,-5004.099208427178,3745.138714233332,5.244151659100637,0.7642462726608126,5.386566262953353,7031.001294036685,7.556473720864194
numerical_gravity_2x0,2026-05-09T21:08:00Z,EarthMJ2000Eq,4500.0,2026-05-09T22:23:00Z,-2898.846541870781,-4947.950098898777,4060.3610386850814,5.454780280076931,1.106836444020346,5.117147920765567,7026.524974621551,7.560748485482316
numerical_gravity_2x0,2026-05-09T21:08:00Z,EarthMJ2000Eq,4560.0,2026-05-09T22:24:00Z,-2565.7943919689965,-4871.359927168996,4358.763913394623,5.6431777958376435,1.4453723623368435,4.82610542291515,7022.269665471321,7.56477695998588
numerical_gravity_2x0,2026-05-09T21:08:00Z,EarthMJ2000Eq,4620.0,2026-05-09T22:25:00Z,-2222.1272023420124,-4774.615499376516,4639.084645023822,5.808478817953618,1.7784046714855086,4.514613949744004,7018.255396747157,7.568545994403449
numerical_gravity_2x0,2026-05-09T21:08:00Z,EarthMJ2000Eq,4680.0,2026-05-09T22:26:00Z,-1869.2542588422257,-4658.090089306062,4900.133995970163,5.949917043244097,2.1045016728707515,4.1839459662322716,7014.501261155611,7.572043578912741
numerical_gravity_2x0,2026-05-09T21:08:00Z,EarthMJ2000Eq,4740.0,2026-05-09T22:27:00Z,-1508.6277394657802,-4522.242163459114,5140.801857229248,6.066829738318207,2.4222564971311757,3.835465650127645,7011.025287113482,7.5752588315479645
numerical_gravity_2x0,2026-05-09T21:08:00Z,EarthMJ2000Eq,4800.0,2026-05-09T22:28:00Z,-1141.7363795902675,-4367.613678292791,5360.062569713578,6.158661662772477,2.7302941850357323,3.4706227526760958,7007.844315803163,7.578181978861183
numerical_gravity_2x0,2026-05-09T21:08:00Z,EarthMJ2000Eq,4860.0,2026-05-09T22:29:00Z,-770.09891934259,-4194.827956573657,5556.979861280565,6.224968404387348,3.0272786280571293,3.0909459358111735,7004.973883570325,7.5808043310469255
numerical_gravity_2x0,2026-05-09T21:08:00Z,EarthMJ2000Eq,4920.0,2026-05-09T22:30:00Z,-395.25736902542485,-4004.587152682353,5730.711369457213,6.265419105695396,3.3119193219073173,2.6980356329290576,7002.428111107148,7.583118253158842
numerical_gravity_2x0,2026-05-09T21:08:00Z,EarthMJ2000Eq,4980.0,2026-05-09T22:31:00Z,-18.77012959456333,-3797.6693194140676,5880.512722750348,6.279798567023436,3.5829778894960134,2.2935564826805384,7000.2196008277215,7.585117134115519
numerical_gravity_2x0,2026-05-09T21:08:00Z,EarthMJ2000Eq,5040.0,2026-05-09T22:32:00Z,357.79499408792344,-3574.925091331223,6005.74115644397,6.268008716402653,3.8392743331598833,1.8792293866359673,6998.3593437768595,7.586795355204732
numerical_gravity_2x0,2026-05-09T21:08:00Z,EarthMJ2000Eq,5100.0,2026-05-09T22:33:00Z,732.8678490690158,-3337.274002030684,6105.8586418602645,6.230069441500132,4.079692979447156,1.4568232423531857,6996.856637319977,7.588148259748529
numerical_gravity_2x0,2026-05-09T21:08:00Z,EarthMJ2000Eq,5160.0,2026-05-09T22:34:00Z,1104.883020870374,-3085.700454789552,6180.434511157628,6.16611878290261,4.303188083087818,1.0281464034606271,6995.719014740681,7.589172125485256
numerical_gravity_2x0,2026-05-09T21:08:00Z,EarthMJ2000Eq,5220.0,2026-05-09T22:35:00Z,1472.2869125566049,-2821.2493679603763,6229.147562827411,6.076412491678704,4.508789059918163,0.5950379180356885,6994.952187726587,7.589864141061219
numerical_gravity_2x0,2026-05-09T21:08:00Z,EarthMJ2000Eq,5280.0,2026-05-09T22:36:00Z,1833.5447783283776,-2545.021518213378,6251.78763611171,5.961322957205597,4.695605321379771,0.1593585959947595,6994.560002555101,7.5902223878088
numerical_gravity_2x0,2026-05-09T21:08:00Z,EarthMJ2000Eq,5340.0,2026-05-09T22:37:00Z,2187.147674102077,-2258.16860628869,6248.256645588723,5.821337513858319,4.862830685736638,-0.2770180444115913,6994.544410603279,7.590245827726902
numerical_gravity_2x0,2026-05-09T21:08:00Z,EarthMJ2000Eq,5400.0,2026-05-09T22:38:00Z,2531.6192881234283,-1961.8880713455244,6218.569070161045,5.6570561374454105,5.009747343350985,-0.712214901437027,6994.905453603361,7.589934298282825
numerical_gravity_2x0,2026-05-09T21:08:00Z,EarthMJ2000Eq,5460.0,2026-05-09T22:39:00Z,2865.5226153791796,-1657.4176812961205,6162.851893644902,5.469188544377276,5.135729355270266,-1.144360436777914,6995.641263853164,7.589288514333535
numerical_gravity_2x0,2026-05-09T21:08:00Z,EarthMJ2000Eq,5520.0,2026-05-09T22:40:00Z,3187.466440412012,-1346.0299277052611,6081.343997109241,5.258550708625474,5.2402456660824726,-1.5715977954312996,6996.74807937285,7.588310077130885
numerical_gravity_2x0,2026-05-09T21:08:00Z,EarthMJ2000Eq,5580.0,2026-05-09T22:41:00Z,3496.1115941121257,-1029.0262549303798,5974.395006070256,5.026060813720743,5.32286261360088,-1.9920938490507158,6998.220273782364,7.587001490043013
numerical_gravity_2x0,2026-05-09T21:08:00Z,EarthMJ2000Eq,5640.0,2026-05-09T22:42:00Z,3790.176951165389,-707.7311541752061,5842.4635986261665,4.772734659475377,5.38324591956849,-2.40404811287468,7000.050400461939,7.585366180305646
numerical_gravity_2x0,2026-05-09T21:08:00Z,EarthMJ2000Eq,5700.0,2026-05-09T22:43:00Z,4068.445136100789,-383.48615402596937,5686.115283632465,4.499680545902852,5.421162147360478,-2.805701485618558,7002.229250356669,7.583408525824838
numerical_gravity_2x0,2026-05-09T21:08:00Z,EarthMJ2000Eq,5760.0,2026-05-09T22:44:00Z,4329.76790732208,-57.643739819910735,5506.019661076739,4.20809366000617,5.436479614740113,-3.195344760979941,7004.745922599923,7.58113388579775
numerical_gravity_2x0,2026-05-09T21:08:00Z,EarthMJ2000Eq,5820.0,2026-05-09T22:45:00Z,4573.071190155522,268.4387651596214,5302.947179913238,3.899249994732938,5.4291687522046885,-3.5713268587683635,7007.5879069634675,7.578548633709554
numerical_gravity_2x0,2026-05-09T21:08:00Z,EarthMJ2000Eq,5880.0,2026-05-09T22:46:00Z,4797.359731822333,593.4053231860184,5077.765411749417,3.5744998334174163,5.399301900432285,-3.9320627233107905,7010.741176997955,7.575660191109623
numerical_gravity_2x0,2026-05-09T21:08:00Z,EarthMJ2000Eq,5940.0,2026-05-09T22:47:00Z,5001.721353372512,915.9072765282262,4831.4348619171315,3.2352608373679757,5.347052543863163,-4.276040836889925,7014.190292608842,7.572477060473062
numerical_gravity_2x0,2026-05-09T21:08:00Z,EarthMJ2000Eq,6000.0,2026-05-09T22:48:00Z,5185.330776011545,1234.6093790054185,4565.004342577001,2.883010778789552,5.272693981537005,-4.601830296721022,7017.918510721503,7.56900885541646
numerical_gravity_2x0,2026-05-09T21:08:00Z,EarthMJ2000Eq,6060.0,2026-05-09T22:49:00Z,5347.453001920131,1548.1957310408989,4279.605935551944,2.51927996579598,5.1765974409326345,-4.9080874055208294,7021.907902626558,7.565266326558734
numerical_gravity_2x0,2026-05-09T21:08:00Z,EarthMJ2000Eq,6120.0,2026-05-09T22:50:00Z,5487.4462326059975,1855.3755850941238,3976.449575513455,2.1456434106823377,5.059229645651594,-5.193561728192378,7026.139476562236,7.561261381395904
numerical_gravity_2x0,2026-05-09T21:08:00Z,EarthMJ2000Eq,6180.0,2026-05-09T22:51:00Z,5604.764311021416,2154.8889891624526,3656.8172868937468,1.763712796694818,4.92114985324402,-5.457101570621312,7030.593304084506,7.5570070966875695
numerical_gravity_2x0,2026-05-09T21:08:00Z,EarthMJ2000Eq,6240.0,2026-05-09T22:52:00Z,5698.958677103063,2445.5122371917873,3322.057110407158,1.3751283020560534,4.763006385154394,-5.697658841083153,7035.248648796276,7.552517722025557
numerical_gravity_2x0,2026-05-09T21:08:00Z,EarthMJ2000Eq,6300.0,2026-05-09T22:53:00Z,5769.679830004053,2726.063096726182,2973.576757273805,0.9815503427899286,4.585532676501578,-5.914293260273696,7040.084096052186,7.547808673463684
numerical_gravity_2x0,2026-05-09T21:08:00Z,EarthMJ2000Eq,6360.0,2026-05-09T22:54:00Z,5816.6782940420835,2995.4057859588675,2612.8370310887117,0.5846512977767087,4.389542879021879,-6.106175892421334,7045.077682322933,7.5428965163225685
numerical_gravity_2x0,2026-05-09T21:08:00Z,EarthMJ2000Eq,6420.0,2026-05-09T22:55:00Z,5839.805089224564,3252.4556745080663,2241.3450587180955,0.1861072803246921,4.175927055810798,-6.272591977197044,7050.20702298967,7.537798936535732
numerical_gravity_2x0,2026-05-09T21:08:00Z,EarthMJ2000Eq,6480.0,2026-05-09T22:56:00Z,5839.011711066485,3496.1836847065674,1860.647372587258,-0.2124099797242564,3.945646011318389,-6.412943050039249,7055.449437441659,7.53253470016341
numerical_gravity_2x0,2026-05-09T21:08:00Z,EarthMJ2000Eq,6540.0,2026-05-09T22:57:00Z,5814.3496282205315,3725.620372929932,1472.3228872187453,-0.6092410807789012,3.699725804219128,-6.5267483468580805,7060.7820704654905,7.5271236009599445
numerical_gravity_2x0,2026-05-09T21:08:00Z,EarthMJ2000Eq,6600.0,2026-05-09T22:58:00Z,5765.969310120831,3939.8596734508674,1077.9758128649985,-1.0027466612112923,3.439251994146681,-6.613645497655188,7066.182009038659,7.5215863961312746
numerical_gravity_2x0,2026-05-09T21:08:00Z,EarthMJ2000Eq,6660.0,2026-05-09T22:59:00Z,5694.118800332562,4138.062290445259,679.2285485500018,-1.3913148217818156,3.1653636757428636,-6.6733905221577725,7071.62639377047,7.5159447306541125
numerical_gravity_2x0,2026-05-09T21:08:00Z,EarthMJ2000Eq,6720.0,2026-05-09T23:00:00Z,5599.141854533855,4319.45872703146,277.71459579716577,-1.7733682073497357,2.879247354938036,-6.705857148885287,7077.092524366191,7.510221050742275
numerical_gravity_2x0,2026-05-09T21:08:00Z,EarthMJ2000Eq,6780.0,2026-05-09T23:01:00Z,5481.475664974992,4483.351943537656,-124.92846720290379,-2.1473707021520054,2.582130722812752,-6.71103548692017,7082.55795862297,7.504438507233979
numerical_gravity_2x0,2026-05-09T21:08:00Z,EarthMJ2000Eq,6840.0,2026-05-09T23:02:00Z,5341.648195812068,4629.119640500028,-527.0659132066382,-2.51183369940926,2.2752763817802486,-6.689030086835383,7088.000604595754,7.498620849833921
numerical_gravity_2x0,2026-05-09T21:08:00Z,EarthMJ2000Eq,6900.0,2026-05-09T23:03:00Z,5180.275155857238,4756.216165134949,-927.0726599173973,-2.8653219130839482,1.9599755772040077,-6.640057433563377,7093.398805695972,7.492792313273837
numerical_gravity_2x0,2026-05-09T21:08:00Z,EarthMJ2000Eq,6960.0,2026-05-09T23:04:00Z,4998.056636995739,4864.174043142499,-1323.3398977071502,-3.2064587070803703,1.6375419849844524,-6.564442919328143,7098.731418603043,7.48697749655465
numerical_gravity_2x0,2026-05-09T21:08:00Z,EarthMJ2000Eq,7020.0,2026-05-09T23:05:00Z,4795.773447773017,4952.605140631322,-1714.281521416098,-3.5339309248426303,1.3093056022023064,-6.46261734899526,7103.977883977482,7.481201236502862
numerical_gravity_2x0,2026-05-09T21:08:00Z,EarthMJ2000Eq,7080.0,2026-05-09T23:06:00Z,4574.283172447319,5021.20146365751,-2098.3403398254413,-3.846493209978214,0.9766067837053035,-6.335113033253654,7109.118290063106,7.475488476914939
numerical_gravity_2x0,2026-05-09T21:08:00Z,EarthMJ2000Eq,7140.0,2026-05-09T23:07:00Z,4334.515986139395,5069.735605301392,-2473.994039784932,-4.142971816025003,0.640790462698844,-6.1825595268947104,7114.133429353853,7.4698641345783425
numerical_gravity_2x0,2026-05-09T21:08:00Z,EarthMJ2000Eq,7200.0,2026-05-09T23:08:00Z,4077.4702566076444,5098.060852332528,-2839.7608854382115,-4.422267910614862,0.3032005880914782,-6.0056790701036595,7119.004848577523,7.464352963449285
numerical_gravity_2x0,2026-05-09T21:08:00Z,EarthMJ2000Eq,7260.0,2026-05-09T23:09:00Z,3804.207962660157,5106.110965310193,-3194.2051364540494,-4.683360385914059,-0.03482519429996368,-5.805281790162689,7123.714892314078,7.458979418238237
numerical_gravity_2x0,2026-05-09T21:08:00Z,EarthMJ2000Eq,7320.0,2026-05-09T23:10:00Z,3515.8499583191497,5093.899647418422,-3535.942172572467,-4.925308193208514,-0.37196059541492793,-5.582260719352707,7128.246740619939,7.45376751860806
numerical_gravity_2x0,2026-05-09T21:08:00Z,EarthMJ2000Eq,7380.0,2026-05-09T23:11:00Z,3213.571110620015,5061.519718434542,-3863.6433150481867,-5.147252224744099,-0.7068954560903227,-5.337586682223903,7132.584441072519,7.448740715129517
numerical_gravity_2x0,2026-05-09T21:08:00Z,EarthMJ2000Eq,7440.0,2026-05-09T23:12:00Z,2898.5953374038077,5009.142010979303,-4176.040338662968,-5.3484167703485745,-1.0383402300700293,-5.072303101897003,7136.7129356810465,7.443921758068237
numerical_gravity_2x0,2026-05-09T21:08:00Z,EarthMJ2000Eq,7500.0,2026-05-09T23:13:00Z,2572.1905696997974,4937.014006604878,-4471.929670833427,-5.528110579897819,-1.365030172840843,-4.7875207707853455,7140.618083131577,7.439332569998817
numerical_gravity_2x0,2026-05-09T21:08:00Z,EarthMJ2000Eq,7560.0,2026-05-09T23:14:00Z,2235.663661347619,4845.458229360507,-4750.176276920198,-5.6857275653151,-1.6857292374892587,-4.484412626230347,7144.286676846271,7.434994123158689
numerical_gravity_2x0,2026-05-09T21:08:00Z,EarthMJ2000Eq,7620.0,2026-05-09T23:15:00Z,1890.3552664313363,4734.870414257266,-5009.717233114479,-5.820747177502092,-1.9992336835833078,-4.164208566162596,7147.706459340482,7.430926322368874
numerical_gravity_2x0,2026-05-09T21:08:00Z,EarthMJ2000Eq,7680.0,2026-05-09T23:16:00Z,1537.6347029451476,4605.71746756136,-5249.564990214523,-5.932734494408792,-2.3043754093865356,-3.8281903341820724,7150.866133356647,7.4271478942632045
numerical_gravity_2x0,2026-05-09T21:08:00Z,EarthMJ2000Eq,7740.0,2026-05-09T23:17:00Z,1178.8948189355654,4458.535235112013,-5468.810333191409,-6.0213400563898265,-2.6000250214436043,-3.4776864975354522,7153.755370242232,7.423676283483665
numerical_gravity_2x0,2026-05-09T21:08:00Z,EarthMJ2000Eq,7800.0,2026-05-09T23:18:00Z,815.5468752184726,4293.926093920987,-5666.625042672799,-6.086299484116274,-2.88509465869114,-3.11406753549224,7156.364816020818,7.420527556418673
numerical_gravity_2x0,2026-05-09T21:08:00Z,EarthMJ2000Eq,7860.0,2026-05-09T23:19:00Z,449.01545669874787,4112.556381204362,-5842.264265345588,-6.127432912677158,-3.158540590711734,-2.7387410497130684,7158.6860955815855,7.417716312984498
numerical_gravity_2x0,2026-05-09T21:08:00Z,EarthMJ2000Eq,7920.0,2026-05-09T23:20:00Z,80.73342236842224,3915.1536737628276,-5995.068600801081,-6.144644273186427,-3.4193656115459254,-2.3531471024812576,7160.711815383783,7.415255606878398
numerical_gravity_2x0,2026-05-09T21:08:00Z,EarthMJ2000Eq,7980.0,2026-05-09T23:21:00Z,-287.86309773477086,3702.503929304776,-6124.4659125340295,-6.137920450290144,-3.666621251602674,-1.958753683240625,7162.435565039734,7.41315687466568
numerical_gravity_2x0,2026-05-09T21:08:00Z,EarthMJ2000Eq,8040.0,2026-05-09T23:22:00Z,-655.3396519295426,3475.448499936842,-6229.972870680125,-6.107330340531718,-3.8994098306716367,-1.557052298844443,7163.851918103468,7.411429874002359
numerical_gravity_2x0,2026-05-09T21:08:00Z,EarthMJ2000Eq,8100.0,2026-05-09T23:23:00Z,-1020.2683573584554,3234.8810266686673,-6311.196233661366,-6.053023832670541,-4.116886374859087,-1.1495536783565112,7164.9564323524855,7.410082631239745
numerical_gravity_2x0,2026-05-09T21:08:00Z,EarthMJ2000Eq,8160.0,2026-05-09T23:24:00Z,-1381.2327273664725,2981.744222430258,-6367.8338752357395,-5.9752307268543525,-4.318260419472101,-0.7377835792276394,7165.745649808139,7.409121398607375
numerical_gravity_2x0,2026-05-09T21:08:00Z,EarthMJ2000Eq,8220.0,2026-05-09T23:25:00Z,-1736.8324325184603,2717.026549817327,-6399.6755625515725,-5.87425960511104,-4.502797718499013,-0.32327867825967693,7166.2170966961385,7.4085506211253325
numerical_gravity_2x0,2026-05-09T21:08:00Z,EarthMJ2000Eq,8280.0,2026-05-09T23:26:00Z,-2085.6879925944927,2441.758798595963,-6406.6034897255595,-5.750496661045004,-4.6698218794216295,0.0924174719866892,7166.369283503143,7.4083729133557465
numerical_gravity_2x0,2026-05-09T21:08:00Z,EarthMJ2000Eq,8340.0,2026-05-09T23:27:00Z,-2426.4453972358924,2157.0105669434806,-6388.592570237437,-5.604404491988186,-4.818715939695961,0.5077584427468104,7166.201705238701,7.408589046065246
numerical_gravity_2x0,2026-05-09T21:08:00Z,EarthMJ2000Eq,8400.0,2026-05-09T23:28:00Z,-2757.7806529716026,1863.8866495050222,-6345.710490105956,-5.4365208522568995,-4.948923898408154,0.9211989073185607,7165.71484196436,7.4091979428345915
numerical_gravity_2x0,2026-05-09T21:08:00Z,EarthMJ2000Eq,8460.0,2026-05-09T23:29:00Z,-3078.404254138423,1563.5233346293944,-6278.117522424,-5.247457361690252,-5.059952213410527,1.3311986213944649,7164.910159603917,7.4101966866175575
numerical_gravity_2x0,2026-05-09T21:08:00Z,EarthMJ2000Eq,8520.0,2026-05-09T23:30:00Z,-3387.065574729983,1257.084612633278,-6186.066102429911,-5.037898159379513,-5.151371270732866,1.7362264286743907,7163.790111000789,7.411580536217552
numerical_gravity_2x0,2026-05-09T21:08:00Z,EarthMJ2000Eq,8580.0,2026-05-09T23:31:00Z,-3682.5571774829327,945.7582966467003,-6069.90016092191,-4.808598488522125,-5.222816829313936,2.134764314093083,7162.358137140795,7.413342952616414
numerical_gravity_2x0,2026-05-09T21:08:00Z,EarthMJ2000Eq,8640.0,2026-05-09T23:32:00Z,-3963.719035554645,630.7520575268919,-5930.054212527157,-4.560383194727645,-5.273991440178453,2.5253115253872576,7160.618668411532,7.415475635054277
numerical_gravity_2x0,2026-05-09T21:08:00Z,EarthMJ2000Eq,8700.0,2026-05-09T23:33:00Z,-4229.44266098907,313.2893745003106,-5767.052194159487,-4.294145116940321,-5.304665835169562,2.9063887814109286,7158.577125723299,7.417968566721545
numerical_gravity_2x0,2026-05-09T21:08:00Z,EarthMJ2000Eq,8760.0,2026-05-09T23:34:00Z,-4478.675132835075,-5.394596392884591,-5581.50604798184,-4.0108433474939815,-5.314680276313103,3.2765425826178123,7156.239921271741,7.42081006988294
numerical_gravity_2x0,2026-05-09T21:08:00Z,EarthMJ2000Eq,8820.0,2026-05-09T23:35:00Z,-4710.423016307362,-324.0572333224915,-5374.114042369764,-3.711501335744257,-5.303945852916843,3.634349635508977,7153.614458679099,7.423986870208582
numerical_gravity_2x0,2026-05-09T21:08:00Z,EarthMJ2000Eq,8880.0,2026-05-09T23:36:00Z,-4923.75616280043,-641.4527355409847,-5145.658823787761,-3.3972048082890223,-5.272445709676544,3.9784213986463848,7150.7091322101105,7.4274841700373955
numerical_gravity_2x0,2026-05-09T21:08:00Z,EarthMJ2000Eq,8940.0,2026-05-09T23:37:00Z,-5117.81137892075,-956.3364813729996,-4897.005192173053,-3.0690994780414975,-5.220236185453857,4.307408753123584,7147.533324720174,7.431285730243595
numerical_gravity_2x0,2026-05-09T21:08:00Z,EarthMJ2000Eq,9000.0,2026-05-09T23:38:00Z,-5291.7959510339515,-1267.469451268438,-4629.097592400285,-2.7283885144040436,-5.147447839091048,4.620006795240071,7144.09740395833,7.435373960316955
numerical_gravity_2x0,2026-05-09T21:08:00Z,EarthMJ2000Eq,9060.0,2026-05-09T23:39:00Z,-5444.991010177204,-1573.6227083584938,-4342.957314699113,-2.376329747536546,-5.05428633571695,4.914959743633816,7140.412716816209,7.439730016202414
numerical_gravity_2x0,2026-05-09T21:08:00Z,EarthMJ2000Eq,9120.0,2026-05-09T23:40:00Z,-5576.754720608535,-1873.5819272853653,-4039.679397532613,-2.0142325812420103,-4.941033164556876,5.191065947386418,7136.491581087263,7.4443339053741155
numerical_gravity_2x0,2026-05-09T21:08:00Z,EarthMJ2000Eq,9180.0,2026-05-09T23:41:00Z,-5686.5252738017925,-2166.151960277388,-3720.429227429508,-1.6434545913107985,-4.808046157362963,5.447182975737785,7132.3472742787735,7.449164598543977
numerical_gravity_2x0,2026-05-09T21:08:00Z,EarthMJ2000Eq,9240.0,2026-05-09T23:42:00Z,-5773.823668395608,-2450.161427546654,-3386.438831602046,-1.265397789265828,-4.655759775300972,5.682232764152414,7127.994019003173,7.454200147326109
numerical_gravity_2x0,2026-05-09T21:08:00Z,EarthMJ2000Eq,9300.0,2026-05-09T23:43:00Z,-5838.256255513322,-2724.467317134756,-3039.002860871259,-0.881504535309567,-4.484685131527625,5.895206785696191,7123.44696446598,7.459417807096925
numerical_gravity_2x0,2026-05-09T21:08:00Z,EarthMJ2000Eq,9360.0,2026-05-09T23:44:00Z,-5879.517028032634,-2987.9595773664364,-2679.474262451419,-0.4932530888470482,-4.295409716821698,6.085171211147036,7118.722163565669,7.464794164208153
numerical_gravity_2x0,2026-05-09T21:08:00Z,EarthMJ2000Eq,9420.0,2026-05-09T23:45:00Z,-5897.389631839926,-3239.565683135794,-2309.2596444968644,-0.10215279018589,-4.088596796532131,6.251272016114453,7113.836545127103,7.470305266628079
numerical_gravity_2x0,2026-05-09T21:08:00Z,EarthMJ2000Eq,9480.0,2026-05-09T23:46:00Z,-5891.749076891589,-3478.2551553923527,-1929.814336959459,0.2902611271872997,-3.8649844488022116,6.392739988823166,7108.807880805377,7.475926757007307
numerical_gravity_2x0,2026-05-09T21:08:00Z,EarthMJ2000Eq,9540.0,2026-05-09T23:47:00Z,-5862.563126054651,-3703.0440114627977,-1542.6371562078705,0.6824330880856151,-3.6253842165277383,6.50889558826299,7103.654746221784,7.4816340070917615
numerical_gravity_2x0,2026-05-09T21:08:00Z,EarthMJ2000Eq,9600.0,2026-05-09T23:48:00Z,-5809.893340236272,-3912.9991222864664,-1149.264883976707,1.0727930785676136,-3.370679348796585,6.599153599252306,7098.396475928802,7.487402252340328
numerical_gravity_2x0,2026-05-09T21:08:00Z,EarthMJ2000Eq,9660.0,2026-05-09T23:49:00Z,-5733.895759253253,-4107.242451305243,-751.2664744926456,1.4597628812298287,-3.10182261160368,6.66302752872615,7093.053111847039,7.493206725550469
numerical_gravity_2x0,2026-05-09T21:08:00Z,EarthMJ2000Eq,9720.0,2026-05-09T23:50:00Z,-5634.821199246754,-4284.9551486752625,-350.23700700780194,1.841762616833333,-2.819833652382885,6.700133686345511,7087.645344874209,7.499022788255657
numerical_gravity_2x0,2026-05-09T21:08:00Z,EarthMJ2000Eq,9780.0,2026-05-09T23:51:00Z,-5513.015149212802,-4445.3814736984905,52.20859560620809,2.217217559463518,-2.525795908266309,6.7101948924142825,7082.19444943492,7.5048260586365965
numerical_gravity_2x0,2026-05-09T21:08:00Z,EarthMJ2000Eq,9840.0,2026-05-09T23:52:00Z,-5368.917251384415,-4587.832517941273,454.442058154872,2.584565185909875,-2.220853053870687,6.6930437571404635,7076.722210819963,7.510592534687329
numerical_gravity_2x0,2026-05-09T21:08:00Z,EarthMJ2000Eq,9900.0,2026-05-09T23:53:00Z,-5203.060352744471,-4711.6897014418255,854.8284269627301,2.94226241388954,-1.9062049906966716,6.6486254775143285,7071.250845254887,7.516298711400221
numerical_gravity_2x0,2026-05-09T21:08:00Z,EarthMJ2000Eq,9960.0,2026-05-09T23:54:00Z,-5016.069117837928,-4816.40801472919,1251.7328957883265,3.288792978294067,-1.5831033867690034,6.5770001014898645,7065.8029127391865,7.521921690783116
numerical_gravity_2x0,2026-05-09T21:08:00Z,EarthMJ2000Eq,10020.0,2026-05-09T23:55:00Z,-4808.658196245448,-4901.518980092986,1643.5277504518801,3.6226748899724304,-1.2528467817873044,6.478344213702016,7060.401222808498,7.527439283599567
numerical_gravity_2x0,2026-05-09T21:08:00Z,EarthMJ2000Eq,10080.0,2026-05-09T23:56:00Z,-4581.629941527028,-4966.633306657517,2028.5993962322605,3.942467917815982,-0.9167752796325686,6.352952002548719,7055.06873349159,7.53283010183035
numerical_gravity_2x0,2026-05-09T21:08:00Z,EarthMJ2000Eq,10140.0,2026-05-09T23:57:00Z,-4335.871682085073,-5011.443215316244,2405.355429871107,4.246781032200502,-0.5762648564127553,6.201235674993988,7049.828443859955,7.538073640991611
numerical_gravity_2x0,2026-05-09T21:08:00Z,EarthMJ2000Eq,10200.0,2026-05-09T23:58:00Z,-4072.35254816642,-5035.7244114540745,2772.231716218991,4.534279746253424,-0.23272131816407982,6.023725192752597,7044.70328069838,7.543150351611345
numerical_gravity_2x0,2026-05-09T21:08:00Z,EarthMJ2000Eq,10260.0,2026-05-09T23:59:00Z,-3792.1198630530153,-5039.337685596172,3127.69942821259,4.803693291002076,0.11242605230609824,5.821067311414071,7039.71597995774,7.548041699359438
numerical_gravity_2x0,2026-05-09T21:08:00Z,EarthMJ2000Eq,10320.0,2026-05-10T00:00:00Z,-3496.295110310319,-5022.230124634935,3470.272008012426,5.053821561232677,0.45773111528566035,5.594023912346109,7034.8889637836555,7.5527302135440415
numerical_gravity_2x0,2026-05-09T21:08:00Z,EarthMJ2000Eq,10380.0,2026-05-10T00:01:00Z,-3186.0694927004583,-4984.435919055207,3798.51200677417,5.28354177081918,0.801737712745523,5.3434696256612275,7030.244214043479,7.557199523923768
numerical_gravity_2x0,2026-05-09T21:08:00Z,EarthMJ2000Eq,10440.0,2026-05-10T00:02:00Z,-2862.6991019563966,-4926.076754549632,4111.037760675758,5.491814759292875,1.1429866747353665,5.070388750905787,7025.803143396358,7.561434386035603
numerical_gravity_2x0,2026-05-09T21:08:00Z,EarthMJ2000Eq,10500.0,2026-05-10T00:03:00Z,-2527.4997219922407,-4847.361779534491,4406.529861466528,5.677690895404846,1.4800229407150076,4.775871490211661,7021.586465063209,7.565420695494887
numerical_gravity_2x0,2026-05-09T21:08:00Z,EarthMJ2000Eq,10560.0,2026-05-10T00:04:00Z,-2181.841291239276,-4748.587143282909,4683.737380919326,5.840315528234906,1.8114027419722165,4.461109516227419,7017.614062552132,7.569145491978673
numerical_gravity_2x0,2026-05-09T21:08:00Z,EarthMJ2000Eq,10620.0,2026-05-10T00:05:00Z,-1827.1420526035351,-4630.1351026285265,4941.48381011604,5.978933941845041,2.135700791258527,4.127390904033416,7013.904860676688,7.572596953847917
numerical_gravity_2x0,2026-05-09T21:08:00Z,EarthMJ2000Eq,10680.0,2026-05-10T00:06:00Z,-1464.8624220058343,-4492.472698402817,5178.672676435238,6.092895775364688,2.45151742664923,3.776094462294974,7010.476699266349,7.575764384588297
numerical_gravity_2x0,2026-05-09T21:08:00Z,EarthMJ2000Eq,10740.0,2026-05-10T00:07:00Z,-1096.498608568834,-4336.150005902479,5394.292803383964,6.18165887652252,2.757485658303571,3.408683504014694,7007.346211007523,7.578638192444698
numerical_gravity_2x0,2026-05-09T21:08:00Z,EarthMJ2000Eq,10800.0,2026-05-10T00:08:00Z,-723.5760212496594,-4161.797966695647,5587.423180965722,6.244792562799453,3.0522780691369706,3.026699101353288,7004.528704867489,7.581209864781654
numerical_gravity_2x0,2026-05-09T21:08:00Z,EarthMJ2000Eq,10860.0,2026-05-10T00:09:00Z,-347.6424980848517,-3970.1258119315967,5757.237417042918,6.2819802703794085,3.3346135232678233,2.6317528720942347,7002.038056540339,7.583471938813583
numerical_gravity_2x0,2026-05-09T21:08:00Z,EarthMJ2000Eq,10920.0,2026-05-10T00:10:00Z,29.738604768487868,-3761.9180899921726,5903.007743075697,6.2930215767517,3.6032636393031336,2.225519347478597,6999.886607312691,7.585417970407964
numerical_gravity_2x0,2026-05-09T21:08:00Z,EarthMJ2000Eq,10980.0,2026-05-10T00:11:00Z,406.99542632191253,-3538.0313137982234,6024.108550645399,6.277833588040693,3.8570589889137783,1.8097279724269113,6998.085072676864,7.587042502667089
numerical_gravity_2x0,2026-05-09T21:08:00Z,EarthMJ2000Eq,11040.0,2026-05-10T00:12:00Z,782.5546781095071,-3299.3902453546248,6120.019438252017,6.23645168681609,4.0948949845642035,1.3861547897292466,6996.642461920922,7.588341035937279
numerical_gravity_2x0,2026-05-09T21:08:00Z,EarthMJ2000Eq,11100.0,2026-05-10T00:13:00Z,1154.8487472116342,-3046.98383718564,6190.32775097235,6.169029640229206,4.315737423564622,0.956613859785316,6995.566009799722,7.589310000778466
numerical_gravity_2x0,2026-05-09T21:08:00Z,EarthMJ2000Eq,11160.0,2026-05-10T00:14:00Z,1522.3227866526977,-2781.8608521884626,6234.730598650397,6.0758390718344,4.518627658696414,0.5229484670935001,6994.861121240957,7.589946735254549
numerical_gravity_2x0,2026-05-09T21:08:00Z,EarthMJ2000Eq,11220.0,2026-05-10T00:15:00Z,1883.441755170712,-2505.1251851325374,6253.036341346469,5.957268303443641,4.702687368449287,0.08702216410239512,6994.531329868035,7.590249467681008
numerical_gravity_2x0,2026-05-09T21:08:00Z,EarthMJ2000Eq,11280.0,2026-05-10T00:16:00Z,2236.697368815942,-2217.93091057448,6245.165533789626,5.813820575920288,4.86712290236759,-0.3492902975789227,6994.5782709312625,7.5902173056986975
numerical_gravity_2x0,2026-05-09T21:08:00Z,EarthMJ2000Eq,11340.0,2026-05-10T00:17:00Z,2580.6149274390086,-1921.4770833629518,6211.151323561686,5.646111660071044,5.011229179140755,-0.7841120991211592,6995.001669034263,7.58985023224109
numerical_gravity_2x0,2026-05-09T21:08:00Z,EarthMJ2000Eq,11400.0,2026-05-10T00:18:00Z,2913.759979861623,-1617.0023191926277,6151.139300700726,5.454866870888827,5.134393116936474,-1.2155735003606074,6995.799340828936,7.589149108638204
numerical_gravity_2x0,2026-05-09T21:08:00Z,EarthMJ2000Eq,11460.0,2026-05-10T00:19:00Z,3234.744792380547,-1305.7791838456135,6065.386799362625,5.240917500486912,5.236096577147514,-1.6418209504299712,6996.967212634341,7.588115684766322
numerical_gravity_2x0,2026-05-09T21:08:00Z,EarthMJ2000Eq,11520.0,2026-05-10T00:20:00Z,3542.2345862416187,-989.1084208405903,5954.261655138451,5.005196687292898,5.3159188043140375,-2.061026113645627,6998.499352718137,7.586752615821645
numerical_gravity_2x0,2026-05-09T21:08:00Z,EarthMJ2000Eq,11580.0,2026-05-10T00:21:00Z,3834.953510848024,-668.3130481956964,5818.240424609996,4.748734741566692,5.373538346620275,-2.471394760622618,7000.388017768737,7.585063484981122
numerical_gravity_2x0,2026-05-09T21:08:00Z,EarthMJ2000Eq,11640.0,2026-05-10T00:22:00Z,4111.690320754658,-344.73235589396893,5657.906076747985,4.472653950165646,5.408734443181042,-2.871175473885673,7002.623712887158,7.583052830926863
numerical_gravity_2x0,2026-05-09T21:08:00Z,EarthMJ2000Eq,11700.0,2026-05-10T00:23:00Z,4371.303725971942,-19.71583640531965,5473.9451688237,4.17816288675744,5.421387866458281,-3.2586681165092912,7005.195264244222,7.58072617896284
numerical_gravity_2x0,2026-05-09T21:08:00Z,EarthMJ2000Eq,11760.0,2026-05-10T00:24:00Z,4612.727386783573,305.38291875534594,5267.1445226120395,3.8665502573861823,5.4114812106914485,-3.6322320117144846,7008.089903385427,7.5780900742524295
numerical_gravity_2x0,2026-05-09T21:08:00Z,EarthMJ2000Eq,11820.0,2026-05-10T00:25:00Z,4834.974526198032,629.2123229960488,5038.387419799216,3.5391783153897354,5.37909862027288,-3.9902937810546732,7011.293362025653,7.575152115559801
numerical_gravity_2x0,2026-05-09T21:08:00Z,EarthMJ2000Eq,11880.0,2026-05-10T00:26:00Z,5037.142135324116,950.4288654449101,4788.649338647295,3.19747588405922,5.324424955599429,-4.331354789023683,7014.789976061697,7.571920987790923
numerical_gravity_2x0,2026-05-09T21:08:00Z,EarthMJ2000Eq,11940.0,2026-05-10T00:27:00Z,5218.414749400669,1267.7031148537899,4518.993257075402,2.8429310299955253,5.247744398094363,-4.653998142789895,7018.562797444032,7.568406491602706
numerical_gravity_2x0,2026-05-09T21:08:00Z,EarthMJ2000Eq,12000.0,2026-05-10T00:28:00Z,5378.067774925542,1579.7256231255021,4230.564550348848,2.477083434688595,5.14943850078545,-4.9568951974539415,7022.593712491146,7.564619568380297
numerical_gravity_2x0,2026-05-09T21:08:00Z,EarthMJ2000Eq,12060.0,2026-05-10T00:29:00Z,5515.470351313406,1885.2126955172505,3924.585514469502,2.1015165162356535,5.029983695972096,-5.238811519859315,7026.863565200373,7.560572318969444
numerical_gravity_2x0,2026-05-09T21:08:00Z,EarthMJ2000Eq,12120.0,2026-05-10T00:30:00Z,5630.087733749821,2182.9119954282055,3602.3495490749065,1.7178493571251021,4.889948277003639,-5.498612267627444,7031.352284107569,7.556278014687456
numerical_gravity_2x0,2026-05-09T21:08:00Z,EarthMJ2000Eq,12180.0,2026-05-10T00:31:00Z,5721.483187370814,2471.6079528705163,3265.215036118196,1.327728497444982,4.72998887687884,-5.7352669447628255,7036.039011272751,7.551751099315587
numerical_gravity_2x0,2026-05-09T21:08:00Z,EarthMJ2000Eq,12240.0,2026-05-10T00:32:00Z,5789.319386543125,2750.12694725751,2914.598952754822,0.9328196555437077,4.550846472095712,-5.947853500847741,7040.902232017959,7.547007180989124
numerical_gravity_2x0,2026-05-09T21:08:00Z,EarthMJ2000Eq,12300.0,2026-05-10T00:33:00Z,5833.359316799224,3017.34223701688,2551.9702586474314,0.5347994399153421,4.35334194575054,-6.1355617474367845,7045.919904114393,7.542063013139998
numerical_gravity_2x0,2026-05-09T21:08:00Z,EarthMJ2000Eq,12360.0,2026-05-10T00:34:00Z,5853.466680833881,3272.178610735798,2178.843099265926,0.13534711677536942,4.138371249120403,-6.297696072637515,7051.069585205354,7.5369364639009495
numerical_gravity_2x0,2026-05-09T21:08:00Z,EarthMJ2000Eq,12420.0,2026-05-10T00:35:00Z,5849.605813829506,3513.6167370436174,1796.7698676634272,-0.2638635026506018,3.9069002056870974,-6.433677442853285,7056.328557356456,7.531646473640947
numerical_gravity_2x0,2026-05-09T21:08:00Z,EarthMJ2000Eq,12480.0,2026-05-10T00:36:00Z,5821.841117176157,3740.697193200532,1407.3341676197883,-0.6611719927245329,3.659959005609246,-6.5430446890645335,7061.673947741523,7.526213000560052
numerical_gravity_2x0,2026-05-09T21:08:00Z,EarthMJ2000Eq,12540.0,2026-05-10T00:37:00Z,5770.336023318046,3952.5241553424084,1012.1437209445219,-1.0549390022738738,3.3986364418853903,-6.625455083610987,7067.082844598226,7.520656954520439
numerical_gravity_2x0,2026-05-09T21:08:00Z,EarthMJ2000Eq,12600.0,2026-05-10T00:38:00Z,5695.351507922659,4148.268736480807,612.8232611162497,-1.4435536460602887,3.124073941764391,-6.680684221975536,7072.532407718337,7.515000119522163
numerical_gravity_2x0,2026-05-09T21:08:00Z,EarthMJ2000Eq,12660.0,2026-05-10T00:39:00Z,5597.244168766492,4327.171961615221,211.00745431606276,-1.8254405480959806,2.8374594482762063,-6.708625232327855,7077.999972870611,7.509265065442213
numerical_gravity_2x0,2026-05-09T21:08:00Z,EarthMJ2000Eq,12720.0,2026-05-10T00:40:00Z,5476.463893604635,4488.547372620564,-191.666112688995,-2.1990664919113088,2.5400212070369155,-6.709287343340909,7083.463149686565,7.503475049839167
numerical_gravity_2x0,2026-05-09T21:08:00Z,EarthMJ2000Eq,12780.0,2026-05-10T00:41:00Z,5333.551141790897,4631.783258864618,-593.5638404024362,-2.562946639466774,2.233021512724958,-6.682793847845464,7088.899912668454,7.49765391078087
numerical_gravity_2x0,2026-05-09T21:08:00Z,EarthMJ2000Eq,12840.0,2026-05-10T00:42:00Z,5169.133866501311,4756.344512725996,-993.062885228892,-2.915650287554521,1.9177504678633115,-6.629379506063767,7094.288685102166,7.491825951777376
numerical_gravity_2x0,2026-05-09T21:08:00Z,EarthMJ2000Eq,12900.0,2026-05-10T00:43:00Z,4983.924106058846,4861.77411226466,-1388.5577566974453,-3.2558061380562724,1.5955198038396319,-6.549387437324064,7099.608415773783,7.486015819995816
numerical_gravity_2x0,2026-05-09T21:08:00Z,EarthMJ2000Eq,12960.0,2026-05-10T00:44:00Z,4778.714274044733,4947.694236190408,-1778.466714157607,-3.582107066118237,1.2676568105450459,-6.443265553200076,7104.838648495631,7.480248378998529
numerical_gravity_2x0,2026-05-09T21:08:00Z,EarthMJ2000Eq,13020.0,2026-05-10T00:45:00Z,4554.373178607439,5013.807018932351,-2161.2379370962763,-3.8933143779736215,0.9354984167267743,-6.311562587879471,7109.959584544647,7.474548577282392
numerical_gravity_2x0,2026-05-09T21:08:00Z,EarthMJ2000Eq,13080.0,2026-05-10T00:46:00Z,4311.841801651203,5059.894955994149,-2535.3554466278456,-4.188261557604085,0.6003854582612739,-6.1549237832167885,7114.952138202141,7.468941313908114
numerical_gravity_2x0,2026-05-09T21:08:00Z,EarthMJ2000Eq,13140.0,2026-05-10T00:47:00Z,4052.1288684198385,5085.820971853627,-2899.344759176446,-4.465857508512496,0.26365716620495155,-5.9740862863789586,7119.79798565883,7.463451302496038
numerical_gravity_2x0,2026-05-09T21:08:00Z,EarthMJ2000Eq,13200.0,2026-05-10T00:48:00Z,3776.3062374156425,5091.528164408085,-3251.778256828349,-4.725089303429768,-0.07335409918355974,-5.769874317288917,7124.479607612521,7.458102934832938
numerical_gravity_2x0,2026-05-09T21:08:00Z,EarthMJ2000Eq,13260.0,2026-05-10T00:49:00Z,3485.504139643562,5077.039241363884,-3591.280262216496,-4.9650244606709535,-0.4093278480849585,-5.543194161286819,7128.980325937711,7.45292014528554
numerical_gravity_2x0,2026-05-09T21:08:00Z,EarthMJ2000Eq,13320.0,2026-05-10T00:50:00Z,3180.9062948898713,5042.455665014948,-3916.531809045759,-5.184812770987638,-0.7429601799123977,-5.295029039655588,7133.28433484735,7.447926277154464
numerical_gravity_2x0,2026-05-09T21:08:00Z,EarthMJ2000Eq,13380.0,2026-05-10T00:51:00Z,2863.7449311806213,4987.956522552444,-4226.275102421092,-5.38368770305846,-1.072968212484868,-5.026433907013615,7137.376726997152,7.443143952030082
numerical_gravity_2x0,2026-05-09T21:08:00Z,EarthMJ2000Eq,13440.0,2026-05-10T00:52:00Z,2535.2957317698674,4913.797139407543,-4519.317665952668,-5.5609674191666105,-1.3980942183158953,-4.738530220192279,7141.2435150029805,7.4385949431324985
numerical_gravity_2x0,2026-05-09T21:08:00Z,EarthMJ2000Eq,13500.0,2026-05-10T00:53:00Z,2196.8727320353632,4820.307453168212,-4794.53617514224,-5.716055435106458,-1.717109469915235,-4.432500718228381,7144.871648852561,7.434300053534144
numerical_gravity_2x0,2026-05-09T21:08:00Z,EarthMJ2000Eq,13560.0,2026-05-10T00:54:00Z,1849.8231865650207,4707.890165352973,-5050.87997877126,-5.848440959937826,-2.028817800726193,-4.10958424765535,7148.249029694837,7.43027900007792
numerical_gravity_2x0,2026-05-09T21:08:00Z,EarthMJ2000Eq,13620.0,2026-05-10T00:55:00Z,1495.5224245555924,4577.01868779818,-5287.374311890753,-5.957698951884,-2.332058892531041,-3.7710706615160547,7151.364520484508,7.426550303718406
numerical_gravity_2x0,2026-05-09T21:08:00Z,EarthMJ2000Eq,13680.0,2026-05-10T00:56:00Z,1135.3687094686225,4428.234899653398,-5503.123205540761,-6.043489926483804,-2.6257113037903306,-3.418295814585184,7154.207953946405,7.423131186930089
numerical_gravity_2x0,2026-05-09T21:08:00Z,EarthMJ2000Eq,13740.0,2026-05-10T00:57:00Z,770.7781167481176,4262.1467300179775,-5697.312099497132,-6.105559552110893,-2.908695256393875,-3.052636671315749,7156.770138305207,7.420037478746485
numerical_gravity_2x0,2026-05-09T21:08:00Z,EarthMJ2000Eq,13800.0,2026-05-10T00:58:00Z,403.17944134636525,4079.425580129088,-5869.210165156987,-6.143738066228723,-3.1799752006620734,-2.6755065371386335,7159.042861201351,7.4172835279181015
numerical_gravity_2x0,2026-05-09T21:08:00Z,EarthMJ2000Eq,13860.0,2026-05-10T00:59:00Z,34.00914487159853,3880.8035977670247,-6018.172346140213,-6.157939543331864,-3.438562180130745,-2.2883504180636356,7161.018892184489,7.414882124606416
numerical_gravity_2x0,2026-05-09T21:08:00Z,EarthMJ2000Eq,13920.0,2026-05-10T01:00:00Z,-335.2936495983158,3667.070815217443,-6143.641124318359,-6.1481610425155795,-3.683516018678764,-1.8926405081606201,7162.691984142291,7.412844430965741
numerical_gravity_2x0,2026-05-09T21:08:00Z,EarthMJ2000Eq,13980.0,2026-05-10T01:01:00Z,-703.2921085654266,3439.0721607623827,-6245.148018805816,-6.114481659103102,-3.9139473529251663,-1.4898717995343738,7164.05687398526,7.411179920905034
numerical_gravity_2x0,2026-05-09T21:08:00Z,EarthMJ2000Eq,14040.0,2026-05-10T01:02:00Z,-1068.5565799035871,3197.7043523013363,-6322.314824988027,-6.057061500835134,-4.129019532551221,-1.0815578049287813,7165.109282868304,7.409896329267437
numerical_gravity_2x0,2026-05-09T21:08:00Z,EarthMJ2000Eq,14100.0,2026-05-10T01:03:00Z,-1429.6694213760945,2943.9126803677373,-6374.854599949057,-5.9761406048815635,-4.327950410322669,-0.6692263791748574,7165.845916187388,7.40899961061612
numerical_gravity_2x0,2026-05-09T21:08:00Z,EarthMJ2000Eq,14160.0,2026-05-10T01:04:00Z,-1785.229762704863,2678.687686540544,-6402.572399731301,-5.872037807464866,-4.510014042135274,-0.2544156223915487,7166.264463545301,7.408493907770393
numerical_gravity_2x0,2026-05-09T21:08:00Z,EarthMJ2000Eq,14220.0,2026-05-10T01:05:00Z,-2133.8581985866217,2403.0617420880767,-6405.3657727519885,-5.745149573281375,-4.674542315427136,0.16133015479513452,7166.363598834865,7.4083815301953955
numerical_gravity_2x0,2026-05-09T21:08:00Z,EarthMJ2000Eq,14280.0,2026-05-10T01:06:00Z,-2474.201410343444,2118.1055306521125,-6383.225012455125,-5.595948787262268,-4.820926521844253,0.5764644256940149,7166.142980541016,7.408662942311123
numerical_gravity_2x0,2026-05-09T21:08:00Z,EarthMJ2000Eq,14340.0,2026-05-10T01:07:00Z,-2804.9367139091078,1824.9244379114577,-6336.233170936458,-5.424983506621015,-4.948618887166924,0.9894424245522455,7165.603252315687,7.409336761751288
numerical_gravity_2x0,2026-05-09T21:08:00Z,EarthMJ2000Eq,14400.0,2026-05-10T01:08:00Z,-3124.776531594933,1524.6548504793448,-6264.565833886854,-5.232875666675407,-5.05713406826368,1.398725129502984,7164.746043831501,7.410399767568541
numerical_gravity_2x0,2026-05-09T21:08:00Z,EarthMJ2000Eq,14460.0,2026-05-10T01:09:00Z,-3432.4727845596103,1218.4603658078195,-6168.490655800646,-5.020319729695424,-5.146050623300766,1.8027832745773238,7163.573971872337,7.411846918348967
numerical_gravity_2x0,2026-05-09T21:08:00Z,EarthMJ2000Eq,14520.0,2026-05-10T01:10:00Z,-3726.8212021428712,907.527914610706,-6048.366653034742,-4.788081262094319,-5.215012457666444,2.2001014128980456,7162.090641571215,7.413671380164548
numerical_gravity_2x0,2026-05-09T21:08:00Z,EarthMJ2000Eq,14580.0,2026-05-10T01:11:00Z,-4006.6655432332445,593.0637972863908,-5904.643251025475,-4.536995421727947,-5.263730244141755,2.5891820514442365,7160.300647658937,7.415864564256412
numerical_gravity_2x0,2026-05-09T21:08:00Z,EarthMJ2000Eq,14640.0,2026-05-10T01:12:00Z,-4270.901723650658,276.2896360299012,-5737.859080816333,-4.267965333970195,-5.2919828118371885,2.968549875345615,7158.20957554095,7.418416174303382
numerical_gravity_2x0,2026-05-09T21:08:00Z,EarthMJ2000Eq,14700.0,2026-05-10T01:13:00Z,-4518.481842164758,-41.56175522665839,-5548.640519061851,-3.9819603326600252,-5.299618494394926,3.3367560765677142,7155.824001975252,7.421314263088597
numerical_gravity_2x0,2026-05-09T21:08:00Z,EarthMJ2000Eq,14760.0,2026-05-10T01:14:00Z,-4748.4180962729615,-359.2505802172277,-5337.699964889924,-3.68001404003193,-5.28655642400838,3.69238279812878,7153.151495081371,7.424545298331321
numerical_gravity_2x0,2026-05-09T21:08:00Z,EarthMJ2000Eq,14820.0,2026-05-10T01:15:00Z,-4959.786577265453,-675.5343453386788,-5105.833846462264,-3.3632222584040554,-5.252787754015886,4.034047700702023,7150.200613369834,7.428094237400533
numerical_gravity_2x0,2026-05-09T21:08:00Z,EarthMJ2000Eq,14880.0,2026-05-10T01:16:00Z,-5151.730932447978,-989.1722153489167,-4853.920349802831,-3.0327406457569146,-5.198376789265929,4.360408653669728,7146.98090344375,7.4319446105714935
numerical_gravity_2x0,2026-05-09T21:08:00Z,EarthMJ2000Eq,14940.0,2026-05-10T01:17:00Z,-5323.465880720346,-1298.9294335264503,-4582.916862494419,-2.6897821474315164,-5.1234620002099485,4.670168547486945,7143.502895989522,7.436078612425567
numerical_gravity_2x0,2026-05-09T21:08:00Z,EarthMJ2000Eq,15000.0,2026-05-10T01:18:00Z,-5474.28056606433,-1603.5817985215956,-4293.857125196941,-2.3356141570397777,-5.0282568938370975,4.96208021867216,7139.778099643146,7.440477200927537
numerical_gravity_2x0,2026-05-09T21:08:00Z,EarthMJ2000Eq,15060.0,2026-05-10T01:19:00Z,-5603.541731925769,-1901.9201884428858,-3987.8480846341263,-1.971555381330876,-4.9130507122028675,5.234951472971504,7135.818992292359,7.445120203643348
numerical_gravity_2x0,2026-05-09T21:08:00Z,EarthMJ2000Eq,15120.0,2026-05-10T01:20:00Z,-5710.696698029631,-2192.755120910172,-3666.066442738952,-1.5989723861998844,-4.778208927495549,5.487650186354066,7131.639009354088,7.449986430485611
numerical_gravity_2x0,2026-05-09T21:08:00Z,EarthMJ2000Eq,15180.0,2026-05-10T01:21:00Z,-5795.276119890858,-2474.9213359037526,-3329.754898045549,-1.2192758042493124,-4.624173501400478,5.719109457610226,7127.252528551741,7.455053792294788
numerical_gravity_2x0,2026-05-09T21:08:00Z,EarthMJ2000Eq,15240.0,2026-05-10T01:22:00Z,-5856.8965102241245,-2747.2823862859123,-2980.2180771626063,-0.8339161882927721,-4.451462876023203,5.928332780573349,7122.674850708765,7.4602994244822405
numerical_gravity_2x0,2026-05-09T21:08:00Z,EarthMJ2000Eq,15300.0,2026-05-10T01:23:00Z,-5895.262500656228,-3008.7352189102808,-2618.8181562481736,-0.44437949987744363,-4.2606716638699424,6.114399198503819,7117.9221760742585,7.465699814878692
numerical_gravity_2x0,2026-05-09T21:08:00Z,EarthMJ2000Eq,15360.0,2026-05-10T01:24:00Z,-5910.16882164633,-3258.214727310683,-2246.970174807973,-0.052182227233372167,-4.052470005394627,6.276468398103989,7113.011575704146,7.471230934850041
numerical_gravity_2x0,2026-05-09T21:08:00Z,EarthMJ2000Eq,15420.0,2026-05-10T01:25:00Z,-5901.501978357927,-3494.6982551219344,-1866.1370468298753,0.3411338670515391,-3.8276025644289855,6.413785696113698,7107.960957438198,7.476868372664157
numerical_gravity_2x0,2026-05-09T21:08:00Z,EarthMJ2000Eq,15480.0,2026-05-10T01:26:00Z,-5869.24160043277,-3717.2100276782653,-1477.8242772088986,0.7340073619863429,-3.5868871344200257,6.525686867606397,7102.7890260397335,7.482587468019912
numerical_gravity_2x0,2026-05-09T21:08:00Z,EarthMJ2000Eq,15540.0,2026-05-10T01:27:00Z,-5813.461444214557,-3924.8254877084637,-1083.5743945645836,1.124863144439691,-3.3312128317924876,6.611602762095387,7097.515237101727,7.488363446585978
numerical_gravity_2x0,2026-05-09T21:08:00Z,EarthMJ2000Eq,15600.0,2026-05-10T01:28:00Z,-5734.330026975125,-4116.675509746522,-684.9611148532183,1.5121187055197778,-3.061537856895834,6.671063651485986,7092.159744370983,7.494171553345085
numerical_gravity_2x0,2026-05-09T21:08:00Z,EarthMJ2000Eq,15660.0,2026-05-10T01:29:00Z,-5632.110874114554,-4291.95046684583,-283.5832535717161,1.8941907399762696,-2.778886807826434,6.7037032528729945,7086.743340201045,7.499987183502623
numerical_gravity_2x0,2026-05-09T21:08:00Z,EarthMJ2000Eq,15720.0,2026-05-10T01:30:00Z,-5507.162362136702,-4449.904122462713,118.94159222664653,2.269502014754335,-2.484347537853465,6.709262369261874,7081.287388915038,7.505786009699851
numerical_gravity_2x0,2026-05-09T21:08:00Z,EarthMJ2000Eq,15780.0,2026-05-10T01:31:00Z,-5359.937142430002,-4589.857319994855,520.9835675005841,2.636488466358795,-2.1790675531172274,6.6875920925379075,7075.813752941543,7.511544104274886
numerical_gravity_2x0,2026-05-09T21:08:00Z,EarthMJ2000Eq,15840.0,2026-05-10T01:32:00Z,-5190.981133486477,-4711.201442448191,920.907260495719,2.993606480690987,-1.8642499535852808,6.638656515440411,7070.344711679353,7.517238055341684
numerical_gravity_2x0,2026-05-09T21:08:00Z,EarthMJ2000Eq,15900.0,2026-05-10T01:33:00Z,-5000.9320721363965,-4813.40161508072,1317.0785507563444,3.339340303670579,-1.5411489268018923,6.56253490290462,7064.902873150242,7.522845075511172
numerical_gravity_2x0,2026-05-09T21:08:00Z,EarthMJ2000Eq,15960.0,2026-05-10T01:34:00Z,-4790.517617618025,-4895.999624642618,1707.8715700624666,3.672209526406574,-1.2110648105920543,6.459423277860894,7059.511078611391,7.5283431021611085
numerical_gravity_2x0,2026-05-09T21:08:00Z,EarthMJ2000Eq,16020.0,2026-05-10T01:35:00Z,-4560.553005789315,-4958.616529998623,2091.6757399538633,3.9907765850746943,-0.8753387474158966,6.3296353823409985,7054.192300419736,7.53371088827353
numerical_gravity_2x0,2026-05-09T21:08:00Z,EarthMJ2000Eq,16080.0,2026-05-10T01:36:00Z,-4311.938254461046,-5000.95494047035,2466.9028473497233,4.293654213105499,-0.5353469593426284,6.173602981408857,7048.96953356741,7.538928083000681
numerical_gravity_2x0,2026-05-09T21:08:00Z,EarthMJ2000Eq,16140.0,2026-05-10T01:37:00Z,-4045.654924622978,-5022.800940152225,2831.9941180426927,4.579512781871107,-0.19249467845833645,5.991875484849359,7043.865681438611,7.54397530129138
numerical_gravity_2x0,2026-05-09T21:08:00Z,EarthMJ2000Eq,16200.0,2026-05-10T01:38:00Z,-3762.762446176312,-5024.0256387047175,3185.427246579131,4.847087465823561,0.15179022721731353,5.785118869524886,7038.90343647118,7.548834182107556
numerical_gravity_2x0,2026-05-09T21:08:00Z,EarthMJ2000Eq,16260.0,2026-05-10T01:39:00Z,-3464.3940206059183,-5004.5863316730965,3525.72334026055,5.095185168989711,0.4960638876927865,5.554113893634206,7034.105156538195,7.55348743498168
numerical_gravity_2x0,2026-05-09T21:08:00Z,EarthMJ2000Eq,16320.0,2026-05-10T01:40:00Z,-3151.7521167540003,-4964.527256172137,3851.453734728675,5.322691151828823,0.8388732765317128,5.299753602556953,7029.492737992893,7.557918874905399
numerical_gravity_2x0,2026-05-09T21:08:00Z,EarthMJ2000Eq,16380.0,2026-05-10T01:41:00Z,-2826.1035794264976,-4903.979930764134,4161.246638828944,5.5285753006301865,1.178763216852346,5.023040134308844,7025.087486440994,7.562113445791438
numerical_gravity_2x0,2026-05-09T21:08:00Z,EarthMJ2000Eq,16440.0,2026-05-10T01:42:00Z,-2488.774373913598,-4823.16307148242,4453.793567171294,5.711897985749664,1.5142834948952089,4.7250808406445515,7020.909986414664,7.566057233007779
numerical_gravity_2x0,2026-05-09T21:08:00Z,EarthMJ2000Eq,16500.0,2026-05-10T01:43:00Z,-2141.14399258382,-4722.382079156646,4727.855519996713,5.871815459902243,1.8439960274211946,4.407083747319527,7016.9799712184595,7.569737465736845
numerical_gravity_2x0,2026-05-09T21:08:00Z,EarthMJ2000Eq,16560.0,2026-05-10T01:44:00Z,-1784.6395524747015,-4602.028096421593,4982.268871575405,6.007584753260337,2.1664820293162097,4.070352383780097,7013.316194296397,7.573142510153923
numerical_gravity_2x0,2026-05-09T21:08:00Z,EarthMJ2000Eq,16620.0,2026-05-10T01:45:00Z,-1420.7296152212896,-4462.576635983052,5215.950930360172,6.1185680280545975,2.4803491287707486,3.7162800184507825,7009.936303527572,7.576261854639284
numerical_gravity_2x0,2026-05-09T21:08:00Z,EarthMJ2000Eq,16680.0,2026-05-10T01:46:00Z,-1050.9177627177255,-4304.5857848228015,5427.905136441994,6.204236361527425,2.7842383791699423,3.3463433407317056,7006.856719892847,7.5790860884279025
numerical_gravity_2x0,2026-05-09T21:08:00Z,EarthMJ2000Eq,16740.0,2026-05-10T01:47:00Z,-676.7359635910738,-4128.693992007111,5617.225864444846,6.2641729322449295,3.0768311192390367,2.9620956347600624,7004.0925219646615,7.581606875250945
numerical_gravity_2x0,2026-05-09T21:08:00Z,EarthMJ2000Eq,16800.0,2026-05-10T01:48:00Z,-299.73776688573014,-3935.6174505856056,5783.1028027932225,6.298075590742699,3.3568556358877535,2.5651594929327306,7001.657337654165,7.583816923626472
numerical_gravity_2x0,2026-05-09T21:08:00Z,EarthMJ2000Eq,16860.0,2026-05-10T01:49:00Z,78.50863967250649,-3726.147086705227,5924.824883230193,6.305758801102646,3.62309358742002,2.1572191191877725,6999.56324460382,7.585709955506922
numerical_gravity_2x0,2026-05-09T21:08:00Z,EarthMJ2000Eq,16920.0,2026-05-10T01:50:00Z,456.4274688165488,-3501.145171502946,6041.783737502331,6.287154945207411,3.874386148158271,1.7400122732025822,6997.820680538785,7.587280674983779
numerical_gravity_2x0,2026-05-09T21:08:00Z,EarthMJ2000Eq,16980.0,2026-05-10T01:51:00Z,832.442431911703,-3261.541573575979,6133.476661214228,6.242314986013639,4.109639838919224,1.31532190712525,6996.438364787557,7.588524738683145
numerical_gravity_2x0,2026-05-09T21:08:00Z,EarthMJ2000Eq,17040.0,2026-05-10T01:52:00Z,1204.9838576959185,-3008.3296718633364,6199.509067952256,6.171408490192049,4.3278320110367625,0.8849675463802373,6995.423232052752,7.589438729360379
numerical_gravity_2x0,2026-05-09T21:08:00Z,EarthMJ2000Eq,17100.0,2026-05-10T01:53:00Z,1572.4957932462466,-2742.5619506186745,6239.596419858107,6.074723013915404,4.52801595465286,0.4507964656602766,6994.780379358923,7.5900201340204685
numerical_gravity_2x0,2026-05-09T21:08:00Z,EarthMJ2000Eq,17160.0,2026-05-10T01:54:00Z,1933.4430491479493,-2465.345299827809,6253.565623881785,5.952662858495613,4.709325604721447,0.01467471061457315,6994.513026928863,7.590267327659139
numerical_gravity_2x0,2026-05-09T21:08:00Z,EarthMJ2000Eq,17220.0,2026-05-10T01:55:00Z,2286.318151321764,-2177.836045944095,6241.355885955686,5.8057472050782275,4.870979820564844,-0.4215219848647984,6994.622493546773,7.590179563445646
numerical_gravity_2x0,2026-05-09T21:08:00Z,EarthMJ2000Eq,17280.0,2026-05-10T01:56:00Z,2629.648162585085,-1881.2347392006072,6203.019018310316,5.634607639826365,5.012286216902217,-0.8559173363318697,6995.108186760357,7.5897569698621465
numerical_gravity_2x0,2026-05-09T21:08:00Z,EarthMJ2000Eq,17340.0,2026-05-10T01:57:00Z,2962.001337771705,-1576.7807250272401,6138.719198109188,5.439985083115041,5.132644526087196,-1.286643652266951,6995.967608059168,7.589000554987847
numerical_gravity_2x0,2026-05-09T21:08:00Z,EarthMJ2000Eq,17400.0,2026-05-10T01:58:00Z,3281.9935771087676,-1265.7465282667306,6048.732178531294,5.222726138364005,5.231549472934761,-1.7118509341194073,6997.196372948413,7.587912217781652
numerical_gravity_2x0,2026-05-09T21:08:00Z,EarthMJ2000Eq,17460.0,2026-05-10T01:59:00Z,3588.294643554224,-949.4320799533526,5933.443956391952,4.983778878407495,5.308593145098563,-2.1297158833505168,6998.788245621428,7.58649476588784
numerical_gravity_2x0,2026-05-09T21:08:00Z,EarthMJ2000Eq,17520.0,2026-05-10T02:00:00Z,3879.6341109469963,-629.1588173916093,5793.348903382776,4.724188089855533,5.363466843607998,-2.5384507653396495,7000.735187725038,7.584751939178279
numerical_gravity_2x0,2026-05-09T21:08:00Z,EarthMJ2000Eq,17580.0,2026-05-10T02:01:00Z,4154.807011135242,-306.2636891415447,5629.0473710408705,4.4450899988338,5.3959624000226825,-2.9363120792987405,7003.0274205151645,7.582688437963577
numerical_gravity_2x0,2026-05-09T21:08:00Z,EarthMJ2000Eq,17640.0,2026-05-10T02:02:00Z,4412.679149749889,17.906902733455443,5441.242782630779,4.147706504846079,5.405972948836557,-3.3216089826145394,7005.653499519831,7.580309954565228
numerical_gravity_2x0,2026-05-09T21:08:00Z,EarthMJ2000Eq,17700.0,2026-05-10T02:03:00Z,4652.192062006683,342.0031901943073,5230.738228235784,3.833338953285921,5.393493146372045,-3.6927114174715037,7008.600400666905,7.577623206749318
numerical_gravity_2x0,2026-05-09T21:08:00Z,EarthMJ2000Eq,17760.0,2026-05-10T02:04:00Z,4872.367581874676,664.6781231325813,4998.432582492907,3.5033614812852583,5.35861883052572,-4.048057887382579,7011.853616698016,7.5746359713862415
numerical_gravity_2x0,2026-05-09T21:08:00Z,EarthMJ2000Eq,17820.0,2026-05-10T02:05:00Z,5072.31200016265,984.5934160280283,4745.316167542438,3.159213976032379,5.301546119404402,-4.386162831555171,7015.397262580318,7.571357116623562
numerical_gravity_2x0,2026-05-09T21:08:00Z,EarthMJ2000Eq,17880.0,2026-05-10T02:06:00Z,5251.219789560289,1300.4255237364273,4472.465986861088,2.8023946892844136,5.222569951127278,-4.705623546017384,7019.214188545901,7.567796630841786
numerical_gravity_2x0,2026-05-09T21:08:00Z,EarthMJ2000Eq,17940.0,2026-05-10T02:07:00Z,5408.376877432173,1610.8715130637133,4181.040558661663,2.434452556371424,5.122082071826295,-5.00512660227161,7023.286099335339,7.563965646703762
numerical_gravity_2x0,2026-05-09T21:08:00Z,EarthMJ2000Eq,18000.0,2026-05-10T02:08:00Z,5543.163450192874,1914.6547973582221,3872.2743804172155,2.0569792723497082,5.000568484073173,-5.283453717038234,7027.59367819715,7.559876458704027
numerical_gravity_2x0,2026-05-09T21:08:00Z,EarthMJ2000Eq,18060.0,2026-05-10T02:09:00Z,5655.0562763718735,2210.5307022508728,3547.472058744642,1.6716011819104015,4.858606373479544,-5.53948703046547,7032.1167141978385,7.555542532768607
numerical_gravity_2x0,2026-05-09T21:08:00Z,EarthMJ2000Eq,18120.0,2026-05-10T02:10:00Z,5743.630538977121,2497.2918319082064,3208.002141299935,1.2799710429884719,4.69686053690938,-5.7722137550245005,7036.834231426163,7.550978506641355
numerical_gravity_2x0,2026-05-09T21:08:00Z,EarthMJ2000Eq,18180.0,2026-05-10T02:11:00Z,5808.561171443513,2773.773206740914,2855.2906894339226,0.8837597265640877,4.516079341440425,-5.980730163142197,7041.724618728217,7.546200180011162
numerical_gravity_2x0,2026-05-09T21:08:00Z,EarthMJ2000Eq,18240.0,2026-05-10T02:12:00Z,5849.623695255132,3038.857145425639,2490.81463207644,0.4846479167469415,4.3170902487322955,-6.1642448883546255,7046.76575868397,7.541224493576143
numerical_gravity_2x0,2026-05-09T21:08:00Z,EarthMJ2000Eq,18300.0,2026-05-10T02:13:00Z,5866.694561197011,3291.4778663344023,2116.094942608559,0.08431787576315138,4.100794944619483,-6.3220815222551625,7051.935154628223,7.536069496496835
numerical_gravity_2x0,2026-05-09T21:08:00Z,EarthMJ2000Eq,18360.0,2026-05-10T02:14:00Z,5859.751000056595,3530.6257859968864,1732.689681306314,-0.31555466215571315,3.8681641183720314,-6.4536804975834405,7057.210054626104,7.530754301951295
numerical_gravity_2x0,2026-05-09T21:08:00Z,EarthMJ2000Eq,18420.0,2026-05-10T02:15:00Z,5828.870392386886,3755.351495009145,1342.186946266496,-0.713308405785089,3.6202319399963994,-6.5586002562481935,7062.567571431799,7.5252990307623415
numerical_gravity_2x0,2026-05-09T21:08:00Z,EarthMJ2000Eq,18480.0,2026-05-10T02:16:00Z,5774.229170591609,3964.769394802075,946.1977755398284,-1.107304171598689,3.358090287049488,-6.6365177096715025,7067.984797585998,7.519724743313379
numerical_gravity_2x0,2026-05-09T21:08:00Z,EarthMJ2000Eq,18540.0,2026-05-10T02:17:00Z,5696.101270028811,4158.060981841298,546.349042497337,-1.4959322430026132,3.082882774606602,-6.687228007349472,7073.438914938943,7.514053360197818
numerical_gravity_2x0,2026-05-09T21:08:00Z,EarthMJ2000Eq,18600.0,2026-05-10T02:18:00Z,5594.856148989224,4334.4777690886,144.27638525420983,-1.8776193740772653,2.795798643189478,-6.710643637713193,7078.907298019083,7.508307572252949
numerical_gravity_2x0,2026-05-09T21:08:00Z,EarthMJ2000Eq,18660.0,2026-05-10T02:19:00Z,5470.956400232385,4493.343837852599,-258.38279070235143,-2.250835393773044,2.4980665595907086,-6.706792893025486,7084.367610799341,7.5025107408083045
numerical_gravity_2x0,2026-05-09T21:08:00Z,EarthMJ2000Eq,18720.0,2026-05-10T02:20:00Z,5324.954979208983,4634.058016430461,-659.9961996505539,-2.6140993732046067,2.1909483846288236,-6.67581773696681,7089.797896541138,7.4966867891287166
numerical_gravity_2x0,2026-05-09T21:08:00Z,EarthMJ2000Eq,18780.0,2026-05-10T02:21:00Z,5157.4920761243275,4756.095685132554,-1058.943418010554,-2.9659853259222837,1.8757329599717718,-6.617971119579977,7095.176660518721,7.4908600861520185
numerical_gravity_2x0,2026-05-09T21:08:00Z,EarthMJ2000Eq,18840.0,2026-05-10T02:22:00Z,4969.291660579152,4859.010210329843,-1453.6224502690243,-3.3051274186136403,1.5537299633440753,-6.533613789224611,7100.482945540909,7.485055323710763
numerical_gravity_2x0,2026-05-09T21:08:00Z,EarthMJ2000Eq,18900.0,2026-05-10T02:23:00Z,4761.157728645478,4942.434013017126,-1842.456089861037,-3.630224677404647,1.2262638777801063,-6.423210655042048,7105.696400292877,7.479297388487216
numerical_gravity_2x0,2026-05-09T21:08:00Z,EarthMJ2000Eq,18960.0,2026-05-10T02:24:00Z,4533.970282894445,5006.079279997133,-2223.8980497144507,-3.940045182593867,0.8946681162193852,-6.287326756091836,7110.797340615909,7.473611229983065
numerical_gravity_2x0,2026-05-09T21:08:00Z,EarthMJ2000Eq,19020.0,2026-05-10T02:25:00Z,4288.6810760985845,5049.738328122455,-2596.4388405812188,-4.233429752080468,0.5602793377923604,-6.126622894772023,7115.766803927306,7.4680217257920365
numerical_gravity_2x0,2026-05-09T21:08:00Z,EarthMJ2000Eq,19080.0,2026-05-10T02:26:00Z,4026.309149102252,5073.283634053385,-2958.6113787503664,-4.509295120769633,0.22443198675934936,-5.941850992392872,7120.586597055721,7.462553545447948
numerical_gravity_2x0,2026-05-09T21:08:00Z,EarthMJ2000Eq,19140.0,2026-05-10T02:27:00Z,3747.9361927197147,5076.667543678334,-3308.9963081884953,-4.766636629709443,-0.11154692061152818,-5.733849223885696,7125.2393378286215,7.457231014085611
numerical_gravity_2x0,2026-05-09T21:08:00Z,EarthMJ2000Eq,19200.0,2026-05-10T02:28:00Z,3454.701762517669,5059.9216766863165,-3646.227025518966,-5.00453044450759,-0.4463427417629313,-5.503536986671773,7129.70849079874,7.452077977100884
numerical_gravity_2x0,2026-05-09T21:08:00Z,EarthMJ2000Eq,19260.0,2026-05-10T02:29:00Z,3147.798374011407,5023.156042773847,-3968.9943994692276,-5.222135327595521,-0.7786578725232556,-5.251909755790705,7133.978397535443,7.447117666932167
numerical_gravity_2x0,2026-05-09T21:08:00Z,EarthMJ2000Eq,19320.0,2026-05-10T02:30:00Z,2828.466504200254,4966.557886615176,-4276.051179432351,-5.418693993079187,-1.1072161227925237,-4.9800338736116,7138.034301935443,7.4423725730121255
numerical_gravity_2x0,2026-05-09T21:08:00Z,EarthMJ2000Eq,19380.0,2026-05-10T02:31:00Z,2497.9895235407084,4890.390279036662,-4566.216090556662,-5.593534076192454,-1.4307668007381822,-4.689041317955695,7141.862371025781,7.437864315858177
numerical_gravity_2x0,2026-05-09T21:08:00Z,EarthMJ2000Eq,19440.0,2026-05-10T02:32:00Z,2157.6885804593444,4794.9904718314765,-4838.377615257372,-5.746068751729047,-1.7480885080871253,-4.380124487385491,7145.449711741237,7.433613526186123
numerical_gravity_2x0,2026-05-09T21:08:00Z,EarthMJ2000Eq,19500.0,2026-05-10T02:33:00Z,1808.9174583971421,4680.768033354083,-5091.497463206046,-5.875797037271759,-2.0579926537393862,-4.054531036907228,7148.784384159102,7.429639729845645
numerical_gravity_2x0,2026-05-09T21:08:00Z,EarthMJ2000Eq,19560.0,2026-05-10T02:34:00Z,1453.0574232069998,4548.202781474084,-5324.613733675578,-5.982303817584428,-2.3593266970449496,-3.713558791534045,7151.855411667111,7.425961239291116
numerical_gravity_2x0,2026-05-09T21:08:00Z,EarthMJ2000Eq,19620.0,2026-05-10T02:35:00Z,1091.512076549405,4397.842529679541,-5536.843775587182,-6.065259626221193,-2.6509771356193017,-3.358550759206902,7154.652788526489,7.422595052218222
numerical_gravity_2x0,2026-05-09T21:08:00Z,EarthMJ2000Eq,19680.0,2026-05-10T02:36:00Z,725.7022287975489,4230.300661136819,-5727.386751716405,-6.124420219292486,-2.931872255483137,-2.9908902586028714,7157.167485271875,7.419556757917278
numerical_gravity_2x0,2026-05-09T21:08:00Z,EarthMJ2000Eq,19740.0,2026-05-10T02:37:00Z,357.06080291891317,4046.253544375829,-5895.5259142703635,-6.159625974474005,-3.200984663569601,-2.6119961715011177,7159.3914523644025,7.4168604518191605
numerical_gravity_2x0,2026-05-09T21:08:00Z,EarthMJ2000Eq,19800.0,2026-05-10T02:38:00Z,-12.972221112488977,3846.437803015832,-6040.630599458148,-6.170801145829291,-3.4573336242352766,-2.223318323740851,7161.3176224840045,7.414518658639801
numerical_gravity_2x0,2026-05-09T21:08:00Z,EarthMJ2000Eq,19860.0,2026-05-10T02:39:00Z,-382.95481356307994,3631.6474506176564,-6162.157948757234,-6.157953001921559,-3.699987222338547,-1.826332993496604,7162.939911812804,7.4125422644648395
numerical_gravity_2x0,2026-05-09T21:08:00Z,EarthMJ2000Eq,19920.0,2026-05-10T02:40:00Z,-751.44784757895,3402.7309003829423,-6259.654364353308,-6.12117087110429,-3.928064375722045,-1.4225385407066382,7164.25322062386,7.410940458057132
numerical_gravity_2x0,2026-05-09T21:08:00Z,EarthMJ2000Eq,19980.0,2026-05-10T02:41:00Z,-1117.0199922659792,3160.587858058516,-6332.75670572661,-6.060625113894449,-4.140736719576336,-1.0134511470999188,7165.253433449102,7.409720681616416
numerical_gravity_2x0,2026-05-09T21:08:00Z,EarthMJ2000Eq,20040.0,2026-05-10T02:42:00Z,-1478.252542326233,2906.166105081317,-6381.193233607037,-5.976566038040167,-4.337230384199949,-0.6006006524444505,7165.937419057587,7.408888591172031
numerical_gravity_2x0,2026-05-09T21:08:00Z,EarthMJ2000Eq,20100.0,2026-05-10T02:43:00Z,-1833.7441811684307,2640.4581777514395,-6404.784306558322,-5.869322767390168,-4.516827686144787,-0.18552646944084342,7166.303030430635,7.408448026745671
numerical_gravity_2x0,2026-05-09T21:08:00Z,EarthMJ2000Eq,20160.0,2026-05-10T02:44:00Z,-2182.115674938358,2364.4979470804215,-6403.442834317775,-5.739302071048222,-4.678868750690713,0.23022644284478672,7166.349104874453,7.408400992381113
numerical_gravity_2x0,2026-05-09T21:08:00Z,EarthMJ2000Eq,20220.0,2026-05-10T02:45:00Z,-2522.014495164461,2079.3571029584627,-6377.174490753273,-5.586987154644295,-4.822753081079341,0.6451115689409748,7166.075464363861,7.408747646100664
numerical_gravity_2x0,2026-05-09T21:08:00Z,EarthMJ2000Eq,20280.0,2026-05-10T02:46:00Z,-2852.1193676855405,1786.1415454443425,-6326.077687946649,-5.412936410964682,-4.947941087010964,1.057584813356001,7165.482916163131,7.409486299813214
numerical_gravity_2x0,2026-05-09T21:08:00Z,EarthMJ2000Eq,20340.0,2026-05-10T02:47:00Z,-3171.1447452278567,1485.9876853283035,-6250.343311516172,-5.217782122743667,-5.053955581630128,1.4661084867785616,7164.573253721995,7.410613429164813
numerical_gravity_2x0,2026-05-09T21:08:00Z,EarthMJ2000Eq,20400.0,2026-05-10T02:48:00Z,-3477.845200439557,1180.058655670366,-6150.254215895254,-5.0022291062137505,-5.140383252659341,1.8691553250989115,7163.349257796967,7.412123693289142
numerical_gravity_2x0,2026-05-09T21:08:00Z,EarthMJ2000Eq,20460.0,2026-05-10T02:49:00Z,-3771.0197353876824,869.5404357895927,-6026.184476934291,-4.7670532801215435,-5.206876109554693,2.2652125631313655,7161.814697700601,7.414009964380757
numerical_gravity_2x0,2026-05-09T21:08:00Z,EarthMJ2000Eq,20520.0,2026-05-10T02:50:00Z,-4049.516002498404,555.6378891848807,-5878.598397931532,-4.513100141419851,-5.253152904623201,2.6527860830722356,7159.974332534417,7.416263366977793
numerical_gravity_2x0,2026-05-09T21:08:00Z,EarthMJ2000Eq,20580.0,2026-05-10T02:51:00Z,-4312.2344307003395,239.57071711150385,-5708.049264069712,-4.241283125816812,-5.279000522034069,3.030404655183814,7157.833912215453,7.4188733268019975
numerical_gravity_2x0,2026-05-09T21:08:00Z,EarthMJ2000Eq,20640.0,2026-05-10T02:52:00Z,-4558.132249144021,-77.43066997794976,-5515.1778392787,-3.952581828868978,-5.284275324651803,3.396624284990746,7155.400178062079,7.421827628961619
numerical_gravity_2x0,2026-05-09T21:08:00Z,EarthMJ2000Eq,20700.0,2026-05-10T02:53:00Z,-4786.2273993517865,-394.1293601970336,-5300.710598798838,-3.64804006141027,-5.268904444697909,3.7500326774567068,7152.680862662155,7.425112485276216
numerical_gravity_2x0,2026-05-09T21:08:00Z,EarthMJ2000Eq,20760.0,2026-05-10T02:54:00Z,-4995.602325039302,-709.2862233087396,-5065.457690220212,-3.328763711869441,-5.23288700049087,4.089253824234244,7149.68468870654,7.428712610431201
numerical_gravity_2x0,2026-05-09T21:08:00Z,EarthMJ2000Eq,20820.0,2026-05-10T02:55:00Z,-5185.407627183407,-1021.664264072317,-4810.310615551128,-2.995918387493827,-5.176295218003652,4.412952715217888,7146.421366433563,7.4326113066135795
numerical_gravity_2x0,2026-05-09T21:08:00Z,EarthMJ2000Eq,20880.0,2026-05-10T02:56:00Z,-5354.86557023452,-1330.0330394243495,-4536.239626951602,-2.6507268067068472,-5.0992754327964125,4.719840170360323,7142.90158929615,7.436790556218608
numerical_gravity_2x0,2026-05-09T21:08:00Z,EarthMJ2000Eq,20940.0,2026-05-10T02:57:00Z,-5503.273423731071,-1633.1731315129007,-4244.290829176283,-2.2944659158098566,-5.002048945110871,5.008677782125478,7139.137027433376,7.441231122150106
numerical_gravity_2x0,2026-05-09T21:08:00Z,EarthMJ2000Eq,21000.0,2026-05-10T02:58:00Z,-5630.006622015275,-1929.8806668996249,-3935.5829825219903,-1.928463705012578,-4.8849126986305444,5.27828295315398,7135.140318502887,7.44591265516516
numerical_gravity_2x0,2026-05-09T21:08:00Z,EarthMJ2000Eq,21060.0,2026-05-10T02:59:00Z,-5734.521723321726,-2218.971870420431,-3611.3040011772355,-1.5540957013433758,-4.748239751692405,5.527534007819116,7130.925055410738,7.450813807637577
numerical_gravity_2x0,2026-05-09T21:08:00Z,EarthMJ2000Eq,21120.0,2026-05-10T03:00:00Z,-5816.359148259887,-2499.287640286504,-3272.70714332704,-1.172781119338282,-4.592479508648732,5.755375350478841,7126.505770461369,7.455912353034623
numerical_gravity_2x0,2026-05-09T21:08:00Z,EarthMJ2000Eq,21180.0,2026-05-10T03:01:00Z,-5875.145676684823,-2769.698129053966,-2921.1068911706284,-0.7859786545059612,-4.418157678682724,5.960822637512857,7121.897915443463,7.461185310319524
numerical_gravity_2x0,2026-05-09T21:08:00Z,EarthMJ2000Eq,21240.0,2026-05-10T03:02:00Z,-5910.596681191031,-3029.107313135239,-2557.874521148768,-0.3951819093663601,-4.225875929726983,6.142967924810702,7117.117837168207,7.466609072409606
numerical_gravity_2x0,2026-05-09T21:08:00Z,EarthMJ2000Eq,21300.0,2026-05-10T03:03:00Z,-5922.5180750120935,-3276.4575316138053,-2184.433367129732,-0.0019144472954180577,-4.016311206255659,6.30098474738808,7112.1827479855665,7.4721595377387695
numerical_gravity_2x0,2026-05-09T21:08:00Z,EarthMJ2000Eq,21360.0,2026-05-10T03:04:00Z,-5910.807951999841,-3510.7339733038693,-1802.2537820378911,0.3922755246105998,-3.7902146816390947,6.434133083394443,7107.110690822566,7.477812243895399
numerical_gravity_2x0,2026-05-09T21:08:00Z,EarthMJ2000Eq,21420.0,2026-05-10T03:05:00Z,-5875.457896620188,-3730.9690893152506,-1412.847806388121,0.78582083601787,-3.5484103184656854,6.541764151072314,7101.920498315799,7.483542502235719
numerical_gravity_2x0,2026-05-09T21:08:00Z,EarthMJ2000Eq,21480.0,2026-05-10T03:06:00Z,-5816.553942561563,-3936.246906889182,-1017.7635553659632,1.177141382819196,-3.2917930137314393,6.623324984365715,7096.631745649079,7.489325532310617
numerical_gravity_2x0,2026-05-09T21:08:00Z,EarthMJ2000Eq,21540.0,2026-05-10T03:07:00Z,-5734.277159620377,-4125.707219008214,-618.5793394139408,1.5646504843125437,-3.0213263100330736,6.678362730966878,7091.264696756864,7.4951365948943796
numerical_gravity_2x0,2026-05-09T21:08:00Z,EarthMJ2000Eq,21600.0,2026-05-10T03:08:00Z,-5628.903850011731,-4298.5496232957585,-216.8975366882131,1.946761539913671,-2.738039658813015,6.706528615734093,7085.840243615037,7.500951122369761
numerical_gravity_2x0,2026-05-09T21:08:00Z,EarthMJ2000Eq,21660.0,2026-05-10T03:09:00Z,-5500.805337148339,-4454.037383046109,185.66176082852036,2.3218949504655226,-2.4430252272087105,6.707581512683222,7080.379838413038,7.506744845208555
numerical_gravity_2x0,2026-05-09T21:08:00Z,EarthMJ2000Eq,21720.0,2026-05-10T03:10:00Z,-5350.44733222174,-4591.501082896481,587.467302401443,2.6884852627798272,-2.137434246046743,6.6813910701974875,7074.90541848505,7.512493913293538
numerical_gravity_2x0,2026-05-09T21:08:00Z,EarthMJ2000Eq,21780.0,2026-05-10T03:11:00Z,-5178.388866582435,-4710.34205169387,986.8834064005883,3.044988490122702,-1.8224729028661675,6.627940336729346,7069.439323972543,7.518175010859024
numerical_gravity_2x0,2026-05-09T21:08:00Z,EarthMJ2000Eq,21840.0,2026-05-10T03:12:00Z,-4985.28078091419,-4810.035525538635,1382.2768294801417,3.3898895561039413,-1.4993977904099967,6.547327838064264,7064.004208295306,7.523765463885769
numerical_gravity_2x0,2026-05-09T21:08:00Z,EarthMJ2000Eq,21900.0,2026-05-10T03:13:00Z,-4771.8637654874165,-4890.133524811314,1772.0237428258845,3.721709805004012,-1.1695109276298898,6.439769062121712,7058.622941622108,7.529243338873348
numerical_gravity_2x0,2026-05-09T21:08:00Z,EarthMJ2000Eq,21960.0,2026-05-10T03:14:00Z,-4538.965949303547,-4950.267420207663,2154.516778747938,4.039014518109335,-0.8341543767393008,6.305597313188918,7053.3185076538875,7.5345875320303115
numerical_gravity_2x0,2026-05-09T21:08:00Z,EarthMJ2000Eq,22020.0,2026-05-10T03:15:00Z,-4287.500039645383,-4990.150164406967,2528.172108809762,4.3404203732341395,-0.4947044860553928,6.145263904286639,7048.11389416017,7.539777848069371
numerical_gravity_2x0,2026-05-09T21:08:00Z,EarthMJ2000Eq,22080.0,2026-05-10T03:16:00Z,-4018.4600173609515,-5009.578167958385,2891.436513028877,4.624602783363099,-0.15256579412414029,5.959337663889062,7043.0319778409685,7.54479506797058
numerical_gravity_2x0,2026-05-09T21:08:00Z,EarthMJ2000Eq,22140.0,2026-05-10T03:17:00Z,-3732.917397059983,-5008.432800257664,3242.7943984974672,4.890303050292526,0.19083536422717148,5.748503741269071,7038.095404219558,7.549621005277325
numerical_gravity_2x0,2026-05-09T21:08:00Z,EarthMJ2000Eq,22200.0,2026-05-10T03:18:00Z,-3432.0170652214374,-4986.681499061441,3580.774725077138,5.136335270277658,0.5340575048556508,5.5135617031016615,7033.326463402938,7.554238550714439
numerical_gravity_2x0,2026-05-09T21:08:00Z,EarthMJ2000Eq,22260.0,2026-05-10T03:19:00Z,-3116.972712927421,-4944.378474800997,3903.9577956336116,5.361592930965654,0.875650845671181,5.255422922405075,7028.74696267393,7.558631705159752
numerical_gravity_2x0,2026-05-09T21:08:00Z,EarthMJ2000Eq,22320.0,2026-05-10T03:20:00Z,-2789.0618834872193,-4881.664998957998,4210.981868592314,5.565055142222127,1.21416431115804,4.975107269201946,7024.37809699806,7.562785601253605
numerical_gravity_2x0,2026-05-09T21:08:00Z,EarthMJ2000Eq,22380.0,2026-05-10T03:21:00Z,-2449.620658535211,-4798.769268894582,4500.549551399162,5.745792447718148,1.5481526371357819,4.673739120219108,7020.240318636444,7.566686514187822
numerical_gravity_2x0,2026-05-09T21:08:00Z,EarthMJ2000Eq,22440.0,2026-05-10T03:22:00Z,-2100.038009226897,-4696.005844730539,4771.4339347343475,5.902972169175354,1.8761835221534637,4.352542712312125,7016.353207149391,7.570321862467959
numerical_gravity_2x0,2026-05-09T21:08:00Z,EarthMJ2000Eq,22500.0,2026-05-10T03:23:00Z,-1741.749841877372,-4573.774657073903,5022.484429010871,6.03586324078339,2.196844772155824,4.0128368709251525,7012.735341150984,7.573680199681322
numerical_gravity_2x0,2026-05-09T21:08:00Z,EarthMJ2000Eq,22560.0,2026-05-10T03:24:00Z,-1376.2327697570972,-4432.559587583782,5252.632266745303,6.143840497303813,2.508751386166617,3.6560291506434703,7009.404173229569,7.576751198518934
numerical_gravity_2x0,2026-05-09T21:08:00Z,EarthMJ2000Eq,22620.0,2026-05-10T03:25:00Z,-1004.9976447641048,-4272.926627427249,5460.895636760035,6.226388385549242,2.8105525325950347,3.283609429675728,7006.375909480092,7.579525628483238
numerical_gravity_2x0,2026-05-09T21:08:00Z,EarthMJ2000Eq,22680.0,2026-05-10T03:26:00Z,-629.5828843254232,-4095.521621644018,5646.384418804799,6.283104075073041,3.100938368250034,2.8971430038769417,7003.665395099253,7.581995328856234
numerical_gravity_2x0,2026-05-09T21:08:00Z,EarthMJ2000Eq,22740.0,2026-05-10T03:27:00Z,-251.5476301508982,-3901.067610221275,5808.304490010156,6.313699949838167,3.3786466550893115,2.498263228705056,7001.286007472071,7.584153178597626
numerical_gravity_2x0,2026-05-09T21:08:00Z,EarthMJ2000Eq,22800.0,2026-05-10T03:28:00Z,127.53522361261284,-3690.361779283226,5945.961577549274,6.318005468197105,3.6424691329700924,2.0886637593570576,6999.249558127544,7.5859930648834615
numerical_gravity_2x0,2026-05-09T21:08:00Z,EarthMJ2000Eq,22860.0,2026-05-10T03:29:00Z,506.08609467351533,-3464.2720382029706,6058.764634933786,6.295968383589144,3.8912576100439726,1.670090440363838,6997.5662048616,7.587509851978704
numerical_gravity_2x0,2026-05-09T21:08:00Z,EarthMJ2000Eq,22920.0,2026-05-10T03:30:00Z,882.525830863698,-3223.7332406445603,6146.228722460031,6.2476553228722,4.123929735796466,1.2443328962811673,6996.244375218108,7.5886993520607415
numerical_gravity_2x0,2026-05-09T21:08:00Z,EarthMJ2000Eq,22980.0,2026-05-10T03:31:00Z,1255.2828438477798,-2969.743069545708,6207.977375417863,6.173251723127692,4.3394744249438935,0.8132158749672049,6995.290702384955,7.589558299475658
numerical_gravity_2x0,2026-05-09T21:08:00Z,EarthMJ2000Eq,23040.0,2026-05-10T03:32:00Z,1622.800219892095,-2703.357607868418,6243.744446750685,6.0730611311308005,4.53695690336701,0.3785903944668527,6994.709974404364,7.590084329718864
numerical_gravity_2x0,2026-05-09T21:08:00Z,EarthMJ2000Eq,23100.0,2026-05-10T03:33:00Z,1983.542769651562,-2425.6866185926633,6253.375413898491,5.94750387253225,4.715523349920436,-0.05767525609073885,6994.505097418018,7.590275964192349
numerical_gravity_2x0,2026-05-09T21:08:00Z,EarthMJ2000Eq,23160.0,2026-05-10T03:34:00Z,2336.003979430761,-2137.888558926259,6236.828142561731,5.79711510025681,4.874405110288626,-0.4937046117702278,6994.677073471952,7.590132601510765
numerical_gravity_2x0,2026-05-09T21:08:00Z,EarthMJ2000Eq,23220.0,2026-05-10T03:35:00Z,2678.712827012769,-1841.1653550717658,6194.173103098182,5.622542233822148,5.01292246108262,-0.9276221739151226,6995.224993198163,7.589654515818187
numerical_gravity_2x0,2026-05-09T21:08:00Z,EarthMJ2000Eq,23280.0,2026-05-10T03:36:00Z,3010.2404259143027,-1536.7569651452782,6125.593038219837,5.424541803369588,5.1304879041462215,-1.3575625498685535,6996.146043474119,7.588842862248531
numerical_gravity_2x0,2026-05-09T21:08:00Z,EarthMJ2000Eq,23340.0,2026-05-10T03:37:00Z,3329.2064628165595,-1225.9357589948515,6031.382083608385,5.20397571432894,5.226608972656673,-1.7816795410650108,6997.435529943385,7.587699689328135
numerical_gravity_2x0,2026-05-09T21:08:00Z,EarthMJ2000Eq,23400.0,2026-05-10T03:38:00Z,3634.285393944693,-910.0007447240791,5911.9443460338,4.961806950955198,5.300890532179496,-2.1981551298500035,6999.0869140652285,7.586227957791897
numerical_gravity_2x0,2026-05-09T21:08:00Z,EarthMJ2000Eq,23460.0,2026-05-10T03:39:00Z,3924.212367339944,-590.2716726876416,5767.791946556349,4.699094739594441,5.353036561499593,-2.6052083147787526,7001.09186415387,7.584431564977555
numerical_gravity_2x0,2026-05-09T21:08:00Z,EarthMJ2000Eq,23520.0,2026-05-10T03:40:00Z,4197.788839308026,-268.08304858127883,5599.5425394289205,4.416989195543692,5.382851399933735,-3.0011037434153347,7003.440319673591,7.582315373687632
numerical_gravity_2x0,2026-05-09T21:08:00Z,EarthMJ2000Eq,23580.0,2026-05-10T03:41:00Z,4453.887854860187,55.22191201849676,5407.916320397058,4.116725480806451,5.3902404500564645,-3.3841600909425904,7006.12056787884,7.579885244175837
numerical_gravity_2x0,2026-05-09T21:08:00Z,EarthMJ2000Eq,23640.0,2026-05-10T03:42:00Z,4691.458963715242,378.2973547233139,5193.732541212592,3.7996175039052837,5.375210327445765,-3.7527581323702557,7009.119331732437,7.577148067731956
numerical_gravity_2x0,2026-05-09T21:08:00Z,EarthMJ2000Eq,23700.0,2026-05-10T03:43:00Z,4909.532745425742,699.8008496583727,4957.9055503163445,3.4670511971404374,5.337868452250457,-4.1053484559778095,7012.421867903258,7.574111800212815
numerical_gravity_2x0,2026-05-09T21:08:00Z,EarthMJ2000Eq,23760.0,2026-05-10T03:44:00Z,5107.2249194486,1018.3994134902006,4701.440382778283,3.120477411176789,5.278422081135672,-4.440458766032919,7016.012073539522,7.570785493799427
numerical_gravity_2x0,2026-05-09T21:08:00Z,EarthMJ2000Eq,23820.0,2026-05-10T03:45:00Z,5283.740018511725,1332.7754566425135,4425.427925671204,2.761404471458997,5.197176782472328,-4.756700723954824,7019.872600436669,7.567179325252938
numerical_gravity_2x0,2026-05-09T21:08:00Z,EarthMJ2000Eq,23880.0,2026-05-10T03:46:00Z,5438.374606435985,1641.632622500125,4131.039688048676,2.3913904455229202,5.094534362455633,-5.052776279085704,7023.9849751702695,7.563304618992329
numerical_gravity_2x0,2026-05-09T21:08:00Z,EarthMJ2000Eq,23940.0,2026-05-10T03:47:00Z,5570.520024647382,1943.7014860173738,3819.5222075443517,2.012035174596868,4.970990255080052,-5.327483443194336,7028.329723744333,7.559173863420901
numerical_gravity_2x0,2026-05-09T21:08:00Z,EarthMJ2000Eq,24000.0,2026-05-10T03:48:00Z,5679.664654937092,2237.745080088345,3492.1911282479873,1.6249721267675272,4.827130394441674,-5.579721466820735,7032.886499312726,7.554800719080164
numerical_gravity_2x0,2026-05-09T21:08:00Z,EarthMJ2000Eq,24060.0,2026-05-10T03:49:00Z,5765.395689564408,2522.564219314886,3150.424986881653,1.2318601322261788,4.66362759353247,-5.808495380581998,7037.634211564553,7.550200017401404
numerical_gravity_2x0,2026-05-09T21:08:00Z,EarthMJ2000Eq,24120.0,2026-05-10T03:50:00Z,5827.400403505705,2797.0025924290026,2795.658746337446,0.8343750635314585,4.481237459362842,-6.012919870548982,7042.551156420951,7.545387749047935
numerical_gravity_2x0,2026-05-09T21:08:00Z,EarthMJ2000Eq,24180.0,2026-05-10T03:51:00Z,5865.466927477345,3059.9515965819332,2429.3771172894485,0.4342015252737582,4.280793879717223,-6.192222463671016,7047.615144768082,7.540381041085817
numerical_gravity_2x0,2026-05-09T21:08:00Z,EarthMJ2000Eq,24240.0,2026-05-10T03:52:00Z,5879.484524240076,3310.354888985328,2053.107709809293,0.033024617888058876,4.06320412192956,-6.3457460068259515,7052.80362904611,7.535198122478236
numerical_gravity_2x0,2026-05-09T21:08:00Z,EarthMJ2000Eq,24300.0,2026-05-10T03:53:00Z,5869.443374559253,3547.2126339520496,1668.414057657811,-0.3674781604362841,3.829443588588122,-6.472950431222262,7058.093826623216,7.529858277659466
numerical_gravity_2x0,2026-05-09T21:08:00Z,EarthMJ2000Eq,24360.0,2026-05-10T03:54:00Z,5835.433882978454,3769.5854261968443,1276.888558168142,-0.765644811785495,3.5805502788871295,-6.573413802367117,7063.462839003922,7.524381788200494
numerical_gravity_2x0,2026-05-09T21:08:00Z,EarthMJ2000Eq,24420.0,2026-05-10T03:55:00Z,5777.645517193059,3976.597874273593,880.145370364922,-1.1598364776800647,3.317619007306469,-6.646832664410537,7068.88776604871,7.518789862821898
numerical_gravity_2x0,2026-05-09T21:08:00Z,EarthMJ2000Eq,24480.0,2026-05-10T03:56:00Z,5696.365198216623,4167.441831192272,479.8133131802483,-1.5484447648062765,3.041795433321853,-6.693021696146143,7074.345814513856,7.513104556234835
numerical_gravity_2x0,2026-05-09T21:08:00Z,EarthMJ2000Eq,24540.0,2026-05-10T03:57:00Z,5591.975261653291,4341.379262516448,77.5288043444987,-1.9298987080177818,2.754269956862286,-6.7119127040633195,7079.81440035354,7.507348677492572
numerical_gravity_2x0,2026-05-09T21:08:00Z,EarthMJ2000Eq,24600.0,2026-05-10T03:58:00Z,5464.951013168266,4497.744745529775,-325.0711212232289,-2.302671327416339,2.4562715342121435,-6.703552985388439,7085.271244357755,7.501545688709524
numerical_gravity_2x0,2026-05-09T21:08:00Z,EarthMJ2000Eq,24660.0,2026-05-10T03:59:00Z,5315.85790363861,4635.947596315434,-726.3556768841968,-2.6652857431250694,2.1490614680099793,-6.668103100831874,7090.694460826938,7.495719595149929
numerical_gravity_2x0,2026-05-09T21:08:00Z,EarthMJ2000Eq,24720.0,2026-05-10T04:00:00Z,5145.348351432628,4755.473624755563,-1124.7070395313312,-3.016320818679018,1.8339272229676482,-6.605834102610489,7096.062639105408,7.489894827802992
numerical_gravity_2x0,2026-05-09T21:08:00Z,EarthMJ2000Eq,24780.0,2026-05-10T04:01:00Z,4954.158240782936,4855.886520471236,-1518.5268834291458,-3.3544163115802066,1.5121763159942292,-6.517124268114584,7101.354917908889,7.484096119645797
numerical_gravity_2x0,2026-05-09T21:08:00Z,EarthMJ2000Eq,24840.0,2026-05-10T04:02:00Z,4743.103126273545,4936.8288755358835,-1906.2427045863694,-3.6782775172992044,1.1851303256580865,-6.402455393243852,7106.5510524852725,7.478348376850368
numerical_gravity_2x0,2026-05-09T21:08:00Z,EarthMJ2000Eq,24900.0,2026-05-10T04:03:00Z,4513.074174053849,4998.022852360887,-2286.313910926691,-3.986679400658745,0.8541190614765356,-6.262408701897307,7111.631474741249,7.4726765462191285
numerical_gravity_2x0,2026-05-09T21:08:00Z,EarthMJ2000Eq,24960.0,2026-05-10T04:04:00Z,4265.033870532876,5039.270507433762,-2657.2376569556973,-4.278470215924829,0.520474928519645,-6.097660429353271,7116.57734654994,7.4671054801358
numerical_gravity_2x0,2026-05-09T21:08:00Z,EarthMJ2000Eq,25020.0,2026-05-10T04:05:00Z,4000.011529016242,5060.453783557758,-3017.5544050939666,-4.552574623891581,0.18552751739637155,-5.9089771373390185,7121.370606525747,7.461659800299666
numerical_gravity_2x0,2026-05-09T21:08:00Z,EarthMJ2000Eq,25080.0,2026-05-10T04:06:00Z,3719.098624056278,5061.534184876075,-3365.853199287637,-4.807996320633513,-0.14940155599601232,-5.697210817518577,7125.99401061222,7.456363761473157
numerical_gravity_2x0,2026-05-09T21:08:00Z,EarthMJ2000Eq,25140.0,2026-05-10T04:07:00Z,3423.443982230837,5042.552150252797,-3700.7766398527447,-5.0438201982922735,-0.483003542388525,-5.463293838002433,7130.431166877036,7.451241116419219
numerical_gravity_2x0,2026-05-09T21:08:00Z,EarthMJ2000Eq,25200.0,2026-05-10T04:08:00Z,3114.248856693013,5003.626141522561,-4021.0255516980856,-5.2592140631694475,-0.8139871699459963,-5.208233784407784,7134.666564945454,7.446314983139151
numerical_gravity_2x0,2026-05-09T21:08:00Z,EarthMJ2000Eq,25260.0,2026-05-10T04:09:00Z,2792.761911191842,4944.951463717259,-4325.363341049734,-5.453429940443788,-1.1410829668305942,-4.933108243093495,7138.685600530414,7.441607715446753
numerical_gravity_2x0,2026-05-09T21:08:00Z,EarthMJ2000Eq,25320.0,2026-05-10T04:10:00Z,2460.2741374060515,4866.798834642858,-4612.620038522938,-5.625804997976952,-1.4630472937729406,-4.639059569593417,7142.474595534347,7.437140777833578
numerical_gravity_2x0,2026-05-09T21:08:00Z,EarthMJ2000Eq,25380.0,2026-05-10T04:11:00Z,2118.113727413668,4769.512721132048,-4881.696028816274,-5.775762123897613,-1.7786660899110538,-4.327289680116225,7146.02081420557,7.4329346254955135
numerical_gravity_2x0,2026-05-09T21:08:00Z,EarthMJ2000Eq,25440.0,2026-05-10T04:12:00Z,1767.6409209950898,4653.509458963782,-5131.5654694097375,-5.902810193963127,-2.086758339709657,-3.999054898413519,7149.312475831514,7.429008590305167
numerical_gravity_2x0,2026-05-09T21:08:00Z,EarthMJ2000Eq,25500.0,2026-05-10T04:13:00Z,1410.2428452904135,4519.275172848537,-5361.279402412512,-6.006544065114343,-2.3861792727939592,-3.6556608844839817,7152.338764442764,7.425380773429606
numerical_gravity_2x0,2026-05-09T21:08:00Z,EarthMJ2000Eq,25560.0,2026-05-10T04:14:00Z,1047.328362155799,4367.363512062002,-5569.968565115663,-6.086644331203581,-2.6758233119668424,-3.298457665619245,7155.089835986906,7.422067945210435
numerical_gravity_2x0,2026-05-09T21:08:00Z,EarthMJ2000Eq,25620.0,2026-05-10T04:15:00Z,680.3229364379894,4198.393216306301,-5756.845905856282,-6.142876875643938,-2.9546267874861716,-2.9288347843391986,7157.556823410109,7.4190854528443815
numerical_gravity_2x0,2026-05-09T21:08:00Z,EarthMJ2000Eq,25680.0,2026-05-10T04:16:00Z,310.6635363565662,4013.045525225323,-5921.208812496616,-6.175092253767718,-3.2215704378344094,-2.548216571934556,7159.731840057987,7.416447136328322
numerical_gravity_2x0,2026-05-09T21:08:00Z,EarthMJ2000Eq,25740.0,2026-05-10T04:17:00Z,-60.206424708433666,3812.0614437386635,-6062.441061175666,-6.183224935069697,-3.475681718704694,-2.1580575507457946,7161.607981776426,7.414165253063667
numerical_gravity_2x0,2026-05-09T21:08:00Z,EarthMJ2000Eq,25800.0,2026-05-10T04:18:00Z,-430.84209744369963,3596.2388740271144,-6180.014493019175,-6.167292432331532,-3.7160369427570665,-1.7598379630621563,7163.179328058215,7.412250411451561
numerical_gravity_2x0,2026-05-09T21:08:00Z,EarthMJ2000Eq,25860.0,2026-05-10T04:19:00Z,-799.8021507769837,3366.429623640769,-6273.490426220199,-6.127394340965515,-3.9417632728786525,-1.3550594197123251,7164.440942543257,7.410711513752398
numerical_gravity_2x0,2026-05-09T21:08:00Z,EarthMJ2000Eq,25920.0,2026-05-10T04:20:00Z,-1165.6536662115996,3123.5362978471494,-6342.5208103550085,-6.063711307871363,-4.1520405912347265,-0.9452406571178088,7165.388873139236,7.409555708430591
numerical_gravity_2x0,2026-05-09T21:08:00Z,EarthMJ2000Eq,25980.0,2026-05-10T04:21:00Z,-1526.976968562829,2868.5090830279228,-6386.849129010606,-5.976503944762149,-4.346103265355318,-0.5319133878570916,7166.020151986635,7.4087883521579485
numerical_gravity_2x0,2026-05-09T21:08:00Z,EarthMJ2000Eq,26040.0,2026-05-10T04:22:00Z,-1882.370390099993,2602.3424267033706,-6406.311055807019,-5.866111696378834,-4.523241830903404,-0.11661822669783974,7166.332795447113,7.408412981605783
numerical_gravity_2x0,2026-05-09T21:08:00Z,EarthMJ2000Eq,26100.0,2026-05-10T04:23:00Z,-2230.454965584146,2326.0716186458862,-6400.834867739051,-5.732951669370129,-4.6828046086612725,0.29909932836087694,7166.325804248148,7.408431295116324
numerical_gravity_2x0,2026-05-09T21:08:00Z,EarthMJ2000Eq,26160.0,2026-05-10T04:24:00Z,-2569.879055898074,2040.7692765664551,-6370.441618479841,-5.577517422957482,-4.824199270702891,0.7136928822017898,7165.999163869697,7.408843144307354
numerical_gravity_2x0,2026-05-09T21:08:00Z,EarthMJ2000Eq,26220.0,2026-05-10T04:25:00Z,-2899.322897894444,1747.5417390473172,-6315.245072925678,-5.400377717923392,-4.94689436774816,1.1256191190008866,7165.353845210968,7.409646535629231
numerical_gravity_2x0,2026-05-09T21:08:00Z,EarthMJ2000Eq,26280.0,2026-05-10T04:26:00Z,-3217.5030777466227,1447.525367772125,-6235.451402862131,-5.2021752160422805,-5.050420826380678,1.5333417923153352,7164.391805527398,7.410837641859727
numerical_gravity_2x0,2026-05-09T21:08:00Z,EarthMJ2000Eq,26340.0,2026-05-10T04:27:00Z,-3523.1769244872494,1141.8827606905354,-6131.358642240423,-4.983625117901084,-5.134373421218838,1.93533575171733,7163.115989580093,7.412410823488423
numerical_gravity_2x0,2026-05-09T21:08:00Z,EarthMJ2000Eq,26400.0,2026-05-10T04:28:00Z,-3815.1468195793173,831.7988775619691,-6003.355899214543,-4.745513723212592,-5.198412223328945,2.3300910275981286,7161.530330892524,7.4143586599076885
numerical_gravity_2x0,2026-05-09T21:08:00Z,EarthMJ2000Eq,26460.0,2026-05-10T04:29:00Z,-4092.2644173053154,518.4770793635885,-5851.922320847468,-4.488696894285801,-5.242264022230371,2.7161169938022582,7159.639752962535,7.416671990290751
numerical_gravity_2x0,2026-05-09T21:08:00Z,EarthMJ2000Eq,26520.0,2026-05-10T04:30:00Z,-4353.4347695084625,203.13508332647606,-5677.625805291647,-4.214098400357183,-5.265723714841214,3.091946625096079,7157.450170232195,7.419339963997953
numerical_gravity_2x0,2026-05-09T21:08:00Z,EarthMJ2000Eq,26580.0,2026-05-10T04:31:00Z,-4597.620346807003,-112.99916411702924,-5481.121455324708,-3.922708118073056,-5.268655650725815,3.456140863165326,7154.968488573919,7.422350100309368
numerical_gravity_2x0,2026-05-09T21:08:00Z,EarthMJ2000Eq,26640.0,2026-05-10T04:32:00Z,-4823.844946862591,-428.69169343610656,-5263.1497664142735,-3.6155800616088065,-5.2509949191124585,3.807293100921248,7152.202605009138,7.4256883572346695
numerical_gravity_2x0,2026-05-09T21:08:00Z,EarthMJ2000Eq,26700.0,2026-05-10T04:33:00Z,-5031.197478655341,-742.7067931310825,-5024.534542030238,-3.293830214771146,-5.212748559431936,4.144033790434019,7149.161406336126,7.429339209099151
numerical_gravity_2x0,2026-05-09T21:08:00Z,EarthMJ2000Eq,26760.0,2026-05-10T04:34:00Z,-5218.835610042373,-1053.8113606664176,-4766.180528749668,-2.9586341370028704,-5.153996673667556,4.465035174875825,7145.854766306717,7.433285732547441
numerical_gravity_2x0,2026-05-09T21:08:00Z,EarthMJ2000Eq,26820.0,2026-05-10T04:35:00Z,-5385.989264197795,-1360.779316585463,-4489.070763834643,-2.611224315534128,-5.074893415686875,4.769016139526774,7142.29354095837,7.437509700543961
numerical_gravity_2x0,2026-05-09T21:08:00Z,EarthMJ2000Eq,26880.0,2026-05-10T04:36:00Z,-5531.963948895815,-1662.3960736123322,-4194.263628427826,-2.2528872370275383,-4.975667830025732,5.054747171268099,7138.489561678803,7.4419916838812314
numerical_gravity_2x0,2026-05-09T21:08:00Z,EarthMJ2000Eq,26940.0,2026-05-10T04:37:00Z,-5656.143901052494,-1957.4630508257567,-3882.88960031904,-1.8849601539617034,-4.856624510394376,5.3210554101641145,7134.455625555965,7.446711159634401
numerical_gravity_2x0,2026-05-09T21:08:00Z,EarthMJ2000Eq,27000.0,2026-05-10T04:38:00Z,-5757.995027533091,-2244.8022211540906,-3556.1477013970402,-1.5088275236893218,-4.718144046546987,5.566829770832361,7130.205482547161,7.45164662592334
numerical_gravity_2x0,2026-05-09T21:08:00Z,EarthMJ2000Eq,27060.0,2026-05-10T04:39:00Z,-5837.067622008429,-2523.2606785260937,-3215.3016364149307,-1.1259171015771041,-4.560683227167084,5.791026105445296,7125.753818988391,7.456775722263334
numerical_gravity_2x0,2026-05-09T21:08:00Z,EarthMJ2000Eq,27120.0,2026-05-10T04:40:00Z,-5892.998836651058,-2791.715209058914,-2861.6756215586274,-0.7376956738522137,-4.384774966130217,5.99267237452922,7121.11623695924,7.4620753547031535
numerical_gravity_2x0,2026-05-09T21:08:00Z,EarthMJ2000Eq,27180.0,2026-05-10T04:41:00Z,-5925.5148867435255,-3049.076848716181,-2496.64990350061,-0.3456644206925102,-4.1910279199592715,6.170873786365346,7116.309229020739,7.467521824866788
numerical_gravity_2x0,2026-05-09T21:08:00Z,EarthMJ2000Eq,27240.0,2026-05-10T04:42:00Z,-5934.432965866487,-3294.2954079710485,-2121.6559721226267,0.04864609436561789,-3.980125765520072,6.324817860894493,7111.350147854179,7.473090961934275
numerical_gravity_2x0,2026-05-09T21:08:00Z,EarthMJ2000Eq,27300.0,2026-05-10T04:43:00Z,-5919.662849278495,-3526.363942208744,-1738.1714728694521,0.44368130655870286,-3.7528261090331925,6.453779369721498,7106.257170348899,7.478758256520507
numerical_gravity_2x0,2026-05-09T21:08:00Z,EarthMJ2000Eq,27360.0,2026-05-10T04:44:00Z,-5881.208163420829,-3744.3231449484892,-1347.7148277111587,0.8378683949323985,-3.509959000300933,6.557125100243211,7101.049255716881,7.484498995340948
numerical_gravity_2x0,2026-05-09T21:08:00Z,EarthMJ2000Eq,27420.0,2026-05-10T04:45:00Z,-5819.167300201215,-3947.2656395027143,-951.839576895931,1.229622374863857,-3.2524250296450736,6.634318389211625,7095.746097252585,7.490288395493135
numerical_gravity_2x0,2026-05-09T21:08:00Z,EarthMJ2000Eq,27480.0,2026-05-10T04:46:00Z,-5733.733955842964,-4134.340143467515,-552.1284570140488,1.61735251572096,-2.98119298937801,6.68492336930363,7090.368067407948,7.4961017371355965
numerical_gravity_2x0,2026-05-09T21:08:00Z,EarthMJ2000Eq,27540.0,2026-05-10T04:47:00Z,-5625.197275635046,-4304.755479494299,-150.18723430514194,1.9994690543913451,-2.6972970866214547,6.708608871594703,7084.936155915335,7.501914493314647
numerical_gravity_2x0,2026-05-09T21:08:00Z,EarthMJ2000Eq,27600.0,2026-05-10T04:48:00Z,-5493.941587878029,-4457.7844051658085,252.36168444106164,2.374390168678955,-2.4018336998543686,6.705151927295481,7079.471900765563,7.507702455677749
numerical_gravity_2x0,2026-05-09T21:08:00Z,EarthMJ2000Eq,27660.0,2026-05-10T04:49:00Z,-5340.445712674527,-4592.767234521587,653.8858376850285,2.7405491681877363,-2.095957677604656,6.674440813748889,7073.997311933605,7.513441854822684
numerical_gravity_2x0,2026-05-09T21:08:00Z,EarthMJ2000Eq,27720.0,2026-05-10T04:50:00Z,-5165.281833934123,-4709.115223872527,1052.7494627120054,3.096401854464661,-1.7808781840669892,6.61647759251054,7068.534787840991,7.519109474067524
numerical_gravity_2x0,2026-05-09T21:08:00Z,EarthMJ2000Eq,27780.0,2026-05-10T04:51:00Z,-4969.11392601477,-4806.313695027209,1447.3203850373786,3.440433997024453,-1.4578541029845198,6.531380091320034,7063.107024650325,7.5246827554895725
numerical_gravity_2x0,2026-05-09T21:08:00Z,EarthMJ2000Eq,27840.0,2026-05-10T04:52:00Z,-4752.695729758943,-4883.924869930758,1835.9770089549281,3.771168867579117,-1.1281890177149676,6.419383286852144,7057.736918602744,7.530139897173708
numerical_gravity_2x0,2026-05-09T21:08:00Z,EarthMJ2000Eq,27900.0,2026-05-10T04:53:00Z,-4516.868276248099,-4941.590391986582,2217.115372131071,4.0871747714786615,-0.7932257918441481,6.280840051213624,7052.447461732025,7.535459940732721
numerical_gravity_2x0,2026-05-09T21:08:00Z,EarthMJ2000Eq,27960.0,2026-05-10T04:54:00Z,-4262.556960331173,-4979.033510979097,2589.156225130289,4.387072513140353,-0.4543407808432755,6.116221232086655,7047.261631417659,7.54062284831409
numerical_gravity_2x0,2026-05-09T21:08:00Z,EarthMJ2000Eq,28020.0,2026-05-10T04:55:00Z,-3990.768169814169,-4996.060910517888,2950.55209517676,4.669542731173964,-0.11293771092667379,5.926115044044108,7042.202274371188,7.545609568487814
numerical_gravity_2x0,2026-05-09T21:08:00Z,EarthMJ2000Eq,28080.0,2026-05-10T04:56:00Z,-3702.5854800578204,-4992.56415924773,3299.7942923502646,4.933333039033157,0.2295587336970247,5.711225756678195,7037.291985783124,7.550402090615912
numerical_gravity_2x0,2026-05-09T21:08:00Z,EarthMJ2000Eq,28140.0,2026-05-10T04:57:00Z,-3399.165427547027,-4968.520769672949,3635.4198158038885,5.177264908330692,0.5717095697059831,5.472371673575695,7032.552984488778,7.554983487531886
numerical_gravity_2x0,2026-05-09T21:08:00Z,EarthMJ2000Eq,28200.0,2026-05-10T04:58:00Z,-3081.7328796997945,-4923.994851280244,3956.018117486522,5.400240234396604,0.9120683707834013,5.210482404611976,7028.006985137305,7.559337946602888
numerical_gravity_2x0,2026-05-09T21:08:00Z,EarthMJ2000Eq,28260.0,2026-05-10T04:59:00Z,-2751.576021709063,-4859.137347657168,4260.237681250695,5.601247527141593,1.249188269589691,4.9265954422929665,7023.675068465888,7.563450789501584
numerical_gravity_2x0,2026-05-09T21:08:00Z,EarthMJ2000Eq,28320.0,2026-05-10T05:00:00Z,-2410.040984499424,-4774.185850436975,4546.792376108218,5.779367674681094,1.5816290526866765,4.621852060730007,7019.577550886905,7.5673084812716285
numerical_gravity_2x0,2026-05-09T21:08:00Z,EarthMJ2000Eq,28380.0,2026-05-10T05:01:00Z,-2058.52614088254,-4669.463986095904,4814.467543732319,5.933779232314818,1.9079642949597666,4.297492563087847,7015.733854686574,7.570898629521287
numerical_gravity_2x0,2026-05-09T21:08:00Z,EarthMJ2000Eq,28440.0,2026-05-10T05:02:00Z,-1698.4760996707382,-4545.380374829551,5062.1257820542005,6.0637631951525295,2.2267884804565754,3.9548509098335174,7012.162380205995,7.574209974815295
numerical_gravity_2x0,2026-05-09T21:08:00Z,EarthMJ2000Eq,28500.0,2026-05-10T05:03:00Z,-1331.3754298306526,-4402.427163887295,5288.712388914072,6.168707218724688,2.5367240577780725,3.59534876570517,7008.880381426315,7.577232373546018
numerical_gravity_2x0,2026-05-09T21:08:00Z,EarthMJ2000Eq,28560.0,2026-05-10T05:04:00Z,-958.7421487129111,-4241.178140800399,5493.260432145318,6.248109258107707,2.836428380108762,3.2204890079343285,7005.903846406625,7.579956774742419
numerical_gravity_2x0,2026-05-09T21:08:00Z,EarthMJ2000Eq,28620.0,2026-05-10T05:05:00Z,-582.1210099773308,-4062.28643486049,5674.89541513568,6.301580602226464,3.1246004825165294,2.831848741862288,7003.247384023824,7.582375192410779
numerical_gravity_2x0,2026-05-09T21:08:00Z,EarthMJ2000Eq,28680.0,2026-05-10T05:06:00Z,-203.07662805492288,-3866.4818179596236,5832.8395097612565,6.328848285889827,3.399987652134074,2.431071872713579,7000.92411843654,7.584480675087378
numerical_gravity_2x0,2026-05-09T21:08:00Z,EarthMJ2000Eq,28740.0,2026-05-10T05:07:00Z,176.81352313266234,-3654.5676184697563,5966.415331570468,6.329756867616535,3.6613917500874305,2.019861283998078,6998.94559263961,7.586267274314908
numerical_gravity_2x0,2026-05-09T21:08:00Z,EarthMJ2000Eq,28800.0,2026-05-10T05:08:00Z,555.9661989117137,-3427.417264206768,6075.049235154384,6.3042695663061625,3.9076752474011,1.5999706739237634,6997.3216823914,7.587730013727517
numerical_gravity_2x0,2026-05-09T21:08:00Z,EarthMJ2000Eq,28860.0,2026-05-10T05:09:00Z,932.7995214875465,-3185.9704726900936,6158.274110733425,6.252468754236122,4.137766940435435,1.1731961014642798,6996.060521684335,7.588864860343107
numerical_gravity_2x0,2026-05-09T21:08:00Z,EarthMJ2000Eq,28920.0,2026-05-10T05:10:00Z,1305.7401278694404,-2931.2291088797106,6215.7316660846045,6.174555807701803,4.350667314575119,0.7413672935122061,6995.168440791054,7.589668699516861
numerical_gravity_2x0,2026-05-09T21:08:00Z,EarthMJ2000Eq,28980.0,2026-05-10T05:11:00Z,1673.2302896707363,-2664.252732360422,6247.174181005192,6.070850319893114,4.545453527794663,0.3063387640426803,6994.649917757106,7.590139314811189
numerical_gravity_2x0,2026-05-09T21:08:00Z,EarthMJ2000Eq,29040.0,2026-05-10T05:12:00Z,2033.7349667268704,-2386.1538575663376,6252.465724545624,5.941788683390406,4.7212839883223205,-0.13001920440952877,6994.507544029393,7.590275373790486
numerical_gravity_2x0,2026-05-09T21:08:00Z,EarthMJ2000Eq,29100.0,2026-05-10T05:13:00Z,2385.7487569910936,-2098.0929521154685,6231.582828244793,5.78792205207731,4.877402502893068,-0.5658296672345993,6994.742004711577,7.590076420463314
numerical_gravity_2x0,2026-05-09T21:08:00Z,EarthMJ2000Eq,29160.0,2026-05-10T05:14:00Z,2727.8027058215857,-1801.273199674495,6184.614611570987,5.609913694444747,5.013141974050595,-0.9992181628764063,6995.3520737279905,7.589542874780318
numerical_gravity_2x0,2026-05-09T21:08:00Z,EarthMJ2000Eq,29220.0,2026-05-10T05:15:00Z,3058.470938554918,-1496.935055013158,6111.762358724853,5.40853575235133,5.1279276266916956,-1.4283218474390071,6996.334623961194,7.588676039265484
numerical_gravity_2x0,2026-05-09T21:08:00Z,EarthMJ2000Eq,29280.0,2026-05-10T05:16:00Z,3376.3770811687345,-1186.3506200479528,6013.338548913546,5.1846654214631345,5.221279745639534,-1.8512985694621038,6997.684652210282,7.5874781125241855
numerical_gravity_2x0,2026-05-09T21:08:00Z,EarthMJ2000Eq,29340.0,2026-05-10T05:17:00Z,3680.200434879515,-870.8178707206504,5889.765345175092,4.939280571960187,5.292815907603491,-2.2663358351355485,6999.395318602836,7.585952209046895
numerical_gravity_2x0,2026-05-09T21:08:00Z,EarthMJ2000Eq,29400.0,2026-05-10T05:18:00Z,3968.681871715218,-551.6547655062117,5741.572549834011,4.673454830782219,5.3422526925633615,-2.671659613588433,7001.457999887891,7.584102384425044
numerical_gravity_2x0,2026-05-09T21:08:00Z,EarthMJ2000Eq,29460.0,2026-05-10T05:19:00Z,4240.6294194693755,-230.19326718628662,5569.395037713051,4.388352149770255,5.36940686153616,-3.0655429311511098,7003.862355845511,7.5819336648268925
numerical_gravity_2x0,2026-05-09T21:08:00Z,EarthMJ2000Eq,29520.0,2026-05-10T05:20:00Z,4494.9235060079145,92.22668975937832,5373.969681313389,4.085220887577706,5.374195989965384,-3.446314202796425,7006.596407874652,7.579452079356234
numerical_gravity_2x0,2026-05-09T21:08:00Z,EarthMJ2000Eq,29580.0,2026-05-10T05:21:00Z,4730.521834688528,414.2632532254334,5156.131785299036,3.7653874371604785,5.356638548714511,-3.8123652484924397,7009.64662866887,7.576664693743091
numerical_gravity_2x0,2026-05-09T21:08:00Z,EarthMJ2000Eq,29640.0,2026-05-10T05:22:00Z,4946.463864688175,734.5786957134108,4916.811050761887,3.430249434947384,5.3168534279173105,-4.162158942127681,7012.99804176189,7.573579643698634
numerical_gravity_2x0,2026-05-09T21:08:00Z,EarthMJ2000Eq,29700.0,2026-05-10T05:23:00Z,5141.874872335632,1051.845411247555,4657.0270928721075,3.081268592330947,5.255058902768443,-4.4942364411832845,7016.634329624421,7.570206166209134
numerical_gravity_2x0,2026-05-09T21:08:00Z,EarthMJ2000Eq,29760.0,2026-05-10T05:24:00Z,5315.969572123505,1364.751833571138,4377.88453859437,2.7199631947568417,5.171571044718964,-4.807223946589539,7020.537948921177,7.566554627046007
numerical_gravity_2x0,2026-05-09T21:08:00Z,EarthMJ2000Eq,29820.0,2026-05-10T05:25:00Z,5468.055278928448,1672.0082425723526,4080.5677341244036,2.3479003182498692,5.066801586420591,-5.099838944352447,7024.690251493253,7.562636542828561
numerical_gravity_2x0,2026-05-09T21:08:00Z,EarthMJ2000Eq,29880.0,2026-05-10T05:26:00Z,5597.534596089083,1972.3524265463425,3766.335094516446,1.9666878174996574,4.9412552540483095,-5.370895883664335,7029.07160961557,7.558464596088553
numerical_gravity_2x0,2026-05-09T21:08:00Z,EarthMJ2000Eq,29940.0,2026-05-10T05:27:00Z,5703.907617355589,2264.555168883621,3436.5131305698133,1.577966143438207,4.7955265861961704,-5.6193112503682725,7033.661544090914,7.554052641944387
numerical_gravity_2x0,2026-05-09T21:08:00Z,EarthMJ2000Eq,30000.0,2026-05-10T05:28:00Z,5786.773634298889,2547.4255290973333,3092.490190360305,1.1834000513790202,4.630296264231647,-5.8441079998244225,7038.438853779176,7.549415705190252
numerical_gravity_2x0,2026-05-09T21:08:00Z,EarthMJ2000Eq,30060.0,2026-05-10T05:29:00Z,5845.8323445048045,2819.8158897649096,2735.709954779566,0.7846702630775321,4.446326984636201,-6.044419319369555,7043.381745220772,7.544569966832445
numerical_gravity_2x0,2026-05-09T21:08:00Z,EarthMJ2000Eq,30120.0,2026-05-10T05:30:00Z,5880.884559724325,3080.6267429552604,2367.6647280279935,0.3834651473681801,4.244458909271685,-6.219491697561082,7048.467961093601,7.5395327393528255
numerical_gravity_2x0,2026-05-09T21:08:00Z,EarthMJ2000Eq,30180.0,2026-05-10T05:31:00Z,5891.832417041945,3328.8111920215765,1989.88856514724,-0.018527515774824775,4.025604734512203,-6.36868728510153,7053.674906340536,7.534322430237622
numerical_gravity_2x0,2026-05-09T21:08:00Z,EarthMJ2000Eq,30240.0,2026-05-10T05:32:00Z,5878.679099991402,3563.379147231996,1603.9502793400559,-0.4196286238840149,3.7907444245989983,-6.491485540559962,7058.979770915807,7.528958493570691
numerical_gravity_2x0,2026-05-09T21:08:00Z,EarthMJ2000Eq,30300.0,2026-05-10T05:33:00Z,5841.528080321238,3783.4011965463965,1211.4463719835178,-0.8181756316510014,3.540919658260052,-6.587484162528059,7064.359648220231,7.523461369744514
numerical_gravity_2x0,2026-05-09T21:08:00Z,EarthMJ2000Eq,30360.0,2026-05-10T05:34:00Z,5780.581894720416,3988.0121358794004,813.9939278854425,-1.2125301632133676,3.277228040461772,-6.656399318440169,7069.791648423964,7.517852413583409
numerical_gravity_2x0,2026-05-09T21:08:00Z,EarthMJ2000Eq,30420.0,2026-05-10T05:35:00Z,5696.1404741890965,4176.414146362871,413.2235174658246,-1.6010853031266672,3.000817133034143,-6.698065188713425,7075.253006007766,7.512153811394843
numerical_gravity_2x0,2026-05-09T21:08:00Z,EarthMJ2000Eq,30480.0,2026-05-10T05:36:00Z,5588.599046819113,4347.879609376734,10.772146182228404,-1.982272517474681,2.7128783587746548,-6.712432852897996,7080.721180986782,7.5063884876622
numerical_gravity_2x0,2026-05-09T21:08:00Z,EarthMJ2000Eq,30540.0,2026-05-10T05:37:00Z,5458.445637478112,4501.753553393374,-391.7237103097082,-2.3545681628103936,2.4146408334682876,-6.699568551956194,7086.173953411849,7.500580002262035
numerical_gravity_2x0,2026-05-09T21:08:00Z,EarthMJ2000Eq,30600.0,2026-05-10T05:38:00Z,5306.25819022547,4637.455729916517,-792.6349490201026,-2.7164995475260336,2.107365179074372,-6.659651367425003,7091.589510869796,7.494752439229065
numerical_gravity_2x0,2026-05-09T21:08:00Z,EarthMJ2000Eq,30660.0,2026-05-10T05:39:00Z,5132.70134119255,4754.482318930511,-1190.3465268933596,-3.066650517635074,1.7923373691732116,-6.592970363902733,7096.946528824191,7.488930288201777
numerical_gravity_2x0,2026-05-09T21:08:00Z,EarthMJ2000Eq,30720.0,2026-05-10T05:40:00Z,4938.522871111862,4852.4072672541315,-1583.2639617922803,-3.403666546615079,1.4708626547125452,-6.499921245915312,7102.224243749689,7.483138319761029
numerical_gravity_2x0,2026-05-09T21:08:00Z,EarthMJ2000Eq,30780.0,2026-05-10T05:41:00Z,4724.549867668154,4930.883265963771,-1969.8196196816623,-3.726259316708952,1.1442596142480153,-6.381002583677736,7107.402519115371,7.477401455924459
numerical_gravity_2x0,2026-05-09T21:08:00Z,EarthMJ2000Eq,30840.0,2026-05-10T05:42:00Z,4491.684628370491,4989.6423755699825,-2348.4787638401026,-4.033210786720848,0.8138543683538335,-6.236811664526131,7112.461904364152,7.471744637083044
numerical_gravity_2x0,2026-05-09T21:08:00Z,EarthMJ2000Eq,30900.0,2026-05-10T05:43:00Z,4240.900334719853,5028.496309862646,-2717.745345372779,-4.323376748691366,0.48097499282535094,-6.068040027847753,7117.3836871159765,7.466192686665074
numerical_gravity_2x0,2026-05-09T21:08:00Z,EarthMJ2000Eq,30960.0,2026-05-10T05:44:00Z,3973.236528094193,5047.336391255466,-3076.1675177695697,-4.595689882731931,0.14694615984757123,-5.875468741207229,7122.149938891651,7.46077017479039
numerical_gravity_2x0,2026-05-09T21:08:00Z,EarthMJ2000Eq,31020.0,2026-05-10T05:45:00Z,3689.794417023805,5046.133192041024,-3422.3428616826077,-4.849162325599316,-0.18691596939051028,-5.659963474115408,7126.743554711933,7.455501282136938
numerical_gravity_2x0,2026-05-09T21:08:00Z,EarthMJ2000Eq,31080.0,2026-05-10T05:46:00Z,3391.732044423491,5024.9358772026435,-3754.923309420407,-5.082887774181283,-0.51930858295217,-5.42246942359718,7131.148286972874,7.450409665185914
numerical_gravity_2x0,2026-05-09T21:08:00Z,EarthMJ2000Eq,31140.0,2026-05-10T05:47:00Z,3080.2593419298996,4983.871265317049,-4072.619761812803,-5.296043149851949,-0.8489467753562887,-5.164006142493418,7135.348774033932,7.445518323944367
numerical_gravity_2x0,2026-05-09T21:08:00Z,EarthMJ2000Eq,31200.0,2026-05-10T05:48:00Z,2756.633096812854,4923.142624628205,-4374.206393039874,-5.487889853576052,-1.174567817399731,-4.885662317402792,7139.330563980493,7.44084947316795
numerical_gravity_2x0,2026-05-09T21:08:00Z,EarthMJ2000Eq,31260.0,2026-05-10T05:49:00Z,2422.151855041712,4843.028221591302,-4658.52464169432,-5.657774644654821,-1.4949351375854762,-4.588590538467001,7143.0801340377675,7.436424418024806
numerical_gravity_2x0,2026-05-09T21:08:00Z,EarthMJ2000Eq,31320.0,2026-05-10T05:50:00Z,2078.150782046897,4743.8796390965135,-4924.486888724276,-5.805130178097562,-1.8088420190758274,-4.2740020979692686,7146.5849061194185,7.432263435056581
numerical_gravity_2x0,2026-05-09T21:08:00Z,EarthMJ2000Eq,31380.0,2026-05-10T05:51:00Z,1725.9965005778706,4626.119881210563,-5171.079824954655,-5.9294752367788,-2.1151150205545477,-3.9431618490955147,7149.833258992251,7.428385659206906
numerical_gravity_2x0,2026-05-09T21:08:00Z,EarthMJ2000Eq,31440.0,2026-05-10T05:52:00Z,1367.0819228763194,4490.241280650427,-5397.367512591066,-6.030414694827321,-2.4126171333083932,-3.5973831503428966,7152.814537528977,7.424808977602958
numerical_gravity_2x0,2026-05-09T21:08:00Z,EarthMJ2000Eq,31500.0,2026-05-10T05:53:00Z,1002.8210922091778,4336.803224361768,-5602.494146460451,-6.107639248134073,-2.7002506901738528,-3.238022915090056,7155.519059504898,7.421549930693751
numerical_gravity_2x0,2026-05-09T21:08:00Z,EarthMJ2000Eq,31560.0,2026-05-10T05:54:00Z,634.6440466895916,4166.429711551563,-5785.686521734721,-6.160924946518409,-2.9769600447008595,-2.8664767798985245,7157.938120372443,7.418623621270702
numerical_gravity_2x0,2026-05-09T21:08:00Z,EarthMJ2000Eq,31620.0,2026-05-10T05:55:00Z,263.9917163001072,3979.806757358349,-5946.256215522833,-6.1901325600258374,-3.2417340409388165,-2.4841743993171743,7160.063996420296,7.416043631822589
numerical_gravity_2x0,2026-05-09T21:08:00Z,EarthMJ2000Eq,31680.0,2026-05-10T05:56:00Z,-107.68913783779486,3777.679654074138,-6083.6014900153805,-6.195206809123563,-3.493608295641976,-2.092574869423152,7161.889946692235,7.413821950608924
numerical_gravity_2x0,2026-05-09T21:08:00Z,EarthMJ2000Eq,31740.0,2026-05-10T05:57:00Z,-478.9509345943667,3560.850100498991,-6197.208924842365,-6.176175485297828,-3.731667315424066,-1.6931622771532064,7163.410214005502,7.411968906773203
numerical_gravity_2x0,2026-05-09T21:08:00Z,EarthMJ2000Eq,31800.0,2026-05-10T05:58:00Z,-848.3502284895045,3330.173208651607,-6286.654785983627,-6.1331484848288955,-3.955046471480182,-1.287441367746932,7164.620025369802,7.410493114760509
numerical_gravity_2x0,2026-05-09T21:08:00Z,EarthMJ2000Eq,31860.0,2026-05-10T05:59:00Z,-1214.4526052500858,3086.554395715167,-6351.606137981663,-6.066316774417901,-4.162933853961148,-0.8769333184143854,7165.515592066888,7.409401428252155
numerical_gravity_2x0,2026-05-09T21:08:00Z,EarthMJ2000Eq,31920.0,2026-05-10T06:00:00Z,-1575.8375136290886,2830.9461678033535,-6391.821705381554,-5.975951302958726,-4.354572026964444,-0.4631716027188058,7166.094109607267,7.408698903783338
numerical_gravity_2x0,2026-05-09T21:08:00Z,EarthMJ2000Eq,31980.0,2026-05-10T06:01:00Z,-1931.1030305701402,2564.344800921067,-6407.152488299445,-5.862401869181093,-4.5292597034360265,-0.047697927183730775,7166.353757735509,7.408388774167093
numerical_gravity_2x0,2026-05-09T21:08:00Z,EarthMJ2000Eq,32040.0,2026-05-10T06:02:00Z,-2278.8705572451468,2287.786923399471,-6397.542135839036,-5.726095950231784,-4.686353357105342,0.3679417806662782,7166.293700609284,7.408472431808949
numerical_gravity_2x0,2026-05-09T21:08:00Z,EarthMJ2000Eq,32100.0,2026-05-10T06:03:00Z,-2617.7894436566553,2002.3460031342518,-6363.0270797768835,-5.567537491600499,-4.825268785953486,0.7822013552096687,7165.914087230035,7.408949421960312
numerical_gravity_2x0,2026-05-09T21:08:00Z,EarthMJ2000Eq,32160.0,2026-05-10T06:04:00Z,-2946.541539383171,1709.128742174586,-6303.736429565252,-5.387305654225122,-4.945482638698327,1.1935383698100877,7165.216052155434,7.40981744592412
numerical_gravity_2x0,2026-05-09T21:08:00Z,EarthMJ2000Eq,32220.0,2026-05-10T06:05:00Z,-3263.845667662744,1409.2713806202944,-6219.891628300151,-5.186053510214943,-5.046533912431871,1.6004181314220713,7164.201716475785,7.411072374192696
numerical_gravity_2x0,2026-05-09T21:08:00Z,EarthMJ2000Eq,32280.0,2026-05-10T06:06:00Z,-3568.4620193708843,1103.9359114038168,-6111.80586791673,-4.964506674493732,-5.12802542592907,2.0013177154339665,7162.874188988724,7.412708269463844
numerical_gravity_2x0,2026-05-09T21:08:00Z,EarthMJ2000Eq,32340.0,2026-05-10T06:07:00Z,-3859.196462571153,794.3062073761345,-5979.883260548731,-4.7234618558682095,-5.189625269332396,2.394730062096006,7161.237567459195,7.414717419446384
numerical_gravity_2x0,2026-05-09T21:08:00Z,EarthMJ2000Eq,32400.0,2026-05-10T06:08:00Z,-4134.904762223493,481.58406219131285,-5824.617761766731,-4.463785307648435,-5.231068226974588,2.7791681538003243,7159.296939805171,7.417090379329283
numerical_gravity_2x0,2026-05-09T21:08:00Z,EarthMJ2000Eq,32460.0,2026-05-10T06:09:00Z,-4394.496703353643,166.98514679833963,-5646.591840333551,-4.186411155057439,-5.252157166108136,3.1531692897127566,7157.058385004187,7.419816023748706
numerical_gravity_2x0,2026-05-09T21:08:00Z,EarthMJ2000Eq,32520.0,2026-05-10T06:10:00Z,-4636.940109548329,-148.26511609780107,-5446.474888224565,-3.8923395743358316,-5.252764380341536,3.5152994708425673,7154.528973472003,7.422881608043582
numerical_gravity_2x0,2026-05-09T21:08:00Z,EarthMJ2000Eq,32580.0,2026-05-10T06:11:00Z,-4861.264747080643,-462.93575645525135,-5225.02136399286,-3.5826347967348537,-5.232832872719115,3.864157904626471,7151.716766622936,7.4262728385423875
numerical_gravity_2x0,2026-05-09T21:08:00Z,EarthMJ2000Eq,32640.0,2026-05-10T06:12:00Z,-5066.566103327029,-775.794536028805,-4983.068662148524,-3.258422909553207,-5.19237755970432,4.198381633558239,7148.630815282131,7.429973951570847
numerical_gravity_2x0,2026-05-09T21:08:00Z,EarthMJ2000Eq,32700.0,2026-05-10T06:13:00Z,-5252.009026453344,-1085.6122968238265,-4721.534701097526,-2.9208894260557607,-5.131486373918137,4.516650287387822,7145.281156583735,7.4339678008121854
numerical_gravity_2x0,2026-05-09T21:08:00Z,EarthMJ2000Eq,32760.0,2026-05-10T06:14:00Z,-5416.83121166713,-1391.1673720539704,-4441.415222374149,-2.5712765965528983,-5.050321240426483,4.817690953028155,7141.678808956306,7.438235952588011
numerical_gravity_2x0,2026-05-09T21:08:00Z,EarthMJ2000Eq,32820.0,2026-05-10T06:15:00Z,-5560.346517702736,-1691.2500511925925,-4143.780794421548,-2.2108804341438066,-4.9491188987436034,5.1002831506393305,7137.835764768251,7.442758788559284
numerical_gravity_2x0,2026-05-09T21:08:00Z,EarthMJ2000Eq,32880.0,2026-05-10T06:16:00Z,-5681.948095672744,-1984.6670889714621,-3829.773515041536,-1.8410474306483222,-4.828191540600099,5.363263898515429,7133.764980182567,7.447515615273194
numerical_gravity_2x0,2026-05-09T21:08:00Z,EarthMJ2000Eq,32940.0,2026-05-10T06:17:00Z,-5781.111311031221,-2270.246246334128,-3500.6034078543244,-1.4631709410687115,-4.68792723198693,5.605532843495894,7129.480361752084,7.452484779904197
numerical_gravity_2x0,2026-05-09T21:08:00Z,EarthMJ2000Eq,33000.0,2026-05-10T06:18:00Z,-5857.396438198772,-2546.8408494318674,-3157.544509681362,-1.0786872185168535,-4.528790087096523,5.826057427787453,7124.996749274866,7.457643791456703
numerical_gravity_2x0,2026-05-09T21:08:00Z,EarthMJ2000Eq,33060.0,2026-05-10T06:19:00Z,-5910.451106442027,-2813.3343507981735,-2801.930647681646,-0.6890710858785193,-4.351320161595508,6.023878057447716,7120.329894424867,7.462969446614493
numerical_gravity_2x0,2026-05-09T21:08:00Z,EarthMJ2000Eq,33120.0,2026-05-10T06:20:00Z,-5940.012474923902,-3068.64487489685,-2435.150907317728,-0.2958312355099548,-4.156133033226157,6.198113232486674,7115.496434676405,7.468437959339517
numerical_gravity_2x0,2026-05-09T21:08:00Z,EarthMJ2000Eq,33180.0,2026-05-10T06:21:00Z,-5945.909114484967,-3311.7297283549383,-2058.6447947774122,0.09949484610132647,-3.943919039076267,6.347964593728457,7110.513862053109,7.474025093242535
numerical_gravity_2x0,2026-05-09T21:08:00Z,EarthMJ2000Eq,33240.0,2026-05-10T06:22:00Z,-5928.062573714478,-3541.5898534122207,-1673.8971002978683,0.49534632562413433,-3.715442140995074,6.4727218373824496,7105.40048625356,7.479706295672245
numerical_gravity_2x0,2026-05-09T21:08:00Z,EarthMJ2000Eq,33300.0,2026-05-10T06:23:00Z,-5886.488607250002,-3757.274201491674,-1282.432471889167,0.8901448324719847,-3.471538393561886,6.571767444834784,7100.175391737498,7.485456832401154
numerical_gravity_2x0,2026-05-09T21:08:00Z,EarthMJ2000Eq,33360.0,2026-05-10T06:24:00Z,-5821.298045027369,-3957.884002366786,-885.8097121850251,1.2823006142119535,-3.213113992710211,6.644581172612656,7094.858388398722,7.491251921728242
numerical_gravity_2x0,2026-05-09T21:08:00Z,EarthMJ2000Eq,33420.0,2026-05-10T06:25:00Z,-5732.697282399992,-4142.5769032168555,-485.6158145036836,1.6702190143573028,-2.9411428875268215,6.690744245904545,7089.469955504296,7.497066866773636
numerical_gravity_2x0,2026-05-09T21:08:00Z,EarthMJ2000Eq,33480.0,2026-05-10T06:26:00Z,-5620.988372660941,-4310.570950961574,-83.45975761912845,2.052307242188925,-2.656663942813416,6.709943198529457,7084.03117864434,7.502877184712392
numerical_gravity_2x0,2026-05-09T21:08:00Z,EarthMJ2000Eq,33540.0,2026-05-10T06:27:00Z,-5486.568705525227,-4461.148390687745,319.03391784450645,2.4269813975415193,-2.36077764562669,6.7019733029029185,7078.563679512945,7.508658731686155
numerical_gravity_2x0,2026-05-09T21:08:00Z,EarthMJ2000Eq,33600.0,2026-05-10T06:28:00Z,-5329.930257545685,-4593.659252754267,720.2317251445122,2.7926737071657506,-2.054642355087187,6.666741535383206,7073.089538428066,7.514387822146043
numerical_gravity_2x0,2026-05-09T21:08:00Z,EarthMJ2000Eq,33660.0,2026-05-10T06:29:00Z,-5151.658403215392,-4707.524701309381,1118.4980098340504,3.1478399235108574,-1.7394701011355969,6.604269025401365,7067.631209596358,7.520041341420233
numerical_gravity_2x0,2026-05-09T21:08:00Z,EarthMJ2000Eq,33720.0,2026-05-10T06:30:00Z,-4952.430278614201,-4802.240117491034,1512.2018584401208,3.490966831728837,-1.416521944467874,6.514692940950761,7062.211429236934,7.525596850367657
numerical_gravity_2x0,2026-05-09T21:08:00Z,EarthMJ2000Eq,33780.0,2026-05-10T06:31:00Z,-4733.012692838681,-4877.377891512189,1899.724102292698,3.8205798065321233,-1.0871029164364054,6.398267768266247,7056.853116794748,7.531032681076368
numerical_gravity_2x0,2026-05-09T21:08:00Z,EarthMJ2000Eq,33840.0,2026-05-10T06:32:00Z,-4494.259586057173,-4932.589899153135,2279.464379044839,4.135250357369998,-0.7525565640958202,6.255365949752658,7051.579269598307,7.536328022692309
numerical_gravity_2x0,2026-05-09T21:08:00Z,EarthMJ2000Eq,33900.0,2026-05-10T06:33:00Z,-4237.109036791303,-4967.6096398773525,2649.848212475232,4.4336035983257,-0.41425913163031347,6.086477851284393,7046.412851445699,7.541462996620827
numerical_gravity_2x0,2026-05-09T21:08:00Z,EarthMJ2000Eq,33960.0,2026-05-10T06:34:00Z,-3962.5798248740225,-4982.254015831545,3009.3340696607866,4.71432557824201,-0.07361341496315241,5.892211037718039,7041.376675735317,7.546418720528016
numerical_gravity_2x0,2026-05-09T21:08:00Z,EarthMJ2000Eq,34020.0,2026-05-10T06:35:00Z,-3671.7675604006404,-4976.424733349598,3356.4203535809293,4.97617040688572,0.2679576687302573,5.673288843637518,7036.4932838905215,7.551177360778813
numerical_gravity_2x0,2026-05-09T21:08:00Z,EarthMJ2000Eq,34080.0,2026-05-10T06:36:00Z,-3365.840392801979,-4950.1093112121935,3689.6522886883045,5.217967114446103,0.609017750733721,5.430548234766823,7031.784819957866,7.555722173179663
numerical_gravity_2x0,2026-05-09T21:08:00Z,EarthMJ2000Eq,34140.0,2026-05-10T06:37:00Z,-3046.0343178581807,-4903.381682769079,4007.628656959941,5.438626184272067,0.9481238705739322,5.164936963910138,7027.272902383372,7.560037532140109
numerical_gravity_2x0,2026-05-09T21:08:00Z,EarthMJ2000Eq,34200.0,2026-05-10T06:38:00Z,-2713.6481039732,-4836.402382055177,4309.008342422365,5.637145702388024,1.283833474382137,4.877510033484481,7022.97849408724,7.564108948622941
numerical_gravity_2x0,2026-05-09T21:08:00Z,EarthMJ2000Eq,34260.0,2026-05-10T06:39:00Z,-2370.0378622859066,-4749.418307167469,4592.516643103796,5.812617071852557,1.614711498965449,4.569425484479431,7018.921772060978,7.567923077508989
numerical_gravity_2x0,2026-05-09T21:08:00Z,EarthMJ2000Eq,34320.0,2026-05-10T06:40:00Z,-2016.6112881557308,-4642.762057358797,4856.95131077443,5.9642302452677685,1.939337488305206,4.241939538817393,7015.121997798831,7.571467715251455
numerical_gravity_2x0,2026-05-09T21:08:00Z,EarthMJ2000Eq,34380.0,2026-05-10T06:41:00Z,-1654.8216041912908,-4516.8508434912055,5101.188280648876,6.091278434517841,2.256312689697544,3.896401128434464,7011.5973899443825,7.574731788926764
numerical_gravity_2x0,2026-05-09T21:08:00Z,EarthMJ2000Eq,34440.0,2026-05-10T06:42:00Z,-1286.1612372640889,-4372.184974622547,5324.187055391887,6.193162262906456,2.5642670780765355,3.534245849835851,7008.365000580263,7.5777053379949875
numerical_gravity_2x0,2026-05-09T21:08:00Z,EarthMJ2000Eq,34500.0,2026-05-10T06:43:00Z,-912.1552638531435,-4209.345926529886,5524.995710232167,6.269393331065302,2.8618662590964594,3.1569893873278874,7005.440596611507,7.580379490253885
numerical_gravity_2x0,2026-05-09T21:08:00Z,EarthMJ2000Eq,34560.0,2026-05-10T06:44:00Z,-534.3546595997425,-4028.9940008628764,5702.755488689456,6.319597174120853,3.1478182041550165,2.7662204515699425,7002.838547689267,7.582746433598436
numerical_gravity_2x0,2026-05-09T21:08:00Z,EarthMJ2000Eq,34620.0,2026-05-10T06:45:00Z,-154.32939012506122,-3831.865586340578,5856.704961297326,6.343515593455569,3.420879773555649,2.36359328255396,7000.571722089726,7.584799385275152
numerical_gravity_2x0,2026-05-09T21:08:00Z,EarthMJ2000Eq,34680.0,2026-05-10T06:46:00Z,226.3386190022423,-3618.7700359361957,5986.183722701835,6.341008351836632,3.679862987270037,1.9508197676867902,6998.651391902721,7.586532560342665
numerical_gravity_2x0,2026-05-09T21:08:00Z,EarthMJ2000Eq,34740.0,2026-05-10T06:47:00Z,606.0625947380772,-3390.5861763261405,6090.63560558396,6.312054225603897,3.9236410061112053,1.529661226442234,6997.087148795679,7.587941141013294
numerical_gravity_2x0,2026-05-09T21:08:00Z,EarthMJ2000Eq,34800.0,2026-05-10T06:48:00Z,983.2580728189243,-3148.258468011846,6169.611392949544,6.25675141194941,4.1511537894188155,1.1019199132205975,6995.886831502115,7.589021248454191
numerical_gravity_2x0,2026-05-09T21:08:00Z,EarthMJ2000Eq,34860.0,2026-05-10T06:49:00Z,1356.3500591434824,-2892.792836462133,6222.771013422314,6.175317293072582,4.361413398470662,0.669430289779021,6995.056466041867,7.58976991847278
numerical_gravity_2x0,2026-05-09T21:08:00Z,EarthMJ2000Eq,34920.0,2026-05-10T06:50:00Z,1723.780157827286,-2625.2521963842223,6249.885207242048,6.068087562194927,4.553508917680905,0.23405011805840542,6994.6002195152105,7.590185082303821
numerical_gravity_2x0,2026-05-09T21:08:00Z,EarthMJ2000Eq,34980.0,2026-05-10T06:51:00Z,2084.0136278606096,-2346.751692830256,6250.836653700793,5.935514719146835,4.72661096817693,-0.2023485763919921,6994.520368128164,7.590265553461687
numerical_gravity_2x0,2026-05-09T21:08:00Z,EarthMJ2000Eq,35040.0,2026-05-10T06:52:00Z,2435.546330835355,-2058.453684302892,6225.62055374472,5.778165945612015,4.879975790554603,-0.6378886207490613,6994.817279906205,7.590011021329979
numerical_gravity_2x0,2026-05-09T21:08:00Z,EarthMJ2000Eq,35100.0,2026-05-10T06:53:00Z,2776.911532877224,-1761.5624943567095,6174.344664435493,5.596720372274262,5.012948875528756,-1.0706968417359648,6995.489412342342,7.589422051842823
numerical_gravity_2x0,2026-05-09T21:08:00Z,EarthMJ2000Eq,35160.0,2026-05-10T06:54:00Z,3106.6865247170035,-1457.3189594174248,6097.228784916894,5.391965752209055,5.124968122890826,-1.4989131937581814,6996.533325008525,7.5885000952800175
numerical_gravity_2x0,2026-05-09T21:08:00Z,EarthMJ2000Eq,35220.0,2026-05-10T06:55:00Z,3423.4990247602,-1146.9948016686817,5994.603696486904,5.164794557051188,5.215566510758362,-1.92069981899492,6997.943706941594,7.587247500864648
numerical_gravity_2x0,2026-05-09T21:08:00Z,EarthMJ2000Eq,35280.0,2026-05-10T06:56:00Z,3726.033331077164,-831.8868568902939,5866.909562349671,4.9161995148858715,5.284374258672311,-2.3342499896232276,6999.713418401843,7.585667537530145
numerical_gravity_2x0,2026-05-09T21:08:00Z,EarthMJ2000Eq,35340.0,2026-05-10T06:57:00Z,4013.036189453393,-513.3111880684049,5714.693795630297,4.647268611563994,5.3311204697987815,-2.737796881691859,7001.833546398701,7.5837644199261085
numerical_gravity_2x0,2026-05-09T21:08:00Z,EarthMJ2000Eq,35400.0,2026-05-10T06:58:00Z,4283.322346034442,-192.59711642542135,5538.608407286463,4.359179580304071,5.355634239452757,-3.1296221294214033,7004.293473188975,7.581543338470265
numerical_gravity_2x0,2026-05-09T21:08:00Z,EarthMJ2000Eq,35460.0,2026-05-10T06:59:00Z,4535.7797546973825,128.91879778347578,5339.406848645201,4.053193908040814,5.357845219499689,-3.5080641080388575,7007.080956782493,7.579010492036893
numerical_gravity_2x0,2026-05-09T21:08:00Z,EarthMJ2000Eq,35520.0,2026-05-10T07:00:00Z,4769.3744111067235,449.8987918155626,5117.940366420891,3.7306503909909674,5.337783631001794,-3.871525892834898,7010.182222341807,7.576173121707477
numerical_gravity_2x0,2026-05-09T21:08:00Z,EarthMJ2000Eq,35580.0,2026-05-10T07:01:00Z,4983.154787490095,769.0099210755059,4875.153891211543,3.3929582762607673,5.295579720822307,-4.218482842145429,7013.582063239373,7.573039543902189
numerical_gravity_2x0,2026-05-09T21:08:00Z,EarthMJ2000Eq,35640.0,2026-05-10T07:02:00Z,5176.255844515123,1084.9300304451422,4612.081483592955,3.041590030900135,5.231462661807832,-4.5474897525859985,7017.263950439634,7.569619181163293
numerical_gravity_2x0,2026-05-09T21:08:00Z,EarthMJ2000Eq,35700.0,2026-05-10T07:03:00Z,5347.9025992728775,1396.3536430213908,4329.841364992871,2.6780737844631375,5.145758900620097,-4.85718753626906,7021.2101488056915,7.565922588873558
numerical_gravity_2x0,2026-05-09T21:08:00Z,EarthMJ2000Eq,35760.0,2026-05-10T07:04:00Z,5497.413231274317,1701.9977333657503,4029.6305634790247,2.3039854956804637,5.038889962225408,-5.146309372039372,7025.4018388912355,7.561961476261447
numerical_gravity_2x0,2026-05-09T21:08:00Z,EarthMJ2000Eq,35820.0,2026-05-10T07:05:00Z,5624.201711531691,2000.6073530674548,3712.719207379103,1.9209408980896439,4.911369725376082,-5.41368628605953,7029.819242767576,7.557748720165497
numerical_gravity_2x0,2026-05-09T21:08:00Z,EarthMJ2000Eq,35880.0,2026-05-10T07:06:00Z,5727.779943202619,2290.9610774490275,3380.444502206028,1.53058728319996,4.7638011890014775,-5.6582521214046615,7034.4417524516875,7.553298370196008
numerical_gravity_2x0,2026-05-09T21:08:00Z,EarthMJ2000Eq,35940.0,2026-05-10T07:07:00Z,5807.759405884003,2571.876243608436,3034.2044286271384,1.1345951827987537,4.596872755109804,-5.879047861668907,7039.248059542446,7.548625644135142
numerical_gravity_2x0,2026-05-09T21:08:00Z,EarthMJ2000Eq,36000.0,2026-05-10T07:08:00Z,5863.852299408776,2842.21395169723,2675.4512011313277,0.734650014160916,4.411354059410696,-6.075225279880139,7044.216284735942,7.5437469126476255
numerical_gravity_2x0,2026-05-09T21:08:00Z,EarthMJ2000Eq,36060.0,2026-05-10T07:09:00Z,5895.872186863718,3100.8838033689317,2305.684528560413,0.3324437530621973,4.208091386220097,-6.246049891147787,7049.3241059744005,7.5386796726241885
numerical_gravity_2x0,2026-05-09T21:08:00Z,EarthMJ2000Eq,36120.0,2026-05-10T07:10:00Z,5903.7341404469935,3346.8483536756935,1926.4447187342848,-0.07033330048359332,3.9880027091239256,-6.390903195272577,7054.548884083257,7.53344250873941
numerical_gravity_2x0,2026-05-09T21:08:00Z,EarthMJ2000Eq,36180.0,2026-05-10T07:11:00Z,5887.454397650448,3579.127255312561,1539.3056699789895,-0.4720006000026046,3.752072403187115,-6.509284203832677,7059.867784864267,7.52805504306569
numerical_gravity_2x0,2026-05-09T21:08:00Z,EarthMJ2000Eq,36240.0,2026-05-10T07:12:00Z,5847.14953901277,3796.8010769667035,1145.8677924402948,-0.8708952124434373,3.5013456780530055,-6.60081025480976,7065.257896735601,7.5225378728378
numerical_gravity_2x0,2026-05-09T21:08:00Z,EarthMJ2000Eq,36300.0,2026-05-10T07:13:00Z,5783.035202274682,3999.01478057487,747.7509016236313,-1.2653794022605127,3.2369227839644403,-6.665217126398847,7070.696343139296,7.516912496700608
numerical_gravity_2x0,2026-05-09T21:08:00Z,EarthMJ2000Eq,36360.0,2026-05-10T07:14:00Z,5695.424351109087,4184.980845470986,346.58712564976986,-1.6538478863813382,2.959953044464377,-6.702358470022849,7076.160389069173,7.511201229990379
numerical_gravity_2x0,2026-05-09T21:08:00Z,EarthMJ2000Eq,36420.0,2026-05-10T07:15:00Z,5584.725119636084,4353.982030657811,-55.98613372677966,-2.0347347122900197,2.6716287702478057,-6.7122045905203525,7081.627541205134,7.505427109793036
numerical_gravity_2x0,2026-05-09T21:08:00Z,EarthMJ2000Eq,36480.0,2026-05-10T07:16:00Z,5451.438256611606,4505.3737697005645,-458.33314819073564,-2.406519717822577,2.3731791083215317,-6.6948406087846415,7087.075641270163,7.4996137906877935
numerical_gravity_2x0,2026-05-09T21:08:00Z,EarthMJ2000Eq,36540.0,2026-05-10T07:17:00Z,5296.154195455323,4638.586195955025,-858.8266822003035,-2.7677345382730705,2.065863879302631,-6.650464048620195,7092.482952351927,7.493785432219599
numerical_gravity_2x0,2026-05-09T21:08:00Z,EarthMJ2000Eq,36600.0,2026-05-10T07:18:00Z,5119.549778125662,4753.125798948479,-1255.854651429295,-3.116968133862856,1.750967453401731,-6.579381895098806,7097.82823804949,7.487966579248508
numerical_gravity_2x0,2026-05-09T21:08:00Z,EarthMJ2000Eq,36660.0,2026-05-10T07:19:00Z,4922.38466223629,4848.576715673979,-1647.8265901391076,-3.4528718183303084,1.4297927124738388,-6.482007176125627,7103.090834415989,7.482182036398679
numerical_gravity_2x0,2026-05-09T21:08:00Z,EarthMJ2000Eq,36720.0,2026-05-10T07:20:00Z,4705.497441729967,4924.601663286741,-2033.1799005090406,-3.7741637771563905,1.103655141581995,-6.358855122188557,7108.250714768561,7.476456737875464
numerical_gravity_2x0,2026-05-09T21:08:00Z,EarthMJ2000Eq,36780.0,2026-05-10T07:21:00Z,4469.801511885049,4980.94252216352,-2410.3858603196627,-4.079633071560964,0.7738770889307247,-6.210538961323647,7113.288547526771,7.470815613938336
numerical_gravity_2x0,2026-05-09T21:08:00Z,EarthMJ2000Eq,36840.0,2026-05-10T07:22:00Z,4216.280709440709,5017.4205804663525,-2777.955368837486,-4.368143131707593,0.44178222792357996,-6.037765407182624,7118.185747319479,7.4652834553126315
numerical_gravity_2x0,2026-05-09T21:08:00Z,EarthMJ2000Eq,36900.0,2026-05-10T07:23:00Z,3945.98475821317,5033.936453214607,-3134.444414218494,-4.638634749380738,0.10869024962565796,-5.841329897768631,7122.924519667398,7.459884776797284
numerical_gravity_2x0,2026-05-09T21:08:00Z,EarthMJ2000Eq,36960.0,2026-05-10T07:24:00Z,3660.024549769673,5030.469690395948,-3478.4592491645058,-4.890128586610878,-0.224088191785892,-5.622111640975844,7127.487899604397,7.45464368128235
numerical_gravity_2x0,2026-05-09T21:08:00Z,EarthMJ2000Eq,37020.0,2026-05-10T07:25:00Z,3359.567287569955,5007.078089828471,-3808.661264865738,-5.121727222207131,-0.5552562637797196,-5.381068520616374,7131.859784645178,7.4495837253320865
numerical_gravity_2x0,2026-05-09T21:08:00Z,EarthMJ2000Eq,37080.0,2026-05-10T07:26:00Z,3045.8315215231446,4963.896731322202,-4123.771556387303,-5.3326167628258245,-0.8835354593568292,-5.1192319132538495,7136.024962540713,7.444727787420338
numerical_gravity_2x0,2026-05-09T21:08:00Z,EarthMJ2000Eq,37140.0,2026-05-10T07:27:00Z,2720.082098191977,4901.136749185394,-4422.575175555616,-5.522068048996305,-1.2076698145287252,-4.837701462012609,7139.969134286283,7.440097939827717
numerical_gravity_2x0,2026-05-09T21:08:00Z,EarthMJ2000Eq,37200.0,2026-05-10T07:28:00Z,2383.6250499599396,4819.083860294173,-4703.9250700297125,-5.689437489405828,-1.5264298390973525,-4.537639848731229,7143.678932860739,7.435715325127558
numerical_gravity_2x0,2026-05-09T21:08:00Z,EarthMJ2000Eq,37260.0,2026-05-10T07:29:00Z,2037.8024444155205,4718.096664813657,-4966.745709567537,-5.8341675587019965,-1.8386161653002868,-4.22026760052144,7147.141938180545,7.431600038102518
numerical_gravity_2x0,2026-05-09T21:08:00Z,EarthMJ2000Eq,37320.0,2026-05-10T07:30:00Z,1683.9872130564524,4598.60473625103,-5210.036402492285,-5.955786995113457,-2.143062923260475,-3.8868579611226814,7150.346688748929,7.427771013847902
numerical_gravity_2x0,2026-05-09T21:08:00Z,EarthMJ2000Eq,37380.0,2026-05-10T07:31:00Z,1323.5779762297632,4461.106516866879,-5432.874307011266,-6.053910734346648,-2.438640856011141,-3.538731851551063,7153.282690469863,7.42424592273359
numerical_gravity_2x0,2026-05-09T21:08:00Z,EarthMJ2000Eq,37440.0,2026-05-10T07:32:00Z,957.9938790523785,4306.167033604735,-5634.41714333057,-6.128239615534107,-2.7242601901021257,-3.1772529385665313,7155.940423079516,7.421041072814956
numerical_gravity_2x0,2026-05-09T21:08:00Z,EarthMJ2000Eq,37500.0,2026-05-10T07:33:00Z,588.6694509506333,4134.415448656992,-5813.905613441777,-6.178559893547805,-2.9988732803984357,-2.803822823553336,7158.311344624926,7.418171320205792
numerical_gravity_2x0,2026-05-09T21:08:00Z,EarthMJ2000Eq,37560.0,2026-05-10T07:34:00Z,217.0494994600026,3946.5424576069304,-5970.665536038757,-6.2047425898201105,-3.2614770496338994,-2.419876358647012,7160.387894391683,7.415649987853724
numerical_gravity_2x0,2026-05-09T21:08:00Z,EarthMJ2000Eq,37620.0,2026-05-10T07:35:00Z,-155.41595292111623,3743.2975468106524,-6104.1097042663205,-6.206742711014886,-3.5111152445751497,-2.026877091455453,7162.163494650154,7.413488793091371
numerical_gravity_2x0,2026-05-09T21:08:00Z,EarthMJ2000Eq,37680.0,2026-05-10T07:36:00Z,-527.2766816924873,3525.4861203491478,-6213.73947392797,-6.184598361547797,-3.7468805312882902,-1.626312834610519,7163.632551553839,7.411697784274924
numerical_gravity_2x0,2026-05-09T21:08:00Z,EarthMJ2000Eq,37740.0,2026-05-10T07:37:00Z,-897.0872174449835,3293.966505528037,-6299.1460894121,-6.138429772158401,-3.9679164519978616,-1.2196913517360153,7164.790455484343,7.410285286765656
numerical_gravity_2x0,2026-05-09T21:08:00Z,EarthMJ2000Eq,37800.0,2026-05-10T07:38:00Z,-1263.4117426114158,3049.6468445687183,-6360.011753964906,-6.068438262579933,-4.173419265410409,-0.808536147302025,7165.633581095821,7.409257858459033
numerical_gravity_2x0,2026-05-09T21:08:00Z,EarthMJ2000Eq,37860.0,2026-05-10T07:39:00Z,-1624.8289243524305,2793.481878855454,-6396.110450077697,-5.974905151929839,-4.362639691176242,-0.3943823443166637,7166.159287268125,7.408620255020011
numerical_gravity_2x0,2026-05-09T21:08:00Z,EarthMJ2000Eq,37920.0,2026-05-10T07:40:00Z,-1979.936680734817,2526.4696309120914,-6407.30851470395,-5.858190625849083,-4.534884577423626,0.021227369064791814,7166.365917132478,7.408375404941231
numerical_gravity_2x0,2026-05-09T21:08:00Z,EarthMJ2000Eq,37980.0,2026-05-10T07:41:00Z,-2327.356877761191,2249.6479882107255,-6393.564972817166,-5.718732564744161,-4.689518508066558,0.43674674511729866,7166.252798287082,7.408524394502233
numerical_gravity_2x0,2026-05-09T21:08:00Z,EarthMJ2000Eq,38040.0,2026-05-10T07:42:00Z,-2665.7399549311203,1964.0911919907014,-6354.931631506718,-5.557045332824059,-4.825965363912794,0.8506299568811473,7165.820243272661,7.409066462672017
numerical_gravity_2x0,2026-05-09T21:08:00Z,EarthMJ2000Eq,38100.0,2026-05-10T07:43:00Z,-2993.769476857764,1670.906233514736,-6291.552935428935,-5.373718523064435,-4.943709848540146,1.2613355765583183,7165.069550330133,7.409999005962845
numerical_gravity_2x0,2026-05-09T21:08:00Z,EarthMJ2000Eq,38160.0,2026-05-10T07:44:00Z,-3310.1666080397345,1371.2291596308594,-6203.665583029042,-5.169415648859839,-5.04229898652771,1.6673305752620997,7164.0030044146615,7.411317593209672
numerical_gravity_2x0,2026-05-09T21:08:00Z,EarthMJ2000Eq,38220.0,2026-05-10T07:45:00Z,-3613.6945072089957,1066.2212891617041,-6091.597901571048,-4.944872769025541,-5.121343597990002,2.0670943666578157,7162.623878392535,7.4130159902155865
numerical_gravity_2x0,2026-05-09T21:08:00Z,EarthMJ2000Eq,38280.0,2026-05-10T07:46:00Z,-3903.162636760963,757.0653415198565,-5955.768977701294,-4.700897029063968,-5.18051974953479,2.4591229155465206,7160.93643430009,7.415086194168511
numerical_gravity_2x0,2026-05-09T21:08:00Z,EarthMJ2000Eq,38340.0,2026-05-10T07:47:00Z,-4177.430981645988,444.9614790586319,-5796.687539070733,-4.438365098293292,-5.219570177821957,2.8419329302464567,7158.945924497525,7.417518477696943
numerical_gravity_2x0,2026-05-09T21:08:00Z,EarthMJ2000Eq,38400.0,2026-05-10T07:48:00Z,-4435.414170790141,131.12326501653456,-5614.950581492733,-4.158221479619726,-5.238305677915971,3.214066154749882,7156.658592505316,7.420301442392099
numerical_gravity_2x0,2026-05-09T21:08:00Z,EarthMJ2000Eq,38460.0,2026-05-10T07:49:00Z,-4676.085492649625,-183.2264604990716,-5411.241735256923,-3.8614766664872886,-5.2366064446762834,3.5740937731166262,7154.081673267482,7.423422081579493
numerical_gravity_2x0,2026-05-09T21:08:00Z,EarthMJ2000Eq,38520.0,2026-05-10T07:50:00Z,-4898.480794923381,-496.85978322246433,-5186.329363592241,-3.5492051199204644,-5.214423351597867,3.9206209344626126,7151.223392544534,7.426865852074162
numerical_gravity_2x0,2026-05-09T21:08:00Z,EarthMJ2000Eq,38580.0,2026-05-10T07:51:00Z,-5101.702256791749,-808.5479918221222,-4941.064385907242,-3.222543037640121,-5.171779147879523,4.252291402274624,7148.092965100169,7.430616754600048
numerical_gravity_2x0,2026-05-09T21:08:00Z,EarthMJ2000Eq,38640.0,2026-05-10T07:52:00Z,-5284.922020357944,-1117.0659238076357,-4676.377818362032,-2.882685887026586,-5.108769551142535,4.567792326706243,7144.700591309963,7.434657422494985
numerical_gravity_2x0,2026-05-09T21:08:00Z,EarthMJ2000Eq,38700.0,2026-05-10T07:53:00Z,-5447.385666288401,-1421.19637323678,-4393.278024568569,-2.5308856742618975,-5.025564210228272,4.86585913307036,7141.0574517884115,7.438969218258378
numerical_gravity_2x0,2026-05-09T21:08:00Z,EarthMJ2000Eq,38760.0,2026-05-10T07:54:00Z,-5588.415517024358,-1719.7345515953095,-4092.8476697931997,-2.168447923329771,-4.922407509950568,5.14528051403826,7137.175699602818,7.443532337429103
numerical_gravity_2x0,2026-05-09T21:08:00Z,EarthMJ2000Eq,38820.0,2026-05-10T07:55:00Z,-5707.413749418162,-2011.4925914707437,-3776.240372960092,-1.7967283406980266,-4.799619187643775,5.404903507192691,7133.068449619907,7.448325919206922
numerical_gravity_2x0,2026-05-09T21:08:00Z,EarthMJ2000Eq,38880.0,2026-05-10T07:56:00Z,-5803.865297281558,-2295.3040807854004,-3444.6770520325344,-1.4171291444501188,-4.657594729902187,5.643638633681121,7128.749764514028,7.4533281631523955
numerical_gravity_2x0,2026-05-09T21:08:00Z,EarthMJ2000Eq,38940.0,2026-05-10T07:57:00Z,-5877.340523166957,-2570.0286134305347,-3099.4419599794496,-1.0310950403496004,-4.4968055171154955,5.860465067903241,7124.234636955282,7.458516451219239
numerical_gravity_2x0,2026-05-09T21:08:00Z,EarthMJ2000Eq,39000.0,2026-05-10T07:58:00Z,-5927.497637781772,-2834.5563401935838,-2741.8784105075197,-0.6401088317754916,-4.317798683323299,6.054435802578597,7119.538967492725,7.463867474290453
numerical_gravity_2x0,2026-05-09T21:08:00Z,EarthMJ2000Eq,39060.0,2026-05-10T07:59:00Z,-5954.084844802952,-3087.8125019382064,-2373.384195037499,-0.2456866555998849,-4.121196659582799,6.224682768315129,7114.679537652548,7.469357362307388
numerical_gravity_2x0,2026-05-09T21:08:00Z,EarthMJ2000Eq,39120.0,2026-05-10T08:00:00Z,-5956.942188552422,-3328.7619251280607,-1995.4066950005447,0.15062715818564265,-3.907696370496594,6.370421862078768,7109.673977784845,7.474961817001238
numerical_gravity_2x0,2026-05-09T21:08:00Z,EarthMJ2000Eq,39180.0,2026-05-10T08:01:00Z,-5936.003082047448,-3556.413458027522,-1609.4376963922375,0.5472655990489645,-3.67806805579418,6.490957834887054,7104.540729215677,7.480656246161671
numerical_gravity_2x0,2026-05-09T21:08:00Z,EarthMJ2000Eq,39240.0,2026-05-10T08:02:00Z,-5891.2954933798765,-3769.82432431329,-1217.0079166058306,0.9426448500294262,-3.4331536918948635,6.585688985749073,7099.299000294568,7.486415898310418
numerical_gravity_2x0,2026-05-09T21:08:00Z,EarthMJ2000Eq,39300.0,2026-05-10T08:03:00Z,-5822.942769223996,-3968.1043694366085,-819.6812568217423,1.3351705058327454,-3.173864992173693,6.654111606472232,7093.968715971673,7.492215996591385
numerical_gravity_2x0,2026-05-09T21:08:00Z,EarthMJ2000Eq,39360.0,2026-05-10T08:04:00Z,-5731.164075535006,-4150.420173930877,-419.04879660023107,1.7232441103801615,-2.901180969156357,6.695824120560319,7088.57046059412,7.49803187064661
numerical_gravity_2x0,2026-05-09T21:08:00Z,EarthMJ2000Eq,39420.0,2026-05-10T08:05:00Z,-5616.274437179996,-4315.999007004268,-16.722550745484128,2.10526998236851,-2.6161450470114604,6.7105308591232165,7083.12541367769,7.503839085222276
numerical_gravity_2x0,2026-05-09T21:08:00Z,EarthMJ2000Eq,39480.0,2026-05-10T08:06:00Z,-5478.684360331925,-4464.132593227204,385.67098808546126,2.47966229071916,-2.3198617183945163,6.698045417567373,7077.65527848806,7.509613564244317
numerical_gravity_2x0,2026-05-09T21:08:00Z,EarthMJ2000Eq,39540.0,2026-05-10T08:07:00Z,-5318.899023934901,-4594.180664949411,786.4974942367346,2.844852335526939,-2.013492745811115,6.658293538868921,7072.18220335501,7.515331709121739
numerical_gravity_2x0,2026-05-09T21:08:00Z,EarthMJ2000Eq,39600.0,2026-05-10T08:08:00Z,-5137.517029386202,-4705.57427328234,1184.1216114170438,3.1992959844383146,-1.6982529140721045,6.591315472445654,7066.728695742801,7.520970510080398
numerical_gravity_2x0,2026-05-09T21:08:00Z,EarthMJ2000Eq,39660.0,2026-05-10T08:09:00Z,-4935.228700736835,-4797.818831073234,1576.9138796850868,3.541481209455523,-1.3754053469599825,6.497267762001511,7061.317529209475,7.526507649402662
numerical_gravity_2x0,2026-05-09T21:08:00Z,EarthMJ2000Eq,39720.0,2026-05-10T08:10:00Z,-4712.81393113853,-4870.496862280542,1963.257751529628,3.8699356651276493,-1.0462564077513004,6.376424421141756,7055.971643505887,7.531921595550542
numerical_gravity_2x0,2026-05-09T21:08:00Z,EarthMJ2000Eq,39780.0,2026-05-10T08:11:00Z,-4471.139574903162,-4923.270433530539,2341.5566592317223,4.183234246076426,-0.7121502095763523,6.229177461935452,7050.71403819029,7.537191687281865
numerical_gravity_2x0,2026-05-09T21:08:00Z,EarthMJ2000Eq,39840.0,2026-05-10T08:12:00Z,-4211.156388326389,-4955.88324537548,2710.2410938190856,4.480006559909142,-0.3744627675778616,6.056036748786002,7045.567660264233,7.542298207030635
numerical_gravity_2x0,2026-05-09T21:08:00Z,EarthMJ2000Eq,39900.0,2026-05-10T08:13:00Z,-3933.8955262916197,-4968.162362858224,3067.7756544959275,4.758944250854219,-0.03459583029462829,5.857629157781134,7040.555286468259,7.547222443011727
numerical_gravity_2x0,2026-05-09T21:08:00Z,EarthMJ2000Eq,39960.0,2026-05-10T08:14:00Z,-3640.464605541797,-4960.019567381534,3412.6660264872658,5.0188081099379644,0.30602956750074545,5.634697029926342,7035.699401008451,7.551946739723773
numerical_gravity_2x0,2026-05-09T21:08:00Z,EarthMJ2000Eq,40020.0,2026-05-10T08:15:00Z,-3332.0433493133073,-4931.452314538772,3743.4658447935394,5.258434909182355,0.6459797842623538,5.38809591509908,7031.022069614677,7.556454536758007
numerical_gravity_2x0,2026-05-09T21:08:00Z,EarthMJ2000Eq,40080.0,2026-05-10T08:16:00Z,-3009.878831699587,-4882.544285436295,4058.783401414422,5.476743900079731,0.9838154340434409,5.118791611965045,7026.544810954892,7.560730396069306
numerical_gravity_2x0,2026-05-09T21:08:00Z,EarthMJ2000Eq,40140.0,2026-05-10T08:17:00Z,-2675.2803435878313,-4813.465522071765,4357.28815416149,5.672742920385235,1.3180983801976296,4.827856517245737,7022.288466544013,7.564760018121695
numerical_gravity_2x0,2026-05-09T21:08:00Z,EarthMJ2000Eq,40200.0,2026-05-10T08:18:00Z,-2329.6139052341314,-4724.47214046931,4637.716996215921,5.845534057919162,1.647398807595399,4.5164653054041555,7018.27307038711,7.568530247576412
numerical_gravity_2x0,2026-05-09T21:08:00Z,EarthMJ2000Eq,40260.0,2026-05-10T08:19:00Z,-1974.296453463506,-4615.905618454295,4898.880247065695,5.994318825415435,1.970302320263744,4.185889966833401,7014.517719681586,7.572029069437273
numerical_gravity_2x0,2026-05-09T21:08:00Z,EarthMJ2000Eq,40320.0,2026-05-10T08:20:00Z,-1610.7897340658756,-4488.191658121705,5139.667327332283,6.118402806293143,2.2854170119771373,3.837494238835502,7011.040447968636,7.575245596796581
numerical_gravity_2x0,2026-05-09T21:08:00Z,EarthMJ2000Eq,40380.0,2026-05-10T08:21:00Z,-1240.5939321834398,-4341.838626161316,5359.0520822172075,6.217199737357328,2.591380458757197,3.472727468952029,7007.8581021674045,7.578170051525543
numerical_gravity_2x0,2026-05-09T21:08:00Z,EarthMJ2000Eq,40440.0,2026-05-10T08:22:00Z,-865.2410753381605,-4177.435578204971,5556.0977208059485,6.29023500064473,2.886866584356472,3.093117954489451,7004.9862249436355,7.580793739417728
numerical_gravity_2x0,2026-05-09T21:08:00Z,EarthMJ2000Eq,40500.0,2026-05-10T08:23:00Z,-486.28824523129475,-3995.649876219201,5729.96134120056,6.337148502722561,3.170592352463979,2.7002658053580166,7002.438943856174,7.5831090214138195
numerical_gravity_2x0,2026-05-09T21:08:00Z,EarthMJ2000Eq,40560.0,2026-05-10T08:24:00Z,-105.31063557254366,-3797.224410652287,5879.898014353395,6.357696925549698,3.4413242424173895,2.2958353796520994,7000.228868688174,7.5851092826047015
numerical_gravity_2x0,2026-05-09T21:08:00Z,EarthMJ2000Eq,40620.0,2026-05-10T08:25:00Z,276.1055060136901,-3582.974441540398,6005.264402487008,6.351755338379029,3.697884468475028,1.8815473428292435,6998.3669983047075,7.5867889007223015
numerical_gravity_2x0,2026-05-09T21:08:00Z,EarthMJ2000Eq,40680.0,2026-05-10T08:26:00Z,656.3700134741642,-3353.7840750742603,6105.52189106046,6.319318165017847,3.939156906032304,1.4591704020226228,6996.8626382849825,7.588143215781144
numerical_gravity_2x0,2026-05-09T21:08:00Z,EarthMJ2000Eq,40740.0,2026-05-10T08:27:00Z,1033.8959764636147,-3110.602394226436,6180.239216339377,6.260499505017813,4.164092691420619,1.0305127671060437,6995.723330456547,7.589168502427618
numerical_gravity_2x0,2026-05-09T21:08:00Z,EarthMJ2000Eq,40800.0,2026-05-10T08:28:00Z,1407.106914418563,-2854.439263947977,6229.094573715975,6.175532811033836,4.371715464986772,0.5974133897998924,6994.954795312847,7.589861946390868
numerical_gravity_2x0,2026-05-09T21:08:00Z,EarthMJ2000Eq,40860.0,2026-05-10T08:29:00Z,1774.4439120848044,-2586.3608331762935,6251.87719498636,6.064769927716778,4.561126229936077,0.16173303154256274,6994.560888126839,7.590221626213599
numerical_gravity_2x0,2026-05-09T21:08:00Z,EarthMJ2000Eq,40920.0,2026-05-10T08:30:00Z,2134.3726784192627,-2307.4847574714067,6248.488385817087,5.9286795001748045,4.731507801889794,-0.27465478977170804,6994.54356938582,7.590246501180413
numerical_gravity_2x0,2026-05-09T21:08:00Z,EarthMJ2000Eq,40980.0,2026-05-10T08:31:00Z,2485.3904913403717,-2018.9751675347636,6218.942017622187,5.76784476237366,4.882128826255387,-0.709872924621846,6994.902889970231,7.589936406064694
numerical_gravity_2x0,2026-05-09T21:08:00Z,EarthMJ2000Eq,41040.0,2026-05-10T08:32:00Z,2826.0329914882955,-1722.0374101816153,6163.3644710348,5.582960717991198,5.012347342374792,-1.142049739018956,6995.6369912867385,7.589292052993987
numerical_gravity_2x0,2026-05-09T21:08:00Z,EarthMJ2000Eq,41100.0,2026-05-10T08:33:00Z,3154.8807889702557,-1417.9125895494747,6081.994031108541,5.37483072835026,5.121613875075481,-1.5693282348141915,6996.742120348327,7.588315040400531
numerical_gravity_2x0,2026-05-09T21:08:00Z,EarthMJ2000Eq,41160.0,2026-05-10T08:34:00Z,3470.5658480094794,-1107.8719374407708,5975.179737340407,5.144362524277297,5.20947403580462,-1.989875093735701,6998.212659576865,7.58700786869111
numerical_gravity_2x0,2026-05-09T21:08:00Z,EarthMJ2000Eq,41220.0,2026-05-10T08:35:00Z,3771.7776154996927,-793.2110427202141,5843.379694586007,4.892563661205261,5.275570617101058,-2.401889595233647,7000.041170891633,7.585373961951904
numerical_gravity_2x0,2026-05-09T21:08:00Z,EarthMJ2000Eq,41280.0,2026-05-10T08:36:00Z,4057.268860708974,-475.24397061141184,5687.1588539530885,4.620536439662805,5.319645165884543,-2.8036123575297087,7002.218453445894,7.583417694711528
numerical_gravity_2x0,2026-05-09T21:08:00Z,EarthMJ2000Eq,41340.0,2026-05-10T08:37:00Z,4325.861194800315,-155.29730355012776,5507.186275817772,4.329472316532617,5.341539023045263,-3.1933338505276248,7004.73361418725,7.581144422530363
numerical_gravity_2x0,2026-05-09T21:08:00Z,EarthMJ2000Eq,41400.0,2026-05-10T08:38:00Z,4576.450240467399,165.29586406712912,5304.231890208652,4.020645836139177,5.341193819214216,-3.5694026286017695,7007.574150250446,7.578560514975431
numerical_gravity_2x0,2026-05-09T21:08:00Z,EarthMJ2000Eq,41460.0,2026-05-10T08:39:00Z,4808.010423848375,485.2019443771596,5079.162772935591,3.695408114310609,5.318651419475999,-3.930233230919798,7010.726042047055,7.575673389384803
numerical_gravity_2x0,2026-05-09T21:08:00Z,EarthMJ2000Eq,41520.0,2026-05-10T08:40:00Z,5019.599363000056,803.0928545903224,4832.938958980358,3.3551799129722255,5.274053313207953,-4.274313697058497,7014.173855797612,7.572491543728126
numerical_gravity_2x0,2026-05-09T21:08:00Z,EarthMJ2000Eq,41580.0,2026-05-10T08:41:00Z,5210.361829606425,1117.651962268246,4566.608817781959,3.0014443474485146,5.207639449211801,-4.600212646416937,7017.900854160424,7.569024586832306
numerical_gravity_2x0,2026-05-09T21:08:00Z,EarthMJ2000Eq,41640.0,2026-05-10T08:42:00Z,5379.533263266037,1427.5799441732672,4281.3040180973785,2.6357392733165836,5.119746520823373,-4.906585871474294,7021.889113548308,7.565283264262986
numerical_gravity_2x0,2026-05-09T21:08:00Z,EarthMJ2000Eq,41700.0,2026-05-10T08:43:00Z,5526.442820650554,1731.600525952623,3978.2341130463983,2.259649404181892,5.0108057106784365,-5.192182397404618,7026.119646690164,7.561279478230227
numerical_gravity_2x0,2026-05-09T21:08:00Z,EarthMJ2000Eq,41760.0,2026-05-10T08:44:00Z,5650.5159450368155,2028.4660706604448,3658.680778699683,1.8747982159363676,4.881339910175434,-5.455849964026957,7030.572528988122,7.557026300015281
numerical_gravity_2x0,2026-05-09T21:08:00Z,EarthMJ2000Eq,41820.0,2026-05-10T08:45:00Z,5751.2764451610155,2316.9629851902014,3323.9917420807433,1.4828396967076685,4.731960434273909,-5.696539890567104,7035.227027241295,7.552537973587957
numerical_gravity_2x0,2026-05-09T21:08:00Z,EarthMJ2000Eq,41880.0,2026-05-10T08:46:00Z,5828.348075987786,2595.916915098801,2975.5744366635636,1.0854500046251712,4.563363257939976,-5.9133112892143025,7040.061729352399,7.54782990929225
numerical_gravity_2x0,2026-05-09T21:08:00Z,EarthMJ2000Eq,41940.0,2026-05-10T08:47:00Z,5881.455617779832,2864.197700050334,2614.8894252998202,0.6843190975444234,4.376324806121477,-6.105334599897537,7045.054673700723,7.542918666712787
numerical_gravity_2x0,2026-05-09T21:08:00Z,EarthMJ2000Eq,42000.0,2026-05-10T08:48:00Z,5910.425453737116,3120.724064180903,2243.4436319502424,0.28114239985067424,4.17169733442317,-6.271894425958455,7050.183476951466,7.537821926086866
numerical_gravity_2x0,2026-05-09T21:08:00Z,EarthMJ2000Eq,42060.0,2026-05-10T08:49:00Z,5915.185650383023,3364.468018063748,1862.7834245798815,-0.12238742869315583,3.950403942478535,-6.4123916582958,7055.4254591739955,7.532558447886988
numerical_gravity_2x0,2026-05-09T21:08:00Z,EarthMJ2000Eq,42120.0,2026-05-10T08:50:00Z,5895.765548738573,3594.458951603133,1474.487592073897,-0.5245885584301214,3.713433266214704,-6.526344883901134,7060.757765256673,7.527148020458234
numerical_gravity_2x0,2026-05-09T21:08:00Z,EarthMJ2000Eq,42180.0,2026-05-10T08:51:00Z,5852.294878073144,3809.7874000643974,1080.1602580187314,-0.9237978285332683,3.461833898637683,-6.613391083275964,7066.157481730342,7.52161139584556
numerical_gravity_2x0,2026-05-09T21:08:00Z,EarthMJ2000Eq,42240.0,2026-05-10T08:52:00Z,5785.002407580686,4009.6084685061824,681.4237736666237,-1.3183783015619575,3.196708591310892,-6.67328562978305,7071.601748242677,7.515970214181214
numerical_gravity_2x0,2026-05-09T21:08:00Z,EarthMJ2000Eq,42300.0,2026-05-10T08:53:00Z,5694.214154637484,4193.14490306362,279.9116313668374,-1.706726481191641,2.9192082902789944,-6.705901612305792,7077.067863058594,7.5102469172164925
numerical_gravity_2x0,2026-05-09T21:08:00Z,EarthMJ2000Eq,42360.0,2026-05-10T08:54:00Z,5580.351171290646,4359.689800778442,-122.73856177399051,-2.087279146151427,2.630526060753457,-6.711228510445138,7082.533382094489,7.5044646517705305
numerical_gravity_2x0,2026-05-09T21:08:00Z,EarthMJ2000Eq,42420.0,2026-05-10T08:55:00Z,5443.926933253409,4508.608952922206,-524.8920122131107,-2.4585197598873054,2.331890954415309,-6.6893702586685855,7087.976211123825,7.498647164028995
numerical_gravity_2x0,2026-05-09T21:08:00Z,EarthMJ2000Eq,42480.0,2026-05-10T08:56:00Z,5285.544357902026,4639.342819951226,-924.9235348648796,-2.818984422565688,2.0245618717277587,-6.640542742162413,7093.374690916157,7.492818685755562
numerical_gravity_2x0,2026-05-09T21:08:00Z,EarthMJ2000Eq,42540.0,2026-05-10T08:57:00Z,5105.892479548155,4751.408139307571,-1321.224181886901,-3.1672673395496536,1.7098214692424705,-6.565070772480785,7098.70767518901,7.487003813578691
numerical_gravity_2x0,2026-05-09T21:08:00Z,EarthMJ2000Eq,42600.0,2026-05-10T08:58:00Z,4905.742811581169,4844.399170185505,-1712.2076756985819,-3.502025788219744,1.3889701586124614,-6.463384595324676,7103.954601360812,7.481227382585853
numerical_gravity_2x0,2026-05-09T21:08:00Z,EarthMJ2000Eq,42660.0,2026-05-10T08:59:00Z,4685.945425929237,4917.988582068199,-2096.316619809515,-3.821984572774043,1.0633202399990098,-6.336015985848833,7109.09555419182,7.475514335498682
numerical_gravity_2x0,2026-05-09T21:08:00Z,EarthMJ2000Eq,42720.0,2026-05-10T09:00:00Z,4447.424780680788,4971.927996263985,-2472.028464420808,-4.125939964238363,0.7341902079048482,-6.183593988753463,7114.111322488134,7.469889588717533
numerical_gravity_2x0,2026-05-09T21:08:00Z,EarthMJ2000Eq,42780.0,2026-05-10T09:01:00Z,4191.175326654348,5006.048191800977,-2837.8612072235032,-4.412763130170722,0.40289926231853074,-6.00684036107319,7118.983449120672,7.464377896515478
numerical_gravity_2x0,2026-05-09T21:08:00Z,EarthMJ2000Eq,42840.0,2026-05-10T09:02:00Z,3918.2569232302853,5020.258988848563,-3192.378813283378,-4.681403065297796,0.07076205255927269,-5.806564775066676,7123.694274676408,7.459003714632881
numerical_gravity_2x0,2026-05-09T21:08:00Z,EarthMJ2000Eq,42900.0,2026-05-10T09:03:00Z,3629.790092896639,5014.548824307269,-3534.196341302726,-4.930889040440249,-0.2609163244869808,-5.58365983700372,7128.226975113066,7.45379106447759
numerical_gravity_2x0,2026-05-09T21:08:00Z,EarthMJ2000Eq,42960.0,2026-05-10T09:04:00Z,3326.9511427546195,4988.984035337151,-3861.9847668239195,-5.160332592459459,-0.5908450558089223,-5.33909597503524,7132.565593831244,7.448763399075762
numerical_gravity_2x0,2026-05-09T21:08:00Z,EarthMJ2000Eq,43020.0,2026-05-10T09:05:00Z,3010.9671797246274,4943.70786737949,-4174.475496029734,-5.3689290825063845,-0.9177520631428289,-5.073916245828133,7136.69506860994,7.443943471847729
numerical_gravity_2x0,2026-05-09T21:08:00Z,EarthMJ2000Eq,43080.0,2026-05-10T09:06:00Z,2683.1110444423816,4878.939223675379,-4470.464566651797,-5.555958853517076,-1.2403881685187266,-4.789231105379307,7140.601253873237,7.439353209205
numerical_gravity_2x0,2026-05-09T21:08:00Z,EarthMJ2000Eq,43140.0,2026-05-10T09:07:00Z,2344.6961868910353,4794.971173413208,-4748.816535079322,-5.720788020646163,-1.5575309748996131,-4.486213184528838,7144.270938768194,7.435013587881381
numerical_gravity_2x0,2026-05-09T21:08:00Z,EarthMJ2000Eq,43200.0,2026-05-10T09:08:00Z,1997.071504734416,4692.169235466378,-5008.468051032204,-5.86286893015119,-1.8679884671062872,-4.166092104314509,7147.691861537516,7.430944517825843
numerical_gravity_2x0,2026-05-09T21:08:00Z,EarthMJ2000Eq,43260.0,2026-05-10T09:09:00Z,1641.6161631539997,4570.969454239854,-5248.431123100932,-5.981740323149579,-2.170602342506675,-3.83014936059285,7150.85272066603,7.427164731399117
numerical_gravity_2x0,2026-05-09T21:08:00Z,EarthMJ2000Eq,43320.0,2026-05-10T09:10:00Z,1279.7344128017553,4431.87628346047,-5467.796080044463,-6.077027240698264,-2.4642510846841374,-3.479713301437236,7153.743183268326,7.423691679532154
numerical_gravity_2x0,2026-05-09T21:08:00Z,EarthMJ2000Eq,43380.0,2026-05-10T09:11:00Z,912.8504203141341,4275.460292855855,-5665.734233968548,-6.14844070584169,-2.7478527964352857,-3.116154214847484,7156.353891166782,7.420541435423699
numerical_gravity_2x0,2026-05-09T21:08:00Z,EarthMJ2000Eq,43440.0,2026-05-10T09:12:00Z,542.4031237372866,4102.355711607483,-5841.500252381142,-6.195777216698487,-3.0203678109510514,-2.7408795383964586,7158.676465085389,7.417728606277644
numerical_gravity_2x0,2026-05-09T21:08:00Z,EarthMJ2000Eq,43500.0,2026-05-10T09:13:00Z,169.84112323430634,3913.257821273331,-5994.4342466461685,-6.218918082383159,-3.2808011018861154,-2.3553291967157133,7160.703507356159,7.415266253509099
numerical_gravity_2x0,2026-05-09T21:08:00Z,EarthMJ2000Eq,43560.0,2026-05-10T09:14:00Z,-203.3823843785996,3708.920209594191,-6123.963584546388,-6.217828630667338,-3.528204514215597,-1.9609710672922642,7162.428603501887,7.413165821781889
numerical_gravity_2x0,2026-05-09T21:08:00Z,EarthMJ2000Eq,43620.0,2026-05-10T09:15:00Z,-575.8146203541439,3490.15189526427,-6229.604434541091,-6.192557312862341,-3.761678838320231,-1.5592965700080916,7163.846323022597,7.411437077179439
numerical_gravity_2x0,2026-05-09T21:08:00Z,EarthMJ2000Eq,43680.0,2026-05-10T09:16:00Z,-946.0081824963044,3257.8143323998956,-6310.963048890635,-6.143234727541783,-3.9803757496490246,-1.151816371287244,7164.952219673423,7.410088054755808
numerical_gravity_2x0,2026-05-09T21:08:00Z,EarthMJ2000Eq,43740.0,2026-05-10T09:17:00Z,-1312.5259430774145,3012.8183021172504,-6367.736792148269,-6.070072580513118,-4.183499635607721,-0.7400561896944873,7165.742831479696,7.409125015663607
numerical_gravity_2x0,2026-05-09T21:08:00Z,EarthMJ2000Eq,43800.0,2026-05-10T09:18:00Z,-1673.9458827761264,2756.120697366633,-6399.714920624653,-5.9733625939844055,-4.370309330046568,-0.3255526864146816,7166.215680691009,7.408552414010176
numerical_gravity_2x0,2026-05-09T21:08:00Z,EarthMJ2000Eq,43860.0,2026-05-10T09:19:00Z,-2028.8658578610587,2488.721206000017,-6406.779117350132,-5.8534753732513485,-4.54011977391344,0.09015057871761395,7166.369273830522,7.408372873552124
numerical_gravity_2x0,2026-05-09T21:08:00Z,EarthMJ2000Eq,43920.0,2026-05-10T09:20:00Z,-2375.908298203951,2211.6588960011813,-6388.903785834386,-5.710859234542887,-4.692303618345656,0.5055071470355826,7166.203101949072,7.408587174300344
numerical_gravity_2x0,2026-05-09T21:08:00Z,EarthMJ2000Eq,43980.0,2026-05-10T09:21:00Z,-2713.7248337842493,1926.0087059110358,-6346.156104595241,-5.546038993002532,-4.826292783748812,0.9189716394484702,7165.717641146203,7.40919424907196
numerical_gravity_2x0,2026-05-09T21:08:00Z,EarthMJ2000Eq,44040.0,2026-05-10T09:22:00Z,-3041.0008471485094,1632.8778427591078,-6278.695843041756,-5.3596147052365435,-4.941579985311307,1.329003736794014,7164.914353372371,7.410191189991629
numerical_gravity_2x0,2026-05-09T21:08:00Z,EarthMJ2000Eq,44100.0,2026-05-10T09:23:00Z,-3356.459948822301,1333.4020892862366,-6186.774937895883,-5.152260356515271,-5.03772023199066,1.7340721853532644,7163.7956874786505,7.411573264910949
numerical_gravity_2x0,2026-05-09T21:08:00Z,EarthMJ2000Eq,44160.0,2026-05-10T09:24:00Z,-3658.8683719540572,1028.742021930062,-6070.736827966456,-4.924722478654233,-5.114332302347897,2.1326588498695997,7162.36508043249,7.413333943680708
numerical_gravity_2x0,2026-05-09T21:08:00Z,EarthMJ2000Eq,44220.0,2026-05-10T09:25:00Z,-3947.039281519047,720.0791409567473,-5931.015543793369,-4.677818680906541,-5.171100196768479,2.5232628348082087,7160.626958571013,7.415464934175171
numerical_gravity_2x0,2026-05-09T21:08:00Z,EarthMJ2000Eq,44280.0,2026-05-10T09:26:00Z,-4219.83699225153,408.6119142680399,-5768.134547501494,-4.412436072944517,-5.207774561664617,2.904404692280103,7158.586738717112,7.417956227929752
numerical_gravity_2x0,2026-05-09T21:08:00Z,EarthMJ2000Eq,44340.0,2026-05-10T09:27:00Z,-4476.181088132874,95.55173679633151,-5582.705317184803,-4.12952955626722,-5.2241740772799,3.2746307320684687,7156.250828938759,7.420796155212399
numerical_gravity_2x0,2026-05-09T21:08:00Z,EarthMJ2000Eq,44400.0,2026-05-10T09:28:00Z,-4715.050434775674,-217.8811919786371,-5375.4256693203315,-3.8301199582085554,-5.220186796790457,3.6325174455777405,7153.626628688713,7.423971449303907
numerical_gravity_2x0,2026-05-09T21:08:00Z,EarthMJ2000Eq,44460.0,2026-05-10T09:29:00Z,-4935.487074445425,-530.4620690046157,-5147.077812125545,-3.515291981197985,-5.195771420597548,3.9766760513311366,7150.7225280208995,7.42746731971294
numerical_gravity_2x0,2026-05-09T21:08:00Z,EarthMJ2000Eq,44520.0,2026-05-10T09:30:00Z,-5136.59999179186,-840.9657626611361,-4898.5261224539445,-3.1861919390951576,-5.1509584861155915,4.305757164935452,7147.547905541315,7.431267533996752
numerical_gravity_2x0,2026-05-09T21:08:00Z,EarthMJ2000Eq,44580.0,2026-05-10T09:31:00Z,-5317.568736664809,-1148.1711560487358,-4630.714638800897,-2.844025252325828,-5.085851450059113,4.6184555912890515,7144.113124716194,7.435354507798836
numerical_gravity_2x0,2026-05-09T21:08:00Z,EarthMJ2000Eq,44640.0,2026-05-10T09:32:00Z,-5477.646888709399,-1450.8655513488793,-4344.664263288411,-2.4900536742228487,-5.0006276373033085,4.913515231318332,7140.429528128828,7.439709402649382
numerical_gravity_2x0,2026-05-09T21:08:00Z,EarthMJ2000Eq,44700.0,2026-05-10T09:33:00Z,-5616.165346819756,-1747.8491264080349,-4041.4696661315834,-2.125592222445617,-4.895539027915297,5.189734089788607,7136.509429249438,7.444312231004093
numerical_gravity_2x0,2026-05-09T21:08:00Z,EarthMJ2000Eq,44760.0,2026-05-10T09:34:00Z,-5732.535425026913,-2037.939432933884,-3722.2958870726825,-1.7520057916228646,-4.770912852002808,5.445969364857833,7132.366101260757,7.4491419679219195
numerical_gravity_2x0,2026-05-09T21:08:00Z,EarthMJ2000Eq,44820.0,2026-05-10T09:35:00Z,-5826.251735053367,-2319.9759238266874,-3388.3746296057684,-1.370705426430998,-4.627151960674598,5.6811425941460465,7128.013762465943,7.454176668703434
numerical_gravity_2x0,2026-05-09T21:08:00Z,EarthMJ2000Eq,44880.0,2026-05-10T09:36:00Z,-5896.894834630944,-2592.824495242326,-3041.0002455028375,-0.9831442381601402,-4.464734940715806,5.894244826308839,7123.467557796137,7.459393591730132
numerical_gravity_2x0,2026-05-09T21:08:00Z,EarthMJ2000Eq,44940.0,2026-05-10T09:37:00Z,-5944.133619795305,-2855.382027036743,-2681.525409180878,-0.5908129523913551,-4.284215940605006,6.084341781565322,7118.7435359330075,7.464769325662307
numerical_gravity_2x0,2026-05-09T21:08:00Z,EarthMJ2000Eq,45000.0,2026-05-10T09:38:00Z,-5967.727438781989,-3106.5809033186365,-2311.3564837990243,-0.1952350806505837,-4.086224176279461,6.250578959479801,7113.858621567852,7.470279920071201
numerical_gravity_2x0,2026-05-09T21:08:00Z,EarthMJ2000Eq,45060.0,2026-05-10T09:39:00Z,-5967.527904893013,-3345.3934929845823,-1931.9485836187418,0.20203828526337994,-3.8714630866175126,6.3921866476728,7108.830582333978,7.475901018502091
numerical_gravity_2x0,2026-05-09T21:08:00Z,EarthMJ2000Eq,45120.0,2026-05-10T09:40:00Z,-5943.4803858123905,-3570.836568375568,-1544.800340061832,0.5994340512585719,-3.640709110961998,6.508484781179527,7103.677989973923,7.481607992891332
numerical_gravity_2x0,2026-05-09T21:08:00Z,EarthMJ2000Eq,45180.0,2026-05-10T09:41:00Z,-5895.625147349172,-3781.97563862365,-1151.4483820170472,0.9953630595293591,-3.3948100641462973,6.598887599014099,7098.4201753381985,7.487376078194997
numerical_gravity_2x0,2026-05-09T21:08:00Z,EarthMJ2000Eq,45240.0,2026-05-10T09:42:00Z,-5824.09813049593,-3977.929172898189,-753.4615442247457,1.3882263691078918,-3.1346830883748735,6.662908042255788,7093.077176858164,7.493180506032587
numerical_gravity_2x0,2026-05-09T21:08:00Z,EarthMJ2000Eq,45300.0,2026-05-10T09:43:00Z,-5729.131342018167,-4157.872687656583,-352.43482095197896,1.776421852763108,-2.8613121659000114,6.70016183675313,7087.669682192795,7.498996636109714
numerical_gravity_2x0,2026-05-09T21:08:00Z,EarthMJ2000Eq,45360.0,2026-05-10T09:44:00Z,-5611.05284053573,-4321.04267119448,50.0169144061585,2.158351077715776,-2.575745181650727,6.710371203425266,7082.218962817679,7.5048000841616584
numerical_gravity_2x0,2026-05-09T21:08:00Z,EarthMJ2000Eq,45420.0,2026-05-10T09:45:00Z,-5470.2863022102165,-4466.740318309642,452.26539976727094,2.532426430994076,-2.2790905307106044,6.693368140183616,7076.7468014044625,7.510566845158707
numerical_gravity_2x0,2026-05-09T21:08:00Z,EarthMJ2000Eq,45480.0,2026-05-10T09:46:00Z,-5307.350152691725,-4594.335047770221,852.6756575151817,2.8970784440496664,-1.972513271689868,6.649097221726737,7071.275411929988,7.516273410536908
numerical_gravity_2x0,2026-05-09T21:08:00Z,EarthMJ2000Eq,45540.0,2026-05-10T09:47:00Z,-5122.856254872309,-4703.267775532478,1249.6128199085058,3.2507632656616887,-1.6572308334559196,6.577617866868719,7065.827352555839,7.521896878267014
numerical_gravity_2x0,2026-05-09T21:08:00Z,EarthMJ2000Eq,45600.0,2026-05-10T09:48:00Z,-4917.508145200666,-4793.053917296773,1641.4490733968973,3.5919702273381606,-1.3345082892232485,6.479106027602191,7060.4254314300615,7.527415054651919
numerical_gravity_2x0,2026-05-09T21:08:00Z,EarthMJ2000Eq,45660.0,2026-05-10T09:49:00Z,-4692.098814781897,-4863.286095026065,2026.5706859124075,3.9192294415260442,-1.0056532184951448,6.353855259688448,7055.092605682156,7.532806546849902
numerical_gravity_2x0,2026-05-09T21:08:00Z,EarthMJ2000Eq,45720.0,2026-05-10T09:50:00Z,-4447.508035158666,-4913.6365234705745,2403.385078982343,4.2311193700841825,-0.6720101836281588,6.202277141090549,7049.851874008407,7.538050845258067
numerical_gravity_2x0,2026-05-09T21:08:00Z,EarthMJ2000Eq,45780.0,2026-05-10T09:51:00Z,-4184.699232480412,-4943.859054527783,2770.327904704542,4.526274298748256,-0.33495485368945727,6.02490101186643,7044.726163375206,7.5431283950565415
numerical_gravity_2x0,2026-05-09T21:08:00Z,EarthMJ2000Eq,45840.0,2026-05-10T09:52:00Z,-3904.715917645698,-4953.790859391085,3125.870086277392,4.803391652778734,0.004112186360394576,5.8223730170345345,7039.738210500884,7.548020656407408
numerical_gravity_2x0,2026-05-09T21:08:00Z,EarthMJ2000Eq,45900.0,2026-05-10T09:53:00Z,-3608.677683877374,-4943.353730866576,3468.5247799147587,5.061239089646258,0.3437718984433249,5.5954544422061305,7034.910438908927,7.552710153019705
numerical_gravity_2x0,2026-05-09T21:08:00Z,EarthMJ2000Eq,45960.0,2026-05-10T09:54:00Z,-3297.7757869895736,-4912.554990921212,3796.854215616704,5.298661306446342,0.6825934794970931,5.3450193402230495,7030.264832474375,7.557180509028618
numerical_gravity_2x0,2026-05-09T21:08:00Z,EarthMJ2000Eq,46020.0,2026-05-10T09:55:00Z,-2973.268327261135,-4861.4879914161875,4109.476374413453,5.514586502675723,1.0191412253681622,5.0720514554167675,7025.822806507461,7.561416474387158
numerical_gravity_2x0,2026-05-09T21:08:00Z,EarthMJ2000Eq,46080.0,2026-05-10T09:56:00Z,-2636.4750552787114,-4790.332199021596,4405.071460341552,5.708032442934601,1.3519815188143351,4.77764046018911,7021.60507753075,7.565403939225286
numerical_gravity_2x0,2026-05-09T21:08:00Z,EarthMJ2000Eq,46140.0,2026-05-10T09:57:00Z,-2288.7718272995858,-4699.352858444883,4682.388126523594,5.87811206889392,1.679689888879182,4.462977526195604,7017.631533004815,7.569129937886279
numerical_gravity_2x0,2026-05-09T21:08:00Z,EarthMJ2000Eq,46200.0,2026-05-10T09:58:00Z,-1931.5847385634404,-4588.90023127882,4940.249416270419,6.0240386153068215,2.000858088755426,4.129350259305113,7013.921102339419,7.572582643594519
numerical_gravity_2x0,2026-05-09T21:08:00Z,EarthMJ2000Eq,46260.0,2026-05-10T09:59:00Z,-1566.3839655202607,-4459.408410929749,5177.55838206121,6.145130190749323,2.3141011399939817,3.778137033564743,7010.491630589275,7.575751354933295
numerical_gravity_2x0,2026-05-09T21:08:00Z,EarthMJ2000Eq,46320.0,2026-05-10T10:00:00Z,-1194.677350116306,-4311.393717173187,5393.303347528981,6.240813789937963,2.618064292445243,3.4108007645118374,7007.359756272591,7.578626475506706
numerical_gravity_2x0,2026-05-09T21:08:00Z,EarthMJ2000Eq,46380.0,2026-05-10T10:01:00Z,-818.0037610826101,-4145.452676857814,5586.5627801279115,6.310628710683628,2.91142985151497,3.0288821662891574,7004.540794764737,7.581199488317234
numerical_gravity_2x0,2026-05-09T21:08:00Z,EarthMJ2000Eq,46440.0,2026-05-10T10:02:00Z,-437.92626860378164,-3962.2596001046622,5756.5097449246505,6.354229354606376,3.1929238270322124,2.6339925401309285,7002.048628706263,7.5834629265024285
numerical_gravity_2x0,2026-05-09T21:08:00Z,EarthMJ2000Eq,46500.0,2026-05-10T10:03:00Z,-56.02516982292752,-3762.5637639996567,5902.415912879026,6.371387396486071,3.4613223611006654,2.227806143943505,6999.8956068233265,7.585410342133738
numerical_gravity_2x0,2026-05-09T21:08:00Z,EarthMJ2000Eq,46560.0,2026-05-10T10:04:00Z,326.1090966154677,-3547.1862182378395,6023.655100005893,6.361993312422773,3.7154578955748,1.8120521939993357,6998.092452488665,7.587036274783389
numerical_gravity_2x0,2026-05-09T21:08:00Z,EarthMJ2000Eq,46620.0,2026-05-10T10:05:00Z,706.883108338864,-3317.0162294396764,6119.706316891217,6.326057261737019,3.9542250431123103,1.3885065503302658,6996.648183253127,7.588336221508789
numerical_gravity_2x0,2026-05-09T21:08:00Z,EarthMJ2000Eq,46680.0,2026-05-10T10:06:00Z,1084.7076505141802,-3073.0073829255543,6190.156311133154,6.263709321708357,4.176586128967602,0.9589831374092698,6995.570042452622,7.58930660978828
numerical_gravity_2x0,2026-05-09T21:08:00Z,EarthMJ2000Eq,46740.0,2026-05-10T10:07:00Z,1458.0049018437644,-2816.173362613258,6234.701588364222,6.17519907783543,4.381576373697104,0.5253251513276183,6994.863443845366,7.589944774769945
numerical_gravity_2x0,2026-05-09T21:08:00Z,EarthMJ2000Eq,46800.0,2026-05-10T10:08:00Z,1825.2155767791407,-2547.583431409741,6253.149900566088,6.06089457535399,4.568308689670256,0.0893961040891878,6994.531930062248,7.590248941971437
numerical_gravity_2x0,2026-05-09T21:08:00Z,EarthMJ2000Eq,46860.0,2026-05-10T10:09:00Z,2184.805985866366,-2268.3576360211123,6245.421193407047,5.921280640363552,4.7359780666840265,-0.3469292449749122,6994.577145462812,7.590218216301507
numerical_gravity_2x0,2026-05-09T21:08:00Z,EarthMJ2000Eq,46920.0,2026-05-10T10:10:00Z,2535.2749767081255,-1979.661761522739,6211.548007316338,5.7569565812146415,4.883865524067981,-0.7817740211754235,6994.998823784981,7.589852577972459
numerical_gravity_2x0,2026-05-09T21:08:00Z,EarthMJ2000Eq,46980.0,2026-05-10T10:11:00Z,2875.160718731306,-1682.702062332388,6151.675329969287,5.56863328294361,5.011341608485442,-1.2132683806099809,6995.794790762943,7.58915288554874
numerical_gravity_2x0,2026-05-09T21:08:00Z,EarthMJ2000Eq,47040.0,2026-05-10T10:12:00Z,3203.0472957793886,-1378.719797427483,6066.0599008080435,5.357129709665627,5.117869418263074,-1.6395586212833697,6996.960981669787,7.588120886042813
numerical_gravity_2x0,2026-05-09T21:08:00Z,EarthMJ2000Eq,47100.0,2026-05-10T10:13:00Z,3517.57107151044,-1068.9855987512428,5955.0689711818395,5.1233688320978965,5.203007136622749,-2.0588162097166873,6998.491473524661,7.586759231638474
numerical_gravity_2x0,2026-05-09T21:08:00Z,EarthMJ2000Eq,47160.0,2026-05-10T10:14:00Z,3817.4267936860683,-754.7937027631378,5819.178526675001,4.868372999914251,5.26641005777033,-2.4692466730210936,7000.378531493752,7.58507150230664
numerical_gravity_2x0,2026-05-09T21:08:00Z,EarthMJ2000Eq,47220.0,2026-05-10T10:15:00Z,4101.373404703611,-437.45607600044843,5658.970981212858,4.593258781527936,5.307832091547625,-2.8690983057102613,7002.612668815048,7.583062233291761
numerical_gravity_2x0,2026-05-09T21:08:00Z,EarthMJ2000Eq,47280.0,2026-05-10T10:16:00Z,4368.2395271770865,-118.29646631565045,5475.132355601547,4.2992312972201105,5.3271267344030635,-3.256670639790927,7005.1827193935505,7.580736946198899
numerical_gravity_2x0,2026-05-09T21:08:00Z,EarthMJ2000Eq,47340.0,2026-05-10T10:17:00Z,4616.928595038023,201.35558788244944,5268.448956264602,3.987578075288801,5.3242474968948414,-3.6303226260649297,7008.075922049991,7.578102182211183
numerical_gravity_2x0,2026-05-09T21:08:00Z,EarthMJ2000Eq,47400.0,2026-05-10T10:18:00Z,4846.423602530691,520.1707575546633,5039.803573074105,3.6596624650494713,5.2992477808927125,-3.9884804742794464,7011.278015265981,7.575165535821426
numerical_gravity_2x0,2026-05-09T21:08:00Z,EarthMJ2000Eq,47460.0,2026-05-10T10:19:00Z,5055.791445638895,836.8258989874158,4790.171218313007,3.316916644987768,5.2522802031429565,-4.329645099959738,7014.77334115407,7.571935687374114
numerical_gravity_2x0,2026-05-09T21:08:00Z,EarthMJ2000Eq,47520.0,2026-05-10T10:20:00Z,5244.186832918606,1150.0099725605585,4520.6144319128725,2.9608342690188167,5.183595365917733,-4.6523991266259985,7018.544957294536,7.568422432686375
numerical_gravity_2x0,2026-05-09T21:08:00Z,EarthMJ2000Eq,47580.0,2026-05-10T10:21:00Z,5410.855745428536,1458.4298712871218,4232.278181143003,2.5929627984809356,5.093540080056057,-4.955413393784577,7022.574755022455,7.5646367080477255
numerical_gravity_2x0,2026-05-09T21:08:00Z,EarthMJ2000Eq,47640.0,2026-05-10T10:22:00Z,5555.138428444902,1760.816126552855,3926.384385829576,2.2148955719960335,4.982555050748704,-5.237452923710318,7026.8435827190715,7.56059060898491
numerical_gravity_2x0,2026-05-09T21:08:00Z,EarthMJ2000Eq,47700.0,2026-05-10T10:23:00Z,5676.471900900954,2055.9284592650015,3604.2261028985076,1.8282636694622916,4.851172041815947,-5.497382303673361,7031.33137265972,7.55629740131458
numerical_gravity_2x0,2026-05-09T21:08:00Z,EarthMJ2000Eq,47760.0,2026-05-10T10:24:00Z,5774.391971977897,2342.561145732285,3267.161406501628,1.4347276300055714,4.700010539835619,-5.734170444931711,7036.017269995224,7.551771523185513
numerical_gravity_2x0,2026-05-09T21:08:00Z,EarthMJ2000Eq,47820.0,2026-05-10T10:25:00Z,5848.5347579517165,2619.548169049442,2916.6070021412506,1.035969086515342,4.529773945136882,-5.946894685479331,7040.879762492682,7.547028577025444
numerical_gravity_2x0,2026-05-09T21:08:00Z,EarthMJ2000Eq,47880.0,2026-05-10T10:26:00Z,5898.637696219107,2885.768128547573,2554.031614995602,0.6336823812640524,4.3412453222048715,-6.134744210124968,7045.896809732248,7.542085310545882
numerical_gravity_2x0,2026-05-09T21:08:00Z,EarthMJ2000Eq,47940.0,2026-05-10T10:27:00Z,5924.540057325682,3140.1488819828637,2180.9491940154066,0.22956622792457365,4.135282747261522,-6.297022768848637,7051.045970545879,7.5369595862124985
numerical_gravity_2x0,2026-05-09T21:08:00Z,EarthMJ2000Eq,48000.0,2026-05-10T10:28:00Z,5926.182959734442,3381.6718975470603,1798.9119742681453,-0.17468451503161286,3.9128142955223573,-6.433150682369099,7056.304527588908,7.531670338849276
numerical_gravity_2x0,2026-05-09T21:08:00Z,EarthMJ2000Eq,48060.0,2026-05-10T10:29:00Z,5903.608895931732,3609.376295459277,1409.5034404200474,-0.5773868960974066,3.6748327147162323,-6.542666132253474,7061.649608052184,7.526237521303078
numerical_gravity_2x0,2026-05-09T21:08:00Z,EarthMJ2000Eq,48120.0,2026-05-10T10:30:00Z,5856.960782199771,3822.3625617971957,1014.331234148831,-0.9768776869114318,3.422389834756003,-6.625225741485545,7067.058299648083,7.520682038343953
numerical_gravity_2x0,2026-05-09T21:08:00Z,EarthMJ2000Eq,48180.0,2026-05-10T10:31:00Z,5786.48054791925,4019.795920295862,615.0200476682155,-1.371520905972699,3.156590765852785,-6.680604459947742,7072.507761134584,7.515025669208383
numerical_gravity_2x0,2026-05-09T21:08:00Z,EarthMJ2000Eq,48240.0,2026-05-10T10:32:00Z,5692.507283536233,4200.90935102775,213.20454442820474,-1.7597149979132731,2.8785879387975557,-6.708694777530788,7077.975326774621,7.509290979402818
numerical_gravity_2x0,2026-05-09T21:08:00Z,EarthMJ2000Eq,48300.0,2026-05-10T10:33:00Z,5575.47496927537,4365.006248118823,-189.47765354346382,-2.1398996221876017,2.589575041549711,-6.709505295342878,7083.4386042602855,7.503501222568699
numerical_gravity_2x0,2026-05-09T21:08:00Z,EarthMJ2000Eq,48360.0,2026-05-10T10:34:00Z,5435.909809255297,4511.462711890585,-591.3928742372789,-2.510562011637209,2.2907809056670425,-6.683158692546136,7088.875565760463,7.497680233365489
numerical_gravity_2x0,2026-05-09T21:08:00Z,EarthMJ2000Eq,48420.0,2026-05-10T10:35:00Z,5274.427197821447,4639.72947398709,-990.9181652157322,-2.8702428685755015,1.983463394513795,-6.629889132528944,7094.264631873951,7.491852312453182
numerical_gravity_2x0,2026-05-09T21:08:00Z,EarthMJ2000Eq,48480.0,2026-05-10T10:36:00Z,5091.7283466269655,4749.333457090658,-1386.447891928201,-3.217541773615031,1.6689033426533288,-6.550039157288918,7099.584748386164,7.486042104750369
numerical_gravity_2x0,2026-05-09T21:08:00Z,EarthMJ2000Eq,48540.0,2026-05-10T10:37:00Z,4888.596602246406,4839.878973697122,-1776.4001356499393,-3.551122090228935,1.3483985924566573,-6.4440561229497835,7104.815455834707,7.48027447220873
numerical_gravity_2x0,2026-05-09T21:08:00Z,EarthMJ2000Eq,48600.0,2026-05-10T10:38:00Z,4665.893484894035,4911.048571063395,-2159.2228651755872,-3.8697153558014525,1.0232581698479755,-6.312488232201879,7109.936951986107,7.474574362381673
numerical_gravity_2x0,2026-05-09T21:08:00Z,EarthMJ2000Eq,48660.0,2026-05-10T10:39:00Z,4424.554479144764,4962.603531816547,-2533.399859800779,-4.1721251574909015,0.6947966363898127,-6.155980221113926,7114.930147412318,7.468966674075667
numerical_gravity_2x0,2026-05-09T21:08:00Z,EarthMJ2000Eq,48720.0,2026-05-10T10:40:00Z,4165.584607438071,4994.384041792093,-2897.456364591973,-4.457230498428404,0.364328649721979,-5.975268758222982,7119.776714430519,7.463476121360889
numerical_gravity_2x0,2026-05-09T21:08:00Z,EarthMJ2000Eq,48780.0,2026-05-10T10:41:00Z,3890.053816610639,5006.309038425856,-3249.9644624037896,-4.723988666453069,0.033163758853949746,-5.771177613113061,7124.459129733216,7.458127097185709
numerical_gravity_2x0,2026-05-09T21:08:00Z,EarthMJ2000Eq,48840.0,2026-05-10T10:42:00Z,3599.092206787057,4998.37575444344,-3589.5481504875447,-4.971437623608264,-0.29739854488564377,-5.544612649912754,7128.9607110876905,7.4529435377909845
numerical_gravity_2x0,2026-05-09T21:08:00Z,EarthMJ2000Eq,48900.0,2026-05-10T10:43:00Z,3293.8851307025493,4970.658972667312,-3914.888112782138,-5.198697939888342,-0.626073506175432,-5.296556698374705,7133.265648524825,7.447948789058103
numerical_gravity_2x0,2026-05-09T21:08:00Z,EarthMJ2000Eq,48960.0,2026-05-10T10:44:00Z,2975.6681899851737,4923.310008495407,-4224.726182033092,-5.404974299151028,-0.9515955038812132,-5.028064351560623,7137.359030467544,7.443165475852652
numerical_gravity_2x0,2026-05-09T21:08:00Z,EarthMJ2000Eq,49020.0,2026-05-10T10:45:00Z,2645.7221531394753,4856.555437006245,-4517.869488698894,-5.589556608644068,-1.2727221650972762,-4.740256734774112,7141.226865269322,7.438615375346261
numerical_gravity_2x0,2026-05-09T21:08:00Z,EarthMJ2000Eq,49080.0,2026-05-10T10:46:00Z,2305.367818003647,4770.695581729991,-4793.194296135441,-5.751820746207222,-1.5882381961646543,-4.434316285399419,7144.856098643994,7.4343192952155785
numerical_gravity_2x0,2026-05-09T21:08:00Z,EarthMJ2000Eq,49140.0,2026-05-10T10:47:00Z,1955.96083935339,4666.102781914924,-5049.649523767516,-5.891228980896775,-1.8969589364727628,-4.111481577860112,7148.234627470178,7.430296957531711
numerical_gravity_2x0,2026-05-09T21:08:00Z,EarthMJ2000Eq,49200.0,2026-05-10T10:48:00Z,1598.886540153088,4543.219454641868,-5286.259961837496,-6.00733010355571,-2.1977336450470566,-3.773042222152369,7151.351310447923,7.4265668890681225
numerical_gravity_2x0,2026-05-09T21:08:00Z,EarthMJ2000Eq,49260.0,2026-05-10T10:49:00Z,1235.554722762232,4402.555967426898,-5502.129182851251,-6.099759303752627,-2.489448533564842,-3.420333858473456,7154.1959760723375,7.423146318671403
numerical_gravity_2x0,2026-05-09T21:08:00Z,EarthMJ2000Eq,49320.0,2026-05-10T10:50:00Z,867.3944942434608,4244.688336039886,-5696.442156013152,-6.16823782858711,-2.7710295624778207,-3.0547332644924903,7156.759428369846,7.420051082259205
numerical_gravity_2x0,2026-05-09T21:08:00Z,EarthMJ2000Eq,49380.0,2026-05-10T10:51:00Z,495.84911783568083,4070.255761190438,-5868.46757175755,-6.212572457171688,-3.041445019322295,-2.677653585924405,7159.033450818088,7.417295535933732
numerical_gravity_2x0,2026-05-09T21:08:00Z,EarthMJ2000Eq,49440.0,2026-05-10T10:52:00Z,122.37090069517453,3879.958016532139,-6017.559883952024,-6.232654822224942,-3.2997079000491545,-2.2905396953861503,7161.010808841002,7.414892477628404
numerical_gravity_2x0,2026-05-09T21:08:00Z,EarthMJ2000Eq,49500.0,2026-05-10T10:53:00Z,-251.5838737918511,3674.5526991498987,-6143.161077483486,-6.228460607228443,-3.5448781153018505,-1.894863679142367,7162.685251237135,7.412853077639907
numerical_gravity_2x0,2026-05-09T21:08:00Z,EarthMJ2000Eq,49560.0,2026-05-10T10:54:00Z,-624.5599624263201,3454.8523523628755,-6244.802168763379,-6.2000486440997635,-3.776064544019227,-1.4921204463804183,7164.051510862067,7.411186818338136
numerical_gravity_2x0,2026-05-09T21:08:00Z,EarthMJ2000Eq,49620.0,2026-05-10T10:55:00Z,-995.1081220252129,3221.72146933516,-6322.104446229587,-6.1475599324061765,-3.9924269565594845,-1.0838234511736606,7165.105304845949,7.40990144329212
numerical_gravity_2x0,2026-05-09T21:08:00Z,EarthMJ2000Eq,49680.0,2026-05-10T10:56:00Z,-1361.7900084796966,2976.0733846751696,-6374.780457211514,-6.071216596882511,-4.193177828758872,-0.6715005133675165,7165.843334584764,7.409002916000874
numerical_gravity_2x0,2026-05-09T21:08:00Z,EarthMJ2000Eq,49740.0,2026-05-10T10:57:00Z,-1723.1830117315503,2718.8670599576594,-6402.634746596383,-5.971320795516248,-4.377584066989218,-0.2566897213136683,7166.263285699622,7.4084953883734554
numerical_gravity_2x0,2026-05-09T21:08:00Z,EarthMJ2000Eq,49800.0,2026-05-10T10:58:00Z,-2077.885023953896,2451.1037679520946,-6405.564351627512,-5.8482535858175435,-4.544968662404257,0.15906460326950034,7166.363828112694,7.408381179061845
numerical_gravity_2x0,2026-05-09T21:08:00Z,EarthMJ2000Eq,49860.0,2026-05-10T10:59:00Z,-2424.5191385384023,2173.8236793180345,-6383.55905591997,-5.702473752194323,-4.694712290213909,0.5742158999811124,7166.144616341527,7.40866076171273
numerical_gravity_2x0,2026-05-09T21:08:00Z,EarthMJ2000Eq,49920.0,2026-05-10T11:00:00Z,-2761.7382775261776,1888.102354659047,-6336.701404438326,-5.534516592694232,-4.826254867051733,0.9872193468628568,7165.606290065966,7.409332763168938
numerical_gravity_2x0,2026-05-09T21:08:00Z,EarthMJ2000Eq,49980.0,2026-05-10T11:01:00Z,-3088.229744878493,1595.0471441352734,-6265.166479789154,-5.344992658844911,-4.939097076361559,1.3965358433473452,7164.750474973989,7.410393971617378
numerical_gravity_2x0,2026-05-09T21:08:00Z,EarthMJ2000Eq,50040.0,2026-05-10T11:02:00Z,-3402.719702476621,1295.7934963411121,-6169.221438782005,-5.13458643800812,-5.03280186828709,1.8006360221539268,7163.579783844807,7.411839354646676
numerical_gravity_2x0,2026-05-09T21:08:00Z,EarthMJ2000Eq,50100.0,2026-05-10T11:03:00Z,-3703.977564982745,991.5011778748323,-6049.224806851402,-4.9040549636447945,-5.106995936868961,2.1980043122577104,7162.097817780002,7.413662087143486
numerical_gravity_2x0,2026-05-09T21:08:00Z,EarthMJ2000Eq,50160.0,2026-05-10T11:04:00Z,-3990.820308706416,683.3504049733956,-5905.625526653052,-4.654226335246885,-5.161371173506691,2.587143073333019,7160.309167446404,7.415853588920597
numerical_gravity_2x0,2026-05-09T21:08:00Z,EarthMJ2000Eq,50220.0,2026-05-10T11:05:00Z,-4262.1166884282875,372.5378887663145,-5738.961755992676,-4.385998126503583,-5.195686091700896,2.966576819646075,7158.21941414846,7.418403571931665
numerical_gravity_2x0,2026-05-09T21:08:00Z,EarthMJ2000Eq,50280.0,2026-05-10T11:06:00Z,-4516.79135476419,60.27279612037921,-5549.859409257071,-4.100335657605206,-5.209767214129342,3.334856548277567,7155.835130503214,7.421300096885686
numerical_gravity_2x0,2026-05-09T21:08:00Z,EarthMJ2000Eq,50340.0,2026-05-10T11:07:00Z,-4753.828863141474,-252.22737129852493,-5339.030435732582,-3.7982701055135286,-5.203510409207002,3.690564182838606,7153.163880448145,7.424529639028628
numerical_gravity_2x0,2026-05-09T21:08:00Z,EarthMJ2000Eq,50400.0,2026-05-10T11:08:00Z,-4972.277563843126,-563.7409762354492,-5107.270827652331,-3.480896424601846,-5.176882160515052,4.032317139559212,7150.214218271586,7.428077162809221
numerical_gravity_2x0,2026-05-09T21:08:00Z,EarthMJ2000Eq,50460.0,2026-05-10T11:09:00Z,-5171.253360893996,-873.0465187126256,-4855.458350541909,-3.1493710493436673,-5.129920748937979,4.3587730178436175,7146.995686317492,7.4319262050904396
numerical_gravity_2x0,2026-05-09T21:08:00Z,EarthMJ2000Eq,50520.0,2026-05-10T11:10:00Z,-5349.943325861003,-1178.9269766275893,-4584.549988461988,-2.804909350748406,-5.062737324103438,4.668634412179776,7143.5188109818655,7.436058966507399
numerical_gravity_2x0,2026-05-09T21:08:00Z,EarthMJ2000Eq,50580.0,2026-05-10T11:11:00Z,-5507.6091509610105,-1480.1742066665417,-4295.5790970977605,-2.448782819038559,-4.975516838857036,4.960653836751297,7139.795096587409,7.44045641050626
numerical_gravity_2x0,2026-05-09T21:08:00Z,EarthMJ2000Eq,50640.0,2026-05-10T11:12:00Z,-5643.59042426351,-1775.5933964657083,-3989.652258336477,-2.082315946656258,-4.868518818102992,5.233638748329903,7135.837016696833,7.445098369527571
numerical_gravity_2x0,2026-05-09T21:08:00Z,EarthMJ2000Eq,50700.0,2026-05-10T11:13:00Z,-5757.30770828845,-2064.0075571744987,-3667.945831016013,-1.7068827880844206,-4.742077931476808,5.486456647137259,7131.658002404405,7.4499636577217485
numerical_gravity_2x0,2026-05-09T21:08:00Z,EarthMJ2000Eq,50760.0,2026-05-10T11:14:00Z,-5848.265401980512,-2344.2620437012843,-3331.702193923018,-1.3239031761605204,-4.596604338057266,5.71804022947878,7127.27242713033,7.455030189505106
numerical_gravity_2x0,2026-05-09T21:08:00Z,EarthMJ2000Eq,50820.0,2026-05-10T11:15:00Z,-5916.054364936914,-2615.2290879938528,-2982.225678864629,-0.934838578523412,-4.4325837707344515,5.927392560198648,7122.695587434428,7.460275103183019
numerical_gravity_2x0,2026-05-09T21:08:00Z,EarthMJ2000Eq,50880.0,2026-05-10T11:16:00Z,-5960.354281921421,-2875.812328763753,-2620.8781937209737,-0.5411875825213718,-4.250577327979493,6.113592227521753,7117.9436793649,7.465674888784202
numerical_gravity_2x0,2026-05-09T21:08:00Z,EarthMJ2000Eq,50940.0,2026-05-10T11:17:00Z,-5980.935745154277,-3124.9513191512783,-2249.0745377863745,-0.1444810022587751,-4.051220941650078,6.275798437774647,7113.033769865602,7.471205519168412
numerical_gravity_2x0,2026-05-09T21:08:00Z,EarthMJ2000Eq,51000.0,2026-05-10T11:18:00Z,-5977.662031663589,-3361.6259919920576,-1868.2774143964102,0.25372339261448057,-3.8352244911375073,6.413256002954895,7107.983762782016,7.476842583391584
numerical_gravity_2x0,2026-05-09T21:08:00Z,EarthMJ2000Eq,51060.0,2026-05-10T11:19:00Z,-5950.490553149829,-3584.8610606345255,-1479.9921487786419,0.6518465203666541,-3.603370536623319,6.525300170284022,7102.812359032546,7.482561421239911
numerical_gravity_2x0,2026-05-09T21:08:00Z,EarthMJ2000Eq,51120.0,2026-05-10T11:20:00Z,-5899.473956376519,-3793.730331716979,-1085.7611222115554,1.0482939901469004,-3.3565126474537696,6.611361239863581,7097.5390105486795,7.4883372577806435
numerical_gravity_2x0,2026-05-09T21:08:00Z,EarthMJ2000Eq,51180.0,2026-05-10T11:21:00Z,-5824.760853073424,-3987.360904989383,-687.1579368764484,1.4414624447344828,-3.0955733056252375,6.67096891447445,7092.18386763532,7.494145336725456
numerical_gravity_2x0,2026-05-09T21:08:00Z,EarthMJ2000Eq,51240.0,2026-05-10T11:22:00Z,-5726.596159731875,-4164.937234201593,-285.78132918125186,1.8297462163509934,-2.8215413690469173,6.703756324516998,7086.767719461622,7.499961051365239
numerical_gravity_2x0,2026-05-09T21:08:00Z,EarthMJ2000Eq,51300.0,2026-05-10T11:23:00Z,-5605.321029483064,-4325.7050223153465,116.75114724102787,2.211544261916767,-2.5354690845306744,6.709463671162405,7081.311927463116,7.505760071816571
numerical_gravity_2x0,2026-05-09T21:08:00Z,EarthMJ2000Eq,51360.0,2026-05-10T11:24:00Z,-5461.372360467383,-4468.9749238658505,518.8096442720497,2.5852673375278314,-2.2384686462506393,6.6879414320249015,7075.838351517688,7.511518467322749
numerical_gravity_2x0,2026-05-09T21:08:00Z,EarthMJ2000Eq,51420.0,2026-05-10T11:25:00Z,-5295.281867703147,-4594.12602722723,918.7587199243021,2.9493453657918702,-1.9317083015959204,6.639153076091185,7070.369268850766,7.517212822379291
numerical_gravity_2x0,2026-05-09T21:08:00Z,EarthMJ2000Eq,51480.0,2026-05-10T11:26:00Z,-5107.674708413354,-4700.60908984343,1314.964185878339,3.302234944162758,-1.6164080127688139,6.5631772382428,7064.927285728198,7.522820345507477
numerical_gravity_2x0,2026-05-09T21:08:00Z,EarthMJ2000Eq,51540.0,2026-05-10T11:27:00Z,-4899.267654026087,-4787.949500183002,1705.800068142087,3.6424269377140144,-1.293834689004321,6.4602093084288486,7059.535242107832,7.5283189695818775
numerical_gravity_2x0,2026-05-09T21:08:00Z,EarthMJ2000Eq,51600.0,2026-05-10T11:28:00Z,-4670.8668055755115,-4855.749941263106,2089.6556445044475,3.9684540960342534,-0.9652970107408085,6.3305623963017075,7054.216109541381,7.533687442729848
numerical_gravity_2x0,2026-05-09T21:08:00Z,EarthMJ2000Eq,51660.0,2026-05-10T11:29:00Z,-4423.364852935884,-4903.692732055985,2464.9425202999205,4.27889863122981,-0.6321398732887229,6.174667638792225,7048.992882745004,7.53890540896288
numerical_gravity_2x0,2026-05-09T21:08:00Z,EarthMJ2000Eq,51720.0,2026-05-10T11:30:00Z,-4157.737882154385,-4931.541824920831,2830.1017022686533,4.572399692467063,-0.29573848335943415,5.993073825514221,7043.888465388207,7.543953477870625
numerical_gravity_2x0,2026-05-09T21:08:00Z,EarthMJ2000Eq,51780.0,2026-05-10T11:31:00Z,-3875.041739039368,-4939.144439366573,3183.6106290266493,4.847660672128602,0.04250785292593619,5.7864463248625615,7038.925550783618,7.548813282906006
numerical_gravity_2x0,2026-05-09T21:08:00Z,EarthMJ2000Eq,51840.0,2026-05-10T11:32:00Z,-3576.4079610368663,-4926.432314908988,3523.9901158812822,5.103456279501627,0.3811822073659883,5.55556530199372,7034.126498292192,7.553467528010799
numerical_gravity_2x0,2026-05-09T21:08:00Z,EarthMJ2000Eq,51900.0,2026-05-10T11:33:00Z,-3263.039293218352,-4893.422568493204,3849.8111714520132,5.338639319929426,0.7188567254142637,5.301323228327173,7029.513206386504,7.557900022570494
numerical_gravity_2x0,2026-05-09T21:08:00Z,EarthMJ2000Eq,51960.0,2026-05-10T11:34:00Z,-2936.204807839037,-4840.218144858954,4159.701643785939,5.55214712045982,1.0540994905331575,5.024721690550116,7025.10698343551,7.562095704939031
numerical_gravity_2x0,2026-05-09T21:08:00Z,EarthMJ2000Eq,52020.0,2026-05-10T11:35:00Z,-2597.2346503461727,-4767.007851275145,4452.352654379389,5.7430075471002615,1.3854815054720515,4.726867515123043,7020.928417384475,7.56604065503095
numerical_gravity_2x0,2026-05-09T21:08:00Z,EarthMJ2000Eq,52080.0,2026-05-10T11:36:00Z,-2247.5144378670725,-4674.065971205204,4726.524779704144,5.910344563684037,1.7115837378277323,4.4089682317624295,7016.997245599908,7.569722096732226
numerical_gravity_2x0,2026-05-09T21:08:00Z,EarthMJ2000Eq,52140.0,2026-05-10T11:37:00Z,-1888.4793390430484,-4561.751454628085,4981.053941452321,6.053383287883421,2.0310041772315484,4.072326906139996,7013.3322262282445,7.57312839112279
numerical_gravity_2x0,2026-05-09T21:08:00Z,EarthMJ2000Eq,52200.0,2026-05-10T11:38:00Z,-1521.6078665659543,-4430.506685877667,5214.856968710042,6.171454505872084,2.342364852363764,3.7183363779431806,7009.951012475464,7.5762490217239815
numerical_gravity_2x0,2026-05-09T21:08:00Z,EarthMJ2000Eq,52260.0,2026-05-10T11:39:00Z,-1148.415415898777,-4280.855832925926,5426.936797592134,6.263998613330077,2.644318757622216,3.348472945391445,7006.870031250005,7.579074573173976
numerical_gravity_2x0,2026-05-09T21:08:00Z,EarthMJ2000Eq,52320.0,2026-05-10T11:40:00Z,-770.447585413423,-4113.4027849804825,5616.387276459261,6.330568956693546,2.9355566415421217,2.9642895412499595,7004.104367621034,7.581596704884663
numerical_gravity_2x0,2026-05-09T21:08:00Z,EarthMJ2000Eq,52380.0,2026-05-10T11:41:00Z,-389.2733145623758,-3928.828688060419,5782.397547634698,6.370834554585937,3.2148136118274144,2.56740844833089,7001.667656526458,7.583808121337054
numerical_gravity_2x0,2026-05-09T21:08:00Z,EarthMJ2000Eq,52440.0,2026-05-10T11:42:00Z,-6.4778777317875225,-3727.889090831031,5924.255979482099,6.384582185062536,3.4808755149507884,2.159513604478171,6999.571983119134,7.585702540722785
numerical_gravity_2x0,2026-05-09T21:08:00Z,EarthMJ2000Eq,52500.0,2026-05-10T11:43:00Z,376.3442278737512,-3511.4107154031535,6041.353625744121,6.3717178295268155,3.7325850515473866,1.742342548195715,6997.827793065046,7.587274663632393
numerical_gravity_2x0,2026-05-09T21:08:00Z,EarthMJ2000Eq,52560.0,2026-05-10T11:44:00Z,757.596461559103,-3280.287870030376,6133.187192128365,6.332267468849752,3.968847592112915,1.317678056540959,6996.443814004562,7.58852014342473
numerical_gravity_2x0,2026-05-09T21:08:00Z,EarthMJ2000Eq,52620.0,2026-05-10T11:45:00Z,1135.687446780781,-3035.478522670813,6199.361493224428,6.26637723130515,4.188636660687659,0.8873395268321213,6995.426989258414,7.589435559786703
numerical_gravity_2x0,2026-05-09T21:08:00Z,EarthMJ2000Eq,52680.0,2026-05-10T11:46:00Z,1509.0381682897516,-2778.0000562294035,6239.591385917242,6.174312895436952,4.390999057158322,0.4531741532892164,6994.7824247061835,7.590018396811281
numerical_gravity_2x0,2026-05-09T21:08:00Z,EarthMJ2000Eq,52740.0,2026-05-10T11:47:00Z,1876.0891202399675,-2508.9247279773913,6253.7031685114,6.0564587539574,4.575059591470414,0.017047949126753878,6994.513349589714,7.590267026690305
numerical_gravity_2x0,2026-05-09T21:08:00Z,EarthMJ2000Eq,52800.0,2026-05-10T11:48:00Z,2235.307367172356,-2229.374857176253,6241.635437793694,5.913315847336646,4.740025405384855,-0.41916333599329675,6994.621091800951,7.590180699844872
numerical_gravity_2x0,2026-05-09T21:08:00Z,EarthMJ2000Eq,52860.0,2026-05-10T11:49:00Z,2585.19348037283,-1940.5177663328986,6203.439399240278,5.7454995780150755,4.885189859444488,-0.8535833537170863,6995.1050680073695,7.589759542010114
numerical_gravity_2x0,2026-05-09T21:08:00Z,EarthMJ2000Eq,52920.0,2026-05-10T11:50:00Z,2924.2883128229464,-1643.560502798731,6139.278628532058,5.553736718298578,5.009935964588795,-1.284344300776526,6995.962788753479,7.58900455846452
numerical_gravity_2x0,2026-05-09T21:08:00Z,EarthMJ2000Eq,52980.0,2026-05-10T11:51:00Z,3251.1795768092957,-1339.744368610334,6049.42828549291,5.338861827139454,5.11373933945195,-1.7095960195605622,6997.1898784588275,7.587917645259641
numerical_gravity_2x0,2026-05-09T21:08:00Z,EarthMJ2000Eq,53040.0,2026-05-10T11:52:00Z,3564.508189237789,-1030.3392875614893,5934.273784527557,5.101813093308685,5.196170675909975,-2.127515005920262,6998.780110016815,7.586501606976602
numerical_gravity_2x0,2026-05-09T21:08:00Z,EarthMJ2000Eq,53100.0,2026-05-10T11:53:00Z,3862.974350825378,-716.6380394952077,5794.3089286257145,4.843627625055206,5.256897697033197,-2.5363132740755576,7000.7254534896565,7.584760180224734
numerical_gravity_2x0,2026-05-09T21:08:00Z,EarthMJ2000Eq,53160.0,2026-05-10T11:54:00Z,4145.343326634471,-399.9503927029124,5630.133517028133,4.565436209317565,5.295686593381717,-2.934247027774502,7003.016138197864,7.582698061816407
numerical_gravity_2x0,2026-05-09T21:08:00Z,EarthMJ2000Eq,53220.0,2026-05-10T11:55:00Z,4410.450896899088,-81.59716610059458,5442.450439723221,4.2684575669545834,5.312402925678971,-3.319625086130842,7005.640727322312,7.580320940311402
numerical_gravity_2x0,2026-05-09T21:08:00Z,EarthMJ2000Eq,53280.0,2026-05-10T11:56:00Z,4657.208448792757,237.09574650361114,5232.062275055641,3.9539921342982094,5.307011984419316,-3.6908170119982193,7008.58620397703,7.577635529432504
numerical_gravity_2x0,2026-05-09T21:08:00Z,EarthMJ2000Eq,53340.0,2026-05-10T11:57:00Z,4884.607681731403,554.8033572574208,4999.867409865759,3.6234154055582457,5.27957859999022,-4.0462608905119986,7011.838067574812,7.57464960171746
numerical_gravity_2x0,2026-05-09T21:08:00Z,EarthMJ2000Eq,53400.0,2026-05-10T11:58:00Z,5091.724901010763,870.2075371542163,4746.855704715126,3.278170875131783,5.2302664004640205,-4.384470705726666,7015.380439197835,7.571372020694825
numerical_gravity_2x0,2026-05-09T21:08:00Z,EarthMJ2000Eq,53460.0,2026-05-10T11:59:00Z,5277.724877061146,1182.0029078414018,4474.10372985157,2.919762623554541,5.159336518344375,-4.704043264270612,7019.196174603425,7.567812769853497
numerical_gravity_2x0,2026-05-09T21:08:00Z,EarthMJ2000Eq,53520.0,2026-05-10T12:00:00Z,5441.864250367416,1488.9026394382086,4182.769600581563,2.5497475955074944,5.067145752203146,-5.00366461677723,7023.266983441697,7.563982976716371
numerical_gravity_2x0,2026-05-09T21:08:00Z,EarthMJ2000Eq,53580.0,2026-05-10T12:01:00Z,5583.494465142601,1789.6441219608723,3874.0874435932833,2.169727622767928,4.95414419423861,-5.2821159306415355,7027.573553236872,7.559894930423795
numerical_gravity_2x0,2026-05-09T21:08:00Z,EarthMJ2000Eq,53640.0,2026-05-10T12:02:00Z,5702.064218141624,2082.9944787764493,3549.361528451745,1.7813412490662652,4.820872340212753,-5.538278771458881,7032.095676686825,7.555562091376487
numerical_gravity_2x0,2026-05-09T21:08:00Z,EarthMJ2000Eq,53700.0,2026-05-10T12:03:00Z,5797.121412526853,2367.7558916619214,3209.9601009059943,1.3862554172779242,4.667957703841033,-5.771139755339809,7036.812380864329,7.550999091672894
numerical_gravity_2x0,2026-05-09T21:08:00Z,EarthMJ2000Eq,53760.0,2026-05-10T12:04:00Z,5868.314610407624,2642.7707085391385,2857.3089567466386,0.9861570820566999,4.496110963347182,-5.979794540122421,7041.702056956159,7.5462217252940045
numerical_gravity_2x0,2026-05-09T21:08:00Z,EarthMJ2000Eq,53820.0,2026-05-10T12:05:00Z,5915.393981519163,2906.926306784661,2492.8847966731123,0.5827448127423541,4.306121673380001,-6.1634511302297526,7046.742589250283,7.541246927230371
numerical_gravity_2x0,2026-05-09T21:08:00Z,EarthMJ2000Eq,53880.0,2026-05-10T12:06:00Z,5938.21174942145,3159.159687161982,2118.208403924042,0.1777204520247039,4.098853580638242,-6.321432477405881,7051.911482173525,7.536092741001841
numerical_gravity_2x0,2026-05-09T21:08:00Z,EarthMJ2000Eq,53940.0,2026-05-10T12:07:00Z,5936.7221405180635,3398.4617758665163,1734.8376872503693,-0.2272191046641165,3.875239586189224,-6.453178367633772,7057.185984289162,7.530778274281408
numerical_gravity_2x0,2026-05-09T21:08:00Z,EarthMJ2000Eq,54000.0,2026-05-10T12:08:00Z,5910.980845048174,3623.8814148757438,1344.3606321407171,-0.6303899457661656,3.636276401438827,-6.55824659298269,7062.543208282555,7.525323642591927
numerical_gravity_2x0,2026-05-09T21:08:00Z,EarthMJ2000Eq,54060.0,2026-05-10T12:09:00Z,5861.144002919483,3834.5290237137574,948.3882030259387,-1.0301289358573071,3.3830189478804114,-6.636313415726657,7067.960246089459,7.5197499012907345
numerical_gravity_2x0,2026-05-09T21:08:00Z,EarthMJ2000Eq,54120.0,2026-05-10T12:10:00Z,5787.466730756445,4029.5799188197357,548.5472384930627,-1.42480120721529,3.116574553012683,-6.6871733405835,7073.4142784532505,7.514078966285823
numerical_gravity_2x0,2026-05-09T21:08:00Z,EarthMJ2000Eq,54180.0,2026-05-10T12:11:00Z,5690.30120977098,4208.27727989678,146.4733803399942,-1.8128072994295574,2.8380969960999782,-6.710738219114717,7078.882678330298,7.508333524133286
numerical_gravity_2x0,2026-05-09T21:08:00Z,EarthMJ2000Eq,54240.0,2026-05-10T12:12:00Z,5570.0943569639185,4369.934755851133,-256.1959243729128,-2.192589901757513,2.548780457716543,-6.707035717981031,7084.343107694762,7.502536932344959
numerical_gravity_2x0,2026-05-09T21:08:00Z,EarthMJ2000Eq,54300.0,2026-05-10T12:13:00Z,5427.385104684982,4513.938706150865,-657.8283112317587,-2.562640159644812,2.249853426268639,-6.67620718967043,7089.77360742227,7.496713110885615
numerical_gravity_2x0,2026-05-09T21:08:00Z,EarthMJ2000Eq,54360.0,2026-05-10T12:14:00Z,5262.801315678267,4639.750076577629,-1056.8032417983472,-2.9215035140982444,1.942572612957888,-6.618504990336789,7095.152680054356,7.490886425958907
numerical_gravity_2x0,2026-05-09T21:08:00Z,EarthMJ2000Eq,54420.0,2026-05-10T12:15:00Z,5077.056362391156,4746.905911357794,-1451.51857065298,-3.2677850502326757,1.6282169240005595,-6.534289294374123,7100.459365360142,7.485081567270879
numerical_gravity_2x0,2026-05-09T21:08:00Z,EarthMJ2000Eq,54480.0,2026-05-10T12:16:00Z,4870.945400511815,4835.020506487758,-1840.3969075430323,-3.60015433910828,1.3080815354411817,-6.424024459207484,7105.673308717359,7.479323420019911
numerical_gravity_2x0,2026-05-09T21:08:00Z,EarthMJ2000Eq,54540.0,2026-05-10T12:17:00Z,4645.341367419993,4903.78621166605,-2221.8917493244235,-3.917349764733293,0.9834721117073936,-6.288274996448457,7110.774822430075,7.473636932894254
numerical_gravity_2x0,2026-05-09T21:08:00Z,EarthMJ2000Eq,54600.0,2026-05-10T12:18:00Z,4401.190736495679,4952.973890572894,-2594.4933598017606,-4.218182335644129,0.6556992042747486,-6.1277012070208325,7115.744940184941,7.468046983365281
numerical_gravity_2x0,2026-05-09T21:08:00Z,EarthMJ2000Eq,54660.0,2026-05-10T12:19:00Z,4139.509058048831,4982.433051265143,-2956.7343790430473,-4.501538987617364,0.3260728615840516,-5.943054538125923,7120.565464920794,7.462578241548956
numerical_gravity_2x0,2026-05-09T21:08:00Z,EarthMJ2000Eq,54720.0,2026-05-10T12:20:00Z,3861.3763170391076,4992.091660158285,-3307.195147196135,-4.7663853906660165,-0.00410252417625542,-5.735172719035282,7125.219010448034,7.4572550338730945
numerical_gravity_2x0,2026-05-09T21:08:00Z,EarthMJ2000Eq,54780.0,2026-05-10T12:21:00Z,3567.9321367839493,4981.955654433714,-3644.5087311999387,-5.01176827939833,-0.3335331135004815,-5.504974730747539,7129.68903720438,7.452101207736886
numerical_gravity_2x0,2026-05-09T21:08:00Z,EarthMJ2000Eq,54840.0,2026-05-10T12:22:00Z,3260.3708565500942,4952.108168733232,-3967.3656460026036,-5.236817330968876,-0.6609402449979318,-5.253455661625697,7133.95988257274,7.447139998285314
numerical_gravity_2x0,2026-05-09T21:08:00Z,EarthMJ2000Eq,54900.0,2026-05-10T12:23:00Z,2939.936509336301,4902.708492686497,-4274.518264916575,-5.440746619153436,-0.9850647812172584,-4.981681497359779,7138.0167862154985,7.442393898347555
numerical_gravity_2x0,2026-05-09T21:08:00Z,EarthMJ2000Eq,54960.0,2026-05-10T12:24:00Z,2607.9177243365834,4833.990776171146,-4564.78491650975,-5.622855676481177,-1.3046711716245414,-4.690783889108713,7141.845910898073,7.437884532508327
numerical_gravity_2x0,2026-05-09T21:08:00Z,EarthMJ2000Eq,55020.0,2026-05-10T12:25:00Z,2265.642576578243,4746.262499246639,-4837.0536679135275,-5.782530198834872,-1.6185512345321151,-4.381954938604873,7145.434359283889,7.433632536196979
numerical_gravity_2x0,2026-05-09T21:08:00Z,EarthMJ2000Eq,55080.0,2026-05-10T12:26:00Z,1914.4734041132367,4639.902723454491,-5090.285796592248,-5.919242428480729,-1.9255276643832604,-4.0564420334986,7148.770187183673,7.4296574405934726
numerical_gravity_2x0,2026-05-09T21:08:00Z,EarthMJ2000Eq,55140.0,2026-05-10T12:27:00Z,1555.8016109599564,4515.360140667367,-5323.518954442274,-6.0325512521324525,-2.2244572749032487,-3.715542760422036,7151.842413735036,7.425977564065179
numerical_gravity_2x0,2026-05-09T21:08:00Z,EarthMJ2000Eq,55200.0,2026-05-10T12:28:00Z,1191.0424717988205,4373.150934929704,-5535.870029559693,-6.122102050426667,-2.5142339921703725,-3.3605999173019128,7154.641028974299,7.422609910765417
numerical_gravity_2x0,2026-05-09T21:08:00Z,EarthMJ2000Eq,55260.0,2026-05-10T12:29:00Z,821.629952269868,4213.8564717980535,-5726.537712128102,-6.1876263341412505,-2.793791614597509,-2.9929966404834243,7157.156999242554,7.419570076945072
numerical_gravity_2x0,2026-05-09T21:08:00Z,EarthMJ2000Eq,55320.0,2026-05-10T12:30:00Z,449.01155665103397,4038.1208285976318,-5894.804771635067,-6.2289412006898095,-3.0621063591166493,-2.6141516563671905,7159.3822708423495,7.416872165453639
numerical_gravity_2x0,2026-05-09T21:08:00Z,EarthMJ2000Eq,55380.0,2026-05-10T12:31:00Z,74.64321275486398,3846.6481778012007,-6040.040053037417,-6.245948641949695,-3.3181992145105017,-2.225514661623861,7161.309772331309,7.414528708836059
numerical_gravity_2x0,2026-05-09T21:08:00Z,EarthMJ2000Eq,55440.0,2026-05-10T12:32:00Z,-300.0157978926565,3640.2000344465255,-6161.700199578245,-6.238634731410704,-3.5611381238345765,-1.8285618307399596,7162.933415804745,7.412550601367321
numerical_gravity_2x0,2026-05-09T21:08:00Z,EarthMJ2000Eq,55500.0,2026-05-10T12:33:00Z,-673.5078581017237,3419.592377178201,-6259.3311097345995,-6.20706871505532,-3.7900400182292264,-1.4247914447564478,7164.248097481787,7.410947040307916
numerical_gravity_2x0,2026-05-09T21:08:00Z,EarthMJ2000Eq,55560.0,2026-05-10T12:34:00Z,-1044.3819761541367,3185.692651166632,-6332.5691352721005,-6.151402026390952,-4.0040727241533585,-1.0157196306682537,7165.249697869122,7.409725476609808
numerical_gravity_2x0,2026-05-09T21:08:00Z,EarthMJ2000Eq,55620.0,2026-05-10T12:35:00Z,-1411.1986859791384,2939.416659858074,-6381.1420266330015,-6.071867241744089,-4.202456765208217,-0.6028761971268812,7165.935081733743,7.408891575254119
numerical_gravity_2x0,2026-05-09T21:08:00Z,EarthMJ2000Eq,55680.0,2026-05-10T12:36:00Z,-1772.5348831556964,2681.7253512795014,-6404.869630923461,-5.968776987390188,-4.384467078296879,-0.18780054888574504,7166.302098071541,7.408449185357868
numerical_gravity_2x0,2026-05-09T21:08:00Z,EarthMJ2000Eq,55740.0,2026-05-10T12:37:00Z,-2126.9885940820814,2413.621503493069,-6403.664346632698,-5.842522805425429,-4.549434661925724,0.22796234010581945,7166.349580212661,7.408400320146987
numerical_gravity_2x0,2026-05-09T21:08:00Z,EarthMJ2000Eq,55800.0,2026-05-10T12:38:00Z,-2473.183675926721,2136.1463127965517,-6377.531337952561,-5.693573980580299,-4.696748172046783,0.6428659168844948,7166.077346157499,7.408745146855677
numerical_gravity_2x0,2026-05-09T21:08:00Z,EarthMJ2000Eq,55860.0,2026-05-10T12:39:00Z,-2809.7744449662405,1850.375887424936,-6326.5685102137995,-5.522476325521253,-4.825855478018494,1.0553660259591027,7165.486199189684,7.4094819865772354
numerical_gravity_2x0,2026-05-09T21:08:00Z,EarthMJ2000Eq,55920.0,2026-05-10T12:40:00Z,-3135.4502306330382,1557.417648847367,-6250.966246558973,-5.329850917674267,-4.936265188085173,1.4639248954921296,7164.577928764374,7.410607324057618
numerical_gravity_2x0,2026-05-09T21:08:00Z,EarthMJ2000Eq,55980.0,2026-05-10T12:41:00Z,-3448.9398520469194,1258.4066422924484,-6151.006904576246,-5.116392776318895,-5.027548150305271,1.8670151561863548,7163.355311622329,7.412115827389347
numerical_gravity_2x0,2026-05-09T21:08:00Z,EarthMJ2000Eq,56040.0,2026-05-10T12:42:00Z,-3749.0160130091713,954.5017578890422,-6027.06407026764,-4.8828694647264035,-5.099338931161084,2.263123914766266,7161.822113032659,7.414000377528961
numerical_gravity_2x0,2026-05-09T21:08:00Z,EarthMJ2000Eq,56100.0,2026-05-10T12:43:00Z,-4034.4996104142174,646.8818637907857,-5879.601565463643,-4.630119598529977,-5.151337270228008,2.6507569021011967,7159.983088020281,7.416252107524977
numerical_gravity_2x0,2026-05-09T21:08:00Z,EarthMJ2000Eq,56160.0,2026-05-10T12:44:00Z,-4304.263949809109,336.7418528677929,-5709.1722036661,-4.359051238394141,-5.183309505342287,3.0284427134773324,7157.843982388327,7.418860451304576
numerical_gravity_2x0,2026-05-09T21:08:00Z,EarthMJ2000Eq,56220.0,2026-05-10T12:45:00Z,-4557.238860434742,25.288605001271,-5516.416288343654,-4.070640142464979,-5.195089958758191,3.3947371553249264,7155.411533301395,7.421813201824812
numerical_gravity_2x0,2026-05-09T21:08:00Z,EarthMJ2000Eq,56280.0,2026-05-10T12:46:00Z,-4792.41470054885,-286.26313229578386,-5302.059846957164,-3.765927852097431,-5.186582270906834,3.7482277088917932,7152.693469152998,7.425096578347818
numerical_gravity_2x0,2026-05-09T21:08:00Z,EarthMJ2000Eq,56340.0,2026-05-10T12:47:00Z,-5008.846242197431,-596.6949412925277,-5066.912593491638,-3.4460195830294893,-5.157760664639173,4.0875381169817855,7149.698508400446,7.428695302548143
numerical_gravity_2x0,2026-05-09T21:08:00Z,EarthMJ2000Eq,56400.0,2026-05-10T12:48:00Z,-5205.656422909198,-904.7890047161911,-4811.8656120475935,-3.112081893556298,-5.108671119336578,4.411333095016447,7146.436357013002,7.432592683104058
numerical_gravity_2x0,2026-05-09T21:08:00Z,EarthMJ2000Eq,56460.0,2026-05-10T12:49:00Z,-5382.03995008112,-1209.3324435829481,-4537.888754125582,-2.7653401013915326,-5.039432431085029,4.718323162409503,7142.9177041451985,7.436770708362986
numerical_gravity_2x0,2026-05-09T21:08:00Z,EarthMJ2000Eq,56520.0,2026-05-10T12:50:00Z,-5537.266742147793,-1509.1217145624548,-4246.027742644379,-2.407075421820353,-4.950237132314222,5.0072695846589585,7139.154215617259,7.4412101466041705
numerical_gravity_2x0,2026-05-09T21:08:00Z,EarthMJ2000Eq,56580.0,2026-05-10T12:51:00Z,-5670.685189031237,-1802.9670575865948,-3937.4009764822454,-2.038621801466075,-4.841352241979103,5.2769894107637505,7135.158524759211,7.445890653349781
numerical_gravity_2x0,2026-05-09T21:08:00Z,EarthMJ2000Eq,56640.0,2026-05-10T12:52:00Z,-5781.72521289866,-2089.6969826213763,-3613.1960304309523,-1.6613624245164316,-4.713119815582968,5.526360584674286,7130.944220155346,7.4507908850992095
numerical_gravity_2x0,2026-05-09T21:08:00Z,EarthMJ2000Eq,56700.0,2026-05-10T12:53:00Z,-5869.9011089621645,-2368.162782640697,-3274.665846906361,-1.2767258715735725,-4.565957263176968,5.754327103612785,7126.525829811798,7.455888618781567
numerical_gravity_2x0,2026-05-09T21:08:00Z,EarthMJ2000Eq,56760.0,2026-05-10T12:54:00Z,-5934.8141449830155,-2637.243057910596,-2923.124617561848,-0.8861819153763943,-4.4003574029810375,5.9599041903809935,7121.918801263057,7.461160876139257
numerical_gravity_2x0,2026-05-09T21:08:00Z,EarthMJ2000Eq,56820.0,2026-05-10T12:55:00Z,-5976.15489733862,-2895.8482347546187,-2559.9433550884078,-0.49123694244704313,-4.216888218506132,6.142183441347439,7117.139477133851,7.4665840521729345
numerical_gravity_2x0,2026-05-09T21:08:00Z,EarthMJ2000Eq,56880.0,2026-05-10T12:56:00Z,-5993.705301014135,-3142.9250600697474,-2186.5451579359883,-0.09342899516847356,-4.016192288054398,6.300337906814311,7112.205065681998,7.47213404669691
numerical_gravity_2x0,2026-05-09T21:08:00Z,EarthMJ2000Eq,56940.0,2026-05-10T12:57:00Z,-5987.340390728986,-3377.461051044402,-1804.4001734243984,0.30567756518046363,-3.7989858572544652,6.433627056046039,7107.133605866058,7.477786397976458
numerical_gravity_2x0,2026-05-09T21:08:00Z,EarthMJ2000Eq,57000.0,2026-05-10T12:58:00Z,-5957.029710632511,-3598.4888778426066,-1415.0202676902838,0.7044977674293096,-3.566057527857763,6.541401575534308,7101.943926509817,7.483516417347303
numerical_gravity_2x0,2026-05-09T21:08:00Z,EarthMJ2000Eq,57060.0,2026-05-10T12:59:00Z,-5902.838370626056,-3805.0906555084043,-1019.9534140927362,1.1014320977493666,-3.3182665393632336,6.6231079462060025,7096.655599174309,7.489299323655539
numerical_gravity_2x0,2026-05-09T21:08:00Z,EarthMJ2000Eq,57120.0,2026-05-10T13:00:00Z,-5824.927728406671,-3996.4021200574334,-620.7778150201704,1.4948729043123272,-3.0565406241153323,6.678292743366607,7091.28888439765,7.495110376306516
numerical_gravity_2x0,2026-05-09T21:08:00Z,EarthMJ2000Eq,57180.0,2026-05-10T13:01:00Z,-5723.555677786762,-4171.616662700696,-219.09577544487848,1.8832111115489614,-2.7818734212748835,6.706606602309087,7085.864671023924,7.500925005677162
numerical_gravity_2x0,2026-05-09T21:08:00Z,EarthMJ2000Eq,57240.0,2026-05-10T13:02:00Z,-5599.076525721052,-4329.989195427294,183.47265000624463,2.264843209303406,-2.4953214404123343,6.707807792781656,7080.404408414674,7.506718939630786
numerical_gravity_2x0,2026-05-09T21:08:00Z,EarthMJ2000Eq,57300.0,2026-05-10T13:03:00Z,-5451.940442753363,-4470.839820790979,585.2962113250653,2.6381784756171704,-2.198000571314855,6.681765346943497,7074.9300314202055,7.512468324879988
numerical_gravity_2x0,2026-05-09T21:08:00Z,EarthMJ2000Eq,57360.0,2026-05-10T13:04:00Z,-5282.692474256591,-4593.557278725599,984.7391903504318,3.0016463858102918,-1.8910821428082727,6.628461688060451,7069.4638780824225,7.5181498419745205
numerical_gravity_2x0,2026-05-09T21:08:00Z,EarthMJ2000Eq,57420.0,2026-05-10T13:05:00Z,-5091.971102844975,-4697.602143574971,1380.1682695051188,3.35370415512607,-1.575788539830712,6.547994710982758,7064.028600145754,7.523740812749323
numerical_gravity_2x0,2026-05-09T21:08:00Z,EarthMJ2000Eq,57480.0,2026-05-10T13:06:00Z,-4880.506355643552,-4782.509745272105,1769.9595077995436,3.692844357629235,-1.2533883945012905,6.44057927034711,7058.647066566635,7.529219299155093
numerical_gravity_2x0,2026-05-09T21:08:00Z,EarthMJ2000Eq,57540.0,2026-05-10T13:07:00Z,-4649.117453651819,-4847.892789740608,2152.5053873895195,4.0176025604346295,-0.925191373340329,6.306548038360813,7053.3422603337385,7.534564192510863
numerical_gravity_2x0,2026-05-09T21:08:00Z,EarthMJ2000Eq,57600.0,2026-05-10T13:08:00Z,-4398.710004175708,-4893.443655106803,2526.2218918867466,4.326564909807516,-0.5925425889499634,6.1463517008259325,7048.137169038946,7.539755292364804
numerical_gravity_2x0,2026-05-09T21:08:00Z,EarthMJ2000Eq,57660.0,2026-05-10T13:09:00Z,-4130.272741156749,-4918.93634218393,2889.55557596267,4.618375604298353,-0.2568166701920942,5.960558467581461,7043.054669770587,7.544773374325023
numerical_gravity_2x0,2026-05-09T21:08:00Z,EarthMJ2000Eq,57720.0,2026-05-10T13:10:00Z,-3844.8738221289746,-4924.228059889853,3240.9905845963376,4.891744189897295,0.08058846994845645,5.749852881589322,7038.117409033567,7.5496002464238865
numerical_gravity_2x0,2026-05-09T21:08:00Z,EarthMJ2000Eq,57780.0,2026-05-10T13:11:00Z,-3543.6566944101205,-4909.260428747921,3579.0555796202634,5.145452613218731,0.4182581251892773,5.515033919251282,7033.347678532522,7.554218793803795
numerical_gravity_2x0,2026-05-09T21:08:00Z,EarthMJ2000Eq,57840.0,2026-05-10T13:12:00Z,-3227.8355469131648,-4874.060288351063,3902.33053102711,5.378361970912449,0.7547674982224841,5.257012382991908,7028.767287781221,7.558613011754242
numerical_gravity_2x0,2026-05-09T21:08:00Z,EarthMJ2000Eq,57900.0,2026-05-10T13:13:00Z,-2898.69036757963,-4818.740097589718,4209.453330812555,5.5894188967615985,1.0886885644797981,4.976807595447607,7024.397434620767,7.56276802738321
numerical_gravity_2x0,2026-05-09T21:08:00Z,EarthMJ2000Eq,57960.0,2026-05-10T13:14:00Z,-2557.5616298263653,-4743.497919499111,4499.126187930638,5.777661532144129,1.4185970456730228,4.675543412541769,7020.258574837238,7.566670110462924
numerical_gravity_2x0,2026-05-09T21:08:00Z,EarthMJ2000Eq,58020.0,2026-05-10T13:15:00Z,-2205.8446345101306,-4648.616985713452,4770.12176419918,5.942225030545109,1.7430794405840893,4.354443580097847,7016.3702921629965,7.570306674242406
numerical_gravity_2x0,2026-05-09T21:08:00Z,EarthMJ2000Eq,58080.0,2026-05-10T13:16:00Z,-1844.9835367070566,-4534.4648386672,5021.289012674922,6.082346552425686,2.0607400606940534,4.0148264652719465,7012.751170021586,7.573666267258018
numerical_gravity_2x0,2026-05-09T21:08:00Z,EarthMJ2000Eq,58140.0,2026-05-10T13:17:00Z,-1476.4650890465311,-4401.492052803112,5251.55868207218,6.197369712776373,2.370208019209635,3.658099199839035,7009.418666430892,7.576738557389093
numerical_gravity_2x0,2026-05-09T21:08:00Z,EarthMJ2000Eq,58200.0,2026-05-10T13:18:00Z,-1101.8121354134012,-4250.230539085162,5459.9484531694025,6.286748449897068,2.6701441237658496,3.2857512771524187,7006.388993510375,7.579514309589582
numerical_gravity_2x0,2026-05-09T21:08:00Z,EarthMJ2000Eq,58260.0,2026-05-10T13:19:00Z,-722.5768905332488,-4081.2914400302325,5645.5676757756155,6.35005029014747,2.959247625422654,2.8993476483760388,7003.677003043418,7.58198535886975
numerical_gravity_2x0,2026-05-09T21:08:00Z,EarthMJ2000Eq,58320.0,2026-05-10T13:20:00Z,-340.3340422894362,-3895.362625233118,5807.621677653216,6.386958989411142,3.2362627793816263,2.500521366376374,7001.296079523538,7.5841445801972585
numerical_gravity_2x0,2026-05-09T21:08:00Z,EarthMJ2000Eq,58380.0,2026-05-10T13:21:00Z,43.32628539523924,-3693.2057999414837,5945.415619756891,6.397276537653361,3.4999851759641554,2.0909658275186866,6999.2580420625145,7.585985857028071
numerical_gravity_2x0,2026-05-09T21:08:00Z,EarthMJ2000Eq,58440.0,2026-05-10T13:22:00Z,426.805670619457,-3475.653241627414,6058.35787519805,6.380924518104573,3.749267803654599,1.672426662649574,6997.573056459098,7.587504050161044
numerical_gravity_2x0,2026-05-09T21:08:00Z,EarthMJ2000Eq,58500.0,2026-05-10T13:23:00Z,808.5045936465316,-3243.604181695859,6145.962912434853,6.337944817189466,3.9830268092704166,1.2466933289087683,6996.249558619754,7.588694968533873
numerical_gravity_2x0,2026-05-09T21:08:00Z,EarthMJ2000Eq,58560.0,2026-05-10T13:24:00Z,1186.829660159509,-2998.020851471854,6207.8536662842225,6.268499685317116,4.200246923447113,0.8155904538680707,6995.294190389195,7.58955534344328
numerical_gravity_2x0,2026-05-09T21:08:00Z,EarthMJ2000Eq,58620.0,2026-05-10T13:25:00Z,1560.2008087702386,-2739.9242134289398,6243.7633834292155,6.1728711520699795,4.399986522519594,0.38096898302575954,6994.711748690788,7.590082807482374
numerical_gravity_2x0,2026-05-09T21:08:00Z,EarthMJ2000Eq,58680.0,2026-05-10T13:26:00Z,1927.058464226474,-2470.3894002768116,6253.536932138629,6.051459802244438,4.581382300479588,-0.05530281892955041,6994.505148698422,7.590275879249021
numerical_gravity_2x0,2026-05-09T21:08:00Z,EarthMJ2000Eq,58740.0,2026-05-10T13:27:00Z,2285.87059822529,-2190.540886035475,6237.131568922274,5.904782921707932,4.743653526967545,-0.49134846326798925,6994.675401565876,7.590133954599294
numerical_gravity_2x0,2026-05-09T21:08:00Z,EarthMJ2000Eq,58800.0,2026-05-10T13:28:00Z,2635.1396603472976,-1901.5474146050035,6194.61715781999,5.733472024281507,4.886105869233794,-0.925292379407568,6995.2216070317645,7.589657304909711
numerical_gravity_2x0,2026-05-09T21:08:00Z,EarthMJ2000Eq,58860.0,2026-05-10T13:29:00Z,2973.4093423626546,-1604.6167126109704,6126.175840977489,5.53826977298361,5.008134757732867,-1.355269054970216,6996.140961002444,7.588847082483335
numerical_gravity_2x0,2026-05-09T21:08:00Z,EarthMJ2000Eq,58920.0,2026-05-10T13:30:00Z,3299.271140024425,-1300.9900144781795,6032.101162113729,5.320026311135911,5.10922827658465,-1.7794321244406284,6997.428777997229,7.587705332900178
numerical_gravity_2x0,2026-05-09T21:08:00Z,EarthMJ2000Eq,58980.0,2026-05-10T13:31:00Z,3611.370677464072,-991.9364287656828,5912.796647450336,5.079695021180276,5.188969561658959,-2.195963356787917,6999.078528124946,7.586235013785304
numerical_gravity_2x0,2026-05-09T21:08:00Z,EarthMJ2000Eq,59040.0,2026-05-10T13:32:00Z,3908.4137604526286,-678.7471757833054,5768.773851669184,4.8183277317092195,5.247038690643374,-2.603081491806027,7001.081888053544,7.5844400191609225
numerical_gravity_2x0,2026-05-09T21:08:00Z,EarthMJ2000Eq,59100.0,2026-05-10T13:33:00Z,4189.172126110512,-362.72972739526386,5600.6498795004245,4.5370693962577695,5.283214051268534,-2.9990508742003583,7003.428805240019,7.58232520827365
numerical_gravity_2x0,2026-05-09T21:08:00Z,EarthMJ2000Eq,59160.0,2026-05-10T13:34:00Z,4452.488858164028,-45.201880683507945,5409.144396623461,4.237152270886949,5.297373176012917,-3.382189833737076,7006.107574510623,7.579896437554938
numerical_gravity_2x0,2026-05-09T21:08:00Z,EarthMJ2000Eq,59220.0,2026-05-10T13:35:00Z,4697.283438583855,272.5142022310329,5195.076146681462,3.9198896215042387,5.289493034194273,-3.7508787592477844,7009.104925925313,7.577160594189791
numerical_gravity_2x0,2026-05-09T21:08:00Z,EarthMJ2000Eq,59280.0,2026-05-10T13:36:00Z,4922.556408424616,589.0979554558069,4959.358994349347,3.5866689961610168,5.259649775452628,-4.103567814129264,7012.406122728364,7.574125629641958
numerical_gravity_2x0,2026-05-09T21:08:00Z,EarthMJ2000Eq,59340.0,2026-05-10T13:37:00Z,5127.39361293523,903.2363386760821,4702.997517527997,3.2389451021407036,5.208017922279883,-4.43878424137916,7015.995068081823,7.570800591416055
numerical_gravity_2x0,2026-05-09T21:08:00Z,EarthMJ2000Eq,59400.0,2026-05-10T13:38:00Z,5310.970008539582,1213.629701562665,4427.082174825236,2.878232332362219,5.134869013453639,-4.755139207332847,7019.8544192011095,7.567195651329207
numerical_gravity_2x0,2026-05-09T21:08:00Z,EarthMJ2000Eq,59460.0,2026-05-10T13:39:00Z,5472.553012099417,1518.99755046453,4132.784077479186,2.5060969902974395,5.040569704946058,-5.051334135255411,7023.965707463351,7.563322128614806
numerical_gravity_2x0,2026-05-09T21:08:00Z,EarthMJ2000Eq,59520.0,2026-05-10T13:40:00Z,5611.505375958205,1818.084185159651,3821.3493977266994,2.1241492670432884,4.925579340020849,-5.326166482898453,7028.309463038866,7.559192506284758
numerical_gravity_2x0,2026-05-09T21:08:00Z,EarthMJ2000Eq,59580.0,2026-05-10T13:41:00Z,5727.28757560604,2109.664174302499,3494.093448258827,1.7340350281949073,4.790447005685349,-5.578534922109968,7032.865342603399,7.5548204393279335
numerical_gravity_2x0,2026-05-09T21:08:00Z,EarthMJ2000Eq,59640.0,2026-05-10T13:42:00Z,5819.459700369169,2392.5476394048387,3152.3944697748384,1.3374274715362517,4.635808098283527,-5.807443883591278,7037.612258721666,7.550220753513948
numerical_gravity_2x0,2026-05-09T21:08:00Z,EarthMJ2000Eq,59700.0,2026-05-10T13:43:00Z,5887.682841269743,2665.5853187225525,2797.6871656858893,0.9360187191150908,4.46238042663213,-6.012007435878929,7042.528509549316,7.545409433793964
numerical_gravity_2x0,2026-05-09T21:08:00Z,EarthMJ2000Eq,59760.0,2026-05-10T13:44:00Z,5931.719974067933,2927.6733842897715,2431.456024672897,0.531511408844827,4.2709598865376615,-6.191452474492122,7047.591907577605,7.540403601534909
numerical_gravity_2x0,2026-05-09T21:08:00Z,EarthMJ2000Eq,59820.0,2026-05-10T13:45:00Z,5951.436339427153,3177.7579875263323,2055.2284730221468,0.12561035125623454,4.062415745606242,-6.345121204782321,7052.77990623998,7.53522148008076
numerical_gravity_2x0,2026-05-09T21:08:00Z,EarthMJ2000Eq,59880.0,2026-05-10T13:46:00Z,5946.7993260658195,3414.839511318627,1670.5678994077873,-0.2799856836687976,3.8376855818002094,-6.47247291016809,7058.06972330902,7.5298823483953905
numerical_gravity_2x0,2026-05-09T21:08:00Z,EarthMJ2000Eq,59940.0,2026-05-10T13:47:00Z,5917.877866604202,3637.9765092005705,1279.0665950359607,-0.6835919865426973,3.5977699230498668,-6.573085005923572,7063.438460132285,7.524406482797491
numerical_gravity_2x0,2026-05-09T21:08:00Z,EarthMJ2000Eq,60000.0,2026-05-10T13:48:00Z,5864.841359510675,3846.2893151953867,882.3386517973113,-1.0835456755369752,3.343726638265964,-6.646653387284748,7068.863215883352,7.5188150870418475
numerical_gravity_2x0,2026-05-09T21:08:00Z,EarthMJ2000Eq,60060.0,2026-05-10T13:49:00Z,5787.958134028629,4038.9633109680344,482.01286029342316,-1.478213154509281,3.076665132218175,-6.692992089108758,7074.321196136225,7.5131302112264615
numerical_gravity_2x0,2026-05-09T21:08:00Z,EarthMJ2000Eq,60120.0,2026-05-10T13:50:00Z,5687.593478158732,4215.251840125118,79.72564832279745,-1.865997211759102,2.7977403978808675,-6.71203228243787,7079.789815204434,7.507374660206819
numerical_gravity_2x0,2026-05-09T21:08:00Z,EarthMJ2000Eq,60180.0,2026-05-10T13:51:00Z,5564.20725262419,4374.478762723934,-322.8859013388525,-2.245343714984261,2.508146979968742,-6.703820640865799,7085.246791817612,7.501571892373223
numerical_gravity_2x0,2026-05-09T21:08:00Z,EarthMJ2000Eq,60240.0,2026-05-10T13:52:00Z,5418.351116210716,4516.040646253985,-724.1909172108204,-2.6147478648320286,2.2091129024963667,-6.66851711638734,7090.6702378358195,7.4957459097924675
numerical_gravity_2x0,2026-05-09T21:08:00Z,EarthMJ2000Eq,60300.0,2026-05-10T13:53:00Z,5250.665389910963,4639.408592473248,-1122.5714553405546,-2.972759976790187,1.901893611334947,-6.606392170270387,7096.038739823005,7.489921140829999
numerical_gravity_2x0,2026-05-09T21:08:00Z,EarthMJ2000Eq,60360.0,2026-05-10T13:54:00Z,5061.875588889075,4744.1297024612195,-1516.4290342881684,-3.317990768847265,1.5877659799752908,-6.5178235092944785,7101.331433414303,7.484122316453303
numerical_gravity_2x0,2026-05-09T21:08:00Z,EarthMJ2000Eq,60420.0,2026-05-10T13:55:00Z,4852.788652400953,4829.828185039894,-1904.1909607891307,-3.649116140166452,1.268022423131718,-6.403292381361868,7106.528070515746,7.478374341472556
numerical_gravity_2x0,2026-05-09T21:08:00Z,EarthMJ2000Eq,60480.0,2026-05-10T13:56:00Z,4624.288902457867,4896.206116266975,-2284.316421342373,-3.9648814337682983,0.9439651585523887,-6.263379486953999,7111.609079468552,7.4727021620025464
numerical_gravity_2x0,2026-05-09T21:08:00Z,EarthMJ2000Eq,60540.0,2026-05-10T13:57:00Z,4377.33376221461,4943.043859984987,-2655.3023184031636,-4.264105183717731,0.6169006525670456,-6.098760564164002,7116.555618392679,7.467130630432822
numerical_gravity_2x0,2026-05-09T21:08:00Z,EarthMJ2000Eq,60600.0,2026-05-10T13:58:00Z,4112.949264818741,4970.200161385821,-3015.6888333318825,-4.5456823543925715,0.28813427964292965,-5.91020170510573,7121.349621995488,7.461684369174028
numerical_gravity_2x0,2026-05-09T21:08:00Z,EarthMJ2000Eq,60660.0,2026-05-10T13:59:00Z,3832.225382804206,4977.611927201223,-3364.0647016913963,-4.80858708592593,-0.04103477932279847,-5.69855446043492,7125.973842191027,7.45638763441054
numerical_gravity_2x0,2026-05-09T21:08:00Z,EarthMJ2000Eq,60720.0,2026-05-10T14:00:00Z,3536.311207088627,4965.2937074433585,-3699.0721898313377,-5.051874965739625,-0.36931838092744246,-5.464750786598906,7130.411882923794,7.451264181036058
numerical_gravity_2x0,2026-05-09T21:08:00Z,EarthMJ2000Eq,60780.0,2026-05-10T14:01:00Z,3226.410003283264,4933.336894591559,-4019.411764886929,-5.2746848511221245,-0.6954439920403586,-5.209797887361339,7134.648229628147,7.446337129883184
numerical_gravity_2x0,2026-05-09T21:08:00Z,EarthMJ2000Eq,60840.0,2026-05-10T14:02:00Z,2903.774171397761,4881.908656755573,-4323.846453299619,-5.47624027198032,-1.018158983625722,-4.934772997248272,7138.6682737814235,7.441628838283158
numerical_gravity_2x0,2026-05-09T21:08:00Z,EarthMJ2000Eq,60900.0,2026-05-10T14:03:00Z,2569.7001331712977,4811.250621653304,-4611.205885690795,-5.655850446164002,-1.3362346431129195,-4.640818149965097,7142.458333025774,7.437160774910955
numerical_gravity_2x0,2026-05-09T21:08:00Z,EarthMJ2000Eq,60960.0,2026-05-10T14:04:00Z,2225.5231692429634,4721.677328240026,-4880.390028350674,-5.812910942103506,-1.6484699077787763,-4.329134969681264,7146.0056673415675,7.432953399786389
numerical_gravity_2x0,2026-05-09T21:08:00Z,EarthMJ2000Eq,61020.0,2026-05-10T14:05:00Z,1872.6122262426788,4613.574462540153,-5130.372603713002,-5.94690402491631,-1.953694826130124,-4.000979517515313,7149.298491754638,7.429026050216171
numerical_gravity_2x0,2026-05-09T21:08:00Z,EarthMJ2000Eq,61080.0,2026-05-10T14:06:00Z,1512.3647116948707,4487.3968936901165,-5360.204203952231,-6.057398722648991,-2.2507737582891294,-3.6576572197201274,7152.325986051446,7.425396833376879
numerical_gravity_2x0,2026-05-09T21:08:00Z,EarthMJ2000Eq,61140.0,2026-05-10T14:07:00Z,1146.2012924335716,4343.666525434498,-5569.0151032512185,-6.1440506489666795,-2.538608329830433,-3.300517898106661,7155.078301961256,7.422082526156305
numerical_gravity_2x0,2026-05-09T21:08:00Z,EarthMJ2000Eq,61200.0,2026-05-10T14:08:00Z,775.5607100799173,4182.969977362309,-5756.017775340765,-6.206601617437489,-2.816140156356628,-2.930950917286288,7157.546568243406,7.419098482791782
numerical_gravity_2x0,2026-05-09T21:08:00Z,EarthMJ2000Eq,61260.0,2026-05-10T14:09:00Z,401.8946250778749,4005.9561090638567,-5920.509123611219,-6.244879080651581,-3.0823533583004883,-2.550380457481031,7159.722894091377,7.416458550769848
numerical_gravity_2x0,2026-05-09T21:08:00Z,EarthMJ2000Eq,61320.0,2026-05-10T14:10:00Z,26.662498863761957,3813.3333991694917,-6061.872431452193,-6.25879542483999,-3.3362768869952335,-2.1602609160607376,7161.600371234584,7.414174995382572
numerical_gravity_2x0,2026-05-09T21:08:00Z,EarthMJ2000Eq,61380.0,2026-05-10T14:11:00Z,-348.6734780027771,3605.867189938732,-6179.579040506575,-6.248347147501388,-3.576986683957499,-1.7620724357187347,7163.173075083931,7.412258433272395
numerical_gravity_2x0,2026-05-09T21:08:00Z,EarthMJ2000Eq,61440.0,2026-05-10T14:12:00Z,-722.6534054618865,3384.3768067404503,-6273.189764252912,-6.213613941894597,-3.8036076955923215,-1.3573165523827446,7164.43606522913,7.410717775239333
numerical_gravity_2x0,2026-05-09T21:08:00Z,EarthMJ2000Eq,61500.0,2026-05-10T14:13:00Z,-1093.8246363579603,3149.732560439893,-6342.356043784211,-6.154757708203397,-4.015315765175697,-0.94751195165431,7165.385385554986,7.409560178531881
numerical_gravity_2x0,2026-05-09T21:08:00Z,EarthMJ2000Eq,61560.0,2026-05-10T14:14:00Z,-1460.7466777116497,2902.852639422338,-6386.820851863971,-6.072021506822232,-4.211339423027715,-0.5341903188435355,7166.018064200737,7.408791008795246
numerical_gravity_2x0,2026-05-09T21:08:00Z,EarthMJ2000Eq,61620.0,2026-05-10T14:15:00Z,-1821.996027736257,2644.6998967706268,-6406.419350348149,-5.965728464641475,-4.390961594294593,-0.11889226457153373,7166.332113541799,7.408413811807396
numerical_gravity_2x0,2026-05-09T21:08:00Z,EarthMJ2000Eq,61680.0,2026-05-10T14:16:00Z,-2176.1709459878116,2376.2785370063666,-6401.079304904074,-5.836280640523085,-4.553521241754899,0.2968366945063412,7166.326530327085,7.408430295093764
numerical_gravity_2x0,2026-05-09T21:08:00Z,EarthMJ2000Eq,61740.0,2026-05-10T14:17:00Z,-2521.8961542680568,2098.630705831393,-6370.821259675542,-5.684157851444614,-4.698414958602737,0.7114501220148107,7166.001296057952,7.408840319474857
numerical_gravity_2x0,2026-05-09T21:08:00Z,EarthMJ2000Eq,61800.0,2026-05-10T14:18:00Z,-2857.827465848321,1812.832985493044,-6315.7584731807265,-5.5099164561425304,-4.825098523293422,1.1234046383504652,7165.357377647175,7.409641900566178
numerical_gravity_2x0,2026-05-09T21:08:00Z,EarthMJ2000Eq,61860.0,2026-05-10T14:19:00Z,-3182.656340256313,1519.9927977665152,-6236.096615330167,-5.31418808859327,-4.933088425323556,1.531163910730547,7164.3967283483225,7.410831220216225
numerical_gravity_2x0,2026-05-09T21:08:00Z,EarthMJ2000Eq,61920.0,2026-05-10T14:20:00Z,-3495.114360279222,1221.2447161188832,-6132.133224060831,-5.097678329417991,-5.021963367320521,1.93320267967366,7163.122288898117,7.412402647834539
numerical_gravity_2x0,2026-05-09T21:08:00Z,EarthMJ2000Eq,61980.0,2026-05-10T14:21:00Z,-3793.977627001946,917.7466884073935,-6004.256918743267,-4.861165299367382,-5.091365745102626,2.328010843546177,7161.53798876683,7.4143487715271785
numerical_gravity_2x0,2026-05-09T21:08:00Z,EarthMJ2000Eq,62040.0,2026-05-10T14:22:00Z,-4078.071067640613,610.676171480209,-5852.946366276169,-4.605498155514853,-5.141003103510448,2.7140976208478143,7159.648747365096,7.416660438920373
numerical_gravity_2x0,2026-05-09T21:08:00Z,EarthMJ2000Eq,62100.0,2026-05-10T14:23:00Z,-4346.272649675165,301.2261792976216,-5678.76899467839,-4.331595467735023,-5.1706495618752335,3.0899958072576763,7157.46047500992,7.419326807513817
numerical_gravity_2x0,2026-05-09T21:08:00Z,EarthMJ2000Eq,62160.0,2026-05-10T14:24:00Z,-4597.517493361331,-9.398753322021648,-5482.379448063276,-4.040443450539304,-5.180147199057565,3.454266141155946,7154.980073408594,7.4223354043620455
numerical_gravity_2x0,2026-05-09T21:08:00Z,EarthMJ2000Eq,62220.0,2026-05-10T14:25:00Z,-4830.801873146587,-319.9866885072478,-5264.517776171647,-3.733094023446247,-5.169407384136794,3.805501787424462,7152.215435377046,7.425672194835218
numerical_gravity_2x0,2026-05-09T21:08:00Z,EarthMJ2000Eq,62280.0,2026-05-10T14:26:00Z,-5045.187096865123,-629.322480917864,-5026.007351182846,-3.410662671838365,-5.138412035139232,4.142332944871069,7149.175443469474,7.429321660158452
numerical_gravity_2x0,2026-05-09T21:08:00Z,EarthMJ2000Eq,62340.0,2026-05-10T14:27:00Z,-5239.803249884994,-936.1920461757887,-4767.75250434832,-3.0743260797494485,-5.087214784741839,4.463431577688604,7145.869967159201,7.433266883371762
numerical_gravity_2x0,2026-05-09T21:08:00Z,EarthMJ2000Eq,62400.0,2026-05-10T14:28:00Z,-5413.8527896709365,-1239.3866958497895,-4490.735875125722,-2.725319506277062,-5.015942028759351,4.767516266031662,7142.309858177425,7.437489643289946
numerical_gravity_2x0,2026-05-09T21:08:00Z,EarthMJ2000Eq,62460.0,2026-05-10T14:29:00Z,-5566.6139745551445,-1537.7075311660933,-4196.015465954038,-2.3649338783534213,-4.924793830496974,5.053357165166705,7138.506943587226,7.441970515974011
numerical_gravity_2x0,2026-05-09T21:08:00Z,EarthMJ2000Eq,62520.0,2026-05-10T14:30:00Z,-5697.444108923581,-1829.9698859318135,-3884.72139661697,-1.9945125744511525,-4.814044651805476,5.319781056828381,7134.47401614576,7.4466889831528995
numerical_gravity_2x0,2026-05-09T21:08:00Z,EarthMJ2000Eq,62580.0,2026-05-10T14:31:00Z,-5805.78258557545,-2115.007807354674,-3558.052353300722,-1.6154478764507159,-4.684043879984619,5.56567647051265,7130.224821488534,7.45162354695731
numerical_gravity_2x0,2026-05-09T21:08:00Z,EarthMJ2000Eq,62640.0,2026-05-10T14:32:00Z,-5891.1537047465035,-2391.678561555928,-3217.271728964851,-1.2291770703401368,-4.535216118611645,5.789998846580063,7125.77404165689,7.456751850247083
numerical_gravity_2x0,2026-05-09T21:08:00Z,EarthMJ2000Eq,62700.0,2026-05-10T14:33:00Z,-5953.169248249538,-2658.867148642781,-2863.703453503996,-0.837178180623611,-4.3680612099831615,5.9917757073631766,7121.137274484075,7.462050801731339
numerical_gravity_2x0,2026-05-09T21:08:00Z,EarthMJ2000Eq,62760.0,2026-05-10T14:34:00Z,-5991.530786422184,-2915.4908102744084,-2498.727514369534,-0.4409653282333339,-4.183153957199555,6.170111797108613,7116.331008357236,7.467496704998075
numerical_gravity_2x0,2026-05-09T21:08:00Z,EarthMJ2000Eq,62820.0,2026-05-10T14:35:00Z,-6006.031695123536,-3160.5035107666636,-2123.7751708201863,-0.04208370729826505,-3.981143515026083,6.324194146677571,7111.372591883315,7.473065390489036
numerical_gravity_2x0,2026-05-09T21:08:00Z,EarthMJ2000Eq,62880.0,2026-05-10T14:36:00Z,-5996.55885992318,-3392.9003709813637,-1740.32386774781,0.35789581776611906,-3.7627524205536766,6.453297014619071,7106.280198006645,7.478732349379034
numerical_gravity_2x0,2026-05-09T21:08:00Z,EarthMJ2000Eq,62940.0,2026-05-10T14:37:00Z,-5963.094044908668,-3611.7220325837307,-1349.8918580390446,0.7573824868323448,-3.5287752373567245,6.556786652653315,7101.072782155953,7.484472868248973
numerical_gravity_2x0,2026-05-09T21:08:00Z,EarthMJ2000Eq,63000.0,2026-05-10T14:38:00Z,-5905.71490422303,-3816.058928772888,-954.0325456373586,1.1547717754237057,-3.2800767902863286,6.634125840884836,7095.770034038915,7.4902621633816135
numerical_gravity_2x0,2026-05-09T21:08:00Z,EarthMJ2000Eq,63060.0,2026-05-10T14:39:00Z,-5824.595615546726,-4005.0554363401916,-554.3285648083519,1.548451860964195,-3.0175899722061468,6.684878136319243,7090.392322753852,7.496075513461801
numerical_gravity_2x0,2026-05-09T21:08:00Z,EarthMJ2000Eq,63120.0,2026-05-10T14:40:00Z,-5720.0071162638515,-4177.913882930455,-152.38561452268064,1.9368103949867825,-2.7423131088115316,6.708711777577066,7084.960634951022,7.5018883894316675
numerical_gravity_2x0,2026-05-09T21:08:00Z,EarthMJ2000Eq,63180.0,2026-05-10T14:41:00Z,-5592.316924995096,-4333.898382709353,250.17392971048523,2.318241545512148,-2.455306873086706,6.705403189153385,7079.496505850126,7.5076765802393055
numerical_gravity_2x0,2026-05-09T21:08:00Z,EarthMJ2000Eq,63240.0,2026-05-10T14:42:00Z,-5441.9885335248655,-4472.3384733081275,651.7176008705221,2.6911532672965524,-2.157690746842594,6.674840030204371,7074.021943006158,7.513416313229937
numerical_gravity_2x0,2026-05-09T21:08:00Z,EarthMJ2000Eq,63300.0,2026-05-10T14:43:00Z,-5269.5803568708125,-4592.63252694895,1050.6095934015023,3.053974751656364,-1.8506390330131839,6.617023735660622,7068.559342812047,7.519084367964132
numerical_gravity_2x0,2026-05-09T21:08:00Z,EarthMJ2000Eq,63360.0,2026-05-10T14:44:00Z,-5075.74423230441,-4694.250909067499,1445.2176522076995,3.4051640022779055,-1.5353764288273506,6.532071501446292,7063.131399832886,7.524658182310658
numerical_gravity_2x0,2026-05-09T21:08:00Z,EarthMJ2000Eq,63420.0,2026-05-10T14:45:00Z,-4861.22346148478,-4776.7388585510835,1833.920062992469,3.743215478971389,-1.2131731764592943,6.420217670659119,7057.761009181898,7.530115949753692
numerical_gravity_2x0,2026-05-09T21:08:00Z,EarthMJ2000Eq,63480.0,2026-05-10T14:46:00Z,-4626.850393459656,-4839.719064898896,2215.1127068533274,4.066667747862689,-0.8853398141294153,6.281814483638711,7052.471162271186,7.535436706976072
numerical_gravity_2x0,2026-05-09T21:08:00Z,EarthMJ2000Eq,63540.0,2026-05-10T14:47:00Z,-4373.543550054533,-4882.89391917367,2587.2161400257473,4.37411107414541,-0.5532215567119688,6.117332161782185,7047.284836398805,7.540600410931946
numerical_gravity_2x0,2026-05-09T21:08:00Z,EarthMJ2000Eq,63600.0,2026-05-10T14:48:00Z,-4102.304299045775,-4906.04741752914,2948.682658085403,4.664194892313666,-0.2181923405440419,5.927358302588056,7042.224878765758,7.545588004802312
numerical_gravity_2x0,2026-05-09T21:08:00Z,EarthMJ2000Eq,63660.0,2026-05-10T14:49:00Z,-3814.2130844241533,-4909.046698333985,3298.0033028089633,4.935635088800029,0.11835142782795774,5.7125965715243305,7037.313885649484,7.55038147243267
numerical_gravity_2x0,2026-05-09T21:08:00Z,EarthMJ2000Eq,63720.0,2026-05-10T14:50:00Z,-3510.425226929567,-4891.843196430424,3633.7147692802287,5.1872210331487505,0.4549973749146738,5.473864684708542,7032.574077591461,7.554963881079735
numerical_gravity_2x0,2026-05-09T21:08:00Z,EarthMJ2000Eq,63780.0,2026-05-10T14:51:00Z,-3192.166311804726,-4854.473400817371,3954.406170721215,5.417822296213278,0.7903238680343586,5.212091684827708,7028.027171582533,7.559319412538449
numerical_gravity_2x0,2026-05-09T21:08:00Z,EarthMJ2000Eq,63840.0,2026-05-10T14:52:00Z,-2860.72718430858,-4797.059204981574,4258.725618922703,5.626394997288728,1.1229068774492093,4.928314520985798,7023.6942513472995,7.563433382974814
numerical_gravity_2x0,2026-05-09T21:08:00Z,EarthMJ2000Eq,63900.0,2026-05-10T14:53:00Z,-2517.4585768893267,-4719.807842159428,4545.386579028354,5.811987726444137,1.4513269411682603,4.62367395102557,7019.59563693482,7.567292252046997
numerical_gravity_2x0,2026-05-09T21:08:00Z,EarthMJ2000Eq,63960.0,2026-05-10T14:54:00Z,-2163.7653949906094,-4623.011400940176,4813.17395876054,5.973746993441779,1.7741761800266542,4.29940979213177,7015.750754913713,7.5708836221478935
numerical_gravity_2x0,2026-05-09T21:08:00Z,EarthMJ2000Eq,64020.0,2026-05-10T14:55:00Z,-1801.1006912126882,-4507.045919761749,5060.949893923431,6.110922160331614,2.090065310892713,3.9568555520152606,7012.178010542191,7.574196228837952
numerical_gravity_2x0,2026-05-09T21:08:00Z,EarthMJ2000Eq,64080.0,2026-05-10T14:56:00Z,-1430.9593599442069,-4372.370061950997,5287.6591941295155,6.22286982088155,2.397630606933438,3.5974324785749463,7008.894663334561,7.577219923748304
numerical_gravity_2x0,2026-05-09T21:08:00Z,EarthMJ2000Eq,64140.0,2026-05-10T14:57:00Z,-1054.8715866038199,-4219.523375973259,5492.334415113136,6.309057596237389,2.695540755678448,3.222643070554525,7005.916707472691,7.579945651411845
numerical_gravity_2x0,2026-05-09T21:08:00Z,EarthMJ2000Eq,64200.0,2026-05-10T14:58:00Z,-674.3960872809407,-4049.1241484423185,5674.100526659082,6.369067322395787,2.9825035680275014,2.8340640953242637,7003.2587585117435,7.5823654216156555
numerical_gravity_2x0,2026-05-09T21:08:00Z,EarthMJ2000Eq,64260.0,2026-05-10T14:59:00Z,-291.11317584948824,-3861.866860169393,5832.179148025705,6.402597611033757,3.257272494195112,2.4333391625454883,7000.9339478025095,7.584472278954733
numerical_gravity_2x0,2026-05-09T21:08:00Z,EarthMJ2000Eq,64320.0,2026-05-10T15:00:00Z,93.3823034336296,-3658.519258077335,5965.892325723211,6.409465770813974,3.5186529057160025,2.0221709041888483,6998.953825997169,7.586260271298869
numerical_gravity_2x0,2026-05-09T21:08:00Z,EarthMJ2000Eq,64380.0,2026-05-10T15:01:00Z,477.48813921566585,-3439.919058161421,6074.665831567104,6.389609081359601,3.7655081058878532,1.6023128122916015,6997.328276921317,7.587724418858004
numerical_gravity_2x0,2026-05-09T21:08:00Z,EarthMJ2000Eq,64440.0,2026-05-10T15:02:00Z,859.6019732608603,-3206.9702968382303,6158.031962020674,6.343085416595162,3.99676503425603,1.1755607861040445,6996.06544298328,7.588860685445437
numerical_gravity_2x0,2026-05-09T21:08:00Z,EarthMJ2000Eq,64500.0,2026-05-10T15:03:00Z,1238.128538550991,-2960.6393499944247,6215.631822934976,6.2700732180592365,4.211419633824032,0.7437444400635456,6995.171663153936,7.589665953393976
numerical_gravity_2x0,2026-05-09T21:08:00Z,EarthMJ2000Eq,64560.0,2026-05-10T15:04:00Z,1611.4868763750321,-2701.950640839776,6247.2170868669355,6.170870822137888,4.4085418525092495,0.30871822352883826,6994.651424388897,7.590138003381574
numerical_gravity_2x0,2026-05-09T21:08:00Z,EarthMJ2000Eq,64620.0,2026-05-10T15:05:00Z,1978.1174938339445,-2431.9820592999467,6252.651213193617,6.0458951480172045,4.587280252898885,-0.12764759741489248,6994.50732718326,7.590275500176514
numerical_gravity_2x0,2026-05-09T21:08:00Z,EarthMJ2000Eq,64680.0,2026-05-10T15:06:00Z,2336.489423670092,-2151.8601171731616,6231.910124241443,5.8956797556194545,4.746866206578218,-0.5634760463492441,6994.740065751242,7.590077985026553
numerical_gravity_2x0,2026-05-09T21:08:00Z,EarthMJ2000Eq,64740.0,2026-05-10T15:07:00Z,2685.1071489541396,-1862.7548646395414,6185.082333619527,5.720872285008265,4.886617651225976,-0.9968925817927881,6995.348423113411,7.589545875102307
numerical_gravity_2x0,2026-05-09T21:08:00Z,EarthMJ2000Eq,64800.0,2026-05-10T15:08:00Z,3022.5173559153345,-1565.8745949685806,6112.3685258996275,5.5222312908770235,5.005942390359562,-1.4260342321803694,6996.329281157787,7.588680470074516
numerical_gravity_2x0,2026-05-09T21:08:00Z,EarthMJ2000Eq,64860.0,2026-05-10T15:09:00Z,3347.3154790829867,-1262.4603654304647,6014.0805897379305,5.3006224879262565,5.10434091715858,-1.8490586712438561,6997.677645523115,7.5874839655705975
numerical_gravity_2x0,2026-05-09T21:08:00Z,EarthMJ2000Eq,64920.0,2026-05-10T15:10:00Z,3658.1520039258685,-953.7803634858553,5890.640109503692,5.057014425332496,5.181408745313461,-2.264153184067828,6999.386684938311,7.585959472931308
numerical_gravity_2x0,2026-05-09T21:08:00Z,EarthMJ2000Eq,64980.0,2026-05-10T15:11:00Z,3953.7384933481203,-641.1241483042055,5742.576323481453,4.792473611230338,5.236838231465308,-2.6695434734608874,7001.447784446529,7.584111044385721
numerical_gravity_2x0,2026-05-09T21:08:00Z,EarthMJ2000Eq,65040.0,2026-05-10T15:12:00Z,4232.853305747093,-325.7967985326779,5570.523559757068,4.508159111252355,5.270419875652965,-3.063502255547027,7003.850611750424,7.581943702493916
numerical_gravity_2x0,2026-05-09T21:08:00Z,EarthMJ2000Eq,65100.0,2026-05-10T15:13:00Z,4494.34697388592,-9.11299798877993,5375.218163984852,4.205316648735106,5.2820430883840555,-3.444357592789454,7006.583195741171,7.579463472481466
numerical_gravity_2x0,2026-05-09T21:08:00Z,EarthMJ2000Eq,65160.0,2026-05-10T15:14:00Z,4737.14721560785,307.6089084442444,5157.494936356265,3.885272238192323,5.271696415597597,-3.810500912184097,7009.632016121529,7.576677415915789
numerical_gravity_2x0,2026-05-09T21:08:00Z,EarthMJ2000Eq,65220.0,2026-05-10T15:15:00Z,4960.263549444658,623.0528560087029,4918.28309823096,3.549425388016974,5.239467215957279,-4.160394656286537,7012.982102905599,7.573593664057252
numerical_gravity_2x0,2026-05-09T21:08:00Z,EarthMJ2000Eq,65280.0,2026-05-10T15:16:00Z,5162.791490466804,935.9109654151819,4658.601812019263,3.1992419129948453,5.185540788640133,-4.492579515246134,7016.617144477101,7.570221449160034
numerical_gravity_2x0,2026-05-09T21:08:00Z,EarthMJ2000Eq,65340.0,2026-05-10T15:17:00Z,5343.916304299836,1244.8893794169062,4379.555280981068,2.8362464019455356,5.110198954058926,-4.8056811892798645,7020.519602815435,7.566571131999769
numerical_gravity_2x0,2026-05-09T21:08:00Z,EarthMJ2000Eq,65400.0,2026-05-10T15:18:00Z,5502.9163000912995,1548.713997983115,4082.327458580595,2.4620143904738296,5.013818094730266,-5.0984166331615235,7024.670834454841,7.562654223964159
numerical_gravity_2x0,2026-05-09T21:08:00Z,EarthMJ2000Eq,65460.0,2026-05-10T15:19:00Z,5639.165646345334,1846.1360800253665,3768.176399853307,2.078164293217319,4.896866668686968,-5.369599737424665,7029.051215726362,7.558483402154951
numerical_gravity_2x0,2026-05-09T21:08:00Z,EarthMJ2000Eq,65520.0,2026-05-10T15:20:00Z,5752.136696926149,2135.9376805378224,3438.428289840035,1.6863491539103035,4.759902213310532,-5.618146405127604,7033.640270843969,7.554072516108164
numerical_gravity_2x0,2026-05-09T21:08:00Z,EarthMJ2000Eq,65580.0,2026-05-10T15:21:00Z,5841.401818132592,2416.9368932533507,3094.4711864623223,1.2882482748508668,4.60356786307791,-5.843078988201364,7038.41680143322,7.549436584936668
numerical_gravity_2x0,2026-05-09T21:08:00Z,EarthMJ2000Eq,65640.0,2026-05-10T15:22:00Z,5906.63471151847,2687.9928704952404,2737.7485171922,0.8855587897776573,4.428588410306565,-6.043530053539173,7043.359016160983,7.544591783926106
numerical_gravity_2x0,2026-05-09T21:08:00Z,EarthMJ2000Eq,65700.0,2026-05-10T15:23:00Z,5947.6112310216295,2948.0105938122992,2369.752370454185,0.47998724558386663,4.235765943364355,-6.218745455981435,7048.444659205135,7.539555419862517
numerical_gravity_2x0,2026-05-09T21:08:00Z,EarthMJ2000Eq,65760.0,2026-05-10T15:24:00Z,5964.209696905479,3195.945371205387,1992.0166238401166,0.07324125860509823,4.025975101807227,-6.368086703050851,7053.651136400627,7.5343458946286
numerical_gravity_2x0,2026-05-09T21:08:00Z,EarthMJ2000Eq,65820.0,2026-05-10T15:25:00Z,5956.410712940692,3430.8070392575905,1606.1099518816914,-0.3329786896552664,3.800157992348748,-6.491032604510032,7058.955638009597,7.528982656865992
numerical_gravity_2x0,2026-05-09T21:08:00Z,EarthMJ2000Eq,65880.0,2026-05-10T15:26:00Z,5924.296497090277,3651.6638512304357,1213.6287562865912,-0.7369872545779013,3.559318813300442,-6.587180208333714,7064.335257184852,7.523486141755571
numerical_gravity_2x0,2026-05-09T21:08:00Z,EarthMJ2000Eq,65940.0,2026-05-10T15:27:00Z,5868.0497396363035,3857.6460351383676,816.1900611905828,-1.1371219687311465,3.3045182380250764,-6.65624503327881,7069.767103324602,7.5178776992087455
numerical_gravity_2x0,2026-05-09T21:08:00Z,EarthMJ2000Eq,66000.0,2026-05-10T15:28:00Z,5787.95200613227,4047.949008910384,415.4244151127508,-1.5317506652737556,3.0368676099213485,-6.698060616663461,7075.228409648758,7.512179510984419
numerical_gravity_2x0,2026-05-09T21:08:00Z,EarthMJ2000Eq,66060.0,2026-05-10T15:29:00Z,5684.381705717607,4221.8362429335075,12.96883994076137,-1.919278534680487,2.7575230024472885,-6.712577404002349,7080.6966344600105,7.506414497443777
numerical_gravity_2x0,2026-05-09T21:08:00Z,EarthMJ2000Eq,66120.0,2026-05-10T15:30:00Z,5557.811648134215,4378.641763487555,-389.54013455226016,-2.298154771250816,2.467679197665427,-6.699861014577662,7086.1495556840155,7.500606214824985
numerical_gravity_2x0,2026-05-09T21:08:00Z,EarthMJ2000Eq,66180.0,2026-05-10T15:31:00Z,5408.806215192534,4517.772293763785,-790.4733144060084,-2.6668787727875682,2.168563635765109,-6.660089923665328,7091.565358409461,7.494778744060171
numerical_gravity_2x0,2026-05-09T21:08:00Z,EarthMJ2000Eq,66240.0,2026-05-10T15:32:00Z,5238.018174410555,4638.709032252274,-1188.2155297522063,-3.024005864260053,1.8614303860289445,-6.59355260782752,7096.92271526881,7.488956572266937
numerical_gravity_2x0,2026-05-09T21:08:00Z,EarthMJ2000Eq,66300.0,2026-05-10T15:33:00Z,5046.185164069479,4741.009071228866,-1581.1721369693907,-3.368152523996275,1.5475541868331528,-6.500644204303116,7102.200859612297,7.483164468126235
numerical_gravity_2x0,2026-05-09T21:08:00Z,EarthMJ2000Eq,66360.0,2026-05-10T15:34:00Z,4834.125879982085,4824.306460821462,-1967.775307179741,-3.698001098780334,1.2282245986028348,-6.381862738994208,7107.379651529993,7.477427352409136
numerical_gravity_2x0,2026-05-09T21:08:00Z,EarthMJ2000Eq,66420.0,2026-05-10T15:35:00Z,4602.7359948542435,4888.312926643507,-2346.4900768983416,-4.012304001968664,0.9047403092994544,-6.237804979813082,7112.439636868581,7.471770164938555
numerical_gravity_2x0,2026-05-09T21:08:00Z,EarthMJ2000Eq,66480.0,2026-05-10T15:36:00Z,4352.9838412475565,4932.818251212857,-2715.8201400888993,-4.309887396198976,0.5784036271306808,-6.0691619732126805,7117.362099470104,7.4662177292711975
numerical_gravity_2x0,2026-05-09T21:08:00Z,EarthMJ2000Eq,66540.0,2026-05-10T15:37:00Z,4085.90588884359,4957.690331298595,-3074.313364351417,-4.589654369282683,0.2505151898816934,-5.876714321600824,7122.129106929194,7.460794616362611
numerical_gravity_2x0,2026-05-09T21:08:00Z,EarthMJ2000Eq,66600.0,2026-05-10T15:38:00Z,3802.6020459985525,4962.87492493669,-3420.5670173974004,-4.850587618300751,-0.07763108528440052,-5.661327258092617,7126.72355022311,7.455525008437531
numerical_gravity_2x0,2026-05-09T21:08:00Z,EarthMJ2000Eq,66660.0,2026-05-10T15:39:00Z,3504.2308145006605,4948.395103116402,-3753.232693291844,-5.091751662644092,-0.4047527933793728,-5.423945572771039,7131.129177615359,7.4504325642320826
numerical_gravity_2x0,2026-05-09T21:08:00Z,EarthMJ2000Eq,66720.0,2026-05-10T15:40:00Z,3192.004325046194,4914.350422060016,-4071.020931099322,-5.31229461165847,-0.7295835619706266,-5.165588441409455,7135.330623269244,7.445540286706958
numerical_gravity_2x0,2026-05-09T21:08:00Z,EarthMJ2000Eq,66780.0,2026-05-10T15:41:00Z,2867.1832792846885,4860.9158326037295,-4372.705521511697,-5.511449516602479,-1.0508772933723047,-4.887344203584699,7139.3134310328605,7.440870394254704
numerical_gravity_2x0,2026-05-09T21:08:00Z,EarthMJ2000Eq,66840.0,2026-05-10T15:42:00Z,2531.0718224025222,4788.340343449611,-4657.127499712739,-5.688535339763077,-1.3674121268769541,-4.5903651324106605,7143.064073872486,7.436444196342438
numerical_gravity_2x0,2026-05-09T21:08:00Z,EarthMJ2000Eq,66900.0,2026-05-10T15:43:00Z,2185.012368172625,4696.945455016047,-4923.198825114103,-5.8429575757787715,-1.6779941241447591,-4.27586223289142,7146.569969437654,7.4322819744464805
numerical_gravity_2x0,2026-05-09T21:08:00Z,EarthMJ2000Eq,66960.0,2026-05-10T15:44:00Z,1830.3803962520803,4587.123380291516,-5169.905750650089,-5.97420856150028,-1.9814606853068255,-3.9451001002743986,7149.819492239357,7.4284028690496395
numerical_gravity_2x0,2026-05-09T21:08:00Z,EarthMJ2000Eq,67020.0,2026-05-10T15:45:00Z,1468.5792393138152,4459.335068522689,-5396.311886026417,-6.081867511097206,-2.276683707261067,-3.599391863920507,7152.801982913394,7.424824773387239
numerical_gravity_2x0,2026-05-09T21:08:00Z,EarthMJ2000Eq,67080.0,2026-05-10T15:46:00Z,1101.0348754062977,4314.108046775718,-5601.560960670323,-6.16560031263892,-2.5625724989890073,-3.2400942362382783,7155.507755024922,7.421564234546004
numerical_gravity_2x0,2026-05-09T21:08:00Z,EarthMJ2000Eq,67140.0,2026-05-10T15:47:00Z,729.190738796121,4152.0340934345695,-5784.879293123364,-6.225159121095294,-2.8380764714602695,-2.868602680283673,7157.928099848205,7.418636362441752
numerical_gravity_2x0,2026-05-09T21:08:00Z,EarthMJ2000Eq,67200.0,2026-05-10T15:48:00Z,354.5025605085834,3973.7667565799507,-5945.577974259389,-6.260381780686866,-3.1021876217936857,-2.4863467038287754,7160.055289528528,7.416054747128438
numerical_gravity_2x0,2026-05-09T21:08:00Z,EarthMJ2000Eq,67260.0,2026-05-10T15:49:00Z,-21.56675211729071,3780.018728965407,-6083.054772010596,-6.271191106842423,-3.3539428327988734,-2.0947852821624173,7161.882579001629,7.413831384823013
numerical_gravity_2x0,2026-05-09T21:08:00Z,EarthMJ2000Eq,67320.0,2026-05-10T15:50:00Z,-397.5521892637168,3571.559090012193,-6196.795765262916,-6.257594054780011,-3.5924260098305854,-1.6954024067040452,7163.404207010623,7.411976612967914
numerical_gravity_2x0,2026-05-09T21:08:00Z,EarthMJ2000Eq,67380.0,2026-05-10T15:51:00Z,-771.9916597749806,3349.2104239203027,-6286.376714262306,-6.219680798004747,-3.816770077062305,-1.2897027517771302,7164.615396521846,7.4104990545960305
numerical_gravity_2x0,2026-05-09T21:08:00Z,EarthMJ2000Eq,67440.0,2026-05-10T15:52:00Z,-1143.4309547959986,3113.8458216767613,-6351.464174285231,-6.157623735906598,-4.026158854847254,-0.8792074476761446,7165.512354799779,7.409405572211207
numerical_gravity_2x0,2026-05-09T21:08:00Z,EarthMJ2000Eq,67500.0,2026-05-10T15:53:00Z,-1510.4286501206088,2866.3857734700177,-6391.816358502748,-6.071676445237904,-4.219828838814388,-0.46544994453607824,7166.0922733579,7.408701231350541
numerical_gravity_2x0,2026-05-09T21:08:00Z,EarthMJ2000Eq,67560.0,2026-05-10T15:54:00Z,-1871.5609442110654,2607.7949568247323,-6407.2837549453425,-5.962172585648647,-4.397070899781929,-0.049971948528126274,7166.353327957198,7.4083892739521335
numerical_gravity_2x0,2026-05-09T21:08:00Z,EarthMJ2000Eq,67620.0,2026-05-10T15:55:00Z,-2225.4264293200076,2339.078924685902,-6397.809501294423,-5.829524764751473,-4.557231921505544,0.3656805903986858,7166.2946787777955,7.408471101612947
numerical_gravity_2x0,2026-05-09T21:08:00Z,EarthMJ2000Eq,67680.0,2026-05-10T15:56:00Z,-2570.6507933327957,2061.2806967335814,-6363.429519928214,-5.674223363470978,-4.699716390762363,0.7799614616019958,7165.916470841872,7.408946268785098
numerical_gravity_2x0,2026-05-09T21:08:00Z,EarthMJ2000Eq,67740.0,2026-05-10T15:57:00Z,-2905.891449853606,1775.4772564249076,-6304.272414277994,-5.49683531779349,-4.823987951360275,1.191328170887892,7165.219834718325,7.409812485924462
numerical_gravity_2x0,2026-05-09T21:08:00Z,EarthMJ2000Eq,67800.0,2026-05-10T15:58:00Z,-3229.842093690483,1482.7759556607064,-6220.559126149535,-5.298002848562949,-4.929570930413433,1.5982459350573575,7164.206887491644,7.411065632571719
numerical_gravity_2x0,2026-05-09T21:08:00Z,EarthMJ2000Eq,67860.0,2026-05-10T15:59:00Z,-3541.2371782652785,1184.3108285779394,-6112.602352278872,-5.078442126750848,-5.016051841703038,1.9991917165773003,7162.880733929638,7.412699780312259
numerical_gravity_2x0,2026-05-09T21:08:00Z,EarthMJ2000Eq,67920.0,2026-05-10T16:00:00Z,-3838.8563106017295,881.2388157911175,-5980.805717065581,-4.8389418577459224,-5.083080867213681,2.39265831973426,7161.245467737298,7.414707225526367
numerical_gravity_2x0,2026-05-09T21:08:00Z,EarthMJ2000Eq,67980.0,2026-05-10T16:01:00Z,-4121.528558451383,574.7359004558419,-5825.66269720403,-4.580361764740883,-5.130373314070289,2.777158567551739,7159.306172737527,7.417078531804203
numerical_gravity_2x0,2026-05-09T21:08:00Z,EarthMJ2000Eq,68040.0,2026-05-10T16:02:00Z,-4388.136662829652,265.9931578118655,-5647.755292855792,-4.303630948313272,-5.157711040172075,3.151229575988715,7157.068923774109,7.419802581860162
numerical_gravity_2x0,2026-05-09T21:08:00Z,EarthMJ2000Eq,68100.0,2026-05-10T16:03:00Z,-4637.621147784517,-43.787279616987206,-5447.752439114526,-4.009746096874906,-5.164943837903947,3.5134371385266,7154.540787088485,7.42286663873759
numerical_gravity_2x0,2026-05-09T21:08:00Z,EarthMJ2000Eq,68160.0,2026-05-10T16:04:00Z,-4868.9843176435215,-353.3963382361223,-5226.408150845593,-3.6997695208629358,-5.151990761480743,3.862380230245092,7151.729819880117,7.426256416046877
numerical_gravity_2x0,2026-05-09T21:08:00Z,EarthMJ2000Eq,68220.0,2026-05-10T16:05:00Z,-5081.294130319903,-661.6221970994251,-4984.559393570369,-3.3748269824219155,-5.118841379825691,4.196695635944871,7148.645068720979,7.429956156927005
numerical_gravity_2x0,2026-05-09T21:08:00Z,EarthMJ2000Eq,68280.0,2026-05-10T16:06:00Z,-5273.687933547975,-967.2545540377428,-4723.123672939822,-3.036105291929098,-5.065556933482448,4.515062701869837,7145.2965664583035,7.433948721362566
numerical_gravity_2x0,2026-05-09T21:08:00Z,EarthMJ2000Eq,68340.0,2026-05-10T16:07:00Z,-5445.3760492061665,-1269.0889577159119,-4443.096335528606,-2.6848496430833166,-4.992271370991258,4.816208205197254,7141.695327207143,7.438215681424739
numerical_gravity_2x0,2026-05-09T21:08:00Z,EarthMJ2000Eq,68400.0,2026-05-10T16:08:00Z,-5595.645189220164,-1565.9311975815472,-4145.547574199678,-2.3223606594390795,-4.899192237503937,5.0989113297967394,7137.853339005697,7.442737423936082
numerical_gravity_2x0,2026-05-09T21:08:00Z,EarthMJ2000Eq,68460.0,2026-05-10T16:09:00Z,-5723.861684966517,-1856.6017419676737,-3831.619132154146,-1.949991127236766,-4.786601386246796,5.362008730914769,7133.783553682773,7.447493259985408
numerical_gravity_2x0,2026-05-09T21:08:00Z,EarthMJ2000Eq,68520.0,2026-05-10T16:10:00Z,-5829.474510667443,-2139.940212796776,-3502.5207009987275,-1.5691423921571008,-4.654855481837973,5.604399665537617,7129.499873468738,7.452461540641433
numerical_gravity_2x0,2026-05-09T21:08:00Z,EarthMJ2000Eq,68580.0,2026-05-10T16:11:00Z,-5912.018080028409,-2414.8098834417137,-3159.5260097338582,-1.1812604011973244,-4.504386263492268,5.825051159348495,7125.017133869597,7.457619778133097
numerical_gravity_2x0,2026-05-09T21:08:00Z,EarthMJ2000Eq,68640.0,2026-05-10T16:12:00Z,-5971.114794368091,-2680.1021843687904,-2803.968603480947,-0.7878313751933759,-4.335700535860055,6.023003175557895,7120.351082319378,7.4629447716820705
numerical_gravity_2x0,2026-05-09T21:08:00Z,EarthMJ2000Eq,68700.0,2026-05-10T16:13:00Z,-6006.477319769308,-2934.741199262696,-2437.2373130115325,-0.3903771025436218,-4.149379855693622,6.197373745588502,7115.518352129282,7.468412737090528
numerical_gravity_2x0,2026-05-09T21:08:00Z,EarthMJ2000Eq,68760.0,2026-05-10T16:14:00Z,-6017.910570379822,-3177.688132457142,-2060.7714186894837,0.009550149648255894,-3.946079883747519,6.34736401677862,7110.536431264214,7.473999439106961
numerical_gravity_2x0,2026-05-09T21:08:00Z,EarthMJ2000Eq,68820.0,2026-05-10T16:15:00Z,-6005.313374948461,-3407.945726715384,-1676.0555152569164,0.4103731045946696,-3.7265293733159632,6.472263168070754,7105.42362549874,7.479680325517034
numerical_gravity_2x0,2026-05-09T21:08:00Z,EarthMJ2000Eq,68880.0,2026-05-10T16:16:00Z,-5968.679804023934,-3624.5626087684777,-1284.6140869438814,0.8104953159712324,-3.4915287695891517,6.571453141208923,7100.199015536143,7.485430661838012
numerical_gravity_2x0,2026-05-09T21:08:00Z,EarthMJ2000Eq,68940.0,2026-05-10T16:17:00Z,-5908.1001359922175,-3826.6375385725028,-888.0058056120688,1.208307363238764,-3.24194839754997,6.644413132404337,7094.882407716439,7.491225665436936
numerical_gravity_2x0,2026-05-09T21:08:00Z,EarthMJ2000Eq,69000.0,2026-05-10T16:18:00Z,-5823.761441296817,-4013.3235370335697,-487.81756799764895,1.6021933791365728,-2.97872622039028,6.690723787853836,7089.494277992639,7.497040637847897
numerical_gravity_2x0,2026-05-09T21:08:00Z,EarthMJ2000Eq,69060.0,2026-05-10T16:19:00Z,-5715.947765777772,-4183.831866012418,-85.6582915357684,1.9905378793131958,-2.7028651553363288,6.710071045999243,7084.055708919127,7.502851094035474
numerical_gravity_2x0,2026-05-09T21:08:00Z,EarthMJ2000Eq,69120.0,2026-05-10T16:20:00Z,-5585.039896073832,-4337.435833795457,316.84750833767345,2.3717328572263483,-2.415429939248131,6.702249570064103,7078.588319472258,7.508632887342924
numerical_gravity_2x0,2026-05-09T21:08:00Z,EarthMJ2000Eq,69180.0,2026-05-10T16:21:00Z,-5431.514692440432,-4473.47439893699,718.066333172459,2.7441851009827545,-2.1175435422885496,6.66716571623357,7073.114187610481,7.51436232887821
numerical_gravity_2x0,2026-05-09T21:08:00Z,EarthMJ2000Eq,69240.0,2026-05-10T16:22:00Z,-5255.94397711637,-4591.355545461485,1116.3624793506854,3.1063236828773286,-1.8103831342154335,6.604839985857202,7067.655765579404,7.520016300130901
numerical_gravity_2x0,2026-05-09T21:08:00Z,EarthMJ2000Eq,69300.0,2026-05-10T16:23:00Z,-5058.992969486332,-4690.559402880687,1510.1049463877328,3.456607567198767,-1.4951756142890233,6.51540891422079,7062.235788075138,7.525572357680715
numerical_gravity_2x0,2026-05-09T21:08:00Z,EarthMJ2000Eq,69360.0,2026-05-10T16:24:00Z,-4841.418262686618,-4770.641085333968,1897.6744405867705,3.793533277549133,-1.1731927222492085,6.399126353682601,7056.8771734959555,7.531008828955545
numerical_gravity_2x0,2026-05-09T21:08:00Z,EarthMJ2000Eq,69420.0,2026-05-10T16:25:00Z,-4604.065339931374,-4831.233225398409,2277.470436595931,4.115642561611149,-0.8457457541381116,6.256364115194707,7051.602918636257,7.536304898123739
numerical_gravity_2x0,2026-05-09T21:08:00Z,EarthMJ2000Eq,69480.0,2026-05-10T16:26:00Z,-4347.865632632458,-4872.048179723968,2647.9182574665188,4.42152998909283,-0.5141799127569322,6.087611939288731,7046.435987306108,7.541440681361929
numerical_gravity_2x0,2026-05-09T21:08:00Z,EarthMJ2000Eq,69540.0,2026-05-10T16:27:00Z,-4073.8331262790043,-4892.879885605483,3007.4761323041143,4.709850417554933,-0.17986832809152212,5.893476775323354,7041.399193492001,7.54639729092423
numerical_gravity_2x0,2026-05-09T21:08:00Z,EarthMJ2000Eq,69600.0,2026-05-10T16:28:00Z,-3783.0605239609613,-4893.6053498746915,3354.6421895758003,4.979326261013123,0.1557942120286123,5.674681355967413,7036.515079807326,7.551156887648455
numerical_gravity_2x0,2026-05-09T21:08:00Z,EarthMJ2000Eq,69660.0,2026-05-10T16:29:00Z,-3476.714981291615,-4874.185754040915,3687.961343607024,5.228754497592555,0.491397776586369,5.432062062308298,7031.805792111489,7.555702721765692
numerical_gravity_2x0,2026-05-09T21:08:00Z,EarthMJ2000Eq,69720.0,2026-05-10T16:30:00Z,-3156.033430237116,-4834.667162380835,4006.0320317782966,5.457013355042702,0.8255240035546098,5.16656608340157,7027.292951301487,7.5600191621261565
numerical_gravity_2x0,2026-05-09T21:08:00Z,EarthMJ2000Eq,69780.0,2026-05-10T16:31:00Z,-2822.3175129301335,-4775.180822622925,4307.512760408782,5.663068616497554,1.156752959374363,4.879247882285901,7022.9975233957175,7.564091714209468
numerical_gravity_2x0,2026-05-09T21:08:00Z,EarthMJ2000Eq,69840.0,2026-05-10T16:32:00Z,-2476.9281498711844,-4695.94305193447,4591.128418271161,5.845979493354564,1.4836700940337237,4.571264988260612,7018.939689133464,7.567907027543971
numerical_gravity_2x0,2026-05-09T21:08:00Z,EarthMJ2000Eq,69900.0,2026-05-10T16:33:00Z,-2121.2797699551134,-4597.254704041838,4855.676318087867,6.004904017375897,1.804873239512209,4.243873142366757,7015.138714401517,7.571452893408661
numerical_gravity_2x0,2026-05-09T21:08:00Z,EarthMJ2000Eq,69960.0,2026-05-10T16:34:00Z,-1756.8342324628552,-4479.500216442129,5100.031928170159,6.1391039098940245,2.1189795997205416,3.898420829364721,7011.612822868463,7.574718233923467
numerical_gravity_2x0,2026-05-09T21:08:00Z,EarthMJ2000Eq,70020.0,2026-05-10T16:35:00Z,-1385.094473503324,-4343.146239744833,5323.154258526983,6.247948892121988,2.4246326812517593,3.536343234940985,7008.3790722543745,7.577693083839919
numerical_gravity_2x0,2026-05-09T21:08:00Z,EarthMJ2000Eq,70080.0,2026-05-10T16:36:00Z,-1007.5979113629471,-4188.739854169504,5524.090868233257,6.330920406815587,2.720509116154587,3.1591556713307924,7005.453235686396,7.580368566515467
numerical_gravity_2x0,2026-05-09T21:08:00Z,EarthMJ2000Eq,70140.0,2026-05-10T16:37:00Z,-625.9096468195149,-4016.906381081337,5701.982463546797,6.38761472770762,3.005325330406782,2.768446517990329,7002.84968958701,7.582736865682779
numerical_gravity_2x0,2026-05-09T21:08:00Z,EarthMJ2000Eq,70200.0,2026-05-10T16:38:00Z,-241.61549571258868,-3828.3468001409715,5856.0670591399185,6.41774543905146,3.277844014650721,2.3658697264218866,7000.581309510068,7.584791194703183
numerical_gravity_2x0,2026-05-09T21:08:00Z,EarthMJ2000Eq,70260.0,2026-05-10T16:39:00Z,143.68510804519968,-3623.834785157792,5985.6836778094175,6.421145273122511,3.5368803568946308,1.953136939827325,6998.659375279501,7.586525765015809
numerical_gravity_2x0,2026-05-09T21:08:00Z,EarthMJ2000Eq,70320.0,2026-05-10T16:40:00Z,528.3863002551847,-3404.213374056687,6090.27556709642,6.397767298521611,3.781308000122814,1.5320092790605404,6997.093486696844,7.587935755457666
numerical_gravity_2x0,2026-05-09T21:08:00Z,EarthMJ2000Eq,70380.0,2026-05-10T16:41:00Z,910.8830259633842,-3170.391290495234,6169.392914343831,6.347685456540908,4.010064690953456,1.1042888465230776,6995.891490967546,7.589017284034071
numerical_gravity_2x0,2026-05-09T21:08:00Z,EarthMJ2000Eq,70440.0,2026-05-10T16:42:00Z,1289.5782916335027,-2923.338936607976,6222.695044811261,6.271094446676391,4.2221575885128875,0.671809999373855,6995.059422854051,7.589767383565265
numerical_gravity_2x0,2026-05-09T21:08:00Z,EarthMJ2000Eq,70500.0,2026-05-10T16:43:00Z,1662.8903910264673,-2664.0840781195698,6249.952090534373,6.16830896563673,4.416668205472205,0.23643044288680615,6994.601458398708,7.590183982428041
numerical_gravity_2x0,2026-05-09T21:08:00Z,EarthMJ2000Eq,70560.0,2026-05-10T16:44:00Z,2029.260066197462,-2393.7072446760867,6251.046120646843,6.039762306984756,4.592756955664581,-0.1999778058352478,6994.519882874911,7.5902658913575545
numerical_gravity_2x0,2026-05-09T21:08:00Z,EarthMJ2000Eq,70620.0,2026-05-10T16:45:00Z,2387.157565523782,-2113.3368697123847,6225.97172687822,5.886004330971257,4.749667284858649,-0.6355375341416403,6994.815073424753,7.5900127969834
numerical_gravity_2x0,2026-05-09T21:08:00Z,EarthMJ2000Eq,70680.0,2026-05-10T16:46:00Z,2735.0895613172006,-1824.1441955215337,6174.836060907524,5.707698816322535,4.886729363133783,-1.0683754808328412,6995.485496630322,7.589425262456201
numerical_gravity_2x0,2026-05-09T21:08:00Z,EarthMJ2000Eq,70740.0,2026-05-10T16:47:00Z,3071.605890344193,-1527.3379704351614,6097.85832320444,5.505620207877906,5.003363318952664,-1.4966314647067478,6996.527721048764,7.588504735188932
numerical_gravity_2x0,2026-05-09T21:08:00Z,EarthMJ2000Eq,70800.0,2026-05-10T16:48:00Z,3395.306081477009,-1224.1589661717703,5995.368705944351,5.280649776195183,5.099081996551047,-1.9184674452933086,6997.93644452351,7.587253561403592
numerical_gravity_2x0,2026-05-09T21:08:00Z,EarthMJ2000Eq,70860.0,2026-05-10T16:49:00Z,3704.8456357376563,-915.8743444676481,5867.806795557622,5.033771207690594,5.173493219781699,-2.332076465958574,6999.704535870826,7.5856750068520515
numerical_gravity_2x0,2026-05-09T21:08:00Z,EarthMJ2000Eq,70920.0,2026-05-10T16:50:00Z,3998.9420251925694,-603.7719030685774,5715.71944348164,4.766065646667293,5.226301547187819,-2.735691428900677,7001.823090337285,7.583773282782163
numerical_gravity_2x0,2026-05-09T21:08:00Z,EarthMJ2000Eq,70980.0,2026-05-10T16:51:00Z,4276.380378530821,-289.1542320189055,5539.758116734972,4.47870621378806,5.2573095049696885,-3.1275936508204385,7004.281498034531,7.581553575957947
numerical_gravity_2x0,2026-05-09T21:08:00Z,EarthMJ2000Eq,71040.0,2026-05-10T16:52:00Z,4536.018822739249,26.667188080820925,5340.67574302681,4.172952029193027,5.266418286763826,-3.506121147380875,7007.0675243870655,7.579022081325401
numerical_gravity_2x0,2026-05-09T21:08:00Z,EarthMJ2000Eq,71100.0,2026-05-10T16:53:00Z,4776.793452099956,342.3779135906753,5119.32306824242,3.8501417725324405,5.253627911872166,-3.8696765941484963,7010.1674014804175,7.57618603575059
numerical_gravity_2x0,2026-05-09T21:08:00Z,EarthMJ2000Eq,71160.0,2026-05-10T16:54:00Z,4997.722897803084,656.6664584585092,4876.644547285966,3.511686816608838,5.219036836824309,-4.216734911720304,7013.565929073715,7.5730537511491525
numerical_gravity_2x0,2026-05-09T21:08:00Z,EarthMJ2000Eq,71220.0,2026-05-10T16:55:00Z,5197.912473808506,968.2301750975523,4613.673792384681,3.1590639759876247,5.162841018956659,-4.54585042336378,7017.2465839444985,7.569634645278518
numerical_gravity_2x0,2026-05-09T21:08:00Z,EarthMJ2000Eq,71280.0,2026-05-10T16:56:00Z,5376.5578772141325,1275.781062703278,4331.528606021023,2.7938079166863465,5.085332435035453,-4.855663534894145,7021.191636165763,7.565939268475767
numerical_gravity_2x0,2026-05-09T21:08:00Z,EarthMJ2000Eq,71340.0,2026-05-10T16:57:00Z,5532.948424295818,1578.051470522677,4031.4056286117507,2.4175032777080556,4.9868970627825515,-5.144906888813258,7025.382270876003,7.561979324692482
numerical_gravity_2x0,2026-05-09T21:08:00Z,EarthMJ2000Eq,71400.0,2026-05-10T16:58:00Z,5666.469806562491,1873.7996642157693,3714.5746338377885,2.0317765595427417,4.868012338390614,-5.412410948025555,7029.798714092077,7.557767685298185
numerical_gravity_2x0,2026-05-09T21:08:00Z,EarthMJ2000Eq,71460.0,2026-05-10T16:59:00Z,5776.606354596322,2161.815224398301,3382.3725070853443,1.6382878386180455,4.729244108611643,-5.657108968767628,7034.420361130665,7.553318394289549
numerical_gravity_2x0,2026-05-09T21:08:00Z,EarthMJ2000Eq,71520.0,2026-05-10T17:00:00Z,5862.942801085333,2440.9242477378684,3036.196944725375,1.238722369839435,4.571243101616688,-5.878041327725865,7039.225906245139,7.548646663745234
numerical_gravity_2x0,2026-05-09T21:08:00Z,EarthMJ2000Eq,71580.0,2026-05-10T17:01:00Z,5925.1655382575445,2709.994322595085,2677.4999138758867,0.8347821416441574,4.394740946383996,-6.074359174605062,7044.193472148376,7.543768858597193
numerical_gravity_2x0,2026-05-09T21:08:00Z,EarthMJ2000Eq,71640.0,2026-05-10T17:02:00Z,5963.063368834575,2967.9392531482213,2307.780913805886,0.4281774492565041,4.200545775698761,-6.245327388534743,7049.30073817549,7.538702470039171
numerical_gravity_2x0,2026-05-09T21:08:00Z,EarthMJ2000Eq,71700.0,2026-05-10T17:03:00Z,5976.527753573672,3213.723508194691,1928.5800812055106,0.020618551966869778,3.9895374527627814,-6.390326824500056,7054.525065940457,7.533466077152476
numerical_gravity_2x0,2026-05-09T21:08:00Z,EarthMJ2000Eq,71760.0,2026-05-10T17:04:00Z,5965.552562390918,3446.366373356057,1541.4711821290489,-0.3861925207992717,3.7626624657499423,-6.508855844267287,7059.843621453845,7.528079296589347
numerical_gravity_2x0,2026-05-09T21:08:00Z,EarthMJ2000Eq,71820.0,2026-05-10T17:05:00Z,5930.233339882378,3664.945788185724,1148.054533493678,-0.7905699521200047,3.520928538256745,-6.600531134821565,7065.233492791881,7.5225627204068335
numerical_gravity_2x0,2026-05-09T21:08:00Z,EarthMJ2000Eq,71880.0,2026-05-10T17:06:00Z,5870.766099712663,3868.601852642975,749.9498965778661,-1.1908518498607106,3.2653990063649303,-6.665087825914657,7070.671802536534,7.516937842382463
numerical_gravity_2x0,2026-05-09T21:08:00Z,EarthMJ2000Eq,71940.0,2026-05-10T17:07:00Z,5787.445665753124,4056.539990499837,348.7893840145663,-1.5854076340812056,2.997187014865936,-6.7023789266989855,7076.135814338946,7.511226973360783
numerical_gravity_2x0,2026-05-09T21:08:00Z,EarthMJ2000Eq,72000.0,2026-05-10T17:08:00Z,5680.663580962012,4228.033760430566,-53.78957966541483,-1.9726450505710744,2.717449586039005,-6.712374109374108,7081.603033091404,7.505453146373107
numerical_gravity_2x0,2026-05-09T21:08:00Z,EarthMJ2000Eq,72060.0,2026-05-10T17:09:00Z,5550.90560775151,4382.4273087370175,-456.1512057831355,-2.3510167678818252,2.4273816142061184,-6.695157875084883,7087.051298323481,7.499640012437832
numerical_gravity_2x0,2026-05-09T21:08:00Z,EarthMJ2000Eq,72120.0,2026-05-10T17:10:00Z,5398.74884593643,4519.137460826521,-856.6681617112215,-2.7190265222517755,2.1282098381222085,-6.650927143803394,7092.458870563522,7.493811728084014
numerical_gravity_2x0,2026-05-09T21:08:00Z,EarthMJ2000Eq,72180.0,2026-05-10T17:11:00Z,5224.85849627254,4637.655451623564,-1253.7282303552113,-3.075234782319064,1.8211868411454133,-6.579988315448001,7097.8045105254005,7.487992835745666
numerical_gravity_2x0,2026-05-09T21:08:00Z,EarthMJ2000Eq,72240.0,2026-05-10T17:12:00Z,5029.984299046392,4737.548298007762,-1645.7407787220723,-3.4182639132899038,1.5075851261451314,-6.482753853926965,7103.0675510907395,7.482208138248959
numerical_gravity_2x0,2026-05-09T21:08:00Z,EarthMJ2000Eq,72300.0,2026-05-10T17:13:00Z,4814.95667816318,4818.459819078904,-2031.1430085867275,-3.746802828072178,1.1886913083455193,-6.359738449063685,7108.227962157436,7.4764825686605345
numerical_gravity_2x0,2026-05-09T21:08:00Z,EarthMJ2000Eq,72360.0,2026-05-10T17:14:00Z,4580.68262169573,4880.111312512151,-2408.4059656328627,-4.059611120604658,0.8658004648875269,-6.211554813426315,7113.266408515169,7.470841056784443
numerical_gravity_2x0,2026-05-09T21:08:00Z,EarthMJ2000Eq,72420.0,2026-05-10T17:15:00Z,4328.141329919605,4922.301897447708,-2776.0402868974475,-4.355522684028006,0.5402106749560431,-6.038909171944575,7118.164300987524,7.46530839359067
numerical_gravity_2x0,2026-05-09T21:08:00Z,EarthMJ2000Eq,72480.0,2026-05-10T17:16:00Z,4058.379661489284,4944.908536232014,-3132.601669817686,-4.633448823292282,0.21321777900037836,-5.842596501882902,7122.90384114756,7.45990909483251
numerical_gravity_2x0,2026-05-09T21:08:00Z,EarthMJ2000Eq,72540.0,2026-05-10T17:17:00Z,3772.5074076411815,4947.885748873345,-3476.696049595892,-4.892380878135603,-0.11388961998098494,-5.623495579314609,7127.468059969628,7.454667265066715
numerical_gravity_2x0,2026-05-09T21:08:00Z,EarthMJ2000Eq,72600.0,2026-05-10T17:18:00Z,3471.6924231808484,4931.265035283461,-3806.9844748979094,-5.131392377983602,-0.4398348957759606,-5.382563885795031,7131.840850824857,7.449606463232494
numerical_gravity_2x0,2026-05-09T21:08:00Z,EarthMJ2000Eq,72660.0,2026-05-10T17:19:00Z,3157.155641570491,4895.15402124676,-4122.187675026062,-5.34964075511869,-0.7633578672183645,-5.120832425572382,7136.0069972615265,7.444749570876414
numerical_gravity_2x0,2026-05-09T21:08:00Z,EarthMJ2000Eq,72720.0,2026-05-10T17:20:00Z,2830.165999729868,4839.735344595376,-4421.090314607162,-5.546368646387932,-1.0832189891326924,-4.839400499528863,7139.952196035065,7.440118664033052
numerical_gravity_2x0,2026-05-09T21:08:00Z,EarthMJ2000Eq,72780.0,2026-05-10T17:21:00Z,2492.035296252834,4765.265298285814,-4702.544934466652,-5.720904816719866,-1.3982032649088958,-4.539430477247689,7143.663075866254,7.435734889688822
numerical_gravity_2x0,2026-05-09T21:08:00Z,EarthMJ2000Eq,72840.0,2026-05-10T17:22:00Z,2144.113004678814,4672.07224698966,-4965.475579686701,-5.87266473978973,-1.7071238844623975,-4.2221426032966445,7147.127212411207,7.431618347671262
numerical_gravity_2x0,2026-05-09T21:08:00Z,EarthMJ2000Eq,72900.0,2026-05-10T17:23:00Z,1787.7810612992403,4560.554833452484,-5208.881117842959,-6.001150872316834,-2.0088255956884793,-3.8888098681498717,7150.333139923479,7.42778797872032
numerical_gravity_2x0,2026-05-09T21:08:00Z,EarthMJ2000Eq,72960.0,2026-05-10T17:24:00Z,1424.4486447781571,4431.179990270865,-5431.83825206395,-6.105952658725077,-2.302187821349766,-3.5407529682790173,7153.270360078135,7.424261459413973
numerical_gravity_2x0,2026-05-09T21:08:00Z,EarthMJ2000Eq,73020.0,2026-05-10T17:25:00Z,1055.5469626763563,4284.480771920553,-5633.504234849856,-6.1867463022920655,-2.5861275365885157,-3.1793353739702392,7155.929348410553,7.421055104539004
numerical_gravity_2x0,2026-05-09T21:08:00Z,EarthMJ2000Eq,73080.0,2026-05-10T17:26:00Z,682.5240578390777,4121.0540208749635,-5813.119289522391,-6.2432943375129595,-2.8596019248948976,-2.805958517494372,7158.301558799834,7.418183777420401
numerical_gravity_2x0,2026-05-09T21:08:00Z,EarthMJ2000Eq,73140.0,2026-05-10T17:27:00Z,306.8396455839928,3941.557880520033,-5970.008746761098,-6.275445036282313,-3.1216108323656,-2.422057108494552,7160.379426398835,7.415660808650269
numerical_gravity_2x0,2026-05-09T21:08:00Z,EarthMJ2000Eq,73200.0,2026-05-10T17:28:00Z,-70.04000925001345,3746.7091663374113,-6103.584903927038,-6.283131677730056,-3.3711990414447,-2.0290945779682006,7162.156369380562,7.413497923589952
numerical_gravity_2x0,2026-05-09T21:08:00Z,EarthMJ2000Eq,73260.0,2026-05-10T17:29:00Z,-446.64716802570666,3537.2806055318633,-6213.348614801876,-6.266371708222491,-3.6074583860532257,-1.6285586471068458,7163.626789834716,7.411705178957369
numerical_gravity_2x0,2026-05-09T21:08:00Z,EarthMJ2000Eq,73320.0,2026-05-10T17:30:00Z,-821.5176409134456,3314.0979539586824,-6298.8906170041955,-6.2252658142461454,-3.8295297300988027,-1.2219570126039005,7164.7860741091645,7.410290908755484
numerical_gravity_2x0,2026-05-09T21:08:00Z,EarthMJ2000Eq,73380.0,2026-05-10T17:31:00Z,-1193.1957517313085,3078.0369979001543,-6359.8926037149495,-6.159996926725087,-4.036604830835032,-0.8108131359214611,7165.63059284945,7.409261679746913
numerical_gravity_2x0,2026-05-09T21:08:00Z,EarthMJ2000Eq,73440.0,2026-05-10T17:32:00Z,-1560.2392413513098,2830.020446982041,-6396.128045484721,-6.070829170875403,-4.227928107443071,-0.3966621204847733,7166.157700945824,7.408622256633575
numerical_gravity_2x0,2026-05-09T21:08:00Z,EarthMJ2000Eq,73500.0,2026-05-10T17:33:00Z,-1921.2241067115679,2571.0147233451535,-6407.46276684393,-5.958106771068993,-4.402798333573847,0.01895334210188889,7166.365737551949,7.408375577058418
numerical_gravity_2x0,2026-05-09T21:08:00Z,EarthMJ2000Eq,73560.0,2026-05-10T17:34:00Z,-2274.7493729011744,2302.0266511242357,-6393.8552812336375,-5.822252915456667,-4.560570270463114,0.43448697791203506,7166.254026292943,7.40852273650765
numerical_gravity_2x0,2026-05-09T21:08:00Z,EarthMJ2000Eq,73620.0,2026-05-10T17:35:00Z,-2619.4417959276707,2024.1000493645852,-6355.356886461134,-5.663768580380467,-4.700656254663564,0.8483929111919722,7165.822875733076,7.4090629831560655
numerical_gravity_2x0,2026-05-09T21:08:00Z,EarthMJ2000Eq,73680.0,2026-05-10T17:36:00Z,-2953.9604936393225,1738.312230751074,-6292.11152150481,-5.483231309977589,-4.822527751483565,1.259129642796079,7165.073580125624,7.409993722663701
numerical_gravity_2x0,2026-05-09T21:08:00Z,EarthMJ2000Eq,73740.0,2026-05-10T17:37:00Z,-3277.0015018640042,1445.7704079557918,-6204.355384091113,-5.281293941931623,-4.925716881940244,1.6651640498571068,7164.008420419394,7.411310532898436
numerical_gravity_2x0,2026-05-09T21:08:00Z,EarthMJ2000Eq,73800.0,2026-05-10T17:38:00Z,-3587.3022521568864,1147.6080090473156,-6092.416307087597,-5.058683266145991,-5.009817927489221,2.0649754292362097,7162.630665448713,7.413007188525257
numerical_gravity_2x0,2026-05-09T21:08:00Z,EarthMJ2000Eq,73860.0,2026-05-10T17:39:00Z,-3883.6459666386895,844.9809032603043,-5956.712890444158,-4.816198599281561,-5.074488813051103,2.457059605815483,7160.944573186359,7.415075695367689
numerical_gravity_2x0,2026-05-09T21:08:00Z,EarthMJ2000Eq,73920.0,2026-05-10T17:40:00Z,-4164.865964278254,539.0635385085122,-5797.753384213121,-4.554710254693572,-5.119452564986587,2.839933124502572,7158.955391892552,7.417506334409528
numerical_gravity_2x0,2026-05-09T21:08:00Z,EarthMJ2000Eq,73980.0,2026-05-10T17:41:00Z,-4429.849871655405,231.0449923427736,-5616.134317129578,-4.275157884395945,-5.144498736750847,3.212137541943327,7156.669360948052,7.420287715264522
numerical_gravity_2x0,2026-05-09T21:08:00Z,EarthMJ2000Eq,74040.0,2026-05-10T17:42:00Z,-4677.543729764616,-77.87506139110039,-5412.53886437591,-3.978548667342756,-5.149484791060172,3.5722438304255255,7154.093711115797,7.423406838897359
numerical_gravity_2x0,2026-05-09T21:08:00Z,EarthMJ2000Eq,74100.0,2026-05-10T17:43:00Z,-4906.955986822845,-386.49046715495393,-5187.734947525662,-3.6659553166096606,-5.134337423607853,3.918856902356525,7151.236663934239,7.426849169330568
numerical_gravity_2x0,2026-05-09T21:08:00Z,EarthMJ2000Eq,74160.0,2026-05-10T17:44:00Z,-5117.161365365744,-693.592779534576,-4942.573059295288,-3.3385138770383485,-5.099053809752137,4.250620259073163,7148.107429906597,7.430598714018179
numerical_gravity_2x0,2026-05-09T21:08:00Z,EarthMJ2000Eq,74220.0,2026-05-10T17:45:00Z,-5307.304590197868,-997.9755270060897,-4677.983805656905,-2.9974212846218697,-5.043702752247821,4.566220762667956,7144.716205114566,7.434638112507992
numerical_gravity_2x0,2026-05-09T21:08:00Z,EarthMJ2000Eq,74280.0,2026-05-10T17:46:00Z,-5476.603962049882,-1298.4385409810282,-4394.975158105806,-2.6439326593955434,-4.968425705085307,4.864393524077444,7141.074165852961,7.438948732949932
numerical_gravity_2x0,2026-05-09T21:08:00Z,EarthMJ2000Eq,74340.0,2026-05-10T17:47:00Z,-5624.354760136138,-1593.7923418826608,-4094.629409451677,-2.2793583048831074,-4.873437645916396,5.1439268949740775,7137.193460853953,7.443510775938488
numerical_gravity_2x0,2026-05-09T21:08:00Z,EarthMJ2000Eq,74400.0,2026-05-10T17:48:00Z,-5749.932455247785,-1882.8625722896707,-3778.0998274254725,-1.9050603892436089,-4.759027767461147,5.40366754514041,7133.08720064696,7.4483033851028795
numerical_gravity_2x0,2026-05-09T21:08:00Z,EarthMJ2000Eq,74460.0,2026-05-10T17:49:00Z,-5852.795713608443,-2164.4944653584967,-3446.6070016702606,-1.5224492861691001,-4.625559956776683,5.642525601102739,7128.76944358305,7.453304763780463
numerical_gravity_2x0,2026-05-09T21:08:00Z,EarthMJ2000Eq,74520.0,2026-05-10T17:50:00Z,-5932.489170509428,-2437.5573348388816,-3101.434881312926,-1.1329795572776522,-4.4734730303918635,5.859479815987806,7124.255178042333,7.458492297027659
numerical_gravity_2x0,2026-05-09T21:08:00Z,EarthMJ2000Eq,74580.0,2026-05-10T17:51:00Z,-5988.645951775957,-2700.9490710682785,-2743.9265022849895,-0.7381455621934149,-4.303280693127515,6.053582734975859,7119.560300339417,7.46384267814024
numerical_gravity_2x0,2026-05-09T21:08:00Z,EarthMJ2000Eq,74640.0,2026-05-10T17:52:00Z,-6020.989920438267,-2953.6006254127633,-2375.479405857372,-0.3394766876489702,-4.115571188974777,6.223965815495501,7114.701587846842,7.469332038772474
numerical_gravity_2x0,2026-05-09T21:08:00Z,EarthMJ2000Eq,74700.0,2026-05-10T17:53:00Z,-6029.337625631719,-3194.4804637601906,-1997.5407524498382,0.06146780729177792,-3.9110066137251818,6.36984445658148,7109.696666869953,7.474936081664992
numerical_gravity_2x0,2026-05-09T21:08:00Z,EarthMJ2000Eq,74760.0,2026-05-10T17:54:00Z,-6013.599930762066,-3422.5989679121412,-1611.60213763655,0.46310432650646927,-3.6903218611496507,6.490522887735048,7104.563974829805,7.480630214916423
numerical_gravity_2x0,2026-05-09T21:08:00Z,EarthMJ2000Eq,74820.0,2026-05-10T17:55:00Z,-5973.783298374116,-3637.0127621116394,-1219.1941203521862,0.8638308425087786,-3.4543231774057968,6.58539886432092,7099.322716343991,7.486389686666836
numerical_gravity_2x0,2026-05-09T21:08:00Z,EarthMJ2000Eq,74880.0,2026-05-10T17:56:00Z,-5909.990709974265,-3836.8289405298196,-821.8804765580016,1.2620331555304447,-3.203886301989483,6.6539681141275455,7093.99281283936,7.492189719004722
numerical_gravity_2x0,2026-05-09T21:08:00Z,EarthMJ2000Eq,74940.0,2026-05-10T17:57:00Z,-5822.422200291559,-4021.2091703606234,-421.2521949969456,1.656091481879932,-2.939954177891469,6.695828478315383,7088.594845385799,7.498005639866916
numerical_gravity_2x0,2026-05-09T21:08:00Z,EarthMJ2000Eq,75000.0,2026-05-10T17:58:00Z,-5711.374987120134,-4189.373644278806,-18.921235088415976,2.044387340438311,-2.6635342186047213,6.710683689667508,7083.149990506813,7.503813011675612
numerical_gravity_2x0,2026-05-09T21:08:00Z,EarthMJ2000Eq,75060.0,2026-05-10T17:59:00Z,-5577.243179959932,-4340.604855438802,383.485929581038,2.4253106993474542,-2.375695125161837,6.698346731899247,7077.679948800674,7.509587755451845
numerical_gravity_2x0,2026-05-09T21:08:00Z,EarthMJ2000Eq,75120.0,2026-05-10T18:00:00Z,-5420.5170531439235,-4474.251167960029,784.3349553949898,2.7972673385414013,-2.077563252352832,6.658742725809919,7072.206866295006,7.515306269163212
numerical_gravity_2x0,2026-05-09T21:08:00Z,EarthMJ2000Eq,75180.0,2026-05-10T18:01:00Z,-5241.7818719790885,-4589.73015598032,1181.9904305337025,3.1586863779449263,-1.7703185295502226,6.5919112912680315,7066.753248557429,7.520945539108142
numerical_gravity_2x0,2026-05-09T21:08:00Z,EarthMJ2000Eq,75240.0,2026-05-10T18:02:00Z,-5041.716263595552,-4686.531684877472,1574.822801615772,3.5080279160815557,-1.455189948003562,6.498008338373011,7061.341867694363,7.526483243211486
numerical_gravity_2x0,2026-05-09T21:08:00Z,EarthMJ2000Eq,75300.0,2026-05-10T18:03:00Z,-4821.090127644155,-4764.220709164082,1961.215389638717,3.843790719648048,-1.1334506329006055,6.377307246556073,7055.99566248815,7.531897845208195
numerical_gravity_2x0,2026-05-09T21:08:00Z,EarthMJ2000Eq,75360.0,2026-05-10T18:04:00Z,-4580.7620856494605,-4822.439762847999,2339.571457414923,4.1645199014527545,-0.8064125247620756,6.230199396757121,7050.737632047561,7.537168678823766
numerical_gravity_2x0,2026-05-09T21:08:00Z,EarthMJ2000Eq,75420.0,2026-05-10T18:05:00Z,-4321.67647164825,-4860.911119704975,2708.3212888193934,4.468814522080939,-0.47542070067622244,6.057194028995501,7045.590723476767,7.5422760212214275
numerical_gravity_2x0,2026-05-09T21:08:00Z,EarthMJ2000Eq,75480.0,2026-05-10T18:06:00Z,-4044.8598706531393,-4879.438602906824,3065.9292387364335,4.7553350498053355,-0.14184737132968653,5.858917405461046,7040.577714200475,7.547201155174986
numerical_gravity_2x0,2026-05-09T21:08:00Z,EarthMJ2000Eq,75540.0,2026-05-10T18:07:00Z,-3751.4172154048565,-4877.909025753745,3410.9007116453577,5.022810613629576,0.19291440539222737,5.636111267483728,7035.721089715579,7.551926419639878
numerical_gravity_2x0,2026-05-09T21:08:00Z,EarthMJ2000Eq,75600.0,2026-05-10T18:08:00Z,-3442.5274557423477,-4856.293247831722,3741.7890263393874,5.270045985917559,0.5274572494039129,5.389630583173941,7031.042917669448,7.5564352486287065
numerical_gravity_2x0,2026-05-09T21:08:00Z,EarthMJ2000Eq,75660.0,2026-05-10T18:09:00Z,-3119.4388186571646,-4814.64683370639,4057.202124332322,5.495928233761497,0.8603661739801711,5.120440590931282,7026.564719288571,7.56071219854603
numerical_gravity_2x0,2026-05-09T21:08:00Z,EarthMJ2000Eq,75720.0,2026-05-10T18:10:00Z,-2783.4636806423355,-4753.110304220212,4355.809080065782,5.699432981971711,1.190225441557717,4.829613152170521,7022.3073392954575,7.564742964393218
numerical_gravity_2x0,2026-05-09T21:08:00Z,EarthMJ2000Eq,75780.0,2026-05-10T18:11:00Z,-2435.973077238421,-4671.908973523991,4636.346372064041,5.879630235190032,1.5156255081176166,4.518322434295068,7018.290815553016,7.5685143855099914
numerical_gravity_2x0,2026-05-09T21:08:00Z,EarthMJ2000Eq,75840.0,2026-05-10T18:12:00Z,-2078.390877672413,-4571.352368089979,4897.623875659697,6.035689711962334,1.8351700040870742,4.187839951971108,7014.5342497606825,7.572014441766093
numerical_gravity_2x0,2026-05-09T21:08:00Z,EarthMJ2000Eq,75900.0,2026-05-10T18:13:00Z,-1712.1876551415526,-4451.833227067219,5138.530539787245,6.166885649457046,2.1474827001850887,3.839529000963605,7011.055680592264,7.575232241345085
numerical_gravity_2x0,2026-05-09T21:08:00Z,EarthMJ2000Eq,75960.0,2026-05-10T18:14:00Z,-1338.8742855891546,-4313.826086399369,5358.039712560562,6.272601043675615,2.4512144079257676,3.474838524075496,7007.871960708731,7.578158001463314
numerical_gravity_2x0,2026-05-09T21:08:00Z,EarthMJ2000Eq,76020.0,2026-05-10T18:15:00Z,-959.9953097410636,-4157.885452086193,5555.214082856434,6.3523312962565734,2.7450497664699243,3.0952964530187077,7004.998639097747,7.580783023531771
numerical_gravity_2x0,2026-05-09T21:08:00Z,EarthMJ2000Eq,76080.0,2026-05-10T18:16:00Z,-577.1220947197294,-3984.6435707951564,5729.210207859408,6.4056872451267495,3.0277138700399377,2.7025025733271786,7002.449850183385,7.583099664388683
numerical_gravity_2x0,2026-05-09T21:08:00Z,EarthMJ2000Eq,76140.0,2026-05-10T18:17:00Z,-191.84583273975642,-3794.8078086906567,5879.2825994239665,6.432397562123377,3.2979786930295476,2.298120961736313,7000.238211113149,7.585101305299718
numerical_gravity_2x0,2026-05-09T21:08:00Z,EarthMJ2000Eq,76200.0,2026-05-10T18:18:00Z,194.22958476438686,-3589.157651826893,6004.787345122581,6.432310506154863,3.554669273088381,1.883872046887129,6998.374728564453,7.58678232043543
numerical_gravity_2x0,2026-05-09T21:08:00Z,EarthMJ2000Eq,76260.0,2026-05-10T18:19:00Z,579.4947786921539,-3368.541343736838,6105.185242923562,6.405395025382673,3.7966696156849884,1.4615243448940765,6996.868716319286,7.588138046489452
numerical_gravity_2x0,2026-05-09T21:08:00Z,EarthMJ2000Eq,76320.0,2026-05-10T18:20:00Z,962.3421403676768,-3133.872177944151,6180.044431540048,6.3517412062364595,4.022928286811677,1.0328859214024289,6995.72772473522,7.589164754995314
numerical_gravity_2x0,2026-05-09T21:08:00Z,EarthMJ2000Eq,76380.0,2026-05-10T18:21:00Z,1341.1730970067508,-2886.1244650345325,6229.042501580818,6.271560070813116,4.232463663474254,0.5997956314314773,6994.95748309493,7.589859628736991
numerical_gravity_2x0,2026-05-09T21:08:00Z,EarthMJ2000Eq,76440.0,2026-05-10T18:22:00Z,1714.4053455905978,-2626.329195661448,6251.968075695159,6.165182727400195,4.424368814327128,0.16411418773607264,6994.561855647912,7.590220743432987
numerical_gravity_2x0,2026-05-09T21:08:00Z,EarthMJ2000Eq,76500.0,2026-05-10T18:23:00Z,2080.480016545231,-2355.569422445654,6248.721848929159,6.033058881590662,4.597815985224107,-0.27228489220554897,6994.542811970604,7.590247055613255
numerical_gravity_2x0,2026-05-09T21:08:00Z,EarthMJ2000Eq,76560.0,2026-05-10T18:24:00Z,2437.868729146146,-2074.975385177276,6219.317083500412,5.8757547178401195,4.752060666552974,-0.7075244110055685,6994.900412068802,7.5899383973118715
numerical_gravity_2x0,2026-05-09T21:08:00Z,EarthMJ2000Eq,76620.0,2026-05-10T18:25:00Z,2785.080501225327,-1785.7194050612757,6163.879555161269,5.693950163504116,4.8864452210423925,-1.1397326387421294,6995.632806433811,7.589295477877421
numerical_gravity_2x0,2026-05-09T21:08:00Z,EarthMJ2000Eq,76680.0,2026-05-10T18:26:00Z,3120.6684765439923,-1489.0105749765835,6082.646951271911,5.488435549537926,5.000402052343303,-1.5670524337150171,6996.736251046267,7.588319892869762
numerical_gravity_2x0,2026-05-09T21:08:00Z,EarthMJ2000Eq,76740.0,2026-05-10T18:27:00Z,3443.2364341121684,-1186.0892738556315,5975.9677236610905,5.260107684296957,5.093456296193406,-1.987650287163655,6998.205137104226,7.587014139679318
numerical_gravity_2x0,2026-05-09T21:08:00Z,EarthMJ2000Eq,76800.0,2026-05-10T18:28:00Z,3751.445044796075,-878.2215343372949,5844.299402331259,5.00996535937936,5.165228017492268,-2.399725242030638,7000.032035040146,7.5853816391864735
numerical_gravity_2x0,2026-05-09T21:08:00Z,EarthMJ2000Eq,76860.0,2026-05-10T18:29:00Z,4044.0178417745246,-566.6932937978293,5688.206379079606,4.739104309310602,5.215433898275081,-2.8015176351728805,7002.207752189879,7.583426762485926
numerical_gravity_2x0,2026-05-09T21:08:00Z,EarthMJ2000Eq,76920.0,2026-05-10T18:30:00Z,4319.746872809776,-252.80455970887118,5508.357173164645,4.448711650151124,5.243888403502587,-3.1913176116832953,7004.721403290343,7.5811548614455315
numerical_gravity_2x0,2026-05-09T21:08:00Z,EarthMJ2000Eq,76980.0,2026-05-10T18:31:00Z,4577.4980039127195,62.13647901070202,5305.52119424838,4.140059825834795,5.250504413897295,-3.567473359345971,7007.560492815423,7.578572301660086
numerical_gravity_2x0,2026-05-09T21:08:00Z,EarthMJ2000Eq,77040.0,2026-05-10T18:32:00Z,4816.215845833165,376.8193624170946,5080.565020975375,3.814500095190191,5.23529331784277,-3.928399010885355,7010.711008015193,7.575686496204827
numerical_gravity_2x0,2026-05-09T21:08:00Z,EarthMJ2000Eq,77100.0,2026-05-10T18:33:00Z,5034.9282769161755,689.9372591240098,4834.448216690222,3.4734555970821592,5.198364557682878,-4.272582161770432,7014.157521404613,7.572505938495776
numerical_gravity_2x0,2026-05-09T21:08:00Z,EarthMJ2000Eq,77160.0,2026-05-10T18:34:00Z,5232.7505382521385,1000.1928222647632,4568.218706910598,3.118414035815853,5.13992462963303,-4.5985909520760835,7017.8833013563235,7.569040232526023
numerical_gravity_2x0,2026-05-09T21:08:00Z,EarthMJ2000Eq,77220.0,2026-05-10T18:35:00Z,5408.888879719821,1306.303969136196,4283.007746221174,2.7509200337103,5.060275540926777,-4.905080662442577,7021.870429389046,7.565300118768493
numerical_gravity_2x0,2026-05-09T21:08:00Z,EarthMJ2000Eq,77280.0,2026-05-10T18:36:00Z,5562.643738476376,1607.0095521883434,3980.0245051821926,2.3725672023865867,4.959812732708693,-5.190799776633645,7026.099922708598,7.561297494113011
numerical_gravity_2x0,2026-05-09T21:08:00Z,EarthMJ2000Eq,77340.0,2026-05-10T18:37:00Z,5693.412434672429,1901.074889690863,3660.550310597879,1.9849899886247986,4.839022482450458,-5.454595466654,7030.551860552199,7.557045424333775
numerical_gravity_2x0,2026-05-09T21:08:00Z,EarthMJ2000Eq,77400.0,2026-05-10T18:38:00Z,5800.691372637987,2187.297125398388,3325.932575002542,1.5898553544188392,4.698478805180805,-5.695418460879232,7035.205512906916,7.55255814775573
numerical_gravity_2x0,2026-05-09T21:08:00Z,EarthMJ2000Eq,77460.0,2026-05-10T18:39:00Z,5884.0777394582055,2464.5103878625223,2977.5784534349364,1.188854353904494,4.538839878425562,-5.9123272611521855,7040.039470218178,7.547851068996205
numerical_gravity_2x0,2026-05-09T21:08:00Z,EarthMJ2000Eq,77520.0,2026-05-10T18:40:00Z,5943.27069668777,2731.590721698603,2616.948267425539,0.7836936719805216,4.360844021279192,-6.104491681236179,7045.031772771431,7.542940741893077
numerical_gravity_2x0,2026-05-09T21:08:00Z,EarthMJ2000Eq,77580.0,2026-05-10T18:41:00Z,5978.07206488039,2987.460765100315,2245.548737564197,0.3760871905445912,4.16530526329496,-6.27119568626311,7050.160038516375,7.537844840982697
numerical_gravity_2x0,2026-05-09T21:08:00Z,EarthMJ2000Eq,77640.0,2026-05-10T18:42:00Z,5988.386504569901,3231.0941501840216,1864.9260670032813,-0.03225235177563842,3.9531085437113376,-6.411839520708917,7055.40158820578,7.53258212115098
numerical_gravity_2x0,2026-05-09T21:08:00Z,EarthMJ2000Eq,77700.0,2026-05-10T18:43:00Z,5974.221201261093,3461.5196053060354,1476.6589187509371,-0.4396215417569693,3.725204585763929,-6.525941120771254,7060.733566835833,7.527172365340556
numerical_gravity_2x0,2026-05-09T21:08:00Z,EarthMJ2000Eq,77760.0,2026-05-10T18:44:00Z,5935.6850657992545,3677.8247412897313,1082.351329600028,-0.8443342533903351,3.482604494321831,-6.613136815593405,7066.1330604993655,7.521636320447547
numerical_gravity_2x0,2026-05-09T21:08:00Z,EarthMJ2000Eq,77820.0,2026-05-10T18:45:00Z,5872.987465116006,3879.159506477218,683.6256030142224,-1.2447293307943479,3.226374127718844,-6.673181330341265,7071.577207893502,7.515995621776831
numerical_gravity_2x0,2026-05-09T21:08:00Z,EarthMJ2000Eq,77880.0,2026-05-10T18:46:00Z,5786.436501727155,4064.7392986280474,282.1152222608015,-1.6391779383682406,2.95762829633868,-6.705947112462723,7077.0433058561175,7.51027270663879
numerical_gravity_2x0,2026-05-09T21:08:00Z,EarthMJ2000Eq,77940.0,2026-05-10T18:47:00Z,5676.4368634245275,4233.847724866884,-120.54217643858206,-2.02609052999331,2.6775248412092143,-6.711423010316999,7082.5089084381625,7.504490717859106
numerical_gravity_2x0,2026-05-09T21:08:00Z,EarthMJ2000Eq,78000.0,2026-05-10T18:48:00Z,5543.487267304156,4385.839004073055,-522.7117329387097,-2.403923395579536,2.387258645549132,-6.6897123405503605,7087.951919148691,7.4986733981335325
numerical_gravity_2x0,2026-05-09T21:08:00Z,EarthMJ2000Eq,78060.0,2026-05-10T18:49:00Z,5388.1775245643985,4520.140009247313,-922.7681589601453,-2.771184750377786,2.0880556309106226,-6.641030386935935,7093.350676133947,7.49284497628974
numerical_gravity_2x0,2026-05-09T21:08:00Z,EarthMJ2000Eq,78120.0,2026-05-10T18:50:00Z,5211.185254357077,4636.2519504272295,-1319.1023679428708,-3.126440340044868,1.781166787325269,-6.5657013787433405,7098.684030169354,7.487030046618131
numerical_gravity_2x0,2026-05-09T21:08:00Z,EarthMJ2000Eq,78180.0,2026-05-10T18:51:00Z,5013.272276361898,4733.751701598241,-1710.127909286998,-3.468318542257326,1.4678622837666258,-6.4641550009492725,7103.931415451965,7.481253442503339
numerical_gravity_2x0,2026-05-09T21:08:00Z,EarthMJ2000Eq,78240.0,2026-05-10T18:52:00Z,4795.280712670916,4812.292777714272,-2094.2871805401364,-3.795514953519894,1.149425701394751,-6.336922491671809,7109.072913279859,7.475540105629559
numerical_gravity_2x0,2026-05-09T21:08:00Z,EarthMJ2000Eq,78300.0,2026-05-10T18:53:00Z,4558.12883001884,4871.605970358134,-2470.057394475987,-4.106796457512851,0.8271484275660036,-6.1846323840763695,7114.089308793041,7.46991495204806
numerical_gravity_2x0,2026-05-09T21:08:00Z,EarthMJ2000Eq,78360.0,2026-05-10T18:54:00Z,4302.806653391237,4911.4996527035755,-2835.9562814694086,-4.40100477869016,0.5023242436090196,-6.008005950663572,7118.962141027373,7.464402736386876
numerical_gravity_2x0,2026-05-09T21:08:00Z,EarthMJ2000Eq,78420.0,2026-05-10T18:55:00Z,4030.371381610878,4931.859766262122,-3190.5475110384355,-4.677059531716708,0.17624413402550293,-5.80785240734648,7123.6737465984925,7.459027915453918
numerical_gravity_2x0,2026-05-09T21:08:00Z,EarthMJ2000Eq,78480.0,2026-05-10T18:56:00Z,3741.942634676256,4932.649503391243,-3532.4458198254247,-4.9339607835807655,-0.14980866078562227,-5.585063933124003,7128.207297386621,7.453814512438705
numerical_gravity_2x0,2026-05-09T21:08:00Z,EarthMJ2000Eq,78540.0,2026-05-10T18:57:00Z,3438.6975614470334,4913.908700697255,-3860.3218365644916,-5.170791150723937,-0.4745633318202505,-5.3406105585512735,7132.546832636054,7.448785982858055
numerical_gravity_2x0,2026-05-09T21:08:00Z,EarthMJ2000Eq,78600.0,2026-05-10T18:58:00Z,3121.8658347859705,4875.752959285874,-4172.906597673657,-5.386717458208877,-0.796765917900201,-5.0755349727091765,7136.677285915148,7.44396508332042
numerical_gravity_2x0,2026-05-09T21:08:00Z,EarthMJ2000Eq,78660.0,2026-05-10T18:59:00Z,2792.724559527429,4818.372508302618,-4468.995749967816,-5.5809919917346775,-1.1151834457718504,-4.790947294111488,7140.5845074044555,7.439373744105372
numerical_gravity_2x0,2026-05-09T21:08:00Z,EarthMJ2000Eq,78720.0,2026-05-10T19:00:00Z,2452.593116703305,4742.030828378356,-4747.453439571011,-5.752953376176122,-1.428607793518144,-4.488019846097144,7144.255281993062,7.4350329464716465
numerical_gravity_2x0,2026-05-09T21:08:00Z,EarthMJ2000Eq,78780.0,2026-05-10T19:01:00Z,2102.8279653740365,4647.063051472376,-5007.2158883801485,-5.90202711625531,-1.7358592816628315,-4.16798197187985,7147.677343666644,7.430962605521804
numerical_gravity_2x0,2026-05-09T21:08:00Z,EarthMJ2000Eq,78840.0,2026-05-10T19:02:00Z,1744.8174212409938,4533.874153212141,-5247.294661372493,-6.027725835963199,-2.035790000613264,-3.8321149187118726,7150.839386666396,7.427181459365949
numerical_gravity_2x0,2026-05-09T21:08:00Z,EarthMJ2000Eq,78900.0,2026-05-10T19:03:00Z,1379.9764290116593,4402.936953195176,-5466.7796296399365,-6.129649253464888,-2.327286886824837,-3.481746814705085,7153.731073886238,7.423706965243072
numerical_gravity_2x0,2026-05-09T21:08:00Z,EarthMJ2000Eq,78960.0,2026-05-10T19:04:00Z,1009.7413433027796,4254.789937877894,-5664.841635266323,-6.2074839274926905,-2.609274563226293,-3.1182477558765007,7156.343042957674,7.420555203177769
numerical_gravity_2x0,2026-05-09T21:08:00Z,EarthMJ2000Eq,79020.0,2026-05-10T19:05:00Z,635.5647307481177,4090.0349196644215,-5840.734865040205,-6.261002809716105,-2.8807179619858885,-2.743025015075887,7158.666910447887,7.417740787673372
numerical_gravity_2x0,2026-05-09T21:08:00Z,EarthMJ2000Eq,79080.0,2026-05-10T19:06:00Z,258.91020397156797,3909.3345446633634,-5993.798940521948,-6.290064635349557,-3.1406247496031336,-2.3575183787284018,7160.695274568031,7.4152767878709085
numerical_gravity_2x0,2026-05-09T21:08:00Z,EarthMJ2000Eq,79140.0,2026-05-10T19:07:00Z,-118.75270376637886,3713.409660340271,-6123.4607321753665,-6.294613181397737,-3.3880475755718726,-1.963195611893395,7162.421716755719,7.413174656536973
numerical_gravity_2x0,2026-05-09T21:08:00Z,EarthMJ2000Eq,79200.0,2026-05-10T19:08:00Z,-495.95361610512845,3503.036552997073,-6229.23590515073,-6.274676418531596,-3.622086166482063,-1.5615480470976357,7163.840802459279,7.4114441681828565
numerical_gravity_2x0,2026-05-09T21:08:00Z,EarthMJ2000Eq,79260.0,2026-05-10T19:09:00Z,-871.226337605506,3279.044063694655,-6310.730203893798,-6.230365578726462,-3.8418892874244173,-1.15408628783167,7164.948081411764,7.410093366562064
numerical_gravity_2x0,2026-05-09T21:08:00Z,EarthMJ2000Eq,79320.0,2026-05-10T19:10:00Z,-1243.1138197611822,3042.3105899381358,-6367.640482085271,-6.161874156571385,-4.046656591958258,-0.7423360135738016,7165.740087640781,7.409128521743308
numerical_gravity_2x0,2026-05-09T21:08:00Z,EarthMJ2000Eq,79380.0,2026-05-10T19:11:00Z,-1610.1730654458484,2793.7609792011986,-6399.755483521197,-6.069476857670443,-4.2356403807304766,-0.3278338697879038,7166.214339416185,7.408554096910665
numerical_gravity_2x0,2026-05-09T21:08:00Z,EarthMJ2000Eq,79440.0,2026-05-10T19:12:00Z,-1970.9799689080746,2534.3633192090438,-6406.956378465342,-5.953528502897378,-4.408147287131908,0.08787657642230476,7166.36933929217,7.408372725001328
numerical_gravity_2x0,2026-05-09T21:08:00Z,EarthMJ2000Eq,79500.0,2026-05-10T19:13:00Z,-2324.1340888095356,2265.1256288596483,-6389.217058779869,-5.8144628925287005,-4.563539906191835,0.5032488363906352,7166.20457435364,7.408585195253351
numerical_gravity_2x0,2026-05-09T21:08:00Z,EarthMJ2000Eq,79560.0,2026-05-10T19:14:00Z,-2668.2633519018573,1987.092452767485,-6346.6041938131575,-5.652791629559674,-4.701238380292824,0.9167374784363341,7165.72051672927,7.409190449700158
numerical_gravity_2x0,2026-05-09T21:08:00Z,EarthMJ2000Eq,79620.0,2026-05-10T19:15:00Z,-3002.0286847564303,1701.341361687065,-6279.277047637183,-5.469102896893014,-4.820721952292015,1.3268021082349564,7164.918624385818,7.410185589614502
numerical_gravity_2x0,2026-05-09T21:08:00Z,EarthMJ2000Eq,79680.0,2026-05-10T19:16:00Z,-3324.1285705090922,1408.9793605364848,-6187.487056825907,-5.264060178669314,-4.9215304933213515,1.7319113742339434,7163.801342170283,7.411565891870949
numerical_gravity_2x0,2026-05-09T21:08:00Z,EarthMJ2000Eq,79740.0,2026-05-10T19:17:00Z,-3633.3035268718927,1111.1392054107162,-6071.577166595304,-5.038400911866263,-5.003266008971757,2.1305470204623154,7162.372103018801,7.413324835161872
numerical_gravity_2x0,2026-05-09T21:08:00Z,EarthMJ2000Eq,79800.0,2026-05-10T19:18:00Z,-3928.340500716305,808.9756308639533,-5931.980921829165,-4.792935050512244,-5.065594123812201,2.521208007482321,7160.635329204033,7.415454135966487
numerical_gravity_2x0,2026-05-09T21:08:00Z,EarthMJ2000Eq,79860.0,2026-05-10T19:19:00Z,-4208.077173370319,503.66148885896666,-5769.221308335689,-4.5285435215164425,-5.108245540324771,2.902414719922577,7158.59643344661,7.417943794134578
numerical_gravity_2x0,2026-05-09T21:08:00Z,EarthMJ2000Eq,79920.0,2026-05-10T19:20:00Z,-4471.406169424285,196.38380113388536,-5583.909338659746,-4.246176548285748,-5.13101746442469,3.2727132760494735,7156.261819671278,7.420782147905538
numerical_gravity_2x0,2026-05-09T21:08:00Z,EarthMJ2000Eq,79980.0,2026-05-10T19:21:00Z,-4717.279160339971,-111.66027267659737,-5376.742375953664,-3.946851816046439,-5.133774985856245,3.630679951219489,7153.638883145266,7.42395593813834
numerical_gravity_2x0,2026-05-09T21:08:00Z,EarthMJ2000Eq,80040.0,2026-05-10T19:22:00Z,-4944.710852540689,-419.26754801233204,-5148.502188821852,-3.6316524511779535,-5.116452397990053,3.9749257228632575,7150.73600969532,7.427450381478492
numerical_gravity_2x0,2026-05-09T21:08:00Z,EarthMJ2000Eq,80100.0,2026-05-10T19:23:00Z,-5152.782847967765,-725.2330052610506,-4900.052729734282,-3.301724785951756,-5.079054437974328,4.304100939947713,7147.562573661538,7.43124925213343
numerical_gravity_2x0,2026-05-09T21:08:00Z,EarthMJ2000Eq,80160.0,2026-05-10T19:24:00Z,-5340.647363363232,-1028.3540511004571,-4632.33762957932,-2.95827587989649,-5.021657424893465,4.616900114721657,7144.1289342109385,7.435334971867903
numerical_gravity_2x0,2026-05-09T21:08:00Z,EarthMJ2000Eq,80220.0,2026-05-10T19:25:00Z,-5507.530792826148,-1327.4348444444668,-4346.3774012212425,-2.602570769617358,-4.944410270641988,4.912066829060799,7140.446429602302,7.439688707765673
numerical_gravity_2x0,2026-05-09T21:08:00Z,EarthMJ2000Eq,80280.0,2026-05-10T19:26:00Z,-5652.737096537817,-1621.2906785337484,-4043.266345560026,-2.2359294203071736,-4.847535335709775,5.188398741989632,7136.527368966894,7.444290477233519
numerical_gravity_2x0,2026-05-09T21:08:00Z,EarthMJ2000Eq,80340.0,2026-05-10T19:27:00Z,-5775.650997008099,-1908.7524089796548,-3724.1691545722315,-1.8597233544095682,-4.7313291000711235,5.444752679080082,7132.385021147802,7.449119259648482
numerical_gravity_2x0,2026-05-09T21:08:00Z,EarthMJ2000Eq,80400.0,2026-05-10T19:28:00Z,-5875.740962809542,-2188.6709157364085,-3390.3172071469485,-1.4753719359268613,-4.596162617946848,5.6800497785305115,7128.0336001245905,7.454153113970567
numerical_gravity_2x0,2026-05-09T21:08:00Z,EarthMJ2000Eq,80460.0,2026-05-10T19:29:00Z,-5952.561958586376,-2459.921585075803,-3043.004555217015,-1.0843382926844876,-4.4424817244286885,5.893280662942743,7123.488246540667,7.459369301561605
numerical_gravity_2x0,2026-05-09T21:08:00Z,EarthMJ2000Eq,80520.0,2026-05-10T19:30:00Z,-6005.757939197488,-2721.408795711972,-2683.583599712425,-0.6881248634306886,-4.270806961873607,6.083510600274611,7118.7650048486385,7.464744413368292
numerical_gravity_2x0,2026-05-09T21:08:00Z,EarthMJ2000Eq,80580.0,2026-05-10T19:31:00Z,-6035.064065219638,-2972.070391314227,-2313.460458211125,-0.288268561904721,-4.081733194634646,6.24988461229138,7113.8807955952225,7.470254500545583
numerical_gravity_2x0,2026-05-09T21:08:00Z,EarthMJ2000Eq,80640.0,2026-05-10T19:32:00Z,-6040.308616738191,-3210.8821197989114,-1934.0900288047796,0.11366444413091106,-3.8759288821235716,6.391632484211975,7108.853382382285,7.475875207517379
numerical_gravity_2x0,2026-05-09T21:08:00Z,EarthMJ2000Eq,80700.0,2026-05-10T19:33:00Z,-6021.414582421233,-3436.862018053339,-1546.970757597869,0.5160843345293185,-3.6541349824104157,6.508073625284043,7103.701333065436,7.4815819063978655
numerical_gravity_2x0,2026-05-09T21:08:00Z,EarthMJ2000Eq,80760.0,2026-05-10T19:34:00Z,-5978.400901335903,-3649.074719162888,-1153.639120373679,0.9173836079480457,-3.4171634615495976,6.598621726856966,7098.443974786601,7.487349831631364
numerical_gravity_2x0,2026-05-09T21:08:00Z,EarthMJ2000Eq,80820.0,2026-05-10T19:35:00Z,-5911.383335842292,-3846.6356578320365,-755.6638322388908,1.3159434044626581,-3.1658953875541926,6.662789162274295,7093.101342482906,7.49315421365432
numerical_gravity_2x0,2026-05-09T21:08:00Z,EarthMJ2000Eq,80880.0,2026-05-10T19:36:00Z,-5820.574955200635,-4028.715148554984,-354.63980244131676,1.7101401543827415,-2.901278592370033,6.700191071680617,7087.694120571294,7.498970410343378
numerical_gravity_2x0,2026-05-09T21:08:00Z,EarthMJ2000Eq,80940.0,2026-05-10T19:37:00Z,-5706.286211252355,-4194.54231024139,47.81814502100437,2.098352521025388,-2.624324890258037,6.710549074715064,7082.243577576754,7.50477403499137
numerical_gravity_2x0,2026-05-09T21:08:00Z,EarthMJ2000Eq,81000.0,2026-05-10T19:38:00Z,-5568.924589675073,-4343.408810472553,450.0817609846891,2.478968598429051,-2.336106846582779,6.693694555101003,7076.77149355194,7.5105410795519285
numerical_gravity_2x0,2026-05-09T21:08:00Z,EarthMJ2000Eq,81060.0,2026-05-10T19:39:00Z,-5408.993822845586,-4474.672402381707,850.5160435865456,2.850393318647704,-2.037754097013054,6.649571463364837,7071.3000802268525,7.516248031915986
numerical_gravity_2x0,2026-05-09T21:08:00Z,EarthMJ2000Eq,81120.0,2026-05-10T19:40:00Z,-5227.092653242059,-4587.760227340133,1247.4860631666436,3.2110560175273055,-1.730449223432489,6.578238587318344,7065.851893928721,7.521871986032497
numerical_gravity_2x0,2026-05-09T21:08:00Z,EarthMJ2000Eq,81180.0,2026-05-10T19:41:00Z,-5023.913139535745,-4682.171857201266,1639.3639062744157,3.5594181028993943,-1.415423199286452,6.479871244474037,7060.449741423189,7.527390743762922
numerical_gravity_2x0,2026-05-09T21:08:00Z,EarthMJ2000Eq,81240.0,2026-05-10T19:42:00Z,-4800.238501012887,-4757.4820508111825,2024.5357028560675,3.8939807650795224,-1.0939504234957402,6.35476235614966,7055.116578947221,7.532782907466044
numerical_gravity_2x0,2026-05-09T21:08:00Z,EarthMJ2000Eq,81300.0,2026-05-10T19:43:00Z,-4556.940499669686,-4813.343200829492,2401.4086984782075,4.213292666555937,-0.7673433682828348,6.203322869537218,7049.875404830082,7.538027962446487
numerical_gravity_2x0,2026-05-09T21:08:00Z,EarthMJ2000Eq,81360.0,2026-05-10T19:44:00Z,-4294.976363171893,-4849.487448603476,2768.418331634611,4.515957545891623,-0.43694687211856975,6.026081501310144,7044.749146229302,7.5431063485663525
numerical_gravity_2x0,2026-05-09T21:08:00Z,EarthMJ2000Eq,81420.0,2026-05-10T19:45:00Z,-4015.385255795178,-4865.728446874222,3124.0352748317973,4.800641670198804,-0.10413211434949149,5.82368378423586,7039.760540641401,7.547999520512688
numerical_gravity_2x0,2026-05-09T21:08:00Z,EarthMJ2000Eq,81480.0,2026-05-10T19:46:00Z,-3719.284308390334,-4861.9627524317875,3466.7723972841573,5.066081071097617,0.22970968723281032,5.596890406542114,7034.932012979513,7.552689996430764
numerical_gravity_2x0,2026-05-09T21:08:00Z,EarthMJ2000Eq,81540.0,2026-05-10T19:47:00Z,-3407.8642222762332,-4838.170833434051,3795.1916066874096,5.311088500815022,0.5631738106895262,5.346574842230692,7030.285549139018,7.557161394869787
numerical_gravity_2x0,2026-05-09T21:08:00Z,EarthMJ2000Eq,81600.0,2026-05-10T19:48:00Z,-3082.3844656833817,-4794.417678911889,4107.910527683026,5.53456004794747,0.8948487478426022,5.073720278911368,7025.842567094578,7.561398460237909
numerical_gravity_2x0,2026-05-09T21:08:00Z,EarthMJ2000Eq,81660.0,2026-05-10T19:49:00Z,-2744.1680848878477,-4730.8530009477245,4403.608975265301,5.735481356291334,1.223323055392309,4.779415857816383,7021.623786684263,7.565387077219947
numerical_gravity_2x0,2026-05-09T21:08:00Z,EarthMJ2000Eq,81720.0,2026-05-10T19:50:00Z,-2394.596155432631,-4647.711023079195,4681.035182492886,5.912933394890833,1.547192287644976,4.464852248240769,7017.649099335246,7.569114274866245
numerical_gravity_2x0,2026-05-09T21:08:00Z,EarthMJ2000Eq,81780.0,2026-05-10T19:51:00Z,-2035.1019017845153,-4545.3098515883585,4939.011743412115,6.066097732885851,1.865065958981254,4.131316585551397,7013.937439067725,7.572568221305476
numerical_gravity_2x0,2026-05-09T21:08:00Z,EarthMJ2000Eq,81840.0,2026-05-10T19:52:00Z,-1667.1645163838498,-4424.050429435007,5176.441234034338,6.194261278661528,2.1755744847994363,3.7801868079686365,7010.506656175743,7.5757382102588515
numerical_gravity_2x0,2026-05-09T21:08:00Z,EarthMJ2000Eq,81900.0,2026-05-10T19:53:00Z,-1292.3027112895552,-4284.415075630636,5392.311476480162,6.296820448996327,2.477376051057516,3.412925432443292,7007.373395023064,7.578614640728862
numerical_gravity_2x0,2026-05-09T21:08:00Z,EarthMJ2000Eq,81960.0,2026-05-10T19:54:00Z,-912.0680374919177,-4126.965615783506,5585.70041395155,6.373284740164998,2.769163364592377,3.031072814071599,7004.552977406353,7.581188991393402
numerical_gravity_2x0,2026-05-09T21:08:00Z,EarthMJ2000Eq,82020.0,2026-05-10T19:55:00Z,-528.0380084633802,-3952.3411123394167,5755.780566957704,6.423279679079253,3.049670238972421,2.6362399366083697,7002.059292925068,7.5834537913483375
numerical_gravity_2x0,2026-05-09T21:08:00Z,EarthMJ2000Eq,82080.0,2026-05-10T19:56:00Z,-141.80906565610053,-3761.2552056705745,5901.823044143742,6.446549138368599,3.3176779735846575,2.2301007837994944,6999.904697756417,7.585402588901451
numerical_gravity_2x0,2026-05-09T21:08:00Z,EarthMJ2000Eq,82140.0,2026-05-10T19:57:00Z,245.01057554284912,-3554.4930796089043,6023.201084097377,6.442957004677825,3.5720214868087647,1.8143843425541122,6998.099923163948,7.587029920123952
numerical_gravity_2x0,2026-05-09T21:08:00Z,EarthMJ2000Eq,82200.0,2026-05-10T19:58:00Z,630.8081603921937,-3332.908067272822,6119.393107590455,6.412488194289846,3.8115951673352786,1.3908662895474817,6996.653994970396,7.588331278809583
numerical_gravity_2x0,2026-05-09T21:08:00Z,EarthMJ2000Eq,82260.0,2026-05-10T19:59:00Z,1013.9736706834199,-3097.417915098662,6189.985262810154,6.355249014425146,4.035358410806483,0.9613604128506947,6995.574165100406,7.589303089376182
numerical_gravity_2x0,2026-05-09T21:08:00Z,EarthMJ2000Eq,82320.0,2026-05-10T20:00:00Z,1392.9071027178923,-2849.0007248682373,6234.673449220528,6.271466872223381,4.242340811886235,0.5277098198022948,6994.865856148857,7.589942684072565
numerical_gravity_2x0,2026-05-09T21:08:00Z,EarthMJ2000Eq,82380.0,2026-05-10T20:01:00Z,1766.0257083743418,-2588.6905952364114,6253.264808750912,6.161489336528647,4.431646984522011,0.09177798175146556,6994.532619758602,7.590248285630295
numerical_gravity_2x0,2026-05-09T21:08:00Z,EarthMJ2000Eq,82440.0,2026-05-10T20:02:00Z,2131.7711606562484,-2317.572985824784,6245.678676026775,6.025782560269306,4.602460985510079,-0.3445603343171654,6994.576109401202,7.590218996232775
numerical_gravity_2x0,2026-05-09T21:08:00Z,EarthMJ2000Eq,82500.0,2026-05-10T20:03:00Z,2488.61660564781,-2036.7798283782518,6211.9469823429745,5.864929073571718,4.75405031851454,-0.7794281977761599,6994.996067949899,7.589854793372769
numerical_gravity_2x0,2026-05-09T21:08:00Z,EarthMJ2000Eq,82560.0,2026-05-10T20:04:00Z,2835.0735634812777,-1747.4844107978104,6152.214111039498,5.679624959922568,4.885769497463381,-1.2109556607549288,6995.790330220404,7.589156532845624
numerical_gravity_2x0,2026-05-09T21:08:00Z,EarthMJ2000Eq,82620.0,2026-05-10T20:05:00Z,3169.698641721779,-1450.8960610794572,6066.736204890588,5.47067642985306,4.99706314982515,-1.6372888697456471,6996.9548404373045,7.588125958791356
numerical_gravity_2x0,2026-05-09T21:08:00Z,EarthMJ2000Eq,82680.0,2026-05-10T20:06:00Z,3491.100025511914,-1148.2546593139173,5955.879929077272,5.238995808911849,5.087468641761263,-2.056599092931563,6998.4836843669855,7.586765720367739
numerical_gravity_2x0,2026-05-09T21:08:00Z,EarthMJ2000Eq,82740.0,2026-05-10T20:07:00Z,3797.943709899638,-840.8250069369943,5820.120696297375,4.985596959254771,5.156618208672869,-2.4670916132179324,7000.369135647481,7.585079394321279
numerical_gravity_2x0,2026-05-09T21:08:00Z,EarthMJ2000Eq,82800.0,2026-05-10T20:08:00Z,4088.9594410185177,-529.8910833597735,5660.040363588707,4.711590157110428,5.204240576346931,-2.867014436245664,7002.601715646268,7.5830715124358905
numerical_gravity_2x0,2026-05-09T21:08:00Z,EarthMJ2000Eq,82860.0,2026-05-10T20:09:00Z,4362.946334223607,-216.75022093815565,5476.324413506609,4.4181764517427755,5.230162059879285,-3.254666761933508,7005.170265993572,7.58074759259071
numerical_gravity_2x0,2026-05-09T21:08:00Z,EarthMJ2000Eq,82920.0,2026-05-10T20:10:00Z,4618.778138935511,97.2927700583686,5269.758635403494,4.106641535339592,5.234307129924025,-3.6284071674881244,7008.062032775103,7.578114171957889
numerical_gravity_2x0,2026-05-09T21:08:00Z,EarthMJ2000Eq,82980.0,2026-05-10T20:11:00Z,4855.408121835596,410.93149427486,5041.225325692696,3.7783491574735684,5.216698438674828,-3.9866614495229733,7011.262761227785,7.575178840724899
numerical_gravity_2x0,2026-05-09T21:08:00Z,EarthMJ2000Eq,83040.0,2026-05-10T20:12:00Z,5071.873542209057,722.8638493355521,4791.699029117482,3.4347341223265384,5.177456301378626,-4.327930073121707,7014.756799667532,7.571950274638019
numerical_gravity_2x0,2026-05-09T21:08:00Z,EarthMJ2000Eq,83100.0,2026-05-10T20:13:00Z,5267.299695665641,1031.7978564482628,4522.241846153848,3.0772949116084334,5.116797633130906,-4.650795176545243,7018.527211291237,7.56843826463569
numerical_gravity_2x0,2026-05-09T21:08:00Z,EarthMJ2000Eq,83160.0,2026-05-10T20:14:00Z,5440.903505187207,1336.4574109686787,4233.998334707667,2.707585980876307,5.03503434517957,-4.953927081965495,7022.5558924368015,7.564653741871266
numerical_gravity_2x0,2026-05-09T21:08:00Z,EarthMJ2000Eq,83220.0,2026-05-10T20:15:00Z,5591.996641453395,1635.5879207443436,3928.1900371700235,2.327209781574738,4.932571209905198,-5.236090265229967,7026.823695855239,7.5606087965109525
numerical_gravity_2x0,2026-05-09T21:08:00Z,EarthMJ2000Eq,83280.0,2026-05-10T20:16:00Z,5719.988157665918,1927.9618007657975,3606.1096666106023,1.9378085653729613,4.809903208946529,-5.496148741291969,7031.310557547069,7.5563166888287725
numerical_gravity_2x0,2026-05-09T21:08:00Z,EarthMJ2000Eq,83340.0,2026-05-10T20:17:00Z,5824.386627600465,2212.383793685487,3269.1149883561316,1.541056031061781,4.667612384466508,-5.733070826603534,7035.995625739687,7.551791851299235
numerical_gravity_2x0,2026-05-09T21:08:00Z,EarthMJ2000Eq,83400.0,2026-05-10T20:18:00Z,5904.801779323061,2487.6960871326755,2918.6224353580437,1.138648877201832,4.506364219147795,-5.945933245430692,7040.857390631295,7.547049880601457
numerical_gravity_2x0,2026-05-09T21:08:00Z,EarthMJ2000Eq,83460.0,2026-05-10T20:19:00Z,5960.9456208643305,2752.783200453525,2556.1004975428114,0.7322983257155462,4.326903575993647,-6.133924553631143,7045.87381359753,7.542107518686764
numerical_gravity_2x0,2026-05-09T21:08:00Z,EarthMJ2000Eq,83520.0,2026-05-10T20:20:00Z,5992.633058090267,3006.5766155279753,2183.0629267085574,0.3237216825526614,4.130050234212028,-6.29634786080162,7051.022454646226,7.536982622315823
numerical_gravity_2x0,2026-05-09T21:08:00Z,EarthMJ2000Eq,83580.0,2026-05-10T20:21:00Z,5999.782008975351,3248.059128636747,1801.0617994401746,-0.08536599866102054,3.9166940622036135,-6.4326228396852505,7056.280597010545,7.531694120731987
numerical_gravity_2x0,2026-05-09T21:08:00Z,EarthMJ2000Eq,83640.0,2026-05-10T20:22:00Z,5982.413022401654,3476.2689029401663,1411.680480931461,-0.49326008550844647,3.6877898727974086,-6.542287020124839,7061.625367887524,7.526261961396034
numerical_gravity_2x0,2026-05-09T21:08:00Z,EarthMJ2000Eq,83700.0,2026-05-10T20:23:00Z,5940.648413403524,3690.3032039441828,1016.5265325084135,-0.8982743063508879,3.4443520092420448,-6.624996373432322,7067.033854454646,7.5207070439561265
numerical_gravity_2x0,2026-05-09T21:08:00Z,EarthMJ2000Eq,83760.0,2026-05-10T20:24:00Z,5874.7109303801,3889.32180331883,617.2246050386557,-1.2987484025302451,3.1874487129549105,-6.68052520158349,7072.483214427856,7.515051142858903
numerical_gravity_2x0,2026-05-09T21:08:00Z,EarthMJ2000Eq,83820.0,2026-05-10T20:25:00Z,5784.921973139994,4072.550039545743,215.4093592976394,-1.6930554400225766,2.918196325575963,-6.708765353907642,7077.950780557532,7.509316819217753
numerical_gravity_2x0,2026-05-09T21:08:00Z,EarthMJ2000Eq,83880.0,2026-05-10T20:26:00Z,5671.699383663179,4239.2815270456895,-187.28154723376466,-2.0796087331792332,2.6377533784234566,-6.709724801702589,7083.4141585912075,7.5035273227384565
numerical_gravity_2x0,2026-05-09T21:08:00Z,EarthMJ2000Eq,83940.0,2026-05-10T20:27:00Z,5535.554834112262,4388.880508614315,-589.214369707254,-2.4568683397992057,2.3473146219956114,-6.6835256082651835,7088.851318360951,7.497706484657731
numerical_gravity_2x0,2026-05-09T21:08:00Z,EarthMJ2000Eq,84000.0,2026-05-10T20:28:00Z,5377.09083885678,4520.783849114713,-988.7660463873669,-2.8233470939925334,2.0481050467294986,-6.630401338013354,7094.240677776759,7.491878602775421
numerical_gravity_2x0,2026-05-09T21:08:00Z,EarthMJ2000Eq,84060.0,2026-05-10T20:29:00Z,5196.997419059212,4634.502671381901,-1384.3307980618147,-3.1776161509240732,1.741373943871971,-6.550693953547347,7099.561179623466,7.486068319755805
numerical_gravity_2x0,2026-05-09T21:08:00Z,EarthMJ2000Eq,84120.0,2026-05-10T20:30:00Z,4996.048449691425,4729.623638133537,-1774.3265272279416,-3.5183100253679456,1.4283890521200522,-6.444850253552552,7104.7923611658325,7.480300495938477
numerical_gravity_2x0,2026-05-09T21:08:00Z,EarthMJ2000Eq,84180.0,2026-05-10T20:31:00Z,4775.0977196983795,4805.809886306142,-2157.200991167712,-3.844131113855453,1.1104308317552567,-6.313417907319262,7109.914416663641,7.474600077936194
numerical_gravity_2x0,2026-05-09T21:08:00Z,EarthMJ2000Eq,84240.0,2026-05-10T20:32:00Z,4535.074736407479,4862.801622605832,-2531.43772642614,-4.153853697871395,0.7887869034503395,-6.157041143319238,7114.908252984913,7.468991964308203
numerical_gravity_2x0,2026-05-09T21:08:00Z,EarthMJ2000Eq,84300.0,2026-05-10T20:33:00Z,4276.9803052129755,4900.416391144638,-2895.561705674354,-4.446327432869039,0.4647466839022566,-5.976456149744764,7119.755538580414,7.463500869585528
numerical_gravity_2x0,2026-05-09T21:08:00Z,EarthMJ2000Eq,84360.0,2026-05-10T20:34:00Z,4001.8819150716595,4918.5490258031505,-3248.144711397744,-4.7204803346749875,0.13959624508204688,-5.772486244225727,7124.438746146104,7.458151187892984
numerical_gravity_2x0,2026-05-09T21:08:00Z,EarthMJ2000Eq,84420.0,2026-05-10T20:35:00Z,3710.9089594637007,4917.171301401482,-3587.810414234562,-4.9753212810076315,-0.1853865816673298,-5.546036868165967,7128.941189352336,7.452966857363977
numerical_gravity_2x0,2026-05-09T21:08:00Z,EarthMJ2000Eq,84480.0,2026-05-10T20:36:00Z,3405.247821243189,4896.331298865855,-3913.2391470385996,-5.209942051227907,-0.5089368410721637,-5.298090458378043,7133.247054059621,7.447971226482405
numerical_gravity_2x0,2026-05-09T21:08:00Z,EarthMJ2000Eq,84540.0,2026-05-10T20:37:00Z,3086.1368482748117,4856.152500347865,-4223.172368795343,-5.4235189319958215,-0.8298068188402501,-5.029701245060933,7137.34142447108,7.443186923413812
numerical_gravity_2x0,2026-05-09T21:08:00Z,EarthMJ2000Eq,84600.0,2026-05-10T20:38:00Z,2754.861244978363,4796.832630695711,-4516.416815335725,-5.615313920164318,-1.1467701313278724,-4.741990020787903,7141.2103046919265,7.438635729308766
numerical_gravity_2x0,2026-05-09T21:08:00Z,EarthMJ2000Eq,84660.0,2026-05-10T20:39:00Z,2412.7479029362917,4718.6422618064935,-4791.848336324851,-5.784675556972493,-1.4586255402949149,-4.436138920190596,7144.8406361771995,7.434338456477849
numerical_gravity_2x0,2026-05-09T21:08:00Z,EarthMJ2000Eq,84720.0,2026-05-10T20:40:00Z,2061.1601916172635,4621.923196226766,-5048.41542022294,-5.93103942939531,-1.7642004977358292,-4.113386244583808,7148.2203115510865,7.430314832252027
numerical_gravity_2x0,2026-05-09T21:08:00Z,EarthMJ2000Eq,84780.0,2026-05-10T20:41:00Z,1701.4927280865274,4507.08664594138,-5285.142410798878,-6.053928375381026,-2.062354429954562,-3.7750213600175595,7151.3381852754965,7.426583389256837
numerical_gravity_2x0,2026-05-09T21:08:00Z,EarthMJ2000Eq,84840.0,2026-05-10T20:42:00Z,1335.1661423660846,4374.611221628434,-5501.132420308493,-6.152952429693483,-2.3519817736950985,-3.422379691309783,7154.184081632743,7.423161362745291
numerical_gravity_2x0,2026-05-09T21:08:00Z,EarthMJ2000Eq,84900.0,2026-05-10T20:43:00Z,963.6218529261787,4225.040746794622,-5695.569945623574,-6.227808546223294,-2.632014780198555,-3.0568378286394866,7156.748800468147,7.4200645955542
numerical_gravity_2x0,2026-05-09T21:08:00Z,EarthMJ2000Eq,84960.0,2026-05-10T20:44:00Z,588.3168646829575,4058.98191017663,-5867.723194415048,-6.2782801310026946,-2.9014261055001973,-2.679808757393352,7159.0241211137045,7.417307451172787
numerical_gravity_2x0,2026-05-09T21:08:00Z,EarthMJ2000Eq,85020.0,2026-05-10T20:45:00Z,210.71859988971602,3877.1017686380187,-6016.946128963574,-6.304236417826641,-3.1592312070865924,-2.292737216275509,7161.002804884611,7.414902735341594
numerical_gravity_2x0,2026-05-09T21:08:00Z,EarthMJ2000Eq,85080.0,2026-05-10T20:46:00Z,-167.7002295193157,3680.125111545623,-6142.680235308349,-6.305631715429469,-3.404490568198477,-1.8970951833165217,7162.678596506851,7.412861626534326
numerical_gravity_2x0,2026-05-09T21:08:00Z,EarthMJ2000Eq,85140.0,2026-05-10T20:47:00Z,-545.466701208478,3468.8316963133675,-6244.4560252717765,-6.282504551679858,-3.636311771594589,-1.4943774844477404,7164.046224797026,7.4111936156154945
numerical_gravity_2x0,2026-05-09T21:08:00Z,EarthMJ2000Eq,85200.0,2026-05-10T20:48:00Z,-921.1127078312119,3244.053363492111,-6321.894278440469,-6.234976736328631,-3.8538514445016063,-1.0860975148232717,7165.1014028756745,7.409906454912345
numerical_gravity_2x0,2026-05-09T21:08:00Z,EarthMJ2000Eq,85260.0,2026-05-10T20:49:00Z,-1293.1799241846497,3006.671038498287,-6374.707030473231,-6.163252359568389,-4.056317095790591,-0.6737830591442169,7165.840828152926,7.409006116890313
numerical_gravity_2x0,2026-05-09T21:08:00Z,EarthMJ2000Eq,85320.0,2026-05-10T20:50:00Z,-1660.2247126820278,2757.611625846339,-6402.698313179365,-6.0676167391360885,-4.242968865174158,-0.2589721939268914,7166.262182281143,7.408496762576673
numerical_gravity_2x0,2026-05-09T21:08:00Z,EarthMJ2000Eq,85380.0,2026-05-10T20:51:00Z,-2020.8229643205464,2497.844800612856,-6405.764650704194,-5.948435324004557,-4.413121202450694,0.15679074799430656,7166.364131223405,7.408380719836264
numerical_gravity_2x0,2026-05-09T21:08:00Z,EarthMJ2000Eq,85440.0,2026-05-10T20:52:00Z,-2373.5748726627016,2228.3797008437655,-6383.895314913968,-5.806152557960642,-4.566144492578604,0.5719591723917928,7166.146325539887,7.408658471565681
numerical_gravity_2x0,2026-05-09T21:08:00Z,EarthMJ2000Eq,85500.0,2026-05-10T20:53:00Z,-2717.1096384050115,1950.2615237469984,-6337.1723417320745,-5.641290701648457,-4.70146663969592,0.9849882008893593,7165.609400946675,7.409328653837016
numerical_gravity_2x0,2026-05-09T21:08:00Z,EarthMJ2000Eq,85560.0,2026-05-10T20:54:00Z,-3050.0901018839722,1664.5680278155398,-6265.7703087864575,-5.45444860705645,-4.818574620164671,1.3943386539088116,7164.754979153595,7.41038806398824
numerical_gravity_2x0,2026-05-09T21:08:00Z,EarthMJ2000Eq,85620.0,2026-05-10T20:55:00Z,-3371.217300374759,1372.405942519901,-6169.955873329159,-5.2463004340342225,-4.917016011375427,1.798481062446977,7163.5856689397515,7.411831678623739
numerical_gravity_2x0,2026-05-09T21:08:00Z,EarthMJ2000Eq,85680.0,2026-05-10T20:56:00Z,-3679.2349462886473,1074.9072869115507,-6050.08706802734,-5.017594294324005,-4.996400499459452,2.195899730817133,7162.105067377805,7.41365268145428
numerical_gravity_2x0,2026-05-09T21:08:00Z,EarthMJ2000Eq,85740.0,2026-05-10T20:57:00Z,-3972.9338213903247,773.2255984022053,-5906.612350945111,-4.769150804863441,-5.05640136529143,2.585096870768375,7160.317761071005,7.415842500869816
numerical_gravity_2x0,2026-05-09T21:08:00Z,EarthMJ2000Eq,85800.0,2026-05-10T20:58:00Z,-4251.1560809608745,468.5320731366484,-5740.069404879957,-4.501861528838509,-5.096756944295866,2.9645968249738255,7158.229327221034,7.418390857100293
numerical_gravity_2x0,2026-05-09T21:08:00Z,EarthMJ2000Eq,85860.0,2026-05-10T20:59:00Z,-4512.799460455518,162.01161976305343,-5551.083680227571,-4.216687280210442,-5.1172720516685395,3.3329503947879506,7155.8463342999985,7.421285818777878
numerical_gravity_2x0,2026-05-09T21:08:00Z,EarthMJ2000Eq,85920.0,2026-05-10T21:00:00Z,-4756.821375680585,-145.14117097578088,-5340.366674763293,-3.9146562652761796,-5.117819360767593,3.6887392834593022,7153.176342057164,7.424513868668407
numerical_gravity_2x0,2026-05-09T21:08:00Z,EarthMJ2000Eq,85980.0,2026-05-10T21:01:00Z,-4982.242905878982,-451.72613755932025,-5108.713943182978,-3.596862033309142,-5.098340718695214,4.0305806617034605,7150.227900550295,7.428059978289372
numerical_gravity_2x0,2026-05-09T21:08:00Z,EarthMJ2000Eq,86040.0,2026-05-10T21:02:00Z,-5188.152647408335,-756.5417355774919,-4857.00282897296,-3.264461207519848,-5.058848379560859,4.357131857758407,7147.010547853701,7.43190769107641
numerical_gravity_2x0,2026-05-09T21:08:00Z,EarthMJ2000Eq,86100.0,2026-05-10T21:03:00Z,-5373.710423964859,-1058.3892965838145,-4586.189911205707,-2.91867096751887,-4.999426132670854,4.667095168839481,7143.5348060604265,7.4360392136993605
numerical_gravity_2x0,2026-05-09T21:08:00Z,EarthMJ2000Eq,86160.0,2026-05-10T21:04:00Z,-5538.150837594731,-1356.0773508533189,-4297.308159207454,-2.560766255192359,-4.920230300007711,4.959222785373154,7139.812175165361,7.440435515062954
numerical_gravity_2x0,2026-05-09T21:08:00Z,EarthMJ2000Eq,86220.0,2026-05-10T21:05:00Z,-5680.78664309137,-1648.4260053713426,-3991.46378873353,-2.1920766774353444,-4.821490574923792,5.23232181361927,7135.855124389849,7.445076432455948
numerical_gravity_2x0,2026-05-09T21:08:00Z,EarthMJ2000Eq,86280.0,2026-05-10T21:06:00Z,-5801.0119268501885,-1934.2713666343777,-3669.8328143269096,-1.8139830815387625,-4.70351067205334,5.485259376402122,7131.677080487473,7.4499407842368734
numerical_gravity_2x0,2026-05-09T21:08:00Z,EarthMJ2000Eq,86340.0,2026-05-10T21:07:00Z,-5898.305069890902,-2212.469996001303,-3333.657293929242,-1.4279137821857,-4.5666687571142415,5.716967765783567,7127.292412555722,7.455006488365221
numerical_gravity_2x0,2026-05-09T21:08:00Z,EarthMJ2000Eq,86400.0,2026-05-10T21:08:00Z,-5972.231473609328,-2481.9033834297566,-2984.2412635572405,-1.0353404229564505,-4.411417624588679,5.926449615756487,7122.716412869996,7.460250686005094
