reference_model,comparison_model,frame,elapsed_seconds,timestamp_utc,position_delta_x_m,position_delta_y_m,position_delta_z_m,position_difference_m,velocity_delta_x_mm_s,velocity_delta_y_mm_s,velocity_delta_z_mm_s,velocity_difference_mm_s
gmat_d03_critical_700km_i63p4_may_24h_g20,numerical_gravity_2x0,EarthMJ2000Eq,0.0,2026-05-09T21:08:00Z,-9.094947017729282e-10,0.0,0.0,9.094947017729282e-10,-4.440892098500626e-10,0.0,0.0,4.440892098500626e-10
gmat_d03_critical_700km_i63p4_may_24h_g20,numerical_gravity_2x0,EarthMJ2000Eq,60.0,2026-05-09T21:09:00Z,-1.8189894035458565e-09,-6.821210263296962e-10,-1.8189894035458565e-09,2.6613406386603915e-09,1.2434497875801753e-08,-3.6415315207705135e-08,3.552713678800501e-09,3.8643417208929327e-08
gmat_d03_critical_700km_i63p4_may_24h_g20,numerical_gravity_2x0,EarthMJ2000Eq,120.0,2026-05-09T21:10:00Z,0.0012211967259645462,0.0024812438823573757,-0.00231681224249769,0.003607701708044833,-0.0029158440106868966,-0.0008316751731740624,-0.002380163621751308,0.003854738480706708
gmat_d03_critical_700km_i63p4_may_24h_g20,numerical_gravity_2x0,EarthMJ2000Eq,180.0,2026-05-09T21:11:00Z,-1.8189894035458565e-09,-8.640199666842818e-09,0.0,8.829596408280668e-09,5.10702591327572e-08,-9.50350909079134e-08,1.3322676295501878e-08,1.0870755988171688e-07
gmat_d03_critical_700km_i63p4_may_24h_g20,numerical_gravity_2x0,EarthMJ2000Eq,240.0,2026-05-09T21:12:00Z,0.0008626911949249916,0.0023613806661160197,-0.002582053184596589,0.0036037970803297226,-0.003050644625801624,-0.0011628884521996952,-0.002034576063181248,0.003846848312848044
gmat_d03_critical_700km_i63p4_may_24h_g20,numerical_gravity_2x0,EarthMJ2000Eq,300.0,2026-05-09T21:13:00Z,6.366462912410498e-09,-2.1827872842550278e-08,1.8189894035458565e-09,2.281001107618877e-08,9.992007221626409e-08,-1.341149413747189e-07,1.687538997430238e-08,1.6809407222871517e-07
gmat_d03_critical_700km_i63p4_may_24h_g20,numerical_gravity_2x0,EarthMJ2000Eq,360.0,2026-05-09T21:14:00Z,1.1823431123048067e-08,-3.0468072509393096e-08,9.094947017729282e-10,3.269440543230065e-08,1.2434497875801753e-07,-1.438849039914203e-07,1.7763568394002505e-08,1.9099760129656202e-07
gmat_d03_critical_700km_i63p4_may_24h_g20,numerical_gravity_2x0,EarthMJ2000Eq,420.0,2026-05-09T21:15:00Z,1.9099388737231493e-08,-3.9108272176235914e-08,1.8189894035458565e-09,4.3560903631543796e-08,1.375566327510569e-07,-1.474376176702208e-07,1.3322676295501878e-08,2.0208209228369064e-07
gmat_d03_critical_700km_i63p4_may_24h_g20,numerical_gravity_2x0,EarthMJ2000Eq,480.0,2026-05-09T21:16:00Z,2.7284841053187847e-08,-4.8203219193965197e-08,1.8189894035458565e-09,5.541950572144605e-08,1.500466417780899e-07,-1.4566126083082054e-07,7.993605777301127e-09,2.0927277737209317e-07
gmat_d03_critical_700km_i63p4_may_24h_g20,numerical_gravity_2x0,EarthMJ2000Eq,540.0,2026-05-09T21:17:00Z,7.690141501370817e-05,-0.0018999658095708583,0.0030476978736260207,0.003592248075241175,0.0031578705483870095,0.0018844805715900748,0.001045422415302255,0.0038231297978864025
gmat_d03_critical_700km_i63p4_may_24h_g20,numerical_gravity_2x0,EarthMJ2000Eq,600.0,2026-05-09T21:18:00Z,-2.488832251401618e-05,-0.0003477152858977206,0.0005086203600512818,0.000616619833692682,0.0005446398887443138,0.00029478641749847156,0.00022708857017050832,0.0006596217545344359
gmat_d03_critical_700km_i63p4_may_24h_g20,numerical_gravity_2x0,EarthMJ2000Eq,660.0,2026-05-09T21:19:00Z,0.0002136048351530917,-0.0006700188350805547,0.0013092014796711737,0.001486122733604689,0.0012810065230794976,0.0008921401395411976,0.00022499513363527512,0.0015771856425013404
gmat_d03_critical_700km_i63p4_may_24h_g20,numerical_gravity_2x0,EarthMJ2000Eq,720.0,2026-05-09T21:20:00Z,0.0006803338692407124,-0.001705572685750667,0.0035046936091021053,0.00395660329748838,0.0033869744786585443,0.0024383814967166018,0.0004715401402677344,0.004199958398186573
gmat_d03_critical_700km_i63p4_may_24h_g20,numerical_gravity_2x0,EarthMJ2000Eq,780.0,2026-05-09T21:21:00Z,3.0486262403428555e-05,-4.855792212765664e-05,0.00011353330364727299,0.00012718920958064862,0.00010405187822470907,8.165423892592116e-05,3.5562663924793014e-06,0.00013231347296218697
gmat_d03_critical_700km_i63p4_may_24h_g20,numerical_gravity_2x0,EarthMJ2000Eq,840.0,2026-05-09T21:22:00Z,0.000475499291496817,-0.0005268429958960041,0.001416035935619675,0.001583925784089943,0.0012846848029823832,0.0010751470824743592,-5.547473591605012e-05,0.0016761365512069615
gmat_d03_critical_700km_i63p4_may_24h_g20,numerical_gravity_2x0,EarthMJ2000Eq,900.0,2026-05-09T21:23:00Z,0.001154297024186235,-0.0011729243851732463,0.003273166385042714,0.0036635735856609766,0.002950069077911621,0.002512100749640922,-0.00019410428819810477,0.003879592016629287
gmat_d03_critical_700km_i63p4_may_24h_g20,numerical_gravity_2x0,EarthMJ2000Eq,960.0,2026-05-09T21:24:00Z,0.00048083984438562766,-0.00026365705707576126,0.0010138096513401251,0.0011526196288650615,0.0008618799007820144,0.0008322476041655591,-0.00021016433038312243,0.001216405394503294
gmat_d03_critical_700km_i63p4_may_24h_g20,numerical_gravity_2x0,EarthMJ2000Eq,1020.0,2026-05-09T21:25:00Z,0.001649790647206828,-0.0009200930435326882,0.0035032066989515442,0.0039800549699655335,0.0029888092001328914,0.0028753470715514595,-0.0007110152466793807,0.004207866905890574
gmat_d03_critical_700km_i63p4_may_24h_g20,numerical_gravity_2x0,EarthMJ2000Eq,1080.0,2026-05-09T21:26:00Z,5.885704013053328e-05,-2.176966518163681e-05,0.00010744815881480463,0.00012443141214234956,8.644374105415409e-05,8.969469611486147e-05,-3.1160851676759194e-05,0.00012840816779237984
gmat_d03_critical_700km_i63p4_may_24h_g20,numerical_gravity_2x0,EarthMJ2000Eq,1140.0,2026-05-09T21:27:00Z,0.0008255947250290774,-0.00018571790860733017,0.0013259598290460417,0.0015729803748989134,0.001049089703997197,0.0011772987029701198,-0.0005115179391168567,0.001657791315300695
gmat_d03_critical_700km_i63p4_may_24h_g20,numerical_gravity_2x0,EarthMJ2000Eq,1200.0,2026-05-09T21:28:00Z,0.001983758920687251,-0.00037562222132692114,0.0030768146643822547,0.0036801059750391023,0.0024094042316846753,0.0027656108514406696,-0.0012703900154065195,0.003881716492031712
gmat_d03_critical_700km_i63p4_may_24h_g20,numerical_gravity_2x0,EarthMJ2000Eq,1260.0,2026-05-09T21:29:00Z,0.000597809957980644,-1.5376826922874898e-05,0.0007748435564280953,0.0009787725627566264,0.0005669544833608597,0.0007393216594486773,-0.00043709302843808473,0.001029118174867251
gmat_d03_critical_700km_i63p4_may_24h_g20,numerical_gravity_2x0,EarthMJ2000Eq,1320.0,2026-05-09T21:30:00Z,0.0028964809644094203,-9.0103640104644e-06,0.003654092779470375,0.004662840036375176,0.002646979524456583,0.0035288889336723694,-0.0021594690480242207,0.004911503260557031
gmat_d03_critical_700km_i63p4_may_24h_g20,numerical_gravity_2x0,EarthMJ2000Eq,1380.0,2026-05-09T21:31:00Z,0.002442021923343418,0.00016119793144753203,0.0028182439564261585,0.0037325533948123794,0.0019594326161609388,0.0028157283726848448,-0.001915401171004305,0.003928926582656186
gmat_d03_critical_700km_i63p4_may_24h_g20,numerical_gravity_2x0,EarthMJ2000Eq,1440.0,2026-05-09T21:32:00Z,0.001658862856857013,0.0002268989192089066,0.0017317161109531298,0.002408765199502146,0.0011419354351005495,0.0018012528135713524,-0.0013659082753747498,0.002532633738437956
gmat_d03_critical_700km_i63p4_may_24h_g20,numerical_gravity_2x0,EarthMJ2000Eq,1500.0,2026-05-09T21:33:00Z,0.0020553143258439377,0.0003801760612986982,0.0019916515157092363,0.002887131201665558,0.0012560930073846066,0.0021381891812666254,-0.0017465993096266175,0.0030331883829518938
gmat_d03_critical_700km_i63p4_may_24h_g20,numerical_gravity_2x0,EarthMJ2000Eq,1560.0,2026-05-09T21:34:00Z,0.002033187229244504,0.0004944558895658702,0.0017860893422039226,0.0027510819824614024,0.0010530856187074278,0.0020036736714246217,-0.0017928609707951182,0.0028875678282057797
gmat_d03_critical_700km_i63p4_may_24h_g20,numerical_gravity_2x0,EarthMJ2000Eq,1620.0,2026-05-09T21:35:00Z,0.0021074802134535275,0.0006157197276479565,0.0016908506950130686,0.002771201852254573,0.0009269127687616674,0.001980259733969092,-0.0019152617269924122,0.0029066859785251515
gmat_d03_critical_700km_i63p4_may_24h_g20,numerical_gravity_2x0,EarthMJ2000Eq,1680.0,2026-05-09T21:36:00Z,0.0021578446194325807,0.0007329508662223816,0.0015717960195615888,0.0027684026262485614,0.0007857909878339342,0.0019320247623966225,-0.002017830347256222,0.0029020383301022958
gmat_d03_critical_700km_i63p4_may_24h_g20,numerical_gravity_2x0,EarthMJ2000Eq,1740.0,2026-05-09T21:37:00Z,0.002200712742705946,0.0008472816261928529,0.001447814611310605,0.002767162785005033,0.000642740971557032,0.0018778112398365465,-0.002113500041645011,0.0028993401723509454
gmat_d03_critical_700km_i63p4_may_24h_g20,numerical_gravity_2x0,EarthMJ2000Eq,1800.0,2026-05-09T21:38:00Z,0.002234933390354854,0.000958148120844271,0.0013183416740503162,0.0027660440796086817,0.0004976445922011408,0.0018166637083538717,-0.002200927440298983,0.0028968946765214154
gmat_d03_critical_700km_i63p4_may_24h_g20,numerical_gravity_2x0,EarthMJ2000Eq,1860.0,2026-05-09T21:39:00Z,0.0022604006062465487,0.0010651474440237507,0.0011838737918878905,0.002765051018218128,0.0003510258750338835,0.0017488379633334716,-0.0022798563037440545,0.0028947190110028245
gmat_d03_critical_700km_i63p4_may_24h_g20,numerical_gravity_2x0,EarthMJ2000Eq,1920.0,2026-05-09T21:40:00Z,0.0022770372538616357,0.0011678821465466172,0.0010449330147821456,0.0027641874699588986,0.00020340085171710598,0.001674601790568886,-0.0023500517087882145,0.0028928197485211847
gmat_d03_critical_700km_i63p4_may_24h_g20,numerical_gravity_2x0,EarthMJ2000Eq,1980.0,2026-05-09T21:41:00Z,0.0022847989384899847,0.0012659779713430908,0.000902045940165408,0.0027634567648906366,5.5285553912653995e-05,0.0015942451803141466,-0.002411312483019401,0.00289121117841494
gmat_d03_critical_700km_i63p4_may_24h_g20,numerical_gravity_2x0,EarthMJ2000Eq,2040.0,2026-05-09T21:42:00Z,0.002283672074554488,0.0013590752132586204,0.0007557564458693378,0.0027628628965019266,-9.280753943130549e-05,0.001508063895983014,-0.0024634627671105136,0.0028898994374688108
gmat_d03_critical_700km_i63p4_may_24h_g20,numerical_gravity_2x0,EarthMJ2000Eq,2100.0,2026-05-09T21:43:00Z,0.002273358859383734,0.0014466354514297564,0.000606529283686541,0.002762026865336613,-0.00024054180869370612,0.0014160850270172887,-0.0025061162034489826,0.002888559431734396
gmat_d03_critical_700km_i63p4_may_24h_g20,numerical_gravity_2x0,EarthMJ2000Eq,2160.0,2026-05-09T21:44:00Z,0.002257789674331434,0.0015313225958379917,0.0004551638994598761,0.0027658158437273385,-0.0003885007870962909,0.001320618281397401,-0.0025436197592654253,0.0028922252655111365
gmat_d03_critical_700km_i63p4_may_24h_g20,numerical_gravity_2x0,EarthMJ2000Eq,2220.0,2026-05-09T21:45:00Z,0.0022149961296236143,0.0015958685253281146,0.00030091177904978395,0.0027465527672250224,-0.0005292797311540198,0.001210867850431896,-0.002549831901177413,0.0028719297883621825
gmat_d03_critical_700km_i63p4_may_24h_g20,numerical_gravity_2x0,EarthMJ2000Eq,2280.0,2026-05-09T21:46:00Z,0.0022506269488076214,0.0017215388652402908,0.00015013301890576258,0.0028375266783940006,-0.0006969553822955277,0.0011394218901727982,-0.002649498065387945,0.0029671314509488993
gmat_d03_critical_700km_i63p4_may_24h_g20,numerical_gravity_2x0,EarthMJ2000Eq,2340.0,2026-05-09T21:47:00Z,0.002234077783214161,0.0018094979168381542,-7.5597199611365795e-06,0.002874968417541071,-0.000850415737829735,0.0010408900408265254,-0.0026890403688473175,0.0030062596543763242
gmat_d03_critical_700km_i63p4_may_24h_g20,numerical_gravity_2x0,EarthMJ2000Eq,2400.0,2026-05-09T21:48:00Z,0.002170118023059331,0.0018615946828504093,-0.00016904505173442885,0.002864179328662881,-0.0009902283437668302,0.0009180327609215055,-0.0026735047509163223,0.0029951567531761184
gmat_d03_critical_700km_i63p4_may_24h_g20,numerical_gravity_2x0,EarthMJ2000Eq,2460.0,2026-05-09T21:49:00Z,0.002108547960233409,0.0019145813894283492,-0.0003289051164756529,0.002867014993506961,-0.0011296092949919512,0.0007973035565100872,-0.0026607281933266336,0.0029985304132723184
gmat_d03_critical_700km_i63p4_may_24h_g20,numerical_gravity_2x0,EarthMJ2000Eq,2520.0,2026-05-09T21:50:00Z,0.0020365173440950457,0.001958508164534578,-0.00048780475481180474,0.0028672479143188063,-0.0012643752711483103,0.0006722871148667764,-0.002635461182620702,0.002999378341624772
gmat_d03_critical_700km_i63p4_may_24h_g20,numerical_gravity_2x0,EarthMJ2000Eq,2580.0,2026-05-09T21:51:00Z,0.0019567169147194363,0.0019950261958001647,-0.0006449326974689029,0.002867892743904929,-0.0013948273647201859,0.0005445812689686136,-0.0026005506637005738,0.003000829200463968
gmat_d03_critical_700km_i63p4_may_24h_g20,numerical_gravity_2x0,EarthMJ2000Eq,2640.0,2026-05-09T21:52:00Z,0.0018692353478400037,0.0020238123852323042,-0.0007996741260285489,0.002868681938464725,-0.0015202967773575438,0.00041463277256070796,-0.0025558639649148063,0.003002609404247437
gmat_d03_critical_700km_i63p4_may_24h_g20,numerical_gravity_2x0,EarthMJ2000Eq,2700.0,2026-05-09T21:53:00Z,0.0017743905118550174,0.0020447455426619854,-0.0009514460543869063,0.00286961593548781,-0.0016403323144231763,0.000282878609425552,-0.0025015167715025655,0.003004712393477959
gmat_d03_critical_700km_i63p4_may_24h_g20,numerical_gravity_2x0,EarthMJ2000Eq,2760.0,2026-05-09T21:54:00Z,0.0016725134628359228,0.002057729830085009,-0.0010996664059348404,0.0028706827657076182,-0.0017544987684914304,0.00014975132245353961,-0.002437642976360621,0.003007123986039617
gmat_d03_critical_700km_i63p4_may_24h_g20,numerical_gravity_2x0,EarthMJ2000Eq,2820.0,2026-05-09T21:55:00Z,0.0015639743651263416,0.002062696680127374,-0.0012437776604201645,0.0028718837507011124,-0.0018623742548129485,1.5711876244495215e-05,-0.0023644135538347655,0.0030098398930180244
gmat_d03_critical_700km_i63p4_may_24h_g20,numerical_gravity_2x0,EarthMJ2000Eq,2880.0,2026-05-09T21:56:00Z,0.001449164301448036,0.002059647954411048,-0.0013832823242410086,0.0028732728476875626,-0.0019636097192687885,-0.00011889245143947846,-0.002281960842509534,0.0030128464666097673
gmat_d03_critical_700km_i63p4_may_24h_g20,numerical_gravity_2x0,EarthMJ2000Eq,2940.0,2026-05-09T21:57:00Z,0.0013262269931146875,0.002043919607785938,-0.0015132582120713778,0.0028681763921975423,-0.00205240091588621,-0.00025211122078871995,-0.002186011816007749,0.0030090791360320897
gmat_d03_critical_700km_i63p4_may_24h_g20,numerical_gravity_2x0,EarthMJ2000Eq,3000.0,2026-05-09T21:58:00Z,0.0012198415788589045,0.002065917783511395,-0.0016811154637252912,0.00292953562328877,-0.002186784975322098,-0.0003998339437316645,-0.002124767028988117,0.0030751472547391086
gmat_d03_critical_700km_i63p4_may_24h_g20,numerical_gravity_2x0,EarthMJ2000Eq,3060.0,2026-05-09T21:59:00Z,0.001013850123854354,0.001884057382994797,-0.0016569410945521668,0.00270610755271708,-0.002086123718214594,-0.0004836095968130394,-0.0018676846735843355,0.002841484902259553
gmat_d03_critical_700km_i63p4_may_24h_g20,numerical_gravity_2x0,EarthMJ2000Eq,3120.0,2026-05-09T22:00:00Z,0.001513189090474043,0.003179967279720586,-0.0030456494641839527,0.0046559546585321476,-0.0037057650281724364,-0.0010553824481007723,-0.0030128317618505207,0.004891184087825805
gmat_d03_critical_700km_i63p4_may_24h_g20,numerical_gravity_2x0,EarthMJ2000Eq,3180.0,2026-05-09T22:01:00Z,0.0003037757778656669,0.0007338887826335849,-0.0007595272109028883,0.0010989786406455846,-0.000897870222615893,-0.00029816416002859114,-0.0006628555482279808,0.00115518408957295
gmat_d03_critical_700km_i63p4_may_24h_g20,numerical_gravity_2x0,EarthMJ2000Eq,3240.0,2026-05-09T22:02:00Z,0.0002564602255006321,0.0007368439582933206,-0.0008234869710577186,0.001134390434391537,-0.0009471163853191911,-0.0003580149510185038,-0.0006314655465189389,0.0011932949714690555
gmat_d03_critical_700km_i63p4_may_24h_g20,numerical_gravity_2x0,EarthMJ2000Eq,3300.0,2026-05-09T22:03:00Z,0.0008216784408432432,0.002934577423729934,-0.0035323332667758223,0.004665220083081093,-0.003960554106896552,-0.0016687620174593576,-0.0023769457513367342,0.00491127545647441
gmat_d03_critical_700km_i63p4_may_24h_g20,numerical_gravity_2x0,EarthMJ2000Eq,3360.0,2026-05-09T22:04:00Z,0.00013732187653658912,0.0006700961421302054,-0.0008691336006450001,0.001106019598941835,-0.0009517701071715123,-0.0004418057031330136,-0.0005066516095553197,0.0011652272180528247
gmat_d03_critical_700km_i63p4_may_24h_g20,numerical_gravity_2x0,EarthMJ2000Eq,3420.0,2026-05-09T22:05:00Z,8.141887519741431e-05,0.0006503414624603465,-0.0009085192687052768,0.001120259038188153,-0.0009727298966311082,-0.0004918234708384261,-0.00045502446255341056,0.001181160886496646
gmat_d03_critical_700km_i63p4_may_24h_g20,numerical_gravity_2x0,EarthMJ2000Eq,3480.0,2026-05-09T22:06:00Z,2.322667569387704e-05,0.0006152199603093322,-0.0009268756002711598,0.0011127144541187679,-0.0009711015880320417,-0.0005307709827206963,-0.000392247123670586,0.0011741439163937676
gmat_d03_critical_700km_i63p4_may_24h_g20,numerical_gravity_2x0,EarthMJ2000Eq,3540.0,2026-05-09T22:07:00Z,-3.727473085746169e-05,0.0005932824933552183,-0.0009686273187980987,0.0011364912693040252,-0.0009929831401578326,-0.0005846474415704961,-0.00033576519342659594,0.0012002359820841215
gmat_d03_critical_700km_i63p4_may_24h_g20,numerical_gravity_2x0,EarthMJ2000Eq,3600.0,2026-05-09T22:08:00Z,-0.00039434507925761864,0.0022948574951442424,-0.004063558435518644,0.004683416074131054,-0.004079256488154215,-0.002568758095122803,-0.0011228085128323073,0.004949702072235852
gmat_d03_critical_700km_i63p4_may_24h_g20,numerical_gravity_2x0,EarthMJ2000Eq,3660.0,2026-05-09T22:09:00Z,-0.00015065143088577315,0.0005038073140894994,-0.0009715977284940891,0.0011047713833064647,-0.0009558904778828037,-0.0006419038633964647,-0.00019988277699667378,0.001168640363880276
gmat_d03_critical_700km_i63p4_may_24h_g20,numerical_gravity_2x0,EarthMJ2000Eq,3720.0,2026-05-09T22:10:00Z,-0.00021507185010705143,0.00047855155571596697,-0.0010130820555787068,0.0011408780581298864,-0.0009761047525813638,-0.0006978484456965361,-0.00013809398069497547,0.0012078256863791153
gmat_d03_critical_700km_i63p4_may_24h_g20,numerical_gravity_2x0,EarthMJ2000Eq,3780.0,2026-05-09T22:11:00Z,-0.0011194324542884715,0.001791903741832357,-0.004190851541352458,0.004693323415380981,-0.003954272687067828,-0.0029998159511990252,-0.00029342128726739247,0.0049720482978929705
gmat_d03_critical_700km_i63p4_may_24h_g20,numerical_gravity_2x0,EarthMJ2000Eq,3840.0,2026-05-09T22:12:00Z,-0.0003201257641194388,0.0003799168553086929,-0.0009913197303035304,0.0011088426982623664,-0.0009161036373939169,-0.0007370246635218791,-1.6653345369377348e-06,0.0011757780413092533
gmat_d03_critical_700km_i63p4_may_24h_g20,numerical_gravity_2x0,EarthMJ2000Eq,3900.0,2026-05-09T22:13:00Z,-0.0003841469151666388,0.0003431605364312418,-0.0010143924100702861,0.001137681839445469,-0.0009171672310515078,-0.0007821858716283714,6.73576749932181e-05,0.0012072893289805128
gmat_d03_critical_700km_i63p4_may_24h_g20,numerical_gravity_2x0,EarthMJ2000Eq,3960.0,2026-05-09T22:14:00Z,-0.0012828058970626444,0.0008773349691182375,-0.002972746756313427,0.0033544792285462727,-0.0026307951372928073,-0.0023706003826617916,0.0003895301858847233,0.0035626623463914037
gmat_d03_critical_700km_i63p4_may_24h_g20,numerical_gravity_2x0,EarthMJ2000Eq,4020.0,2026-05-09T22:15:00Z,-0.0007795770216034725,0.0003743070919881575,-0.0015587654615956126,0.001782581245269947,-0.0013414651611753925,-0.001297314700110519,0.0003369953205378806,0.0018963438653985189
gmat_d03_critical_700km_i63p4_may_24h_g20,numerical_gravity_2x0,EarthMJ2000Eq,4080.0,2026-05-09T22:16:00Z,-0.0009567211236571893,0.0003499590093269944,-0.0017430056686862372,0.0020188747801023624,-0.0014686998284219044,-0.001492647339063069,0.0004815587928419518,0.0021487145310119696
gmat_d03_critical_700km_i63p4_may_24h_g20,numerical_gravity_2x0,EarthMJ2000Eq,4140.0,2026-05-09T22:17:00Z,-0.0010258572729071602,0.0002501874405425042,-0.0016744002095947508,0.0019795436245944845,-0.0013715339974851304,-0.00148674306199581,0.0005944569281268741,0.0021082906531235813
gmat_d03_critical_700km_i63p4_may_24h_g20,numerical_gravity_2x0,EarthMJ2000Eq,4200.0,2026-05-09T22:18:00Z,-0.0011076081136707217,0.00016113790479721501,-0.0016382941794290673,0.001984129274060239,-0.0013033583101673685,-0.0015058203572948514,0.0007098535093064129,0.002114268156549817
gmat_d03_critical_700km_i63p4_may_24h_g20,numerical_gravity_2x0,EarthMJ2000Eq,4260.0,2026-05-09T22:19:00Z,-0.0011835418263217434,7.044945959933102e-05,-0.0015923255887173582,0.0019852544324330135,-0.0012268355220612648,-0.0015160768196409435,0.0008219780411877764,0.0021164267578725297
gmat_d03_critical_700km_i63p4_may_24h_g20,numerical_gravity_2x0,EarthMJ2000Eq,4320.0,2026-05-09T22:20:00Z,-0.0012547247933980543,-2.066099114017561e-05,-0.0015397195056721102,0.001986327601346226,-0.0011449436954080738,-0.0015199787123387765,0.0009309237825050332,0.002118454729384421
gmat_d03_critical_700km_i63p4_may_24h_g20,numerical_gravity_2x0,EarthMJ2000Eq,4380.0,2026-05-09T22:21:00Z,-0.0013208368727646302,-0.00011181964509887621,-0.0014806873878114857,0.0019873471810201377,-0.0010580345488619969,-0.0015174937972872726,0.0010362040114841875,0.0021203639510251246
gmat_d03_critical_700km_i63p4_may_24h_g20,numerical_gravity_2x0,EarthMJ2000Eq,4440.0,2026-05-09T22:22:00Z,-0.0013815933925798163,-0.0002026326910709031,-0.0014154579730529804,0.0019883112390644713,-0.0009664820055377277,-0.0015086175642053945,0.0011373453290275393,0.002122161355674447
gmat_d03_critical_700km_i63p4_may_24h_g20,numerical_gravity_2x0,EarthMJ2000Eq,4500.0,2026-05-09T22:23:00Z,-0.0014367292351380456,-0.00029272359824972227,-0.0013442986528389156,0.0019892251929073145,-0.0008706733112262555,-0.0014933780878578773,0.0012338947641410414,0.0021238517879434097
gmat_d03_critical_700km_i63p4_may_24h_g20,numerical_gravity_2x0,EarthMJ2000Eq,4560.0,2026-05-09T22:24:00Z,-0.001485997472627787,-0.0003817112883552909,-0.0012674900062847883,0.0019900811321013623,-0.0007710152516438029,-0.001471831545529767,0.0013254330966105954,0.0021254471318465323
gmat_d03_critical_700km_i63p4_may_24h_g20,numerical_gravity_2x0,EarthMJ2000Eq,4620.0,2026-05-09T22:25:00Z,-0.0015297746358555742,-0.0004694056769949384,-0.0011858037396450527,0.0019916532416709297,-0.0006682965292270637,-0.0014446903673359657,0.0014120811187012805,0.00212784482381656
gmat_d03_critical_700km_i63p4_may_24h_g20,numerical_gravity_2x0,EarthMJ2000Eq,4680.0,2026-05-09T22:26:00Z,-0.0015607597561029252,-0.0005522006176761352,-0.0010957037375192158,0.0019853118694164768,-0.0005614824161170873,-0.0014062986330998228,0.0014863301700529519,0.0021218189657642213
gmat_d03_critical_700km_i63p4_may_24h_g20,numerical_gravity_2x0,EarthMJ2000Eq,4740.0,2026-05-09T22:27:00Z,-0.0016166193290700903,-0.0006471973392763175,-0.0010177845979342237,0.0020169799054233295,-0.00045795811587368007,-0.001387135295516373,0.0015864052294034536,0.002156513741166629
gmat_d03_critical_700km_i63p4_may_24h_g20,numerical_gravity_2x0,EarthMJ2000Eq,4800.0,2026-05-09T22:28:00Z,-0.0015548923784081126,-0.0006882728484924883,-0.0008763900041230954,0.0019129739312731056,-0.00033217428807574834,-0.001273338767759924,0.0015669008313068389,0.002046193927830169
gmat_d03_critical_700km_i63p4_may_24h_g20,numerical_gravity_2x0,EarthMJ2000Eq,4860.0,2026-05-09T22:29:00Z,-0.00136147582452395,-0.0006646869223914109,-0.0006705640771542676,0.0016568286897356316,-0.00018765167197898336,-0.0010563896424287122,0.001410139560675816,0.001771910214206734
gmat_d03_critical_700km_i63p4_may_24h_g20,numerical_gravity_2x0,EarthMJ2000Eq,4920.0,2026-05-09T22:30:00Z,-0.0014152862490846019,-0.000748450020182645,-0.000607570655120071,0.0017124119540935223,-0.00010023715191209703,-0.0010444796139097434,0.0015012076026721388,0.0018315592856408241
gmat_d03_critical_700km_i63p4_may_24h_g20,numerical_gravity_2x0,EarthMJ2000Eq,4980.0,2026-05-09T22:31:00Z,-0.0014085795001506085,-0.0008050624273892026,-0.0005109741323394701,0.0017009750980418283,-4.53859172466764e-07,-0.000983354730976771,0.001531083260175592,0.0018196710368944343
gmat_d03_critical_700km_i63p4_may_24h_g20,numerical_gravity_2x0,EarthMJ2000Eq,5040.0,2026-05-09T22:32:00Z,-0.0014067296660869033,-0.000862994056660682,-0.00041842577047646046,0.001702564894704296,9.694112179658987e-05,-0.0009269678358236888,0.0015653152107830692,0.0018217789818898667
gmat_d03_critical_700km_i63p4_may_24h_g20,numerical_gravity_2x0,EarthMJ2000Eq,5100.0,2026-05-09T22:33:00Z,-0.0013979957884657779,-0.0009168002179649193,-0.0003236709744669497,0.0017028440221996141,0.00019411494633914117,-0.0008659304384650568,0.0015920096352317614,0.0018226384214438418
gmat_d03_critical_700km_i63p4_may_24h_g20,numerical_gravity_2x0,EarthMJ2000Eq,5160.0,2026-05-09T22:34:00Z,-0.0013834480796504067,-0.0009668301572673954,-0.0002275137376273051,0.0017030712383512444,0.0002906723750584206,-0.0008011236118932175,0.001612036060194555,0.0018234444687246498
gmat_d03_critical_700km_i63p4_may_24h_g20,numerical_gravity_2x0,EarthMJ2000Eq,5220.0,2026-05-09T22:35:00Z,-0.0013631361071020365,-0.0010128633221029304,-0.00013036060408921912,0.0017032398665030083,0.00038619774045400845,-0.0007327933815304277,0.0016252622581092169,0.0018241744002098186
gmat_d03_critical_700km_i63p4_may_24h_g20,numerical_gravity_2x0,EarthMJ2000Eq,5280.0,2026-05-09T22:36:00Z,-0.001337133426204673,-0.001054700078384485,-3.262175596319139e-05,0.0017033444260572224,0.0004802709341333866,-0.0006612115299731158,0.0016315779005626752,0.0018248033601315106
gmat_d03_critical_700km_i63p4_may_24h_g20,numerical_gravity_2x0,EarthMJ2000Eq,5340.0,2026-05-09T22:37:00Z,-0.0013055400813755114,-0.0010921512512140907,6.529171514557675e-05,0.0017033767251178266,0.0005724576368493217,-0.0005866640506724252,0.001630902246585464,0.0018253012332916452
gmat_d03_critical_700km_i63p4_may_24h_g20,numerical_gravity_2x0,EarthMJ2000Eq,5400.0,2026-05-09T22:38:00Z,-0.001268484538741177,-0.0011250454008404631,0.00016294688975904137,0.0017033296415725995,0.0006623226411761607,-0.0005094742405731267,0.0016231839206071186,0.001825639976265755
gmat_d03_critical_700km_i63p4_may_24h_g20,numerical_gravity_2x0,EarthMJ2000Eq,5460.0,2026-05-09T22:39:00Z,-0.0012189793778816238,-0.0011448623808973935,0.0002558272171881981,0.001691764806333604,0.0007423182069032919,-0.0004290328092793061,0.0015980179401964278,0.001813495742737723
gmat_d03_critical_700km_i63p4_may_24h_g20,numerical_gravity_2x0,EarthMJ2000Eq,5520.0,2026-05-09T22:40:00Z,-0.00124682765090256,-0.0012547670849016868,0.0003920858944184147,0.0018118363549199914,0.0008980194365904026,-0.0003590221453464437,0.0016840904226711473,0.0019420340782478538
gmat_d03_critical_700km_i63p4_may_24h_g20,numerical_gravity_2x0,EarthMJ2000Eq,5580.0,2026-05-09T22:41:00Z,-0.0008402103048865683,-0.0008667886959301541,0.0002972683432744816,0.001243239505382222,0.0006409441866139787,-0.00022180124403803347,0.0011475451699993755,0.0013329910575093779
gmat_d03_critical_700km_i63p4_may_24h_g20,numerical_gravity_2x0,EarthMJ2000Eq,5640.0,2026-05-09T22:42:00Z,-0.0021694022507290356,-0.002467590320520685,0.0011249985618633218,0.003472884950526021,0.0020309434134446747,-0.0003533022763235749,0.00309623926497693,0.0037197111760262527
gmat_d03_critical_700km_i63p4_may_24h_g20,numerical_gravity_2x0,EarthMJ2000Eq,5700.0,2026-05-09T22:43:00Z,-0.00276241598839988,-0.0033254283948735974,0.001718117346172221,0.0046520257219427276,0.00288775581225309,-0.00027537971902802383,0.004049449220389079,0.004981265563023435
gmat_d03_critical_700km_i63p4_may_24h_g20,numerical_gravity_2x0,EarthMJ2000Eq,5760.0,2026-05-09T22:44:00Z,-0.00039015594666125253,-0.0004836701137378441,0.00026422458176966757,0.0006752577813321909,0.0004325624303191944,-2.5636381906224415e-05,0.0005801590319265415,0.0007241215246951519
gmat_d03_critical_700km_i63p4_may_24h_g20,numerical_gravity_2x0,EarthMJ2000Eq,5820.0,2026-05-09T22:45:00Z,-0.0014135976016405039,-0.0020021153659399715,0.0013470935300574638,0.0027966739346265254,0.0019732708800290766,0.0001447526543074673,0.002246780539394422,0.0029937892526197083
gmat_d03_critical_700km_i63p4_may_24h_g20,numerical_gravity_2x0,EarthMJ2000Eq,5880.0,2026-05-09T22:46:00Z,-0.0021184478100622073,-0.0032021719107433455,0.00233328955800971,0.004492879503328372,0.0032874503119728615,0.0004084252935854238,0.003483664468006964,0.004807292262780062
gmat_d03_critical_700km_i63p4_may_24h_g20,numerical_gravity_2x0,EarthMJ2000Eq,5940.0,2026-05-09T22:47:00Z,-0.00031990293791750446,-0.0004932870751872542,0.0003668856152216904,0.0006930188185696293,0.0005142344328135096,7.150013914269948e-05,0.0005308997685915529,0.0007425657452906252
gmat_d03_critical_700km_i63p4_may_24h_g20,numerical_gravity_2x0,EarthMJ2000Eq,6000.0,2026-05-09T22:48:00Z,-0.001040501956595108,-0.0019512153812684119,0.0017351685528410599,0.002810817619936452,0.002235839069442136,0.0005594777974238241,0.0019287380581545222,0.003005332302296664
gmat_d03_critical_700km_i63p4_may_24h_g20,numerical_gravity_2x0,EarthMJ2000Eq,6060.0,2026-05-09T22:49:00Z,-0.0014911629477865063,-0.0030709561542607844,0.0029148613975849003,0.004488959300926455,0.003652421032285247,0.0010609833012154013,0.002922817543549172,0.004796741326715083
gmat_d03_critical_700km_i63p4_may_24h_g20,numerical_gravity_2x0,EarthMJ2000Eq,6120.0,2026-05-09T22:50:00Z,-0.00021003961592214182,-0.0004253051884006709,0.0003982468115282245,0.0006193558479821177,0.0005035305505884935,0.0001432720608818272,0.00040544279045207077,0.0006621584063763286
gmat_d03_critical_700km_i63p4_may_24h_g20,numerical_gravity_2x0,EarthMJ2000Eq,6180.0,2026-05-09T22:51:00Z,-0.0006918171493452974,-0.002083113486150978,0.0023772818167344667,0.0032356516500526844,0.0027705850946802,0.0011136549460388778,0.00173435932282473,0.003453168308433576
gmat_d03_critical_700km_i63p4_may_24h_g20,numerical_gravity_2x0,EarthMJ2000Eq,6240.0,2026-05-09T22:52:00Z,-0.00024007022147998214,-0.0006551767910423223,0.0007184689820860513,0.0010015428183466394,0.0008506004789410326,0.0003228004530342332,0.0005606102249089417,0.0010686464015408812
gmat_d03_critical_700km_i63p4_may_24h_g20,numerical_gravity_2x0,EarthMJ2000Eq,6300.0,2026-05-09T22:53:00Z,-0.00031418221624335274,-0.0016469252841488924,0.002170590050809551,0.0027427239243580284,0.0024018641520129336,0.001165714635931181,0.0011905534336165147,0.0029232275818767595
gmat_d03_critical_700km_i63p4_may_24h_g20,numerical_gravity_2x0,EarthMJ2000Eq,6360.0,2026-05-09T22:54:00Z,-0.0003442819433985278,-0.002606541329441825,0.003627744717960013,0.004480303505045768,0.003940152537573738,0.002031532275736936,0.0017684387287886238,0.004772766592259586
gmat_d03_critical_700km_i63p4_may_24h_g20,numerical_gravity_2x0,EarthMJ2000Eq,6420.0,2026-05-09T22:55:00Z,-5.297897587297484e-05,-0.0003493005351629108,0.0004759294824907556,0.0005927280219911689,0.0005201623853867687,0.000263235655495464,0.00023931434611768054,0.0006301851107040795
gmat_d03_critical_700km_i63p4_may_24h_g20,numerical_gravity_2x0,EarthMJ2000Eq,6480.0,2026-05-09T22:56:00Z,0.00016023932403186336,-0.0016960807442956138,0.002840984961949289,0.003312636727164413,0.002911229007862559,0.001789828729670262,0.0008551426233793791,0.003522784427706817
gmat_d03_critical_700km_i63p4_may_24h_g20,numerical_gravity_2x0,EarthMJ2000Eq,6540.0,2026-05-09T22:57:00Z,8.482857083436102e-06,-0.0004320841071603354,0.0006816344466642477,0.0008070899289447969,0.0007104326016360574,0.00041524028659978285,0.00024087309924425426,0.0008574140347710546
gmat_d03_critical_700km_i63p4_may_24h_g20,numerical_gravity_2x0,EarthMJ2000Eq,6600.0,2026-05-09T22:58:00Z,0.00044024636736139655,-0.0014737665878783446,0.0028450065201468533,0.0032341717516544462,0.002802727605555333,0.00192054017134069,0.0005150724291524966,0.0034364307337626217
gmat_d03_critical_700km_i63p4_may_24h_g20,numerical_gravity_2x0,EarthMJ2000Eq,6660.0,2026-05-09T22:59:00Z,0.0006691861926810816,-0.001525445441075135,0.0032120301511895377,0.0036182774418668617,0.0030939784068095832,0.0022470065808022355,0.00037067238167765026,0.003841762482313437
gmat_d03_critical_700km_i63p4_may_24h_g20,numerical_gravity_2x0,EarthMJ2000Eq,6720.0,2026-05-09T23:00:00Z,-2.4669134290888906e-05,2.597516868263483e-05,-7.379691169262514e-05,8.203206537764582e-05,-6.663958274089055e-05,-5.646283440796651e-05,3.028688411177427e-06,8.73959873835947e-05
gmat_d03_critical_700km_i63p4_may_24h_g20,numerical_gravity_2x0,EarthMJ2000Eq,6780.0,2026-05-09T23:01:00Z,0.0009450723155168816,-0.001119065927923657,0.002924009905314051,0.0032703675877446504,0.00267974575862695,0.0021981159115114224,-7.251088618431822e-05,0.0034666999754714937
gmat_d03_critical_700km_i63p4_may_24h_g20,numerical_gravity_2x0,EarthMJ2000Eq,6840.0,2026-05-09T23:02:00Z,0.0011696665751514956,-0.0010674593795556575,0.003124600880255457,0.0035029587615216305,0.002798589804342555,0.002421196576563034,-0.0002717133185115017,0.003710542532135589
gmat_d03_critical_700km_i63p4_may_24h_g20,numerical_gravity_2x0,EarthMJ2000Eq,6900.0,2026-05-09T23:03:00Z,0.0013081598808639683,-0.0008947245078161359,0.003028667947546637,0.0034182808186697033,0.002641970642258684,0.0024255657482541437,-0.00047491877097627366,0.0036178620638003963
gmat_d03_critical_700km_i63p4_may_24h_g20,numerical_gravity_2x0,EarthMJ2000Eq,6960.0,2026-05-09T23:04:00Z,0.0015224713934003375,-0.0007711805665167049,0.0031042538921610685,0.0035424611270827707,0.0026345028381058455,0.002567960288857307,-0.0007065601437261648,0.0037462317715056285
gmat_d03_critical_700km_i63p4_may_24h_g20,numerical_gravity_2x0,EarthMJ2000Eq,7020.0,2026-05-09T23:05:00Z,-3.925924829673022e-05,4.247340257279575e-06,-5.854712981090415e-05,7.061936621904989e-05,-4.494626892892484e-05,-5.3867577065602745e-05,2.7001512137303507e-05,7.517289809000871e-05
gmat_d03_critical_700km_i63p4_may_24h_g20,numerical_gravity_2x0,EarthMJ2000Eq,7080.0,2026-05-09T23:06:00Z,0.0016748126654420048,-0.0004181429176242091,0.0027445134946901817,0.0032422515766702548,0.0021972419439464375,0.002418228728373606,-0.001020961093445294,0.003423165771226681
gmat_d03_critical_700km_i63p4_may_24h_g20,numerical_gravity_2x0,EarthMJ2000Eq,7140.0,2026-05-09T23:07:00Z,0.001989376869460102,-0.00030829960451228544,0.002966824013128644,0.003585347082189123,0.0023039090635279535,0.002694668488345542,-0.0013187193559360821,0.00378262553986106
gmat_d03_critical_700km_i63p4_may_24h_g20,numerical_gravity_2x0,EarthMJ2000Eq,7200.0,2026-05-09T23:08:00Z,-5.3903477237327024e-05,-3.3614924177527428e-06,-6.508662409032695e-05,8.457631539045178e-05,-4.590638980062067e-05,-6.424460963216916e-05,4.2570391656227e-05,8.970509872399057e-05
gmat_d03_critical_700km_i63p4_may_24h_g20,numerical_gravity_2x0,EarthMJ2000Eq,7260.0,2026-05-09T23:09:00Z,0.0020433949430298526,2.003616828005761e-05,0.0025224594537576195,0.0032463311656530836,0.0018198633711108414,0.002449752650734993,-0.0015430492439350019,0.0034196771351258323
gmat_d03_critical_700km_i63p4_may_24h_g20,numerical_gravity_2x0,EarthMJ2000Eq,7320.0,2026-05-09T23:10:00Z,0.002347400823055068,0.00017568800103617832,0.0026601032914186362,0.0035520847989320248,0.0018437749105260082,0.002670566545681652,-0.0018576979954332273,0.00373931456791694
gmat_d03_critical_700km_i63p4_may_24h_g20,numerical_gravity_2x0,EarthMJ2000Eq,7380.0,2026-05-09T23:11:00Z,0.0006081850187911186,8.773622539592907e-05,0.0006212421794771217,0.0008738011832734966,0.0004078177795463489,0.0006505868066497555,-0.0005040696748892515,0.000918512259822261
gmat_d03_critical_700km_i63p4_may_24h_g20,numerical_gravity_2x0,EarthMJ2000Eq,7440.0,2026-05-09T23:12:00Z,0.0008420256563113071,0.0001561093085911125,0.000807195647212211,0.0011768356448517451,0.0005098907962519661,0.0008682967678197429,-0.0007158309500709947,0.0012354520833234364
gmat_d03_critical_700km_i63p4_may_24h_g20,numerical_gravity_2x0,EarthMJ2000Eq,7500.0,2026-05-09T23:13:00Z,0.0007986063792486675,0.0001973885446204804,0.0006885138645884581,0.0010727468146093893,0.0004044133916636383,0.0007770419863106781,-0.000705395741817938,0.0011246899983646207
gmat_d03_critical_700km_i63p4_may_24h_g20,numerical_gravity_2x0,EarthMJ2000Eq,7560.0,2026-05-09T23:14:00Z,0.0008249749043898191,0.00024233759177150205,0.0006514392225653864,0.0010787419348274162,0.00035652281127340757,0.0007669942458932155,-0.0007495346565633554,0.001130128704874424
gmat_d03_critical_700km_i63p4_may_24h_g20,numerical_gravity_2x0,EarthMJ2000Eq,7620.0,2026-05-09T23:15:00Z,0.0009043453701451654,0.00031557010515825823,0.0006365535227814689,0.0011500545322453578,0.0003113429514201016,0.0007948093294629643,-0.0008493756809002662,0.0012041990495367191
gmat_d03_critical_700km_i63p4_may_24h_g20,numerical_gravity_2x0,EarthMJ2000Eq,7680.0,2026-05-09T23:16:00Z,0.0006065477009542519,0.0002152846718672663,0.0004204730430501513,0.0007687946301878932,0.00020299673053614242,0.0005293672167283603,-0.0005705693695290392,0.0008043548521640553
gmat_d03_critical_700km_i63p4_may_24h_g20,numerical_gravity_2x0,EarthMJ2000Eq,7740.0,2026-05-09T23:17:00Z,0.0019452022570476402,0.0008693259587744251,0.00107509913505055,0.0023864990244307134,0.0003666489334364087,0.0015359837846062874,-0.0019367143444526391,0.0024989077772042977
gmat_d03_critical_700km_i63p4_may_24h_g20,numerical_gravity_2x0,EarthMJ2000Eq,7800.0,2026-05-09T23:18:00Z,0.003204463951078651,0.0014868510334054008,0.001687364601821173,0.003914909259329063,0.0005170512906715885,0.002480942118410212,-0.003223206590519112,0.004100180064003622
gmat_d03_critical_700km_i63p4_may_24h_g20,numerical_gravity_2x0,EarthMJ2000Eq,7860.0,2026-05-09T23:19:00Z,0.000562398383863183,0.00030649516702396795,0.00022318727133097127,0.0006782652782393735,1.857269893434932e-05,0.00039332803680736106,-0.0005886833243096135,0.0007082372102654987
gmat_d03_critical_700km_i63p4_may_24h_g20,numerical_gravity_2x0,EarthMJ2000Eq,7920.0,2026-05-09T23:20:00Z,0.0009610674283067056,0.0005271645022730809,0.00037782501749461517,0.0011594415716428732,2.6337154679367814e-05,0.0006697873367045304,-0.0010103233805125456,0.0012124611562176542
gmat_d03_critical_700km_i63p4_may_24h_g20,numerical_gravity_2x0,EarthMJ2000Eq,7980.0,2026-05-09T23:21:00Z,0.0008909423172553943,0.0005314632289810106,0.0002834813130903058,0.0010754501528693636,-4.331024427983721e-05,0.0005822542448186141,-0.0009607419304558107,0.0011242423403362957
gmat_d03_critical_700km_i63p4_may_24h_g20,numerical_gravity_2x0,EarthMJ2000Eq,8040.0,2026-05-09T23:22:00Z,0.0008916255183066824,0.0005675160537066404,0.00022820768208475783,0.0010812720667218384,-9.993872396307779e-05,0.0005505893518886751,-0.0009820610991084777,0.0011303010153683446
gmat_d03_critical_700km_i63p4_may_24h_g20,numerical_gravity_2x0,EarthMJ2000Eq,8100.0,2026-05-09T23:23:00Z,0.0008962075526142144,0.0006091963768994901,0.00016903140931390226,0.0010967587794610397,-0.00016206058717216365,0.0005185141205288346,-0.0010096421476646356,0.0011465155007426787
gmat_d03_critical_700km_i63p4_may_24h_g20,numerical_gravity_2x0,EarthMJ2000Eq,8160.0,2026-05-09T23:24:00Z,0.0008303993581648683,0.0005961951501376461,0.00010711846698541194,0.0010278551050890298,-0.0002006927957154403,0.0004519540297565072,-0.0009539773415667696,0.0010745291115125855
gmat_d03_critical_700km_i63p4_may_24h_g20,numerical_gravity_2x0,EarthMJ2000Eq,8220.0,2026-05-09T23:25:00Z,0.0010130065675184596,0.0007778080544085242,5.233232514001429e-05,0.0012782434617837344,-0.0003256044323052265,0.0005053646390251743,-0.001193645460251247,0.0013364883648922144
gmat_d03_critical_700km_i63p4_may_24h_g20,numerical_gravity_2x0,EarthMJ2000Eq,8280.0,2026-05-09T23:26:00Z,0.0012935383892909158,0.0010460039447934832,-1.5043042367324233e-05,0.0016636081600594926,-0.0004984954671272135,0.0005985727469237645,-0.0015554740967482772,0.00173962258256241
gmat_d03_critical_700km_i63p4_may_24h_g20,numerical_gravity_2x0,EarthMJ2000Eq,8340.0,2026-05-09T23:27:00Z,0.0011903357517439872,0.001023490767693147,-0.00010889289114857092,0.001573623276129241,-0.0005551425985572678,0.0004968727651544214,-0.0014674328419062022,0.0016457293200857878
gmat_d03_critical_700km_i63p4_may_24h_g20,numerical_gravity_2x0,EarthMJ2000Eq,8400.0,2026-05-09T23:28:00Z,0.0011702472875185777,0.001063596300809877,-0.00019645904103526846,0.0015935218730364325,-0.000636873664916493,0.000437586855639438,-0.0014770338285785556,0.0016669490850226955
gmat_d03_critical_700km_i63p4_may_24h_g20,numerical_gravity_2x0,EarthMJ2000Eq,8460.0,2026-05-09T23:29:00Z,0.001128162239183439,0.001086448492060299,-0.000284609996015206,0.0015918929655134681,-0.0007112124222885541,0.00036764546962331224,-0.0014607450804504651,0.0016657618350209415
gmat_d03_critical_700km_i63p4_may_24h_g20,numerical_gravity_2x0,EarthMJ2000Eq,8520.0,2026-05-09T23:30:00Z,0.001083298229787033,0.0011063891633966705,-0.00037168774724705145,0.0015924144614373771,-0.0007837801518917331,0.00029684077418323795,-0.00144088629916439,0.001666907045649752
gmat_d03_critical_700km_i63p4_may_24h_g20,numerical_gravity_2x0,EarthMJ2000Eq,8580.0,2026-05-09T23:31:00Z,0.0010341632332711015,0.001122043045143073,-0.00045740762288914993,0.0015930147273897947,-0.0008535847584312251,0.0002247695363166713,-0.0014155876471022566,0.001668237594262462
gmat_d03_critical_700km_i63p4_may_24h_g20,numerical_gravity_2x0,EarthMJ2000Eq,8640.0,2026-05-09T23:32:00Z,0.0009809300536289811,0.0011333397651469568,-0.0005414494808064774,0.0015936907898464869,-0.0009203731110574154,0.00015166268241273428,-0.0013849072999505552,0.0016697474246874788
gmat_d03_critical_700km_i63p4_may_24h_g20,numerical_gravity_2x0,EarthMJ2000Eq,8700.0,2026-05-09T23:33:00Z,0.0009237855920218863,0.001140226174811687,-0.0006234922693693079,0.0015944397635897722,-0.0009838991843480471,7.776801425052327e-05,-0.0013489152017598371,0.0016714298341659467
gmat_d03_critical_700km_i63p4_may_24h_g20,numerical_gravity_2x0,EarthMJ2000Eq,8760.0,2026-05-09T23:34:00Z,0.0008629322110209614,0.0011426609374254326,-0.0007032149369479157,0.0015952546086070883,-0.001043917841059283,3.3368863228133705e-06,-0.0013076975058368134,0.0016732747414767333
gmat_d03_critical_700km_i63p4_may_24h_g20,numerical_gravity_2x0,EarthMJ2000Eq,8820.0,2026-05-09T23:35:00Z,0.0007992230166564696,0.0011419262477829761,-0.000781557901063934,0.0015979942861113854,-0.0011017160517212687,-7.188738493368874e-05,-0.0012624821188467195,0.0016771425565945814
gmat_d03_critical_700km_i63p4_may_24h_g20,numerical_gravity_2x0,EarthMJ2000Eq,8880.0,2026-05-09T23:36:00Z,0.0007239095793920569,0.0011203610483789816,-0.0008419028745265678,0.001577356778917355,-0.001136845284577248,-0.00014243450863204998,-0.0011962262291831394,0.0016564003084099236
gmat_d03_critical_700km_i63p4_may_24h_g20,numerical_gravity_2x0,EarthMJ2000Eq,8940.0,2026-05-09T23:37:00Z,0.0006922091415617615,0.0011857258641612134,-0.0009833429430727847,0.0016888050995581382,-0.0012719576503172902,-0.00023949731087213877,-0.0012136434079934588,0.0017743070613289137
gmat_d03_critical_700km_i63p4_may_24h_g20,numerical_gravity_2x0,EarthMJ2000Eq,9000.0,2026-05-09T23:38:00Z,0.0004443872967385687,0.0008280840120278299,-0.0007349945008172654,0.001193071714822852,-0.0009247456134175991,-0.000213515427560651,-0.0008198242085200036,0.0012541351682402299
gmat_d03_critical_700km_i63p4_may_24h_g20,numerical_gravity_2x0,EarthMJ2000Eq,9060.0,2026-05-09T23:39:00Z,0.00041044313547899947,0.0008838821941026254,-0.0008643082765047438,0.0013025897655624752,-0.0010466569833056383,-0.0003048157282137254,-0.000829798452173236,0.0013700251603886774
gmat_d03_critical_700km_i63p4_may_24h_g20,numerical_gravity_2x0,EarthMJ2000Eq,9120.0,2026-05-09T23:40:00Z,0.00041669864003779367,0.0010145856776944129,-0.0010602261681924574,0.0015254839827779374,-0.0012527334725120909,-0.0004155777943992689,-0.0009146097212919813,0.0016057885908897715
gmat_d03_critical_700km_i63p4_may_24h_g20,numerical_gravity_2x0,EarthMJ2000Eq,9180.0,2026-05-09T23:41:00Z,0.00032176831155084074,0.0009466402843827382,-0.0010727030712587293,0.0014664087265910623,-0.0012321625941780212,-0.00046833026345893813,-0.0008064322543077651,0.0015452801930235607
gmat_d03_critical_700km_i63p4_may_24h_g20,numerical_gravity_2x0,EarthMJ2000Eq,9240.0,2026-05-09T23:42:00Z,0.0002508359102648683,0.0009247851266991347,-0.0011270817594777327,0.0014793442726389828,-0.0012638288193755898,-0.0005342553066611799,-0.0007430687176679385,0.0015603983903338928
gmat_d03_critical_700km_i63p4_may_24h_g20,numerical_gravity_2x0,EarthMJ2000Eq,9300.0,2026-05-09T23:43:00Z,0.00017414913600077853,0.0008902011359168682,-0.0011687870937748812,0.0014794760067443585,-0.001280304973150237,-0.0005957856430427455,-0.0006675664465660702,0.0015619815355214467
gmat_d03_critical_700km_i63p4_may_24h_g20,numerical_gravity_2x0,EarthMJ2000Eq,9360.0,2026-05-09T23:44:00Z,9.693940228316933e-05,0.0008526544661435764,-0.001206517936225282,0.0014805750290961006,-0.0012924520342849632,-0.0006554374820666453,-0.0005895950394574356,0.001564497639620469
gmat_d03_critical_700km_i63p4_may_24h_g20,numerical_gravity_2x0,EarthMJ2000Eq,9420.0,2026-05-09T23:45:00Z,1.915759639814496e-05,0.0008115966920740902,-0.0012394843906804454,0.0014816807209469369,-0.0012994634118745907,-0.0007127551882035732,-0.000508854292036176,0.0015670219550585438
gmat_d03_critical_700km_i63p4_may_24h_g20,numerical_gravity_2x0,EarthMJ2000Eq,9480.0,2026-05-09T23:46:00Z,-5.8890691434498876e-05,0.0007671774255868513,-0.0012675311609200435,0.0014827894522726466,-0.0013012481092644634,-0.0007674807456226063,-0.0004256390795376319,0.001569535588253868
gmat_d03_critical_700km_i63p4_may_24h_g20,numerical_gravity_2x0,EarthMJ2000Eq,9540.0,2026-05-09T23:47:00Z,-0.00013688804756384343,0.0007195562830020208,-0.0012905184121336788,0.0014838926356140316,-0.0012977389163282282,-0.0008193512535115133,-0.000340270034371315,0.0015720198687913293
gmat_d03_critical_700km_i63p4_may_24h_g20,numerical_gravity_2x0,EarthMJ2000Eq,9600.0,2026-05-09T23:48:00Z,-0.0002124024831573479,0.0006666805347776972,-0.0013022040548094083,0.001478280470906975,-0.0012832703788490107,-0.0008635199222339907,-0.0002532427600954179,0.001567348530757287
gmat_d03_critical_700km_i63p4_may_24h_g20,numerical_gravity_2x0,EarthMJ2000Eq,9660.0,2026-05-09T23:49:00Z,-0.0003127697709714994,0.0006380341801559553,-0.0013827286693413043,0.0015546225000620635,-0.0013314893632099256,-0.0009600289452293964,-0.00016283774328940126,0.0016495561920283363
gmat_d03_critical_700km_i63p4_may_24h_g20,numerical_gravity_2x0,EarthMJ2000Eq,9720.0,2026-05-09T23:50:00Z,-0.0002495962689863518,0.00043370891944505274,-0.000984888117727678,0.0011047200227837237,-0.0009397560507551361,-0.0006976210720210929,-8.313350008393172e-05,0.001173340433929963
gmat_d03_critical_700km_i63p4_may_24h_g20,numerical_gravity_2x0,EarthMJ2000Eq,9780.0,2026-05-09T23:51:00Z,-0.0013770504665444605,0.0015028008419903927,-0.004060990377752205,0.004543822312359204,-0.0037396121754795786,-0.0030421429819682544,7.911982180530686e-05,0.004821368383761638
gmat_d03_critical_700km_i63p4_may_24h_g20,numerical_gravity_2x0,EarthMJ2000Eq,9840.0,2026-05-09T23:52:00Z,-0.0009265258995583281,0.0008234210326918401,-0.0024381253069805098,0.002735128416029213,-0.002210431837568194,-0.001876299116077007,0.000169502634150831,0.0029043481927121845
gmat_d03_critical_700km_i63p4_may_24h_g20,numerical_gravity_2x0,EarthMJ2000Eq,9900.0,2026-05-09T23:53:00Z,0.00015782370610395446,-9.932864486472681e-05,0.00035596497127698967,0.000401852662894348,0.0003129088099740329,0.0002847644342551803,-5.243272482857719e-05,0.00042632369979745164
gmat_d03_critical_700km_i63p4_may_24h_g20,numerical_gravity_2x0,EarthMJ2000Eq,9960.0,2026-05-09T23:54:00Z,-0.0013386070349952206,0.0006381014827638865,-0.002663251507328823,0.003048270146777253,-0.0022965020995968644,-0.0022098525231939448,0.0005830766980352564,0.003239961188580991
gmat_d03_critical_700km_i63p4_may_24h_g20,numerical_gravity_2x0,EarthMJ2000Eq,10020.0,2026-05-09T23:55:00Z,-0.00156347596202977,0.0005465726644615643,-0.00280107497019344,0.003254108134347368,-0.002359142659003055,-0.002401372434235327,0.0008040199617198596,0.0034610102213482857
gmat_d03_critical_700km_i63p4_may_24h_g20,numerical_gravity_2x0,EarthMJ2000Eq,10080.0,2026-05-09T23:56:00Z,-0.001665194758970756,0.00038793132262071595,-0.002680363650142681,0.00317926305822279,-0.0021961930052327716,-0.002381669639284212,0.0009769314246454996,0.0033837861923267883
gmat_d03_critical_700km_i63p4_may_24h_g20,numerical_gravity_2x0,EarthMJ2000Eq,10140.0,2026-05-09T23:57:00Z,-0.0018622786228661425,0.0002491487975930795,-0.0027097080419480335,0.0032973738740282605,-0.002154916245444838,-0.0024961986921923085,0.001207497213329134,0.003511797467961712
gmat_d03_critical_700km_i63p4_may_24h_g20,numerical_gravity_2x0,EarthMJ2000Eq,10200.0,2026-05-09T23:58:00Z,0.00020820789359277114,-2.3101165425032377e-06,0.0002676092663023155,0.00033907312338733405,0.00020330315209093897,0.0002581692915004652,-0.00014939427472882016,0.0003609739658835715
gmat_d03_critical_700km_i63p4_may_24h_g20,numerical_gravity_2x0,EarthMJ2000Eq,10260.0,2026-05-09T23:59:00Z,-0.0019475833141768817,-5.144647730048746e-05,-0.0023468228391720913,0.003050131955202363,-0.0017431061039019369,-0.0023269790538904545,0.0014577103968349547,0.0032524098769598254
gmat_d03_critical_700km_i63p4_may_24h_g20,numerical_gravity_2x0,EarthMJ2000Eq,10320.0,2026-05-10T00:00:00Z,-0.002180039246013621,-0.0001923453964991495,-0.002416982169961557,0.0032605782731942087,-0.0017304628840975056,-0.002482144267901276,0.0017159420551138282,0.0034785052963050792
gmat_d03_critical_700km_i63p4_may_24h_g20,numerical_gravity_2x0,EarthMJ2000Eq,10380.0,2026-05-10T00:01:00Z,-0.002242785285488935,-0.00034039385354844853,-0.0022641120267508086,0.0032050206055526226,-0.0015461685265449887,-0.002423532485806845,0.0018546204572089664,0.0034210764186930116
gmat_d03_critical_700km_i63p4_may_24h_g20,numerical_gravity_2x0,EarthMJ2000Eq,10440.0,2026-05-10T00:02:00Z,-0.002338285412406549,-0.00048525726015213877,-0.0021570940589299425,0.0032180907472404317,-0.0013975229862239757,-0.0024075144100521584,0.002015277722478004,0.0034366466839565136
gmat_d03_critical_700km_i63p4_may_24h_g20,numerical_gravity_2x0,EarthMJ2000Eq,10500.0,2026-05-10T00:03:00Z,-0.0024174555619538296,-0.0006290065357461572,-0.0020314273569965735,0.0032196952841514323,-0.0012350529488003303,-0.0023723394360075645,0.002163267787125278,0.003439924084161012
gmat_d03_critical_700km_i63p4_may_24h_g20,numerical_gravity_2x0,EarthMJ2000Eq,10560.0,2026-05-10T00:04:00Z,-0.0024779051273071673,-0.0007665767043363303,-0.0018920336515293457,0.0032105209860839984,-0.0010648353310216407,-0.002319715530774147,0.002293645273709899,0.0034315831721697357
gmat_d03_critical_700km_i63p4_may_24h_g20,numerical_gravity_2x0,EarthMJ2000Eq,10620.0,2026-05-10T00:05:00Z,-0.0025821361759881256,-0.0009221894288202748,-0.001779102603904903,0.0032684960837051115,-0.0009057909977627787,-0.002303691015725917,0.0024672628384792006,0.0034949728957038907
gmat_d03_critical_700km_i63p4_may_24h_g20,numerical_gravity_2x0,EarthMJ2000Eq,10680.0,2026-05-10T00:06:00Z,-0.0012348152722552186,-0.0005004594640922733,-0.000756092049414292,0.0015319607106521233,-0.0003319868824291916,-0.0010452709808816962,0.0012169478758039531,0.0016382212445216887
gmat_d03_critical_700km_i63p4_may_24h_g20,numerical_gravity_2x0,EarthMJ2000Eq,10740.0,2026-05-10T00:07:00Z,-0.0013972419310448458,-0.0006205682439031079,-0.0007713115337537602,0.0017123993229712791,-0.00028622704206782146,-0.0011326508619902143,0.001410494832043696,0.0018314801571406784
gmat_d03_critical_700km_i63p4_may_24h_g20,numerical_gravity_2x0,EarthMJ2000Eq,10800.0,2026-05-10T00:08:00Z,-0.0013827642533215112,-0.0006757381925126538,-0.0006671543815173209,0.0016774248280807768,-0.00018107559895952363,-0.0010636842517897094,0.0014338539244818094,0.0017944775386713177
gmat_d03_critical_700km_i63p4_may_24h_g20,numerical_gravity_2x0,EarthMJ2000Eq,10860.0,2026-05-10T00:09:00Z,-0.0013937691960563825,-0.0007394255590043031,-0.0005815099939354695,0.0016815161617514446,-8.58548787618929e-05,-0.0010179506126917204,0.0014811245563350894,0.001799256641356503
gmat_d03_critical_700km_i63p4_may_24h_g20,numerical_gravity_2x0,EarthMJ2000Eq,10920.0,2026-05-10T00:10:00Z,-0.0013960234710452823,-0.0007989456207724288,-0.0004914654709864408,0.0016818840464885457,1.0756728840988217e-05,-0.0009653322585734259,0.0015193508673405631,0.0018001136449531045
gmat_d03_critical_700km_i63p4_may_24h_g20,numerical_gravity_2x0,EarthMJ2000Eq,10980.0,2026-05-10T00:11:00Z,-0.0013924759514338803,-0.0008551824066671543,-0.00039931637729750946,0.0016821949331669987,0.00010747580603265305,-0.0009085479035775279,0.0015511902873299732,0.0018008891274824042
gmat_d03_critical_700km_i63p4_may_24h_g20,numerical_gravity_2x0,EarthMJ2000Eq,11040.0,2026-05-10T00:12:00Z,-0.0013831324849888915,-0.0009078917173610535,-0.0003054519766010344,0.0016824457648001103,0.00020388934984794105,-0.0008478222568442106,0.0015764825000985638,0.0018015744556633916
gmat_d03_critical_700km_i63p4_may_24h_g20,numerical_gravity_2x0,EarthMJ2000Eq,11100.0,2026-05-10T00:13:00Z,-0.0013680228221346624,-0.0009568470886733849,-0.00021027153707109392,0.0016826339210553967,0.00029957103464539614,-0.0007834053405986197,0.0015950930576380529,0.001802162199970376
gmat_d03_critical_700km_i63p4_may_24h_g20,numerical_gravity_2x0,EarthMJ2000Eq,11160.0,2026-05-10T00:14:00Z,-0.0013472053979057819,-0.0010018325156124774,-0.00011417250789236277,0.0016827555185003353,0.00039410785745985777,-0.0007155671610803438,0.0016069066077761818,0.0018026386802248915
gmat_d03_critical_700km_i63p4_may_24h_g20,numerical_gravity_2x0,EarthMJ2000Eq,11220.0,2026-05-10T00:15:00Z,-0.0013207609299570322,-0.0010426533663121518,-1.7575075617060065e-05,0.0016828084738513683,0.0004870646108656729,-0.0006445901590268477,0.0016118490153704812,0.0018029935265060648
gmat_d03_critical_700km_i63p4_may_24h_g20,numerical_gravity_2x0,EarthMJ2000Eq,11280.0,2026-05-10T00:16:00Z,-0.0012883410818176344,-0.001078596142178867,7.88522811490111e-05,0.001682085034492778,0.0005775850908662505,-0.0005706910499725382,0.0016092061017047854,0.0018024530755261412
gmat_d03_critical_700km_i63p4_may_24h_g20,numerical_gravity_2x0,EarthMJ2000Eq,11340.0,2026-05-10T00:17:00Z,-0.0012572154446388595,-0.0011169577192049474,0.0001774324118741788,0.0016910551385195846,0.0006708500421837016,-0.000495961494095809,0.0016087010612508834,0.0018121635376514285
gmat_d03_critical_700km_i63p4_may_24h_g20,numerical_gravity_2x0,EarthMJ2000Eq,11400.0,2026-05-10T00:18:00Z,-0.0011791912584158126,-0.0011065296803280944,0.0002582874003564939,0.0016375629265937166,0.0007272475954778201,-0.00040943159973494403,0.0015436965039583583,0.001754856745242484
gmat_d03_critical_700km_i63p4_may_24h_g20,numerical_gravity_2x0,EarthMJ2000Eq,11460.0,2026-05-10T00:19:00Z,-0.0012639688975468744,-0.0012706545930996072,0.00040874328988138586,0.001838274067149414,0.0009196847727821478,-0.00035854874624874356,0.0017043397804172855,0.0019695561357414362
gmat_d03_critical_700km_i63p4_may_24h_g20,numerical_gravity_2x0,EarthMJ2000Eq,11520.0,2026-05-10T00:20:00Z,-0.0010120934348378796,-0.0010517326245462755,0.000380713572667446,0.0015084486927934091,0.0007938938395568584,-0.00025482105314722503,0.0013850018909522532,0.001616611095951871
gmat_d03_critical_700km_i63p4_may_24h_g20,numerical_gravity_2x0,EarthMJ2000Eq,11580.0,2026-05-10T00:21:00Z,-0.0018698401618166827,-0.002172665062971646,0.0010618687156238593,0.00305685146446812,0.00184557613636116,-0.0002517968056281461,0.0026933690833175206,0.00327471982395456
gmat_d03_critical_700km_i63p4_may_24h_g20,numerical_gravity_2x0,EarthMJ2000Eq,11640.0,2026-05-10T00:22:00Z,-0.0020377319742692634,-0.002408468219528004,0.0012205864550196566,0.0033827358835139872,0.002078740735100837,-0.0002354818562366745,0.0029588731464968987,0.00362374737605213
gmat_d03_critical_700km_i63p4_may_24h_g20,numerical_gravity_2x0,EarthMJ2000Eq,11700.0,2026-05-10T00:23:00Z,-0.0003563127393135801,-0.000501552680276518,0.0003385403033462353,0.000702227453379222,0.0004993134794517573,3.4757086098125e-05,0.0005639217981467937,0.0007540091512848938
gmat_d03_critical_700km_i63p4_may_24h_g20,numerical_gravity_2x0,EarthMJ2000Eq,11760.0,2026-05-10T00:24:00Z,-0.0006350601324811578,-0.0008810148415250296,0.0005834117473568767,0.0012328251253962837,0.0008658140870920761,5.03410646501834e-05,0.0009970935188619023,0.0013215005643410107
gmat_d03_critical_700km_i63p4_may_24h_g20,numerical_gravity_2x0,EarthMJ2000Eq,11820.0,2026-05-10T00:25:00Z,-0.0005273095666780137,-0.0008083561624516733,0.0006040399966877885,0.0011385777892100014,0.0008460214750982686,0.00011475354000367588,0.0008715677068948935,0.0012200618750591499
gmat_d03_critical_700km_i63p4_may_24h_g20,numerical_gravity_2x0,EarthMJ2000Eq,11880.0,2026-05-10T00:26:00Z,-0.00047831326810410246,-0.0008002836011655745,0.0006522714102175087,0.0011378468338603858,0.0008777747417809678,0.00016766321664363204,0.0008284253283363796,0.0012185597958874125
gmat_d03_critical_700km_i63p4_may_24h_g20,numerical_gravity_2x0,EarthMJ2000Eq,11940.0,2026-05-10T00:27:00Z,-0.0004484345481614582,-0.0008510171483067097,0.0007685539458179846,0.0012312590703541027,0.0009882872298305756,0.000252395437883024,0.0008337988077755654,0.0013174352194921428
gmat_d03_critical_700km_i63p4_may_24h_g20,numerical_gravity_2x0,EarthMJ2000Eq,12000.0,2026-05-10T00:28:00Z,-0.0002609403964015655,-0.0004941077804687666,0.0004444200385478325,0.0007139618756326095,0.0005737650354831203,0.00014599166320294898,0.0004828972777204399,0.0007640089413727572
gmat_d03_critical_700km_i63p4_may_24h_g20,numerical_gravity_2x0,EarthMJ2000Eq,12060.0,2026-05-10T00:29:00Z,-0.0008704928404767998,-0.0022043475382815814,0.002356348886678461,0.003342048164015632,0.002822014621983726,0.001010316275085188,0.0019369226222920588,0.0035687777665664062
gmat_d03_critical_700km_i63p4_may_24h_g20,numerical_gravity_2x0,EarthMJ2000Eq,12120.0,2026-05-10T00:30:00Z,-0.0007906128303147852,-0.002126844719896326,0.0023345983208855614,0.0032555930995581926,0.0027670530311496577,0.001034845986680466,0.0018300125859127547,0.0034751165099809623
gmat_d03_critical_700km_i63p4_may_24h_g20,numerical_gravity_2x0,EarthMJ2000Eq,12180.0,2026-05-10T00:31:00Z,-8.781989890849218e-05,-0.0004335247467679437,0.000564858055440709,0.0007174403553611733,0.0006301958954679776,0.0003000515391704539,0.00031251090604200726,0.0007647488863793401
gmat_d03_critical_700km_i63p4_may_24h_g20,numerical_gravity_2x0,EarthMJ2000Eq,12240.0,2026-05-10T00:32:00Z,-0.00015757268556626514,-0.0007458520485670306,0.00096564235718688,0.0012302802898452186,0.0010777455594634944,0.0005079394682638849,0.0005460059071538126,0.0013105954543681038
gmat_d03_critical_700km_i63p4_may_24h_g20,numerical_gravity_2x0,EarthMJ2000Eq,12300.0,2026-05-10T00:33:00Z,-7.821290637366474e-05,-0.0006201489668455906,0.0008679371603648178,0.0010695872634550268,0.0009430087821726829,0.0004858256019701912,0.000412606837585372,0.0011382163595761161
gmat_d03_critical_700km_i63p4_may_24h_g20,numerical_gravity_2x0,EarthMJ2000Eq,12360.0,2026-05-10T00:34:00Z,1.3087628758512437e-06,-0.000780079972173553,0.001216739747178508,0.001445331134450018,0.001276566130581358,0.000731880334114976,0.0004439622003360455,0.0015370010880083765
gmat_d03_critical_700km_i63p4_may_24h_g20,numerical_gravity_2x0,EarthMJ2000Eq,12420.0,2026-05-10T00:35:00Z,-2.7802343538496643e-05,4.142520992900245e-05,-0.00010341273082303815,0.00011481816589796518,-9.616923923871923e-05,-7.569767035420227e-05,-5.119460411151522e-06,0.0001224943621058081
gmat_d03_critical_700km_i63p4_may_24h_g20,numerical_gravity_2x0,EarthMJ2000Eq,12480.0,2026-05-10T00:36:00Z,0.0002095366653520614,-0.0009048617357620969,0.0016708434031897923,0.001911647993997876,0.0016684507109232527,0.0011002052602293588,0.0003568993989233604,0.0020301617103985863
gmat_d03_critical_700km_i63p4_may_24h_g20,numerical_gravity_2x0,EarthMJ2000Eq,12540.0,2026-05-10T00:37:00Z,0.0004649145921575837,-0.0015904697647783905,0.003060244921471167,0.003480063020990475,0.003022243122430268,0.0020526003119414327,0.0005559428473134176,0.0036954287953007664
gmat_d03_critical_700km_i63p4_may_24h_g20,numerical_gravity_2x0,EarthMJ2000Eq,12600.0,2026-05-10T00:38:00Z,0.0006054733603377827,-0.0012752307156915776,0.0027426304995969986,0.003084612362298002,0.0026317803492048597,0.001925391845958302,0.00026779556350220446,0.003271867361427574
gmat_d03_critical_700km_i63p4_may_24h_g20,numerical_gravity_2x0,EarthMJ2000Eq,12660.0,2026-05-10T00:39:00Z,0.000769906364439521,-0.0011940992408199236,0.0028205656690261094,0.00315819877465303,0.002646718400001191,0.002046738334371412,9.660894306762202e-05,0.003347176330307528
gmat_d03_critical_700km_i63p4_may_24h_g20,numerical_gravity_2x0,EarthMJ2000Eq,12720.0,2026-05-10T00:40:00Z,0.0009295736163039692,-0.0010673738870536909,0.0028213038945068547,0.0031564457524329626,0.0025829054450809963,0.0021193162780264174,-9.652367793933081e-05,0.003342486925171098
gmat_d03_critical_700km_i63p4_may_24h_g20,numerical_gravity_2x0,EarthMJ2000Eq,12780.0,2026-05-10T00:41:00Z,0.001044190867105499,-0.0009217828846885823,0.002736425699367828,0.0030705119868862335,0.002447642977188025,0.0021197528177197,-0.0002658469000493824,0.003248843290507305
gmat_d03_critical_700km_i63p4_may_24h_g20,numerical_gravity_2x0,EarthMJ2000Eq,12840.0,2026-05-10T00:42:00Z,0.0014087590898270719,-0.0008861597962095402,0.003134774487989489,0.0035491819406925727,0.002718762992515167,0.0025244584200834197,-0.0005609681608120809,0.003752232375752465
gmat_d03_critical_700km_i63p4_may_24h_g20,numerical_gravity_2x0,EarthMJ2000Eq,12900.0,2026-05-10T00:43:00Z,7.558901415904984e-05,-9.385712473886088e-05,0.00023564666662423406,0.0002646737811285735,0.00021556845197778784,0.00017334289559300942,-3.566924533515703e-06,0.00027664099459642023
gmat_d03_critical_700km_i63p4_may_24h_g20,numerical_gravity_2x0,EarthMJ2000Eq,12960.0,2026-05-10T00:44:00Z,0.000932305738388095,-0.0002770966602838598,0.001589090061315801,0.001863111314963359,0.0012907830360120442,0.00137637790054157,-0.0005451035178793973,0.0019640964376425574
gmat_d03_critical_700km_i63p4_may_24h_g20,numerical_gravity_2x0,EarthMJ2000Eq,13020.0,2026-05-10T00:45:00Z,0.0017724432836985216,-0.00045496744860429317,0.0029134907890693285,0.003440491120640964,0.0023426793838154936,0.0025546030846257395,-0.0010768808067496138,0.003629575166225268
gmat_d03_critical_700km_i63p4_may_24h_g20,numerical_gravity_2x0,EarthMJ2000Eq,13080.0,2026-05-10T00:46:00Z,0.0017581041902303696,-0.0002400684024905786,0.002559602307883324,0.003114502714094435,0.0019790995509083587,0.00233485564216096,-0.001186325704338742,0.003282644449054961
gmat_d03_critical_700km_i63p4_may_24h_g20,numerical_gravity_2x0,EarthMJ2000Eq,13140.0,2026-05-10T00:47:00Z,0.001748233444232028,-0.00011754400475183502,0.0023557190615974832,0.0029359068557701564,0.001770816382418161,0.002207945659638,-0.0012472609611791086,0.0030929718074105134
gmat_d03_critical_700km_i63p4_may_24h_g20,numerical_gravity_2x0,EarthMJ2000Eq,13200.0,2026-05-10T00:48:00Z,0.002607875558169326,4.798312147613615e-05,0.00316746263706591,0.004103186184424501,0.002280917676955596,0.0030866698225162637,-0.001986420805621947,0.004321571896808942
gmat_d03_critical_700km_i63p4_may_24h_g20,numerical_gravity_2x0,EarthMJ2000Eq,13260.0,2026-05-10T00:49:00Z,0.001216567397932522,0.000100169017969165,0.0013531562217394821,0.001822389043619799,0.0009356675434446515,0.001365451307577814,-0.0009696625724586738,0.0019183786199936871
gmat_d03_critical_700km_i63p4_may_24h_g20,numerical_gravity_2x0,EarthMJ2000Eq,13320.0,2026-05-10T00:50:00Z,0.0013061321624263655,0.00018483569874661043,0.0013323260645847768,0.0018748968514634826,0.000879358807992503,0.0013935533837994285,-0.0010836016528514847,0.0019721702484205824
gmat_d03_critical_700km_i63p4_may_24h_g20,numerical_gravity_2x0,EarthMJ2000Eq,13380.0,2026-05-10T00:51:00Z,0.0013496942301571835,0.0002673577910172753,0.0012575628716149367,0.0018640330145685818,0.0007851355121601955,0.0013685459432366542,-0.0011616858586194212,0.001959303397976153
gmat_d03_critical_700km_i63p4_may_24h_g20,numerical_gravity_2x0,EarthMJ2000Eq,13440.0,2026-05-10T00:52:00Z,0.0013946423678135034,0.00034885943023255095,0.0011861302482429892,0.0018637690849350437,0.0006940759078588599,0.0013463465897700644,-0.001240204383634591,0.0019576765358051466
gmat_d03_critical_700km_i63p4_may_24h_g20,numerical_gravity_2x0,EarthMJ2000Eq,13500.0,2026-05-10T00:53:00Z,0.0014334841580421198,0.00042883038986474276,0.0011094998626504093,0.0018627297924955594,0.0006002274233196658,0.0013184520142317524,-0.0013132801512938386,0.0019553243795644494
gmat_d03_critical_700km_i63p4_may_24h_g20,numerical_gravity_2x0,EarthMJ2000Eq,13560.0,2026-05-10T00:54:00Z,0.001466631601942936,0.0005069769031251781,0.0010286412361892872,0.0018617563290906584,0.0005044213935434527,0.0012856311570885737,-0.0013810756982479688,0.0019531150756246646
gmat_d03_critical_700km_i63p4_may_24h_g20,numerical_gravity_2x0,EarthMJ2000Eq,13620.0,2026-05-10T00:55:00Z,0.0014939823813620023,0.0005830124791827984,0.0009438790584681556,0.0018608585609115177,0.0004070175307901991,0.0012480438904560742,-0.0014433956252446478,0.0019510683621674235
gmat_d03_critical_700km_i63p4_may_24h_g20,numerical_gravity_2x0,EarthMJ2000Eq,13680.0,2026-05-10T00:56:00Z,0.0015154494121816242,0.0006566515367012471,0.0008555507520213723,0.0018600390455090119,0.000308371106427785,0.0012058523068958493,-0.001500054747083368,0.0019491887465232516
gmat_d03_critical_700km_i63p4_may_24h_g20,numerical_gravity_2x0,EarthMJ2000Eq,13740.0,2026-05-10T00:57:00Z,0.0015309686887121643,0.0007276294127223082,0.0007639873729203828,0.0018592972850131962,0.00020883650364567075,0.0011592411475191966,-0.001550894968005423,0.001947492727878878
gmat_d03_critical_700km_i63p4_may_24h_g20,numerical_gravity_2x0,EarthMJ2000Eq,13800.0,2026-05-10T00:58:00Z,0.001540499226848624,0.0007956768968142569,0.0006695599950035103,0.001858642025499874,0.00010876899381173644,0.0011083978179726728,-0.0015957732912852407,0.0019459878761391935
gmat_d03_critical_700km_i63p4_may_24h_g20,numerical_gravity_2x0,EarthMJ2000Eq,13860.0,2026-05-10T00:59:00Z,0.0015442315088876057,0.0008607116797065828,0.0005726406016037799,0.0018583306506727369,8.44302405766939e-06,0.0010536220784729267,-0.0016348207232397272,0.0019449497592572702
gmat_d03_critical_700km_i63p4_may_24h_g20,numerical_gravity_2x0,EarthMJ2000Eq,13920.0,2026-05-10T01:00:00Z,0.0015391893839478143,0.0009203399713442195,0.0004732619345304556,0.00185475240428124,-9.102407716454763e-05,0.00099354613425362,-0.0016645131939441171,0.0019406245067833232
gmat_d03_critical_700km_i63p4_may_24h_g20,numerical_gravity_2x0,EarthMJ2000Eq,13980.0,2026-05-10T01:01:00Z,0.0015449592183358618,0.0009885957297228742,0.0003738559826160781,0.0018718944411705199,-0.00019447998766963792,0.0009387037813723964,-0.0017073797931033141,0.0019580942297714723
gmat_d03_critical_700km_i63p4_may_24h_g20,numerical_gravity_2x0,EarthMJ2000Eq,14040.0,2026-05-10T01:02:00Z,0.00148056392390572,0.0010059552550956141,0.00026672751118894666,0.0018097400568177283,-0.00027966962079517543,0.0008468070689104934,-0.0016694712279274881,0.0018927312248785387
gmat_d03_critical_700km_i63p4_may_24h_g20,numerical_gravity_2x0,EarthMJ2000Eq,14100.0,2026-05-10T01:03:00Z,0.00145189551403746,0.0010744734026957303,0.00012402051652316004,0.0018104902002776244,-0.0004128448694018516,0.0007523581757595821,-0.0016873665797945137,0.0018930635714183382
gmat_d03_critical_700km_i63p4_may_24h_g20,numerical_gravity_2x0,EarthMJ2000Eq,14160.0,2026-05-10T01:04:00Z,0.0034081529065588256,0.0025934828045137692,0.0001832440830185078,0.004286634774010409,-0.0010803855587937505,0.0017009140762525021,-0.004004269582580378,0.004482690770109223
gmat_d03_critical_700km_i63p4_may_24h_g20,numerical_gravity_2x0,EarthMJ2000Eq,14220.0,2026-05-10T01:05:00Z,0.0003698273758345749,0.0003007185114256572,-1.198895915877074e-05,0.0004768098637533222,-0.00014846701645865323,0.00016933832114318648,-0.0004445565859878542,0.0004983457435645491
gmat_d03_critical_700km_i63p4_may_24h_g20,numerical_gravity_2x0,EarthMJ2000Eq,14280.0,2026-05-10T01:06:00Z,0.001552965841256082,0.0013577355275629088,-0.0001926246113725938,0.002071775303410383,-0.0007730003304118327,0.0006192619750322592,-0.0019270824935802011,0.0021667168346604366
gmat_d03_critical_700km_i63p4_may_24h_g20,numerical_gravity_2x0,EarthMJ2000Eq,14340.0,2026-05-10T01:07:00Z,0.0030640094337286428,0.002767059640973457,-0.0005163547029951587,0.0041606964616500795,-0.0016656187540320389,0.0011404752697785625,-0.0038552754322296323,0.004351794840420801
gmat_d03_critical_700km_i63p4_may_24h_g20,numerical_gravity_2x0,EarthMJ2000Eq,14400.0,2026-05-10T01:08:00Z,0.0005017577677790541,0.0005000467808713438,-0.00015867044567130506,0.000725936602545941,-0.00034803360193791377,0.00014769252487667472,-0.0006588127821061107,0.0007595885411515363
gmat_d03_critical_700km_i63p4_may_24h_g20,numerical_gravity_2x0,EarthMJ2000Eq,14460.0,2026-05-10T01:09:00Z,0.0008087827154668048,0.0008281265309051378,-0.0002894812496379018,0.0011931984017416206,-0.0005963318727708611,0.00021652191151133593,-0.0010758121060661097,0.0012489456065839391
gmat_d03_critical_700km_i63p4_may_24h_g20,numerical_gravity_2x0,EarthMJ2000Eq,14520.0,2026-05-10T01:10:00Z,0.0005508577487489674,0.0005814948735860526,-0.00022428412194130942,0.0008317955967175012,-0.0004341469406199394,0.0001332542964860295,-0.0007432712223476301,0.0008710294963729875
gmat_d03_critical_700km_i63p4_may_24h_g20,numerical_gravity_2x0,EarthMJ2000Eq,14580.0,2026-05-10T01:11:00Z,0.001202925432153279,0.0014270623296397389,-0.0007354556146310642,0.0020060985641514,-0.0012007594918372888,0.0001460778165096599,-0.001718196696032237,0.002101276272166435
gmat_d03_critical_700km_i63p4_may_24h_g20,numerical_gravity_2x0,EarthMJ2000Eq,14640.0,2026-05-10T01:12:00Z,0.0024478358682245016,0.003006571375863132,-0.0016571775631746277,0.004216350240648341,-0.002608594229513983,0.0002013491595675987,-0.003558355832211646,0.0044166957747785686
gmat_d03_critical_700km_i63p4_may_24h_g20,numerical_gravity_2x0,EarthMJ2000Eq,14700.0,2026-05-10T01:13:00Z,0.00027811347536044195,0.00037436454647377104,-0.00023862503439886495,0.0005238681378700511,-0.000349460460569162,-2.871480830890505e-06,-0.0004244458118307648,0.0005498046071869988
gmat_d03_critical_700km_i63p4_may_24h_g20,numerical_gravity_2x0,EarthMJ2000Eq,14760.0,2026-05-10T01:14:00Z,0.0009384748409502208,0.001362209275157511,-0.0009621835488360375,0.0019136735139705533,-0.001338733124356395,-0.00010821921136994206,-0.0014916010648846623,0.00200718497222444
gmat_d03_critical_700km_i63p4_may_24h_g20,numerical_gravity_2x0,EarthMJ2000Eq,14820.0,2026-05-10T01:15:00Z,0.002208279511251021,0.003443753485043999,-0.002638799742271658,0.004868182468373253,-0.003535606474258657,-0.0004743121451156185,-0.0036542848746989876,0.005106787943245509
gmat_d03_critical_700km_i63p4_may_24h_g20,numerical_gravity_2x0,EarthMJ2000Eq,14880.0,2026-05-10T01:16:00Z,0.0012845666788052768,0.0021932253275736002,-0.001831259396567475,0.0031327080724708163,-0.0023647066527132665,-0.00044500136908709464,-0.0022418946699076514,0.003288761998508878
gmat_d03_critical_700km_i63p4_may_24h_g20,numerical_gravity_2x0,EarthMJ2000Eq,14940.0,2026-05-10T01:17:00Z,0.0005622241587843746,0.0010945216217805864,-0.0010106014087796211,0.001592290423475993,-0.0012538965421526882,-0.0003135154358346881,-0.0010644916059732168,0.0016744225410918597
gmat_d03_critical_700km_i63p4_may_24h_g20,numerical_gravity_2x0,EarthMJ2000Eq,15000.0,2026-05-10T01:18:00Z,0.0006138088792795315,0.0013099893294565845,-0.0012832606444135308,0.0019338022817943763,-0.0015561587574097757,-0.00044650594333006666,-0.0012325962472914398,0.002034770538544617
gmat_d03_critical_700km_i63p4_may_24h_g20,numerical_gravity_2x0,EarthMJ2000Eq,15060.0,2026-05-10T01:19:00Z,0.0004910370989819057,0.0012289362985029584,-0.0013088961168250535,0.0018613465295302814,-0.0015396199870565397,-0.0005199991548465732,-0.0010968879138317789,0.0019606100890017276
gmat_d03_critical_700km_i63p4_may_24h_g20,numerical_gravity_2x0,EarthMJ2000Eq,15120.0,2026-05-10T01:20:00Z,0.0004005487426184118,0.0012006330507574603,-0.0013768908502242994,0.001870237266021547,-0.0015787704477077114,-0.0006029798882423165,-0.0010156959717733116,0.00197173506822201
gmat_d03_critical_700km_i63p4_may_24h_g20,numerical_gravity_2x0,EarthMJ2000Eq,15180.0,2026-05-10T01:21:00Z,0.0003049744918826036,0.0011620422810665332,-0.001435113972547697,0.0018716046104578275,-0.0016060033303233467,-0.0006830092047493963,-0.0009242970833156505,0.001974860341646442
gmat_d03_critical_700km_i63p4_may_24h_g20,numerical_gravity_2x0,EarthMJ2000Eq,15240.0,2026-05-10T01:22:00Z,0.0002079541445709765,0.001118717591452878,-0.0014877241483191028,0.0018729914888119953,-0.001626979995172917,-0.0007607194874026391,-0.0008287504016379899,0.001978025599283823
gmat_d03_critical_700km_i63p4_may_24h_g20,numerical_gravity_2x0,EarthMJ2000Eq,15300.0,2026-05-10T01:23:00Z,0.00010986695997416973,0.0010708072295528837,-0.0015344876374001615,0.0018743935502158072,-0.0016415446224549157,-0.0008357838865435951,-0.000729386329112458,0.001981213736478908
gmat_d03_critical_700km_i63p4_may_24h_g20,numerical_gravity_2x0,EarthMJ2000Eq,15360.0,2026-05-10T01:24:00Z,1.1102201824542135e-05,0.0010184830898651853,-0.0015751829778309911,0.001875801822388281,-0.001649560023297969,-0.0009078595653022603,-0.0006265690188911321,0.001984400664232856
gmat_d03_critical_700km_i63p4_may_24h_g20,numerical_gravity_2x0,EarthMJ2000Eq,15420.0,2026-05-10T01:25:00Z,-8.794540917733684e-05,0.0009619325282983482,-0.001609615310371737,0.0018772080415811467,-0.001650918235451826,-0.0009766094599683584,-0.0005206821640513226,0.001987563074070412
gmat_d03_critical_700km_i63p4_may_24h_g20,numerical_gravity_2x0,EarthMJ2000Eq,15480.0,2026-05-10T01:26:00Z,-0.00018687478586798534,0.0009013629096443765,-0.0016376116036553867,0.0018786029503071024,-0.0016455322660036131,-0.0010417138263107972,-0.00041213876755819,0.0019906789038191095
gmat_d03_critical_700km_i63p4_may_24h_g20,numerical_gravity_2x0,EarthMJ2000Eq,15540.0,2026-05-10T01:27:00Z,-0.00028527665563160554,0.0008370043360628188,-0.0016590277027717093,0.0018799819008172099,-0.0016333538965795924,-0.001102849811474016,-0.0003013820304431647,0.0019937286140330273
gmat_d03_critical_700km_i63p4_may_24h_g20,numerical_gravity_2x0,EarthMJ2000Eq,15600.0,2026-05-10T01:28:00Z,-0.00038047255657147616,0.0007675207598367706,-0.0016684439287928399,0.0018755139633204907,-0.0016094572341529556,-0.0011553447087919722,-0.00018959500636128723,0.0019902563279984883
gmat_d03_critical_700km_i63p4_may_24h_g20,numerical_gravity_2x0,EarthMJ2000Eq,15660.0,2026-05-10T01:29:00Z,-0.000495766471431125,0.000711336724634748,-0.0017236579310520028,0.0019294509564349725,-0.0016259904533910685,-0.0012442122887534879,-7.113420963378303e-05,0.0020486505924106014
gmat_d03_critical_700km_i63p4_may_24h_g20,numerical_gravity_2x0,EarthMJ2000Eq,15720.0,2026-05-10T01:30:00Z,-0.0005008860171074048,0.0005678002708009444,-0.0015052089707978666,0.0016849148332855634,-0.001395981996665796,-0.001120203041438117,2.0539125955565396e-05,0.0017899839230443519
gmat_d03_critical_700km_i63p4_may_24h_g20,numerical_gravity_2x0,EarthMJ2000Eq,15780.0,2026-05-10T01:31:00Z,-0.0009744562703417614,0.0007879361874074675,-0.0024382323999816435,0.0027414203790288778,-0.0022000739008376513,-0.0018930843559417099,0.00023079671507275634,0.002911590745889026
gmat_d03_critical_700km_i63p4_may_24h_g20,numerical_gravity_2x0,EarthMJ2000Eq,15840.0,2026-05-10T01:32:00Z,-0.0013852823030902073,0.0008747738320380449,-0.003084634272454423,0.0034927360208400894,-0.002728518300187943,-0.002470871729443047,0.00047844661565932256,0.0037119981656591958
gmat_d03_critical_700km_i63p4_may_24h_g20,numerical_gravity_2x0,EarthMJ2000Eq,15900.0,2026-05-10T01:33:00Z,-0.0014264751371229067,0.0006624441084568389,-0.0028033605303789955,0.0032144196640989174,-0.0024200641490779162,-0.002328973236487286,0.0006397824492410109,0.0034190859018578506
gmat_d03_critical_700km_i63p4_may_24h_g20,numerical_gravity_2x0,EarthMJ2000Eq,15960.0,2026-05-10T01:34:00Z,-0.0018571399778011255,0.0005796146069769748,-0.003208798489140463,0.0037525071263994096,-0.002688801181705003,-0.0027766182686406182,0.0010068523792483575,0.003994122246262014
gmat_d03_critical_700km_i63p4_may_24h_g20,numerical_gravity_2x0,EarthMJ2000Eq,16020.0,2026-05-10T01:35:00Z,-0.0002497599780326709,0.00010459098120918497,-0.00046762079364270903,0.0005403596271227315,-0.0004003166687027715,-0.00039605263513209366,0.00012298428941903694,0.000576399393199078
gmat_d03_critical_700km_i63p4_may_24h_g20,numerical_gravity_2x0,EarthMJ2000Eq,16080.0,2026-05-10T01:36:00Z,-0.0011300289770588279,9.273844625568017e-05,-0.0015428736332978588,0.001914686647138971,-0.0012068195331949028,-0.0014529517589068064,0.0007758345077490958,0.002041911208359812
gmat_d03_critical_700km_i63p4_may_24h_g20,numerical_gravity_2x0,EarthMJ2000Eq,16140.0,2026-05-10T01:37:00Z,-0.0022148319658299442,0.00011909287422895432,-0.002932105417130515,0.0036765344995961023,-0.002267673160361028,-0.0027924098588982815,0.0015550547516340885,0.0039189398646667
gmat_d03_critical_700km_i63p4_may_24h_g20,numerical_gravity_2x0,EarthMJ2000Eq,16200.0,2026-05-10T01:38:00Z,-0.002109420165652409,-7.484322850359604e-05,-0.002497416971891653,0.003269915362147215,-0.001849343789217528,-0.002488028560954092,0.0015982788426072148,0.00348781505094043
gmat_d03_critical_700km_i63p4_may_24h_g20,numerical_gravity_2x0,EarthMJ2000Eq,16260.0,2026-05-10T01:39:00Z,-0.0022613371584156994,-0.00021928462956566364,-0.00245999808612396,0.0033486298804927496,-0.0017535040086613662,-0.002540472998635579,0.001799492999055019,0.0035730875190563074
gmat_d03_critical_700km_i63p4_may_24h_g20,numerical_gravity_2x0,EarthMJ2000Eq,16320.0,2026-05-10T01:40:00Z,-0.002363939529459458,-0.0003737613951670937,-0.0023455768314306624,0.003351065256243537,-0.0015945804676675834,-0.0025237442136116783,0.0019707648846178927,0.0035771337623925073
gmat_d03_critical_700km_i63p4_may_24h_g20,numerical_gravity_2x0,EarthMJ2000Eq,16380.0,2026-05-10T01:41:00Z,-0.0023848238015489187,-0.0005010388122173026,-0.002172228050767444,0.003264505959609094,-0.0014036256601457353,-0.002432503976024236,0.0020650468002259004,0.0034859229587465785
gmat_d03_critical_700km_i63p4_may_24h_g20,numerical_gravity_2x0,EarthMJ2000Eq,16440.0,2026-05-10T01:42:00Z,-0.002883833985833917,-0.0007878606993472204,-0.0023430211513186805,0.0037982852782477176,-0.0013978107560319586,-0.0027753621623105573,0.0026096262928376746,0.004057913186594
gmat_d03_critical_700km_i63p4_may_24h_g20,numerical_gravity_2x0,EarthMJ2000Eq,16500.0,2026-05-10T01:43:00Z,-0.0002881561158574186,-4.843059286940843e-05,-0.0002763517841231078,0.00040218127507349376,-0.00018251355982101813,-0.00030164337694316146,0.00024267610143624552,0.00042800889778193805
gmat_d03_critical_700km_i63p4_may_24h_g20,numerical_gravity_2x0,EarthMJ2000Eq,16560.0,2026-05-10T01:44:00Z,-0.0018915484361059498,-0.0007232501957332715,-0.0012115015124436468,0.002359826740762195,-0.0005717470941135616,-0.0016292451832100596,0.001839777219458938,0.0025231160940156015
gmat_d03_critical_700km_i63p4_may_24h_g20,numerical_gravity_2x0,EarthMJ2000Eq,16620.0,2026-05-10T01:45:00Z,-0.0012947384675499052,-0.000511903635924682,-0.000801292117103003,0.0016063816759281707,-0.00036203484654606655,-0.001099393465153753,0.0012694774120802776,0.0017179371703058435
gmat_d03_critical_700km_i63p4_may_24h_g20,numerical_gravity_2x0,EarthMJ2000Eq,16680.0,2026-05-10T01:46:00Z,-0.0006207444585015764,-0.0002772712832666002,-0.00033167452784255147,0.0007564463230820162,-0.00011713918723899042,-0.0004962794619700617,0.0006280687081527958,0.0008090025931485182
gmat_d03_critical_700km_i63p4_may_24h_g20,numerical_gravity_2x0,EarthMJ2000Eq,16740.0,2026-05-10T01:47:00Z,-0.003759167157113552,-0.001856878043327015,-0.0017562870198162273,0.004545753829551938,-0.00044587089575998107,-0.002853472125252665,0.003915054502812154,0.0048650545511093185
gmat_d03_critical_700km_i63p4_may_24h_g20,numerical_gravity_2x0,EarthMJ2000Eq,16800.0,2026-05-10T01:48:00Z,-0.0013962009575152479,-0.0007305025064852089,-0.0005855035851709545,0.0016810191771647665,-9.368772424522831e-05,-0.0010204797007418165,0.0014784844459825308,0.0017989086875971857
gmat_d03_critical_700km_i63p4_may_24h_g20,numerical_gravity_2x0,EarthMJ2000Eq,16860.0,2026-05-10T01:49:00Z,-0.0006162211434457276,-0.0003527552507875953,-0.0002085953383357264,0.0007400518764000099,1.2384759884298546e-05,-0.0004212319382190799,0.0006703877453162477,0.0007918392874336286
gmat_d03_critical_700km_i63p4_may_24h_g20,numerical_gravity_2x0,EarthMJ2000Eq,16920.0,2026-05-10T01:50:00Z,-0.0037850591638743936,-0.0023437701202055905,-0.001025941855914425,0.004568641804969523,0.0003426539052497901,-0.002430787127138956,0.004232159289685455,0.004892577031536477
gmat_d03_critical_700km_i63p4_may_24h_g20,numerical_gravity_2x0,EarthMJ2000Eq,16980.0,2026-05-10T01:51:00Z,-0.001347122406514245,-0.000870603798830416,-0.00030582668841816485,0.0016328563059925093,0.00018598722562046532,-0.000830470803236949,0.0015274039810719842,0.0017484953315687083
gmat_d03_critical_700km_i63p4_may_24h_g20,numerical_gravity_2x0,EarthMJ2000Eq,17040.0,2026-05-10T01:52:00Z,-0.0007893925157986814,-0.0005616902853944339,-9.730501915328205e-05,0.0009737067255893185,0.00019692603103749207,-0.0004382245677447827,0.000925590049050129,0.0010428506951505095
gmat_d03_critical_700km_i63p4_may_24h_g20,numerical_gravity_2x0,EarthMJ2000Eq,17100.0,2026-05-10T01:53:00Z,-0.0009552572919346858,-0.0007112894309102558,-6.928894435986876e-05,0.0011930004635914984,0.00028987034994543137,-0.0005009992420923481,0.0011393360699329946,0.0012779326040934067
gmat_d03_critical_700km_i63p4_may_24h_g20,numerical_gravity_2x0,EarthMJ2000Eq,17160.0,2026-05-10T01:54:00Z,-0.0006949746875761775,-0.0005398619578045327,-1.4970282791182399e-05,0.0008801504753296431,0.00024922908181679304,-0.0003437952145191048,0.0008420143107062961,0.0009430261842513588
gmat_d03_critical_700km_i63p4_may_24h_g20,numerical_gravity_2x0,EarthMJ2000Eq,17220.0,2026-05-10T01:55:00Z,-0.003468278009677306,-0.002926074103015708,0.000279166670225095,0.004546294759308389,0.0016153594017964679,-0.0014947518778285485,0.004345452109255632,0.004870998173586029
gmat_d03_critical_700km_i63p4_may_24h_g20,numerical_gravity_2x0,EarthMJ2000Eq,17280.0,2026-05-10T01:56:00Z,-0.0012252048691152595,-0.0010746232419478474,0.00016365720512112603,0.0016379028555522763,0.0006413118924797345,-0.000490076423886876,0.0015585470691803494,0.0017551423906727183
gmat_d03_critical_700km_i63p4_may_24h_g20,numerical_gravity_2x0,EarthMJ2000Eq,17340.0,2026-05-10T01:57:00Z,-0.0006370210030581802,-0.0006063860382710118,0.00016009744285838678,0.0008939412603505095,0.00041453507293454095,-0.00021043433662271127,0.0008378668869823969,0.0009581977129091148
gmat_d03_critical_700km_i63p4_may_24h_g20,numerical_gravity_2x0,EarthMJ2000Eq,17400.0,2026-05-10T01:58:00Z,-0.0017551856217323802,-0.0017565785128681455,0.000573405486647971,0.002548536539020805,0.001279063965853311,-0.0004960964972156034,0.0023605386534342188,0.0027302489076366327
gmat_d03_critical_700km_i63p4_may_24h_g20,numerical_gravity_2x0,EarthMJ2000Eq,17460.0,2026-05-10T01:59:00Z,-0.0016345779840776231,-0.001742050130815187,0.0007000971891102381,0.0024893211762455508,0.0013679892774121072,-0.000361701779638679,0.002260067244463926,0.0026664821000724997
gmat_d03_critical_700km_i63p4_may_24h_g20,numerical_gravity_2x0,EarthMJ2000Eq,17520.0,2026-05-10T02:00:00Z,-0.0015569357856293209,-0.0017679634538581013,0.0008367851478396915,0.002499990639661707,0.0014836532002959757,-0.000241830555580691,0.0022156414480889453,0.002677456976844004
gmat_d03_critical_700km_i63p4_may_24h_g20,numerical_gravity_2x0,EarthMJ2000Eq,17580.0,2026-05-10T02:01:00Z,-0.001463939952373039,-0.001777972215677437,0.0009675995897850953,0.0024981101557031457,0.0015869998648554429,-0.00011817657963320016,0.0021499833025018233,0.002674876160883274
gmat_d03_critical_700km_i63p4_may_24h_g20,numerical_gravity_2x0,EarthMJ2000Eq,17640.0,2026-05-10T02:02:00Z,-0.0013657790987053886,-0.001781353216046,0.0010944322639261372,0.0024972692700428642,0.0016838619387726794,5.4791726711300726e-06,0.0020762747077185395,0.0026732634946993444
gmat_d03_critical_700km_i63p4_may_24h_g20,numerical_gravity_2x0,EarthMJ2000Eq,17700.0,2026-05-10T02:03:00Z,-0.0012620257621165365,-0.0017773190847947262,0.001216575583384838,0.0024963229565722355,0.0017733325918811715,0.00012888001776900637,0.0019937913542378283,0.0026714270539622913
gmat_d03_critical_700km_i63p4_may_24h_g20,numerical_gravity_2x0,EarthMJ2000Eq,17760.0,2026-05-10T02:04:00Z,-0.0011531337804626673,-0.0017659023114902084,0.0013335202311282046,0.0024952764769056762,0.0018550294633712383,0.00025147439686179496,0.0019029311459917153,0.002669367083905421
gmat_d03_critical_700km_i63p4_may_24h_g20,numerical_gravity_2x0,EarthMJ2000Eq,17820.0,2026-05-10T02:05:00Z,-0.0010395833669463173,-0.001747168766996765,0.0014447723515331745,0.002494133000654764,0.0019286070518376164,0.00037270098118824535,0.0018041408367253098,0.002667087426485372
gmat_d03_critical_700km_i63p4_may_24h_g20,numerical_gravity_2x0,EarthMJ2000Eq,17880.0,2026-05-10T02:06:00Z,-0.0009218674676958472,-0.001721215767247486,0.001549869921291247,0.002492893924406059,0.001993774478847854,0.0004920215346260193,0.0016979067041233975,0.0026646029796102743
gmat_d03_critical_700km_i63p4_may_24h_g20,numerical_gravity_2x0,EarthMJ2000Eq,17940.0,2026-05-10T02:07:00Z,-0.0008005072231753729,-0.0016881747342267772,0.0016483818399137817,0.0024915674660332078,0.0020502750608386577,0.0006089093673722346,0.0015847358980636272,0.0026619140311779695
gmat_d03_critical_700km_i63p4_may_24h_g20,numerical_gravity_2x0,EarthMJ2000Eq,18000.0,2026-05-10T02:08:00Z,-0.000676005583954975,-0.001647877752475324,0.0017394063434039708,0.002489582106321341,0.002097358287045381,0.000722535808961311,0.001465019217050667,0.0026584301920112665
gmat_d03_critical_700km_i63p4_may_24h_g20,numerical_gravity_2x0,EarthMJ2000Eq,18060.0,2026-05-10T02:09:00Z,-0.0005494148354046047,-0.001604326371307252,0.0018279256437381264,0.0024933976670539356,0.002140698507346883,0.000835390423503668,0.0013418848254787008,0.002661037794524688
gmat_d03_critical_700km_i63p4_may_24h_g20,numerical_gravity_2x0,EarthMJ2000Eq,18120.0,2026-05-10T02:10:00Z,-0.0004183712007943541,-0.0015386435734399129,0.0018872829059546348,0.0024706872070034734,0.0021513928416538874,0.0009326122096808831,0.0012027498996758368,0.002635310989984993
gmat_d03_critical_700km_i63p4_may_24h_g20,numerical_gravity_2x0,EarthMJ2000Eq,18180.0,2026-05-10T02:11:00Z,-0.00029431703296722844,-0.0015138512026169337,0.00200204658540315,0.0025271641240101088,0.0022228494600540216,0.0010594511934414186,0.0010926211047035395,0.0026939408738482894
gmat_d03_critical_700km_i63p4_may_24h_g20,numerical_gravity_2x0,EarthMJ2000Eq,18240.0,2026-05-10T02:12:00Z,-0.00022009135136613622,-0.002118830252584303,0.003041931904590456,0.003713654743561651,0.0032847985997896956,0.0017170904698105005,0.0013798810982734722,0.003955044041229729
gmat_d03_critical_700km_i63p4_may_24h_g20,numerical_gravity_2x0,EarthMJ2000Eq,18300.0,2026-05-10T02:13:00Z,-5.9819285525009036e-05,-0.0013024186955590267,0.0019610251911217347,0.002354886962398925,0.0020853124227393494,0.0011447784942220096,0.0007882494656996641,0.0025060692172085095
gmat_d03_critical_700km_i63p4_may_24h_g20,numerical_gravity_2x0,EarthMJ2000Eq,18360.0,2026-05-10T02:14:00Z,5.623223842121661e-05,-0.0001188345777336508,0.0002498109097359702,0.000282292777318352,0.00024132545961563778,0.00017429346854669348,2.1043611297955067e-05,0.00029842758621346566
gmat_d03_critical_700km_i63p4_may_24h_g20,numerical_gravity_2x0,EarthMJ2000Eq,18420.0,2026-05-10T02:15:00Z,0.0003356708475621417,-0.0018175992408941966,0.003258500100855599,0.003746220071709375,0.0032887261802727608,0.0021032473540572028,0.000779062148126286,0.003980742035324976
gmat_d03_critical_700km_i63p4_may_24h_g20,numerical_gravity_2x0,EarthMJ2000Eq,18480.0,2026-05-10T02:16:00Z,0.00048162019083974883,-0.0014494739843939897,0.0028623552452700096,0.003244381357020817,0.0028138469332361637,0.0019328210143498836,0.0004568709854879671,0.0034441635754673184
gmat_d03_critical_700km_i63p4_may_24h_g20,numerical_gravity_2x0,EarthMJ2000Eq,18540.0,2026-05-10T02:17:00Z,0.0007499329512938857,-0.0014757006283616647,0.0032360115937990486,0.0036348126239443526,0.003098409750990072,0.0022788610998247805,0.0002673159471555664,0.003855490722713342
gmat_d03_critical_700km_i63p4_may_24h_g20,numerical_gravity_2x0,EarthMJ2000Eq,18600.0,2026-05-10T02:18:00Z,0.0005507445166585967,-0.0009009108907775953,0.0020878717350569787,0.0023396940692750902,0.001972229712876583,0.001499838919727381,9.178080517813214e-05,0.0024794415785981713
gmat_d03_critical_700km_i63p4_may_24h_g20,numerical_gravity_2x0,EarthMJ2000Eq,18660.0,2026-05-10T02:19:00Z,0.00010424173524370417,-5.424135451903567e-05,0.0002068814524136542,0.00023792519677298007,0.00017565993104540212,0.00016885470799365976,-4.985700741144683e-05,0.00024870473452374124
gmat_d03_critical_700km_i63p4_may_24h_g20,numerical_gravity_2x0,EarthMJ2000Eq,18720.0,2026-05-10T02:20:00Z,0.0013938479241915047,-0.0011667980288621038,0.0035497625958669232,0.003988112857348114,0.00316966231039828,0.002758607564601334,-0.0003965947570350181,0.004220658983943471
gmat_d03_critical_700km_i63p4_may_24h_g20,numerical_gravity_2x0,EarthMJ2000Eq,18780.0,2026-05-10T02:21:00Z,0.0008705128493602388,-0.0005924293873249553,0.002000361973841791,0.002260578073471414,0.0017524013351533085,0.001591841769510438,-0.0003246514168608883,0.0023896169569776245
gmat_d03_critical_700km_i63p4_may_24h_g20,numerical_gravity_2x0,EarthMJ2000Eq,18840.0,2026-05-10T02:22:00Z,0.00013232238416094333,-2.8597241907846183e-05,0.00020108973330934532,0.00024241306985638326,0.00015898260485869287,0.00017808532426499823,-8.358203018588028e-05,0.00025293439294848426
gmat_d03_critical_700km_i63p4_may_24h_g20,numerical_gravity_2x0,EarthMJ2000Eq,18900.0,2026-05-10T02:23:00Z,0.001972479367395863,-0.0006595500963157974,0.003471609034022549,0.004046943348931331,0.002858504988267896,0.0029730942152639273,-0.0011189493775987103,0.004273451496205007
gmat_d03_critical_700km_i63p4_may_24h_g20,numerical_gravity_2x0,EarthMJ2000Eq,18960.0,2026-05-10T02:24:00Z,0.0010809962986968458,-0.0002760261850198731,0.0017650363588472828,0.002088084481208981,0.00142348577369944,0.0015464166613909924,-0.0006606253322161137,0.002203211761977955
gmat_d03_critical_700km_i63p4_may_24h_g20,numerical_gravity_2x0,EarthMJ2000Eq,19020.0,2026-05-10T02:25:00Z,4.2031388147734106e-05,2.5955159799195826e-05,3.4942786442115903e-06,4.952290271248917e-05,-1.1239009722885385e-05,1.962974227609493e-05,-4.463096558993129e-05,5.003563940699321e-05
gmat_d03_critical_700km_i63p4_may_24h_g20,numerical_gravity_2x0,EarthMJ2000Eq,19080.0,2026-05-10T02:26:00Z,0.001168146809504833,-7.840480975573882e-05,0.0015631535461579915,0.0019529882978695644,0.0011780558750729142,0.001463641874366317,-0.0008345875102122591,0.002055869522463586
gmat_d03_critical_700km_i63p4_may_24h_g20,numerical_gravity_2x0,EarthMJ2000Eq,19140.0,2026-05-10T02:27:00Z,0.0006351556294248439,-5.4560587159357965e-06,0.0007880917110014707,0.001012196120875795,0.0005765716792893727,0.0007576205218740029,-0.0004724229896169163,0.001062829825344485
gmat_d03_critical_700km_i63p4_may_24h_g20,numerical_gravity_2x0,EarthMJ2000Eq,19200.0,2026-05-10T02:28:00Z,0.0025466761144343764,0.00026812904252437875,0.0027285541364108212,0.0037419861157679643,0.0018594770168078867,0.0027856394968495124,-0.002063501369775622,0.003933888672231414
gmat_d03_critical_700km_i63p4_may_24h_g20,numerical_gravity_2x0,EarthMJ2000Eq,19260.0,2026-05-10T02:29:00Z,0.002421587851131335,0.00031597210181644186,0.0024985465643112548,0.003493803231995865,0.0016688899151517944,0.002591596270917762,-0.0019949784046957575,0.0036717167123203613
gmat_d03_critical_700km_i63p4_may_24h_g20,numerical_gravity_2x0,EarthMJ2000Eq,19320.0,2026-05-10T02:30:00Z,0.0008063220775511581,0.0001866137608885765,0.000699288648320362,0.0010835057001091935,0.0004198259517806946,0.0007830533998998135,-0.0007055458439708673,0.0011345577970415552
gmat_d03_critical_700km_i63p4_may_24h_g20,numerical_gravity_2x0,EarthMJ2000Eq,19380.0,2026-05-10T02:31:00Z,0.0011834963515866548,0.00029196235118433833,0.0010017347449320368,0.001577776323796267,0.0005901341637581936,0.001135835869803259,-0.001047558484401634,0.0016540133713510772
gmat_d03_critical_700km_i63p4_may_24h_g20,numerical_gravity_2x0,EarthMJ2000Eq,19440.0,2026-05-10T02:32:00Z,0.0011509632713568863,0.00034827189665520564,0.0008732504284125753,0.0014861278803437832,0.0004700542177715761,0.0010451215448625817,-0.0010537339889538089,0.0015567868610241106
gmat_d03_critical_700km_i63p4_may_24h_g20,numerical_gravity_2x0,EarthMJ2000Eq,19500.0,2026-05-10T02:33:00Z,0.0011829990853584604,0.0004112916940357536,0.000814293343864847,0.0014938946895294688,0.00039757885872404586,0.0010254619375871243,-0.0011123759691145096,0.001564295825925422
gmat_d03_critical_700km_i63p4_may_24h_g20,numerical_gravity_2x0,EarthMJ2000Eq,19560.0,2026-05-10T02:34:00Z,0.001204519776365487,0.0004719431672128849,0.0007460421329597011,0.0014933777515704297,0.00031960656343699156,0.0009956382385212237,-0.0011618950246372606,0.0015631519138185094
gmat_d03_critical_700km_i63p4_may_24h_g20,numerical_gravity_2x0,EarthMJ2000Eq,19620.0,2026-05-10T02:35:00Z,0.0012213311038067332,0.0005306947059580125,0.000674956027069129,0.001492934082447908,0.00024058355307943202,0.0009621392571546039,-0.00120694609861971,0.0015621495706697472
gmat_d03_critical_700km_i63p4_may_24h_g20,numerical_gravity_2x0,EarthMJ2000Eq,19680.0,2026-05-10T02:36:00Z,0.0012276055940674269,0.0005838292054249905,0.0005996380423312075,0.001485744869586841,0.0001610587219147419,0.0009214260465739699,-0.001241312386213167,0.0015542915786222263
gmat_d03_critical_700km_i63p4_may_24h_g20,numerical_gravity_2x0,EarthMJ2000Eq,19740.0,2026-05-10T02:37:00Z,0.0012891592859887169,0.0006712330105074216,0.0005390793376136571,0.001550190940267609,7.614087138563264e-05,0.0009151088775638527,-0.0013363998796478427,0.0016214765889195893
gmat_d03_critical_700km_i63p4_may_24h_g20,numerical_gravity_2x0,EarthMJ2000Eq,19800.0,2026-05-10T02:38:00Z,0.0010414679021408801,0.000571546934224898,0.0003888335413648747,0.0012500051248302765,1.397104654188297e-05,0.0007129044021780828,-0.0010956648921478518,0.0013072526277165132
gmat_d03_critical_700km_i63p4_may_24h_g20,numerical_gravity_2x0,EarthMJ2000Eq,19860.0,2026-05-10T02:39:00Z,0.0021569612727034837,0.0013003414096601773,0.0006281206879066303,0.0025957475440026804,-0.00015557422017309364,0.0013708563173508992,-0.0023389299386167295,0.00271551903667807
gmat_d03_critical_700km_i63p4_may_24h_g20,numerical_gravity_2x0,EarthMJ2000Eq,19920.0,2026-05-10T02:40:00Z,0.0026935455252896645,0.0017189045138366055,0.0006366644811350852,0.003258091755312431,-0.0003446549712293745,0.0016265540025983682,-0.0029747142527014603,0.003407842405069093
gmat_d03_critical_700km_i63p4_may_24h_g20,numerical_gravity_2x0,EarthMJ2000Eq,19980.0,2026-05-10T02:41:00Z,0.0025130937046924373,0.001718585735943634,0.000413805537391454,0.0030725253331957266,-0.0005048850226785362,0.0014146097626621668,-0.0028403357443806954,0.0032130261137362165
gmat_d03_critical_700km_i63p4_may_24h_g20,numerical_gravity_2x0,EarthMJ2000Eq,20040.0,2026-05-10T02:42:00Z,0.002457506980135804,0.0017752436178852804,0.00025634017219999805,0.0030424563668427756,-0.0006447447020718755,0.001298789520376431,-0.0028316391453842016,0.003181309510054242
gmat_d03_critical_700km_i63p4_may_24h_g20,numerical_gravity_2x0,EarthMJ2000Eq,20100.0,2026-05-10T02:43:00Z,0.002747716280282475,0.002129034328390844,6.110440153861418e-05,0.0034765594596214526,-0.0009509477649771725,0.0013232197559887027,-0.0032495315049896334,0.0036351983682151477
gmat_d03_critical_700km_i63p4_may_24h_g20,numerical_gravity_2x0,EarthMJ2000Eq,20160.0,2026-05-10T02:44:00Z,9.622590368962847e-05,4.812545739696361e-05,4.125286068301648e-05,0.00011522709188851805,7.754685782401793e-06,7.291944825738028e-05,-9.660078292839103e-05,0.00012128104694519531
gmat_d03_critical_700km_i63p4_may_24h_g20,numerical_gravity_2x0,EarthMJ2000Eq,20220.0,2026-05-10T02:45:00Z,0.0015264290595951024,0.0013450248843582813,-0.0002212782419519499,0.002046470540682358,-0.0007885825326070517,0.0005920073320453412,-0.001899268520233477,0.002139989720507614
gmat_d03_critical_700km_i63p4_may_24h_g20,numerical_gravity_2x0,EarthMJ2000Eq,20280.0,2026-05-10T02:46:00Z,0.0024778082661214285,0.002245421455882024,-0.00045492834033211693,0.003374672000807243,-0.0013789023256549626,0.0009038716441978067,-0.0031209750339655784,0.003529708307426827
gmat_d03_critical_700km_i63p4_may_24h_g20,numerical_gravity_2x0,EarthMJ2000Eq,20340.0,2026-05-10T02:47:00Z,0.0021439241209009197,0.002081553475363762,-0.0006111331458669156,0.003050042496254262,-0.0014159109440470274,0.0006592468793087392,-0.002782460262196196,0.0031908455556562713
gmat_d03_critical_700km_i63p4_may_24h_g20,numerical_gravity_2x0,EarthMJ2000Eq,20400.0,2026-05-10T02:48:00Z,0.0021022456166974735,0.0021583800844382495,-0.0007829376045265235,0.0031130423245444537,-0.0015770931227621077,0.0005422826632184297,-0.002798441478546465,0.00325769364943055
gmat_d03_critical_700km_i63p4_may_24h_g20,numerical_gravity_2x0,EarthMJ2000Eq,20460.0,2026-05-10T02:49:00Z,0.002004105681407964,0.0021896318003200577,-0.0009531786417937838,0.0031176075003753086,-0.0017163035437306462,0.00039964653808510775,-0.002746884497639712,0.00326355475716268
gmat_d03_critical_700km_i63p4_may_24h_g20,numerical_gravity_2x0,EarthMJ2000Eq,20520.0,2026-05-10T02:50:00Z,0.0018379050743533298,0.0021288544758135686,-0.0010632911653374322,0.003006743178891376,-0.0017691084153170777,0.00025914648205116464,-0.0025915865009551453,0.0031485269692727944
gmat_d03_critical_700km_i63p4_may_24h_g20,numerical_gravity_2x0,EarthMJ2000Eq,20580.0,2026-05-10T02:51:00Z,0.0020526358639472164,0.0025848467544165032,-0.0015125142454053275,0.003630763841994397,-0.0023112107783163083,0.00010360068358750141,-0.003019278604909914,0.003803744425892995
gmat_d03_critical_700km_i63p4_may_24h_g20,numerical_gravity_2x0,EarthMJ2000Eq,20640.0,2026-05-10T02:52:00Z,-2.6185261958744377e-05,-5.700920269191556e-05,5.876972863916308e-05,8.596277182441735e-05,6.780309647069771e-05,2.4310331525612128e-05,5.473221875718082e-05,9.046473279673029e-05
gmat_d03_critical_700km_i63p4_may_24h_g20,numerical_gravity_2x0,EarthMJ2000Eq,20700.0,2026-05-10T02:53:00Z,0.001865240847109817,0.002684781520656543,-0.001900683855637908,0.003781504244407031,-0.002645040186877168,-0.00020682833223872876,-0.0029454740868573026,0.0039641938834471405
gmat_d03_critical_700km_i63p4_may_24h_g20,numerical_gravity_2x0,EarthMJ2000Eq,20760.0,2026-05-10T02:54:00Z,0.00011741576599888504,0.0001984689106393489,-0.00016327794583048671,0.00028255275293314366,-0.00021443424813583079,-3.5488945115957904e-05,-0.0002014362010527293,0.0002963411127291961
gmat_d03_critical_700km_i63p4_may_24h_g20,numerical_gravity_2x0,EarthMJ2000Eq,20820.0,2026-05-10T02:55:00Z,0.0015186833479674533,0.0026143750346818706,-0.002218678673671093,0.003750185460795824,-0.002850045088820252,-0.0005516129775173795,-0.0026578454992431944,0.003935883202423737
gmat_d03_critical_700km_i63p4_may_24h_g20,numerical_gravity_2x0,EarthMJ2000Eq,20880.0,2026-05-10T02:56:00Z,8.737151802051812e-05,0.00017897355064633302,-0.00016889134712982923,0.00026113138671460717,-0.00020983437210020384,-5.3024251656097476e-05,-0.00016846790629188035,0.0002742689746011126
gmat_d03_critical_700km_i63p4_may_24h_g20,numerical_gravity_2x0,EarthMJ2000Eq,20940.0,2026-05-10T02:57:00Z,0.001198387508338783,0.002615576249809237,-0.002616486199258361,0.003888877957665688,-0.0031494344909788197,-0.0009313882998185363,-0.002432234857963067,0.004086831068480383
gmat_d03_critical_700km_i63p4_may_24h_g20,numerical_gravity_2x0,EarthMJ2000Eq,21000.0,2026-05-10T02:58:00Z,0.0009566192602505907,0.0024184630547097186,-0.002606152065709466,0.0036818626462267663,-0.0030532549821771227,-0.0010404921368944997,-0.002141620214501927,0.003871889334200034
gmat_d03_critical_700km_i63p4_may_24h_g20,numerical_gravity_2x0,EarthMJ2000Eq,21060.0,2026-05-10T02:59:00Z,5.167566996533424e-05,0.00017384172679157928,-0.0002036204023170285,0.0002726767116568498,-0.00023372881408079138,-9.034195613821794e-05,-0.00014011281024295386,0.0002870930635955366
gmat_d03_critical_700km_i63p4_may_24h_g20,numerical_gravity_2x0,EarthMJ2000Eq,21120.0,2026-05-10T03:00:00Z,0.0006114978532423265,0.0024016981114982627,-0.0030064388738537673,0.003896249240681787,-0.003349079014114409,-0.0014362537825718391,-0.0018865131679035585,0.004103423826928797
gmat_d03_critical_700km_i63p4_may_24h_g20,numerical_gravity_2x0,EarthMJ2000Eq,21180.0,2026-05-10T03:01:00Z,0.0003919740265700966,0.002184736786148278,-0.002937375484179938,0.003681697053984264,-0.0032005901262621705,-0.0015022401100850402,-0.001598905896571523,0.003880335368336917
gmat_d03_critical_700km_i63p4_may_24h_g20,numerical_gravity_2x0,EarthMJ2000Eq,21240.0,2026-05-10T03:02:00Z,6.445588951464742e-06,0.000174019078258425,-0.0002586302798590623,0.00031179128736194664,-0.00027546409597789534,-0.00014434409223440525,-0.00010795275784403202,0.0003291952051018147
gmat_d03_critical_700km_i63p4_may_24h_g20,numerical_gravity_2x0,EarthMJ2000Eq,21300.0,2026-05-10T03:03:00Z,8.087226888164878e-06,0.0020311099433456548,-0.003170810941810487,0.0037655696825183616,-0.0033106158047174067,-0.0018230981169153893,-0.001231319046723911,0.003974922684175154
gmat_d03_critical_700km_i63p4_may_24h_g20,numerical_gravity_2x0,EarthMJ2000Eq,21360.0,2026-05-10T03:04:00Z,-2.0919287635479122e-05,0.00013222188499639742,-0.00022617405193159357,0.00026282112783094824,-0.0002321479120048764,-0.00013929568609682974,-6.302780519717999e-05,0.0002779720227673714
gmat_d03_critical_700km_i63p4_may_24h_g20,numerical_gravity_2x0,EarthMJ2000Eq,21420.0,2026-05-10T03:05:00Z,-0.0004119701770832762,0.0018564192032499705,-0.0034159338611061685,0.003909554428378377,-0.0034206660837199365,-0.002169843416055528,-0.0008231095804944744,0.004133604515191699
gmat_d03_critical_700km_i63p4_may_24h_g20,numerical_gravity_2x0,EarthMJ2000Eq,21480.0,2026-05-10T03:06:00Z,-0.0005810779839521274,0.001634743057365995,-0.003277019118286262,0.003707949674503938,-0.0032173470554397454,-0.002172905411157444,-0.000566607205598757,0.003923504011266018
gmat_d03_critical_700km_i63p4_may_24h_g20,numerical_gravity_2x0,EarthMJ2000Eq,21540.0,2026-05-10T03:07:00Z,-5.778565537184477e-05,0.00010201711120316759,-0.00022349286155076697,0.0002523801341412263,-0.00021628521196248585,-0.00015631762551038264,-1.8070878127218748e-05,0.00026747158651929827
gmat_d03_critical_700km_i63p4_may_24h_g20,numerical_gravity_2x0,EarthMJ2000Eq,21600.0,2026-05-10T03:08:00Z,-0.0006921700332895853,0.000980061486188788,-0.0023864162983500137,0.0026710676930256304,-0.002250831965255884,-0.0017153669595870724,-8.877609758428662e-05,0.002831361781433619
gmat_d03_critical_700km_i63p4_may_24h_g20,numerical_gravity_2x0,EarthMJ2000Eq,21660.0,2026-05-10T03:09:00Z,-0.0010676603778847493,0.001132251782109961,-0.0030896925409251708,0.0034594931388925785,-0.0028540725338643824,-0.0023070105825695464,9.350209495551098e-05,0.0036710721183883057
gmat_d03_critical_700km_i63p4_may_24h_g20,numerical_gravity_2x0,EarthMJ2000Eq,21720.0,2026-05-10T03:10:00Z,-0.0013320814105099998,0.0010245994417346083,-0.003247655968152685,0.00365670810808122,-0.002926179742956947,-0.00252916665388625,0.0003531210879259561,0.003883800503882732
gmat_d03_critical_700km_i63p4_may_24h_g20,numerical_gravity_2x0,EarthMJ2000Eq,21780.0,2026-05-10T03:11:00Z,-0.0010199210009886883,0.0006572463462362066,-0.0022846451201985474,0.0025868542543300826,-0.0020302381997794328,-0.0018208514696027578,0.00034918556934826483,0.002749417717270191
gmat_d03_critical_700km_i63p4_may_24h_g20,numerical_gravity_2x0,EarthMJ2000Eq,21840.0,2026-05-10T03:12:00Z,-0.0001333173713646829,2.3636857804376632e-05,-0.00019304729903524276,0.0002357954245087371,-0.00015762458005497137,-0.00017871770729982472,8.713563204310049e-05,0.00025372848778086094
gmat_d03_critical_700km_i63p4_may_24h_g20,numerical_gravity_2x0,EarthMJ2000Eq,21900.0,2026-05-10T03:13:00Z,-0.0019963845261372626,0.0006273903636611067,-0.0034454194519639714,0.004031139422618229,-0.002896677120389768,-0.002972120771715936,0.0010850325082856216,0.004289701127758375
gmat_d03_critical_700km_i63p4_may_24h_g20,numerical_gravity_2x0,EarthMJ2000Eq,21960.0,2026-05-10T03:14:00Z,-0.0013295630196807906,0.0003045879566343501,-0.002113722075591795,0.0025156177490774463,-0.001740072974598661,-0.0018756954878185184,0.0007935971879646786,0.0026787840556298727
gmat_d03_critical_700km_i63p4_may_24h_g20,numerical_gravity_2x0,EarthMJ2000Eq,22020.0,2026-05-10T03:15:00Z,-0.00019525214156601578,-1.049829734256491e-05,-0.00021593496057903394,0.00029131000709463676,-0.00015730350355624978,-0.0002220308936706772,0.0001538298377568026,0.00031257915631013346
gmat_d03_critical_700km_i63p4_may_24h_g20,numerical_gravity_2x0,EarthMJ2000Eq,22080.0,2026-05-10T03:16:00Z,-0.002325736659258837,9.61072146310471e-05,-0.003018400093424134,0.0038116960436146287,-0.0023291466533237326,-0.002888345979057405,0.001655234171948905,0.0040629135840445346
gmat_d03_critical_700km_i63p4_may_24h_g20,numerical_gravity_2x0,EarthMJ2000Eq,22140.0,2026-05-10T03:17:00Z,-0.002178088379878318,-8.38581399875693e-05,-0.002553174908825895,0.003357052768912226,-0.0018932206913291338,-0.0025468988029686557,0.001657950221556348,0.0035804716219792437
gmat_d03_critical_700km_i63p4_may_24h_g20,numerical_gravity_2x0,EarthMJ2000Eq,22200.0,2026-05-10T03:18:00Z,-0.002550334556872258,-0.0002823144313879311,-0.002701884113776032,0.0037261354718289568,-0.0019133974404894616,-0.0028154130138347,0.0020547838985862654,0.003976151037577771
gmat_d03_critical_700km_i63p4_may_24h_g20,numerical_gravity_2x0,EarthMJ2000Eq,22260.0,2026-05-10T03:19:00Z,-0.001744180281093577,-0.00024791461328277364,-0.001759035512804985,0.0024895446257787615,-0.00121467635949557,-0.0018741446172754195,0.0014396048797493677,0.002657126062981964
gmat_d03_critical_700km_i63p4_may_24h_g20,numerical_gravity_2x0,EarthMJ2000Eq,22320.0,2026-05-10T03:20:00Z,-0.0004705743776867166,-0.00014370289136422798,-0.0003477289283182472,0.0006024999365236783,-0.00019303936227288432,-0.00043217096568071156,0.0004370157569155708,0.0006442194585361497
gmat_d03_critical_700km_i63p4_may_24h_g20,numerical_gravity_2x0,EarthMJ2000Eq,22380.0,2026-05-10T03:21:00Z,-0.002187281097576488,-0.0005523188519873656,-0.0018291375454282388,0.002904306952470983,-0.0011252421217022857,-0.002131343102007577,0.0019539072582119843,0.0031026676948429097
gmat_d03_critical_700km_i63p4_may_24h_g20,numerical_gravity_2x0,EarthMJ2000Eq,22440.0,2026-05-10T03:22:00Z,-0.0017032648429449182,-0.0005966548997093923,-0.0011610109140747227,0.002145939080486682,-0.0005957350168728226,-0.001505463309570132,0.001625094725454801,0.002293960081058808
gmat_d03_critical_700km_i63p4_may_24h_g20,numerical_gravity_2x0,EarthMJ2000Eq,22500.0,2026-05-10T03:23:00Z,-0.0029659020128747215,-0.0010390031093265861,-0.0020277984731364995,0.0037400626811350843,-0.001044552000450949,-0.002624647610360853,0.002828738132620856,0.003997702262945846
gmat_d03_critical_700km_i63p4_may_24h_g20,numerical_gravity_2x0,EarthMJ2000Eq,22560.0,2026-05-10T03:24:00Z,-9.151722224487457e-05,-3.778131940634921e-05,-4.647699825000018e-05,0.00010937523225041794,-1.3237411167210666e-05,-7.137179736105281e-05,9.001155376608949e-05,0.00011563408807243042
gmat_d03_critical_700km_i63p4_may_24h_g20,numerical_gravity_2x0,EarthMJ2000Eq,22620.0,2026-05-10T03:25:00Z,-0.002391662860645738,-0.0011149713827762753,-0.0011986612662440166,0.0028982755656762355,-0.0003774562884473198,-0.0018597763329353256,0.0024510971030622386,0.0030998577817175567
gmat_d03_critical_700km_i63p4_may_24h_g20,numerical_gravity_2x0,EarthMJ2000Eq,22680.0,2026-05-10T03:26:00Z,-0.0025675884671727545,-0.001209622041642433,-0.0012678810890065506,0.0031085717743436743,-0.00038550851400032116,-0.00198584881871966,0.002638896656748102,0.00332505457251055
gmat_d03_critical_700km_i63p4_may_24h_g20,numerical_gravity_2x0,EarthMJ2000Eq,22740.0,2026-05-10T03:27:00Z,-0.001907519987298656,-0.0010762601050373632,-0.0006613645382458344,0.0022878748584850583,1.3113066188452649e-05,-0.001309588437692355,0.0020684849388885596,0.0024482287007245003
gmat_d03_critical_700km_i63p4_may_24h_g20,numerical_gravity_2x0,EarthMJ2000Eq,22800.0,2026-05-10T03:28:00Z,-0.0030614759651825807,-0.0017283159650105517,-0.001064108801074326,0.003673151058808337,1.722266773640513e-05,-0.0021033614849841342,0.003321503516673374,0.003931515200030672
gmat_d03_critical_700km_i63p4_may_24h_g20,numerical_gravity_2x0,EarthMJ2000Eq,22860.0,2026-05-10T03:29:00Z,-0.00010898025948335999,-6.769050742150284e-05,-2.3180291464086622e-05,0.00013036881400243318,1.724576037531733e-05,-6.7713390450308e-05,0.00011949996547855335,0.00013842962561017843
gmat_d03_critical_700km_i63p4_may_24h_g20,numerical_gravity_2x0,EarthMJ2000Eq,22920.0,2026-05-10T03:30:00Z,-0.00231632873237686,-0.0015575424185954034,-0.0004116818672628142,0.002821488816563271,0.0004333884362495155,-0.001358162471376545,0.002663862241902848,0.0030213561324620624
gmat_d03_critical_700km_i63p4_may_24h_g20,numerical_gravity_2x0,EarthMJ2000Eq,22980.0,2026-05-10T03:31:00Z,-0.0028599602046597283,-0.001974353835976217,-0.0004293024176149629,0.0035016775990432602,0.0006193552337663277,-0.0016296928251335885,0.003320768660053375,0.003750600499050562
gmat_d03_critical_700km_i63p4_may_24h_g20,numerical_gravity_2x0,EarthMJ2000Eq,23040.0,2026-05-10T03:32:00Z,-0.00042178498915745877,-0.0003371692400833126,1.2012606021016836e-05,0.0005401203349628046,0.00017289547571408548,-0.00019775114878939348,0.000515588127747435,0.0005786445194106914
gmat_d03_critical_700km_i63p4_may_24h_g20,numerical_gravity_2x0,EarthMJ2000Eq,23100.0,2026-05-10T03:33:00Z,-0.0008183451427612454,-0.0006406321517715696,-1.9490471458993852e-06,0.001039279618461351,0.0003076614518704446,-0.0003962661310197291,0.0009943525586253443,0.0011137411846587806
gmat_d03_critical_700km_i63p4_may_24h_g20,numerical_gravity_2x0,EarthMJ2000Eq,23160.0,2026-05-10T03:34:00Z,-0.0007669032129342668,-0.0006471718734246679,7.140715752029791e-05,0.0010060173725667087,0.00036705394279579195,-0.0003276650062389308,0.0009597080907752797,0.0010784862413285707
gmat_d03_critical_700km_i63p4_may_24h_g20,numerical_gravity_2x0,EarthMJ2000Eq,23220.0,2026-05-10T03:35:00Z,-0.0006112136361480225,-0.0005477038484968944,0.00010699113772716373,0.0008276525347171656,0.0003468549891749717,-0.00023154811401582265,0.0007833514947819253,0.0008874471685666313
gmat_d03_critical_700km_i63p4_may_24h_g20,numerical_gravity_2x0,EarthMJ2000Eq,23280.0,2026-05-10T03:36:00Z,-0.00011085421647294424,-8.502206583216321e-05,-2.228262019343674e-06,0.00013972248974243885,4.2451375747987186e-05,-5.771738642579294e-05,0.00013308953938917512,0.00015114973203265658
gmat_d03_critical_700km_i63p4_may_24h_g20,numerical_gravity_2x0,EarthMJ2000Eq,23340.0,2026-05-10T03:37:00Z,-0.0021875584934605286,-0.00224767654799507,0.0008291353879030794,0.003244214468587353,0.001711032204809726,-0.0005522702295479576,0.0029753361996398553,0.00347638592696903
gmat_d03_critical_700km_i63p4_may_24h_g20,numerical_gravity_2x0,EarthMJ2000Eq,23400.0,2026-05-10T03:38:00Z,-0.0012677328413701616,-0.0012848425967604271,0.00045224078348837793,0.0018607763922053404,0.0009637641795734453,-0.0003381872559771182,0.0017139205610305908,0.0019951781132163675
gmat_d03_critical_700km_i63p4_may_24h_g20,numerical_gravity_2x0,EarthMJ2000Eq,23460.0,2026-05-10T03:39:00Z,-0.0016774506548244972,-0.001988407007047499,0.0010512330845813267,0.0028058321623299384,0.001755551259918775,-0.00017365486826292909,0.002434379364757433,0.0030063797383282466
gmat_d03_critical_700km_i63p4_may_24h_g20,numerical_gravity_2x0,EarthMJ2000Eq,23520.0,2026-05-10T03:40:00Z,-0.0014535844456986524,-0.0017246572383555758,0.0009127534212893806,0.0024332014176111296,0.001524250059503629,-0.00014935963577045186,0.0021099975100469237,0.0026072468308732328
gmat_d03_critical_700km_i63p4_may_24h_g20,numerical_gravity_2x0,EarthMJ2000Eq,23580.0,2026-05-10T03:41:00Z,0.00013477074389811605,0.00017046942701881562,-0.00010329586075386032,0.00024060967106052865,-0.0001546149874798175,6.590283874174929e-07,-0.00020285328972136085,0.0002550601611827647
gmat_d03_critical_700km_i63p4_may_24h_g20,numerical_gravity_2x0,EarthMJ2000Eq,23640.0,2026-05-10T03:42:00Z,-0.0015966634236974642,-0.002309235583197733,0.0016537824194529094,0.0032583583839368257,0.002364091589157624,0.0002283258027091506,0.002554410460930967,0.0034879900396965233
gmat_d03_critical_700km_i63p4_may_24h_g20,numerical_gravity_2x0,EarthMJ2000Eq,23700.0,2026-05-10T03:43:00Z,-0.001104670445783995,-0.0016575056633882923,0.0012368536772555672,0.002344659642014911,0.0017356374115706785,0.0002135616128384754,0.0018003927237941753,0.0025098724562839735
gmat_d03_critical_700km_i63p4_may_24h_g20,numerical_gravity_2x0,EarthMJ2000Eq,23760.0,2026-05-10T03:44:00Z,0.00010217536328127608,0.00016736953512008768,-0.00014060333342058584,0.00024129165654235835,-0.00018114310051942084,-3.604938569878868e-05,-0.00017745804825608502,0.0002561322704500705
gmat_d03_critical_700km_i63p4_may_24h_g20,numerical_gravity_2x0,EarthMJ2000Eq,23820.0,2026-05-10T03:45:00Z,-0.0011675074347294867,-0.0022862905098008923,0.002146546648873482,0.003346320430135797,0.0027195898866239077,0.0007291154346944495,0.002206081539668503,0.0035769504089661164
gmat_d03_critical_700km_i63p4_may_24h_g20,numerical_gravity_2x0,EarthMJ2000Eq,23880.0,2026-05-10T03:46:00Z,-0.0006387290341081098,-0.0012232958397362381,0.0011285310392850079,0.0017826973375080714,0.0014421002170195152,0.0003714752949690592,0.0011893224183268103,0.0019058160313720773
gmat_d03_critical_700km_i63p4_may_24h_g20,numerical_gravity_2x0,EarthMJ2000Eq,23940.0,2026-05-10T03:47:00Z,-0.000685762643115595,-0.0018831331090041203,0.002107114596583415,0.0029079877290070014,0.002490490924600408,0.0009336913464608187,0.00160104729474142,0.003104460825324042
gmat_d03_critical_700km_i63p4_may_24h_g20,numerical_gravity_2x0,EarthMJ2000Eq,24000.0,2026-05-10T03:48:00Z,-0.0005177589628146961,-0.0013973281056678388,0.0015505343071708921,0.0021505247769272825,0.0018385672984067014,0.000680347334025555,0.001193979137781298,0.002295384148055216
gmat_d03_critical_700km_i63p4_may_24h_g20,numerical_gravity_2x0,EarthMJ2000Eq,24060.0,2026-05-10T03:49:00Z,-8.56789483805187e-05,-0.0003900768206221983,0.000500668647873681,0.0006404450820686925,0.0005646318967933439,0.0002565965218082056,0.0002858913106251748,0.000682923711238304
gmat_d03_critical_700km_i63p4_may_24h_g20,numerical_gravity_2x0,EarthMJ2000Eq,24120.0,2026-05-10T03:50:00Z,-0.0001094849721994251,-0.0005946394594502635,0.0007923017619759776,0.0009966569760469493,0.0008803855422456763,0.00041941916606447194,0.0004204432357823862,0.0010619621718180898
gmat_d03_critical_700km_i63p4_may_24h_g20,numerical_gravity_2x0,EarthMJ2000Eq,24180.0,2026-05-10T03:51:00Z,-4.6004061005078256e-05,-0.00033685182643239386,0.00046506738726748154,0.0005760843699490555,0.000510955833199489,0.00025420110461027434,0.0002241318242113266,0.0006131306057358128
gmat_d03_critical_700km_i63p4_may_24h_g20,numerical_gravity_2x0,EarthMJ2000Eq,24240.0,2026-05-10T03:52:00Z,1.6678313841111958e-05,-0.00221526079258183,0.0034945296647492796,0.0041375591987445415,0.0036710643969151135,0.002087490180713303,0.0012459038245538068,0.004403022303022094
gmat_d03_critical_700km_i63p4_may_24h_g20,numerical_gravity_2x0,EarthMJ2000Eq,24300.0,2026-05-10T03:53:00Z,5.9872036217711866e-05,-0.0008638771760161035,0.0014233621641324135,0.0016660817165571802,0.001475779498605334,0.0008737721657325892,0.0004426414790259514,0.0017712522138496009
gmat_d03_critical_700km_i63p4_may_24h_g20,numerical_gravity_2x0,EarthMJ2000Eq,24360.0,2026-05-10T03:54:00Z,4.2516148823779076e-05,-0.00018093760445481166,0.00032810908123792615,0.00037709628585740225,0.0003307465412660804,0.00021329160659888657,6.717026934666137e-05,0.0003992473282178758
gmat_d03_critical_700km_i63p4_may_24h_g20,numerical_gravity_2x0,EarthMJ2000Eq,24420.0,2026-05-10T03:55:00Z,0.0006743648555129766,-0.0018303153410670348,0.0037004723481004476,0.004183099067097552,0.003625106215210394,0.002512446695135395,0.0005209290776519993,0.00444130054954595
gmat_d03_critical_700km_i63p4_may_24h_g20,numerical_gravity_2x0,EarthMJ2000Eq,24480.0,2026-05-10T03:56:00Z,0.00030454339139396325,-0.000672496753395535,0.0014236323409022589,0.0016036606881233064,0.001377882474784542,0.0009858442950871904,0.00014660361813412237,0.0017005709950849888
gmat_d03_critical_700km_i63p4_may_24h_g20,numerical_gravity_2x0,EarthMJ2000Eq,24540.0,2026-05-10T03:57:00Z,0.00019415801943978295,-0.00023542907001683488,0.0006000536245664989,0.0006731927925023883,0.0005556042292909069,0.00044418424494097053,-1.665689808305615e-05,0.0007115287452474932
gmat_d03_critical_700km_i63p4_may_24h_g20,numerical_gravity_2x0,EarthMJ2000Eq,24600.0,2026-05-10T03:58:00Z,0.00030151659302646294,-0.00031951003620633855,0.0008645093885206734,0.0009697295509301807,0.0007908500521125461,0.0006506493122060419,-5.029576755077869e-05,0.0010253379914126532
gmat_d03_critical_700km_i63p4_may_24h_g20,numerical_gravity_2x0,EarthMJ2000Eq,24660.0,2026-05-10T03:59:00Z,0.00018908940546680242,-0.00017874026525532827,0.0005042593329562806,0.0005674331331151248,0.00045670978110479155,0.0003845674889646489,-4.376055073862517e-05,0.000598657634651317
gmat_d03_critical_700km_i63p4_may_24h_g20,numerical_gravity_2x0,EarthMJ2000Eq,24720.0,2026-05-10T04:00:00Z,0.0016935173334786668,-0.0009884106475510634,0.0036337237361294683,0.004129031939510241,0.0031492461971538432,0.002934777310059644,-0.0007303864180130404,0.0043662493961690715
gmat_d03_critical_700km_i63p4_may_24h_g20,numerical_gravity_2x0,EarthMJ2000Eq,24780.0,2026-05-10T04:01:00Z,0.0007057433322188444,-0.00035060929803876206,0.0014118102171778446,0.001616851452722341,0.0012060712428763054,0.0011607192984541825,-0.0003383231472753323,0.0017077293944531878
gmat_d03_critical_700km_i63p4_may_24h_g20,numerical_gravity_2x0,EarthMJ2000Eq,24840.0,2026-05-10T04:02:00Z,0.00026058933144668117,-7.83084033173509e-05,0.00043425757212389726,0.0005124633105314789,0.00035554847954699653,0.0003757465449893971,-0.00015297718647389047,0.0005394462039546831
gmat_d03_critical_700km_i63p4_may_24h_g20,numerical_gravity_2x0,EarthMJ2000Eq,24900.0,2026-05-10T04:03:00Z,0.0014748484318261035,-0.00031599302019458264,0.00230630621445016,0.0027557354445742863,0.0018437580351360339,0.002043949787200461,-0.0009398011258099359,0.0029086767748925145
gmat_d03_critical_700km_i63p4_may_24h_g20,numerical_gravity_2x0,EarthMJ2000Eq,24960.0,2026-05-10T04:04:00Z,0.0013976914488011971,-0.00017055936041288078,0.0019823696675302926,0.002431547116594824,0.0015345147375001034,0.0018154258096814146,-0.0009615979124077967,0.0025642107743337837
gmat_d03_critical_700km_i63p4_may_24h_g20,numerical_gravity_2x0,EarthMJ2000Eq,25020.0,2026-05-10T04:05:00Z,0.0015091791283339262,-6.498885340988636e-05,0.0019539165805326775,0.002469743953560124,0.0014614700560855454,0.0018487734398942024,-0.0011037961655802064,0.002602349694418968
gmat_d03_critical_700km_i63p4_may_24h_g20,numerical_gravity_2x0,EarthMJ2000Eq,25080.0,2026-05-10T04:06:00Z,0.0015902787708910182,4.637149686459452e-05,0.0018788900888466742,0.0024619839257871636,0.0013518564045966741,0.00184073198350454,-0.0012260130688446225,0.0025920875792926857
gmat_d03_critical_700km_i63p4_may_24h_g20,numerical_gravity_2x0,EarthMJ2000Eq,25140.0,2026-05-10T04:07:00Z,0.0016682938621670473,0.00015650766727048904,0.0018020023162534926,0.0024606729584082574,0.0012418475137110363,0.0018303824012022574,-0.001345074274183844,0.0025887660738298504
gmat_d03_critical_700km_i63p4_may_24h_g20,numerical_gravity_2x0,EarthMJ2000Eq,25200.0,2026-05-10T04:08:00Z,0.0017393890630046371,0.0002658398443600163,0.0017178704183606897,0.002459110389882536,0.0011272733857481398,0.0018127853662619486,-0.0014583605434381752,0.0025852952529656706
gmat_d03_critical_700km_i63p4_may_24h_g20,numerical_gravity_2x0,EarthMJ2000Eq,25260.0,2026-05-10T04:09:00Z,0.001803487066354137,0.00037390145735116675,0.001627120582270436,0.002457618621260032,0.0010088072599501174,0.0017882777481048606,-0.0015655610141607212,0.0025819780559011344
gmat_d03_critical_700km_i63p4_may_24h_g20,numerical_gravity_2x0,EarthMJ2000Eq,25320.0,2026-05-10T04:10:00Z,0.001860374595707981,0.00048029869503807276,0.001530132067273371,0.0024562134712009845,0.0008869198708794102,0.0017570063182148488,-0.0016663452839793536,0.0025788378516393546
gmat_d03_critical_700km_i63p4_may_24h_g20,numerical_gravity_2x0,EarthMJ2000Eq,25380.0,2026-05-10T04:11:00Z,0.0019098579286946915,0.0005846113708685152,0.0014272982298280112,0.0024548947023481306,0.0007620810649200394,0.0017191421619600078,-0.0017603873914140422,0.0025758845258255906
gmat_d03_critical_700km_i63p4_may_24h_g20,numerical_gravity_2x0,EarthMJ2000Eq,25440.0,2026-05-10T04:12:00Z,0.0019517747205100022,0.0006864647730253637,0.0013190283425501548,0.0024536695402350476,0.0006347642411697052,0.001674870908630055,-0.001847409780708631,0.002573138375661311
gmat_d03_critical_700km_i63p4_may_24h_g20,numerical_gravity_2x0,EarthMJ2000Eq,25500.0,2026-05-10T04:13:00Z,0.0019864335172314895,0.0007857224773033522,0.0012059072105330415,0.002453057302660491,0.0005054037188756411,0.0016246928247198866,-0.0019276629181774751,0.0025711756104681203
gmat_d03_critical_700km_i63p4_may_24h_g20,numerical_gravity_2x0,EarthMJ2000Eq,25560.0,2026-05-10T04:14:00Z,0.002009144964176812,0.0008795086614554748,0.0010866797310882248,0.002447666605281492,0.0003744347054635,0.0015657106722244407,-0.0019960531005835946,0.002564347721765211
gmat_d03_critical_700km_i63p4_may_24h_g20,numerical_gravity_2x0,EarthMJ2000Eq,25620.0,2026-05-10T04:15:00Z,0.0020434550833670073,0.0009803643479244784,0.0009706554919830523,0.0024655618054586896,0.00024267787779308492,0.0015142473941409662,-0.002077271687994653,0.002582033188937938
gmat_d03_critical_700km_i63p4_may_24h_g20,numerical_gravity_2x0,EarthMJ2000Eq,25680.0,2026-05-10T04:16:00Z,0.002005316105169186,0.0010422390914754942,0.0008266224540420808,0.002406420513330355,0.00010902745373186917,0.0014131567027675374,-0.002082689132265614,0.002519224657290685
gmat_d03_critical_700km_i63p4_may_24h_g20,numerical_gravity_2x0,EarthMJ2000Eq,25740.0,2026-05-10T04:17:00Z,0.0015459103224202408,0.000867928520165151,0.000534613718627952,0.001851742549391445,-1.9448442856173642e-05,0.0010314322729243486,-0.0016397536661827417,0.0019372720153141014
gmat_d03_critical_700km_i63p4_may_24h_g20,numerical_gravity_2x0,EarthMJ2000Eq,25800.0,2026-05-10T04:18:00Z,0.0016147256474141614,0.0009686023076938,0.00046153309085639194,0.0019386959897937303,-0.0001191127196875641,0.0010218945689643988,-0.0017473362756703636,0.0020277180302852465
gmat_d03_critical_700km_i63p4_may_24h_g20,numerical_gravity_2x0,EarthMJ2000Eq,25860.0,2026-05-10T04:19:00Z,0.001589347789376916,0.0010194958122156095,0.0003506074790493585,0.0019205009010900779,-0.00022294610602102694,0.0009468617001573421,-0.001756970124944246,0.0020082818690018065
gmat_d03_critical_700km_i63p4_may_24h_g20,numerical_gravity_2x0,EarthMJ2000Eq,25920.0,2026-05-10T04:20:00Z,0.0015744803931738716,0.0010751246009021997,0.0002452225089655258,0.0019222423090904568,-0.00032505376168501243,0.0008800791206908798,-0.0017774584026852835,0.00200986506510714
gmat_d03_critical_700km_i63p4_may_24h_g20,numerical_gravity_2x0,EarthMJ2000Eq,25980.0,2026-05-10T04:21:00Z,0.001551933110022219,0.0011258075574005488,0.00013817134458804503,0.0019222461743358197,-0.0004262634689666811,0.0008088143488294008,-0.0017898127424587074,0.002009803684173008
gmat_d03_critical_700km_i63p4_may_24h_g20,numerical_gravity_2x0,EarthMJ2000Eq,26040.0,2026-05-10T04:22:00Z,0.0015233588328555925,0.0011721208466042299,3.0576302378904074e-05,0.0019223486476054586,-0.0005258957713749624,0.0007345439811956567,-0.0017955057302065924,0.002009965683753218
gmat_d03_critical_700km_i63p4_may_24h_g20,numerical_gravity_2x0,EarthMJ2000Eq,26100.0,2026-05-10T04:23:00Z,0.0014888628356857225,0.001213896211993415,-7.715789251960814e-05,0.0019225529634723096,-0.0006236131611103701,0.0006575158195687436,-0.0017945213648395963,0.002010355032465408
gmat_d03_critical_700km_i63p4_may_24h_g20,numerical_gravity_2x0,EarthMJ2000Eq,26160.0,2026-05-10T04:24:00Z,0.0014485699466604274,0.001250973127753241,-0.00018463470041751862,0.0019228568925759365,-0.0007190879003360351,0.0005779901002256338,-0.0017868566626333404,0.0020109740667561293
gmat_d03_critical_700km_i63p4_may_24h_g20,numerical_gravity_2x0,EarthMJ2000Eq,26220.0,2026-05-10T04:25:00Z,0.001402622274326859,0.0012832101674575824,-0.0002914493961725384,0.0019232577385347247,-0.000811994915750347,0.0004962261712648797,-0.0017725274581437134,0.0020118224936922315
gmat_d03_critical_700km_i63p4_may_24h_g20,numerical_gravity_2x0,EarthMJ2000Eq,26280.0,2026-05-10T04:26:00Z,0.001351186256215442,0.001310480001848191,-0.0003972045305999927,0.0019237550710417108,-0.0009020126867653744,0.00041249581528290946,-0.0017515608963236673,0.002012894745942214
gmat_d03_critical_700km_i63p4_may_24h_g20,numerical_gravity_2x0,EarthMJ2000Eq,26340.0,2026-05-10T04:27:00Z,0.001294674802920781,0.0013330204637895804,-0.0005017636794946156,0.0019248099106820202,-0.0009892442420778025,0.0003269340353995176,-0.0017243031447122803,0.002014624374133143
gmat_d03_critical_700km_i63p4_may_24h_g20,numerical_gravity_2x0,EarthMJ2000Eq,26400.0,2026-05-10T04:28:00Z,0.0012304867595958058,0.0013471736792780575,-0.0006025793481967412,0.0019214776757884478,-0.0010701173280835974,0.0002397131382281259,-0.0016866406049587113,0.002011807648558739
gmat_d03_critical_700km_i63p4_may_24h_g20,numerical_gravity_2x0,EarthMJ2000Eq,26460.0,2026-05-10T04:29:00Z,0.0011711886145349126,0.0013681036534762825,-0.0007080316208885051,0.001935122516444208,-0.0011577814262864194,0.00015199930203380063,-0.0016566099603210205,0.0020267999850768184
gmat_d03_critical_700km_i63p4_may_24h_g20,numerical_gravity_2x0,EarthMJ2000Eq,26520.0,2026-05-10T04:30:00Z,0.001073885869118385,0.0013431067600322422,-0.000788054421718698,0.0018916121167741678,-0.0012056791121040078,6.0602189932978945e-05,-0.0015717418477834144,0.0019818443891643465
gmat_d03_critical_700km_i63p4_may_24h_g20,numerical_gravity_2x0,EarthMJ2000Eq,26580.0,2026-05-10T04:31:00Z,0.0008149772838805802,0.001093999060230999,-0.0007145754352677613,0.0015400129771257732,-0.0010365086566821446,-1.8949286584302172e-05,-0.0012377543434638483,0.0016145417571567173
gmat_d03_critical_700km_i63p4_may_24h_g20,numerical_gravity_2x0,EarthMJ2000Eq,26640.0,2026-05-10T04:32:00Z,0.0006501049938378856,0.0009481767619945458,-0.0006877125997561961,0.001339635881447957,-0.0009497633790545024,-8.062261969143947e-05,-0.0010336500544383398,0.001406052245842707
gmat_d03_critical_700km_i63p4_may_24h_g20,numerical_gravity_2x0,EarthMJ2000Eq,26700.0,2026-05-10T04:33:00Z,0.000617564182903152,0.0009777627383300569,-0.0007737762643955648,0.0013914507536429322,-0.0010279408435565074,-0.00014482282040262362,-0.0010290479579566636,0.0014617030228250246
gmat_d03_critical_700km_i63p4_may_24h_g20,numerical_gravity_2x0,EarthMJ2000Eq,26760.0,2026-05-10T04:34:00Z,0.000548952812096104,0.0009590944500814658,-0.0008283659553853795,0.0013810870755049524,-0.0010608252054566947,-0.00020838619718688278,-0.0009696119462887509,0.0014522128804332058
gmat_d03_critical_700km_i63p4_may_24h_g20,numerical_gravity_2x0,EarthMJ2000Eq,26820.0,2026-05-10T04:35:00Z,0.00048486799641977996,0.0009456430234422442,-0.0008855886335368268,0.0013833310990456133,-0.0010982641462931042,-0.0002716609159847394,-0.000916283937613116,0.001455870888037255
gmat_d03_critical_700km_i63p4_may_24h_g20,numerical_gravity_2x0,EarthMJ2000Eq,26880.0,2026-05-10T04:36:00Z,0.0004179746611043811,0.0009274608601117507,-0.0009388322723680176,0.0013843021707720632,-0.0011306915403963558,-0.00033426950096782093,-0.0008578604493436615,0.001458123454769612
gmat_d03_critical_700km_i63p4_may_24h_g20,numerical_gravity_2x0,EarthMJ2000Eq,26940.0,2026-05-10T04:37:00Z,0.0003492668838589452,0.0009055493137566373,-0.0009884588507702574,0.0013853006227789377,-0.00115884635221164,-0.0003958797734071595,-0.0007957687842008454,0.001460442953673857
gmat_d03_critical_700km_i63p4_may_24h_g20,numerical_gravity_2x0,EarthMJ2000Eq,27000.0,2026-05-10T04:38:00Z,0.0002787937773973681,0.0008752504072617739,-0.001027071448334027,0.001377920536790983,-0.001174999875175331,-0.00045222492417451576,-0.0007272111801626124,0.0014539491701088417
gmat_d03_critical_700km_i63p4_may_24h_g20,numerical_gravity_2x0,EarthMJ2000Eq,27060.0,2026-05-10T04:39:00Z,0.00020953757484676316,0.0008976485332823358,-0.001147142938862089,0.0014716031417327643,-0.0012766281365372834,-0.0005549249948444412,-0.0006910569894102991,0.0015541174059621706
gmat_d03_critical_700km_i63p4_may_24h_g20,numerical_gravity_2x0,EarthMJ2000Eq,27120.0,2026-05-10T04:40:00Z,0.0001242033249582164,0.0005783372216683347,-0.0007491812539228704,0.0009545538010647535,-0.0008322821321016249,-0.00036828229355023723,-0.00043755132850265,0.0010098398686092186
gmat_d03_critical_700km_i63p4_may_24h_g20,numerical_gravity_2x0,EarthMJ2000Eq,27180.0,2026-05-10T04:41:00Z,0.00012256987247383222,0.002149891315639252,-0.0032243910936813336,0.003877338516006931,-0.003414377891530762,-0.0017902426208138422,-0.0013816370270092193,0.004095346859785547
gmat_d03_critical_700km_i63p4_may_24h_g20,numerical_gravity_2x0,EarthMJ2000Eq,27240.0,2026-05-10T04:42:00Z,3.1166564440354705e-05,0.0017023835425789002,-0.0026321617951907683,0.003134861527539038,-0.0027651582412691056,-0.0014953287497121437,-0.0010461640442827047,0.0033130903061226813
gmat_d03_critical_700km_i63p4_may_24h_g20,numerical_gravity_2x0,EarthMJ2000Eq,27300.0,2026-05-10T04:43:00Z,-0.00010059648047899827,0.000503644969285233,-0.0009072191460290924,0.0010425087461948894,-0.0009200547546051041,-0.000569924551996337,-0.00022939694588330894,0.0011063171811104958
gmat_d03_critical_700km_i63p4_may_24h_g20,numerical_gravity_2x0,EarthMJ2000Eq,27360.0,2026-05-10T04:44:00Z,-0.0001245025487150997,0.0006269037839956582,-0.0011302797702228418,0.0012984766451498582,-0.001144229599958635,-0.0007100409149529696,-0.000285656831522374,0.0013765970012041106
gmat_d03_critical_700km_i63p4_may_24h_g20,numerical_gravity_2x0,EarthMJ2000Eq,27420.0,2026-05-10T04:45:00Z,-0.00040110353438649327,0.0009569084795657545,-0.001990099349313823,0.0022443380546837153,-0.0019456509736670569,-0.001339046651338549,-0.0002829576573049053,0.002378795636791868
gmat_d03_critical_700km_i63p4_may_24h_g20,numerical_gravity_2x0,EarthMJ2000Eq,27480.0,2026-05-10T04:46:00Z,-9.889026841847226e-05,0.0002602182576083578,-0.0005208441962167853,0.0005905687965963969,-0.000515556930480443,-0.00034771296952840203,-8.264500195309665e-05,0.0006273224482612615
gmat_d03_critical_700km_i63p4_may_24h_g20,numerical_gravity_2x0,EarthMJ2000Eq,27540.0,2026-05-10T04:47:00Z,-0.0007435528459609486,0.0009384093573316932,-0.0023821364436571457,0.002666093957996196,-0.0022362078855309164,-0.0017331105439666317,-2.106226304476877e-05,0.002829265184432794
gmat_d03_critical_700km_i63p4_may_24h_g20,numerical_gravity_2x0,EarthMJ2000Eq,27600.0,2026-05-10T04:48:00Z,-0.0014176093827700242,0.0014298684618552215,-0.003985652966775888,0.004465374536575321,-0.0036770821942866405,-0.002985303559910335,0.00017568080323826507,0.004739602784303724
gmat_d03_critical_700km_i63p4_may_24h_g20,numerical_gravity_2x0,EarthMJ2000Eq,27660.0,2026-05-10T04:49:00Z,-0.0002052229319815524,0.00021846699382876977,-0.0005853682978340657,0.0006576475677084468,-0.0005456448626262045,-0.0004385749541313544,2.1453061549436825e-05,0.0007003831382547221
gmat_d03_critical_700km_i63p4_may_24h_g20,numerical_gravity_2x0,EarthMJ2000Eq,27720.0,2026-05-10T04:50:00Z,-0.0013425378710962832,0.000684156475472264,-0.002718762516451534,0.0031083995301634322,-0.0023785000635712095,-0.002223272232981799,0.0005746976228238054,0.0033061275432196284
gmat_d03_critical_700km_i63p4_may_24h_g20,numerical_gravity_2x0,EarthMJ2000Eq,27780.0,2026-05-10T04:51:00Z,-0.0004343792170402594,0.00026292855181964114,-0.00093726634986524,0.0010659666684039388,-0.0008323142175470366,-0.000753717754875538,0.00016339996022907144,0.0011346968572039052
gmat_d03_critical_700km_i63p4_may_24h_g20,numerical_gravity_2x0,EarthMJ2000Eq,27840.0,2026-05-10T04:52:00Z,-0.0013389080777415074,0.00035518860386218876,-0.002196075911342632,0.0025964558908894257,-0.0018312151794930287,-0.0019221995106732948,0.0007736256080193016,0.002765266094577803
gmat_d03_critical_700km_i63p4_may_24h_g20,numerical_gravity_2x0,EarthMJ2000Eq,27900.0,2026-05-10T04:53:00Z,-0.0024365208446397446,0.00047479261411353946,-0.003735639893420739,0.004485205376133544,-0.0030553195529137156,-0.003346782295743367,0.0015100045658300587,0.00477661418730315
gmat_d03_critical_700km_i63p4_may_24h_g20,numerical_gravity_2x0,EarthMJ2000Eq,27960.0,2026-05-10T04:54:00Z,-0.0004009179974673316,7.30842657503672e-05,-0.0005970682650513481,0.0007228880022001421,-0.0004857234614519257,-0.0005419695248143341,0.0002547020372389852,0.0007710586064664637
gmat_d03_critical_700km_i63p4_may_24h_g20,numerical_gravity_2x0,EarthMJ2000Eq,28020.0,2026-05-10T04:55:00Z,-0.0016648809832986444,1.885655365185812e-05,-0.0020676602616731543,0.0026546945616901735,-0.0015779999529286215,-0.0020088323920974815,0.0012205285671029742,0.0028311095729585
gmat_d03_critical_700km_i63p4_may_24h_g20,numerical_gravity_2x0,EarthMJ2000Eq,28080.0,2026-05-10T04:56:00Z,-0.0030395422072615474,-0.0001478247213526629,-0.003497368197713513,0.004635973823086716,-0.0025871047526493385,-0.0035064859904565537,0.002337602111879278,0.004944991267526297
gmat_d03_critical_700km_i63p4_may_24h_g20,numerical_gravity_2x0,EarthMJ2000Eq,28140.0,2026-05-10T04:57:00Z,-5.7784745877142996e-05,8.264578355010599e-06,-7.295557225006633e-05,9.343391051329678e-05,-5.7482019144572405e-05,-7.147682445918235e-05,3.842703932832592e-05,9.944725391506024e-05
gmat_d03_critical_700km_i63p4_may_24h_g20,numerical_gravity_2x0,EarthMJ2000Eq,28200.0,2026-05-10T04:58:00Z,-0.0014870174709358253,-0.00024225664674304426,-0.001437801074644085,0.002082590015343214,-0.0009781135901221205,-0.001558659312728139,0.001248195324876633,0.0022235369611004045
gmat_d03_critical_700km_i63p4_may_24h_g20,numerical_gravity_2x0,EarthMJ2000Eq,28260.0,2026-05-10T04:59:00Z,-0.0014339630070026033,-0.00031794479582458735,-0.001253468326467555,0.0019309380218177016,-0.0008020499819849647,-0.001426261109216398,0.001255759940477219,0.0020626288937597623
gmat_d03_critical_700km_i63p4_may_24h_g20,numerical_gravity_2x0,EarthMJ2000Eq,28320.0,2026-05-10T05:00:00Z,-0.001497740413469728,-0.00040603572415420786,-0.0011934434951399453,0.0019576513304267826,-0.0007145795066776373,-0.0014226113620452452,0.001357155277048605,0.0020919649626140392
gmat_d03_critical_700km_i63p4_may_24h_g20,numerical_gravity_2x0,EarthMJ2000Eq,28380.0,2026-05-10T05:01:00Z,-0.0015360787983809132,-0.0004903276931145228,-0.001108123797166627,0.001956501385462669,-0.0006095213223034079,-0.001391755377611048,0.0014373169321402202,0.002091501670300251
gmat_d03_critical_700km_i63p4_may_24h_g20,numerical_gravity_2x0,EarthMJ2000Eq,28440.0,2026-05-10T05:02:00Z,-0.0015694611192884622,-0.0005728061296395026,-0.0010195926734013483,0.001957264490753482,-0.0005027667171475514,-0.0013564838141633118,0.0015126193630976559,0.0020930456391527468
gmat_d03_critical_700km_i63p4_may_24h_g20,numerical_gravity_2x0,EarthMJ2000Eq,28500.0,2026-05-10T05:03:00Z,-0.0015963646546879318,-0.0006529908205266111,-0.0009267341738450341,0.001957961529601941,-0.0003936584391794895,-0.0013153824696132688,0.0015816339349328246,0.0020944602913959063
gmat_d03_critical_700km_i63p4_may_24h_g20,numerical_gravity_2x0,EarthMJ2000Eq,28560.0,2026-05-10T05:04:00Z,-0.0016166634395631263,-0.0007305370672838762,-0.0008299293767777272,0.0019585882298059666,-0.00028267521656744066,-0.0012686180994592178,0.0016440426797714736,0.002095751295656795
gmat_d03_critical_700km_i63p4_may_24h_g20,numerical_gravity_2x0,EarthMJ2000Eq,28620.0,2026-05-10T05:05:00Z,-0.001630258566365228,-0.0008051147233345546,-0.0007295866453205235,0.0019591450645542663,-0.0001702940011227838,-0.0012163785534369254,0.001699548946021423,0.002096912838437078
gmat_d03_critical_700km_i63p4_may_24h_g20,numerical_gravity_2x0,EarthMJ2000Eq,28680.0,2026-05-10T05:06:00Z,-0.001637081368244253,-0.0008763977348280605,-0.0006261243470362388,0.0019596275395635234,-5.701217276055104e-05,-0.001158878770723959,0.0017478867242459728,0.0020979414657880404
gmat_d03_critical_700km_i63p4_may_24h_g20,numerical_gravity_2x0,EarthMJ2000Eq,28740.0,2026-05-10T05:07:00Z,-0.0016370923674458027,-0.0009440791473025456,-0.0005199854058446363,0.0019600361420678484,5.667999403158319e-05,-0.001096360335850477,0.0017888290848588895,0.0020988397038808567
gmat_d03_critical_700km_i63p4_may_24h_g20,numerical_gravity_2x0,EarthMJ2000Eq,28800.0,2026-05-10T05:08:00Z,-0.0016297985894198064,-0.0010074650163005572,-0.00041165367292705923,0.001959767319754723,0.00017005241659262538,-0.0010288792040569206,0.0018215833286205907,0.0020989702389596345
gmat_d03_critical_700km_i63p4_may_24h_g20,numerical_gravity_2x0,EarthMJ2000Eq,28860.0,2026-05-10T05:09:00Z,-0.0016205610791075742,-0.0010704516171244904,-0.0003015793481608853,0.0019654605004832547,0.00028461766277132483,-0.0009592682204129233,0.0018524857203772171,0.002105446764194499
gmat_d03_critical_700km_i63p4_may_24h_g20,numerical_gravity_2x0,EarthMJ2000Eq,28920.0,2026-05-10T05:10:00Z,-0.0015817495295777917,-0.0011112965694337618,-0.00019003618945134804,0.0019424277059535578,0.00038973002602915585,-0.0008744516222236598,0.0018477936958305463,0.0020810806508036604
gmat_d03_critical_700km_i63p4_may_24h_g20,numerical_gravity_2x0,EarthMJ2000Eq,28980.0,2026-05-10T05:11:00Z,-0.0016116896404128056,-0.0012058321772201452,-7.848666427889839e-05,0.002014382012703415,0.0005205524900020464,-0.0008224025904723931,0.0019264909667526808,0.002158399490512058
gmat_d03_critical_700km_i63p4_may_24h_g20,numerical_gravity_2x0,EarthMJ2000Eq,29040.0,2026-05-10T05:12:00Z,-0.00219798062062182,-0.0017422835298930295,4.499179340200499e-05,0.0028051194214576895,0.0008716893873383924,-0.0010298650821027877,0.0026860056401289967,0.0030058427726908383
gmat_d03_critical_700km_i63p4_may_24h_g20,numerical_gravity_2x0,EarthMJ2000Eq,29100.0,2026-05-10T05:13:00Z,-0.002045331257249927,-0.0017250554265046958,0.0002050746843451634,0.0026835148224960735,0.0009860769978331518,-0.0008612346391601022,0.002560508916005233,0.002875809252764718
gmat_d03_critical_700km_i63p4_may_24h_g20,numerical_gravity_2x0,EarthMJ2000Eq,29160.0,2026-05-10T05:14:00Z,-0.0020015004338347353,-0.0017886789009935455,0.0003586646926123649,0.0027081389475480822,0.001134188742923925,-0.0007483933472940407,0.0025646261780920554,0.0029023756028819553
gmat_d03_critical_700km_i63p4_may_24h_g20,numerical_gravity_2x0,EarthMJ2000Eq,29220.0,2026-05-10T05:15:00Z,-0.0019271687961008865,-0.001828207132348325,0.0005117944965604693,0.0027052272536967777,0.001270332283809239,-0.0006210534309047944,0.0025311197582311706,0.002899313488713291
gmat_d03_critical_700km_i63p4_may_24h_g20,numerical_gravity_2x0,EarthMJ2000Eq,29280.0,2026-05-10T05:16:00Z,-0.0018469854694558308,-0.0018616158286022255,0.0006624541128985584,0.0027047761958024445,0.0014014993610089732,-0.0004922080520941563,0.0024891602112830924,0.002898687251651991
gmat_d03_critical_700km_i63p4_may_24h_g20,numerical_gravity_2x0,EarthMJ2000Eq,29340.0,2026-05-10T05:17:00Z,-0.0017591100913705304,-0.0018872298142014188,0.0008102770152618177,0.0027041918435336564,0.0015265326780422583,-0.00036130032299297454,0.0024364092965356576,0.002897745710163519
gmat_d03_critical_700km_i63p4_may_24h_g20,numerical_gravity_2x0,EarthMJ2000Eq,29400.0,2026-05-10T05:18:00Z,-0.001663933744566748,-0.0019049418824579334,0.000954615643422585,0.002703473711452991,0.0016448433726168332,-0.00022894308671084218,0.0023731212550615055,0.002896485654827053
gmat_d03_critical_700km_i63p4_may_24h_g20,numerical_gravity_2x0,EarthMJ2000Eq,29460.0,2026-05-10T05:19:00Z,-0.0015618725228705443,-0.0019146850149809325,0.0010948469935101457,0.002702619918428919,0.0017558727805067065,-9.57545154278705e-05,0.0022996031745492473,0.002894897737217354
gmat_d03_critical_700km_i63p4_may_24h_g20,numerical_gravity_2x0,EarthMJ2000Eq,29520.0,2026-05-10T05:20:00Z,-0.0014533843568642624,-0.001916428075787735,0.0012303680705372244,0.002701634365979734,0.0018591066464068717,3.7618796966398804e-05,0.0022162218726862193,0.002892979793495319
gmat_d03_critical_700km_i63p4_may_24h_g20,numerical_gravity_2x0,EarthMJ2000Eq,29580.0,2026-05-10T05:21:00Z,-0.0013389444575295784,-0.0019101785824204853,0.0013606031643575989,0.0027005176259278555,0.0019540835616282948,0.00017055512557817565,0.0021234032310246675,0.0028907391612203455
gmat_d03_critical_700km_i63p4_may_24h_g20,numerical_gravity_2x0,EarthMJ2000Eq,29640.0,2026-05-10T05:22:00Z,-0.0012190121196908876,-0.0018956943677039817,0.0014846100384602323,0.0026988357953004038,0.00203990202507498,0.000302168956523019,0.002021438127997044,0.0028876839258325016
gmat_d03_critical_700km_i63p4_may_24h_g20,numerical_gravity_2x0,EarthMJ2000Eq,29700.0,2026-05-10T05:23:00Z,-0.0010955682228086516,-0.0018765390450425912,0.0016055728337960318,0.002701764727547772,0.0021207169353942845,0.0004333990943905519,0.001913976532819106,0.0028893911578858483
gmat_d03_critical_700km_i63p4_may_24h_g20,numerical_gravity_2x0,EarthMJ2000Eq,29760.0,2026-05-10T05:24:00Z,-0.0009613268048269674,-0.0018349790025240509,0.0017044985725078732,0.002682650284525429,0.002173652813297622,0.0005562679206150278,0.001785430470135907,0.0028673964699622127
gmat_d03_critical_700km_i63p4_may_24h_g20,numerical_gravity_2x0,EarthMJ2000Eq,29820.0,2026-05-10T05:25:00Z,-0.0008469260137644596,-0.0018358473425905686,0.0018459104467183352,0.0027377005890695375,0.002278587096782303,0.0006945590769191767,0.001696590423705402,0.0029245154358906195
gmat_d03_critical_700km_i63p4_may_24h_g20,numerical_gravity_2x0,EarthMJ2000Eq,29880.0,2026-05-10T05:26:00Z,-0.000772622115619015,-0.0019642404822661774,0.0021390551410149783,0.003005119382324016,0.0025589874663722867,0.0009045715287925304,0.0017105383776083727,0.003208209476487406
gmat_d03_critical_700km_i63p4_may_24h_g20,numerical_gravity_2x0,EarthMJ2000Eq,29940.0,2026-05-10T05:27:00Z,-0.00052462473831838,-0.0015907812667137478,0.0018546720639278647,0.0024991247706542125,0.002162945156314322,0.0008525118389002273,0.0013056027370339507,0.002666403325012774
gmat_d03_critical_700km_i63p4_may_24h_g20,numerical_gravity_2x0,EarthMJ2000Eq,30000.0,2026-05-10T05:28:00Z,-0.0002734932422754355,-0.0011173965503985528,0.001416620762029197,0.0018248802667093253,0.0016035202055064701,0.0007110001476462458,0.0008408056473285797,0.001945186982271917
gmat_d03_critical_700km_i63p4_may_24h_g20,numerical_gravity_2x0,EarthMJ2000Eq,30060.0,2026-05-10T05:29:00Z,-0.00020141851564403623,-0.0011595402611419559,0.0015710829757153988,0.0019630091065087176,0.0017373752436711243,0.0008363336689853895,0.0008081375568735893,0.00209069678672673
gmat_d03_critical_700km_i63p4_may_24h_g20,numerical_gravity_2x0,EarthMJ2000Eq,30120.0,2026-05-10T05:30:00Z,-9.171071724267676e-05,-0.0010890717021538876,0.0015943164726195391,0.0019329596589053642,0.001718166220410211,0.0009010472368231603,0.0006828120291402229,0.0020567482955101608
gmat_d03_critical_700km_i63p4_may_24h_g20,numerical_gravity_2x0,EarthMJ2000Eq,30180.0,2026-05-10T05:31:00Z,1.0937583283521235e-05,-0.0010346725503040943,0.0016342248727596598,0.0019342589929549736,0.0017191269449656765,0.0009720357851961126,0.0005724372087456686,0.002056194392212316
gmat_d03_critical_700km_i63p4_may_24h_g20,numerical_gravity_2x0,EarthMJ2000Eq,30240.0,2026-05-10T05:32:00Z,0.0001138623701990582,-0.0009743621376401279,0.0016651738405926153,0.0019326536508148448,0.0017105328264932496,0.001037568253536847,0.0004589582047742624,0.0020525869202029185
gmat_d03_critical_700km_i63p4_may_24h_g20,numerical_gravity_2x0,EarthMJ2000Eq,30300.0,2026-05-10T05:33:00Z,0.00021606228983728215,-0.0009102573130803648,0.0016892747680685716,0.0019310361289057078,0.0016950060244269594,0.0010985039544664232,0.00034424108008579424,0.0020489651734572475
gmat_d03_critical_700km_i63p4_may_24h_g20,numerical_gravity_2x0,EarthMJ2000Eq,30360.0,2026-05-10T05:34:00Z,0.0003171262505929917,-0.0008426386557403021,0.0017064675148503738,0.00192941450761691,0.0016726964258140242,0.0011546510414461864,0.00022875745742112485,0.0020453513964034525
gmat_d03_critical_700km_i63p4_may_24h_g20,numerical_gravity_2x0,EarthMJ2000Eq,30420.0,2026-05-10T05:35:00Z,0.0004166540747974068,-0.0007717953849351034,0.0017167209307444864,0.0019277965370620995,0.0016437728955764896,0.0012058478660037508,0.00011298517677005293,0.0020417698348118175
gmat_d03_critical_700km_i63p4_may_24h_g20,numerical_gravity_2x0,EarthMJ2000Eq,30480.0,2026-05-10T05:36:00Z,0.0005114079613122158,-0.0006967184162931517,0.0017144586035300335,0.0019199799367997854,0.001603879029588029,0.0012474528077177638,-1.1004530620084552e-06,0.002031887708519374
gmat_d03_critical_700km_i63p4_may_24h_g20,numerical_gravity_2x0,EarthMJ2000Eq,30540.0,2026-05-10T05:37:00Z,0.0006323543857433833,-0.0006343643690343015,0.00176446866362312,0.0019787975861055465,0.0016088983478823593,0.0013320087255408453,-0.0001277440375702099,0.002092634625984735
gmat_d03_critical_700km_i63p4_may_24h_g20,numerical_gravity_2x0,EarthMJ2000Eq,30600.0,2026-05-10T05:38:00Z,0.0006108066372689791,-0.0004920102583128028,0.0015133285842239275,0.0017045005855810275,0.0013534315890240123,0.001173134034360146,-0.00019042545318370685,0.0018011891577406286
gmat_d03_critical_700km_i63p4_may_24h_g20,numerical_gravity_2x0,EarthMJ2000Eq,30660.0,2026-05-10T05:39:00Z,0.0011812389857368544,-0.0006830305210314691,0.002515044343454065,0.0028613465857224357,0.002183962788393501,0.0020276125223261943,-0.0005172662298491559,0.0030246438392517996
gmat_d03_critical_700km_i63p4_may_24h_g20,numerical_gravity_2x0,EarthMJ2000Eq,30720.0,2026-05-10T05:40:00Z,0.0019414965208852664,-0.0008226688805734739,0.0036688786622107727,0.004231650205971557,0.0030985982668596534,0.0030568041431422444,-0.0010166587571802665,0.004469782748352381
gmat_d03_critical_700km_i63p4_may_24h_g20,numerical_gravity_2x0,EarthMJ2000Eq,30780.0,2026-05-10T05:41:00Z,0.00044069929572287947,-0.00018369973986409605,0.0008179088126780698,0.0009470672043383343,0.0006889186998648711,0.000682752299141498,-0.000231150210083797,0.0009970908166402343
gmat_d03_critical_700km_i63p4_may_24h_g20,numerical_gravity_2x0,EarthMJ2000Eq,30840.0,2026-05-10T05:42:00Z,0.0011353840818628669,-0.00019101662473985925,0.0016825765669636894,0.0020387859789516675,0.0013265966103404025,0.0015106578210577482,-0.0007534604051784299,0.0021470091292449672
gmat_d03_critical_700km_i63p4_may_24h_g20,numerical_gravity_2x0,EarthMJ2000Eq,30900.0,2026-05-10T05:43:00Z,0.002566812327131629,-0.00028714475774904713,0.003592117082007462,0.004424283305289959,0.0027755095999282275,0.0032928891280370465,-0.0017850139144570676,0.004661850171728353
gmat_d03_critical_700km_i63p4_may_24h_g20,numerical_gravity_2x0,EarthMJ2000Eq,30960.0,2026-05-10T05:44:00Z,0.0004600328793458175,-6.237769412109628e-05,0.0006504451448563486,0.0007991245918317525,0.0005059765939563476,0.0005923406209973336,-0.00031090685581602884,0.0008387745811054257
gmat_d03_critical_700km_i63p4_may_24h_g20,numerical_gravity_2x0,EarthMJ2000Eq,31020.0,2026-05-10T05:45:00Z,0.0017156071407953277,0.00012841792340623215,0.0018914261090685613,0.0025568128110337145,0.0013237002605137604,0.0018978670301983414,-0.0013662813103110238,0.0026871557943117623
gmat_d03_critical_700km_i63p4_may_24h_g20,numerical_gravity_2x0,EarthMJ2000Eq,31080.0,2026-05-10T05:46:00Z,0.0008501469892507885,2.0028892322443426e-05,0.0009998580026149284,0.0013125803157342253,0.0007225837705959748,0.000977262271106838,-0.0006507567817948257,0.00137864181030083
gmat_d03_critical_700km_i63p4_may_24h_g20,numerical_gravity_2x0,EarthMJ2000Eq,31140.0,2026-05-10T05:47:00Z,0.0014292986634245608,0.0002632323230500333,0.0013275339370011352,0.0019683831636790857,0.0008452802902070289,0.0014347254495561401,-0.001221692969011201,0.0020653013327715524
gmat_d03_critical_700km_i63p4_may_24h_g20,numerical_gravity_2x0,EarthMJ2000Eq,31200.0,2026-05-10T05:48:00Z,0.0032542702683713287,0.0006909940566401929,0.002893873897846788,0.004409337127342004,0.0017881776059880394,0.003192279107722129,-0.0028371900384627224,0.004630105005991593
gmat_d03_critical_700km_i63p4_may_24h_g20,numerical_gravity_2x0,EarthMJ2000Eq,31260.0,2026-05-10T05:49:00Z,0.0006438031050493009,0.00013738826964981854,0.0005621759555651806,0.0008656787970859148,0.0003453486385751603,0.0006259688323240198,-0.0005575717665351476,0.0009066360548996155
gmat_d03_critical_700km_i63p4_may_24h_g20,numerical_gravity_2x0,EarthMJ2000Eq,31320.0,2026-05-10T05:50:00Z,0.0016640788089716807,0.0005422989488579333,0.0011764113878598437,0.0021088362159938714,0.0006019487130970447,0.0014550065596807826,-0.0015507577444395793,0.0022100307517889037
gmat_d03_critical_700km_i63p4_may_24h_g20,numerical_gravity_2x0,EarthMJ2000Eq,31380.0,2026-05-10T05:51:00Z,0.0033401186101400526,0.0011787469702539966,0.0022305202946881764,0.004185816232791727,0.001070444177742047,0.0028434312682179552,-0.0031669245004195545,0.004388662997553932
gmat_d03_critical_700km_i63p4_may_24h_g20,numerical_gravity_2x0,EarthMJ2000Eq,31440.0,2026-05-10T05:52:00Z,0.0017259283140447224,0.0006833297447883524,0.001030644853017293,0.0021232043939255615,0.00042795988974830834,0.0013996266368110355,-0.0016758945342587594,0.0022250228941884482
gmat_d03_critical_700km_i63p4_may_24h_g20,numerical_gravity_2x0,EarthMJ2000Eq,31500.0,2026-05-10T05:53:00Z,0.0014182998029355076,0.0006276322892517783,0.0007412672857753932,0.0017190037261388198,0.00024346658022977863,0.0010894543045480987,-0.0014121579461345846,0.0018001046420189613
gmat_d03_critical_700km_i63p4_may_24h_g20,numerical_gravity_2x0,EarthMJ2000Eq,31560.0,2026-05-10T05:54:00Z,0.0015360648148998735,0.0007356802598224021,0.00071586237027077,0.0018474792267940186,0.00017429968579563138,0.001129660365251084,-0.0015600383207470259,0.001933968066821908
gmat_d03_critical_700km_i63p4_may_24h_g20,numerical_gravity_2x0,EarthMJ2000Eq,31620.0,2026-05-10T05:55:00Z,0.001518101896635926,0.00079139499575831,0.0006064128683647141,0.0018162257499548923,6.864642188020298e-05,0.0010584955134618212,-0.0015769092698292297,0.0019004651874025777
gmat_d03_critical_700km_i63p4_may_24h_g20,numerical_gravity_2x0,EarthMJ2000Eq,31680.0,2026-05-10T05:56:00Z,0.0015220594349329986,0.0008544379852537531,0.0005123538358020596,0.0018191304645830478,-2.915001573455811e-05,0.0010066232292160748,-0.0016146182169052281,0.0019029272280822885
gmat_d03_critical_700km_i63p4_may_24h_g20,numerical_gravity_2x0,EarthMJ2000Eq,31740.0,2026-05-10T05:57:00Z,0.0015173546898950008,0.000913116309675388,0.0004145740604144521,0.001818795838325478,-0.0001276161398777731,0.0009487499674776245,-0.0016436993988122595,0.0019021461809235062
gmat_d03_critical_700km_i63p4_may_24h_g20,numerical_gravity_2x0,EarthMJ2000Eq,31800.0,2026-05-10T05:58:00Z,0.0015067573713167803,0.0009682194104243536,0.0003152317731291987,0.0018185537312738701,-0.0002255013953345042,0.0008874110335455043,-0.0016666170665757818,0.0019015682129121143
gmat_d03_critical_700km_i63p4_may_24h_g20,numerical_gravity_2x0,EarthMJ2000Eq,31860.0,2026-05-10T05:59:00Z,0.0014903123428666731,0.0010195421964454,0.0002146998667740263,0.0018184040261796186,-0.00032247271519736387,0.0008228235870433309,-0.0016833139326877244,0.001901203067381869
gmat_d03_critical_700km_i63p4_may_24h_g20,numerical_gravity_2x0,EarthMJ2000Eq,31920.0,2026-05-10T06:00:00Z,0.00146808542922372,0.0010668954928405583,0.00011335578165017068,0.00181834824865206,-0.00041820680252158127,0.0007552101166652392,-0.0016937427016472384,0.001901053284201191
gmat_d03_critical_700km_i63p4_may_24h_g20,numerical_gravity_2x0,EarthMJ2000Eq,31980.0,2026-05-10T06:01:00Z,0.0014401578027900541,0.001110110133595299,1.1576958058867604e-05,0.0018183874811507985,-0.0005123776958271264,0.0006847953315514133,-0.001697869546346542,0.001901114553546613
gmat_d03_critical_700km_i63p4_may_24h_g20,numerical_gravity_2x0,EarthMJ2000Eq,32040.0,2026-05-10T06:02:00Z,0.0014079314496484585,0.001150311163655715,-9.071118256542832e-05,0.0018203612989685849,-0.0006056994905634383,0.0006120908224716004,-0.0016973907834838542,0.0019033293250719124
gmat_d03_critical_700km_i63p4_may_24h_g20,numerical_gravity_2x0,EarthMJ2000Eq,32100.0,2026-05-10T06:03:00Z,0.001356180746370228,0.0011724807791324565,-0.00018848641047952697,0.001802627116515176,-0.000687452761383156,0.0005328253394054627,-0.0016723733509138583,0.001885026993518321
gmat_d03_critical_700km_i63p4_may_24h_g20,numerical_gravity_2x0,EarthMJ2000Eq,32160.0,2026-05-10T06:04:00Z,0.0013765929907094687,0.0012648779375012964,-0.0003085269781877287,0.0018947594451849618,-0.00081847240096522,0.00047468429187347283,-0.001741290445167465,0.001981745357639245
gmat_d03_critical_700km_i63p4_may_24h_g20,numerical_gravity_2x0,EarthMJ2000Eq,32220.0,2026-05-10T06:05:00Z,0.0006879363354528323,0.0006699813184241066,-0.00021399682736955583,0.0009838323082709834,-0.00047256953905616683,0.00020535573241886595,-0.0008907485860021325,0.0010290412963267536
gmat_d03_critical_700km_i63p4_may_24h_g20,numerical_gravity_2x0,EarthMJ2000Eq,32280.0,2026-05-10T06:06:00Z,0.000651817572361324,0.0006705997748213122,-0.000258491127169691,0.0009702514459947286,-0.0005054490159750458,0.00016354118059780376,-0.0008649423399731404,0.0010150614153733148
gmat_d03_critical_700km_i63p4_may_24h_g20,numerical_gravity_2x0,EarthMJ2000Eq,32340.0,2026-05-10T06:07:00Z,0.0006950158422114328,0.0007682829163968563,-0.0003588556864997372,0.0010963954871693535,-0.0006247224959565756,0.00012727596754302795,-0.000954097689742639,0.0011475102485121727
gmat_d03_critical_700km_i63p4_may_24h_g20,numerical_gravity_2x0,EarthMJ2000Eq,32400.0,2026-05-10T06:08:00Z,0.0027167616281076334,0.003180870976393635,-0.0016851709006004967,0.004509826479661067,-0.002722924108411462,0.0003254649882933336,-0.0038443657146558508,0.004722223089477511
gmat_d03_critical_700km_i63p4_may_24h_g20,numerical_gravity_2x0,EarthMJ2000Eq,32460.0,2026-05-10T06:09:00Z,0.0005112560756970197,0.0006428474250697036,-0.0003847380867227912,0.0009070055028669777,-0.0005857447860080356,2.6763480320823874e-05,-0.0007474274532626168,0.0009499794924655604
gmat_d03_critical_700km_i63p4_may_24h_g20,numerical_gravity_2x0,EarthMJ2000Eq,32520.0,2026-05-10T06:10:00Z,0.0005781403160654008,0.0007865703253173706,-0.0005287256499286741,0.0011101756233238842,-0.0007590736927909347,-2.3235635637774976e-05,-0.0008813887397707276,0.0011634340877099093
gmat_d03_critical_700km_i63p4_may_24h_g20,numerical_gravity_2x0,EarthMJ2000Eq,32580.0,2026-05-10T06:11:00Z,0.0021779906091978773,0.003178143856530369,-0.0023400179998134263,0.0045077628271690045,-0.0032086355794547217,-0.0002965361289852808,-0.0034579570318271635,0.004726599495567531
gmat_d03_critical_700km_i63p4_may_24h_g20,numerical_gravity_2x0,EarthMJ2000Eq,32640.0,2026-05-10T06:12:00Z,0.0004077310222783126,0.0006567870514118113,-0.0005313668225426227,0.0009380642395536577,-0.0007016058845010775,-0.0001049178521839167,-0.0006820917164418461,0.0009841278791457994
gmat_d03_critical_700km_i63p4_may_24h_g20,numerical_gravity_2x0,EarthMJ2000Eq,32700.0,2026-05-10T06:13:00Z,0.000397383701056242,0.000702268607710721,-0.0006150785338832065,0.0010146016982466696,-0.0007852345440539921,-0.0001573869923277016,-0.0007021325743039597,0.0010650606116218674
gmat_d03_critical_700km_i63p4_may_24h_g20,numerical_gravity_2x0,EarthMJ2000Eq,32760.0,2026-05-10T06:14:00Z,0.00033562537282705307,0.0006595264494535513,-0.0006226155164767988,0.000967093382136274,-0.0007715454941603639,-0.00019098589376653763,-0.0006325420187636155,0.0010158087746611137
gmat_d03_critical_700km_i63p4_may_24h_g20,numerical_gravity_2x0,EarthMJ2000Eq,32820.0,2026-05-10T06:15:00Z,0.00032102161640068516,0.0007340374850173248,-0.0007574162737000734,0.0011025177183486769,-0.0009071285944628471,-0.00027474822417161704,-0.0006669971241990424,0.00115898836804663
gmat_d03_critical_700km_i63p4_may_24h_g20,numerical_gravity_2x0,EarthMJ2000Eq,32880.0,2026-05-10T06:16:00Z,0.0011214351616217755,0.002939150817837799,-0.0032557741178607102,0.004527282789737123,-0.003791730263102977,-0.0013166401302555641,-0.0025625510602367285,0.004762082271134209
gmat_d03_critical_700km_i63p4_may_24h_g20,numerical_gravity_2x0,EarthMJ2000Eq,32940.0,2026-05-10T06:17:00Z,0.0001770358721842058,0.000577706941840006,-0.0006858604137960356,0.0009140522511884229,-0.0007827294368212279,-0.00030304114773116453,-0.00047047166162883514,0.0009622073024460452
gmat_d03_critical_700km_i63p4_may_24h_g20,numerical_gravity_2x0,EarthMJ2000Eq,33000.0,2026-05-10T06:18:00Z,0.00015469959180336446,0.0006685495463898405,-0.0008559968591725919,0.0010970966605525383,-0.0009527565403288918,-0.00041106851256245136,-0.000509011499616463,0.0011557746553293104
gmat_d03_critical_700km_i63p4_may_24h_g20,numerical_gravity_2x0,EarthMJ2000Eq,33060.0,2026-05-10T06:19:00Z,0.0004227340468787588,0.0026876145966525655,-0.0037139379855943844,0.0046038366234447655,-0.004029690692242127,-0.001913869951408742,-0.0019116672689278857,0.0048534294074539025
gmat_d03_critical_700km_i63p4_may_24h_g20,numerical_gravity_2x0,EarthMJ2000Eq,33120.0,2026-05-10T06:20:00Z,0.00012846612662542611,0.0015072218957357109,-0.002210907950939145,0.0026788682976587744,-0.002360554751668076,-0.00119856391478379,-0.000993715332242573,0.0028277631362931626
gmat_d03_critical_700km_i63p4_may_24h_g20,numerical_gravity_2x0,EarthMJ2000Eq,33180.0,2026-05-10T06:21:00Z,-5.8980731409974396e-05,0.00025701592676341534,-0.00046664217734360136,0.0005359951818474583,-0.00047487699883497214,-0.0002938587151390948,-0.00010942180495021603,0.0005690643547827196
gmat_d03_critical_700km_i63p4_may_24h_g20,numerical_gravity_2x0,EarthMJ2000Eq,33240.0,2026-05-10T06:22:00Z,-0.00015956993593135849,0.001591841282788664,-0.002696675210245303,0.003135518844401185,-0.002770363993764846,-0.0016172863048780073,-0.0008359668512980534,0.0033150222060136865
gmat_d03_critical_700km_i63p4_may_24h_g20,numerical_gravity_2x0,EarthMJ2000Eq,33300.0,2026-05-10T06:23:00Z,-6.59820216242224e-05,9.76392584561836e-05,-0.00022264498511503916,0.000251908398761075,-0.00021774115843697928,-0.00015906698180856438,-8.355094394119078e-06,0.00026978384751778317
gmat_d03_critical_700km_i63p4_may_24h_g20,numerical_gravity_2x0,EarthMJ2000Eq,33360.0,2026-05-10T06:24:00Z,-0.0007050894055282697,0.0017629381545702927,-0.0036347372542877565,0.004100782475861799,-0.0035645235652026486,-0.0024212249982724643,-0.0005408624659253292,0.004342889699979879
gmat_d03_critical_700km_i63p4_may_24h_g20,numerical_gravity_2x0,EarthMJ2000Eq,33420.0,2026-05-10T06:25:00Z,-0.0005938481990597211,0.0011032134352717549,-0.0024564851059949433,0.002757545039208892,-0.0023711721475194736,-0.0016944365910376291,-0.00022577673064461123,0.002923105856160516
gmat_d03_critical_700km_i63p4_may_24h_g20,numerical_gravity_2x0,EarthMJ2000Eq,33480.0,2026-05-10T06:26:00Z,-0.0001135567799792625,9.461837180424482e-05,-0.0002750727077227566,0.0003122703525730133,-0.0002553131039917389,-0.00021366375335674093,2.935518494950884e-05,0.0003342135656310297
gmat_d03_critical_700km_i63p4_may_24h_g20,numerical_gravity_2x0,EarthMJ2000Eq,33540.0,2026-05-10T06:27:00Z,-0.0013336284609977156,0.0012945329217473045,-0.0036646761714109743,0.004109042686414701,-0.003379884816467893,-0.0027493061161010246,0.00020274004697284909,0.004361583315639775
gmat_d03_critical_700km_i63p4_may_24h_g20,numerical_gravity_2x0,EarthMJ2000Eq,33600.0,2026-05-10T06:28:00Z,-0.0009838495316216722,0.0007716362233622931,-0.0024101708504531416,0.0027151990517181286,-0.0021878032718802842,-0.0018615122776566295,0.00026132251917942995,0.0028844411201039855
gmat_d03_critical_700km_i63p4_may_24h_g20,numerical_gravity_2x0,EarthMJ2000Eq,33660.0,2026-05-10T06:29:00Z,-0.0002849992597475648,9.116138244280592e-05,-0.0004790624643646879,0.0005648325596747335,-0.00040775249843250094,-0.0004154199206851672,0.00015862067215266507,0.0006033210821065186
gmat_d03_critical_700km_i63p4_may_24h_g20,numerical_gravity_2x0,EarthMJ2000Eq,33720.0,2026-05-10T06:30:00Z,-0.0014100705811870284,0.0006346153895719908,-0.002715828259169939,0.003125181413920919,-0.00235889086042107,-0.002246869135191787,0.0006591873713546192,0.0033237501399186065
gmat_d03_critical_700km_i63p4_may_24h_g20,numerical_gravity_2x0,EarthMJ2000Eq,33780.0,2026-05-10T06:31:00Z,-0.00018101763998856768,1.585885911481455e-05,-0.00023258098735823296,0.00029514878464934383,-0.00018429657799856614,-0.00022347035333325493,0.00012741541155492087,0.00031644733303123483
gmat_d03_critical_700km_i63p4_may_24h_g20,numerical_gravity_2x0,EarthMJ2000Eq,33840.0,2026-05-10T06:32:00Z,-0.0022070807972340845,0.0004101502781850286,-0.0033378059924871195,0.004022484026033867,-0.00273077827017687,-0.002995444559061866,0.0013851915170448592,0.004283525838159092
gmat_d03_critical_700km_i63p4_may_24h_g20,numerical_gravity_2x0,EarthMJ2000Eq,33900.0,2026-05-10T06:33:00Z,-0.0018209357222076505,0.00018940681911772117,-0.002516065251256805,0.0031116340074183145,-0.0020033370518035554,-0.0023358370793147287,0.0012339569366304204,0.003315440231053616
gmat_d03_critical_700km_i63p4_may_24h_g20,numerical_gravity_2x0,EarthMJ2000Eq,33960.0,2026-05-10T06:34:00Z,-0.002126643721567234,1.8026184989139438e-06,-0.0025943386390281375,0.0033545804121930295,-0.0019761170477750056,-0.0025313267315585364,0.00157584256754717,0.003577140395078656
gmat_d03_critical_700km_i63p4_may_24h_g20,numerical_gravity_2x0,EarthMJ2000Eq,34020.0,2026-05-10T06:35:00Z,-0.0024290034161822405,-8.097140380414203e-05,-0.0028341855795588344,0.0037335267326534913,-0.002119527664490306,-0.002817309330271911,0.001851334197056076,0.003982093380643674
gmat_d03_critical_700km_i63p4_may_24h_g20,numerical_gravity_2x0,EarthMJ2000Eq,34080.0,2026-05-10T06:36:00Z,-0.000600781731918687,-9.654922905610874e-05,-0.0005699084795196541,0.0008337002567271705,-0.00038549607950244535,-0.000622613849365905,0.0005071072450846259,0.0008907373298292289
gmat_d03_critical_700km_i63p4_may_24h_g20,numerical_gravity_2x0,EarthMJ2000Eq,34140.0,2026-05-10T06:37:00Z,-0.0010116245903191157,-0.00016516787582077086,-0.0009651248547015712,0.0014078816442102628,-0.0006539684349604613,-0.001050269982094676,0.0008531664263955463,0.0015028754773241638
gmat_d03_critical_700km_i63p4_may_24h_g20,numerical_gravity_2x0,EarthMJ2000Eq,34200.0,2026-05-10T06:38:00Z,-0.0009799246072361711,-0.00022211952455108985,-0.0008366287147509865,0.0013074926100745863,-0.0005287867921310863,-0.0009606111461835098,0.0008640839155305002,0.0013960767381425714
gmat_d03_critical_700km_i63p4_may_24h_g20,numerical_gravity_2x0,EarthMJ2000Eq,34260.0,2026-05-10T06:39:00Z,-0.001008446815831121,-0.00027668284019455314,-0.0007857379387132823,0.001308014710449179,-0.00046403769715652743,-0.00094498697755796,0.0009179510485068931,0.0013967696659046424
gmat_d03_critical_700km_i63p4_may_24h_g20,numerical_gravity_2x0,EarthMJ2000Eq,34320.0,2026-05-10T06:40:00Z,-0.0011112128959211987,-0.00036673918657470495,-0.000769746293372009,0.0014006430977201152,-0.0004091509353543188,-0.000985558079591442,0.0010486260748621135,0.0014961102436084072
gmat_d03_critical_700km_i63p4_may_24h_g20,numerical_gravity_2x0,EarthMJ2000Eq,34380.0,2026-05-10T06:41:00Z,-0.0007171768174885074,-0.00024028031475609168,-0.0004873954821960069,0.0008997952952018078,-0.00025340796128148213,-0.000631033003628545,0.000678042955115643,0.0009602918803630772
gmat_d03_critical_700km_i63p4_may_24h_g20,numerical_gravity_2x0,EarthMJ2000Eq,34440.0,2026-05-10T06:42:00Z,-0.002734434929152485,-0.0011675492714857683,-0.0014936240404495038,0.003327344054546329,-0.0005826539251074792,-0.002191651304883635,0.0027421029891172566,0.0035583633655891698
gmat_d03_critical_700km_i63p4_may_24h_g20,numerical_gravity_2x0,EarthMJ2000Eq,34500.0,2026-05-10T06:43:00Z,-0.0029935783913970226,-0.0013269118426251225,-0.0015597934179822914,0.003627004567176455,-0.0005576854533728692,-0.002355588613056625,0.003031306317069493,0.003879256213086621
gmat_d03_critical_700km_i63p4_may_24h_g20,numerical_gravity_2x0,EarthMJ2000Eq,34560.0,2026-05-10T06:44:00Z,-0.0007389879783659126,-0.00038807638702564873,-0.00028225986170582473,0.0008811226610787007,-2.6653346196781058e-05,-0.0005227667188023588,0.0007826725934023671,0.000941579434574724
gmat_d03_critical_700km_i63p4_may_24h_g20,numerical_gravity_2x0,EarthMJ2000Eq,34620.0,2026-05-10T06:45:00Z,-0.001168724736544391,-0.0006201030373631511,-0.0004426474333740771,0.0013951279643926644,-3.915801016773912e-05,-0.0008240039761631124,0.0012431731200024387,0.0014919769799797563
gmat_d03_critical_700km_i63p4_may_24h_g20,numerical_gravity_2x0,EarthMJ2000Eq,34680.0,2026-05-10T06:46:00Z,-0.0011467560909750318,-0.0006689506335533224,-0.0003392060534679331,0.001370257358684498,6.334843760669173e-05,-0.0007531890666712115,0.0012562593187936955,0.001466115367478378
gmat_d03_critical_700km_i63p4_may_24h_g20,numerical_gravity_2x0,EarthMJ2000Eq,34740.0,2026-05-10T06:47:00Z,-0.0008958932085079141,-0.0005448173396871425,-0.00022889344108989462,0.0010732393871119123,8.853717758938728e-05,-0.0005683697956726519,0.0009941960588122356,0.0011486117097636822
gmat_d03_critical_700km_i63p4_may_24h_g20,numerical_gravity_2x0,EarthMJ2000Eq,34800.0,2026-05-10T06:48:00Z,-0.0019256174255133374,-0.0012833661457989365,-0.000323493623000104,0.0023365956555949433,0.0003694688999189566,-0.001118396042443237,0.0022083435080588742,0.002502818016825393
gmat_d03_critical_700km_i63p4_may_24h_g20,numerical_gravity_2x0,EarthMJ2000Eq,34860.0,2026-05-10T06:49:00Z,-0.0026181835437455447,-0.0018385599105386063,-0.00029490183806046844,0.0032128110289077307,0.0006570708421804738,-0.0014335821418853811,0.0030591433830551296,0.003441694072294401
gmat_d03_critical_700km_i63p4_may_24h_g20,numerical_gravity_2x0,EarthMJ2000Eq,34920.0,2026-05-10T06:50:00Z,-0.002379366833338281,-0.001789516318240203,-8.063216228038073e-05,0.0029782976222050444,0.0007982237093528965,-0.0011923422249537907,0.002850067126747291,0.003190881335704356
gmat_d03_critical_700km_i63p4_may_24h_g20,numerical_gravity_2x0,EarthMJ2000Eq,34980.0,2026-05-10T06:51:00Z,-0.0023096772565622814,-0.001831428107834654,7.02048055245541e-05,0.002948502443337402,0.000934229582583157,-0.0010695773156044197,0.002822172995298189,0.003159341855896479
gmat_d03_critical_700km_i63p4_may_24h_g20,numerical_gravity_2x0,EarthMJ2000Eq,35040.0,2026-05-10T06:52:00Z,-0.0026046686798508745,-0.0022208919290278573,0.0003238692443119362,0.0034382482719588995,0.001315458852957363,-0.0010600533784099753,0.003274057358559901,0.003684236250031007
gmat_d03_critical_700km_i63p4_may_24h_g20,numerical_gravity_2x0,EarthMJ2000Eq,35100.0,2026-05-10T06:53:00Z,-0.00013419594324659556,-8.48474428494228e-05,-2.8278009267523885e-05,0.00016126774491529214,2.3248958314070478e-05,-8.65254534687665e-05,0.00014948930981972808,0.0001742820183238756
gmat_d03_critical_700km_i63p4_may_24h_g20,numerical_gravity_2x0,EarthMJ2000Eq,35160.0,2026-05-10T06:54:00Z,-0.0011469564924482256,-0.001128930762206437,0.00038119833334349096,0.0016538760626990763,0.0008371303650278605,-0.0003275566484717274,0.0015282064502741832,0.001772990569819628
gmat_d03_critical_700km_i63p4_may_24h_g20,numerical_gravity_2x0,EarthMJ2000Eq,35220.0,2026-05-10T06:55:00Z,-0.0022947178877075203,-0.002295886815772974,0.0008195756890927441,0.0033479143903566108,0.0017317969280838952,-0.000615886008858979,0.0030808240403246145,0.003587466089522121
gmat_d03_critical_700km_i63p4_may_24h_g20,numerical_gravity_2x0,EarthMJ2000Eq,35280.0,2026-05-10T06:56:00Z,-0.0019033900571230333,-0.0020568581931001972,0.0009201021384797059,0.002949601207165667,0.0016941461566943872,-0.0003681686067125156,0.002642548402320699,0.003160497014999172
gmat_d03_critical_700km_i63p4_may_24h_g20,numerical_gravity_2x0,EarthMJ2000Eq,35340.0,2026-05-10T06:57:00Z,-0.0018516179807193112,-0.002126424419657269,0.0010926232789643109,0.003023904031012316,0.001859114640012649,-0.00024015989197323506,0.0026420732268661595,0.003239526964626922
gmat_d03_critical_700km_i63p4_may_24h_g20,numerical_gravity_2x0,EarthMJ2000Eq,35400.0,2026-05-10T06:58:00Z,-0.0017324910004390404,-0.0021332577375687833,0.0012484479157137685,0.003018432679346916,0.001980789754441048,-8.988365607365267e-05,0.002553367739466239,0.003232846104576388
gmat_d03_critical_700km_i63p4_may_24h_g20,numerical_gravity_2x0,EarthMJ2000Eq,35460.0,2026-05-10T06:59:00Z,-0.0016004278222681023,-0.0021185792320466135,0.001386096300848294,0.002995164458251727,0.002077775285158623,5.559464000270964e-05,0.0024420616639986292,0.0032068529854648435
gmat_d03_critical_700km_i63p4_may_24h_g20,numerical_gravity_2x0,EarthMJ2000Eq,35520.0,2026-05-10T07:00:00Z,-0.0015169280231930315,-0.0021790434061585984,0.001583086486789398,0.0030911912943276066,0.002255342579360331,0.00021287416274162752,0.002410847077527478,0.003308182158022959
gmat_d03_critical_700km_i63p4_may_24h_g20,numerical_gravity_2x0,EarthMJ2000Eq,35580.0,2026-05-10T07:01:00Z,-0.0010921639841399156,-0.0017094513395932154,0.0013598473742604256,0.0024421774980480813,0.0018582544392131695,0.00028267166385376186,0.001814094652274889,0.002612269556882225
gmat_d03_critical_700km_i63p4_may_24h_g20,numerical_gravity_2x0,EarthMJ2000Eq,35640.0,2026-05-10T07:02:00Z,-0.000530912984686438,-0.0009177817901218077,0.00079446272138739,0.0013249011386749238,0.0010474532352588994,0.00021431478813838112,0.0009292788760717485,0.0014165621546484667
gmat_d03_critical_700km_i63p4_may_24h_g20,numerical_gravity_2x0,EarthMJ2000Eq,35700.0,2026-05-10T07:03:00Z,-0.00044987882574787363,-0.0008722392976778792,0.0008208226063288748,0.001279430381587999,0.001044738517919086,0.0002686890709924228,0.0008402318840694534,0.001367355844943606
gmat_d03_critical_700km_i63p4_may_24h_g20,numerical_gravity_2x0,EarthMJ2000Eq,35760.0,2026-05-10T07:04:00Z,-0.0003921659299521707,-0.0008648387392895529,0.0008789475032244809,0.0012939431498391817,0.0010842389208676195,0.0003306803719738127,0.0007909015664608887,0.0013821898689265549
gmat_d03_critical_700km_i63p4_may_24h_g20,numerical_gravity_2x0,EarthMJ2000Eq,35820.0,2026-05-10T07:05:00Z,-0.0003248296707170084,-0.00084052408055868,0.0009221307664120104,0.0012893099686812075,0.0011040948155738306,0.00038827341342084765,0.0007245279931566984,0.001376489163856425
gmat_d03_critical_700km_i63p4_may_24h_g20,numerical_gravity_2x0,EarthMJ2000Eq,35880.0,2026-05-10T07:06:00Z,-0.00025810732040554285,-0.0008149586392391939,0.0009626119208405726,0.001287399969963455,0.0011211431782953696,0.0004438316381083496,0.0006579821132390862,0.0013736407865838718
gmat_d03_critical_700km_i63p4_may_24h_g20,numerical_gravity_2x0,EarthMJ2000Eq,35940.0,2026-05-10T07:07:00Z,-0.00019107392290607095,-0.0007965927579789422,0.0010148824003408663,0.0013042452041701557,0.0011503316077465797,0.000506348740714202,0.0005953388892976363,0.001390712137041247
gmat_d03_critical_700km_i63p4_may_24h_g20,numerical_gravity_2x0,EarthMJ2000Eq,36000.0,2026-05-10T07:08:00Z,-0.00011799602361861616,-0.0007028147592791356,0.0009553587005939335,0.0011918816611773686,0.0010591895138745144,0.0005055813545595811,0.00048555381937376296,0.0012701407181444425
gmat_d03_critical_700km_i63p4_may_24h_g20,numerical_gravity_2x0,EarthMJ2000Eq,36060.0,2026-05-10T07:09:00Z,-0.00020045263227075338,-0.0026937873371934984,0.004001461093139369,0.004827873481742912,0.004301859812816389,0.0022646773345513793,0.00167278280116534,0.005141299794665738
gmat_d03_critical_700km_i63p4_may_24h_g20,numerical_gravity_2x0,EarthMJ2000Eq,36120.0,2026-05-10T07:10:00Z,8.408278517890722e-06,-0.0007815674507583026,0.0012332627647992922,0.0014600874721306463,0.0013026320022646587,0.0007286686809493403,0.0004319282709275285,0.0015538243823376339
gmat_d03_critical_700km_i63p4_may_24h_g20,numerical_gravity_2x0,EarthMJ2000Eq,36180.0,2026-05-10T07:11:00Z,8.646929927635938e-05,-0.00061546506913146,0.0010655994628905319,0.001233603018134654,0.0010952520002049937,0.0006660259010971004,0.0002778710594952827,0.0013116324830493773
gmat_d03_critical_700km_i63p4_may_24h_g20,numerical_gravity_2x0,EarthMJ2000Eq,36240.0,2026-05-10T07:12:00Z,0.00015202476788545027,-0.0006076465979276691,0.0011329148037475534,0.001294543112674913,0.0011403473720861257,0.0007360863030214659,0.00022298785040675284,0.0013754776464736046
gmat_d03_critical_700km_i63p4_may_24h_g20,numerical_gravity_2x0,EarthMJ2000Eq,36300.0,2026-05-10T07:13:00Z,0.0002200586095568724,-0.00055582995628356,0.0011337475598338642,0.0012817005349813697,0.0011143692635329217,0.0007679661351289724,0.00014154100114183166,0.0013607441696425046
gmat_d03_critical_700km_i63p4_may_24h_g20,numerical_gravity_2x0,EarthMJ2000Eq,36360.0,2026-05-10T07:14:00Z,0.00028466092771850526,-0.0005077672540210187,0.0011363566727595753,0.001276779509449779,0.0010916099135727109,0.0007992220218966395,6.505729288619477e-05,0.001354474250420603
gmat_d03_critical_700km_i63p4_may_24h_g20,numerical_gravity_2x0,EarthMJ2000Eq,36420.0,2026-05-10T07:15:00Z,0.00036075198295293376,-0.00046930381358833984,0.0011682501437348947,0.0013096550923772394,0.0010952483364690124,0.0008529466022366705,-1.4662049352409667e-05,0.0013882729560487851
gmat_d03_critical_700km_i63p4_may_24h_g20,numerical_gravity_2x0,EarthMJ2000Eq,36480.0,2026-05-10T07:16:00Z,0.0001260441422346048,-0.0001278749550692737,0.00034112673574782093,0.00038549523961728724,0.0003156532812909063,0.00025765078959238963,-2.5646151868841116e-05,0.0004082629648559584
gmat_d03_critical_700km_i63p4_may_24h_g20,numerical_gravity_2x0,EarthMJ2000Eq,36540.0,2026-05-10T07:17:00Z,0.0007509261195082217,-0.0005638403308694251,0.0017942521708391723,0.0020251288374411396,0.0016020504922664713,0.0014007519588687956,-0.00025979396411912603,0.0021438667714759564
gmat_d03_critical_700km_i63p4_may_24h_g20,numerical_gravity_2x0,EarthMJ2000Eq,36600.0,2026-05-10T07:18:00Z,0.0009555469659972005,-0.0005371375664253719,0.002002002929657465,0.0022824553664527367,0.0017398460450124276,0.0016156300741698715,-0.0004304654410702824,0.002413011664468981
gmat_d03_critical_700km_i63p4_may_24h_g20,numerical_gravity_2x0,EarthMJ2000Eq,36660.0,2026-05-10T07:19:00Z,0.0010563762771198526,-0.00044001444621244445,0.0019715455437108176,0.002279591056014922,0.0016683414649776296,0.00164314983841507,-0.0005606892727882951,0.0024078366007408065
gmat_d03_critical_700km_i63p4_may_24h_g20,numerical_gravity_2x0,EarthMJ2000Eq,36720.0,2026-05-10T07:20:00Z,0.0011551646821317263,-0.00034110234992112964,0.001935808313646703,0.0022799364208569285,0.001592372456116209,0.0016666801272435805,-0.0006900453541902607,0.0024061660949289865
gmat_d03_critical_700km_i63p4_may_24h_g20,numerical_gravity_2x0,EarthMJ2000Eq,36780.0,2026-05-10T07:21:00Z,0.0012480340956244618,-0.00024047949409577996,0.0018901750991062727,0.0022777579757742345,0.0015085843685369582,0.0016817505166244473,-0.0008155662811759612,0.002401928382810744
gmat_d03_critical_700km_i63p4_may_24h_g20,numerical_gravity_2x0,EarthMJ2000Eq,36840.0,2026-05-10T07:22:00Z,0.0013359085642150603,-0.00013927638065069914,0.0018375662875769194,0.002276114993445965,0.0014196954722933697,0.0016905494781838115,-0.0009373950504709683,0.0023983749191661677
gmat_d03_critical_700km_i63p4_may_24h_g20,numerical_gravity_2x0,EarthMJ2000Eq,36900.0,2026-05-10T07:23:00Z,0.0014182942322804593,-3.7748577597085387e-05,0.0017777711036615074,0.0022745227150865023,0.001325641818539225,0.0016927059615090556,-0.0010550200713055347,0.0023949210955782688
gmat_d03_critical_700km_i63p4_may_24h_g20,numerical_gravity_2x0,EarthMJ2000Eq,36960.0,2026-05-10T07:24:00Z,0.0014948900570743717,6.37173798168078e-05,0.0017110542103182524,0.0022729854152366124,0.0012268293048123269,0.0016882718834043686,-0.0011680310052497589,0.0023915828492161407
gmat_d03_critical_700km_i63p4_may_24h_g20,numerical_gravity_2x0,EarthMJ2000Eq,37020.0,2026-05-10T07:25:00Z,0.001565426373417722,0.00016471403796458617,0.001637706191104371,0.002271513154986329,0.0011236700458994164,0.0016773203936892855,-0.0012760477119400093,0.0023883751460532553
gmat_d03_critical_700km_i63p4_may_24h_g20,numerical_gravity_2x0,EarthMJ2000Eq,37080.0,2026-05-10T07:26:00Z,0.0016294707165798172,0.00026479665393708274,0.0015579198588966392,0.002269891268513085,0.0010165175368115342,0.0016598401542111674,-0.0013786216612743374,0.002385157211823144
gmat_d03_critical_700km_i63p4_may_24h_g20,numerical_gravity_2x0,EarthMJ2000Eq,37140.0,2026-05-10T07:27:00Z,0.0016893009160412475,0.00036445453588385135,0.0014737015590071678,0.0022712025402161448,0.0009066152273362604,0.0016380357070744367,-0.0014777272738797365,0.002385118454931928
gmat_d03_critical_700km_i63p4_may_24h_g20,numerical_gravity_2x0,EarthMJ2000Eq,37200.0,2026-05-10T07:28:00Z,0.0017314487195108086,0.00045879824028816074,0.001376319232804235,0.0022589079494689393,0.0007898472986767047,0.001600638510623753,-0.001560556128765711,0.0023709149769544535
gmat_d03_critical_700km_i63p4_may_24h_g20,numerical_gravity_2x0,EarthMJ2000Eq,37260.0,2026-05-10T07:29:00Z,0.0018043845102511114,0.0005639512892230414,0.001299497853324283,0.002294022490788809,0.0006832205912132849,0.0015896171046136942,-0.0016727810248085007,0.002406630273327757
gmat_d03_critical_700km_i63p4_may_24h_g20,numerical_gravity_2x0,EarthMJ2000Eq,37320.0,2026-05-10T07:30:00Z,0.001986540382858948,0.0007085964170983061,0.0012936889106640592,0.0024742842546136637,0.000611141359740941,0.00167008762375076,-0.0018876615826002308,0.0025934441738769457
gmat_d03_critical_700km_i63p4_may_24h_g20,numerical_gravity_2x0,EarthMJ2000Eq,37380.0,2026-05-10T07:31:00Z,0.0019941021491831634,0.0007983608156791888,0.001161401996796485,0.002441859531494741,0.0004722080504393489,0.00159719704129202,-0.0019414088114899641,0.0025579458565307025
gmat_d03_critical_700km_i63p4_may_24h_g20,numerical_gravity_2x0,EarthMJ2000Eq,37440.0,2026-05-10T07:32:00Z,0.0020235600004525622,0.0008942470230977051,0.0010462281352374703,0.002447256857118426,0.000343110428957516,0.0015447092494014214,-0.002015487332585053,0.0025624286564617806
gmat_d03_critical_700km_i63p4_may_24h_g20,numerical_gravity_2x0,EarthMJ2000Eq,37500.0,2026-05-10T07:33:00Z,0.002039555965893669,0.000984815414994955,0.000923053448786959,0.002445746840730177,0.00021083312873315663,0.0014816801119366119,-0.002076756100422017,0.002559832506809765
gmat_d03_critical_700km_i63p4_may_24h_g20,numerical_gravity_2x0,EarthMJ2000Eq,37560.0,2026-05-10T07:34:00Z,0.002048224303052848,0.0010717053555708844,0.0007967810233822092,0.002445124774729838,7.80495668095682e-05,0.0014137415682569099,-0.002130904785957455,0.0025584198567696146
gmat_d03_critical_700km_i63p4_may_24h_g20,numerical_gravity_2x0,EarthMJ2000Eq,37620.0,2026-05-10T07:35:00Z,0.00204892077704244,0.0011543634172994643,0.0006675054464722052,0.002444625691361676,-5.482014842073113e-05,0.0013406333820853433,-0.002176993696423324,0.0025572650758381196
gmat_d03_critical_700km_i63p4_may_24h_g20,numerical_gravity_2x0,EarthMJ2000Eq,37680.0,2026-05-10T07:36:00Z,0.0020416537154233083,0.0012324835552135482,0.0005357042027753778,0.0024442472461772007,-0.0001873221577852746,0.001262619786501773,-0.0022148998191084956,0.002556380160451485
gmat_d03_critical_700km_i63p4_may_24h_g20,numerical_gravity_2x0,EarthMJ2000Eq,37740.0,2026-05-10T07:37:00Z,0.002026458787440788,0.0013057829164608847,0.0004018811523565091,0.002443995233779411,-0.0003190079311821137,0.001179981445886824,-0.0022445123537551126,0.0025557695473092967
gmat_d03_critical_700km_i63p4_may_24h_g20,numerical_gravity_2x0,EarthMJ2000Eq,37800.0,2026-05-10T07:38:00Z,0.00200339832190366,0.0013739932001044508,0.0002665310603333637,0.0024438700776150306,-0.00044943071486613917,0.0010930092386729484,-0.00226575624928671,0.0025554468385140176
gmat_d03_critical_700km_i63p4_may_24h_g20,numerical_gravity_2x0,EarthMJ2000Eq,37860.0,2026-05-10T07:39:00Z,0.001972560539797996,0.0014368629308592062,0.000130156877276022,0.0024438721279861834,-0.0005781481959843404,0.001002002036898375,-0.002278559507740141,0.0025554054176943103
gmat_d03_critical_700km_i63p4_may_24h_g20,numerical_gravity_2x0,EarthMJ2000Eq,37920.0,2026-05-10T07:40:00Z,0.0019323949800309492,0.001492626324761659,-6.34554453426972e-06,0.0024417460904352334,-0.0007038858385044477,0.0009065805883778921,-0.0022807717277306683,0.002553284808024019
gmat_d03_critical_700km_i63p4_may_24h_g20,numerical_gravity_2x0,EarthMJ2000Eq,37980.0,2026-05-10T07:41:00Z,0.0019013041310245171,0.0015582545529468916,-0.00014735542208654806,0.0024626872052392113,-0.0008376925819675307,0.0008129266149126124,-0.0022957167278292445,0.002575440513300923
gmat_d03_critical_700km_i63p4_may_24h_g20,numerical_gravity_2x0,EarthMJ2000Eq,38040.0,2026-05-10T07:42:00Z,0.0017810698409448378,0.0015411415006383322,-0.000266265487880446,0.0023702793534411196,-0.0009169180970047819,0.0006899867344145605,-0.002197556803196221,0.0024791281519027887
gmat_d03_critical_700km_i63p4_may_24h_g20,numerical_gravity_2x0,EarthMJ2000Eq,38100.0,2026-05-10T07:43:00Z,0.0019669068933581,0.0018125379028788302,-0.0004679841367760673,0.0027153315688486445,-0.001191962084590159,0.0006633609217487901,-0.0024914916796348052,0.002840484485663209
gmat_d03_critical_700km_i63p4_may_24h_g20,numerical_gravity_2x0,EarthMJ2000Eq,38160.0,2026-05-10T07:44:00Z,0.002202548330387799,0.0021356124761950923,-0.0006906639100634493,0.0031446901966391454,-0.0015054739677111684,0.0006496820859069885,-0.002852981184631176,0.0032905987783477903
gmat_d03_critical_700km_i63p4_may_24h_g20,numerical_gravity_2x0,EarthMJ2000Eq,38220.0,2026-05-10T07:45:00Z,0.0023180514290288556,0.002427796061965637,-0.0010112808013218455,0.0035057445721616296,-0.0018775203614040947,0.0005245253120733651,-0.003109336343953828,0.0036699021799395117
gmat_d03_critical_700km_i63p4_may_24h_g20,numerical_gravity_2x0,EarthMJ2000Eq,38280.0,2026-05-10T07:46:00Z,0.0006384302650985774,0.0006567292984982487,-0.0002582273737061769,0.0009516133413477509,-0.0004983968793226268,0.0001617221911942579,-0.0008484755120719001,0.000997228264254919
gmat_d03_critical_700km_i63p4_may_24h_g20,numerical_gravity_2x0,EarthMJ2000Eq,38340.0,2026-05-10T07:47:00Z,0.0006134441719041206,0.0007715713650213729,-0.0004696639734902419,0.0010918884427260505,-0.0007085017017516293,3.162803352552146e-05,-0.0008991385413992248,0.0011451747074220473
gmat_d03_critical_700km_i63p4_may_24h_g20,numerical_gravity_2x0,EarthMJ2000Eq,38400.0,2026-05-10T07:48:00Z,0.0020092284103157,0.0025007133501731005,-0.0015012619769549929,0.003541800896155025,-0.002275074351132389,0.000105651487558589,-0.0029315008198693704,0.0037122530351389837
gmat_d03_critical_700km_i63p4_may_24h_g20,numerical_gravity_2x0,EarthMJ2000Eq,38460.0,2026-05-10T07:49:00Z,0.0015748282748972997,0.0021490814958724513,-0.0014743000065209344,0.0030450280590735125,-0.0020933375033393986,-8.284128938385038e-05,-0.002410713850764523,0.003193816815720952
gmat_d03_critical_700km_i63p4_may_24h_g20,numerical_gravity_2x0,EarthMJ2000Eq,38520.0,2026-05-10T07:50:00Z,0.0015000860003056005,0.0022050535903872515,-0.0016533040252397768,0.0031378230582151394,-0.002253592423784312,-0.00021893686863450057,-0.0023910553537120904,0.003292986162968314
gmat_d03_critical_700km_i63p4_may_24h_g20,numerical_gravity_2x0,EarthMJ2000Eq,38580.0,2026-05-10T07:51:00Z,0.0013592352843261324,0.0021872208435524954,-0.0017962138372240588,0.003139719689026842,-0.002353376160613152,-0.0003660547420736293,-0.0022800481502827097,0.003297119196381062
gmat_d03_critical_700km_i63p4_may_24h_g20,numerical_gravity_2x0,EarthMJ2000Eq,38640.0,2026-05-10T07:52:00Z,0.0011905840437975712,0.002099577386616147,-0.0018625541997607797,0.003048741332875222,-0.0023640547297532066,-0.00048339821034915076,-0.0021074013645261402,0.0032036805562109198
gmat_d03_critical_700km_i63p4_may_24h_g20,numerical_gravity_2x0,EarthMJ2000Eq,38700.0,2026-05-10T07:53:00Z,0.0011796637409133837,0.0024013331767491763,-0.0023527991288574412,0.0035628178887131437,-0.0028722735301300872,-0.0007662821488452209,-0.0022804096388995276,0.003746653397995427
gmat_d03_critical_700km_i63p4_may_24h_g20,numerical_gravity_2x0,EarthMJ2000Eq,38760.0,2026-05-10T07:54:00Z,0.0003230625225114636,0.0006385184860846493,-0.0006070526978874113,0.00093839662645157,-0.0007538427659881108,-0.00018492318787366457,-0.0006135127961215403,0.0009893803375097137
gmat_d03_critical_700km_i63p4_may_24h_g20,numerical_gravity_2x0,EarthMJ2000Eq,38820.0,2026-05-10T07:55:00Z,0.00021237428882159293,0.0007028932031971635,-0.000843323959998088,0.0011181936304415722,-0.0009629435027136424,-0.0003721982722026951,-0.0005726379370685208,0.0011805532390448052
gmat_d03_critical_700km_i63p4_may_24h_g20,numerical_gravity_2x0,EarthMJ2000Eq,38880.0,2026-05-10T07:56:00Z,0.0006975733413128182,0.002197257799707586,-0.0026159514163737185,0.0034867968420477,-0.002982317948152513,-0.0011468319627283563,-0.001813019956387052,0.0036737562870807986
gmat_d03_critical_700km_i63p4_may_24h_g20,numerical_gravity_2x0,EarthMJ2000Eq,38940.0,2026-05-10T07:57:00Z,0.00042961619328707457,0.0019831181816698518,-0.0026033467293018475,0.0033007184049795345,-0.0028776714344758147,-0.001268812610533132,-0.0014922401092576365,0.003481042784730351
gmat_d03_critical_700km_i63p4_may_24h_g20,numerical_gravity_2x0,EarthMJ2000Eq,39000.0,2026-05-10T07:58:00Z,0.0001887037797132507,0.001217789304064354,-0.0016850708561833017,0.002087602379748101,-0.0018346844044003774,-0.0008634781778482647,-0.0008610534507624834,0.0022029694669786297
gmat_d03_critical_700km_i63p4_may_24h_g20,numerical_gravity_2x0,EarthMJ2000Eq,39060.0,2026-05-10T07:59:00Z,2.7392161427997053e-05,0.0007222383828775492,-0.001096764208341483,0.0013134954666492744,-0.0011654836817864833,-0.0006078675340859263,-0.00044930725806580085,0.0013891479991911912
gmat_d03_critical_700km_i63p4_may_24h_g20,numerical_gravity_2x0,EarthMJ2000Eq,39120.0,2026-05-10T08:00:00Z,-2.9471266316249967e-05,0.0008038014129851945,-0.0012946657079737633,0.0015241799639342084,-0.0013536592402552117,-0.0007487837017094989,-0.0004565974265346995,0.0016129326026192807
gmat_d03_critical_700km_i63p4_may_24h_g20,numerical_gravity_2x0,EarthMJ2000Eq,39180.0,2026-05-10T08:01:00Z,-0.00011365864338586107,0.0007306030056497548,-0.0012809464351448696,0.0014790276565335482,-0.0013110802443705438,-0.0007827631876011765,-0.00035151170862945946,0.0015669110046029678
gmat_d03_critical_700km_i63p4_may_24h_g20,numerical_gravity_2x0,EarthMJ2000Eq,39240.0,2026-05-10T08:02:00Z,-0.000191898834600579,0.0006850768841104582,-0.0013038206816418096,0.0014852958862598615,-0.001308639085983998,-0.0008347766922156552,-0.00026691449050986193,0.0015750021360225782
gmat_d03_critical_700km_i63p4_may_24h_g20,numerical_gravity_2x0,EarthMJ2000Eq,39300.0,2026-05-10T08:03:00Z,-0.0002700662662391551,0.0006335744728858117,-0.0013171903674447094,0.0014863858398619185,-0.0012959806561241294,-0.0008813287877273979,-0.00017852386235972517,0.001577395658215404
gmat_d03_critical_700km_i63p4_may_24h_g20,numerical_gravity_2x0,EarthMJ2000Eq,39360.0,2026-05-10T08:04:00Z,-0.0003473096512607299,0.0005793845048174262,-0.0013252204666969192,0.0014874540946307499,-0.0012778815783320852,-0.0009244360832383336,-8.898659586975555e-05,0.0015797094715415299
gmat_d03_critical_700km_i63p4_may_24h_g20,numerical_gravity_2x0,EarthMJ2000Eq,39420.0,2026-05-10T08:05:00Z,-0.0004233024810673669,0.0005227175279287621,-0.001327853418331415,0.0014884936362162145,-0.001254371273518018,-0.0009638734255190684,1.3100631690576847e-06,0.0015819295143951846
gmat_d03_critical_700km_i63p4_may_24h_g20,numerical_gravity_2x0,EarthMJ2000Eq,39480.0,2026-05-10T08:06:00Z,-0.0004977237040293403,0.00046379773266380653,-0.0013250562460598303,0.0014895003449475746,-0.001225510803948282,-0.000999434313087022,9.196732264626917e-05,0.0015840466108055075
gmat_d03_critical_700km_i63p4_may_24h_g20,numerical_gravity_2x0,EarthMJ2000Eq,39540.0,2026-05-10T08:07:00Z,-0.0005702568159904331,0.00040286795410793275,-0.0013168186114853597,0.0014904719655816708,-0.001191384768617354,-0.0010309237907790703,0.00018258017320249564,0.001586044466253821
gmat_d03_critical_700km_i63p4_may_24h_g20,numerical_gravity_2x0,EarthMJ2000Eq,39600.0,2026-05-10T08:08:00Z,-0.0006405871317838319,0.00034017193684121594,-0.001303156068388489,0.0014914035532340283,-0.0011521201770392508,-0.0010581775455875686,0.00027273028280205835,0.001587923936302988
gmat_d03_critical_700km_i63p4_may_24h_g20,numerical_gravity_2x0,EarthMJ2000Eq,39660.0,2026-05-10T08:09:00Z,-0.0007087955964379944,0.00027607711672317237,-0.0012847392554249382,0.0014930387558057215,-0.0011083813866719083,-0.0010815084383608564,0.00036211300624700016,0.0015903759397889923
gmat_d03_critical_700km_i63p4_may_24h_g20,numerical_gravity_2x0,EarthMJ2000Eq,39720.0,2026-05-10T08:10:00Z,-0.0007684939191676676,0.00021044161258032545,-0.0012535649602796184,0.0014853597832659704,-0.0010540586181662093,-0.0010932084126835662,0.0004459588254235314,0.0015827265961200362
gmat_d03_critical_700km_i63p4_may_24h_g20,numerical_gravity_2x0,EarthMJ2000Eq,39780.0,2026-05-10T08:11:00Z,-0.00084852672443958,0.00014686520444229245,-0.001250496552529512,0.0015183242796755355,-0.0010221334889592981,-0.0011307967895390902,0.0005435092376160355,0.0016182893869323824
gmat_d03_critical_700km_i63p4_may_24h_g20,numerical_gravity_2x0,EarthMJ2000Eq,39840.0,2026-05-10T08:12:00Z,-0.0007897988325566985,6.616301106987521e-05,-0.0010511525943002198,0.0013164655394068765,-0.000832532265349073,-0.000988150006264732,0.0005477600595327203,0.0014034213517499078
gmat_d03_critical_700km_i63p4_may_24h_g20,numerical_gravity_2x0,EarthMJ2000Eq,39900.0,2026-05-10T08:13:00Z,-0.000650679794489406,1.4196302799973637e-05,-0.000799373538029613,0.0010308170464597224,-0.0006161933185921953,-0.0007763974393948381,0.000475033345992415,0.0010991559805511107
gmat_d03_critical_700km_i63p4_may_24h_g20,numerical_gravity_2x0,EarthMJ2000Eq,39960.0,2026-05-10T08:14:00Z,-0.0030960218282416463,-0.00019224262359784916,-0.0034542204048193526,0.004642622857000868,-0.0025496049715911795,-0.0034903674395181383,0.0024177113644441306,0.004952623407424914
gmat_d03_critical_700km_i63p4_may_24h_g20,numerical_gravity_2x0,EarthMJ2000Eq,40020.0,2026-05-10T08:15:00Z,-0.0009570035217620898,-0.00010518670023884624,-0.0009842965482675936,0.0013768658894401005,-0.0007013385427967478,-0.0010326747235112066,0.0007753913067176654,0.0014695320733908944
gmat_d03_critical_700km_i63p4_may_24h_g20,numerical_gravity_2x0,EarthMJ2000Eq,40080.0,2026-05-10T08:16:00Z,-0.0006921859494468663,-0.00011933752830373123,-0.000639352947473526,0.0009498078888472072,-0.0004305649170532888,-0.0007061980999978346,0.0005871241270938299,0.0010143059917270276
gmat_d03_critical_700km_i63p4_may_24h_g20,numerical_gravity_2x0,EarthMJ2000Eq,40140.0,2026-05-10T08:17:00Z,-0.003519842266541673,-0.0008189490472432226,-0.0029788216124870814,0.004683304957221336,-0.0018919665834005173,-0.0034263654136168498,0.0031166269565119364,0.005003287028183657
gmat_d03_critical_700km_i63p4_may_24h_g20,numerical_gravity_2x0,EarthMJ2000Eq,40200.0,2026-05-10T08:18:00Z,-0.0010408975867903791,-0.00028073009161744267,-0.0008097285899566486,0.001348309148496277,-0.0004843947465360543,-0.0009742471274165609,0.0009445324522516785,0.0014408113301566303
gmat_d03_critical_700km_i63p4_may_24h_g20,numerical_gravity_2x0,EarthMJ2000Eq,40260.0,2026-05-10T08:19:00Z,-0.0008503859589836793,-0.0002786227923934348,-0.0005813362804474309,0.001067117055735762,-0.00031012703516353213,-0.0007504590282536583,0.0008013332220002667,0.0011408341087590591
gmat_d03_critical_700km_i63p4_may_24h_g20,numerical_gravity_2x0,EarthMJ2000Eq,40320.0,2026-05-10T08:20:00Z,-0.0009451905498281121,-0.0003480254235910252,-0.0005875526767340489,0.001166072475829623,-0.0002817133193389054,-0.0008001648232891512,0.0009139178303030349,0.0012469450426013608
gmat_d03_critical_700km_i63p4_may_24h_g20,numerical_gravity_2x0,EarthMJ2000Eq,40380.0,2026-05-10T08:21:00Z,-0.000834355887491256,-0.0003387494871276431,-0.00046780223783571273,0.0010147610042491105,-0.00019402968121084996,-0.0006775060512609343,0.000825468138287988,0.0010853845466076088
gmat_d03_critical_700km_i63p4_may_24h_g20,numerical_gravity_2x0,EarthMJ2000Eq,40440.0,2026-05-10T08:22:00Z,-0.0038870185790074174,-0.0017863512766780332,-0.001895757122838404,0.004679087452274282,-0.0006009441833043638,-0.002979382962564614,0.003979682805521634,0.0050075674715007274
gmat_d03_critical_700km_i63p4_may_24h_g20,numerical_gravity_2x0,EarthMJ2000Eq,40500.0,2026-05-10T08:23:00Z,-0.0011316801646898966,-0.0005546448846871499,-0.0004895991878584027,0.0013520496692110764,-0.00010749889867156526,-0.0008339529067313833,0.001177632658055927,0.0014470149070348898
gmat_d03_critical_700km_i63p4_may_24h_g20,numerical_gravity_2x0,EarthMJ2000Eq,40560.0,2026-05-10T08:24:00Z,-0.0008986514643538612,-0.00048599304136587307,-0.0003151308192173019,0.0010691450434164478,-5.951683590410539e-06,-0.0006203104696567152,0.0009619114393899508,0.0011445934293593258
gmat_d03_critical_700km_i63p4_may_24h_g20,numerical_gravity_2x0,EarthMJ2000Eq,40620.0,2026-05-10T08:25:00Z,-0.0009869864925349248,-0.0005712959136872087,-0.0002884726200136356,0.0011763238541913647,5.5488058592345624e-05,-0.0006473603875178924,0.0010791245674823813,0.0012596286072163094
gmat_d03_critical_700km_i63p4_may_24h_g20,numerical_gravity_2x0,EarthMJ2000Eq,40680.0,2026-05-10T08:26:00Z,-0.000819127762952121,-0.0005025844984629657,-0.00019367507775314152,0.0009803425451733196,9.57376400378962e-05,-0.0005114602075195762,0.0009120177946186914,0.0010500160462093592
gmat_d03_critical_700km_i63p4_may_24h_g20,numerical_gravity_2x0,EarthMJ2000Eq,40740.0,2026-05-10T08:27:00Z,-0.0036163253298582276,-0.002387122094660299,-0.0006169884727569297,0.004376852243531248,0.0006714735434343311,-0.0021016139939433742,0.00413699563495129,0.0046885382565013695
gmat_d03_critical_700km_i63p4_may_24h_g20,numerical_gravity_2x0,EarthMJ2000Eq,40800.0,2026-05-10T08:28:00Z,-0.00030193587008398026,-0.00021352207113523036,-2.3380380298476666e-05,0.0003705449860518287,8.857092836933589e-05,-0.0001638609248288958,0.0003506849255430211,0.00039708327721159613
gmat_d03_critical_700km_i63p4_may_24h_g20,numerical_gravity_2x0,EarthMJ2000Eq,40860.0,2026-05-10T08:29:00Z,-0.0012212185538373888,-0.0009343016245111357,-2.2719177650287747e-06,0.0015376278624593019,0.00044988812675228473,-0.0005918892043155211,0.0014702086492679456,0.0016474967766767306
gmat_d03_critical_700km_i63p4_may_24h_g20,numerical_gravity_2x0,EarthMJ2000Eq,40920.0,2026-05-10T08:30:00Z,-0.00317260810334119,-0.002500864866306074,0.00010166513675358146,0.0040410522215063496,0.0012799121762441246,-0.001465214616303001,0.0038682006486823184,0.004329896685741154
gmat_d03_critical_700km_i63p4_may_24h_g20,numerical_gravity_2x0,EarthMJ2000Eq,40980.0,2026-05-10T08:31:00Z,-0.0008809074643068016,-0.0007758285391901154,0.00015926616470096633,0.0011845984948968419,0.0004986837609521899,-0.0003335136611326561,0.0011189876802930598,0.0012696654221672622
gmat_d03_critical_700km_i63p4_may_24h_g20,numerical_gravity_2x0,EarthMJ2000Eq,41040.0,2026-05-10T08:32:00Z,-0.0031731915441923775,-0.0028286442557146074,0.0006188292900333181,0.004295733068025107,0.0018349171071463388,-0.001159062179567627,0.0040587970762118175,0.004602627470485521
gmat_d03_critical_700km_i63p4_may_24h_g20,numerical_gravity_2x0,EarthMJ2000Eq,41100.0,2026-05-10T08:33:00Z,-0.0002846222741936799,-0.0002725346348597668,8.587903721490875e-05,0.0004033115113634725,0.00020176571524643805,-9.136069678561398e-05,0.00037209257897075076,0.00043302317269536977
gmat_d03_critical_700km_i63p4_may_24h_g20,numerical_gravity_2x0,EarthMJ2000Eq,41160.0,2026-05-10T08:34:00Z,-0.001004954810923664,-0.0010366507012804504,0.00041836574382614344,0.0015031995024184478,0.0008229248393831767,-0.0002390407871644129,0.0013639929186126665,0.001610845266072291
gmat_d03_critical_700km_i63p4_may_24h_g20,numerical_gravity_2x0,EarthMJ2000Eq,41220.0,2026-05-10T08:35:00Z,-0.0027283963390800636,-0.0029217592327768216,0.0013057451724307612,0.00420544813934833,0.002406356891526684,-0.0005379536816008113,0.003769622836102826,0.004504442693543093
gmat_d03_critical_700km_i63p4_may_24h_g20,numerical_gravity_2x0,EarthMJ2000Eq,41280.0,2026-05-10T08:36:00Z,-0.00033512606023577973,-0.0004028016178381222,0.0002275201040902175,0.0005712477722909626,0.0003730384889877314,-3.0961011532326665e-05,0.0004850733148487052,0.000612709082093342
gmat_d03_critical_700km_i63p4_may_24h_g20,numerical_gravity_2x0,EarthMJ2000Eq,41340.0,2026-05-10T08:37:00Z,-0.0005273150236462243,-0.0006545793667100952,0.0003913928594556637,0.0009272128406781737,0.0006189733170458567,-2.559108480681971e-05,0.0007766334242376161,0.0009934497201566797
gmat_d03_critical_700km_i63p4_may_24h_g20,numerical_gravity_2x0,EarthMJ2000Eq,41400.0,2026-05-10T08:38:00Z,-0.00036369510780787095,-0.00047290748739214905,0.000301628460874781,0.000668502319730174,0.0004630900107827074,-2.2648549702353193e-07,0.0005465365937595834,0.0007163481400134548
gmat_d03_critical_700km_i63p4_may_24h_g20,numerical_gravity_2x0,EarthMJ2000Eq,41460.0,2026-05-10T08:39:00Z,-0.0006723730621160939,-0.0009954250117516494,0.000752931555325631,0.001417696164798797,0.0010573191211449284,0.00011952305811746555,0.0010813723250180374,0.0015170944567413564
gmat_d03_critical_700km_i63p4_may_24h_g20,numerical_gravity_2x0,EarthMJ2000Eq,41520.0,2026-05-10T08:40:00Z,-0.0019720519048860297,-0.0030927476473152637,0.0024937580747064203,0.004435414981791691,0.0033892746387209627,0.0005285532012067051,0.0032760087975702845,0.004743288385175507
gmat_d03_critical_700km_i63p4_may_24h_g20,numerical_gravity_2x0,EarthMJ2000Eq,41580.0,2026-05-10T08:41:00Z,-0.0007611351975356229,-0.001332258989350521,0.0011768133845180273,0.0019336831554351498,0.0015402568109834647,0.000328422622430935,0.0013394867437455105,0.002067480882469126
gmat_d03_critical_700km_i63p4_may_24h_g20,numerical_gravity_2x0,EarthMJ2000Eq,41640.0,2026-05-10T08:42:00Z,-0.00022148924472276121,-0.00045164074435888324,0.00043702493712771684,0.00066635399238272,0.0005544618097985676,0.0001495603640933041,0.0004219584681663946,0.0007126325489971357
gmat_d03_critical_700km_i63p4_may_24h_g20,numerical_gravity_2x0,EarthMJ2000Eq,41700.0,2026-05-10T08:43:00Z,-0.0002872202458092943,-0.0006601110271731159,0.0006865202522021718,0.0009947623306509105,0.0008430789399938021,0.0002659268361071554,0.0005896572119468146,0.0010626357837113926
gmat_d03_critical_700km_i63p4_may_24h_g20,numerical_gravity_2x0,EarthMJ2000Eq,41760.0,2026-05-10T08:44:00Z,-0.00014028501027496532,-0.0003145812570437556,0.00031672470868215896,0.0004679271230446842,0.00039624659109449567,0.00011816414513532436,0.0002801501253202332,0.0004994579250212302
gmat_d03_critical_700km_i63p4_may_24h_g20,numerical_gravity_2x0,EarthMJ2000Eq,41820.0,2026-05-10T08:45:00Z,-0.00046787590690655634,-0.001665323452471057,0.0020584802769008093,0.002688782459776801,0.0023602284571211385,0.0009882867857413657,0.0012936247628658748,0.002867203196108574
gmat_d03_critical_700km_i63p4_may_24h_g20,numerical_gravity_2x0,EarthMJ2000Eq,41880.0,2026-05-10T08:46:00Z,-0.0005270712790661491,-0.0020797469915123656,0.0026426187105244026,0.0034039073623021556,0.0029989211114411773,0.0013036958179668545,0.0015722099178105964,0.0036283597732438074
gmat_d03_critical_700km_i63p4_may_24h_g20,numerical_gravity_2x0,EarthMJ2000Eq,41940.0,2026-05-10T08:47:00Z,4.672074283007532e-06,-1.8106220522895455e-05,2.0683273760369048e-05,2.7882993260696238e-05,2.635247575710764e-05,1.2258638548701128e-05,-2.708944180085382e-07,2.906545340059837e-05
gmat_d03_critical_700km_i63p4_may_24h_g20,numerical_gravity_2x0,EarthMJ2000Eq,42000.0,2026-05-10T08:48:00Z,-5.157107807463035e-05,-0.0015153418644331396,0.00232531237998046,0.002775967976524202,0.0024792660147099355,0.0013389414021958146,0.0008840723708658516,0.002953152215368884
gmat_d03_critical_700km_i63p4_may_24h_g20,numerical_gravity_2x0,EarthMJ2000Eq,42060.0,2026-05-10T08:49:00Z,6.371919880621135e-06,-0.0017679490156297106,0.00279568848782219,0.003307802661007841,0.0029525104722205597,0.0016417747161767693,0.0009809815182393322,0.003517821349411668
gmat_d03_critical_700km_i63p4_may_24h_g20,numerical_gravity_2x0,EarthMJ2000Eq,42120.0,2026-05-10T08:50:00Z,6.791833584429696e-05,-0.00018834634829545394,0.00036552796700561885,0.00041677085061620124,0.00036358915878054177,0.00024309265711508488,4.7134740555065946e-05,0.0004399008980363732
gmat_d03_critical_700km_i63p4_may_24h_g20,numerical_gravity_2x0,EarthMJ2000Eq,42180.0,2026-05-10T08:51:00Z,0.00013298995327204466,-0.00047545745474053547,0.0008993824849312659,0.001025980006209082,0.0009010309165446984,0.0005861648944005537,0.00015848566903287065,0.0010865374836082683
gmat_d03_critical_700km_i63p4_may_24h_g20,numerical_gravity_2x0,EarthMJ2000Eq,42240.0,2026-05-10T08:52:00Z,5.459423846332356e-05,-0.00021735650079790503,0.0003942355988328927,0.00045348217903202044,0.00039803049745046337,0.00025330981756610527,7.511502531087899e-05,0.00047774094193766864
gmat_d03_critical_700km_i63p4_may_24h_g20,numerical_gravity_2x0,EarthMJ2000Eq,42300.0,2026-05-10T08:53:00Z,0.0006772788765374571,-0.001013841938402038,0.0024145438146661036,0.002704922177366473,0.0022871120552991897,0.001725041443023656,4.118749785675391e-05,0.002865021107011905
gmat_d03_critical_700km_i63p4_may_24h_g20,numerical_gravity_2x0,EarthMJ2000Eq,42360.0,2026-05-10T08:54:00Z,0.0008475035429000854,-0.0011742449714802206,0.0028756763867932023,0.003219724862443185,0.002707317925398911,0.0020737389583302956,6.563638521583925e-07,0.0034102733097651555
gmat_d03_critical_700km_i63p4_may_24h_g20,numerical_gravity_2x0,EarthMJ2000Eq,42420.0,2026-05-10T08:55:00Z,0.00027161604521097615,-0.00021333835320547223,0.0006508740852950723,0.0007368348552241343,0.0005839506656002413,0.0005029390237609732,-9.140510570659899e-05,0.0007760804950685466
gmat_d03_critical_700km_i63p4_may_24h_g20,numerical_gravity_2x0,EarthMJ2000Eq,42480.0,2026-05-10T08:56:00Z,0.0011732427083188668,-0.0008337547114933841,0.002731552626755729,0.003087559736150368,0.002428965029110941,0.0021369306324459103,-0.0004370059869529541,0.003264554774109682
gmat_d03_critical_700km_i63p4_may_24h_g20,numerical_gravity_2x0,EarthMJ2000Eq,42540.0,2026-05-10T08:57:00Z,0.0013548560673370957,-0.0007543430911027826,0.002826410991474404,0.0032238591090526843,0.002458811376726544,0.0022752355555155646,-0.0006192397705717667,0.003406744503607495
gmat_d03_critical_700km_i63p4_may_24h_g20,numerical_gravity_2x0,EarthMJ2000Eq,42600.0,2026-05-10T08:58:00Z,0.0011035017450922169,-0.0004245421223458834,0.001997446133827907,0.002321151260174909,0.0016817760517540137,0.0016727375040659354,-0.0006081126713297635,0.002448718535641423
gmat_d03_critical_700km_i63p4_may_24h_g20,numerical_gravity_2x0,EarthMJ2000Eq,42660.0,2026-05-10T08:59:00Z,0.0012935288395965472,-0.0003681825546664186,0.0021392020244093146,0.002526847948267879,0.0017579631084174707,0.0018420878156177878,-0.000783140663429549,0.0026640253583104655
gmat_d03_critical_700km_i63p4_may_24h_g20,numerical_gravity_2x0,EarthMJ2000Eq,42720.0,2026-05-10T09:00:00Z,0.0013787075658910908,-0.0002487049641786143,0.0020533448150672484,0.0024857420704924266,0.0016351693332694595,0.001830069762398523,-0.0009125793454245468,0.0026183458796357993
gmat_d03_critical_700km_i63p4_may_24h_g20,numerical_gravity_2x0,EarthMJ2000Eq,42780.0,2026-05-10T09:01:00Z,0.001475483259127941,-0.00013931639841757715,0.0019976546354882885,0.002487384962068136,0.0015400773989426852,0.0018412582569737879,-0.0010451124410337798,0.0026180776111513204
gmat_d03_critical_700km_i63p4_may_24h_g20,numerical_gravity_2x0,EarthMJ2000Eq,42840.0,2026-05-10T09:02:00Z,0.0015648183762095869,-2.8756403480656445e-05,0.0019311019059387036,0.0024856866359990845,0.0014367875778020789,0.0018429070630654465,-0.0011724843318461353,0.002614456826043902
gmat_d03_critical_700km_i63p4_may_24h_g20,numerical_gravity_2x0,EarthMJ2000Eq,42900.0,2026-05-10T09:03:00Z,0.0016477952158311382,8.169172360794619e-05,0.0018570567590359133,0.0024840616774353644,0.0013283596445035073,0.0018374429755496635,-0.0012948193628403715,0.0026109946794140794
gmat_d03_critical_700km_i63p4_may_24h_g20,numerical_gravity_2x0,EarthMJ2000Eq,42960.0,2026-05-10T09:04:00Z,0.001724125468172133,0.0001915959728648886,0.001775834334694082,0.002482519935689579,0.0012152376882568205,0.00182493942180173,-0.0014117009783376488,0.0026077013219395523
gmat_d03_critical_700km_i63p4_may_24h_g20,numerical_gravity_2x0,EarthMJ2000Eq,43020.0,2026-05-10T09:05:00Z,0.0017919264791999012,0.0002999986463692039,0.0016866697478690185,0.002479083405829188,0.0010972991404401,0.0018042383143068719,-0.0015214416393405372,0.0026027151131736846
gmat_d03_critical_700km_i63p4_may_24h_g20,numerical_gravity_2x0,EarthMJ2000Eq,43080.0,2026-05-10T09:06:00Z,0.001870543655968504,0.00041293606045655906,0.0016035191947594285,0.002498144024445213,0.0009818901247626854,0.0017922243689127981,-0.001641935476470735,0.002621474492442095
gmat_d03_critical_700km_i63p4_may_24h_g20,numerical_gravity_2x0,EarthMJ2000Eq,43140.0,2026-05-10T09:07:00Z,0.0018569962776382454,0.0004972398528479971,0.0014537617971654981,0.0024102087065896297,0.0008313021382377883,0.0016994567975103791,-0.0016770052013725945,0.0025281540888707097
gmat_d03_critical_700km_i63p4_may_24h_g20,numerical_gravity_2x0,EarthMJ2000Eq,43200.0,2026-05-10T09:08:00Z,0.0022114491002867,0.0006969521564315073,0.0015684800018789247,0.002799353308856796,0.0008201981316346973,0.0019296848563499225,-0.002055344339169096,0.0029361282282144487
gmat_d03_critical_700km_i63p4_may_24h_g20,numerical_gravity_2x0,EarthMJ2000Eq,43260.0,2026-05-10T09:09:00Z,0.002753005674094311,0.0010058083717012778,0.0017375323295709677,0.003407302352079158,0.0007983897987173805,0.0022771939889310033,-0.0026330226887694153,0.0035715328940797947
gmat_d03_critical_700km_i63p4_may_24h_g20,numerical_gravity_2x0,EarthMJ2000Eq,43320.0,2026-05-10T09:10:00Z,2.295723788847681e-05,-2.262640919070691e-05,5.021684046369046e-05,5.9671770800682306e-05,4.5923265190594975e-05,4.354738791789714e-05,-1.4788170688007085e-07,6.328778041009777e-05
gmat_d03_critical_700km_i63p4_may_24h_g20,numerical_gravity_2x0,EarthMJ2000Eq,43380.0,2026-05-10T09:11:00Z,0.0015997757145669311,0.0007362232281593606,0.00076420656114351,0.0019197183769225927,0.0002120383868486897,0.0011842771208137037,-0.0016091341592527897,0.002009175283257878
gmat_d03_critical_700km_i63p4_may_24h_g20,numerical_gravity_2x0,EarthMJ2000Eq,43440.0,2026-05-10T09:12:00Z,0.0027425381858847686,0.0013153012332622893,0.0012356658771750517,0.0032830478515050933,0.0002852900138350378,0.001985042352714572,-0.002791173514538059,0.0034369220419327726
gmat_d03_critical_700km_i63p4_may_24h_g20,numerical_gravity_2x0,EarthMJ2000Eq,43500.0,2026-05-10T09:13:00Z,0.0024785737480215175,0.001307460024690954,0.000927851942833513,0.0029518957922606663,6.390621365426341e-05,0.0016870487229425635,-0.0025865833919169745,0.0030887911941512784
gmat_d03_critical_700km_i63p4_may_24h_g20,numerical_gravity_2x0,EarthMJ2000Eq,43560.0,2026-05-10T09:14:00Z,0.002530790794708082,0.0014301899682322983,0.0007973849278641865,0.003014327141336262,-8.883560553840653e-05,0.0016376731082345941,-0.0026933841823506555,0.003153439919830857
gmat_d03_critical_700km_i63p4_may_24h_g20,numerical_gravity_2x0,EarthMJ2000Eq,43620.0,2026-05-10T09:15:00Z,0.002515504888833675,0.0015232699297484942,0.0006319123713183217,0.0030078945077324846,-0.0002531708176434222,0.0015372281225722872,-0.0027332185403849962,0.0031460529800430327
gmat_d03_critical_700km_i63p4_may_24h_g20,numerical_gravity_2x0,EarthMJ2000Eq,43680.0,2026-05-10T09:16:00Z,0.0024954422315204283,0.001612465439393418,0.0004668327164836228,0.00300752547940551,-0.00041535130890224536,0.001435069396649169,-0.0027677460323616287,0.0031452120727638315
gmat_d03_critical_700km_i63p4_may_24h_g20,numerical_gravity_2x0,EarthMJ2000Eq,43740.0,2026-05-10T09:17:00Z,0.0024656965251779184,0.0016953722479229327,0.0002999922799062915,0.0030073147127138346,-0.0005758753474083278,0.001327649989946167,-0.0027919415668264946,0.003144713758695742
gmat_d03_critical_700km_i63p4_may_24h_g20,numerical_gravity_2x0,EarthMJ2000Eq,43800.0,2026-05-10T09:18:00Z,0.0024304906673933147,0.0017753191059455276,0.0001312319000135176,0.0030126839568402103,-0.0007366320886603717,0.0012167129526119425,-0.0028108984029273643,0.003150264603914633
gmat_d03_critical_700km_i63p4_may_24h_g20,numerical_gravity_2x0,EarthMJ2000Eq,43860.0,2026-05-10T09:19:00Z,0.0023425932340614963,0.00181076802618918,-3.091918188147247e-05,0.002961009946073802,-0.0008719132083001568,0.001084965894904144,-0.002765830856010787,0.0030963210363227495
gmat_d03_critical_700km_i63p4_may_24h_g20,numerical_gravity_2x0,EarthMJ2000Eq,43920.0,2026-05-10T09:20:00Z,0.0024762430257396773,0.002039343144133454,-0.0002302886059624143,0.00321616741232241,-0.001124986326317412,0.0010359793023440034,-0.002995653169968193,0.0033634484185173404
gmat_d03_critical_700km_i63p4_may_24h_g20,numerical_gravity_2x0,EarthMJ2000Eq,43980.0,2026-05-10T09:21:00Z,0.0011304919098620303,0.0009801037776924204,-0.0001838661773945205,0.0015074555199076779,-0.0005972209393689809,0.000432083702150976,-0.0013936849452278466,0.0015766188197024692
gmat_d03_critical_700km_i63p4_may_24h_g20,numerical_gravity_2x0,EarthMJ2000Eq,44040.0,2026-05-10T09:22:00Z,0.0009822288120631129,0.0009071447948372224,-0.00024719247448956594,0.0013597018928763226,-0.0006095470794775792,0.0003277085269814961,-0.0012426151219102621,0.0014223335972816237
gmat_d03_critical_700km_i63p4_may_24h_g20,numerical_gravity_2x0,EarthMJ2000Eq,44100.0,2026-05-10T09:23:00Z,0.0009794630386750214,0.0009564676020090701,-0.00032772459235275164,0.0014076865866577918,-0.0006918172701375624,0.0002816609168121431,-0.0012694216788844415,0.0014728799700389167
gmat_d03_critical_700km_i63p4_may_24h_g20,numerical_gravity_2x0,EarthMJ2000Eq,44160.0,2026-05-10T09:24:00Z,0.0009276668606617022,0.0009640871212468483,-0.00040166833059629425,0.0013969134652969692,-0.0007499343368522204,0.0002163460521842353,-0.0012362644241648013,0.0014620385939985343
gmat_d03_critical_700km_i63p4_may_24h_g20,numerical_gravity_2x0,EarthMJ2000Eq,44220.0,2026-05-10T09:25:00Z,0.000881831056176452,0.0009760304919836926,-0.00047521643864456564,0.0013986036595394814,-0.0008099538817418761,0.0001539657290550167,-0.0012101732949076904,0.0014643258312206037
gmat_d03_critical_700km_i63p4_may_24h_g20,numerical_gravity_2x0,EarthMJ2000Eq,44280.0,2026-05-10T09:26:00Z,0.0008315182640217245,0.0009833646004153707,-0.0005468918971018866,0.0013991137580152246,-0.0008666498629850139,9.042988580176825e-05,-0.0011782588238418157,0.001465453310487633
gmat_d03_critical_700km_i63p4_may_24h_g20,numerical_gravity_2x0,EarthMJ2000Eq,44340.0,2026-05-10T09:27:00Z,0.0007778962753945962,0.0009868707877558336,-0.0006165200829855166,0.0013996905299826364,-0.0009202283379750043,2.639133356296952e-05,-0.0011418221923520377,0.0014667224057220523
gmat_d03_critical_700km_i63p4_may_24h_g20,numerical_gravity_2x0,EarthMJ2000Eq,44400.0,2026-05-10T09:28:00Z,0.0007211592674138956,0.0009865254924079636,-0.0006838236004114151,0.0014003278018476077,-0.0009704885783889949,-3.792699487803475e-05,-0.0011009673173134615,0.0014681333629872906
gmat_d03_critical_700km_i63p4_may_24h_g20,numerical_gravity_2x0,EarthMJ2000Eq,44460.0,2026-05-10T09:29:00Z,0.0006615055099246092,0.0009823178288570489,-0.0007485450623789802,0.0014010201879212857,-0.0010172280795472943,-0.00010230927216525743,-0.0010558074414745988,0.0014696766673195842
gmat_d03_critical_700km_i63p4_may_24h_g20,numerical_gravity_2x0,EarthMJ2000Eq,44520.0,2026-05-10T09:30:00Z,0.0005991605576127768,0.0009742507245391607,-0.000810436176834628,0.0014017719660437862,-0.001060261656249395,-0.00016652723644483558,-0.001006474903419985,0.0014713523817919797
gmat_d03_critical_700km_i63p4_may_24h_g20,numerical_gravity_2x0,EarthMJ2000Eq,44580.0,2026-05-10T09:31:00Z,0.0005343499651644379,0.0009623431651561987,-0.0008692431947565638,0.0014025754826121424,-0.001099399238313481,-0.00023034019136503048,-0.0009531033740017847,0.00147313995618065
gmat_d03_critical_700km_i63p4_may_24h_g20,numerical_gravity_2x0,EarthMJ2000Eq,44640.0,2026-05-10T09:32:00Z,0.0004673129296861589,0.000946622776609729,-0.0009247305570170283,0.001403425330585563,-0.0011344685191261306,-0.0002935305332130156,-0.0008958611630305313,0.0014750410903574753
gmat_d03_critical_700km_i63p4_may_24h_g20,numerical_gravity_2x0,EarthMJ2000Eq,44700.0,2026-05-10T09:33:00Z,0.00039784481487004086,0.0009251991741621168,-0.0009741484063852113,0.0014011563532497315,-0.001162477225591374,-0.00035464964298626,-0.0008333795875614669,0.0014736523356114293
gmat_d03_critical_700km_i63p4_may_24h_g20,numerical_gravity_2x0,EarthMJ2000Eq,44760.0,2026-05-10T09:34:00Z,0.00033172182156704366,0.0009220059382641921,-0.0010484773156349547,0.0014350745619999233,-0.0012177936437041126,-0.0004284235188833918,-0.0007840643689860372,0.0015104055762913615
gmat_d03_critical_700km_i63p4_may_24h_g20,numerical_gravity_2x0,EarthMJ2000Eq,44820.0,2026-05-10T09:35:00Z,0.00023412940208800137,0.0007847606866562273,-0.0009482441782893147,0.001252929740210047,-0.001079764944122985,-0.00041880632295487885,-0.0006322453671714356,0.001319479168086273
gmat_d03_critical_700km_i63p4_may_24h_g20,numerical_gravity_2x0,EarthMJ2000Eq,44880.0,2026-05-10T09:36:00Z,0.000594685843680054,0.0026377529138699174,-0.0034513436730776448,0.004384422976515357,-0.003822995253699446,-0.001661033088851127,-0.0019941488460517576,0.004620709172007731
gmat_d03_critical_700km_i63p4_may_24h_g20,numerical_gravity_2x0,EarthMJ2000Eq,44940.0,2026-05-10T09:37:00Z,3.1837771530263126e-05,0.00028424210540833883,-0.00039766700865584426,0.0004898431054493528,-0.0004360810601511389,-0.00020586465865335413,-0.00018973089765950135,0.0005182130471453642
gmat_d03_critical_700km_i63p4_may_24h_g20,numerical_gravity_2x0,EarthMJ2000Eq,45000.0,2026-05-10T09:38:00Z,1.6891135601326823e-05,0.0008260785762104206,-0.0012753362170769833,0.0015195965224769265,-0.0013504559137622607,-0.000710297598516263,-0.0005005187375672904,0.0016058558030313265
gmat_d03_critical_700km_i63p4_may_24h_g20,numerical_gravity_2x0,EarthMJ2000Eq,45060.0,2026-05-10T09:39:00Z,-0.00010087205737363547,0.002238655724795535,-0.003660450829556794,0.004291929042018476,-0.00380894876750304,-0.0021175856623756317,-0.0012533067916820073,0.0045346485712828965
gmat_d03_critical_700km_i63p4_may_24h_g20,numerical_gravity_2x0,EarthMJ2000Eq,45120.0,2026-05-10T09:40:00Z,-4.5280103222467005e-05,0.0002558681444497779,-0.0004441910732566612,0.0005146110226694666,-0.0004592121127799942,-0.00027135804714362166,-0.00011673950695012536,0.0005460211229947285
gmat_d03_critical_700km_i63p4_may_24h_g20,numerical_gravity_2x0,EarthMJ2000Eq,45180.0,2026-05-10T09:41:00Z,-0.00023783286451362073,0.0006963978194107767,-0.001376894260829431,0.0015612085702518624,-0.0013713925550717931,-0.0008937512951945337,-0.00023721291597667005,0.0016540190099495235
gmat_d03_critical_700km_i63p4_may_24h_g20,numerical_gravity_2x0,EarthMJ2000Eq,45240.0,2026-05-10T09:42:00Z,-0.0007282205842784606,0.001753403921611607,-0.003650168991953251,0.0041144214905022595,-0.003587769192847645,-0.0024202173598553145,-0.0005057518848161635,0.004357215259668356
gmat_d03_critical_700km_i63p4_may_24h_g20,numerical_gravity_2x0,EarthMJ2000Eq,45300.0,2026-05-10T09:43:00Z,-0.0003356908564455807,0.0004464536687009968,-0.0010979061357829778,0.001231830796979706,-0.0010457830157406534,-0.0007851701511185638,-1.6184387163775682e-05,0.001307828817776635
gmat_d03_critical_700km_i63p4_may_24h_g20,numerical_gravity_2x0,EarthMJ2000Eq,45360.0,2026-05-10T09:44:00Z,-0.001234530827787239,0.0015193309081951156,-0.00389240182840922,0.004356974267442657,-0.003670777903863609,-0.002807457821774051,7.267964008406125e-06,0.004621307462594805
gmat_d03_critical_700km_i63p4_may_24h_g20,numerical_gravity_2x0,EarthMJ2000Eq,45420.0,2026-05-10T09:45:00Z,-0.00018020273273577914,0.00016108060663100332,-0.00045534585524364957,0.0005155189953877794,-0.0004239479878265229,-0.0003463695996686056,3.952305149823587e-05,0.0005488769147600214
gmat_d03_critical_700km_i63p4_may_24h_g20,numerical_gravity_2x0,EarthMJ2000Eq,45480.0,2026-05-10T09:46:00Z,-0.0006151940397103317,0.0003914710760000162,-0.0013490219998857356,0.0015334841590363552,-0.0012129905968549792,-0.001066264854188148,0.00022398971566417458,0.0016304718090352833
gmat_d03_critical_700km_i63p4_may_24h_g20,numerical_gravity_2x0,EarthMJ2000Eq,45540.0,2026-05-10T09:47:00Z,-0.0018309801816940308,0.0009672658052295446,-0.003739026169569115,0.004274155853551126,-0.0033062073079292986,-0.003016755512064151,0.0007803153678764829,0.0045432051082819
gmat_d03_critical_700km_i63p4_may_24h_g20,numerical_gravity_2x0,EarthMJ2000Eq,45600.0,2026-05-10T09:48:00Z,-0.0003595941961975768,0.00011616612027864903,-0.0006013585789332865,0.0007102356608170536,-0.0005141291836707751,-0.0005182765328015648,0.00019948487306464813,0.0007567916467142115
gmat_d03_critical_700km_i63p4_may_24h_g20,numerical_gravity_2x0,EarthMJ2000Eq,45660.0,2026-05-10T09:49:00Z,-0.00044950866140425205,0.00013162389222998172,-0.0007350695341301616,0.0008716135070600646,-0.0006231117843924494,-0.0006383558126543676,0.0002566711287954604,0.0009282491625396148
gmat_d03_critical_700km_i63p4_may_24h_g20,numerical_gravity_2x0,EarthMJ2000Eq,45720.0,2026-05-10T09:50:00Z,-0.0006942673280718736,0.0001072576196747832,-0.0009934938134392723,0.001216774949260736,-0.0008098028914105271,-0.0009052876226434137,0.0004530704700300703,0.0012963792861124719
gmat_d03_critical_700km_i63p4_may_24h_g20,numerical_gravity_2x0,EarthMJ2000Eq,45780.0,2026-05-10T09:51:00Z,-0.0017592901713214815,0.0001466150933993049,-0.0023486409190809354,0.002938147725915461,-0.0018656285405427298,-0.002197389659119864,0.0012237881819032737,0.0031315728762812828
gmat_d03_critical_700km_i63p4_may_24h_g20,numerical_gravity_2x0,EarthMJ2000Eq,45840.0,2026-05-10T09:52:00Z,-0.0016735612007323653,-3.58431861968711e-06,-0.0020062088879058138,0.002612602924642205,-0.001533126514630112,-0.001961478462292332,0.001251518888523151,0.002786426779269247
gmat_d03_critical_700km_i63p4_may_24h_g20,numerical_gravity_2x0,EarthMJ2000Eq,45900.0,2026-05-10T09:53:00Z,-0.0018037421796179842,-0.0001178941602120176,-0.001982868070626864,0.0026831233048551155,-0.001461435417127177,-0.0020121125876571,0.001418023920507494,0.0028627228966446056
gmat_d03_critical_700km_i63p4_may_24h_g20,numerical_gravity_2x0,EarthMJ2000Eq,45960.0,2026-05-10T09:54:00Z,-0.0018834434740711004,-0.00023896063794381917,-0.0018875857676903252,0.0026772077873961535,-0.001331289745110098,-0.00199692529179174,0.0015508838657751767,0.0028574960667610014
gmat_d03_critical_700km_i63p4_may_24h_g20,numerical_gravity_2x0,EarthMJ2000Eq,46020.0,2026-05-10T09:55:00Z,-0.0019594317564042285,-0.000358271790901199,-0.001790637725207489,0.0026784538351625857,-0.0012006458049995672,-0.0019787778082758223,0.001679645755814363,0.0028597765347336368
gmat_d03_critical_700km_i63p4_may_24h_g20,numerical_gravity_2x0,EarthMJ2000Eq,46080.0,2026-05-10T09:56:00Z,-0.002027415575867053,-0.00047624416765756905,-0.0016861640688148327,0.002679621557507399,-0.0010646958870097478,-0.0019522718996967114,0.0018015766656276355,0.002861926166814034
gmat_d03_critical_700km_i63p4_may_24h_g20,numerical_gravity_2x0,EarthMJ2000Eq,46140.0,2026-05-10T09:57:00Z,-0.002087099801428849,-0.0005923802746110596,-0.0015745954442536458,0.002680718333569745,-0.0009240181952918647,-0.001917513037241747,0.0019161365827358168,0.002863956228178252
gmat_d03_critical_700km_i63p4_may_24h_g20,numerical_gravity_2x0,EarthMJ2000Eq,46200.0,2026-05-10T09:58:00Z,-0.002138216359526268,-0.0007061853466439061,-0.0014563838703907095,0.002681738414143811,-0.0007792086975655366,-0.0018746368901645383,0.0020228290154022943,0.002865879775894475
gmat_d03_critical_700km_i63p4_may_24h_g20,numerical_gravity_2x0,EarthMJ2000Eq,46260.0,2026-05-10T09:59:00Z,-0.0021805346932524117,-0.000817180989542976,-0.0013320222933543846,0.0026826851675403325,-0.0006308775724050975,-0.0018238122123648282,0.0021211881140459354,0.0028677057925290367
gmat_d03_critical_700km_i63p4_may_24h_g20,numerical_gravity_2x0,EarthMJ2000Eq,46320.0,2026-05-10T10:00:00Z,-0.0022129499939183006,-0.000924263076740317,-0.0012019063433399424,0.002682534020058138,-0.00047994497265335667,-0.001764839829831999,0.002209780358697344,0.0028684727705560035
gmat_d03_critical_700km_i63p4_may_24h_g20,numerical_gravity_2x0,EarthMJ2000Eq,46380.0,2026-05-10T10:01:00Z,-0.00224514371893747,-0.0010325557013857178,-0.0010696503522922285,0.002692766880238134,-0.00032663471927207866,-0.0017043748634648637,0.002298937484823682,0.0028803988394269743
gmat_d03_critical_700km_i63p4_may_24h_g20,numerical_gravity_2x0,EarthMJ2000Eq,46440.0,2026-05-10T10:02:00Z,-0.002224376260073768,-0.0011123311196570285,-0.0009185096132569015,0.002651186559973207,-0.00017220358472513908,-0.001607314725760034,0.0023312645147655076,0.0028368836669913165
gmat_d03_critical_700km_i63p4_may_24h_g20,numerical_gravity_2x0,EarthMJ2000Eq,46500.0,2026-05-10T10:03:00Z,-0.00236369030659489,-0.0012813566172553692,-0.0008197557690436952,0.0028108550597558722,-1.5356604876615165e-05,-0.001617553646582337,0.00253731169408411,0.003009097249645004
gmat_d03_critical_700km_i63p4_may_24h_g20,numerical_gravity_2x0,EarthMJ2000Eq,46560.0,2026-05-10T10:04:00Z,-0.0025162381120935606,-0.0014647584976046346,-0.0007142180038499646,0.002997845734870389,0.00015386714125043,-0.0016293610904938305,0.00276091571826953,0.0032095401950683806
gmat_d03_critical_700km_i63p4_may_24h_g20,numerical_gravity_2x0,EarthMJ2000Eq,46620.0,2026-05-10T10:05:00Z,-0.0024622880800961866,-0.001537269326945534,-0.0005344645614968613,0.002951560932870499,0.00032735414379203576,-0.0014987917573705545,0.0027631559262886185,0.003160469607574742
gmat_d03_critical_700km_i63p4_may_24h_g20,numerical_gravity_2x0,EarthMJ2000Eq,46680.0,2026-05-10T10:06:00Z,-0.002446228791086469,-0.0016290355233650189,-0.0003701134119182825,0.0029622248348846344,0.0004982139145681685,-0.0013952501376479631,0.002805265575389626,0.0031724525212746824
gmat_d03_critical_700km_i63p4_may_24h_g20,numerical_gravity_2x0,EarthMJ2000Eq,46740.0,2026-05-10T10:07:00Z,-0.0024168425625248346,-0.001714580321277026,-0.0001995149432332255,0.0029699696737029817,0.0006710010325150506,-0.001281447836731786,0.002833442702687705,0.0031813123853710193
gmat_d03_critical_700km_i63p4_may_24h_g20,numerical_gravity_2x0,EarthMJ2000Eq,46800.0,2026-05-10T10:08:00Z,-0.0023001191493676743,-0.0017253560145036317,-4.1884959500748664e-05,0.002875613991464103,0.000798103805266237,-0.0011332161875543534,0.0027514119871341336,0.0030808142648756144
gmat_d03_critical_700km_i63p4_may_24h_g20,numerical_gravity_2x0,EarthMJ2000Eq,46860.0,2026-05-10T10:09:00Z,-0.0026423422241350636,-0.002136580405931454,0.00019571234588511288,0.003403711442350703,0.0011785887821247343,-0.0011573764169270362,0.003251397817649604,0.003646941109536283
gmat_d03_critical_700km_i63p4_may_24h_g20,numerical_gravity_2x0,EarthMJ2000Eq,46920.0,2026-05-10T10:10:00Z,-0.00039719952837913297,-0.000297565065920935,-6.01630745222792e-06,0.0004963351989900533,0.00014307666162949317,-0.00020116353027788136,0.0004722183755134779,0.000532848844598061
gmat_d03_critical_700km_i63p4_may_24h_g20,numerical_gravity_2x0,EarthMJ2000Eq,46980.0,2026-05-10T10:11:00Z,-0.000792203991295537,-0.0007555970569228521,0.0002419355951133184,0.001121181032856822,0.0005538511871350238,-0.0002440181390284124,0.0010388441218367461,0.0012022866127261523
gmat_d03_critical_700km_i63p4_may_24h_g20,numerical_gravity_2x0,EarthMJ2000Eq,47040.0,2026-05-10T10:12:00Z,-0.0023900565793155693,-0.0022597730549023254,0.000694141817803029,0.003361662918142615,0.0016227810206714821,-0.0007423190950817116,0.003129343228991388,0.003602394332219719
gmat_d03_critical_700km_i63p4_may_24h_g20,numerical_gravity_2x0,EarthMJ2000Eq,47100.0,2026-05-10T10:13:00Z,-0.0019385520317882765,-0.0019807807802862953,0.0007970493243192323,0.0028838800434310345,0.0015684635812363013,-0.00046492498739780785,0.0026218356374840823,0.003090348744001722
gmat_d03_critical_700km_i63p4_may_24h_g20,numerical_gravity_2x0,EarthMJ2000Eq,47160.0,2026-05-10T10:14:00Z,-0.001886420704977354,-0.0020401049596330267,0.0009534014679957181,0.002937615645666213,0.00171694392037125,-0.00034724845221489886,0.0026147946030619096,0.003147320881236473
gmat_d03_critical_700km_i63p4_may_24h_g20,numerical_gravity_2x0,EarthMJ2000Eq,47220.0,2026-05-10T10:15:00Z,-0.0018669006749405526,-0.002169941126339836,0.0011823512977571227,0.0030970820481838125,0.001954346018351316,-0.00020241586184965854,0.002672507548595604,0.0033170374037496874
gmat_d03_critical_700km_i63p4_may_24h_g20,numerical_gravity_2x0,EarthMJ2000Eq,47280.0,2026-05-10T10:16:00Z,-0.0013451226550387219,-0.0016630411465712314,0.0010079338608193211,0.0023645277499055747,0.0015763808036695082,-5.544453784978032e-05,0.0019800769912592386,0.0025315519797684065
gmat_d03_critical_700km_i63p4_may_24h_g20,numerical_gravity_2x0,EarthMJ2000Eq,47340.0,2026-05-10T10:17:00Z,-0.0015633067960152403,-0.00209590524491432,0.001430463271390181,0.0029804315299840544,0.0021063528699016842,8.931344552820519e-05,0.0023931763237783343,0.0031893560824699965
gmat_d03_critical_700km_i63p4_may_24h_g20,numerical_gravity_2x0,EarthMJ2000Eq,47400.0,2026-05-10T10:18:00Z,-0.0015037503544590436,-0.002179910211452807,0.0016351168596884236,0.0031123754277672306,0.002302210422300277,0.00023860380338192044,0.002393508502507302,0.0033295626672449168
gmat_d03_critical_700km_i63p4_may_24h_g20,numerical_gravity_2x0,EarthMJ2000Eq,47460.0,2026-05-10T10:19:00Z,-0.001340704329777509,-0.0021316996026143897,0.0017550491975271143,0.0030694997933557637,0.0023692940942510177,0.0003872946408023381,0.00223858176440217,0.003282499041852243
gmat_d03_critical_700km_i63p4_may_24h_g20,numerical_gravity_2x0,EarthMJ2000Eq,47520.0,2026-05-10T10:20:00Z,-0.0012004120435449295,-0.0021102025584696094,0.001889881787064951,0.0030766210493233014,0.0024601836123849807,0.0005336779906883748,0.0021162680496900066,0.0032887544849884336
gmat_d03_critical_700km_i63p4_may_24h_g20,numerical_gravity_2x0,EarthMJ2000Eq,47580.0,2026-05-10T10:21:00Z,-0.0010500634743948467,-0.0020732820757984882,0.0020123907233937643,0.0030742232010195266,0.002533798504344986,0.0006773452909669686,0.00197737737295256,0.003284654133829129
gmat_d03_critical_700km_i63p4_may_24h_g20,numerical_gravity_2x0,EarthMJ2000Eq,47640.0,2026-05-10T10:22:00Z,-0.0008960832929005846,-0.0020284151105443016,0.00212668783206027,0.0030724964220537696,0.0025969044692431,0.0008176170851470488,0.0018312036331735726,0.0032811152473583177
gmat_d03_critical_700km_i63p4_may_24h_g20,numerical_gravity_2x0,EarthMJ2000Eq,47700.0,2026-05-10T10:23:00Z,-0.0007386570359813049,-0.001975246505026007,0.0022319904928735923,0.003070666789591512,0.0026487945170572402,0.0009539595779983756,0.001677744165817785,0.003277342941466906
gmat_d03_critical_700km_i63p4_may_24h_g20,numerical_gravity_2x0,EarthMJ2000Eq,47760.0,2026-05-10T10:24:00Z,-0.0005784595487057231,-0.0019140311451337766,0.0023278857952391263,0.0030687428940377273,0.0026893123283855402,0.001085783907228688,0.001517728165367771,0.0032733509247793568
gmat_d03_critical_700km_i63p4_may_24h_g20,numerical_gravity_2x0,EarthMJ2000Eq,47820.0,2026-05-10T10:25:00Z,-0.0004160929165664129,-0.0018464988897903822,0.002416392817394808,0.003069469940098954,0.002720850877935277,0.001213977363079266,0.0013526539888175648,0.0032720701935463003
gmat_d03_critical_700km_i63p4_may_24h_g20,numerical_gravity_2x0,EarthMJ2000Eq,47880.0,2026-05-10T10:26:00Z,-0.00025329336494905874,-0.0017536831364850514,0.0024652599677210674,0.003035962578881259,0.0027100371946531254,0.001318882780765307,0.001173341424021146,0.0032342670704699978
gmat_d03_critical_700km_i63p4_may_24h_g20,numerical_gravity_2x0,EarthMJ2000Eq,47940.0,2026-05-10T10:27:00Z,-8.34552338346839e-05,-0.001771268216543831,0.0026982356757798698,0.003228750785217716,0.002890755856910232,0.0015342971337872768,0.0010504468406224987,0.0034371464449427305
gmat_d03_critical_700km_i63p4_may_24h_g20,numerical_gravity_2x0,EarthMJ2000Eq,48000.0,2026-05-10T10:28:00Z,-2.0522747945506126e-05,0.00020242941900505684,-0.00036448864193516783,0.0004174336150356157,-0.00036942515713178636,-0.00022585755488080395,-0.00010041212306077796,0.00044448754344318046
gmat_d03_critical_700km_i63p4_may_24h_g20,numerical_gravity_2x0,EarthMJ2000Eq,48060.0,2026-05-10T10:29:00Z,0.00023084885469870642,-0.0013275098353915382,0.0023720492663414916,0.0027280379907047084,0.002424479395024548,0.001489558254519352,0.0005580584883091433,0.0028997091935018624
gmat_d03_critical_700km_i63p4_may_24h_g20,numerical_gravity_2x0,EarthMJ2000Eq,48120.0,2026-05-10T10:30:00Z,0.0004050943971378729,-0.0014448974070546683,0.0027691769446391845,0.003149630285958498,0.002776422092232167,0.0018020038794475113,0.0004884928017645507,0.003345797787248133
gmat_d03_critical_700km_i63p4_may_24h_g20,numerical_gravity_2x0,EarthMJ2000Eq,48180.0,2026-05-10T10:31:00Z,0.0005622832759399898,-0.0012774030437867623,0.0026927189082925906,0.0030329286403992317,0.0026345390313764483,0.0018295494008668811,0.0002736006976533645,0.003219146511082515
gmat_d03_critical_700km_i63p4_may_24h_g20,numerical_gravity_2x0,EarthMJ2000Eq,48240.0,2026-05-10T10:32:00Z,0.0007211501724668778,-0.001176762452814728,0.002724645042917473,0.003054262276147597,0.00260651478178886,0.0019209656088037264,9.515144228089412e-05,0.003239302698862617
gmat_d03_critical_700km_i63p4_may_24h_g20,numerical_gravity_2x0,EarthMJ2000Eq,48300.0,2026-05-10T10:33:00Z,0.0008706647349754348,-0.001054932909028139,0.0027116003877836192,0.0030370573235137806,0.0025346391652192324,0.001981607322676382,-8.745537627419253e-05,0.003218510792585162
gmat_d03_critical_700km_i63p4_may_24h_g20,numerical_gravity_2x0,EarthMJ2000Eq,48360.0,2026-05-10T10:34:00Z,0.0010492021829122677,-0.0009533596312394366,0.0027659690431391937,0.0031081030476335894,0.0025228739097826747,0.00209472572620939,-0.0002807061250109655,0.0032911342362966977
gmat_d03_critical_700km_i63p4_may_24h_g20,numerical_gravity_2x0,EarthMJ2000Eq,48420.0,2026-05-10T10:35:00Z,0.000604883098276332,-0.0004257344698999077,0.0013886220813219552,0.0015733418847079135,0.001239363722760345,0.0010864640298535733,-0.00023014568029111615,0.0016641495003805122
gmat_d03_critical_700km_i63p4_may_24h_g20,numerical_gravity_2x0,EarthMJ2000Eq,48480.0,2026-05-10T10:36:00Z,0.00062301114667207,-0.00032279240258503705,0.0012467169199226191,0.001430608577656939,0.0010823733020970394,0.0010117628956862745,-0.00030023805663859093,0.0015117337771029798
gmat_d03_critical_700km_i63p4_may_24h_g20,numerical_gravity_2x0,EarthMJ2000Eq,48540.0,2026-05-10T10:37:00Z,0.0007023490979918279,-0.0002721817509154789,0.0012622247140825493,0.0014698940063222665,0.001068142907456604,0.0010570382347196983,-0.00038826808435032945,0.001552098967764059
gmat_d03_critical_700km_i63p4_may_24h_g20,numerical_gravity_2x0,EarthMJ2000Eq,48600.0,2026-05-10T10:38:00Z,0.0007614653441123664,-0.0002060050974250771,0.0012285618140595034,0.0014600108566084219,0.001009913486171854,0.0010643415038202875,-0.00046918113838501085,0.0015404152125068336
gmat_d03_critical_700km_i63p4_may_24h_g20,numerical_gravity_2x0,EarthMJ2000Eq,48660.0,2026-05-10T10:39:00Z,0.0008208071449189447,-0.00014209490473149344,0.001198852260131389,0.0014598500172013497,0.0009559171232353947,0.0010740894840211013,-0.0005488498544536924,0.001539052282709456
gmat_d03_critical_700km_i63p4_may_24h_g20,numerical_gravity_2x0,EarthMJ2000Eq,48720.0,2026-05-10T10:40:00Z,0.0008764282029005699,-7.748258212814108e-05,0.0011635952432698105,0.0014587953370959533,0.0008976543952599059,0.001078951206157086,-0.0006259153195742329,0.0015367788083764599
gmat_d03_critical_700km_i63p4_may_24h_g20,numerical_gravity_2x0,EarthMJ2000Eq,48780.0,2026-05-10T10:41:00Z,0.0009284599400416482,-1.270655047846958e-05,0.0011237975741096307,0.0014577792371487164,0.0008361382697330555,0.001079587093333334,-0.000700203450776371,0.00153457498046959
gmat_d03_critical_700km_i63p4_may_24h_g20,numerical_gravity_2x0,EarthMJ2000Eq,48840.0,2026-05-10T10:42:00Z,0.0009767081792233512,5.1982169679831713e-05,0.001079633420886239,0.001456801062884339,0.0007716360883591733,0.0010760312085800194,-0.0007714495708910363,0.001532448973089932
gmat_d03_critical_700km_i63p4_may_24h_g20,numerical_gravity_2x0,EarthMJ2000Eq,48900.0,2026-05-10T10:43:00Z,0.001021003299683798,0.00011633255780907348,0.0010312901395082008,0.0014558641261527292,0.000704415192842589,0.0010683346429729568,-0.0008394218653506869,0.001530414565179136
gmat_d03_critical_700km_i63p4_may_24h_g20,numerical_gravity_2x0,EarthMJ2000Eq,48960.0,2026-05-10T10:44:00Z,0.0010612725418468472,0.00018012542568612844,0.0009790373951545916,0.0014550803407948872,0.0006347899983438765,0.001056679077571232,-0.0009040359572054513,0.0015286628231544668
gmat_d03_critical_700km_i63p4_may_24h_g20,numerical_gravity_2x0,EarthMJ2000Eq,49020.0,2026-05-10T10:45:00Z,0.0010950161595246755,0.00024230848794104531,0.0009215082172886468,0.0014515340807156217,0.0005622116105996611,0.0010391267846188157,-0.000962870672083227,0.0015241346071667385
gmat_d03_critical_700km_i63p4_may_24h_g20,numerical_gravity_2x0,EarthMJ2000Eq,49080.0,2026-05-10T10:46:00Z,0.0011442575669207145,0.00031030140235088766,0.0008735551091376692,0.0014726543615040041,0.0004940776676676251,0.0010343597089956802,-0.0010367262603949712,0.0015455788845199878
gmat_d03_critical_700km_i63p4_may_24h_g20,numerical_gravity_2x0,EarthMJ2000Eq,49140.0,2026-05-10T10:47:00Z,0.0012214229627716122,0.0003893337634508498,0.0008418883226113394,0.0015336983996529173,0.00043298875596065045,0.0010519560778021741,-0.0011377379038890467,0.0016088935298394134
gmat_d03_critical_700km_i63p4_may_24h_g20,numerical_gravity_2x0,EarthMJ2000Eq,49200.0,2026-05-10T10:48:00Z,0.002449907015034114,0.000883104803506285,0.001543678081361577,0.003027352059996557,0.0007168079463326649,0.002022258360767637,-0.0023384942871018666,0.0031736253780854998
gmat_d03_critical_700km_i63p4_may_24h_g20,numerical_gravity_2x0,EarthMJ2000Eq,49260.0,2026-05-10T10:49:00Z,0.002291368900841917,0.0009315990610048175,0.0012753844202961773,0.0027829577197192143,0.0004967990463455862,0.001795387838399165,-0.0022427060208940475,0.002915468586501306
gmat_d03_critical_700km_i63p4_may_24h_g20,numerical_gravity_2x0,EarthMJ2000Eq,49320.0,2026-05-10T10:50:00Z,0.0023562625983686303,0.0010516168913454749,0.0011637457646429539,0.002830578690543406,0.00035855141078400266,0.0017620962466935453,-0.0023562423123735243,0.002964020939771852
gmat_d03_critical_700km_i63p4_may_24h_g20,numerical_gravity_2x0,EarthMJ2000Eq,49380.0,2026-05-10T10:51:00Z,0.0023692853119428037,0.001153732227976434,0.001017863723973278,0.0028250057528861994,0.00020366819342143572,0.001685542372342752,-0.0024210708993166463,0.0029570455054821693
gmat_d03_critical_700km_i63p4_may_24h_g20,numerical_gravity_2x0,EarthMJ2000Eq,49440.0,2026-05-10T10:52:00Z,0.002376882619614662,0.0012525119927886408,0.0008707729648449458,0.0028242880228139776,4.952305232563958e-05,0.001606085486827169,-0.0024804172049641693,0.0029554073550681257
gmat_d03_critical_700km_i63p4_may_24h_g20,numerical_gravity_2x0,EarthMJ2000Eq,49500.0,2026-05-10T10:53:00Z,0.0023752299114221387,0.0013463454706652556,0.0007203989298432134,0.0028237099490943675,-0.00010456879806497454,0.0015207586301357878,-0.0025303978912205594,0.0029540742936755475
gmat_d03_critical_700km_i63p4_may_24h_g20,numerical_gravity_2x0,EarthMJ2000Eq,49560.0,2026-05-10T10:54:00Z,0.0023643460735911503,0.0014348906915984116,0.0005673136911354959,0.0028232761956088247,-0.0002580797797691048,0.0014298731088047134,-0.0025708732920293187,0.002953054649626077
gmat_d03_critical_700km_i63p4_may_24h_g20,numerical_gravity_2x0,EarthMJ2000Eq,49620.0,2026-05-10T10:55:00Z,0.002344282393096364,0.0015178256944636814,0.00041208932088920847,0.002822989972661381,-0.0004104938611249054,0.0013337566606708151,-0.0026017297205527257,0.0029523566144204804
gmat_d03_critical_700km_i63p4_may_24h_g20,numerical_gravity_2x0,EarthMJ2000Eq,49680.0,2026-05-10T10:56:00Z,0.002315119445484015,0.0015948444342939183,0.00025530152925057337,0.0028228506314175008,-0.0005612950104705305,0.0012327419085522706,-0.002622881911662489,0.0029519847940676254
gmat_d03_critical_700km_i63p4_may_24h_g20,numerical_gravity_2x0,EarthMJ2000Eq,49740.0,2026-05-10T10:57:00Z,0.0022769686438550707,0.00166566360348952,9.753966878633946e-05,0.0028228594424936997,-0.0007099743015714921,0.0011271730215867137,-0.002634282070257399,0.002951952668178211
gmat_d03_critical_700km_i63p4_may_24h_g20,numerical_gravity_2x0,EarthMJ2000Eq,49800.0,2026-05-10T10:58:00Z,0.00222756216317066,0.0017277666302106809,-5.994206730974838e-05,0.0028197169664156874,-0.0008546177099333363,0.0010165459585209646,-0.0026328090541039018,0.002948799862874469
gmat_d03_critical_700km_i63p4_may_24h_g20,numerical_gravity_2x0,EarthMJ2000Eq,49860.0,2026-05-10T10:59:00Z,0.0021935056793154217,0.0018059745343634859,-0.00022447784431278706,0.002850158151146307,-0.0010121574689492263,0.0009092486763506713,-0.0026523226948071965,0.002980941390699331
gmat_d03_critical_700km_i63p4_may_24h_g20,numerical_gravity_2x0,EarthMJ2000Eq,49920.0,2026-05-10T11:00:00Z,0.0020378834051371086,0.0017708930499793496,-0.0003557070158421993,0.002723152299912317,-0.0010925313986831497,0.0007636211662997994,-0.00251737874989999,0.0028484974834423957
gmat_d03_critical_700km_i63p4_may_24h_g20,numerical_gravity_2x0,EarthMJ2000Eq,49980.0,2026-05-10T11:01:00Z,0.0022680969777866267,0.0020963534552720375,-0.0005941183189861476,0.0031451451933147325,-0.001420615625136179,0.0007385576594742815,-0.002874583904244332,0.0032904177232214414
gmat_d03_critical_700km_i63p4_may_24h_g20,numerical_gravity_2x0,EarthMJ2000Eq,50040.0,2026-05-10T11:02:00Z,0.0030765500014240388,0.003031472033399041,-0.0011036245268769562,0.004457910911723916,-0.002232406259849995,0.0008347038615852398,-0.004010667131737478,0.00466538520244171
gmat_d03_critical_700km_i63p4_may_24h_g20,numerical_gravity_2x0,EarthMJ2000Eq,50100.0,2026-05-10T11:03:00Z,0.0012673040146182757,0.001272870122193126,-0.0004913408702122979,0.0018621690750789844,-0.0009600116257502123,0.00032942182315309765,-0.0016647696554628055,0.0019497689773136776
gmat_d03_critical_700km_i63p4_may_24h_g20,numerical_gravity_2x0,EarthMJ2000Eq,50160.0,2026-05-10T11:04:00Z,0.0012136306395404972,0.001412592496308207,-0.0007775743142701685,0.0020181522995231186,-0.0012378187363992765,0.00014573586781807535,-0.0017083832126729703,0.0021147121243073747
gmat_d03_critical_700km_i63p4_may_24h_g20,numerical_gravity_2x0,EarthMJ2000Eq,50220.0,2026-05-10T11:05:00Z,0.0016775265976320952,0.0019405948137318774,-0.0010556923371041194,0.00277389437929178,-0.0016901564592330942,0.00020818635704245025,-0.0023557449324584923,0.0029068031585832957
gmat_d03_critical_700km_i63p4_may_24h_g20,numerical_gravity_2x0,EarthMJ2000Eq,50280.0,2026-05-10T11:06:00Z,-0.00025708231987664476,-0.0003237116814602814,0.00021042615117039531,0.0004638531416336277,0.00030256863681188406,6.460609824898711e-06,0.00037802427854671805,0.0004842436108326863
gmat_d03_critical_700km_i63p4_may_24h_g20,numerical_gravity_2x0,EarthMJ2000Eq,50340.0,2026-05-10T11:07:00Z,0.0012655054888455197,0.0017941755743322574,-0.0013186208889237605,0.0025611191269706126,-0.0018206627316885715,-0.00013148415689556714,-0.0019727668387758968,0.0026877332208104423
gmat_d03_critical_700km_i63p4_may_24h_g20,numerical_gravity_2x0,EarthMJ2000Eq,50400.0,2026-05-10T11:08:00Z,0.0011301199265290052,0.0015989786561476649,-0.0011703041309374385,0.002281121555297514,-0.001619701262001172,-0.00011268763699945339,-0.0017599219859221193,0.00239446363058468
gmat_d03_critical_700km_i63p4_may_24h_g20,numerical_gravity_2x0,EarthMJ2000Eq,50460.0,2026-05-10T11:09:00Z,0.0006098562153056264,0.0010679906381483306,-0.0009530313036520965,0.0015558911505179904,-0.0012136673888107907,-0.00023651214320352665,-0.0010714193976468778,0.0016361130921178789
gmat_d03_critical_700km_i63p4_may_24h_g20,numerical_gravity_2x0,EarthMJ2000Eq,50520.0,2026-05-10T11:10:00Z,0.0018081082089338452,0.0032716686746425694,-0.0030113478715065867,0.004800134083031293,-0.0037770533367620374,-0.0008229434911299904,-0.003239997603543543,0.00504390249403241
gmat_d03_critical_700km_i63p4_may_24h_g20,numerical_gravity_2x0,EarthMJ2000Eq,50580.0,2026-05-10T11:11:00Z,0.0006293867045314983,0.001197820211018552,-0.0011337660907884128,0.001765311992364859,-0.0014106711354600066,-0.00032957281348444667,-0.0011628449314571299,0.0018576381850144057
gmat_d03_critical_700km_i63p4_may_24h_g20,numerical_gravity_2x0,EarthMJ2000Eq,50640.0,2026-05-10T11:12:00Z,0.0005120482455822639,0.0013769026736554224,-0.0015597734090988524,0.002142649636841073,-0.0018174222127242956,-0.0006250209239055948,-0.0011847358649674788,0.002257714269867584
gmat_d03_critical_700km_i63p4_may_24h_g20,numerical_gravity_2x0,EarthMJ2000Eq,50700.0,2026-05-10T11:13:00Z,0.0006184964149724692,0.0015246914699673653,-0.0016652602425892837,0.0023410069563061025,-0.0019643475734909543,-0.0006342721903251913,-0.0013487744254803147,0.0024657970418770214
gmat_d03_critical_700km_i63p4_may_24h_g20,numerical_gravity_2x0,EarthMJ2000Eq,50760.0,2026-05-10T11:14:00Z,0.00022915355657460168,0.0010106869012815878,-0.0013166968528821599,0.001675616294771196,-0.0014681245108505436,-0.0006252616202573336,-0.0007632730003592769,0.00176887742543242
gmat_d03_critical_700km_i63p4_may_24h_g20,numerical_gravity_2x0,EarthMJ2000Eq,50820.0,2026-05-10T11:15:00Z,0.0005725551091018133,0.0026167372197960503,-0.0034577210499264766,0.004373896190986842,-0.003827710592929634,-0.0016655308243684885,-0.0019613173307675424,0.004612171612387859
gmat_d03_critical_700km_i63p4_may_24h_g20,numerical_gravity_2x0,EarthMJ2000Eq,50880.0,2026-05-10T11:16:00Z,0.0002700589902815409,0.0021558566913881805,-0.003088760877290042,0.0037763863267828717,-0.003339005516522775,-0.0016040813122231157,-0.001468706933849262,0.003984863203816393
gmat_d03_critical_700km_i63p4_may_24h_g20,numerical_gravity_2x0,EarthMJ2000Eq,50940.0,2026-05-10T11:17:00Z,4.872254066867754e-05,0.0022797726160206366,-0.0035528323678590823,0.004221653100484922,-0.0037528175012013776,-0.00197361593734513,-0.001381143199807866,0.004459412024453623
gmat_d03_critical_700km_i63p4_may_24h_g20,numerical_gravity_2x0,EarthMJ2000Eq,51000.0,2026-05-10T11:18:00Z,4.198227543383837e-06,0.0006365294211718719,-0.0009894893082673661,0.00117655276987789,-0.0010505164516061427,-0.000552790258012692,-0.00037773517647110566,0.0012457310094850162
gmat_d03_critical_700km_i63p4_may_24h_g20,numerical_gravity_2x0,EarthMJ2000Eq,51060.0,2026-05-10T11:19:00Z,-0.00024432301870547235,0.0010667063179425895,-0.001974139877347625,0.0022571629009759324,-0.0020006515333292896,-0.0012292562523441575,-0.000449816184300289,0.0023908182890798107
gmat_d03_critical_700km_i63p4_may_24h_g20,numerical_gravity_2x0,EarthMJ2000Eq,51120.0,2026-05-10T11:20:00Z,-0.0006563477654708549,0.002080150807159953,-0.004085132331965724,0.004630996214578295,-0.004077380655331808,-0.002620112571349864,-0.0007459126649678183,0.004903713755795605
gmat_d03_critical_700km_i63p4_may_24h_g20,numerical_gravity_2x0,EarthMJ2000Eq,51180.0,2026-05-10T11:21:00Z,-0.00014512079360429198,0.0004452540451893583,-0.0008635950052848784,0.0009823988714604754,-0.0008686942276625587,-0.00055720938973991,-0.00015440981826486677,0.001043529758638996
gmat_d03_critical_700km_i63p4_may_24h_g20,numerical_gravity_2x0,EarthMJ2000Eq,51240.0,2026-05-10T11:22:00Z,-0.0007658254617126659,0.0009984369171434082,-0.002493982378837245,0.0027934410717380337,-0.0023714956665088494,-0.0017803114538139653,-2.326316916878568e-05,0.0029654749609280503
gmat_d03_critical_700km_i63p4_may_24h_g20,numerical_gravity_2x0,EarthMJ2000Eq,51300.0,2026-05-10T11:23:00Z,-0.0003712921170517802,0.0005690544639946893,-0.0013331967352314678,0.0014963603690317784,-0.0012847971575524753,-0.0009338205764208851,-5.9955596043437254e-05,0.0015894399260427798
gmat_d03_critical_700km_i63p4_may_24h_g20,numerical_gravity_2x0,EarthMJ2000Eq,51360.0,2026-05-10T11:24:00Z,-0.000814609848021064,0.0006240497896214947,-0.001956057872121164,0.0022088888028840904,-0.001789298487153701,-0.0015031993427783163,0.00023658497383394206,0.002348865639006134
gmat_d03_critical_700km_i63p4_may_24h_g20,numerical_gravity_2x0,EarthMJ2000Eq,51420.0,2026-05-10T11:25:00Z,-0.0018299324437975883,0.0012002919902442954,-0.004100049181943177,0.0046475538625238705,-0.0036978775597162894,-0.0032098474989084025,0.0006481934988755711,0.004939390066079656
gmat_d03_critical_700km_i63p4_may_24h_g20,numerical_gravity_2x0,EarthMJ2000Eq,51480.0,2026-05-10T11:26:00Z,-0.00044458738557295874,0.00026731868274509907,-0.0009406548997503705,0.0010742201180296118,-0.0008456808586743136,-0.0007506038013360694,0.00017495249693411097,0.0011441986529845953
gmat_d03_critical_700km_i63p4_may_24h_g20,numerical_gravity_2x0,EarthMJ2000Eq,51540.0,2026-05-10T11:27:00Z,-0.0011542952051968314,0.000368813743989449,-0.0019594849618442822,0.0023039102226844253,-0.001674853589150871,-0.0016738230801394138,0.0006431246646343425,0.002453655962632085
gmat_d03_critical_700km_i63p4_may_24h_g20,numerical_gravity_2x0,EarthMJ2000Eq,51600.0,2026-05-10T11:28:00Z,-0.0024373348423978314,0.000599191480432637,-0.0038761136238463223,0.004617779595125409,-0.0032527678328619913,-0.00338461725313266,0.0014618244392750057,0.0049166109482006665
gmat_d03_critical_700km_i63p4_may_24h_g20,numerical_gravity_2x0,EarthMJ2000Eq,51660.0,2026-05-10T11:29:00Z,-0.0007276521500898525,0.00012743112165480852,-0.0010599183042359073,0.0012919532321066848,-0.0008716281030274331,-0.0009573174475363544,0.00046900616723632993,0.0013770109041871944
gmat_d03_critical_700km_i63p4_may_24h_g20,numerical_gravity_2x0,EarthMJ2000Eq,51720.0,2026-05-10T11:30:00Z,-0.00046608784032287076,3.58231773134321e-05,-0.0005983356459182687,0.0007592935664853873,-0.00047475445796862914,-0.0005682411208240978,0.0003270148596357103,0.0008094618491189545
gmat_d03_critical_700km_i63p4_may_24h_g20,numerical_gravity_2x0,EarthMJ2000Eq,51780.0,2026-05-10T11:31:00Z,-0.002973027221742086,-3.291461325716227e-05,-0.0035165994631825015,0.004605045712850285,-0.0026857840396132815,-0.0034460795952928613,0.0022420598710937156,0.004910777224646219
gmat_d03_critical_700km_i63p4_may_24h_g20,numerical_gravity_2x0,EarthMJ2000Eq,51840.0,2026-05-10T11:32:00Z,-0.0011367683327989653,-6.108894012868404e-05,-0.0012546115613076836,0.0016941145979028362,-0.0009331531103384805,-0.0012685207884111094,0.00088680174314959,0.0018073010401199558
gmat_d03_critical_700km_i63p4_may_24h_g20,numerical_gravity_2x0,EarthMJ2000Eq,51900.0,2026-05-10T11:33:00Z,-0.0007360440577031113,-0.00010369876690674573,-0.000703297700965777,0.0010232995384157019,-0.0004888542903813686,-0.0007608428331806749,0.0006129354801487352,0.0010924972479836406
gmat_d03_critical_700km_i63p4_may_24h_g20,numerical_gravity_2x0,EarthMJ2000Eq,51960.0,2026-05-10T11:34:00Z,-0.0009209020390699152,-0.0001687749318080023,-0.0008234128472395241,0.0012468176531349815,-0.0005502025501868957,-0.0009193563688114637,0.0007902354326461136,0.0013313192773019376
gmat_d03_critical_700km_i63p4_may_24h_g20,numerical_gravity_2x0,EarthMJ2000Eq,52020.0,2026-05-10T11:35:00Z,-0.0007113744686648715,-0.00015595378499710932,-0.0005915189831284806,0.0009382270115086778,-0.0003773941159579408,-0.0006858233980722162,0.0006253184636761944,0.0010018998119160185
gmat_d03_critical_700km_i63p4_may_24h_g20,numerical_gravity_2x0,EarthMJ2000Eq,52080.0,2026-05-10T11:36:00Z,-0.0035936586755269673,-0.0010504245437914506,-0.0026470725060789846,0.004585277227259982,-0.0015383028184601244,-0.003257412783952418,0.0033229277107693633,0.004900914422568295
gmat_d03_critical_700km_i63p4_may_24h_g20,numerical_gravity_2x0,EarthMJ2000Eq,52140.0,2026-05-10T11:37:00Z,-0.0013782935184281087,-0.0004437597453943454,-0.000939691744861193,0.0017261623069496283,-0.0005090434740395722,-0.0012085954459450932,0.0012976366647876603,0.0018449089745086987
gmat_d03_critical_700km_i63p4_may_24h_g20,numerical_gravity_2x0,EarthMJ2000Eq,52200.0,2026-05-10T11:38:00Z,-0.0006568923254235415,-0.0002434780981275253,-0.00038871712604304776,0.000801180451301273,-0.00017891288450755383,-0.0005444880102345451,0.0006361156046352789,0.0008562243140629059
gmat_d03_critical_700km_i63p4_may_24h_g20,numerical_gravity_2x0,EarthMJ2000Eq,52260.0,2026-05-10T11:39:00Z,-0.0038299149309750646,-0.0016235217117355205,-0.0020211809896863997,0.00462485067002731,-0.0007824212389095919,-0.0030139872819745506,0.0038453498163448785,0.004948031683514643
gmat_d03_critical_700km_i63p4_may_24h_g20,numerical_gravity_2x0,EarthMJ2000Eq,52320.0,2026-05-10T11:40:00Z,-0.0014061921547181555,-0.0006319332896964625,-0.0006762666089343838,0.001683464459077498,-0.00021572343911202552,-0.0010718892440308991,0.0014308945139873686,0.0018008171100393842
gmat_d03_critical_700km_i63p4_may_24h_g20,numerical_gravity_2x0,EarthMJ2000Eq,52380.0,2026-05-10T11:41:00Z,-0.0008748028790250828,-0.00044480793803813867,-0.00033400010579498485,0.0010366726819798886,-4.0325076611225086e-05,-0.000619034601356816,0.0009194662808909015,0.0011091655382205305
gmat_d03_critical_700km_i63p4_may_24h_g20,numerical_gravity_2x0,EarthMJ2000Eq,52440.0,2026-05-10T11:42:00Z,-0.001051049102862578,-0.0005682200026058126,-0.0003512122930260375,0.0012453627032965886,5.4010129701964615e-06,-0.000714064807283421,0.001125472159912988,0.0013328935826543017
gmat_d03_critical_700km_i63p4_may_24h_g20,numerical_gravity_2x0,EarthMJ2000Eq,52500.0,2026-05-10T11:43:00Z,-0.0008183174031728413,-0.0004679845915234182,-0.00023122356651583686,0.0009706272652008014,5.043254702741251e-05,-0.0005331695085430965,0.0008904670334430875,0.0010391076480753532
gmat_d03_critical_700km_i63p4_may_24h_g20,numerical_gravity_2x0,EarthMJ2000Eq,52560.0,2026-05-10T11:44:00Z,-0.0025343422294099582,-0.0015731056919321418,-0.0005424117262009531,0.003031791967546625,0.0003382654156780518,-0.0015375709594422915,0.002840312873786388,0.0032474490246593287
gmat_d03_critical_700km_i63p4_may_24h_g20,numerical_gravity_2x0,EarthMJ2000Eq,52620.0,2026-05-10T11:45:00Z,0.0003091220150963636,0.0001988059921131935,6.434220267692581e-05,0.00037312218074334074,-3.948752436144787e-05,0.0001787574532841063,-0.0003555727934312358,0.0003999318730900398
gmat_d03_critical_700km_i63p4_may_24h_g20,numerical_gravity_2x0,EarthMJ2000Eq,52680.0,2026-05-10T11:46:00Z,-0.002733857400016859,-0.0019350986804056447,-0.00020853622118011117,0.0033559008540299117,0.0007705303062266466,-0.0014386332125582157,0.003203586174116424,0.003595322912907714
gmat_d03_critical_700km_i63p4_may_24h_g20,numerical_gravity_2x0,EarthMJ2000Eq,52740.0,2026-05-10T11:47:00Z,-0.0025077454210986616,-0.0018921473383670673,-5.275069270282984e-06,0.003141502263804164,0.0009075771245647957,-0.0012115117797861785,0.0030062535689989733,0.0033658605958525735
gmat_d03_critical_700km_i63p4_may_24h_g20,numerical_gravity_2x0,EarthMJ2000Eq,52800.0,2026-05-10T11:48:00Z,-0.002551415036577964,-0.002049624981736997,0.0001918278940138407,0.003278334820538974,0.0011356702245279848,-0.001116962522473841,0.0031305420478133783,0.003512498490906174
gmat_d03_critical_700km_i63p4_may_24h_g20,numerical_gravity_2x0,EarthMJ2000Eq,52860.0,2026-05-10T11:49:00Z,-0.002186387973779347,-0.0018474515854904894,0.0003088043740717694,0.0028790154348429845,0.0011295231416852403,-0.0008735394629866278,0.002734324544562128,0.0030847081605870513
gmat_d03_critical_700km_i63p4_may_24h_g20,numerical_gravity_2x0,EarthMJ2000Eq,52920.0,2026-05-10T11:50:00Z,0.0002470565050316509,0.0002117119493050268,-3.838613338302821e-05,0.00032761617999282027,-0.00012457768150397897,8.818901164886483e-05,-0.0003158660000224245,0.0003508108186397288
gmat_d03_critical_700km_i63p4_may_24h_g20,numerical_gravity_2x0,EarthMJ2000Eq,52980.0,2026-05-10T11:51:00Z,-0.002357269295316655,-0.002251763135063811,0.000744560566090513,0.003343878912827453,0.0016597603291756968,-0.0006993152723566709,0.0030964588670912008,0.003582164669029667
gmat_d03_critical_700km_i63p4_may_24h_g20,numerical_gravity_2x0,EarthMJ2000Eq,53040.0,2026-05-10T11:52:00Z,-0.002121525085385656,-0.002164915258617839,0.0008893139238352887,0.0031588931637591476,0.0017296191145987905,-0.0005011759895978685,0.0028645512628600045,0.003383550441723568
gmat_d03_critical_700km_i63p4_may_24h_g20,numerical_gravity_2x0,EarthMJ2000Eq,53100.0,2026-05-10T11:53:00Z,-0.0020346269593574107,-0.0022105433572505717,0.0010656131053110585,0.0031877484355324038,0.0018869847906444193,-0.00035577851775769886,0.0028226003756515183,0.003413848683590021
gmat_d03_critical_700km_i63p4_may_24h_g20,numerical_gravity_2x0,EarthMJ2000Eq,53160.0,2026-05-10T11:54:00Z,-0.0019161416275892407,-0.0022265524535214354,0.0012328182492638007,0.003185745658551626,0.0020227721719834335,-0.00020061019512240819,0.00273907119208161,0.0034109181616434306
gmat_d03_critical_700km_i63p4_may_24h_g20,numerical_gravity_2x0,EarthMJ2000Eq,53220.0,2026-05-10T11:55:00Z,-0.001784681444405578,-0.0022241597008587632,0.0013863373169442639,0.003170789395289751,0.0021388233406582913,-4.7340797948436375e-05,0.0026348350168348134,0.00339398909833753
gmat_d03_critical_700km_i63p4_may_24h_g20,numerical_gravity_2x0,EarthMJ2000Eq,53280.0,2026-05-10T11:56:00Z,-0.0016780659279902466,-0.0022610405494560837,0.0015725108823971823,0.003225058154549155,0.002298319312643571,0.00011306688918466534,0.002571743706880625,0.0034509305235226645
gmat_d03_critical_700km_i63p4_may_24h_g20,numerical_gravity_2x0,EarthMJ2000Eq,53340.0,2026-05-10T11:57:00Z,-0.0014651559467893094,-0.00214103749840433,0.0016368048818549141,0.0030675484901219784,0.002288624845192544,0.0002526290288074051,0.0023376776070449523,0.003281213449732916
gmat_d03_critical_700km_i63p4_may_24h_g20,numerical_gravity_2x0,EarthMJ2000Eq,53400.0,2026-05-10T11:58:00Z,-0.00038892176235094666,-0.0006124054152678582,0.0004966577762388624,0.0008791868268906763,0.000681010803305071,9.945111401066242e-05,0.0006413971576080257,0.000940774442724628
gmat_d03_critical_700km_i63p4_may_24h_g20,numerical_gravity_2x0,EarthMJ2000Eq,53460.0,2026-05-10T11:59:00Z,-0.0007651315172552131,-0.0014326262771646725,0.0013493845472112298,0.0021115593633550607,0.0017262169471621291,0.00042006575995401363,0.0013923431296802846,0.002257188424151465
gmat_d03_critical_700km_i63p4_may_24h_g20,numerical_gravity_2x0,EarthMJ2000Eq,53520.0,2026-05-10T12:00:00Z,-0.0011910269677173346,-0.002306968553966726,0.002228487574029714,0.003421521008911989,0.0028170403787441956,0.0007318838868286548,0.002212452443473012,0.0036559973104345086
gmat_d03_critical_700km_i63p4_may_24h_g20,numerical_gravity_2x0,EarthMJ2000Eq,53580.0,2026-05-10T12:01:00Z,6.142545316834003e-05,0.00012011742001050152,-0.00013178350855014287,0.00018859526508558148,-0.00015192913593864432,-5.1102233555866405e-05,-0.00012166978535788076,0.00020123975077129808
gmat_d03_critical_700km_i63p4_may_24h_g20,numerical_gravity_2x0,EarthMJ2000Eq,53640.0,2026-05-10T12:02:00Z,-0.0005194988261791877,-0.0015522637113463134,0.0018329801605432294,0.0024574820302312016,0.0021460992982724747,0.000819790457740055,0.0012633858403887643,0.002621820431368648
gmat_d03_critical_700km_i63p4_may_24h_g20,numerical_gravity_2x0,EarthMJ2000Eq,53700.0,2026-05-10T12:03:00Z,-0.0006037471393938176,-0.0018143546185456216,0.0021481823750946205,0.002875948679450176,0.002511022278994801,0.0009639098408342761,0.001474935729106619,0.0030675381777348232
gmat_d03_critical_700km_i63p4_may_24h_g20,numerical_gravity_2x0,EarthMJ2000Eq,53760.0,2026-05-10T12:04:00Z,-0.0001490843715146184,-0.0010676517376850825,0.0015049654393806122,0.001851223205489269,0.0016576859884764872,0.0008028484543842751,0.0007026361714679297,0.0019713411847150147
gmat_d03_critical_700km_i63p4_may_24h_g20,numerical_gravity_2x0,EarthMJ2000Eq,53820.0,2026-05-10T12:05:00Z,-0.000310047653329093,-0.00197932104128995,0.0027635514925350435,0.00341336464265403,0.00304948710727615,0.0014595507025205734,0.0013355174743878706,0.0036350057489730487
gmat_d03_critical_700km_i63p4_may_24h_g20,numerical_gravity_2x0,EarthMJ2000Eq,53880.0,2026-05-10T12:06:00Z,1.2621967471204698e-05,9.695622793515213e-05,-0.00015885871107457206,0.00018653662986805483,-0.00016533388547124162,-8.961720254774264e-05,-7.061640161509786e-05,0.00020088109133157748
gmat_d03_critical_700km_i63p4_may_24h_g20,numerical_gravity_2x0,EarthMJ2000Eq,53940.0,2026-05-10T12:07:00Z,0.0001344033080385998,-0.0012300874914217275,0.002103171254930203,0.002440186225132951,0.0021799302085678818,0.0012817458205915955,0.0005717968321050648,0.002592666519249288
gmat_d03_critical_700km_i63p4_may_24h_g20,numerical_gravity_2x0,EarthMJ2000Eq,54000.0,2026-05-10T12:08:00Z,0.00018039372662315145,-0.00147006039696862,0.0025405511223652866,0.002940751514951925,0.0026243620609989193,0.0015572809708430668,0.0006696483367818473,0.003124232568858329
gmat_d03_critical_700km_i63p4_may_24h_g20,numerical_gravity_2x0,EarthMJ2000Eq,54060.0,2026-05-10T12:09:00Z,0.0002611359377624467,-0.0006315108294074889,0.0013001329079997959,0.0014687898025633256,0.0012806509186447101,0.0008727534250851932,0.00014200018938481662,0.0015562549181316022
gmat_d03_critical_700km_i63p4_may_24h_g20,numerical_gravity_2x0,EarthMJ2000Eq,54120.0,2026-05-10T12:10:00Z,0.0009642926670494489,-0.0020973425307602156,0.0044845736510978895,0.00504381867945136,0.004378700069196384,0.0030477549373131296,0.0004092104433084387,0.005350633386881376
gmat_d03_critical_700km_i63p4_may_24h_g20,numerical_gravity_2x0,EarthMJ2000Eq,54180.0,2026-05-10T12:11:00Z,0.0005424899427453056,-0.0009576297088642605,0.002158280210551311,0.00242270994230359,0.002079439509472536,0.0015007493026075736,0.00010606715505900866,0.0025666256805804023
gmat_d03_critical_700km_i63p4_may_24h_g20,numerical_gravity_2x0,EarthMJ2000Eq,54240.0,2026-05-10T12:12:00Z,0.0006410346031771041,-0.0006056352503946982,0.0017153086560028896,0.0019287309828873273,0.0015727659175013287,0.0012873671018098776,-0.00016341772379746544,0.0020390223241856143
gmat_d03_critical_700km_i63p4_may_24h_g20,numerical_gravity_2x0,EarthMJ2000Eq,54300.0,2026-05-10T12:13:00Z,0.0010879739420488477,-0.0010474977898411453,0.0029583028435808956,0.0033215199280808485,0.002715915936590818,0.0022150521417074742,-0.0002638786966713269,0.0035145820991503113
gmat_d03_critical_700km_i63p4_may_24h_g20,numerical_gravity_2x0,EarthMJ2000Eq,54360.0,2026-05-10T12:14:00Z,7.488688424928114e-05,-1.3987119018565863e-05,8.90338469616836e-05,0.00011717811585702022,6.98157087697382e-05,8.274492202531292e-05,-5.0186521605155576e-05,0.00011932997218980972
gmat_d03_critical_700km_i63p4_may_24h_g20,numerical_gravity_2x0,EarthMJ2000Eq,54420.0,2026-05-10T12:15:00Z,0.00048524816520512104,-0.0002517426764825359,0.0009625969141779933,0.0011069927624797382,0.0008366902726208991,0.0007786276068344478,-0.00023463986309479878,0.0011667765114949478
gmat_d03_critical_700km_i63p4_may_24h_g20,numerical_gravity_2x0,EarthMJ2000Eq,54480.0,2026-05-10T12:16:00Z,0.0011658694347715937,-0.0004256098691257648,0.0020599536583176814,0.0024049541313813628,0.0017371410976352308,0.0017272496766196355,-0.0006617808523401436,0.0025375193664285635
gmat_d03_critical_700km_i63p4_may_24h_g20,numerical_gravity_2x0,EarthMJ2000Eq,54540.0,2026-05-10T12:17:00Z,0.0015369923858088441,-0.00039446877053705975,0.0024574733288318384,0.002925256632653487,0.0020158110736190338,0.0021268137251340136,-0.0009623075669651371,0.0030842935592096127
gmat_d03_critical_700km_i63p4_may_24h_g20,numerical_gravity_2x0,EarthMJ2000Eq,54600.0,2026-05-10T12:18:00Z,0.0016017193047446199,-0.00025236658984795213,0.0023089164642442483,0.0028213983883388807,0.0018348833563663902,0.0020695679614490814,-0.0010877716505319768,0.0029720625232703226
gmat_d03_critical_700km_i63p4_may_24h_g20,numerical_gravity_2x0,EarthMJ2000Eq,54660.0,2026-05-10T12:19:00Z,0.001720688487694133,-0.0001313219399889931,0.00225936764763901,0.002843018904404863,0.001738337473966567,0.0020948220935679274,-0.0012431886631247835,0.002992593328405777
gmat_d03_critical_700km_i63p4_may_24h_g20,numerical_gravity_2x0,EarthMJ2000Eq,54720.0,2026-05-10T12:20:00Z,0.0018263285710418131,-3.827153705060482e-06,0.00218354762182571,0.002846642041650096,0.0016195480512237737,0.002098934472408165,-0.0013916867658281262,0.0029942033771718337
gmat_d03_critical_700km_i63p4_may_24h_g20,numerical_gravity_2x0,EarthMJ2000Eq,54780.0,2026-05-10T12:21:00Z,0.0018507585082261357,0.00010721942089730874,0.002036220394074917,0.0027537241243878437,0.001456104570252137,0.002024836409653119,-0.001469124377706521,0.0028945689562588878
gmat_d03_critical_700km_i63p4_may_24h_g20,numerical_gravity_2x0,EarthMJ2000Eq,54840.0,2026-05-10T12:22:00Z,0.0023086522560333833,0.0003094100975431502,0.0022656304281554185,0.0032494139601985765,0.0015284609133914273,0.0023669267656956094,-0.0019270052220576872,0.0034134856384302
gmat_d03_critical_700km_i63p4_may_24h_g20,numerical_gravity_2x0,EarthMJ2000Eq,54900.0,2026-05-10T12:23:00Z,0.0005746446731791366,5.5666532716713846e-05,0.0005824795152875595,0.0008201205088323837,0.0004028253286492145,0.0006014569953194382,-0.0004631921513009729,0.0008593984708194784
gmat_d03_critical_700km_i63p4_may_24h_g20,numerical_gravity_2x0,EarthMJ2000Eq,54960.0,2026-05-10T12:24:00Z,0.0004885282578470651,0.00014512261259369552,0.0003366558303241618,0.000610784396896613,0.00017790213746593508,0.00042059355997992043,-0.00044430770174130885,0.0006371479004424131
gmat_d03_critical_700km_i63p4_may_24h_g20,numerical_gravity_2x0,EarthMJ2000Eq,55020.0,2026-05-10T12:25:00Z,0.0025158979042316787,0.0006732034307788126,0.0019366871129022911,0.0032455665294385087,0.0011105045771842015,0.002273462973434448,-0.002278060406979421,0.0034046165019531506
gmat_d03_critical_700km_i63p4_may_24h_g20,numerical_gravity_2x0,EarthMJ2000Eq,55080.0,2026-05-10T12:26:00Z,0.002251034629807691,0.000737090886104852,0.0015164678188739344,0.0028124961377133575,0.0007692806391901286,0.0019107475601742863,-0.0021090622581709795,0.002948031979030423
gmat_d03_critical_700km_i63p4_may_24h_g20,numerical_gravity_2x0,EarthMJ2000Eq,55140.0,2026-05-10T12:27:00Z,0.0020573693291225936,0.000735068169888109,0.0012873342711827718,0.0025358082136783698,0.0006007816466535587,0.0016908994204811734,-0.0019599251110946625,0.0026573268293980617
gmat_d03_critical_700km_i63p4_may_24h_g20,numerical_gravity_2x0,EarthMJ2000Eq,55200.0,2026-05-10T12:28:00Z,0.0033104174690379295,0.001369819074170664,0.0017843149180407636,0.004002380272040137,0.0006672982166833208,0.002554265687848556,-0.003258010750073481,0.004193351185114784
gmat_d03_critical_700km_i63p4_may_24h_g20,numerical_gravity_2x0,EarthMJ2000Eq,55260.0,2026-05-10T12:29:00Z,0.0018249336335429689,0.0007916578397271223,0.0009190371201839298,0.002191285953570124,0.0003023084005349119,0.0013745369287221365,-0.0018123871292630156,0.0022946653881934717
gmat_d03_critical_700km_i63p4_may_24h_g20,numerical_gravity_2x0,EarthMJ2000Eq,55320.0,2026-05-10T12:30:00Z,0.0004175827825747547,0.00021573077901848592,0.00014440320228459314,0.0004916985195715387,2.8608226898541034e-06,0.000282768919390719,-0.00042827652535493144,0.0005132126540236035
gmat_d03_critical_700km_i63p4_may_24h_g20,numerical_gravity_2x0,EarthMJ2000Eq,55380.0,2026-05-10T12:31:00Z,0.0008369346886638596,0.0004379999154480174,0.0002958713594125584,0.0009898704260366492,1.020783457761354e-05,0.0005640643507831555,-0.0008678782137394592,0.0010351257824992965
gmat_d03_critical_700km_i63p4_may_24h_g20,numerical_gravity_2x0,EarthMJ2000Eq,55440.0,2026-05-10T12:32:00Z,0.0003575572691261186,0.00018074752006214112,0.00013047610991634429,0.00042135600384050973,9.183764859699295e-06,0.00024821256161544625,-0.0003636286827202184,0.00044036307313118485
gmat_d03_critical_700km_i63p4_may_24h_g20,numerical_gravity_2x0,EarthMJ2000Eq,55500.0,2026-05-10T12:33:00Z,0.003010805016856466,0.0018630289559951052,0.0006414538802346215,0.0035982338474413148,-0.0004028883893170132,0.0017725954037928204,-0.0032951608108788832,0.0037633094862561953
gmat_d03_critical_700km_i63p4_may_24h_g20,numerical_gravity_2x0,EarthMJ2000Eq,55560.0,2026-05-10T12:34:00Z,0.0019164601781085366,0.0012177360986243002,0.0003550157998688519,0.0022982030019833006,-0.0003113322932790652,0.001102260505092545,-0.0021130905913935294,0.0024035510948097463
gmat_d03_critical_700km_i63p4_may_24h_g20,numerical_gravity_2x0,EarthMJ2000Eq,55620.0,2026-05-10T12:35:00Z,7.608559826621786e-05,4.752519089379348e-05,8.253664418589324e-06,9.008765181396667e-05,-1.857980436170692e-05,4.978772949471022e-05,-7.802070101092795e-05,9.439945404817951e-05
gmat_d03_critical_700km_i63p4_may_24h_g20,numerical_gravity_2x0,EarthMJ2000Eq,55680.0,2026-05-10T12:36:00Z,0.0030098585739324335,0.002239377408841392,4.3205545807722956e-05,0.003751789777358576,-0.0010180825071870458,0.001440542796160571,-0.0035043884460961294,0.0039233141500703735
gmat_d03_critical_700km_i63p4_may_24h_g20,numerical_gravity_2x0,EarthMJ2000Eq,55740.0,2026-05-10T12:37:00Z,0.0014477177501248661,0.00107292908069212,2.581691660452634e-05,0.0018021459456449157,-0.00048555204301692356,0.0007011475844365123,-0.0016807110425620664,0.0018847170424838664
gmat_d03_critical_700km_i63p4_may_24h_g20,numerical_gravity_2x0,EarthMJ2000Eq,55800.0,2026-05-10T12:38:00Z,0.0024816936274874024,0.002097736796713434,-0.0003640388968051411,0.003269835966433825,-0.0012515499747678405,0.0009689449242955561,-0.003031448869705855,0.003419782720480997
gmat_d03_critical_700km_i63p4_may_24h_g20,numerical_gravity_2x0,EarthMJ2000Eq,55860.0,2026-05-10T12:39:00Z,0.0017805136849347036,0.0015208831882773666,-0.000285851456283126,0.0023590306716284276,-0.0009248468657574449,0.0006846114786185353,-0.0021831734198229924,0.0024678494246568703
gmat_d03_critical_700km_i63p4_may_24h_g20,numerical_gravity_2x0,EarthMJ2000Eq,55920.0,2026-05-10T12:40:00Z,5.950096237938851e-05,5.408605829870794e-05,-1.4758370525669307e-05,8.175252734281422e-05,-3.992717267919943e-05,3.0154545527238952e-05,-7.088241105179804e-05,8.676284879270043e-05
gmat_d03_critical_700km_i63p4_may_24h_g20,numerical_gravity_2x0,EarthMJ2000Eq,55980.0,2026-05-10T12:41:00Z,0.0025245385586458724,0.0025068773084058193,-0.0009615650924388319,0.0036854221197152822,-0.0018855068617540383,0.0006589662149281139,-0.0032996112508953956,0.0038570464095177446
gmat_d03_critical_700km_i63p4_may_24h_g20,numerical_gravity_2x0,EarthMJ2000Eq,56040.0,2026-05-10T12:42:00Z,0.0018311006897420157,0.00190066180039139,-0.0008271190381492488,0.002765785768766204,-0.0015043974954664918,0.00040809222667803624,-0.0024395729880666295,0.0028950418742990976
gmat_d03_critical_700km_i63p4_may_24h_g20,numerical_gravity_2x0,EarthMJ2000Eq,56100.0,2026-05-10T12:43:00Z,0.0013699764167540707,0.0015374723716377048,-0.000801007445261348,0.0022095858443101283,-0.0013161658429794443,0.00020724133520388932,-0.0018918790978261768,0.0023139680244191945
gmat_d03_critical_700km_i63p4_may_24h_g20,numerical_gravity_2x0,EarthMJ2000Eq,56160.0,2026-05-10T12:44:00Z,0.0013982134987600148,0.0016620498968222819,-0.0009645109457778744,0.002376487368400474,-0.00149622803036209,0.00013012257937816685,-0.0019857644417697884,0.002489757141309675
gmat_d03_critical_700km_i63p4_may_24h_g20,numerical_gravity_2x0,EarthMJ2000Eq,56220.0,2026-05-10T12:45:00Z,0.0012832188076572493,0.0016428477707108868,-0.001070901817001868,0.0023435933964134916,-0.0015673098374691108,1.7394086171407253e-05,-0.0018915247146367165,0.002456548071368175
gmat_d03_critical_700km_i63p4_may_24h_g20,numerical_gravity_2x0,EarthMJ2000Eq,56280.0,2026-05-10T12:46:00Z,0.0011888769222423434,0.0016430289520030783,-0.0011833935786853544,0.002348061505888313,-0.0016522978540933764,-8.928324746193539e-05,-0.0018237926724395948,0.0024625757671518016
gmat_d03_critical_700km_i63p4_may_24h_g20,numerical_gravity_2x0,EarthMJ2000Eq,56340.0,2026-05-10T12:47:00Z,0.001087388227460906,0.0016344508821930503,-0.0012905165931442752,0.002349313925532924,-0.0017295591625554607,-0.00019661960948269552,-0.0017457706391610373,0.002465309167664253
gmat_d03_critical_700km_i63p4_may_24h_g20,numerical_gravity_2x0,EarthMJ2000Eq,56400.0,2026-05-10T12:48:00Z,0.0009814557415666059,0.0016194411500691785,-0.0013927501640864648,0.0023506590630617435,-0.0018005019697397984,-0.0003035944828866377,-0.001660799497926746,0.0024682447053300514
gmat_d03_critical_700km_i63p4_may_24h_g20,numerical_gravity_2x0,EarthMJ2000Eq,56460.0,2026-05-10T12:49:00Z,0.0008714632713235915,0.0015980338048393605,-0.0014896813809173182,0.0023520864974160933,-0.0018648207422700125,-0.0004098117400985757,-0.0015691297150510763,0.002471370090815897
gmat_d03_critical_700km_i63p4_may_24h_g20,numerical_gravity_2x0,EarthMJ2000Eq,56520.0,2026-05-10T12:50:00Z,0.0007578164513688534,0.0015702851214882685,-0.0015809182514203712,0.0023535895254709885,-0.0019222161640186641,-0.0005148841353275202,-0.0014710304085951975,0.00247466181872157
gmat_d03_critical_700km_i63p4_may_24h_g20,numerical_gravity_2x0,EarthMJ2000Eq,56580.0,2026-05-10T12:51:00Z,0.0006409427442122251,0.001536278205094277,-0.0016660833352943882,0.0023551628404319866,-0.001972413787854066,-0.0006184102119277668,-0.0013668124410060045,0.0024781088736417862
gmat_d03_critical_700km_i63p4_may_24h_g20,numerical_gravity_2x0,EarthMJ2000Eq,56640.0,2026-05-10T12:52:00Z,0.0005212796168052591,0.001496114691690309,-0.0017448192011215724,0.002356795632673896,-0.002015158484525159,-0.0007199911777888701,-0.0012568044382987864,0.0024816946649366574
gmat_d03_critical_700km_i63p4_may_24h_g20,numerical_gravity_2x0,EarthMJ2000Eq,56700.0,2026-05-10T12:53:00Z,0.0003992508936789818,0.0014488909982901532,-0.0018151717995351646,0.002356593953751352,-0.0020484274276810766,-0.0008183196342770316,-0.0011406600108898601,0.0024833057022369725
gmat_d03_critical_700km_i63p4_may_24h_g20,numerical_gravity_2x0,EarthMJ2000Eq,56760.0,2026-05-10T12:54:00Z,0.00027571422833716497,0.001406507180945482,-0.0018951168385683559,0.0023760784114974162,-0.002091363970890825,-0.0009230260999970596,-0.001026025486794424,0.0025056952607146296
gmat_d03_critical_700km_i63p4_may_24h_g20,numerical_gravity_2x0,EarthMJ2000Eq,56820.0,2026-05-10T12:55:00Z,0.00014861598174320534,0.0012977220649190713,-0.00187338355317479,0.00228379841604138,-0.0020263694611166727,-0.0009727170180440226,-0.0008694325259739344,0.0024100341299160364
gmat_d03_critical_700km_i63p4_may_24h_g20,numerical_gravity_2x0,EarthMJ2000Eq,56880.0,2026-05-10T12:56:00Z,3.8083271647337824e-05,0.0018255286704516038,-0.002848226358764805,0.0033832526735351567,-0.0030121753702427867,-0.0015725847291037098,-0.0010985941045760228,0.0035711527827743035
gmat_d03_critical_700km_i63p4_may_24h_g20,numerical_gravity_2x0,EarthMJ2000Eq,56940.0,2026-05-10T12:57:00Z,-0.00014601118891732767,0.0017291768017457798,-0.002915022378147114,0.003392451494728152,-0.0030216149582429352,-0.0017000352237062089,-0.0009073177764662432,0.00358378323356909
gmat_d03_critical_700km_i63p4_may_24h_g20,numerical_gravity_2x0,EarthMJ2000Eq,57000.0,2026-05-10T12:58:00Z,-0.0003152717908960767,0.001592062290001195,-0.0028989527436351636,0.0033223464068649605,-0.0029489375386049232,-0.0017741559332762336,-0.000702513602846011,0.003512461707172935
gmat_d03_critical_700km_i63p4_may_24h_g20,numerical_gravity_2x0,EarthMJ2000Eq,57060.0,2026-05-10T12:59:00Z,1.766056811902672e-05,-7.222433850984089e-05,0.00015955276921886252,0.0001760265232994121,0.00015268164510473525,0.00010127143568183783,3.177191842951288e-05,0.00018594903397877753
gmat_d03_critical_700km_i63p4_may_24h_g20,numerical_gravity_2x0,EarthMJ2000Eq,57120.0,2026-05-10T13:00:00Z,-0.0006915634003235027,0.0014095107871980872,-0.0030587850687879836,0.0034381894498318566,-0.0029924818178983514,-0.002049246550228645,-0.0003176143792416042,0.0036407743335693373
gmat_d03_critical_700km_i63p4_may_24h_g20,numerical_gravity_2x0,EarthMJ2000Eq,57180.0,2026-05-10T13:01:00Z,-0.0008377637641387992,0.0012416758181643672,-0.00296611017347459,0.0033228627000084763,-0.002846651581123183,-0.0020698975866650926,-0.00011035972136141936,0.003521374804205321
gmat_d03_critical_700km_i63p4_may_24h_g20,numerical_gravity_2x0,EarthMJ2000Eq,57240.0,2026-05-10T13:02:00Z,4.2916326492559165e-05,-5.1656570576597005e-05,0.00015843403389226296,0.00017208008443374734,0.0001439879326881055,0.00011149881018468477,1.4033219031261979e-07,0.00018211130971336844
gmat_d03_critical_700km_i63p4_may_24h_g20,numerical_gravity_2x0,EarthMJ2000Eq,57300.0,2026-05-10T13:03:00Z,-0.0012085265552741475,0.0010122930689249188,-0.003044894583581481,0.003428798144732359,-0.002805769394598201,-0.0022980479741363524,0.00030092817127069793,0.0036392202669473686
gmat_d03_critical_700km_i63p4_may_24h_g20,numerical_gravity_2x0,EarthMJ2000Eq,57360.0,2026-05-10T13:04:00Z,-0.001358175722998567,0.0008596098268753849,-0.0029807608825649368,0.0033865182397312893,-0.0026879791725775704,-0.0023367265900020584,0.0005031601801874785,0.0035970395265495407
gmat_d03_critical_700km_i63p4_may_24h_g20,numerical_gravity_2x0,EarthMJ2000Eq,57420.0,2026-05-10T13:05:00Z,-0.0015307796275010332,0.0007220278348540887,-0.0029684042601729743,0.003417021263335853,-0.0026165922761833826,-0.002415711186642966,0.0007139719926385624,0.003632075396151184
gmat_d03_critical_700km_i63p4_may_24h_g20,numerical_gravity_2x0,EarthMJ2000Eq,57480.0,2026-05-10T13:06:00Z,-0.0016420835891040042,0.0005664696800522506,-0.002853729256457882,0.0033408228149943604,-0.002457774872510754,-0.002407171573182154,0.0008900205017425833,0.0035534868509963027
gmat_d03_critical_700km_i63p4_may_24h_g20,numerical_gravity_2x0,EarthMJ2000Eq,57540.0,2026-05-10T13:07:00Z,8.448751032119617e-05,-1.5881596482358873e-05,0.00015152727428358048,0.00017421503769455188,0.00012494805190499392,0.00012554590700375456,-5.374722888973338e-05,0.00018510147231606193
gmat_d03_critical_700km_i63p4_may_24h_g20,numerical_gravity_2x0,EarthMJ2000Eq,57600.0,2026-05-10T13:08:00Z,-0.0019845119823003188,0.0002794595275190659,-0.0028071044653188437,0.0034490898675777807,-0.0022908883678951497,-0.0025511774914832586,0.0013183276692529944,0.0036735083980748086
gmat_d03_critical_700km_i63p4_may_24h_g20,numerical_gravity_2x0,EarthMJ2000Eq,57660.0,2026-05-10T13:09:00Z,-0.002070236405415926,0.00012292275641812012,-0.0026603352125675883,0.003373184285149852,-0.00210571382552871,-0.0025117137258945377,0.001476635702601925,0.0035948838025822833
gmat_d03_critical_700km_i63p4_may_24h_g20,numerical_gravity_2x0,EarthMJ2000Eq,57720.0,2026-05-10T13:10:00Z,-0.0009881487130769528,-1.4004399417899549e-05,-0.0011415622793720104,0.001509900142408005,-0.0008708989085448593,-0.0011285565953977894,0.000748825002006015,0.0016102309714912904
gmat_d03_critical_700km_i63p4_may_24h_g20,numerical_gravity_2x0,EarthMJ2000Eq,57780.0,2026-05-10T13:11:00Z,-0.0013219446373113897,-9.641189535614103e-05,-0.0014115316844254266,0.0019362991953258122,-0.0010395231342386069,-0.0014442669837855249,0.0010494289881535224,0.002065869470282941
gmat_d03_critical_700km_i63p4_may_24h_g20,numerical_gravity_2x0,EarthMJ2000Eq,57840.0,2026-05-10T13:12:00Z,-0.0013230237527750432,-0.0001808493834687397,-0.0012784921636921354,0.0018486861719962584,-0.0008967679931970451,-0.001370064395267434,0.0011010383715870375,0.001973209258165289
gmat_d03_critical_700km_i63p4_may_24h_g20,numerical_gravity_2x0,EarthMJ2000Eq,57900.0,2026-05-10T13:13:00Z,-0.0013831440810463391,-0.0002633269104990177,-0.0012196187526569702,0.0018627663601641037,-0.0008120464300986896,-0.0013663028486377016,0.0011955059164847626,0.001988828116047638
gmat_d03_critical_700km_i63p4_may_24h_g20,numerical_gravity_2x0,EarthMJ2000Eq,57960.0,2026-05-10T13:14:00Z,-0.0014285574252426159,-0.00034480763133615255,-0.0011447455108282156,0.0018628233690838251,-0.0007154694614541768,-0.0013462182479884177,0.0012781713465415123,0.0019894527168571458
gmat_d03_critical_700km_i63p4_may_24h_g20,numerical_gravity_2x0,EarthMJ2000Eq,58020.0,2026-05-10T13:15:00Z,-0.0014685265341540799,-0.0004248549885232933,-0.0010656985978130251,0.00186354110342873,-0.0006163594079566792,-0.001321047715663326,0.0013557883704606866,0.0019907857976970912
gmat_d03_critical_700km_i63p4_may_24h_g20,numerical_gravity_2x0,EarthMJ2000Eq,58080.0,2026-05-10T13:16:00Z,-0.0015024656931927893,-0.0005032215995015576,-0.0009821569619816728,0.0018642069186105023,-0.0005144968895365309,-0.0012902954260596289,0.0014278311866178228,0.001992052015719375
gmat_d03_critical_700km_i63p4_may_24h_g20,numerical_gravity_2x0,EarthMJ2000Eq,58140.0,2026-05-10T13:17:00Z,-0.0015302211977541447,-0.0005795827746624127,-0.000894471668289043,0.0018648251049664935,-0.00041030912001360775,-0.0012540857241560843,0.001493992041190495,0.001993262851868507
gmat_d03_critical_700km_i63p4_may_24h_g20,numerical_gravity_2x0,EarthMJ2000Eq,58200.0,2026-05-10T13:18:00Z,-0.0015516652638325468,-0.0006536065484397113,-0.0008030019671423361,0.0018653897100558534,-0.0003042295304567233,-0.0012125602744106345,0.0015539884934412385,0.0019944268008699846
gmat_d03_critical_700km_i63p4_may_24h_g20,numerical_gravity_2x0,EarthMJ2000Eq,58260.0,2026-05-10T13:19:00Z,-0.0015666992112528533,-0.0007249855116242543,-0.0007081198418745771,0.0018659003513215465,-0.00019668622286417303,-0.0011658749521359368,0.001607548760773625,0.001995535740734143
gmat_d03_critical_700km_i63p4_may_24h_g20,numerical_gravity_2x0,EarthMJ2000Eq,58320.0,2026-05-10T13:20:00Z,-0.001575248006702168,-0.000793413619248895,-0.0006102291081333533,0.0018663576876477915,-8.813660912210253e-05,-0.0011142167188893382,0.0016544392522632734,0.0019966011614615284
gmat_d03_critical_700km_i63p4_may_24h_g20,numerical_gravity_2x0,EarthMJ2000Eq,58380.0,2026-05-10T13:21:00Z,-0.0015800346275796073,-0.0008604315553384367,-0.0005101210263092071,0.0018700468837051943,2.1536550320888637e-05,-0.001059375698275744,0.0016976855476968922,0.0020012188565861158
gmat_d03_critical_700km_i63p4_may_24h_g20,numerical_gravity_2x0,EarthMJ2000Eq,58440.0,2026-05-10T13:22:00Z,-0.001544230599392904,-0.0009001369107863866,-0.0004049652488902211,0.0018327278726177941,0.00012219203426866443,-0.0009819758339801865,0.0016940631120121452,0.0019619014397364797
gmat_d03_critical_700km_i63p4_may_24h_g20,numerical_gravity_2x0,EarthMJ2000Eq,58500.0,2026-05-10T13:23:00Z,-0.001701431301626144,-0.0010763301361293998,-0.0003135055521852337,0.002037557549455851,0.00027765434396087585,-0.001004792249403863,0.0019167982756584934,0.002181929198839823
gmat_d03_critical_700km_i63p4_may_24h_g20,numerical_gravity_2x0,EarthMJ2000Eq,58560.0,2026-05-10T13:24:00Z,-0.0010757548807305284,-0.0007007297426753212,-0.00016379362932639197,0.0012942561912903051,0.00021443913311713914,-0.0006184830425581822,0.0012219769640609002,0.0013862658895174298
gmat_d03_critical_700km_i63p4_may_24h_g20,numerical_gravity_2x0,EarthMJ2000Eq,58620.0,2026-05-10T13:25:00Z,-0.0019960593817813788,-0.0014620927686337382,-5.349920684238896e-05,0.002474839486678135,0.0006643992023214196,-0.000995486360011455,0.0023658058290187967,0.00265131224370754
gmat_d03_critical_700km_i63p4_may_24h_g20,numerical_gravity_2x0,EarthMJ2000Eq,58680.0,2026-05-10T13:26:00Z,-0.002601933147161617,-0.0019327653717482463,-3.0365299608092755e-05,0.003241382442099016,0.0009077174567551083,-0.001272515426364862,0.0031011626877575083,0.0034728167972949394
gmat_d03_critical_700km_i63p4_may_24h_g20,numerical_gravity_2x0,EarthMJ2000Eq,58740.0,2026-05-10T13:27:00Z,9.797486200113781e-05,7.646076483069919e-05,-9.658833732828498e-07,0.00012428296372925883,-3.079669852468214e-05,3.736211340310547e-05,-0.00012388357006898332,0.00013300940978368175
gmat_d03_critical_700km_i63p4_may_24h_g20,numerical_gravity_2x0,EarthMJ2000Eq,58800.0,2026-05-10T13:28:00Z,-0.002140867309208261,-0.0018571245163911954,0.0003997247404186055,0.0028621677402138,0.001205788358049631,-0.0008009326535329819,0.0027041207051325955,0.003067195374903629
gmat_d03_critical_700km_i63p4_may_24h_g20,numerical_gravity_2x0,EarthMJ2000Eq,58860.0,2026-05-10T13:29:00Z,-0.0022993435777607374,-0.0020484653759922367,0.000513726263307035,0.0031220355473376617,0.0013861463088460368,-0.0008101261883552979,0.0029354780828327875,0.0033458537931861628
gmat_d03_critical_700km_i63p4_may_24h_g20,numerical_gravity_2x0,EarthMJ2000Eq,58920.0,2026-05-10T13:30:00Z,8.099414117168635e-05,7.596941031806637e-05,-2.552496880525723e-05,0.00011394264452224699,-4.8260950791245705e-05,1.5082157744927827e-05,-0.0001097133495164826,0.00012080401448480012
gmat_d03_critical_700km_i63p4_may_24h_g20,numerical_gravity_2x0,EarthMJ2000Eq,58980.0,2026-05-10T13:31:00Z,-0.0019389353838050738,-0.002030996256507933,0.0009157738531939685,0.002953482345759713,0.0016891457121914755,-0.00040170355930513324,0.002645886176821932,0.003164694716283174
gmat_d03_critical_700km_i63p4_may_24h_g20,numerical_gravity_2x0,EarthMJ2000Eq,59040.0,2026-05-10T13:32:00Z,-0.0017188272067869548,-0.001800724703571177,0.0008102952051558532,0.0026179294765789844,0.0014978258633391306,-0.0003574536222572533,0.002345292848815461,0.0028056467980944045
gmat_d03_critical_700km_i63p4_may_24h_g20,numerical_gravity_2x0,EarthMJ2000Eq,59100.0,2026-05-10T13:33:00Z,-0.0013284779925015755,-0.001634828777241637,0.0010124613254447468,0.0023372198961543467,0.0015734871183781252,-5.17630383001233e-05,0.00194704874445506,0.0025039049377162826
gmat_d03_critical_700km_i63p4_may_24h_g20,numerical_gravity_2x0,EarthMJ2000Eq,59160.0,2026-05-10T13:34:00Z,-0.0018293476387043484,-0.002240726061586429,0.0013781746019958518,0.003204174043321029,0.0021459110044474983,-7.73470176795854e-05,0.002676437738102777,0.0034313605998340523
gmat_d03_critical_700km_i63p4_may_24h_g20,numerical_gravity_2x0,EarthMJ2000Eq,59220.0,2026-05-10T13:35:00Z,6.508707883767784e-05,7.823234682291513e-05,-5.637957656290382e-05,0.00011634124193275272,-7.204636887081506e-05,-8.134826146033447e-06,-9.952527690870738e-05,0.00012313462310678758
gmat_d03_critical_700km_i63p4_may_24h_g20,numerical_gravity_2x0,EarthMJ2000Eq,59280.0,2026-05-10T13:36:00Z,-0.0013078097254037857,-0.001969828872461221,0.001568470906931907,0.0028373743233021565,0.0021589956489265205,0.0002837259316379459,0.0021150894369270645,0.0030356821214626403
gmat_d03_critical_700km_i63p4_may_24h_g20,numerical_gravity_2x0,EarthMJ2000Eq,59340.0,2026-05-10T13:37:00Z,-0.0015376799638033845,-0.0024516730263712816,0.0020615152607206255,0.003553168370553656,0.0027671274160923076,0.0004611218074046519,0.0025626309962945015,0.003799566433334621
gmat_d03_critical_700km_i63p4_may_24h_g20,numerical_gravity_2x0,EarthMJ2000Eq,59400.0,2026-05-10T13:38:00Z,-0.0006222026058821939,-0.0011361657925590407,0.0010558205758570693,0.0016711570480810773,0.0013617720284742063,0.0003120472769069238,0.0011132819111026038,0.0017863911033556025
gmat_d03_critical_700km_i63p4_may_24h_g20,numerical_gravity_2x0,EarthMJ2000Eq,59460.0,2026-05-10T13:39:00Z,-0.0005322881406755187,-0.0010835260582098272,0.0010782505341921933,0.0016186363390240802,0.0013526224584836655,0.00036848923912202736,0.0010128049510171877,0.0017294929035263644
gmat_d03_critical_700km_i63p4_may_24h_g20,numerical_gravity_2x0,EarthMJ2000Eq,59520.0,2026-05-10T13:40:00Z,-0.00045729302655672655,-0.0010770559129014146,0.0011566494322323706,0.0016452976207169256,0.0014079706289749083,0.00045009240778881576,0.0009496137209907829,0.0017569094133446643
gmat_d03_critical_700km_i63p4_may_24h_g20,numerical_gravity_2x0,EarthMJ2000Eq,59580.0,2026-05-10T13:41:00Z,-0.0003674931576824747,-0.001039420112647349,0.0012030509424221236,0.0016318017531495742,0.0014234853296102301,0.0005198597108346803,0.0008575851140335544,0.00174126874157225
gmat_d03_critical_700km_i63p4_may_24h_g20,numerical_gravity_2x0,EarthMJ2000Eq,59640.0,2026-05-10T13:42:00Z,-0.0002820188456098549,-0.0010072944860439748,0.001253116352017969,0.001632322701731656,0.0014441547957488865,0.0005893854293503864,0.0007722187334024966,0.0017404827004692703
gmat_d03_critical_700km_i63p4_may_24h_g20,numerical_gravity_2x0,EarthMJ2000Eq,59700.0,2026-05-10T13:43:00Z,-0.00019494473235681653,-0.0009699283509689849,0.0012967852853762452,0.0016310783338195117,0.001457198695042905,0.0006556675202773476,0.0006829603549363128,0.001737746466086502
gmat_d03_critical_700km_i63p4_may_24h_g20,numerical_gravity_2x0,EarthMJ2000Eq,59760.0,2026-05-10T13:44:00Z,-0.00010727671906352043,-0.0009286763997806702,0.0013350240806175862,0.0016297967498407437,0.0014640844092639327,0.0007188711848016283,0.0005912985656664205,0.0017349215923340691
gmat_d03_critical_700km_i63p4_may_24h_g20,numerical_gravity_2x0,EarthMJ2000Eq,59820.0,2026-05-10T13:45:00Z,-1.937769411597401e-05,-0.000883729626366403,0.0013677017705049366,0.0016284844735487325,0.0014648556534435642,0.0007787646083556865,0.0004976632439479545,0.001732034960683461
gmat_d03_critical_700km_i63p4_may_24h_g20,numerical_gravity_2x0,EarthMJ2000Eq,59880.0,2026-05-10T13:46:00Z,6.838490662630647e-05,-0.0008352949407708365,0.0013947112620371627,0.0016271489292578412,0.0014595797903638186,0.0008351301872266959,0.00040247183363817385,0.001729103574378313
gmat_d03_critical_700km_i63p4_may_24h_g20,numerical_gravity_2x0,EarthMJ2000Eq,59940.0,2026-05-10T13:47:00Z,0.00015565456124022603,-0.000783588347985642,0.0014159747934172628,0.0016257993901852758,0.001448347441979081,0.0008877729662515321,0.00030613644952381946,0.0017261432959118548
gmat_d03_critical_700km_i63p4_may_24h_g20,numerical_gravity_2x0,EarthMJ2000Eq,60000.0,2026-05-10T13:48:00Z,0.00024206929083447903,-0.0007288390406756662,0.0014314339296106482,0.0016244405140289732,0.0014312757645740248,0.000936521971084403,0.00020907542364057008,0.0017231762096057556
gmat_d03_critical_700km_i63p4_may_24h_g20,numerical_gravity_2x0,EarthMJ2000Eq,60060.0,2026-05-10T13:49:00Z,0.00032729076338000596,-0.0006712875801895279,0.0014410571793632698,0.0016230810371959258,0.0014084970967331856,0.0009812257673047498,0.00011168310720677255,0.0017202154499840906
gmat_d03_critical_700km_i63p4_may_24h_g20,numerical_gravity_2x0,EarthMJ2000Eq,60120.0,2026-05-10T13:50:00Z,0.00041098064684774727,-0.0006111749826231971,0.0014448370535546928,0.0016217256435021505,0.0013801679799030353,0.0010217475754359384,1.4355627797613124e-05,0.0017172762866552102
gmat_d03_critical_700km_i63p4_may_24h_g20,numerical_gravity_2x0,EarthMJ2000Eq,60180.0,2026-05-10T13:51:00Z,0.0004925414032186382,-0.0005486417649080977,0.0014422861340790405,0.0016198129869348255,0.0013460317305202807,0.001057560261585877,-8.238032478402602e-05,0.0017137740937371332
gmat_d03_critical_700km_i63p4_may_24h_g20,numerical_gravity_2x0,EarthMJ2000Eq,60240.0,2026-05-10T13:52:00Z,0.0005732417776016518,-0.0004849171091336757,0.0014368774827744346,0.001621224117394834,0.0013093361950211602,0.001091295498412137,-0.00017884449476923692,0.001713847277255575
gmat_d03_critical_700km_i63p4_may_24h_g20,numerical_gravity_2x0,EarthMJ2000Eq,60300.0,2026-05-10T13:53:00Z,0.0006555828804266639,-0.0004180847099632956,0.0014285583347373176,0.0016264570862955692,0.001269082172683511,0.0011240819386415524,-0.0002780371488597666,0.001717973929356706
gmat_d03_critical_700km_i63p4_may_24h_g20,numerical_gravity_2x0,EarthMJ2000Eq,60360.0,2026-05-10T13:54:00Z,0.0007350781743298285,-0.0003719387677847408,0.0014500155884888954,0.0016677000858122252,0.0012615579692010215,0.001172929753323615,-0.00036363889677204497,0.00176054706359472
gmat_d03_critical_700km_i63p4_may_24h_g20,numerical_gravity_2x0,EarthMJ2000Eq,60420.0,2026-05-10T13:55:00Z,0.0018057153283734806,-0.0006031941666151397,0.003103568360529607,0.0036409597111533537,0.0026063777802676213,0.0026179580725482765,-0.00106178710268523,0.0038437353517798483
gmat_d03_critical_700km_i63p4_may_24h_g20,numerical_gravity_2x0,EarthMJ2000Eq,60480.0,2026-05-10T13:56:00Z,0.00023937172954902053,-0.00010293206287315115,0.0004256280590198003,0.0004990521807382214,0.00036523273294619685,0.0003550414406916502,-0.00012642864533063403,0.00052481765993904
gmat_d03_critical_700km_i63p4_may_24h_g20,numerical_gravity_2x0,EarthMJ2000Eq,60540.0,2026-05-10T13:57:00Z,0.0016423709894297644,-0.00021043251763330773,0.0022797844394517597,0.0028176375568487104,0.0017976029553778972,0.0020663267763509907,-0.001146178263411457,0.002968974123054179
gmat_d03_critical_700km_i63p4_may_24h_g20,numerical_gravity_2x0,EarthMJ2000Eq,60600.0,2026-05-10T13:58:00Z,0.002327967195014935,-0.00017195816326420754,0.0030404435165110044,0.003833183748279321,0.0023445716479386647,0.0028184474198944542,-0.0016926424706298349,0.004038031773575761
gmat_d03_critical_700km_i63p4_may_24h_g20,numerical_gravity_2x0,EarthMJ2000Eq,60660.0,2026-05-10T13:59:00Z,0.0022724593691236805,1.1772499419748783e-05,0.0026803445507539436,0.003514037149322264,0.001986093955963497,0.0025848738982592323,-0.0017473889002417309,0.003698582193287668
gmat_d03_critical_700km_i63p4_may_24h_g20,numerical_gravity_2x0,EarthMJ2000Eq,60720.0,2026-05-10T14:00:00Z,0.00268118401436368,0.00020291008695494384,0.0028649474188569,0.003929102179262104,0.0020301671455058568,0.002877748817020631,-0.002162171774955368,0.0041325541347898495
gmat_d03_critical_700km_i63p4_may_24h_g20,numerical_gravity_2x0,EarthMJ2000Eq,60780.0,2026-05-10T14:01:00Z,0.0002789147401927039,4.484718374442309e-06,0.0003035406734852586,0.00041225051298396945,0.00022074342354017062,0.00030507729675832707,-0.00021153567786313943,0.00043191105455014857
gmat_d03_critical_700km_i63p4_may_24h_g20,numerical_gravity_2x0,EarthMJ2000Eq,60840.0,2026-05-10T14:02:00Z,0.002062246949208202,0.00039434053178410977,0.0018180007828050293,0.0027773177313382795,0.0011586775983118969,0.0019923269700683477,-0.0017870744883907719,0.0029164251678293904
gmat_d03_critical_700km_i63p4_may_24h_g20,numerical_gravity_2x0,EarthMJ2000Eq,60900.0,2026-05-10T14:03:00Z,0.0031456738724955358,0.0007355638445005752,0.0025713434297358617,0.004128937552819527,0.0015548415888133604,0.002921793473831258,-0.002799120046859116,0.00433468366859165
gmat_d03_critical_700km_i63p4_may_24h_g20,numerical_gravity_2x0,EarthMJ2000Eq,60960.0,2026-05-10T14:04:00Z,0.00023067332222126424,3.4803633752744645e-05,0.00019978233467554674,0.00030713914722060837,0.00012866951948353744,0.00022517165909619052,-0.00018957724279289323,0.0003212439140111623
gmat_d03_critical_700km_i63p4_may_24h_g20,numerical_gravity_2x0,EarthMJ2000Eq,61020.0,2026-05-10T14:05:00Z,0.002561082737884135,0.0008685083230375312,0.0016596050045336597,0.0031729702596379203,0.0008149845243110576,0.0021321731047407866,-0.0024196520342911754,0.003326421183568898
gmat_d03_critical_700km_i63p4_may_24h_g20,numerical_gravity_2x0,EarthMJ2000Eq,61080.0,2026-05-10T14:06:00Z,0.0004068647285748739,0.00010676558304112405,0.0002979440978378989,0.0005154691867773052,0.00016686119153064283,0.0003636047019028865,-0.0003628763955987324,0.0005401206485292342
gmat_d03_critical_700km_i63p4_may_24h_g20,numerical_gravity_2x0,EarthMJ2000Eq,61140.0,2026-05-10T14:07:00Z,0.002554815637267893,0.0010762505553429946,0.0013216731531429105,0.0030711916452809285,0.0004664846287028013,0.0019382868643447182,-0.002524925157842972,0.0032171122035166305
gmat_d03_critical_700km_i63p4_may_24h_g20,numerical_gravity_2x0,EarthMJ2000Eq,61200.0,2026-05-10T14:08:00Z,0.0014607073808292625,0.0006557047527167015,0.0006847076292615384,0.0017413900518589483,0.00019253310057365525,0.0010714820142254666,-0.0014639129908289306,0.0018243310955917164
gmat_d03_critical_700km_i63p4_may_24h_g20,numerical_gravity_2x0,EarthMJ2000Eq,61260.0,2026-05-10T14:09:00Z,0.0014627328823735297,0.0007156868377933279,0.0005923802746110596,0.0017328328034509452,9.605116702005034e-05,0.001020691531294915,-0.0014972427742065975,0.0018145999431436505
gmat_d03_critical_700km_i63p4_may_24h_g20,numerical_gravity_2x0,EarthMJ2000Eq,61320.0,2026-05-10T14:10:00Z,0.0014676436776994706,0.000776362867327407,0.0005024621714255773,0.0017347004064592153,1.170619157164765e-06,0.0009727862959607592,-0.0015333676550710607,0.0018159104916202196
gmat_d03_critical_700km_i63p4_may_24h_g20,numerical_gravity_2x0,EarthMJ2000Eq,61380.0,2026-05-10T14:11:00Z,0.0014644502357441525,0.0008329707270604558,0.00040938812162494287,0.0017337973812525866,-9.402079115261586e-05,0.000919509357544257,-0.0015613166315375793,0.0018143998985053625
gmat_d03_critical_700km_i63p4_may_24h_g20,numerical_gravity_2x0,EarthMJ2000Eq,61440.0,2026-05-10T14:12:00Z,0.0014560065437763114,0.0008864863048074767,0.0003150225893477909,0.001733508654702953,-0.0001886268918838141,0.0008632254910878601,-0.0015838386158151252,0.0018136380878644991
gmat_d03_critical_700km_i63p4_may_24h_g20,numerical_gravity_2x0,EarthMJ2000Eq,61500.0,2026-05-10T14:13:00Z,0.001441870608687168,0.0009365098776470404,0.00021946561901131645,0.0017332647694609151,-0.0002824265266099246,0.0008037730481191829,-0.0016003951497367552,0.0018130307474272685
gmat_d03_critical_700km_i63p4_may_24h_g20,numerical_gravity_2x0,EarthMJ2000Eq,61560.0,2026-05-10T14:14:00Z,0.0014221373021428008,0.0009828800102695823,0.00012309556041145697,0.0017331128462181994,-0.0003751008392782751,0.0007413820668489279,-0.0016109795719643216,0.0018126232895885465
gmat_d03_critical_700km_i63p4_may_24h_g20,numerical_gravity_2x0,EarthMJ2000Eq,61620.0,2026-05-10T14:15:00Z,0.001396887000737479,0.0010254229891870636,2.626711648190394e-05,0.001733053825185749,-0.00046632919747935375,0.0006762723714359709,-0.0016155709409160224,0.0018124228827516087
gmat_d03_critical_700km_i63p4_may_24h_g20,numerical_gravity_2x0,EarthMJ2000Eq,61680.0,2026-05-10T14:16:00Z,0.0013662133824254852,0.0010639814718160778,-7.065409590722993e-05,0.0017330861432585686,-0.0005558149496209808,0.0006086615655931382,-0.0016141550873705057,0.001812428151882592
gmat_d03_critical_700km_i63p4_may_24h_g20,numerical_gravity_2x0,EarthMJ2000Eq,61740.0,2026-05-10T14:17:00Z,0.0013302292245498393,0.0010984158507199027,-0.0001673133738222532,0.001733211163135923,-0.0006432578913972975,0.0005387787993527127,-0.001606741295567815,0.0018126447253556856
gmat_d03_critical_700km_i63p4_may_24h_g20,numerical_gravity_2x0,EarthMJ2000Eq,61800.0,2026-05-10T14:18:00Z,0.0012890691323264036,0.0011285937944194302,-0.00026334510039305314,0.0017334283436646067,-0.0007283533776103468,0.000466858551817495,-0.0015933447894411756,0.0018130645791369024
gmat_d03_critical_700km_i63p4_may_24h_g20,numerical_gravity_2x0,EarthMJ2000Eq,61860.0,2026-05-10T14:19:00Z,0.0012428481568349525,0.0011543681921466487,-0.0003583782017813064,0.0017336875149518622,-0.0008107967630621715,0.00039312197941399063,-0.0015739800574010587,0.0018136563904959256
gmat_d03_critical_700km_i63p4_may_24h_g20,numerical_gravity_2x0,EarthMJ2000Eq,61920.0,2026-05-10T14:20:00Z,0.0011920969882339705,0.0011760350844269851,-0.0004522617018665187,0.0017345588477001548,-0.0008906297921384976,0.0003178817209459339,-0.0015491758986740933,0.0018149975702983453
gmat_d03_critical_700km_i63p4_may_24h_g20,numerical_gravity_2x0,EarthMJ2000Eq,61980.0,2026-05-10T14:21:00Z,0.0011347297004249413,0.0011910258308489574,-0.0005433839760371484,0.0017324607263051784,-0.0009654845811724044,0.00024101964868350478,-0.0015158971855555592,0.001813338144061509
gmat_d03_critical_700km_i63p4_may_24h_g20,numerical_gravity_2x0,EarthMJ2000Eq,62040.0,2026-05-10T14:22:00Z,0.0020676829990406986,0.002306133524143661,-0.001209557922265958,0.003325145888982548,-0.001980644093180217,0.0003121209957157589,-0.0028472548763147643,0.0034824173889002
gmat_d03_critical_700km_i63p4_may_24h_g20,numerical_gravity_2x0,EarthMJ2000Eq,62100.0,2026-05-10T14:23:00Z,0.001810380126698874,0.002163005206057278,-0.0012871187209384516,0.003100442279154275,-0.00197260963119561,0.00014927525882058035,-0.0025768738254328127,0.003248653655313593
gmat_d03_critical_700km_i63p4_may_24h_g20,numerical_gravity_2x0,EarthMJ2000Eq,62160.0,2026-05-10T14:24:00Z,0.0018215359887108207,0.0023588965412102425,-0.0015859222912695259,0.003376023661683658,-0.0022882709060922934,-1.0108358594607125e-05,-0.002700185852688719,0.003539391128095654
gmat_d03_critical_700km_i63p4_may_24h_g20,numerical_gravity_2x0,EarthMJ2000Eq,62220.0,2026-05-10T14:25:00Z,0.0012396685633575544,0.0016900400510166946,-0.0012104501365683973,0.002420372503177134,-0.0016973000782627423,-7.603784268894742e-05,-0.001886577116749777,0.002538854569808086
gmat_d03_critical_700km_i63p4_may_24h_g20,numerical_gravity_2x0,EarthMJ2000Eq,62280.0,2026-05-10T14:26:00Z,-5.7244506024289876e-05,-4.7785988499526866e-05,2.014530764427036e-05,7.724161823087455e-05,3.093614253657506e-05,-6.056488643935154e-06,7.23696658155859e-05,7.893728206618839e-05
gmat_d03_critical_700km_i63p4_may_24h_g20,numerical_gravity_2x0,EarthMJ2000Eq,62340.0,2026-05-10T14:27:00Z,0.0015232599253067747,0.0025305279223175603,-0.0022137010091682896,0.0036911196842783537,-0.00284406853623409,-0.0004978888412665583,-0.002586229008727514,0.003876235238299938
gmat_d03_critical_700km_i63p4_may_24h_g20,numerical_gravity_2x0,EarthMJ2000Eq,62400.0,2026-05-10T14:28:00Z,0.0008862070899340324,0.0016048616089392453,-0.00149313473229995,0.0023644016407744378,-0.0018742767338153499,-0.000399856148192157,-0.0015817223086855847,0.0024848830306399253
gmat_d03_critical_700km_i63p4_may_24h_g20,numerical_gravity_2x0,EarthMJ2000Eq,62460.0,2026-05-10T14:29:00Z,-4.056437319377437e-05,-1.7385218598064966e-05,-4.171852197032422e-06,4.432965766910668e-05,-1.9602097722781764e-06,-1.332889354443978e-05,4.192646230194441e-05,4.403782540755968e-05
gmat_d03_critical_700km_i63p4_may_24h_g20,numerical_gravity_2x0,EarthMJ2000Eq,62520.0,2026-05-10T14:30:00Z,0.000950361936702393,0.002273542577313492,-0.0024843893697834574,0.003499196222317783,-0.00293656654548613,-0.0009208545037608928,-0.0020215189522332366,0.003682110124290585
gmat_d03_critical_700km_i63p4_may_24h_g20,numerical_gravity_2x0,EarthMJ2000Eq,62580.0,2026-05-10T14:31:00Z,0.0006645695975748822,0.0019474414330034051,-0.002303262135683326,0.003088559105905489,-0.002651611819004529,-0.0009569962600153303,-0.0016230483623758118,0.0032528715109851236
gmat_d03_critical_700km_i63p4_may_24h_g20,numerical_gravity_2x0,EarthMJ2000Eq,62640.0,2026-05-10T14:32:00Z,0.0005364090611692518,0.002065987246169243,-0.0026453908503754064,0.003399136762986798,-0.0029690128133808003,-0.0012096279533579946,-0.0015994841007227478,0.0035828182008063544
gmat_d03_critical_700km_i63p4_may_24h_g20,numerical_gravity_2x0,EarthMJ2000Eq,62700.0,2026-05-10T14:33:00Z,0.0002987899279105477,0.00144436990012764,-0.00193347523236298,0.002431831882260079,-0.0021427077889768498,-0.0009279155221975088,-0.0010621574730862449,0.0025652294990721773
gmat_d03_critical_700km_i63p4_may_24h_g20,numerical_gravity_2x0,EarthMJ2000Eq,62760.0,2026-05-10T14:34:00Z,-3.5673110687639564e-05,-4.435241862665862e-05,5.0839844334404916e-05,7.631774129331582e-05,5.273897984992004e-05,1.5923262708383845e-05,5.417533088802884e-05,7.726523647616624e-05
gmat_d03_critical_700km_i63p4_may_24h_g20,numerical_gravity_2x0,EarthMJ2000Eq,62820.0,2026-05-10T14:35:00Z,1.1093106877524406e-05,0.001994424565054942,-0.0031566983125230763,0.003733978660758632,-0.0033341231997496834,-0.0017504739879825593,-0.001173539487808739,0.003944329046005041
gmat_d03_critical_700km_i63p4_may_24h_g20,numerical_gravity_2x0,EarthMJ2000Eq,62880.0,2026-05-10T14:36:00Z,-8.97643985808827e-05,0.0011868141882587224,-0.0019834510567307007,0.0023131501592311143,-0.002067540028072301,-0.0011459126980639667,-0.0006266276386668324,0.002445506057405424
gmat_d03_critical_700km_i63p4_may_24h_g20,numerical_gravity_2x0,EarthMJ2000Eq,62940.0,2026-05-10T14:37:00Z,-5.217771104071289e-05,8.603228707215749e-05,-0.00017512661543150898,0.000201973759139176,-0.00017869916657531348,-0.00012018652739698155,-9.598544181699253e-06,0.0002155697695709328
gmat_d03_critical_700km_i63p4_may_24h_g20,numerical_gravity_2x0,EarthMJ2000Eq,63000.0,2026-05-10T14:38:00Z,-0.0007215394361992367,0.002048660917353118,-0.00411814255585341,0.004655827404727508,-0.004105349393768165,-0.002646594499111643,-0.0006647313810503874,0.004929525727348809
gmat_d03_critical_700km_i63p4_may_24h_g20,numerical_gravity_2x0,EarthMJ2000Eq,63060.0,2026-05-10T14:39:00Z,-0.0007257867764565162,0.0014701686268381309,-0.003196351030965161,0.0035923282351937587,-0.0031352298535125556,-0.002136480770076332,-0.0003218980637598179,0.0038076022217026087
gmat_d03_critical_700km_i63p4_may_24h_g20,numerical_gravity_2x0,EarthMJ2000Eq,63120.0,2026-05-10T14:40:00Z,-0.00025310419005108997,0.00030140927265165374,-0.0007587676407183608,0.0008547734280282259,-0.0007267915158593041,-0.0005476037401308531,1.4027889960743778e-05,0.000910105788041761
gmat_d03_critical_700km_i63p4_may_24h_g20,numerical_gravity_2x0,EarthMJ2000Eq,63180.0,2026-05-10T14:41:00Z,-0.0004097100827493705,0.0004484718374442309,-0.0011812841762548487,0.0013283153413091325,-0.0011190541826522349,-0.0008608189716596826,4.460698477259939e-05,0.0014125442820567425
gmat_d03_critical_700km_i63p4_may_24h_g20,numerical_gravity_2x0,EarthMJ2000Eq,63240.0,2026-05-10T14:42:00Z,-0.00045482011046260595,0.000361752427124884,-0.00109613813492615,0.001240663113923897,-0.0010137255479492069,-0.0008363278958256615,0.000129781518865002,0.0013205783121572174
gmat_d03_critical_700km_i63p4_may_24h_g20,numerical_gravity_2x0,EarthMJ2000Eq,63300.0,2026-05-10T14:43:00Z,-0.0005122701622894965,0.00031330910132965073,-0.0010871447102545062,0.0012419609225665896,-0.0009841771841934133,-0.0008601728218593507,0.00020164403480293913,0.0013225590081822297
gmat_d03_critical_700km_i63p4_may_24h_g20,numerical_gravity_2x0,EarthMJ2000Eq,63360.0,2026-05-10T14:44:00Z,-0.000618192643742077,0.00026829093258129433,-0.0011417105270083994,0.0013257620815078231,-0.0010052034760121842,-0.0009432215009042011,0.0003078906019027272,0.0014124083866555648
gmat_d03_critical_700km_i63p4_may_24h_g20,numerical_gravity_2x0,EarthMJ2000Eq,63420.0,2026-05-10T14:45:00Z,-0.00042184638004982844,0.00017428192222723737,-0.0007564019597339211,0.0008834435360936666,-0.0006635669791421606,-0.0006321663192920823,0.000216355822146852,0.0009416821294003575
gmat_d03_critical_700km_i63p4_may_24h_g20,numerical_gravity_2x0,EarthMJ2000Eq,63480.0,2026-05-10T14:46:00Z,-0.0015941432138788514,0.0002979768396471627,-0.0023567545213154517,0.0028608346084775553,-0.00195664551227992,-0.0021016329787570953,0.0010228466962303173,0.0030482024542529723
gmat_d03_critical_700km_i63p4_may_24h_g20,numerical_gravity_2x0,EarthMJ2000Eq,63540.0,2026-05-10T14:47:00Z,-0.002231098733318504,0.00033605283533688635,-0.003179817667842144,0.00389897082147,-0.002609468197078968,-0.0028741597990489254,0.0014783108071014794,0.004153976608555776
gmat_d03_critical_700km_i63p4_may_24h_g20,numerical_gravity_2x0,EarthMJ2000Eq,63600.0,2026-05-10T14:48:00Z,-0.0005376732588047162,3.3114702091552317e-06,-0.000621965682512382,0.0008221586278156561,-0.0004786198104511641,-0.000614707396096037,0.00040455461203237064,0.0008778419788823842
gmat_d03_critical_700km_i63p4_may_24h_g20,numerical_gravity_2x0,EarthMJ2000Eq,63660.0,2026-05-10T14:49:00Z,-0.0008873394108377397,-9.304130799137056e-06,-0.00102043486549519,0.0013523110262043938,-0.0007800506907074123,-0.0010089073604335752,0.000674100775199804,0.0014424926333035922
gmat_d03_critical_700km_i63p4_may_24h_g20,numerical_gravity_2x0,EarthMJ2000Eq,63720.0,2026-05-10T14:50:00Z,-0.0008061911103141028,-6.144819053588435e-05,-0.0008404781510762405,0.0011662433317735008,-0.0006163878296661096,-0.0008686519836764717,0.000643422204404942,0.0012443803110090104
gmat_d03_critical_700km_i63p4_may_24h_g20,numerical_gravity_2x0,EarthMJ2000Eq,63780.0,2026-05-10T14:51:00Z,-0.0011286938388366252,-0.00015983368939487264,-0.0010691969691833947,0.0015629071466354907,-0.0007474785235217496,-0.001154840334471885,0.000943900069216852,0.0016683308070994099
gmat_d03_critical_700km_i63p4_may_24h_g20,numerical_gravity_2x0,EarthMJ2000Eq,63840.0,2026-05-10T14:52:00Z,-0.0017906149878399447,-0.0003492805262794718,-0.0015579253158648498,0.0023990477716226708,-0.0010365361902131554,-0.0017525407791652015,0.0015550805088082598,0.002562046417443277
gmat_d03_critical_700km_i63p4_may_24h_g20,numerical_gravity_2x0,EarthMJ2000Eq,63900.0,2026-05-10T14:53:00Z,-0.0019620988496171776,-0.00048229412641376257,-0.001550694832985755,0.0025469774213940305,-0.0009673568612811323,-0.0018319745720418723,0.001763877044425044,0.002720877130177935
gmat_d03_critical_700km_i63p4_may_24h_g20,numerical_gravity_2x0,EarthMJ2000Eq,63960.0,2026-05-10T14:54:00Z,-0.0019849571799568366,-0.0005837555363541469,-0.0014163815649226308,0.0025073815565124897,-0.0008147225116772461,-0.0017673678076590704,0.0018415233782320684,0.0026792853694891402
gmat_d03_critical_700km_i63p4_may_24h_g20,numerical_gravity_2x0,EarthMJ2000Eq,64020.0,2026-05-10T14:55:00Z,-0.0020385220977914287,-0.0006908394425408915,-0.001309851541009266,0.002519631429006736,-0.0006809477426372723,-0.0017331758250804796,0.001945434480177255,0.00269301013468363
gmat_d03_critical_700km_i63p4_may_24h_g20,numerical_gravity_2x0,EarthMJ2000Eq,64080.0,2026-05-10T14:56:00Z,-0.0020741049411299173,-0.0007932349035399966,-0.0011894126146216877,0.0025190941401295117,-0.0005386615598013123,-0.0016823120674303027,0.002032849444333351,0.0026931036057967796
gmat_d03_critical_700km_i63p4_may_24h_g20,numerical_gravity_2x0,EarthMJ2000Eq,64140.0,2026-05-10T14:57:00Z,-0.0021021189695602516,-0.0008925017027650028,-0.0010650082913343795,0.002519862320094981,-0.00039477754398831166,-0.0016254508850011007,0.0021126140836713603,0.0026946387801178263
gmat_d03_critical_700km_i63p4_may_24h_g20,numerical_gravity_2x0,EarthMJ2000Eq,64200.0,2026-05-10T14:58:00Z,-0.0021214407297520665,-0.0009881505320663564,-0.0009360774129163474,0.0025205541388445053,-0.0002489972672492513,-0.0015616588022737687,0.0021835937502601155,0.0026960822539365843
gmat_d03_critical_700km_i63p4_may_24h_g20,numerical_gravity_2x0,EarthMJ2000Eq,64260.0,2026-05-10T14:59:00Z,-0.0021319734173630422,-0.0010797662071126979,-0.000803158400231041,0.002521164241025736,-0.00010193179633688487,-0.0014911862855626623,0.002245468255779315,0.0026974347660448125
gmat_d03_critical_700km_i63p4_may_24h_g20,numerical_gravity_2x0,EarthMJ2000Eq,64320.0,2026-05-10T15:00:00Z,-0.002133659236847052,-0.0011669640116451774,-0.0006668078640359454,0.002521693770265916,4.580247292551576e-05,-0.0014143104465347278,0.002297945389528877,0.0026986894817596888
gmat_d03_critical_700km_i63p4_may_24h_g20,numerical_gravity_2x0,EarthMJ2000Eq,64380.0,2026-05-10T15:01:00Z,-0.002126476658759202,-0.001249363322131103,-0.0005275969670037739,0.0025221360491705733,0.000193570492967865,-0.0013313377067447618,0.0023407635829642004,0.0026998340275801447
gmat_d03_critical_700km_i63p4_may_24h_g20,numerical_gravity_2x0,EarthMJ2000Eq,64440.0,2026-05-10T15:02:00Z,-0.002118781139870407,-0.001332869487669086,-0.0003860413926304318,0.002532746048591101,0.0003438298534774731,-0.0012465632970304341,0.002383776509518043,0.002711923573586791
gmat_d03_critical_700km_i63p4_may_24h_g20,numerical_gravity_2x0,EarthMJ2000Eq,64500.0,2026-05-10T15:03:00Z,-0.0020080190097360173,-0.001338737547484925,-0.000245806404564064,0.0024258564164088277,0.0004560227750971535,-0.0011129275279131434,0.002302936508158382,0.0025980918025356402
gmat_d03_critical_700km_i63p4_may_24h_g20,numerical_gravity_2x0,EarthMJ2000Eq,64560.0,2026-05-10T15:04:00Z,-0.0024172097710106755,-0.0017434772416891064,-8.762708603171632e-05,0.0029816596847332772,0.0007731868478799697,-0.0012176011310316426,0.0028498571835733344,0.0031940658075231693
gmat_d03_critical_700km_i63p4_may_24h_g20,numerical_gravity_2x0,EarthMJ2000Eq,64620.0,2026-05-10T15:05:00Z,-8.78374066815013e-05,-5.3679741540690884e-05,-1.4062607078813016e-05,0.00010389745705386589,2.2217783168798633e-05,-5.9397819995865575e-05,9.22913134804304e-05,0.0001119795403327772
gmat_d03_critical_700km_i63p4_may_24h_g20,numerical_gravity_2x0,EarthMJ2000Eq,64680.0,2026-05-10T15:06:00Z,-0.0023307097762881313,-0.0018876958165492397,0.00024373548512812704,0.0030091544566228593,0.0011007417199948577,-0.0009839782322274004,0.0028660771533850493,0.0032240105063089273
gmat_d03_critical_700km_i63p4_may_24h_g20,numerical_gravity_2x0,EarthMJ2000Eq,64740.0,2026-05-10T15:07:00Z,-0.0029182765501900576,-0.002491229452061816,0.0005074425644124858,0.003870408268178813,0.0015947545506378447,-0.0011121370491196103,0.0036624865362711034,0.004146552606825542
gmat_d03_critical_700km_i63p4_may_24h_g20,numerical_gravity_2x0,EarthMJ2000Eq,64800.0,2026-05-10T15:08:00Z,-3.993955033365637e-05,-2.5166627892758697e-05,-7.91715137893334e-06,4.786656585033229e-05,1.3747225580118538e-05,-3.317968122473758e-05,3.93565180445421e-05,5.328051210260874e-05
gmat_d03_critical_700km_i63p4_may_24h_g20,numerical_gravity_2x0,EarthMJ2000Eq,64860.0,2026-05-10T15:09:00Z,-0.002141556251444854,-0.002079946625599405,0.0007731096047791652,0.0030838514238605403,0.001604080424044696,-0.0005853557638602069,0.0028279758534921484,0.003303507651727543
gmat_d03_critical_700km_i63p4_may_24h_g20,numerical_gravity_2x0,EarthMJ2000Eq,64920.0,2026-05-10T15:10:00Z,-0.002438661340420367,-0.0024921563408497605,0.0010772846508189104,0.0036494457907178934,0.0020372326048345712,-0.0005504698918912254,0.0032901819047026493,0.003908788911429286
gmat_d03_critical_700km_i63p4_may_24h_g20,numerical_gravity_2x0,EarthMJ2000Eq,64980.0,2026-05-10T15:11:00Z,-0.0021828254830325022,-0.0023895505592008703,0.0012168939065304585,0.003457674036705055,0.002095770668120167,-0.00034641622903563984,0.00303285574432266,0.003702765569538947
gmat_d03_critical_700km_i63p4_may_24h_g20,numerical_gravity_2x0,EarthMJ2000Eq,65040.0,2026-05-10T15:12:00Z,-0.002208616024290677,-0.002598460696390248,0.001519437319075223,0.0037334531602843165,0.0024292452494023564,-0.00018249135536052563,0.0031688554003039826,0.003997021406567765
gmat_d03_critical_700km_i63p4_may_24h_g20,numerical_gravity_2x0,EarthMJ2000Eq,65100.0,2026-05-10T15:13:00Z,-5.266429070616141e-05,-5.3403340416480205e-05,1.32031345856376e-05,7.61562016260528e-05,4.4070525007100514e-05,-2.5836222050656943e-05,6.523093176724615e-05,8.285406449580761e-05
gmat_d03_critical_700km_i63p4_may_24h_g20,numerical_gravity_2x0,EarthMJ2000Eq,65160.0,2026-05-10T15:14:00Z,-0.0015414998415508308,-0.0021175277424845262,0.001542275640531443,0.0030395328017755498,0.00221402762790035,0.00015067413983160804,0.0023775852397989183,0.0032523118863401965
gmat_d03_critical_700km_i63p4_may_24h_g20,numerical_gravity_2x0,EarthMJ2000Eq,65220.0,2026-05-10T15:15:00Z,-0.0018023429220193066,-0.0026715683816291858,0.002117423719028011,0.0038560602734107113,0.0029218449881796005,0.000360126151122131,0.0028884565850262334,0.004124324238375748
gmat_d03_critical_700km_i63p4_may_24h_g20,numerical_gravity_2x0,EarthMJ2000Eq,65280.0,2026-05-10T15:16:00Z,-1.092666934709996e-05,-4.908770279143937e-06,-1.9686012819875032e-05,2.3044028064089506e-05,-5.17763609764188e-06,-2.383604424949226e-05,5.523581592115079e-06,2.500949568919993e-05
gmat_d03_critical_700km_i63p4_may_24h_g20,numerical_gravity_2x0,EarthMJ2000Eq,65340.0,2026-05-10T15:17:00Z,-0.0011820984582300298,-0.0021717398794862675,0.0020540646801237017,0.0032144972513960136,0.002628548489980176,0.0006195364221639466,0.0021228725444188967,0.003435066285009989
gmat_d03_critical_700km_i63p4_may_24h_g20,numerical_gravity_2x0,EarthMJ2000Eq,65400.0,2026-05-10T15:18:00Z,-0.0005524925654754043,-0.001137042090704199,0.0011456618267402519,0.0017060638241837205,0.0014317618202142057,0.0003930686887088086,0.0010565104346937915,0.0018222675990323765
gmat_d03_critical_700km_i63p4_may_24h_g20,numerical_gravity_2x0,EarthMJ2000Eq,65460.0,2026-05-10T15:19:00Z,-6.93817128194496e-05,-0.00021047844711574726,0.00023565280571347103,0.0003234922620630174,0.00028766677928615536,9.740297457483393e-05,0.0001644480107643176,0.0003453732236367441
gmat_d03_critical_700km_i63p4_may_24h_g20,numerical_gravity_2x0,EarthMJ2000Eq,65520.0,2026-05-10T15:20:00Z,-0.0009012392183649354,-0.002570333435869543,0.0030246710593928583,0.004070317078287229,0.0035556404487380178,0.0013146514987738556,0.0021184183296441006,0.004342647094031742
gmat_d03_critical_700km_i63p4_may_24h_g20,numerical_gravity_2x0,EarthMJ2000Eq,65580.0,2026-05-10T15:21:00Z,-0.0005132060323376209,-0.0017747661331668496,0.0022112581063993275,0.002881464501287579,0.00254822585254999,0.001028721108298214,0.0013743184368308903,0.00307253531795417
gmat_d03_critical_700km_i63p4_may_24h_g20,numerical_gravity_2x0,EarthMJ2000Eq,65640.0,2026-05-10T15:22:00Z,-1.9690560293383896e-06,-0.0002604706423880998,0.00039255382944247685,0.00047111287579270137,0.0004280058529815278,0.0002205693405699094,0.00013852030633643153,0.0005010266654115615
gmat_d03_critical_700km_i63p4_may_24h_g20,numerical_gravity_2x0,EarthMJ2000Eq,65700.0,2026-05-10T15:23:00Z,-0.00024513883545296267,-0.0018516757336328737,0.0026525190151005518,0.0032441721897337812,0.002915122310209739,0.001408928085311345,0.001205089361633327,0.003454744100882651
gmat_d03_critical_700km_i63p4_may_24h_g20,numerical_gravity_2x0,EarthMJ2000Eq,65760.0,2026-05-10T15:24:00Z,3.50537447957322e-05,-9.737232176121324e-05,0.00017315255718131084,0.00020172243833495738,0.0001805361971030095,0.00011183320935970187,2.0476065287766687e-05,0.0002133524183827699
gmat_d03_critical_700km_i63p4_may_24h_g20,numerical_gravity_2x0,EarthMJ2000Eq,65820.0,2026-05-10T15:25:00Z,0.00018654736777534708,-0.0020593156477843877,0.0034990644053323194,0.004064361274578967,0.003649202828803766,0.0020971260283886295,0.0009802558764704372,0.004321518303565229
gmat_d03_critical_700km_i63p4_may_24h_g20,numerical_gravity_2x0,EarthMJ2000Eq,65880.0,2026-05-10T15:26:00Z,0.00026898214855464175,-0.0013952994777355343,0.0025319570795545587,0.002903449445317858,0.0025922168855885275,0.0015785359686049105,0.0005511964218385401,0.0030846688122969277
gmat_d03_critical_700km_i63p4_may_24h_g20,numerical_gravity_2x0,EarthMJ2000Eq,65940.0,2026-05-10T15:27:00Z,7.955986802699044e-05,-0.00011684460332617164,0.0002551380475779297,0.00029168108826045,0.0002492446249391378,0.0001800923854489156,-1.7781331962396507e-06,0.0003075049790091143
gmat_d03_critical_700km_i63p4_may_24h_g20,numerical_gravity_2x0,EarthMJ2000Eq,66000.0,2026-05-10T15:28:00Z,0.0007824701242498122,-0.001587111000844743,0.0034512000297581835,0.003878396894304244,0.0033716645031489634,0.0023441626417763928,0.00025643664969265956,0.004114484143632154
gmat_d03_critical_700km_i63p4_may_24h_g20,numerical_gravity_2x0,EarthMJ2000Eq,66060.0,2026-05-10T15:29:00Z,0.0009041796147357672,-0.0012959299056092277,0.0031290556901097943,0.0035054193198196053,0.0029835849346682153,0.00221423546165056,2.9132252166164108e-06,0.003715457741502542
gmat_d03_critical_700km_i63p4_may_24h_g20,numerical_gravity_2x0,EarthMJ2000Eq,66120.0,2026-05-10T15:30:00Z,0.0011783395166276023,-0.0012366872397251427,0.003360845823863201,0.003770035012718567,0.0031252929133529506,0.00247295117716817,-0.00024159607647789016,0.003992657258403371
gmat_d03_critical_700km_i63p4_may_24h_g20,numerical_gravity_2x0,EarthMJ2000Eq,66180.0,2026-05-10T15:31:00Z,0.0010294661478837952,-0.0008812767191557214,0.0026129828256671317,0.0029434891629825924,0.00238845077049632,0.001973997854065601,-0.0003190194775015698,0.0031149860413756973
gmat_d03_critical_700km_i63p4_may_24h_g20,numerical_gravity_2x0,EarthMJ2000Eq,66240.0,2026-05-10T15:32:00Z,0.00012634518498089164,-5.3044459491502494e-05,0.00020692664293164853,0.00024818431861333085,0.00017890089409888787,0.00017544454777862484,-6.889777637297811e-05,0.0002598715506625698
gmat_d03_critical_700km_i63p4_may_24h_g20,numerical_gravity_2x0,EarthMJ2000Eq,66300.0,2026-05-10T15:33:00Z,0.001838460775616113,-0.0008459346645395271,0.003521362259562011,0.004061469640809379,0.003046278784779588,0.002865968795617846,-0.0009621903274137367,0.004291783055819803
gmat_d03_critical_700km_i63p4_may_24h_g20,numerical_gravity_2x0,EarthMJ2000Eq,66360.0,2026-05-10T15:34:00Z,0.0013752251106780022,-0.0004897256076219492,0.002397440994172939,0.0028069197702002354,0.0020298633884863193,0.002007561894501464,-0.0007961276082824043,0.0029638605407206545
gmat_d03_critical_700km_i63p4_may_24h_g20,numerical_gravity_2x0,EarthMJ2000Eq,66420.0,2026-05-10T15:35:00Z,0.0002510296326363459,-3.052900865441188e-05,0.00031990930438041687,0.00040778653712466055,0.0002512559049705487,0.00029886726427008625,-0.00017492229886784116,0.00042784223970532097
gmat_d03_critical_700km_i63p4_may_24h_g20,numerical_gravity_2x0,EarthMJ2000Eq,66480.0,2026-05-10T15:36:00Z,0.002120323188137263,-0.00032051411835709587,0.003015351921931142,0.003700114448947847,0.0024051027835980676,0.0027013342673853913,-0.001458716702984475,0.003899946235961162
gmat_d03_critical_700km_i63p4_may_24h_g20,numerical_gravity_2x0,EarthMJ2000Eq,66540.0,2026-05-10T15:37:00Z,0.0018817522686731536,-0.0001088465069187805,0.0023915981728350744,0.0030450912930539615,0.001834780327669705,0.0022333510041327997,-0.0013867040848936085,0.0032058109391424434
gmat_d03_critical_700km_i63p4_may_24h_g20,numerical_gravity_2x0,EarthMJ2000Eq,66600.0,2026-05-10T15:38:00Z,0.0023277293621504214,5.108995537739247e-05,0.0026674597393139265,0.003540660337820954,0.0019622259372908957,0.002595069950594997,-0.0018138335278194972,0.003724877279065765
gmat_d03_critical_700km_i63p4_may_24h_g20,numerical_gravity_2x0,EarthMJ2000Eq,66660.0,2026-05-10T15:39:00Z,0.0012230425454617944,5.0258677219972014e-05,0.0013517860679712612,0.0018236459569244163,0.0009807861189869982,0.0013361312056758834,-0.0009622036500900322,0.0019165134683129805
gmat_d03_critical_700km_i63p4_may_24h_g20,numerical_gravity_2x0,EarthMJ2000Eq,66720.0,2026-05-10T15:40:00Z,0.0003294990165159106,7.271501090144739e-05,0.00025067902242881246,0.00042035347861200695,0.00014860113140002795,0.00029699598336208055,-0.00028540370067275944,0.000437886038535466
gmat_d03_critical_700km_i63p4_may_24h_g20,numerical_gravity_2x0,EarthMJ2000Eq,66780.0,2026-05-10T15:41:00Z,0.0026677885216486175,0.00047845787776168436,0.0023894635887700133,0.0036132469856197213,0.0015477414905262776,0.0025918993618034847,-0.002299035628539059,0.0037946028572837243
gmat_d03_critical_700km_i63p4_may_24h_g20,numerical_gravity_2x0,EarthMJ2000Eq,66840.0,2026-05-10T15:42:00Z,0.002395224328211043,0.0005734000296797603,0.0019128965504933149,0.003118502908348815,0.0011471454897105104,0.002195045922803729,-0.0021385302417797902,0.0032722287470143604
gmat_d03_critical_700km_i63p4_may_24h_g20,numerical_gravity_2x0,EarthMJ2000Eq,66900.0,2026-05-10T15:43:00Z,0.0025227641344827134,0.0007144963092287071,0.0018395767256151885,0.0032029496379991453,0.0010253753401912036,0.0022124597709449745,-0.0023104851365474133,0.003359272896406101
gmat_d03_critical_700km_i63p4_may_24h_g20,numerical_gravity_2x0,EarthMJ2000Eq,66960.0,2026-05-10T15:44:00Z,0.0025738943350006593,0.0008448669177596457,0.0016924022929742932,0.0031942068933833666,0.0008539915441474477,0.0021529864557834344,-0.0024182478242096295,0.0033485182955386196
gmat_d03_critical_700km_i63p4_may_24h_g20,numerical_gravity_2x0,EarthMJ2000Eq,67020.0,2026-05-10T15:45:00Z,0.002617213112898753,0.0009709028745419346,0.0015429377526743338,0.0031895319058994685,0.0006832809873458245,0.002088932138377686,-0.0025179258678065253,0.0033422239694827004
gmat_d03_critical_700km_i63p4_may_24h_g20,numerical_gravity_2x0,EarthMJ2000Eq,67080.0,2026-05-10T15:46:00Z,0.0026663126391213154,0.0011005558917531744,0.0013946228136774153,0.0032039692808827317,0.0005119344947956961,0.0020285066959502274,-0.002624253259142506,0.0033561319268760425
gmat_d03_critical_700km_i63p4_may_24h_g20,numerical_gravity_2x0,EarthMJ2000Eq,67140.0,2026-05-10T15:47:00Z,0.002647968699420744,0.0011996226021437906,0.001215041265822947,0.00315073926219528,0.0003317524033263908,0.0019194752454154695,-0.0026631319371972495,0.003299502476100842
gmat_d03_critical_700km_i63p4_may_24h_g20,numerical_gravity_2x0,EarthMJ2000Eq,67200.0,2026-05-10T15:48:00Z,0.0025272554466937436,0.0012395644262142014,0.00100833858596161,0.0029900312311944162,0.0001609361532928233,0.0017482131298152126,-0.0025908803991114837,0.0031296662498092463
gmat_d03_critical_700km_i63p4_may_24h_g20,numerical_gravity_2x0,EarthMJ2000Eq,67260.0,2026-05-10T15:49:00Z,0.0029538662289496642,0.0015925779734971002,0.0009518244041828439,0.0034882087088641163,-4.581401924497186e-05,0.0019159416275726926,-0.003106182422385473,0.003649835679282255
gmat_d03_critical_700km_i63p4_may_24h_g20,numerical_gravity_2x0,EarthMJ2000Eq,67320.0,2026-05-10T15:50:00Z,0.0007472257834706397,0.000387859017791925,0.0002558372216299176,0.0008799054910256803,4.320099833421409e-06,0.0005010245551773096,-0.0007721800976412396,0.0009204924613197145
gmat_d03_critical_700km_i63p4_may_24h_g20,numerical_gravity_2x0,EarthMJ2000Eq,67380.0,2026-05-10T15:51:00Z,0.0008906505399863818,0.0005759998202847783,0.00012638611224247143,0.00106817958542274,-0.00017907009208784075,0.0004968070399513635,-0.0009835061653973298,0.0011163188210364203
gmat_d03_critical_700km_i63p4_may_24h_g20,numerical_gravity_2x0,EarthMJ2000Eq,67440.0,2026-05-10T15:52:00Z,0.0029082234505040105,0.0018751411516859662,0.00044839998736279085,0.00348926647384154,-0.0005492255539252255,0.0016173631323113113,-0.00322498283633621,0.0036493871410837563
gmat_d03_critical_700km_i63p4_may_24h_g20,numerical_gravity_2x0,EarthMJ2000Eq,67500.0,2026-05-10T15:53:00Z,0.002452556145726703,0.0017073866729333531,0.000175933564605657,0.0029935185848775185,-0.0006718723355447764,0.0012547696215392534,-0.002788189623625925,0.0031304729060803948
gmat_d03_critical_700km_i63p4_may_24h_g20,numerical_gravity_2x0,EarthMJ2000Eq,67560.0,2026-05-10T15:54:00Z,0.0024844955532898894,0.0018277382878295612,2.2470885596703738e-05,0.003084453005609726,-0.000841583691624237,0.0011857981263574402,-0.0028794092735151544,0.0032257368260423486
gmat_d03_critical_700km_i63p4_may_24h_g20,numerical_gravity_2x0,EarthMJ2000Eq,67620.0,2026-05-10T15:55:00Z,0.002428135303489398,0.0018965961317007896,-0.0001536027411930263,0.0030848843966891147,-0.0010040501763342036,0.0010632463798287972,-0.002875995330775538,0.003226446770591216
gmat_d03_critical_700km_i63p4_may_24h_g20,numerical_gravity_2x0,EarthMJ2000Eq,67680.0,2026-05-10T15:56:00Z,0.0022977001208346337,0.0018936411834147293,-0.00030266801331890747,0.002992809834101432,-0.0011131460198043897,0.000920948650673381,-0.002777259866526549,0.0031305611070225957
gmat_d03_critical_700km_i63p4_may_24h_g20,numerical_gravity_2x0,EarthMJ2000Eq,67740.0,2026-05-10T15:57:00Z,0.0025839572117547505,0.0022907565835339483,-0.0005972751750960015,0.003504445495648273,-0.001517417302920876,0.0008938298989846771,-0.0032158991025710293,0.003666537085239937
gmat_d03_critical_700km_i63p4_may_24h_g20,numerical_gravity_2x0,EarthMJ2000Eq,67800.0,2026-05-10T15:58:00Z,0.0006338827915897127,0.0005484973826241912,-0.00012315013009356335,0.0008472441954721302,-0.00035214586802112535,0.0002418705236095775,-0.0007778164778926566,0.000887415649984189
gmat_d03_critical_700km_i63p4_may_24h_g20,numerical_gravity_2x0,EarthMJ2000Eq,67860.0,2026-05-10T15:59:00Z,0.0007234393706312403,0.0007571284186269622,-0.00034962886275025085,0.0011040146316693106,-0.0006185896239685462,0.00015979928491560713,-0.0009639187226184731,0.0011564290891168017
gmat_d03_critical_700km_i63p4_may_24h_g20,numerical_gravity_2x0,EarthMJ2000Eq,67920.0,2026-05-10T16:00:00Z,0.0022960866772336885,0.0023929948156364844,-0.001099479959520977,0.0034938938733770067,-0.0019406938278621055,0.0004843654366482042,-0.0030631390757207555,0.0036583771548227336
gmat_d03_critical_700km_i63p4_may_24h_g20,numerical_gravity_2x0,EarthMJ2000Eq,67980.0,2026-05-10T16:01:00Z,0.001732832970446907,0.0019482082507238374,-0.0010551266313996166,0.0028127420251322353,-0.0017016503761624335,0.00024439028578626676,-0.002392606113232887,0.002946167786729029
gmat_d03_critical_700km_i63p4_may_24h_g20,numerical_gravity_2x0,EarthMJ2000Eq,68040.0,2026-05-10T16:02:00Z,0.0015742252799100243,0.0018929611087514786,-0.0011538013495737687,0.002718960195632086,-0.0017503705151966642,0.00011650946873942303,-0.0022455903803120236,0.0028495697136454966
gmat_d03_critical_700km_i63p4_may_24h_g20,numerical_gravity_2x0,EarthMJ2000Eq,68100.0,2026-05-10T16:03:00Z,0.001486810106143821,0.0019206222461320976,-0.001300747499044519,0.0027552383128033545,-0.0018743167018442364,-4.960476474025199e-06,-0.0021986927833950176,0.0028891759484137402
gmat_d03_critical_700km_i63p4_may_24h_g20,numerical_gravity_2x0,EarthMJ2000Eq,68160.0,2026-05-10T16:04:00Z,0.0013658727766596712,0.0019101324255643704,-0.001426429662387818,0.0027475290547967364,-0.0019650818749994414,-0.00013082157579447085,-0.0021052644072483417,0.0028828456921193998
gmat_d03_critical_700km_i63p4_may_24h_g20,numerical_gravity_2x0,EarthMJ2000Eq,68220.0,2026-05-10T16:05:00Z,0.0012459522622521035,0.0018993209778273012,-0.0015504101611441001,0.002750197971856729,-0.0020548545087706316,-0.00025561863736811574,-0.0020124586441738757,0.002887517573019267
gmat_d03_critical_700km_i63p4_may_24h_g20,numerical_gravity_2x0,EarthMJ2000Eq,68280.0,2026-05-10T16:06:00Z,0.0011201746019651182,0.0018802440990839386,-0.0016681369743309915,0.0027518702687731916,-0.0021364736646489746,-0.0003801527981295294,-0.0019104406945302799,0.0028911623124587226
gmat_d03_critical_700km_i63p4_may_24h_g20,numerical_gravity_2x0,EarthMJ2000Eq,68340.0,2026-05-10T16:07:00Z,0.0009897321433527395,0.001853721187217161,-0.0017795073290471919,0.0027536336520416218,-0.0022102124574985282,-0.0005037321670897654,-0.0018006520718927277,0.002895018667893906
gmat_d03_critical_700km_i63p4_may_24h_g20,numerical_gravity_2x0,EarthMJ2000Eq,68400.0,2026-05-10T16:08:00Z,0.0008551123755751178,0.0018198238649347331,-0.0018840646589524113,0.002755481031210554,-0.0022757236095571898,-0.000625891338756901,-0.0016834196259196688,0.0028990618399679625
gmat_d03_critical_700km_i63p4_may_24h_g20,numerical_gravity_2x0,EarthMJ2000Eq,68460.0,2026-05-10T16:09:00Z,0.0007168182492023334,0.0017786512671591481,-0.0019813769540633075,0.002757405187245707,-0.0023326800491219046,-0.000746162243103754,-0.0015591083979415998,0.002903269415871875
gmat_d03_critical_700km_i63p4_may_24h_g20,numerical_gravity_2x0,EarthMJ2000Eq,68520.0,2026-05-10T16:10:00Z,0.0005753690857090987,0.0017303309505223297,-0.002071026756311767,0.002759392434664644,-0.0023807769089501107,-0.0008640679283189456,-0.001428111850998448,0.0029076133742128875
gmat_d03_critical_700km_i63p4_may_24h_g20,numerical_gravity_2x0,EarthMJ2000Eq,68580.0,2026-05-10T16:11:00Z,0.0004313114914111793,0.0016750191207393073,-0.002152626166207483,0.0027614340602134142,-0.002419739519865516,-0.0009791385480184545,-0.001290866968872706,0.0029120764364180575
gmat_d03_critical_700km_i63p4_may_24h_g20,numerical_gravity_2x0,EarthMJ2000Eq,68640.0,2026-05-10T16:12:00Z,0.0002852375473594293,0.0016125777619890869,-0.0022252397684496827,0.0027628716083045466,-0.002448686697853475,-0.0010905454317367003,-0.0011476579686586774,0.0029159003233910625
gmat_d03_critical_700km_i63p4_may_24h_g20,numerical_gravity_2x0,EarthMJ2000Eq,68700.0,2026-05-10T16:13:00Z,0.00013634962670039386,0.0015508012438658625,-0.0023023512767395005,0.00277927996433991,-0.0024813744947671523,-0.0012060734633223547,-0.001002336880162602,0.0029353895488581096
gmat_d03_critical_700km_i63p4_may_24h_g20,numerical_gravity_2x0,EarthMJ2000Eq,68760.0,2026-05-10T16:14:00Z,-3.346940502524376e-07,0.0014195034054864664,-0.0022533736228069756,0.0026632091007222874,-0.002385224065135083,-0.001245920699943781,-0.000825160384465562,0.0028146939250190753
gmat_d03_critical_700km_i63p4_may_24h_g20,numerical_gravity_2x0,EarthMJ2000Eq,68820.0,2026-05-10T16:15:00Z,-0.00021103915059939027,0.0016431849871878512,-0.0028626093353523174,0.0033074350533383854,-0.002957396993963357,-0.001686961237368223,-0.0007997229545253504,0.003497369297097632
gmat_d03_critical_700km_i63p4_may_24h_g20,numerical_gravity_2x0,EarthMJ2000Eq,68880.0,2026-05-10T16:16:00Z,-4.6162313083186746e-05,0.00026619727577781305,-0.0004544983767118538,0.0005287350217400294,-0.0004749790560865108,-0.00027082469600259174,-0.00011879031092121295,0.0005595196669058984
gmat_d03_critical_700km_i63p4_may_24h_g20,numerical_gravity_2x0,EarthMJ2000Eq,68940.0,2026-05-10T16:17:00Z,-0.000644035026198253,0.0016230410437856335,-0.0033444478049204918,0.003772846997244977,-0.0033229710094673237,-0.0021669390726231086,-0.00046697490319047574,0.003994474537962501
gmat_d03_critical_700km_i63p4_may_24h_g20,numerical_gravity_2x0,EarthMJ2000Eq,69000.0,2026-05-10T16:18:00Z,-0.0001254193193744868,0.0003003383426403161,-0.0006024804406479234,0.0006847742745573956,-0.0006047282674614962,-0.0003933187109339542,-8.024869657674571e-05,0.0007258345122271309
gmat_d03_critical_700km_i63p4_may_24h_g20,numerical_gravity_2x0,EarthMJ2000Eq,69060.0,2026-05-10T16:19:00Z,-0.0009702198440209031,0.0012781956684193574,-0.0031780553086946384,0.0035602171643904145,-0.0030413311868926485,-0.002236762774998624,-2.233147000652025e-05,0.0037753545256754427
gmat_d03_critical_700km_i63p4_may_24h_g20,numerical_gravity_2x0,EarthMJ2000Eq,69120.0,2026-05-10T16:20:00Z,-0.0013663238860317506,0.0013921380741521716,-0.003832235165646125,0.0043001064805257795,-0.0036005687320539437,-0.002795121023524416,0.00020719070903396641,0.004562863653485903
gmat_d03_critical_700km_i63p4_may_24h_g20,numerical_gravity_2x0,EarthMJ2000Eq,69180.0,2026-05-10T16:21:00Z,-0.00017612819647183642,0.00016451303963549435,-0.00044379385144566186,0.0005050135289113607,-0.0004197184821919109,-0.00033253355624651704,3.666489334364087e-05,0.0005367368859388531
gmat_d03_critical_700km_i63p4_may_24h_g20,numerical_gravity_2x0,EarthMJ2000Eq,69240.0,2026-05-10T16:22:00Z,-0.0015938976503093727,0.0009007153494167142,-0.003313580691610696,0.003785711935706655,-0.0029780222732256334,-0.00262179855603506,0.0006670672902941988,0.004023359677935337
gmat_d03_critical_700km_i63p4_may_24h_g20,numerical_gravity_2x0,EarthMJ2000Eq,69300.0,2026-05-10T16:23:00Z,-0.0003853692760458216,0.00019256913219578564,-0.0007378662303381134,0.0008544231524649226,-0.000659424959081889,-0.000599892358010834,0.00017691093034954974,0.0009088507001356673
gmat_d03_critical_700km_i63p4_may_24h_g20,numerical_gravity_2x0,EarthMJ2000Eq,69360.0,2026-05-10T16:24:00Z,-7.005473889876157e-05,2.7921487344428897e-05,-9.831546776695177e-05,0.00012390805905966446,-8.820588703883914e-05,-9.074652140839135e-05,3.6850522633358196e-05,0.000131807324054408
gmat_d03_critical_700km_i63p4_may_24h_g20,numerical_gravity_2x0,EarthMJ2000Eq,69420.0,2026-05-10T16:25:00Z,-0.00217431897908682,0.00043569434637902305,-0.0032578041100350674,0.0039409110882694595,-0.0027234294819322713,-0.0028792676021183183,0.001379256708844423,0.004196379288929732
gmat_d03_critical_700km_i63p4_may_24h_g20,numerical_gravity_2x0,EarthMJ2000Eq,69480.0,2026-05-10T16:26:00Z,-0.00033620381145738065,7.220751285785809e-05,-0.0004869052645517513,0.0005960903156400031,-0.0004083382521002932,-0.0004382381124656831,0.00021016788309680123,0.0006347939117786165
gmat_d03_critical_700km_i63p4_may_24h_g20,numerical_gravity_2x0,EarthMJ2000Eq,69540.0,2026-05-10T16:27:00Z,-0.0023885445443738718,7.789640221744776e-05,-0.002938753823400475,0.0037878076673040725,-0.0023113582159339785,-0.0028087637216067662,0.0017534507179561842,0.004038083687404318
gmat_d03_critical_700km_i63p4_may_24h_g20,numerical_gravity_2x0,EarthMJ2000Eq,69600.0,2026-05-10T16:28:00Z,-0.0011858874131576158,-2.835076884366572e-05,-0.0013375806702242699,0.0017878072525127802,-0.0010209593170884546,-0.0013289549183337357,0.0009090674879530525,0.0019065368603219878
gmat_d03_critical_700km_i63p4_may_24h_g20,numerical_gravity_2x0,EarthMJ2000Eq,69660.0,2026-05-10T16:29:00Z,-0.0015108839761523996,-0.00012991949915885925,-0.0015618161341990344,0.00217690585526802,-0.0011463816562695683,-0.001613482569773339,0.0012155449979900368,0.0023227282550768473
gmat_d03_critical_700km_i63p4_may_24h_g20,numerical_gravity_2x0,EarthMJ2000Eq,69720.0,2026-05-10T16:30:00Z,-0.001531861926196143,-0.00022414587874663994,-0.0014362003639689647,0.0021117560989264476,-0.0010043148535032742,-0.001554096407119232,0.0012875380761556698,0.002254244499857736
gmat_d03_critical_700km_i63p4_may_24h_g20,numerical_gravity_2x0,EarthMJ2000Eq,69780.0,2026-05-10T16:31:00Z,-0.0015952073226799257,-0.00031748095352668315,-0.0013625276551465504,0.002121782780876267,-0.000902807606451006,-0.0015441798950632801,0.0013908270091178565,0.00226582278474623
gmat_d03_critical_700km_i63p4_may_24h_g20,numerical_gravity_2x0,EarthMJ2000Eq,69840.0,2026-05-10T16:32:00Z,-0.001645757492951816,-0.00040948543755803257,-0.001275853719562292,0.002122262651723409,-0.0007917178024285931,-0.0015205903203252547,0.0014835714878813633,0.0022671560071163485
gmat_d03_critical_700km_i63p4_may_24h_g20,numerical_gravity_2x0,EarthMJ2000Eq,69900.0,2026-05-10T16:33:00Z,-0.0016898502508411184,-0.000499863745062612,-0.0011842021194752306,0.0021231562103777102,-0.0006774394378794568,-0.0014909200540813572,0.0015703962574775687,0.0022689008804167594
gmat_d03_critical_700km_i63p4_may_24h_g20,numerical_gravity_2x0,EarthMJ2000Eq,69960.0,2026-05-10T16:34:00Z,-0.0017269892396143405,-0.0005882657205802388,-0.0010875373845919967,0.0021239788027752784,-0.0005600568897534686,-0.0014548802163005803,0.0016507391009668027,0.002270524111962663
gmat_d03_critical_700km_i63p4_may_24h_g20,numerical_gravity_2x0,EarthMJ2000Eq,70020.0,2026-05-10T16:35:00Z,-0.0017570059753779788,-0.0006743239282513969,-0.0009862524166237563,0.002124729767999337,-0.00044007109067933925,-0.001412612693485471,0.0017242349770185683,0.0022720306869895494
gmat_d03_critical_700km_i63p4_may_24h_g20,numerical_gravity_2x0,EarthMJ2000Eq,70080.0,2026-05-10T16:36:00Z,-0.0017797570990296663,-0.0007576563803013414,-0.0008807701306068338,0.0021254022078484353,-0.00031799807231891464,-0.0013642837970451183,0.001790539272406022,0.0022734167983250847
gmat_d03_critical_700km_i63p4_may_24h_g20,numerical_gravity_2x0,EarthMJ2000Eq,70140.0,2026-05-10T16:37:00Z,-0.0017951342670130543,-0.0008379188329854514,-0.0007715343599556945,0.002126001005613224,-0.0001943645244750769,-0.0013100849294289674,0.0018493517828233053,0.0022746872548381376
gmat_d03_critical_700km_i63p4_may_24h_g20,numerical_gravity_2x0,EarthMJ2000Eq,70200.0,2026-05-10T16:38:00Z,-0.001803060683869262,-0.0009147565833700355,-0.0006590034900000319,0.002126521346322706,-6.970246602122643e-05,-0.0012502381352419434,0.0019003856266408548,0.002275833772164796
gmat_d03_critical_700km_i63p4_may_24h_g20,numerical_gravity_2x0,EarthMJ2000Eq,70260.0,2026-05-10T16:39:00Z,-0.0018017878176124213,-0.0009865989341051318,-0.0005436158971861005,0.0021249317730570464,5.488143273169044e-05,-0.0011841634339759821,0.0019414130303374577,0.002274717469135133
gmat_d03_critical_700km_i63p4_may_24h_g20,numerical_gravity_2x0,EarthMJ2000Eq,70320.0,2026-05-10T16:40:00Z,-0.0018134553556592437,-0.0010688017937354743,-0.0004270241333870217,0.0021478610783186836,0.00018543300228657245,-0.0011233889374295813,0.001998202492359269,0.0022998263637820505
gmat_d03_critical_700km_i63p4_may_24h_g20,numerical_gravity_2x0,EarthMJ2000Eq,70380.0,2026-05-10T16:41:00Z,-0.0017016569699990214,-0.0010641952030709945,-0.0003031782398466021,0.002029794304579173,0.0002801741061375651,-0.0009990825944328208,0.0019102226467282435,0.002173847768433212
gmat_d03_critical_700km_i63p4_may_24h_g20,numerical_gravity_2x0,EarthMJ2000Eq,70440.0,2026-05-10T16:42:00Z,-0.0020155773654551012,-0.0013638359632750507,-0.00019661729311337695,0.0024415689649912703,0.0005070805997320349,-0.0010883995926747048,0.0023234785206938113,0.002615396116094953
gmat_d03_critical_700km_i63p4_may_24h_g20,numerical_gravity_2x0,EarthMJ2000Eq,70500.0,2026-05-10T16:43:00Z,-0.0018597315829538275,-0.001292027718591271,-0.00012852797226514667,0.002268139463502786,0.0005257509982925512,-0.0009749676621595427,0.0021626583579514858,0.0024298286416288444
gmat_d03_critical_700km_i63p4_may_24h_g20,numerical_gravity_2x0,EarthMJ2000Eq,70560.0,2026-05-10T16:44:00Z,-0.00037419590626086574,-0.0003223335625079926,7.771177479298785e-05,0.0004999606201721898,0.00022286794632009332,-0.0001447553188427264,0.0004655806018494246,0.0005360872323126786
gmat_d03_critical_700km_i63p4_may_24h_g20,numerical_gravity_2x0,EarthMJ2000Eq,70620.0,2026-05-10T16:45:00Z,-0.003005666712851962,-0.002402741756668547,0.00029061811801511794,0.0038589712655711264,0.0013849481561578614,-0.0012820855488371308,0.0036789662427594294,0.004134805601856694
gmat_d03_critical_700km_i63p4_may_24h_g20,numerical_gravity_2x0,EarthMJ2000Eq,70680.0,2026-05-10T16:46:00Z,-0.002494965428923024,-0.002144848622265272,0.0004816483851755038,0.003325238829151442,0.0014107692791753834,-0.0009269847112136631,0.0031379898679517737,0.003563222000557487
gmat_d03_critical_700km_i63p4_may_24h_g20,numerical_gravity_2x0,EarthMJ2000Eq,70740.0,2026-05-10T16:47:00Z,-0.002475816017977195,-0.0022514984721055953,0.0006740656317560934,0.0034136893239838074,0.001611991429228965,-0.0008062244205575553,0.003183071140000493,0.003657930571582113
gmat_d03_critical_700km_i63p4_may_24h_g20,numerical_gravity_2x0,EarthMJ2000Eq,70800.0,2026-05-10T16:48:00Z,-0.002371813025092706,-0.0022952483504923293,0.0008662755135446787,0.003412344543243585,0.0017826939924248109,-0.0006447713474244665,0.0031264244526596485,0.0036562628214168707
gmat_d03_critical_700km_i63p4_may_24h_g20,numerical_gravity_2x0,EarthMJ2000Eq,70860.0,2026-05-10T16:49:00Z,-0.002215400854765903,-0.0022738498728358536,0.001016057467495557,0.003333281711578937,0.0018889396713461792,-0.00048265214047660265,0.0029921150002110153,0.0035712460493754587
gmat_d03_critical_700km_i63p4_may_24h_g20,numerical_gravity_2x0,EarthMJ2000Eq,70920.0,2026-05-10T16:50:00Z,-0.002330922598048346,-0.0025888288064379594,0.0013833587217959575,0.0037481883757762746,0.0023246800040510607,-0.0003247970781217191,0.003256883207569672,0.004014588209385934
gmat_d03_critical_700km_i63p4_may_24h_g20,numerical_gravity_2x0,EarthMJ2000Eq,70980.0,2026-05-10T16:51:00Z,-0.0011831798474304378,-0.0013505194829122047,0.000755230757931713,0.00194786830222607,0.0012436620622224837,-0.00013812329058282558,0.0016703496363845716,0.0020870652304571073
gmat_d03_critical_700km_i63p4_may_24h_g20,numerical_gravity_2x0,EarthMJ2000Eq,71040.0,2026-05-10T16:52:00Z,-0.00028993690648349,-0.0004256312067241197,0.00032845400710357353,0.0006108251539197126,0.00046849013557448416,4.314060220167448e-05,0.00045659698244548963,0.000655610343929417
gmat_d03_critical_700km_i63p4_may_24h_g20,numerical_gravity_2x0,EarthMJ2000Eq,71100.0,2026-05-10T16:53:00Z,-0.0019650269678095356,-0.002663174882400199,0.0019326926121721044,0.003832640365545753,0.002783182573296017,0.00016978418670987594,0.0030079845281250073,0.004101573213755277
gmat_d03_critical_700km_i63p4_may_24h_g20,numerical_gravity_2x0,EarthMJ2000Eq,71160.0,2026-05-10T16:54:00Z,-0.0014876495697535574,-0.0022185281522979494,0.0017836555343819782,0.0032119146112961905,0.002452594127788643,0.0003122258007692835,0.00238608066638335,0.003435998232365344
gmat_d03_critical_700km_i63p4_may_24h_g20,numerical_gravity_2x0,EarthMJ2000Eq,71220.0,2026-05-10T16:55:00Z,-0.0015785653886268847,-0.002636260092003795,0.002345631401112769,0.003865711141400616,0.0030841675879855757,0.0005931317659246815,0.0026862290170015513,0.0041327619498721215
gmat_d03_critical_700km_i63p4_may_24h_g20,numerical_gravity_2x0,EarthMJ2000Eq,71280.0,2026-05-10T16:56:00Z,-0.0006674417818430811,-0.001180127128463937,0.0010857902452698909,0.0017369856154296887,0.001411703642872908,0.00030101343639898914,0.0011676934974502728,0.001856616376148023
gmat_d03_critical_700km_i63p4_may_24h_g20,numerical_gravity_2x0,EarthMJ2000Eq,71340.0,2026-05-10T16:57:00Z,0.00013848421076545492,0.0002054548531305045,-0.00018564423953648657,0.0003096019331000511,-0.0002346833838373641,-4.738165415574258e-05,-0.0002290239109470349,0.0003313204847053157
gmat_d03_critical_700km_i63p4_may_24h_g20,numerical_gravity_2x0,EarthMJ2000Eq,71400.0,2026-05-10T16:58:00Z,-8.252936822827905e-05,-0.0001230057478096569,7.822927727829665e-05,0.00016751516479965748,0.00012682566108423998,6.45705711121991e-07,0.00012524381531875406,0.0001782447152678532
gmat_d03_critical_700km_i63p4_may_24h_g20,numerical_gravity_2x0,EarthMJ2000Eq,71460.0,2026-05-10T16:59:00Z,-0.000591701791563537,-0.0018996279322891496,0.0023283450900635216,0.003062660305958785,0.002704598545122394,0.0010528884430982544,0.0014990160224215288,0.0032665695154648856
gmat_d03_critical_700km_i63p4_may_24h_g20,numerical_gravity_2x0,EarthMJ2000Eq,71520.0,2026-05-10T17:00:00Z,-0.0003170798663632013,-0.0009684517863206565,0.0011561251085367985,0.0015411241905407237,0.001357576051574938,0.0005100044830896877,0.0007722729122860983,0.0016430224464785105
gmat_d03_critical_700km_i63p4_may_24h_g20,numerical_gravity_2x0,EarthMJ2000Eq,71580.0,2026-05-10T17:01:00Z,-0.00019107937987428159,-0.001307015736529138,0.0018490518414182588,0.0022723983315431732,0.0020459701710606737,0.0009666702993627041,0.0008572591525535245,0.002419780705596441
gmat_d03_critical_700km_i63p4_may_24h_g20,numerical_gravity_2x0,EarthMJ2000Eq,71640.0,2026-05-10T17:02:00Z,-0.00025967256078729406,-0.0026467728275747504,0.0039206120163726155,0.004737513569641697,0.004269726572303512,0.0021216886025854365,0.0016442207595446234,0.005043370840488843
gmat_d03_critical_700km_i63p4_may_24h_g20,numerical_gravity_2x0,EarthMJ2000Eq,71700.0,2026-05-10T17:03:00Z,-4.4487933337222785e-05,-0.0006020441105647478,0.0008875415460352087,0.0010733900890249005,0.0009690546490248586,0.0004841855805182149,0.0003566968942436688,0.001140497813913526
gmat_d03_critical_700km_i63p4_may_24h_g20,numerical_gravity_2x0,EarthMJ2000Eq,71760.0,2026-05-10T17:04:00Z,0.00022375934349838644,-0.0013493331607605796,0.0024068908714980353,0.0027683735098124923,0.002480574412544456,0.0014788144042654494,0.0005544738002072336,0.0029406772440289165
gmat_d03_critical_700km_i63p4_may_24h_g20,numerical_gravity_2x0,EarthMJ2000Eq,71820.0,2026-05-10T17:05:00Z,0.00016982176020974293,-0.000977898253040621,0.0017447571281081764,0.002007312098211169,0.0017971740762234845,0.0010744529710393635,0.00039478198488041016,0.002130759644542567
gmat_d03_critical_700km_i63p4_may_24h_g20,numerical_gravity_2x0,EarthMJ2000Eq,71880.0,2026-05-10T17:06:00Z,-6.247319106478244e-05,0.00019020762920263223,-0.00041009070628206246,0.000456350993411457,-0.0004037485901164928,-0.0002672466692388298,-6.0240701316160994e-05,0.00048791664076496417
gmat_d03_critical_700km_i63p4_may_24h_g20,numerical_gravity_2x0,EarthMJ2000Eq,71940.0,2026-05-10T17:07:00Z,0.0007333355824812315,-0.001249102751899045,0.0028488721568464825,0.003195952334968402,0.0027562303550610068,0.0019659638361702036,0.00010324452404120166,0.0033871048119350072
gmat_d03_critical_700km_i63p4_may_24h_g20,numerical_gravity_2x0,EarthMJ2000Eq,72000.0,2026-05-10T17:08:00Z,0.0003359064066899009,-0.0006024156391504221,0.001336571230581285,0.001504047994834574,0.001299654606157219,0.0009170491033216877,6.24114093739081e-05,0.0015918468322137105
gmat_d03_critical_700km_i63p4_may_24h_g20,numerical_gravity_2x0,EarthMJ2000Eq,72060.0,2026-05-10T17:09:00Z,0.0007667349564144388,-0.000703137629898265,0.002009788602208573,0.002263080918909947,0.0018520136535471465,0.0014997936226279762,-0.00021743939981888616,0.002393034762805212
gmat_d03_critical_700km_i63p4_may_24h_g20,numerical_gravity_2x0,EarthMJ2000Eq,72120.0,2026-05-10T17:10:00Z,0.0016888852769625373,-0.001334656190010719,0.0041200736404789495,0.0046485102374034006,0.003745659338250107,0.0031309115300359736,-0.00059073723690517,0.004917473067562118
gmat_d03_critical_700km_i63p4_may_24h_g20,numerical_gravity_2x0,EarthMJ2000Eq,72180.0,2026-05-10T17:11:00Z,0.0005450010576169007,-0.00036371147871250287,0.0012003818028460955,0.0013675630388230073,0.0010756506796383292,0.0009347702611961495,-0.00022644819352990453,0.001442947888932956
gmat_d03_critical_700km_i63p4_may_24h_g20,numerical_gravity_2x0,EarthMJ2000Eq,72240.0,2026-05-10T17:12:00Z,0.00043335603550076485,-0.00014600118447560817,0.0007177197858254658,0.0008510202643524849,0.0006054321488591086,0.0006071343428004639,-0.0002558682155040515,0.000894778598752304
gmat_d03_critical_700km_i63p4_may_24h_g20,numerical_gravity_2x0,EarthMJ2000Eq,72300.0,2026-05-10T17:13:00Z,0.0002077285898849368,-0.00012369218893582,0.00041420935303904116,0.00047960432942618426,0.0003675477699971452,0.00033138936039733835,-9.238032561142973e-05,0.0005034326131415258
gmat_d03_critical_700km_i63p4_may_24h_g20,numerical_gravity_2x0,EarthMJ2000Eq,72360.0,2026-05-10T17:14:00Z,0.0017764978110790253,-0.0003313616616651416,0.0026107163648703136,0.0031751511714234516,0.002113053731989112,0.0023042635577397164,-0.0011929728316317778,0.00334631301506777
gmat_d03_critical_700km_i63p4_may_24h_g20,numerical_gravity_2x0,EarthMJ2000Eq,72420.0,2026-05-10T17:15:00Z,0.0011313150025671348,-0.0001870839696493931,0.0016132285054482054,0.0019792372918687393,0.0012953842443153007,0.0014396087655299539,-0.0007702771753770321,0.002084183452846179
gmat_d03_critical_700km_i63p4_may_24h_g20,numerical_gravity_2x0,EarthMJ2000Eq,72480.0,2026-05-10T17:16:00Z,-0.00015907289707683958,-2.204615157097578e-06,-0.00021526193449972197,0.0002676691004897134,-0.00016416823456211205,-0.00019456294908515304,0.00012883560884802137,0.00028531485152931115
gmat_d03_critical_700km_i63p4_may_24h_g20,numerical_gravity_2x0,EarthMJ2000Eq,72540.0,2026-05-10T17:17:00Z,0.0022773215277993586,8.235929271904752e-05,0.0025410931812075432,0.003413228815894864,0.0018571180149251632,0.00249288095721667,-0.0017954171482870152,0.003589828063372417
gmat_d03_critical_700km_i63p4_may_24h_g20,numerical_gravity_2x0,EarthMJ2000Eq,72600.0,2026-05-10T17:18:00Z,0.0010214744179393165,2.5965164240915328e-05,0.0011421075214457233,0.0015324796138289788,0.0008378808757925071,0.0011214046358176688,-0.0007958265157981259,0.0016102585390239549
gmat_d03_critical_700km_i63p4_may_24h_g20,numerical_gravity_2x0,EarthMJ2000Eq,72660.0,2026-05-10T17:19:00Z,0.001840307959355414,0.0002881070031435229,0.001692964360699989,0.0025171148875503383,0.0011227552221271253,0.0018099324261555694,-0.0015646399731394922,0.0026428266915575578
gmat_d03_critical_700km_i63p4_may_24h_g20,numerical_gravity_2x0,EarthMJ2000Eq,72720.0,2026-05-10T17:20:00Z,0.003581887995096622,0.0006896552804391831,0.00311471194436308,0.004796558819780383,0.001992417786311762,0.003417327532062586,-0.003118576508143178,0.005037199175508838
gmat_d03_critical_700km_i63p4_may_24h_g20,numerical_gravity_2x0,EarthMJ2000Eq,72780.0,2026-05-10T17:21:00Z,0.0008468500709568616,0.00016436933947261423,0.0007151738827815279,0.0011205561141911242,0.0004516511609153895,0.0008001121987177839,-0.0007320881678651858,0.0011747856771434652
gmat_d03_critical_700km_i63p4_may_24h_g20,numerical_gravity_2x0,EarthMJ2000Eq,72840.0,2026-05-10T17:22:00Z,0.00242314490606077,0.0007410108082694933,0.0016589965525781736,0.003028695728396422,0.0008810880913756591,0.002060122517022478,-0.002249993080738477,0.0031753566529254718
gmat_d03_critical_700km_i63p4_may_24h_g20,numerical_gravity_2x0,EarthMJ2000Eq,72900.0,2026-05-10T17:23:00Z,0.0014877962257742183,0.000449793333245907,0.00101899331639288,0.0018585475594974244,0.0005422258197995689,0.001268510629870434,-0.0013758927330798087,0.0019483862221575643
gmat_d03_critical_700km_i63p4_may_24h_g20,numerical_gravity_2x0,EarthMJ2000Eq,72960.0,2026-05-10T17:24:00Z,0.00031298213798436336,0.00013459975889418274,0.00013341741578187793,0.00036588949236832384,3.1656455234951864e-05,0.00022774004904135836,-0.00030459634814405945,0.0003816367335544364
gmat_d03_critical_700km_i63p4_may_24h_g20,numerical_gravity_2x0,EarthMJ2000Eq,73020.0,2026-05-10T17:25:00Z,-0.00016081571629911195,-8.527058525942266e-05,-7.340349839068949e-05,0.00019626726903707834,-1.9526602557107253e-05,-0.00010679457318474306,0.0001748685640734493,0.0002058285300201231
gmat_d03_critical_700km_i63p4_may_24h_g20,numerical_gravity_2x0,EarthMJ2000Eq,73080.0,2026-05-10T17:26:00Z,0.002387002723480691,0.0010940875654341653,0.001053326741384808,0.002829188368924599,0.00026279334264245335,0.0017055952206135316,-0.0024081621141647247,0.002962660994041544
gmat_d03_critical_700km_i63p4_may_24h_g20,numerical_gravity_2x0,EarthMJ2000Eq,73140.0,2026-05-10T17:27:00Z,0.003197291505330213,0.001584099209139822,0.0012276732377358712,0.003773489744667001,0.00016230394805916148,0.0021798580718268568,-0.0032904212687867584,0.003950315925460716
gmat_d03_critical_700km_i63p4_may_24h_g20,numerical_gravity_2x0,EarthMJ2000Eq,73200.0,2026-05-10T17:28:00Z,4.066185965712066e-05,2.122305886587128e-06,3.004697646247223e-05,5.0603476240155476e-05,1.5989876089861355e-05,4.5993875374961135e-05,-2.545963440070409e-05,5.4948209190055425e-05
gmat_d03_critical_700km_i63p4_may_24h_g20,numerical_gravity_2x0,EarthMJ2000Eq,73260.0,2026-05-10T17:29:00Z,0.002378815111114818,0.0013789695003652014,0.0005898818926652893,0.002812166222523136,-0.00021396751037627837,0.0014460121988690844,-0.0025531798897304725,0.002942016472438408
gmat_d03_critical_700km_i63p4_may_24h_g20,numerical_gravity_2x0,EarthMJ2000Eq,73320.0,2026-05-10T17:30:00Z,0.0029758076607322437,0.0018159612409363035,0.0005965548552921973,0.003536809884292386,-0.0004135092268597873,0.0017287242748409426,-0.003244824631210008,0.0036997789645368934
gmat_d03_critical_700km_i63p4_may_24h_g20,numerical_gravity_2x0,EarthMJ2000Eq,73380.0,2026-05-10T17:31:00Z,0.0027439205041446257,0.00179348535311874,0.0003593258952605538,0.0032976968544609353,-0.000578525671812713,0.0014903944745014996,-0.003056139674662006,0.003449051660038473
gmat_d03_critical_700km_i63p4_may_24h_g20,numerical_gravity_2x0,EarthMJ2000Eq,73440.0,2026-05-10T17:32:00Z,0.0029746131531283027,0.002077381850540405,0.0001777916622813791,0.0036325540104581184,-0.0008456435551806862,0.0014990906294087836,-0.003386780189629235,0.003799034849861855
gmat_d03_critical_700km_i63p4_may_24h_g20,numerical_gravity_2x0,EarthMJ2000Eq,73500.0,2026-05-10T17:33:00Z,7.09810592525173e-05,3.3202468330273405e-05,2.5485860533080995e-05,8.240293540247117e-05,-2.6139090891774686e-06,5.930900215389556e-05,-6.538592930982468e-05,8.831596689685655e-05
gmat_d03_critical_700km_i63p4_may_24h_g20,numerical_gravity_2x0,EarthMJ2000Eq,73560.0,2026-05-10T17:34:00Z,0.0021648274923791178,0.0017077168195100967,-0.00018419723346596584,0.0027634585989688093,-0.0009410259238507024,0.0009235732179035949,-0.002571928559014225,0.002890213450743882
gmat_d03_critical_700km_i63p4_may_24h_g20,numerical_gravity_2x0,EarthMJ2000Eq,73620.0,2026-05-10T17:35:00Z,0.0029032162274233997,0.0024101341296045575,-0.00043712861952371895,0.0037984855424058133,-0.0014573355855418413,0.001130984195185647,-0.0035189750002828646,0.00397317723129262
gmat_d03_critical_700km_i63p4_may_24h_g20,numerical_gravity_2x0,EarthMJ2000Eq,73680.0,2026-05-10T17:36:00Z,-2.264960130560212e-05,-3.861418917949777e-05,3.607328835641965e-05,5.749210535489353e-05,3.838263040734091e-05,2.148059508044753e-05,4.479994153427924e-05,6.27827766467167e-05
gmat_d03_critical_700km_i63p4_may_24h_g20,numerical_gravity_2x0,EarthMJ2000Eq,73740.0,2026-05-10T17:37:00Z,0.0022106419237388764,0.002087114808091428,-0.0007349972293013707,0.0031278118332513437,-0.0015287229260252388,0.0006453664269656656,-0.0028211581959425303,0.003272984139305186
gmat_d03_critical_700km_i63p4_may_24h_g20,numerical_gravity_2x0,EarthMJ2000Eq,73800.0,2026-05-10T17:38:00Z,0.00025919280233210884,0.0002603485427243868,-0.0001068983692675829,0.00038260885226501496,-0.0002085229766635166,7.464429074843792e-05,-0.0003343294530111507,0.00040103589002567593
gmat_d03_critical_700km_i63p4_may_24h_g20,numerical_gravity_2x0,EarthMJ2000Eq,73860.0,2026-05-10T17:39:00Z,0.0005181545930099674,0.0005577304591497523,-0.0002765327735687606,0.0008099492713610834,-0.00047398440727874913,0.00010341594247620378,-0.0006961067278155042,0.0008484813798850492
gmat_d03_critical_700km_i63p4_may_24h_g20,numerical_gravity_2x0,EarthMJ2000Eq,73920.0,2026-05-10T17:40:00Z,0.002458167728036642,0.002755695618361642,-0.0015122250260901637,0.003990397404990106,-0.0024231230355553635,0.00033787017628128524,-0.003388135993986907,0.004179132328032822
gmat_d03_critical_700km_i63p4_may_24h_g20,numerical_gravity_2x0,EarthMJ2000Eq,73980.0,2026-05-10T17:41:00Z,0.0003381064743734896,0.00042331382132942963,-0.0002698097887332551,0.0006052337576821697,-0.0004065672243314111,2.2660096021809295e-05,-0.0004868963010551397,0.0006347270246597689
gmat_d03_critical_700km_i63p4_may_24h_g20,numerical_gravity_2x0,EarthMJ2000Eq,74040.0,2026-05-10T17:42:00Z,0.0022957829060032964,0.002979712121486955,-0.0020619754650397226,0.0042896440757782,-0.0029425741843169817,-3.7983838296895556e-05,-0.0033999696391617817,0.0044966631127317525
gmat_d03_critical_700km_i63p4_may_24h_g20,numerical_gravity_2x0,EarthMJ2000Eq,74100.0,2026-05-10T17:43:00Z,0.0019107064872514457,0.002674539246072527,-0.0020256084098946303,0.0038609647614867987,-0.002774930507598583,-0.00019894574876389015,-0.0029422428937664336,0.004049273018564151
gmat_d03_critical_700km_i63p4_may_24h_g20,numerical_gravity_2x0,EarthMJ2000Eq,74160.0,2026-05-10T17:44:00Z,0.000292584445560351,0.00047604646624677116,-0.00040317991079064086,0.0006890427681030005,-0.0005321663110180452,-7.246292454965442e-05,-0.0004850599921724097,0.0007236954152287701
gmat_d03_critical_700km_i63p4_may_24h_g20,numerical_gravity_2x0,EarthMJ2000Eq,74220.0,2026-05-10T17:45:00Z,0.001648517354624346,0.002773557412183436,-0.0024926548576331697,0.004077199826652793,-0.003177564877887562,-0.0005786011669783875,-0.002809857235774871,0.004281004035159246
gmat_d03_critical_700km_i63p4_may_24h_g20,numerical_gravity_2x0,EarthMJ2000Eq,74280.0,2026-05-10T17:46:00Z,0.00013276257959660143,0.00026523480300966185,-0.00024987366487039253,0.0003878301840554436,-0.00031865532434949273,-6.465494806207062e-05,-0.00024648727503517875,0.00040801648839165473
gmat_d03_critical_700km_i63p4_may_24h_g20,numerical_gravity_2x0,EarthMJ2000Eq,74340.0,2026-05-10T17:47:00Z,0.00023563552531413734,0.0005406220680015394,-0.0005696929292753339,0.0008199672889003812,-0.0006892144632786312,-0.0001921627301726403,-0.00048196735491501386,0.0008626909194280589
gmat_d03_critical_700km_i63p4_may_24h_g20,numerical_gravity_2x0,EarthMJ2000Eq,74400.0,2026-05-10T17:48:00Z,0.0010309122444596142,0.00256560224443092,-0.002885631602111971,0.0039964940479766805,-0.0033874478777562445,-0.0010885576884334114,-0.002240231111727553,0.0042045685152599
gmat_d03_critical_700km_i63p4_may_24h_g20,numerical_gravity_2x0,EarthMJ2000Eq,74460.0,2026-05-10T17:49:00Z,0.00010987878340529278,0.00038997313822619617,-0.0004733055902761407,0.0006230333677799779,-0.0005468800967634024,-0.00020017854041043392,-0.00030304203590958423,0.0006564935367579988
gmat_d03_critical_700km_i63p4_may_24h_g20,numerical_gravity_2x0,EarthMJ2000Eq,74520.0,2026-05-10T17:50:00Z,0.0006456457413150929,0.0025712033675517887,-0.0033487567634438165,0.004271079142476604,-0.003749787147455663,-0.0015292060950855557,-0.0019625012726010027,0.004500087352200072
gmat_d03_critical_700km_i63p4_may_24h_g20,numerical_gravity_2x0,EarthMJ2000Eq,74580.0,2026-05-10T17:51:00Z,0.00039180122257675976,0.002325451532669831,-0.003252802343922667,0.004017705329841638,-0.0035664136088797704,-0.0015989893853429749,-0.0016338779218472155,0.004236228292661068
gmat_d03_critical_700km_i63p4_may_24h_g20,numerical_gravity_2x0,EarthMJ2000Eq,74640.0,2026-05-10T17:52:00Z,9.323684935225174e-05,0.0013416279216471594,-0.00202158116735518,0.0024280545723738465,-0.0021745200085021565,-0.001065142640754857,-0.000844708303304742,0.002564487907985223
gmat_d03_critical_700km_i63p4_may_24h_g20,numerical_gravity_2x0,EarthMJ2000Eq,74700.0,2026-05-10T17:53:00Z,-2.5072949938476086e-05,0.0014163774721964728,-0.0022811432245362084,0.002685212879347136,-0.002410427246690716,-0.0012669185700531216,-0.0008009966023792003,0.0028384569279376877
gmat_d03_critical_700km_i63p4_may_24h_g20,numerical_gravity_2x0,EarthMJ2000Eq,74760.0,2026-05-10T17:54:00Z,-0.0001726048139971681,0.0013072976798866875,-0.0022794549749960424,0.002633388431030698,-0.002361418227625478,-0.0013388965491856197,-0.0006285647558001983,0.0027864015624847003
gmat_d03_critical_700km_i63p4_may_24h_g20,numerical_gravity_2x0,EarthMJ2000Eq,74820.0,2026-05-10T17:55:00Z,-0.00031384934118250385,0.0012275486369617283,-0.002317643293281435,0.0026413722759125995,-0.002356265738079344,-0.0014300627348973194,-0.0004772893191784533,0.0027972974007764045
gmat_d03_critical_700km_i63p4_may_24h_g20,numerical_gravity_2x0,EarthMJ2000Eq,74880.0,2026-05-10T17:56:00Z,-0.0004546609488897957,0.0011392253327358048,-0.0023416012027155375,0.0026434158071993188,-0.0023358612821766656,-0.0015132011199625595,-0.00032091307389237045,0.0028016086022181986
gmat_d03_critical_700km_i63p4_may_24h_g20,numerical_gravity_2x0,EarthMJ2000Eq,74940.0,2026-05-10T17:57:00Z,-0.0005939582479186356,0.0010460826160851866,-0.002356111679091555,0.002645437106471789,-0.0023057780129676075,-0.0015905157191298258,-0.0001624913537057182,0.0028058431777120106
gmat_d03_critical_700km_i63p4_may_24h_g20,numerical_gravity_2x0,EarthMJ2000Eq,75000.0,2026-05-10T17:58:00Z,-0.000731162799638696,0.000948487468122039,-0.002361072077405879,0.0026474306169313984,-0.002266050014299026,-0.00166161706616208,-2.689404254851979e-06,0.0028099752978915913
gmat_d03_critical_700km_i63p4_may_24h_g20,numerical_gravity_2x0,EarthMJ2000Eq,75060.0,2026-05-10T17:59:00Z,-0.0008656943464302458,0.0008468214218737558,-0.0023564197704217804,0.002649386222584434,-0.0022167698787711743,-0.0017261450047101334,0.00015781864703967585,0.002813992181592967
gmat_d03_critical_700km_i63p4_may_24h_g20,numerical_gravity_2x0,EarthMJ2000Eq,75120.0,2026-05-10T18:00:00Z,-0.0009969844541046768,0.0007414882929879241,-0.0023421338255502633,0.002651296616214651,-0.002158069722923983,-0.0017837638033313397,0.0003183275865126234,0.0028178734335330313
gmat_d03_critical_700km_i63p4_may_24h_g20,numerical_gravity_2x0,EarthMJ2000Eq,75180.0,2026-05-10T18:01:00Z,-0.001124481059378013,0.0006329146344796754,-0.0023182344648375874,0.0026531584237280774,-0.002090137840582429,-0.0018341657082032725,0.0004781357532124275,0.0028216048334739233
gmat_d03_critical_700km_i63p4_may_24h_g20,numerical_gravity_2x0,EarthMJ2000Eq,75240.0,2026-05-10T18:02:00Z,-0.0012440696082194336,0.0005214078555582091,-0.0022803649244451663,0.002649460233816102,-0.002009709287875694,-0.0018727899231407719,0.0006337721458749002,0.0028192092243886978
gmat_d03_critical_700km_i63p4_may_24h_g20,numerical_gravity_2x0,EarthMJ2000Eq,75300.0,2026-05-10T18:03:00Z,-0.0013983171811560169,0.0004099574653082527,-0.002283732101204805,0.0027090198176741697,-0.0019611308132994054,-0.0019511205984201752,0.0008156870734410404,0.0028841378362052497
gmat_d03_critical_700km_i63p4_may_24h_g20,numerical_gravity_2x0,EarthMJ2000Eq,75360.0,2026-05-10T18:04:00Z,-0.0013280969142215326,0.00028433260013116524,-0.0019985923245258164,0.002416414227883045,-0.0016815508985246197,-0.0017596435419875434,0.0008363505443753638,0.0025736046806501558
gmat_d03_critical_700km_i63p4_may_24h_g20,numerical_gravity_2x0,EarthMJ2000Eq,75420.0,2026-05-10T18:05:00Z,-0.0020988800315535627,0.0002059314283542335,-0.0027854116524395067,0.003493740576171059,-0.002256977715830999,-0.0025734109287967044,0.0014645697987702988,0.0037230843280374546
gmat_d03_critical_700km_i63p4_may_24h_g20,numerical_gravity_2x0,EarthMJ2000Eq,75480.0,2026-05-10T18:06:00Z,-0.0020750262592628133,0.00010132043826160952,-0.002589250470919069,0.0033196713405086306,-0.0020550832147137044,-0.002454057040912616,0.001509473435135078,0.003538964966035873
gmat_d03_critical_700km_i63p4_may_24h_g20,numerical_gravity_2x0,EarthMJ2000Eq,75540.0,2026-05-10T18:07:00Z,-7.53516360418871e-05,3.7216523196548223e-06,-6.513619155157357e-05,9.967167702020818e-05,-4.687450427809381e-05,-7.73976160939327e-05,5.5220716888015886e-05,0.00010600442303020769
gmat_d03_critical_700km_i63p4_may_24h_g20,numerical_gravity_2x0,EarthMJ2000Eq,75600.0,2026-05-10T18:08:00Z,-0.0021361065591918305,-0.00024107521312544122,-0.0021114205992489588,0.0030131653518415927,-0.0015229772998281987,-0.002220002626174278,0.0017591448298048817,0.003215969845667389
gmat_d03_critical_700km_i63p4_may_24h_g20,numerical_gravity_2x0,EarthMJ2000Eq,75660.0,2026-05-10T18:09:00Z,-0.0023528737074229866,-0.000320133040077053,-0.002241667971247807,0.0032655129979452884,-0.00158656376925137,-0.0023983460772925014,0.001969478802266167,0.003485411776668751
gmat_d03_critical_700km_i63p4_may_24h_g20,numerical_gravity_2x0,EarthMJ2000Eq,75720.0,2026-05-10T18:10:00Z,-0.0004046273716085125,-0.0001004409568849951,-0.00029016791813774034,0.0005079459778275413,-0.00017059154089338335,-0.0003634741396751906,0.0003639977208536038,0.0005419495039425878
gmat_d03_critical_700km_i63p4_may_24h_g20,numerical_gravity_2x0,EarthMJ2000Eq,75780.0,2026-05-10T18:11:00Z,-0.0008789211278781295,-0.00021933828975306824,-0.0006613245204789564,0.001121588942424579,-0.00040303671511310313,-0.000801163357877499,0.0007926050926698736,0.001196881010234906
gmat_d03_critical_700km_i63p4_may_24h_g20,numerical_gravity_2x0,EarthMJ2000Eq,75840.0,2026-05-10T18:12:00Z,-0.0004163280209468212,-9.742871043272316e-05,-0.0003115128492936492,0.000529019498617138,-0.0001879829625295315,-0.0003816207350126888,0.0003689626382197275,0.0005631211308369324
gmat_d03_critical_700km_i63p4_may_24h_g20,numerical_gravity_2x0,EarthMJ2000Eq,75900.0,2026-05-10T18:13:00Z,-0.0024095174921967555,-0.0008688894013175741,-0.0014291717889136635,0.00293313404725233,-0.0006935252372386458,-0.0019732264711080916,0.0023357511480526227,0.003135336247772758
gmat_d03_critical_700km_i63p4_may_24h_g20,numerical_gravity_2x0,EarthMJ2000Eq,75960.0,2026-05-10T18:14:00Z,-0.0027797495931736194,-0.001049909769790247,-0.0015772275219205767,0.0033640697051865076,-0.0007229994380963944,-0.002235732488031772,0.0027227478049951515,0.0035964682057727628
gmat_d03_critical_700km_i63p4_may_24h_g20,numerical_gravity_2x0,EarthMJ2000Eq,76020.0,2026-05-10T18:15:00Z,-7.98778501120978e-05,-2.7244823286309838e-05,-3.100012690993026e-05,8.9909728076915e-05,-2.5925928071046656e-06,-6.301270616404508e-05,7.000666712997372e-05,9.422449850345015e-05
gmat_d03_critical_700km_i63p4_may_24h_g20,numerical_gravity_2x0,EarthMJ2000Eq,76080.0,2026-05-10T18:16:00Z,-0.0026609594669935177,-0.0012891055121144745,-0.0010541189112700522,0.003139054791723698,-0.00020029933267551314,-0.0018842643001448778,0.002772664764449928,0.0033583093472002988
gmat_d03_critical_700km_i63p4_may_24h_g20,numerical_gravity_2x0,EarthMJ2000Eq,76140.0,2026-05-10T18:17:00Z,-0.002393146530721424,-0.0011684705896186642,-0.0009333734851679765,0.0028219957298200133,-0.00016372148081700288,-0.0016879404540759424,0.002498076412393857,0.003019326657045503
gmat_d03_critical_700km_i63p4_may_24h_g20,numerical_gravity_2x0,EarthMJ2000Eq,76200.0,2026-05-10T18:18:00Z,-0.0019981729337814613,-0.0011374040695955046,-0.0005175625119591132,0.0023567464956194702,0.00014692691507889322,-0.0012626353296241177,0.002179040059502313,0.0025227070925704885
gmat_d03_critical_700km_i63p4_may_24h_g20,numerical_gravity_2x0,EarthMJ2000Eq,76260.0,2026-05-10T18:19:00Z,-0.003827642103715334,-0.002258526819787221,-0.0008776805771049112,0.004530133625541275,0.0004014069077129534,-0.002345885707910611,0.004227437511161725,0.0048513436459311126
gmat_d03_critical_700km_i63p4_may_24h_g20,numerical_gravity_2x0,EarthMJ2000Eq,76320.0,2026-05-10T18:20:00Z,-0.0005216099907556782,-0.0003076534085266758,-0.00011130123311886564,0.0006157236122872017,6.819877995667412e-05,-0.0003239897239382117,0.0005695348637146935,0.0006587794591452074
gmat_d03_critical_700km_i63p4_may_24h_g20,numerical_gravity_2x0,EarthMJ2000Eq,76380.0,2026-05-10T18:21:00Z,-0.001740837205943535,-0.0012027726370433811,-0.00011329302651574835,0.0021189647245470323,0.0004950910792445029,-0.0009095648678680845,0.0020194453886901442,0.00226948961299876
gmat_d03_critical_700km_i63p4_may_24h_g20,numerical_gravity_2x0,EarthMJ2000Eq,76440.0,2026-05-10T18:22:00Z,-0.0031800861961528426,-0.002261057943542255,-0.00011267911759205163,0.003903591656738536,0.0010021432572671074,-0.0015988383950116258,0.0037317690326776898,0.004181707239238713
gmat_d03_critical_700km_i63p4_may_24h_g20,numerical_gravity_2x0,EarthMJ2000Eq,76500.0,2026-05-10T18:23:00Z,-0.002699499873415334,-0.0020569336811604444,0.00012512282410170883,0.0033961642269438107,0.0010908776104656681,-0.001232373314508095,0.0032451130116406546,0.003638614627251206
gmat_d03_critical_700km_i63p4_may_24h_g20,numerical_gravity_2x0,EarthMJ2000Eq,76560.0,2026-05-10T18:24:00Z,-0.0030644469006801955,-0.0024990772544697393,0.0004040921339765191,0.0039748600457925765,0.0015209931092385887,-0.0012467333831978067,0.003777453683184717,0.004258746352594493
gmat_d03_critical_700km_i63p4_may_24h_g20,numerical_gravity_2x0,EarthMJ2000Eq,76620.0,2026-05-10T18:25:00Z,-0.0005585288818110712,-0.0004462797278392827,5.803849489893764e-05,0.0007172785889649598,0.0002681828092931937,-0.00024572788248633515,0.000678016531807657,0.0007694222695218089
gmat_d03_critical_700km_i63p4_may_24h_g20,numerical_gravity_2x0,EarthMJ2000Eq,76680.0,2026-05-10T18:26:00Z,-0.0014661059140053112,-0.0013688595572602935,0.00046942477638367563,0.002060000645453069,0.0010315188703202693,-0.0004432880729154931,0.001900932966591995,0.002207732238948414
gmat_d03_critical_700km_i63p4_may_24h_g20,numerical_gravity_2x0,EarthMJ2000Eq,76740.0,2026-05-10T18:27:00Z,-0.002980068529723212,-0.0028902265967190033,0.0011286756489425898,0.0043021072676938865,0.0022746382555283162,-0.0007883338426495357,0.003930189063083844,0.004608886580570556
gmat_d03_critical_700km_i63p4_may_24h_g20,numerical_gravity_2x0,EarthMJ2000Eq,76800.0,2026-05-10T18:28:00Z,-0.00044342823457554914,-0.00043046031805715756,0.00016237299860222265,0.0006389754888223295,0.0003431690487332162,-0.00012954437522694207,0.0005798490576580662,0.0006861280280154328
gmat_d03_critical_700km_i63p4_may_24h_g20,numerical_gravity_2x0,EarthMJ2000Eq,76860.0,2026-05-10T18:29:00Z,-0.001302521468460327,-0.0014829503243163344,0.0008408078429056332,0.002145381473976503,0.0013756240591078495,-0.0001496127666200664,0.0018352963593315508,0.002298486079685433
gmat_d03_critical_700km_i63p4_may_24h_g20,numerical_gravity_2x0,EarthMJ2000Eq,76920.0,2026-05-10T18:30:00Z,-0.002293633770023007,-0.002687420675329122,0.0016080966815934516,0.0038818759246694442,0.0025495303646039247,-0.00018177193084056853,0.003277893512176888,0.004156649130255074
gmat_d03_critical_700km_i63p4_may_24h_g20,numerical_gravity_2x0,EarthMJ2000Eq,76980.0,2026-05-10T18:31:00Z,-0.0018358769011683762,-0.0023354190830104926,0.0015802643247297965,0.0033647974122593014,0.0023578001773216783,2.1808332917316875e-05,0.0027229463128719544,0.0036019625070710746
gmat_d03_critical_700km_i63p4_may_24h_g20,numerical_gravity_2x0,EarthMJ2000Eq,77040.0,2026-05-10T18:32:00Z,-0.002011631295317784,-0.002801865548462956,0.0021225732780294493,0.004049991153147153,0.0030002862416722564,0.00024988189295527263,0.003116310764994523,0.004333076421714196
gmat_d03_critical_700km_i63p4_may_24h_g20,numerical_gravity_2x0,EarthMJ2000Eq,77100.0,2026-05-10T18:33:00Z,-0.0003708491931320168,-0.000547789340998861,0.0004274006641935557,0.0007875745132441291,0.0006026761312227791,5.951505954726599e-05,0.000585924198048815,0.0008426551651284873
gmat_d03_critical_700km_i63p4_may_24h_g20,numerical_gravity_2x0,EarthMJ2000Eq,77160.0,2026-05-10T18:34:00Z,-0.0006369846232701093,-0.0010614378425088944,0.0009389541446580552,0.0015537163800266249,0.0012437850749336121,0.0002261959508587097,0.00107709929864086,0.001660815709205907
gmat_d03_critical_700km_i63p4_may_24h_g20,numerical_gravity_2x0,EarthMJ2000Eq,77220.0,2026-05-10T18:35:00Z,-0.0005485626388690434,-0.0010253670552629046,0.0009836512617766857,0.001523111411412952,0.001259773174666634,0.0002943183474712896,0.000987293802268141,0.0016273907930380348
gmat_d03_critical_700km_i63p4_may_24h_g20,numerical_gravity_2x0,EarthMJ2000Eq,77280.0,2026-05-10T18:36:00Z,-0.0004739240466733463,-0.0010088886028825073,0.0010437115633976646,0.0015270212973666918,0.0012968426332804484,0.0003645750368264089,0.0009191056804525033,0.0016307884672178681
gmat_d03_critical_700km_i63p4_may_24h_g20,numerical_gravity_2x0,EarthMJ2000Eq,77340.0,2026-05-10T18:37:00Z,-0.0003950981408706866,-0.0009847269666352076,0.0010964113243971951,0.0015257481876130353,0.001324323539719785,0.0004324913760456184,0.0008434621889819027,0.0016285914443014602
gmat_d03_critical_700km_i63p4_may_24h_g20,numerical_gravity_2x0,EarthMJ2000Eq,77400.0,2026-05-10T18:38:00Z,-0.0003149471012875438,-0.000956790245254524,0.0011446750249888282,0.0015247688883423655,0.001346371236721211,0.0004983649048995176,0.0007647811273159277,0.0016266447855030704
gmat_d03_critical_700km_i63p4_may_24h_g20,numerical_gravity_2x0,EarthMJ2000Eq,77460.0,2026-05-10T18:39:00Z,-0.00023364646040135995,-0.0009249706636182964,0.0011881284081027843,0.0015237488346684345,0.0013626770822838807,0.0005619087417585433,0.0006831681886865226,0.0016246073490784176
gmat_d03_critical_700km_i63p4_may_24h_g20,numerical_gravity_2x0,EarthMJ2000Eq,77520.0,2026-05-10T18:40:00Z,-0.0001515400072094053,-0.000889413058757782,0.0012266041267139371,0.0015226876391911642,0.0013732083248285676,0.0006228519922046871,0.0005989981843868009,0.001622480980619037
gmat_d03_critical_700km_i63p4_may_24h_g20,numerical_gravity_2x0,EarthMJ2000Eq,77580.0,2026-05-10T18:41:00Z,-6.897789717186242e-05,-0.000850285232445458,0.0012599621186382137,0.0015215937260702592,0.0013779579144390652,0.0006809610653135678,0.0005126512547803941,0.0016202738334819087
gmat_d03_critical_700km_i63p4_may_24h_g20,numerical_gravity_2x0,EarthMJ2000Eq,77640.0,2026-05-10T18:42:00Z,1.3698809198103845e-05,-0.0008077595339273103,0.0012880852864327608,0.0015204692785941052,0.001376950747866701,0.0007359934883766073,0.00042452441562090826,0.001617992817178651
gmat_d03_critical_700km_i63p4_may_24h_g20,numerical_gravity_2x0,EarthMJ2000Eq,77700.0,2026-05-10T18:43:00Z,9.614632290322334e-05,-0.0007620305950695183,0.0013108760867908131,0.0015193192087740517,0.0013702390888603588,0.0007877449803572745,0.00033500846541301144,0.0016156509482612047
gmat_d03_critical_700km_i63p4_may_24h_g20,numerical_gravity_2x0,EarthMJ2000Eq,77760.0,2026-05-10T18:44:00Z,0.0001780135789886117,-0.0007133007784432266,0.0013282651707413606,0.0015181486088774786,0.0013578952406945177,0.0008360290237874324,0.0002444942026613717,0.0016132580167012372
gmat_d03_critical_700km_i63p4_may_24h_g20,numerical_gravity_2x0,EarthMJ2000Eq,77820.0,2026-05-10T18:45:00Z,0.0002589786163298413,-0.0006617806320718955,0.0013402027434494812,0.0015169597628978536,0.0013400200948865404,0.0008806568807528947,0.00015337775494117523,0.0016108181561020308
gmat_d03_critical_700km_i63p4_may_24h_g20,numerical_gravity_2x0,EarthMJ2000Eq,77880.0,2026-05-10T18:46:00Z,0.00033870674087665975,-0.0006076975296309683,0.001346665897017374,0.001515759737565449,0.001316735387391077,0.0009214780050115223,6.205080893550985e-05,0.001608342033591579
gmat_d03_critical_700km_i63p4_may_24h_g20,numerical_gravity_2x0,EarthMJ2000Eq,77940.0,2026-05-10T18:47:00Z,0.00041688326746225357,-0.000551283847016748,0.0013476523434974297,0.0015145535241798832,0.0012881899991157297,0.0009583533966406321,-2.9103830456733704e-05,0.0016058398860476952
gmat_d03_critical_700km_i63p4_may_24h_g20,numerical_gravity_2x0,EarthMJ2000Eq,78000.0,2026-05-10T18:48:00Z,0.0004931434887112118,-0.0004927642294205725,0.0013431098295768606,0.0015132584381263828,0.0012544858485341592,0.0009911049758670742,-0.00011968115387617217,0.0016032303003480429
gmat_d03_critical_700km_i63p4_may_24h_g20,numerical_gravity_2x0,EarthMJ2000Eq,78060.0,2026-05-10T18:49:00Z,0.0005677011358784512,-0.0004325484042055905,0.001333939849246235,0.0015128708547214316,0.0012165299878574842,0.001020368678439354,-0.00020962254154710536,0.0016015739324868122
gmat_d03_critical_700km_i63p4_may_24h_g20,numerical_gravity_2x0,EarthMJ2000Eq,78120.0,2026-05-10T18:50:00Z,0.0006375248631229624,-0.0003699933586176485,0.0013155322449165396,0.0015079648947957211,0.0011705760805114096,0.001042147035335006,-0.00029692426295468977,0.0015951435112409736
gmat_d03_critical_700km_i63p4_may_24h_g20,numerical_gravity_2x0,EarthMJ2000Eq,78180.0,2026-05-10T18:51:00Z,0.0007126800483092666,-0.000308777998725418,0.001305708110521664,0.0015192532289375021,0.0011318599391074713,0.0010711926901052493,-0.00038745096020420533,0.0016058265621337973
gmat_d03_critical_700km_i63p4_may_24h_g20,numerical_gravity_2x0,EarthMJ2000Eq,78240.0,2026-05-10T18:52:00Z,0.001084956238628365,-0.0003374861989868805,0.0017919855963555165,0.0021218480981896083,0.0015098979844196947,0.0015183221346859455,-0.0006601972302178183,0.0022407486273161525
gmat_d03_critical_700km_i63p4_may_24h_g20,numerical_gravity_2x0,EarthMJ2000Eq,78300.0,2026-05-10T18:53:00Z,0.0011669162631733343,-0.00024395103537244722,0.0017383090380462818,0.00210782446723419,0.0014224879052449069,0.001525288451098561,-0.0007727019024628135,0.0022241953443194553
gmat_d03_critical_700km_i63p4_may_24h_g20,numerical_gravity_2x0,EarthMJ2000Eq,78360.0,2026-05-10T18:54:00Z,0.0012508635336416773,-0.00015244313544826582,0.0016903632058529183,0.0021083705217634775,0.001340640487512701,0.00153646451117595,-0.0008854463828811276,0.0022230734148513216
gmat_d03_critical_700km_i63p4_may_24h_g20,numerical_gravity_2x0,EarthMJ2000Eq,78420.0,2026-05-10T18:55:00Z,0.0013285707609611563,-6.008667696733028e-05,0.0016337944543920457,0.002106654930175344,0.0012521841341595064,0.0015399373165525532,-0.0009935989808695922,0.0022195970308902836
gmat_d03_critical_700km_i63p4_may_24h_g20,numerical_gravity_2x0,EarthMJ2000Eq,78480.0,2026-05-10T18:56:00Z,0.0014009410733706318,3.226978151360527e-05,0.0015710402294644155,0.0021051946780408213,0.001159381923798719,0.0015375380413296114,-0.0010974554598419672,0.0022164381697001743
gmat_d03_critical_700km_i63p4_may_24h_g20,numerical_gravity_2x0,EarthMJ2000Eq,78540.0,2026-05-10T18:57:00Z,0.0014676152204629034,0.00012429609341779724,0.0015021932995296083,0.0021037891204502782,0.0010624718882468187,0.0015291846122700292,-0.0011965965995841543,0.002213390050093874
gmat_d03_critical_700km_i63p4_may_24h_g20,numerical_gravity_2x0,EarthMJ2000Eq,78600.0,2026-05-10T18:58:00Z,0.0015283635548257735,0.00021564937924267724,0.0014275492503657006,0.0021024501593871615,0.0009618537077926703,0.0015149627108357322,-0.0012906991031513826,0.0022104702543334622
gmat_d03_critical_700km_i63p4_may_24h_g20,numerical_gravity_2x0,EarthMJ2000Eq,78660.0,2026-05-10T18:59:00Z,0.0015829709809622727,0.0003059767550439574,0.0013474145816871896,0.002101177040646303,0.0008579306154388178,0.001494972590165844,-0.0013794601017025343,0.0022076906845035077
gmat_d03_critical_700km_i63p4_may_24h_g20,numerical_gravity_2x0,EarthMJ2000Eq,78720.0,2026-05-10T19:00:00Z,0.0016312551451846957,0.00039493534131906927,0.0012621230780496262,0.0020999814134081795,0.000751117390507261,0.0014693428695977673,-0.0014626246880311555,0.0022050888373937394
gmat_d03_critical_700km_i63p4_may_24h_g20,numerical_gravity_2x0,EarthMJ2000Eq,78780.0,2026-05-10T19:01:00Z,0.0016727553884265944,0.0004820512913283892,0.0011718821042450145,0.0020985213135041774,0.0006417630871169422,0.001437995500452871,-0.0015396297570191564,0.002202305770779216
gmat_d03_critical_700km_i63p4_may_24h_g20,numerical_gravity_2x0,EarthMJ2000Eq,78840.0,2026-05-10T19:02:00Z,0.0017111776742240181,0.0005687379598384723,0.001078788045560941,0.0021012795023435463,0.0005307603245796599,0.001403825056200958,-0.0016141123992952089,0.0022040395069335902
gmat_d03_critical_700km_i63p4_may_24h_g20,numerical_gravity_2x0,EarthMJ2000Eq,78900.0,2026-05-10T19:03:00Z,0.0017283082343055867,0.0006466498234658502,0.0009748036973178387,0.0020869709138513263,0.00041601211364650226,0.0013539138699059095,-0.0016676851011254712,0.0021879950736553543
gmat_d03_critical_700km_i63p4_may_24h_g20,numerical_gravity_2x0,EarthMJ2000Eq,78960.0,2026-05-10T19:04:00Z,0.0019738146193049033,0.0008218421498895623,0.000983542122412473,0.002353449336033493,0.0003404618809099702,0.0014729071295960239,-0.0019478938462214046,0.002465696684694768
gmat_d03_critical_700km_i63p4_may_24h_g20,numerical_gravity_2x0,EarthMJ2000Eq,79020.0,2026-05-10T19:05:00Z,0.003106437702626863,0.0014319466572487727,0.001337808498647064,0.0036728950445881117,0.000318530091192315,0.002196200554749339,-0.0031410110068463837,0.003845869009834633
gmat_d03_critical_700km_i63p4_may_24h_g20,numerical_gravity_2x0,EarthMJ2000Eq,79080.0,2026-05-10T19:06:00Z,0.0013240749581200362,0.0006246514203667175,0.0005381480150390416,0.0015597971591771777,0.0001028759299970261,0.0009251244215136012,-0.001341380784225521,0.001632709729420114
gmat_d03_critical_700km_i63p4_may_24h_g20,numerical_gravity_2x0,EarthMJ2000Eq,79140.0,2026-05-10T19:07:00Z,0.0004892547451618157,0.0002826568561431486,0.00010629446478560567,0.0005749466212024731,-5.739142494576299e-05,0.0002987112779351264,-0.0005178060202837287,0.0006005374908072057
gmat_d03_critical_700km_i63p4_may_24h_g20,numerical_gravity_2x0,EarthMJ2000Eq,79200.0,2026-05-10T19:08:00Z,0.00338848838055128,0.0019494700609357096,0.0008407514542341232,0.003998643523923145,-0.0002921147768120136,0.002055255965416336,-0.003631897671496631,0.004183310748968336
gmat_d03_critical_700km_i63p4_may_24h_g20,numerical_gravity_2x0,EarthMJ2000Eq,79260.0,2026-05-10T19:09:00Z,0.0012284257309147506,0.0007249959708133247,0.00026899215299636126,0.001451552862434783,-0.00014369483380960446,0.0007341256491599779,-0.0013213719007865166,0.0015184243063802358
gmat_d03_critical_700km_i63p4_may_24h_g20,numerical_gravity_2x0,EarthMJ2000Eq,79320.0,2026-05-10T19:10:00Z,0.0005496008270711172,0.0003890049811161589,1.1888005246873945e-05,0.0006734443326060357,-0.0001773701185925347,0.0002771596285811029,-0.0006222048432036331,0.0007038582851617237
gmat_d03_critical_700km_i63p4_may_24h_g20,numerical_gravity_2x0,EarthMJ2000Eq,79380.0,2026-05-10T19:11:00Z,0.0029855095817765687,0.0020599763956852257,0.0001923626768984832,0.0036323234455543116,-0.0008250395922004827,0.0015140235731792018,-0.0033852001757317396,0.003799018022938936
gmat_d03_critical_700km_i63p4_may_24h_g20,numerical_gravity_2x0,EarthMJ2000Eq,79440.0,2026-05-10T19:12:00Z,0.0024411883714492433,0.0018046548575512134,-3.60951162292622e-05,0.00303603074378337,-0.0008753273661454841,0.0011357768059383488,-0.0028330802426257407,0.003175300082194915
gmat_d03_critical_700km_i63p4_may_24h_g20,numerical_gravity_2x0,EarthMJ2000Eq,79500.0,2026-05-10T19:13:00Z,0.002796721219056053,0.0022136964616947807,-0.0002747219696175307,0.0035773696708935325,-0.001244164771208034,0.0011728298332513987,-0.003328402442548395,0.0037418897117956007
gmat_d03_critical_700km_i63p4_may_24h_g20,numerical_gravity_2x0,EarthMJ2000Eq,79560.0,2026-05-10T19:14:00Z,0.0011828938113467302,0.0009464758932153927,-0.00013189128367230296,0.0015206740926539774,-0.0005458424823245878,0.0004961906441280917,-0.00140996481157174,0.0015912730566125508
gmat_d03_critical_700km_i63p4_may_24h_g20,numerical_gravity_2x0,EarthMJ2000Eq,79620.0,2026-05-10T19:15:00Z,0.00046580862544942647,0.00044472994886746164,-0.00016628655430395156,0.0006651418052603671,-0.0003375246748760219,0.0001425251028308594,-0.0005924065682449964,0.000696549964601912
gmat_d03_critical_700km_i63p4_may_24h_g20,numerical_gravity_2x0,EarthMJ2000Eq,79680.0,2026-05-10T19:16:00Z,0.0026809507289726753,0.0024961968847492244,-0.0008613260433776304,0.003763027803725534,-0.0018149979297277241,0.0008010374585865065,-0.0034019396188966766,0.003938155871165274
gmat_d03_critical_700km_i63p4_may_24h_g20,numerical_gravity_2x0,EarthMJ2000Eq,79740.0,2026-05-10T19:17:00Z,0.0016672952369845007,0.0016559372397750849,-0.0006992158887442201,0.002451714585431489,-0.0013026300038632144,0.00041447290044516194,-0.0021723334242551573,0.0025666447394028335
gmat_d03_critical_700km_i63p4_may_24h_g20,numerical_gravity_2x0,EarthMJ2000Eq,79800.0,2026-05-10T19:18:00Z,0.001045435965352226,0.0011181998615938937,-0.000562991772312671,0.0016310325023776522,-0.0009499077080477036,0.00019824231145548765,-0.0014066627862518999,0.0017088958019977735
gmat_d03_critical_700km_i63p4_may_24h_g20,numerical_gravity_2x0,EarthMJ2000Eq,79860.0,2026-05-10T19:19:00Z,0.0011317097232677042,0.0012777303481925628,-0.0007166581781348214,0.0018512051978963524,-0.0011399396981914833,0.00015548184961744482,-0.001562505236307743,0.0019403761837753183
gmat_d03_critical_700km_i63p4_may_24h_g20,numerical_gravity_2x0,EarthMJ2000Eq,79920.0,2026-05-10T19:20:00Z,0.0010276189641444944,0.001250079151304817,-0.0007928492777864449,0.0018020290223198022,-0.0011850627146259285,6.541256425407482e-05,-0.0014708745332825401,0.0018900064375070257
gmat_d03_critical_700km_i63p4_may_24h_g20,numerical_gravity_2x0,EarthMJ2000Eq,79980.0,2026-05-10T19:21:00Z,0.0009582590791978873,0.0012554189225966184,-0.000881350388226565,0.0018086225811113697,-0.0012551071293387395,-1.5348611270837864e-05,-0.0014238477064054678,0.0018981232249306117
gmat_d03_critical_700km_i63p4_may_24h_g20,numerical_gravity_2x0,EarthMJ2000Eq,80040.0,2026-05-10T19:22:00Z,0.0008810475264908746,0.0012520317795861047,-0.0009650702850194648,0.0018097483184290537,-0.0013178067526098403,-9.755840579828146e-05,-0.0013659273712107733,0.0019004972673457778
gmat_d03_critical_700km_i63p4_may_24h_g20,numerical_gravity_2x0,EarthMJ2000Eq,80100.0,2026-05-10T19:23:00Z,0.0008002198228496127,0.00124371251786215,-0.001045152203005273,0.0018109433230819923,-0.001375719982377177,-0.00017972823229683854,-0.0013025349687723065,0.0019030252368981025
gmat_d03_critical_700km_i63p4_may_24h_g20,numerical_gravity_2x0,EarthMJ2000Eq,80160.0,2026-05-10T19:24:00Z,0.0007160597306210548,0.0012304708434385248,-0.0011212705430807546,0.0018121941576856554,-0.001428591911434296,-0.0002615649918880081,-0.001233848578863217,0.00190569499394831
gmat_d03_critical_700km_i63p4_may_24h_g20,numerical_gravity_2x0,EarthMJ2000Eq,80220.0,2026-05-10T19:25:00Z,0.0006288919394137338,0.001212336201206199,-0.0011931124390685,0.0018134997734972644,-0.001476173849823681,-0.00034275959848173443,-0.0011600640448250488,0.0019084868260877464
gmat_d03_critical_700km_i63p4_may_24h_g20,numerical_gravity_2x0,EarthMJ2000Eq,80280.0,2026-05-10T19:26:00Z,0.0005390329533838667,0.0011893575901922304,-0.0012603809409483802,0.0018148520927302938,-0.001518231762531741,-0.00042300563052322104,-0.001081406075797986,0.0019113870746103167
gmat_d03_critical_700km_i63p4_may_24h_g20,numerical_gravity_2x0,EarthMJ2000Eq,80340.0,2026-05-10T19:27:00Z,0.00044682110456051305,0.0011616002666414715,-0.001322788648394635,0.0018162417480236269,-0.0015545471576672298,-0.0005019868964950547,-0.0009981153681337673,0.0019143777050960465
gmat_d03_critical_700km_i63p4_may_24h_g20,numerical_gravity_2x0,EarthMJ2000Eq,80400.0,2026-05-10T19:28:00Z,0.0003526010914356448,0.0011291504051769152,-0.0013800654414808378,0.0018176602515218567,-0.0015849193069072953,-0.0005793880930582418,-0.000910461039893562,0.001917445977583002
gmat_d03_critical_700km_i63p4_may_24h_g20,numerical_gravity_2x0,EarthMJ2000Eq,80460.0,2026-05-10T19:29:00Z,0.0002570277501945384,0.0010867042874451727,-0.0014229040061763953,0.0018087689967252927,-0.001599483656633538,-0.0006497371529690099,-0.0008156462172337342,0.0019093939057915127
gmat_d03_critical_700km_i63p4_may_24h_g20,numerical_gravity_2x0,EarthMJ2000Eq,80520.0,2026-05-10T19:30:00Z,0.0001570060703670606,0.001100121153285727,-0.0015612708921253216,0.0019163726820836861,-0.0017133439111916005,-0.0007748806041263379,-0.0007495435383475524,0.002024303046618045
gmat_d03_critical_700km_i63p4_may_24h_g20,numerical_gravity_2x0,EarthMJ2000Eq,80580.0,2026-05-10T19:31:00Z,7.486323738703504e-05,0.0007722969712631311,-0.0011277302292000968,0.0013688763954375048,-0.0012292684092862771,-0.0005773204136971799,-0.0004994173963268622,0.0014470029087374355
gmat_d03_critical_700km_i63p4_may_24h_g20,numerical_gravity_2x0,EarthMJ2000Eq,80640.0,2026-05-10T19:32:00Z,-9.437644621357322e-05,0.0020484903870965354,-0.0033866447211039485,0.0039591138208705315,-0.0035571081358209966,-0.001900411383815026,-0.001110156411243679,0.004182945012199313
gmat_d03_critical_700km_i63p4_may_24h_g20,numerical_gravity_2x0,EarthMJ2000Eq,80700.0,2026-05-10T19:33:00Z,-8.665938366902992e-05,0.0008221281859732699,-0.0013966978258395102,0.0016230124520946875,-0.0014603375175781252,-0.0008049787503239259,-0.00040815528734583495,0.0017167315434591605
gmat_d03_critical_700km_i63p4_may_24h_g20,numerical_gravity_2x0,EarthMJ2000Eq,80760.0,2026-05-10T19:34:00Z,-9.48775777942501e-05,0.0002363722160225734,-0.00045990486796654295,0.0005257243259112606,-0.00046929160557596106,-0.0002956666023123944,-6.38706865174754e-05,0.0005583303819274325
gmat_d03_critical_700km_i63p4_may_24h_g20,numerical_gravity_2x0,EarthMJ2000Eq,80820.0,2026-05-10T19:35:00Z,-0.0001628350219107233,0.00038161169868544675,-0.0007738558451819699,0.0008780635524018514,-0.0007786229438977443,-0.0005023936822112773,-9.698730707441428e-05,0.0009316971817191154
gmat_d03_critical_700km_i63p4_may_24h_g20,numerical_gravity_2x0,EarthMJ2000Eq,80880.0,2026-05-10T19:36:00Z,-9.214545571012422e-05,0.00019579692889237776,-0.0003900147476088023,0.0004460254765414987,-0.0003957334460125139,-0.00025804824943520543,-4.2451375747987186e-05,0.00047433741011268553
gmat_d03_critical_700km_i63p4_may_24h_g20,numerical_gravity_2x0,EarthMJ2000Eq,80940.0,2026-05-10T19:37:00Z,-0.0011552874639164656,0.00137888673634734,-0.003552963981690027,0.003982407665112125,-0.0033932590071117374,-0.0025167761208422235,6.991118794985596e-05,0.0042253113856835596
gmat_d03_critical_700km_i63p4_may_24h_g20,numerical_gravity_2x0,EarthMJ2000Eq,81000.0,2026-05-10T19:38:00Z,-0.0005238362064119428,0.0005386646080296487,-0.0014518121247419913,0.0016347239450866455,-0.0013767471607195603,-0.0010545768702741043,8.310507837450132e-05,0.0017362233652148931
gmat_d03_critical_700km_i63p4_may_24h_g20,numerical_gravity_2x0,EarthMJ2000Eq,81060.0,2026-05-10T19:39:00Z,-9.707673598313704e-05,7.365815690718591e-05,-0.0001979260559892282,0.0002324309368125388,-0.0001890367862245057,-0.00015762591232260093,3.203748377700322e-05,0.0002482080481136409
gmat_d03_critical_700km_i63p4_may_24h_g20,numerical_gravity_2x0,EarthMJ2000Eq,81120.0,2026-05-10T19:40:00Z,-0.0017907359506352805,0.0009262330422643572,-0.0035705033951671794,0.0041003825904883905,-0.0032039535469152725,-0.0028423701170510185,0.0008134808382465053,0.004359602881833368
gmat_d03_critical_700km_i63p4_may_24h_g20,numerical_gravity_2x0,EarthMJ2000Eq,81180.0,2026-05-10T19:41:00Z,-0.00055670716392342,0.0002882852641050704,-0.0010863811894523678,0.0012542947614734463,-0.000977110836686279,-0.0008726870337483206,0.00025359891964171766,0.0013344064815810994
gmat_d03_critical_700km_i63p4_may_24h_g20,numerical_gravity_2x0,EarthMJ2000Eq,81240.0,2026-05-10T19:42:00Z,-0.0020091129044885747,0.0005150741344550624,-0.0031642234716855455,0.003783404050023322,-0.0027002053926139524,-0.002728791193007396,0.0012199867782669571,0.004028123418725199
gmat_d03_critical_700km_i63p4_may_24h_g20,numerical_gravity_2x0,EarthMJ2000Eq,81300.0,2026-05-10T19:43:00Z,-0.0009205523383570835,0.0002084179868688807,-0.0013868725545762572,0.0016775786561416563,-0.0011736469573975228,-0.0012179580677340596,0.0005755174115051886,0.0017866419132866495
gmat_d03_critical_700km_i63p4_may_24h_g20,numerical_gravity_2x0,EarthMJ2000Eq,81360.0,2026-05-10T19:44:00Z,-0.00017475940694566816,2.134402166120708e-05,-0.0002066740307782311,0.0002714969108015723,-0.000167361235980934,-0.0002035250301624103,0.00011995116011576101,0.0002895177058916999
gmat_d03_critical_700km_i63p4_may_24h_g20,numerical_gravity_2x0,EarthMJ2000Eq,81420.0,2026-05-10T19:45:00Z,-0.0024755181584623642,4.957928467774764e-05,-0.0029634857128257863,0.0038617218735259294,-0.002328603976309296,-0.002849427790940773,0.001847229036400222,0.004117510209724946
gmat_d03_critical_700km_i63p4_may_24h_g20,numerical_gravity_2x0,EarthMJ2000Eq,81480.0,2026-05-10T19:46:00Z,-0.0027387509362597484,-0.00010620533430483192,-0.003022749751835363,0.004080325027019195,-0.002302773083329157,-0.0030115271665298593,0.002137856114359238,0.004352296923896141
gmat_d03_critical_700km_i63p4_may_24h_g20,numerical_gravity_2x0,EarthMJ2000Eq,81540.0,2026-05-10T19:47:00Z,-0.0027192281777388416,-0.00027451915229903534,-0.002728759227466071,0.003862083578726528,-0.0019952359764374705,-0.00284051449028766,0.002222164674492433,0.004121590107199722
gmat_d03_critical_700km_i63p4_may_24h_g20,numerical_gravity_2x0,EarthMJ2000Eq,81600.0,2026-05-10T19:48:00Z,-0.0002651236172823701,-3.500736056594178e-05,-0.00022595031623495743,0.00035009940465724845,-0.00015447643164634428,-0.0002603195436989836,0.00021821300322244497,0.0003731570011954666
gmat_d03_critical_700km_i63p4_may_24h_g20,numerical_gravity_2x0,EarthMJ2000Eq,81660.0,2026-05-10T19:49:00Z,-0.003055144588870462,-0.0006411455615307204,-0.002534320628910791,0.00402091496305229,-0.001670789728791533,-0.0028980731148209316,0.0026942199582435933,0.004295251713238852
gmat_d03_critical_700km_i63p4_may_24h_g20,numerical_gravity_2x0,EarthMJ2000Eq,81720.0,2026-05-10T19:50:00Z,-0.00300669671560172,-0.0007733533493592404,-0.0022649101083516143,0.0038429309571586957,-0.0013976029222817488,-0.002725589087759772,0.0027356579224147026,0.004106817998421157
gmat_d03_critical_700km_i63p4_may_24h_g20,numerical_gravity_2x0,EarthMJ2000Eq,81780.0,2026-05-10T19:51:00Z,-0.00031398235478263814,-9.077302820514888e-05,-0.0001976031853700988,0.00038193151301351504,-0.00010445155851357413,-0.00027006707981058753,0.0002870894633133503,0.0004077581582493235
gmat_d03_critical_700km_i63p4_may_24h_g20,numerical_gravity_2x0,EarthMJ2000Eq,81840.0,2026-05-10T19:52:00Z,-0.0032235127491730964,-0.001119594344345387,-0.0019636618162621744,0.003937066632483851,-0.0009970806402748167,-0.0026637567707155085,0.0031047147075469184,0.004210584680540423
gmat_d03_critical_700km_i63p4_may_24h_g20,numerical_gravity_2x0,EarthMJ2000Eq,81900.0,2026-05-10T19:53:00Z,-0.00021951723283564206,-7.720427674939856e-05,-0.00011164229363203049,0.00025809362174923216,-4.277822540643683e-05,-0.00017741585978114927,0.00020651791388104357,0.0002756011840043262
gmat_d03_critical_700km_i63p4_may_24h_g20,numerical_gravity_2x0,EarthMJ2000Eq,81960.0,2026-05-10T19:54:00Z,-0.0003739218072951189,-0.0001567268554936163,-0.00016680769476806745,0.00043841262782634544,-4.7696069316316425e-05,-0.000283236989417901,0.00037036995692574237,0.00046869180939709116
gmat_d03_critical_700km_i63p4_may_24h_g20,numerical_gravity_2x0,EarthMJ2000Eq,82020.0,2026-05-10T19:55:00Z,-0.003312467356408888,-0.001560692453494994,-0.0013605595086119138,0.0039063183559644755,-0.00031308378112271384,-0.0023694162187837264,0.0034309599605819585,0.004181344391813956
gmat_d03_critical_700km_i63p4_may_24h_g20,numerical_gravity_2x0,EarthMJ2000Eq,82080.0,2026-05-10T19:56:00Z,-0.00029920232691438287,-0.00014954639482311904,-9.432096703676507e-05,0.0003475379136991013,6.4002136923591024e-06,-0.00020726842464569017,0.0003085833810700933,0.00037178604823616553
gmat_d03_critical_700km_i63p4_may_24h_g20,numerical_gravity_2x0,EarthMJ2000Eq,82140.0,2026-05-10T19:57:00Z,-0.00342847266665558,-0.001894407432700973,-0.000961508703767322,0.004033324104816947,0.00016039880534890472,-0.0022001884758537926,0.003713241270020262,0.004319110769061021
gmat_d03_critical_700km_i63p4_may_24h_g20,numerical_gravity_2x0,EarthMJ2000Eq,82200.0,2026-05-10T19:58:00Z,-0.003253268005209975,-0.00192488778338884,-0.0007078533599269576,0.0038457771739301766,0.000374505759737076,-0.0019725194810860103,0.0035964458078296957,0.004118920989287833
gmat_d03_critical_700km_i63p4_may_24h_g20,numerical_gravity_2x0,EarthMJ2000Eq,82260.0,2026-05-10T19:59:00Z,-0.00033206515581696294,-0.00021027790353400633,-4.1248313209507614e-05,0.0003952030968565788,7.788703015876308e-05,-0.00019377566218281572,0.0003681642768427196,0.0004232733531235618
gmat_d03_critical_700km_i63p4_may_24h_g20,numerical_gravity_2x0,EarthMJ2000Eq,82320.0,2026-05-10T20:00:00Z,-0.0032492566788278054,-0.0021916321202297695,-0.00027598980523180217,0.0039290063232224285,0.0008419185348884639,-0.0017250849637662213,0.0037457694723741497,0.004208982524526701
gmat_d03_critical_700km_i63p4_may_24h_g20,numerical_gravity_2x0,EarthMJ2000Eq,82380.0,2026-05-10T20:01:00Z,-0.0004177611572231399,-0.00030158025765558705,9.613358997739851e-07,0.0005152435933213916,0.00015473222703121792,-0.0002113420549676448,0.000486082035733304,0.0005521623599473441
gmat_d03_critical_700km_i63p4_may_24h_g20,numerical_gravity_2x0,EarthMJ2000Eq,82440.0,2026-05-10T20:02:00Z,-0.0017196707631228492,-0.0013324420251592528,0.00013211229088483378,0.0021794776762685255,0.0007511316013619762,-0.0007599547657832773,0.0020762886410174985,0.0023351026635716923
gmat_d03_critical_700km_i63p4_may_24h_g20,numerical_gravity_2x0,EarthMJ2000Eq,82500.0,2026-05-10T20:03:00Z,-0.003339799150126055,-0.0026808968414115952,0.00040204213291872293,0.004301523464322288,0.001608496447147445,-0.0013814211996532322,0.004092135630351379,0.0046088132277766055
gmat_d03_critical_700km_i63p4_may_24h_g20,numerical_gravity_2x0,EarthMJ2000Eq,82560.0,2026-05-10T20:04:00Z,-0.0005755473466706462,-0.0005143854195921449,0.00015234400052577257,0.0007868009930375054,0.0003759055289265234,-0.00020043078308162876,0.0007283751379816295,0.000843805550535194
gmat_d03_critical_700km_i63p4_may_24h_g20,numerical_gravity_2x0,EarthMJ2000Eq,82620.0,2026-05-10T20:05:00Z,-0.0008778629307926167,-0.0007993062354216818,0.0002546885298215784,0.0012142487514782384,0.0005927089929969043,-0.0002863487225113204,0.0011229919216759754,0.001301695201424961
gmat_d03_critical_700km_i63p4_may_24h_g20,numerical_gravity_2x0,EarthMJ2000Eq,82680.0,2026-05-10T20:06:00Z,-0.000784826170274755,-0.0007678372639929876,0.00031110175768844783,0.0011411881900726178,0.0006219318393618778,-0.00020909229903054438,0.0010326526300730166,0.0012234746653374748
gmat_d03_critical_700km_i63p4_may_24h_g20,numerical_gravity_2x0,EarthMJ2000Eq,82740.0,2026-05-10T20:07:00Z,-0.0007479939085897058,-0.0007790739573465544,0.00037038353184470907,0.0011417683998800662,0.000673701094910939,-0.00015701306921300784,0.0010097864766578368,0.0012240077604447346
gmat_d03_critical_700km_i63p4_may_24h_g20,numerical_gravity_2x0,EarthMJ2000Eq,82800.0,2026-05-10T20:08:00Z,-0.0007362782525888178,-0.0008280923111669836,0.0004612193151842803,0.0012002357259089465,0.0007679537006310966,-9.881695461899653e-05,0.0010272116490739336,0.0012863442186391474
gmat_d03_critical_700km_i63p4_may_24h_g20,numerical_gravity_2x0,EarthMJ2000Eq,82860.0,2026-05-10T20:09:00Z,-0.0005338024493539706,-0.0006195222397309408,0.00036017172533320263,0.0008935751407615566,0.0005891296339655128,-5.915712364412684e-05,0.0007530878143313657,0.000957974189103537
gmat_d03_critical_700km_i63p4_may_24h_g20,numerical_gravity_2x0,EarthMJ2000Eq,82920.0,2026-05-10T20:10:00Z,-0.0011198544598300941,-0.001477635763080798,0.0010555595508776605,0.002133468402621837,0.0015412826570582183,5.908074030003263e-05,0.0016843046957149,0.0022838399836306623
gmat_d03_critical_700km_i63p4_may_24h_g20,numerical_gravity_2x0,EarthMJ2000Eq,82980.0,2026-05-10T20:11:00Z,-0.0021688456399715506,-0.002973487028157251,0.002237142325611785,0.004307008509590706,0.003177144325405834,0.0002339755056368631,0.0033294225154634205,0.004608041328826303
gmat_d03_critical_700km_i63p4_may_24h_g20,numerical_gravity_2x0,EarthMJ2000Eq,83040.0,2026-05-10T20:12:00Z,-0.0002557671905378811,-0.00040374425225309096,0.0003323657438158989,0.0005821453981999206,0.0004618074811446604,5.931344304599406e-05,0.00041452175025824545,0.0006233879334766638
gmat_d03_critical_700km_i63p4_may_24h_g20,numerical_gravity_2x0,EarthMJ2000Eq,83100.0,2026-05-10T20:13:00Z,-0.0007760309017612599,-0.0013249682524474338,0.0012074906408088282,0.0019534068900571933,0.0015815473375369038,0.00031095037655859414,0.0013275434085358029,0.0020881459764822137
gmat_d03_critical_700km_i63p4_may_24h_g20,numerical_gravity_2x0,EarthMJ2000Eq,83160.0,2026-05-10T20:14:00Z,-0.001312999302172102,-0.0024319683689100202,0.0023634565877728164,0.0036365319133990857,0.003007505355867579,0.0007153921899316629,0.002353948147515439,0.0038856075885476083
gmat_d03_critical_700km_i63p4_may_24h_g20,numerical_gravity_2x0,EarthMJ2000Eq,83220.0,2026-05-10T20:15:00Z,-0.0008631886885268614,-0.0018834844013326801,0.0020043667063873727,0.0028827233817587164,0.0024633211026525714,0.0007255787082272036,0.00169789959869604,0.0030785188587790576
gmat_d03_critical_700km_i63p4_may_24h_g20,numerical_gravity_2x0,EarthMJ2000Eq,83280.0,2026-05-10T20:16:00Z,-0.0007741446097497828,-0.0019204844647902064,0.002167338152503362,0.0029974847995614348,0.00260456034517631,0.0008612301982680037,0.0016462342600220836,0.0031993029373512194
gmat_d03_critical_700km_i63p4_may_24h_g20,numerical_gravity_2x0,EarthMJ2000Eq,83340.0,2026-05-10T20:17:00Z,-0.0006659702194156125,-0.0021427667888929136,0.002652481725817779,0.0034742805227166375,0.0030813749329894335,0.0011885195050354014,0.0016795471680097762,0.003705175944685339
gmat_d03_critical_700km_i63p4_may_24h_g20,numerical_gravity_2x0,EarthMJ2000Eq,83400.0,2026-05-10T20:18:00Z,-0.00013259068509796634,-0.000375330273527652,0.00042112060327781364,0.0005794787886593951,0.0005110250000939232,0.00017252421713465083,0.0002992344150243298,0.0006168082289933162
gmat_d03_critical_700km_i63p4_may_24h_g20,numerical_gravity_2x0,EarthMJ2000Eq,83460.0,2026-05-10T20:19:00Z,-5.098718247609213e-05,-0.0006811192179156933,0.0010101903171744198,0.001219429193804991,0.0011072187611205209,0.0005452438500697099,0.00039977710031280367,0.0012973226163721246
gmat_d03_critical_700km_i63p4_may_24h_g20,numerical_gravity_2x0,EarthMJ2000Eq,83520.0,2026-05-10T20:20:00Z,-0.00017065849533537403,-0.0019067006178374868,0.00284961924990057,0.0034329231621893137,0.0031074685047371986,0.0015329950642239965,0.001158141138546398,0.0036534538825147805
gmat_d03_critical_700km_i63p4_may_24h_g20,numerical_gravity_2x0,EarthMJ2000Eq,83580.0,2026-05-10T20:21:00Z,5.577658157562837e-05,-0.0015386326595034916,0.002519841473258566,0.0029529819739200834,0.0026723269153094975,0.0014513172885699532,0.0007799414447617892,0.0031394205948943386
gmat_d03_critical_700km_i63p4_may_24h_g20,numerical_gravity_2x0,EarthMJ2000Eq,83640.0,2026-05-10T20:22:00Z,0.0002085989763145335,-0.0014992965589044616,0.002635036025822046,0.0030388844271940114,0.0027375479105806733,0.0015874004333227276,0.0006385061368519018,0.0032282656001691268
gmat_d03_critical_700km_i63p4_may_24h_g20,numerical_gravity_2x0,EarthMJ2000Eq,83700.0,2026-05-10T20:23:00Z,0.0003753311830223538,-0.0013993962966196705,0.002668792490112537,0.0030367148116382096,0.0027109402500613555,0.0016834738048032705,0.0004537579201269182,0.003223224680493036
gmat_d03_critical_700km_i63p4_may_24h_g20,numerical_gravity_2x0,EarthMJ2000Eq,83760.0,2026-05-10T20:24:00Z,0.0005082265488454141,-0.0012643699847103562,0.0026060807840622147,0.0029408472820338896,0.002594213954765223,0.0017090373560790795,0.0002771454177263877,0.003118904344499703
gmat_d03_critical_700km_i63p4_may_24h_g20,numerical_gravity_2x0,EarthMJ2000Eq,83820.0,2026-05-10T20:25:00Z,0.0008235274435719475,-0.0013319881873030681,0.0030855784984851198,0.0034602289883394633,0.002986938474336398,0.002125632114768905,6.710099142992476e-05,0.0036666900441486537
gmat_d03_critical_700km_i63p4_may_24h_g20,numerical_gravity_2x0,EarthMJ2000Eq,83880.0,2026-05-10T20:26:00Z,0.00011559768609004095,-0.000250200173468329,0.0005038472465912491,0.0005743039262712179,0.0005014149095927678,0.0003361995126738293,4.1020520313850284e-05,0.0006050865284989104
gmat_d03_critical_700km_i63p4_may_24h_g20,numerical_gravity_2x0,EarthMJ2000Eq,83940.0,2026-05-10T20:27:00Z,0.00045893921196693555,-0.0003488148649921641,0.0010666656180546852,0.0012124654844820602,0.0009727503247347613,0.0008126455064427773,-0.00017335821667074924,0.0012793314600604818
gmat_d03_critical_700km_i63p4_may_24h_g20,numerical_gravity_2x0,EarthMJ2000Eq,84000.0,2026-05-10T20:28:00Z,0.0012638174666790292,-0.0009664927347330377,0.003011446892742242,0.0034059000547845865,0.0027439486238733934,0.002284712419253765,-0.00046973713807574313,0.0036013633346326872
gmat_d03_critical_700km_i63p4_may_24h_g20,numerical_gravity_2x0,EarthMJ2000Eq,84060.0,2026-05-10T20:29:00Z,0.0012774471542797983,-0.0006873333404655568,0.00257607734965859,0.0029564290731078128,0.002275891919367723,0.0020436821124292237,-0.000628121554768768,0.0031226362729065336
gmat_d03_critical_700km_i63p4_may_24h_g20,numerical_gravity_2x0,EarthMJ2000Eq,84120.0,2026-05-10T20:30:00Z,0.0013765229596174322,-0.0005843230610480532,0.0025261333576054312,0.0029355746691973944,0.0021866153332439353,0.0020609911555169447,-0.0007589147088538084,0.0030991809714844367
gmat_d03_critical_700km_i63p4_may_24h_g20,numerical_gravity_2x0,EarthMJ2000Eq,84180.0,2026-05-10T20:31:00Z,0.0022560061552212574,-0.0006331074473564513,0.0036389069464348722,0.004328051822368393,0.0030470288514550248,0.0030932216787959987,-0.0014157031102968176,0.00456690491167453
gmat_d03_critical_700km_i63p4_may_24h_g20,numerical_gravity_2x0,EarthMJ2000Eq,84240.0,2026-05-10T20:32:00Z,0.0011841339073725976,-0.00025912595447152853,0.0017749239304976072,0.0021493427669693243,0.0014589600638714728,0.0015474909131896197,-0.0007791474132545773,0.0022650305264957453
gmat_d03_critical_700km_i63p4_may_24h_g20,numerical_gravity_2x0,EarthMJ2000Eq,84300.0,2026-05-10T20:33:00Z,9.298491931986064e-05,-2.3177562979981303e-05,0.0001117359715863131,0.00014720163719520704,9.084466512376821e-05,0.00010768341773825796,-5.515676804179748e-05,0.00015129686281631358
gmat_d03_critical_700km_i63p4_may_24h_g20,numerical_gravity_2x0,EarthMJ2000Eq,84360.0,2026-05-10T20:34:00Z,0.002389865585428197,-4.791309038409963e-05,0.0028514164114312734,0.0037207967872518667,0.002163925927334276,0.002707086277364823,-0.0018231922638278775,0.003915982834866397
gmat_d03_critical_700km_i63p4_may_24h_g20,numerical_gravity_2x0,EarthMJ2000Eq,84420.0,2026-05-10T20:35:00Z,0.001450545823900029,5.61249180464074e-06,0.0016620479073026218,0.0022060185705172785,0.0012429275386693917,0.0016060411889284865,-0.0011215437467626543,0.00231993481434716
gmat_d03_critical_700km_i63p4_may_24h_g20,numerical_gravity_2x0,EarthMJ2000Eq,84480.0,2026-05-10T20:36:00Z,0.0003862705852952786,4.784305929206312e-05,0.00034425329431542195,0.0005196193357004736,0.00023104895774395118,0.0003754861976901225,-0.0003171418683223237,0.0005430952680454194
gmat_d03_critical_700km_i63p4_may_24h_g20,numerical_gravity_2x0,EarthMJ2000Eq,84540.0,2026-05-10T20:37:00Z,0.0007341254786297213,0.00010120947990799323,0.0006678219506284222,0.0009975819439713785,0.00044870063220514567,0.0007182370254099624,-0.0006140394859244225,0.0010460598320771988
gmat_d03_critical_700km_i63p4_may_24h_g20,numerical_gravity_2x0,EarthMJ2000Eq,84600.0,2026-05-10T20:38:00Z,0.0003211612238374073,3.508557711029425e-05,0.0002909491740865633,0.0004347722982430654,0.0001972058072396976,0.00031759461727176586,-0.000259006149860852,0.0004547973801538465
gmat_d03_critical_700km_i63p4_may_24h_g20,numerical_gravity_2x0,EarthMJ2000Eq,84660.0,2026-05-10T20:39:00Z,0.0028582726372405887,0.0007419394023600034,0.0021294090402079746,0.0036406839201023806,0.0012393206461069894,0.0025162660843847107,-0.00259228372101461,0.003819351458235961
gmat_d03_critical_700km_i63p4_may_24h_g20,numerical_gravity_2x0,EarthMJ2000Eq,84720.0,2026-05-10T20:40:00Z,0.0018116234059561975,0.0005032516128267162,0.0012874825188191608,0.0022787831812364147,0.0007215330555254695,0.0015637087180664366,-0.0016567893723618,0.0023897167048719196
gmat_d03_critical_700km_i63p4_may_24h_g20,numerical_gravity_2x0,EarthMJ2000Eq,84780.0,2026-05-10T20:41:00Z,7.836138138372917e-05,1.4139004633761942e-05,4.426328814588487e-05,9.110244904438865e-05,2.1645796266511752e-05,7.027578519114286e-05,-5.9528382223561493e-05,9.460895713618991e-05
gmat_d03_critical_700km_i63p4_may_24h_g20,numerical_gravity_2x0,EarthMJ2000Eq,84840.0,2026-05-10T20:42:00Z,0.0031437475627171807,0.0012140217222622596,0.0017054999261745252,0.0037769997985697785,0.0006975486854798874,0.0024133424147976257,-0.0030581159826681414,0.003957634286177323
gmat_d03_critical_700km_i63p4_may_24h_g20,numerical_gravity_2x0,EarthMJ2000Eq,84900.0,2026-05-10T20:43:00Z,0.0021632663447235245,0.00089590139396023,0.0010702269719331525,0.0025744409795849985,0.0003715845409146823,0.0016071481923063402,-0.002134289633914932,0.002697441866753952
gmat_d03_critical_700km_i63p4_may_24h_g20,numerical_gravity_2x0,EarthMJ2000Eq,84960.0,2026-05-10T20:44:00Z,0.0013792569006909616,0.0006288291842793114,0.0005832735041622072,0.0016241870956766901,0.00013305001544949846,0.0009743277296081487,-0.0013885670391289295,0.0017015096983119913
gmat_d03_critical_700km_i63p4_may_24h_g20,numerical_gravity_2x0,EarthMJ2000Eq,85020.0,2026-05-10T20:45:00Z,0.001385360604899688,0.0006868008313176688,0.000498574081575498,0.001624652425082215,4.2599701544077107e-05,0.0009309206738805642,-0.0014234018408387783,0.0017013232603280046
gmat_d03_critical_700km_i63p4_may_24h_g20,numerical_gravity_2x0,EarthMJ2000Eq,85080.0,2026-05-10T20:46:00Z,0.0013840898986927641,0.0007406770237139426,0.0004119074219488539,0.001622952564118139,-4.729461267061197e-05,0.0008831539943798816,-0.0014506296164285004,0.001698977351890337
gmat_d03_critical_700km_i63p4_may_24h_g20,numerical_gravity_2x0,EarthMJ2000Eq,85140.0,2026-05-10T20:47:00Z,0.0013787869193038205,0.0007922726581455208,0.000324258508044295,0.0016229272669246151,-0.0001367919111316951,0.00083310380816215,-0.0014738184006546362,0.0016985036532882489
gmat_d03_critical_700km_i63p4_may_24h_g20,numerical_gravity_2x0,EarthMJ2000Eq,85200.0,2026-05-10T20:48:00Z,0.001367906975247024,0.0008406750566791743,0.00023527536541223526,0.0016227318143864243,-0.00022574297986466263,0.0007798348633514252,-0.001491284651322644,0.0016979494157150306
gmat_d03_critical_700km_i63p4_may_24h_g20,numerical_gravity_2x0,EarthMJ2000Eq,85260.0,2026-05-10T20:49:00Z,0.0013517162642529001,0.0008857950888341293,0.0001454154698876664,0.001622626099053978,-0.00031377833664691934,0.0007237108690105742,-0.001503183910678274,0.001697579493218205
gmat_d03_critical_700km_i63p4_may_24h_g20,numerical_gravity_2x0,EarthMJ2000Eq,85320.0,2026-05-10T20:50:00Z,0.0013302772003953578,0.0009274667718273122,5.5004420573823154e-05,0.0016226082487828502,-0.0004006057707783839,0.0006649285566595609,-0.0015094901995027499,0.001697402613240937
gmat_d03_critical_700km_i63p4_may_24h_g20,numerical_gravity_2x0,EarthMJ2000Eq,85380.0,2026-05-10T20:51:00Z,0.0013036735708737979,0.000965538220043527,-3.5617631510831416e-05,0.0016226821775794861,-0.0004859321833805552,0.0006036877664428175,-0.0015101891404079026,0.0016974216464990869
gmat_d03_critical_700km_i63p4_may_24h_g20,numerical_gravity_2x0,EarthMJ2000Eq,85440.0,2026-05-10T20:52:00Z,0.0012720015547529329,0.000999863459583139,-0.0001261078068637289,0.001622842590042368,-0.0005694733573591293,0.0005401963321105541,-0.0015052719071206866,0.0016976323207144484
gmat_d03_critical_700km_i63p4_may_24h_g20,numerical_gravity_2x0,EarthMJ2000Eq,85500.0,2026-05-10T20:53:00Z,0.0012353775673545897,0.0010303203907824354,-0.00021613595890812576,0.0016230935260539206,-0.0006509468519766415,0.0004746558701640424,-0.001494758983255906,0.0016980384027470386
gmat_d03_critical_700km_i63p4_may_24h_g20,numerical_gravity_2x0,EarthMJ2000Eq,85560.0,2026-05-10T20:54:00Z,0.0011934948815905955,0.0010563057912804652,-0.00030510454962495714,0.0016227448176708028,-0.0007296696580283424,0.0004072120418641134,-0.0014780863200059002,0.0016979336342374878
gmat_d03_critical_700km_i63p4_may_24h_g20,numerical_gravity_2x0,EarthMJ2000Eq,85620.0,2026-05-10T20:55:00Z,0.0011512092896737158,0.001082931930795894,-0.00039559108699904755,0.0016292687634277755,-0.0008099680925965913,0.00033872726845629586,-0.0014617240751135796,0.0017051163435927396
gmat_d03_critical_700km_i63p4_may_24h_g20,numerical_gravity_2x0,EarthMJ2000Eq,85680.0,2026-05-10T20:56:00Z,0.0010843104973901063,0.0010831856798176887,-0.0004722987796412781,0.001603772617599867,-0.0008677769613996134,0.0002660911491147999,-0.0014123533453869186,0.0016788637010188771
gmat_d03_critical_700km_i63p4_may_24h_g20,numerical_gravity_2x0,EarthMJ2000Eq,85740.0,2026-05-10T20:57:00Z,0.0010788262443384156,0.0011516158338054083,-0.0005872907422599383,0.0016837444907375006,-0.0009863434513590619,0.0002014424183016672,-0.0014474581533363562,0.0017631187020702903
gmat_d03_critical_700km_i63p4_may_24h_g20,numerical_gravity_2x0,EarthMJ2000Eq,85800.0,2026-05-10T20:58:00Z,0.0020426914488780312,0.002312096341938741,-0.0013319195204530843,0.0033604147747993717,-0.0020874431072570587,0.0002518998343248313,-0.002823860700829073,0.0035206620840766223
gmat_d03_critical_700km_i63p4_may_24h_g20,numerical_gravity_2x0,EarthMJ2000Eq,85860.0,2026-05-10T20:59:00Z,0.001770871676853858,0.002162229037594443,-0.0014064016795600764,0.003128767583437477,-0.002074916238825608,8.456613187490802e-05,-0.0025386635016388936,0.003279823349413188
gmat_d03_critical_700km_i63p4_may_24h_g20,numerical_gravity_2x0,EarthMJ2000Eq,85920.0,2026-05-10T21:00:00Z,0.001673894985287916,0.0021994155190441234,-0.001578416231495794,0.003182884045489805,-0.002223478734464379,-5.398259617095391e-05,-0.0024895827621662647,0.0033383819633139764
gmat_d03_critical_700km_i63p4_may_24h_g20,numerical_gravity_2x0,EarthMJ2000Eq,85980.0,2026-05-10T21:01:00Z,0.0015134182831388898,0.002149273029772303,-0.0016836611393955536,0.003121622060492976,-0.002281314692709202,-0.0001865334553485809,-0.002343720773012592,0.0032760064894602854
gmat_d03_critical_700km_i63p4_may_24h_g20,numerical_gravity_2x0,EarthMJ2000Eq,86040.0,2026-05-10T21:02:00Z,0.0014799979908275418,0.002336767806809803,-0.0020245133782736957,0.0034277590718435023,-0.002629207962456803,-0.00038747849373521603,-0.002427898770918091,0.003599662002852371
gmat_d03_critical_700km_i63p4_may_24h_g20,numerical_gravity_2x0,EarthMJ2000Eq,86100.0,2026-05-10T21:03:00Z,0.0008941478881752118,0.0014956185623304918,-0.0013486760508385487,0.002203475078148419,-0.0017264669693872747,-0.00029763391751203017,-0.0015141923270789448,0.002315610621115646
gmat_d03_critical_700km_i63p4_may_24h_g20,numerical_gravity_2x0,EarthMJ2000Eq,86160.0,2026-05-10T21:04:00Z,-6.018126441631466e-06,6.916411621205043e-05,-9.43400664255023e-05,0.0001171321516511571,-0.00011228085128323073,-4.2520653664723795e-05,-3.26325633182023e-05,0.00012441816483809286
gmat_d03_critical_700km_i63p4_may_24h_g20,numerical_gravity_2x0,EarthMJ2000Eq,86220.0,2026-05-10T21:05:00Z,0.0010487010513315909,0.0022871793134982,-0.0024451969693473075,0.0035085540221098687,-0.0029328992567911882,-0.0008222080793984787,-0.0020841799397430805,0.0036907628205483365
gmat_d03_critical_700km_i63p4_may_24h_g20,numerical_gravity_2x0,EarthMJ2000Eq,86280.0,2026-05-10T21:06:00Z,0.0007012331479927525,0.001899037215480348,-0.002223091541964095,0.003006693578929432,-0.002583776526066117,-0.0008678293639263757,-0.001601628163427904,0.003161367064329701
gmat_d03_critical_700km_i63p4_may_24h_g20,numerical_gravity_2x0,EarthMJ2000Eq,86340.0,2026-05-10T21:07:00Z,0.0006669606591458432,0.0020658567336795386,-0.0025318558982689865,0.0033351004264544726,-0.002902478923871854,-0.0010525038618425242,-0.0016784467149477678,0.0035141615867277215
gmat_d03_critical_700km_i63p4_may_24h_g20,numerical_gravity_2x0,EarthMJ2000Eq,86400.0,2026-05-10T21:08:00Z,-7.0021997089497745e-06,1.359148882329464e-05,9.326868166681379e-07,1.5317613191869876e-05,-1.0448530929352273e-05,5.6417093219351955e-06,1.6271428648906294e-06,1.198533589673673e-05
