model,epoch_utc,frame,elapsed_seconds,timestamp_utc,position_x_km,position_y_km,position_z_km,velocity_x_km_s,velocity_y_km_s,velocity_z_km_s,position_magnitude_km,velocity_magnitude_km_s
gmat_j2,2026-06-17T06:30:00Z,EarthMJ2000Eq,0.0,2026-06-17T06:30:00Z,2160.599293531969,-2762.276994340657,-6344.269080876216,-5.447052732731525,3.666955350907003,-3.477070609289579,7249.007771497865,7.430138965099434
gmat_j2,2026-06-17T06:30:00Z,EarthMJ2000Eq,60.0,2026-06-17T06:31:00Z,1829.927870616689,-2537.215979419342,-6540.832496982716,-5.571862991342812,3.832708185918108,-3.073048968437145,7250.420035519717,7.42825276866047
gmat_j2,2026-06-17T06:30:00Z,EarthMJ2000Eq,120.0,2026-06-17T06:32:00Z,1492.395650449129,-2302.642298638408,-6712.811307476613,-5.675680205548014,3.983948634285992,-2.657846060076989,7251.981934805418,7.426260040918681
gmat_j2,2026-06-17T06:30:00Z,EarthMJ2000Eq,180.0,2026-06-17T06:33:00Z,1149.273227345464,-2059.443311434373,-6859.582195421282,-5.758151118222917,4.120132671168337,-2.233052708328667,7253.688964922985,7.424171463974587
gmat_j2,2026-06-17T06:30:00Z,EarthMJ2000Eq,240.0,2026-06-17T06:34:00Z,801.8499028267017,-1808.537231217674,-6980.618221701095,-5.819005478455397,4.240776089386202,-1.800289596324645,7255.535882380366,7.421997657587774
gmat_j2,2026-06-17T06:30:00Z,EarthMJ2000Eq,300.0,2026-06-17T06:35:00Z,451.4286967394402,-1550.869496871248,-7075.490421403321,-5.858056271132519,4.345455770543773,-1.36120076938649,7257.516708071411,7.419749097111409
gmat_j2,2026-06-17T06:30:00Z,EarthMJ2000Eq,360.0,2026-06-17T06:36:00Z,99.32135412490956,-1287.409075718288,-7143.869012134967,-5.875199632229719,4.433810700146929,-0.9174471998565464,7259.624737007365,7.417436040021797
gmat_j2,2026-06-17T06:30:00Z,EarthMJ2000Eq,420.0,2026-06-17T06:37:00Z,-253.1566338676319,-1019.14471297853,-7185.524218562924,-5.870414468416262,4.505542738107228,-0.4707004325221497,7261.852554466911,7.415068461793074
gmat_j2,2026-06-17T06:30:00Z,EarthMJ2000Eq,480.0,2026-06-17T06:38:00Z,-604.6909778183679,-747.0811420487883,-7200.326718480984,-5.843761798654652,4.560417155953521,-0.02263632561381689,7264.1920586071365,7.41265600166148
gmat_j2,2026-06-17T06:30:00Z,EarthMJ2000Eq,540.0,2026-06-17T06:39:00Z,-953.9734904414993,-472.2352692772816,-7188.247716500617,-5.795383834085385,4.598262951567323,0.4250711010593812,7266.634489486233,7.410207918614071
gmat_j2,2026-06-17T06:30:00Z,EarthMJ2000Eq,600.0,2026-06-17T06:40:00Z,-1299.706924791418,-195.6323458827675,-7149.358652006009,-5.725502810662614,4.618972951408763,0.8707557027056022,7269.170464373466,7.407733057727283
gmat_j2,2026-06-17T06:30:00Z,EarthMJ2000Eq,660.0,2026-06-17T06:41:00Z,-1640.609732638201,81.69785793927308,-7083.830548928797,-5.634419587938743,4.622503708915585,1.312765120090028,7271.7900190225455,7.40523982679907
gmat_j2,2026-06-17T06:30:00Z,EarthMJ2000Eq,720.0,2026-06-17T06:42:00Z,-1975.420738384855,358.7248720456009,-6991.93301368732,-5.522512022537557,4.608875206897485,1.7494665706018,7274.4826548254105,7.402736182890716
gmat_j2,2026-06-17T06:30:00Z,EarthMJ2000Eq,780.0,2026-06-17T06:43:00Z,-2302.903699232227,634.4213138513102,-6874.032891874572,-5.390233129410028,4.57817036988274,2.179252494386479,7277.237391344313,7.400229628825809
gmat_j2,2026-06-17T06:30:00Z,EarthMJ2000Eq,840.0,2026-06-17T06:44:00Z,-2621.851760176973,907.7666506091977,-6730.592586194209,-5.238109030628064,4.530534390218736,2.600546078961182,7280.042823063185,7.397727217632609
gmat_j2,2026-06-17T06:30:00Z,EarthMJ2000Eq,900.0,2026-06-17T06:45:00Z,-2931.091773964374,1177.750910774817,-6562.168049646388,-5.06673670387403,4.466173872737857,3.011806634423734,7282.887182088736,7.39523556697617
gmat_j2,2026-06-17T06:30:00Z,EarthMJ2000Eq,960.0,2026-06-17T06:46:00Z,-3229.488465331301,1443.378325898514,-6369.406468375293,-4.876781540400754,4.385355802713914,3.411534801878627,7285.758402442572,7.392760878969317
gmat_j2,2026-06-17T06:30:00Z,EarthMJ2000Eq,1020.0,2026-06-17T06:47:00Z,-3515.948480666641,1703.670938344263,-6153.043615473097,-4.668974687379497,4.28840632821222,3.798277658231358,7288.644189338311,7.3903089675777816
gmat_j2,2026-06-17T06:30:00Z,EarthMJ2000Eq,1080.0,2026-06-17T06:48:00Z,-3789.424236483838,1957.672099083414,-5913.900923851923,-4.444110217298817,4.175709371885078,4.170633609102068,7291.5320906320785,7.387885291700214
gmat_j2,2026-06-17T06:30:00Z,EarthMJ2000Eq,1140.0,2026-06-17T06:49:00Z,-4048.917597910481,2204.449881285424,-5652.88227031211,-4.203042108000755,4.04770506713862,4.527257115604376,7294.409568688716,7.385494991058998
gmat_j2,2026-06-17T06:30:00Z,EarthMJ2000Eq,1200.0,2026-06-17T06:50:00Z,-4293.483394178967,2443.10041694757,-5370.970460353475,-3.946681017428481,3.904888008463047,4.866863268098239,7297.264075622421,7.383142927123427
gmat_j2,2026-06-17T06:30:00Z,EarthMJ2000Eq,1260.0,2026-06-17T06:51:00Z,-4522.232705781156,2672.751095857259,-5069.223471122943,-3.675990900576698,3.747805338212042,5.188232119236368,7300.08312732305,7.380833725083451
gmat_j2,2026-06-17T06:30:00Z,EarthMJ2000Eq,1320.0,2026-06-17T06:52:00Z,-4734.33596302872,2892.563663504844,-4748.770419617606,-3.391985431537885,3.577054649898628,5.49021282979298,7302.854377330196,7.378571816588227
gmat_j2,2026-06-17T06:30:00Z,EarthMJ2000Eq,1380.0,2026-06-17T06:53:00Z,-4929.025815979397,3101.737179096482,-4410.807301124213,-3.095724266441628,3.393281726253573,5.771727569779172,7305.5656913363955,7.376361484316706
gmat_j2,2026-06-17T06:30:00Z,EarthMJ2000Eq,1440.0,2026-06-17T06:54:00Z,-5105.599771285612,3299.510828743404,-4056.59250663125,-2.78830915058958,3.197178112965934,6.031775165003454,7308.20521731591,7.374206902877248
gmat_j2,2026-06-17T06:30:00Z,EarthMJ2000Eq,1500.0,2026-06-17T06:55:00Z,-5263.42260743883,3485.166605614861,-3687.442102627156,-2.470879851819056,2.989478516089891,6.269434500987618,7310.761456484445,7.372112180539729
gmat_j2,2026-06-17T06:30:00Z,EarthMJ2000Eq,1560.0,2026-06-17T06:56:00Z,-5401.928522541677,3658.031808607778,-3304.724948116774,-2.144609983942729,2.770958060991544,6.483867613320339,7313.223328884536,7.370081396162815
gmat_j2,2026-06-17T06:30:00Z,EarthMJ2000Eq,1620.0,2026-06-17T06:57:00Z,-5520.623040165306,3817.481385633024,-2909.857612667315,-1.810702687169222,2.542429392173112,6.674322495125577,7315.580237223605,7.368118633982958
gmat_j2,2026-06-17T06:30:00Z,EarthMJ2000Eq,1680.0,2026-06-17T06:58:00Z,-5619.084647639536,3962.94009312326,-2504.299145086389,-1.470386208986349,2.304739640636535,6.840135578511159,7317.822125954042,7.366228013516339
gmat_j2,2026-06-17T06:30:00Z,EarthMJ2000Eq,1740.0,2026-06-17T06:59:00Z,-5696.96616780823,4093.884471294718,-2089.545700403317,-1.124909393075446,2.058767263887515,6.980733885247787,7319.939536330448,7.364413715030608
gmat_j2,2026-06-17T06:30:00Z,EarthMJ2000Eq,1800.0,2026-06-17T07:00:00Z,-5753.99585764402,4209.844626052402,-1667.125048663519,-0.7755370985572321,1.805418773364171,7.09563683115535,7321.923656606109,7.3626799997081696
gmat_j2,2026-06-17T06:30:00Z,EarthMJ2000Eq,1860.0,2026-06-17T07:01:00Z,-5789.978230467081,4310.405811552595,-1238.5909860384,-0.4235455699215036,1.545625363455274,7.18445767402252,7323.7663671259115,7.361031224208837
gmat_j2,2026-06-17T06:30:00Z,EarthMJ2000Eq,1920.0,2026-06-17T07:02:00Z,-5804.79459942473,4395.209807942851,-805.5176699687373,-0.07021777957499173,1.280339457853266,7.246904596931746,7325.4602800083085,7.359471849320093
gmat_j2,2026-06-17T06:30:00Z,EarthMJ2000Eq,1980.0,2026-06-17T07:03:00Z,-5798.403341264829,4463.956089818807,-369.4939003845048,0.2831612344512953,1.010531189950444,7.282781421762133,7326.998773184208,7.358006442489862
gmat_j2,2026-06-17T06:30:00Z,EarthMJ2000Eq,2040.0,2026-06-17T07:04:00Z,-5770.839880798231,4516.40278196129,67.88263072586182,0.6353090127763038,0.7371848347444019,7.291987950663505,7328.376018619219,7.356639674125251
gmat_j2,2026-06-17T06:30:00Z,EarthMJ2000Eq,2100.0,2026-06-17T07:05:00Z,-5722.216397804515,4552.36739997928,505.0110991320564,0.9849502781646163,0.4612952101681291,7.274519936413352,7329.587004596067,7.355376307617166
gmat_j2,2026-06-17T06:30:00Z,EarthMJ2000Eq,2160.0,2026-06-17T07:06:00Z,-5652.721259620433,4571.727374586061,940.2932949618447,1.330821475540085,0.183864066268073,7.230468685838511,7330.627552062277,7.354221183205914
gmat_j2,2026-06-17T06:30:00Z,EarthMJ2000Eq,2220.0,2026-06-17T07:07:00Z,-5562.618183135118,4574.420359202489,1372.139336962958,1.671675229082803,-0.09410352149882831,7.16002030284893,7331.4943247657775,7.353179195524641
gmat_j2,2026-06-17T06:30:00Z,EarthMJ2000Eq,2280.0,2026-06-17T07:08:00Z,-5452.245135057224,4560.444322249093,1798.973321439045,2.006284686869447,-0.371602729603909,7.063454584062033,7332.184834027206,7.35225526587066
gmat_j2,2026-06-17T06:30:00Z,EarthMJ2000Eq,2340.0,2026-06-17T07:09:00Z,-5322.012967451784,4529.85742432365,2219.238920764208,2.333447761910868,-0.6476325406599619,6.941143571028547,7332.6974366777,7.351454307748872
gmat_j2,2026-06-17T06:30:00Z,EarthMJ2000Eq,2400.0,2026-06-17T07:10:00Z,-5172.403817194352,4482.77768702947,2631.404839132927,2.651991195740804,-0.9211992110843221,6.793549793327585,7333.031328643577,7.350781188636374
gmat_j2,2026-06-17T06:30:00Z,EarthMJ2000Eq,2460.0,2026-06-17T07:11:00Z,-5003.969252048189,4419.382452516252,3033.970199717246,2.960774502038733,-1.191319698132151,6.621224196335642,7333.1865317762495,7.350240685393979
gmat_j2,2026-06-17T06:30:00Z,EarthMJ2000Eq,2520.0,2026-06-17T07:12:00Z,-4817.32818525206,4339.907638448431,3425.469789970449,3.258693733530739,-1.457024997084303,6.424803782786407,7333.163876301083,7.3498374361877925
gmat_j2,2026-06-17T06:30:00Z,EarthMJ2000Eq,2580.0,2026-06-17T07:13:00Z,-4613.164591708566,4244.646805459352,3804.479113114414,3.544685035149648,-1.717363351973925,6.205009013874633,7332.964978466336,7.349575888674287
gmat_j2,2026-06-17T06:30:00Z,EarthMJ2000Eq,2640.0,2026-06-17T07:14:00Z,-4392.224977570924,4133.950017654794,4169.619353254051,3.817728068519131,-1.971403413146403,5.962640929071284,7332.592212382787,7.3494602435525955
gmat_j2,2026-06-17T06:30:00Z,EarthMJ2000Eq,2700.0,2026-06-17T07:15:00Z,-4155.315693196007,4008.222537451178,4519.562082899153,4.076849182652928,-2.218237226192959,5.698578090129542,7332.048679668753,7.349494397512698
gmat_j2,2026-06-17T06:30:00Z,EarthMJ2000Eq,2760.0,2026-06-17T07:16:00Z,-3903.300029667887,3867.92332886907,4853.033835750834,4.321124429861304,-2.456983138756786,5.413773294624712,7331.338173250322,7.349681882100139
gmat_j2,2026-06-17T06:30:00Z,EarthMJ2000Eq,2820.0,2026-06-17T07:17:00Z,-3637.095144802856,3713.563391639734,5168.820464959426,4.549682373815312,-2.686788574068362,5.109250116708698,7330.465139065781,7.350025802637558
gmat_j2,2026-06-17T06:30:00Z,EarthMJ2000Eq,2880.0,2026-06-17T07:18:00Z,-3357.668853863751,3545.703948690228,5465.771257618854,4.761706677650333,-2.906832653623604,4.786099323241307,7329.4346347161445,7.350528776359094
gmat_j2,2026-06-17T06:30:00Z,EarthMJ2000Eq,2940.0,2026-06-17T07:19:00Z,-3066.036232044743,3364.954457624859,5742.802875977691,4.956438532699472,-3.116328725511983,4.445475110732943,7328.252284851973,7.351192870141914
gmat_j2,2026-06-17T06:30:00Z,EarthMJ2000Eq,3000.0,2026-06-17T07:20:00Z,-2763.256101340139,3171.970488596997,5998.903040842599,5.133178876514563,-3.314526743668782,4.088591249908025,7326.924235690878,7.352019540345045
gmat_j2,2026-06-17T06:30:00Z,EarthMJ2000Eq,3060.0,2026-06-17T07:21:00Z,-2450.42738636367,2967.451461304342,6233.133985345002,5.291290431640179,-3.500715525135258,3.716717122960594,7325.457107259671,7.353009573773069
gmat_j2,2026-06-17T06:30:00Z,EarthMJ2000Eq,3120.0,2026-06-17T07:22:00Z,-2128.685342663971,2752.138243408665,6444.635676223846,5.430199573741391,-3.674224891389186,3.331173657377629,7323.857944974229,7.354163031832495
gmat_j2,2026-06-17T06:30:00Z,EarthMJ2000Eq,3180.0,2026-06-17T07:23:00Z,-1799.197695889329,2526.810635765586,6632.628775662514,5.549398021688434,-3.834427680672439,2.9333291996144,7322.134170694906,7.355479198171727
gmat_j2,2026-06-17T06:30:00Z,EarthMJ2000Eq,3240.0,2026-06-17T07:24:00Z,-1463.160667497744,2292.284729163785,6796.417365276468,5.648444374931234,-3.980741656711227,2.524595295336472,7320.293533834655,7.356956531025816
gmat_j2,2026-06-17T06:30:00Z,EarthMJ2000Eq,3300.0,2026-06-17T07:25:00Z,-1121.794921954236,2049.410155830479,6935.391408450078,5.726965492144266,-4.112631303273526,2.106422410982566,7318.344062842808,7.358592620764253
gmat_j2,2026-06-17T06:30:00Z,EarthMJ2000Eq,3360.0,2026-06-17T07:26:00Z,-776.3414332222644,1799.067234787625,7049.02895565419,5.784657723525708,-4.229609516189559,1.680295585085518,7316.294017730233,7.360384153768387
gmat_j2,2026-06-17T06:30:00Z,EarthMJ2000Eq,3420.0,2026-06-17T07:27:00Z,-428.0572819165049,1542.164018901561,7136.898086592847,5.821288000597886,-4.331239195452282,1.247730011700092,7314.151843939871,7.362326883277065
gmat_j2,2026-06-17T06:30:00Z,EarthMJ2000Eq,3480.0,2026-06-17T07:28:00Z,-78.21139119843195,1279.633249282272,7198.658585264431,5.836694787376679,-4.417134741028493,0.8102665523879786,7311.926128017378,7.364415607996988
gmat_j2,2026-06-17T06:30:00Z,EarthMJ2000Eq,3540.0,2026-06-17T07:29:00Z,271.9197902847064,1012.429222765893,7234.06334347436,5.830788894631715,-4.4869634545942,0.3694671716937307,7309.625555447986,7.366644159153054
gmat_j2,2026-06-17T06:30:00Z,EarthMJ2000Eq,3600.0,2026-06-17T07:30:00Z,621.0566502020072,741.5245780931112,7242.959488018176,5.803554156737293,-4.540446847942231,-0.07308971053144012,7307.258870995937,7.369005396588934
gmat_j2,2026-06-17T06:30:00Z,EarthMJ2000Eq,3660.0,2026-06-17T07:31:00Z,967.9208107720411,467.9070063950933,7225.289226317138,5.755047968123036,-4.577361857037365,-0.5158139576039371,7304.834841835491,7.371491214436648
gmat_j2,2026-06-17T06:30:00Z,EarthMJ2000Eq,3720.0,2026-06-17T07:32:00Z,1311.239554769356,192.5758917931863,7181.090404841696,5.685401673715544,-4.597541958698788,-0.9571085531954552,7302.36222373289,7.374092556788482
gmat_j2,2026-06-17T06:30:00Z,EarthMJ2000Eq,3780.0,2026-06-17T07:33:00Z,1649.750270665804,-83.46111219920789,7110.496774055673,5.59482080489857,-4.60087818470766,-1.395374545444537,7299.849730416891,7.376799443628605
gmat_j2,2026-06-17T06:30:00Z,EarthMJ2000Eq,3840.0,2026-06-17T07:34:00Z,1982.204906635341,-359.1915635370368,7013.737953463311,5.483585150162329,-4.587320025903295,-1.829016103857298,7297.306006401069,7.379601007324417
gmat_j2,2026-06-17T06:30:00Z,EarthMJ2000Eq,3900.0,2026-06-17T07:35:00Z,2307.374422752081,-633.6017625870942,6891.139089949337,5.352048646975357,-4.556876216561369,-2.256445693587896,7294.739603121673,7.382485539489038
gmat_j2,2026-06-17T06:30:00Z,EarthMJ2000Eq,3960.0,2026-06-17T07:36:00Z,2624.053233982071,-905.6803287852011,6743.120201084728,5.20063907764613,-4.509615386923084,-2.676089374721149,7292.158958703327,7.385440548498705
gmat_j2,2026-06-17T06:30:00Z,EarthMJ2000Eq,4020.0,2026-06-17T07:37:00Z,2931.063624583272,-1174.421808773415,6570.195198114699,5.029857553516432,-4.445666570026059,-3.086392216730664,7289.572380984176,7.388452826946193
gmat_j2,2026-06-17T06:30:00Z,EarthMJ2000Eq,4080.0,2026-06-17T07:38:00Z,3227.260127391075,-1438.830312434856,6372.970579712615,4.840277765857074,-4.365219546777285,-3.485823832753762,7286.988034003637,7.3915085290629925
gmat_j2,2026-06-17T06:30:00Z,EarthMJ2000Eq,4140.0,2026-06-17T07:39:00Z,3511.533849711568,-1697.923163548534,6152.143790694968,4.632544984049323,-4.26852501188114,-3.872884020253296,7284.41392758343,7.394593257281212
gmat_j2,2026-06-17T06:30:00Z,EarthMJ2000Eq,4200.0,2026-06-17T07:40:00Z,3782.816731181085,-1950.734554720622,5908.50123932992,4.407374779755516,-4.15589454203159,-4.246108496168088,7281.857909891391,7.397692157351763
gmat_j2,2026-06-17T06:30:00Z,EarthMJ2000Eq,4260.0,2026-06-17T07:41:00Z,4040.085716311276,-2196.319193972439,5642.915968169242,4.165551456470014,-4.027700347138489,-4.60407470769414,7279.327662687918,7.400790021130706
gmat_j2,2026-06-17T06:30:00Z,EarthMJ2000Eq,4320.0,2026-06-17T07:42:00Z,4282.366823474926,-2433.755929410138,5356.344974547988,3.907926164776352,-3.884374785235579,-4.945407694784604,7276.8306989446455,7.403871396043582
gmat_j2,2026-06-17T06:30:00Z,EarthMJ2000Eq,4380.0,2026-06-17T07:43:00Z,4508.739090925488,-2662.151337225144,5049.826178503578,3.635414685421665,-3.726409622187846,-5.268785974990968,7274.374362474705,7.406920700100359
gmat_j2,2026-06-17T06:30:00Z,EarthMJ2000Eq,4440.0,2026-06-17T07:44:00Z,4718.338379446028,-2880.643257174394,4724.475037784307,3.348994864862275,-3.554355018404589,-5.572947415963381,7271.965829176091,7.409922341214157
gmat_j2,2026-06-17T06:30:00Z,EarthMJ2000Eq,4500.0,2026-06-17T07:45:00Z,4910.361010372883,-3088.404258639497,4381.480811918897,3.049703691291807,-3.36881822653017,-5.856695055874574,7269.612109472298,7.412860839486091
gmat_j2,2026-06-17T06:30:00Z,EarthMJ2000Eq,4560.0,2026-06-17T07:46:00Z,5084.067217327764,-3284.6450197085,4022.102479311562,2.73863400272275,-3.170461986145566,-6.1189028277927,7267.320051427963,7.415720950954992
gmat_j2,2026-06-17T06:30:00Z,EarthMJ2000Eq,4620.0,2026-06-17T07:47:00Z,5238.784388627239,-3468.61759972734,3647.664316855203,2.416930825691206,-2.960002606042921,-6.35852113852199,7265.096344311028,7.418487791523838
gmat_j2,2026-06-17T06:30:00Z,EarthMJ2000Eq,4680.0,2026-06-17T07:48:00Z,5373.910080520156,-3639.618589171204,3259.551146119228,2.08578734112974,-2.738207723388471,-6.574582254406248,7262.9475216556475,7.421146959115881
gmat_j2,2026-06-17T06:30:00Z,EarthMJ2000Eq,4740.0,2026-06-17T07:49:00Z,5488.914776629385,-3796.992114599065,2859.203264162591,1.746440488962191,-2.505893739138733,-6.766205436771538,7260.879963835369,7.4236846529158225
gmat_j2,2026-06-17T06:30:00Z,EarthMJ2000Eq,4800.0,2026-06-17T07:50:00Z,5583.34436921435,-3940.132673887328,2448.111093334478,1.400166239605334,-2.263922941536186,-6.932601766686388,7258.899900010981,7.42608778827773
gmat_j2,2026-06-17T06:30:00Z,EarthMJ2000Eq,4860.0,2026-06-17T07:51:00Z,5656.822355994723,-4068.487803427398,2027.809511359683,1.048274502388415,-2.013200289283908,-7.073078629185846,7257.013406924365,7.4283441042924245
gmat_j2,2026-06-17T06:30:00Z,EarthMJ2000Eq,4920.0,2026-06-17T07:52:00Z,5709.051713844556,-4181.560530055121,1599.871962763163,0.6921037620926175,-1.754669910884656,-7.187043770058084,7255.226408259219,7.43044226586799
gmat_j2,2026-06-17T06:30:00Z,EarthMJ2000Eq,4980.0,2026-06-17T07:53:00Z,5739.816444409182,-4278.911607408289,1165.904330775143,0.3330154350129839,-1.489311308483203,-7.274008895698159,7253.544669197515,7.432371954378278
gmat_j2,2026-06-17T06:30:00Z,EarthMJ2000Eq,5040.0,2026-06-17T07:54:00Z,5748.982776008333,-4360.161520978702,727.5385908290563,-0.02761202538148913,-1.218135281862168,-7.333592769657234,7251.9737898733,7.434123949735567
gmat_j2,2026-06-17T06:30:00Z,EarthMJ2000Eq,5100.0,2026-06-17T07:55:00Z,5736.500004291509,-4424.99223414582,286.4263288880695,-0.388389189026153,-0.9421796292328666,-7.365523752484293,7250.519196124343,7.435690200936566
gmat_j2,2026-06-17T06:30:00Z,EarthMJ2000Eq,5160.0,2026-06-17T07:56:00Z,5702.400963694028,-4473.148676830802,-155.767921580166,-0.7479218964751456,-0.6625046048610598,-7.369641760743364,7249.186125432643,7.437063882768632
gmat_j2,2026-06-17T06:30:00Z,EarthMJ2000Eq,5220.0,2026-06-17T07:57:00Z,5646.802122664175,-4504.439950716956,-597.3734020768229,-1.104817573253649,-0.3801882203536129,-7.345899607417881,7247.979612529856,7.438239441919566
gmat_j2,2026-06-17T06:30:00Z,EarthMJ2000Eq,5280.0,2026-06-17T07:58:00Z,5569.903297427139,-4518.7402491948,-1036.719924034079,-1.457691601251608,-0.09632139464523759,-7.294363706838605,7246.904469031728,7.439212626553305
gmat_j2,2026-06-17T06:30:00Z,EarthMJ2000Eq,5340.0,2026-06-17T07:59:00Z,5471.986982988483,-4515.989484567883,-1472.144697879521,-1.805173694343998,0.1879970083321085,-7.21521413102483,7245.965262007394,7.439980503901457
gmat_j2,2026-06-17T06:30:00Z,EarthMJ2000Eq,5400.0,2026-06-17T08:00:00Z,5353.417303553558,-4496.193613835228,-1901.999134569103,-2.145914206428568,0.4716651994192246,-7.10874401076632,7245.16628842851,7.440541462306434
gmat_j2,2026-06-17T06:30:00Z,EarthMJ2000Eq,5460.0,2026-06-17T08:01:00Z,5214.638587271973,-4459.424662873298,-2324.655595672595,-2.478590331688777,0.7535835091639379,-6.975358286958998,7244.511547247363,7.440895199441561
gmat_j2,2026-06-17T06:30:00Z,EarthMJ2000Eq,5520.0,2026-06-17T08:02:00Z,5056.173575429464,-4405.820448864558,-2738.514044190199,-2.801912138839163,1.032659410118794,-6.815571826318454,7244.004708911448,7.441042696476551
gmat_j2,2026-06-17T06:30:00Z,EarthMJ2000Eq,5580.0,2026-06-17T08:03:00Z,4878.621270968741,-4335.584001459355,-3142.008576239956,-3.114628405144625,1.307812487366137,-6.630006916074053,7243.649082639523,7.440986178688569
gmat_j2,2026-06-17T06:30:00Z,EarthMJ2000Eq,5640.0,2026-06-17T08:04:00Z,4682.654449627933,-4248.982690168333,-3533.613770321299,-3.415532184425305,1.577979299643822,-6.41939017516844,7243.447582040938,7.440729063337718
gmat_j2,2026-06-17T06:30:00Z,EarthMJ2000Eq,5700.0,2026-06-17T08:05:00Z,4469.016844506435,-4146.347063961217,-3911.850839432011,-3.703466084506984,1.842118106879523,-6.18454891199037,7243.402689431742,7.440275895663289
gmat_j2,2026-06-17T06:30:00Z,EarthMJ2000Eq,5760.0,2026-06-17T08:06:00Z,4238.520013869051,-4028.069407123821,-4275.293564542,-3.977327226883978,2.099213437725851,-5.926406959366336,7243.516419501622,7.439632274169679
gmat_j2,2026-06-17T06:30:00Z,EarthMJ2000Eq,5820.0,2026-06-17T08:07:00Z,3992.039948804264,-3894.602040575061,-4622.573920834836,-4.236071814534407,2.348280424867844,-5.645980072724105,7243.790282778963,7.438804766446557
gmat_j2,2026-06-17T06:30:00Z,EarthMJ2000Eq,5880.0,2026-06-17T08:08:00Z,3730.513381706251,-3746.455351081533,-4952.38747265504,-4.478719362177801,2.588368953569345,-5.344370872962466,7244.225249676286,7.43780081695642
gmat_j2,2026-06-17T06:30:00Z,EarthMJ2000Eq,5940.0,2026-06-17T08:09:00Z,3454.933880703505,-3584.195593390626,-5263.498410690243,-4.704356493703804,2.818567528885215,-5.022763454387793,7244.8217156154005,7.436628648350867
gmat_j2,2026-06-17T06:30:00Z,EarthMJ2000Eq,6000.0,2026-06-17T08:10:00Z,3166.34771714022,-3408.442462344201,-5554.744273314004,-4.912140342704295,3.038006887596793,-4.68241766948537,7245.579467983552,7.435297157949871
gmat_j2,2026-06-17T06:30:00Z,EarthMJ2000Eq,6060.0,2026-06-17T08:11:00Z,2865.849543454073,-3219.866457687376,-5825.040314067243,-5.101301534868152,3.245863327047997,-4.324663157427174,7246.497655527447,7.433815811057685
gmat_j2,2026-06-17T06:30:00Z,EarthMJ2000Eq,6120.0,2026-06-17T08:12:00Z,2554.577904580288,-3019.186057795029,-6073.383504427389,-5.27114675461547,3.441361744372371,-3.950893166061065,7247.57476084272,7.432194532838257
gmat_j2,2026-06-17T06:30:00Z,EarthMJ2000Eq,6180.0,2026-06-17T08:13:00Z,2233.710607709635,-2807.164719848712,-6298.856160950638,-5.421060900885722,3.623778381612437,-3.562558216951488,7248.808576566473,7.430443600440161
gmat_j2,2026-06-17T06:30:00Z,EarthMJ2000Eq,6240.0,2026-06-17T08:14:00Z,1904.459974852866,-2584.607724188393,-6500.629188754847,-5.550508841254478,3.792443276067314,-3.161159660008473,7250.196185858861,7.428573537032342
gmat_j2,2026-06-17T06:30:00Z,EarthMJ2000Eq,6300.0,2026-06-17T08:15:00Z,1568.068003078082,-2352.358881245964,-6677.964935457465,-5.659036776768409,3.946742418132209,-2.748243161763878,7251.733947660619,7.426595009294863
gmat_j2,2026-06-17T06:30:00Z,EarthMJ2000Eq,6360.0,2026-06-17T08:16:00Z,1225.801447582839,-2111.297113068742,-6830.219656601364,-5.746273235348178,4.086119625718595,-2.325392156137026,7253.417487362232,7.424518729910047
gmat_j2,2026-06-17T06:30:00Z,EarthMJ2000Eq,6420.0,2026-06-17T08:17:00Z,878.9468699824248,-1862.332940548073,-6956.84558112913,-5.811929704666568,4.210078133863056,-1.894221316582108,7255.241692829966,7.422355366149717
gmat_j2,2026-06-17T06:30:00Z,EarthMJ2000Eq,6480.0,2026-06-17T08:18:00Z,528.8056434062281,-1606.404872645937,-7057.392593700664,-5.855800932734363,4.318181922743242,-1.456370042698608,7257.200716872854,7.420115456176481
gmat_j2,2026-06-17T06:30:00Z,EarthMJ2000Eq,6540.0,2026-06-17T08:19:00Z,176.6889584284218,-1344.475730152703,-7131.509523255061,-5.877764906960251,4.410056783406178,-1.013496015426986,7259.287985558763,7.417809333465418
gmat_j2,2026-06-17T06:30:00Z,EarthMJ2000Eq,6600.0,2026-06-17T08:20:00Z,-176.0871635981019,-1077.528910915041,-7178.945048561494,-5.877782534644527,4.485391138280764,-0.5672688259758025,7261.496213130416,7.415447060620405
gmat_j2,2026-06-17T06:30:00Z,EarthMJ2000Eq,6660.0,2026-06-17T08:21:00Z,-528.2068289943859,-806.5646132993046,-7199.548223977697,-5.855897041670607,4.543936626231937,-0.1193636983614321,7263.817423297709,7.413038372917353
gmat_j2,2026-06-17T06:30:00Z,EarthMJ2000Eq,6720.0,2026-06-17T08:22:00Z,-878.3591861735164,-532.5960312818432,-7193.268631699169,-5.812233106252721,4.58550846339826,0.3285446829343299,7266.242976962704,7.410592632037039
gmat_j2,2026-06-17T06:30:00Z,EarthMJ2000Eq,6780.0,2026-06-17T08:23:00Z,-1225.243280508972,-256.6455343633948,-7160.156167059469,-5.746995742709783,4.609985589944733,0.7747882308333339,7268.763606241491,7.4081187901423595
gmat_j2,2026-06-17T06:30:00Z,EarthMJ2000Eq,6840.0,2026-06-17T08:24:00Z,-1567.572835062967,20.25915512928952,-7100.360463971771,-5.660468948378945,4.617310611812923,1.21771139206849,7271.369454575069,7.405625364268426
gmat_j2,2026-06-17T06:30:00Z,EarthMJ2000Eq,6900.0,2026-06-17T08:25:00Z,-1904.080943299041,297.0887752880731,-7014.129967973061,-5.55301412479834,4.607489545264643,1.655676956699289,7274.050122638317,7.403120420800804
gmat_j2,2026-06-17T06:30:00Z,EarthMJ2000Eq,6960.0,2026-06-17T08:26:00Z,-2233.524660642131,572.8163168898036,-6901.810664546551,-5.425068282242725,4.580591370597611,2.0870717363668,7276.7947196441,7.400611569602236
gmat_j2,2026-06-17T06:30:00Z,EarthMJ2000Eq,7020.0,2026-06-17T08:27:00Z,-2554.689481196537,846.4207825776662,-6763.844471307177,-5.27714203550359,4.536747400282519,2.510312105755041,7279.591919781512,7.398105967418247
gmat_j2,2026-06-17T06:30:00Z,EarthMJ2000Eq,7080.0,2026-06-17T08:28:00Z,-2866.393691817019,1116.89090596964,-6600.767299493009,-5.109817393818694,4.476150464061873,2.923849408712454,7282.430022621729,7.395610329102093
gmat_j2,2026-06-17T06:30:00Z,EarthMJ2000Eq,7140.0,2026-06-17T08:29:00Z,-3167.492577330256,1383.228807342388,-6413.206802208079,-4.923745358157531,4.399053917211036,3.326175204638026,7285.297018570491,7.393130947741722
gmat_j2,2026-06-17T06:30:00Z,EarthMJ2000Eq,7200.0,2026-06-17T08:30:00Z,-3456.882492006587,1644.453599130797,-6201.879800802433,-4.719643312074476,4.305770466185146,3.715826384420309,7288.180655474804,7.3906737189403575
gmat_j2,2026-06-17T06:30:00Z,EarthMJ2000Eq,7260.0,2026-06-17T08:31:00Z,-3733.504753861044,1899.604901951734,-5967.589421778817,-4.498292231346309,4.196670822702768,4.09139010485932,7291.068511373934,7.3882441745556875
gmat_j2,2026-06-17T06:30:00Z,EarthMJ2000Eq,7320.0,2026-06-17T08:32:00Z,-3996.349370887845,2147.74627983096,-5711.22193496514,-4.260533697358016,4.072182177613812,4.451508559623641,7293.94806446758,7.3858475160540165
gmat_j2,2026-06-17T06:30:00Z,EarthMJ2000Eq,7380.0,2026-06-17T08:33:00Z,-4244.458592651879,2387.96858742327,-5433.743305421009,-4.007266718443858,3.932786496839807,4.794883580786723,7296.8067692973955,7.38348865616867
gmat_j2,2026-06-17T06:30:00Z,EarthMJ2000Eq,7440.0,2026-06-17T08:34:00Z,-4476.930237998816,2619.39318376931,-5136.195501145193,-3.739444392343961,3.779018654238036,5.120281005774351,7299.632129982262,7.381172259919515
gmat_j2,2026-06-17T06:30:00Z,EarthMJ2000Eq,7500.0,2026-06-17T08:35:00Z,-4692.920852879774,2841.175063260914,-4819.692505849382,-3.458070356406594,3.611464372257054,5.426534883462403,7302.411774368122,7.378902787228896
gmat_j2,2026-06-17T06:30:00Z,EarthMJ2000Eq,7560.0,2026-06-17T08:36:00Z,-4891.648626637503,3052.505835017098,-4485.416113647168,-3.164195090587781,3.430758004113808,5.712551418906762,7305.133528681297,7.376684537632366
gmat_j2,2026-06-17T06:30:00Z,EarthMJ2000Eq,7620.0,2026-06-17T08:37:00Z,-5072.396082485925,3252.616564894639,-4134.611494168995,-2.858912057622542,3.237580148381108,5.977312674842514,7307.785488337759,7.3745216918281535
gmat_j2,2026-06-17T06:30:00Z,EarthMJ2000Eq,7680.0,2026-06-17T08:38:00Z,-5234.512544035723,3440.780482326215,-3768.582523805334,-2.543353673185168,3.032655090162058,6.219880028597269,7310.356088451187,7.372418353086964
gmat_j2,2026-06-17T06:30:00Z,EarthMJ2000Eq,7740.0,2026-06-17T08:39:00Z,-5377.416341241757,3616.315512689008,-3388.686946894145,-2.218687159659234,2.816748100864152,6.439397326552457,7312.834171401661,7.370378586298637
gmat_j2,2026-06-17T06:30:00Z,EarthMJ2000Eq,7800.0,2026-06-17T08:40:00Z,-5500.596776886993,3778.586659019804,-2996.331323410608,-1.886110244717229,2.590662570691287,6.635093761932506,7315.209049731497,7.368406451875719
gmat_j2,2026-06-17T06:30:00Z,EarthMJ2000Eq,7860.0,2026-06-17T08:41:00Z,-5603.615824770426,3927.008199314653,-2592.965830152894,-1.546846762427586,2.355237010571824,6.806286427046376,7317.4705674462775,7.36650603810217
gmat_j2,2026-06-17T06:30:00Z,EarthMJ2000Eq,7920.0,2026-06-17T08:42:00Z,-5686.109555684222,4061.045691778701,-2180.07894269328,-1.202142180678481,2.111341939845235,6.952382526905953,7319.609155298691,7.364681487338272
gmat_j2,2026-06-17T06:30:00Z,EarthMJ2000Eq,7980.0,2026-06-17T08:43:00Z,-5747.789305966131,4180.21780962247,-1759.191938598076,-0.8532590071603134,1.859876625839569,7.0728812740429,7321.615881654264,7.36293701679916
gmat_j2,2026-06-17T06:30:00Z,EarthMJ2000Eq,8040.0,2026-06-17T08:44:00Z,-5788.442558139004,4284.097960699524,-1331.853346041794,-0.5014721813196302,1.601765749682785,7.167375409206084,7323.482499542643,7.361276935558559
gmat_j2,2026-06-17T06:30:00Z,EarthMJ2000Eq,8100.0,2026-06-17T08:45:00Z,-5807.933547018176,4372.315709417104,-899.6332964841382,-0.1480644210837311,1.337955977053797,7.235552365842381,7325.201486480603,7.359705653636707
gmat_j2,2026-06-17T06:30:00Z,EarthMJ2000Eq,8160.0,2026-06-17T08:46:00Z,-5806.203587538383,4444.557992977863,-464.1178112572395,0.2056784465402677,1.069412454884581,7.277195068546936,7326.766080312187,7.358227686591203
gmat_j2,2026-06-17T06:30:00Z,EarthMJ2000Eq,8220.0,2026-06-17T08:47:00Z,-5783.271121134821,4500.570123005331,-26.90306054821127,0.5584721346083089,0.7971152608893333,7.292182356819362,7328.170308290269,7.35684765299542
gmat_j2,2026-06-17T06:30:00Z,EarthMJ2000Eq,8280.0,2026-06-17T08:48:00Z,-5739.231484730118,4540.156574111454,410.4103956389036,0.9090385129156074,0.5220558162296627,7.280489038898873,7329.4090106647345,7.355570266046655
gmat_j2,2026-06-17T06:30:00Z,EarthMJ2000Eq,8340.0,2026-06-17T08:49:00Z,-5674.256404225885,4563.18155640469,846.2233579014653,1.25611016601199,0.2452332820095697,7.242185577422691,7330.47785816644,7.354400318829067
gmat_j2,2026-06-17T06:30:00Z,EarthMJ2000Eq,8400.0,2026-06-17T08:50:00Z,-5588.593216816906,4569.569371772087,1278.943708223488,1.598434871539224,-0.03234904288975651,7.177437413687489,7331.373363517501,7.353342663478253
gmat_j2,2026-06-17T06:30:00Z,EarthMJ2000Eq,8460.0,2026-06-17T08:51:00Z,-5482.563827517176,4559.304554515265,1706.992079595571,1.934779978117628,-0.3096873048687122,7.086503939941839,7332.092886988369,7.352402184411085
gmat_j2,2026-06-17T06:30:00Z,EarthMJ2000Eq,8520.0,2026-06-17T08:52:00Z,-5356.563406511405,4532.431798004675,2128.807453714945,2.263936663519979,-0.585780642488651,6.969737132000678,7332.634636099993,7.351583765878848
gmat_j2,2026-06-17T06:30:00Z,EarthMJ2000Eq,8580.0,2026-06-17T08:53:00Z,-5211.058835058121,4489.055670016688,2542.852666803283,2.584724055554872,-0.85963468097671,6.82757985704422,7332.997659621531,7.3508922541700965
gmat_j2,2026-06-17T06:30:00Z,EarthMJ2000Eq,8640.0,2026-06-17T08:54:00Z,-5046.586908603503,4429.340120328648,2947.619804671639,2.895993200139499,-1.130264959395406,6.660563873647208,7333.181836047278,7.350332414838503
gmat_j2,2026-06-17T06:30:00Z,EarthMJ2000Eq,8700.0,2026-06-17T08:55:00Z,-4863.752307071613,4353.507785197952,3341.635468361685,3.196630862531328,-1.396700276281544,6.469307543424075,7333.187856842101,7.349908885452687
gmat_j2,2026-06-17T06:30:00Z,EarthMJ2000Eq,8760.0,2026-06-17T08:56:00Z,-4663.225341243127,4261.839093350896,3723.465896549652,3.4855631527944,-1.65798594360735,6.254513273251583,7333.017204643282,7.349626124273113
gmat_j2,2026-06-17T06:30:00Z,EarthMJ2000Eq,8820.0,2026-06-17T08:57:00Z,-4445.73948905918,4154.671180636924,4091.721923175073,3.761758962157069,-1.913186934534585,6.016964712610728,7332.672126884354,7.349488355569085
gmat_j2,2026-06-17T06:30:00Z,EarthMJ2000Eq,8880.0,2026-06-17T08:58:00Z,-4212.088729749218,4032.396618373064,4445.063763519266,4.024233209597011,-2.16139092134465,5.7575237244305,7332.155605065877,7.34949951203989
gmat_j2,2026-06-17T06:30:00Z,EarthMJ2000Eq,8940.0,2026-06-17T08:59:00Z,-3963.124689900314,3895.46196334355,4782.205610697205,4.27204989082833,-2.401711193295135,5.477127154084174,7331.471320174258,7.349663175121136
gmat_j2,2026-06-17T06:30:00Z,EarthMJ2000Eq,9000.0,2026-06-17T09:00:00Z,-3699.753609967154,3744.366134942365,5101.92003576543,4.504324931632568,-2.633289452891252,5.176783414477507,7330.623614557832,7.349982513778142
gmat_j2,2026-06-17T06:30:00Z,EarthMJ2000Eq,9060.0,2026-06-17T09:01:00Z,-3422.933158983536,3579.658636272552,5403.042162901616,4.720228832952313,-2.855298474192091,4.857568926256254,7329.617450945326,7.350460222699553
gmat_j2,2026-06-17T06:30:00Z,EarthMJ2000Eq,9120.0,2026-06-17T09:02:00Z,-3133.669063481814,3401.937600074235,5684.473663038489,4.918989148165181,-3.066944660206204,4.52062438010705,7328.458368579305,7.351098460403888
gmat_j2,2026-06-17T06:30:00Z,EarthMJ2000Eq,9180.0,2026-06-17T09:03:00Z,-2833.011636762372,3211.847710809116,5945.186472586505,5.099892735166394,-3.26747043726671,4.167150924464622,7327.152437699542,7.3518987884682705
gmat_j2,2026-06-17T06:30:00Z,EarthMJ2000Eq,9240.0,2026-06-17T09:04:00Z,-2522.052146959838,3010.077967917473,6184.226313822219,5.262287849182612,-3.456156549183619,3.798406210757473,7325.706212065705,7.352862112268986
gmat_j2,2026-06-17T06:30:00Z,EarthMJ2000Eq,9300.0,2026-06-17T09:05:00Z,-2201.919073979849,2797.35932038995,6400.715964445551,5.405586049350805,-3.63232422037738,3.415700354271225,7324.126680583628,7.353988624484318
gmat_j2,2026-06-17T06:30:00Z,EarthMJ2000Eq,9360.0,2026-06-17T09:06:00Z,-1873.774271829577,2574.462185119055,6593.858273844462,5.529263929284918,-3.795337192817103,3.020391829265761,7322.421218417137,7.355277752006885
gmat_j2,2026-06-17T06:30:00Z,EarthMJ2000Eq,9420.0,2026-06-17T09:07:00Z,-1538.808992639661,2342.193819824175,6762.938954542657,5.632864700704713,-3.944603668965025,2.613883241734073,7320.59753765509,7.356728107187036
gmat_j2,2026-06-17T06:30:00Z,EarthMJ2000Eq,9480.0,2026-06-17T09:08:00Z,-1198.239870490613,2101.395616737215,6907.329088287874,5.715999600775853,-4.079578119087738,2.197617091169264,7318.66363888815,7.358337444369374
gmat_j2,2026-06-17T06:30:00Z,EarthMJ2000Eq,9540.0,2026-06-17T09:09:00Z,-853.3047952255891,1852.940270707008,7026.487394212514,5.77834916365793,-4.199763000042104,1.773071429109137,7316.627762937658,7.360102622001413
gmat_j2,2026-06-17T06:30:00Z,EarthMJ2000Eq,9600.0,2026-06-17T09:10:00Z,-505.2587052295181,1597.728840302879,7119.962235388448,5.819664347969745,-4.30471037516702,1.341755437720011,7314.498345047557,7.362019572899269
gmat_j2,2026-06-17T06:30:00Z,EarthMJ2000Eq,9660.0,2026-06-17T09:11:00Z,-155.3693595440283,1336.687745530894,7187.393343617577,5.839767516375335,-4.394023421976158,0.9052049898110082,7312.283968967276,7.3640832797956834
gmat_j2,2026-06-17T06:30:00Z,EarthMJ2000Eq,9720.0,2026-06-17T09:12:00Z,195.0869998438142,1070.765637886719,7228.513292878986,5.838553287998815,-4.467357864806074,0.4649780657503122,7309.993325175832,7.366287761869975
gmat_j2,2026-06-17T06:30:00Z,EarthMJ2000Eq,9780.0,2026-06-17T09:13:00Z,544.8299897653744,800.9302186223033,7243.148682988495,5.81598924599485,-4.524423299483851,0.02265014099995788,7307.6351699252255,7.368626068089451
gmat_j2,2026-06-17T06:30:00Z,EarthMJ2000Eq,9840.0,2026-06-17T09:14:00Z,892.5794860905414,528.1649655599448,7231.221049366544,5.772116508638976,-4.56498443083671,-0.4201905404232844,7305.21828795255,7.371090281182654
gmat_j2,2026-06-17T06:30:00Z,EarthMJ2000Eq,9900.0,2026-06-17T09:15:00Z,1237.060049153634,253.4657919704065,7192.747484810666,5.707050154420986,-4.588862211861127,-0.8619477840941651,7302.751457715191,7.3736715309965115
gmat_j2,2026-06-17T06:30:00Z,EarthMJ2000Eq,9960.0,2026-06-17T09:16:00Z,1577.005368234226,-22.16235823258364,7127.840970050594,5.62097949538902,-4.595934881952758,-1.301022365948439,7300.243420317831,7.376360018561457
gmat_j2,2026-06-17T06:30:00Z,EarthMJ2000Eq,10020.0,2026-06-17T09:17:00Z,1911.162723544702,-297.7089793460942,7036.71040374781,5.514168185184905,-4.586138896594813,-1.735817073053144,7297.702850792348,7.379145049697022
gmat_j2,2026-06-17T06:30:00Z,EarthMJ2000Eq,10080.0,2026-06-17T09:18:00Z,2238.297447587191,-572.1615234158842,6919.660327425901,5.386954151388965,-4.55946973961349,-2.164741859442615,7295.138334514628,7.38201508083267
gmat_j2,2026-06-17T06:30:00Z,EarthMJ2000Eq,10140.0,2026-06-17T09:19:00Z,2557.197359325092,-844.5089502157925,6777.09034275223,5.239749341923503,-4.515982607167485,-2.586219099961951,7292.558345008927,7.384957772894508
gmat_j2,2026-06-17T06:30:00Z,EarthMJ2000Eq,10200.0,2026-06-17T09:20:00Z,2866.677214243818,-1113.745345201128,6609.494197486792,5.073039249193377,-4.455792947379146,-2.998689014176559,7289.971227051136,7.387960057926235
gmat_j2,2026-06-17T06:30:00Z,EarthMJ2000Eq,10260.0,2026-06-17T09:21:00Z,3165.583082149702,-1378.873534114445,6417.458556035679,4.887382218863404,-4.379076843906961,-3.400615158990218,7287.385182046384,7.3910082138811335
gmat_j2,2026-06-17T06:30:00Z,EarthMJ2000Eq,10320.0,2026-06-17T09:22:00Z,3452.796697864138,-1638.908733955664,6201.661427638906,4.683408500689324,-4.286071222180301,-3.790490060165494,7284.808256782185,7.394087949310893
gmat_j2,2026-06-17T06:30:00Z,EarthMJ2000Eq,10380.0,2026-06-17T09:23:00Z,3727.239740273915,-1892.882204848372,5962.870256905456,4.461819032218981,-4.177073862665967,-4.166840932288294,7282.248335754318,7.3971844971875536
gmat_j2,2026-06-17T06:30:00Z,EarthMJ2000Eq,10440.0,2026-06-17T09:24:00Z,3987.87802425286,-2139.844891300626,5701.939673446394,4.223383936141602,-4.052443203533222,-4.528235471167698,7279.713135472184,7.400282715698291
gmat_j2,2026-06-17T06:30:00Z,EarthMJ2000Eq,10500.0,2026-06-17T09:25:00Z,4233.725607292351,-2378.871057860706,5419.808879503086,3.968940695548404,-3.912597905666492,-4.873287723038854,7277.210201588985,7.40336719660232
gmat_j2,2026-06-17T06:30:00Z,EarthMJ2000Eq,10560.0,2026-06-17T09:26:00Z,4463.848758532359,-2609.061873610865,5117.498704257359,3.699392017541777,-3.758016175711668,-5.200663956639263,7274.746908824834,7.406422379681646
gmat_j2,2026-06-17T06:30:00Z,EarthMJ2000Eq,10620.0,2026-06-17T09:27:00Z,4677.369807846989,-2829.548966433751,4796.108282298938,3.415703331418809,-3.589234808595803,-5.509088557517903,7272.33046061174,7.409432670189803
gmat_j2,2026-06-17T06:30:00Z,EarthMJ2000Eq,10680.0,2026-06-17T09:28:00Z,4873.470826272248,-3039.497903589782,4456.811389137959,3.118899937023869,-3.40684794862845,-5.797349867141594,7269.967892556556,7.41238256192218
gmat_j2,2026-06-17T06:30:00Z,EarthMJ2000Eq,10740.0,2026-06-17T09:29:00Z,5051.397111339402,-3238.111574963097,4100.852451989584,2.810063806547966,-3.211505563173041,-6.064305915853073,7267.666075250501,7.415256760235131
gmat_j2,2026-06-17T06:30:00Z,EarthMJ2000Eq,10800.0,2026-06-17T09:30:00Z,5210.460495946163,-3424.633504347955,3729.542171575531,2.490329973387631,-3.003911579369021,-6.308890062253691,7265.431716593201,7.418040305270894
gmat_j2,2026-06-17T06:30:00Z,EarthMJ2000Eq,10860.0,2026-06-17T09:31:00Z,5350.042407424011,-3598.351014432386,3344.252857214692,2.160882589622513,-2.784821726123041,-6.530116412785418,7263.271367454924,7.420718696794139
gmat_j2,2026-06-17T06:30:00Z,EarthMJ2000Eq,10920.0,2026-06-17T09:32:00Z,5469.596687183193,-3758.598262889896,2946.413420085699,1.822950599648907,-2.555041039883738,-6.727085017464718,7261.1914218195225,7.423278011528922
gmat_j2,2026-06-17T06:30:00Z,EarthMJ2000Eq,10980.0,2026-06-17T09:33:00Z,5568.652144660546,-3904.759124015234,2537.504055068463,1.47780305442084,-2.315421042794855,-6.898986779729251,7259.198120612332,7.425705021070508
gmat_j2,2026-06-17T06:30:00Z,EarthMJ2000Eq,11040.0,2026-06-17T09:34:00Z,5646.814806857234,-4036.269873885136,2119.050681691668,1.126744128280229,-2.066856627437499,-7.045107997066708,7257.2975513859665,7.42798730069792
gmat_j2,2026-06-17T06:30:00Z,EarthMJ2000Eq,11100.0,2026-06-17T09:35:00Z,5703.769874940116,-4152.621702133604,1692.619060514301,0.7711077725167329,-1.810282596538075,-7.164834530097719,7255.495646151385,7.4301133315613
gmat_j2,2026-06-17T06:30:00Z,EarthMJ2000Eq,11160.0,2026-06-17T09:36:00Z,5739.283341362473,-4253.362991024198,1259.808721826769,0.412252129826237,-1.546669937377828,-7.257655499770645,7253.798178984986,7.432072595654976
gmat_j2,2026-06-17T06:30:00Z,EarthMJ2000Eq,11220.0,2026-06-17T09:37:00Z,5753.203266436734,-4338.101367262985,822.2466697057566,0.05155369003078799,-1.277021811984167,-7.323166490978192,7252.210758343244,7.433855658124186
gmat_j2,2026-06-17T06:30:00Z,EarthMJ2000Eq,11280.0,2026-06-17T09:38:00Z,5745.460700279471,-4406.50550556215,381.5809210076065,-0.3095987490138093,-1.002369304970973,-7.361072215745368,7250.738819477806,7.435454241292682
gmat_j2,2026-06-17T06:30:00Z,EarthMJ2000Eq,11340.0,2026-06-17T09:39:00Z,5716.070234537512,-4458.306673520359,-60.52613056747193,-0.6698103056882112,-0.7237669300428277,-7.371188597436053,7249.387610950554,7.436861283740678
gmat_j2,2026-06-17T06:30:00Z,EarthMJ2000Eq,11400.0,2026-06-17T09:40:00Z,5665.130178427669,-4493.299996151931,-502.4044220400031,-1.027686320255232,-0.4422879701404874,-7.353444241492093,7248.162180665952,7.438070988778202
gmat_j2,2026-06-17T06:30:00Z,EarthMJ2000Eq,11460.0,2026-06-17T09:41:00Z,5592.822357115381,-4511.345437370182,-942.3829932792079,-1.381838715845302,-0.1590196688567721,-7.307881277030279,7247.067357183338,7.4390788576854066
gmat_j2,2026-06-17T06:30:00Z,EarthMJ2000Eq,11520.0,2026-06-17T09:42:00Z,5499.411520111077,-4512.368491820986,-1378.796841146604,-1.730892406811647,0.1249417244033171,-7.234655547122944,7246.107727784971,7.4398817090039735
gmat_j2,2026-06-17T06:30:00Z,EarthMJ2000Eq,11580.0,2026-06-17T09:43:00Z,5385.24437513418,-4496.360574487293,-1809.993709777272,-2.073491614704992,0.4084959466967089,-7.134036148154862,7245.287615074457,7.440477684792812
gmat_j2,2026-06-17T06:30:00Z,EarthMJ2000Eq,11640.0,2026-06-17T09:44:00Z,5250.748241945168,-4463.379110503562,-2234.340856555631,-2.408306102591889,0.690543759922006,-7.006404316300174,7244.611048748137,7.440866240675092
gmat_j2,2026-06-17T06:30:00Z,EarthMJ2000Eq,11700.0,2026-06-17T09:45:00Z,5096.42933326558,-4413.547322016201,-2650.231742028222,-2.734037265592709,0.9699919854593604,-6.852251670030969,7244.081736086374,7.441048123144162
gmat_j2,2026-06-17T06:30:00Z,EarthMJ2000Eq,11760.0,2026-06-17T09:46:00Z,4922.870687140877,-4347.05371771918,-3056.092564658573,-3.04942399635272,1.245758466342213,-6.672177841150722,7243.703030274533,7.441025333241233
gmat_j2,2026-06-17T06:30:00Z,EarthMJ2000Eq,11820.0,2026-06-17T09:47:00Z,4730.72973505285,-4264.151279917357,-3450.38868202463,-3.353248341243221,1.516776969624881,-6.466887492175521,7243.477895402022,7.44080107583122
gmat_j2,2026-06-17T06:30:00Z,EarthMJ2000Eq,11880.0,2026-06-17T09:48:00Z,4520.735559452278,-4165.156369315351,-3831.630790576792,-3.644340833604292,1.782001928275565,-6.237186792519138,7243.40887252961,7.440379699224269
gmat_j2,2026-06-17T06:30:00Z,EarthMJ2000Eq,11940.0,2026-06-17T09:49:00Z,4293.685828111889,-4050.447344417959,-4198.380903355752,-3.921585523829468,2.040413036680703,-5.983979361383084,7243.498042389025,7.439766621233768
gmat_j2,2026-06-17T06:30:00Z,EarthMJ2000Eq,12000.0,2026-06-17T09:50:00Z,4050.443449723065,-3920.46291770289,-4549.258052033398,-4.183924642462006,2.291019638067027,-5.708261748785337,7243.74698981671,7.4389682475767716
gmat_j2,2026-06-17T06:30:00Z,EarthMJ2000Eq,12060.0,2026-06-17T09:51:00Z,3791.932934237533,-3775.700240567252,-4882.943741722867,-4.430362913234947,2.53286491613589,-5.41111846004296,7244.156767299103,7.4379918805398955
gmat_j2,2026-06-17T06:30:00Z,EarthMJ2000Eq,12120.0,2026-06-17T09:52:00Z,3519.136539730343,-3616.712761954675,-5198.187047554718,-4.659971432387377,2.765029805997755,-5.093716641353397,7244.7278602523575,7.436845621708371
gmat_j2,2026-06-17T06:30:00Z,EarthMJ2000Eq,12180.0,2026-06-17T09:53:00Z,3233.090186836154,-3444.107854547382,-5493.809403927002,-4.871891156272855,2.986636656268925,-4.75730043154154,7245.460153547734,7.435538269088809
gmat_j2,2026-06-17T06:30:00Z,EarthMJ2000Eq,12240.0,2026-06-17T09:54:00Z,2934.879151487576,-3258.544214047759,-5768.709069546895,-5.065335989837282,3.196852630645767,-4.40318501518114,7246.352900446759,7.434079210630145
gmat_j2,2026-06-17T06:30:00Z,EarthMJ2000Eq,12300.0,2026-06-17T09:55:00Z,2625.633628035665,-3060.72908910215,-6021.865184734879,-5.239595425540247,3.39489278764716,-4.032750508202015,7247.404694693808,7.43247831644093
gmat_j2,2026-06-17T06:30:00Z,EarthMJ2000Eq,12360.0,2026-06-17T09:56:00Z,2306.524114961696,-2851.415316114193,-6252.341488519878,-5.394036793783077,3.580022891962766,-3.647435641026417,7248.613445821029,7.43074583033849
gmat_j2,2026-06-17T06:30:00Z,EarthMJ2000Eq,12420.0,2026-06-17T09:57:00Z,1978.7566855398,-2631.398198759013,-6459.289643882089,-5.528107101930227,3.751561924222508,-3.248731330525792,7249.976358896837,7.428892263293861
gmat_j2,2026-06-17T06:30:00Z,EarthMJ2000Eq,12480.0,2026-06-17T09:58:00Z,1643.568176086436,-2401.512256730901,-6641.952165981966,-5.64133447555467,3.908884290596689,-2.838174195558518,7251.489918897038,7.42692829012705
gmat_j2,2026-06-17T06:30:00Z,EarthMJ2000Eq,12540.0,2026-06-17T09:59:00Z,1302.221258737165,-2162.627822966889,-6799.66498264757,-5.733329237562717,4.051421764945677,-2.417339986800134,7253.1498801293965,7.424864650318543
gmat_j2,2026-06-17T06:30:00Z,EarthMJ2000Eq,12600.0,2026-06-17T10:00:00Z,955.9995083914202,-1915.64756563815,-6931.859573782917,-5.803784609063065,4.178665127154342,-1.987837072322959,7254.9512614783225,7.4227120555356745
gmat_j2,2026-06-17T06:30:00Z,EarthMJ2000Eq,12660.0,2026-06-17T10:01:00Z,606.2024179354524,-1661.502906758161,-7038.06473433026,-5.852477079126118,4.290165543029048,-1.551299927587551,7256.8883473083615,7.420481103919303
gmat_j2,2026-06-17T06:30:00Z,EarthMJ2000Eq,12720.0,2026-06-17T10:02:00Z,254.1403794183072,-1401.150349809922,-7117.907952764092,-5.879266453612091,4.385535690121355,-1.109382651179718,7258.954694668211,7.418182202442538
gmat_j2,2026-06-17T06:30:00Z,EarthMJ2000Eq,12780.0,2026-06-17T10:03:00Z,-98.87029805705568,-1135.567769249155,-7171.116392162499,-5.884095593965957,4.464450623583971,-0.6637525917848404,7261.143147214293,7.415825499056055
gmat_j2,2026-06-17T06:30:00Z,EarthMJ2000Eq,12840.0,2026-06-17T10:04:00Z,-451.5123418648939,-865.750659046877,-7197.517494542837,-5.866989874286672,4.526648406637383,-0.2160840714721885,7263.445854602802,7.413420823630552
gmat_j2,2026-06-17T06:30:00Z,EarthMJ2000Eq,12900.0,2026-06-17T10:05:00Z,-802.4724707699697,-592.7083182897804,-7197.03921628556,-5.828056370199014,4.571930524038482,0.2319478410859254,7265.854299231841,7.410977639410102
gmat_j2,2026-06-17T06:30:00Z,EarthMJ2000Eq,12960.0,2026-06-17T10:06:00Z,-1150.446252288699,-317.4600496970421,-7169.709888207022,-5.767482793484461,4.600162070065597,0.6786733925445474,7268.359329560717,7.408505005583613
gmat_j2,2026-06-17T06:30:00Z,EarthMJ2000Eq,13020.0,2026-06-17T10:07:00Z,-1494.142893309319,-41.03135005612342,-7115.657717896152,-5.685536189714502,4.611271732873439,1.12243409176817,7270.951197441036,7.406011548013839
gmat_j2,2026-06-17T06:30:00Z,EarthMJ2000Eq,13080.0,2026-06-17T10:08:00Z,-1832.289981501035,235.5499207460263,-7035.10993619842,-5.582561402480256,4.605251583974791,1.561588576785352,7273.619604837076,7.403505443187783
gmat_j2,2026-06-17T06:30:00Z,EarthMJ2000Eq,13140.0,2026-06-17T10:09:00Z,-2163.638068250177,511.2573045397143,-6928.391603184634,-5.458979330583183,4.582156671848415,1.994518274086366,7276.353752320314,7.400994409048274
gmat_j2,2026-06-17T06:30:00Z,EarthMJ2000Eq,13200.0,2026-06-17T10:10:00Z,-2486.965204471938,785.069531406565,-6795.924066159348,-5.315284959661029,4.542104431563946,2.419633005997389,7279.1423952551495,7.398485706774295
gmat_j2,2026-06-17T06:30:00Z,EarthMJ2000Eq,13260.0,2026-06-17T10:11:00Z,-2801.081310283736,1055.974231209871,-6638.223094436761,-5.152045199491648,4.485273910794587,2.835376404076192,7281.973903778679,7.395986150964018
gmat_j2,2026-06-17T06:30:00Z,EarthMJ2000Eq,13320.0,2026-06-17T10:12:00Z,-3104.832407013401,1322.971590878744,-6455.896699201639,-4.969896527015917,4.411904820135391,3.240231175125521,7284.836326004552,7.393502126829619
gmat_j2,2026-06-17T06:30:00Z,EarthMJ2000Eq,13380.0,2026-06-17T10:13:00Z,-3397.104739554216,1585.077982150287,-6249.642621256703,-4.769542413084389,4.322296398562675,3.632724266761545,7287.717455721489,7.391039614665648
gmat_j2,2026-06-17T06:30:00Z,EarthMJ2000Eq,13440.0,2026-06-17T10:14:00Z,-3676.82870158514,1841.329483865993,-6020.245533390857,-4.551750574863577,4.216806108421938,4.011431824345335,7290.604902973898,7.38860422090438
gmat_j2,2026-06-17T06:30:00Z,EarthMJ2000Eq,13500.0,2026-06-17T10:15:00Z,-3942.98259606761,2090.785325411821,-5768.573949293306,-4.317350037317926,4.095848155179757,4.37498398739553,7293.486164949849,7.3862012120565605
gmat_j2,2026-06-17T06:30:00Z,EarthMJ2000Eq,13560.0,2026-06-17T10:16:00Z,-4194.596238108422,2332.53125831184,-5495.576830266168,-4.067227989184658,3.959891822965414,4.722069539414323,7296.348701173313,7.383835554822441
gmat_j2,2026-06-17T06:30:00Z,EarthMJ2000Eq,13620.0,2026-06-17T10:17:00Z,-4430.754332549513,2565.682794378282,-5202.279943161621,-3.802326477834969,3.809459645390576,5.05144032191651,7299.180006260752,7.381511956217923
gmat_j2,2026-06-17T06:30:00Z,EarthMJ2000Eq,13680.0,2026-06-17T10:18:00Z,-4650.599663938287,2789.388342941367,-4889.781950474568,-3.523638917077328,3.645125399938372,5.361915462816625,7301.967685846533,7.379234908146628
gmat_j2,2026-06-17T06:30:00Z,EarthMJ2000Eq,13740.0,2026-06-17T10:19:00Z,-4853.33607337482,3002.832225423114,-4559.250243992919,-3.232206414414738,3.467511925106836,5.652385384259682,7304.6995285576495,7.377008729040136
gmat_j2,2026-06-17T06:30:00Z,EarthMJ2000Eq,13800.0,2026-06-17T10:20:00Z,-5038.23120665458,3205.237549932342,-4211.916552988959,-2.929113939933872,3.277288773234271,5.921815564282983,7307.363580153019,7.374837608630207
gmat_j2,2026-06-17T06:30:00Z,EarthMJ2000Eq,13860.0,2026-06-17T10:21:00Z,-5204.619020199451,3395.868932382561,-3849.07234483015,-2.615486349129943,3.075169704721072,6.169250029448562,7309.948212339075,7.372725648033462
gmat_j2,2026-06-17T06:30:00Z,EarthMJ2000Eq,13920.0,2026-06-17T10:22:00Z,-5351.902057226475,3574.035076185312,-3472.064004098829,-2.292484244348282,2.861910013833739,6.393814590883582,7312.442191532643,7.37067689974691
gmat_j2,2026-06-17T06:30:00Z,EarthMJ2000Eq,13980.0,2026-06-17T10:23:00Z,-5479.553463006579,3739.091177976453,-3082.287839657305,-1.961299717099801,2.638303710545431,6.594719773913991,7314.8347430183285,7.368695403246477
gmat_j2,2026-06-17T06:30:00Z,EarthMJ2000Eq,14040.0,2026-06-17T10:24:00Z,-5587.118743762674,3890.441162588999,-2681.184921716992,-1.623151972188705,2.405180559146478,6.771263441336576,7317.115612105196,7.366785217372467
gmat_j2,2026-06-17T06:30:00Z,EarthMJ2000Eq,14100.0,2026-06-17T10:25:00Z,-5674.217260374129,4027.539737513784,-2270.235766171123,-1.279282849604108,2.163402982924903,6.922833091954785,7319.275120473534,7.364950447551146
gmat_j2,2026-06-17T06:30:00Z,EarthMJ2000Eq,14160.0,2026-06-17T10:26:00Z,-5740.54344836064,4149.894253003615,-1850.954909059904,-0.930952281983767,1.913862860908969,7.048907814236686,7321.304219126648,7.3631952693993155
gmat_j2,2026-06-17T06:30:00Z,EarthMJ2000Eq,14220.0,2026-06-17T10:27:00Z,-5785.867767224762,4257.066374298408,-1424.885347115898,-0.5794336706887775,1.657478203808773,7.149059897041484,7323.194534314805,7.361523944559022
gmat_j2,2026-06-17T06:30:00Z,EarthMJ2000Eq,14280.0,2026-06-17T10:28:00Z,-5810.037369286144,4348.673548384466,-993.5929032525239,-0.2260092331708969,1.395189746421552,7.222956075558421,7324.938410684009,7.359940833420105
gmat_j2,2026-06-17T06:30:00Z,EarthMJ2000Eq,14340.0,2026-06-17T10:29:00Z,-5812.976487003171,4424.39025764255,-558.6605577847891,0.1280346407758726,1.127957484417018,7.270358404745081,7326.52894686143,7.358450400005317
gmat_j2,2026-06-17T06:30:00Z,EarthMJ2000Eq,14400.0,2026-06-17T10:30:00Z,-5794.686544745348,4483.949075923767,-121.682680933263,0.4814120722638666,0.8567571200644587,7.291124773205227,7327.960025966947,7.357057210906376
gmat_j2,2026-06-17T06:30:00Z,EarthMJ2000Eq,14460.0,2026-06-17T10:31:00Z,-5755.24598830384,4527.14150121655,315.7407111428465,0.8328423110483572,0.582576495074205,7.285209037006126,7329.226340794618,7.355765928886063
gmat_j2,2026-06-17T06:30:00Z,EarthMJ2000Eq,14520.0,2026-06-17T10:32:00Z,-5694.809842022036,4553.818575067686,752.0096913535345,1.181054295899257,0.3064120068506352,7.252660789086075,7330.323412190773,7.354581299390943
gmat_j2,2026-06-17T06:30:00Z,EarthMJ2000Eq,14580.0,2026-06-17T10:33:00Z,-5613.608987695981,4563.891290379653,1185.530184150467,1.524791182092404,0.02926498901266848,7.1936247636216,7331.24760151205,7.353508130705955
gmat_j2,2026-06-17T06:30:00Z,EarthMJ2000Eq,14640.0,2026-06-17T10:34:00Z,-5511.949182372759,4557.330778590824,1614.719623215122,1.862814726338559,-0.2478618564015113,7.108339888179562,7331.9961181213785,7.352551269485119
gmat_j2,2026-06-17T06:30:00Z,EarthMJ2000Eq,14700.0,2026-06-17T10:35:00Z,-5390.209812512695,4534.168285263368,2038.012569368986,2.193909578444506,-0.5239680118432172,6.997137992709105,7332.56701946203,7.351715568820564
gmat_j2,2026-06-17T06:30:00Z,EarthMJ2000Eq,14760.0,2026-06-17T10:36:00Z,-5248.842392377371,4494.494933219201,2453.86624730174,2.51688744447993,-0.7980586527686176,6.860442188002338,7332.959206513943,7.351005852015211
gmat_j2,2026-06-17T06:30:00Z,EarthMJ2000Eq,14820.0,2026-06-17T10:37:00Z,-5088.368826815084,4438.461279670688,2860.765946321468,2.830591077688363,-1.069148073069752,6.698764941382173,7333.172413660546,7.3504268713543865
gmat_j2,2026-06-17T06:30:00Z,EarthMJ2000Eq,14880.0,2026-06-17T10:38:00Z,-4909.379421566578,4366.27666409728,3257.230343474577,3.133898142575354,-1.336263063906987,6.512705842693892,7333.207192135878,7.349983261032538
gmat_j2,2026-06-17T06:30:00Z,EarthMJ2000Eq,14940.0,2026-06-17T10:39:00Z,-4712.530683397924,4278.20836169257,3641.816641958997,3.42572487069242,-1.598446173906185,6.30294911224573,7333.064890049223,7.349679487713404
gmat_j2,2026-06-17T06:30:00Z,EarthMJ2000Eq,15000.0,2026-06-17T10:40:00Z,-4498.542908044023,4174.580545987395,4013.125555371591,3.705029535083562,-1.854758870047753,6.070260860413159,7332.747626478504,7.349519796240176
gmat_j2,2026-06-17T06:30:00Z,EarthMJ2000Eq,15060.0,2026-06-17T10:41:00Z,-4268.197542091979,4055.773053858306,4369.806161316974,3.970815764781526,-2.104284616886472,5.815486092896142,7332.258261286691,7.349508152480068
gmat_j2,2026-06-17T06:30:00Z,EarthMJ2000Eq,15120.0,2026-06-17T10:42:00Z,-4022.334376693446,3922.219980944335,4710.560523759995,4.22213562870325,-2.34613180710921,5.539545533306067,7331.600361780153,7.34964818471375
gmat_j2,2026-06-17T06:30:00Z,EarthMJ2000Eq,15180.0,2026-06-17T10:43:00Z,-3761.848562171389,3774.408105945305,5034.148125325359,4.458092527548216,-2.579436573707974,5.243432261482792,7330.778164878091,7.349943122414086
gmat_j2,2026-06-17T06:30:00Z,EarthMJ2000Eq,15240.0,2026-06-17T10:44:00Z,-3487.687421099286,3612.875130640069,5339.390134700284,4.677843919304144,-2.8033655068211,4.928208148862439,7329.796536564054,7.350395734701584
gmat_j2,2026-06-17T06:30:00Z,EarthMJ2000Eq,15300.0,2026-06-17T10:45:00Z,-3200.84716152373,3438.207793873124,5625.173386034333,4.880603797350741,-3.017118191760803,4.595000212631319,7328.660928725887,7.351008268520062
gmat_j2,2026-06-17T06:30:00Z,EarthMJ2000Eq,15360.0,2026-06-17T10:46:00Z,-2902.369381218203,3251.039798222033,5890.454209504522,5.065645032308888,-3.219929674742802,4.244996769282785,7327.37733359802,7.351782387616372
gmat_j2,2026-06-17T06:30:00Z,EarthMJ2000Eq,15420.0,2026-06-17T10:47:00Z,-2593.337492819421,3052.049625946704,6134.261968936183,5.232301483940049,-3.411072757894986,3.879443539470224,7325.952236702144,7.3527191129834275
gmat_j2,2026-06-17T06:30:00Z,EarthMJ2000Eq,15480.0,2026-06-17T10:48:00Z,-2274.873006055666,2841.958208434899,6355.702388075832,5.379969953205138,-3.58986019012456,3.499639632468569,7324.3925685318145,7.3538187657281835
gmat_j2,2026-06-17T06:30:00Z,EarthMJ2000Eq,15540.0,2026-06-17T10:49:00Z,-1948.131671598212,2621.526449769639,6553.960648262925,5.508111971563835,-3.755646751171342,3.10693341266433,7322.705655405305,7.355080913327787
gmat_j2,2026-06-17T06:30:00Z,EarthMJ2000Eq,15600.0,2026-06-17T10:50:00Z,-1614.299583941278,2391.552669629667,6728.304195331807,5.616255397285611,-3.907831186316937,2.702718361049683,7320.899170405597,7.356504319814275
gmat_j2,2026-06-17T06:30:00Z,EarthMJ2000Eq,15660.0,2026-06-17T10:51:00Z,-1274.589131517851,2152.869892168881,6878.085335740091,5.70399588244485,-4.045858064694032,2.288428792595969,7318.981084311775,7.358086901184287
gmat_j2,2026-06-17T06:30:00Z,EarthMJ2000Eq,15720.0,2026-06-17T10:52:00Z,-930.2348886958081,1906.34304312876,7002.743554946964,5.770998175041046,-4.169219515962991,1.865535533951485,7316.959617394616,7.359825686594038
gmat_j2,2026-06-17T06:30:00Z,EarthMJ2000Eq,15780.0,2026-06-17T10:53:00Z,-582.4894619629617,1652.866066350868,7101.807567476193,5.816997273287297,-4.27745685758299,1.435541567564319,7314.843192581384,7.361716786057491
gmat_j2,2026-06-17T06:30:00Z,EarthMJ2000Eq,15840.0,2026-06-17T10:54:00Z,-232.6192023768536,1393.358895955905,7174.89712574886,5.841799452229821,-4.370162148761122,0.9999775212044805,7312.640389854621,7.363755365942796
gmat_j2,2026-06-17T06:30:00Z,EarthMJ2000Eq,15900.0,2026-06-17T10:55:00Z,118.1000566296039,1128.764398495825,7221.724532467637,5.845283138932315,-4.446979622067628,0.5603971841423301,7310.359903146525,7.365935632176391
gmat_j2,2026-06-17T06:30:00Z,EarthMJ2000Eq,15960.0,2026-06-17T10:56:00Z,468.3873813090676,860.0451793810588,7242.095898790635,5.827399659545179,-4.507607043801605,0.1183728545514606,7308.010499227974,7.368250822691351
gmat_j2,2026-06-17T06:30:00Z,EarthMJ2000Eq,16020.0,2026-06-17T10:57:00Z,816.9611173897791,588.1803422811157,7235.912111489655,5.788173841807134,-4.551796967812981,-0.3245093482452222,7305.600979219667,7.370693208665678
gmat_j2,2026-06-17T06:30:00Z,EarthMJ2000Eq,16080.0,2026-06-17T10:58:00Z,1162.543323094649,314.1621600638947,7203.169519041589,5.727704474697646,-4.579357898855792,-0.766654293991666,7303.140143865364,7.373254106687239
gmat_j2,2026-06-17T06:30:00Z,EarthMJ2000Eq,16140.0,2026-06-17T10:59:00Z,1503.864196441199,38.99270150990586,7143.960327337783,5.646164620226132,-4.590155352270793,-1.206462718872968,7300.636760631564,7.375923899329756
gmat_j2,2026-06-17T06:30:00Z,EarthMJ2000Eq,16200.0,2026-06-17T11:00:00Z,1839.666564919919,-236.3196408403111,7058.472694692681,5.543801756679692,-4.584112811812049,-1.64233627595378,7298.099535115516,7.378692067846303
gmat_j2,2026-06-17T06:30:00Z,EarthMJ2000Eq,16260.0,2026-06-17T11:01:00Z,2168.710336375429,-510.7636433290489,6946.990524753115,5.420937754105403,-4.561212567624776,-2.072682648251519,7295.537086017584,7.381547234916706
gmat_j2,2026-06-17T06:30:00Z,EarthMJ2000Eq,16320.0,2026-06-17T11:02:00Z,2489.776945794107,-783.328792079565,6809.892952532022,5.277968664438824,-4.52149643105659,-2.495920785658862,7292.957922630156,7.384477216915195
gmat_j2,2026-06-17T06:30:00Z,EarthMJ2000Eq,16380.0,2026-06-17T11:03:00Z,2801.673819283488,-1053.008892912388,6647.653498495825,5.115364291376766,-4.465066306789544,-2.910486310652291,7290.3704264100925,7.387469087719699
gmat_j2,2026-06-17T06:30:00Z,EarthMJ2000Eq,16440.0,2026-06-17T11:04:00Z,3103.238765569587,-1318.805677294066,6460.838910364492,4.93366755042113,-4.392084613034769,-3.314836989651573,7287.7828367945185,7.390509252690069
gmat_j2,2026-06-17T06:30:00Z,EarthMJ2000Eq,16500.0,2026-06-17T11:05:00Z,3393.344333140268,-1579.732437901415,6250.107669151099,4.733493580319553,-4.302774530049505,-3.707458331438862,7285.203237699996,7.393583529704968
gmat_j2,2026-06-17T06:30:00Z,EarthMJ2000Eq,16560.0,2026-06-17T11:06:00Z,3670.902128882064,-1834.817693375792,6016.20814285265,4.515528575618784,-4.197420054153332,-4.086869316624013,7282.639550731745,7.396677243154604
gmat_j2,2026-06-17T06:30:00Z,EarthMJ2000Eq,16620.0,2026-06-17T11:07:00Z,3934.867013911652,-2083.108810741652,5759.97642359355,4.280528359741434,-4.076365854292793,-4.451628151018793,7280.099527816433,7.399775321693079
gmat_j2,2026-06-17T06:30:00Z,EarthMJ2000Eq,16680.0,2026-06-17T11:08:00Z,4184.241255646853,-2323.675658875893,5482.333777259092,4.029316614649652,-3.940016884345357,-4.800338151840987,7277.590748206813,7.402862405991237
gmat_j2,2026-06-17T06:30:00Z,EarthMJ2000Eq,16740.0,2026-06-17T11:09:00Z,4418.078524645509,-2555.61419499347,5184.283773452521,3.762782815115193,-3.788837762753081,-5.131653614031464,7275.120618056381,7.40592296210217
gmat_j2,2026-06-17T06:30:00Z,EarthMJ2000Eq,16800.0,2026-06-17T11:10:00Z,4635.487768991097,-2778.050016796768,4866.909053265967,3.481879812168791,-3.623351883091779,-5.444285696006293,7272.69636964536,7.408941397718843
gmat_j2,2026-06-17T06:30:00Z,EarthMJ2000Eq,16860.0,2026-06-17T11:11:00Z,4835.636947670041,-2990.1418673179,4531.367726381749,3.187621044242309,-3.444140233264231,-5.737008291292339,7270.325064813342,7.411902185164269
gmat_j2,2026-06-17T06:30:00Z,EarthMJ2000Eq,16920.0,2026-06-17T11:12:00Z,5017.756561210103,-3191.085035750445,4178.889449448455,2.881077409808999,-3.25183993293422,-6.008663787132213,7268.013596827476,7.41478998337319
gmat_j2,2026-06-17T06:30:00Z,EarthMJ2000Eq,16980.0,2026-06-17T11:13:00Z,5181.14300281222,-3380.114680690276,3810.771136213063,2.563373746292388,-3.047142449256227,-6.25816872739206,7265.768694556865,7.417589762837269
gmat_j2,2026-06-17T06:30:00Z,EarthMJ2000Eq,17040.0,2026-06-17T11:14:00Z,5325.161677526608,-3556.509027136613,3428.372346376896,2.235684948854365,-2.830791501405844,-6.484519287023233,7263.596925580607,7.42028692832978
gmat_j2,2026-06-17T06:30:00Z,EarthMJ2000Eq,17100.0,2026-06-17T11:15:00Z,5449.249880530554,-3719.592431176417,3033.110348148661,1.899231718879293,-2.603580640316958,-6.686796524178614,7261.50469934253,7.42286743977
gmat_j2,2026-06-17T06:30:00Z,EarthMJ2000Eq,17160.0,2026-06-17T11:16:00Z,5552.919408968917,-3868.738289124798,2626.454874718373,1.555275957477082,-2.366350505502221,-6.864171350331202,7259.498269245326,7.425317928917559
gmat_j2,2026-06-17T06:30:00Z,EarthMJ2000Eq,17220.0,2026-06-17T11:17:00Z,5635.758887222145,-4003.371772545605,2209.922592199023,1.205115820031637,-2.119985762403014,-7.015909164828818,7257.583733421887,7.427625810554205
gmat_j2,2026-06-17T06:30:00Z,EarthMJ2000Eq,17280.0,2026-06-17T11:18:00Z,5697.435785834804,-4122.972370132092,1785.071300923474,0.8500804548467864,-1.865411729105562,-7.1413740999335,7255.767033743869,7.4297793866304085
gmat_j2,2026-06-17T06:30:00Z,EarthMJ2000Eq,17340.0,2026-06-17T11:19:00Z,5737.698115992834,-4227.076218201873,1353.493895025976,0.4915244547491585,-1.603590706133498,-7.240032824563982,7254.053952696255,7.431767941962269
gmat_j2,2026-06-17T06:30:00Z,EarthMJ2000Eq,17400.0,2026-06-17T11:20:00Z,5756.375783334548,-4315.278202525406,916.8121082613818,0.1308220561396252,-1.335518027947,-7.311457858209905,7252.450107791574,7.43358183016259
gmat_j2,2026-06-17T06:30:00Z,EarthMJ2000Eq,17460.0,2026-06-17T11:21:00Z,5753.381587109848,-4387.233815468564,476.6700768112062,-0.2306388748506209,-1.062217859536812,-7.355330350937462,7250.960943255224,7.43521254861844
gmat_j2,2026-06-17T06:30:00Z,EarthMJ2000Eq,17520.0,2026-06-17T11:22:00Z,5728.711853180473,-4442.660753971441,34.72775210643128,-0.5914630250799875,-0.7847387658185102,-7.371442290931085,7249.591718739402,7.4366528014384565
gmat_j2,2026-06-17T06:30:00Z,EarthMJ2000Eq,17580.0,2026-06-17T11:23:00Z,5682.446692445093,-4481.34024564559,-407.3457994996602,-0.9502539368646611,-0.504149086639191,-7.359698107797528,7248.347495125566,7.4378965496976654
gmat_j2,2026-06-17T06:30:00Z,EarthMJ2000Eq,17640.0,2026-06-17T11:24:00Z,5614.74987739075,-4503.118092485704,-847.8791813428852,-1.30562038596806,-0.2215321474166025,-7.320115645889898,7247.233116623627,7.438939047592505
gmat_j2,2026-06-17T06:30:00Z,EarthMJ2000Eq,17700.0,2026-06-17T11:25:00Z,5525.868339670427,-4507.90542315255,-1285.205468201682,-1.656182759269018,0.06201863780713961,-7.252826495056482,7246.253190922581,7.439776865667994
gmat_j2,2026-06-17T06:30:00Z,EarthMJ2000Eq,17760.0,2026-06-17T11:26:00Z,5416.131277349205,-4495.679148985248,-1717.669048542741,-2.000579428691221,0.3454047710557959,-7.15807566207493,7245.412064501424,7.44040789811688
gmat_j2,2026-06-17T06:30:00Z,EarthMJ2000Eq,17820.0,2026-06-17T11:27:00Z,5285.948889508978,-4466.482117901162,-2143.632391026441,-2.337473006255571,0.6275276917401508,-7.036220592871528,7244.713796961878,7.440831357477707
gmat_j2,2026-06-17T06:30:00Z,EarthMJ2000Eq,17880.0,2026-06-17T11:28:00Z,5135.810743267224,-4420.422969106105,-2561.482729110203,-2.665556455134416,0.9072937933633451,-6.88772955585127,7244.162131536657,7.44104775401499
gmat_j2,2026-06-17T06:30:00Z,EarthMJ2000Eq,17940.0,2026-06-17T11:29:00Z,4966.28375990011,-4357.675681738362,-2969.638684016366,-2.983559052782089,1.18361943361,-6.713179380119404,7243.760462954854,7.4410588611243735
gmat_j2,2026-06-17T06:30:00Z,EarthMJ2000Eq,18000.0,2026-06-17T11:30:00Z,4778.009880391546,-4278.478835501452,-3366.556655294275,-3.290252054707389,1.455435808082202,-6.513252620747422,7243.511805489053,7.440867669608649
gmat_j2,2026-06-17T06:30:00Z,EarthMJ2000Eq,18060.0,2026-06-17T11:31:00Z,4571.703368366118,-4183.134570289083,-3750.737095179034,-3.584454135296573,1.721693751279067,-6.288734125799591,7243.418756266256,7.4404783264407435
gmat_j2,2026-06-17T06:30:00Z,EarthMJ2000Eq,18120.0,2026-06-17T11:32:00Z,4348.147815880334,-4072.007270682059,-4120.730518651,-3.865036478809949,1.98136835151977,-6.040507092941926,7243.48346091673,7.439896065592415
gmat_j2,2026-06-17T06:30:00Z,EarthMJ2000Eq,18180.0,2026-06-17T11:33:00Z,4108.192857416701,-3945.52198133331,-4475.143260057615,-4.130927521349541,2.233463375430185,-5.769548645396398,7243.707576714637,7.439127126728408
gmat_j2,2026-06-17T06:30:00Z,EarthMJ2000Eq,18240.0,2026-06-17T11:34:00Z,3852.750583454519,-3804.162549257216,-4812.642992175445,-4.381117350556235,2.477015504913133,-5.476924941158613,7244.092236410006,7.438178665641894
gmat_j2,2026-06-17T06:30:00Z,EarthMJ2000Eq,18300.0,2026-06-17T11:35:00Z,3582.791730052664,-3648.469533566023,-5131.963896120636,-4.614661677471009,2.711098301554645,-5.163785926076917,7244.638013688395,7.4370586584053555
gmat_j2,2026-06-17T06:30:00Z,EarthMJ2000Eq,18360.0,2026-06-17T11:36:00Z,3299.341641873169,-3479.037885887406,-5431.911512933342,-4.830685407178041,2.934825915093361,-4.83135975491895,7245.3448893462655,7.4357757992341975
gmat_j2,2026-06-17T06:30:00Z,EarthMJ2000Eq,18420.0,2026-06-17T11:37:00Z,3003.475997748742,-3296.514394965962,-5711.367288292323,-5.028385821152015,3.147356544214775,-4.480946891100653,7246.212219294036,7.434339393896327
gmat_j2,2026-06-17T06:30:00Z,EarthMJ2000Eq,18480.0,2026-06-17T11:38:00Z,2696.316412497717,-3101.59496533769,-5969.292701282001,-5.207035301574315,3.347895569187739,-4.113914041600122,7247.23870718298,7.432759253177965
gmat_j2,2026-06-17T06:30:00Z,EarthMJ2000Eq,18540.0,2026-06-17T11:39:00Z,2379.025837044731,-2895.021685345452,-6204.733070558259,-5.365983676217528,3.535698429254686,-3.731687856694215,7248.422377926533,7.431045582949017
gmat_j2,2026-06-17T06:30:00Z,EarthMJ2000Eq,18600.0,2026-06-17T11:40:00Z,2052.803863581104,-2677.579752554159,-6416.820950091858,-5.504660135673904,3.710073182944231,-3.335748539507751,7249.760557367345,7.429208877862264
gmat_j2,2026-06-17T06:30:00Z,EarthMJ2000Eq,18660.0,2026-06-17T11:41:00Z,1718.881912109749,-2450.09424436204,-6604.779150887924,-5.622574764325016,3.870382785567248,-2.927623352994321,7251.249855441327,7.427259816664387
gmat_j2,2026-06-17T06:30:00Z,EarthMJ2000Eq,18720.0,2026-06-17T11:42:00Z,1378.518341204915,-2213.426763619306,-6767.92336822405,-5.719319688030445,4.016047075545912,-2.508880087880283,7252.886154704054,7.425209162189017
gmat_j2,2026-06-17T06:30:00Z,EarthMJ2000Eq,18780.0,2026-06-17T11:43:00Z,1032.993500150788,-1968.47197304312,-6905.664417091951,-5.794569858265625,4.146544479966166,-2.081120521055038,7254.664604342503,7.423067667064256
gmat_j2,2026-06-17T06:30:00Z,EarthMJ2000Eq,18840.0,2026-06-17T11:44:00Z,683.604744580358,-1716.154035569286,-7017.510075601002,-5.848083490550361,4.261413447866684,-1.645973896338168,7256.579620025891,7.420845986377387
gmat_j2,2026-06-17T06:30:00Z,EarthMJ2000Eq,18900.0,2026-06-17T11:45:00Z,331.6614356925017,-1457.422976608238,-7103.066538570822,-5.879702176264559,4.360253621738694,-1.205090453701537,7258.624889883462,7.418554598374144
gmat_j2,2026-06-17T06:30:00Z,EarthMJ2000Eq,18960.0,2026-06-17T11:46:00Z,-21.52005791901063,-1193.250983585763,-7162.039484881615,-5.889350686910481,4.442726758433555,-0.760135028561015,7260.793386794899,7.416203734065018
gmat_j2,2026-06-17T06:30:00Z,EarthMJ2000Eq,19020.0,2026-06-17T11:47:00Z,-374.6213379184642,-924.6286574695287,-7194.234763329852,-5.877036489290703,4.508557410932941,-0.3127807385019673,7263.077387095738,7.413803316416654
gmat_j2,2026-06-17T06:30:00Z,EarthMJ2000Eq,19080.0,2026-06-17T11:48:00Z,-726.3269166418726,-652.5612302126268,-7199.558702641739,-5.84284898891826,4.557533382202026,0.1352972291241987,7265.468495685567,7.4113629095732225
gmat_j2,2026-06-17T06:30:00Z,EarthMJ2000Eq,19140.0,2026-06-17T11:49:00Z,-1075.329103929028,-378.0647618874162,-7178.018052120568,-5.786958517600456,4.589505961684502,0.5824277177109597,7267.957677539582,7.40889167845799
gmat_j2,2026-06-17T06:30:00Z,EarthMJ2000Eq,19200.0,2026-06-17T11:50:00Z,-1420.332824548981,-102.1623309808781,-7129.719560009762,-5.709615079416717,4.604389954011148,1.026949581071359,7270.53529519997,7.406398358565665
gmat_j2,2026-06-17T06:30:00Z,EarthMJ2000Eq,19260.0,2026-06-17T11:51:00Z,-1760.060366990238,174.1197819616211,-7054.869194272303,-5.611146863326521,4.6021635086052,1.467217555641544,7273.191152596809,7.4038912361905425
gmat_j2,2026-06-17T06:30:00Z,EarthMJ2000Eq,19320.0,2026-06-17T11:52:00Z,-2093.255998762113,449.7558641974114,-6953.771022530899,-5.491958545504358,4.582867756168034,1.90160795412612,7275.9145437205325,7.401378138377926
gmat_j2,2026-06-17T06:30:00Z,EarthMJ2000Eq,19380.0,2026-06-17T11:53:00Z,-2418.690526698073,723.7245564985113,-6826.825742760692,-5.352529366129169,4.546606259423023,2.328524294502194,7278.694307335489,7.398866432338584
gmat_j2,2026-06-17T06:30:00Z,EarthMJ2000Eq,19440.0,2026-06-17T11:54:00Z,-2735.165692537275,995.0125652280453,-6674.528890494347,-5.193411012071125,4.493544280655049,2.746402734438825,7281.518885551167,7.396363033426793
gmat_j2,2026-06-17T06:30:00Z,EarthMJ2000Eq,19500.0,2026-06-17T11:55:00Z,-3041.518455757533,1262.618341713425,-6497.468719096369,-5.015225293641395,4.423907870019477,3.153717389062933,7284.376387116515,7.393874421335448
gmat_j2,2026-06-17T06:30:00Z,EarthMJ2000Eq,19560.0,2026-06-17T11:56:00Z,-3336.625125518939,1525.555697000694,-6296.323766934732,-4.818661626254498,4.33798277632792,3.548985492072759,7287.254653912042,7.391406663078298
gmat_j2,2026-06-17T06:30:00Z,EarthMJ2000Eq,19620.0,2026-06-17T11:57:00Z,-3619.405336754083,1782.857346841588,-6071.860119244303,-4.604474318250559,4.236113181502388,3.93077240140407,7290.141330494245,7.388965442168961
gmat_j2,2026-06-17T06:30:00Z,EarthMJ2000Eq,19680.0,2026-06-17T11:58:00Z,-3888.825857584696,2033.578375304042,-5824.928374641498,-4.373479668081609,4.118700259373718,4.297696438591724,7293.02393584631,7.386556092792658
gmat_j2,2026-06-17T06:30:00Z,EarthMJ2000Eq,19740.0,2026-06-17T11:59:00Z,-4143.904216943455,2276.799606670721,-5556.460326520506,-4.126552873766379,3.98620055930084,4.648433551186289,7295.889936692717,7.384183637935494
gmat_j2,2026-06-17T06:30:00Z,EarthMJ2000Eq,19800.0,2026-06-17T12:00:00Z,-4383.712141216491,2511.630875112941,-5267.465370327131,-3.864624758145378,3.839124215220282,4.981721785503709,7298.726821676846,7.38185283037553
gmat_j2,2026-06-17T06:30:00Z,EarthMJ2000Eq,19860.0,2026-06-17T12:01:00Z,-4607.37878898389,2737.214181695372,-4959.026648511734,-3.588678314398471,3.678032981186694,5.296365555396364,7301.522175704354,7.379568195451545
gmat_j2,2026-06-17T06:30:00Z,EarthMJ2000Eq,19920.0,2026-06-17T12:02:00Z,-4814.093773238937,2952.726728350929,-4632.296945864918,-3.29974507756235,3.503538095216284,5.591239691337439,7304.263753762273,7.377334074549958
gmat_j2,2026-06-17T06:30:00Z,EarthMJ2000Eq,19980.0,2026-06-17T12:03:00Z,-5003.109960856054,3157.383818602866,-4288.494348916949,-2.998901329339556,3.316297974266179,5.865293253025901,7306.939553539833,7.375154668291891
gmat_j2,2026-06-17T06:30:00Z,EarthMJ2000Eq,20040.0,2026-06-17T12:04:00Z,-5173.746039569584,3350.441615020407,-3928.897684107246,-2.687264145253101,3.117015744429604,6.117553088018854,7309.537886200864,7.3730340784587405
gmat_j2,2026-06-17T06:30:00Z,EarthMJ2000Eq,20100.0,2026-06-17T12:05:00Z,-5325.388843314181,3531.199743667457,-3554.84175052047,-2.365987295129214,2.906436611872001,6.34712711860808,7312.04744469124,7.370976347765129
gmat_j2,2026-06-17T06:30:00Z,EarthMJ2000Eq,20160.0,2026-06-17T12:06:00Z,-5457.495427527199,3699.003736222221,-3167.71236395417,-2.036257009776392,2.685345081534716,6.553207339396304,7314.457368992888,7.36898549665446
gmat_j2,2026-06-17T06:30:00Z,EarthMJ2000Eq,20220.0,2026-06-17T12:07:00Z,-5569.594886795805,3853.247300850873,-2768.94123027947,-1.699287628820505,2.454562032352844,6.735072508613552,7316.757307802282,7.3670655564079635
gmat_j2,2026-06-17T06:30:00Z,EarthMJ2000Eq,20280.0,2026-06-17T12:08:00Z,-5661.289908207724,3993.374413527966,-2360.000666932475,-1.356317146417563,2.214941659296678,6.892090517387926,7318.9374761174295,7.365220597892692
gmat_j2,2026-06-17T06:30:00Z,EarthMJ2000Eq,20340.0,2026-06-17T12:09:00Z,-5732.258054869631,4118.881222216188,-1942.398192188539,-1.008602673213584,1.967368294102741,7.02372042284367,7320.988708320768,7.363454755434136
gmat_j2,2026-06-17T06:30:00Z,EarthMJ2000Eq,20400.0,2026-06-17T12:10:00Z,-5782.252775103458,4229.317756953284,-1517.671002916244,-0.6574158346139973,1.712753118182235,7.129514132729362,7322.902506353938,7.361772245338204
gmat_j2,2026-06-17T06:30:00Z,EarthMJ2000Eq,20460.0,2026-06-17T12:11:00Z,-5811.104134161737,4324.289439854802,-1087.3803619323,-0.3040381264466068,1.452030782407049,7.209117731782746,7324.671082664901,7.360177378711413
gmat_j2,2026-06-17T06:30:00Z,EarthMJ2000Eq,20520.0,2026-06-17T12:12:00Z,-5818.71926655387,4403.458389903831,-653.1059167153679,0.05024374988409463,1.186155949695689,7.262272442624573,7326.287397654303,7.358674568310871
gmat_j2,2026-06-17T06:30:00Z,EarthMJ2000Eq,20580.0,2026-06-17T12:13:00Z,-5805.082548431222,4466.544518398684,-216.4399715444092,0.4041425501225681,0.9160997772230682,7.288815216884148,7327.745191409169,7.3572683292462315
gmat_j2,2026-06-17T06:30:00Z,EarthMJ2000Eq,20640.0,2026-06-17T12:14:00Z,-5770.255490843302,4513.3264119581,221.0182646983534,0.7563751249338637,0.6428463557506326,7.28867895530807,7329.039009571182,7.355963273444976
gmat_j2,2026-06-17T06:30:00Z,EarthMJ2000Eq,20700.0,2026-06-17T12:15:00Z,-5714.376356043675,4543.642001046473,657.6684328396785,1.105667010065276,0.3673891239624291,7.261892358734107,7330.164223244823,7.354764097875157
gmat_j2,2026-06-17T06:30:00Z,EarthMJ2000Eq,20760.0,2026-06-17T12:16:00Z,-5637.659500365101,4557.389013058054,1091.914757840448,1.450756946801687,0.09072727578572279,7.208579414941224,7331.117042906143,7.353675566597918
gmat_j2,2026-06-17T06:30:00Z,EarthMJ2000Eq,20820.0,2026-06-17T12:17:00Z,-5540.394448559885,4554.525210098103,1522.171741519478,1.790401311373595,-0.1861378213837151,7.128958529518146,7331.894526364437,7.352702486834843
gmat_j2,2026-06-17T06:30:00Z,EarthMJ2000Eq,20880.0,2026-06-17T12:18:00Z,-5422.944705063275,4535.068412436413,1946.869794144912,2.123378434634989,-0.4622061813164304,7.023341311129466,7332.494580632583,7.3518496790493355
gmat_j2,2026-06-17T06:30:00Z,EarthMJ2000Eq,20940.0,2026-06-17T12:19:00Z,-5285.746312788327,4499.096310915833,2364.46077545983,2.448492786582145,-0.7364827038563908,6.892131028207717,7332.915958657916,7.351121942194129
gmat_j2,2026-06-17T06:30:00Z,EarthMJ2000Eq,21000.0,2026-06-17T12:20:00Z,-5129.306155445886,4446.746067497225,2773.423458597031,2.764579034624888,-1.007980636363461,6.735820740948253,7333.158249062501,7.3505240123517614
gmat_j2,2026-06-17T06:30:00Z,EarthMJ2000Eq,21060.0,2026-06-17T12:21:00Z,-4954.200040011031,4378.213716866863,3172.268825016141,3.070505904297191,-1.275724928745212,6.554991153942291,7333.221862535985,7.350060518826194
gmat_j2,2026-06-17T06:30:00Z,EarthMJ2000Eq,21120.0,2026-06-17T12:22:00Z,-4761.070533160596,4293.753362539848,3559.545271781806,3.365179906542767,-1.538755534520223,6.350308173469512,7333.108011063017,7.349735933790376
gmat_j2,2026-06-17T06:30:00Z,EarthMJ2000Eq,21180.0,2026-06-17T12:23:00Z,-4550.624581794579,4193.676177542937,3933.843652394051,3.647548872759375,-1.796130605684383,6.122520208692581,7332.8186836990035,7.349554519676236
gmat_j2,2026-06-17T06:30:00Z,EarthMJ2000Eq,21240.0,2026-06-17T12:24:00Z,-4323.6309517942,4078.34922865655,4293.802106558615,3.916605268304592,-2.046929550624092,5.872455264472215,7332.356617655984,7.349520273198576
gmat_j2,2026-06-17T06:30:00Z,EarthMJ2000Eq,21300.0,2026-06-17T12:25:00Z,-4080.917429348845,3948.19409881058,4638.11078413306,4.171389368957736,-2.290256029171083,5.601017774999248,7331.725264420187,7.349636866027167
gmat_j2,2026-06-17T06:30:00Z,EarthMJ2000Eq,21360.0,2026-06-17T12:26:00Z,-3823.367886975532,3803.68535866427,4965.51629613221,4.410992181119198,-2.525240772087705,5.309185298451407,7330.928753850172,7.349907585283054
gmat_j2,2026-06-17T06:30:00Z,EarthMJ2000Eq,21420.0,2026-06-17T12:27:00Z,-3551.919142574281,3645.348852869525,5274.826017623512,4.634558206988792,-2.751044315385681,4.998005002161016,7329.971853336185,7.350335271319913
gmat_j2,2026-06-17T06:30:00Z,EarthMJ2000Eq,21480.0,2026-06-17T12:28:00Z,-3267.557666058014,3473.759829444328,5564.91216018364,4.841288001736527,-2.966859597166505,4.66859000489819,7328.85992527046,7.3509222563493575
gmat_j2,2026-06-17T06:30:00Z,EarthMJ2000Eq,21540.0,2026-06-17T12:29:00Z,-2971.316165918555,3289.540934005919,5834.715593987291,5.030440518924878,-3.171914406769222,4.322115619712968,7327.598882107831,7.351670303303743
gmat_j2,2026-06-17T06:30:00Z,EarthMJ2000Eq,21600.0,2026-06-17T12:30:00Z,-2664.270002389267,3093.360037862782,6083.24948087718,5.201335298457054,-3.365473738117857,3.959815439181794,7326.195139093022,7.352580545721265
gmat_j2,2026-06-17T06:30:00Z,EarthMJ2000Eq,21660.0,2026-06-17T12:31:00Z,-2347.533485632545,2885.927934448728,6309.602654128873,5.353354461139001,-3.546842007929624,3.582977331279697,7324.655566099181,7.3536534302532415
gmat_j2,2026-06-17T06:30:00Z,EarthMJ2000Eq,21720.0,2026-06-17T12:32:00Z,-2022.2560932832,2667.995928808914,6512.942733495008,5.485944514550297,-3.715365135506633,3.192939386992903,7322.987439067979,7.35488866237099
gmat_j2,2026-06-17T06:30:00Z,EarthMJ2000Eq,21780.0,2026-06-17T12:33:00Z,-1689.618519855737,2440.353262815744,6692.519037828777,5.598618022523113,-3.870432542765058,2.79108571227987,7321.198389722516,7.356285155124715
gmat_j2,2026-06-17T06:30:00Z,EarthMJ2000Eq,21840.0,2026-06-17T12:34:00Z,-1350.828703568989,2203.82447273869,6847.66519890097,5.690955084658662,-4.011479004593532,2.378842232816133,7319.296357524218,7.357840984183244
gmat_j2,2026-06-17T06:30:00Z,EarthMJ2000Eq,21900.0,2026-06-17T12:35:00Z,-1007.117705908906,1959.266595855546,6977.80155558144,5.762604687145219,-4.13798642353733,1.957672354330807,7317.2895402782415,7.359553347085571
gmat_j2,2026-06-17T06:30:00Z,EarthMJ2000Eq,21960.0,2026-06-17T12:36:00Z,-659.735556378498,1707.566302607735,7082.437264915145,5.813285893027268,-4.249485482973854,1.52907260407581,7315.186347155499,7.361418529917351
gmat_j2,2026-06-17T06:30:00Z,EarthMJ2000Eq,22020.0,2026-06-17T12:37:00Z,-309.9470108436773,1449.636919092,7161.172158459428,5.8427888970096,-4.345557210769533,1.094568179046194,7312.995352782603,7.363431880968971
gmat_j2,2026-06-17T06:30:00Z,EarthMJ2000Eq,22080.0,2026-06-17T12:38:00Z,40.9727434820085,1186.415362643929,7213.698326819687,5.85097593986612,-4.425834445231148,0.6557084269554357,7310.725253269139,7.365587792339937
gmat_j2,2026-06-17T06:30:00Z,EarthMJ2000Eq,22140.0,2026-06-17T12:39:00Z,391.7424350097698,918.8589914131377,7239.801431199789,5.837782085460065,-4.49000320805152,0.2140622459831017,7308.384824616905,7.3678796903034955
gmat_j2,2026-06-17T06:30:00Z,EarthMJ2000Eq,22200.0,2026-06-17T12:40:00Z,741.0790969708396,647.9423745269336,7239.361736268848,5.803215858510452,-4.537803983703273,-0.2287866019397825,7305.982883721274,7.370300034883766
gmat_j2,2026-06-17T06:30:00Z,EarthMJ2000Eq,22260.0,2026-06-17T12:41:00Z,1087.702490637791,374.653988312895,7212.354859042051,5.747359739204416,-4.569032903634325,-0.6712442723795274,7303.528252279572,7.372840329175947
gmat_j2,2026-06-17T06:30:00Z,EarthMJ2000Eq,22320.0,2026-06-17T12:42:00Z,1430.339553766203,99.99284441723236,7158.852227852447,5.670370507978562,-4.583542831434963,-1.111711722054266,7301.029723828735,7.3754911387855895
gmat_j2,2026-06-17T06:30:00Z,EarthMJ2000Eq,22380.0,2026-06-17T12:43:00Z,1767.728865000306,-175.0349440713144,7079.021245044377,5.572479431079791,-4.581244342961817,-1.548589702274213,7298.4960340874995,7.378242121651792
gmat_j2,2026-06-17T06:30:00Z,EarthMJ2000Eq,22440.0,2026-06-17T12:44:00Z,2098.625114344113,-449.4196519552345,6973.125146606877,5.453992274849689,-4.562106593129967,-1.980283868308228,7295.935834720628,7.381082068388198
gmat_j2,2026-06-17T06:30:00Z,EarthMJ2000Eq,22500.0,2026-06-17T12:45:00Z,2421.803568943275,-722.1514795663202,6841.522551693279,5.315289134216678,-4.526158058834699,-2.405210008772343,7293.3576706009635,7.383998953153692
gmat_j2,2026-06-17T06:30:00Z,EarthMJ2000Eq,22560.0,2026-06-17T12:46:00Z,2736.064522943959,-992.2241312698858,6684.666694469315,5.156824058335689,-4.473487145146032,-2.821799397074984,7290.7699604729105,7.38697999481177
gmat_j2,2026-06-17T06:30:00Z,EarthMJ2000Eq,22620.0,2026-06-17T12:47:00Z,3040.23771670011,-1258.638424393429,6503.104332486486,4.979124456124631,-4.404242640653854,-3.228504260303654,7288.18098132929,7.390011728416328
gmat_j2,2026-06-17T06:30:00Z,EarthMJ2000Eq,22680.0,2026-06-17T12:48:00Z,3333.186717461668,-1520.405924407671,6297.474320148918,4.782790257506092,-4.318634003617534,-3.62380336780287,7285.598855370224,7.39308008566093
gmat_j2,2026-06-17T06:30:00Z,EarthMJ2000Eq,22740.0,2026-06-17T12:49:00Z,3613.813236768031,-1776.552586982515,6068.505848296136,4.568492816649007,-4.21693146435667,-4.006207715876915,7283.031541560046,7.396170485704517
gmat_j2,2026-06-17T06:30:00Z,EarthMJ2000Eq,22800.0,2026-06-17T12:50:00Z,3881.061371775979,-2026.122398657773,5817.016340193965,4.336973532656502,-4.099465923140343,-4.37426629828325,7280.486827672856,7.399267931778695
gmat_j2,2026-06-17T06:30:00Z,EarthMJ2000Eq,22860.0,2026-06-17T12:51:00Z,4133.92177393495,-2268.181022149292,5543.908983948561,4.089042152722129,-3.966628617799037,-4.726571970278274,7277.972327822994,7.40235711841174
gmat_j2,2026-06-17T06:30:00Z,EarthMJ2000Eq,22920.0,2026-06-17T12:52:00Z,4371.435669504163,-2501.819380293539,5250.169945663289,3.825574783020437,-3.818870563252468,-5.061767302758675,7275.495480211071,7.405422542072459
gmat_j2,2026-06-17T06:30:00Z,EarthMJ2000Eq,22980.0,2026-06-17T12:53:00Z,4592.698787951408,-2726.157233874505,4936.865193396352,3.547511526989196,-3.656701712961225,-5.378550499244668,7273.063546981081,7.408448617937486
gmat_j2,2026-06-17T06:30:00Z,EarthMJ2000Eq,23040.0,2026-06-17T12:54:00Z,4796.865123673964,-2940.346687566434,4605.136979250939,3.255853780268344,-3.480689846450792,-5.6756812654563,7270.683616790583,7.411419801409506
gmat_j2,2026-06-17T06:30:00Z,EarthMJ2000Eq,23100.0,2026-06-17T12:55:00Z,4983.150509391204,-3143.575604274944,4256.199997091149,2.95166118370007,-3.29145917673408,-5.951986588177673,7268.362607511894,7.41432071071353
gmat_j2,2026-06-17T06:30:00Z,EarthMJ2000Eq,23160.0,2026-06-17T12:56:00Z,5150.836023014921,-3335.070955752488,3891.337150896745,2.636048166024137,-3.089688627693167,-6.206366441323401,7266.1072685338995,7.417136250176412
gmat_j2,2026-06-17T06:30:00Z,EarthMJ2000Eq,23220.0,2026-06-17T12:57:00Z,5299.271158102928,-3514.102040893577,3511.895019366043,2.310180142723556,-2.876109812969453,-6.437799300519666,7263.924186551094,7.419851735841148
gmat_j2,2026-06-17T06:30:00Z,EarthMJ2000Eq,23280.0,2026-06-17T12:58:00Z,5427.876755877202,-3679.983574589617,3119.278990529164,1.975269342093167,-2.651504690222927,-6.645347443935855,7261.81978618294,7.422453014112798
gmat_j2,2026-06-17T06:30:00Z,EarthMJ2000Eq,23340.0,2026-06-17T12:59:00Z,5536.147687969446,-3832.078639747846,2714.948060547174,1.632570250390032,-2.416702878134626,-6.828162001688155,7259.800334423117,7.424926581787913
gmat_j2,2026-06-17T06:30:00Z,EarthMJ2000Eq,23400.0,2026-06-17T13:00:00Z,5623.655237293385,-3969.801445907982,2300.409390520569,1.283374757126745,-2.172578681617971,-6.985487650574276,7257.871940993836,7.427259697316146
gmat_j2,2026-06-17T06:30:00Z,EarthMJ2000Eq,23460.0,2026-06-17T13:01:00Z,5690.049194374475,-4092.619922011508,1877.212537712655,0.9290069326373425,-1.920047773519474,-7.116666959212505,7256.040557507426,7.429440486458741
gmat_j2,2026-06-17T06:30:00Z,EarthMJ2000Eq,23520.0,2026-06-17T13:02:00Z,5735.05962356594,-4200.058090337792,1446.943466117213,0.5708175344529796,-1.660063591519489,-7.221144287796283,7254.311975798087,7.43145804070106
gmat_j2,2026-06-17T06:30:00Z,EarthMJ2000Eq,23580.0,2026-06-17T13:03:00Z,5758.498291019557,-4291.698214178346,1011.218343229959,0.2101782582130511,-1.393613456348587,-7.298469206281054,7252.691822140349,7.433302504336423
gmat_j2,2026-06-17T06:30:00Z,EarthMJ2000Eq,23640.0,2026-06-17T13:04:00Z,5760.259744066117,-4367.182710134601,571.6771297160163,-0.1515242479202421,-1.1217144197725,-7.348299393783879,7251.185550201262,7.4349651524346685
gmat_j2,2026-06-17T06:30:00Z,EarthMJ2000Eq,23700.0,2026-06-17T13:05:00Z,5740.322023909745,-4426.215800747736,129.9770230551527,-0.5128945381337663,-0.8454088859220014,-7.370402968555357,7249.798430266491,7.436438456044193
gmat_j2,2026-06-17T06:30:00Z,EarthMJ2000Eq,23760.0,2026-06-17T13:06:00Z,5698.747005465861,-4468.5648992819,-312.2142244876055,-0.8725346581449995,-0.565760028405556,-7.36466022071693,7248.535535773606,7.437716135079102
gmat_j2,2026-06-17T06:30:00Z,EarthMJ2000Eq,23820.0,2026-06-17T13:07:00Z,5635.680357042857,-4494.061714112413,-753.2250724901397,-1.229050514699731,-0.2838470403689576,-7.331064719907612,7247.4017266077835,7.438793197655381
gmat_j2,2026-06-17T06:30:00Z,EarthMJ2000Eq,23880.0,2026-06-17T13:08:00Z,5551.351116748538,-4502.603064054216,-1191.387006335747,-1.581058273639815,-0.0007602545817597668,-7.269723779848603,7246.401629272373,7.439665965480453
gmat_j2,2026-06-17T06:30:00Z,EarthMJ2000Eq,23940.0,2026-06-17T13:09:00Z,5446.070885493205,-4494.151397986595,-1625.041359480378,-1.92719073296995,0.2824038266046172,-7.180858269877212,7245.53961398759,7.44033208496705
gmat_j2,2026-06-17T06:30:00Z,EarthMJ2000Eq,24000.0,2026-06-17T13:10:00Z,5320.232639696847,-4468.735014599533,-2052.546104767582,-2.266103617471371,0.5645475502162882,-7.064801772182933,7244.819768869351,7.440790523984072
gmat_j2,2026-06-17T06:30:00Z,EarthMJ2000Eq,24060.0,2026-06-17T13:11:00Z,5174.309169983356,-4426.447980578771,-2472.282575717634,-2.596481742516956,0.8445771387263364,-6.921999092137828,7244.245871416896,7.441041554382019
gmat_j2,2026-06-17T06:30:00Z,EarthMJ2000Eq,24120.0,2026-06-17T13:12:00Z,5008.851155280588,-4367.449748077755,-2882.662079318728,-2.917044996822145,1.121407681609644,-6.753004137621306,7243.8213576317785,7.44108672067385
gmat_j2,2026-06-17T06:30:00Z,EarthMJ2000Eq,24180.0,2026-06-17T13:13:00Z,4824.484884183119,-4291.964474557842,-3282.132363890941,-3.226554097651533,1.393968052436954,-6.558477190715932,7243.549289034921,7.4409287953472525
gmat_j2,2026-06-17T06:30:00Z,EarthMJ2000Eq,24240.0,2026-06-17T13:14:00Z,4621.909641111994,-4200.28005188331,-3669.183902077978,-3.523816072072151,1.661205709834299,-6.339181605764046,7243.432318460706,7.440571722054516
gmat_j2,2026-06-17T06:30:00Z,EarthMJ2000Eq,24300.0,2026-06-17T13:15:00Z,4401.894764506581,-4092.746847632516,-4042.355973069408,-3.807689439348833,1.922091358568996,-6.095979960230893,7243.472654024881,7.440020546527467
gmat_j2,2026-06-17T06:30:00Z,EarthMJ2000Eq,24360.0,2026-06-17T13:16:00Z,4165.27642435826,-3969.776182189844,-4400.242466222929,-4.07708902600125,2.175623405281611,-5.829829732251447,7243.672023880439,7.43928133858318
gmat_j2,2026-06-17T06:30:00Z,EarthMJ2000Eq,24420.0,2026-06-17T13:17:00Z,3912.954089871601,-3831.838528330612,-4741.497461312916,-4.330990449771238,2.420832238415997,-5.541778496240807,7244.0316393758685,7.438361103358783
gmat_j2,2026-06-17T06:30:00Z,EarthMJ2000Eq,24480.0,2026-06-17T13:18:00Z,3645.88676833821,-3679.461475750556,-5064.840464418343,-4.568434178907601,2.656784240416921,-5.232958752028991,7244.5521606987895,7.437267686965132
gmat_j2,2026-06-17T06:30:00Z,EarthMJ2000Eq,24540.0,2026-06-17T13:19:00Z,3365.089010067953,-3513.227461972265,-5369.061331459827,-4.788529193394408,2.882585549313143,-4.904582408525433,7245.233662637345,7.4360096750284415
gmat_j2,2026-06-17T06:30:00Z,EarthMJ2000Eq,24600.0,2026-06-17T13:20:00Z,3071.626676175012,-3333.771267885178,-5653.024883586616,-4.990456255272582,3.097385571879138,-4.557934941946562,7246.075602615265,7.434596287068431
gmat_j2,2026-06-17T06:30:00Z,EarthMJ2000Eq,24660.0,2026-06-17T13:21:00Z,2766.612562919862,-3141.777334777545,-5915.675120963306,-5.173470728339901,3.300380179783367,-4.194369361414163,7247.076792156416,7.433037269385007
gmat_j2,2026-06-17T06:30:00Z,EarthMJ2000Eq,24720.0,2026-06-17T13:22:00Z,2451.201845585654,-2937.976884149152,-6156.039093942785,-5.336905001589108,3.490814634395758,-3.815299960991413,7248.2353704711595,7.431342785798506
gmat_j2,2026-06-17T06:30:00Z,EarthMJ2000Eq,24780.0,2026-06-17T13:23:00Z,2126.587389627512,-2723.144870782203,-6373.230392921652,-5.480170501705452,3.667986216285278,-3.422195933191919,7249.548782803689,7.429523310130784
gmat_j2,2026-06-17T06:30:00Z,EarthMJ2000Eq,24840.0,2026-06-17T13:24:00Z,1793.994973476083,-2498.096800420647,-6566.452238806139,-5.602759298364855,3.831246550591912,-3.016574913767214,7251.013763167981,7.4275895213188745
gmat_j2,2026-06-17T06:30:00Z,EarthMJ2000Eq,24900.0,2026-06-17T13:25:00Z,1454.678386668101,-2263.685389683001,-6735.000208181256,-5.704245341382476,3.98000366385964,-2.599996426324604,7252.626321292526,7.425552201413748
gmat_j2,2026-06-17T06:30:00Z,EarthMJ2000Eq,24960.0,2026-06-17T13:26:00Z,1109.914509902456,-2020.797141660256,-6878.264539011949,-5.784285312403887,4.113723735593802,-2.174055365585389,7254.381736279359,7.423422140812805
gmat_j2,2026-06-17T06:30:00Z,EarthMJ2000Eq,25020.0,2026-06-17T13:27:00Z,760.9983276556075,-1770.348806311301,-6995.732060419399,-5.8426191372694,4.231932589464996,-1.740375464976924,7256.274554610122,7.421210048506658
gmat_j2,2026-06-17T06:30:00Z,EarthMJ2000Eq,25080.0,2026-06-17T13:28:00Z,409.2379246065158,-1513.283762444275,-7086.98772922952,-5.879070165675603,4.334216918449228,-1.300602813211898,7258.2985953227035,7.418926471319364
gmat_j2,2026-06-17T06:30:00Z,EarthMJ2000Eq,25140.0,2026-06-17T13:29:00Z,55.94948582605998,-1250.56833742629,-7151.715777335041,-5.893545037967786,4.420225255360094,-0.8563994433226108,7260.446960850297,7.416581721332355
gmat_j2,2026-06-17T06:30:00Z,EarthMJ2000Eq,25200.0,2026-06-17T13:30:00Z,-297.5476921215786,-983.1880716451174,-7189.700478682166,-5.886033260058391,4.489668704309761,-0.4094369987392906,7262.712054492777,7.414185812947281
gmat_j2,2026-06-17T06:30:00Z,EarthMJ2000Eq,25260.0,2026-06-17T13:31:00Z,-649.9361516381314,-712.1439494029689,-7200.82653801456,-5.856606502506091,4.542321440956014,0.03860949624916759,7265.085604206753,7.41174840988049
gmat_j2,2026-06-17T06:30:00Z,EarthMJ2000Eq,25320.0,2026-06-17T13:32:00Z,-999.9051769866884,-438.4486046947974,-7185.079109611021,-5.805417640815467,4.578020994402784,0.4860677593224726,7267.558692799962,7.409278782454932
gmat_j2,2026-06-17T06:30:00Z,EarthMJ2000Eq,25380.0,2026-06-17T13:33:00Z,-1346.155631580426,-163.1225168518108,-7142.543452018102,-5.732699551024328,4.596668319685715,0.9312742543439941,7270.1217942966005,7.406785775241565
gmat_j2,2026-06-17T06:30:00Z,EarthMJ2000Eq,25440.0,2026-06-17T13:34:00Z,-1687.404716060355,112.8097921631314,-7073.40422624028,-5.638763673139078,4.598227669711998,1.372580071626762,7272.764816270665,7.404277784973013
gmat_j2,2026-06-17T06:30:00Z,EarthMJ2000Eq,25500.0,2026-06-17T13:35:00Z,-2022.390633470281,388.3235469381128,-6977.944444957117,-5.523998352872655,4.582726273951195,1.808356679276663,7275.477147813937,7.401762748426008
gmat_j2,2026-06-17T06:30:00Z,EarthMJ2000Eq,25560.0,2026-06-17T13:36:00Z,-2349.877148503437,662.3974828709012,-6856.544080633214,-5.388866970201394,4.55025382980025,2.237001541413486,7278.247712742314,7.399248139806214
gmat_j2,2026-06-17T06:30:00Z,EarthMJ2000Eq,25620.0,2026-06-17T13:37:00Z,-2668.658028237537,934.0175744047883,-6709.678340634414,-5.233905861477383,4.500961811164676,2.656943599071069,7281.065027573387,7.396740977012432
gmat_j2,2026-06-17T06:30:00Z,EarthMJ2000Eq,25680.0,2026-06-17T13:38:00Z,-2977.561352164564,1202.180716406121,-6537.915617700719,-5.059722040285354,4.435062597512522,3.066648609079066,7283.917263737815,7.394247836012158
gmat_j2,2026-06-17T06:30:00Z,EarthMJ2000Eq,25740.0,2026-06-17T13:39:00Z,-3275.453679356317,1465.898347787817,-6341.91512465364,-4.866990721246696,4.352828425664172,3.464624334887478,7286.792313492027,7.391774872509711
gmat_j2,2026-06-17T06:30:00Z,EarthMJ2000Eq,25800.0,2026-06-17T13:40:00Z,-3561.244062010145,1724.200007684282,-6122.424221546301,-4.656452649179841,4.254590165229917,3.849425583530825,7289.677858745051,7.3893278497618935
gmat_j2,2026-06-17T06:30:00Z,EarthMJ2000Eq,25860.0,2026-06-17T13:41:00Z,-3833.887892052685,1976.13681201752,-5880.275446309102,-4.428911237875846,4.140735919134249,4.219659077581557,7292.561442532017,7.386912171943562
gmat_j2,2026-06-17T06:30:00Z,EarthMJ2000Eq,25920.0,2026-06-17T13:42:00Z,-4092.390567736679,2220.784838356471,-5616.383260763795,-4.185229522980057,4.011709450562069,4.573988149269299,7295.430541713208,7.384532921275988
gmat_j2,2026-06-17T06:30:00Z,EarthMJ2000Eq,25980.0,2026-06-17T13:43:00Z,-4335.810981732406,2457.248420403507,-5331.740511114945,-3.926326921376472,3.8680084312994,4.911137261792744,7298.272641300207,7.382194898693614
gmat_j2,2026-06-17T06:30:00Z,EarthMJ2000Eq,26040.0,2026-06-17T13:44:00Z,-4563.264794735056,2684.663318335101,-5027.414638129158,-3.653175823286927,3.710182523685409,5.22989630978472,7301.075308703352,7.379902666431894
gmat_j2,2026-06-17T06:30:00Z,EarthMJ2000Eq,26100.0,2026-06-17T13:45:00Z,-4773.92751395271,2902.199783281667,-4704.543617615123,-3.366797993188752,3.538831282048441,5.5291247248619,7303.826267142315,7.377660590785103
gmat_j2,2026-06-17T06:30:00Z,EarthMJ2000Eq,26160.0,2026-06-17T13:46:00Z,-4967.037340119059,3109.065480159325,-4364.331676643194,-3.068260815404745,3.354601892506505,5.807755333489559,7306.513469624657,7.375472886685492
gmat_j2,2026-06-17T06:30:00Z,EarthMJ2000Eq,26220.0,2026-06-17T13:47:00Z,-5141.897782215997,3304.508267434838,-4008.044790316822,-2.75867338412587,3.158186750121605,6.06479796224373,7309.125168820739,7.373343658867654
gmat_j2,2026-06-17T06:30:00Z,EarthMJ2000Eq,26280.0,2026-06-17T13:48:00Z,-5297.88005180966,3487.818847089429,-3637.005935211096,-2.439182413926627,2.950320857070933,6.299342803521205,7311.649986578658,7.371276942589465
gmat_j2,2026-06-17T06:30:00Z,EarthMJ2000Eq,26340.0,2026-06-17T13:49:00Z,-5434.425185222424,3658.333228936269,-3252.590193086306,-2.110968050768474,2.731779090292363,6.510563461647783,7314.076980171884,7.369276741829349
gmat_j2,2026-06-17T06:30:00Z,EarthMJ2000Eq,26400.0,2026-06-17T13:50:00Z,-5551.045919467924,3815.435036091666,-2856.219665117946,-1.775239547434177,2.503373315964286,6.697719710744426,7316.395703492518,7.367347062107956
gmat_j2,2026-06-17T06:30:00Z,EarthMJ2000Eq,26460.0,2026-06-17T13:51:00Z,-5647.328312788633,3958.557642518713,-2449.358208575512,-1.433230814517775,2.265949356345512,6.860159946031727,7318.596266736106,7.365491941367118
gmat_j2,2026-06-17T06:30:00Z,EarthMJ2000Eq,26520.0,2026-06-17T13:52:00Z,-5722.933083315605,4087.186109218199,-2033.50607275537,-1.086195913958772,2.020383853014687,6.997323282134213,7320.669389845946,7.363715474658205
gmat_j2,2026-06-17T06:30:00Z,EarthMJ2000Eq,26580.0,2026-06-17T13:53:00Z,-5777.596683565748,4200.858940940293,-1610.194385907075,-0.735404456354796,1.767581000287849,7.108741320932782,7322.606451260001,7.362021833364951
gmat_j2,2026-06-17T06:30:00Z,EarthMJ2000Eq,26640.0,2026-06-17T13:54:00Z,-5811.132093420452,4299.1696367301,-1180.979571889245,-0.382136971459188,1.508469196862247,7.194039555240032,7324.399533189249,7.36041528075668
gmat_j2,2026-06-17T06:30:00Z,EarthMJ2000Eq,26700.0,2026-06-17T13:55:00Z,-5823.429334562539,4381.768037934395,-747.4376888413655,-0.02768024929072269,1.243997613968326,7.252938409961353,7326.041458496359,7.358900178590033
gmat_j2,2026-06-17T06:30:00Z,EarthMJ2000Eq,26760.0,2026-06-17T13:56:00Z,-5814.455708022761,4448.361474134146,-311.1586948269227,0.3266773397721484,0.9751326864895581,7.28525392065281,7327.525825166758,7.3574809907310055
gmat_j2,2026-06-17T06:30:00Z,EarthMJ2000Eq,26820.0,2026-06-17T13:57:00Z,-5784.255747907755,4498.715689657833,126.2592883439613,0.6796504823713422,0.7028545734971833,7.290898033225582,7328.847032205719,7.35616227802012
gmat_j2,2026-06-17T06:30:00Z,EarthMJ2000Eq,26880.0,2026-06-17T13:58:00Z,-5732.950900207271,4532.655560914234,563.2157328652145,1.029961529268159,0.4281535811123111,7.269878539048541,7330.000301488465,7.35494868869323
gmat_j2,2026-06-17T06:30:00Z,EarthMJ2000Eq,26940.0,2026-06-17T13:59:00Z,-5660.738926369286,4550.065597202375,998.1134420087473,1.376345033074679,0.1520265775770728,7.222298643253678,7330.981692411709,7.353844941437306
gmat_j2,2026-06-17T06:30:00Z,EarthMJ2000Eq,27000.0,2026-06-17T14:00:00Z,-5567.893036869636,4550.890227344104,1429.364256314557,1.71755220464283,-0.1245265886186699,7.148356175651732,7331.7881112718405,7.352855803082548
gmat_j2,2026-06-17T06:30:00Z,EarthMJ2000Eq,27060.0,2026-06-17T14:01:00Z,-5454.760761134535,4535.133871578131,1855.394696251524,2.052355258590388,-0.4005066430453242,7.048342454145189,7332.417314448663,7.351986060207981
gmat_j2,2026-06-17T06:30:00Z,EarthMJ2000Eq,27120.0,2026-06-17T14:02:00Z,-5321.762558010733,4502.860800832961,2274.651534532517,2.379551640049459,-0.6749184041146185,6.922640811573586,7332.867905470146,7.351240484839201
gmat_j2,2026-06-17T06:30:00Z,EarthMJ2000Eq,27180.0,2026-06-17T14:03:00Z,-5169.390184536213,4454.194788977868,2685.607249668356,2.697968093260845,-0.9467742316716875,6.771724810875413,7333.139327573707,7.35062379613028
gmat_j2,2026-06-17T06:30:00Z,EarthMJ2000Eq,27240.0,2026-06-17T14:04:00Z,-4998.204811520115,4389.318555569491,3086.765398689221,3.006464600939221,-1.215097428213078,6.596156146053727,7333.231848694987,7.35014061497282
gmat_j2,2026-06-17T06:30:00Z,EarthMJ2000Eq,27300.0,2026-06-17T14:05:00Z,-4808.834919555887,4308.473011165198,3476.665826141441,3.303938130971626,-1.478925536422105,6.396582271792035,7333.146544160884,7.3497954172462405
gmat_j2,2026-06-17T06:30:00Z,EarthMJ2000Eq,27360.0,2026-06-17T14:06:00Z,-4601.973974085877,4211.956306890779,3853.889725612015,3.589326205305098,-1.737313543012869,6.173733770695671,7332.885271603437,7.349592480284469
gmat_j2,2026-06-17T06:30:00Z,EarthMJ2000Eq,27420.0,2026-06-17T14:07:00Z,-4378.377886207595,4100.122693007071,4217.064551105725,3.861610292654159,-1.989336987236664,5.928421475460415,7332.450643566294,7.34953582832417
gmat_j2,2026-06-17T06:30:00Z,EarthMJ2000Eq,27480.0,2026-06-17T14:08:00Z,-4138.862279602277,3973.381195465017,4564.868737922081,4.119818998765914,-2.234094948586502,5.661533376509801,7331.84599459426,7.349629173994207
gmat_j2,2026-06-17T06:30:00Z,EarthMJ2000Eq,27540.0,2026-06-17T14:09:00Z,-3884.299573909063,3832.194118187036,4896.036231441155,4.363031059743935,-2.470712914393237,5.37403133629726,7331.07534533113,7.349875858621336
gmat_j2,2026-06-17T06:30:00Z,EarthMJ2000Eq,27600.0,2026-06-17T14:10:00Z,-3615.615888932612,3677.075373912594,5209.360820409387,4.590378143065188,-2.698345528767912,5.066947622964598,7330.143362783075,7.350278790822766
gmat_j2,2026-06-17T06:30:00Z,EarthMJ2000Eq,27660.0,2026-06-17T14:11:00Z,-3333.787790984702,3508.588656246457,5503.700251810252,4.801047447876808,-2.916179211175746,4.741381294282054,7329.055318104524,7.350840385032569
gmat_j2,2026-06-17T06:30:00Z,EarthMJ2000Eq,27720.0,2026-06-17T14:12:00Z,-3039.838888092246,3327.345457891988,5777.980125875057,4.994284113069686,-3.123434648984237,4.398494445168772,7327.817041706178,7.351562500089086
gmat_j2,2026-06-17T06:30:00Z,EarthMJ2000Eq,27780.0,2026-06-17T14:13:00Z,-2734.83628571096,3134.002942742717,6031.197563226417,5.169393437525565,-3.31936916450021,4.039508335975326,7326.434876625165,7.352446379170768
gmat_j2,2026-06-17T06:30:00Z,EarthMJ2000Eq,27840.0,2026-06-17T14:14:00Z,-2419.886915201377,2929.261679944249,6262.424635919009,5.325742917334416,-3.50327895750897,3.665699417590404,7324.915630402713,7.353492591672712
gmat_j2,2026-06-17T06:30:00Z,EarthMJ2000Eq,27900.0,2026-06-17T14:15:00Z,-2096.133745272668,2713.863246988384,6470.811557332178,5.462764107426706,-3.67450122710465,3.278395265122894,7323.266526074881,7.354700977997902
gmat_j2,2026-06-17T06:30:00Z,EarthMJ2000Eq,27960.0,2026-06-17T14:16:00Z,-1764.751886832278,2488.587709030759,6655.589625572559,5.579954314838136,-3.83241617674758,2.878970429998978,7321.49515274347,7.3560705981037025
gmat_j2,2026-06-17T06:30:00Z,EarthMJ2000Eq,28020.0,2026-06-17T14:17:00Z,-1426.944601103485,2254.25098129379,6816.073915736706,5.676878131025751,-3.976448907130959,2.468842217403509,7319.609416223568,7.357599684678101
gmat_j2,2026-06-17T06:30:00Z,EarthMJ2000Eq,28080.0,2026-06-17T14:18:00Z,-1083.939220457292,2011.702081146158,6951.665716691158,5.753168810256061,-4.106071201597578,2.049466393230849,7317.617490245889,7.359285601800951
gmat_j2,2026-06-17T06:30:00Z,EarthMJ2000Eq,28140.0,2026-06-17T14:19:00Z,-736.982990972289,1761.820276144051,7061.854708201529,5.808529500273029,-4.220803208682831,1.622332821955045,7315.527768668701,7.361124809916073
gmat_j2,2026-06-17T06:30:00Z,EarthMJ2000Eq,28200.0,2026-06-17T14:20:00Z,-387.3388456591676,1505.51213425425,7146.220874213625,5.842734330209201,-4.320215025772689,1.188961034611804,7313.348819165534,7.36311283793359
gmat_j2,2026-06-17T06:30:00Z,EarthMJ2000Eq,28260.0,2026-06-17T14:21:00Z,-36.28111507076787,1243.708480786238,7204.436148221198,5.855629359097648,-4.403928187419295,0.7508957213570617,7311.089338688639,7.36524426312019
gmat_j2,2026-06-17T06:30:00Z,EarthMJ2000Eq,28320.0,2026-06-17T14:22:00Z,314.9088088279473,977.3612733959125,7236.265785195936,5.84713338629234,-4.471617058633679,0.3097021528007742,7308.758111376301,7.367512699657034
gmat_j2,2026-06-17T06:30:00Z,EarthMJ2000Eq,28380.0,2026-06-17T14:23:00Z,664.9468633810734,707.4403886497265,7241.569457424466,5.81723862312444,-4.523010137183375,-0.1330384967951241,7306.363968576715,7.3699107960045085
gmat_j2,2026-06-17T06:30:00Z,EarthMJ2000Eq,28440.0,2026-06-17T14:24:00Z,1012.550741779623,434.9303332352786,7220.302065648962,5.76601122073084,-4.557891260130096,-0.5757339193319205,7303.91575243453,7.372430242642758
gmat_j2,2026-06-17T06:30:00Z,EarthMJ2000Eq,28500.0,2026-06-17T14:25:00Z,1356.444319440292,160.826907204956,7172.51426281098,5.69359165313827,-4.576100709379938,-1.016785508724803,7301.422281723601,7.375061788610731
gmat_j2,2026-06-17T06:30:00Z,EarthMJ2000Eq,28560.0,2026-06-17T14:26:00Z,1695.362147368292,-113.8662341524333,7098.352681695108,5.600194937362071,-4.577536219733464,-1.454593367229341,7298.892321697685,7.377795269822489
gmat_j2,2026-06-17T06:30:00Z,EarthMJ2000Eq,28620.0,2026-06-17T14:27:00Z,2028.053911330514,-388.1410422976281,6998.059861922963,5.486110689687931,-4.562153870371269,-1.887561372664044,7296.334556956399,7.380619646887726
gmat_j2,2026-06-17T06:30:00Z,EarthMJ2000Eq,28680.0,2026-06-17T14:28:00Z,2353.288909191381,-660.9886033103113,6871.973867230666,5.351702996290491,-4.529968857123473,-2.314102391037936,7293.757567655403,7.383523053612054
gmat_j2,2026-06-17T06:30:00Z,EarthMJ2000Eq,28740.0,2026-06-17T14:29:00Z,2669.860517886014,-931.4027111725768,6720.527583512588,5.197410081654387,-4.481056129513795,-2.732643615308279,7291.16980985217,7.3864928566283
gmat_j2,2026-06-17T06:30:00Z,EarthMJ2000Eq,28800.0,2026-06-17T14:30:00Z,2976.59060462817,-1198.383449844835,6544.247706510428,5.023743772876045,-4.415550883596213,-3.141631985571103,7288.579598563063,7.389515723909217
gmat_j2,2026-06-17T06:30:00Z,EarthMJ2000Eq,28860.0,2026-06-17T14:31:00Z,3272.33394510527,-1460.940839457006,6343.753378916259,4.83128870562038,-4.333648884753789,-3.539539786275434,7285.995094507888,7.392577704157701
gmat_j2,2026-06-17T06:30:00Z,EarthMJ2000Eq,28920.0,2026-06-17T14:32:00Z,3555.982555628788,-1718.098470481241,6119.754501610622,4.6207012841993,-4.235606611269512,-3.924870308376801,7283.424294258141,7.395664315043569
gmat_j2,2026-06-17T06:30:00Z,EarthMJ2000Eq,28980.0,2026-06-17T14:33:00Z,3826.469945525998,-1968.897131664451,5873.049713629512,4.392708373049445,-4.121741203476398,-4.296163590414158,7280.875022815178,7.398760639099906
gmat_j2,2026-06-17T06:30:00Z,EarthMJ2000Eq,29040.0,2026-06-17T14:34:00Z,4082.775318644326,-2212.398461614868,5604.523996008386,4.148105661869582,-3.992430181207879,-4.652002282199507,7278.354929331279,7.4018514283551715
gmat_j2,2026-06-17T06:30:00Z,EarthMJ2000Eq,29100.0,2026-06-17T14:35:00Z,4323.927636826867,-2447.688548828097,5315.145945870709,3.887755732402785,-3.848110931436944,-4.991017513522388,7275.871485017117,7.404921214689757
gmat_j2,2026-06-17T06:30:00Z,EarthMJ2000Eq,29160.0,2026-06-17T14:36:00Z,4549.00956494994,-2673.881499906165,5005.964693522281,3.612585784803869,-3.689279937369466,-5.311894790246994,7273.431982931999,7.407954425581801
gmat_j2,2026-06-17T06:30:00Z,EarthMJ2000Eq,29220.0,2026-06-17T14:37:00Z,4757.161274980647,-2890.122959162781,4678.106458872371,3.323585005823249,-3.516491728951525,-5.613379880202941,7271.043539671505,7.4109355043870675
gmat_j2,2026-06-17T06:30:00Z,EarthMJ2000Eq,29280.0,2026-06-17T14:38:00Z,4947.584075579834,-3095.59355114662,4332.770762541987,3.021801579164834,-3.330357545460691,-5.894284631580311,7268.71309789913,7.413849032893365
gmat_j2,2026-06-17T06:30:00Z,EarthMJ2000Eq,29340.0,2026-06-17T14:39:00Z,5119.543853267793,-3289.512235809149,3971.226288533531,2.708339323343928,-3.131543693155476,-6.153492689916497,7266.447429783687,7.416679855391404
gmat_j2,2026-06-17T06:30:00Z,EarthMJ2000Eq,29400.0,2026-06-17T14:40:00Z,5272.374300274018,-3471.139555373175,3594.806408656706,2.384353956757819,-2.9207695889861,-6.389965061343319,7264.253140604721,7.419413202419785
gmat_j2,2026-06-17T06:30:00Z,EarthMJ2000Eq,29460.0,2026-06-17T14:41:00Z,5405.479907208317,-3639.780754281449,3204.904378978841,2.051048992269418,-2.6988054835745,-6.602745470977752,7262.136672141899,7.422034812730159
gmat_j2,2026-06-17T06:30:00Z,EarthMJ2000Eq,29520.0,2026-06-17T14:42:00Z,5518.338698485868,-3794.788752825816,2802.968222265145,1.709671269793271,-2.466469860999369,-6.790965462618881,7260.1043053669855,7.424531051888547
gmat_j2,2026-06-17T06:30:00Z,EarthMJ2000Eq,29580.0,2026-06-17T14:43:00Z,5610.504689192207,-3935.566955105175,2390.495313563206,1.361506141278064,-2.224626517354675,-6.953849185124386,7258.162161989163,7.426889025959023
gmat_j2,2026-06-17T06:30:00Z,EarthMJ2000Eq,29640.0,2026-06-17T14:44:00Z,5681.610043115759,-4061.571872215888,1969.026689365761,1.007872328560863,-1.974181324798967,-7.090717811122164,7256.316204427962,7.4290966887521925
gmat_j2,2026-06-17T06:30:00Z,EarthMJ2000Eq,29700.0,2026-06-17T14:45:00Z,5731.366913085314,-4172.315542128299,1540.141104006053,0.6501164805855457,-1.716078692719605,-7.200993535227794,7254.5722338221585,7.431142941185269
gmat_j2,2026-06-17T06:30:00Z,EarthMJ2000Eq,29760.0,2026-06-17T14:46:00Z,5759.568946517047,-4267.367728545833,1105.448860061658,0.2896074622878705,-1.451297742590485,-7.284203101693253,7252.9358857313455,7.43301772139544
gmat_j2,2026-06-17T06:30:00Z,EarthMJ2000Eq,29820.0,2026-06-17T14:47:00Z,5766.092441148548,-4346.357882210067,666.5854421430744,-0.07226958740153533,-1.180848217748233,-7.339980815376706,7251.412623192607,7.4347120843191
gmat_j2,2026-06-17T06:30:00Z,EarthMJ2000Eq,29880.0,2026-06-17T14:48:00Z,5750.897138525135,-4408.976849366996,225.2049879015618,-0.4341193846685402,-0.9057661550606794,-7.368070995074565,7250.007727080465,7.436218269810098
gmat_j2,2026-06-17T06:30:00Z,EarthMJ2000Eq,29940.0,2026-06-17T14:49:00Z,5714.026644699028,-4454.978314513431,-217.0263754666586,-0.7945427755455704,-0.6271093447106125,-7.368329834252973,7248.7262830626705,7.437529757838786
gmat_j2,2026-06-17T06:30:00Z,EarthMJ2000Eq,30000.0,2026-06-17T14:50:00Z,5655.608472522203,-4484.179964511041,-658.4372781671709,-1.152143094504738,-0.3459526212285807,-7.34072664163105,7247.573166092727,7.438641310985612
gmat_j2,2026-06-17T06:30:00Z,EarthMJ2000Eq,30060.0,2026-06-17T14:51:00Z,5575.853700976334,-4496.464366622491,-1097.357914715157,-1.505532566536141,-0.06338301377720887,-7.285344442404169,7246.553021125649,7.4395490024467
gmat_j2,2026-06-17T06:30:00Z,EarthMJ2000Eq,30120.0,2026-06-17T14:52:00Z,5475.05624573477,-4491.779552078913,-1532.126887427966,-1.853338711485271,0.2195052152007269,-7.202379923608324,7245.670240744693,7.440250229863674
gmat_j2,2026-06-17T06:30:00Z,EarthMJ2000Eq,30180.0,2026-06-17T14:53:00Z,5353.591757610368,-4470.13930025122,-1961.097980609751,-2.194210643589397,0.5016155588224855,-7.092142731706916,7244.928941014936,7.440743715798646
gmat_j2,2026-06-17T06:30:00Z,EarthMJ2000Eq,30240.0,2026-06-17T14:54:00Z,5211.916136589147,-4431.62312229928,-2382.646914970158,-2.5268252847179,0.7818542977316798,-6.955054114479879,7244.332932323912,7.441029491791757
gmat_j2,2026-06-17T06:30:00Z,EarthMJ2000Eq,30300.0,2026-06-17T14:55:00Z,5050.563680522029,-4376.375943749523,-2795.177991268652,-2.849893398397544,1.059135499677488,-6.79164492900863,7243.885690353652,7.441108871037678
gmat_j2,2026-06-17T06:30:00Z,EarthMJ2000Eq,30360.0,2026-06-17T14:56:00Z,4870.14488126224,-4304.607489185803,-3197.130583183478,-3.162165394813692,1.332385944264172,-6.602553039138975,7243.590322924567,7.440984405525473
gmat_j2,2026-06-17T06:30:00Z,EarthMJ2000Eq,30420.0,2026-06-17T14:57:00Z,4671.343877012435,-4216.591374062006,-3586.985468696919,-3.462436882972428,1.600549950235989,-6.388520127559011,7243.449536357559,7.440659831761889
gmat_j2,2026-06-17T06:30:00Z,EarthMJ2000Eq,30480.0,2026-06-17T14:58:00Z,4454.915581062663,-4112.663910820716,-3963.270949813855,-3.749553917592315,1.862594058233688,-6.150387961335175,7243.465600070207,7.440140004169005
gmat_j2,2026-06-17T06:30:00Z,EarthMJ2000Eq,30540.0,2026-06-17T14:59:00Z,4221.682509330957,-3993.222641236443,-4324.5687283037,-4.022417906355058,2.117511534681265,-5.889094157161589,7243.640311189986,7.439430818603583
gmat_j2,2026-06-17T06:30:00Z,EarthMJ2000Eq,30600.0,2026-06-17T15:00:00Z,3972.531310168769,-3858.724596852549,-4669.519532469043,-4.279990166947337,2.364326684153343,-5.605667473045612,7243.9749577656585,7.438539125186276
gmat_j2,2026-06-17T06:30:00Z,EarthMJ2000Eq,30660.0,2026-06-17T15:01:00Z,3708.409061286437,-3709.684323497157,-4996.828410740397,-4.521296068082222,2.602098902822799,-5.301222724751434,7244.470285135712,7.437472636100814
gmat_j2,2026-06-17T06:30:00Z,EarthMJ2000Eq,30720.0,2026-06-17T15:02:00Z,3430.319291632901,-3546.671648293042,-5305.269757279416,-4.745428803767908,2.829926514958334,-4.976955304076687,7245.126459963147,7.436239823356385
gmat_j2,2026-06-17T06:30:00Z,EarthMJ2000Eq,30780.0,2026-06-17T15:03:00Z,3139.317830626001,-3370.309248678616,-5593.691952833491,-4.951552719049398,3.046950305227638,-4.634135441936995,7245.943039840233,7.434849815986123
gmat_j2,2026-06-17T06:30:00Z,EarthMJ2000Eq,30840.0,2026-06-17T15:04:00Z,2836.50842630662,-3181.269991344316,-5861.021698269356,-5.13890625120385,3.252356803710686,-4.274102172195944,7246.918942414116,7.43331229100966
gmat_j2,2026-06-17T06:30:00Z,EarthMJ2000Eq,30900.0,2026-06-17T15:05:00Z,2523.038240403635,-2980.2741077001,-6106.267940551973,-5.306804424772587,3.445381250987163,-3.898257145055871,7248.052419883533,7.431637365777406
gmat_j2,2026-06-17T06:30:00Z,EarthMJ2000Eq,30960.0,2026-06-17T15:06:00Z,2200.093181936099,-2768.086185370216,-6328.525445414824,-5.454640952586965,3.625310287876009,-3.508058264923805,7249.341035715042,7.429835489101941
gmat_j2,2026-06-17T06:30:00Z,EarthMJ2000Eq,31020.0,2026-06-17T15:07:00Z,1868.893129041673,-2545.512008257057,-6526.977981769987,-5.581889932850047,3.791484349473761,-3.105013228291662,7250.78164658613,7.427917335473206
gmat_j2,2026-06-17T06:30:00Z,EarthMJ2000Eq,31080.0,2026-06-17T15:08:00Z,1530.687079918189,-2313.395274713037,-6700.901105500549,-5.688107151358052,3.943299759913503,-2.690673024884647,7252.370389010172,7.42589370303039
gmat_j2,2026-06-17T06:30:00Z,EarthMJ2000Eq,31140.0,2026-06-17T15:09:00Z,1186.748196070831,-2072.614170689085,-6849.664574126919,-5.772931026324148,4.080210562745001,-2.266625367014957,7254.102670866183,7.42377541588022
gmat_j2,2026-06-17T06:30:00Z,EarthMJ2000Eq,31200.0,2026-06-17T15:10:00Z,838.3688444445745,-1824.077872094013,-6972.734343917859,-5.836083183331869,4.201730054389009,-1.83448818354687,7255.973169303341,7.421573234045327
gmat_j2,2026-06-17T06:30:00Z,EarthMJ2000Eq,31260.0,2026-06-17T15:11:00Z,486.8556018823348,-1568.72295458053,-7069.674187839352,-5.877368703465772,4.307432060924313,-1.395903137233186,7257.975834040375,7.4192977703078515
gmat_j2,2026-06-17T06:30:00Z,EarthMJ2000Eq,31320.0,2026-06-17T15:12:00Z,133.5242214848494,-1307.509710344296,-7140.146933785314,-5.896676058684951,4.39695196950782,-0.9525291631420686,7260.10389708106,7.416959415411623
gmat_j2,2026-06-17T06:30:00Z,EarthMJ2000Eq,31380.0,2026-06-17T15:13:00Z,-220.305336508413,-1041.418447947781,-7183.915303465103,-5.893976742840893,4.469987500088253,-0.5060361522708671,7262.349889146085,7.414568273574644
gmat_j2,2026-06-17T06:30:00Z,EarthMJ2000Eq,31440.0,2026-06-17T15:14:00Z,-573.3138773687056,-771.4457279740072,-7200.84238401926,-5.869324628955233,4.526299256450567,-0.05809868923352767,7264.705661806338,7.412134106766829
gmat_j2,2026-06-17T06:30:00Z,EarthMJ2000Eq,31500.0,2026-06-17T15:15:00Z,-924.1878904474568,-498.6005777493316,-7190.891724731412,-5.822855062534789,4.565711053596495,0.3896100930042726,7267.162416637761,7.409666289974942
gmat_j2,2026-06-17T06:30:00Z,EarthMJ2000Eq,31560.0,2026-06-17T15:16:00Z,-1271.624397536411,-223.9006992500838,-7154.127068658035,-5.754783708401583,4.588110033316483,0.8354245312740163,7269.710740190432,7.4071737765329955
gmat_j2,2026-06-17T06:30:00Z,EarthMJ2000Eq,31620.0,2026-06-17T15:17:00Z,-1614.33573991702,51.63133550446673,-7090.711726221371,-5.66540516129653,4.593446579830136,1.277692346455263,7272.340645236075,7.4046650738293955
gmat_j2,2026-06-17T06:30:00Z,EarthMJ2000Eq,31680.0,2026-06-17T15:18:00Z,-1951.054260983727,326.971866935935,-7000.907598631069,-5.555091334641305,4.581734039498937,1.714780411344449,7275.04161745076,7.402148228996823
gmat_j2,2026-06-17T06:30:00Z,EarthMJ2000Eq,31740.0,2026-06-17T15:19:00Z,-2280.536893597744,601.0999140860147,-6885.073858672385,-5.424289633732052,4.553048253564173,2.145080396311012,7277.802667642789,7.399630824340804
gmat_j2,2026-06-17T06:30:00Z,EarthMJ2000Eq,31800.0,2026-06-17T15:20:00Z,-2601.569629310959,873.0009054700986,-6743.665296977729,-5.273520921629159,4.507526907452632,2.567014275651101,7280.612388718857,7.397119981700073
gmat_j2,2026-06-17T06:30:00Z,EarthMJ2000Eq,31860.0,2026-06-17T15:21:00Z,-2912.971859788292,1141.670365745614,-6577.230342096915,-5.103377282970062,4.445368700516977,2.97903969343777,7283.459017042691,7.394622375141863
gmat_j2,2026-06-17T06:30:00Z,EarthMJ2000Eq,31920.0,2026-06-17T15:22:00Z,-3213.600578059662,1406.117547202211,-6386.408762980652,-4.91451958999172,4.366832338552874,3.379655182941234,7286.330497564011,7.39214425109691
gmat_j2,2026-06-17T06:30:00Z,EarthMJ2000Eq,31980.0,2026-06-17T15:23:00Z,-3502.354427888048,1665.368995527764,-6171.929062854758,-4.707674874105913,4.272235350573828,3.767405232929388,7289.21455211214,7.389691454998952
gmat_j2,2026-06-17T06:30:00Z,EarthMJ2000Eq,32040.0,2026-06-17T15:24:00Z,-3778.177589668904,1918.472039328526,-5934.605573917284,-4.48363350589751,4.161952730677959,4.140885192504323,7292.098750204345,7.3872694634151586
gmat_j2,2026-06-17T06:30:00Z,EarthMJ2000Eq,32100.0,2026-06-17T15:25:00Z,-4040.063491481631,2164.498192957416,-5675.33526279104,-4.243246186315669,4.036415405476534,4.498746004445015,7294.970581681471,7.384883420593771
gmat_j2,2026-06-17T06:30:00Z,EarthMJ2000Eq,32160.0,2026-06-17T15:26:00Z,-4287.058333811332,2402.546461943603,-5395.094257748821,-3.987420752575915,3.896108527763445,4.839698754854417,7297.817530556188,7.382538178426408
gmat_j2,2026-06-17T06:30:00Z,EarthMJ2000Eq,32220.0,2026-06-17T15:27:00Z,-4518.264418176149,2631.746541903424,-5094.934107189046,-3.717118801016362,3.741569596191958,5.162519027350333,7300.62714908627,7.380238338412357
gmat_j2,2026-06-17T06:30:00Z,EarthMJ2000Eq,32280.0,2026-06-17T15:28:00Z,-4732.843264988667,2851.261896520927,-4775.97778775338,-3.433352137418588,3.573386405616613,5.466051041170932,7303.38713218835,7.377988295467012
gmat_j2,2026-06-17T06:30:00Z,EarthMJ2000Eq,32340.0,2026-06-17T15:29:00Z,-4930.018517114648,3060.292711573523,-4439.415463951535,-3.137179051309947,3.392194824327264,5.749211566725565,7306.085389671774,7.375792280503952
gmat_j2,2026-06-17T06:30:00Z,EarthMJ2000Eq,32400.0,2026-06-17T15:30:00Z,-5109.078615462957,3258.078710829082,-4086.500020890619,-2.829700428865243,3.198676405672229,6.010993595999917,7308.71011914398,7.37365440446434
gmat_j2,2026-06-17T06:30:00Z,EarthMJ2000Eq,32460.0,2026-06-17T15:31:00Z,-5269.379224674144,3443.901810991141,-3718.54240514103,-2.512055731967975,2.99355584939569,6.250469732334975,7311.2498737225205,7.371578697863841
gmat_j2,2026-06-17T06:30:00Z,EarthMJ2000Eq,32520.0,2026-06-17T15:32:00Z,-5410.345437325503,3617.088646196272,-3336.906723128514,-2.185418796747497,2.777598282687877,6.466795335635751,7313.6936293839335,7.369569149561474
gmat_j2,2026-06-17T06:30:00Z,EarthMJ2000Eq,32580.0,2026-06-17T15:33:00Z,-5531.473697249868,3777.012896344985,-2943.005214883155,-1.850993553131998,2.551606423860019,6.659211330669562,7316.0308485785445,7.3676297424977735
gmat_j2,2026-06-17T06:30:00Z,EarthMJ2000Eq,32640.0,2026-06-17T15:34:00Z,-5632.333475193307,3923.097455947836,-2538.29303790615,-1.510009608674254,2.316417592040411,6.827046721481155,7318.251537828577,7.365764482814358
gmat_j2,2026-06-17T06:30:00Z,EarthMJ2000Eq,32700.0,2026-06-17T15:35:00Z,-5712.568680108446,4054.81642460636,-2124.262896767469,-1.16371772876831,2.072900582650662,6.969720781902994,7320.346304430985,7.363977427687676
gmat_j2,2026-06-17T06:30:00Z,EarthMJ2000Eq,32760.0,2026-06-17T15:36:00Z,-5771.898784039166,4171.696887873633,-1702.439603023823,-0.8133852869099433,1.821952458634544,7.086744881010669,7322.306405732504,7.362272705830514
gmat_j2,2026-06-17T06:30:00Z,EarthMJ2000Eq,32820.0,2026-06-17T15:37:00Z,-5810.119684935345,4273.320522521802,-1274.374475201605,-0.4602916119179233,1.564495206975042,7.177723979195171,7324.123793637336,7.360654532184161
gmat_j2,2026-06-17T06:30:00Z,EarthMJ2000Eq,32880.0,2026-06-17T15:38:00Z,-5827.104283548497,4359.324988507822,-841.6396934697559,-0.1057233320606852,1.3014723301831,7.242357750148008,7325.791155936799,7.359127219331322
gmat_j2,2026-06-17T06:30:00Z,EarthMJ2000Eq,32940.0,2026-06-17T15:39:00Z,-5822.802779846772,4429.405111296289,-405.8226123546686,0.2490302773650201,1.033845378576604,7.280441333329189,7327.301948580211,7.357695179463254
gmat_j2,2026-06-17T06:30:00Z,EarthMJ2000Eq,33000.0,2026-06-17T15:40:00Z,-5797.242692808089,4483.313865546906,31.48001603166371,0.6026819774379495,0.7625903982466347,7.291865725854842,7328.650424718815,7.35636292234981
gmat_j2,2026-06-17T06:30:00Z,EarthMJ2000Eq,33060.0,2026-06-17T15:41:00Z,-5750.528600367528,4520.863133598838,468.6677651732238,0.9539511582016957,0.4886943858182011,7.276617796140397,7329.831657718375,7.355135047439422
gmat_j2,2026-06-17T06:30:00Z,EarthMJ2000Eq,33120.0,2026-06-17T15:42:00Z,-5682.841603149979,4541.924255922211,904.1422889078627,1.301568405570804,0.2131517022435177,7.234779934496119,7330.841555484494,7.354016226738769
gmat_j2,2026-06-17T06:30:00Z,EarthMJ2000Eq,33180.0,2026-06-17T15:43:00Z,-5594.438518234114,4546.428367074091,1336.313040626483,1.644279984173301,-0.06303950849738907,7.166529345341604,7331.6768732525225,7.353011186148631
gmat_j2,2026-06-17T06:30:00Z,EarthMJ2000Eq,33240.0,2026-06-17T15:44:00Z,-5485.65080834631,4534.366514239978,1763.602914704141,1.980852198548213,-0.3388808655156906,7.072136988467221,7332.335215831603,7.35212467638792
gmat_j2,2026-06-17T06:30:00Z,EarthMJ2000Eq,33300.0,2026-06-17T15:45:00Z,-5356.88324843871,4505.789566507905,2184.453849458783,2.310075661919306,-0.6133772824400514,6.951966181765933,7332.815037587547,7.351361441721027
gmat_j2,2026-06-17T06:30:00Z,EarthMJ2000Eq,33360.0,2026-06-17T15:46:00Z,-5208.612344937285,4460.8079125565,2597.332307655019,2.630769403672418,-0.8855404279291849,6.806470883433198,7333.115634499998,7.350726181257184
gmat_j2,2026-06-17T06:30:00Z,EarthMJ2000Eq,33420.0,2026-06-17T15:47:00Z,-5041.384510336351,4399.590953053362,3000.734659552744,2.941784835192132,-1.154392128130597,6.636193667475465,7333.237131873577,7.350223506417866
gmat_j2,2026-06-17T06:30:00Z,EarthMJ2000Eq,33480.0,2026-06-17T15:48:00Z,-4855.814005690536,4322.366391184996,3393.192431147831,3.242009545154991,-1.418967685282126,6.441763413235036,7333.180466366888,7.349857893513621
gmat_j2,2026-06-17T06:30:00Z,EarthMJ2000Eq,33540.0,2026-06-17T15:49:00Z,-4652.580660498112,4229.419326812304,3773.277406581045,3.530370917778551,-1.678319104097729,6.223892728800341,7332.94736320052,7.349633632494189
gmat_j2,2026-06-17T06:30:00Z,EarthMJ2000Eq,33600.0,2026-06-17T15:50:00Z,-4432.427381064818,4121.091160083685,4139.606568386897,3.805839564693241,-1.93151821512316,5.98337512976258,7332.540308731004,7.349554772297324
gmat_j2,2026-06-17T06:30:00Z,EarthMJ2000Eq,33660.0,2026-06-17T15:51:00Z,-4196.15745870087,3997.77831094977,4490.846861681645,4.067432564439924,-2.177659686757214,5.721081995174809,7331.962518779486,7.3496250634374025
gmat_j2,2026-06-17T06:30:00Z,EarthMJ2000Eq,33720.0,2026-06-17T15:52:00Z,-3944.631689418977,3859.930761465768,4825.719769571898,4.314216505891022,-2.415863919400524,5.437959322606837,7331.217903112359,7.349847898500377
gmat_j2,2026-06-17T06:30:00Z,EarthMJ2000Eq,33780.0,2026-06-17T15:53:00Z,-3678.765316932171,3708.050428091602,5143.005688392331,4.545310334216178,-2.64527981706838,5.135024303710436,7330.311026496027,7.350226251253669
gmat_j2,2026-06-17T06:30:00Z,EarthMJ2000Eq,33840.0,2026-06-17T15:54:00Z,-3399.524810925168,3542.689371523414,5441.548092502709,4.759888000064447,-2.865087433512636,4.813361740971965,7329.247066801652,7.350762615149684
gmat_j2,2026-06-17T06:30:00Z,EarthMJ2000Eq,33900.0,2026-06-17T15:55:00Z,-3107.924491582204,3364.447851158488,5720.257480357043,4.957180915118535,-3.074500492218415,4.474120323936276,7328.031770545361,7.35145894193298
gmat_j2,2026-06-17T06:30:00Z,EarthMJ2000Eq,33960.0,2026-06-17T15:56:00Z,-2805.023014323419,3173.972233292671,5978.115091805561,5.136480216839015,-3.272768779049711,4.11850878515145,7326.67140654406,7.352316581355212
gmat_j2,2026-06-17T06:30:00Z,EarthMJ2000Eq,34020.0,2026-06-17T15:57:00Z,-2491.919721156425,2971.952757573873,6214.176394021505,5.29713885107043,-3.459180412623232,3.747791945489733,7325.172717824023,7.353336222509732
gmat_j2,2026-06-17T06:30:00Z,EarthMJ2000Eq,34080.0,2026-06-17T15:58:00Z,-2169.750878416745,2759.121174826004,6427.574323168741,5.438573474487257,-3.633063989992278,3.3632866723252,7323.542872928482,7.354517838241698
gmat_j2,2026-06-17T06:30:00Z,EarthMJ2000Eq,34140.0,2026-06-17T15:59:00Z,-1839.685787592183,2536.24824762947,6617.522291577239,5.560266194033471,-3.7937906239408,2.966357732459919,7321.789415859616,7.355860632430263
gmat_j2,2026-06-17T06:30:00Z,EarthMJ2000Eq,34200.0,2026-06-17T16:00:00Z,-1502.922833896707,2304.141157235112,6783.316922603435,5.661766129324249,-3.940775848755493,2.558413612954149,7319.920217433453,7.357362992828815
gmat_j2,2026-06-17T06:30:00Z,EarthMJ2000Eq,34260.0,2026-06-17T16:01:00Z,-1160.685402662619,2063.640770129408,6924.340556535411,5.742690836078293,-4.073481439117881,2.140902219265308,7317.943425237415,7.359022447721614
gmat_j2,2026-06-17T06:30:00Z,EarthMJ2000Eq,34320.0,2026-06-17T16:02:00Z,-814.2177403696107,1815.618816004775,7040.063482559061,5.802727570549247,-4.191417112659388,1.715306533928843,7315.867416255218,7.360835630255936
gmat_j2,2026-06-17T06:30:00Z,EarthMJ2000Eq,34380.0,2026-06-17T16:03:00Z,-464.7807399135895,1560.974963657631,7130.045910204891,5.841634411608126,-4.294142135029961,1.283140200219586,7313.700749619857,7.362798248501955
gmat_j2,2026-06-17T06:30:00Z,EarthMJ2000Eq,34440.0,2026-06-17T16:04:00Z,-113.6476596407929,1300.633801365226,7193.939675430218,5.859241243812215,-4.381266830349511,0.8459430291232579,7311.452121810319,7.364905063911767
gmat_j2,2026-06-17T06:30:00Z,EarthMJ2000Eq,34500.0,2026-06-17T16:05:00Z,237.9002111524215,1035.541730295147,7231.489673830963,5.855450601244583,-4.4524539968385,0.4052764299237538,7309.13032366867,7.367149877817773
gmat_j2,2026-06-17T06:30:00Z,EarthMJ2000Eq,34560.0,2026-06-17T16:06:00Z,588.5779289728459,766.6637790827373,7242.53501750811,5.83023837309164,-4.507420228812612,-0.03728123810058377,7306.744200289387,7.369525527257077
gmat_j2,2026-06-17T06:30:00Z,EarthMJ2000Eq,34620.0,2026-06-17T16:07:00Z,937.1013300145039,494.9803270956236,7227.009909620355,5.783654365216336,-4.5459371468468,-0.4801394298626284,7304.302612890395,7.372023889779278
gmat_j2,2026-06-17T06:30:00Z,EarthMJ2000Eq,34680.0,2026-06-17T16:08:00Z,1282.191452999032,221.4837882546361,7184.944232033354,5.715822718909442,-4.567832525675128,-0.9217002269499986,7301.814405203186,7.374635899146251
gmat_j2,2026-06-17T06:30:00Z,EarthMJ2000Eq,34740.0,2026-06-17T16:09:00Z,1622.579028486962,-52.82480571598483,7116.463838396119,5.626942168924173,-4.572991325773913,-1.360363315790241,7299.288371271836,7.3773515701075505
gmat_j2,2026-06-17T06:30:00Z,EarthMJ2000Eq,34800.0,2026-06-17T16:10:00Z,1957.008953353498,-326.9392608506666,7021.79054658879,5.517286137279959,-4.56135661180087,-1.794531047441667,7296.733228229948,7.380160034909353
gmat_j2,2026-06-17T06:30:00Z,EarthMJ2000Eq,34860.0,2026-06-17T16:11:00Z,2284.24476626832,-599.8517285246255,6901.241824696442,5.387202647658292,-4.532930352606556,-2.222613617103228,7294.157591619313,7.383049589394005
gmat_j2,2026-06-17T06:30:00Z,EarthMJ2000Eq,34920.0,2026-06-17T16:12:00Z,2603.073119513705,-870.5562630239021,6755.230161159192,5.237114042114599,-4.48777409062559,-2.643034374602712,7291.569954602356,7.386007750059284
gmat_j2,2026-06-17T06:30:00Z,EarthMJ2000Eq,34980.0,2026-06-17T16:13:00Z,2912.308223535622,-1138.052411829566,6584.262113442791,5.067516484599889,-4.426009466194331,-3.054235250916032,7288.97867053145,7.389021321154213
gmat_j2,2026-06-17T06:30:00Z,EarthMJ2000Eq,35040.0,2026-06-17T16:14:00Z,3210.796255645365,-1401.348833310654,6388.937027383769,4.878979230738685,-4.347818581296249,-3.454682302745642,7286.391938934028,7.392076471651812
gmat_j2,2026-06-17T06:30:00Z,EarthMJ2000Eq,35100.0,2026-06-17T16:15:00Z,3497.419717301039,-1659.466930923463,6169.945420574119,4.672143643484834,-4.253444185403237,-3.84287136545362,7283.8177947185195,7.395158821493945
gmat_j2,2026-06-17T06:30:00Z,EarthMJ2000Eq,35160.0,2026-06-17T16:16:00Z,3771.101724190835,-1911.444492775645,5928.067023632186,4.447721933592844,-4.14318966497256,-4.217333801194564,7281.264100404049,7.398253536423073
gmat_j2,2026-06-17T06:30:00Z,EarthMJ2000Eq,35220.0,2026-06-17T16:17:00Z,4030.810211966507,-2156.339324191832,5664.168474178067,4.206495604109728,-4.017418817475228,-4.576642323789028,7278.738541108773,7.401345430548122
gmat_j2,2026-06-17T06:30:00Z,EarthMJ2000Eq,35280.0,2026-06-17T16:18:00Z,4275.562039267824,-2393.232859774566,5379.200659596114,3.949313579066415,-3.876555390684113,-4.919416876524525,7276.248621984549,7.404419075651698
gmat_j2,2026-06-17T06:30:00Z,EarthMJ2000Eq,35340.0,2026-06-17T16:19:00Z,4504.426968536509,-2621.233740306727,5074.195706260586,3.67708999829639,-3.721082368386106,-5.244330533634491,7273.801667741207,7.407458916112618
gmat_j2,2026-06-17T06:30:00Z,EarthMJ2000Eq,35400.0,2026-06-17T16:20:00Z,4716.531504114025,-2839.481338749724,4750.263614795835,3.390801662815513,-3.551540984724666,-5.55011539089359,7271.404823860464,7.410449388192689
gmat_j2,2026-06-17T06:30:00Z,EarthMJ2000Eq,35460.0,2026-06-17T16:21:00Z,4911.062566216776,-3047.149218498641,4408.588543319955,3.09148511861198,-3.368529451151055,-5.835568405631139,7269.065059096977,7.413375042359027
gmat_j2,2026-06-17T06:30:00Z,EarthMJ2000Eq,35520.0,2026-06-17T16:22:00Z,5087.270979068256,-3243.448506512564,4050.424742420592,2.780233370076996,-3.172701381882837,-6.099557142358884,7266.789168737565,7.416220667131759
gmat_j2,2026-06-17T06:30:00Z,EarthMJ2000Eq,35580.0,2026-06-17T16:23:00Z,5244.474750550311,-3427.631162577807,3677.092149502015,2.458192219926035,-2.964763907301875,-6.341025375438713,7264.5837782878925,7.418971413080283
gmat_j2,2026-06-17T06:30:00Z,EarthMJ2000Eq,35640.0,2026-06-17T16:24:00Z,5382.062119247265,-3598.993123482409,3289.971658061245,2.126556241871108,-2.745475471062647,-6.558998494718611,7262.455347136827,7.4216129153822505
gmat_j2,2026-06-17T06:30:00Z,EarthMJ2000Eq,35700.0,2026-06-17T16:25:00Z,5499.494354383128,-3756.877312449747,2890.500052875216,1.786564374201645,-2.515643294863632,-6.752588672871457,7260.410170945107,7.42413141284223
gmat_j2,2026-06-17T06:30:00Z,EarthMJ2000Eq,35760.0,2026-06-17T16:26:00Z,5596.308274801297,-3900.676479108361,2480.164662301957,1.4394951771995,-2.276120531575696,-6.92099972032349,7258.454384606274,7.426513863728989
gmat_j2,2026-06-17T06:30:00Z,EarthMJ2000Eq,35820.0,2026-06-17T16:27:00Z,5672.118472501043,-4029.835857672895,2060.497734648567,1.086661762491044,-2.027803105378956,-7.063531582390369,7256.593961381998,7.428748053048432
gmat_j2,2026-06-17T06:30:00Z,EarthMJ2000Eq,35880.0,2026-06-17T16:28:00Z,5726.619231286387,-4143.855638905523,1633.070521788391,0.7294063859101262,-1.771626226302419,-7.179584442172453,7254.83471247708,7.4308226949520035
gmat_j2,2026-06-17T06:30:00Z,EarthMJ2000Eq,35940.0,2026-06-17T16:29:00Z,5759.586102885196,-4242.29320943909,1199.48717336254,0.369094800487558,-1.508560639477781,-7.268662344318843,7253.182283002582,7.43272752429734
gmat_j2,2026-06-17T06:30:00Z,EarthMJ2000Eq,36000.0,2026-06-17T16:30:00Z,5770.877142041902,-4324.765167471814,761.3783951248209,0.007110342410711587,-1.23960858529241,-7.330376322531722,7251.642145258001,7.434453378133026
gmat_j2,2026-06-17T06:30:00Z,EarthMJ2000Eq,36060.0,2026-06-17T16:31:00Z,5760.433779260559,-4390.949084599634,320.3949534599158,-0.3551521662759681,-0.9657995253424031,-7.364446972736744,7250.219590812063,7.435992267250787
gmat_j2,2026-06-17T06:30:00Z,EarthMJ2000Eq,36120.0,2026-06-17T16:32:00Z,5728.28132341173,-4440.585002752317,-121.798943878136,-0.7162926559735306,-0.6881856613853372,-7.370706439651171,7248.919717416263,7.437337433050434
gmat_j2,2026-06-17T06:30:00Z,EarthMJ2000Eq,36180.0,2026-06-17T16:33:00Z,5674.529084903593,-4473.476663627691,-563.5324177493536,-1.074912191280336,-0.407837241277454,-7.34909979210476,7247.747414286233,7.438483393047949
gmat_j2,2026-06-17T06:30:00Z,EarthMJ2000Eq,36240.0,2026-06-17T16:34:00Z,5599.370116691383,-4489.492444779468,-1003.134697105315,-1.429619359204496,-0.1258377525052701,-7.299685756726292,7246.7073444402995,7.439425972420221
gmat_j2,2026-06-17T06:30:00Z,EarthMJ2000Eq,36300.0,2026-06-17T16:35:00Z,5503.080572099549,-4488.566006583997,-1438.941937541617,-1.77903666678201,0.1567209998823307,-7.222636804465815,7245.8039221398285,7.44016231965292
gmat_j2,2026-06-17T06:30:00Z,EarthMJ2000Eq,36360.0,2026-06-17T16:36:00Z,5386.018676502622,-4470.696643134323,-1869.304050954305,-2.121806903167985,0.438743897897332,-7.11823858023434,7245.041289977699,7.440690910621813
gmat_j2,2026-06-17T06:30:00Z,EarthMJ2000Eq,36420.0,2026-06-17T16:37:00Z,5248.623321308841,-4435.949328757019,-2292.591458047236,-2.456599373076487,0.7191375254223518,-6.986888678690252,7244.423290352245,7.441011535314294
gmat_j2,2026-06-17T06:30:00Z,EarthMJ2000Eq,36480.0,2026-06-17T16:38:00Z,5091.412293981982,-4384.454467354652,-2707.201743303972,-2.782115965950992,0.9968151620891229,-6.829094787810748,7243.953437354846,7.441125273523763
gmat_j2,2026-06-17T06:30:00Z,EarthMJ2000Eq,36540.0,2026-06-17T16:39:00Z,4914.980144969691,-4316.407341631855,-3111.566190747152,-3.09709702446913,1.270701726602296,-6.645472209423458,7243.634883381437,7.441034453836718
gmat_j2,2026-06-17T06:30:00Z,EarthMJ2000Eq,36600.0,2026-06-17T16:40:00Z,4719.995706223706,-4232.067267455481,-3504.156164150833,-3.40032696750711,1.53973862996904,-6.436740785981024,7243.4703868929155,7.440742602757244
gmat_j2,2026-06-17T06:30:00Z,EarthMJ2000Eq,36660.0,2026-06-17T16:41:00Z,4507.19929262675,-4131.756464977077,-3883.489257050954,-3.690639595460808,1.802888474621937,-6.203721283498231,7243.462277044391,7.4402543799816865
gmat_j2,2026-06-17T06:30:00Z,EarthMJ2000Eq,36720.0,2026-06-17T16:42:00Z,4277.39957779738,-4015.858645257303,-4248.13524394355,-3.966923092120656,2.059139608247154,-5.947331243470988,7243.612417686658,7.439575502985269
gmat_j2,2026-06-17T06:30:00Z,EarthMJ2000Eq,36780.0,2026-06-17T16:43:00Z,4031.470200900765,-3884.817339567005,-4596.721734377838,-4.228124640515317,2.307510454369281,-5.668580388544532,7243.9221728185985,7.438712663771063
gmat_j2,2026-06-17T06:30:00Z,EarthMJ2000Eq,36840.0,2026-06-17T16:44:00Z,3770.346096667041,-3739.133969938579,-4927.939557017247,-4.473254670149714,2.547053630357609,-5.368565598585006,7244.392370062265,7.437673435036287
gmat_j2,2026-06-17T06:30:00Z,EarthMJ2000Eq,36900.0,2026-06-17T16:45:00Z,3495.01956864702,-3579.365672026524,-5240.547847383452,-4.70139071545232,2.776859829359378,-5.048465504417017,7245.02326704496,7.436466171545436
gmat_j2,2026-06-17T06:30:00Z,EarthMJ2000Eq,36960.0,2026-06-17T16:46:00Z,3206.536176588209,-3406.122911750595,-5533.378760649736,-4.911680830934134,2.996061406209698,-4.709534805913275,7245.814519467835,7.435099906716362
gmat_j2,2026-06-17T06:30:00Z,EarthMJ2000Eq,37020.0,2026-06-17T16:47:00Z,2905.990405354131,-3220.066880220917,-5805.341866533696,-5.103346612523165,3.203835707647738,-4.353098301709176,7246.765149805455,7.433584244057079
gmat_j2,2026-06-17T06:30:00Z,EarthMJ2000Eq,37080.0,2026-06-17T16:48:00Z,2594.52116758179,-3021.906698843137,-6055.428176443962,-5.275685798330159,3.399408112287508,-3.980544713541411,7247.873521634773,7.431929249736647
gmat_j2,2026-06-17T06:30:00Z,EarthMJ2000Eq,37140.0,2026-06-17T16:49:00Z,2273.307173393798,-2812.396456989099,-6282.713783057119,-5.428074447289183,3.58205476915778,-3.593320364823255,7249.137315274448,7.430145343047691
gmat_j2,2026-06-17T06:30:00Z,EarthMJ2000Eq,37200.0,2026-06-17T16:50:00Z,1943.562177938076,-2592.332092493131,-6486.36312379934,-5.559968719483605,3.751105047983909,-3.192922744587151,7250.553509289146,7.428243190388186
gmat_j2,2026-06-17T06:30:00Z,EarthMJ2000Eq,37260.0,2026-06-17T16:51:00Z,1606.530116830664,-2362.548121996112,-6665.631863669055,-5.670906270053502,3.905943706160504,-2.780893982191521,7252.118365484081,7.426233601201621
gmat_j2,2026-06-17T06:30:00Z,EarthMJ2000Eq,37320.0,2026-06-17T16:52:00Z,1263.480212288599,-2123.91427928102,-6819.869363381257,-5.760507253157277,4.046012750943575,-2.358814344570348,7253.827420483956,7.42412743065651
gmat_j2,2026-06-17T06:30:00Z,EarthMJ2000Eq,37380.0,2026-06-17T16:53:00Z,915.7019672937724,-1877.332006994124,-6948.520787125718,-5.828474987500507,4.170813052463455,-1.928295661918823,7255.675481063668,7.4219354859964595
gmat_j2,2026-06-17T06:30:00Z,EarthMJ2000Eq,37440.0,2026-06-17T16:54:00Z,564.5001958180327,-1623.730905691975,-7051.128789068448,-5.87459626500566,4.279905662272027,-1.490974866911317,7257.656627673134,7.419668443301751
gmat_j2,2026-06-17T06:30:00Z,EarthMJ2000Eq,37500.0,2026-06-17T16:55:00Z,211.189996918826,-1364.065078089758,-7127.33483192591,-5.898741351325312,4.372912894084229,-1.048507534143436,7259.764221959756,7.417336769908647
gmat_j2,2026-06-17T06:30:00Z,EarthMJ2000Eq,37560.0,2026-06-17T16:56:00Z,-142.9082553091312,-1099.30942019933,-7176.88011481153,-5.900863680926354,4.44951915451878,-0.6025615051189028,7261.9909221336575,7.414950657607669
gmat_j2,2026-06-17T06:30:00Z,EarthMJ2000Eq,37620.0,2026-06-17T16:57:00Z,-496.4738584438262,-830.4558970174522,-7199.606116533342,-5.880999269098409,4.509471532034406,-0.1548106528478388,7264.328704170363,7.412519965544777
gmat_j2,2026-06-17T06:30:00Z,EarthMJ2000Eq,37680.0,2026-06-17T16:58:00Z,-848.1907317392432,-558.5097549093715,-7195.454775354472,-5.839265861109931,4.552580175184723,0.2930713060353974,7266.7688891218195,7.410054172449089
gmat_j2,2026-06-17T06:30:00Z,EarthMJ2000Eq,37740.0,2026-06-17T16:59:00Z,-1196.752295749269,-284.4857258709737,-7164.468295511884,-5.775861826698133,4.578718452803874,0.7394168698815655,7269.302177169446,7.407562339840337
gmat_j2,2026-06-17T06:30:00Z,EarthMJ2000Eq,37800.0,2026-06-17T17:00:00Z,-1540.866239995084,-9.404258849236985,-7106.788599052996,-5.691064825601187,4.587822908887129,1.182570639109811,7271.918687751585,7.405053086169552
gmat_j2,2026-06-17T06:30:00Z,EarthMJ2000Eq,37860.0,2026-06-17T17:01:00Z,-1879.259272135395,265.7122945866553,-7022.656419283008,-5.585230234622484,4.579893027118024,1.620895164104123,7274.608004469946,7.402534569091964
gmat_j2,2026-06-17T06:30:00Z,EarthMJ2000Eq,37920.0,2026-06-17T17:02:00Z,-2210.681695926758,539.8434183122731,-6912.410060491675,-5.458789374645693,4.554990803888965,2.052776570606832,7277.359227177617,7.400014480329758
gmat_j2,2026-06-17T06:30:00Z,EarthMJ2000Eq,37980.0,2026-06-17T17:03:00Z,-2533.911929187814,811.9741813873475,-6776.483811151266,-5.312247514510318,4.51324013820165,2.476630118223725,7280.16102699076,7.397500046839362
gmat_j2,2026-06-17T06:30:00Z,EarthMJ2000Eq,38040.0,2026-06-17T17:04:00Z,-2847.760869245094,1081.098923894078,-6615.406035764499,-5.146181680186014,4.454826042266776,2.890905584130237,7283.001707378481,7.394998042507908
gmat_j2,2026-06-17T06:30:00Z,EarthMJ2000Eq,38100.0,2026-06-17T17:05:00Z,-3151.076134980722,1346.224902083349,-6429.7969409864,-4.961238258658584,4.379993672804993,3.294092520383349,7285.86926850547,7.392514806602349
gmat_j2,2026-06-17T06:30:00Z,EarthMJ2000Eq,38160.0,2026-06-17T17:06:00Z,-3442.746131350313,1606.375845697158,-6220.366048148824,-4.758130423663887,4.289047193502871,3.684725322426875,7288.7514743973425,7.390056268962001
gmat_j2,2026-06-17T06:30:00Z,EarthMJ2000Eq,38220.0,2026-06-17T17:07:00Z,-3721.703997852695,1860.595480462273,-5987.909339108669,-4.537635343523369,4.182348452961377,4.06138819779488,7291.635923641154,7.387627981021271
gmat_j2,2026-06-17T06:30:00Z,EarthMJ2000Eq,38280.0,2026-06-17T17:08:00Z,-3986.931353362205,2107.95093968898,-5733.306126190289,-4.300591215652936,4.060315493974898,4.422719924683394,7294.510121808684,7.385235151771087
gmat_j2,2026-06-17T06:30:00Z,EarthMJ2000Eq,38340.0,2026-06-17T17:09:00Z,-4237.461850099307,2347.536073647551,-5457.515653360777,-4.047894125414385,3.923420895629033,4.76741841984922,7297.361554342879,7.382882686643507
gmat_j2,2026-06-17T06:30:00Z,EarthMJ2000Eq,38400.0,2026-06-17T17:10:00Z,-4472.384567451125,2578.474685899243,-5161.573396103344,-3.780494692720396,3.7721899274319,5.094245159948893,7300.177761421977,7.3805752296124245
gmat_j2,2026-06-17T06:30:00Z,EarthMJ2000Eq,38460.0,2026-06-17T17:11:00Z,-4690.847167642024,2799.923624121062,-4846.587133311134,-3.499394568588212,3.607198545636195,5.402029350384801,7302.946411679566,7.378317206295985
gmat_j2,2026-06-17T06:30:00Z,EarthMJ2000Eq,38520.0,2026-06-17T17:12:00Z,-4892.058851107292,3011.075759891909,-4513.732759961457,-3.205642746374367,3.429071212907883,5.689671891289431,7305.655375314052,7.3761128672970555
gmat_j2,2026-06-17T06:30:00Z,EarthMJ2000Eq,38580.0,2026-06-17T17:13:00Z,-5075.293086677379,3211.162834212983,-4164.249864672958,-2.900331705379206,3.238478548800396,5.95614910386016,7308.292796469959,7.373966331607594
gmat_j2,2026-06-17T06:30:00Z,EarthMJ2000Eq,38640.0,2026-06-17T17:14:00Z,-5239.890088700904,3399.458138738643,-3799.437122996767,-2.584593427681965,3.0361348350932,6.200516172750011,7310.847162286209,7.3718816276319625
gmat_j2,2026-06-17T06:30:00Z,EarthMJ2000Eq,38700.0,2026-06-17T17:15:00Z,-5385.25907761806,3575.279071831854,-3420.647441432578,-2.259595228584609,2.822795338066288,6.421910352338318,7313.307370343859,7.369862732176303
gmat_j2,2026-06-17T06:30:00Z,EarthMJ2000Eq,38760.0,2026-06-17T17:16:00Z,-5510.880267489787,3737.989509091444,-3029.282952106694,-1.926535487059356,2.59925349973903,6.619553850150572,7315.662792707865,7.367913606567865
gmat_j2,2026-06-17T06:30:00Z,EarthMJ2000Eq,38820.0,2026-06-17T17:17:00Z,-5616.306592428459,3887.001997797865,-2626.789856849408,-1.586639273672852,2.36633799775546,6.792756397158047,7317.903335183302,7.366038227942752
gmat_j2,2026-06-17T06:30:00Z,EarthMJ2000Eq,38880.0,2026-06-17T17:18:00Z,-5701.165183816981,4021.779792120039,-2214.653075179212,-1.241153838556408,2.124909647431712,6.940917519088327,7320.0194940227275,7.36424061716474
gmat_j2,2026-06-17T06:30:00Z,EarthMJ2000Eq,38940.0,2026-06-17T17:19:00Z,-5765.158557726762,4141.838676883612,-1794.390820561803,-0.8913440673694744,1.875858217642246,7.063528440104999,7322.002406307688,7.362524860623757
gmat_j2,2026-06-17T06:30:00Z,EarthMJ2000Eq,39000.0,2026-06-17T17:20:00Z,-5808.065537439316,4246.748610121593,-1367.549039591973,-0.5384878521773803,1.6200991252801,7.160173652542306,7323.843896510141,7.360895127444554
gmat_j2,2026-06-17T06:30:00Z,EarthMJ2000Eq,39060.0,2026-06-17T17:21:00Z,-5829.741893540309,4336.135159703787,-935.6957807111451,-0.1838714372306683,1.358570049127672,7.230532120549462,7325.536517044944,7.359355680364521
gmat_j2,2026-06-17T06:30:00Z,EarthMJ2000Eq,39120.0,2026-06-17T17:22:00Z,-5830.120705084862,4409.680735765416,-500.4154983956588,0.1712152515966471,1.092227470146697,7.274378119224056,7327.073583517119,7.35791088083894
gmat_j2,2026-06-17T06:30:00Z,EarthMJ2000Eq,39180.0,2026-06-17T17:23:00Z,-5809.212440543693,4467.125613617212,-63.30331863057113,0.5254832678468366,0.8220431572456878,7.291581704044728,7328.449204118987,7.356565187906735
gmat_j2,2026-06-17T06:30:00Z,EarthMJ2000Eq,39240.0,2026-06-17T17:24:00Z,-5767.104759945467,4508.268744617862,374.0407127538785,0.8776492737426614,0.5490006156729059,7.282108810606498,7329.65830313265,7.355323150835933
gmat_j2,2026-06-17T06:30:00Z,EarthMJ2000Eq,39300.0,2026-06-17T17:25:00Z,-5703.962040780718,4532.968353273198,810.0173766967617,1.226440115131184,0.2740915158767791,7.246020987455239,7330.696638450834,7.354189395556822
gmat_j2,2026-06-17T06:30:00Z,EarthMJ2000Eq,39360.0,2026-06-17T17:26:00Z,-5620.024631586459,4541.142319926746,1243.034000624735,1.570597320288952,-0.001687879357120183,7.183474767955756,7331.560813099575,7.353168604981975
gmat_j2,2026-06-17T06:30:00Z,EarthMJ2000Eq,39420.0,2026-06-17T17:27:00Z,-5515.607838413034,4532.768349467499,1671.510129862573,1.908881501780303,-0.2773402719570632,7.094720690131306,7332.248280802472,7.352265493388107
gmat_j2,2026-06-17T06:30:00Z,EarthMJ2000Eq,39480.0,2026-06-17T17:28:00Z,-5391.100650523818,4507.883927492735,2093.883130076425,2.240076642011572,-0.551870852922321,6.980101976177774,7332.75734565411,7.351484775079923
gmat_j2,2026-06-17T06:30:00Z,EarthMJ2000Eq,39540.0,2026-06-17T17:29:00Z,-5246.96421331713,4466.586066568756,2508.613699749754,2.56299424391319,-0.8242907771874052,6.840052886482849,7333.087156202969,7.350831127809339
gmat_j2,2026-06-17T06:30:00Z,EarthMJ2000Eq,39600.0,2026-06-17T17:30:00Z,-5083.730054579446,4409.030844993618,2914.191278885404,2.876477334895665,-1.093620577492058,6.675096762246558,7333.237693534229,7.350309150711759
gmat_j2,2026-06-17T06:30:00Z,EarthMJ2000Eq,39660.0,2026-06-17T17:31:00Z,-4901.998081300127,4335.432745491193,3309.139319060065,3.179404297384358,-1.358893492202524,6.485843783385258,7333.209755127474,7.34992331877372
gmat_j2,2026-06-17T06:30:00Z,EarthMJ2000Eq,39720.0,2026-06-17T17:32:00Z,-4702.434342646984,4246.063792924245,3692.020429455957,3.470692538586459,-1.619158716024203,6.272988446569869,7333.00493195035,7.349677931438624
gmat_j2,2026-06-17T06:30:00Z,EarthMJ2000Eq,39780.0,2026-06-17T17:33:00Z,-4485.76858399058,4141.252502489002,4061.441352897747,3.749301967121007,-1.873484542641311,6.037306799228793,7332.625583071603,7.349577059953014
gmat_j2,2026-06-17T06:30:00Z,EarthMJ2000Eq,39840.0,2026-06-17T17:34:00Z,-4252.79160148049,4021.382643970924,4416.05776142568,4.014238272807092,-2.120961393085508,5.779653449420426,7332.074803703353,7.349624489538626
gmat_j2,2026-06-17T06:30:00Z,EarthMJ2000Eq,39900.0,2026-06-17T17:35:00Z,-4004.352396894345,3886.891823978607,4754.578883976337,4.264556024974262,-2.36070474008506,5.500958361057803,7331.356391131106,7.349823661156511
gmat_j2,2026-06-17T06:30:00Z,EarthMJ2000Eq,39960.0,2026-06-17T17:36:00Z,-3741.355159083164,3738.269899212124,5075.77192310311,4.499361563330344,-2.591857902219665,5.202223471181336,7330.474805980542,7.350177610573978
gmat_j2,2026-06-17T06:30:00Z,EarthMJ2000Eq,40020.0,2026-06-17T17:37:00Z,-3464.756075410764,3576.057224715226,5378.466268551439,4.717815695649887,-2.813594716873363,4.884519141202836,7329.435130927854,7.350688907151153
gmat_j2,2026-06-17T06:30:00Z,EarthMJ2000Eq,40080.0,2026-06-17T17:38:00Z,-3175.559987701308,3400.842745755738,5661.557492494559,4.919136199959103,-3.025122086445348,4.548980464450834,7328.243026651766,7.351359592456545
gmat_j2,2026-06-17T06:30:00Z,EarthMJ2000Eq,40140.0,2026-06-17T17:39:00Z,-2874.816903732289,3213.261940685779,5924.011119479958,5.102600136080516,-3.2256823986742,4.196803447252339,7326.904685688686,7.3521911197080945
gmat_j2,2026-06-17T06:30:00Z,EarthMJ2000Eq,40200.0,2026-06-17T17:40:00Z,-2563.61837562989,3013.99462232942,6164.86616384014,5.267545971813245,-3.414555822485413,3.829241079382789,7325.4267846562325,7.35318429485265
gmat_j2,2026-06-17T06:30:00Z,EarthMJ2000Eq,40260.0,2026-06-17T17:41:00Z,-2243.093756095113,2803.762605288338,6383.23842835327,5.413375530201706,-3.591062482083789,3.447599307310531,7323.816435346536,7.35433922014646
gmat_j2,2026-06-17T06:30:00Z,EarthMJ2000Eq,40320.0,2026-06-17T17:42:00Z,-1914.40634298636,2583.327246366402,6578.323558660121,5.539555765005565,-3.754564512951451,3.053232921105762,7322.081135190199,7.3556552411083524
gmat_j2,2026-06-17T06:30:00Z,EarthMJ2000Eq,40380.0,2026-06-17T17:43:00Z,-1578.749422314752,2353.486865049795,6749.399848524992,5.645620371738419,-3.904468004071788,2.647541363129815,7320.228717580501,7.357130897713555
gmat_j2,2026-06-17T06:30:00Z,EarthMJ2000Eq,40440.0,2026-06-17T17:44:00Z,-1237.34221953109,2115.074050896469,6895.830791352379,5.731171241414753,-4.040224830938883,2.231964464160736,7318.2673025773865,7.358763880722833
gmat_j2,2026-06-17T06:30:00Z,EarthMJ2000Eq,40500.0,2026-06-17T17:45:00Z,-891.4257670167871,1868.95286329536,7017.067374098438,5.795879763765859,-4.161334384403429,1.807978107956164,7316.2052483482275,7.36055099389289
gmat_j2,2026-06-17T06:30:00Z,EarthMJ2000Eq,40560.0,2026-06-17T17:46:00Z,-542.2587011978605,1616.01593299622,7112.650107923682,5.839487984687557,-4.267345198094705,1.37708982984982,7314.051104037297,7.362488123079594
gmat_j2,2026-06-17T06:30:00Z,EarthMJ2000Eq,40620.0,2026-06-17T17:47:00Z,-191.1129888569957,1357.181464876028,7182.210794285087,5.861809623474526,-4.357856480975052,0.9408343359230615,7311.813564134285,7.364570212733844
gmat_j2,2026-06-17T06:30:00Z,EarthMJ2000Eq,40680.0,2026-06-17T17:48:00Z,160.7303984993107,1093.390155128414,7225.474018420189,5.862730950176974,-4.432519553886544,0.5007689511436528,7309.501425076725,7.366791250753552
gmat_j2,2026-06-17T06:30:00Z,EarthMJ2000Eq,40740.0,2026-06-17T17:49:00Z,511.9858608475766,825.6020235504072,7242.258367888837,5.842211524423291,-4.491039193602886,0.05846898183482797,7307.123544203577,7.369144262152722
gmat_j2,2026-06-17T06:30:00Z,EarthMJ2000Eq,40800.0,2026-06-17T17:50:00Z,861.3675857427462,554.7931681513793,7232.477370123447,5.800284792861616,-4.533174882955198,-0.3844770119606806,7304.688801485215,7.3716213122001735
gmat_j2,2026-06-17T06:30:00Z,EarthMJ2000Eq,40860.0,2026-06-17T17:51:00Z,1207.593995800267,281.9524477009653,7196.140143385551,5.737058540255251,-4.558741964559426,-0.8264720421593045,7302.20606424541,7.374213519435264
gmat_j2,2026-06-17T06:30:00Z,EarthMJ2000Eq,40920.0,2026-06-17T17:52:00Z,1549.39221869214,8.07809803703955,7133.3517550497,5.652715186549878,-4.567612693568778,-1.265915624215852,7299.6841551044035,7.3769110789229435
gmat_j2,2026-06-17T06:30:00Z,EarthMJ2000Eq,40980.0,2026-06-17T17:53:00Z,1885.502570088544,-265.8257115939216,7044.31328063929,5.547511919487419,-4.55971718259923,-1.701208821489434,7297.131823295094,7.379703295963809
gmat_j2,2026-06-17T06:30:00Z,EarthMJ2000Eq,41040.0,2026-06-17T17:54:00Z,2214.683039303282,-538.7523754353184,6929.321556676548,5.421780649728465,-4.535044229718757,-2.130759407813642,7294.557719453395,7.382578630347377
gmat_j2,2026-06-17T06:30:00Z,EarthMJ2000Eq,41100.0,2026-06-17T17:55:00Z,2535.713766541132,-809.6963940120193,6788.768620145926,5.275927773029185,-4.49364201815509,-2.552987151450684,7291.970373923656,7.385524751093989
gmat_j2,2026-06-17T06:30:00Z,EarthMJ2000Eq,41160.0,2026-06-17T17:56:00Z,2847.401499652254,-1077.656954723725,6623.140827264975,5.110433721912946,-4.435618674262063,-2.966329220668315,7289.37817856026,7.388528601482032
gmat_j2,2026-06-17T06:30:00Z,EarthMJ2000Eq,41220.0,2026-06-17T17:57:00Z,3148.584017200163,-1341.641541289892,6433.017644341079,4.925852287577974,-4.361142668374216,-3.369245707583596,7286.78937194473,7.391576474002134
gmat_j2,2026-06-17T06:30:00Z,EarthMJ2000Eq,41280.0,2026-06-17T17:58:00Z,3438.134503334466,-1600.669562014069,6219.070103912168,4.722809691690439,-4.270443041605668,-3.760225262554213,7284.212027882724,7.394654094727779
gmat_j2,2026-06-17T06:30:00Z,EarthMJ2000Eq,41340.0,2026-06-17T17:59:00Z,3714.965859424986,-1853.775986417429,5982.058919417929,4.502003386616242,-4.16380944017589,-4.137790827646599,7281.654046979898,7.397746716437262
gmat_j2,2026-06-17T06:30:00Z,EarthMJ2000Eq,41400.0,2026-06-17T18:00:00Z,3978.034934075924,-2100.014976810698,5722.832254094084,4.264200564209355,-4.041591938730996,-4.500505449841322,7279.123151043486,7.400839219647336
gmat_j2,2026-06-17T06:30:00Z,EarthMJ2000Eq,41460.0,2026-06-17T18:01:00Z,4226.346655429594,-2338.463503375312,5442.323138385977,4.010236351631363,-3.904200632755573,-4.846978154012208,7276.626880024193,7.403916220637983
gmat_j2,2026-06-17T06:30:00Z,EarthMJ2000Eq,41520.0,2026-06-17T18:02:00Z,4458.958044785976,-2568.224926856361,5141.546534392952,3.741011676821278,-3.75210498161826,-5.175869845299215,7274.172591121007,7.406962185314263
gmat_j2,2026-06-17T06:30:00Z,EarthMJ2000Eq,41580.0,2026-06-17T18:03:00Z,4674.9820919985,-2788.432534061906,4821.596045944142,3.457490786919704,-3.585832883974213,-5.485899208451873,7271.7674596885845,7.409961547721982
gmat_j2,2026-06-17T06:30:00Z,EarthMJ2000Eq,41640.0,2026-06-17T18:04:00Z,4873.591471203596,-2998.253009415008,4483.64027578953,3.160698406770154,-3.405969469101707,-5.775848565228636,7269.418481511199,7.412898831865038
gmat_j2,2026-06-17T06:30:00Z,EarthMJ2000Eq,41700.0,2026-06-17T18:05:00Z,5054.022075026505,-3196.889825103672,4128.918833671958,2.85171652830939,-3.213155589860262,-6.044569646595668,7267.132476001632,7.415758775407199
gmat_j2,2026-06-17T06:30:00Z,EarthMJ2000Eq,41760.0,2026-06-17T18:06:00Z,5215.576344948729,-3383.586531561158,3758.738001799577,2.531680826213655,-3.008086005770485,-6.290989232327234,7264.916089861126,7.418526453763394
gmat_j2,2026-06-17T06:30:00Z,EarthMJ2000Eq,41820.0,2026-06-17T18:07:00Z,5357.626375399992,-3557.629929422229,3374.466067180896,2.201776700264844,-2.79150724808511,-6.514114607302596,7262.775800729207,7.42118740303827
gmat_j2,2026-06-17T06:30:00Z,EarthMJ2000Eq,41880.0,2026-06-17T18:08:00Z,5479.616769329617,-3718.35310372561,2977.528333409358,1.86323495046888,-2.564215162605352,-6.713038781395862,7260.717920354689,7.423727740246728
gmat_j2,2026-06-17T06:30:00Z,EarthMJ2000Eq,41940.0,2026-06-17T18:09:00Z,5581.06722355599,-3865.138301025119,2569.40182762966,1.517327096777304,-2.327052130252596,-6.886945418520944,7258.748596812604,7.426134279234009
gmat_j2,2026-06-17T06:30:00Z,EarthMJ2000Eq,42000.0,2026-06-17T18:10:00Z,5661.574823033093,-3997.419630046195,2151.609722432184,1.165360361942904,-2.08090397048806,-7.035113420036213,7256.87381543496,7.428394640859779
gmat_j2,2026-06-17T06:30:00Z,EarthMJ2000Eq,42060.0,2026-06-17T18:11:00Z,5720.816024749302,-4114.685567887728,1725.71549154823,0.8086723386838922,-1.82669653501878,-7.156921109564389,7255.099397622442,7.430497355556387
gmat_j2,2026-06-17T06:30:00Z,EarthMJ2000Eq,42120.0,2026-06-17T18:12:00Z,5758.548312563144,-4216.481251315983,1293.316835513036,0.4486253800040249,-1.565392012733766,-7.251849965680931,7253.430998351365,7.432431957970483
gmat_j2,2026-06-17T06:30:00Z,EarthMJ2000Eq,42180.0,2026-06-17T18:13:00Z,5774.611508025698,-4302.410539616495,856.0393894891668,0.08660073471428607,-1.297984955329895,-7.31948785758813,7251.874099595421,7.4341890700261235
gmat_j2,2026-06-17T06:30:00Z,EarthMJ2000Eq,42240.0,2026-06-17T18:14:00Z,5768.928723797999,-4372.137832954979,415.5302475383428,-0.2760075287037936,-1.025498049599308,-7.359531740506146,7250.434003370911,7.435760475240618
gmat_j2,2026-06-17T06:30:00Z,EarthMJ2000Eq,42300.0,2026-06-17T18:15:00Z,5741.50694557735,-4425.389623933193,-26.54862829611112,-0.6377987358938099,-0.7489776858062156,-7.371789765703816,7249.11581914601,7.437139177874708
gmat_j2,2026-06-17T06:30:00Z,EarthMJ2000Eq,42360.0,2026-06-17T18:16:00Z,5692.437239095755,-4461.955785472509,-468.5271482456179,-0.9973719674280392,-0.4694893120936299,-7.356182788051043,7247.924450571962,7.438319451784781
gmat_j2,2026-06-17T06:30:00Z,EarthMJ2000Eq,42420.0,2026-06-17T18:17:00Z,5621.894572733901,-4481.690569454949,-908.7338754853008,-1.353332455755287,-0.1881126541935216,-7.31274523473714,7246.86457743836,7.439296873672883
gmat_j2,2026-06-17T06:30:00Z,EarthMJ2000Eq,42480.0,2026-06-17T18:18:00Z,5530.137255870871,-4484.513317342856,-1345.50285370845,-1.704298002447221,0.09406318860271186,-7.241625327695053,7245.94063538572,7.440068343188131
gmat_j2,2026-06-17T06:30:00Z,EarthMJ2000Eq,42540.0,2026-06-17T18:19:00Z,5417.505993299613,-4470.408873461512,-1777.18042449831,-2.048905347063699,0.3759447199274393,-7.143084650182104,7245.1567922703125,7.440632088292951
gmat_j2,2026-06-17T06:30:00Z,EarthMJ2000Eq,42600.0,2026-06-17T18:20:00Z,5284.422560198442,-4439.427698591867,-2202.131999735872,-2.385816438022957,0.6564390566028924,-7.017497060287719,7244.5169217843395,7.440987656361286
gmat_j2,2026-06-17T06:30:00Z,EarthMJ2000Eq,42660.0,2026-06-17T18:21:00Z,5131.388105109207,-4391.685682976507,-2618.748749387334,-2.713724553007253,0.9344589305148416,-6.865346961935457,7244.024574484463,7.441135891123731
gmat_j2,2026-06-17T06:30:00Z,EarthMJ2000Eq,42720.0,2026-06-17T18:22:00Z,4958.981091442341,-4327.363660495298,-3025.454166739251,-3.031360219669343,1.208927640993543,-6.68722695239889,7243.682946574749,7.441078895929147
gmat_j2,2026-06-17T06:30:00Z,EarthMJ2000Eq,42780.0,2026-06-17T18:23:00Z,4767.854890906066,-4246.70662819222,-3420.710474400747,-3.337496890798482,1.478783917907413,-6.483834873154056,7243.494846850076,7.440819983999062
gmat_j2,2026-06-17T06:30:00Z,EarthMJ2000Eq,42840.0,2026-06-17T18:24:00Z,4558.735044699812,-4150.022677568431,-3803.024836495261,-3.630956332653366,1.742986658029078,-6.255970297751431,7243.4626622290425,7.440363616521109
gmat_j2,2026-06-17T06:30:00Z,EarthMJ2000Eq,42900.0,2026-06-17T18:25:00Z,4332.416211635275,-4037.681646739116,-4170.955343206527,-3.91061368908493,2.000519499034802,-6.004530497637127,7243.588322528905,7.439715329791273
gmat_j2,2026-06-17T06:30:00Z,EarthMJ2000Eq,42960.0,2026-06-17T18:26:00Z,4089.758821101083,-3910.113502850921,-4523.116741341245,-4.175402193373355,2.250395202424829,-5.730505928269977,7243.873264749506,7.438881652335993
gmat_j2,2026-06-17T06:30:00Z,EarthMJ2000Eq,43020.0,2026-06-17T18:27:00Z,3831.685456802767,-3767.806469170394,-4858.185877700174,-4.424317498327548,2.491659813746396,-5.434975288905822,7244.31839797793,7.43787001395312
gmat_j2,2026-06-17T06:30:00Z,EarthMJ2000Eq,43080.0,2026-06-17T18:28:00Z,3559.176991763645,-3611.304909342245,-5174.906835622224,-4.656421609259496,2.723396580147937,-5.119100204553858,7244.9240689125745,7.436688647523414
gmat_j2,2026-06-17T06:30:00Z,EarthMJ2000Eq,43140.0,2026-06-17T18:29:00Z,3273.268498645298,-3441.206983866725,-5472.095743889237,-4.870846407316738,2.944729606777133,-4.784119582960217,7245.690029274469,7.435346485858182
gmat_j2,2026-06-17T06:30:00Z,EarthMJ2000Eq,43200.0,2026-06-17T18:30:00Z,2975.044962390919,-3258.162096061678,-5748.645236892327,-5.066796753920903,3.154827235570632,-4.431343702342107,7246.615405284419,7.433853054784489
gmat_j2,2026-06-17T06:30:00Z,EarthMJ2000Eq,43260.0,2026-06-17T18:31:00Z,2665.636818633803,-3062.86814355799,-6003.528554040387,-5.243553177124974,3.352905138606407,-4.06214808039841,7247.698670119831,7.432218364453183
gmat_j2,2026-06-17T06:30:00Z,EarthMJ2000Eq,43320.0,2026-06-17T18:32:00Z,2346.215343515039,-2856.068592980685,-6235.803265863723,-5.400474143042385,3.538229119904049,-3.677967175663428,7248.937619852494,7.430452800460008
gmat_j2,2026-06-17T06:30:00Z,EarthMJ2000Eq,43380.0,2026-06-17T18:33:00Z,2017.987919443341,-2638.549395302491,-6444.614618384829,-5.536997920860547,3.710117624315254,-3.280287968525136,7250.329353482491,7.428567016478983
gmat_j2,2026-06-17T06:30:00Z,EarthMJ2000Eq,43440.0,2026-06-17T18:34:00Z,1682.193200853501,-2411.135759410093,-6629.19848984391,-5.652644053537938,3.867943955500357,-2.870643465711944,7251.87025759925,7.426571829998296
gmat_j2,2026-06-17T06:30:00Z,EarthMJ2000Eq,43500.0,2026-06-17T18:35:00Z,1340.096203181886,-2174.688801200822,-6788.883956397508,-5.747014449286918,4.011138208015512,-2.450606167793161,7253.555996149907,7.42447812265215
gmat_j2,2026-06-17T06:30:00Z,EarthMJ2000Eq,43560.0,2026-06-17T18:36:00Z,992.9833372900782,-1930.10208514057,-6923.095465644637,-5.819794111124819,4.139188920990796,-2.021781534614925,7255.381505725874,7.42229674650953
gmat_j2,2026-06-17T06:30:00Z,EarthMJ2000Eq,43620.0,2026-06-17T18:37:00Z,642.1574105902413,-1678.298074783479,-7031.354618768723,-5.870751523152558,4.251644462722135,-1.585801478938612,7257.340996720366,7.4200384375418
gmat_j2,2026-06-17T06:30:00Z,EarthMJ2000Eq,43680.0,2026-06-17T18:38:00Z,288.9326143592444,-1420.224507691712,-7113.281563870173,-5.89973871287013,4.348114156931389,-1.144317913007194,7259.427960575401,7.417713737255894
gmat_j2,2026-06-17T06:30:00Z,EarthMJ2000Eq,43740.0,2026-06-17T18:39:00Z,-65.37048207395495,-1156.850711265696,-7168.596003977153,-5.906691008627426,4.428269161556336,-0.698996371149808,7261.63518336743,7.415332923441235
gmat_j2,2026-06-17T06:30:00Z,EarthMJ2000Eq,43800.0,2026-06-17T18:40:00Z,-419.4299161449835,-889.1638713212478,-7197.117825477039,-5.891626510934634,4.491843112498111,-0.2515097205142338,7263.954765719547,7.412905950513447
gmat_j2,2026-06-17T06:30:00Z,EarthMJ2000Eq,43860.0,2026-06-17T18:41:00Z,-771.9272750429442,-618.1652702730214,-7198.767351891875,-5.854645294626309,4.538632542399694,0.196468021938207,7266.378149118809,7.4104424000503375
gmat_j2,2026-06-17T06:30:00Z,EarthMJ2000Eq,43920.0,2026-06-17T18:42:00Z,-1121.552583983965,-344.8665060485603,-7173.565230191207,-5.795928357792404,4.568497085694911,0.6432677599034079,7268.896148483858,7.407951441633253
gmat_j2,2026-06-17T06:30:00Z,EarthMJ2000Eq,43980.0,2026-06-17T18:43:00Z,-1467.009124089455,-70.28570493968755,-7121.631956454859,-5.715736331214203,4.581359479126632,1.087231267260924,7271.498990832609,7.405441804069169
gmat_j2,2026-06-17T06:30:00Z,EarthMJ2000Eq,44040.0,2026-06-17T18:44:00Z,-1807.018165903969,204.5562596192201,-7043.187048322408,-5.614407960128312,4.577205365959641,1.526717011219392,7274.176359761486,7.402921756797687
gmat_j2,2026-06-17T06:30:00Z,EarthMJ2000Eq,44100.0,2026-06-17T18:45:00Z,-2140.323605248758,478.6395308188073,-6938.547871957087,-5.492358368120795,4.556082910739951,1.960105844750735,7276.917445394562,7.400399101131582
gmat_j2,2026-06-17T06:30:00Z,EarthMJ2000Eq,44160.0,2026-06-17T18:46:00Z,-2465.69648857279,750.9490035822508,-6808.12813148442,-5.350077111029955,4.518102230027355,2.385806564326125,7279.710999377029,7.397881170803328
gmat_j2,2026-06-17T06:30:00Z,EarthMJ2000Eq,44220.0,2026-06-17T18:47:00Z,-2781.93941539629,1020.478020101109,-6652.436029110304,-5.188126027021544,4.463434643176586,2.802261328794641,7282.545394424246,7.395374841143967
gmat_j2,2026-06-17T06:30:00Z,EarthMJ2000Eq,44280.0,2026-06-17T18:48:00Z,-3087.890805765393,1286.232015093565,-6472.0721043916,-5.007136887573104,4.392311746019225,3.207950934521945,7285.4086878792195,7.392886546093748
gmat_j2,2026-06-17T06:30:00Z,EarthMJ2000Eq,44340.0,2026-06-17T18:49:00Z,-3382.429020887096,1547.232100218802,-6267.72676145783,-4.807808853030418,4.305024309275378,3.601399940749881,7288.288688682782,7.3904223021396325
gmat_j2,2026-06-17T06:30:00Z,EarthMJ2000Eq,44400.0,2026-06-17T18:50:00Z,-3664.476325306256,1802.518577161824,-6040.177493393325,-4.590905735730998,4.201921002756079,3.981181637649619,7291.173027122508,7.387987738195627
gmat_j2,2026-06-17T06:30:00Z,EarthMJ2000Eq,44460.0,2026-06-17T18:51:00Z,-3933.002679196658,2051.154368989268,-5790.285813446143,-4.357253073399403,4.0834069459174,4.345922847906597,7294.049226690721,7.385588130377403
gmat_j2,2026-06-17T06:30:00Z,EarthMJ2000Eq,44520.0,2026-06-17T18:52:00Z,-4187.029348909082,2292.228358833714,-5518.99390400254,-4.107735016308472,3.949942085494421,4.6943085500785,7296.904777375453,7.383228440615046
gmat_j2,2026-06-17T06:30:00Z,EarthMJ2000Eq,44580.0,2026-06-17T18:53:00Z,-4425.632327588236,2524.858628314005,-5227.320991137307,-3.843291028775104,3.802039399198286,5.025086314997585,7299.727209721639,7.380913357985939
gmat_j2,2026-06-17T06:30:00Z,EarthMJ2000Eq,44640.0,2026-06-17T18:54:00Z,-4647.945547777132,2748.195578500278,-4916.359464369672,-3.564912416628208,3.640262930369415,5.337070530976406,7302.504168823664,7.378647341692681
gmat_j2,2026-06-17T06:30:00Z,EarthMJ2000Eq,44700.0,2026-06-17T18:55:00Z,-4853.163885419644,2961.424932625364,-4587.270743809444,-3.273638676723909,3.465225650225018,5.629146415754644,7305.223487842565,7.376434664709192
gmat_j2,2026-06-17T06:30:00Z,EarthMJ2000Eq,44760.0,2026-06-17T18:56:00Z,-5040.545936971057,3163.770602767349,-4241.280916847018,-2.970553683654195,3.277587154676971,5.900273787299216,7307.873260071016,7.374279456941215
gmat_j2,2026-06-17T06:30:00Z,EarthMJ2000Eq,44820.0,2026-06-17T18:57:00Z,-5209.416563835254,3354.497414276129,-3879.676155104527,-2.656781719079196,3.078051197861889,6.149490581334241,7310.441909107341,7.372185747077387
gmat_j2,2026-06-17T06:30:00Z,EarthMJ2000Eq,44880.0,2026-06-17T18:58:00Z,-5359.169193870751,3532.913677138915,-3503.797929108493,-2.33348335622916,2.86736306878597,6.375916096244882,7312.918256528883,7.370157502278413
gmat_j2,2026-06-17T06:30:00Z,EarthMJ2000Eq,44940.0,2026-06-17T18:59:00Z,-5489.267872640684,3698.373596424995,-3115.038034048122,-2.001851209639645,2.646306816167167,6.578753949529679,7315.291586116381,7.368198664482444
gmat_j2,2026-06-17T06:30:00Z,EarthMJ2000Eq,45000.0,2026-06-17T19:00:00Z,-5599.249054621178,3850.279509822247,-2714.833453274773,-1.663105572502619,2.415702335246257,6.757294725289839,7317.551705212136,7.366313183827671
gmat_j2,2026-06-17T06:30:00Z,EarthMJ2000Eq,45060.0,2026-06-17T19:01:00Z,-5688.723129184916,3988.083946017043,-2304.661073123102,-1.318489954001315,2.176402323835657,6.910918299407061,7319.689000426945,7.36450504617106
gmat_j2,2026-06-17T06:30:00Z,EarthMJ2000Eq,45120.0,2026-06-17T19:02:00Z,-5757.375682592789,4111.291505939551,-1886.032242804656,-0.9692665131878163,1.929289104463087,7.039095839484895,7321.694490909892,7.362778297602122
gmat_j2,2026-06-17T06:30:00Z,EarthMJ2000Eq,45180.0,2026-06-17T19:03:00Z,-5804.968472563194,4219.460532994559,-1460.487273793996,-0.6167114718005741,1.675271368699491,7.141391436140433,7323.559874396167,7.361137061787031
gmat_j2,2026-06-17T06:30:00Z,EarthMJ2000Eq,45240.0,2026-06-17T19:04:00Z,-5831.340136402411,4312.20460055031,-1029.589806704966,-0.2621104485034318,1.415280804461392,7.217463395679796,7325.277569723602,7.3595855529145995
gmat_j2,2026-06-17T06:30:00Z,EarthMJ2000Eq,45300.0,2026-06-17T19:05:00Z,-5836.406613704576,4389.193787223781,-594.9211341064871,0.09324620699675905,1.150268660712081,7.267065158885387,7326.840752882848,7.358128081952743
gmat_j2,2026-06-17T06:30:00Z,EarthMJ2000Eq,45360.0,2026-06-17T19:06:00Z,-5820.161290224318,4450.155746157839,-158.0744727712642,0.4480680814008291,0.8812022497316954,7.290045853599721,7328.243387622244,7.356769057003822
gmat_j2,2026-06-17T06:30:00Z,EarthMJ2000Eq,45420.0,2026-06-17T19:07:00Z,-5782.674862314125,4494.876562759042,279.3507844054731,0.801069337303116,0.6090614090412787,7.286350477376722,7329.480250224308,7.355512977510037
gmat_j2,2026-06-17T06:30:00Z,EarthMJ2000Eq,45480.0,2026-06-17T19:08:00Z,-5724.094924585369,4523.201399229489,715.7548146192618,1.150973302127753,0.3348349407804902,7.256019712784785,7330.546948100547,7.354364422035377
gmat_j2,2026-06-17T06:30:00Z,EarthMJ2000Eq,45540.0,2026-06-17T19:09:00Z,-5644.645283626305,4535.034925816262,1149.543095965991,1.49651699127104,0.05951704110931488,7.19918938042571,7331.439932634044,7.353328030122119
gmat_j2,2026-06-17T06:30:00Z,EarthMJ2000Eq,45600.0,2026-06-17T19:10:00Z,-5544.625003534682,4530.341537371416,1579.132088024357,1.836455533614821,-0.2158962545432123,7.116089537661321,7332.156505863943,7.352408478021553
gmat_j2,2026-06-17T06:30:00Z,EarthMJ2000Eq,45660.0,2026-06-17T19:11:00Z,-5424.407189126338,4509.145357750091,2002.954850315544,2.169566486968886,-0.4904105988599235,7.007043234712866,7332.694821357783,7.351610448737611
gmat_j2,2026-06-17T06:30:00Z,EarthMJ2000Eq,45720.0,2026-06-17T19:12:00Z,-5284.437513878226,4471.530033800597,2419.466576670245,2.494654023758708,-0.7630368152771916,6.872464941438181,7333.053879311722,7.350938596602529
gmat_j2,2026-06-17T06:30:00Z,EarthMJ2000Eq,45780.0,2026-06-17T19:13:00Z,-5125.232501123576,4417.638322117578,2827.150025289427,2.810552969875138,-1.032794320020031,6.712858661058711,7333.233516062968,7.350397506753668
gmat_j2,2026-06-17T06:30:00Z,EarthMJ2000Eq,45840.0,2026-06-17T19:14:00Z,-4947.377567662483,4347.671472638787,3224.520826744641,3.11613268281924,-1.298714469834571,6.528815748910129,7333.234388257136,7.349991649948241
gmat_j2,2026-06-17T06:30:00Z,EarthMJ2000Eq,45900.0,2026-06-17T19:15:00Z,-4751.524839814143,4261.888413925318,3610.13265273384,3.410300757071385,-1.559843822826649,6.32101245593643,7333.057951936337,7.349725333194132
gmat_j2,2026-06-17T06:30:00Z,EarthMJ2000Eq,45960.0,2026-06-17T19:16:00Z,-4538.3907525771,4160.604745675563,3982.582229709993,3.692006547045741,-1.81524730148879,6.090207217818953,7332.706436863347,7.349602646739823
gmat_j2,2026-06-17T06:30:00Z,EarthMJ2000Eq,46020.0,2026-06-17T19:17:00Z,-4308.753443070354,4044.191544625345,4340.514182766705,3.960244500406847,-2.064011248735359,5.837237711347897,7332.182816432544,7.3496274080180966
gmat_j2,2026-06-17T06:30:00Z,EarthMJ2000Eq,46080.0,2026-06-17T19:18:00Z,-4063.449949804371,3913.073990492501,4682.625696455988,4.214057296933144,-2.305246369574088,5.56301769990347,7331.490773556492,7.349803103193261
gmat_j2,2026-06-17T06:30:00Z,EarthMJ2000Eq,46140.0,2026-06-17T19:19:00Z,-3803.373229429427,3767.729818939444,5007.670980640472,4.452538790551408,-2.538090552981205,5.268533689537066,7330.634662920707,7.3501328269824135
gmat_j2,2026-06-17T06:30:00Z,EarthMJ2000Eq,46200.0,2026-06-17T19:20:00Z,-3529.469003290615,3608.687609162983,5314.465530148482,4.674836753949374,-2.761711569921508,4.954841417130452,7329.619470126132,7.350619221563959
gmat_j2,2026-06-17T06:30:00Z,EarthMJ2000Eq,46260.0,2026-06-17T19:21:00Z,-3242.732444348061,3436.524912861202,5601.890169989542,4.880155428473504,-2.975309646520423,4.623062188961934,7328.45076799788,7.351264415170115
gmat_j2,2026-06-17T06:30:00Z,EarthMJ2000Eq,46320.0,2026-06-17T19:22:00Z,-2944.204717167679,3251.866232759191,5868.894876589421,5.067757882050899,-3.178119911240821,4.274379089082387,7327.134670852544,7.352069961480178
gmat_j2,2026-06-17T06:30:00Z,EarthMJ2000Eq,46380.0,2026-06-17T19:23:00Z,-2634.969383586174,3055.380858969442,6114.502366530784,5.236968179367333,-3.369414716355629,3.910033075175599,7325.677786806072,7.353036780233526
gmat_j2,2026-06-17T06:30:00Z,EarthMJ2000Eq,46440.0,2026-06-17T19:24:00Z,-2316.148680934963,2847.780568127142,6337.811450606083,5.387173373549245,-3.548505839294364,3.531318971059662,7324.087169049321,7.354165100373394
gmat_j2,2026-06-17T06:30:00Z,EarthMJ2000Eq,46500.0,2026-06-17T19:25:00Z,-1988.899687972257,2629.81719521292,6538.00014276665,5.517825322899205,-3.714746563802863,3.139581372489512,7322.370266236912,7.355454406207412
gmat_j2,2026-06-17T06:30:00Z,EarthMJ2000Eq,46560.0,2026-06-17T19:26:00Z,-1654.410386102938,2402.280083523308,6714.328521695827,5.628442342003191,-3.867533647123348,2.736210472003585,7320.5348727122455,7.356903387702443
gmat_j2,2026-06-17T06:30:00Z,EarthMJ2000Eq,46620.0,2026-06-17T19:27:00Z,-1313.89562648221,2165.993420021528,6866.141339481459,5.718610693775403,-4.006309177084847,2.322637809764331,7318.5890789551695,7.358509895672052
gmat_j2,2026-06-17T06:30:00Z,EarthMJ2000Eq,46680.0,2026-06-17T19:28:00Z,-968.5930121745043,1921.81346243352,6992.87037322196,5.787985929260209,-4.130562323846781,1.900331953430968,7316.541222757473,7.360270902740432
gmat_j2,2026-06-17T06:30:00Z,EarthMJ2000Eq,46740.0,2026-06-17T19:29:00Z,-619.758704347156,1670.625664291811,7094.036515315516,5.836294080906019,-4.239830990601106,1.470794107657604,7314.39984157514,7.362182470898186
gmat_j2,2026-06-17T06:30:00Z,EarthMJ2000Eq,46800.0,2026-06-17T19:30:00Z,-268.6631611504991,1413.341703874357,7169.251598166624,5.863332713667623,-4.333703366910568,1.035553651336668,7312.173626486487,7.36423972643026
gmat_j2,2026-06-17T06:30:00Z,EarthMJ2000Eq,46860.0,2026-06-17T19:31:00Z,83.41318228099502,1150.896422787464,7218.219948862556,5.868971836531137,-4.411819387368368,0.5961635985556133,7309.871378151642,7.366436842938236
gmat_j2,2026-06-17T06:30:00Z,EarthMJ2000Eq,46920.0,2026-06-17T19:32:00Z,435.1842842268854,884.244679929355,7240.739669097537,5.853154674991904,-4.473872096942357,0.1541959776712663,7307.501965163208,7.3687670331412285
gmat_j2,2026-06-17T06:30:00Z,EarthMJ2000Eq,46980.0,2026-06-17T19:33:00Z,785.3629098158848,614.3581256169483,7236.703635061625,5.815898302386877,-4.519608922806479,-0.2887628798301752,7305.074284929633,7.371222549861476
gmat_j2,2026-06-17T06:30:00Z,EarthMJ2000Eq,47040.0,2026-06-17T19:34:00Z,1132.665073524947,342.2219058286977,7206.100212543172,5.757294126828508,-4.548832850309964,-0.7311171414760731,7302.597228029699,7.373794697266343
gmat_j2,2026-06-17T06:30:00Z,EarthMJ2000Eq,47100.0,2026-06-17T19:35:00Z,1475.814520835951,68.83128729424075,7149.013678211076,5.677508222316545,-4.561403499716777,-1.171266399081146,7300.079644584015,7.376473851327404
gmat_j2,2026-06-17T06:30:00Z,EarthMJ2000Eq,47160.0,2026-06-17T19:36:00Z,1813.547194635,-204.8117545372156,7065.624348225931,5.576781504736216,-4.557238095786468,-1.607610666548242,7297.5303159499235,7.37924949222176
gmat_j2,2026-06-17T06:30:00Z,EarthMJ2000Eq,47220.0,2026-06-17T19:37:00Z,2144.615747786318,-477.7020352685013,6956.208393955341,5.455429722437158,-4.536312323326094,-2.038555547895164,7294.957927245879,7.382110245252715
gmat_j2,2026-06-17T06:30:00Z,EarthMJ2000Eq,47280.0,2026-06-17T19:38:00Z,2467.794019753393,-748.8346848424503,6821.137351242731,5.313843264389518,-4.498661056292379,-2.46251748765971,7292.371046077703,7.385043934529394
gmat_j2,2026-06-17T06:30:00Z,EarthMJ2000Eq,47340.0,2026-06-17T19:39:00Z,2781.881490621121,-1017.208705890064,6660.877315610212,5.152486766076,-4.444378950731086,-2.877929136511781,7289.778103125611,7.388037645212247
gmat_j2,2026-06-17T06:30:00Z,EarthMJ2000Eq,47400.0,2026-06-17T19:40:00Z,3085.707746632379,-1281.830598793994,6475.987791062441,4.971898469115697,-4.373620877802006,-3.283244891905426,7287.187375909956,7.391077796246205
gmat_j2,2026-06-17T06:30:00Z,EarthMJ2000Eq,47460.0,2026-06-17T19:41:00Z,3378.136845283456,-1541.717960698627,6267.120232402569,4.772689362154217,-4.286602195307201,-3.67694647811454,7284.606977949601,7.394150223747923
gmat_j2,2026-06-17T06:30:00Z,EarthMJ2000Eq,47520.0,2026-06-17T19:42:00Z,3658.071657637453,-1795.903126970695,6035.016228669154,4.555542035506291,-4.183598824600968,-4.057548677287935,7282.044848404437,7.397240271278775
gmat_j2,2026-06-17T06:30:00Z,EarthMJ2000Eq,47580.0,2026-06-17T19:43:00Z,3924.458133695332,-2043.436812098014,5780.505335920458,4.321209243447762,-4.064947117263291,-4.423605146250896,7279.508746252704,7.400332889927515
gmat_j2,2026-06-17T06:30:00Z,EarthMJ2000Eq,47640.0,2026-06-17T19:44:00Z,4176.289437627442,-2283.391703627649,5504.502592174771,4.070512187786917,-3.931043510208245,-4.773714248556141,7277.00624750954,7.403412745277688
gmat_j2,2026-06-17T06:30:00Z,EarthMJ2000Eq,47700.0,2026-06-17T19:45:00Z,4412.61001919207,-2514.866074145509,5208.005631133818,3.804338429677028,-3.782343912894481,-5.10652499198891,7274.544742200974,7.40646432899901
gmat_j2,2026-06-17T06:30:00Z,EarthMJ2000Eq,47760.0,2026-06-17T19:46:00Z,4632.519506635603,-2736.987307298698,4892.091488936868,3.523639500371071,-3.619362853658904,-5.4207429086081,7272.131436917383,7.409472078106929
gmat_j2,2026-06-17T06:30:00Z,EarthMJ2000Eq,47820.0,2026-06-17T19:47:00Z,4835.176471144041,-2948.915389397653,4557.913026361543,3.229428125952538,-3.44267233020601,-5.715135938695101,7269.773355257198,7.41242049479276
gmat_j2,2026-06-17T06:30:00Z,EarthMJ2000Eq,47880.0,2026-06-17T19:48:00Z,5019.802010776468,-3149.846320573782,4206.695002265142,2.922775085602547,-3.252900365148527,-5.988540234204522,7267.477341740404,7.415294270849185
gmat_j2,2026-06-17T06:30:00Z,EarthMJ2000Eq,47940.0,2026-06-17T19:49:00Z,5185.683121032866,-3339.015415702582,3839.729825395016,2.604805716236683,-3.05072926601728,-6.239865819302831,7265.250065214046,7.4180784113392475
gmat_j2,2026-06-17T06:30:00Z,EarthMJ2000Eq,48000.0,2026-06-17T19:50:00Z,5332.175859242393,-3515.70050703482,3458.372946483766,2.276696021428504,-2.836893556212442,-6.468102100759697,7263.098022608744,7.4207583580871335
gmat_j2,2026-06-17T06:30:00Z,EarthMJ2000Eq,48060.0,2026-06-17T19:51:00Z,5458.708257589372,-3679.225005885232,3064.037937893028,1.939668420717635,-2.61217759029286,-6.67232314254451,7261.027542314747,7.423320110576702
gmat_j2,2026-06-17T06:30:00Z,EarthMJ2000Eq,48120.0,2026-06-17T19:52:00Z,5564.782971501079,-3828.960812876656,2658.191262718886,1.594987138280717,-2.377412845814147,-6.851692662736474,7259.0447867228695,7.425750342916186
gmat_j2,2026-06-17T06:30:00Z,EarthMJ2000Eq,48180.0,2026-06-17T19:53:00Z,5649.979640981618,-3964.331056089954,2242.346753864422,1.243953249548679,-2.133474896506841,-7.005468696049456,7257.155753485823,7.428036515285615
gmat_j2,2026-06-17T06:30:00Z,EarthMJ2000Eq,48240.0,2026-06-17T19:54:00Z,5713.956945038175,-4084.812638246889,1818.059824742082,0.8878994085845351,-1.881280075294002,-7.133007868003617,7255.3662750872,7.430166978370303
gmat_j2,2026-06-17T06:30:00Z,EarthMJ2000Eq,48300.0,2026-06-17T19:55:00Z,5756.454330878482,-4189.938574692766,1386.921436483643,0.5281842850374348,-1.621781840586956,-7.233769228738746,7253.682016339421,7.432131069354581
gmat_j2,2026-06-17T06:30:00Z,EarthMJ2000Eq,48360.0,2026-06-17T19:56:00Z,5777.293401461527,-4279.300104901575,950.5518495615288,0.1661867451644867,-1.355966864199414,-7.307317597693793,7252.108469478816,7.433919198151171
gmat_j2,2026-06-17T06:30:00Z,EarthMJ2000Eq,48420.0,2026-06-17T19:57:00Z,5776.378947212178,-4352.548561470234,510.594190525038,-0.1967001833755375,-1.084850863965541,-7.353326374799413,7250.65094658063,7.435522922667069
gmat_j2,2026-06-17T06:30:00Z,EarthMJ2000Eq,48480.0,2026-06-17T19:58:00Z,5753.699610233485,-4409.39698208892,68.70786705564055,-0.5590755186668498,-0.8094742085980173,-7.371579779367838,7249.3145690783185,7.436935012055892
gmat_j2,2026-06-17T06:30:00Z,EarthMJ2000Eq,48540.0,2026-06-17T19:59:00Z,5709.32817212618,-4449.621451749773,-373.4381333188059,-0.9195366555168923,-0.5308973263454408,-7.361974484395735,7248.104254239315,7.4381494970761235
gmat_j2,2026-06-17T06:30:00Z,EarthMJ2000Eq,48600.0,2026-06-17T20:00:00Z,5643.421459507038,-4473.062164457749,-814.1720237774574,-1.276685769237688,-0.2501959524956633,-7.32452062137045,7247.024698524897,7.4391617068659155
gmat_j2,2026-06-17T06:30:00Z,EarthMJ2000Eq,48660.0,2026-06-17T20:01:00Z,5556.219864424335,-4479.624195895717,-1251.826039766401,-1.629136239318627,0.0315437464464765,-7.259342138679317,7246.080357828993,7.439968291639845
gmat_j2,2026-06-17T06:30:00Z,EarthMJ2000Eq,48720.0,2026-06-17T20:02:00Z,5448.04647970864,-4469.277980776719,-1684.743263885503,-1.975519040275758,0.3132301328661529,-7.166676504858037,7245.275424697733,7.440567231059176
gmat_j2,2026-06-17T06:30:00Z,EarthMJ2000Eq,48780.0,2026-06-17T20:03:00Z,5319.305855365424,-4442.059491440311,-2111.284405483701,-2.314489038642566,0.5937710951204749,-7.046873759115278,7244.613802630096,7.440957828149858
gmat_j2,2026-06-17T06:30:00Z,EarthMJ2000Eq,48840.0,2026-06-17T20:04:00Z,5170.482376616349,-4398.070115728884,-2529.834520279906,-2.644731163249689,0.8720790557628191,-6.900394912645276,7244.099077854166,7.441140689156806
gmat_j2,2026-06-17T06:30:00Z,EarthMJ2000Eq,48900.0,2026-06-17T20:05:00Z,5002.138281984165,-4337.476236130305,-2938.809597520969,-2.964966371432264,1.147075927341029,-6.727809725342389,7243.734488616211,7.441117689381154
gmat_j2,2026-06-17T06:30:00Z,EarthMJ2000Eq,48960.0,2026-06-17T20:06:00Z,4814.911327304513,-4260.508513264047,-3336.663005872111,-3.27395738703944,1.417697993991472,-6.529793877272589,7243.522892636996,7.440891925971251
gmat_j2,2026-06-17T06:30:00Z,EarthMJ2000Eq,49020.0,2026-06-17T20:07:00Z,4609.512115776737,-4167.46088067105,-3721.891747303302,-3.570514155441016,1.682900670556775,-6.307125571684431,7243.466733274923,7.440467658565608
gmat_j2,2026-06-17T06:30:00Z,EarthMJ2000Eq,49080.0,2026-06-17T20:08:00Z,4386.721107226349,-4058.68925712203,-4093.042495524121,-3.853498985419727,1.941663110430666,-6.060681603371592,7243.568004003915,7.43985023790701
gmat_j2,2026-06-17T06:30:00Z,EarthMJ2000Eq,49140.0,2026-06-17T20:09:00Z,4147.385327314914,-3934.609987016977,-4448.717386887434,-4.121831344706903,2.192992629059675,-5.791432937351346,7243.828213835232,7.439046025745266
gmat_j2,2026-06-17T06:30:00Z,EarthMJ2000Eq,49200.0,2026-06-17T20:10:00Z,3892.414816876223,-3795.698030132116,-4787.579506388642,-4.374492260493224,2.435928894175801,-5.500439866711319,7244.248351111308,7.43806230424987
gmat_j2,2026-06-17T06:30:00Z,EarthMJ2000Eq,49260.0,2026-06-17T20:11:00Z,3622.778798560119,-3642.484891406445,-5108.358117490588,-4.610528360691609,2.669547910244412,-5.188846749763712,7244.828849873053,7.436907179894436
gmat_j2,2026-06-17T06:30:00Z,EarthMJ2000Eq,49320.0,2026-06-17T20:12:00Z,3339.501642089829,-3475.556334426514,-5409.853523735726,-4.829055473420894,2.892965714163115,-4.857876443209913,7245.569556602764,7.435589480746862
gmat_j2,2026-06-17T06:30:00Z,EarthMJ2000Eq,49380.0,2026-06-17T20:13:00Z,3043.658609329351,-3295.549872248896,-5690.941610085008,-5.029261826970549,3.105341813943628,-4.508824435860416,7246.469699103235,7.434118649783702
gmat_j2,2026-06-17T06:30:00Z,EarthMJ2000Eq,49440.0,2026-06-17T20:14:00Z,2736.371420739194,-3103.152060608095,-5950.578022826178,-5.210410828335805,3.305882341645839,-4.143052753994515,7247.52785915559,7.432504637013443
gmat_j2,2026-06-17T06:30:00Z,EarthMJ2000Eq,49500.0,2026-06-17T20:15:00Z,2418.803689386035,-2899.095624154158,-6187.801959252737,-5.371843411793731,3.493842901272278,-3.761983714477692,7248.741946897357,7.430757789593049
gmat_j2,2026-06-17T06:30:00Z,EarthMJ2000Eq,49560.0,2026-06-17T20:16:00Z,2092.156186611175,-2684.156395799369,-6401.739612517431,-5.512980003581931,3.668531151025054,-3.367093501909671,7250.109180747618,7.428888744390898
gmat_j2,2026-06-17T06:30:00Z,EarthMJ2000Eq,49620.0,2026-06-17T20:17:00Z,1757.662035012926,-2459.150130616219,-6591.60719995578,-5.633322067919649,3.829309071584301,-2.9599056989733,7251.626070940532,7.4269083226766
gmat_j2,2026-06-17T06:30:00Z,EarthMJ2000Eq,49680.0,2026-06-17T20:18:00Z,1416.581810773208,-2224.929186556124,-6756.713610927006,-5.732453277450648,3.975594954930178,-2.541984761710478,7253.288408155921,7.424827429145355
gmat_j2,2026-06-17T06:30:00Z,EarthMJ2000Eq,49740.0,2026-06-17T20:19:00Z,1070.198580776861,-1982.379090154278,-6896.462665874791,-5.810040319805428,4.106865116185056,-2.114929478748423,7255.091257950002,7.422656956938098
gmat_j2,2026-06-17T06:30:00Z,EarthMJ2000Eq,49800.0,2026-06-17T20:20:00Z,719.8129083161881,-1732.415011981846,-7010.354979445356,-5.865833353836759,4.22265533117826,-1.680366460677546,7257.028960570087,7.420407699249548
gmat_j2,2026-06-17T06:30:00Z,EarthMJ2000Eq,49860.0,2026-06-17T20:21:00Z,366.7378389342597,-1475.978162100788,-7097.9894358438,-5.89966613881275,4.322562014999981,-1.239943675437066,7259.095137057701,7.418090269148173
gmat_j2,2026-06-17T06:30:00Z,EarthMJ2000Eq,49920.0,2026-06-17T20:22:00Z,12.29388836571618,-1214.032122659606,-7159.064278027272,-5.911455854535504,4.406243151165332,-0.7953240548793358,7261.282701525033,7.415715028207542
gmat_j2,2026-06-17T06:30:00Z,EarthMJ2000Eq,49980.0,2026-06-17T20:23:00Z,-342.1959500067742,-947.5591318773589,-7193.377815901309,-5.901202631384402,4.473418983208483,-0.348179189295375,7263.583879801093,7.413292024724683
gmat_j2,2026-06-17T06:30:00Z,EarthMJ2000Eq,50040.0,2026-06-17T20:24:00Z,-695.411161234463,-677.5563333800002,-7200.828759174567,-5.868988807872007,4.523872479961894,0.09981687641391256,7265.990234443502,7.410830941986229
gmat_j2,2026-06-17T06:30:00Z,EarthMJ2000Eq,50100.0,2026-06-17T20:25:00Z,-1046.038612569908,-405.0320041404782,-7181.416181298316,-5.814977931806149,4.557449585191525,0.5469937346031393,7268.492696039428,7.408341056852743
gmat_j2,2026-06-17T06:30:00Z,EarthMJ2000Eq,50160.0,2026-06-17T20:26:00Z,-1392.777389979648,-131.0017736596567,-7135.239121448158,-5.73941351932029,4.574059261291326,0.9916905870955105,7271.081600627569,7.405831208722981
gmat_j2,2026-06-17T06:30:00Z,EarthMJ2000Eq,50220.0,2026-06-17T20:27:00Z,-1734.343553156753,143.5151534359146,-7062.495831951914,-5.642617584091724,4.573673335549716,1.432262091859145,7273.7467330104555,7.403309778767624
gmat_j2,2026-06-17T06:30:00Z,EarthMJ2000Eq,50280.0,2026-06-17T20:28:00Z,-2069.474796318427,417.4997603957792,-6963.482678479823,-5.524988946618294,4.556326156013541,1.867084080624541,7276.4773754898915,7.40078467896135
gmat_j2,2026-06-17T06:30:00Z,EarthMJ2000Eq,50340.0,2026-06-17T20:29:00Z,-2396.934997871798,689.9369523271513,-6838.592702763549,-5.387001333791805,4.522114063300925,2.294559138239185,7279.262362114723,7.3982633509936395
gmat_j2,2026-06-17T06:30:00Z,EarthMJ2000Eq,50400.0,2026-06-17T20:30:00Z,-2715.518660838587,959.8192623919547,-6688.313849209267,-5.229201268157419,4.471194680419281,2.713122058620865,7282.090136722129,7.395752772915273
gmat_j2,2026-06-17T06:30:00Z,EarthMJ2000Eq,50460.0,2026-06-17T20:31:00Z,-3024.055196572247,1226.150489450554,-6513.226881209841,-5.052205769962839,4.403786029776933,3.121245126178319,7284.948816622525,7.393259475751964
gmat_j2,2026-06-17T06:30:00Z,EarthMJ2000Eq,50520.0,2026-06-17T20:32:00Z,-3321.413100750098,1487.949308691747,-6314.002963879958,-4.856699843027577,4.320165467682013,3.5174432972636,7287.826257462201,7.390789564240134
gmat_j2,2026-06-17T06:30:00Z,EarthMJ2000Eq,50580.0,2026-06-17T20:33:00Z,-3606.503935702932,1744.252780621136,-6091.400964743277,-4.643433790344025,4.220668453911691,3.900279176240478,7290.710124138843,7.388348747573377
gmat_j2,2026-06-17T06:30:00Z,EarthMJ2000Eq,50640.0,2026-06-17T20:34:00Z,-3878.286166811613,1994.119799496114,-5846.264446067837,-4.413220326319517,4.105687142672099,4.268367855936867,7293.587960652946,7.385942371541888
gmat_j2,2026-06-17T06:30:00Z,EarthMJ2000Eq,50700.0,2026-06-17T20:35:00Z,-4135.768829028617,2236.634460545373,-5579.518362526986,-4.166931492745333,3.975668795891226,4.620381595586677,7296.447263911365,7.383575456964745
gmat_j2,2026-06-17T06:30:00Z,EarthMJ2000Eq,50760.0,2026-06-17T20:36:00Z,-4378.014966648451,2470.909293006669,-5292.165519638136,-3.90549542329456,3.831114040739002,4.955054261677363,7299.275557869516,7.381252741282422
gmat_j2,2026-06-17T06:30:00Z,EarthMJ2000Eq,50820.0,2026-06-17T20:37:00Z,-4604.144916049064,2696.088423770191,-4985.28272612923,-3.629892887759532,3.672574934646465,5.271185627502034,7302.060466485508,7.378978719767711
gmat_j2,2026-06-17T06:30:00Z,EarthMJ2000Eq,50880.0,2026-06-17T20:38:00Z,-4813.339350399482,2911.350595469329,-4660.016723464259,-3.341153686998208,3.500652873622241,5.567645420003513,7304.789788543561,7.376757690518746
gmat_j2,2026-06-17T06:30:00Z,EarthMJ2000Eq,50940.0,2026-06-17T20:39:00Z,-5004.842099830445,3115.912050149843,-4317.579888095155,-3.040352888305381,3.315996338539549,5.843377129196081,7307.451569363151,7.374593797399718
gmat_j2,2026-06-17T06:30:00Z,EarthMJ2000Eq,51000.0,2026-06-17T20:40:00Z,-5177.962767214389,3309.029300655804,-3959.245666870619,-2.728606862460254,3.11929845398635,6.09740160601275,7310.034171048102,7.372491071538418
gmat_j2,2026-06-17T06:30:00Z,EarthMJ2000Eq,51060.0,2026-06-17T20:41:00Z,-5332.079070171118,3490.001716709588,-3586.343863303971,-2.407069223122115,2.911294419553807,6.328820344815309,7312.526341767995,7.370453473102927
gmat_j2,2026-06-17T06:30:00Z,EarthMJ2000Eq,51120.0,2026-06-17T20:42:00Z,-5466.638955250315,3658.173974442989,-3200.255694619982,-2.07692659616366,2.692758768179047,6.536818511393889,7314.917279457089,7.3684849270632915
gmat_j2,2026-06-17T06:30:00Z,EarthMJ2000Eq,51180.0,2026-06-17T20:43:00Z,-5581.1624511241,3812.938333305285,-2802.408682869619,-1.739394273550962,2.464502484465263,6.720667662838385,7317.196694448598,7.366589357980998
gmat_j2,2026-06-17T06:30:00Z,EarthMJ2000Eq,51240.0,2026-06-17T20:44:00Z,-5675.24325144201,3953.736728300411,-2394.271409244,-1.395711777036745,2.227369998988582,6.879728139115424,7319.354866439593,7.364770719112038
gmat_j2,2026-06-17T06:30:00Z,EarthMJ2000Eq,51300.0,2026-06-17T20:45:00Z,-5748.550035118496,4080.062685899394,-1977.348117553206,-1.047138320885196,1.982236051313908,7.013451132342241,7321.3826976275905,7.36303301717081
gmat_j2,2026-06-17T06:30:00Z,EarthMJ2000Eq,51360.0,2026-06-17T20:46:00Z,-5800.82750994834,4191.463045509168,-1553.173210395595,-0.6949482132733311,1.730002447662257,7.121380407017644,7323.271760868431,7.361380331806256
gmat_j2,2026-06-17T06:30:00Z,EarthMJ2000Eq,51420.0,2026-06-17T20:47:00Z,-5831.897178975317,4287.539483668972,-1123.305652361622,-0.3404262115216694,1.471594723854847,7.203153665250841,7325.014342565359,7.359816829377281
gmat_j2,2026-06-17T06:30:00Z,EarthMJ2000Eq,51480.0,2026-06-17T20:48:00Z,-5841.657827457741,4367.949835724657,-689.3233017942893,0.01513714698904692,1.207958729023721,7.258503549350646,7326.603480119688,7.358346770856855
gmat_j2,2026-06-17T06:30:00Z,EarthMJ2000Eq,51540.0,2026-06-17T20:49:00Z,-5830.085729503458,4432.409210528589,-252.8171934957629,0.3704502153229956,0.9400571468193417,7.287258276796623,7328.032993666556,7.356974513620384
gmat_j2,2026-06-17T06:30:00Z,EarthMJ2000Eq,51600.0,2026-06-17T20:50:00Z,-5797.234575002425,4480.690894968851,184.6142056003232,0.7242248862501475,0.6688659712272969,7.289341905925082,7329.297511956364,7.355704507034345
gmat_j2,2026-06-17T06:30:00Z,EarthMJ2000Eq,51660.0,2026-06-17T20:51:00Z,-5743.235118807924,4512.627046124908,621.3707456445638,1.075181197613766,0.3953709546025984,7.264774233699129,7330.39249227963,7.354541281824741
gmat_j2,2026-06-17T06:30:00Z,EarthMJ2000Eq,51720.0,2026-06-17T20:52:00Z,-5668.294555467946,4528.109169915629,1055.85632602074,1.422051871659067,0.1205640456669286,7.213670330052611,7331.3142343934205,7.353489433287979
gmat_j2,2026-06-17T06:30:00Z,EarthMJ2000Eq,51780.0,2026-06-17T20:53:00Z,-5572.695624113152,4527.088386166924,1486.484588833225,1.763586767030824,-0.1545601649293592,7.136239716345229,7332.059888463541,7.352553598483473
gmat_j2,2026-06-17T06:30:00Z,EarthMJ2000Eq,51840.0,2026-06-17T20:54:00Z,-5456.795449347657,4509.575481069681,1911.684552686689,2.098557223352941,-0.429007974316458,7.032785198369593,7332.627457089789,7.3517384276183515
gmat_j2,2026-06-17T06:30:00Z,EarthMJ2000Eq,51900.0,2026-06-17T20:55:00Z,-5321.024125182967,4475.640749020416,2329.906166341008,2.425760279755994,-0.7017900558787704,6.903701367080336,7333.015791543411,7.3510485499144345
gmat_j2,2026-06-17T06:30:00Z,EarthMJ2000Eq,51960.0,2026-06-17T20:56:00Z,-5165.883049817423,4425.41362669134,2739.625763430585,2.744022751088132,-0.9719248914495402,6.749472782331181,7333.224582361362,7.350488534277017
gmat_j2,2026-06-17T06:30:00Z,EarthMJ2000Eq,52020.0,2026-06-17T20:57:00Z,-4991.943021814814,4359.082123710384,3139.351396002021,3.052205144142147,-1.238442130450189,6.570671858816591,7333.254344551052,7.350062845217452
gmat_j2,2026-06-17T06:30:00Z,EarthMJ2000Eq,52080.0,2026-06-17T20:58:00Z,-4799.842102705053,4276.89205287451,3527.628041216854,3.349205410423049,-1.500385870885082,6.367956468674413,7333.106397702181,7.349775794518558
gmat_j2,2026-06-17T06:30:00Z,EarthMJ2000Eq,52140.0,2026-06-17T20:59:00Z,-4590.283265493837,4179.146068497849,3903.042643296157,3.633962508428054,-1.75681783646563,6.142067290471339,7332.782841098054,7.349631488983813
gmat_j2,2026-06-17T06:30:00Z,EarthMJ2000Eq,52200.0,2026-06-17T21:00:00Z,-4364.031829823326,4066.202515193331,4264.229000896257,3.905459787072556,-2.006820456954115,5.893824915540055,7332.286524567926,7.349633775225203
gmat_j2,2026-06-17T06:30:00Z,EarthMJ2000Eq,52260.0,2026-06-17T21:01:00Z,-4121.912702667621,3938.474096260862,4609.872468154548,4.162728170849267,-2.249499831913635,5.62412674098756,7331.62101502661,7.349786181709839
gmat_j2,2026-06-17T06:30:00Z,EarthMJ2000Eq,52320.0,2026-06-17T21:02:00Z,-3864.807433002746,3796.426367459235,4938.71446514268,4.404849149952359,-2.483988577267508,5.333943667730388,7330.790559410529,7.350091859041803
gmat_j2,2026-06-17T06:30:00Z,EarthMJ2000Eq,52380.0,2026-06-17T21:03:00Z,-3593.651093113047,3640.5760636936,5249.556784624387,4.630957573014817,-2.709448549190297,5.024316625468089,7329.80004431003,7.350553519071046
gmat_j2,2026-06-17T06:30:00Z,EarthMJ2000Eq,52440.0,2026-06-17T21:04:00Z,-3309.428998202919,3471.489265999498,5541.265685656198,4.840244244048748,-2.925073443220445,4.696352944462848,7328.654952795019,7.351173373635355
gmat_j2,2026-06-17T06:30:00Z,EarthMJ2000Eq,52500.0,2026-06-17T21:05:00Z,-3013.173275992514,3289.779416345075,5812.77576536452,5.031958326741784,-3.130091267908974,4.351222592656,7327.361318904117,7.351953073731224
gmat_j2,2026-06-17T06:30:00Z,EarthMJ2000Eq,52560.0,2026-06-17T21:06:00Z,-2705.959297712803,3096.105187755663,6063.093601334437,5.20540956085246,-3.323766693856767,3.990154294757938,7325.925680285632,7.352893649943603
gmat_j2,2026-06-17T06:30:00Z,EarthMJ2000Eq,52620.0,2026-06-17T21:07:00Z,-2388.901981711198,2891.168217255211,6291.301157923035,5.359970296632306,-3.505403280247438,3.614431547894855,7324.355029514481,7.353995455014077
gmat_j2,2026-06-17T06:30:00Z,EarthMJ2000Eq,52680.0,2026-06-17T21:08:00Z,-2063.151979551844,2675.710708306895,6496.55895104019,5.495077354308858,-3.67434558243692,3.225388544790888,7322.656764427599,7.355258109263062
gmat_j2,2026-06-17T06:30:00Z,EarthMJ2000Eq,52740.0,2026-06-17T21:09:00Z,-1729.89175900684,2450.512912621334,6678.108964300658,5.610233714725809,-3.829981142883343,2.824406018799348,7320.838638562967,7.356680450292655
gmat_j2,2026-06-17T06:30:00Z,EarthMJ2000Eq,52800.0,2026-06-17T21:10:00Z,-1390.331581561333,2216.390489673715,6835.277317444302,5.705010051767883,-3.971742374961641,2.412907002541334,7318.908710714426,7.358260486470395
gmat_j2,2026-06-17T06:30:00Z,EarthMJ2000Eq,52860.0,2026-06-17T21:11:00Z,-1045.70540338079,1974.191763916931,6967.476673707103,5.779046108034553,-4.099108336185817,1.992352527630519,7316.875296875697,7.359995357670621
gmat_j2,2026-06-17T06:30:00Z,EarthMJ2000Eq,52920.0,2026-06-17T21:12:00Z,-697.266699396917,1724.794879434166,7074.208386106124,5.832051922243028,-4.211606399073433,1.564237255248091,7314.746920862293,7.361881299991257
gmat_j2,2026-06-17T06:30:00Z,EarthMJ2000Eq,52980.0,2026-06-17T21:13:00Z,-346.2841976725668,1469.104843138224,7155.064388268503,5.863808918962595,-4.308813832414746,1.130085010050598,7312.532269054137,7.363913620518303
gmat_j2,2026-06-17T06:30:00Z,EarthMJ2000Eq,53040.0,2026-06-17T21:14:00Z,5.962420898723991,1208.05049444983,7209.728804085291,5.874170850872868,-4.390359276562318,0.6914442703021095,7310.240144896785,7.366086677570044
gmat_j2,2026-06-17T06:30:00Z,EarthMJ2000Eq,53100.0,2026-06-17T21:15:00Z,358.1868916165099,942.5813778241196,7237.979291005749,5.863064606234026,-4.455924132027755,0.2498835573863964,7307.87942704139,7.368393871089788
gmat_j2,2026-06-17T06:30:00Z,EarthMJ2000Eq,53160.0,2026-06-17T21:16:00Z,709.10077466034,673.6645378905598,7239.688101844878,5.830490874026207,-4.505243852556864,-0.1930132570713513,7305.459029399144,7.370827641487053
gmat_j2,2026-06-17T06:30:00Z,EarthMJ2000Eq,53220.0,2026-06-17T21:17:00Z,1057.417895538349,402.2812429805704,7214.822863339108,5.776524665823532,-4.538109143323074,-0.63565173444894,7302.9878648139265,7.373379478847409
gmat_j2,2026-06-17T06:30:00Z,EarthMJ2000Eq,53280.0,2026-06-17T21:18:00Z,1401.858827180551,129.4236278961325,7163.447062077064,5.701315683223412,-4.554367061021601,-1.076431774556792,7300.474810447767,7.376039941022775
gmat_j2,2026-06-17T06:30:00Z,EarthMJ2000Eq,53340.0,2026-06-17T21:19:00Z,1741.155366122907,-143.9087077095641,7085.720237112201,5.605088529883197,-4.553922008174149,-1.513752601621191,7297.928678998899,7.378798684289738
gmat_j2,2026-06-17T06:30:00Z,EarthMJ2000Eq,53400.0,2026-06-17T21:20:00Z,2074.055029790605,-416.7121681081318,6981.897867013809,5.488142748181962,-4.53673661529745,-1.946017884217726,7295.358190182375,7.381644501511709
gmat_j2,2026-06-17T06:30:00Z,EarthMJ2000Eq,53460.0,2026-06-17T21:21:00Z,2399.325560152741,-687.9826872699688,6852.330944542387,5.350852666645757,-4.502832500179471,-2.371640988273482,7292.771948657015,7.384565373945939
gmat_j2,2026-06-17T06:30:00Z,EarthMJ2000Eq,53520.0,2026-06-17T21:22:00Z,2715.759389082613,-956.7192775404897,6697.465237926685,5.193667049699386,-4.452290890969159,-2.789050322313333,7290.178423649473,7.387548531233902
gmat_j2,2026-06-17T06:30:00Z,EarthMJ2000Eq,53580.0,2026-06-17T21:23:00Z,3022.178097614352,-1221.927628966985,6517.840220543311,5.017108517860453,-4.385253098078812,-3.196694831156509,7287.585932574989,7.390580522377148
gmat_j2,2026-06-17T06:30:00Z,EarthMJ2000Eq,53640.0,2026-06-17T21:24:00Z,3317.436817863385,-1482.623719023206,6314.087674669643,4.821772732346152,-4.301920821184805,-3.593049583701401,7285.002628423744,7.393647296502385
gmat_j2,2026-06-17T06:30:00Z,EarthMJ2000Eq,53700.0,2026-06-17T21:25:00Z,3600.428585831796,-1737.837441822025,6086.929952740675,4.608327312796805,-4.202556270774902,-3.976621475215382,7282.436489626591,7.396734292107744
gmat_j2,2026-06-17T06:30:00Z,EarthMJ2000Eq,53760.0,2026-06-17T21:26:00Z,3870.088620942391,-1986.6162387118,5837.177893597424,4.377510470473847,-4.087482086481308,-4.345955018730347,7279.895313489314,7.399826535212919
gmat_j2,2026-06-17T06:30:00Z,EarthMJ2000Eq,53820.0,2026-06-17T21:27:00Z,4125.398511844271,-2228.028715090829,5565.728390624285,4.130129337977932,-3.957081033637571,-4.699638201367947,7277.3867119315155,7.402908744470458
gmat_j2,2026-06-17T06:30:00Z,EarthMJ2000Eq,53880.0,2026-06-17T21:28:00Z,4365.390293780112,-2461.168233088063,5273.561606273813,3.867057974019779,-3.811795458204235,-5.036308385197921,7274.918109762932,7.405965442832641
gmat_j2,2026-06-17T06:30:00Z,EarthMJ2000Eq,53940.0,2026-06-17T21:29:00Z,4589.150395791585,-2685.156463597467,4961.737832140616,3.589235026799739,-3.652126481844028,-5.354658219009533,7272.496744866152,7.408981074304274
gmat_j2,2026-06-17T06:30:00Z,EarthMJ2000Eq,54000.0,2026-06-17T21:30:00Z,4795.823436860974,-2899.146881493236,4631.393995489391,3.297661041962642,-3.478632920279548,-5.653441524414747,7270.129670058997,7.411940124670982
gmat_j2,2026-06-17T06:30:00Z,EarthMJ2000Eq,54060.0,2026-06-17T21:31:00Z,4984.615851956502,-3102.3281899123,4283.73980943289,2.993395399427737,-3.291929906640952,-5.931479118821375,7267.823755734636,7.41482724441819
gmat_j2,2026-06-17T06:30:00Z,EarthMJ2000Eq,54120.0,2026-06-17T21:32:00Z,5154.799313745278,-3293.927642338914,3920.053596666756,2.677552893845708,-3.09268722045114,-6.187664511504064,7265.585694126328,7.4176273733458835
gmat_j2,2026-06-17T06:30:00Z,EarthMJ2000Eq,54180.0,2026-06-17T21:33:00Z,5305.71395666953,-3473.214276281138,3541.677735331495,2.351299905036985,-2.881627280157816,-6.420969466921783,7263.4220020527355,7.420325863485948
gmat_j2,2026-06-17T06:30:00Z,EarthMJ2000Eq,54240.0,2026-06-17T21:34:00Z,5436.771339805926,-3639.501993770779,3150.013822423834,2.015850235316031,-2.659522839130682,-6.630449321474608,7261.339025652073,7.422908601601161
gmat_j2,2026-06-17T06:30:00Z,EarthMJ2000Eq,54300.0,2026-06-17T21:35:00Z,5547.457159624019,-3792.152506208434,2746.517501322428,1.672460564061033,-2.42719434633013,-6.815248049203658,7259.342942255662,7.425362126211122
gmat_j2,2026-06-17T06:30:00Z,EarthMJ2000Eq,54360.0,2026-06-17T21:36:00Z,5637.333678799703,-3930.578110169775,2332.692997798931,1.322425558147718,-2.18550698893873,-6.974603002788333,7257.439762633608,7.427673740953245
gmat_j2,2026-06-17T06:30:00Z,EarthMJ2000Eq,54420.0,2026-06-17T21:37:00Z,5706.041850474359,-4054.244275395034,1910.087382368499,0.9670726572611341,-1.93536742242451,-7.107849275357021,7255.6353307082345,7.429831620258802
gmat_j2,2026-06-17T06:30:00Z,EarthMJ2000Eq,54480.0,2026-06-17T21:38:00Z,5753.303119700494,-4162.672025343961,1480.284592580096,0.6077565694228104,-1.677720206271165,-7.214423630123141,7253.935321793726,7.431824907321641
gmat_j2,2026-06-17T06:30:00Z,EarthMJ2000Eq,54540.0,2026-06-17T21:39:00Z,5778.920888637688,-4255.440099332495,1044.899219471182,0.2458534907155025,-1.41354394895738,-7.293867955137484,7252.345238265444,7.433643802437166
gmat_j2,2026-06-17T06:30:00Z,EarthMJ2000Eq,54600.0,2026-06-17T21:40:00Z,5782.781626311706,-4332.186872290903,605.5701134276349,-0.1172448909276314,-1.143847199087923,-7.34583218935254,7250.870402671299,7.435279640567518
gmat_j2,2026-06-17T06:30:00Z,EarthMJ2000Eq,54660.0,2026-06-17T21:41:00Z,5764.855613619324,-4392.612022193038,163.9538263484456,-0.4801375777701656,-0.8696640999657835,-7.370076685356544,7249.515948018002,7.436724957156369
gmat_j2,2026-06-17T06:30:00Z,EarthMJ2000Eq,54720.0,2026-06-17T21:42:00Z,5725.197312984072,-4436.477930208712,-278.2820690534195,-0.8414205777497644,-0.5920498418092299,-7.366473973025967,7248.2868050171455,7.437973541168056
gmat_j2,2026-06-17T06:30:00Z,EarthMJ2000Eq,54780.0,2026-06-17T21:43:00Z,5663.945356326324,-4463.610802779887,-719.4657472351097,-1.199693303817806,-0.3120759452579375,-7.335009897998537,7247.187686239981,7.439020474670736
gmat_j2,2026-06-17T06:30:00Z,EarthMJ2000Eq,54840.0,2026-06-17T21:44:00Z,5581.322147871777,-4473.901506570389,-1157.927946860925,-1.553565004333936,-0.03082541354393752,-7.275784116330912,7246.223067152872,7.439862158418289
gmat_j2,2026-06-17T06:30:00Z,EarthMJ2000Eq,54900.0,2026-06-17T21:45:00Z,5477.633081548542,-4467.306109590238,-1592.008797928914,-1.901661170722123,0.2506122071274531,-7.189009935152588,7245.397164099446,7.440496323116903
gmat_j2,2026-06-17T06:30:00Z,EarthMJ2000Eq,54960.0,2026-06-17T21:46:00Z,5353.265375954243,-4443.846124212153,-2020.064619656542,-2.242629868568592,0.5311458179730327,-7.075013497786882,7244.713909372407,7.44092202628228
gmat_j2,2026-06-17T06:30:00Z,EarthMJ2000Eq,55020.0,2026-06-17T21:47:00Z,5208.686533078061,-4403.608450282462,-2440.474649963435,-2.575147939416631,0.8096877671591426,-6.934232320505723,7244.176923597463,7.441139634821743
gmat_j2,2026-06-17T06:30:00Z,EarthMJ2000Eq,55080.0,2026-06-17T21:48:00Z,5044.442430049129,-4346.745019015379,-2851.647668107126,-2.897927022669692,1.085158817054665,-6.767213196549151,7243.789485720563,7.44115079369446
gmat_j2,2026-06-17T06:30:00Z,EarthMJ2000Eq,55140.0,2026-06-17T21:49:00Z,4861.155056291081,-4273.472140896807,-3252.028472946593,-3.209719349936313,1.356493038667689,-6.574609491267565,7243.554501015426,7.440958381282282
gmat_j2,2026-06-17T06:30:00Z,EarthMJ2000Eq,55200.0,2026-06-17T21:50:00Z,4659.519910327489,-4184.069562769015,-3640.104182381897,-3.509323269250126,1.622642595559455,-6.357177858676314,7243.474467368721,7.440566452083382
gmat_j2,2026-06-17T06:30:00Z,EarthMJ2000Eq,55260.0,2026-06-17T21:51:00Z,4440.303075560544,-4078.879242804501,-4014.410317406831,-3.795588458195676,1.882582379172579,-6.115774419164934,7243.551440882868,7.4399801682848254
gmat_j2,2026-06-17T06:30:00Z,EarthMJ2000Eq,55320.0,2026-06-17T21:52:00Z,4204.337993482414,-3958.30385251251,-4373.536640747811,-4.067420793440812,2.135314463655422,-5.851350440206188,7243.786999920605,7.439205719948325
gmat_j2,2026-06-17T06:30:00Z,EarthMJ2000Eq,55380.0,2026-06-17T21:53:00Z,3952.521948815947,-3822.805014455565,-4716.132735387419,-4.323786859777032,2.379872360510899,-5.56494756022926,7244.182211417052,7.438250238409961
gmat_j2,2026-06-17T06:30:00Z,EarthMJ2000Eq,55440.0,2026-06-17T21:54:00Z,3685.812313959588,-3672.901300406559,-5040.913253788413,-4.563718043727617,2.615325017962951,-5.257692633230428,7244.737594177171,7.437121698463287
gmat_j2,2026-06-17T06:30:00Z,EarthMJ2000Eq,55500.0,2026-06-17T21:55:00Z,3405.222529831443,-3509.165981633771,-5346.662892699313,-4.786314255336514,2.840780598365785,-4.930792194932518,7245.45308814398,7.435828819203441
gmat_j2,2026-06-17T06:30:00Z,EarthMJ2000Eq,55560.0,2026-06-17T21:56:00Z,3111.817917672507,-3332.224583392561,-5632.240971852783,-4.990747191603432,3.055389945190441,-4.585526682604918,7246.3280212760565,7.434380956377609
gmat_j2,2026-06-17T06:30:00Z,EarthMJ2000Eq,55620.0,2026-06-17T21:57:00Z,2806.711258757558,-3142.752211859964,-5896.585715065351,-5.176263223329671,3.258349810321056,-4.223244360718113,7247.36108182143,7.4327879946862385
gmat_j2,2026-06-17T06:30:00Z,EarthMJ2000Eq,55680.0,2026-06-17T21:58:00Z,2491.05825084177,-2941.470717912808,-6138.718120337461,-5.342185833070372,3.448905761461269,-3.845355100354465,7248.55029329209,7.431060238910772
gmat_j2,2026-06-17T06:30:00Z,EarthMJ2000Eq,55740.0,2026-06-17T21:59:00Z,2166.052826663377,-2729.145693360492,-6357.745459707725,-5.487917648394783,3.626354802987522,-3.453324015858888,7249.892991894343,7.4292083044710315
gmat_j2,2026-06-17T06:30:00Z,EarthMJ2000Eq,55800.0,2026-06-17T22:00:00Z,1832.922335283968,-2506.583301252354,-6552.864414825023,-5.61294208928211,3.790047721921878,-3.048664975411284,7251.38581047651,7.427243012341748
gmat_j2,2026-06-17T06:30:00Z,EarthMJ2000Eq,55860.0,2026-06-17T22:01:00Z,1492.922670511429,-2274.626996060382,-6723.363795909618,-5.716824610602919,3.939391125372758,-2.632934099355994,7253.024665853677,7.425175286726397
gmat_j2,2026-06-17T06:30:00Z,EarthMJ2000Eq,55920.0,2026-06-17T22:02:00Z,1147.333311037953,-2034.154113669258,-6868.626885952974,-5.79921358620506,4.073849210620929,-2.207723213627043,7254.804751556786,7.423016057997573
gmat_j2,2026-06-17T06:30:00Z,EarthMJ2000Eq,55980.0,2026-06-17T22:03:00Z,797.4523290629029,-1786.072370771726,-6988.133386789268,-5.859840837324619,4.192945257478718,-1.774653332807929,7256.720537703021,7.420776173867317
gmat_j2,2026-06-17T06:30:00Z,EarthMJ2000Eq,56040.0,2026-06-17T22:04:00Z,444.5913896296449,-1531.316291349631,-7081.460970826894,-5.898521826326362,4.296262854083351,-1.335368202541354,7258.765774512233,7.418466316118408
gmat_j2,2026-06-17T06:30:00Z,EarthMJ2000Eq,56100.0,2026-06-17T22:05:00Z,90.07071206629558,-1270.843541932196,-7148.28645995941,-5.915155544976598,4.383446884677301,-0.8915278647571679,7260.93350436994,7.416096928013617
gmat_j2,2026-06-17T06:30:00Z,EarthMJ2000Eq,56160.0,2026-06-17T22:06:00Z,-264.7859171163784,-1005.63124022556,-7188.386608494507,-5.909724101027608,4.45420426453687,-0.4448023517408043,7263.21607873564,7.413678150054746
gmat_j2,2026-06-17T06:30:00Z,EarthMJ2000Eq,56220.0,2026-06-17T22:07:00Z,-618.6561133454109,-736.6722158424221,-7201.638516219641,-5.882292032558334,4.508304452699256,0.00313453889838312,7265.605181846318,7.411219765994077
gmat_j2,2026-06-17T06:30:00Z,EarthMJ2000Eq,56280.0,2026-06-17T22:08:00Z,-970.2238154028902,-464.9712457668487,-7188.019670767071,-5.833005362125999,4.545579747142139,0.4506113607726322,7268.091860915028,7.408731159292852
gmat_j2,2026-06-17T06:30:00Z,EarthMJ2000Eq,56340.0,2026-06-17T22:09:00Z,-1318.184138488537,-191.5412814762037,-7147.607625835082,-5.762090405779904,4.565925371452158,0.8959650116229867,7270.666562177647,7.406221279715042
gmat_j2,2026-06-17T06:30:00Z,EarthMJ2000Eq,56400.0,2026-06-17T22:10:00Z,-1661.248150608605,82.60032446994654,-7080.579323856236,-5.669852350084915,4.569299363333129,1.33754660400093,7273.319173040841,7.403698620378493
gmat_j2,2026-06-17T06:30:00Z,EarthMJ2000Eq,56460.0,2026-06-17T22:11:00Z,-1998.147556501804,356.4355790921915,-6987.210070209654,-5.556673607654382,4.555722271795292,1.773727206317057,7276.039069771143,7.401171204759672
gmat_j2,2026-06-17T06:30:00Z,EarthMJ2000Eq,56520.0,2026-06-17T22:12:00Z,-2327.639276534994,628.9495859467536,-6867.872166954961,-5.423011959937136,4.525276669190037,2.202903450850615,7278.81517040827,7.3986465832682144
gmat_j2,2026-06-17T06:30:00Z,EarthMJ2000Eq,56580.0,2026-06-17T22:13:00Z,-2648.509907955459,899.1342473643518,-6723.033214175009,-5.269398494128702,4.478106482719179,2.62350300474253,7281.63599242794,7.396131838764805
gmat_j2,2026-06-17T06:30:00Z,EarthMJ2000Eq,56640.0,2026-06-17T22:14:00Z,-2959.58005631796,1165.991921251039,-6553.254087277126,-5.09643533951166,4.414416148775333,3.033989899575269,7284.489714632869,7.393633600275072
gmat_j2,2026-06-17T06:30:00Z,EarthMJ2000Eq,56700.0,2026-06-17T22:15:00Z,-3259.708525174973,1428.539021888886,-6359.186598897291,-4.904793207290259,4.334469592349769,3.432869714149437,7287.364242697942,7.391158064039077
gmat_j2,2026-06-17T06:30:00Z,EarthMJ2000Eq,56760.0,2026-06-17T22:16:00Z,-3547.796352371678,1685.809554314868,-6141.570854379183,-4.695208737090581,4.238589032836849,3.818694603757846,7290.247277745861,7.388711020936319
gmat_j2,2026-06-17T06:30:00Z,EarthMJ2000Eq,56820.0,2026-06-17T22:17:00Z,-3822.790681255364,1936.858571724284,-5901.23231044899,-4.468481653038721,4.127153617044438,4.19006816736005,7293.12638732127,7.386297889291404
gmat_j2,2026-06-17T06:30:00Z,EarthMJ2000Eq,56880.0,2026-06-17T22:18:00Z,-4083.688456011196,2180.765546061351,-5639.078546564797,-4.225471731663352,4.000597879578911,4.545650143307578,7295.989078046562,7.383923751944462
gmat_j2,2026-06-17T06:30:00Z,EarthMJ2000Eq,56940.0,2026-06-17T22:19:00Z,-4329.539928911337,2416.637640508289,-5356.095760567217,-3.96709558567209,3.859410031490161,4.88416092031009,7298.822869334834,7.381593396585196
gmat_j2,2026-06-17T06:30:00Z,EarthMJ2000Eq,57000.0,2026-06-17T22:20:00Z,-4559.451969577703,2643.612874551512,-5053.344999101869,-3.694323266649032,3.70413007748632,5.204385851515806,7301.615367391545,7.379311358175713
gmat_j2,2026-06-17T06:30:00Z,EarthMJ2000Eq,57060.0,2026-06-17T22:21:00Z,-4772.591165037753,2860.863170908899,-4731.958135567614,-3.408174692224713,3.535347763330043,5.505179355902895,7304.354338887446,7.377081962474266
gmat_j2,2026-06-17T06:30:00Z,EarthMJ2000Eq,57120.0,2026-06-17T22:22:00Z,-4968.186700215257,3067.597274178739,-4393.133608849623,-3.109715904313914,3.353700355740721,5.785468790678939,7307.0277835758025,7.374909369582678
gmat_j2,2026-06-17T06:30:00Z,EarthMJ2000Eq,57180.0,2026-06-17T22:23:00Z,-5145.533009102065,3263.063531391203,-4038.131936947785,-2.80005516657311,3.159870258208309,6.044258077739584,7309.624005231176,7.372797616568789
gmat_j2,2026-06-17T06:30:00Z,EarthMJ2000Eq,57240.0,2026-06-17T22:24:00Z,-5303.992187191673,3446.552524692048,-3668.271020849955,-2.480338911275794,2.954582467567636,6.280631066502757,7312.131680273476,7.370750658241426
gmat_j2,2026-06-17T06:30:00Z,EarthMJ2000Eq,57300.0,2026-06-17T22:25:00Z,-5442.996156506711,3617.399546799107,-3284.921254981593,-2.151747547684918,2.738601877641668,6.493754615558794,7314.539923492048,7.368772405243743
gmat_j2,2026-06-17T06:30:00Z,EarthMJ2000Eq,57360.0,2026-06-17T22:26:00Z,-5562.048575320169,3774.9869102828,-2889.500461621671,-1.815491145982392,2.512730437854399,6.682881376032231,7316.838350321774,7.36686675870949
gmat_j2,2026-06-17T06:30:00Z,EarthMJ2000Eq,57420.0,2026-06-17T22:27:00Z,-5660.726485573618,3918.746082246397,-2483.4686676724,-1.472805012717648,2.277804176329441,6.847352260503816,7319.01713516963,7.365037640814661
gmat_j2,2026-06-17T06:30:00Z,EarthMJ2000Eq,57480.0,2026-06-17T22:28:00Z,-5738.681692007186,4048.159636600702,-2068.322743099171,-1.124945175509954,2.034690098582573,6.986598582745692,7321.067065339783,7.363289020648122
gmat_j2,2026-06-17T06:30:00Z,EarthMJ2000Eq,57540.0,2026-06-17T22:29:00Z,-5795.64186812839,4162.763016838516,-1645.590921199081,-0.7731837963253181,1.784282974437053,7.100143855349498,7322.979590159601,7.361624934919138
gmat_j2,2026-06-17T06:30:00Z,EarthMJ2000Eq,57600.0,2026-06-17T22:30:00Z,-5831.411385348069,4262.146103029528,-1216.82722147868,-0.418804533904102,1.527502027122595,7.187605234543427,7324.746864955021,7.360049503102431
gmat_j2,2026-06-17T06:30:00Z,EarthMJ2000Eq,57660.0,2026-06-17T22:31:00Z,-5845.871862876726,4345.95457751002,-783.6057972035794,-0.06309787753061279,1.265287540166694,7.248694603945895,7326.36178961735,7.358566936756388
gmat_j2,2026-06-17T06:30:00Z,EarthMJ2000Eq,57720.0,2026-06-17T22:32:00Z,-5838.982437331728,4413.891085269522,-347.5152267722906,0.2926435276818707,0.9985973966701084,7.283219292158785,7327.818041472421,7.3571815427243825
gmat_j2,2026-06-17T06:30:00Z,EarthMJ2000Eq,57780.0,2026-06-17T22:33:00Z,-5810.779752238229,4465.716184456644,89.8472228577398,0.6471295362360419,0.7284035716910464,7.291082421051809,7329.110102365432,7.355897720230486
gmat_j2,2026-06-17T06:30:00Z,EarthMJ2000Eq,57840.0,2026-06-17T22:34:00Z,-5761.37766921976,4501.249086077386,526.8813468542007,0.9990771225340359,0.4556885901835681,7.272282886403297,7330.23327977763,7.354719951695554
gmat_j2,2026-06-17T06:30:00Z,EarthMJ2000Eq,57900.0,2026-06-17T22:35:00Z,-5690.966703723953,4520.368180257106,961.9897385421253,1.347214938171533,0.1814419722878096,7.22691497381553,7331.1837219535,7.353652787404322
gmat_j2,2026-06-17T06:30:00Z,EarthMJ2000Eq,57960.0,2026-06-17T22:36:00Z,-5599.813189659425,4523.011349356791,1393.583492431174,1.690287787456779,-0.09334331843046438,7.155167617149937,7331.958427041895,7.352700824121178
gmat_j2,2026-06-17T06:30:00Z,EarthMJ2000Eq,58020.0,2026-06-17T22:37:00Z,-5488.258178492486,4509.176068500695,1820.087852125008,2.027060999998712,-0.367674405973408,7.057323309141157,7332.555246295937,7.351868677844482
gmat_j2,2026-06-17T06:30:00Z,EarthMJ2000Eq,58080.0,2026-06-17T22:38:00Z,-5356.71607955048,4478.919295284519,2239.947782756362,2.356324681541824,-0.6405619956253717,6.933756676723338,7332.972881448682,7.351160950971499
gmat_j2,2026-06-17T06:30:00Z,EarthMJ2000Eq,58140.0,2026-06-17T22:39:00Z,-5205.673049363175,4432.357151374116,2651.633448250377,2.676897825818728,-0.9110238146824359,6.784932736067467,7333.210876422657,7.35058219420418
gmat_j2,2026-06-17T06:30:00Z,EarthMJ2000Eq,58200.0,2026-06-17T22:40:00Z,-5035.685138847698,4369.664399616335,3053.645574707189,2.987632272185972,-1.178087985656307,6.611404844492689,7333.269603581662,7.35013686359215
gmat_j2,2026-06-17T06:30:00Z,EarthMJ2000Eq,58260.0,2026-06-17T22:41:00Z,-4847.376208008209,4291.073721123984,3444.520682255529,3.2874164959631,-1.44079631875877,6.413812368221039,7333.150244783682,7.349829273175282
gmat_j2,2026-06-17T06:30:00Z,EarthMJ2000Eq,58320.0,2026-06-17T22:42:00Z,-4641.435618402851,4196.874797471745,3822.836169098653,3.575179220852064,-1.698207512149041,6.192878086169945,7332.854767496832,7.349663543707
gmat_j2,2026-06-17T06:30:00Z,EarthMJ2000Eq,58380.0,2026-06-17T22:43:00Z,-4418.615714934093,4087.413204175258,4187.21523169789,3.849892844450973,-1.949400249388391,5.949405351717721,7332.3858964522315,7.349643548167339
gmat_j2,2026-06-17T06:30:00Z,EarthMJ2000Eq,58440.0,2026-06-17T22:44:00Z,-4179.72910662105,3963.089120921518,4536.331609504664,4.110576672655611,-2.193476187565559,5.684275032232315,7331.747080777737,7.349772854262729
gmat_j2,2026-06-17T06:30:00Z,EarthMJ2000Eq,58500.0,2026-06-17T22:45:00Z,-3925.645759254612,3824.355866120933,4868.914140385832,4.356299958515462,-2.42956282882471,5.398442249486219,7330.942458124769,7.350054665701907
gmat_j2,2026-06-17T06:30:00Z,EarthMJ2000Eq,58560.0,2026-06-17T22:46:00Z,-3657.289919865682,3671.718267126325,5183.751103312659,4.586184735219481,-2.656816262329631,5.092932951160964,7329.97681389208,7.35049176058041
gmat_j2,2026-06-17T06:30:00Z,EarthMJ2000Eq,58620.0,2026-06-17T22:47:00Z,-3375.636851179805,3505.730855355856,5479.69438366522,4.799408477751341,-2.874423806045803,4.768840295964025,7328.855539551135,7.351086431370844
gmat_j2,2026-06-17T06:30:00Z,EarthMJ2000Eq,58680.0,2026-06-17T22:48:00Z,-3081.709454305511,3326.995930512177,5755.663367382851,4.995206533428346,-3.081606486814578,4.427320946298996,7327.584587095086,7.351840423507624
gmat_j2,2026-06-17T06:30:00Z,EarthMJ2000Eq,58740.0,2026-06-17T22:49:00Z,-2776.574712937808,3136.161457576692,6010.648651840635,5.172874395922852,-3.277621427848267,4.069591196907745,7326.170421194751,7.352754874890998
gmat_j2,2026-06-17T06:30:00Z,EarthMJ2000Eq,58800.0,2026-06-17T22:50:00Z,-2461.34001862473,2933.918831192904,6243.715507930335,5.331769785449751,-3.461764103370952,3.696923009300222,7324.619972345437,7.353830259743284
gmat_j2,2026-06-17T06:30:00Z,EarthMJ2000Eq,58860.0,2026-06-17T22:51:00Z,-2137.149396527177,2721.000520739005,6454.007083862076,5.471314539766921,-3.633370460111751,3.310639974983152,7322.940585275855,7.355066331273569
gmat_j2,2026-06-17T06:30:00Z,EarthMJ2000Eq,58920.0,2026-06-17T22:52:00Z,-1805.179578647207,2498.177563628818,6640.747399089244,5.590996360676125,-3.791818950663206,2.912113143135582,7321.139970598423,7.356462072091808
gmat_j2,2026-06-17T06:30:00Z,EarthMJ2000Eq,58980.0,2026-06-17T22:53:00Z,-1466.636032639125,2266.256975982435,6803.244047020946,5.690370370606008,-3.936532423342198,2.502756835566577,7319.22615422904,7.358015646400215
gmat_j2,2026-06-17T06:30:00Z,EarthMJ2000Eq,59040.0,2026-06-17T22:54:00Z,-1122.748859499242,2026.07902529443,6940.890672056744,5.769060533786476,-4.066979928651708,2.084024339486065,7317.207427679578,7.359724358297591
gmat_j2,2026-06-17T06:30:00Z,EarthMJ2000Eq,59100.0,2026-06-17T22:55:00Z,-774.7686126201767,1778.514398540572,7053.16918067499,5.82676092312802,-4.182678419081629,1.657403530642071,7315.092300179201,7.361584617195383
gmat_j2,2026-06-17T06:30:00Z,EarthMJ2000Eq,59160.0,2026-06-17T22:56:00Z,-423.9620838114542,1524.461298609536,7139.651674432015,5.863236834904117,-4.283194336372065,1.224412471533013,7312.88945162498,7.3635919092350415
gmat_j2,2026-06-17T06:30:00Z,EarthMJ2000Eq,59220.0,2026-06-17T22:57:00Z,-71.60798169849268,1264.842416601044,7200.00213248041,5.878325772577475,-4.368145120105996,0.786594880218911,7310.607686752077,7.365740776353794
gmat_j2,2026-06-17T06:30:00Z,EarthMJ2000Eq,59280.0,2026-06-17T22:58:00Z,281.0074298597287,1000.60182677674,7233.977813751912,5.871938286380577,-4.437200616173246,0.3455155366706629,7308.255893251154,7.368024805421811
gmat_j2,2026-06-17T06:30:00Z,EarthMJ2000Eq,59340.0,2026-06-17T22:59:00Z,632.5947209594874,732.7018134903061,7241.430377868924,5.844058671476843,-4.490084387457797,-0.09724437436865363,7305.843000366259,7.370436624142582
gmat_j2,2026-06-17T06:30:00Z,EarthMJ2000Eq,59400.0,2026-06-17T23:00:00Z,981.8657498765698,462.1196021662233,7222.306729038876,5.79474552474935,-4.526574937585908,-0.540092048335607,7303.377942144797,7.372967908709411
gmat_j2,2026-06-17T06:30:00Z,EarthMJ2000Eq,59460.0,2026-06-17T23:01:00Z,1327.538129462062,189.8440320937748,7176.649566766235,5.724132150085577,-4.546506832170179,-0.9814279269071858,7300.869622576699,7.375609400064972
gmat_j2,2026-06-17T06:30:00Z,EarthMJ2000Eq,59520.0,2026-06-17T23:02:00Z,1668.339718146661,-83.12783859979962,7104.597642654835,5.632426805878271,-4.549771718486286,-1.419650679310747,7298.326884753285,7.3783509312841185
gmat_j2,2026-06-17T06:30:00Z,EarthMJ2000Eq,59580.0,2026-06-17T23:03:00Z,2003.013124313364,-355.7941889373612,7006.385712860085,5.519912780424605,-4.536319233488026,-1.853162303908498,7295.758482736603,7.3811814647951675
gmat_j2,2026-06-17T06:30:00Z,EarthMJ2000Eq,59640.0,2026-06-17T23:04:00Z,2330.32019442269,-627.1519292281367,6882.344187010503,5.386948289515705,-4.506157792414296,-2.280373329765379,7293.173058370824,7.384089141333378
gmat_j2,2026-06-17T06:30:00Z,EarthMJ2000Eq,59700.0,2026-06-17T23:05:00Z,2649.046514905582,-896.2002601585311,6732.898450745849,5.233966163167687,-4.459355242153478,-2.699708174493209,7290.57911914393,7.38706133725255
gmat_j2,2026-06-17T06:30:00Z,EarthMJ2000Eq,59760.0,2026-06-17T23:06:00Z,2958.005869536769,-1161.944250588781,6558.567871580558,5.061473321535562,-4.396039369242332,-3.109610597630999,7287.985022749363,7.390084734929889
gmat_j2,2026-06-17T06:30:00Z,EarthMJ2000Eq,59820.0,2026-06-17T23:07:00Z,3256.044656236396,-1423.398439382017,6359.964474354063,4.870050013109192,-4.316398244972723,-3.508549267669018,7285.398962012067,7.393145399831472
gmat_j2,2026-06-17T06:30:00Z,EarthMJ2000Eq,59880.0,2026-06-17T23:08:00Z,3542.046265262453,-1679.590464917354,6137.791273466312,4.660348787810307,-4.220680388803959,-3.895023455396445,7282.828955271447,7.3962288692662685
gmat_j2,2026-06-17T06:30:00Z,EarthMJ2000Eq,59940.0,2026-06-17T23:09:00Z,3814.935377547885,-1929.564690340668,5892.840264143975,4.433093193032201,-4.109194733122008,-4.267568806820118,7280.282838447442,7.399320248088345
gmat_j2,2026-06-17T06:30:00Z,EarthMJ2000Eq,60000.0,2026-06-17T23:10:00Z,4073.682175616322,-2172.385819658055,5625.99006742852,4.189076170672926,-3.982310371422042,-4.624763188765957,7277.768260681972,7.402404312802697
gmat_j2,2026-06-17T06:30:00Z,EarthMJ2000Eq,60060.0,2026-06-17T23:11:00Z,4317.306454244999,-2407.142496848659,5338.203217016287,3.929158128218743,-3.840456066559608,-4.965232590654896,7275.2926818213555,7.4054656217569095
gmat_j2,2026-06-17T06:30:00Z,EarthMJ2000Eq,60120.0,2026-06-17T23:12:00Z,4544.881600996209,-2632.950863847729,5030.52309562988,3.654264675031301,-3.684119504948328,-5.287657038413046,7272.863372439771,7.408488631144773
gmat_j2,2026-06-17T06:30:00Z,EarthMJ2000Eq,60180.0,2026-06-17T23:13:00Z,4755.538431146811,-2848.958066373167,4704.070516133806,3.36538400433193,-3.513846277064555,-5.590776492212655,7270.487415216836,7.411457814852033
gmat_j2,2026-06-17T06:30:00Z,EarthMJ2000Eq,60240.0,2026-06-17T23:14:00Z,4948.468855496999,-3054.345690798586,4360.039949419865,3.063563909010854,-3.330238568437855,-5.873396687667666,7268.171707744724,7.414357787294217
gmat_j2,2026-06-17T06:30:00Z,EarthMJ2000Eq,60300.0,2026-06-17T23:15:00Z,5122.929357416803,-3248.333112959956,3999.695405222192,2.749908424958014,-3.133953548456957,-6.134394873481108,7265.9229660374585,7.417173427481139
gmat_j2,2026-06-17T06:30:00Z,EarthMJ2000Eq,60360.0,2026-06-17T23:16:00Z,5278.244257345707,-3430.180741068914,3624.36597284268,2.425574098535177,-2.925701446415824,-6.372725397693417,7263.747728390826,7.419890002921276
gmat_j2,2026-06-17T06:30:00Z,EarthMJ2000Eq,60420.0,2026-06-17T23:17:00Z,5413.808742098086,-3599.193133612194,3235.441032556476,2.091765880826734,-2.706243308133232,-6.587425090530545,7261.6523590852885,7.422493291769155
gmat_j2,2026-06-17T06:30:00Z,EarthMJ2000Eq,60480.0,2026-06-17T23:18:00Z,5529.091636819095,-3754.721972988532,2834.365151488568,1.749732656891001,-2.47638843045251,-6.777618390063941,7259.6430514701315,7.42496970164881
gmat_j2,2026-06-17T06:30:00Z,EarthMJ2000Eq,60540.0,2026-06-17T23:19:00Z,5623.63789808635,-3896.168875584139,2422.632681034622,1.400762424250788,-2.236991475370305,-6.942522155934459,7257.72582997461,7.427306383589761
gmat_j2,2026-06-17T06:30:00Z,EarthMJ2000Eq,60600.0,2026-06-17T23:20:00Z,5697.070807691791,-4022.988019234834,2001.782076178402,1.046177140974218,-1.988949270260721,-7.081450116640841,7255.906550615858,7.429491339549447
gmat_j2,2026-06-17T06:30:00Z,EarthMJ2000Eq,60660.0,2026-06-17T23:21:00Z,5749.093848042279,-4134.68856954764,1573.389960349226,0.6873272698096421,-1.733197305583477,-7.19381689736297,7254.190899616113,7.431513522068757
gmat_j2,2026-06-17T06:30:00Z,EarthMJ2000Eq,60720.0,2026-06-17T23:22:00Z,5779.49224187476,-4230.836887470935,1139.064962027303,0.325586050230705,-1.470705946053039,-7.279141578062066,7252.584389718851,7.433362924634616
gmat_j2,2026-06-17T06:30:00Z,EarthMJ2000Eq,60780.0,2026-06-17T23:23:00Z,5788.134141121729,-4311.058500921075,700.4413565796,-0.03765646070476635,-1.202476378757299,-7.337050735124783,7251.092354120854,7.435030661691799
gmat_j2,2026-06-17T06:30:00Z,EarthMJ2000Eq,60840.0,2026-06-17T23:24:00Z,5774.971451988981,-4375.039828130552,259.1725280265366,-0.400999550581278,-0.9295363131122167,-7.367280926956775,7249.719937232058,7.436509036749819
gmat_j2,2026-06-17T06:30:00Z,EarthMJ2000Eq,60900.0,2026-06-17T23:25:00Z,5740.040286506633,-4422.529632009991,-183.0756700718979,-0.7630381333300675,-0.6529354900364038,-7.369680584112283,7248.472082977062,7.437791598243828
gmat_j2,2026-06-17T06:30:00Z,EarthMJ2000Eq,60960.0,2026-06-17T23:26:00Z,5683.461032812591,-4453.340205056501,-624.6316869117787,-1.122369157103674,-0.3737409916466772,-7.344211282515891,7247.353519579827,7.438873181866214
gmat_j2,2026-06-17T06:30:00Z,EarthMJ2000Eq,61020.0,2026-06-17T23:27:00Z,5605.438040573817,-4467.348264644494,-1063.825075945327,-1.477598031345595,-0.09303242886904999,-7.290948373117304,7246.368741414162,7.439749938977756
gmat_j2,2026-06-17T06:30:00Z,EarthMJ2000Eq,61080.0,2026-06-17T23:28:00Z,5506.25892029744,-4464.495557879068,-1498.993326171628,-1.827345051880315,0.1881029781930743,-7.210080959817748,7245.52198779247,7.440419350827143
gmat_j2,2026-06-17T06:30:00Z,EarthMJ2000Eq,61140.0,2026-06-17T23:29:00Z,5386.293458959713,-4444.789168986914,-1928.488670065938,-2.170251758627101,0.4685753778711787,-7.101911221017632,7244.817218767376,7.440880228292033
gmat_j2,2026-06-17T06:30:00Z,EarthMJ2000Eq,61200.0,2026-06-17T23:30:00Z,5245.992157457608,-4408.301527330675,-2350.684831422628,-2.504987174900778,0.7472972825305971,-6.966853080414689,7244.258088213942,7.441132697310177
gmat_j2,2026-06-17T06:30:00Z,EarthMJ2000Eq,61260.0,2026-06-17T23:31:00Z,5085.884398547169,-4355.170116187403,-2763.983674226741,-2.830253876920421,1.023188540514823,-6.805430240973225,7243.847914451908,7.4411781702911
gmat_j2,2026-06-17T06:30:00Z,EarthMJ2000Eq,61320.0,2026-06-17T23:32:00Z,4906.576256921167,-4285.596884939609,-3166.821714992072,-3.144793845273173,1.295181243817892,-6.618273604171939,7243.589648767518,7.441019304052687
gmat_j2,2026-06-17T06:30:00Z,EarthMJ2000Eq,61380.0,2026-06-17T23:33:00Z,4708.747965846082,-4199.847369704779,-3557.676462557166,-3.447394053920123,1.562224532547911,-6.406118104164782,7243.4858422522675,7.44065994503217
gmat_j2,2026-06-17T06:30:00Z,EarthMJ2000Eq,61440.0,2026-06-17T23:34:00Z,4493.151057453523,-4098.249529775448,-3935.072551123052,-3.736891756823754,1.823289259528194,-6.169798993397224,7243.53861148006,7.440105062769852
gmat_j2,2026-06-17T06:30:00Z,EarthMJ2000Eq,61500.0,2026-06-17T23:35:00Z,4260.605195255199,-3981.192308936465,-4297.58763570149,-4.012179438321864,2.077372482189942,-5.910247621124658,7243.74960342396,7.439360672669556
gmat_j2,2026-06-17T06:30:00Z,EarthMJ2000Eq,61560.0,2026-06-17T23:36:00Z,4011.994721068513,-3849.123933554832,-4643.858019516273,-4.272209397408686,2.323501750892672,-5.628486752896677,7244.119960572978,7.438433749738031
gmat_j2,2026-06-17T06:30:00Z,EarthMJ2000Eq,61620.0,2026-06-17T23:37:00Z,3748.264942580593,-3702.549962361907,-4972.583982514466,-4.515997939680919,2.560739164508175,-5.325625485374012,7244.650286019628,7.4373321339250085
gmat_j2,2026-06-17T06:30:00Z,EarthMJ2000Eq,61680.0,2026-06-17T23:38:00Z,3470.418162711658,-3542.031089933951,-5282.534817466258,-4.742629182361909,2.78818519297479,-5.002853783088479,7245.340610618725,7.436064429970827
gmat_j2,2026-06-17T06:30:00Z,EarthMJ2000Eq,61740.0,2026-06-17T23:39:00Z,3179.509528091693,-3368.180748382507,-5572.55348630635,-4.951258411739785,3.004982201379567,-4.661436750908468,7246.19036119984,7.4346399020498675
gmat_j2,2026-06-17T06:30:00Z,EarthMJ2000Eq,61800.0,2026-06-17T23:40:00Z,2876.642657684581,-3181.662488539745,-5841.560962660155,-5.141115049862816,3.210317722442844,-4.302708622164858,7247.198331180579,7.4330683652317076
gmat_j2,2026-06-17T06:30:00Z,EarthMJ2000Eq,61860.0,2026-06-17T23:41:00Z,2562.965105488972,-2983.187172270639,-6088.560203078382,-5.311505197954196,3.403427438468366,-3.928066546454316,7248.362655335621,7.431360076741492
gmat_j2,2026-06-17T06:30:00Z,EarthMJ2000Eq,61920.0,2026-06-17T23:42:00Z,2239.66371730129,-2773.510016048292,-6312.639712615412,-5.461813746246509,3.583597849564204,-3.538964268750996,7249.680787248858,7.429525626955249
gmat_j2,2026-06-17T06:30:00Z,EarthMJ2000Eq,61980.0,2026-06-17T23:43:00Z,1907.959834775891,-2553.427459225643,-6512.976759482992,-5.591506104000531,3.750168675716198,-3.136905661524669,7251.14948061417,7.427575831770666
gmat_j2,2026-06-17T06:30:00Z,EarthMJ2000Eq,62040.0,2026-06-17T23:44:00Z,1569.104418254342,-2323.773903564339,-6688.84019037154,-5.700129532269163,3.902534962888167,-2.723438208491899,7252.764777834831,7.4255216312852514
gmat_j2,2026-06-17T06:30:00Z,EarthMJ2000Eq,62100.0,2026-06-17T23:45:00Z,1224.373125104272,-2085.41835083155,-6839.592838673412,-5.787314092670078,4.040148894129898,-2.30014649494284,7254.521999849143,7.4233739897808295
gmat_j2,2026-06-17T06:30:00Z,EarthMJ2000Eq,62160.0,2026-06-17T23:46:00Z,875.0612921527492,-1839.260906635618,-6964.693570210815,-5.852773259403209,4.162521351186383,-1.868645649022493,7256.415745713443,7.421143805821208
gmat_j2,2026-06-17T06:30:00Z,EarthMJ2000Eq,62220.0,2026-06-17T23:47:00Z,522.4789518627292,-1586.229239787431,-7063.698907591674,-5.896304175509099,4.269223185166733,-1.430574894793462,7258.439895281079,7.418841827704952
gmat_j2,2026-06-17T06:30:00Z,EarthMJ2000Eq,62280.0,2026-06-17T23:48:00Z,167.94579804026,-1327.274942214319,-7136.264289384476,-5.917787605491494,4.359886253464718,-0.9875911139537611,7260.587618867603,7.416478577817089
gmat_j2,2026-06-17T06:30:00Z,EarthMJ2000Eq,62340.0,2026-06-17T23:49:00Z,-187.2138355900168,-1063.369833913101,-7182.144940523992,-5.917187585220357,4.434204211359742,-0.5413624897072115,7262.851393950387,7.414064287014807
gmat_j2,2026-06-17T06:30:00Z,EarthMJ2000Eq,62400.0,2026-06-17T23:50:00Z,-541.6759245963912,-795.5022589931532,-7201.196357928879,-5.894550790763049,4.491933063458064,-0.09356230105222446,7265.22302732674,7.411608838548566
gmat_j2,2026-06-17T06:30:00Z,EarthMJ2000Eq,62460.0,2026-06-17T23:51:00Z,-894.1217080363201,-524.673317651523,-7193.374434462349,-5.850005646864343,4.532891508532334,0.3541372379412652,7267.693683240494,7.409121721214053
gmat_j2,2026-06-17T06:30:00Z,EarthMJ2000Eq,62520.0,2026-06-17T23:52:00Z,-1243.24256144607,-251.8930986962326,-7158.735213525651,-5.783761185943956,4.556961069820535,0.8000709966479024,7270.253919715179,7.406611995208667
gmat_j2,2026-06-17T06:30:00Z,EarthMJ2000Eq,62580.0,2026-06-17T23:53:00Z,-1587.744777659428,21.82307694560235,-7097.434286562966,-5.696105674567431,4.56408602338393,1.242586801770403,7272.893727929188,7.404088265588264
gmat_j2,2026-06-17T06:30:00Z,EarthMJ2000Eq,62640.0,2026-06-17T23:54:00Z,-1926.354290465524,295.4584273102973,-7009.725840667635,-5.587405012970124,4.554273138377823,1.680051223569679,7275.602579579728,7.4015586677220515
gmat_j2,2026-06-17T06:30:00Z,EarthMJ2000Eq,62700.0,2026-06-17T23:55:00Z,-2257.821263328422,567.9984335725328,-6895.961368410937,-5.45810092728022,4.527591229813359,2.110855188040728,7278.369478962637,7.399030862318288
gmat_j2,2026-06-17T06:30:00Z,EarthMJ2000Eq,62760.0,2026-06-17T23:56:00Z,-2580.924593744135,838.4345566764646,-6756.588035858647,-5.308708944929443,4.484170529550278,2.533419492492045,7281.183018626218,7.396512037778331
gmat_j2,2026-06-17T06:30:00Z,EarthMJ2000Eq,62820.0,2026-06-17T23:57:00Z,-2894.476275142914,1105.767898718511,-6592.146728437019,-5.139816173169401,4.424201880159316,2.946200161148651,7284.031441615587,7.394008923441418
gmat_j2,2026-06-17T06:30:00Z,EarthMJ2000Eq,62880.0,2026-06-17T23:58:00Z,-3197.325601586492,1369.012795211809,-6403.269790197069,-4.952078891008943,4.347935758012275,3.347693631496564,7286.902705681234,7.3915278088458
gmat_j2,2026-06-17T06:30:00Z,EarthMJ2000Eq,62940.0,2026-06-17T23:59:00Z,-3488.363265405618,1627.200380775654,-6190.678431536776,-4.746219923439027,4.255681114420772,3.736441846579345,7289.784550542109,7.389074568723505
gmat_j2,2026-06-17T06:30:00Z,EarthMJ2000Eq,63000.0,2026-06-18T00:00:00Z,-3766.525250146191,1879.38204384267,-5955.179863653667,-4.523025850208692,4.147804054422012,4.111037131608608,7292.664570318121,7.386654697019516
gmat_j2,2026-06-17T06:30:00Z,EarthMJ2000Eq,63060.0,2026-06-18T00:01:00Z,-4030.79657206711,2124.632816604959,-5697.664126991715,-4.283344009900499,4.024726335987027,4.470126931098313,7295.530283316693,7.384273340476263
gmat_j2,2026-06-17T06:30:00Z,EarthMJ2000Eq,63120.0,2026-06-18T00:02:00Z,-4280.214838226328,2362.054671141161,-5419.100641342637,-4.028079318620729,3.886923697834758,4.81241836714335,7298.369207695154,7.38193534043127
gmat_j2,2026-06-17T06:30:00Z,EarthMJ2000Eq,63180.0,2026-06-18T00:03:00Z,-4513.873584456806,2590.779688097671,-5120.534510921249,-3.758190927902081,3.73492402665631,5.136682571022772,7301.168934235937,7.379645274056823
gmat_j2,2026-06-17T06:30:00Z,EarthMJ2000Eq,63240.0,2026-06-18T00:04:00Z,-4730.925440767116,2809.973141789348,-4803.082539706874,-3.47468867376642,3.569305337822436,5.441758852602264,7303.9172001681445,7.377407497494191
gmat_j2,2026-06-17T06:30:00Z,EarthMJ2000Eq,63300.0,2026-06-18T00:05:00Z,-4930.585055493542,3018.83643702146,-4467.929029873828,-3.178629378483545,3.390693600631027,5.726558612068169,7306.601962535934,7.37522619019722
gmat_j2,2026-06-17T06:30:00Z,EarthMJ2000Eq,63360.0,2026-06-18T00:06:00Z,-5112.131798205452,3216.609915844775,-4116.32134604453,-2.871112984002528,3.199760396047077,5.990069018007848,7309.211468881995,7.3731053972879534
gmat_j2,2026-06-17T06:30:00Z,EarthMJ2000Eq,63420.0,2026-06-18T00:07:00Z,-5274.912229040719,3402.575521968052,-3749.565262517249,-2.553278528794186,2.997220412340196,6.23135643052134,7311.734326728203,7.371049071193991
gmat_j2,2026-06-17T06:30:00Z,EarthMJ2000Eq,63480.0,2026-06-18T00:08:00Z,-5418.342319484716,3576.059307414413,-3369.020117188204,-2.22629998664398,2.783828788418433,6.449569543260064,7314.159569717021,7.369061110284407
gmat_j2,2026-06-17T06:30:00Z,EarthMJ2000Eq,63540.0,2026-06-18T00:09:00Z,-5541.909420574278,3736.43377633805,-2976.093784297151,-1.891381976448168,2.560378309831422,6.643942232783706,7316.476720645114,7.367145394442486
gmat_j2,2026-06-17T06:30:00Z,EarthMJ2000Eq,63600.0,2026-06-18T00:10:00Z,-5645.17397002993,3883.120056216198,-2572.237485742182,-1.549755359981777,2.327696467366635,6.813796097063403,7318.675850585899,7.365305816620231
gmat_j2,2026-06-17T06:30:00Z,EarthMJ2000Eq,63660.0,2026-06-18T00:11:00Z,-5727.770932342661,4015.589888722395,-2158.940459741955,-1.20267274468025,2.086642388791593,6.95854266838793,7320.747633712683,7.36354630984786
gmat_j2,2026-06-17T06:30:00Z,EarthMJ2000Eq,63720.0,2026-06-18T00:12:00Z,-5789.41096664741,4133.367432999952,-1737.7245068343,-0.8514039104267853,1.838103656008732,7.077685287268277,7322.683397401148,7.361870869183765
gmat_j2,2026-06-17T06:30:00Z,EarthMJ2000Eq,63780.0,2026-06-18T00:13:00Z,-5829.881318429533,4236.030874865326,-1310.138433897356,-0.4972311806880695,1.582993021284606,7.170820626103875,7324.475167256763,7.360283568194977
gmat_j2,2026-06-17T06:30:00Z,EarthMJ2000Eq,63840.0,2026-06-18T00:14:00Z,-5849.046432363783,4323.213836327556,-877.7524174840681,-0.1414447594463135,1.322245037470204,7.237639853827582,7326.115706768537,7.3587885696494055
gmat_j2,2026-06-17T06:30:00Z,EarthMJ2000Eq,63900.0,2026-06-18T00:15:00Z,-5846.848284897326,4394.606580737606,-442.1523082071417,0.2146619438464197,1.056812618180771,7.277929435475643,7327.598551348319,7.3573901301918765
gmat_j2,2026-06-17T06:30:00Z,EarthMJ2000Eq,63960.0,2026-06-18T00:16:00Z,-5823.306436536732,4449.957009865253,-4.933898188347563,0.5697969786390809,0.7876635447200705,7.291571563559759,7328.918036573364,7.356092598863919
gmat_j2,2026-06-17T06:30:00Z,EarthMJ2000Eq,64020.0,2026-06-18T00:17:00Z,-5778.517805157828,4489.071450226083,432.3028263324146,0.9226744842795227,0.5157769370804929,7.278544221172947,7330.069320505499,7.354900409409683
gmat_j2,2026-06-17T06:30:00Z,EarthMJ2000Eq,64080.0,2026-06-18T00:18:00Z,-5712.65616304855,4511.81522703387,867.9594250731473,1.272019265140202,0.2421397067236694,7.238920879897723,7331.048400036968,7.3538180664114385
gmat_j2,2026-06-17T06:30:00Z,EarthMJ2000Eq,64140.0,2026-06-18T00:19:00Z,-5625.971361438908,4518.113025192395,1300.444715753265,1.616571288980097,-0.03225699190662021,7.172869838425404,7331.85212118156,7.35285012528302
gmat_j2,2026-06-17T06:30:00Z,EarthMJ2000Eq,64200.0,2026-06-18T00:20:00Z,-5518.788289105496,4507.949037916589,1728.18043148968,1.955090083658965,-0.3064212904156505,7.08065321209576,7332.4781835478325,7.352001166512667
gmat_j2,2026-06-17T06:30:00Z,EarthMJ2000Eq,64260.0,2026-06-18T00:21:00Z,-5391.505567460328,4481.366904117026,2149.606819211364,2.286359025829967,-0.5793641097605442,6.96262558175144,7332.925138747233,7.351275763997183
gmat_j2,2026-06-17T06:30:00Z,EarthMJ2000Eq,64320.0,2026-06-18T00:22:00Z,-5244.593997104243,4438.469437689582,2563.188129457751,2.609189480418637,-0.8501026028684203,6.819232322673368,7333.192383318431,7.3506784483287095
gmat_j2,2026-06-17T06:30:00Z,EarthMJ2000Eq,64380.0,2026-06-18T00:23:00Z,-5078.594756378139,4379.418151461507,2967.418011422752,2.922424801148837,-1.117663542774746,6.651007623396588,7333.280145976847,7.350213664900983
gmat_j2,2026-06-17T06:30:00Z,EarthMJ2000Eq,64440.0,2026-06-18T00:24:00Z,-4894.117366503076,4304.432580397122,3360.824774100545,3.224944161688887,-1.381086629200256,6.458572217279993,7333.189469698653,7.3498857276278775
gmat_j2,2026-06-17T06:30:00Z,EarthMJ2000Eq,64500.0,2026-06-18T00:25:00Z,-4691.83743183039,4213.789408996357,3741.976504015307,3.515666211834458,-1.639427706187536,6.242630845428661,7332.922188779675,7.3496987685991
gmat_j2,2026-06-17T06:30:00Z,EarthMJ2000Eq,64560.0,2026-06-18T00:26:00Z,-4472.494166171608,4107.821408574486,4109.486023364998,3.793552549275719,-1.891761880031942,6.003969472130601,7332.480901264878,7.349656684304002
gmat_j2,2026-06-17T06:30:00Z,EarthMJ2000Eq,64620.0,2026-06-18T00:27:00Z,-4236.887716537438,3986.916190680992,4462.015674170074,4.057611000298912,-2.137186528802296,5.743452274452983,7331.8689370855145,7.34976307900873
gmat_j2,2026-06-17T06:30:00Z,EarthMJ2000Eq,64680.0,2026-06-18T00:28:00Z,-3985.876295872325,3851.514783371947,4798.281915570724,4.306898705369206,-2.374824196724852,5.462018427680821,7331.090322306948,7.350021205954826
gmat_j2,2026-06-17T06:30:00Z,EarthMJ2000Eq,64740.0,2026-06-18T00:29:00Z,-3720.373136558619,3702.110037401725,5117.059722658944,4.540525007812781,-2.603825368503081,5.160678707902913,7330.149739910915,7.350433907085754
gmat_j2,2026-06-17T06:30:00Z,EarthMJ2000Eq,64800.0,2026-06-18T00:30:00Z,-3441.343276489122,3539.244869631733,5417.186776505085,4.757654145990762,-2.82337112045366,4.840511932177773,7329.052487558878,7.35100355204854
gmat_j2,2026-06-17T06:30:00Z,EarthMJ2000Eq,64860.0,2026-06-18T00:31:00Z,-3149.800189553938,3363.51035117112,5697.567436121078,4.957507751234926,-3.032675646965522,4.502661255571384,7327.804432822741,7.351731977274185
gmat_j2,2026-06-17T06:30:00Z,EarthMJ2000Eq,64920.0,2026-06-18T00:32:00Z,-2846.802270286509,3175.543646608872,5957.176485787797,5.139367156608091,-3.230988663581566,4.148330340425551,7326.411966334506,7.3526204259372525
gmat_j2,2026-06-17T06:30:00Z,EarthMJ2000Eq,64980.0,2026-06-18T00:33:00Z,-2533.449195617808,2976.025819096277,6195.062641105432,5.302575515235345,-3.417597680870673,3.778779426983029,7324.881953309854,7.353669489503603
gmat_j2,2026-06-17T06:30:00Z,EarthMJ2000Eq,65040.0,2026-06-18T00:34:00Z,-2210.878136030239,2765.679484280847,6410.351838549622,5.44653975610183,-3.591830175818865,3.395321273088412,7323.221684214198,7.354879052316733
gmat_j2,2026-06-17T06:30:00Z,EarthMJ2000Eq,65100.0,2026-06-18T00:35:00Z,-1880.259900140012,2545.266366631356,6602.250244871961,5.570732344157898,-3.753055619163113,2.999317059937099,7321.438824786504,7.356248239205124
gmat_j2,2026-06-17T06:30:00Z,EarthMJ2000Eq,65160.0,2026-06-18T00:36:00Z,-1542.794941756434,2315.584713894904,6770.047045593743,5.674692896356168,-3.900687412775576,2.592172176401423,7319.54136535108,7.357775367069225
gmat_j2,2026-06-17T06:30:00Z,EarthMJ2000Eq,65220.0,2026-06-18T00:37:00Z,-1199.709274435594,2077.466597815051,6913.116975144117,5.758029637301133,-4.034184716906464,2.175331928071679,7317.537572177526,7.359457903368152
gmat_j2,2026-06-17T06:30:00Z,EarthMJ2000Eq,65280.0,2026-06-18T00:38:00Z,-852.2503447195533,1831.775136773149,7030.922568007466,5.82042069162516,-4.153054156146481,1.750277224411703,7315.4359377341,7.361292428213825
gmat_j2,2026-06-17T06:30:00Z,EarthMJ2000Eq,65340.0,2026-06-18T00:39:00Z,-501.6827722074964,1579.401577663717,7123.016175444081,5.861615248335528,-4.256851451475356,1.31852012208342,7313.2451335296055,7.36327460521379
gmat_j2,2026-06-17T06:30:00Z,EarthMJ2000Eq,65400.0,2026-06-18T00:40:00Z,-149.2840676883915,1321.262313039895,7189.041694388308,5.881434570852708,-4.345182937993932,0.8815993458434128,7310.973964963809,7.365399159750033
gmat_j2,2026-06-17T06:30:00Z,EarthMJ2000Eq,65460.0,2026-06-18T00:41:00Z,203.6597057492574,1058.295810117967,7228.736028693999,5.879772870508356,-4.417706991445857,0.4410757302049088,7308.631326725806,7.367659863946725
gmat_j2,2026-06-17T06:30:00Z,EarthMJ2000Eq,65520.0,2026-06-18T00:42:00Z,555.8583629303288,791.4594252059852,7241.930281274063,5.856598041845579,-4.4741353722661,-0.001472477758082475,7306.226162679418,7.370049533164817
gmat_j2,2026-06-17T06:30:00Z,EarthMJ2000Eq,65580.0,2026-06-18T00:43:00Z,906.0220044155446,521.7261864366222,7228.550653283434,5.811952251947422,-4.514234460574179,-0.4444543311259142,7303.767427374945,7.372560030030867
gmat_j2,2026-06-17T06:30:00Z,EarthMJ2000Eq,65640.0,2026-06-18T00:44:00Z,1252.865501243465,250.0814709699641,7188.619062410259,5.745952382454797,-4.537826404887665,-0.8862710533184901,7301.264050202314,7.375182278580234
gmat_j2,2026-06-17T06:30:00Z,EarthMJ2000Eq,65700.0,2026-06-18T00:45:00Z,1595.112996579009,-22.48038031755248,7122.253463350827,5.658790312300344,-4.544790166147434,-1.32532101033238,7298.724904773938,7.377906290630363
gmat_j2,2026-06-17T06:30:00Z,EarthMJ2000Eq,65760.0,2026-06-18T00:46:00Z,1931.502385507476,-294.9594810628082,7029.667870347957,5.550733038407021,-4.53506244982977,-1.76000475431041,7296.158778980369,7.380721199362192
gmat_j2,2026-06-17T06:30:00Z,EarthMJ2000Eq,65820.0,2026-06-18T00:47:00Z,2260.789847239094,-566.3539098657548,6911.1720664256,5.42212260589018,-4.508638523316452,-2.188730251196103,7293.574351190306,7.383615306862853
gmat_j2,2026-06-17T06:30:00Z,EarthMJ2000Eq,65880.0,2026-06-18T00:48:00Z,2581.754322459074,-835.6632302744955,6767.171003747811,5.273375850693788,-4.465572900754878,-2.609918172879049,7290.980167983867,7.386576139441133
gmat_j2,2026-06-17T06:30:00Z,EarthMJ2000Eq,65940.0,2026-06-18T00:49:00Z,2893.201996677119,-1101.892069917397,6598.163876440485,5.104983920421299,-4.405979884889778,-3.022007347014777,7288.384626766581,7.389590514989625
gmat_j2,2026-06-17T06:30:00Z,EarthMJ2000Eq,66000.0,2026-06-18T00:50:00Z,3193.970735940255,-1364.053717802315,6404.742865922462,4.917511563613531,-4.33003394914907,-3.42346030898269,7285.7959610242815,7.392644619230397
gmat_j2,2026-06-17T06:30:00Z,EarthMJ2000Eq,66060.0,2026-06-18T00:51:00Z,3482.934475813548,-1621.173742134965,6187.591548846061,4.711596162822027,-4.237969943131085,-3.812768967609876,7283.2222292299775,7.395724091714794
gmat_j2,2026-06-17T06:30:00Z,EarthMJ2000Eq,66120.0,2026-06-18T00:52:00Z,3759.007543475463,-1872.293614157701,5947.482962323195,4.487946491464992,-4.130083103129911,-4.188460366096639,7280.671306730295,7.39881412034216
gmat_j2,2026-06-17T06:30:00Z,EarthMJ2000Eq,66180.0,2026-06-18T00:53:00Z,4021.148896498954,-2116.474326370838,5685.27732103122,4.247341173341627,-4.006728848698978,-4.549102520847696,7278.1508804801215,7.401899543694342
gmat_j2,2026-06-17T06:30:00Z,EarthMJ2000Eq,66240.0,2026-06-18T00:54:00Z,4268.366259775166,-2352.799991643983,5401.919382235466,3.99062682485945,-3.868322346064522,-4.893310314401876,7275.6684462967505,7.404964960172447
gmat_j2,2026-06-17T06:30:00Z,EarthMJ2000Eq,66300.0,2026-06-18T00:55:00Z,4499.720140990234,-2580.38140866606,5098.435456327321,3.718715861720122,-3.715337819603745,-5.219751413347702,7273.231308280948,7.407994842812195
gmat_j2,2026-06-17T06:30:00Z,EarthMJ2000Eq,66360.0,2026-06-18T00:56:00Z,4714.327704038626,-2798.359578081682,4775.930062378803,3.4325839543056,-3.548307593614593,-5.527152176767609,7270.8465800098675,7.410973658528694
gmat_j2,2026-06-17T06:30:00Z,EarthMJ2000Eq,66420.0,2026-06-18T00:57:00Z,4911.366478855293,-3005.909152580835,4435.582230569647,3.133267119389196,-3.367820848326609,-5.814303515613588,7268.521187101121,7.413885990460425
gmat_j2,2026-06-17T06:30:00Z,EarthMJ2000Eq,66480.0,2026-06-18T00:58:00Z,5090.077885941308,-3202.241803822875,4078.641454713312,2.821858438808578,-3.174522075742839,-6.080066659473675,7266.261870536007,7.41671666181857
gmat_j2,2026-06-17T06:30:00Z,EarthMJ2000Eq,66540.0,2026-06-18T00:59:00Z,5249.770551033581,-3386.609485346367,3706.42330750355,2.499504406087258,-2.969109227499121,-6.323378779386259,7264.075190906477,7.41945086030378
gmat_j2,2026-06-17T06:30:00Z,EarthMJ2000Eq,66600.0,2026-06-18T01:00:00Z,5389.823394768192,-3558.307581636234,3320.304708203213,2.16740088492819,-2.75233153585152,-6.543258427032789,7261.967531436425,7.422074260081605
gmat_j2,2026-06-17T06:30:00Z,EarthMJ2000Eq,66660.0,2026-06-18T01:01:00Z,5509.688458044714,-3716.677903132651,2921.718903781592,1.826788727753028,-2.524987031162097,-6.738810710013901,7259.945102620292,7.424573142530173
gmat_j2,2026-06-17T06:30:00Z,EarthMJ2000Eq,66720.0,2026-06-18T01:02:00Z,5608.893466587207,-3861.111539491759,2512.150106142512,1.478949003952125,-2.287919715023067,-6.909232188569056,7258.013942926323,7.426934509893093
gmat_j2,2026-06-17T06:30:00Z,EarthMJ2000Eq,66780.0,2026-06-18T01:03:00Z,5687.044091403123,-3991.051523612191,2093.127871592514,1.125197914001701,-2.042016432034794,-7.053815403175411,7256.179921179447,7.429146195657249
gmat_j2,2026-06-17T06:30:00Z,EarthMJ2000Eq,66840.0,2026-06-18T01:04:00Z,5743.825892381728,-4105.995294105315,1666.221238092635,0.7668814079173725,-1.788203446968317,-7.171952988851573,7254.448735188685,7.431196965217361
gmat_j2,2026-06-17T06:30:00Z,EarthMJ2000Eq,66900.0,2026-06-18T01:05:00Z,5779.005939504415,-4205.496960525553,1233.032569551701,0.4053694745020295,-1.527442697166964,-7.263141348947026,7252.825907974921,7.433076607890623
gmat_j2,2026-06-17T06:30:00Z,EarthMJ2000Eq,66960.0,2026-06-18T01:06:00Z,5792.434075494664,-4289.169317447987,795.1912641335692,0.04205024574194385,-1.260727815844057,-7.326983801296092,7251.316783815426,7.434776020383211
gmat_j2,2026-06-17T06:30:00Z,EarthMJ2000Eq,67020.0,2026-06-18T01:07:00Z,5784.043822439417,-4356.685622061757,354.347250822779,-0.3216761323375295,-0.9890798873294571,-7.363193186046371,7249.9265184927835,7.436287276099209
gmat_j2,2026-06-17T06:30:00Z,EarthMJ2000Eq,67080.0,2026-06-18T01:08:00Z,5753.852914159113,-4407.781111640825,-87.83566756164616,-0.684403795729529,-0.7135429770037902,-7.371593886475836,7248.660068620335,7.437603684169272
gmat_j2,2026-06-17T06:30:00Z,EarthMJ2000Eq,67140.0,2026-06-18T01:09:00Z,5701.963450611725,-4442.254239393507,-529.6865134052978,-1.044727513956694,-0.4351795156180005,-7.352123230437815,7247.522178096802,7.438719835077473
gmat_j2,2026-06-17T06:30:00Z,EarthMJ2000Eq,67200.0,2026-06-18T01:10:00Z,5628.56166363799,-4459.967636360812,-969.5339696057961,-1.401249153415396,-0.1550654923703317,-7.304832256942444,7246.517359185768,7.439631630594237
gmat_j2,2026-06-17T06:30:00Z,EarthMJ2000Eq,67260.0,2026-06-18T01:11:00Z,5533.917298620683,-4460.848777743062,-1405.713201174028,-1.752584107532392,0.125714435480629,-7.229885830227844,7245.64987353239,7.440336302304667
gmat_j2,2026-06-17T06:30:00Z,EarthMJ2000Eq,67320.0,2026-06-18T01:12:00Z,5418.382615854864,-4444.890354496047,-1836.57265063903,-2.097367662026349,0.4060718921675756,-7.127562101832584,7244.923708112146,7.4408324135678905
gmat_j2,2026-06-17T06:30:00Z,EarthMJ2000Eq,67380.0,2026-06-18T01:13:00Z,5282.390999407303,-4412.150345963198,-2260.480837432156,-2.434261297586609,0.6849197957201714,-6.998251309749016,7244.34254866516,7.441119847570071
gmat_j2,2026-06-17T06:30:00Z,EarthMJ2000Eq,67440.0,2026-06-18T01:14:00Z,5126.455208459601,-4362.751794087764,-2675.833004941265,-2.761958783765517,0.9611773156604156,-6.842453948959167,7243.909751749505,7.441199782225079
gmat_j2,2026-06-17T06:30:00Z,EarthMJ2000Eq,67500.0,2026-06-18T01:15:00Z,4951.165258107353,-4296.882279487444,-3081.057676013045,-3.0791920942376,1.233774799097709,-6.660778313440917,7243.6283131992195,7.441074650136818
gmat_j2,2026-06-17T06:30:00Z,EarthMJ2000Eq,67560.0,2026-06-18T01:16:00Z,4757.185956926833,-4214.793105789028,-3474.623030490987,-3.384737058050121,1.501658593342374,-6.453937449705802,7243.500835742821,7.440748086571123
gmat_j2,2026-06-17T06:30:00Z,EarthMJ2000Eq,67620.0,2026-06-18T01:17:00Z,4545.254113418287,-4116.798198117633,-3855.043084598075,-3.677418717401743,1.76379573736004,-6.22274555289855,7243.529494913228,7.4402248650390135
gmat_j2,2026-06-17T06:30:00Z,EarthMJ2000Eq,67680.0,2026-06-18T01:18:00Z,4316.175430566464,-4003.272724902308,-4220.883638997467,-3.956116355504064,2.01917848729723,-5.968113847029278,7243.716004326015,7.439510822154458
gmat_j2,2026-06-17T06:30:00Z,EarthMJ2000Eq,67740.0,2026-06-18T01:19:00Z,4070.821109513891,-3874.651453942281,-4570.76796501335,-4.219768163769364,2.266828644879847,-5.691045995539591,7244.061580715145,7.438612772860036
gmat_j2,2026-06-17T06:30:00Z,EarthMJ2000Eq,67800.0,2026-06-18T01:20:00Z,3810.124184609374,-3731.426855346921,-4903.382202690621,-4.467375524639711,2.50580166231964,-5.392633091803535,7244.566909388896,7.43753841750403
gmat_j2,2026-06-17T06:30:00Z,EarthMJ2000Eq,67860.0,2026-06-18T01:21:00Z,3535.075613482763,-3574.146965457199,-5217.480446975792,-4.698006892172823,2.735190501360311,-5.074048281761383,7245.232110726484,7.436296242302391
gmat_j2,2026-06-17T06:30:00Z,EarthMJ2000Eq,67920.0,2026-06-18T01:22:00Z,3246.720146659064,-3403.413027057401,-5511.889501554176,-4.910801258694276,2.954129228625891,-4.736541072083359,7246.056708362764,7.434895414822434
gmat_j2,2026-06-17T06:30:00Z,EarthMJ2000Eq,67980.0,2026-06-18T01:23:00Z,2946.152001749494,-3219.876922120684,-5785.513283080072,-5.104971201736083,3.161796333949242,-4.381431377260379,7247.039599706482,7.433345676179159
gmat_j2,2026-06-17T06:30:00Z,EarthMJ2000Eq,68040.0,2026-06-18T01:24:00Z,2634.510367446608,-3024.238414005308,-6037.336861704971,-5.279805511017407,3.357417762776862,-4.010103357882842,7248.179029427366,7.431657231659881
gmat_j2,2026-06-17T06:30:00Z,EarthMJ2000Eq,68100.0,2026-06-18T01:25:00Z,2312.974762319097,-2817.24221636367,-6266.430126939357,-5.434671400278806,3.540269657993324,-3.623999100070158,7249.472566511303,7.429840641469094
gmat_j2,2026-06-17T06:30:00Z,EarthMJ2000Eq,68160.0,2026-06-18T01:26:00Z,1982.760274245021,-2599.674907029788,-6471.951070047491,-5.569016312676665,3.709680809742062,-3.224612184470434,7250.917085476388,7.427906713284875
gmat_j2,2026-06-17T06:30:00Z,EarthMJ2000Eq,68220.0,2026-06-18T01:27:00Z,1645.112698489353,-2372.361700345987,-6653.148681191269,-5.682369334886269,3.865034818830198,-2.81348118075207,7252.508752289551,7.425866398156627
gmat_j2,2026-06-17T06:30:00Z,EarthMJ2000Eq,68280.0,2026-06-18T01:28:00Z,1301.303612106112,-2136.163104711077,-6809.365449451694,-5.774342229767537,4.00577197182735,-2.392183124055709,7254.2430152977195,7.423730691220638
gmat_j2,2026-06-17T06:30:00Z,EarthMJ2000Eq,68340.0,2026-06-18T01:29:00Z,952.6253869799448,-1891.971469090204,-6940.039477430914,-5.844630113486156,4.131390845954518,-1.962326983602856,7256.114601911246,7.421510538703146
gmat_j2,2026-06-17T06:30:00Z,EarthMJ2000Eq,68400.0,2026-06-18T01:30:00Z,600.3861784661478,-1640.70744518725,-7044.706201397747,-5.893011789369166,4.241449645040543,-1.525547172079289,7258.117520955274,7.4192167521442345
gmat_j2,2026-06-17T06:30:00Z,EarthMJ2000Eq,68460.0,2026-06-18T01:31:00Z,245.9049019661237,-1383.316375990162,-7122.999724667087,-5.919349761244409,4.335567281356591,-1.083497111296109,7260.245071242494,7.416859931082765
gmat_j2,2026-06-17T06:30:00Z,EarthMJ2000Eq,68520.0,2026-06-18T01:32:00Z,-109.4937818673259,-1120.764626956728,-7174.653767021759,-5.92358994470224,4.413424213685407,-0.6378428765839909,7262.489856374643,7.414450394879656
gmat_j2,2026-06-17T06:30:00Z,EarthMJ2000Eq,68580.0,2026-06-18T01:33:00Z,-464.4844560462004,-854.0358739104504,-7199.502235579344,-5.905761094930092,4.474763053306207,-0.1902569354302699,7264.843805887812,7.411998124332162
gmat_j2,2026-06-17T06:30:00Z,EarthMJ2000Eq,68640.0,2026-06-18T01:34:00Z,-817.7458937620657,-584.1273612621526,-7197.479423118063,-5.865973968325747,4.519388949014733,0.2575880073726267,7267.298202712459,7.409512713471379
gmat_j2,2026-06-17T06:30:00Z,EarthMJ2000Eq,68700.0,2026-06-18T01:35:00Z,-1167.965946997442,-312.0461435032746,-7168.619840545487,-5.804420233449199,4.547169761559206,0.7040250488974705,7269.843716840363,7.407003331738683
gmat_j2,2026-06-17T06:30:00Z,EarthMJ2000Eq,68760.0,2026-06-18T01:36:00Z,-1513.846362723779,-38.80532222851063,-7113.057690617927,-5.721371144902677,4.55803603679272,1.147399004942984,7272.470444974259,7.404478696503232
gmat_j2,2026-06-17T06:30:00Z,EarthMJ2000Eq,68820.0,2026-06-18T01:37:00Z,-1854.10751199807,234.579708797425,-7031.025990757567,-5.617175992108374,4.551980785682974,1.586072198429689,7275.167956036175,7.401947055888557
gmat_j2,2026-06-17T06:30:00Z,EarthMJ2000Eq,68880.0,2026-06-18T01:38:00Z,-2187.493022755239,507.0950024925686,-6922.855351078514,-5.492260330746623,4.529059077335533,2.018430120504497,7277.92534161434,7.399416180892124
gmat_j2,2026-06-17T06:30:00Z,EarthMJ2000Eq,68940.0,2026-06-18T01:39:00Z,-2512.774292157065,777.7317606861498,-6788.972420372686,-5.347124009632036,4.489387451688709,2.442886945698527,7280.731272302693,7.396893367842185
gmat_j2,2026-06-17T06:30:00Z,EarthMJ2000Eq,69000.0,2026-06-18T01:40:00Z,-2828.754882054357,1045.490002178029,-6629.898001681277,-5.182338991820059,4.433143153783968,2.857890917828671,7283.574056745628,7.394385447505953
gmat_j2,2026-06-17T06:30:00Z,EarthMJ2000Eq,69060.0,2026-06-18T01:41:00Z,-3134.27478473368,1309.382185372988,-6446.244846301711,-4.998546974868901,4.360563192412391,3.261929600766019,7286.441707175106,7.391898804457915
gmat_j2,2026-06-17T06:30:00Z,EarthMJ2000Eq,69120.0,2026-06-18T01:42:00Z,-3428.214513645035,1568.436747064708,-6238.71514934854,-4.796456829112471,4.271943229200957,3.653534944225087,7289.322005222458,7.3894394006399
gmat_j2,2026-06-17T06:30:00Z,EarthMJ2000Eq,69180.0,2026-06-18T01:43:00Z,-3709.499067261415,1821.701597118072,-6008.097729028957,-4.576841828126668,4.167636290287891,4.031288235204842,7292.202572646947,7.387012806481078
gmat_j2,2026-06-17T06:30:00Z,EarthMJ2000Eq,69240.0,2026-06-18T01:44:00Z,-3977.101693403279,2068.247506427088,-5755.264932572904,-4.340536707923015,4.048051313419079,4.393824845142985,7295.070943562955,7.384624236797487
gmat_j2,2026-06-17T06:30:00Z,EarthMJ2000Eq,69300.0,2026-06-18T01:45:00Z,-4230.047492848973,2307.171421982428,-5481.16924379786,-4.088434523314739,3.913651515726071,4.739838828449043,7297.914636478417,7.382278588461017
gmat_j2,2026-06-17T06:30:00Z,EarthMJ2000Eq,69360.0,2026-06-18T01:46:00Z,-4467.416820421561,2537.599671007708,-5186.839629076967,-3.821483329374793,3.764952594433005,5.068087318276692,7300.72122981334,7.379980483761072
gmat_j2,2026-06-17T06:30:00Z,EarthMJ2000Eq,69420.0,2026-06-18T01:47:00Z,-4688.348471883122,2758.691043063354,-4873.377634956698,-3.540682693712386,3.602520762259104,5.377394703939659,7303.478434128694,7.377734312241165
gmat_j2,2026-06-17T06:30:00Z,EarthMJ2000Eq,69480.0,2026-06-18T01:48:00Z,-4892.042673525372,2969.639765238745,-4541.953224222321,-3.247080021139556,3.42697060704374,5.666656611356219,7306.174166135382,7.375544275255389
gmat_j2,2026-06-17T06:30:00Z,EarthMJ2000Eq,69540.0,2026-06-18T01:49:00Z,-5077.76383526787,3169.678333654684,-4193.800391587676,-2.941766723805277,3.238962791431398,5.93484363036633,7308.796619832512,7.373414428774834
gmat_j2,2026-06-17T06:30:00Z,EarthMJ2000Eq,69600.0,2026-06-18T01:50:00Z,-5244.843072440179,3358.080204974833,-3830.212560644189,-2.625874233653619,3.03920159064625,6.18100479146991,7311.334336308529,7.371348725418345
gmat_j2,2026-06-17T06:30:00Z,EarthMJ2000Eq,69660.0,2026-06-18T01:51:00Z,-5392.680485336708,3534.162337532434,-3452.537774550725,-2.300569865834833,2.828432271641702,6.40427077228867,7313.7762701400525,7.369351053358936
gmat_j2,2026-06-17T06:30:00Z,EarthMJ2000Eq,69720.0,2026-06-18T01:52:00Z,-5520.747180265083,3697.287562436292,-3062.173723661305,-1.967052568612393,2.607438335711718,6.603856803739684,7316.1118540952275,7.367425273901502
gmat_j2,2026-06-17T06:30:00Z,EarthMJ2000Eq,69780.0,2026-06-18T01:53:00Z,-5628.587043192541,3846.866799951908,-2660.562569507448,-1.626548524938717,2.377038600080549,6.779065288379018,7318.331057394935,7.365575252100714
gmat_j2,2026-06-17T06:30:00Z,EarthMJ2000Eq,69840.0,2026-06-18T01:54:00Z,-5715.818234936556,3982.361080587403,-2249.185665986201,-1.280306692406633,2.138084175494657,6.929288076485778,7320.424443369954,7.36380488708452
gmat_j2,2026-06-17T06:30:00Z,EarthMJ2000Eq,69900.0,2026-06-18T01:55:00Z,-5782.134424365914,4103.28339457574,-1829.558111482105,-0.9295942273666785,1.891455302177124,7.054008422076404,7322.383218661006,7.362118133147026
gmat_j2,2026-06-17T06:30:00Z,EarthMJ2000Eq,69960.0,2026-06-18T01:56:00Z,-5827.305739142324,4209.200336216017,-1403.223238982523,-0.575691885859369,1.638058107996147,7.15280257815999,7324.19928089499,7.360519019386366
gmat_j2,2026-06-17T06:30:00Z,EarthMJ2000Eq,70020.0,2026-06-18T01:57:00Z,-5851.179444075012,4299.733561772353,-971.746978598922,-0.2198893501515644,1.378821252394286,7.225341046842533,7325.865258071135,7.3590116602402365
gmat_j2,2026-06-17T06:30:00Z,EarthMJ2000Eq,70080.0,2026-06-18T01:58:00Z,-5853.680336249868,4374.561038276288,-536.7121784548583,0.1365194434074089,1.114692509717984,7.271389459751712,7327.374544753737,7.357600262656156
gmat_j2,2026-06-17T06:30:00Z,EarthMJ2000Eq,70140.0,2026-06-18T01:59:00Z,-5834.810859550579,4433.418085423627,-99.71288290688828,0.4922409717705131,0.8466352949307495,7.290809090971741,7328.721330894516,7.356289125497192
gmat_j2,2026-06-17T06:30:00Z,EarthMJ2000Eq,70200.0,2026-06-18T02:00:00Z,-5794.650940710547,4476.098209266431,337.6514142923282,0.8459867688891726,0.5756251463233045,7.283557003574052,7329.900625605329,7.355082633562175
gmat_j2,2026-06-17T06:30:00Z,EarthMJ2000Eq,70260.0,2026-06-18T02:01:00Z,-5733.357547650278,4502.453723405967,773.7815127131826,1.196478017217816,0.302646186886132,7.249685829335775,7330.908274561029,7.353985245035111
gmat_j2,2026-06-17T06:30:00Z,EarthMJ2000Eq,70320.0,2026-06-18T02:02:00Z,-5651.163975762004,4512.396157806444,1207.084218683379,1.542450062600609,0.02868758422970646,7.189343189183478,7331.74097175637,7.353001473205647
gmat_j2,2026-06-17T06:30:00Z,EarthMJ2000Eq,70380.0,2026-06-18T02:03:00Z,-5548.378860503783,4505.896455214319,1635.978036679381,1.882656854352432,-0.2452599918449191,7.102770757285621,7332.396264611968,7.352135861461737
gmat_j2,2026-06-17T06:30:00Z,EarthMJ2000Eq,70440.0,2026-06-18T02:04:00Z,-5425.384938737184,4482.984956675193,2058.898745384545,2.215875233285424,-0.5182078511251443,6.990302993235288,7332.872554394929,7.3513929539706755
gmat_j2,2026-06-17T06:30:00Z,EarthMJ2000Eq,70500.0,2026-06-18T02:05:00Z,-5282.637542692622,4443.751178083635,2474.304943174652,2.540909132961118,-0.7891727547801918,6.852365537098576,7333.169089282188,7.350777259097764
gmat_j2,2026-06-17T06:30:00Z,EarthMJ2000Eq,70560.0,2026-06-18T02:06:00Z,-5120.662854745077,4388.343381302598,2880.683455788233,2.856593607988986,-1.057180306039482,6.689473299646022,7333.28595355727,7.3502932096181235
gmat_j2,2026-06-17T06:30:00Z,EarthMJ2000Eq,70620.0,2026-06-18T02:07:00Z,-4940.055922526376,4316.967943129701,3276.554627781414,3.161798706773836,-1.321268271389486,6.502228257580028,7333.224050070556,7.34994511685696
gmat_j2,2026-06-17T06:30:00Z,EarthMJ2000Eq,70680.0,2026-06-18T02:08:00Z,-4741.478451734801,4229.888530037015,3660.477465964633,3.455433165511373,-1.580489810017375,6.291316981134528,7332.985078645599,7.349737121693291
gmat_j2,2026-06-17T06:30:00Z,EarthMJ2000Eq,70740.0,2026-06-18T02:09:00Z,-4525.656367933779,4127.425075313776,4031.054654224872,3.736447940750424,-1.833916624715403,6.057507894021329,7332.57150925216,7.349673141472098
gmat_j2,2026-06-17T06:30:00Z,EarthMJ2000Eq,70800.0,2026-06-18T02:10:00Z,-4293.377195108809,4009.952580590973,4386.937353427025,4.003839518482549,-2.080641976857599,5.801648325957389,7331.986550789758,7.34975681391627
gmat_j2,2026-06-17T06:30:00Z,EarthMJ2000Eq,70860.0,2026-06-18T02:11:00Z,-4045.487220912598,3877.899730595364,4726.829856565075,4.256653059048361,-2.319783614384546,5.524661335542839,7331.234116302229,7.349991439118469
gmat_j2,2026-06-17T06:30:00Z,EarthMJ2000Eq,70920.0,2026-06-18T02:12:00Z,-3782.888489660764,3731.747340534222,5049.49402799733,4.493985330085227,-2.550486567616605,5.227542355774959,7330.31878417118,7.350379919435129
gmat_j2,2026-06-17T06:30:00Z,EarthMJ2000Eq,70980.0,2026-06-18T02:13:00Z,-3506.535622297884,3572.026638033203,5353.753541690279,4.71498744702672,-2.77192582653957,4.911355669585273,7329.245756448886,7.350924698745324
gmat_j2,2026-06-17T06:30:00Z,EarthMJ2000Eq,71040.0,2026-06-18T02:14:00Z,-3217.432478587435,3399.317388584388,5638.497902420294,4.918867417994079,-2.983308893277961,4.577230738576065,7328.020814530996,7.351627701582875
gmat_j2,2026-06-17T06:30:00Z,EarthMJ2000Eq,71100.0,2026-06-18T02:15:00Z,-2916.628670408885,3214.245870335609,5902.686244216411,5.104892498578804,-3.183878211491414,4.226358399661341,7326.65027237429,7.352490272692911
gmat_j2,2026-06-17T06:30:00Z,EarthMJ2000Eq,71160.0,2026-06-18T02:16:00Z,-2605.215943083306,3017.482709199574,6145.350894475263,5.27239135867329,-3.372913470584086,3.859986952072453,7325.140928790501,7.3535131188589
gmat_j2,2026-06-17T06:30:00Z,EarthMJ2000Eq,71220.0,2026-06-18T02:17:00Z,-2284.32443471086,2809.740580960581,6365.600698084469,5.420756068053529,-3.549733787767694,3.479418147132936,7323.500017257272,7.354696251780676
gmat_j2,2026-06-17T06:30:00Z,EarthMJ2000Eq,71280.0,2026-06-18T02:18:00Z,-1955.118798892544,2591.771771458105,6562.624114781976,5.549443920566556,-3.713699786247724,3.086003062123757,7321.735156711694,7.356038936093712
gmat_j2,2026-06-17T06:30:00Z,EarthMJ2000Eq,71340.0,2026-06-18T02:19:00Z,-1618.794263622882,2364.365641633072,6735.692037700382,5.657979071925384,-3.864215536714201,2.681137940484196,7319.854300600091,7.35753963961003
gmat_j2,2026-06-17T06:30:00Z,EarthMJ2000Eq,71400.0,2026-06-18T02:20:00Z,-1276.572560551344,2128.345956003141,6884.160385139796,5.745954037043257,-4.000730411135301,2.266259914890795,7317.865687419771,7.359195990068301
gmat_j2,2026-06-17T06:30:00Z,EarthMJ2000Eq,71460.0,2026-06-18T02:21:00Z,-929.697785813058,1884.568113914142,7007.472421848066,5.813031026382744,-4.122740822495962,1.842842677251394,7315.777791314387,7.36100473687269
gmat_j2,2026-06-17T06:30:00Z,EarthMJ2000Eq,71520.0,2026-06-18T02:22:00Z,-579.4321820940168,1633.916277554788,7105.160820872001,5.858943137438206,-4.229791866528974,1.412392073223106,7313.5992743764145,7.362961720014058
gmat_j2,2026-06-17T06:30:00Z,EarthMJ2000Eq,71580.0,2026-06-18T02:23:00Z,-227.0518543321091,1377.300404940834,7176.84945845565,5.883495403171088,-4.321478866465924,0.9764416234819782,7311.338940258549,7.365061846075364
gmat_j2,2026-06-17T06:30:00Z,EarthMJ2000Eq,71640.0,2026-06-18T02:24:00Z,126.1575777224525,1115.653189851037,7222.25493907983,5.886565700485937,-4.39744882495761,0.5365479611004912,7309.005690208798,7.367299072850216
gmat_j2,2026-06-17T06:30:00Z,EarthMJ2000Eq,71700.0,2026-06-18T02:25:00Z,478.9053706406388,849.9269221880405,7241.187842509285,5.868105517225526,-4.457401780738798,0.09428619267988475,7306.608481203351,7.369666402379156
gmat_j2,2026-06-17T06:30:00Z,EarthMJ2000Eq,71760.0,2026-06-18T02:26:00Z,829.9000948280185,581.0902664203943,7233.553691020383,5.828140577105126,-4.501092073083417,-0.3487548374887321,7304.156287073729,7.372155883698163
gmat_j2,2026-06-17T06:30:00Z,EarthMJ2000Eq,71820.0,2026-06-18T02:27:00Z,1177.854103450472,310.1249682346373,7199.353629107405,5.766771316650456,-4.528329509536697,-0.7909773801952124,7301.658062514269,7.374758625301833
gmat_j2,2026-06-17T06:30:00Z,EarthMJ2000Eq,71880.0,2026-06-18T02:28:00Z,1521.488025698154,38.02249387366044,7138.684810149924,5.684173206855489,-4.538980433072485,-1.230779721043328,7299.122710370643,7.37746481788156
gmat_j2,2026-06-17T06:30:00Z,EarthMJ2000Eq,71940.0,2026-06-18T02:29:00Z,1859.535274387875,-234.2193913361306,7051.740483313222,5.580596909159168,-4.532968681834869,-1.666561233511416,7296.559052318377,7.380263767512358
gmat_j2,2026-06-17T06:30:00Z,EarthMJ2000Eq,72000.0,2026-06-18T02:30:00Z,2190.746557639437,-505.6000986041988,6938.809773725207,5.456368252779523,-4.510276432518086,-2.09672755077494,7293.975803048847,7.383143939396484
gmat_j2,2026-06-17T06:30:00Z,EarthMJ2000Eq,72060.0,2026-06-18T02:31:00Z,2513.894383453275,-775.1197381329861,6800.27714869515,5.311888018000409,-4.470944916199602,-2.51969585946565,7291.381548010411,7.386093012119176
gmat_j2,2026-06-17T06:30:00Z,EarthMJ2000Eq,72120.0,2026-06-18T02:32:00Z,2827.777545032578,-1041.782680373473,6636.62156263129,5.147631507872415,-4.415074993332333,-2.933900315647269,7288.784724691709,7.389097942221667
gmat_j2,2026-06-17T06:30:00Z,EarthMJ2000Eq,72180.0,2026-06-18T02:33:00Z,3131.225573547561,-1304.601147147632,6448.415273438522,4.964147889101106,-4.34282757270996,-3.33779757966436,7286.193607384612,7.392145038753644
gmat_j2,2026-06-17T06:30:00Z,EarthMJ2000Eq,72240.0,2026-06-18T02:34:00Z,3423.103144154132,-1562.598823027909,6236.322323209042,4.762059281412766,-4.254423857462567,-3.729872462767087,7283.616295234226,7.395220047242972
gmat_j2,2026-06-17T06:30:00Z,EarthMJ2000Eq,72300.0,2026-06-18T02:35:00Z,3702.314418165614,-1814.814474787864,6001.096678150822,4.542059575501747,-4.150145400597847,-4.108643671461832,7281.060703590471,7.398308242602083
gmat_j2,2026-06-17T06:30:00Z,EarthMJ2000Eq,72360.0,2026-06-18T02:36:00Z,3967.80730856841,-2060.305570720908,5743.580018464962,4.304912954981276,-4.030333949455889,-4.472669638052481,7278.534557943822,7.401394529766593
gmat_j2,2026-06-17T06:30:00Z,EarthMJ2000Eq,72420.0,2026-06-18T02:37:00Z,4218.577643765817,-2298.151880370214,5464.699180081841,4.051452107833954,-3.895391062704531,-4.820554405389899,7276.045390905491,7.404463551723007
gmat_j2,2026-06-17T06:30:00Z,EarthMJ2000Eq,72480.0,2026-06-18T02:38:00Z,4453.673215828147,-2527.459045509092,5165.463240557013,3.782576104059495,-3.745777478755495,-5.150953545563214,7273.600540973948,7.407499803030981
gmat_j2,2026-06-17T06:30:00Z,EarthMJ2000Eq,72540.0,2026-06-18T02:39:00Z,4672.197691804934,-2747.362106007237,4846.960249309859,3.499247924169436,-3.582012218112634,-5.462580077736667,7271.207153645243,7.410487748535708
gmat_j2,2026-06-17T06:30:00Z,EarthMJ2000Eq,72600.0,2026-06-18T02:40:00Z,4873.314366906556,-2957.028964755137,4510.35360034078,3.202491622701752,-3.404671401268963,-5.754210347156243,7268.87218330366,7.413411944807441
gmat_j2,2026-06-17T06:30:00Z,EarthMJ2000Eq,72660.0,2026-06-18T02:41:00Z,5056.249727429579,-3155.663762953827,4156.878072636464,2.89338913608253,-3.214386779517539,-6.0246898069206,7266.602397387478,7.416257164550763
gmat_j2,2026-06-17T06:30:00Z,EarthMJ2000Eq,72720.0,2026-06-18T02:42:00Z,5220.296829070063,-3342.510177995954,3787.835491058565,2.573076683048617,-3.011843938259904,-6.27293869662786,7264.404378951407,7.419008519804559
gmat_j2,2026-06-17T06:30:00Z,EarthMJ2000Eq,72780.0,2026-06-18T02:43:00Z,5364.818430036406,-3516.854584257627,3404.590088441635,2.242740820371255,-2.797780202804286,-6.497957511234445,7262.284532045491,7.421651586296091
gmat_j2,2026-06-17T06:30:00Z,EarthMJ2000Eq,72840.0,2026-06-18T02:44:00Z,5489.249883223008,-3678.029086350586,3008.563531409582,1.903614115931155,-2.572982215441429,-6.698832246240798,7260.249084090188,7.4241725226873445
gmat_j2,2026-06-17T06:30:00Z,EarthMJ2000Eq,72900.0,2026-06-18T02:45:00Z,5593.101760648351,-3825.414400261634,2601.229634829678,1.556970458943397,-2.338283188577102,-6.874739357430506,7258.304089235508,7.426558187519217
gmat_j2,2026-06-17T06:30:00Z,EarthMJ2000Eq,72960.0,2026-06-18T02:46:00Z,5675.962182327941,-3958.442555867283,2184.108796710644,1.204120036387685,-2.094559845237999,-7.024950370312134,7256.4554294219215,7.428796249235962
gmat_j2,2026-06-17T06:30:00Z,EarthMJ2000Eq,73020.0,2026-06-18T02:47:00Z,5737.498835636072,-4076.599408330368,1758.762164841904,0.8464039900028877,-1.842729050340707,-7.148836093979157,7254.70881410165,7.43087528934792
gmat_j2,2026-06-17T06:30:00Z,EarthMJ2000Eq,73080.0,2026-06-18T02:48:00Z,5777.460665029032,-4179.426938011471,1326.785565363693,0.4851887878926613,-1.583744149542098,-7.245870384711584,7253.069777865859,7.432784896870484
gmat_j2,2026-06-17T06:30:00Z,EarthMJ2000Eq,73140.0,2026-06-18T02:49:00Z,5795.679216391464,-4266.525323389162,889.8032144182534,0.1218603402491087,-1.31859103033454,-7.315633412451313,7251.543675302661,7.434515752433266
gmat_j2,2026-06-17T06:30:00Z,EarthMJ2000Eq,73200.0,2026-06-18T02:50:00Z,5792.069621828323,-4337.554766682852,449.4612697898868,-0.2421820787805,-1.048283944854722,-7.35781438347184,7250.1356739802295,7.436059701881617
gmat_j2,2026-06-17T06:30:00Z,EarthMJ2000Eq,73260.0,2026-06-18T02:51:00Z,5766.631214311225,-4392.237068202925,7.421198293672445,-0.6055321058349142,-0.7738610871800772,-7.372213688471589,7248.850743348803,7.4374098167262686
gmat_j2,2026-06-17T06:30:00Z,EarthMJ2000Eq,73320.0,2026-06-18T02:52:00Z,5719.447762693027,-4430.356922919272,-434.6469258071965,-0.9667826448484681,-0.4963800057865942,-7.358744435213304,7247.693641755744,7.438560442404677
gmat_j2,2026-06-17T06:30:00Z,EarthMJ2000Eq,73380.0,2026-06-18T02:53:00Z,5650.687322524926,-4451.762940831561,-875.0712213549574,-1.324532309479104,-0.2169128454528007,-7.317433350375954,7246.668899622007,7.439507232241309
gmat_j2,2026-06-17T06:30:00Z,EarthMJ2000Eq,73440.0,2026-06-18T02:54:00Z,5560.6017000197,-4456.368377029664,-1312.184827462817,-1.677391869982333,0.06345852257287257,-7.248421031097509,7245.780799850048,7.440247167509063
gmat_j2,2026-06-17T06:30:00Z,EarthMJ2000Eq,73500.0,2026-06-18T02:55:00Z,5449.525530177572,-4444.151567124346,-1744.332726667384,-2.023990657505085,0.3436474472986016,-7.151961540279313,7245.03335513052,7.440778562982314
gmat_j2,2026-06-17T06:30:00Z,EarthMJ2000Eq,73560.0,2026-06-18T02:56:00Z,5317.874973284047,-4415.156064646796,-2169.87852440396,-2.362982871812748,0.6225674801755363,-7.028421347443413,7244.430282454079,7.441101058113028
gmat_j2,2026-06-17T06:30:00Z,EarthMJ2000Eq,73620.0,2026-06-18T02:57:00Z,5166.146037161514,-4369.490479489538,-2587.211145482218,-2.693053739925985,0.8991373509835353,-6.87827762557206,7243.974975035236,7.441215594008027
gmat_j2,2026-06-17T06:30:00Z,EarthMJ2000Eq,73680.0,2026-06-18T02:58:00Z,4994.912535624668,-4307.328019011726,-2994.751409510165,-3.012925475993501,1.172285896424176,-6.702115922765401,7243.670471982215,7.441124376667227
gmat_j2,2026-06-17T06:30:00Z,EarthMJ2000Eq,73740.0,2026-06-18T02:59:00Z,4804.823696472708,-4228.905735844279,-3390.95844850992,-3.32136299615456,1.440956901734539,-6.500627235382611,7243.519426105179,7.440830827150914
gmat_j2,2026-06-17T06:30:00Z,EarthMJ2000Eq,73800.0,2026-06-18T03:00:00Z,4596.601435001429,-4134.523488754001,-3774.335931791793,-3.617179346486848,1.704113817757243,-6.274604516440788,7243.524070321737,7.440339519555631
gmat_j2,2026-06-17T06:30:00Z,EarthMJ2000Eq,73860.0,2026-06-18T03:01:00Z,4371.037311367486,-4024.542625089527,-4143.438065394183,-3.899240807200437,1.960744318732075,-6.024938659222417,7243.686183172673,7.439656107870177
gmat_j2,2026-06-17T06:30:00Z,EarthMJ2000Eq,73920.0,2026-06-18T03:02:00Z,4128.989192571873,-3899.384395522218,-4496.8753354075,-4.1664716414225,2.209864669094273,-5.752614001618038,7244.007054014636,7.438787242965141
gmat_j2,2026-06-17T06:30:00Z,EarthMJ2000Eq,73980.0,2026-06-18T03:03:00Z,3871.37763911297,-3759.528112296824,-4833.319970763797,-4.41785846548527,2.45052387388761,-5.458703397970254,7244.487448505807,7.437740481124963
gmat_j2,2026-06-17T06:30:00Z,EarthMJ2000Eq,74040.0,2026-06-18T03:04:00Z,3599.182044773034,-3605.50906741117,-5151.511093897252,-4.65245421605436,2.681807584411864,-5.144362915906148,7245.127574939396,7.436524185588412
gmat_j2,2026-06-17T06:30:00Z,EarthMJ2000Eq,74100.0,2026-06-18T03:05:00Z,3313.436547060296,-3437.91622225482,-5450.259548256967,-4.86938170880991,2.902841747478415,-4.810826203724633,7245.927052213812,7.435147422845065
gmat_j2,2026-06-17T06:30:00Z,EarthMJ2000Eq,74160.0,2026-06-18T03:06:00Z,3015.225738758687,-3257.389687553809,-5728.452376557167,-5.067836775474198,3.112795978263566,-4.459398588003277,7246.884879914833,7.433619855213756
gmat_j2,2026-06-17T06:30:00Z,EarthMJ2000Eq,74220.0,2026-06-18T03:07:00Z,2705.680203285243,-3064.618009112189,-5985.056938876298,-5.247090980767681,3.310886649668815,-4.091450951201087,7247.999411273137,7.431951631536162
gmat_j2,2026-06-17T06:30:00Z,EarthMJ2000Eq,74280.0,2026-06-18T03:08:00Z,2385.971899655234,-2860.33527690938,-6219.124657984154,-5.406493922345944,3.496379691958459,-3.708413440601892,7249.26832955045,7.430153277634313
gmat_j2,2026-06-17T06:30:00Z,EarthMJ2000Eq,74340.0,2026-06-18T03:09:00Z,2057.309421748855,-2645.318074951168,-6429.794383360673,-5.54547512215571,3.668593101174239,-3.311769056208849,7250.6886284529155,7.428235588219692
gmat_j2,2026-06-17T06:30:00Z,EarthMJ2000Eq,74400.0,2026-06-18T03:10:00Z,1720.933156059749,-2420.382289313236,-6616.295367967506,-5.66354552134545,3.826899158239332,-2.903047161646123,7252.256597103775,7.426209521850742
gmat_j2,2026-06-17T06:30:00Z,EarthMJ2000Eq,74460.0,2026-06-18T03:11:00Z,1378.11036126922,-2186.379791600924,-6777.949854370117,-5.760298593919879,3.970726363704197,-2.483816957864071,7253.967810055015,7.424086100437146
gmat_j2,2026-06-17T06:30:00Z,EarthMJ2000Eq,74520.0,2026-06-18T03:12:00Z,1030.130192002363,-1944.195014670699,-6914.175269058122,-5.83541109656055,4.099561095563546,-2.055680954812023,7255.817122750557,7.421876314659054
gmat_j2,2026-06-17T06:30:00Z,EarthMJ2000Eq,74580.0,2026-06-18T03:13:00Z,678.2986880765302,-1694.741436987405,-7024.486025771113,-5.888643473461967,4.21294899945622,-1.620268471489635,7257.7986727893,7.419591036524098
gmat_j2,2026-06-17T06:30:00Z,EarthMJ2000Eq,74640.0,2026-06-18T03:14:00Z,323.9337491647244,-1438.957991218804,-7108.494940352371,-5.919839935695801,4.310496121917004,-1.179229189700213,7259.905887224408,7.417240940077478
gmat_j2,2026-06-17T06:30:00Z,EarthMJ2000Eq,74700.0,2026-06-18T03:15:00Z,-31.63988573642365,-1177.805412474722,-7165.914260934765,-5.928928234539742,4.391869797927545,-0.7342267830176176,7262.1314961306225,7.414836431181142
gmat_j2,2026-06-17T06:30:00Z,EarthMJ2000Eq,74760.0,2026-06-18T03:16:00Z,-387.0956365087961,-912.2625403889615,-7196.556318537928,-5.915919147562369,4.456799304386002,-0.2869326373196959,7264.467552428688,7.412387586900044
gmat_j2,2026-06-17T06:30:00Z,EarthMJ2000Eq,74820.0,2026-06-18T03:17:00Z,-741.1100419545411,-643.3225881062712,-7200.333804096284,-5.880905695059818,4.505076290958669,0.160980325277664,7266.905458106999,7.40990410509282
gmat_j2,2026-06-17T06:30:00Z,EarthMJ2000Eq,74880.0,2026-06-18T03:18:00Z,-1092.367663821201,-371.9893928063768,-7177.259678115671,-5.824062102719459,4.53655499836825,0.6078437066801374,7269.435996583759,7.407395264281744
gmat_j2,2026-06-17T06:30:00Z,EarthMJ2000Eq,74940.0,2026-06-18T03:19:00Z,-1439.565922266961,-99.27365856701078,-7127.446720460195,-5.745642524717995,4.551152274246761,1.05199957288678,7272.0493711770405,7.404869893967295
gmat_j2,2026-06-17T06:30:00Z,EarthMJ2000Eq,75000.0,2026-06-18T03:20:00Z,-1781.419847486569,173.8107956025801,-7051.106727462179,-5.645979539239922,4.548847394559586,1.49180626695651,7274.735249323475,7.402336355140727
gmat_j2,2026-06-17T06:30:00Z,EarthMJ2000Eq,75060.0,2026-06-18T03:21:00Z,-2116.666734566434,446.2507714121425,-6948.549364170849,-5.525482426449957,4.529681697663631,1.92564409119871,7277.48281224526,7.399802530684497
gmat_j2,2026-06-17T06:30:00Z,EarthMJ2000Eq,75120.0,2026-06-18T03:22:00Z,-2444.070688687147,717.0373994973577,-6820.180679686895,-5.384635236966377,4.493758036522635,2.351920854780818,7280.280809635848,7.397275825136214
gmat_j2,2026-06-17T06:30:00Z,EarthMJ2000Eq,75180.0,2026-06-18T03:23:00Z,-2762.427048311357,985.1698094126483,-6666.501293772724,-5.223994657122095,4.441240053255326,2.769077282915807,7283.117618883672,7.394763173154361
gmat_j2,2026-06-17T06:30:00Z,EarthMJ2000Eq,75240.0,2026-06-18T03:24:00Z,-3070.566674314301,1249.658750842896,-6488.104263175081,-5.044187675820395,4.372351278944656,3.175592283093276,7285.98130829324,7.3922710558953995
gmat_j2,2026-06-17T06:30:00Z,EarthMJ2000Eq,75300.0,2026-06-18T03:25:00Z,-3367.360093264118,1509.530155607342,-6285.672636404879,-4.845909056665899,4.287374060586363,3.569988062684092,7288.859703715301,7.389805524408088
gmat_j2,2026-06-17T06:30:00Z,EarthMJ2000Eq,75360.0,2026-06-18T03:26:00Z,-3651.721483318523,1763.828630176242,-6059.976706027231,-4.629918618252123,4.186648316212308,3.950835090870032,7291.7404579395225,7.387372229049449
gmat_j2,2026-06-17T06:30:00Z,EarthMJ2000Eq,75420.0,2026-06-18T03:27:00Z,-3922.612490829029,2011.620867948656,-5811.870968635773,-4.39703832576537,4.070570119026403,4.316756895418323,7294.61112230431,7.384976454011332
gmat_j2,2026-06-17T06:30:00Z,EarthMJ2000Eq,75480.0,2026-06-18T03:28:00Z,-4179.045868995224,2251.998973537088,-5542.2907995742,-4.14814919382452,3.939590109335283,4.666434687296275,7297.459219414862,7.382623155396819
gmat_j2,2026-06-17T06:30:00Z,EarthMJ2000Eq,75540.0,2026-06-18T03:29:00Z,-4420.088917791838,2484.083679473516,-5252.248865023681,-3.884188014537536,3.794211740624235,4.998611787397003,7300.272317383472,7.3803170030881535
gmat_j2,2026-06-17T06:30:00Z,EarthMJ2000Eq,75600.0,2026-06-18T03:30:00Z,-4644.866738632094,2707.027468717471,-4942.831252890198,-3.606143887577997,3.634989345408695,5.312097874975254,7303.038102775429,7.378062422646442
gmat_j2,2026-06-17T06:30:00Z,EarthMJ2000Eq,75660.0,2026-06-18T03:31:00Z,-4852.565252821752,2920.017553477787,-4615.193386530931,-3.315054604359441,3.462526048579274,5.605772986463636,7305.7444549197235,7.375863640465445
gmat_j2,2026-06-17T06:30:00Z,EarthMJ2000Eq,75720.0,2026-06-18T03:32:00Z,-5042.434013844983,3122.278739548775,-4270.555683656394,-3.012002847026455,3.277471504894248,5.878591303836665,7308.379516597988,7.373724725905714
gmat_j2,2026-06-17T06:30:00Z,EarthMJ2000Eq,75780.0,2026-06-18T03:33:00Z,-5213.788791553727,3313.076155569392,-3910.198983813211,-2.698112219664286,3.0805194682626,6.129584699005058,7310.931764730649,7.3716496340048305
gmat_j2,2026-06-17T06:30:00Z,EarthMJ2000Eq,75840.0,2026-06-18T03:34:00Z,-5366.013891234041,3491.717807160043,-3535.459815388157,-2.374543170820311,2.872405228081051,6.357865976134897,7313.390077931006,7.369642246058521
gmat_j2,2026-06-17T06:30:00Z,EarthMJ2000Eq,75900.0,2026-06-18T03:35:00Z,-5498.564246062136,3657.556997118556,-3147.725431438548,-2.042488743340188,2.653902872313417,6.562631862141221,7315.743799981568,7.367706405682568
gmat_j2,2026-06-17T06:30:00Z,EarthMJ2000Eq,75960.0,2026-06-18T03:36:00Z,-5610.967242594113,3809.994567893467,-2748.428692466062,-1.70317021923526,2.425822418161475,6.743165681418907,7317.982801456465,7.365845953263643
gmat_j2,2026-06-17T06:30:00Z,EarthMJ2000Eq,76020.0,2026-06-18T03:37:00Z,-5702.824278562711,3948.48096367926,-2339.042808823183,-1.357832670545315,2.189006817393968,6.898839707189902,7320.097535839891,7.364064754827835
gmat_j2,2026-06-17T06:30:00Z,EarthMJ2000Eq,76080.0,2026-06-18T03:38:00Z,-5773.812058396144,4072.518119811596,-1921.075921655224,-1.007740399913617,1.944328824558104,7.029117193191095,7322.079091258026,7.362366725940798
gmat_j2,2026-06-17T06:30:00Z,EarthMJ2000Eq,76140.0,2026-06-18T03:39:00Z,-5823.683604830488,4181.661147075712,-1496.065617583486,-0.6541723537835924,1.692687784297854,7.133554044587585,7323.919238375683,7.360755851855015
gmat_j2,2026-06-17T06:30:00Z,EarthMJ2000Eq,76200.0,2026-06-18T03:40:00Z,-5852.269000453882,4275.519831664923,-1065.573316339177,-0.2984174603113152,1.435006304592648,7.211800147738476,7325.6104712936785,7.359236199889225
gmat_j2,2026-06-17T06:30:00Z,EarthMJ2000Eq,76260.0,2026-06-18T03:41:00Z,-5859.475846826696,4353.75993264838,-631.1785836367862,0.05823005979092942,1.172226848702302,7.263600335453363,7327.146044342339,7.357811927324589
gmat_j2,2026-06-17T06:30:00Z,EarthMJ2000Eq,76320.0,2026-06-18T03:42:00Z,-5845.289440725903,4416.104263498545,-194.4734476640155,0.4144753407379688,0.9053082964962968,7.288794977962294,7328.520002960905,7.356487283381467
gmat_j2,2026-06-17T06:30:00Z,EarthMJ2000Eq,76380.0,2026-06-18T03:43:00Z,-5809.77267333229,4462.333575886309,242.9433629563762,0.7690275406920791,0.6352224295948974,7.287320214804857,7329.727207467237,7.355266603360265
gmat_j2,2026-06-17T06:30:00Z,EarthMJ2000Eq,76440.0,2026-06-18T03:44:00Z,-5753.065650564749,4492.287227905575,679.4721612659715,1.120604446738943,0.3629504036537591,7.259207816885275,7330.763352860807,7.354154298781866
gmat_j2,2026-06-17T06:30:00Z,EarthMJ2000Eq,76500.0,2026-06-18T03:45:00Z,-5675.385038376157,4505.863639467235,1113.51802303504,1.467937010830362,0.0894792127980528,7.204584685958396,7331.624980788414,7.353154839552529
gmat_j2,2026-06-17T06:30:00Z,EarthMJ2000Eq,76560.0,2026-06-18T03:46:00Z,-5577.023139282516,4503.020536991737,1543.496470886879,1.809773800267878,-0.1842018395857043,7.123672001789041,7332.309486669408,7.352272731265883
gmat_j2,2026-06-17T06:30:00Z,EarthMJ2000Eq,76620.0,2026-06-18T03:47:00Z,-5458.346705756067,4483.774987009922,1967.83909344937,2.144885336932033,-0.4571046424818986,7.016784026498783,7332.815120544195,7.351512486372653
gmat_j2,2026-06-17T06:30:00Z,EarthMJ2000Eq,76680.0,2026-06-18T03:48:00Z,-5319.795490094541,4448.203219074745,2384.999103584812,2.472068325938538,-0.728245750774189,6.88432657238195,7333.1409817838285,7.350878589449932
gmat_j2,2026-06-17T06:30:00Z,EarthMJ2000Eq,76740.0,2026-06-18T03:49:00Z,-5161.880560558632,4396.440245975031,2793.45674792853,2.79014970334345,-0.9966497710915996,6.726795169210114,7333.287009278276,7.350375458559447
gmat_j2,2026-06-17T06:30:00Z,EarthMJ2000Eq,76800.0,2026-06-18T03:50:00Z,-4985.182361019596,4328.679277864351,3191.724650813015,3.097990568066562,-1.261352711613301,6.544772918811133,7333.253964635387,7.350007400113772
gmat_j2,2026-06-17T06:30:00Z,EarthMJ2000Eq,76860.0,2026-06-18T03:51:00Z,-4790.34855036973,4245.170940940316,3578.352991245381,3.394489919563513,-1.521405228747897,6.33892808099993,7333.0434119667,7.34977856130164
gmat_j2,2026-06-17T06:30:00Z,EarthMJ2000Eq,76920.0,2026-06-18T03:52:00Z,-4578.091621627088,4146.222303609869,3951.934530673953,3.678588217787028,-1.775875781509253,6.110011401437567,7332.657691567037,7.349692877467038
gmat_j2,2026-06-17T06:30:00Z,EarthMJ2000Eq,76980.0,2026-06-18T03:53:00Z,-4349.186311440349,4032.195716036453,4311.109478000324,3.949270758807438,-2.023853685037689,5.858853202400845,7332.099889891508,7.3497540171147735
gmat_j2,2026-06-17T06:30:00Z,EarthMJ2000Eq,77040.0,2026-06-18T03:54:00Z,-4104.466813283033,3903.507469799438,4654.570171540331,4.205570855518483,-2.264452051334198,5.586360259712294,7331.373805086927,7.349965324059083
gmat_j2,2026-06-17T06:30:00Z,EarthMJ2000Eq,77100.0,2026-06-18T03:55:00Z,-3844.823809237175,3760.626286670067,4981.06556390112,4.446572819404797,-2.496810609921604,5.293512491110256,7330.483909262235,7.350329758155543
gmat_j2,2026-06-17T06:30:00Z,EarthMJ2000Eq,77160.0,2026-06-18T03:56:00Z,-3571.201313475791,3604.071633036588,5289.405520276178,4.671414758419163,-2.720098419965441,4.98135945558105,7329.435306717587,7.350849834215197
gmat_j2,2026-06-17T06:30:00Z,EarthMJ2000Eq,77220.0,2026-06-18T03:57:00Z,-3284.593386487015,3434.411894082486,5578.464865448955,4.879291152154579,-2.933516432036896,4.65101673711989,7328.23369085743,7.351527561908055
gmat_j2,2026-06-17T06:30:00Z,EarthMJ2000Eq,77280.0,2026-06-18T03:58:00Z,-2986.040661260317,3252.262375270652,5847.187252718338,5.069455267408513,-3.136299957881932,4.303662151034962,7326.885297085855,7.35236438462601
gmat_j2,2026-06-17T06:30:00Z,EarthMJ2000Eq,77340.0,2026-06-18T03:59:00Z,-2676.626756766725,3058.283174825723,6094.588773289423,5.241221364842315,-3.327720995797109,3.940531861855392,7325.396855322389,7.353361120973589
gmat_j2,2026-06-17T06:30:00Z,EarthMJ2000Eq,77400.0,2026-06-18T04:00:00Z,-2357.474555367369,2853.176914942698,6319.761338920608,5.393966731471717,-3.507090442246723,3.562916387721953,7323.775540531134,7.3545179078046745
gmat_j2,2026-06-17T06:30:00Z,EarthMJ2000Eq,77460.0,2026-06-18T04:01:00Z,-2029.742364590782,2637.68634448538,6521.875821086735,5.527133537797599,-3.673760185016903,3.172156514015496,7322.028922653542,7.355834146517537
gmat_j2,2026-06-17T06:30:00Z,EarthMJ2000Eq,77520.0,2026-06-18T04:02:00Z,-1694.619972580173,2412.591819547703,6700.184942370857,5.640230527380355,-3.827125082534954,2.769639124085478,7320.164916256278,7.357308453301821
gmat_j2,2026-06-17T06:30:00Z,EarthMJ2000Eq,77580.0,2026-06-18T04:03:00Z,-1353.324607055247,2178.708668586038,6854.025915332673,5.732834545960903,-3.966624833721945,2.356792953321579,7318.191730385661,7.358938614208482
gmat_j2,2026-06-17T06:30:00Z,EarthMJ2000Eq,77640.0,2026-06-18T04:04:00Z,-1007.096807168255,1936.884448529362,6982.822824418351,5.80459191676301,-4.091745742860503,1.935084270007668,7316.117819115631,7.360721545908298
gmat_j2,2026-06-17T06:30:00Z,EarthMJ2000Eq,77700.0,2026-06-18T04:05:00Z,-657.1962173117688,1687.996098041137,7086.088746552435,5.855219667653485,-4.202022383665208,1.506012483805943,7313.9518332477455,7.362653262967025
gmat_j2,2026-06-17T06:30:00Z,EarthMJ2000Eq,77760.0,2026-06-18T04:06:00Z,-304.8973116283024,1432.946993868999,7163.427606033192,5.884506614501857,-4.297039166139755,1.071105680263338,7311.70257359767,7.364728852425427
gmat_j2,2026-06-17T06:30:00Z,EarthMJ2000Eq,77820.0,2026-06-18T04:07:00Z,48.51494223383898,1172.66391603384,7214.535759190208,5.892314303356811,-4.376431808854067,0.6319160775833641,7309.378946273207,7.366942456419846
gmat_j2,2026-06-17T06:30:00Z,EarthMJ2000Eq,77880.0,2026-06-18T04:08:00Z,401.7494717059045,908.0939274612666,7239.203303978918,5.878577811982511,-4.439888718000539,0.1900154000979164,7306.989920305575,7.36928726350357
gmat_j2,2026-06-17T06:30:00Z,EarthMJ2000Eq,77940.0,2026-06-18T04:09:00Z,753.5135316037932,640.2011737564528,7237.315109329227,5.843306408975859,-4.487152273002184,-0.2530098381885445,7304.544487982415,7.371755509273704
gmat_j2,2026-06-17T06:30:00Z,EarthMJ2000Eq,78000.0,2026-06-18T04:10:00Z,1102.517171528479,369.9636087513255,7208.851558626907,5.786584066102813,-4.518020016640008,-0.6955631475590448,7302.051628113365,7.374338486744217
gmat_j2,2026-06-17T06:30:00Z,EarthMJ2000Eq,78060.0,2026-06-18T04:11:00Z,1447.477730914237,98.36965045136529,7153.889001077267,5.708569816506134,-4.532345745735448,-1.136042983640794,7299.520272549206,7.377026566950303
gmat_j2,2026-06-17T06:30:00Z,EarthMJ2000Eq,78120.0,2026-06-18T04:12:00Z,1787.124347025275,-173.5852224475952,7072.599904868737,5.609497949881393,-4.530040495713263,-1.572847776004193,7296.959275995171,7.379809229851877
gmat_j2,2026-06-17T06:30:00Z,EarthMJ2000Eq,78180.0,2026-06-18T04:13:00Z,2120.202473754938,-444.9019330887643,6965.252704642307,5.489678030916784,-4.51107341129847,-2.004381080186196,7294.377389421914,7.382675105939769
gmat_j2,2026-06-17T06:30:00Z,EarthMJ2000Eq,78240.0,2026-06-18T04:14:00Z,2445.478393207099,-714.5813154520894,6832.211336492211,5.349494727101935,-4.475472491935237,-2.429056847928987,7291.7832369406515,7.385612028250002
gmat_j2,2026-06-17T06:30:00Z,EarthMJ2000Eq,78300.0,2026-06-18T04:15:00Z,2761.743711677473,-981.6276647003508,6673.934452976115,5.18940742827774,-4.423325199456397,-2.845304821081963,7289.185296294554,7.388607094823923
gmat_j2,2026-06-17T06:30:00Z,EarthMJ2000Eq,78360.0,2026-06-18T04:16:00Z,3067.819825932386,-1245.052319358578,6490.974310886563,5.009949639114234,-4.354778913079399,-3.251576045317258,7286.5918828292615,7.3916467412034015
gmat_j2,2026-06-17T06:30:00Z,EarthMJ2000Eq,78420.0,2026-06-18T04:17:00Z,3362.562345742312,-1503.877265823209,6283.975324749358,4.81172812421069,-4.270041215254875,-3.646348497325422,7284.0111368477965,7.394716822518819
gmat_j2,2026-06-17T06:30:00Z,EarthMJ2000Eq,78480.0,2026-06-18T04:18:00Z,3644.865457173469,-1757.138754503196,6053.672279553677,4.595421784787581,-4.169379990532451,-4.02813281430275,7281.4510141667515,7.397802704534317
gmat_j2,2026-06-17T06:30:00Z,EarthMJ2000Eq,78540.0,2026-06-18T04:19:00Z,3913.666209902751,-2003.890915819796,5800.888197030244,4.361780245841479,-4.053123318703979,-4.395478109573858,7278.919279637908,7.400889362865648
gmat_j2,2026-06-17T06:30:00Z,EarthMJ2000Eq,78600.0,2026-06-18T04:20:00Z,4167.948710513469,-2243.209363095972,5526.531851008423,4.1116221333405,-3.921659143123791,-4.746977852818319,7276.423503367771,7.403961489457487
gmat_j2,2026-06-17T06:30:00Z,EarthMJ2000Eq,78660.0,2026-06-18T04:21:00Z,4406.748202989957,-2474.194768686629,5231.594928097152,3.84583302178219,-3.775434694872604,-5.081275788585701,7273.971059170041,7.407003605125717
gmat_j2,2026-06-17T06:30:00Z,EarthMJ2000Eq,78720.0,2026-06-18T04:22:00Z,4629.155014039205,-2695.97639598926,4917.148835811665,3.565363038235571,-3.614955656334287,-5.397071857761238,7271.569125385494,7.410000177430361
gmat_j2,2026-06-17T06:30:00Z,EarthMJ2000Eq,78780.0,2026-06-18T04:23:00Z,4834.318349173716,-2907.715578505455,4584.341147055393,3.271224098432377,-3.440785041091527,-5.693128094805297,7269.224686252734,7.412935741325789
gmat_j2,2026-06-17T06:30:00Z,EarthMJ2000Eq,78840.0,2026-06-18T04:24:00Z,5021.44990226372,-3108.609112667908,4234.391710456914,2.964486787853339,-3.25354178920582,-5.968274436107865,7266.944536315968,7.4157950237425165
gmat_j2,2026-06-17T06:30:00Z,EarthMJ2000Eq,78900.0,2026-06-18T04:25:00Z,5189.827275980631,-3297.892567439173,3868.588396984826,2.646276850802937,-3.053899046833377,-6.221414421880353,7264.735282594178,7.4185630662633155
gmat_j2,2026-06-17T06:30:00Z,EarthMJ2000Eq,78960.0,2026-06-18T04:26:00Z,5338.797180614006,-3474.843481547629,3488.282509263547,2.31777130216679,-2.84258213058046,-6.451530726986679,7262.603350136926,7.4212253502704355
gmat_j2,2026-06-17T06:30:00Z,EarthMJ2000Eq,79020.0,2026-06-18T04:27:00Z,5467.778373804903,-3638.784412325349,3094.883898811314,1.980194195485176,-2.620366189613813,-6.657690445412324,7260.554985092534,7.423767917064685
gmat_j2,2026-06-17T06:30:00Z,EarthMJ2000Eq,79080.0,2026-06-18T04:28:00Z,5576.264356238816,-3789.085859148036,2689.855722279917,1.634811984939515,-2.388073518396588,-6.839050130124089,7258.5962572206145,7.426177484932558
gmat_j2,2026-06-17T06:30:00Z,EarthMJ2000Eq,79140.0,2026-06-18T04:29:00Z,5663.825766237583,-3925.169001669582,2274.70893489768,1.28292856723566,-2.146570567246337,-6.994860479387485,7256.73306250601,7.428441561653058
gmat_j2,2026-06-17T06:30:00Z,EarthMJ2000Eq,79200.0,2026-06-18T04:30:00Z,5730.112464554539,-4046.508243956765,1850.996534907365,0.9258800186124898,-1.896764655819338,-7.1244706306658,7254.971123105344,7.430548548771541
gmat_j2,2026-06-17T06:30:00Z,EarthMJ2000Eq,79260.0,2026-06-18T04:31:00Z,5774.855304851561,-4152.633570125768,1420.307505170297,0.565028989312421,-1.639600356563893,-7.227332036108991,7253.315984358517,7.432487837068769
gmat_j2,2026-06-17T06:30:00Z,EarthMJ2000Eq,79320.0,2026-06-18T04:32:00Z,5797.867552034572,-4243.13265887089,984.260594567893,0.2017588870073785,-1.376055633391085,-7.30300183138519,7251.7730128383955,7.434249895173637
gmat_j2,2026-06-17T06:30:00Z,EarthMJ2000Eq,79380.0,2026-06-18T04:33:00Z,5799.045946330034,-4317.652765039782,544.4978810670365,-0.1625321857375462,-1.10713770576877,-7.351145678319451,7250.347386821473,7.435826342432312
gmat_j2,2026-06-17T06:30:00Z,EarthMJ2000Eq,79440.0,2026-06-18T04:34:00Z,5778.371399756938,-4375.902347919055,102.6781775048527,-0.5264376723408112,-0.8338786823228528,-7.371540037387405,7249.044088718744,7.437210014682765
gmat_j2,2026-06-17T06:30:00Z,EarthMJ2000Eq,79500.0,2026-06-18T04:35:00Z,5735.909313788148,-4417.652424206983,-339.5296390507739,-0.888548895266633,-0.5573310227581649,-7.364073829944992,7247.867891517988,7.438395013784151
gmat_j2,2026-06-17T06:30:00Z,EarthMJ2000Eq,79560.0,2026-06-18T04:36:00Z,5671.80951201217,-4442.73765203037,-780.4534402299803,-1.247461515247843,-0.2785627998683745,-7.328749475760585,7246.823342519594,7.439376744321798
gmat_j2,2026-06-17T06:30:00Z,EarthMJ2000Eq,79620.0,2026-06-18T04:37:00Z,5586.305786544345,-4451.057121805437,-1218.424662496546,-1.601781980189621,0.001347138885876121,-7.265683280163371,7245.914745602074,7.440151937594347
gmat_j2,2026-06-17T06:30:00Z,EarthMJ2000Eq,79680.0,2026-06-18T04:38:00Z,5479.715059898568,-4442.574854544507,-1651.785122094254,-1.950133938500958,0.2813140915574066,-7.175105167622788,7245.146138310962,7.440718659017371
gmat_j2,2026-06-17T06:30:00Z,EarthMJ2000Eq,79740.0,2026-06-18T04:39:00Z,5352.436159842951,-4417.320004762122,-2078.893822827462,-2.291164589965834,0.560252483893834,-7.057357757641061,7244.521267568767,7.441076302750764
gmat_j2,2026-06-17T06:30:00Z,EarthMJ2000Eq,79800.0,2026-06-18T04:40:00Z,5204.948220169009,-4375.386763200446,-2498.13366918643,-2.623550881983301,0.8370808415266379,-6.912894794439339,7244.043562220831,7.441225571409109
gmat_j2,2026-06-17T06:30:00Z,EarthMJ2000Eq,79860.0,2026-06-18T04:41:00Z,5037.808714794709,-4316.933962522913,-2907.918069709448,-2.946005519803685,1.110726725552678,-6.742278946993304,7243.716103202004,7.441168441894048
gmat_j2,2026-06-17T06:30:00Z,EarthMJ2000Eq,79920.0,2026-06-18T04:42:00Z,4851.651137470771,-4242.184388942979,-3306.697392369747,-3.257282742676744,1.380131590888013,-6.546179003772407,7243.54159194367,7.44090811818944
gmat_j2,2026-06-17T06:30:00Z,EarthMJ2000Eq,79980.0,2026-06-18T04:43:00Z,4647.182343418543,-4151.423805698211,-3692.965232930776,-3.556183820010657,1.644255526973534,-6.325366495293387,7243.522317155815,7.440448971632609
gmat_j2,2026-06-17T06:30:00Z,EarthMJ2000Eq,80040.0,2026-06-18T04:44:00Z,4425.179570454776,-4044.999696471811,-4065.264464740526,-3.841562230903239,1.902081846550277,-6.080711783025878,7243.660120650984,7.439796469871212
gmat_j2,2026-06-17T06:30:00Z,EarthMJ2000Eq,80100.0,2026-06-18T04:45:00Z,4186.487159688236,-3923.319738862593,-4422.193038899202,-4.112328494268462,2.152621490212427,-5.813179658866686,7243.956362711739,7.438957095665903
gmat_j2,2026-06-17T06:30:00Z,EarthMJ2000Eq,80160.0,2026-06-18T04:46:00Z,3932.01299756865,-3786.850019824547,-4762.409506916492,-4.367454623022805,2.394917218498617,-5.52382450356148,7244.411887604305,7.437938256921111
gmat_j2,2026-06-17T06:30:00Z,EarthMJ2000Eq,80220.0,2026-06-18T04:47:00Z,3662.724702492019,-3636.113006569987,-5084.638240919386,-4.605978181896403,2.628047567421071,-5.213785055456011,7245.02698986087,7.4367481894461065
gmat_j2,2026-06-17T06:30:00Z,EarthMJ2000Eq,80280.0,2026-06-18T04:48:00Z,3379.645580157722,-3471.685287714533,-5387.674329653141,-4.827005934647384,2.851130547777565,-4.884278842640073,7245.801381960217,7.4353958540385
gmat_j2,2026-06-17T06:30:00Z,EarthMJ2000Eq,80340.0,2026-06-18T04:49:00Z,3083.850372927735,-3294.195100727381,-5670.388131421228,-5.029717072293077,3.063327072871528,-4.536596332497828,7246.734164106307,7.433890829621917
gmat_j2,2026-06-17T06:30:00Z,EarthMJ2000Eq,80400.0,2026-06-18T04:50:00Z,2776.460826395204,-3104.319661048386,-5931.729470206952,-5.213366021018489,3.263844105209462,-4.172094849179182,7247.823796575104,7.432243203957212
gmat_j2,2026-06-17T06:30:00Z,EarthMJ2000Eq,80460.0,2026-06-18T04:51:00Z,2458.641105530824,-2902.782314472505,-6170.731456913216,-5.377284828513575,3.451937511288172,-3.792192318649619,7249.068075577611,7.430463464039495
gmat_j2,2026-06-17T06:30:00Z,EarthMJ2000Eq,80520.0,2026-06-18T04:52:00Z,2131.593070939696,-2690.349521263359,-6386.513938324481,-5.520885144512481,3.626914631264607,-3.398360872631885,7250.464112803606,7.428562387300468
gmat_j2,2026-06-17T06:30:00Z,EarthMJ2000Eq,80580.0,2026-06-18T04:53:00Z,1796.551456364986,-2467.827699824836,-6578.286553160752,-5.643659797031212,3.788136553843267,-2.992120376281068,7252.0083195543475,7.426550935753843
gmat_j2,2026-06-17T06:30:00Z,EarthMJ2000Eq,80640.0,2026-06-18T04:54:00Z,1454.77896277256,-2236.05994234985,-6745.351399705299,-5.74518398503521,3.93502010698144,-2.575031910696749,7253.69639575668,7.4244401543389
gmat_j2,2026-06-17T06:30:00Z,EarthMJ2000Eq,80700.0,2026-06-18T04:55:00Z,1107.5612753549,-1995.922607939146,-6887.105318963965,-5.825116107428015,4.067039576878994,-2.148691226380721,7255.5233243405755,7.422241074718799
gmat_j2,2026-06-17T06:30:00Z,EarthMJ2000Eq,80760.0,2026-06-18T04:56:00Z,756.2020829842585,-1748.321849412475,-7003.041768105245,-5.883198232002513,4.183728140942923,-1.714722270056842,7257.483371339505,7.419964626450999
gmat_j2,2026-06-17T06:30:00Z,EarthMJ2000Eq,80820.0,2026-06-18T04:57:00Z,402.0180253868242,-1494.190024500961,-7092.752328815805,-5.919256248735151,4.284679063525341,-1.274770694971909,7259.570091952838,7.4176215554827065
gmat_j2,2026-06-17T06:30:00Z,EarthMJ2000Eq,80880.0,2026-06-18T04:58:00Z,46.33367990328571,-1234.482070127547,-7155.927812878474,-5.933199702758917,4.369546628308193,-0.8304974900224404,7261.7763429127635,7.415222352074924
gmat_j2,2026-06-17T06:30:00Z,EarthMJ2000Eq,80940.0,2026-06-18T04:59:00Z,-309.5234476126902,-970.1718176345839,-7192.358993629908,-5.9250213400018,4.438046840464514,-0.3835726797521438,7264.094300985048,7.4127771879563475
gmat_j2,2026-06-17T06:30:00Z,EarthMJ2000Eq,81000.0,2026-06-18T05:00:00Z,-664.2278945820885,-702.2482739194093,-7201.936961806399,-5.894796379154657,4.489957903417488,0.06433087124908432,7266.515487907318,7.410295863671821
gmat_j2,2026-06-17T06:30:00Z,EarthMJ2000Eq,81060.0,2026-06-18T05:01:00Z,-1016.461161804167,-431.7118805765806,-7184.653112841251,-5.842681526675785,4.525120481526563,0.5115435411164859,7269.03080149938,7.407787766192257
gmat_j2,2026-06-17T06:30:00Z,EarthMJ2000Eq,81120.0,2026-06-18T05:02:00Z,-1364.916563999269,-159.5707659186068,-7140.598773341963,-5.768913750285417,4.543437758584552,0.9564049092876952,7271.63055289996,7.405261837023291
gmat_j2,2026-06-17T06:30:00Z,EarthMJ2000Eq,81180.0,2026-06-18T05:03:00Z,-1708.304017187076,113.1630143462416,-7069.964470606425,-5.673808818355566,4.54487530125227,1.397269611589477,7274.304509614002,7.402726550309263
gmat_j2,2026-06-17T06:30:00Z,EarthMJ2000Eq,81240.0,2026-06-18T05:04:00Z,-2045.354687305219,385.4771872419988,-6973.038863746439,-5.557759631304147,4.529460733277947,1.83251300791979,7277.041943955227,7.400189901472531
gmat_j2,2026-06-17T06:30:00Z,EarthMJ2000Eq,81300.0,2026-06-18T05:05:00Z,-2374.825602237586,656.3630034508333,-6850.20732237905,-5.421234322994856,4.497283227870636,2.260536806395315,7279.831687128327,7.397659404809872
gmat_j2,2026-06-17T06:30:00Z,EarthMJ2000Eq,81360.0,2026-06-18T05:06:00Z,-2695.504064616736,924.8188785844623,-6701.950194069483,-5.264774182161171,4.448492823376837,2.679774447232203,7282.662186614147,7.395142099839915
gmat_j2,2026-06-17T06:30:00Z,EarthMJ2000Eq,81420.0,2026-06-18T05:07:00Z,-3006.212004505834,1189.854045642532,-6528.840729859327,-5.088991350530886,4.383299561221561,3.088696436904395,7285.521569650107,7.392644566630348
gmat_j2,2026-06-17T06:30:00Z,EarthMJ2000Eq,81480.0,2026-06-18T05:08:00Z,-3305.810138857243,1450.492110045722,-6331.542712676523,-4.894566344322731,4.301972454511188,3.485815470524284,7288.39770854496,7.390172947427972
gmat_j2,2026-06-17T06:30:00Z,EarthMJ2000Eq,81540.0,2026-06-18T05:09:00Z,-3593.202002386911,1705.774559308818,-6110.807771093175,-4.682245372107248,4.204838282205282,3.869691434608611,7291.278289325901,7.387732974546526
gmat_j2,2026-06-17T06:30:00Z,EarthMJ2000Eq,81600.0,2026-06-18T05:10:00Z,-3867.337805811812,1954.764190216835,-5867.472400453313,-4.452837465506708,4.092280212904357,4.238936239449242,7294.150883666773,7.385330004628419
gmat_j2,2026-06-17T06:30:00Z,EarthMJ2000Eq,81660.0,2026-06-18T05:11:00Z,-4127.218099509996,2196.548433079,-5602.454713938356,-4.207211436847814,3.96473626484775,4.592218456300336,7297.003020522523,7.382969055503848
gmat_j2,2026-06-17T06:30:00Z,EarthMJ2000Eq,81720.0,2026-06-18T05:12:00Z,-4371.89728502202,2430.242611150874,-5316.750888657005,-3.946292623652146,3.822697581686404,4.928267819371182,7299.822260293149,7.3806548470967
gmat_j2,2026-06-17T06:30:00Z,EarthMJ2000Eq,81780.0,2026-06-18T05:13:00Z,-4600.48689526558,2654.993063748829,-5011.431374768253,-3.671059477725001,3.666706550346722,5.245879487487455,7302.596268867418,7.378391844608943
gmat_j2,2026-06-17T06:30:00Z,EarthMJ2000Eq,81840.0,2026-06-18T05:14:00Z,-4812.15866644901,2869.980152109874,-4687.63685827345,-3.382539982542445,3.49735475352582,5.543918094837291,7305.312889919823,7.376184301369661
gmat_j2,2026-06-17T06:30:00Z,EarthMJ2000Eq,81900.0,2026-06-18T05:15:00Z,-5006.147412815552,3074.421159914646,-4346.573956924834,-3.081807875512428,3.315280741362038,5.821321604759534,7307.960218172235,7.374036303250517
gmat_j2,2026-06-17T06:30:00Z,EarthMJ2000Eq,81960.0,2026-06-18T05:16:00Z,-5181.753645827776,3267.573031698778,-3989.510723579452,-2.769978737996903,3.121167655995611,6.077104882457015,7310.526668926805,7.371951810624575
gmat_j2,2026-06-17T06:30:00Z,EarthMJ2000Eq,82020.0,2026-06-18T05:17:00Z,-5338.345965069975,3448.734974322975,-3617.771930560179,-2.448205925106886,2.915740693205957,6.31036301922814,7313.001046591372,7.369934699587759
gmat_j2,2026-06-17T06:30:00Z,EarthMJ2000Eq,82080.0,2026-06-18T05:18:00Z,-5475.363201261339,3617.250903058096,-3232.734156363336,-2.117676352742256,2.699764409078554,6.520274376392712,7315.37260890514,7.3679887990505515
gmat_j2,2026-06-17T06:30:00Z,EarthMJ2000Eq,82140.0,2026-06-18T05:19:00Z,-5592.316299234568,3772.511717139541,-2835.820710224335,-1.779606171333619,2.474039890034018,6.706103324741288,7317.631129482887,7.366117926332323
gmat_j2,2026-06-17T06:30:00Z,EarthMJ2000Eq,82200.0,2026-06-18T05:20:00Z,-5688.7899356961,3913.957398366537,-2428.496409536485,-1.435236339369872,2.23940179389988,6.867202666026275,7319.766953929407,7.3643259162429935
gmat_j2,2026-06-17T06:30:00Z,EarthMJ2000Eq,82260.0,2026-06-18T05:21:00Z,-5764.443880062997,4041.078944107016,-2012.262180022541,-1.085828072465256,1.99671524496234,7.003015744613671,7321.771053512251,7.362616647070904
gmat_j2,2026-06-17T06:30:00Z,EarthMJ2000Eq,82320.0,2026-06-18T05:22:00Z,-5819.014066511698,4153.420091394377,-1588.649592979278,-0.7326582674876164,1.74687264922982,7.113078193328099,7323.635073591031,7.360994061534413
gmat_j2,2026-06-17T06:30:00Z,EarthMJ2000Eq,82380.0,2026-06-18T05:23:00Z,-5852.313396191737,4250.578855834453,-1159.215284026727,-0.3770148573452224,1.490790400407161,7.19701933880389,7325.351375301622,7.359462180331003
gmat_j2,2026-06-17T06:30:00Z,EarthMJ2000Eq,82440.0,2026-06-18T05:24:00Z,-5864.23226170551,4332.208874777963,-725.5352806476843,-0.02019212355711612,1.229405494577241,7.254563250786351,7326.913074235095,7.358025112189431
gmat_j2,2026-06-17T06:30:00Z,EarthMJ2000Eq,82500.0,2026-06-18T05:25:00Z,-5854.738786028767,4398.020536142448,-289.1993143679863,0.3365139659738292,0.9636721016050452,7.285529416328576,7328.31407162597,7.356687056338357
gmat_j2,2026-06-17T06:30:00Z,EarthMJ2000Eq,82560.0,2026-06-18T05:26:00Z,-5823.878783418497,4447.781906952951,148.1949321151859,0.6918104308711883,0.6945580675581051,7.289833052738167,7329.54907983259,7.355452298687423
gmat_j2,2026-06-17T06:30:00Z,EarthMJ2000Eq,82620.0,2026-06-18T05:27:00Z,-5771.775442128857,4481.319447339465,585.0475583270678,1.044411889828458,0.4230414030959465,7.267485051607144,7330.613643411384,7.354325203557545
gmat_j2,2026-06-17T06:30:00Z,EarthMJ2000Eq,82680.0,2026-06-18T05:28:00Z,-5698.628732743101,4498.518513898833,1019.762165879204,1.393045110509303,0.1501067585457143,7.21859156154113,7331.504151843225,7.353310196858812
gmat_j2,2026-06-17T06:30:00Z,EarthMJ2000Eq,82740.0,2026-06-18T05:29:00Z,-5604.714539639832,4499.323653715574,1450.751583680771,1.736453508846508,-0.1232581223294982,7.143353211964126,7332.217847915244,7.352411744725926
gmat_j2,2026-06-17T06:30:00Z,EarthMJ2000Eq,82800.0,2026-06-18T05:30:00Z,-5490.383536702648,4483.738684115673,1876.443473152866,2.073401493634119,-0.3960658876308138,7.042063997039713,7332.752830654311,7.351634327110667
gmat_j2,2026-06-17T06:30:00Z,EarthMJ2000Eq,82860.0,2026-06-18T05:31:00Z,-5356.059795107765,4451.826564065526,2295.285903864676,2.40267872645817,-0.6673330549334502,6.915109819459246,7333.1080495086935,7.350982402642735
gmat_j2,2026-06-17T06:30:00Z,EarthMJ2000Eq,82920.0,2026-06-18T05:32:00Z,-5202.239145869914,4403.709060385409,2705.752815498508,2.72310422856671,-0.9360834247140271,6.762966721340622,7333.283297263238,7.350460372767339
gmat_j2,2026-06-17T06:30:00Z,EarthMJ2000Eq,82980.0,2026-06-18T05:33:00Z,-5029.487300172368,4339.566209743501,3106.349358073543,3.033530327631417,-1.201351422420162,6.586198813169449,7333.279193222267,7.350072536744462
gmat_j2,2026-06-17T06:30:00Z,EarthMJ2000Eq,83040.0,2026-06-18T05:34:00Z,-4838.437733306817,4259.635582072937,3495.617117603351,3.332846451333784,-1.462185371691131,6.385455917297875,7333.097164502227,7.349823045564443
gmat_j2,2026-06-17T06:30:00Z,EarthMJ2000Eq,83100.0,2026-06-18T05:35:00Z,-4629.789352371571,4164.211351724146,3872.139173370969,3.619982727500606,-1.71765066333767,6.16147095478706,7332.739420374586,7.349715849973496
gmat_j2,2026-06-17T06:30:00Z,EarthMJ2000Eq,83160.0,2026-06-18T05:36:00Z,-4404.303949525337,4053.643180380043,4234.545002631725,3.893913406974448,-1.966832830251627,5.915057088303119,7332.208923166294,7.349754646316838
gmat_j2,2026-06-17T06:30:00Z,EarthMJ2000Eq,83220.0,2026-06-18T05:37:00Z,-4162.803457046661,3928.334919146381,4581.51520319781,4.153660091060415,-2.208840510096112,5.647104647173788,7331.509354567933,7.349942819317811
gmat_j2,2026-06-17T06:30:00Z,EarthMJ2000Eq,83280.0,2026-06-18T05:38:00Z,-3906.167014315551,3788.743136241283,4911.786026289322,4.398294764004896,-2.442808292774628,5.358577854656724,7330.645078312914,7.350283383022646
gmat_j2,2026-06-17T06:30:00Z,EarthMJ2000Eq,83340.0,2026-06-18T05:39:00Z,-3635.327858786125,3635.375477433688,5224.15370751656,4.626942628664275,-2.667899447737168,5.050511378639889,7329.621099521567,7.350778920492573
gmat_j2,2026-06-17T06:30:00Z,EarthMJ2000Eq,83400.0,2026-06-18T05:40:00Z,-3351.270052699158,3468.788866514658,5517.478586114887,4.838784746424165,-2.88330852860258,4.724006725696666,7328.443021188784,7.351431523027803
gmat_j2,2026-06-17T06:30:00Z,EarthMJ2000Eq,83460.0,2026-06-18T05:41:00Z,-3055.025057205391,3289.587553199335,5790.689003591157,5.033060484203399,-3.08826385415511,4.38022849703203,7327.116998289869,7.352242729721469
gmat_j2,2026-06-17T06:30:00Z,EarthMJ2000Eq,83520.0,2026-06-18T05:42:00Z,-2747.66816534576,3098.421015865052,6042.784974008429,5.209069772969081,-3.282029866285762,4.020400523041114,7325.649689994111,7.353213468173024
gmat_j2,2026-06-17T06:30:00Z,EarthMJ2000Eq,83580.0,2026-06-18T05:43:00Z,-2430.314805080052,2895.981726490248,6272.84161905074,5.366175183428838,-3.463909366738976,3.645801891118622,7324.048210494783,7.3543439972246105
gmat_j2,2026-06-17T06:30:00Z,EarthMJ2000Eq,83640.0,2026-06-18T05:44:00Z,-2104.116722787158,2683.002784743913,6480.012362018071,5.50380382557903,-3.633245635778841,3.257762878461493,7322.320078906902,7.355633852540927
gmat_j2,2026-06-17T06:30:00Z,EarthMJ2000Eq,83700.0,2026-06-18T05:45:00Z,-1770.258059699834,2460.255429622196,6663.531874298604,5.621449078477774,-3.789424435598514,2.857660801944065,7320.473168908631,7.35708179606543
gmat_j2,2026-06-17T06:30:00Z,EarthMJ2000Eq,83760.0,2026-06-18T05:46:00Z,-1429.95132379813,2228.546430388736,6822.71877327704,5.718672159767353,-3.931875906057359,2.446915782991935,7318.515658250473,7.358685769931178
gmat_j2,2026-06-17T06:30:00Z,EarthMJ2000Eq,83820.0,2026-06-18T05:47:00Z,-1084.433281651892,1988.715373337042,6956.978059201615,5.795103536625683,-4.060076350347862,2.026986449499661,7316.455979141407,7.360442856059732
gmat_j2,2026-06-17T06:30:00Z,EarthMJ2000Eq,83880.0,2026-06-18T05:48:00Z,-734.960761629433,1741.631838742425,7065.803296209736,5.850444190167206,-4.173549923038541,1.599365554968074,7314.302769477389,7.362349241972603
gmat_j2,2026-06-17T06:30:00Z,EarthMJ2000Eq,83940.0,2026-06-18T05:49:00Z,-382.8063894527951,1488.192482081555,7148.778526383204,5.884466733588112,-4.271870218480955,1.165575528325895,7312.064825670486,7.364400193802742
gmat_j2,2026-06-17T06:30:00Z,EarthMJ2000Eq,84000.0,2026-06-18T05:50:00Z,-29.25426033972268,1229.318022409483,7205.579914795437,5.897016388658122,-4.354661764508209,0.727163945926815,7309.751057352924,7.3665900371629265
gmat_j2,2026-06-17T06:30:00Z,EarthMJ2000Eq,84060.0,2026-06-18T05:51:00Z,324.4044433021456,965.9501438631867,7235.977120480707,5.888011821359689,-4.421601422812913,0.2856989211502973,7307.370444378999,7.368912146595252
gmat_j2,2026-06-17T06:30:00Z,EarthMJ2000Eq,84120.0,2026-06-18T05:52:00Z,676.8758800468325,699.0483159492956,7239.834388139756,5.857445835338044,-4.472419696080532,-0.1572355948218403,7304.931996446762,7.371358944189806
gmat_j2,2026-06-17T06:30:00Z,EarthMJ2000Eq,84180.0,2026-06-18T05:53:00Z,1026.86801487714,429.5865382352421,7217.111355044332,5.805385919346421,-4.506901940240456,-0.6000446084738114,7302.444715636025,7.3739219078891365
gmat_j2,2026-06-17T06:30:00Z,EarthMJ2000Eq,84240.0,2026-06-18T05:54:00Z,1373.095112922521,158.5500152376644,7167.863567135289,5.73197464219069,-4.524889478197017,-1.041126983286338,7299.917562104999,7.376591589883642
gmat_j2,2026-06-17T06:30:00Z,EarthMJ2000Eq,84300.0,2026-06-18T05:55:00Z,1714.282252094887,-113.0682324185159,7092.242697863408,5.637429885952209,-4.52628060926215,-1.478880450104179,7297.359423135645,7.379357645385539
gmat_j2,2026-06-17T06:30:00Z,EarthMJ2000Eq,84360.0,2026-06-18T05:56:00Z,2049.169844574352,-384.2708140828926,6990.496462922957,5.522044905585599,-4.511031506283687,-1.91170673455765,7294.779085661688,7.382208871939415
gmat_j2,2026-06-17T06:30:00Z,EarthMJ2000Eq,84420.0,2026-06-18T05:57:00Z,2376.518156317791,-654.0594653795615,6862.968223712639,5.386188200448367,-4.479156990225051,-2.338016805687178,7292.185212352339,7.385133259285633
gmat_j2,2026-06-17T06:30:00Z,EarthMJ2000Eq,84480.0,2026-06-18T05:58:00Z,2695.111812722595,-921.4385869298578,6710.096272248247,5.230303181105692,-4.430731169815631,-2.75623624717564,7289.586321280515,7.388118049659532
gmat_j2,2026-06-17T06:30:00Z,EarthMJ2000Eq,84540.0,2026-06-18T05:59:00Z,3003.764279364957,-1185.418818481681,6532.41278917917,5.054907611783853,-4.365887931497178,-3.164810751748885,7286.990769133098,7.391149808280738
gmat_j2,2026-06-17T06:30:00Z,EarthMJ2000Eq,84600.0,2026-06-18T06:00:00Z,3301.322292930266,-1445.020629703136,6330.542474049311,4.860592814576671,-4.28482126578834,-3.562211718634511,7284.406737532465,7.394214503058684
gmat_j2,2026-06-17T06:30:00Z,EarthMJ2000Eq,84660.0,2026-06-18T06:01:00Z,3586.670261255108,-1699.277946420226,6105.200821382722,4.648022594953506,-4.187785405257888,-3.946941989144895,7281.842223749028,7.397297595025115
gmat_j2,2026-06-17T06:30:00Z,EarthMJ2000Eq,84720.0,2026-06-18T06:02:00Z,3858.734548087391,-1947.241742352317,5857.192077848838,4.417931907653106,-4.075094771033946,-4.317541615142396,7279.305032252577,7.400384134087503
gmat_j2,2026-06-17T06:30:00Z,EarthMJ2000Eq,84780.0,2026-06-18T06:03:00Z,4116.48772286405,-2187.983668974953,5587.406810679077,4.171125179467719,-3.947123682971946,-4.672593770833195,7276.802771562143,7.403458865874572
gmat_j2,2026-06-17T06:30:00Z,EarthMJ2000Eq,84840.0,2026-06-18T06:04:00Z,4358.952646166284,-2420.599612279345,5296.819165498861,3.9084743470739,-3.80430584858217,-5.01073063394041,7274.342851865247,7.406506342210214
gmat_j2,2026-06-17T06:30:00Z,EarthMJ2000Eq,84900.0,2026-06-18T06:05:00Z,4585.206462316232,-2644.213243006098,4986.48373985739,3.630916524496619,-3.647133581334005,-5.330639328442984,7271.932484863807,7.409511037706865
gmat_j2,2026-06-17T06:30:00Z,EarthMJ2000Eq,84960.0,2026-06-18T06:06:00Z,4794.384440383613,-2857.979511949203,4657.532095417843,3.33945130773595,-3.476156739636359,-5.631067842410486,7269.578686056106,7.412457471114968
gmat_j2,2026-06-17T06:30:00Z,EarthMJ2000Eq,85020.0,2026-06-18T06:07:00Z,4985.68361651343,-3061.088046919809,4311.168954772989,3.035137743620157,-3.291981394017813,-5.910830842852906,7267.2882777253435,7.415330328052036
gmat_j2,2026-06-17T06:30:00Z,EarthMJ2000Eq,85080.0,2026-06-18T06:08:00Z,5158.366268901961,-3252.766486470427,3948.668015266272,2.71909089080826,-3.095268172865729,-6.168815417643567,7265.067891935875,7.418114584676418
gmat_j2,2026-06-17T06:30:00Z,EarthMJ2000Eq,85140.0,2026-06-18T06:09:00Z,5311.763170705482,-3432.283701041074,3571.367426644533,2.392478005951478,-2.886730296060719,-6.403986650280378,7262.923976071412,7.420795633092563
gmat_j2,2026-06-17T06:30:00Z,EarthMJ2000Eq,85200.0,2026-06-18T06:10:00Z,5445.276585747481,-3598.952867615719,3180.664976002682,2.056514386360011,-2.667131308341542,-6.615392955774162,7260.862795025071,7.423359401008937
gmat_j2,2026-06-17T06:30:00Z,EarthMJ2000Eq,85260.0,2026-06-18T06:11:00Z,5558.383031056324,-3752.134430009443,2778.012897153376,1.712458793668184,-2.437282457633327,-6.802171192614142,7258.890435703494,7.425792471644245
gmat_j2,2026-06-17T06:30:00Z,EarthMJ2000Eq,85320.0,2026-06-18T06:12:00Z,5650.635727323542,-3891.238859699618,2364.912455252437,1.361608589400859,-2.19803979396284,-6.963551408761888,7257.012808804305,7.428082195899833
gmat_j2,2026-06-17T06:30:00Z,EarthMJ2000Eq,85380.0,2026-06-18T06:13:00Z,5721.666765462738,-4015.729255776223,1942.908204067678,1.00529449711506,-1.950300927657461,-7.098861242106646,7255.235648835355,7.430216798252611
gmat_j2,2026-06-17T06:30:00Z,EarthMJ2000Eq,85440.0,2026-06-18T06:14:00Z,5771.188945377958,-4125.123736577311,1513.582000517926,0.6448750710493777,-1.695001492310491,-7.207529884440904,7253.5645139212875,7.43218547611027
gmat_j2,2026-06-17T06:30:00Z,EarthMJ2000Eq,85500.0,2026-06-18T06:15:00Z,5798.997269095474,-4218.997600852681,1078.546828165486,0.2817309249750753,-1.43311134435285,-7.2890915555504,7252.0047809914795,7.433978486960821
gmat_j2,2026-06-17T06:30:00Z,EarthMJ2000Eq,85560.0,2026-06-18T06:16:00Z,5804.970088084659,-4296.985266168822,639.440382950378,-0.08274130502559404,-1.165630476189437,-7.34318846869964,7250.561640630144,7.435587227477216
gmat_j2,2026-06-17T06:30:00Z,EarthMJ2000Eq,85620.0,2026-06-18T06:17:00Z,5789.069877754586,-4358.781945897644,197.9185299246172,-0.4471351559273476,-0.8935847136128872,-7.369573220517513,7249.240087477878,7.437004298818017
gmat_j2,2026-06-17T06:30:00Z,EarthMJ2000Eq,85680.0,2026-06-18T06:18:00Z,5751.343637817121,-4404.145065697925,-244.3513801799991,-0.8100406826681764,-0.6180212009595978,-7.368110586836684,7248.044908592022,7.438223560250653
gmat_j2,2026-06-17T06:30:00Z,EarthMJ2000Eq,85740.0,2026-06-18T06:19:00Z,5691.922908572388,-4432.895402736675,-685.697279298022,-1.170050886202209,-0.3400037189042296,-7.33877869163403,7246.9806683591905,7.439240168858173
gmat_j2,2026-06-17T06:30:00Z,EarthMJ2000Eq,85800.0,2026-06-18T06:20:00Z,5611.023400323745,-4444.917939998884,-1124.44920200181,-1.525768175826077,-0.06060786908831624,-7.281669531749864,7246.051690416449,7.4400506053234166
gmat_j2,2026-06-17T06:30:00Z,EarthMJ2000Eq,85860.0,2026-06-18T06:21:00Z,5508.944235384688,-4440.162428648031,-1558.946117248175,-1.875810810962549,0.219083834616309,-7.196988846646655,7245.262036520068,7.4406526853408845
gmat_j2,2026-06-17T06:30:00Z,EarthMJ2000Eq,85920.0,2026-06-18T06:22:00Z,5386.066805549409,-4418.643654078975,-1987.542732601151,-2.218819268306876,0.4979869274593688,-7.085055331450054,7244.615482514531,7.441045556575978
gmat_j2,2026-06-17T06:30:00Z,EarthMJ2000Eq,85980.0,2026-06-18T06:23:00Z,5242.85325110699,-4380.441403748034,-2408.616231686793,-2.553462481199928,0.7750199663087949,-6.946299200206044,7244.115491615126,7.441229681299732
gmat_j2,2026-06-17T06:30:00Z,EarthMJ2000Eq,86040.0,2026-06-18T06:24:00Z,5079.844570602123,-4325.700137349501,-2820.5729063259,-2.878443900213486,1.049109472012687,-6.781260114801685,7243.765185291492,7.44120680505139
gmat_j2,2026-06-17T06:30:00Z,EarthMJ2000Eq,86100.0,2026-06-18T06:25:00Z,4897.658373575287,-4254.628362386042,-3221.854645867194,-3.192507326971209,1.319194801293657,-6.59058450315205,7243.567312130666,7.440979911927798
gmat_j2,2026-06-17T06:30:00Z,EarthMJ2000Eq,86160.0,2026-06-18T06:26:00Z,4696.986290967363,-4167.49772040436,-3610.945248422742,-3.494442477652943,1.584232910016818,-6.375022297357138,7243.52421506394,7.440553167245449
gmat_j2,2026-06-17T06:30:00Z,EarthMJ2000Eq,86220.0,2026-06-18T06:27:00Z,4478.591061396857,-4064.641791874035,-3986.376518916828,-3.783090235982799,1.843202970929792,-6.135423130253665,7243.637797546495,7.439931848672035
gmat_j2,2026-06-17T06:30:00Z,EarthMJ2000Eq,86280.0,2026-06-18T06:28:00Z,4243.303311668703,-3946.45462883339,-4346.734125034608,-4.057347563820418,2.09511081472257,-5.872732032176049,7243.9094890811175,7.439122266864121
gmat_j2,2026-06-17T06:30:00Z,EarthMJ2000Eq,86340.0,2026-06-18T06:29:00Z,3992.018053989657,-3813.389027284811,-4690.663180589585,-4.316172039959605,2.338993163989857,-5.587984676639819,7244.340210849735,7.438131677113667
gmat_j2,2026-06-17T06:30:00Z,EarthMJ2000Eq,86400.0,2026-06-18T06:30:00Z,3725.690922780289,-3665.954552496556,-5016.873530982176,-4.558586005616194,2.573921635303651,-5.28230222578808,7244.9303418961335,7.436968183329127
gmat_j2,2026-06-17T06:30:00Z,EarthMJ2000Eq,86460.0,2026-06-18T06:31:00Z,3445.334174618297,-3504.715331497935,-5324.14471926363,-4.783680301800635,2.79900648945669,-4.95688582789704,7245.6796866334225,7.435640636062409
gmat_j2,2026-06-17T06:30:00Z,EarthMJ2000Eq,86520.0,2026-06-18T06:32:00Z,3152.012476598774,-3330.287628611302,-5611.330612701204,-4.99061758847744,3.013400113201801,-4.613010821082639,7246.587444235631,7.434158526160882
gmat_j2,2026-06-17T06:30:00Z,EarthMJ2000Eq,86580.0,2026-06-18T06:33:00Z,2846.838508156796,-3143.337220415133,-5877.363674137056,-5.178635242149108,3.216300221114226,-4.252020696215467,7247.65218059182,7.432531875788548
gmat_j2,2026-06-17T06:30:00Z,EarthMJ2000Eq,86640.0,2026-06-18T06:34:00Z,2530.968401656907,-2944.576587186826,-6121.258865186673,-5.347047833575699,3.406952770278873,-3.87532087071015,7248.871803434033,7.430771128518166
gmat_j2,2026-06-17T06:30:00Z,EarthMJ2000Eq,86700.0,2026-06-18T06:35:00Z,2205.597046761333,-2734.761938168104,-6342.117171426167,-5.495249192216992,3.584654584638294,-3.484372322260854,7250.243541235972,7.428887040187603
gmat_j2,2026-06-17T06:30:00Z,EarthMJ2000Eq,86760.0,2026-06-18T06:36:00Z,1871.953283063004,-2514.690088069115,-6539.128742556658,-5.622714068111043,3.748755689535678,-3.080685128205338,7251.763926434315,7.426890572151006
gmat_j2,2026-06-17T06:30:00Z,EarthMJ2000Eq,86820.0,2026-06-18T06:37:00Z,1531.295004863893,-2285.195202196525,-6711.575643113846,-5.72899940526269,3.898661360181584,-2.665811952337975,7253.428783499716,7.424792788495931
gmat_j2,2026-06-17T06:30:00Z,EarthMJ2000Eq,86880.0,2026-06-18T06:38:00Z,1184.90419986074,-2047.145426437644,-6858.834212018934,-5.813745243366323,4.033833890860123,-2.241341515012562,7255.23322215031,7.422604758488428
gmat_j2,2026-06-17T06:30:00Z,EarthMJ2000Eq,86940.0,2026-06-18T06:39:00Z,834.0819496061141,-1801.439422945549,-6980.377029182933,-5.876675265427676,4.153794091568289,-1.808892086470065,7257.171636577565,7.420337466108337
gmat_j2,2026-06-17T06:30:00Z,EarthMJ2000Eq,87000.0,2026-06-18T06:40:00Z,480.143388775758,-1549.002810778931,-7075.774498113275,-5.91759701403807,4.258122529660063,-1.370105001760032,7259.237709962132,7.418001726475854
gmat_j2,2026-06-17T06:30:00Z,EarthMJ2000Eq,87060.0,2026-06-18T06:41:00Z,124.4127001540301,-1290.784567522906,-7144.696030759608,-5.936401787935653,4.34646050967989,-0.9266382911542045,7261.42442580428,7.415608112127122
gmat_j2,2026-06-17T06:30:00Z,EarthMJ2000Eq,87120.0,2026-06-18T06:42:00Z,-231.7819216898224,-1027.753346185283,-7186.910865207863,-5.933064250445813,4.418510829928969,-0.4801603389833686,7263.724085086114,7.41316688772419
gmat_j2,2026-06-17T06:30:00Z,EarthMJ2000Eq,87180.0,2026-06-18T06:43:00Z,-587.1132560821407,-760.893766467913,-7202.288498010774,-5.907641755276008,4.474038304240318,-0.03234366501382511,7266.128329990834,7.410687955187204
gmat_j2,2026-06-17T06:30:00Z,EarthMJ2000Eq,87240.0,2026-06-18T06:44:00Z,-940.2599618241619,-491.2027055475276,-7190.798747910623,-5.86027341648572,4.512870064538729,0.4151411428772789,7268.628173644583,7.408180809341013
gmat_j2,2026-06-17T06:30:00Z,EarthMJ2000Eq,87300.0,2026-06-18T06:45:00Z,-1289.911487439302,-219.6855255846551,-7152.511459920859,-5.791178928582839,4.534895668458007,0.8606314627742403,7271.214036175699,7.40565450324129
gmat_j2,2026-06-17T06:30:00Z,EarthMJ2000Eq,87360.0,2026-06-18T06:46:00Z,-1634.772838529667,52.64764992169504,-7087.595851190243,-5.700657159152886,4.540067000003364,1.302478465687001,7273.875786569754,7.403117624642943
gmat_j2,2026-06-17T06:30:00Z,EarthMJ2000Eq,87420.0,2026-06-18T06:47:00Z,-1973.569278865392,324.7856665515808,-6996.319513553549,-5.589084521256638,4.528397986973362,1.739052844311552,7276.6027899981445,7.4005782820995165
gmat_j2,2026-06-17T06:30:00Z,EarthMJ2000Eq,87480.0,2026-06-18T06:48:00Z,-2305.05095661091,595.7200708535698,-6879.047065541783,-5.456913121565512,4.499964132655585,2.168750446793678,7279.38396056491,7.398044100434138
gmat_j2,2026-06-17T06:30:00Z,EarthMJ2000Eq,87540.0,2026-06-18T06:49:00Z,-2627.997346062491,864.448754326618,-6736.238491378372,-5.304668725930314,4.454901871887145,2.589997686460273,7282.207818546233,7.395522226041667
gmat_j2,2026-06-17T06:30:00Z,EarthMJ2000Eq,87600.0,2026-06-18T06:50:00Z,-2941.22163845983,1129.979616621278,-6568.447132003308,-5.132948496488345,4.393407747456589,3.001256911580385,7285.062551992699,7.393019339371606
gmat_j2,2026-06-17T06:30:00Z,EarthMJ2000Eq,87660.0,2026-06-18T06:51:00Z,-3243.574929515337,1391.334123289903,-6376.317382975499,-4.942418557589978,4.315737419095697,3.4010315483304,7287.936081940265,7.390541675799634
gmat_j2,2026-06-17T06:30:00Z,EarthMJ2000Eq,87720.0,2026-06-18T06:52:00Z,-3533.950277988326,1647.550817384859,-6160.582081749882,-4.733811362714902,4.222204501475693,3.787871121688949,7290.816130525923,7.388095052486494
gmat_j2,2026-06-17T06:30:00Z,EarthMJ2000Eq,87780.0,2026-06-18T06:53:00Z,-3811.286624902483,1897.688778210533,-5922.059577301382,-4.507922851479115,4.113179222113166,4.160376149160287,7293.690291835386,7.385684900577119
gmat_j2,2026-06-17T06:30:00Z,EarthMJ2000Eq,87840.0,2026-06-18T06:54:00Z,-4074.572486557453,2140.830950138376,-5661.650549479657,-4.26560945473272,3.98908692472276,4.51720279686334,7296.546104130684,7.383316302400246
gmat_j2,2026-06-17T06:30:00Z,EarthMJ2000Eq,87900.0,2026-06-18T06:55:00Z,-4322.849499545475,2376.087409437047,-5380.334526444445,-4.007784889970076,3.850406392118308,4.857067405113349,7299.371122874627,7.38099403106062
gmat_j2,2026-06-17T06:30:00Z,EarthMJ2000Eq,87960.0,2026-06-18T06:56:00Z,-4555.215766967672,2602.598525241914,-5079.166132350239,-3.735416772249057,3.697667996836965,5.178750817995168,7302.15299533199,7.378722593519658
gmat_j2,2026-06-17T06:30:00Z,EarthMJ2000Eq,88020.0,2026-06-18T06:57:00Z,-4770.828969660546,2819.537979457882,-4759.271111888885,-3.449523076530062,3.531451698332577,5.481102466740935,7304.879533012013,7.376506273574437
gmat_j2,2026-06-17T06:30:00Z,EarthMJ2000Eq,88080.0,2026-06-18T06:58:00Z,-4968.909288345841,3026.115688493858,-4421.842083431869,-3.151168401278374,3.352384858873758,5.763044267692313,7307.538784486013,7.374349175798672
gmat_j2,2026-06-17T06:30:00Z,EarthMJ2000Eq,88140.0,2026-06-18T06:59:00Z,-5148.742080675214,3221.580573404704,-4068.13408638943,-2.841460088600884,3.161139906691372,6.02357425487707,7310.1191063551,7.372255268830992
gmat_j2,2026-06-17T06:30:00Z,EarthMJ2000Eq,88200.0,2026-06-18T07:00:00Z,-5309.680323867744,3405.223187880182,-3699.459914973267,-2.521544189737824,2.958431839587058,6.261769957291341,7312.609230872326,7.370228425789763
gmat_j2,2026-06-17T06:30:00Z,EarthMJ2000Eq,88260.0,2026-06-18T07:01:00Z,-5451.146821900165,3576.378204196042,-3317.185233093592,-2.192601269252204,2.745015563001254,6.476791515167597,7314.998332468365,7.368272463609936
gmat_j2,2026-06-17T06:30:00Z,EarthMJ2000Eq,88320.0,2026-06-18T07:02:00Z,-5572.636135590369,3734.426710471635,-2922.723560689416,-1.855842125267695,2.521683110057242,6.667884468694265,7317.276089350502,7.366391178136026
gmat_j2,2026-06-17T06:30:00Z,EarthMJ2000Eq,88380.0,2026-06-18T07:03:00Z,-5673.716270256748,3878.798357295046,-2517.53106123643,-1.512503364292873,2.289260704494942,6.83438226412238,7319.432741423418,7.364588374939395
gmat_j2,2026-06-17T06:30:00Z,EarthMJ2000Eq,88440.0,2026-06-18T07:04:00Z,-5754.030092894826,4008.973323186346,-2103.101185945418,-1.163842880297542,2.048605696451848,6.97570843124533,7321.459145162529,7.362867896906844
gmat_j2,2026-06-17T06:30:00Z,EarthMJ2000Eq,88500.0,2026-06-18T07:05:00Z,-5813.296465796359,4124.484078914452,-1680.95923503213,-0.8111352911008031,1.800603406762649,7.091378405074242,7323.346821385631,7.361233644768229
gmat_j2,2026-06-17T06:30:00Z,EarthMJ2000Eq,88560.0,2026-06-18T07:06:00Z,-5851.311114952471,4224.916973165978,-1252.656784785873,-0.4556672910380221,1.546163852660831,7.181001015600407,7325.088000466778,7.359689594368162
gmat_j2,2026-06-17T06:30:00Z,EarthMJ2000Eq,88620.0,2026-06-18T07:07:00Z,-5867.947213028905,4309.913611579801,-819.7660563122058,-0.09873298808404274,1.286218400538794,7.244279609645524,7326.6756596191835,7.358239805792312
gmat_j2,2026-06-17T06:30:00Z,EarthMJ2000Eq,88680.0,2026-06-18T07:08:00Z,-5863.155685241929,4379.172039101972,-383.874204299124,0.25837078894149,1.02171633661996,7.281012815307752,7328.103557003242,7.356888428797196
gmat_j2,2026-06-17T06:30:00Z,EarthMJ2000Eq,88740.0,2026-06-18T07:09:00Z,-5836.965231207038,4432.447707381201,53.42239615275581,0.6143491437033738,0.7536214052578747,7.291094931851882,7329.366257828805,7.355639700128611
gmat_j2,2026-06-17T06:30:00Z,EarthMJ2000Eq,88800.0,2026-06-18T07:10:00Z,-5789.482070340217,4469.554239232238,490.5239020823128,0.9679137530264158,0.4829082968265595,7.274515958763207,7330.459156065449,7.354497936007745
gmat_j2,2026-06-17T06:30:00Z,EarthMJ2000Eq,88860.0,2026-06-18T07:11:00Z,-5720.889409726288,4490.363979151268,925.8327335252967,1.317787440083193,0.2105591258483252,7.231361258542602,7331.3784893459515,7.353467517727258
gmat_j2,2026-06-17T06:30:00Z,EarthMJ2000Eq,88920.0,2026-06-18T07:12:00Z,-5631.446640011918,4494.808333124965,1357.759276754627,1.662708671555903,-0.06244009255921425,7.161810862927186,7332.121348180512,7.352552871484015
gmat_j2,2026-06-17T06:30:00Z,EarthMJ2000Eq,88980.0,2026-06-18T07:13:00Z,-5521.488264324166,4482.877897348867,1784.727534824321,2.001435955000955,-0.3351029485013683,7.066138430955093,7332.685679147075,7.351758442269809
gmat_j2,2026-06-17T06:30:00Z,EarthMJ2000Eq,89040.0,2026-06-18T07:14:00Z,-5391.422566811942,4454.62237754655,2205.180705518841,2.332752117803179,-0.6064461092641142,6.944709871001709,7333.070282252866,7.3510886621605485
gmat_j2,2026-06-17T06:30:00Z,EarthMJ2000Eq,89100.0,2026-06-18T07:15:00Z,-5241.730028445314,4410.150301381418,2617.586666895989,2.655468450198414,-0.8754927417188372,6.797981641274674,7333.274802609785,7.350547913312928
gmat_j2,2026-06-17T06:30:00Z,EarthMJ2000Eq,89160.0,2026-06-18T07:16:00Z,-5072.961498708585,4349.628527379611,3020.443351620006,2.968428696834819,-1.141275870620718,6.626498745469782,7333.299716629594,7.350140486056449
gmat_j2,2026-06-17T06:30:00Z,EarthMJ2000Eq,89220.0,2026-06-18T07:17:00Z,-4885.736132622097,4273.281554581063,3412.283992438863,3.270512883552616,-1.402841659628708,6.430892442043771,7333.146312967332,7.349870532506622
gmat_j2,2026-06-17T06:30:00Z,EarthMJ2000Eq,89280.0,2026-06-18T07:18:00Z,-4680.739103851462,4181.390638185964,3791.682221444562,3.560640967694889,-1.659252602766005,6.211877687633717,7332.816668637788,7.349742016338708
gmat_j2,2026-06-17T06:30:00Z,EarthMJ2000Eq,89340.0,2026-06-18T07:19:00Z,-4458.719101931904,4074.292715423877,4157.257011913126,3.837776306344195,-1.909590619097857,5.970250332461803,7332.3136201331,7.349758658782185
gmat_j2,2026-06-17T06:30:00Z,EarthMJ2000Eq,89400.0,2026-06-18T07:20:00Z,-4220.485634745231,3952.379152893192,4507.677434104153,4.1009289252515,-2.152960032169924,5.706884100071955,7331.640731190213,7.349923882717401
gmat_j2,2026-06-17T06:30:00Z,EarthMJ2000Eq,89460.0,2026-06-18T07:21:00Z,-3966.906126865418,3816.094311314528,4841.667243180673,4.349158607781612,-2.388490449133508,5.422727349716828,7330.8022552718085,7.350240753241336
gmat_j2,2026-06-17T06:30:00Z,EarthMJ2000Eq,89520.0,2026-06-18T07:22:00Z,-3698.902848066437,3665.933945973903,5158.009253050055,4.581577776077428,-2.615339510842643,5.118799667235814,7329.803096279447,7.350711918482094
gmat_j2,2026-06-17T06:30:00Z,EarthMJ2000Eq,89580.0,2026-06-18T07:23:00Z,-3417.449686557968,3502.443452683588,5455.549488807183,4.797354167627685,-2.832695511343971,4.796188308357148,7328.648765238077,7.351339548603697
gmat_j2,2026-06-17T06:30:00Z,EarthMJ2000Eq,89640.0,2026-06-18T07:24:00Z,-3123.568734655237,3326.215941536052,5733.201158009227,4.995713345681077,-3.039779921115422,4.456044463130361,7327.345334296905,7.352125274941066
gmat_j2,2026-06-17T06:30:00Z,EarthMJ2000Eq,89700.0,2026-06-18T07:25:00Z,-2818.326756046914,3137.890177969054,5989.948363630397,5.175940996695541,-3.235849764828626,4.099579423899301,7325.899389959095,7.353070131222307
gmat_j2,2026-06-17T06:30:00Z,EarthMJ2000Eq,89760.0,2026-06-18T07:26:00Z,-2502.831528848981,2938.148390437148,6224.849580734655,5.337385042325735,-3.420199875040003,3.728060653454644,7324.317983867259,7.354174495557119
gmat_j2,2026-06-17T06:30:00Z,EarthMJ2000Eq,89820.0,2026-06-18T07:27:00Z,-2178.228025089882,2727.713919784258,6437.040926136772,5.479457596463861,-3.592165052719878,3.342807706742733,7322.60858179867,7.355438034657497
gmat_j2,2026-06-17T06:30:00Z,EarthMJ2000Eq,89880.0,2026-06-18T07:28:00Z,-1845.694530427535,2507.348776087454,6625.739143996741,5.601636724856627,-3.75112208243198,2.945188125976907,7320.779015165534,7.35685965422521
gmat_j2,2026-06-17T06:30:00Z,EarthMJ2000Eq,89940.0,2026-06-18T07:29:00Z,-1506.438622447633,2277.851051114974,6790.244367073469,5.703468058427116,-3.896491657757253,2.536613208239253,7318.837428092012,7.358437449668515
gmat_j2,2026-06-17T06:30:00Z,EarthMJ2000Eq,90000.0,2026-06-18T07:30:00Z,-1161.693072229159,2040.052228821924,6929.942614194126,5.784566243971082,-4.027740192882947,2.118533715734185,7316.792229277133,7.360168666338901
gmat_j2,2026-06-17T06:30:00Z,EarthMJ2000Eq,90060.0,2026-06-18T07:31:00Z,-812.7116829943035,1794.814403642703,7044.30801962643,5.844616238838774,-4.144381524077753,1.692435536464004,7314.652042207612,7.362049663069459
gmat_j2,2026-06-17T06:30:00Z,EarthMJ2000Eq,90120.0,2026-06-18T07:32:00Z,-460.7650097440912,1543.027367982477,7132.904817596293,5.883374470864976,-4.245978530405706,1.259835216078131,7312.425657019414,7.364075883419628
gmat_j2,2026-06-17T06:30:00Z,EarthMJ2000Eq,90180.0,2026-06-18T07:33:00Z,-107.1360528552697,1285.605632708624,7195.389042216584,5.90066984619852,-4.332144643963897,0.8222754602193505,7310.121985680133,7.366241835735539
gmat_j2,2026-06-17T06:30:00Z,EarthMJ2000Eq,90240.0,2026-06-18T07:34:00Z,246.8841115682341,1023.485355115421,7231.509958661168,5.896404618881713,-4.402545270168245,0.3813205473736452,7307.750017542761,7.368541079840685
gmat_j2,2026-06-17T06:30:00Z,EarthMJ2000Eq,90300.0,2026-06-18T07:35:00Z,600.0007662464234,757.6211721517379,7241.111219803898,5.870555119810397,-4.456899119498451,-0.06144836686695363,7305.318778640585,7.3709662241736496
gmat_j2,2026-06-17T06:30:00Z,EarthMJ2000Eq,90360.0,2026-06-18T07:36:00Z,950.9200102065183,488.9829684906124,7224.131735023446,5.82317233859988,-4.494979440161829,-0.5044380202845109,7302.837293426297,7.373508931900801
gmat_j2,2026-06-17T06:30:00Z,EarthMJ2000Eq,90420.0,2026-06-18T07:37:00Z,1298.353252580477,218.5525692601587,7180.606250859936,5.754382354858358,-4.51661515488756,-0.9460479242301417,7300.314549655056,7.376159937135676
gmat_j2,2026-06-17T06:30:00Z,EarthMJ2000Eq,90480.0,2026-06-18T07:38:00Z,1641.021727233496,-52.67963216657724,7110.665635516706,5.664386609469823,-4.521691894708581,-1.384675353262468,7297.759466645623,7.378909071546203
gmat_j2,2026-06-17T06:30:00Z,EarthMJ2000Eq,90540.0,2026-06-18T07:39:00Z,1977.661018260262,-323.7181048920717,7014.536860491663,5.553462004584945,-4.510152922235186,-1.818720450464528,7295.180866968095,7.381745301434689
gmat_j2,2026-06-17T06:30:00Z,EarthMJ2000Eq,90600.0,2026-06-18T07:40:00Z,2307.025586080787,-593.5656631192957,6892.542672296579,5.421960818404221,-4.481999934752876,-2.246591453514221,7292.587451700179,7.384656775398468
gmat_j2,2026-06-17T06:30:00Z,EarthMJ2000Eq,90660.0,2026-06-18T07:41:00Z,2627.893282452879,-861.2269930540352,6745.100946931171,5.270310418475476,-4.437293735174815,-2.666710043501581,7289.987779263944,7.3876308824565005
gmat_j2,2026-06-17T06:30:00Z,EarthMJ2000Eq,90720.0,2026-06-18T07:42:00Z,2939.06984178639,-1125.712215755911,6572.723719762523,5.099012755235769,-4.376154756867667,-3.077516815463879,7287.390247813633,7.390654320395151
gmat_j2,2026-06-17T06:30:00Z,EarthMJ2000Eq,90780.0,2026-06-18T07:43:00Z,3239.393334986396,-1386.040476705875,6376.01588363001,4.908643615975507,-4.29876342655812,-3.477476865792026,7284.803081080744,7.393713173926178
gmat_j2,2026-06-17T06:30:00Z,EarthMJ2000Eq,90840.0,2026-06-18T07:44:00Z,3527.738570803094,-1641.24355183843,6155.673548445148,4.699851618423239,-4.205360348050441,-3.865085487250191,7282.234317529914,7.39679300209912
gmat_j2,2026-06-17T06:30:00Z,EarthMJ2000Eq,90900.0,2026-06-18T07:45:00Z,3803.021428645976,-1890.369458943283,5912.482055991817,4.473356922533369,-4.096246288267468,-4.238873957840191,7279.691802574559,7.399878934210883
gmat_j2,2026-06-17T06:30:00Z,EarthMJ2000Eq,90960.0,2026-06-18T07:46:00Z,4064.203103298341,-2132.48606010994,5647.313647021245,4.229949641565454,-3.971781947640394,-4.597415401443615,7277.183183708891,7.402955773420019
gmat_j2,2026-06-17T06:30:00Z,EarthMJ2000Eq,91020.0,2026-06-18T07:47:00Z,4310.294253752052,-2366.684651913999,5361.124765176975,3.970487921940685,-3.832387490178771,-4.939330710702198,7274.715908083774,7.406008107127718
gmat_j2,2026-06-17T06:30:00Z,EarthMJ2000Eq,91080.0,2026-06-18T07:48:00Z,4540.359003702786,-2592.083498116142,5054.953030710679,3.695895705918994,-3.678541831362834,-5.263294457109565,7272.297222088908,7.409020422185173
gmat_j2,2026-06-17T06:30:00Z,EarthMJ2000Eq,91140.0,2026-06-18T07:49:00Z,4753.518830420931,-2807.831343117555,4729.913821594554,3.407160104971424,-3.510781636630014,-5.568040832391944,7269.93417317316,7.411977225558061
gmat_j2,2026-06-17T06:30:00Z,EarthMJ2000Eq,91200.0,2026-06-18T07:50:00Z,4948.956257010273,-3013.110830033768,4387.19653256508,3.105328434339527,-3.329700047399002,-5.852369493435464,7267.633612340332,7.414863166536559
gmat_j2,2026-06-17T06:30:00Z,EarthMJ2000Eq,91260.0,2026-06-18T07:51:00Z,5125.918368981316,-3207.141846246293,4028.060470241554,2.791504858492265,-3.135945099037426,-6.115151325473553,7265.402198042912,7.417663161171699
gmat_j2,2026-06-17T06:30:00Z,EarthMJ2000Eq,91320.0,2026-06-18T07:52:00Z,5283.720114943781,-3389.184761661512,3653.83041033506,2.466846661382017,-2.930217829149248,-6.355334050559075,7263.246400145695,7.4203625161599325
gmat_j2,2026-06-17T06:30:00Z,EarthMJ2000Eq,91380.0,2026-06-18T07:53:00Z,5421.747372026238,-3558.543543519798,3265.891825873101,2.132560142167465,-2.713270068785367,-6.57194763380252,7261.172504183094,7.42294705137861
gmat_j2,2026-06-17T06:30:00Z,EarthMJ2000Eq,91440.0,2026-06-18T07:54:00Z,5539.459754890702,-3714.568730427579,2865.685794496162,1.789896139643314,-2.485901910425101,-6.76410943564697,7259.186614346074,7.4254032184369345
gmat_j2,2026-06-17T06:30:00Z,EarthMJ2000Eq,91500.0,2026-06-18T07:55:00Z,5636.393146984015,-3856.660246800148,2454.703600756842,1.440145198547721,-2.248958853661132,-6.931029055855902,7257.294656701322,7.4277182156756325
gmat_j2,2026-06-17T06:30:00Z,EarthMJ2000Eq,91560.0,2026-06-18T07:56:00Z,5712.16192349534,-3984.270025226207,2034.48108963903,1.084632428687895,-2.003328655328845,-7.072012798193472,7255.5023794527715,7.429880094889509
gmat_j2,2026-06-17T06:30:00Z,EarthMJ2000Eq,91620.0,2026-06-18T07:57:00Z,5766.460869833955,-4096.904449769938,1606.592710869844,0.7247120114901187,-1.749937847239114,-7.186467740839118,7253.8153527982095,7.4318778622175445
gmat_j2,2026-06-17T06:30:00Z,EarthMJ2000Eq,91680.0,2026-06-18T07:58:00Z,5799.066750824966,-4194.126565332647,1172.64537956223,0.3617614707252503,-1.489747993951915,-7.273905316790543,7252.238965503088,7.433701568183833
gmat_j2,2026-06-17T06:30:00Z,EarthMJ2000Eq,91740.0,2026-06-18T07:59:00Z,5809.839534033827,-4275.558061794125,734.2721166567715,-0.002824311398105756,-1.223751673754125,-7.333944388577284,7250.778419748788,7.435342388249188
gmat_j2,2026-06-17T06:30:00Z,EarthMJ2000Eq,91800.0,2026-06-18T08:00:00Z,5798.723246762803,-4340.881008214009,293.1255245802018,-0.3676392701796205,-0.9529682213181557,-7.36631376377025,7249.4387226309345,7.436792691082058
gmat_j2,2026-06-17T06:30:00Z,EarthMJ2000Eq,91860.0,2026-06-18T08:01:00Z,5765.746457265824,-4389.839326084645,-149.1288786382688,-0.7312724889565944,-0.6784392548834153,-7.370854118144478,7248.224675101938,7.438046094683666
gmat_j2,2026-06-17T06:30:00Z,EarthMJ2000Eq,91920.0,2026-06-18T08:02:00Z,5711.022375326594,-4422.239985692189,-590.8193931945543,-1.092314603395411,-0.4012240443058733,-7.347519297403204,7247.140858153003,7.4390975092569205
gmat_j2,2026-06-17T06:30:00Z,EarthMJ2000Eq,91980.0,2026-06-18T08:03:00Z,5634.748563375156,-4437.953923722253,-1030.274967886802,-1.449364281598215,-0.1223947152070233,-7.296376978134228,7246.191614289142,7.439943164711038
gmat_j2,2026-06-17T06:30:00Z,EarthMJ2000Eq,92040.0,2026-06-18T08:04:00Z,5537.206260773448,-4436.916668891566,-1465.832035830178,-1.801034682969658,0.1569686394705143,-7.217608674956044,7245.381029200779,7.44058062706383
gmat_j2,2026-06-17T06:30:00Z,EarthMJ2000Eq,92100.0,2026-06-18T08:05:00Z,5418.759325205504,-4419.128670514698,-1895.841307004902,-2.145959834110788,0.4357828941460117,-7.111509091550242,7244.712906141462,7.4410087958319755
gmat_j2,2026-06-17T06:30:00Z,EarthMJ2000Eq,92160.0,2026-06-18T08:06:00Z,5279.852784070466,-4384.65533143231,-2318.674558113951,-2.48280093320692,0.7129668806064011,-6.978484813148225,7244.190741784714,7.441227891558973
gmat_j2,2026-06-17T06:30:00Z,EarthMJ2000Eq,92220.0,2026-06-18T08:07:00Z,5121.011030298619,-4333.62674354105,-2732.731253112603,-2.810252427780268,0.9874463103457545,-6.819052373756238,7243.8176969408,7.4412394263113795
gmat_j2,2026-06-17T06:30:00Z,EarthMJ2000Eq,92280.0,2026-06-18T08:08:00Z,4942.835643645746,-4266.237127042661,-3136.445086674053,-3.127047921878328,1.258158672255085,-6.633835694725862,7243.5965656553435,7.441046161321217
gmat_j2,2026-06-17T06:30:00Z,EarthMJ2000Eq,92340.0,2026-06-18T08:09:00Z,4746.002865456601,-4182.743977243018,-3528.290346523454,-3.431965812825169,1.524058023432757,-6.423562934414885,7243.529743671631,7.440652052849887
gmat_j2,2026-06-17T06:30:00Z,EarthMJ2000Eq,92400.0,2026-06-18T08:10:00Z,4531.260763719416,-4083.466935999759,-3906.788029973707,-3.723834594052566,1.784119615309425,-6.189062807438098,7243.619194668654,7.440062185224532
gmat_j2,2026-06-17T06:30:00Z,EarthMJ2000Eq,92460.0,2026-06-18T08:11:00Z,4299.426064629476,-3968.786380038631,-4270.511775608538,-4.001537861649974,2.037344384099292,-5.93126037047028,7243.866415196144,7.43928269256858
gmat_j2,2026-06-17T06:30:00Z,EarthMJ2000Eq,92520.0,2026-06-18T08:12:00Z,4051.380706216999,-3839.141750783558,-4618.09350577446,-4.264018936614805,2.282763225132586,-5.651172357509502,7244.27240220804,7.438320673922769
gmat_j2,2026-06-17T06:30:00Z,EarthMJ2000Eq,92580.0,2026-06-18T08:13:00Z,3788.068135548476,-3695.029638793414,-4948.228760621492,-4.510285085402139,2.519441029646118,-5.349902114169415,7244.837617128573,7.437184096461486
gmat_j2,2026-06-17T06:30:00Z,EarthMJ2000Eq,92640.0,2026-06-18T08:14:00Z,3510.489341121098,-3537.001621597403,-5259.681754237208,-4.739411363123618,2.746480499646372,-5.02863414802574,7245.561954821951,7.43588169610932
gmat_j2,2026-06-17T06:30:00Z,EarthMJ2000Eq,92700.0,2026-06-18T08:15:00Z,3219.698695502222,-3365.661895456316,-5551.290055312717,-4.950544009488707,2.963025669645812,-4.688628404740733,7246.444711895564,7.434422871118253
gmat_j2,2026-06-17T06:30:00Z,EarthMJ2000Eq,92760.0,2026-06-18T08:16:00Z,2916.799576757557,-3181.664687071701,-5821.968951000194,-5.142903449308814,3.168265176353083,-4.331214259018607,7247.484557992685,7.432817573042556
gmat_j2,2026-06-17T06:30:00Z,EarthMJ2000Eq,92820.0,2026-06-18T08:17:00Z,2602.939853024654,-2985.71149583978,-6070.715414558483,-5.315786849824824,3.361435220117527,-3.957784340825489,7248.679511429084,7.431076197987782
gmat_j2,2026-06-17T06:30:00Z,EarthMJ2000Eq,92880.0,2026-06-18T08:18:00Z,2279.307206956473,-2778.548155380176,-6296.611714623949,-5.468570275462111,3.541822250044481,-3.569788189987754,7250.026915825199,7.429209475439088
gmat_j2,2026-06-17T06:30:00Z,EarthMJ2000Eq,92940.0,2026-06-18T08:19:00Z,1947.124339843663,-2560.961740665547,-6498.828643247689,-5.60071043888269,3.708765361249204,-3.168725803368637,7251.523423823502,7.427228362043655
gmat_j2,2026-06-17T06:30:00Z,EarthMJ2000Eq,93000.0,2026-06-18T08:20:00Z,1607.64410243519,-2333.777352535516,-6676.628339862308,-5.711746049405561,3.861658393408345,-2.756141144674237,7253.164983643682,7.425143937301645
gmat_j2,2026-06-17T06:30:00Z,EarthMJ2000Eq,93060.0,2026-06-18T08:21:00Z,1262.144528636602,-2097.85476661001,-6829.366741264621,-5.801298797047835,3.999951762614679,-2.333615598833264,7254.9468309317745,7.422967304184416
gmat_j2,2026-06-17T06:30:00Z,EarthMJ2000Eq,93120.0,2026-06-18T08:22:00Z,911.9238520319155,-1854.085001604803,-6956.495624661846,-5.869073969519873,4.123154007270763,-1.902761474536541,7256.863487831366,7.420709498178
gmat_j2,2026-06-17T06:30:00Z,EarthMJ2000Eq,93180.0,2026-06-18T08:23:00Z,558.2954749643168,-1603.386788572926,-7057.564270215365,-5.914860736666593,4.230833079805742,-1.465215521160662,7258.908765052524,7.4183814007361955
gmat_j2,2026-06-17T06:30:00Z,EarthMJ2000Eq,93240.0,2026-06-18T08:24:00Z,202.5829274537452,-1346.702968442369,-7132.220738029935,-5.9385321171937,4.322617387937285,-1.02263250531829,7261.075773168291,7.415993664396728
gmat_j2,2026-06-17T06:30:00Z,EarthMJ2000Eq,93300.0,2026-06-18T08:25:00Z,-153.8851471542367,-1084.996845044513,-7180.212755237054,-5.940044641813301,4.398196589263296,-0.5766788887092295,7263.356937583346,7.413556644770789
gmat_j2,2026-06-17T06:30:00Z,EarthMJ2000Eq,93360.0,2026-06-18T08:26:00Z,-509.7799847350734,-819.2484929803906,-7201.388231580681,-5.919437739701463,4.457322161554456,-0.1290265954265125,7265.744021642647,7.411080344215263
gmat_j2,2026-06-17T06:30:00Z,EarthMJ2000Eq,93420.0,2026-06-18T08:27:00Z,-863.7776625006447,-550.4510266465865,-7195.695402276143,-5.876832858423026,4.499807756277773,0.3186531301076376,7268.228154461676,7.408574363980263
gmat_j2,2026-06-17T06:30:00Z,EarthMJ2000Eq,93480.0,2026-06-18T08:28:00Z,-1214.563962136999,-279.6068838836763,-7163.182607734854,-5.812432340717345,4.525529340401463,0.764695698523112,7270.799866547845,7.406047868977837
gmat_j2,2026-06-17T06:30:00Z,EarthMJ2000Eq,93540.0,2026-06-18T08:29:00Z,-1560.839216062319,-7.724062731589665,-7103.997713797027,-5.72651805828497,4.534425145988731,1.207449100216382,7273.449129345479,7.403509560070288
gmat_j2,2026-06-17T06:30:00Z,EarthMJ2000Eq,93600.0,2026-06-18T08:30:00Z,-1901.322999769978,264.1875821910397,-7018.387189481564,-5.61944983491683,4.526495425167805,1.645279618102763,7276.165402842158,7.400967659904766
gmat_j2,2026-06-17T06:30:00Z,EarthMJ2000Eq,93660.0,2026-06-18T08:31:00Z,-2234.758784714869,535.1200718392524,-6906.694833010221,-5.491663640552519,4.501802023101872,2.076577487299826,7278.937685780503,7.398429904846779
gmat_j2,2026-06-17T06:30:00Z,EarthMJ2000Eq,93720.0,2026-06-18T08:32:00Z,-2559.91843343375,804.0709694196111,-6769.360173072741,-5.34366959060393,4.460467771808853,2.499762362979136,7281.754573073767,7.395903549145138
gmat_j2,2026-06-17T06:30:00Z,EarthMJ2000Eq,93780.0,2026-06-18T08:33:00Z,-2875.606574014606,1070.047009275715,-6606.916547812594,-5.176049746195465,4.402675711408728,2.91328865533706,7284.604315975975,7.393395375890167
gmat_j2,2026-06-17T06:30:00Z,EarthMJ2000Eq,93840.0,2026-06-18T08:34:00Z,-3180.664873972577,1332.067705448012,-6419.98884790397,-4.989455697995493,4.328668132004406,3.315650769352077,7287.474886380869,7.390911715315995
gmat_j2,2026-06-17T06:30:00Z,EarthMJ2000Eq,93900.0,2026-06-18T08:35:00Z,-3473.976102122941,1589.168845532838,-6209.290984200386,-4.784605990182273,4.23874545618726,3.705388112669499,7290.354045189142,7.388458471775332
gmat_j2,2026-06-17T06:30:00Z,EarthMJ2000Eq,93960.0,2026-06-18T08:36:00Z,-3754.468090411658,1840.40596438038,-5975.623021195412,-4.562283318044099,4.133264937678994,4.081090026202816,7293.2294113847,7.386041153495024
gmat_j2,2026-06-17T06:30:00Z,EarthMJ2000Eq,94020.0,2026-06-18T08:37:00Z,-4021.117481421246,2084.857699239977,-5719.868047829523,-4.32333156367336,4.012639200700527,4.441400492507622,7296.088534965353,7.383664909738243
gmat_j2,2026-06-17T06:30:00Z,EarthMJ2000Eq,94080.0,2026-06-18T08:38:00Z,-4272.95329909058,2321.629057430172,-5442.988769740497,-4.068652645718107,3.877334610715376,4.785022674765083,7298.91896954846,7.3813345699118855
gmat_j2,2026-06-17T06:30:00Z,EarthMJ2000Eq,94140.0,2026-06-18T08:39:00Z,-4509.060351419701,2549.854606117061,-5146.023805432057,-3.799203161044662,3.727869462273404,5.110723301156592,7301.708346075936,7.379054685230845
gmat_j2,2026-06-17T06:30:00Z,EarthMJ2000Eq,94200.0,2026-06-18T08:40:00Z,-4728.582391421217,2768.701515623031,-4830.083763072195,-3.515990882892046,3.564812016137501,5.417336794695157,7304.444446593165,7.376829572799978
gmat_j2,2026-06-17T06:30:00Z,EarthMJ2000Eq,94260.0,2026-06-18T08:41:00Z,-4930.725078707956,2977.372494603368,-4496.347060529776,-3.220071074452672,3.388778363912803,5.703769204113212,7307.115276369671,7.37466335896362
gmat_j2,2026-06-17T06:30:00Z,EarthMJ2000Eq,94320.0,2026-06-18T08:42:00Z,-5114.758721143948,3175.108598764279,-4146.0555053199,-2.912542628909392,3.200430123472297,5.969001905515929,7309.709135297955,7.372560022712337
gmat_j2,2026-06-17T06:30:00Z,EarthMJ2000Eq,94380.0,2026-06-18T08:43:00Z,-5280.02076827078,3361.191884469832,-3780.509678009247,-2.594544070882991,3.000471984325366,6.212095031101164,7312.214686612955,7.370523437308049
gmat_j2,2026-06-17T06:30:00Z,EarthMJ2000Eq,94440.0,2026-06-18T08:44:00Z,-5425.91806671668,3534.947916734345,-3401.064108595623,-2.267249406843073,2.789649095031667,6.432190634030963,7314.621023096433,7.368557409612611
gmat_j2,2026-06-17T06:30:00Z,EarthMJ2000Eq,94500.0,2026-06-18T08:45:00Z,-5551.928861304856,3695.748114652362,-3009.122273710096,-1.931863847572832,2.568744305373251,6.628515560994408,7316.917729897237,7.36666571620373
gmat_j2,2026-06-17T06:30:00Z,EarthMJ2000Eq,94560.0,2026-06-18T08:46:00Z,-5657.604536090294,3843.011927285305,-2606.131430434186,-1.589619415936723,2.338575270920025,6.800384018178524,7319.094943553028,7.364852135649403
gmat_j2,2026-06-17T06:30:00Z,EarthMJ2000Eq,94620.0,2026-06-18T08:47:00Z,-5742.571088832693,3976.208831936156,-2193.577305766519,-1.241770457092302,2.099991430378877,6.947199815245945,7321.143406725352,7.363120476314728
gmat_j2,2026-06-17T06:30:00Z,EarthMJ2000Eq,94680.0,2026-06-18T08:48:00Z,-5806.530333618287,4094.860147541461,-1772.978661452811,-0.889589069777626,1.853870867551188,7.06845827376354,7323.054518240293,7.361474599192682
gmat_j2,2026-06-17T06:30:00Z,EarthMJ2000Eq,94740.0,2026-06-18T08:49:00Z,-5849.260827490025,4198.540656647146,-1345.881754670504,-0.5343604787540461,1.601117071156564,7.16374778855493,7324.8203780764,7.359918435338049
gmat_j2,2026-06-17T06:30:00Z,EarthMJ2000Eq,94800.0,2026-06-18T08:50:00Z,-5870.618518187281,4286.880030269984,-913.8547156792858,-0.1773783696319831,1.342655607047538,7.232751032844095,7326.43382699798,7.358455997575634
gmat_j2,2026-06-17T06:30:00Z,EarthMJ2000Eq,94860.0,2026-06-18T08:51:00Z,-5870.537111396662,4359.564050851311,-478.4818640184149,0.1800597918621551,1.079430718413795,7.275245800730165,7327.888480589418,7.3570913862437965
gmat_j2,2026-06-17T06:30:00Z,EarthMJ2000Eq,94920.0,2026-06-18T08:52:00Z,-5849.028157253143,4416.335629472042,-41.35798512428891,0.5366574336446154,0.8124018704142502,7.291105483415656,7329.178757501952,7.355828788819955
gmat_j2,2026-06-17T06:30:00Z,EarthMJ2000Eq,94980.0,2026-06-18T08:53:00Z,-5806.180857203385,4456.99561450311,395.9174105622012,0.8911235213512647,0.5425402563127513,7.280299178642353,7330.29990179401,7.354672473371326
gmat_j2,2026-06-17T06:30:00Z,EarthMJ2000Eq,95040.0,2026-06-18T08:54:00Z,-5742.161593624134,4481.40338990337,831.7458243456546,1.242177150567432,0.2708252822878357,7.242891435813548,7331.247999259465,7.353626775809291
gmat_j2,2026-06-17T06:30:00Z,EarthMJ2000Eq,95100.0,2026-06-18T08:55:00Z,-5657.213185972108,4489.477262404968,1264.535480122579,1.588552065387351,-0.001758951654723468,7.179041642379596,7332.01998781214,7.3526960811240984
gmat_j2,2026-06-17T06:30:00Z,EarthMJ2000Eq,95160.0,2026-06-18T08:56:00Z,-5551.653879279985,4481.194637867419,1692.706984573511,1.929001079740734,-0.2742271553242153,7.089003060650348,7332.613661812557,7.3518847986260045
gmat_j2,2026-06-17T06:30:00Z,EarthMJ2000Eq,95220.0,2026-06-18T08:57:00Z,-5425.876068761637,4456.591988177242,2114.698927793496,2.262300391401697,-0.5455963273571474,6.97312152440529,7333.027670604876,7.351197331556692
gmat_j2,2026-06-17T06:30:00Z,EarthMJ2000Eq,95280.0,2026-06-18T08:58:00Z,-5280.344772724702,4415.764611155103,2528.973383776575,2.587253754361542,-0.8148891806620857,6.831833813219174,7333.261511484587,7.350638041535093
gmat_j2,2026-06-17T06:30:00Z,EarthMJ2000Eq,95340.0,2026-06-18T08:59:00Z,-5115.595855150316,4358.866185507023,2934.021316676885,2.902696513309872,-1.081137515494598,6.665665714322019,7333.315516401977,7.350211207229298
gmat_j2,2026-06-17T06:30:00Z,EarthMJ2000Eq,95400.0,2026-06-18T09:00:00Z,-4932.234012379678,4286.108125977918,3328.367858260371,3.207499473233734,-1.343385515935507,6.475229794893507,7333.19083485147,7.349920979976356
gmat_j2,2026-06-17T06:30:00Z,EarthMJ2000Eq,95460.0,2026-06-18T09:01:00Z,-4730.930543273538,4197.758747315585,3710.577420317397,3.50057257754274,-1.600692944773354,6.261222914128664,7332.889409919686,7.3497713334838695
gmat_j2,2026-06-17T06:30:00Z,EarthMJ2000Eq,95520.0,2026-06-18T09:02:00Z,-4512.420880216271,4094.142229808901,4079.258701027068,3.780868443260743,-1.852138275770046,6.024423461456748,7332.4139509455845,7.349766011293683
gmat_j2,2026-06-17T06:30:00Z,EarthMJ2000Eq,95580.0,2026-06-18T09:03:00Z,-4277.501934700641,3975.63740846558,4433.06947404833,4.047385671302185,-2.096821690475672,5.765688385921799,7331.767901856808,7.349908471366499
gmat_j2,2026-06-17T06:30:00Z,EarthMJ2000Eq,95640.0,2026-06-18T09:04:00Z,-4027.029251589974,3842.676387324118,4770.721195902112,4.299171965474926,-2.33386796428784,5.485950021198477,7330.95540430368,7.3502018270617695
gmat_j2,2026-06-17T06:30:00Z,EarthMJ2000Eq,95700.0,2026-06-18T09:05:00Z,-3761.913958934172,3695.742972340811,5090.983451674492,4.535327081653919,-2.56242925909729,5.1862126994978,7329.981258997447,7.35064878836512
gmat_j2,2026-06-17T06:30:00Z,EarthMJ2000Eq,95760.0,2026-06-18T09:06:00Z,-3483.119573653983,3535.370954100667,5392.688153029523,4.755005550141227,-2.781687767157458,4.867549227956972,7328.85088286664,7.351251601082079
gmat_j2,2026-06-17T06:30:00Z,EarthMJ2000Eq,95820.0,2026-06-18T09:07:00Z,-3191.658630586268,3362.14222525291,5674.733545170508,4.957419222880846,-2.99085825019261,4.53109719787857,7327.570263443937,7.352011985895885
gmat_j2,2026-06-17T06:30:00Z,EarthMJ2000Eq,95880.0,2026-06-18T09:08:00Z,-2888.58917290486,3176.684754162843,5936.08797926453,5.141839622989737,-3.189190448845898,4.178055173933595,7326.1459127376565,7.352931079779711
gmat_j2,2026-06-17T06:30:00Z,EarthMJ2000Eq,95940.0,2026-06-18T09:09:00Z,-2575.011116184711,2979.67042301317,6175.793444004909,5.307600102580388,-3.375971364180789,3.809678780163024,7324.584816989174,7.354009376435719
gmat_j2,2026-06-17T06:30:00Z,EarthMJ2000Eq,96000.0,2026-06-18T09:10:00Z,-2252.062459987133,2771.812715404059,6392.96888493958,5.454097840092833,-3.550527439792296,3.427276653116523,7322.89438792917,7.35524667207164
gmat_j2,2026-06-17T06:30:00Z,EarthMJ2000Eq,96060.0,2026-06-18T09:11:00Z,-1920.915418702317,2553.864297265057,6586.813249106645,5.580795643456747,-3.712226605459526,3.032206343708206,7321.082411314619,7.356642012163678
gmat_j2,2026-06-17T06:30:00Z,EarthMJ2000Eq,96120.0,2026-06-18T09:12:00Z,-1582.772425569325,2326.614463896227,6756.60830070637,5.687223602294009,-3.860480224566027,2.625870110541684,7319.156996808304,7.358193644108016
gmat_j2,2026-06-17T06:30:00Z,EarthMJ2000Eq,96180.0,2026-06-18T09:13:00Z,-1238.862052888413,2090.886479979309,6901.721173738066,5.772980575256073,-3.994744927439879,2.209710648721448,7317.126527419866,7.3598989740799805
gmat_j2,2026-06-17T06:30:00Z,EarthMJ2000Eq,96240.0,2026-06-18T09:14:00Z,-890.4348445085578,1847.534810767117,7021.606668524082,5.83773552678871,-4.114524343571918,1.785206741299152,7314.999610169034,7.361754530256827
gmat_j2,2026-06-17T06:30:00Z,EarthMJ2000Eq,96300.0,2026-06-18T09:15:00Z,-538.7590731517328,1597.442252711776,7115.809284648508,5.881228716342384,-4.219370734308773,1.353868837527625,7312.785027959054,7.363755932722108
gmat_j2,2026-06-17T06:30:00Z,EarthMJ2000Eq,96360.0,2026-06-18T09:16:00Z,-185.1164306241252,1341.516968973154,7183.964986381809,5.903272744119863,-4.308886529646951,0.9172345548027998,7310.491693209816,7.365897870956784
gmat_j2,2026-06-17T06:30:00Z,EarthMJ2000Eq,96420.0,2026-06-18T09:17:00Z,169.2023404584367,1080.689435544729,7225.802695826754,5.903753455156892,-4.382725771212715,0.4768641000212476,7308.128603625676,7.368174089611218
gmat_j2,2026-06-17T06:30:00Z,EarthMJ2000Eq,96480.0,2026-06-18T09:18:00Z,522.9018649376487,815.9093035920101,7241.145508782237,5.882630701410589,-4.440595462193592,0.03433560438526091,7305.704800455629,7.370577383201486
gmat_j2,2026-06-17T06:30:00Z,EarthMJ2000Eq,96540.0,2026-06-18T09:19:00Z,874.6865947872249,548.1421836007511,7229.911627923007,5.839938959091503,-4.482256823326686,-0.4087596353965611,7303.229329558218,7.37309960028365
gmat_j2,2026-06-17T06:30:00Z,EarthMJ2000Eq,96600.0,2026-06-18T09:20:00Z,1223.265301285147,278.3663571071589,7192.115007479743,5.775787795888377,-4.507526452160602,-0.8508220169568825,7300.71120555475,7.375731657578062
gmat_j2,2026-06-17T06:30:00Z,EarthMJ2000Eq,96660.0,2026-06-18T09:21:00Z,1567.35559107354,7.56942143945119,7127.865702912642,5.690362179753129,-4.516277380682051,-1.29024860136378,7298.159379170117,7.378463564275851
gmat_j2,2026-06-17T06:30:00Z,EarthMJ2000Eq,96720.0,2026-06-18T09:22:00Z,1905.688432888876,-263.25512345765,7037.369920038501,5.583922619725943,-4.508440024487669,-1.725438193576293,7295.582708374695,7.381284457148446
gmat_j2,2026-06-17T06:30:00Z,EarthMJ2000Eq,96780.0,2026-06-18T09:23:00Z,2237.012697491602,-533.1113499709159,6920.929751934917,5.45680512035102,-4.484003013233115,-2.154796556152757,7292.989932217401,7.384182645532309
gmat_j2,2026-06-17T06:30:00Z,EarthMJ2000Eq,96840.0,2026-06-18T09:24:00Z,2560.099664742248,-801.0044038103479,6778.94260911937,5.309420947653549,-4.443013893792476,-2.576741713893978,7290.389649810981,7.387145667978706
gmat_j2,2026-06-17T06:30:00Z,EarthMJ2000Eq,96900.0,2026-06-18T09:25:00Z,2873.747547065611,-1065.944073454048,6611.900311887078,5.142256163425534,-4.385579686781697,-2.989709429236605,7287.790300655601,7.39016035757455
gmat_j2,2026-06-17T06:30:00Z,EarthMJ2000Eq,96960.0,2026-06-18T09:26:00Z,3176.785948070474,-1326.948363523881,6420.387863531916,4.955870936010093,-4.311867287316201,-3.392158756398749,7285.200150819787,7.393212919051489
gmat_j2,2026-06-17T06:30:00Z,EarthMJ2000Eq,97020.0,2026-06-18T09:27:00Z,3468.080270151064,-1583.047084680517,6205.081891649874,4.750898599346705,-4.222103693412895,-3.782577702572286,7282.627281044097,7.396289013769156
gmat_j2,2026-06-17T06:30:00Z,EarthMJ2000Eq,97080.0,2026-06-18T09:28:00Z,3746.536095598187,-1833.285485093958,5966.748718496588,4.52804440821285,-4.116576029665802,-4.159489037787515,7280.079577529147,7.399373853660944
gmat_j2,2026-06-17T06:30:00Z,EarthMJ2000Eq,97140.0,2026-06-18T09:29:00Z,4011.103430095214,-2076.72782901842,5706.242123234428,4.288084033658156,-3.995631375484742,-4.521456109650028,7277.564728102121,7.402452304470706
gmat_j2,2026-06-17T06:30:00Z,EarthMJ2000Eq,97200.0,2026-06-18T09:30:00Z,4260.780894238716,-2312.461001491334,5424.500710485345,4.031861701448011,-3.859676343939116,-4.867088779535572,7275.090217322668,7.405508993137983
gmat_j2,2026-06-17T06:30:00Z,EarthMJ2000Eq,97260.0,2026-06-18T09:31:00Z,4494.619765614896,-2539.598054838205,5122.544949061186,3.760288017151346,-3.709176421817424,-5.195049345995307,7272.663327333829,7.408528423879102
gmat_j2,2026-06-17T06:30:00Z,EarthMJ2000Eq,97320.0,2026-06-18T09:32:00Z,4711.727878789252,-2757.281706043679,4801.473859977605,3.47433744253335,-3.544655044773038,-5.504058458625224,7270.291138482093,7.4114950966041935
gmat_j2,2026-06-17T06:30:00Z,EarthMJ2000Eq,97380.0,2026-06-18T09:33:00Z,4911.273388612537,-2964.687795635216,4462.461314522035,3.175045374209062,-3.366692370378396,-5.792901021490791,7267.980531542981,7.414393629275391
gmat_j2,2026-06-17T06:30:00Z,EarthMJ2000Eq,97440.0,2026-06-18T09:34:00Z,5092.48831993191,-3161.028637298889,4106.752018268568,2.863504880291192,-3.175923771069308,-6.060431965227869,7265.738191954039,7.417208882339117
gmat_j2,2026-06-17T06:30:00Z,EarthMJ2000Eq,97500.0,2026-06-18T09:35:00Z,5254.671915008874,-3345.556271572738,3735.65715237352,2.540863058397413,-2.973038019095329,-6.305581886423633,7263.570613735516,7.419926082577155
gmat_j2,2026-06-17T06:30:00Z,EarthMJ2000Eq,97560.0,2026-06-18T09:36:00Z,5397.19377034447,-3517.565623160873,3350.549637442236,2.208316977831436,-2.75877513070252,-6.527362526050343,7261.48410318804,7.4225309459002995
gmat_j2,2026-06-17T06:30:00Z,EarthMJ2000Eq,97620.0,2026-06-18T09:37:00Z,5519.496693128969,-3676.397490061703,2952.859134315404,1.867109301123785,-2.533923920761237,-6.724871962624658,7259.484783199392,7.425009797451056
gmat_j2,2026-06-17T06:30:00Z,EarthMJ2000Eq,97680.0,2026-06-18T09:38:00Z,5621.09930116683,-3821.441396232815,2544.066699883583,1.518523512098202,-2.299319215114674,-6.897299533761618,7257.578595638945,7.427349686679553
gmat_j2,2026-06-17T06:30:00Z,EarthMJ2000Eq,97740.0,2026-06-18T09:39:00Z,5701.598316803404,-3952.138254848839,2125.699191251453,1.163878833220072,-2.055838766714255,-7.043930387263832,7255.771303128436,7.42953849668751
gmat_j2,2026-06-17T06:30:00Z,EarthMJ2000Eq,97800.0,2026-06-18T09:40:00Z,5760.670556700274,-4067.982853669895,1699.323357807662,0.8045247862262235,-1.80439983788472,-7.164149644195438,7254.068488439878,7.431565045872665
gmat_j2,2026-06-17T06:30:00Z,EarthMJ2000Eq,97860.0,2026-06-18T09:41:00Z,5798.074574364707,-4168.526106513754,1266.539761753531,0.4418355244800319,-1.545955529883517,-7.257446078605011,7252.475552436139,7.433419180628066
gmat_j2,2026-06-17T06:30:00Z,EarthMJ2000Eq,97920.0,2026-06-18T09:42:00Z,5813.651963616811,-4253.377090668533,828.9764455252459,0.07720387975730937,-1.281490815615201,-7.323415308658412,7250.997709055299,7.435091857714206
gmat_j2,2026-06-17T06:30:00Z,EarthMJ2000Eq,97980.0,2026-06-18T09:43:00Z,5807.32829530843,-4322.204834047719,388.2824377886412,-0.2879647837130023,-1.012018334466695,-7.361762432132007,7249.6399778506575,7.436575215319602
gmat_j2,2026-06-17T06:30:00Z,EarthMJ2000Eq,98040.0,2026-06-18T09:44:00Z,5779.1136817113,-4374.739841145536,-53.87886153196557,-0.652258857025017,-0.7385739826374996,-7.372304075584585,7248.407173687802,7.437862631648804
gmat_j2,2026-06-17T06:30:00Z,EarthMJ2000Eq,98100.0,2026-06-18T09:45:00Z,5729.102957185361,-4410.7753553787,-495.8364540476121,-1.01426692672468,-0.4622122865972702,-7.354969830681021,7247.303893090771,7.438948770273728
gmat_j2,2026-06-17T06:30:00Z,EarthMJ2000Eq,98160.0,2026-06-18T09:46:00Z,5657.475474236791,-4430.168331173499,-935.9185178287672,-1.372584217396925,-0.1840016680010715,-7.309803048171544,7246.334497947096,7.439829611673395
gmat_j2,2026-06-17T06:30:00Z,EarthMJ2000Eq,98220.0,2026-06-18T09:47:00Z,5564.494513280808,-4432.840123638655,-1372.459238807189,-1.725819060090301,0.0949804182747468,-7.236960985428444,7245.503095869893,7.440502470441095
gmat_j2,2026-06-17T06:30:00Z,EarthMJ2000Eq,98280.0,2026-06-18T09:48:00Z,5450.50629633184,-4418.776882860404,-1803.805665040541,-2.072599335800438,0.3736524378098709,-7.136714288340972,7244.813517550806,7.440965998071209
gmat_j2,2026-06-17T06:30:00Z,EarthMJ2000Eq,98340.0,2026-06-18T09:49:00Z,5315.938631128909,-4388.029649719877,-2228.324445163264,-2.411578759898236,0.6509337172643369,-7.00944582826989,7244.269291630565,7.4412201713774095
gmat_j2,2026-06-17T06:30:00Z,EarthMJ2000Eq,98400.0,2026-06-18T09:50:00Z,5161.299172587755,-4340.714155663851,-2644.408524646183,-2.741443046724476,0.9257494020843318,-6.855648891028082,7243.873616743805,7.441266266634197
gmat_j2,2026-06-17T06:30:00Z,EarthMJ2000Eq,98460.0,2026-06-18T09:51:00Z,4987.173323939071,-4277.010326469062,-3050.483698755693,-3.060915853603409,1.197035350488526,-6.675924746068127,7243.629331495828,7.441106820112493
gmat_j2,2026-06-17T06:30:00Z,EarthMJ2000Eq,98520.0,2026-06-18T09:52:00Z,4794.221786610352,-4197.161494306201,-3445.015006811543,-3.368764475535295,1.463742938006225,-6.470979620019532,7243.538882732166,7.440745575740364
gmat_j2,2026-06-17T06:30:00Z,EarthMJ2000Eq,98580.0,2026-06-18T09:53:00Z,4583.177780119911,-4101.473326349109,-3826.512920709115,-3.663805239464659,1.724843727327553,-6.241621114437887,7243.604292290676,7.4401874205309335
gmat_j2,2026-06-17T06:30:00Z,EarthMJ2000Eq,98640.0,2026-06-18T09:54:00Z,4354.843945728355,-3990.312477156173,-4193.539308605262,-3.94490857247989,1.979333978107274,-5.988754103757222,7243.8271231312965,7.439438309266651
gmat_j2,2026-06-17T06:30:00Z,EarthMJ2000Eq,98700.0,2026-06-18T09:55:00Z,4110.088957504448,-3864.104976425937,-4544.713136044767,-4.211003707182418,2.226238960827156,-5.713376162277926,7244.208445122045,7.4385051794224415
gmat_j2,2026-06-17T06:30:00Z,EarthMJ2000Eq,98760.0,2026-06-18T09:56:00Z,3849.843862395799,-3723.334364391088,-4878.715880126881,-4.461083001806451,2.464617049640749,-5.416572569140273,7244.7488012273,7.4373958579027635
gmat_j2,2026-06-17T06:30:00Z,EarthMJ2000Eq,98820.0,2026-06-18T09:57:00Z,3575.098173145529,-3568.539588856,-5194.296632568484,-4.69420585664318,2.693563571549063,-5.099510943705877,7245.448174679972,7.436118961090878
gmat_j2,2026-06-17T06:30:00Z,EarthMJ2000Eq,98880.0,2026-06-18T09:58:00Z,3286.895738646058,-3400.31267905217,-5490.276871142925,-4.90950221485525,2.912214394007205,-4.763435564883885,7246.305957787009,7.434683789854954
gmat_j2,2026-06-17T06:30:00Z,EarthMJ2000Eq,98940.0,2026-06-18T09:59:00Z,2986.330416876407,-3219.296212431191,-5765.554882138311,-5.106175641694785,3.119749237533226,-4.409661427990675,7247.320923008994,7.433100221202123
gmat_j2,2026-06-17T06:30:00Z,EarthMJ2000Eq,99000.0,2026-06-18T10:00:00Z,2674.541575748934,-3026.180591181569,-6019.109819673506,-5.283505981742194,3.315394704314781,-4.039568091600112,7248.491196941861,7.431378598293712
gmat_j2,2026-06-17T06:30:00Z,EarthMJ2000Eq,99060.0,2026-06-18T10:01:00Z,2352.709447196884,-2821.701145761774,-6250.005390733761,-5.440851598824408,3.49842701795213,-3.654593364845367,7249.814237835604,7.4295296205573695
gmat_j2,2026-06-17T06:30:00Z,EarthMJ2000Eq,99120.0,2026-06-18T10:02:00Z,2022.050358312017,-2606.635082164487,-6457.393158229419,-5.577651208019931,3.668174473801106,-3.256226881217045,7251.286817046236,7.427564235369002
gmat_j2,2026-06-17T06:30:00Z,EarthMJ2000Eq,99180.0,2026-06-18T10:03:00Z,1683.811868490303,-2381.798293518501,-6640.515454420859,-5.693425311265378,3.824019600423616,-2.846003608199616,7252.905005573885,7.425493533581892
gmat_j2,2026-06-17T06:30:00Z,EarthMJ2000Eq,99240.0,2026-06-18T10:04:00Z,1339.267821193098,-2148.042043177617,-6798.707908509699,-5.78777725636882,3.965401043605266,-2.425497313962452,7254.664164616741,7.423328648659237
gmat_j2,2026-06-17T06:30:00Z,EarthMJ2000Eq,99300.0,2026-06-18T10:05:00Z,989.7133567873002,-1906.249552393215,-6931.401576412791,-5.860393930579203,4.091815170740838,-1.996314055041243,7256.558943335349,7.42108066385413
gmat_j2,2026-06-17T06:30:00Z,EarthMJ2000Eq,99360.0,2026-06-18T10:06:00Z,636.4598956430114,-1657.332500820488,-7038.124680565508,-5.911046112166044,4.202817410823394,-1.560085700117255,7258.583280242994,7.418760524547474
gmat_j2,2026-06-17T06:30:00Z,EarthMJ2000Eq,99420.0,2026-06-18T10:07:00Z,280.8300767483047,-1402.227431030848,-7118.503973506118,-5.939588505098095,4.298023352041138,-1.118463471817112,7260.730412373416,7.416378960272564
gmat_j2,2026-06-17T06:30:00Z,EarthMJ2000Eq,99480.0,2026-06-18T10:08:00Z,-75.84724129570412,-1141.892133627804,-7172.265700699298,-5.94595946202423,4.3771095794808,-0.6731116353012935,7262.992890694635,7.413946416612143
gmat_j2,2026-06-17T06:30:00Z,EarthMJ2000Eq,99540.0,2026-06-18T10:09:00Z,-432.2420035138102,-877.3019534336918,-7199.236197739378,-5.930180427989233,4.439814296301769,-0.2257012207331089,7265.362599205985,7.41147299362229
gmat_j2,2026-06-17T06:30:00Z,EarthMJ2000Eq,99600.0,2026-06-18T10:10:00Z,-787.0279151723017,-609.4460837283308,-7199.342112225421,-5.892355117252594,4.485937720314096,0.2220961157498542,7267.830784841833,7.408968399377934
gmat_j2,2026-06-17T06:30:00Z,EarthMJ2000Eq,99660.0,2026-06-18T10:11:00Z,-1138.887336710636,-339.3238461957905,-7172.610258630534,-5.832668438187077,4.515342270073056,0.6686141091271816,7270.388088714998,7.406441909085368
gmat_j2,2026-06-17T06:30:00Z,EarthMJ2000Eq,99720.0,2026-06-18T10:12:00Z,-1486.51614164833,-67.94093962519182,-7119.16711617318,-5.751385178302455,4.527952556742061,1.112197823322209,7273.024586694297,7.403902337518155
gmat_j2,2026-06-17T06:30:00Z,EarthMJ2000Eq,99780.0,2026-06-18T10:13:00Z,-1828.62844055947,203.694268235527,-7039.23797711388,-5.648848470011078,4.523755179027663,1.551209400037789,7275.729834661075,7.401358021315528
gmat_j2,2026-06-17T06:30:00Z,EarthMJ2000Eq,99840.0,2026-06-18T10:14:00Z,-2163.961233474484,474.5744515424809,-6933.145752810819,-5.525478038457494,4.502798337491307,1.984033710168203,7278.492918163482,7.39881680977941
gmat_j2,2026-06-17T06:30:00Z,EarthMJ2000Eq,99900.0,2026-06-18T10:15:00Z,-2491.278967509111,743.697022467885,-6801.309437307371,-5.381768233552142,4.465191267217987,2.409083891787211,7281.302508287042,7.396286066004974
gmat_j2,2026-06-17T06:30:00Z,EarthMJ2000Eq,99960.0,2026-06-18T10:16:00Z,-2809.377925115365,1010.06775119978,-6644.242258704348,-5.218285877107211,4.411103498129278,2.824806690349885,7284.146921945765,7.393772677346146
gmat_j2,2026-06-17T06:30:00Z,EarthMJ2000Eq,100020.0,2026-06-18T10:17:00Z,-3117.090515588684,1272.704367844615,-6462.549499374384,-5.035667898031656,4.340763940027118,3.229687705902863,7287.014184298519,7.391283071291913
gmat_j2,2026-06-17T06:30:00Z,EarthMJ2000Eq,100080.0,2026-06-18T10:18:00Z,-3413.289406584589,1530.640094056627,-6256.926011635888,-4.834618779317943,4.254459798251858,3.622256474998546,7289.8920969875835,7.388823241013676
gmat_j2,2026-06-17T06:30:00Z,EarthMJ2000Eq,100140.0,2026-06-18T10:19:00Z,-3696.891491051311,1782.927099892549,-6028.153435188196,-4.615907816550647,4.152535320083122,4.001091389193231,7292.768306912683,7.386398774782432
gmat_j2,2026-06-17T06:30:00Z,EarthMJ2000Eq,100200.0,2026-06-18T10:20:00Z,-3966.861691978506,2028.639886999307,-5777.09712064443,-4.380366184638412,4.035390370909948,4.364824459114534,7295.630378231157,7.384014891374535
gmat_j2,2026-06-17T06:30:00Z,EarthMJ2000Eq,100260.0,2026-06-18T10:21:00Z,-4222.216581585535,2266.878577951498,-5504.70277447007,-4.128883820980676,3.903478841970565,4.712145897635963,7298.46586511506,7.381676478786868
gmat_j2,2026-06-17T06:30:00Z,EarthMJ2000Eq,100320.0,2026-06-18T10:22:00Z,-4462.027809195828,2496.772105991089,-5211.992833865111,-3.862406125836411,3.757306889327384,5.041808516614582,7301.262385338126,7.3793881358614675
gmat_j2,2026-06-17T06:30:00Z,EarthMJ2000Eq,100380.0,2026-06-18T10:23:00Z,-4685.425325532248,2717.481293866548,-4900.062583962067,-3.581930484848611,3.597431005165502,5.352631921240764,7304.007693752697,7.377154215515593
gmat_j2,2026-06-17T06:30:00Z,EarthMJ2000Eq,100440.0,2026-06-18T10:24:00Z,-4891.600393190291,2928.201811982423,-4570.07602979065,-3.288502619121375,3.424455922978273,5.643506486909811,7306.689755041171,7.37497886859225
gmat_j2,2026-06-17T06:30:00Z,EarthMJ2000Eq,100500.0,2026-06-18T10:25:00Z,-5079.808373114407,3128.167005937589,-4223.261536568059,-2.983212769970118,3.239032359254374,5.913397102038962,7309.296815074277,7.372866087324015
gmat_j2,2026-06-17T06:30:00Z,EarthMJ2000Eq,100560.0,2026-06-18T10:26:00Z,-5249.371277416113,3316.650583751138,-3860.90725287453,-2.66719172722647,3.041854595498811,6.16134665959888,7311.817470243441,7.37081974746994
gmat_j2,2026-06-17T06:30:00Z,EarthMJ2000Eq,100620.0,2026-06-18T10:27:00Z,-5399.680079473559,3492.969153363512,-3484.356332263967,-2.341606711844022,2.833657905783702,6.38647927987702,7314.240734156936,7.368843648243729
gmat_j2,2026-06-17T06:30:00Z,EarthMJ2000Eq,100680.0,2026-06-18T10:28:00Z,-5530.196772838967,3656.484601186547,-3095.001970398626,-2.007657125936436,2.615215836821923,6.588003246979695,7316.556101186148,7.3669415492932036
gmat_j2,2026-06-17T06:30:00Z,EarthMJ2000Eq,100740.0,2026-06-18T10:29:00Z,-5640.45617215759,3806.606304155639,-2694.282272319656,-1.666570182363927,2.387337347133032,6.765213643645821,7318.753606168476,7.365117203815041
gmat_j2,2026-06-17T06:30:00Z,EarthMJ2000Eq,100800.0,2026-06-18T10:30:00Z,-5730.067446274501,3942.793162568259,-2283.674981740235,-1.319596441666439,2.15086382279837,6.917494663504205,7320.8238801296175,7.363374387649368
gmat_j2,2026-06-17T06:30:00Z,EarthMJ2000Eq,100860.0,2026-06-18T10:31:00Z,-5798.715386261528,4064.555458247198,-1864.692057662907,-0.9680052456107437,1.906665961658026,7.044321600518295,7322.75820124797,7.3617169231371475
gmat_j2,2026-06-17T06:30:00Z,EarthMJ2000Eq,100920.0,2026-06-18T10:32:00Z,-5846.161390711578,4171.456512194567,-1438.874173387022,-0.613080113512878,1.655640570217301,7.145262481670074,7324.54854077829,7.360148697906614
gmat_j2,2026-06-17T06:30:00Z,EarthMJ2000Eq,100980.0,2026-06-18T10:33:00Z,-5872.244178533465,4263.114155249558,-1007.785103359409,-0.2561140752709267,1.398707255673932,7.219979355416049,7326.187603901668,7.3586736779980075
gmat_j2,2026-06-17T06:30:00Z,EarthMJ2000Eq,101040.0,2026-06-18T10:34:00Z,-5876.880218763326,4339.20199436648,-573.0060547235187,0.1015950070172408,1.136805048660462,7.268229214620938,7327.668864813389,7.357295914966316
gmat_j2,2026-06-17T06:30:00Z,EarthMJ2000Eq,101100.0,2026-06-18T10:35:00Z,-5860.063880123662,4399.450475220333,-136.1299518034764,0.4587491179084069,0.8708889651545327,7.289864555176703,7328.98659616897,7.356019546985401
gmat_j2,2026-06-17T06:30:00Z,EarthMJ2000Eq,101160.0,2026-06-18T10:36:00Z,-5821.867300410874,4443.647737073446,301.244301630796,0.8140547428561411,0.6019265260777855,7.284833567884546,7330.135892605019,7.354848793750973
gmat_j2,2026-06-17T06:30:00Z,EarthMJ2000Eq,101220.0,2026-06-18T10:37:00Z,-5762.439977929355,4471.640257986292,737.5175606874948,1.16622747563833,0.3308942516554877,7.253179965536953,7331.1126882898625,7.353787945214291
gmat_j2,2026-06-17T06:30:00Z,EarthMJ2000Eq,101280.0,2026-06-18T10:38:00Z,-5682.008088435325,4483.33328936689,1171.096156469352,1.513996556996466,0.05877414792351821,7.1950424500583,7331.913768470486,7.352841344215325
gmat_j2,2026-06-17T06:30:00Z,EarthMJ2000Eq,101340.0,2026-06-18T10:39:00Z,-5580.873532354737,4478.691079905593,1600.397570609653,1.856109323447204,-0.21344979743399,7.110653827570837,7332.536775044286,7.352013363165225
gmat_j2,2026-06-17T06:30:00Z,EarthMJ2000Eq,101400.0,2026-06-18T10:40:00Z,-5459.412718267326,4457.73688996027,2023.856046408407,2.191335546461104,-0.484795093190628,7.000339782094988,7332.980206237814,7.351308375000154
gmat_j2,2026-06-17T06:30:00Z,EarthMJ2000Eq,101460.0,2026-06-18T10:41:00Z,-5318.075089769486,4420.552798430009,2439.928116514226,2.518471643783096,-0.7542841806603607,6.86451732119022,7333.243410516984,7.350730718687399
gmat_j2,2026-06-17T06:30:00Z,EarthMJ2000Eq,101520.0,2026-06-18T10:42:00Z,-5157.381404056726,4367.279305168399,2847.09802761781,2.836344746218206,-1.020947812535991,6.703692909378331,7333.326574967702,7.350284659696586
gmat_j2,2026-06-17T06:30:00Z,EarthMJ2000Eq,101580.0,2026-06-18T10:43:00Z,-4977.921770500392,4298.114732417184,3243.883045497423,3.143816606686923,-1.283828361731603,6.518460306133771,7333.23070816056,7.349974345636079
gmat_j2,2026-06-17T06:30:00Z,EarthMJ2000Eq,101640.0,2026-06-18T10:44:00Z,-4780.353461151793,4213.314430789304,3628.838619493753,3.439787336453019,-1.541983045266234,6.30949812988122,7332.957618353774,7.3498037581207365
gmat_j2,2026-06-17T06:30:00Z,EarthMJ2000Eq,101700.0,2026-06-18T10:45:00Z,-4565.398503790554,4113.189795169519,4000.563390480444,3.723198958685134,-1.794487052346089,6.077567168526217,7332.5098861680435,7.349776660208091
gmat_j2,2026-06-17T06:30:00Z,EarthMJ2000Eq,101760.0,2026-06-18T10:46:00Z,-4333.841054832214,3998.107090176731,4357.704052227758,3.99303879068081,-2.040436584126255,5.823507442935207,7331.890833875861,7.349896541832697
gmat_j2,2026-06-17T06:30:00Z,EarthMJ2000Eq,101820.0,2026-06-18T10:47:00Z,-4086.524601831643,3868.486109235796,4698.959985323059,4.248342598228718,-2.278951752063602,5.548235085998054,7331.104489938256,7.350166562035063
gmat_j2,2026-06-17T06:30:00Z,EarthMJ2000Eq,101880.0,2026-06-18T10:48:00Z,-3824.348956700636,3724.798650795681,5023.087740656455,4.488197587438142,-2.509179389684815,5.252739004112613,7330.155549640112,7.350589489206331
gmat_j2,2026-06-17T06:30:00Z,EarthMJ2000Eq,101940.0,2026-06-18T10:49:00Z,-3548.267078419107,3567.566830368703,5328.905308973643,4.711745193065338,-2.730295738671755,4.938077370197269,7329.0493340505855,7.351167641880972
gmat_j2,2026-06-17T06:30:00Z,EarthMJ2000Eq,102000.0,2026-06-18T10:50:00Z,-3259.281755941428,3397.361246986455,5615.296149043384,4.918183652134426,-2.941508993925654,4.605373989565895,7327.7917443524175,7.351902827243974
gmat_j2,2026-06-17T06:30:00Z,EarthMJ2000Eq,102060.0,2026-06-18T10:51:00Z,-2958.442114297299,3214.798985038956,5881.213027547573,5.106770411887447,-3.142061750735289,4.255814501917698,7326.389215244482,7.352796281680581
gmat_j2,2026-06-17T06:30:00Z,EarthMJ2000Eq,102120.0,2026-06-18T10:52:00Z,-2646.840003364662,3020.541485364841,6125.681604683386,5.276824333629171,-3.331233313334879,3.89064248974589,7324.848666708269,7.353848612724437
gmat_j2,2026-06-17T06:30:00Z,EarthMJ2000Eq,102180.0,2026-06-18T10:53:00Z,-2325.606249979118,2815.292275473042,6347.803792149334,5.427727722692134,-3.508341891147844,3.511155472246487,7323.177453121396,7.355059741915766
gmat_j2,2026-06-17T06:30:00Z,EarthMJ2000Eq,102240.0,2026-06-18T10:54:00Z,-1995.906780765722,2599.794563337832,6546.760876654326,5.558928190067,-3.672746685726327,3.118700791799713,7321.383313634061,7.356428852956267
gmat_j2,2026-06-17T06:30:00Z,EarthMJ2000Eq,102300.0,2026-06-18T10:55:00Z,-1658.938676798042,2374.828734062223,6721.816368123037,5.669940328495239,-3.823849843967747,2.714671461687999,7319.4743210336355,7.357954342261993
gmat_j2,2026-06-17T06:30:00Z,EarthMJ2000Eq,102360.0,2026-06-18T10:56:00Z,-1315.926093852385,2141.209707713806,6872.318622040748,5.760347247039941,-3.961098324792072,2.300501891256058,7317.458830751116,7.359633774640141
gmat_j2,2026-06-17T06:30:00Z,EarthMJ2000Eq,102420.0,2026-06-18T10:57:00Z,-968.1161006416684,1899.784191333626,6997.703196814968,5.829801946367073,-4.083985656977696,1.877663541941069,7315.345431944906,7.36146384607026
gmat_j2,2026-06-17T06:30:00Z,EarthMJ2000Eq,102480.0,2026-06-18T10:58:00Z,-616.7744689719012,1651.427849021815,7097.494935893966,5.878028537753494,-4.192053585253917,1.447660545291519,7313.142898312659,7.36344035126777
gmat_j2,2026-06-17T06:30:00Z,EarthMJ2000Eq,102540.0,2026-06-18T10:59:00Z,-263.1813603641057,1397.042352476066,7171.309799781309,5.904823327939369,-4.284893634562049,1.012025203713302,7310.860141426206,7.365558159884306
gmat_j2,2026-06-17T06:30:00Z,EarthMJ2000Eq,102600.0,2026-06-18T11:00:00Z,91.37303370513811,1137.552350269331,7218.856418964521,5.910055756831247,-4.362148573628588,0.5723134283344466,7308.5061660039,7.3678112005884095
gmat_j2,2026-06-17T06:30:00Z,EarthMJ2000Eq,102660.0,2026-06-18T11:01:00Z,445.5929009181916,873.9023540988575,7239.937370541886,5.893669193409056,-4.423513785110936,0.1301000947522177,7306.090027314005,7.370192453597123
gmat_j2,2026-06-17T06:30:00Z,EarthMJ2000Eq,102720.0,2026-06-18T11:02:00Z,798.1812660040945,607.0535418380721,7234.450174846762,5.85568158817445,-4.468738543860813,-0.3130257000154978,7303.620791662064,7.372693952982363
gmat_j2,2026-06-17T06:30:00Z,EarthMJ2000Eq,102780.0,2026-06-18T11:03:00Z,1147.844481061397,337.9804883638027,7202.388003918549,5.796185976074039,-4.497627198455858,-0.7554654776232828,7301.10749970219,7.37530679859542
gmat_j2,2026-06-17T06:30:00Z,EarthMJ2000Eq,102840.0,2026-06-18T11:04:00Z,1493.296741889456,67.6678281297294,7143.840096519785,5.715350822850222,-4.510040252501827,-1.195616326311674,7298.559133071765,7.3780211782824585
gmat_j2,2026-06-17T06:30:00Z,EarthMJ2000Eq,102900.0,2026-06-18T11:05:00Z,1833.264620078194,-202.8931439154746,7058.991872870251,5.613420204465944,-4.505895338930226,-1.631875962706794,7295.9845844359215,7.380826400543495
gmat_j2,2026-06-17T06:30:00Z,EarthMJ2000Eq,102960.0,2026-06-18T11:06:00Z,2166.49160054508,-472.707926447337,6948.124742117461,5.490713806719702,-4.485168078501806,-2.062647912923298,7293.392631072549,7.383710937760279
gmat_j2,2026-06-17T06:30:00Z,EarthMJ2000Eq,103020.0,2026-06-18T11:07:00Z,2491.742613274269,-740.782313648853,6811.615595278087,5.347626729700718,-4.447892811492205,-2.486346816133754,7290.791912053003,7.386662479958868
gmat_j2,2026-06-17T06:30:00Z,EarthMJ2000Eq,103080.0,2026-06-18T11:08:00Z,2807.808547067752,-1006.125936895924,6649.935976249493,5.184629079551446,-4.394163189423855,-2.901403850962285,7288.1909090046975,7.389667998915572
gmat_j2,2026-06-17T06:30:00Z,EarthMJ2000Eq,103140.0,2026-06-18T11:09:00Z,3113.510731722338,-1267.755837180099,6463.650923801637,5.002265328464596,-4.324132611893445,-3.306272281130092,7285.5979304389375,7.392713822309681
gmat_j2,2026-06-17T06:30:00Z,EarthMJ2000Eq,103200.0,2026-06-18T11:10:00Z,3407.705375483862,-1524.700059695406,6253.417476500817,4.801153421390908,-4.238014491373089,-3.699433114833754,7283.021099347621,7.3957857172818695
gmat_j2,2026-06-17T06:30:00Z,EarthMJ2000Eq,103260.0,2026-06-18T11:11:00Z,3689.287937567252,-1776.001255846461,6019.982837582956,4.58198361152798,-4.136082329496825,-4.079400859877174,7280.4683442647265,7.398868983044199
gmat_j2,2026-06-17T06:30:00Z,EarthMJ2000Eq,103320.0,2026-06-18T11:12:00Z,3957.197426783394,-2020.720287861014,5764.182188174811,4.345516997671638,-4.018669583521228,-4.444729368288118,7277.947392966369,7.401948551286661
gmat_j2,2026-06-17T06:30:00Z,EarthMJ2000Eq,103380.0,2026-06-18T11:13:00Z,4210.420600022789,-2257.939816006412,5486.936150122979,4.092583748406716,-3.886169306158714,-4.794017737405632,7275.46576909889,7.405009093877784
gmat_j2,2026-06-17T06:30:00Z,EarthMJ2000Eq,103440.0,2026-06-18T11:14:00Z,4447.996041848482,-2486.767854471375,5189.247897284352,3.824080995602661,-3.739033541065635,-5.125916240268944,7273.030791204035,7.408035136552484
gmat_j2,2026-06-17T06:30:00Z,EarthMJ2000Eq,103500.0,2026-06-18T11:15:00Z,4669.018120065644,-2706.341295740048,4872.199893176171,3.540970361756433,-3.577772445361735,-5.439132273789416,7270.64957301582,7.411011176985554
gmat_j2,2026-06-17T06:30:00Z,EarthMJ2000Eq,103560.0,2026-06-18T11:16:00Z,4872.640756468822,-2915.829348547516,4536.950309370364,3.244275155459279,-3.402953149418281,-5.732436230876878,7268.329026753531,7.413921807150116
gmat_j2,2026-06-17T06:30:00Z,EarthMJ2000Eq,103620.0,2026-06-18T11:17:00Z,5058.081046574101,-3114.43692707455,4184.729051819698,2.935077156896305,-3.215198301016251,-6.004667332221409,7266.075865526143,7.416751836379539
gmat_j2,2026-06-17T06:30:00Z,EarthMJ2000Eq,103680.0,2026-06-18T11:18:00Z,5224.622658959683,-3301.407927325687,3816.833465571419,2.61451304573837,-3.015184314503083,-6.254739304440538,7263.896608228242,7.4194864164088115
gmat_j2,2026-06-17T06:30:00Z,EarthMJ2000Eq,103740.0,2026-06-18T11:19:00Z,5371.619011229383,-3476.028391435641,3434.623700027452,2.283770447166676,-2.803639302879025,-6.481645881744788,7261.797583288717,7.422111164105469
gmat_j2,2026-06-17T06:30:00Z,EarthMJ2000Eq,103800.0,2026-06-18T11:20:00Z,5498.496199700933,-3637.629540506509,3039.517747647045,1.94408360209993,-2.581340688477506,-6.684466077469694,7259.784932789164,7.424612282320636
gmat_j2,2026-06-17T06:30:00Z,EarthMJ2000Eq,103860.0,2026-06-18T11:21:00Z,5604.755657307514,-3785.590653456887,2632.98617589794,1.596728676965272,-2.349112493929276,-6.86236916603976,7257.8646154451235,7.426976676144279
gmat_j2,2026-06-17T06:30:00Z,EarthMJ2000Eq,103920.0,2026-06-18T11:22:00Z,5689.976518988921,-3919.341772425103,2216.546575567172,1.243018734154161,-2.107822320245939,-7.014619320577507,7256.042408736334,7.429192063731051
gmat_j2,2026-06-17T06:30:00Z,EarthMJ2000Eq,103980.0,2026-06-18T11:23:00Z,5753.817679190471,-4038.366224196311,1791.757719194983,0.8842983629927912,-1.858378004386493,-7.140579860950055,7254.323908565787,7.43124707923137
gmat_j2,2026-06-17T06:30:00Z,EarthMJ2000Eq,104040.0,2026-06-18T11:24:00Z,5796.019511058181,-4142.202918500376,1360.21352701725,0.5219380620328753,-1.601724012325394,-7.239717037462387,7252.7145283459795,7.433131368056235
gmat_j2,2026-06-17T06:30:00Z,EarthMJ2000Eq,104100.0,2026-06-18T11:25:00Z,5816.405248651652,-4230.448436942072,923.5367641074026,0.1573283196473833,-1.338837525192831,-7.311603335295482,7251.2194939076335,7.434835670795391
gmat_j2,2026-06-17T06:30:00Z,EarthMJ2000Eq,104160.0,2026-06-18T11:26:00Z,5814.882003011734,-4302.758870267526,483.3725906004603,-0.2081264895374593,-1.070724295020911,-7.355920227129055,7249.843837349838,7.43635189723305
gmat_j2,2026-06-17T06:30:00Z,EarthMJ2000Eq,104220.0,2026-06-18T11:27:00Z,5791.441407288546,-4358.85140306378,41.38194895156616,-0.5730143889341143,-0.7984142686428858,-7.372460349566667,7248.5923870601555,7.437673187242819
gmat_j2,2026-06-17T06:30:00Z,EarthMJ2000Eq,104280.0,2026-06-18T11:28:00Z,5746.159881769719,-4398.505628289414,-400.7651474730833,-0.9359221921302429,-0.5229570288606648,-7.361129068315288,7247.469755189225,7.438793958979704
gmat_j2,2026-06-17T06:30:00Z,EarthMJ2000Eq,104340.0,2026-06-18T11:29:00Z,5679.198512476571,-4421.564585432356,-841.3964156924533,-1.295441974658044,-0.2454170705255607,-7.321945410304003,7246.480321894609,7.439709943249342
gmat_j2,2026-06-17T06:30:00Z,EarthMJ2000Eq,104400.0,2026-06-18T11:30:00Z,5590.802541029118,-4427.935510334712,-1278.844132796533,-1.650177552637641,0.0331310366051082,-7.255042344766145,7245.628216548851,7.44041820364726
gmat_j2,2026-06-17T06:30:00Z,EarthMJ2000Eq,104460.0,2026-06-18T11:31:00Z,5481.30046669401,-4417.59029249193,-1711.451964550447,-1.998750921971005,0.3116075643146637,-7.160666407250609,7244.917295971189,7.4409171422712
gmat_j2,2026-06-17T06:30:00Z,EarthMJ2000Eq,104520.0,2026-06-18T11:32:00Z,5351.102764665175,-4390.56563603344,-2137.581751674993,-2.339808602475901,0.5889325795314907,-7.039176667892503,7244.351119832537,7.441206490970133
gmat_j2,2026-06-17T06:30:00Z,EarthMJ2000Eq,104580.0,2026-06-18T11:33:00Z,5200.700227867782,-4346.962923407583,-2555.620214794617,-2.672027834369431,0.8640308937385922,-6.891043054200973,7243.9329234809375,7.44128728835483
gmat_j2,2026-06-17T06:30:00Z,EarthMJ2000Eq,104640.0,2026-06-18T11:34:00Z,5030.661942667141,-4286.94778325434,-2963.985539828882,-2.994122576948361,1.135836967278514,-6.716844047014368,7243.6655885030705,7.4411618430148865
gmat_j2,2026-06-17T06:30:00Z,EarthMJ2000Eq,104700.0,2026-06-18T11:35:00Z,4841.632911748821,-4210.749366357947,-3361.1338070108,-3.304849262830108,1.403299728989752,-6.517263776126898,7243.551611401974,7.440833683602077
gmat_j2,2026-06-17T06:30:00Z,EarthMJ2000Eq,104760.0,2026-06-18T11:36:00Z,4634.331340225663,-4118.659335943483,-3745.565228334177,-3.603012265308083,1.665387273560029,-6.293088549371435,7243.593070863261,7.440307496678216
gmat_j2,2026-06-17T06:30:00Z,EarthMJ2000Eq,104820.0,2026-06-18T11:37:00Z,4409.545603788067,-4011.030580944991,-4115.830159934186,-3.887469041047019,1.921091401396827,-6.045202855604583,7243.791594088447,7.439589053370466
gmat_j2,2026-06-17T06:30:00Z,EarthMJ2000Eq,104880.0,2026-06-18T11:38:00Z,4168.130914644789,-3888.275660258408,-4470.534866092473,-4.157134921781177,2.169431974534649,-5.774584881473159,7244.148322661817,7.438685125972484
gmat_j2,2026-06-17T06:30:00Z,EarthMJ2000Eq,104940.0,2026-06-18T11:39:00Z,3911.005721424006,-3750.864997201389,-4808.346986502154,-4.410987513414237,2.409461046442857,-5.482301606779845,7244.6638792180165,7.43760339662735
gmat_j2,2026-06-17T06:30:00Z,EarthMJ2000Eq,105000.0,2026-06-18T11:40:00Z,3639.147847988484,-3599.324828530114,-5128.000710300847,-4.648070704373212,2.640266761953457,-5.16950350964371,7245.338333414012,7.436352357395884
gmat_j2,2026-06-17T06:30:00Z,EarthMJ2000Eq,105060.0,2026-06-18T11:41:00Z,3353.590397882976,-3434.234923735149,-5428.301630244227,-4.867498265705584,2.860977004852639,-4.83741893717892,7246.171172218277,7.434941207751389
gmat_j2,2026-06-17T06:30:00Z,EarthMJ2000Eq,105120.0,2026-06-18T11:42:00Z,3055.417484117946,-3256.226109400875,-5708.131215666889,-5.068457003340058,3.070762747790125,-4.4873482349753,7247.161268598095,7.433379744763373
gmat_j2,2026-06-17T06:30:00Z,EarthMJ2000Eq,105180.0,2026-06-18T11:43:00Z,2745.759735183317,-3065.977574052912,-5966.450978587126,-5.250209527299589,3.268841158813071,-4.120657602704269,7248.306856627457,7.431678254662418
gmat_j2,2026-06-17T06:30:00Z,EarthMJ2000Eq,105240.0,2026-06-18T11:44:00Z,2425.789701408618,-2864.214026873494,-6202.306212029146,-5.412096561208718,3.454478379245413,-3.738772841117836,7249.605507541381,7.429847402066988
gmat_j2,2026-06-17T06:30:00Z,EarthMJ2000Eq,105300.0,2026-06-18T11:45:00Z,2096.717098093377,-2651.7026764639,-6414.829384889286,-5.553538868387868,3.626992039602935,-3.343172935502067,7251.054110337474,7.4278981209162644
gmat_j2,2026-06-17T06:30:00Z,EarthMJ2000Eq,105360.0,2026-06-18T11:46:00Z,1759.78394171714,-2429.250064353433,-6603.243146880926,-5.67403877640051,3.785753486440646,-2.935383556450284,7252.648857728919,7.425841509194282
gmat_j2,2026-06-17T06:30:00Z,EarthMJ2000Eq,105420.0,2026-06-18T11:47:00Z,1416.259645720058,-2197.698799188395,-6766.86291847662,-5.773181301945203,3.93018970620946,-2.516970570314402,7254.385236083284,7.423688727563496
gmat_j2,2026-06-17T06:30:00Z,EarthMJ2000Eq,105480.0,2026-06-18T11:48:00Z,1067.436019758352,-1957.924157629981,-6905.099115517583,-5.850634927495791,4.05978499474183,-2.089533500284995,7256.2580203869775,7.421450903103642
gmat_j2,2026-06-17T06:30:00Z,EarthMJ2000Eq,105540.0,2026-06-18T11:49:00Z,714.622240640583,-1710.830598027749,-7017.458976491722,-5.906152026444054,4.174082355529202,-1.65469902471916,7258.261277241982,7.419139042545027
gmat_j2,2026-06-17T06:30:00Z,EarthMJ2000Eq,105600.0,2026-06-18T11:50:00Z,359.1398358248584,-1457.348217171692,-7103.547989442888,-5.939568954094044,4.272684631356871,-1.214114564033487,7260.388370196729,7.416763950273006
gmat_j2,2026-06-17T06:30:00Z,EarthMJ2000Eq,105660.0,2026-06-18T11:51:00Z,2.317623762678415,-1198.429114074478,-7163.070954045252,-5.950805842464459,4.355255409661794,-0.7694418858375298,7262.631975085065,7.414336158671165
gmat_j2,2026-06-17T06:30:00Z,EarthMJ2000Eq,105720.0,2026-06-18T11:52:00Z,-354.5132779442083,-935.0437391870363,-7195.832647610322,-5.939866097797482,4.421519679006479,-0.3223508592443273,7264.984098457904,7.411865865493047
gmat_j2,2026-06-17T06:30:00Z,EarthMJ2000Eq,105780.0,2026-06-18T11:53:00Z,-710.0244391500587,-668.1771875158864,-7201.738128713632,-5.906835633164808,4.471264275219467,0.125486726263755,7267.4361044783,7.409362883173408
gmat_j2,2026-06-17T06:30:00Z,EarthMJ2000Eq,105840.0,2026-06-18T11:54:00Z,-1062.895033955307,-398.82548276601,-7180.792669260925,-5.851881844546639,4.504338111909597,0.5724032075262727,7269.978746724219,7.406836597422833
gmat_j2,2026-06-17T06:30:00Z,EarthMJ2000Eq,105900.0,2026-06-18T11:55:00Z,-1411.816693831295,-127.9918501376434,-7133.10132859573,-5.775252347885386,4.520652211707005,1.0167409787168,7272.602206548668,7.404295936736261
gmat_j2,2026-06-17T06:30:00Z,EarthMJ2000Eq,105960.0,2026-06-18T11:56:00Z,-1755.498277083597,143.3170062230263,-7058.868175296303,-5.677273488543659,4.520179544785627,1.456858294105524,7275.296137019246,7.401749352006129
gmat_j2,2026-06-17T06:30:00Z,EarthMJ2000Eq,106020.0,2026-06-18T11:57:00Z,-2092.670542457577,414.0946105912089,-6958.395164750334,-5.558348633554187,4.502954682099587,1.891134939995216,7278.049712293205,7.39920480608876
gmat_j2,2026-06-17T06:30:00Z,EarthMJ2000Eq,106080.0,2026-06-18T11:58:00Z,-2422.090713963345,683.3383968035289,-6832.080680427783,-5.418956254862967,4.469073268940922,2.317977772203577,7280.8516819866645,7.3966697727903625
gmat_j2,2026-06-17T06:30:00Z,EarthMJ2000Eq,106140.0,2026-06-18T11:59:00Z,-2742.546924589569,950.0533525313032,-6680.417747025559,-5.259647809979707,4.418691323092071,2.735826115557677,7283.690430063988,7.39415124462307
gmat_j2,2026-06-17T06:30:00Z,EarthMJ2000Eq,106200.0,2026-06-18T12:00:00Z,-3052.862526902561,1213.255616257633,-6503.991923885923,-5.081045424916346,4.352024360578241,3.143157021206462,7286.554037713568,7.39165574855115
gmat_j2,2026-06-17T06:30:00Z,EarthMJ2000Eq,106260.0,2026-06-18T12:01:00Z,-3351.900258803156,1471.976016694856,-6303.478887352093,-4.88383938308884,4.269346350934947,3.53849037648409,7289.430349621505,7.389189368836181
gmat_j2,2026-06-17T06:30:00Z,EarthMJ2000Eq,106320.0,2026-06-18T12:02:00Z,-3638.566252745872,1725.263544317236,-6079.641711246966,-4.668785423218401,4.170988503142409,3.920393860384353,7292.307043049213,7.386757776043702
gmat_j2,2026-06-17T06:30:00Z,EarthMJ2000Eq,106380.0,2026-06-18T12:03:00Z,-3911.813877787919,1972.188745558659,-5833.327854224351,-4.436701848073623,4.057337882399106,4.287487737247631,7295.171698968576,7.384366261074783
gmat_j2,2026-06-17T06:30:00Z,EarthMJ2000Eq,106440.0,2026-06-18T12:04:00Z,-4170.647400880378,2211.847027400485,-5565.4658663361,-4.188466448791517,3.928835859087434,4.638449475274058,7298.011874780887,7.382019773407119
gmat_j2,2026-06-17T06:30:00Z,EarthMJ2000Eq,106500.0,2026-06-18T12:05:00Z,-4414.125460410889,2443.361865963722,-5277.061821652001,-3.925013244234048,3.785976388450075,4.972018183350666,7300.815177624379,7.379722962068685
gmat_j2,2026-06-17T06:30:00Z,EarthMJ2000Eq,106560.0,2026-06-18T12:06:00Z,-4641.364337421974,2665.887905657842,-4969.195491854012,-3.647329042564955,3.629304123287227,5.286998847530182,7303.569337966712,7.377480218735455
gmat_j2,2026-06-17T06:30:00Z,EarthMJ2000Eq,106620.0,2026-06-18T12:07:00Z,-4851.541015017292,2878.613939851295,-4643.01627225463,-3.35644982937462,3.45941236066265,5.582266353480655,7306.262282420642,7.375295721489183
gmat_j2,2026-06-17T06:30:00Z,EarthMJ2000Eq,106680.0,2026-06-18T12:08:00Z,-5043.896016732965,3080.765764086865,-4299.738872539854,-3.053456988122137,3.276940824480816,5.856769279978867,7308.882205427495,7.373173478520975
gmat_j2,2026-06-17T06:30:00Z,EarthMJ2000Eq,106740.0,2026-06-18T12:09:00Z,-5217.736012974172,3271.608891092362,-3940.638787592564,-2.7394733623187,3.082573287936143,6.109533444845171,7311.417638983646,7.371117370659137
gmat_j2,2026-06-17T06:30:00Z,EarthMJ2000Eq,106800.0,2026-06-18T12:10:00Z,-5372.436186757793,3450.451118520896,-3567.047563327113,-2.415659169389333,2.877035040511698,6.339665186469457,7313.857519881325,7.369131191905849
gmat_j2,2026-06-17T06:30:00Z,EarthMJ2000Eq,106860.0,2026-06-18T12:11:00Z,-5507.442350129604,3616.644940192701,-3180.347874015423,-2.083207778583128,2.661090205925532,6.546354363417972,7316.191253868162,7.367218687148059
gmat_j2,2026-06-17T06:30:00Z,EarthMJ2000Eq,106920.0,2026-06-18T12:12:00Z,-5622.272803529589,3769.589792136989,-2781.968428515915,-1.743341367171902,2.435538918944975,6.728877055303495,7318.408776199315,7.365383586316349
gmat_j2,2026-06-17T06:30:00Z,EarthMJ2000Eq,106980.0,2026-06-18T12:13:00Z,-5716.519931276717,3908.734125242631,-2373.378723811168,-1.397306471076073,2.201214370583704,6.886597949095082,7320.500608097766,7.36362963434853
gmat_j2,2026-06-17T06:30:00Z,EarthMJ2000Eq,107040.0,2026-06-18T12:14:00Z,-5789.851527367169,4033.577296945117,-1956.083665167251,-1.046369447800757,1.958979732752162,7.018972396503442,7322.457908688938,7.361960616405243
gmat_j2,2026-06-17T06:30:00Z,EarthMJ2000Eq,107100.0,2026-06-18T12:15:00Z,-5842.011846900087,4143.671275086467,-1531.618073033571,-0.691811871104594,1.709724974902068,7.125548129949399,7324.272522028434,7.360380377876574
gmat_j2,2026-06-17T06:30:00Z,EarthMJ2000Eq,107160.0,2026-06-18T12:16:00Z,-5872.82237965152,4238.622147874379,-1101.541097513845,-0.3349258781291307,1.454363586560751,7.205966626857604,7325.937018900651,7.358892838813457
gmat_j2,2026-06-17T06:30:00Z,EarthMJ2000Eq,107220.0,2026-06-18T12:17:00Z,-5882.182343580182,4318.091434765082,-667.4305615550743,0.02299050948454459,1.193829220677476,7.259964114572391,7327.4447330986895,7.3575020024834945
gmat_j2,2026-06-17T06:30:00Z,EarthMJ2000Eq,107280.0,2026-06-18T12:18:00Z,-5870.06889744603,4381.797193834679,-230.877255870577,0.3806380671031793,0.9290722745615816,7.287372210927927,7328.789792042002,7.356211957936751
gmat_j2,2026-06-17T06:30:00Z,EarthMJ2000Eq,107340.0,2026-06-18T12:19:00Z,-5836.537072781697,4429.514922979761,206.5207972547333,0.7367210325189013,0.6610564222019799,7.288118198688668,7329.967141437557,7.355026876303523
gmat_j2,2026-06-17T06:30:00Z,EarthMJ2000Eq,107400.0,2026-06-18T12:20:00Z,-5781.719427442868,4461.078251337466,643.1640794667062,1.089951724681768,0.3907551211083787,7.262224934498837,7330.972564083342,7.353951001065062
gmat_j2,2026-06-17T06:30:00Z,EarthMJ2000Eq,107460.0,2026-06-18T12:21:00Z,-5705.82542350924,4476.379421344492,1077.457301034947,1.439055103224193,0.119148103897939,7.209810397138038,7331.802692582115,7.352988632077287
gmat_j2,2026-06-17T06:30:00Z,EarthMJ2000Eq,107520.0,2026-06-18T12:22:00Z,-5609.140534200382,4475.369560076912,1507.815085422719,1.782773241074208,-0.1527821234066997,7.131086881744931,7332.455016125301,7.352144103682785
gmat_j2,2026-06-17T06:30:00Z,EarthMJ2000Eq,107580.0,2026-06-18T12:23:00Z,-5492.025085476675,4458.058741097077,1932.667595373532,2.119869692168638,-0.4240537611199409,7.026359850257127,7332.927881329806,7.351421757007312
gmat_j2,2026-06-17T06:30:00Z,EarthMJ2000Eq,107640.0,2026-06-18T12:24:00Z,-5354.912839192632,4424.515838599249,2350.46608014354,2.449133735542807,-0.6936891574654815,6.89602645077282,7333.2204872941775,7.350825906761593
gmat_j2,2026-06-17T06:30:00Z,EarthMJ2000Eq,107700.0,2026-06-18T12:25:00Z,-5198.309325744955,4374.868176588209,2759.688324307815,2.769384478800592,-0.960718196666254,6.740573720950485,7333.3328750283845,7.350360802871894
gmat_j2,2026-06-17T06:30:00Z,EarthMJ2000Eq,107760.0,2026-06-18T12:26:00Z,-5022.789935107292,4309.300976731729,3158.843979721469,3.079474806111508,-1.224181619505366,6.560576492652455,7333.265911481644,7.35003058734821
gmat_j2,2026-06-17T06:30:00Z,EarthMJ2000Eq,107820.0,2026-06-18T12:27:00Z,-4828.997775972616,4228.0566093267,3546.479763265384,3.378295158033857,-1.483134263648984,6.356695016735999,7333.021268431625,7.349839246854376
gmat_j2,2026-06-17T06:30:00Z,EarthMJ2000Eq,107880.0,2026-06-18T12:28:00Z,-4617.641313416909,4131.433652536446,3921.184504185988,3.664777132781835,-1.736648212554316,6.129672328178137,7332.601396540902,7.3497905615032
gmat_j2,2026-06-17T06:30:00Z,EarthMJ2000Eq,107940.0,2026-06-18T12:29:00Z,-4389.491796049452,4019.785765678341,4281.594026076606,3.937896900943682,-1.983815843445517,5.880331372555368,7332.0094949250115,7.34988805045534
gmat_j2,2026-06-17T06:30:00Z,EarthMJ2000Eq,108000.0,2026-06-18T12:30:00Z,-4145.380484020759,3893.520382858677,4626.395849824333,4.196678428061397,-2.223752766589234,5.609571915265706,7331.249476610925,7.350134914952712
gmat_j2,2026-06-17T06:30:00Z,EarthMJ2000Eq,108060.0,2026-06-18T12:31:00Z,-3886.195689537268,3753.097233672137,4954.333705114042,4.440196501825465,-2.455600649880325,5.318367254789101,7330.32593029836,7.3505339794690245
gmat_j2,2026-06-17T06:30:00Z,EarthMJ2000Eq,108120.0,2026-06-18T12:32:00Z,-3612.879641467813,3599.02669787964,5264.211839550319,4.66757956302923,-2.678529924681247,5.00776076048991,7329.244078855934,7.351087631699377
gmat_j2,2026-06-17T06:30:00Z,EarthMJ2000Eq,108180.0,2026-06-18T12:33:00Z,-3326.425186702633,3431.868001792198,5554.899114485091,4.878012340628948,-2.891742369730166,4.67886225566096,7328.009735020967,7.3517977621578865
gmat_j2,2026-06-17T06:30:00Z,EarthMJ2000Eq,108240.0,2026-06-18T12:34:00Z,-3027.872337729915,3252.227262443937,5825.332881206135,5.070738295596918,-3.094473574025937,4.332844261568572,7326.629254782514,7.352665704204544
gmat_j2,2026-06-17T06:30:00Z,EarthMJ2000Eq,108300.0,2026-06-18T12:35:00Z,-2718.3046807818,3060.755388525821,6074.522626403917,5.245061875572857,-3.285995276917887,3.970938122212792,7325.109488918458,7.353692175292448
gmat_j2,2026-06-17T06:30:00Z,EarthMJ2000Eq,108360.0,2026-06-18T12:36:00Z,-2398.84565333126,2858.145844018276,6301.553382793805,5.400350587962273,-3.465617589233816,3.594430021396665,7323.457733228565,7.354877220350378
gmat_j2,2026-06-17T06:30:00Z,EarthMJ2000Eq,108420.0,2026-06-18T12:37:00Z,-2070.654702761843,2645.132282219068,6505.588897590341,5.536036897058561,-3.632691097479225,3.204656905128488,7321.681677931505,7.356220158130553
gmat_j2,2026-06-17T06:30:00Z,EarthMJ2000Eq,108480.0,2026-06-18T12:38:00Z,-1734.923336273414,2422.486056908916,6685.874553753402,5.651619952366642,-3.786608855038863,2.803002318239864,7319.789356750059,7.357719531424496
gmat_j2,2026-06-17T06:30:00Z,EarthMJ2000Eq,108540.0,2026-06-18T12:39:00Z,-1392.871071984353,2191.013617335668,6841.740039022475,5.746667155032214,-3.926808264497901,2.390892161747127,7317.789096174091,7.359373062018185
gmat_j2,2026-06-17T06:30:00Z,EarthMJ2000Eq,108600.0,2026-06-18T12:40:00Z,-1045.741300740052,1951.553793418136,6972.601758115789,5.820815568880454,-4.052772855363017,1.969790374707238,7315.689465385857,7.361177611250639
gmat_j2,2026-06-17T06:30:00Z,EarthMJ2000Eq,108660.0,2026-06-18T12:41:00Z,-694.7970677773695,1704.974977322174,7077.964983609976,5.873773181686561,-4.164033961239563,1.541194541687662,7313.4992273121725,7.363129147012468
gmat_j2,2026-06-17T06:30:00Z,EarthMJ2000Eq,108720.0,2026-06-18T12:42:00Z,-341.3167830905821,1452.172207330683,7157.425741008456,5.905320021001343,-4.260172299953995,1.106631424512688,7311.227291242792,7.365222717980331
gmat_j2,2026-06-17T06:30:00Z,EarthMJ2000Eq,108780.0,2026-06-18T12:43:00Z,13.41013080800839,1194.064159790185,7210.672423364947,5.915309127174476,-4.340819459195803,0.6676524148556491,7308.882667438262,7.367452435844373
gmat_j2,2026-06-17T06:30:00Z,EarthMJ2000Eq,108840.0,2026-06-18T12:44:00Z,368.0876456229308,931.5900544254206,7237.487130520858,5.903667384097188,-4.405659289057674,0.225828901849476,7306.474424017349,7.369811466124737
gmat_j2,2026-06-17T06:30:00Z,EarthMJ2000Eq,108900.0,2026-06-18T12:45:00Z,721.4175777470065,665.7064802856044,7237.746727891491,5.870396206299247,-4.45442920110162,-0.217252449113022,7304.011646792507,7.372292028481035
gmat_j2,2026-06-17T06:30:00Z,EarthMJ2000Eq,108960.0,2026-06-18T12:46:00Z,1072.104080876844,397.3841424582704,7211.423618368869,5.815572076825503,-4.486921372507208,-0.6599945227995037,7301.503401387856,7.374885406156478
gmat_j2,2026-06-17T06:30:00Z,EarthMJ2000Eq,109020.0,2026-06-18T12:47:00Z,1418.858157061821,127.6045467214836,7158.586223246079,5.739346931972144,-4.502983850524274,-1.100794674683848,7298.958700106024,7.37758196697487
gmat_j2,2026-06-17T06:30:00Z,EarthMJ2000Eq,109080.0,2026-06-18T12:48:00Z,1760.402193941079,-142.643385455333,7079.399161598948,5.641948378278371,-4.502521551113327,-1.538049774744623,7296.386469280161,7.380371191951655
gmat_j2,2026-06-17T06:30:00Z,EarthMJ2000Eq,109140.0,2026-06-18T12:49:00Z,2095.474510543421,-412.3667585124632,6974.12312680009,5.523679734708972,-4.485497145774023,-1.970161370282213,7293.795524665545,7.3832417190102735
gmat_j2,2026-06-17T06:30:00Z,EarthMJ2000Eq,109200.0,2026-06-18T12:50:00Z,2422.83388616369,-680.5721837594537,6843.114448508088,5.384919882894579,-4.451931821376491,-2.39554095383775,7291.194544972059,7.386181391550836
gmat_j2,2026-06-17T06:30:00Z,EarthMJ2000Eq,109260.0,2026-06-18T12:51:00Z,2741.264103726144,-946.2693251982165,6686.824328928143,5.226122901067714,-4.401905903991167,-2.812615392065537,7288.592053897233,7.38917732283782
gmat_j2,2026-06-17T06:30:00Z,EarthMJ2000Eq,109320.0,2026-06-18T12:52:00Z,3049.578418508253,-1208.474440929913,6505.797766551254,5.047817486839794,-4.335559333941993,-3.219832415451524,7285.996402982605,7.392215966959403
gmat_j2,2026-06-17T06:30:00Z,EarthMJ2000Eq,109380.0,2026-06-18T12:53:00Z,3346.624033741314,-1466.213988710041,6300.672124086883,4.850606109631622,-4.253091967191256,-3.615666286658372,7283.4157576750695,7.395283200030973
gmat_j2,2026-06-17T06:30:00Z,EarthMJ2000Eq,109440.0,2026-06-18T12:54:00Z,3631.286489097913,-1718.528220247547,6072.175368609344,4.635163907543771,-4.154763695333555,-3.99862353415117,7280.858089321497,7.398364412606734
gmat_j2,2026-06-17T06:30:00Z,EarthMJ2000Eq,109500.0,2026-06-18T12:55:00Z,3902.493968522499,-1964.474771472815,5821.123969751482,4.402237298305693,-4.040894363732455,-4.367248765207047,7278.331166780123,7.401444606740025
gmat_j2,2026-06-17T06:30:00Z,EarthMJ2000Eq,109560.0,2026-06-18T12:56:00Z,4159.221549375507,-2203.132271366415,5548.420419640934,4.152642253741746,-3.911863455196773,-4.72013059079837,7275.842552929125,7.404508503192899
gmat_j2,2026-06-17T06:30:00Z,EarthMJ2000Eq,109620.0,2026-06-18T12:57:00Z,4400.495297334341,-2433.603887667023,5255.05043323532,3.887262276730659,-3.768109546997417,-5.055907532906796,7273.399604021246,7.407540654466231
gmat_j2,2026-06-17T06:30:00Z,EarthMJ2000Eq,109680.0,2026-06-18T12:58:00Z,4625.396254288948,-2655.020855155655,4942.079768240987,3.607046008100669,-3.610129496544802,-5.373273973608804,7271.009468165928,7.410525560433588
gmat_j2,2026-06-17T06:30:00Z,EarthMJ2000Eq,109740.0,2026-06-18T12:59:00Z,4833.064271878955,-2866.545946592904,4610.650690413167,3.313004472495539,-3.438477350416261,-5.670986073033575,7268.679089700444,7.413447791995425
gmat_j2,2026-06-17T06:30:00Z,EarthMJ2000Eq,109800.0,2026-06-18T13:00:00Z,5022.701654871108,-3067.376856951659,4261.978098817591,3.00620796351092,-3.253762966864393,-5.947867595388356,7266.415210487797,7.416292112416117
gmat_j2,2026-06-17T06:30:00Z,EarthMJ2000Eq,109860.0,2026-06-18T13:01:00Z,5193.576616289012,-3256.749504566733,3897.345298064897,2.687782544273169,-3.056650331625657,-6.202815629338213,7264.2243754655765,7.419043603234126
gmat_j2,2026-06-17T06:30:00Z,EarthMJ2000Eq,109920.0,2026-06-18T13:02:00Z,5345.026508940036,-3433.941220301963,3518.099431391834,2.358906167819451,-2.847855559267529,-6.434806136255522,7262.112935979459,7.421687786899913
gmat_j2,2026-06-17T06:30:00Z,EarthMJ2000Eq,109980.0,2026-06-18T13:03:00Z,5476.46081919198,-3598.273814863932,3125.646570068865,2.020804407449401,-2.628144565995232,-6.642899286024258,7260.087054014131,7.424210748436415
gmat_j2,2026-06-17T06:30:00Z,EarthMJ2000Eq,110040.0,2026-06-18T13:04:00Z,5587.363877567943,-3749.116477316572,2721.446535803927,1.674745860745749,-2.398330446822474,-6.8262444900435,7258.152706307363,7.426599253230913
gmat_j2,2026-06-17T06:30:00Z,EarthMJ2000Eq,110100.0,2026-06-18T13:05:00Z,5677.297298089039,-3885.888525310609,2307.007387094858,1.322037168134412,-2.159270512066162,-6.984085127937246,7256.315685397101,7.428840857932114
gmat_j2,2026-06-17T06:30:00Z,EarthMJ2000Eq,110160.0,2026-06-18T13:06:00Z,5745.902104365786,-4008.061962666651,1883.879646216127,0.9640177164065229,-1.911863021568999,-7.11576288027472,7254.581601371496,7.430924016505899
gmat_j2,2026-06-17T06:30:00Z,EarthMJ2000Eq,110220.0,2026-06-18T13:07:00Z,5792.900525535469,-4115.16382696191,1453.650294792003,0.6020540583979278,-1.657043631742095,-7.220721616854722,7252.955880262458,7.432838176285255
gmat_j2,2026-06-17T06:30:00Z,EarthMJ2000Eq,110280.0,2026-06-18T13:08:00Z,5818.09745372615,-4206.778324356067,1017.936517179815,0.2375340421517483,-1.395781544876212,-7.298510807206957,7251.443759992552,7.4345738643929495
gmat_j2,2026-06-17T06:30:00Z,EarthMJ2000Eq,110340.0,2026-06-18T13:09:00Z,5821.381539266024,-4282.548715574107,578.3793009360604,-0.1281392444227964,-1.129075429700913,-7.348788388495918,7250.050285530714,7.436122764640722
gmat_j2,2026-06-17T06:30:00Z,EarthMJ2000Eq,110400.0,2026-06-18T13:10:00Z,5802.725918558652,-4342.178957935256,136.6368423283114,-0.4935537403563405,-0.8579490893373967,-7.371323069264757,7248.780298459149,7.4374777798652545
gmat_j2,2026-06-17T06:30:00Z,EarthMJ2000Eq,110460.0,2026-06-18T13:11:00Z,5762.188561730598,-4385.435079379703,-305.6221568583957,-0.8572947987984953,-0.5834469380533392,-7.36599602618603,7247.638426353496,7.438633084065859
gmat_j2,2026-06-17T06:30:00Z,EarthMJ2000Eq,110520.0,2026-06-18T13:12:00Z,5699.912233905122,-4412.146273782427,-746.7252645083947,-1.217951643427125,-0.3066293210897683,-7.332801968504358,7246.629067099307,7.439584158780664
gmat_j2,2026-06-17T06:30:00Z,EarthMJ2000Eq,110580.0,2026-06-18T13:13:00Z,5616.124068223174,-4422.205713697494,-1185.003150486909,-1.57412386024473,-0.02856770078987437,-7.271849556730904,7245.756371187087,7.440327816477419
gmat_j2,2026-06-17T06:30:00Z,EarthMJ2000Eq,110640.0,2026-06-18T13:14:00Z,5511.134750474948,-4415.571070629027,-1618.79641708395,-1.924427853795678,0.2496602394784654,-7.18336116418627,7245.024220638077,7.440862209097855
gmat_j2,2026-06-17T06:30:00Z,EarthMJ2000Eq,110700.0,2026-06-18T13:15:00Z,5385.337318934408,-4392.264740460323,-2046.462396959942,-2.267503220827413,0.5269755381089387,-7.067671982334971,7244.436205197037,7.441186822282494
gmat_j2,2026-06-17T06:30:00Z,EarthMJ2000Eq,110760.0,2026-06-18T13:16:00Z,5239.205579338786,-4352.373770108581,-2466.38189504773,-2.602019000635756,0.8023029138326597,-6.925228471456474,7243.9955956311205,7.441302455019903
gmat_j2,2026-06-17T06:30:00Z,EarthMJ2000Eq,110820.0,2026-06-18T13:17:00Z,5073.292166809856,-4296.049492073311,-2876.965770751848,-2.926679699271291,1.074575656370609,-6.756586194935015,7243.7053152537455,7.441211185887513
gmat_j2,2026-06-17T06:30:00Z,EarthMJ2000Eq,110880.0,2026-06-18T13:18:00Z,4888.226233517743,-4223.506862437641,-3276.66142921637,-3.240231124802494,1.342740478345044,-6.562407029960698,7243.567908760377,7.440916325373019
gmat_j2,2026-06-17T06:30:00Z,EarthMJ2000Eq,110940.0,2026-06-18T13:19:00Z,4684.710799005539,-4135.02351093863,-3663.959106587446,-3.541465926217274,1.60576223910903,-6.343455806005736,7243.585510027436,7.44042235614715
gmat_j2,2026-06-17T06:30:00Z,EarthMJ2000Eq,111000.0,2026-06-18T13:20:00Z,4463.519799288299,-4030.938522091323,-4037.397900026749,-3.829228786210256,1.862628493047022,-6.100596431373249,7243.759809012087,7.439734862126198
gmat_j2,2026-06-17T06:30:00Z,EarthMJ2000Eq,111060.0,2026-06-18T13:21:00Z,4225.494792031438,-3911.650929326795,-4395.571626654702,-4.102421324176643,2.112353908681715,-5.834787484032982,7244.092017322796,7.4388604463593815
gmat_j2,2026-06-17T06:30:00Z,EarthMJ2000Eq,111120.0,2026-06-18T13:22:00Z,3971.541428242259,-3777.617973650025,-4737.134322013942,-4.360006557380102,2.353984420201633,-5.547077411231827,7244.5828351873215,7.437806641554209
gmat_j2,2026-06-17T06:30:00Z,EarthMJ2000Eq,111180.0,2026-06-18T13:23:00Z,3702.625628787837,-3629.353100828195,-5060.805500235177,-4.601013013226677,2.586601188222659,-5.238599296465266,7245.232417849573,7.4365818118086
gmat_j2,2026-06-17T06:30:00Z,EarthMJ2000Eq,111240.0,2026-06-18T13:24:00Z,3419.769536291313,-3467.423732617318,-5365.37507045961,-4.824538413381307,2.80932429296862,-4.910565297262869,7246.040344186153,7.435195049488469
gmat_j2,2026-06-17T06:30:00Z,EarthMJ2000Eq,111300.0,2026-06-18T13:25:00Z,3124.047285042975,-3292.448839893229,-5649.707884183605,-5.02975291766219,3.021316138261785,-4.564260829255613,7247.005587075605,7.4336560680145505
gmat_j2,2026-06-17T06:30:00Z,EarthMJ2000Eq,111360.0,2026-06-18T13:26:00Z,2816.580547431461,-3105.096296115213,-5912.74797114694,-5.215901978826104,3.221784608836967,-4.201038472247322,7248.126486107977,7.431975091707652
gmat_j2,2026-06-17T06:30:00Z,EarthMJ2000Eq,111420.0,2026-06-18T13:27:00Z,2498.533947189712,-2906.080064417697,-6153.522376015602,-5.38230875502501,3.409985919982316,-3.822311724449994,7249.400724072995,7.4301627457118595
gmat_j2,2026-06-17T06:30:00Z,EarthMJ2000Eq,111480.0,2026-06-18T13:28:00Z,2171.110339387888,-2696.157222166451,-6371.144619057793,-5.528376111775472,3.585227180144945,-3.429548624982059,7250.825306776213,7.428229946468815
gmat_j2,2026-06-17T06:30:00Z,EarthMJ2000Eq,111540.0,2026-06-18T13:29:00Z,1835.545973662888,-2476.124834992685,-6564.817778386351,-5.653588227440175,3.746868671166064,-3.024265280062203,7252.396547577573,7.426187795134568
gmat_j2,2026-06-17T06:30:00Z,EarthMJ2000Eq,111600.0,2026-06-18T13:30:00Z,1493.105578400545,-2246.816705989623,-6733.83717762065,-5.757511808264864,3.894325841148605,-2.608019350457303,7254.1100566003915,7.424047475043978
gmat_j2,2026-06-17T06:30:00Z,EarthMJ2000Eq,111660.0,2026-06-18T13:31:00Z,1145.077381700214,-2009.100012755346,-6877.592683576774,-5.83979693459073,4.027071021544693,-2.182403528484195,7255.960735321252,7.421820154851543
gmat_j2,2026-06-17T06:30:00Z,EarthMJ2000Eq,111720.0,2026-06-18T13:32:00Z,792.7680923943977,-1763.871849619534,-6995.570612955158,-5.900177556022427,4.144634876294918,-1.749039038086029,7257.942776781909,7.419516898500864
gmat_j2,2026-06-17T06:30:00Z,EarthMJ2000Eq,111780.0,2026-06-18T13:33:00Z,437.497861365927,-1512.055690681297,-7087.355250421161,-5.938471655384467,4.246607593569565,-1.309569184449876,7260.049671737367,7.417148583143535
gmat_j2,2026-06-17T06:30:00Z,EarthMJ2000Eq,111840.0,2026-06-18T13:34:00Z,80.5952424705235,-1254.597788785707,-7152.629981710211,-5.954581101258008,4.332639831365921,-0.8656529752194367,7262.274220930705,7.414725825902386
gmat_j2,2026-06-17T06:30:00Z,EarthMJ2000Eq,111900.0,2026-06-18T13:35:00Z,-276.6078288364455,-992.4635248571287,-7191.178046603949,-5.948491208373551,4.402443428565826,-0.4189588309176669,7264.608553604526,7.412258920182413
gmat_j2,2026-06-17T06:30:00Z,EarthMJ2000Eq,111960.0,2026-06-18T13:36:00Z,-632.7810221629719,-726.6337213398534,-7202.882917564483,-5.920270024051075,4.45579189289218,0.02884160171308598,7267.044152276774,7.409757782035171
gmat_j2,2026-06-17T06:30:00Z,EarthMJ2000Eq,112020.0,2026-06-18T13:37:00Z,-986.600548413079,-458.1009326384463,-7187.728310482427,-5.870067357282223,4.49252067661581,0.4760795234402116,7269.571883675391,7.407231906825244
gmat_j2,2026-06-17T06:30:00Z,EarthMJ2000Eq,112080.0,2026-06-18T13:38:00Z,-1336.754029623772,-187.8657257591543,-7145.797834757434,-5.798113565522243,4.512527249918714,0.9210949345504019,7272.182035802903,7.404690336429095
gmat_j2,2026-06-17T06:30:00Z,EarthMJ2000Eq,112140.0,2026-06-18T13:39:00Z,-1681.945290376781,83.06703863852206,-7077.274289744949,-5.704718111423349,4.515770980687874,1.362242462378183,7274.864360592139,7.402141636521858
gmat_j2,2026-06-17T06:30:00Z,EarthMJ2000Eq,112200.0,2026-06-18T13:40:00Z,-2020.899056850879,353.6919130343114,-6982.438615245081,-5.590267900214775,4.5022728280369,1.797897059623794,7277.608122384187,7.399593884211145
gmat_j2,2026-06-17T06:30:00Z,EarthMJ2000Eq,112260.0,2026-06-18T13:41:00Z,-2352.365543910065,623.0065414013844,-6861.668505363491,-5.45522540827004,4.47211485550652,2.226459561406084,7280.402151001101,7.397054664828001
gmat_j2,2026-06-17T06:30:00Z,EarthMJ2000Eq,112320.0,2026-06-18T13:42:00Z,-2675.124932106467,890.0153096326483,-6715.436691236815,-5.300126605929185,4.425439568747141,2.646362115870107,7283.2348999443775,7.394531078021365
gmat_j2,2026-06-17T06:30:00Z,EarthMJ2000Eq,112380.0,2026-06-18T13:43:00Z,-2987.991708370289,1153.732946544586,-6544.30890337322,-5.125578683261067,4.362449080573848,3.056073466319388,7286.094508308416,7.392029751728633
gmat_j2,2026-06-17T06:30:00Z,EarthMJ2000Eq,112440.0,2026-06-18T13:44:00Z,-3289.818866427241,1413.188071270711,-6348.941520975415,-4.93225758080817,4.283404105785885,3.454104089875194,7288.96886640683,7.389556863614731
gmat_j2,2026-06-17T06:30:00Z,EarthMJ2000Eq,112500.0,2026-06-18T13:45:00Z,-3579.50195290343,1667.42667495348,-6130.078917570106,-4.720905328908233,4.188622786893824,3.839011183170876,7291.845684243693,7.38711816880652
gmat_j2,2026-06-17T06:30:00Z,EarthMJ2000Eq,112560.0,2026-06-18T13:46:00Z,-3855.98294816634,1915.515526969561,-5888.550512251783,-4.492327198044842,4.078479351383054,4.209403487674183,7294.7125622571175,7.384719032975794
gmat_j2,2026-06-17T06:30:00Z,EarthMJ2000Eq,112620.0,2026-06-18T13:47:00Z,-4118.253970576618,2156.545495541185,-5625.267536461423,-4.247388662768716,3.953402600798328,4.56394594478052,7297.557063653276,7.382364469700325
gmat_j2,2026-06-17T06:30:00Z,EarthMJ2000Eq,112680.0,2026-06-18T13:48:00Z,-4365.360793053634,2389.634772653756,-5341.219526851343,-3.98701218211,3.813874231930414,4.901364169105283,7300.366787650049,7.380059181027309
gmat_j2,2026-06-17T06:30:00Z,EarthMJ2000Eq,112740.0,2026-06-18T13:49:00Z,-4596.406161054022,2613.931993224821,-5037.470555527439,-3.712173800189188,3.660426990689847,5.220448726692755,7303.129442943318,7.377807600162109
gmat_j2,2026-06-17T06:30:00Z,EarthMJ2000Eq,112800.0,2026-06-18T13:50:00Z,-4810.552901262281,2828.619238458581,-4715.15520993116,-3.42389957199459,3.493642659931455,5.52005920325974,7305.832920739559,7.375613935252456
gmat_j2,2026-06-17T06:30:00Z,EarthMJ2000Eq,112860.0,2026-06-18T13:51:00Z,-5007.02681109231,3032.914913945373,-4375.474334481863,-3.12326181981918,3.314149882793593,5.799128047041394,7308.465366541665,7.373482213089223
gmat_j2,2026-06-17T06:30:00Z,EarthMJ2000Eq,112920.0,2026-06-18T13:52:00Z,-5185.119316907233,3226.076490248548,-4019.690553121301,-2.811375232783741,3.122621827535055,6.056664166059762,7311.015250589452,7.37141632237256
gmat_j2,2026-06-17T06:30:00Z,EarthMJ2000Eq,112980.0,2026-06-18T13:53:00Z,-5344.189899111311,3407.403104995731,-3649.123570466214,-2.489392804203113,2.91977368887824,6.291756273497822,7313.471434977374,7.369420054046525
gmat_j2,2026-06-17T06:30:00Z,EarthMJ2000Eq,113040.0,2026-06-18T13:54:00Z,-5483.668260065338,3576.237999767015,-3265.145303492314,-2.158501649711755,2.70636005143437,6.503575941067366,7315.823239413559,7.367497140891097
gmat_j2,2026-06-17T06:30:00Z,EarthMJ2000Eq,113100.0,2026-06-18T13:55:00Z,-5603.056244475514,3731.970803043896,-2869.174819822513,-1.819918684223553,2.483172100230521,6.691380369382475,7318.060501268878,7.3656512912509235
gmat_j2,2026-06-17T06:30:00Z,EarthMJ2000Eq,113160.0,2026-06-18T13:56:00Z,-5701.929497532757,3874.039642169244,-2462.673118652903,-1.474886188957839,2.251034697241591,6.854514847913133,7320.173634092881,7.363886221203157
gmat_j2,2026-06-17T06:30:00Z,EarthMJ2000Eq,113220.0,2026-06-18T13:57:00Z,-5779.938848440819,4001.933069386681,-2047.137788290843,-1.124667298930442,2.010803342762425,6.99241488045082,7322.1536796091905,7.3622056801544264
gmat_j2,2026-06-17T06:30:00Z,EarthMJ2000Eq,113280.0,2026-06-18T13:58:00Z,-5836.811425622733,4115.191807759799,-1624.097533999351,-0.77054140719579,1.763361019433948,7.104607979757285,7323.992356145398,7.360613472469077
gmat_j2,2026-06-17T06:30:00Z,EarthMJ2000Eq,113340.0,2026-06-18T13:59:00Z,-5872.35149277899,4213.410302687945,-1195.106613151342,-0.4137995204843583,1.509614941421543,7.190715110177798,7325.682101370398,7.359113473119949
gmat_j2,2026-06-17T06:30:00Z,EarthMJ2000Eq,113400.0,2026-06-18T14:00:00Z,-5886.441005567543,4296.238076205879,-761.7391936602344,-0.05573958314893333,1.250493220624787,7.25045177326248,7327.216109725873,7.357709637676877
gmat_j2,2026-06-17T06:30:00Z,EarthMJ2000Eq,113460.0,2026-06-18T14:01:00Z,-5879.039887304239,4363.380879123,-325.5836582557662,0.3023382075633858,0.9869414661802934,7.283628730214248,7328.588364162204,7.356406006265639
gmat_j2,2026-06-17T06:30:00Z,EarthMJ2000Eq,113520.0,2026-06-18T14:02:00Z,-5850.186023883138,4414.601637544134,111.7631236265362,0.659136072435795,0.719919333711993,7.290152358575049,7329.793662037678,7.355206701397028
gmat_j2,2026-06-17T06:30:00Z,EarthMJ2000Eq,113580.0,2026-06-18T14:03:00Z,-5799.994979421616,4449.721191262724,548.7015343819786,1.013363284814399,0.4503970413587414,7.270024643519837,7330.827635071067,7.354115919623532
gmat_j2,2026-06-17T06:30:00Z,EarthMJ2000Eq,113640.0,2026-06-18T14:04:00Z,-5728.659435465382,4468.618822546996,983.6349354230331,1.363740746583613,0.1793518697998755,7.22334280718478,7331.68676328664,7.353137917052912
gmat_j2,2026-06-17T06:30:00Z,EarthMJ2000Eq,113700.0,2026-06-18T14:05:00Z,-5636.448358053082,4471.232574905436,1414.975361032547,1.709005483753552,-0.09223533622466354,7.150298582624096,7332.3683830140435,7.35227698889428
gmat_j2,2026-06-17T06:30:00Z,EarthMJ2000Eq,113760.0,2026-06-18T14:06:00Z,-5523.705897290194,4457.559362256845,1841.149160358417,2.047915043268369,-0.3633836496432492,7.051177141057983,7332.870688788302,7.3515374430013996
gmat_j2,2026-06-17T06:30:00Z,EarthMJ2000Eq,113820.0,2026-06-18T14:07:00Z,-5390.850029798605,4427.654870917049,2260.602555177123,2.379251762598605,-0.6331155020660901,6.926355688041214,7333.192729787513,7.350923568235889
gmat_j2,2026-06-17T06:30:00Z,EarthMJ2000Eq,113880.0,2026-06-18T14:08:00Z,-5238.370938730852,4381.63325379698,2671.807133621659,2.701826926226818,-0.9004600943178381,6.776301730779303,7333.334399970524,7.350439596874851
gmat_j2,2026-06-17T06:30:00Z,EarthMJ2000Eq,113940.0,2026-06-18T14:09:00Z,-5066.829170650599,4319.666628294609,3073.265171495259,3.014484723033873,-1.164456704195056,6.601571062765793,7333.296423743127,7.350089663269157
gmat_j2,2026-06-17T06:30:00Z,EarthMJ2000Eq,114000.0,2026-06-18T14:10:00Z,-4876.853527161858,4241.984367069645,3463.514906048981,3.316106103277262,-1.42415797093229,6.402805433733239,7333.0803350486885,7.349877756575723
gmat_j2,2026-06-17T06:30:00Z,EarthMJ2000Eq,114060.0,2026-06-18T14:11:00Z,-4669.138767776803,4148.872208256827,3841.135576656545,3.605612391927102,-1.678633034447878,6.1807299909042,7332.688453184055,7.349807671335394
gmat_j2,2026-06-17T06:30:00Z,EarthMJ2000Eq,114120.0,2026-06-18T14:12:00Z,-4444.443071418279,4040.671168356311,4204.752368834374,3.881968768079978,-1.926970619048689,5.936150448053997,7332.123852546557,7.349882953146733
gmat_j2,2026-06-17T06:30:00Z,EarthMJ2000Eq,114180.0,2026-06-18T14:13:00Z,-4203.585301374274,3917.776275029166,4553.041162847793,4.144187538006613,-2.168281998036569,5.669950037232278,7331.390329105227,7.350106842617261
gmat_j2,2026-06-17T06:30:00Z,EarthMJ2000Eq,114240.0,2026-06-18T14:14:00Z,-3947.442102593366,3780.635137383847,4884.733062102419,4.39133118981063,-2.401703823249714,5.383086284826919,7330.492362955206,7.350482217045873
gmat_j2,2026-06-17T06:30:00Z,EarthMJ2000Eq,114300.0,2026-06-18T14:15:00Z,-3676.944788772844,3629.746333397707,5198.618770871461,4.622515289313966,-2.626400870809255,5.076587573046011,7329.435077095299,7.351011530458524
gmat_j2,2026-06-17T06:30:00Z,EarthMJ2000Eq,114360.0,2026-06-18T14:16:00Z,-3393.07607132394,3465.657640349876,5493.552741744866,4.836911164766112,-2.841568653153187,4.751549550201867,7328.224193639214,7.3516967534335524
gmat_j2,2026-06-17T06:30:00Z,EarthMJ2000Eq,114420.0,2026-06-18T14:17:00Z,-3096.866662651295,3288.964129764659,5768.457075502095,5.033748378096516,-3.046435888387582,4.409131433422915,7326.865987926199,7.352539313274234
gmat_j2,2026-06-17T06:30:00Z,EarthMJ2000Eq,114480.0,2026-06-18T14:18:00Z,-2789.391678634498,3100.306083615519,6022.325252361064,5.212317049731575,-3.240266891063838,4.05055212115328,7325.367239542638,7.353540034461383
gmat_j2,2026-06-17T06:30:00Z,EarthMJ2000Eq,114540.0,2026-06-18T14:19:00Z,-2471.766972544004,2900.366809842351,6254.225566827797,5.371969955058991,-3.422363797244761,3.677086269251379,7323.735183562888,7.354699082237499
gmat_j2,2026-06-17T06:30:00Z,EarthMJ2000Eq,114600.0,2026-06-18T14:20:00Z,-2145.145298178219,2689.870297314676,6463.304367546048,5.512124476197675,-3.592068706364843,3.290060212616329,7321.977459280497,7.356015907744089
gmat_j2,2026-06-17T06:30:00Z,EarthMJ2000Eq,114660.0,2026-06-18T14:21:00Z,-1810.712372913006,2469.578752408036,6648.789036442069,5.632264372420897,-3.74876569920732,2.890847811336611,7320.10205959437,7.3574891978653145
gmat_j2,2026-06-17T06:30:00Z,EarthMJ2000Eq,114720.0,2026-06-18T14:22:00Z,-1469.682875642118,2240.290041818721,6809.990697193597,5.731941374504013,-3.891882729679281,2.480866259136969,7318.117279894545,7.3591168286725175
gmat_j2,2026-06-17T06:30:00Z,EarthMJ2000Eq,114780.0,2026-06-18T14:23:00Z,-1123.29629255183,2002.834984727103,6946.306703953402,5.810776645974991,-4.020893441125614,2.061571743284686,7316.031667666254,7.360895825034152
gmat_j2,2026-06-17T06:30:00Z,EarthMJ2000Eq,114840.0,2026-06-18T14:24:00Z,-772.8127224299012,1758.074567047487,7057.222843254361,5.868462075606408,-4.135318859861792,1.634455079373258,7313.853973562767,7.3628223265299795
gmat_j2,2026-06-17T06:30:00Z,EarthMJ2000Eq,114900.0,2026-06-18T14:25:00Z,-419.5086143960333,1506.897061516609,7142.315273735953,5.904761426187167,-4.234728991881393,1.201037278109173,7311.593102806101,7.364891559166136
gmat_j2,2026-06-17T06:30:00Z,EarthMJ2000Eq,114960.0,2026-06-18T14:26:00Z,-64.67239110605892,1250.215019729488,7201.252211837936,5.919511347774566,-4.318744340787665,0.762864972752299,7309.258069888443,7.367097816926941
gmat_j2,2026-06-17T06:30:00Z,EarthMJ2000Eq,115020.0,2026-06-18T14:27:00Z,290.3999199205281,988.9622215823384,7233.795323422439,5.912622238442329,-4.387037311866026,0.3215058414229269,7306.857954714548,7.369434450234056
gmat_j2,2026-06-17T06:30:00Z,EarthMJ2000Eq,115080.0,2026-06-18T14:28:00Z,644.4091438157712,724.0905138969155,7239.800848889872,5.884078968137452,-4.439333536515692,-0.1214561107399096,7304.401861106451,7.37189386376028
gmat_j2,2026-06-17T06:30:00Z,EarthMJ2000Eq,115140.0,2026-06-18T14:29:00Z,996.0574615250061,456.566566905998,7219.22043913453,5.833941451204153,-4.475413100528919,-0.5644253754292519,7301.898879434974,7.374467525244948
gmat_j2,2026-06-17T06:30:00Z,EarthMJ2000Eq,115200.0,2026-06-18T14:30:00Z,1344.052892203913,187.3685980155131,7172.101699520601,5.762345069237352,-4.495111666702171,-1.005799806239916,7299.358051009026,7.377145982242607
gmat_j2,2026-06-17T06:30:00Z,EarthMJ2000Eq,115260.0,2026-06-18T14:31:00Z,1687.113861372447,-82.51701806636552,7098.588436378458,5.669500924972323,-4.498321502668761,-1.443975677296982,7296.788336562297,7.37991889089978
gmat_j2,2026-06-17T06:30:00Z,EarthMJ2000Eq,115320.0,2026-06-18T14:32:00Z,2023.973735773755,-352.0991646273997,6998.920598745711,5.555695925368705,-4.484992390869002,-1.877352804927422,7294.198588767672,7.3827750551862374
gmat_j2,2026-06-17T06:30:00Z,EarthMJ2000Eq,115380.0,2026-06-18T14:33:00Z,2353.385358065904,-620.3854491321433,6873.433911873231,5.421292678398888,-4.45513241885054,-2.30433979125548,7291.597526601618,7.385702474911767
gmat_j2,2026-06-17T06:30:00Z,EarthMJ2000Eq,115440.0,2026-06-18T14:34:00Z,2674.125602352613,-886.3857392044879,6722.559183602069,5.266729174288699,-4.408808635280797,-2.72335943371509,7288.99371606639,7.388688407493932
gmat_j2,2026-06-17T06:30:00Z,EarthMJ2000Eq,115500.0,2026-06-18T14:35:00Z,2984.999860287512,-1149.115698722043,6546.821295009797,5.092518255342066,-4.346147558033071,-3.132854199725994,7286.395550871478,7.391719435552856
gmat_j2,2026-06-17T06:30:00Z,EarthMJ2000Eq,115560.0,2026-06-18T14:36:00Z,3284.846532267356,-1407.600385372791,6346.837842970277,4.89924682514931,-4.267335515438897,-3.531291874747323,7283.811240718014,7.394781549154661
gmat_j2,2026-06-17T06:30:00Z,EarthMJ2000Eq,115620.0,2026-06-18T14:37:00Z,3572.541419929038,-1660.877827428042,6123.317460479658,4.687574811325921,-4.172618810620746,-3.917171259089783,7281.248799249049,7.39786023276747
gmat_j2,2026-06-17T06:30:00Z,EarthMJ2000Eq,115680.0,2026-06-18T14:38:00Z,3847.002084334943,-1908.002635180979,5877.05777216039,4.458233822662828,-4.062303679623851,-4.289028004100597,7278.716037189925,7.400940563399996
gmat_j2,2026-06-17T06:30:00Z,EarthMJ2000Eq,115740.0,2026-06-18T14:39:00Z,4107.192088661287,-2148.049580898891,5608.943016099369,4.212025515555378,-3.936756037286143,-4.645440484034787,7276.220558298906,7.404007315738403
gmat_j2,2026-06-17T06:30:00Z,EarthMJ2000Eq,115800.0,2026-06-18T14:40:00Z,4352.125149216111,-2380.117171047305,5319.941296854548,3.949819619886263,-3.796400978740368,-4.985035735298064,7273.769756070922,7.407045072309065
gmat_j2,2026-06-17T06:30:00Z,EarthMJ2000Eq,115860.0,2026-06-18T14:41:00Z,4580.869158287395,-2603.331181669671,5011.101479936533,3.672551618251891,-3.641722023187782,-5.306495410153843,7271.370814985603,7.410038341390637
gmat_j2,2026-06-17T06:30:00Z,EarthMJ2000Eq,115920.0,2026-06-18T14:42:00Z,4792.550034530278,-2816.84811866294,4683.549757854509,3.381220090568597,-3.4732600975775,-5.608561676180493,7269.030711958105,7.412971676851957
gmat_j2,2026-06-17T06:30:00Z,EarthMJ2000Eq,115980.0,2026-06-18T14:43:00Z,4986.355432262004,-3019.858636852393,4338.485825690532,3.076883654255447,-3.291612213273007,-5.890043094280555,7266.756218777292,7.415829800964586
gmat_j2,2026-06-17T06:30:00Z,EarthMJ2000Eq,116040.0,2026-06-18T14:44:00Z,5161.538243140471,-3211.590858466479,3977.178722999051,2.760657539792784,-3.097429847860548,-6.149820368525387,7264.553907313472,7.41859773000005
gmat_j2,2026-06-17T06:30:00Z,EarthMJ2000Eq,116100.0,2026-06-18T14:45:00Z,5317.419872268595,-3391.313576058922,3600.96235095765,2.433709799799302,-2.891417023497962,-6.386851924341377,7262.430152653653,7.421260896699167
gmat_j2,2026-06-17T06:30:00Z,EarthMJ2000Eq,116160.0,2026-06-18T14:46:00Z,5453.393290846991,-3558.339346523099,3211.230634571289,2.097257118318859,-2.674328054076204,-6.600179298510611,7260.391138091565,7.423805273149759
gmat_j2,2026-06-17T06:30:00Z,EarthMJ2000Eq,116220.0,2026-06-18T14:47:00Z,5568.925817068072,-3712.027430770373,2809.432385023463,1.752560265647939,-2.446964980065805,-6.7889322496988,7258.442858410998,7.426217488694823
gmat_j2,2026-06-17T06:30:00Z,EarthMJ2000Eq,116280.0,2026-06-18T14:48:00Z,5663.561615970649,-3851.786572185094,2397.06586183522,1.40091919788322,-2.210174684224659,-6.952333552043092,7256.59112266478,7.428484943287524
gmat_j2,2026-06-17T06:30:00Z,EarthMJ2000Eq,116340.0,2026-06-18T14:49:00Z,5736.923895726585,-3977.077593591413,1975.67305509578,1.043667822215188,-1.964845694494776,-7.08970341480082,7254.84155522621,7.430595913931833
gmat_j2,2026-06-17T06:30:00Z,EarthMJ2000Eq,116400.0,2026-06-18T14:50:00Z,5788.716779820159,-4087.41579226806,1546.833718200016,0.6821684608521436,-1.711904689574994,-7.200463472627003,7253.199595186547,7.432539653160686
gmat_j2,2026-06-17T06:30:00Z,EarthMJ2000Eq,116460.0,2026-06-18T14:51:00Z,5818.726838863474,-4182.37311685025,1112.159175012245,0.3178060441105127,-1.452312722064465,-7.284140298088609,7251.67049337087,7.434306477848614
gmat_j2,2026-06-17T06:30:00Z,EarthMJ2000Eq,116520.0,2026-06-18T14:52:00Z,5826.824267075357,-4261.580110036377,673.2859307014539,-0.04801792924993675,-1.187061180187769,-7.340368390769847,7250.25930695699,7.435887847409437
gmat_j2,2026-06-17T06:30:00Z,EarthMJ2000Eq,116580.0,2026-06-18T14:53:00Z,5812.963690362166,-4324.727601604052,231.8691205908925,-0.4138916193810933,-0.917167515069732,-7.368892601621225,7248.970891280255,7.437276430086562
gmat_j2,2026-06-17T06:30:00Z,EarthMJ2000Eq,116640.0,2026-06-18T14:54:00Z,5777.184596327654,-4371.56813880949,-210.4241687795968,-0.7783992132739824,-0.6436707632944171,-7.369569958587127,7247.809888725446,7.43846615649056
gmat_j2,2026-06-17T06:30:00Z,EarthMJ2000Eq,116700.0,2026-06-18T14:55:00Z,5719.611379256328,-4401.917142830397,-651.9216694489488,-1.140127382149309,-0.3676268986069301,-7.342370866343891,7246.7807145766255,7.439452259611692
gmat_j2,2026-06-17T06:30:00Z,EarthMJ2000Eq,116760.0,2026-06-18T14:56:00Z,5640.452996296286,-4415.653782098511,-1090.952754539295,-1.497671775097132,-0.09010404952430211,-7.287379660980945,7245.887539799766,7.440231300768951
gmat_j2,2026-06-17T06:30:00Z,EarthMJ2000Eq,116820.0,2026-06-18T14:57:00Z,5540.002234295575,-4412.721555638331,-1525.855274399074,-1.849643494538269,0.1878223780711128,-7.204794508870989,7245.134270805933,7.440801181166553
gmat_j2,2026-06-17T06:30:00Z,EarthMJ2000Eq,116880.0,2026-06-18T14:58:00Z,5418.634590022112,-4393.128581923769,-1954.982366928534,-2.194675498983119,0.4650746327643818,-7.094926647683292,7244.52452632339,7.441161138954337
gmat_j2,2026-06-17T06:30:00Z,EarthMJ2000Eq,116940.0,2026-06-18T14:59:00Z,5276.80676972364,-4356.947591216395,-2376.709202811223,-2.531428879603628,0.7405775626077319,-6.958198976222252,7244.061611577799,7.441311731907869
gmat_j2,2026-06-17T06:30:00Z,EarthMJ2000Eq,117000.0,2026-06-18T15:00:00Z,5115.054817296481,-4304.315621890363,-2789.439626707713,-2.858598958963758,1.013263531953541,-6.795144008500105,7243.748490101284,7.441254806121782
gmat_j2,2026-06-17T06:30:00Z,EarthMJ2000Eq,117060.0,2026-06-18T15:01:00Z,4933.991882264017,-4235.433423263045,-3191.612658852796,-3.174921165090342,1.282077271256108,-6.606401214453395,7243.587753405791,7.440993451169098
gmat_j2,2026-06-17T06:30:00Z,EarthMJ2000Eq,117120.0,2026-06-18T15:02:00Z,4734.305645917637,-4150.564571553146,-3581.708813910056,-3.479176630839945,1.545980616549271,-6.392713781799394,7243.581589189201,7.440531942767047
gmat_j2,2026-06-17T06:30:00Z,EarthMJ2000Eq,117180.0,2026-06-18T15:03:00Z,4516.755415991577,-4050.034303688753,-3958.256218496422,-3.770197490991523,1.803957112906759,-6.154924829157792,7243.731748222768,7.439875673616377
gmat_j2,2026-06-17T06:30:00Z,EarthMJ2000Eq,117240.0,2026-06-18T15:04:00Z,4282.168917837273,-3934.228081707485,-4319.83647767625,-4.046871828525132,2.055016436843426,-5.893973122277247,7244.03951077365,7.43903107389219
gmat_j2,2026-06-17T06:30:00Z,EarthMJ2000Eq,117300.0,2026-06-18T15:05:00Z,4031.43879802395,-3803.589897058482,-4665.090274363609,-4.308148251784489,2.298198616971093,-5.610888335254794,7244.505652919327,7.43800552252416
gmat_j2,2026-06-17T06:30:00Z,EarthMJ2000Eq,117360.0,2026-06-18T15:06:00Z,3765.518865270909,-3658.620328523924,-4992.722671593334,-4.553040077007058,2.532578024976469,-5.306785909662189,7245.13041348751,7.436807250858078
gmat_j2,2026-06-17T06:30:00Z,EarthMJ2000Eq,117420.0,2026-06-18T15:07:00Z,3485.420092736545,-3499.87436811926,-5301.508095450557,-4.78062910067069,2.757267116476107,-4.982861564464585,7245.913462193543,7.435445240225925
gmat_j2,2026-06-17T06:30:00Z,EarthMJ2000Eq,117480.0,2026-06-18T15:08:00Z,3192.206406509521,-3327.959030452256,-5590.294979495067,-4.990068952121789,2.971419905681747,-4.640385510459253,7246.853869638666,7.4339291151107805
gmat_j2,2026-06-17T06:30:00Z,EarthMJ2000Eq,117540.0,2026-06-18T15:09:00Z,2886.990285646089,-3143.530761893107,-5858.010054520752,-5.180588022653326,3.174235162145453,-4.280696422643303,7247.950079798382,7.432269033605474
gmat_j2,2026-06-17T06:30:00Z,EarthMJ2000Eq,117600.0,2026-06-18T15:10:00Z,2570.928199140666,-2947.292666471825,-6103.662270697069,-5.35149197267931,3.36495932222726,-3.905195222361799,7249.199885622286,7.430475576882858
gmat_j2,2026-06-17T06:30:00Z,EarthMJ2000Eq,117660.0,2026-06-18T15:11:00Z,2245.215904971277,-2739.991565737507,-6326.346342173602,-5.502165823522128,3.542889112006065,-3.515338718556172,7250.600408337366,7.428559639370624
gmat_j2,2026-06-17T06:30:00Z,EarthMJ2000Eq,117720.0,2026-06-18T15:12:00Z,1911.08363583984,-2522.414909896717,-6525.245907091034,-5.632075644525674,3.707373882067529,-3.1126331540557,7252.1480810069215,7.426532321266937
gmat_j2,2026-06-17T06:30:00Z,EarthMJ2000Eq,117780.0,2026-06-18T15:13:00Z,1569.791195495897,-2295.387557434853,-6699.63629857412,-5.740769849642262,3.857817657851063,-2.698627698837297,7253.8386368498095,7.424404824948662
gmat_j2,2026-06-17T06:30:00Z,EarthMJ2000Eq,117840.0,2026-06-18T15:14:00Z,1222.622988437461,-2059.768440005261,-6848.886924716005,-5.827880120303393,3.99368091202053,-2.274907927463422,7255.667102744123,7.422188356684337
gmat_j2,2026-06-17T06:30:00Z,EarthMJ2000Eq,117900.0,2026-06-18T15:15:00Z,870.8830064411537,-1816.447130111186,-6972.463257059621,-5.893121972883288,4.11448206689385,-1.84308931523823,7257.627798285305,7.419894034958737
gmat_j2,2026-06-17T06:30:00Z,EarthMJ2000Eq,117960.0,2026-06-18T15:16:00Z,515.8897834457692,-1566.34032109439,-7069.928432733374,-5.936294992122924,4.219798740273143,-1.404810769519222,7259.714341082684,7.417532806807915
gmat_j2,2026-06-17T06:30:00Z,EarthMJ2000Eq,118020.0,2026-06-18T15:17:00Z,158.9713685422258,-1310.388255570381,-7140.944463069752,-5.95728274485244,4.309268735480841,-0.961728256276235,7261.91965674363,7.415115371700524
gmat_j2,2026-06-17T06:30:00Z,EarthMJ2000Eq,118080.0,2026-06-18T15:18:00Z,-198.5397289306828,-1049.551072117241,-7185.273074628483,-5.956052404319987,4.382590808475645,-0.5155084612459261,7264.235997951015,7.412652117235588
gmat_j2,2026-06-17T06:30:00Z,EarthMJ2000Eq,118140.0,2026-06-18T15:19:00Z,-555.31150490547,-784.8051542526549,-7202.776158868081,-5.932654089876745,4.439525192725924,-0.06782262350092069,7266.654965827148,7.41015306152565
gmat_j2,2026-06-17T06:30:00Z,EarthMJ2000Eq,118200.0,2026-06-18T15:20:00Z,-910.0174474620233,-517.1394045899777,-7193.415866361624,-5.887219950077515,4.479893927263676,0.379659604787507,7269.167541396203,7.4076278089299326
gmat_j2,2026-06-17T06:30:00Z,EarthMJ2000Eq,118260.0,2026-06-18T15:21:00Z,-1261.341392683237,-247.5515558712827,-7157.2543298368,-5.819963000219013,4.503580966485161,0.8252760936307709,7271.764120464717,7.405085514450469
gmat_j2,2026-06-17T06:30:00Z,EarthMJ2000Eq,118320.0,2026-06-18T15:22:00Z,-1607.982347937078,22.95555133804809,-7094.45303796076,-5.731175727657964,4.51053210418879,1.267378100425736,7274.434555100838,7.4025348586583695
gmat_j2,2026-06-17T06:30:00Z,EarthMJ2000Eq,118380.0,2026-06-18T15:23:00Z,-1948.65922791827,293.3776838858581,-7005.27185628175,-5.621228471102856,4.500754707377252,1.704336010048762,7277.168201461775,7.399984033460124
gmat_j2,2026-06-17T06:30:00Z,EarthMJ2000Eq,118440.0,2026-06-18T15:24:00Z,-2282.115445443478,562.7128771287945,-6890.067716751611,-5.490567598953019,4.474317268452452,2.134544888442812,7279.953971684232,7.397440737053719
gmat_j2,2026-06-17T06:30:00Z,EarthMJ2000Eq,118500.0,2026-06-18T15:25:00Z,-2607.123426583959,829.9650950891087,-6749.292969898777,-5.339713473537583,4.431348782822369,2.556429950976129,7282.780390347783,7.394912177216705
gmat_j2,2026-06-17T06:30:00Z,EarthMJ2000Eq,118560.0,2026-06-18T15:26:00Z,-2922.488993498371,1094.147845142515,-6583.493411992827,-5.169258214829441,4.372037952120506,2.96845188540079,7285.63565723006,7.392405085106147
gmat_j2,2026-06-17T06:30:00Z,EarthMJ2000Eq,118620.0,2026-06-18T15:27:00Z,-3227.055573870957,1354.287712394052,-6393.30601140989,-4.979863283831041,4.296632221072071,3.369111986486299,7288.5077101093175,7.389925733475868
gmat_j2,2026-06-17T06:30:00Z,EarthMJ2000Eq,118680.0,2026-06-18T15:28:00Z,-3519.708312803632,1609.427875355881,-6179.456305989768,-4.77225684887128,4.205436638334659,3.756957209802042,7291.384294551224,7.387479964570455
gmat_j2,2026-06-17T06:30:00Z,EarthMJ2000Eq,118740.0,2026-06-18T15:29:00Z,-3799.377967353693,1858.631503099132,-5942.75553126094,-4.547230990740876,4.098812558563895,4.13058499606367,7294.253032864826,7.3850732212417265
gmat_j2,2026-06-17T06:30:00Z,EarthMJ2000Eq,118800.0,2026-06-18T15:30:00Z,-4065.044664786086,2100.985100933276,-5684.097442185244,-4.305638700405616,3.977176169518325,4.488647977230939,7297.101496711298,7.38271058387869
gmat_j2,2026-06-17T06:30:00Z,EarthMJ2000Eq,118860.0,2026-06-18T15:31:00Z,-4315.741460888419,2335.601750592673,-5404.454866207715,-4.048390700278961,3.840996854191277,4.829858484626275,7299.917280043598,7.380396810302877
gmat_j2,2026-06-17T06:30:00Z,EarthMJ2000Eq,118920.0,2026-06-18T15:32:00Z,-4550.557702634516,2561.624247439944,-5104.875991976555,-3.776452085342419,3.6907953863393,5.152992865953605,7302.688072452308,7.3781363780618285
gmat_j2,2026-06-17T06:30:00Z,EarthMJ2000Eq,118980.0,2026-06-18T15:33:00Z,-4768.642186017594,2778.228126230183,-4786.480403294812,-3.490838786548936,3.52714195919466,5.456895598906878,7305.401732332617,7.375933528127491
gmat_j2,2026-06-17T06:30:00Z,EarthMJ2000Eq,119040.0,2026-06-18T15:34:00Z,-4969.206095707832,2984.62456290374,-4450.454873580399,-3.192613864776957,3.350654050288734,5.740483181659681,7308.046358971989,7.373792308791997
gmat_j2,2026-06-17T06:30:00Z,EarthMJ2000Eq,119100.0,2026-06-18T15:35:00Z,-5151.525717602332,3180.063143567641,-4098.048933819889,-2.88288364212467,3.161994124930801,6.002747784902879,7310.610363039317,7.371716618894362
gmat_j2,2026-06-17T06:30:00Z,EarthMJ2000Eq,119160.0,2026-06-18T15:36:00Z,-5314.944914581463,3363.834490925017,-3730.570229015168,-2.562793680112392,2.961867182594295,6.242760647846542,7313.082534812964,7.3697102494232745
gmat_j2,2026-06-17T06:30:00Z,EarthMJ2000Eq,119220.0,2026-06-18T15:37:00Z,-5458.877356644718,3535.27273891287,-3349.379678984883,-2.233524616124361,2.751018151812968,6.459675200782933,7315.4521095681985,7.367776922657739
gmat_j2,2026-06-17T06:30:00Z,EarthMJ2000Eq,119280.0,2026-06-18T15:38:00Z,-5582.808497308798,3693.757846664199,-2955.886460442284,-1.896287871412649,2.530229140729796,6.652729897097508,7317.708829575188,7.365920328078493
gmat_j2,2026-06-17T06:30:00Z,EarthMJ2000Eq,119340.0,2026-06-18T15:39:00Z,-5686.297289005859,3838.717743378252,-2551.542828314282,-1.552321245947921,2.300316552042894,6.821250738405445,7319.843002210119,7.36414415437535
gmat_j2,2026-06-17T06:30:00Z,EarthMJ2000Eq,119400.0,2026-06-18T15:40:00Z,-5768.977631224352,3969.630296328299,-2137.838794913089,-1.202884416972525,2.062128072490085,6.964653477816136,7321.845553692722,7.36245211692432
gmat_j2,2026-06-17T06:30:00Z,EarthMJ2000Eq,119460.0,2026-06-18T15:41:00Z,-5830.559546022324,4086.02509450421,-1716.296687957703,-0.8492543610331786,1.816539549419975,7.082445487627449,7323.70807813397,7.360847980331832
gmat_j2,2026-06-17T06:30:00Z,EarthMJ2000Eq,119520.0,2026-06-18T15:42:00Z,-5870.830077330503,4187.485042289128,-1288.46560507148,-0.4927207172255136,1.564451766002444,7.174227280994401,7325.42288142711,7.359335575491562
gmat_j2,2026-06-17T06:30:00Z,EarthMJ2000Eq,119580.0,2026-06-18T15:43:00Z,-5889.653910614068,4273.647757387857,-855.9157841523431,-0.1345811115822928,1.30678712843571,7.239693678049195,7326.983019674535,7.357918810820452
gmat_j2,2026-06-17T06:30:00Z,EarthMJ2000Eq,119640.0,2026-06-18T15:44:00Z,-5886.973711254796,4344.206764646808,-420.2329325598626,0.2238635176997449,1.044486293500121,7.278634607995426,7328.3823323170045,7.356601677987959
gmat_j2,2026-06-17T06:30:00Z,EarthMJ2000Eq,119700.0,2026-06-18T15:45:00Z,-5862.810183621844,4398.912490347735,16.98750340524409,0.5813136051273855,0.7785047287911507,7.290935550403987,7329.615468917128,7.3553882508268105
gmat_j2,2026-06-17T06:30:00Z,EarthMJ2000Eq,119760.0,2026-06-18T15:46:00Z,-5817.261847195267,4437.57304787709,454.1460903509194,0.9364756162232024,0.5098092317862544,7.27657760775934,7330.677910361353,7.354282678435727
gmat_j2,2026-06-17T06:30:00Z,EarthMJ2000Eq,119820.0,2026-06-18T15:47:00Z,-5750.5045395052,4460.054809922626,889.6451077921764,1.288066615468356,0.2393744567118559,7.235637216005488,7331.565984440324,7.35328917274806
gmat_j2,2026-06-17T06:30:00Z,EarthMJ2000Eq,119880.0,2026-06-18T15:48:00Z,-5662.79064331453,4466.28277682322,1321.89426554991,1.634818796337122,-0.03182058904055059,7.168285499652161,7332.276874331196,7.3524119886787815
gmat_j2,2026-06-17T06:30:00Z,EarthMJ2000Eq,119940.0,2026-06-18T15:49:00Z,-5554.448041137522,4456.240732738102,1749.316374477011,1.975483917224377,-0.3027960364808185,7.074787273443413,7332.80862206454,7.351655399391184
gmat_j2,2026-06-17T06:30:00Z,EarthMJ2000Eq,120000.0,2026-06-18T15:50:00Z,-5425.878821181647,4429.971194598503,2170.352891761469,2.308837577866072,-0.5725745808907714,6.955499718530133,7333.160126568722,7.3510236665461415
gmat_j2,2026-06-17T06:30:00Z,EarthMJ2000Eq,120060.0,2026-06-18T15:51:00Z,-5277.557709581464,4387.575153553001,2583.469452090369,2.633683423093291,-0.8401849094207502,6.810870719280943,7333.331133661053,7.3505210026128935
gmat_j2,2026-06-17T06:30:00Z,EarthMJ2000Eq,120120.0,2026-06-18T15:52:00Z,-5110.030275512346,4329.211617633005,2987.16122723959,2.948857147979558,-1.104665027625268,6.641436911015597,7333.3222242326765,7.350151532141964
gmat_j2,2026-06-17T06:30:00Z,EarthMJ2000Eq,120180.0,2026-06-18T15:53:00Z,-4923.910889368934,4255.096953514479,3379.958190427398,3.253230365200991,-1.365065532051084,6.447821429585764,7333.1347934762125,7.349919244705012
gmat_j2,2026-06-17T06:30:00Z,EarthMJ2000Eq,120240.0,2026-06-18T15:54:00Z,-4719.880446237538,4165.504031007159,3760.430252074331,3.545714309688922,-1.620452806766473,6.230731383422992,7332.771027369406,7.349827946099304
gmat_j2,2026-06-17T06:30:00Z,EarthMJ2000Eq,120300.0,2026-06-18T15:55:00Z,-4498.683901838572,4060.761191187369,4127.192180093298,3.825263316430264,-1.869912085916917,5.990955107135937,7332.233874607264,7.349881206169484
gmat_j2,2026-06-17T06:30:00Z,EarthMJ2000Eq,120360.0,2026-06-18T15:56:00Z,-4261.1275638667,3941.251014920197,4478.908421882998,4.090878165972555,-2.11255046168939,5.729359145620816,7331.527012142046,7.350082301683697
gmat_j2,2026-06-17T06:30:00Z,EarthMJ2000Eq,120420.0,2026-06-18T15:57:00Z,-4008.076233705561,3807.408936328651,4814.297667939893,4.341609180668989,-2.347499731549735,5.446885079608338,7330.654809712576,7.3504341598136405
gmat_j2,2026-06-17T06:30:00Z,EarthMJ2000Eq,120480.0,2026-06-18T15:58:00Z,-3740.450121348319,3659.721664764528,5132.137285515563,4.576559176020925,-2.573919175648538,5.144546116547627,7329.622288441647,7.350939297782144
gmat_j2,2026-06-17T06:30:00Z,EarthMJ2000Eq,120540.0,2026-06-18T15:59:00Z,-3459.221631193406,3498.725465971889,5431.267486955959,4.794886173079417,-2.790998174784154,4.823423561757264,7328.435078161058,7.351599763354353
gmat_j2,2026-06-17T06:30:00Z,EarthMJ2000Eq,120600.0,2026-06-18T16:00:00Z,-3165.411965254556,3325.004276036827,5710.595314712147,4.995805942573469,-2.997958730786156,4.484663116442352,7327.099371091689,7.352417074359136
gmat_j2,2026-06-17T06:30:00Z,EarthMJ2000Eq,120660.0,2026-06-18T16:01:00Z,-2860.087584418475,3139.187670221878,5969.098392715855,5.178594352796278,-3.194057860148317,4.12947105191916,7325.621874035048,7.3533921596381004
gmat_j2,2026-06-17T06:30:00Z,EarthMJ2000Eq,120720.0,2026-06-18T16:02:00Z,-2544.356550374307,2941.948701697889,6205.82843234446,5.342589523730782,-3.378589857969226,3.75911028894934,7324.009759042477,7.354525301604123
gmat_j2,2026-06-17T06:30:00Z,EarthMJ2000Eq,120780.0,2026-06-18T16:03:00Z,-2219.36470564099,2734.001584320123,6419.914529266553,5.487193823438626,-3.550888467462848,3.374896332564189,7322.270612507957,7.355816081163183
gmat_j2,2026-06-17T06:30:00Z,EarthMJ2000Eq,120840.0,2026-06-18T16:04:00Z,-1886.291783392659,2516.099276323884,6610.566179856075,5.611875667405667,-3.710328908103599,2.978193167454748,7320.412384467775,7.357263326496014
gmat_j2,2026-06-17T06:30:00Z,EarthMJ2000Eq,120900.0,2026-06-18T16:05:00Z,-1546.347398355649,2289.030936254422,6777.076064164668,5.716171164910015,-3.856329805515604,2.570409053383226,7318.443337418467,7.3588650658353005
gmat_j2,2026-06-17T06:30:00Z,EarthMJ2000Eq,120960.0,2026-06-18T16:06:00Z,-1200.766914292339,2053.619246301943,6918.822586543424,5.799685614394658,-3.988355026795452,2.152992207412442,7316.371995415784,7.3606184856138
gmat_j2,2026-06-17T06:30:00Z,EarthMJ2000Eq,121020.0,2026-06-18T16:07:00Z,-850.8072773082341,1810.717662688415,7035.272130366018,5.862094829462453,-4.105915391177556,1.727426471089158,7314.207094784591,7.362519894855206
gmat_j2,2026-06-17T06:30:00Z,EarthMJ2000Eq,121080.0,2026-06-18T16:08:00Z,-497.7427374963547,1561.207541860787,7125.981067806705,5.903146329449023,-4.208570298751612,1.295226858888991,7311.95753545061,7.364564696057001
gmat_j2,2026-06-17T06:30:00Z,EarthMJ2000Eq,121140.0,2026-06-18T16:09:00Z,-142.8605153827993,1305.995179829421,7190.597494678412,5.922660381639606,-4.295929258492162,0.8579350423845725,7309.632334602649,7.366747364146801
gmat_j2,2026-06-17T06:30:00Z,EarthMJ2000Eq,121200.0,2026-06-18T16:10:00Z,212.5435905812473,1046.008762147798,7228.862692126393,5.920530900838358,-4.367653323101152,0.4171147508485353,7307.240582463669,7.369061433720974
gmat_j2,2026-06-17T06:30:00Z,EarthMJ2000Eq,121260.0,2026-06-18T16:11:00Z,567.1696374711427,782.1952370627005,7240.612309295022,5.896726205828836,-4.423456429389414,-0.0256529060200057,7304.791400174772,7.371499494729845
gmat_j2,2026-06-17T06:30:00Z,EarthMJ2000Eq,121320.0,2026-06-18T16:12:00Z,919.7180453564335,515.5170865992412,7225.777264205017,5.851289627837925,-4.463106650369761,-0.4687742522864062,7302.293901332113,7.374053198955453
gmat_j2,2026-06-17T06:30:00Z,EarthMJ2000Eq,121380.0,2026-06-18T16:13:00Z,1268.894083438807,246.9490650838326,7184.384351055984,5.784339968537635,-4.486427340588609,-0.9106478968019419,7299.75715619567,7.376713275297661
gmat_j2,2026-06-17T06:30:00Z,EarthMJ2000Eq,121440.0,2026-06-18T16:14:00Z,1613.412420396775,-22.52515893398346,7116.556554300451,5.696071795602808,-4.493298186580644,-1.349669746373287,7297.190158659174,7.379469555358707
gmat_j2,2026-06-17T06:30:00Z,EarthMJ2000Eq,121500.0,2026-06-18T16:15:00Z,1952.001687338127,-291.9164210137969,7022.513055490043,5.58675556257697,-4.483656145043359,-1.784238135997288,7294.601798505282,7.382311011391817
gmat_j2,2026-06-17T06:30:00Z,EarthMJ2000Eq,121560.0,2026-06-18T16:16:00Z,2283.409001314071,-560.2334996930967,6902.568937153324,5.456737552446205,-4.457496260248306,-2.212759027709153,7292.000834723929,7.38522580163346
gmat_j2,2026-06-17T06:30:00Z,EarthMJ2000Eq,121620.0,2026-06-18T16:17:00Z,2606.404542849974,-826.4866506927367,6757.134555058085,5.306439601262293,-4.414872350639238,-2.6336514141733,7289.395874825451,7.388201329529441
gmat_j2,2026-06-17T06:30:00Z,EarthMJ2000Eq,121680.0,2026-06-18T16:18:00Z,2919.786045993466,-1089.691126407906,6586.714602945241,5.136358621610936,-4.355897551898748,-3.045352761183933,7286.795356396553,7.39122431079487
gmat_j2,2026-06-17T06:30:00Z,EarthMJ2000Eq,121740.0,2026-06-18T16:19:00Z,3222.383292273534,-1348.870755090477,6391.906834191441,4.947065872858118,-4.280744698399419,-3.446324619267673,7284.207532274546,7.394280851079613
gmat_j2,2026-06-17T06:30:00Z,EarthMJ2000Eq,121800.0,2026-06-18T16:20:00Z,3513.062557848436,-1603.061542504852,6173.400435638812,4.739205962310287,-4.189646522203089,-3.835058350395393,7281.64045961898,7.397356533596529
gmat_j2,2026-06-17T06:30:00Z,EarthMJ2000Eq,121860.0,2026-06-18T16:21:00Z,3790.730953510351,-1851.315246142093,5931.974081878883,4.513495588549431,-4.082895665947019,-4.210080896863803,7279.101992044243,7.400436514490321
gmat_j2,2026-06-17T06:30:00Z,EarthMJ2000Eq,121920.0,2026-06-18T16:22:00Z,4054.340717300487,-2092.702975875452,5668.493615312563,4.270721957750936,-3.960844471664315,-4.569960675695881,7276.5997735232,7.403505625481519
gmat_j2,2026-06-17T06:30:00Z,EarthMJ2000Eq,121980.0,2026-06-18T16:23:00Z,4302.893394801525,-2326.31876848637,5383.909375534872,4.011740879950333,-3.823904536596918,-4.913313513206036,7274.141237535248,7.406548485760706
gmat_j2,2026-06-17T06:30:00Z,EarthMJ2000Eq,122040.0,2026-06-18T16:24:00Z,4535.443875137924,-2551.283110293468,5079.253188984077,3.737474539084909,-3.672546023684105,-5.238808573283221,7271.733604251446,7.409549614780351
gmat_j2,2026-06-17T06:30:00Z,EarthMJ2000Eq,122100.0,2026-06-18T16:25:00Z,4751.104313406147,-2766.746438229539,4755.634974924474,3.448908880308044,-3.507296690141707,-5.545174313777664,7269.3838848314535,7.412493555310942
gmat_j2,2026-06-17T06:30:00Z,EarthMJ2000Eq,122160.0,2026-06-18T16:26:00Z,4949.047851767679,-2971.892542807677,4414.239032680842,3.147090660640011,-3.328740647064258,-5.831204341008916,7267.098882134827,7.415364993599882
gmat_j2,2026-06-17T06:30:00Z,EarthMJ2000Eq,122220.0,2026-06-18T16:27:00Z,5128.512188205866,-3165.941923000073,4056.319930282184,2.833124078283706,-3.137516795636965,-6.095763216476512,7264.885195320706,7.418148884809675
gmat_j2,2026-06-17T06:30:00Z,EarthMJ2000Eq,122280.0,2026-06-18T16:28:00Z,5288.802899802669,-3348.155005524366,3683.198101026357,2.508167066111221,-2.934316979441954,-6.337792067783085,7262.749225009987,7.420830577625426
gmat_j2,2026-06-17T06:30:00Z,EarthMJ2000Eq,122340.0,2026-06-18T16:29:00Z,5429.296547988108,-3517.835260389549,3296.255080313741,2.173427181920293,-2.719883805694468,-6.556314023622259,7260.6971758729715,7.423395935010802
gmat_j2,2026-06-17T06:30:00Z,EarthMJ2000Eq,122400.0,2026-06-18T16:30:00Z,5549.443530666034,-3674.332181642587,2896.928411487687,1.830157117012536,-2.495008139713543,-6.750439401434953,7258.735062143407,7.425831455307477
gmat_j2,2026-06-17T06:30:00Z,EarthMJ2000Eq,122460.0,2026-06-18T16:31:00Z,5648.77063619885,-3817.044086669094,2486.706298420069,1.479649889727123,-2.260526307502265,-6.919370557090477,7256.868710026378,7.428124385698579
gmat_j2,2026-06-17T06:30:00Z,EarthMJ2000Eq,122520.0,2026-06-18T16:32:00Z,5726.883317277025,-3945.420761892844,2067.121918867466,1.123233652159106,-2.017316953622002,-7.062406402149696,7255.10375842712,7.4302628296607685
gmat_j2,2026-06-17T06:30:00Z,EarthMJ2000Eq,122580.0,2026-06-18T16:33:00Z,5783.467634636319,-4058.965898402654,1639.747512785865,0.7622662146039628,-1.76629761580267,-7.178946487076519,7253.4456605787655,7.432235848910148
gmat_j2,2026-06-17T06:30:00Z,EarthMJ2000Eq,122640.0,2026-06-18T16:34:00Z,5818.2918619272,-4157.239310292757,1206.188249983094,0.3981293006359561,-1.508421019826173,-7.268494613380436,7251.899679946557,7.434033552373752
gmat_j2,2026-06-17T06:30:00Z,EarthMJ2000Eq,122700.0,2026-06-18T16:35:00Z,5831.207745412045,-4239.858935647856,768.075849250785,0.0322225219601795,-1.244671081732098,-7.330661945597234,7250.4708864010145,7.435647177835232
gmat_j2,2026-06-17T06:30:00Z,EarthMJ2000Eq,122760.0,2026-06-18T16:36:00Z,5822.151390352486,-4306.502576198924,327.0620866799023,-0.3340427950117638,-0.9760587042658143,-7.365169551288279,7249.164149026752,7.4370691607848
gmat_j2,2026-06-17T06:30:00Z,EarthMJ2000Eq,122820.0,2026-06-18T16:37:00Z,5791.143773303071,-4356.90938807461,-115.1878847869477,-0.6992499783443649,-0.7036173300818668,-7.371850357411377,7247.984124414271,7.438293189399862
gmat_j2,2026-06-17T06:30:00Z,EarthMJ2000Eq,122880.0,2026-06-18T16:38:00Z,5738.290872420157,-4390.881094894517,-557.0022671651741,-1.061983441013806,-0.4283983458827392,-7.350650483452479,7246.935245442014,7.439314249419953
gmat_j2,2026-06-17T06:30:00Z,EarthMJ2000Eq,122940.0,2026-06-18T16:39:00Z,5663.783404579494,-4408.28292309414,-996.7094501403348,-1.420835191854151,-0.1514663196998144,-7.301629930982139,7246.021702426273,7.440128650596632
gmat_j2,2026-06-17T06:30:00Z,EarthMJ2000Eq,123000.0,2026-06-18T16:40:00Z,5567.896174870135,-4409.044247820732,-1432.644849380329,-1.774411326405707,0.1261058549391972,-7.224962619876254,7245.2474255770285,7.440734043126119
gmat_j2,2026-06-17T06:30:00Z,EarthMJ2000Eq,123060.0,2026-06-18T16:41:00Z,5450.987043652325,-4393.158945056519,-1863.157700801252,-2.121338434819434,0.4032418610300335,-7.120935770288074,7244.616061921475,7.441129416835682
gmat_j2,2026-06-17T06:30:00Z,EarthMJ2000Eq,123120.0,2026-06-18T16:42:00Z,5313.495496644807,-4360.685447615058,-2286.617861809048,-2.460269946267258,0.6788669226810188,-6.989948619438581,7244.1309493858935,7.441315086032013
gmat_j2,2026-06-17T06:30:00Z,EarthMJ2000Eq,123180.0,2026-06-18T16:43:00Z,5155.940860096004,-4311.746507469523,-2701.422444876633,-2.789892248098388,0.9519127041130822,-6.832510515347065,7243.795091191247,7.441292662876496
gmat_j2,2026-06-17T06:30:00Z,EarthMJ2000Eq,123240.0,2026-06-18T16:44:00Z,4978.920136285853,-4246.528660387129,-3106.002370407818,-3.108930630886131,1.221322183281348,-6.649238376067538,7243.6111237407695,7.4410650128060585
gmat_j2,2026-06-17T06:30:00Z,EarthMJ2000Eq,123300.0,2026-06-18T16:45:00Z,4783.105498092849,-4165.281403848273,-3498.828730363551,-3.416154956328998,1.486054414157393,-6.440853567349565,7243.581287149866,7.440636201530584
gmat_j2,2026-06-17T06:30:00Z,EarthMJ2000Eq,123360.0,2026-06-18T16:46:00Z,4569.241462850709,-4068.316097284847,-3878.418925726325,-3.710385005512106,1.745089139184216,-6.208178238862254,7243.70739170856,7.440011427297045
gmat_j2,2026-06-17T06:30:00Z,EarthMJ2000Eq,123420.0,2026-06-18T16:47:00Z,4338.14172956956,-3956.004579606047,-4243.342619006512,-3.990495529521455,1.99743126756052,-5.952131123962936,7243.990784227561,7.439196942991053
gmat_j2,2026-06-17T06:30:00Z,EarthMJ2000Eq,123480.0,2026-06-18T16:48:00Z,4090.685743995603,-3828.777532279546,-4592.227381357385,-4.25542090135437,2.24211512830896,-5.6737228955144,7244.432315227054,7.438199969842156
gmat_j2,2026-06-17T06:30:00Z,EarthMJ2000Eq,123540.0,2026-06-18T16:49:00Z,3827.815003435157,-3687.122598381336,-4923.764043016209,-4.504159373848267,2.478208494994868,-5.374051118005818,7245.032305470898,7.437028602111836
gmat_j2,2026-06-17T06:30:00Z,EarthMJ2000Eq,123600.0,2026-06-18T16:50:00Z,3550.529085488278,-3531.582250060647,-5236.711772831757,-4.735776963125866,2.704816395524206,-5.054294803172181,7245.790513640066,7.435691705237887
gmat_j2,2026-06-17T06:30:00Z,EarthMJ2000Eq,123660.0,2026-06-18T16:51:00Z,3259.881491043183,-3362.75145378245,-5529.902776801702,-4.949410878418526,2.921084626548884,-4.715708696842837,7246.706106669504,7.434198810386163
gmat_j2,2026-06-17T06:30:00Z,EarthMJ2000Eq,123720.0,2026-06-18T16:52:00Z,2956.975276209335,-3181.275123166409,-5802.246668213071,-5.144272545782233,3.12620300867807,-4.359617293490827,7247.777631259143,7.432560004632382
gmat_j2,2026-06-17T06:30:00Z,EarthMJ2000Eq,123780.0,2026-06-18T16:53:00Z,2642.95851840244,-2987.845386595724,-6052.734469094604,-5.319650206118736,3.319408355448672,-3.987408653144698,7249.002989209158,7.430785820682412
gmat_j2,2026-06-17T06:30:00Z,EarthMJ2000Eq,123840.0,2026-06-18T16:54:00Z,2319.01964079496,-2783.198686229571,-6280.442233856746,-5.47491109413091,3.499987152943123,-3.600528069455585,7250.379415881234,7.428887126504358
gmat_j2,2026-06-17T06:30:00Z,EarthMJ2000Eq,123900.0,2026-06-18T16:55:00Z,1986.382617329338,-2568.112724345572,-6484.534290834167,-5.609503210654776,3.667277952127486,-3.200471632723263,7251.903462979769,7.426875017150412
gmat_j2,2026-06-17T06:30:00Z,EarthMJ2000Eq,123960.0,2026-06-18T16:56:00Z,1646.302083502505,-2343.403274836884,-6664.266095319096,-5.722956700791694,3.820673475919854,-2.788779731989724,7253.570985926901,7.424760710103103
gmat_j2,2026-06-17T06:30:00Z,EarthMJ2000Eq,124020.0,2026-06-18T16:57:00Z,1300.058375848945,-2109.920876679269,-6818.986691891673,-5.814884854411779,3.959622447104442,-2.367030534302741,7255.377136349133,7.422555445667105
gmat_j2,2026-06-17T06:30:00Z,EarthMJ2000Eq,124080.0,2026-06-18T16:58:00Z,948.9525222706598,-1868.547425900116,-6948.140785672371,-5.884984747333427,4.083631145246216,-1.936833474799233,7257.3163600524995,7.420270393717124
gmat_j2,2026-06-17T06:30:00Z,EarthMJ2000Eq,124140.0,2026-06-18T16:59:00Z,594.3012041891396,-1620.192682018373,-7051.270424034719,-5.933037542699182,4.192264702487883,-1.499822786347153,7259.382400799212,7.417916567962322
gmat_j2,2026-06-17T06:30:00Z,EarthMJ2000Eq,124200.0,2026-06-18T17:00:00Z,237.4317103189401,-1365.790704303601,-7128.016291893049,-5.958908472487713,4.285148149220897,-1.057651092695863,7261.568310118679,7.41550474870982
gmat_j2,2026-06-17T06:30:00Z,EarthMJ2000Eq,124260.0,2026-06-18T17:01:00Z,-120.3230994083692,-1106.296232464727,-7178.118624981805,-5.962546518821397,4.361967221187354,-0.6119830844246161,7263.866463291266,7.413045414904994
gmat_j2,2026-06-17T06:30:00Z,EarthMJ2000Eq,124320.0,2026-06-18T17:02:00Z,-477.6298017124247,-842.681026190135,-7201.417746545638,-5.943983813900185,4.422468939496927,-0.164489293673195,7266.268581579348,7.410548686059323
gmat_j2,2026-06-17T06:30:00Z,EarthMJ2000Eq,124380.0,2026-06-18T17:03:00Z,-833.1593758232949,-575.9301749400283,-7197.854233871365,-5.903334775860229,4.466461975160586,0.2831600239764198,7268.765760704403,7.408024274434747
gmat_j2,2026-06-17T06:30:00Z,EarthMJ2000Eq,124440.0,2026-06-18T17:04:00Z,-1185.59210724223,-307.0383940488197,-7167.468720803269,-5.840794996160361,4.493816807467231,0.7293008860454105,7271.348505185843,7.405481447457248
gmat_j2,2026-06-17T06:30:00Z,EarthMJ2000Eq,124500.0,2026-06-18T17:05:00Z,-1533.622419387539,-37.00631607022969,-7110.401344898994,-5.756639892857846,4.50446568687845,1.172281457451429,7274.006769189769,7.402929001131389
gmat_j2,2026-06-17T06:30:00Z,EarthMJ2000Eq,124560.0,2026-06-18T17:06:00Z,-1875.963609803416,233.1632039157462,-7026.890846847164,-5.651223142416681,4.49840240918616,1.610467785949595,7276.730001757064,7.40037524250893
gmat_j2,2026-06-17T06:30:00Z,EarthMJ2000Eq,124620.0,2026-06-18T17:07:00Z,-2211.352514280122,502.4687862318156,-6917.273323897257,-5.524974890668812,4.475681908551435,2.04224944155415,7279.507199052069,7.39782798330589
gmat_j2,2026-06-17T06:30:00Z,EarthMJ2000Eq,124680.0,2026-06-18T17:08:00Z,-2538.554011304787,769.9141585355251,-6781.980659431495,-5.378399770107769,4.436419673363909,2.466044961057551,7282.326959477166,7.395294541481291
gmat_j2,2026-06-17T06:30:00Z,EarthMJ2000Eq,124740.0,2026-06-18T17:09:00Z,-2856.36544117108,1034.511778778844,-6621.538620457181,-5.212074706538004,4.38079098998922,2.880307204397941,7285.177544586996,7.392781752237154
gmat_j2,2026-06-17T06:30:00Z,EarthMJ2000Eq,124800.0,2026-06-18T17:10:00Z,-3163.620869052699,1295.28639301685,-6436.564642683509,-5.026646534969242,4.309030016120659,3.283528543486792,7288.046942939092,7.390295986172651
gmat_j2,2026-06-17T06:30:00Z,EarthMJ2000Eq,124860.0,2026-06-18T17:11:00Z,-3459.195203385158,1551.278535803362,-6227.765307822605,-4.822829422218252,4.2214286857935,3.674245907167793,7290.922937467238,7.387843174526213
gmat_j2,2026-06-17T06:30:00Z,EarthMJ2000Eq,124920.0,2026-06-18T17:12:00Z,-3742.008154774875,1801.547960716779,-5995.933521589997,-4.601402098675636,4.118335446046678,4.051045671030404,7293.793175055835,7.385428839859958
gmat_j2,2026-06-17T06:30:00Z,EarthMJ2000Eq,124980.0,2026-06-18T17:13:00Z,-4011.028020924454,2045.176987968182,-5741.94540565702,-4.363204904998685,4.000153827356516,4.41256837882079,7296.645238621753,7.383058132189445
gmat_j2,2026-06-17T06:30:00Z,EarthMJ2000Eq,125040.0,2026-06-18T17:14:00Z,-4265.275285126758,2281.273757887001,-5466.756915018473,-4.109136657530208,3.86734084863133,4.757513283004576,7299.466719167868,7.380735867629731
gmat_j2,2026-06-17T06:30:00Z,EarthMJ2000Eq,125100.0,2026-06-18T17:15:00Z,-4503.826041579702,2508.975402403179,-5171.400167681306,-3.840151313307846,3.720405245813291,5.08464272467686,7302.245290112482,7.378466571028452
gmat_j2,2026-06-17T06:30:00Z,EarthMJ2000Eq,125160.0,2026-06-18T17:16:00Z,-4725.815181421432,2727.451073995517,-4856.979553229783,-3.557254490047204,3.559905550800509,5.39278626411055,7304.968779569476,7.376254518924947
gmat_j2,2026-06-17T06:30:00Z,EarthMJ2000Eq,125220.0,2026-06-18T17:17:00Z,-4930.439393419526,2935.904880991032,-4524.667569228232,-3.261499787313532,3.386447992297067,5.680844633272226,7307.62524315771,7.3741037838205745
gmat_j2,2026-06-17T06:30:00Z,EarthMJ2000Eq,125280.0,2026-06-18T17:18:00Z,-5116.959926509802,3133.578680501967,-4175.700440816176,-2.9539849550648,3.20068424084798,5.947793436239649,7310.2030346520505,7.3720182775504055
gmat_j2,2026-06-17T06:30:00Z,EarthMJ2000Eq,125340.0,2026-06-18T17:19:00Z,-5284.705119651956,3319.754733030298,-3811.37352400705,-2.635847905322526,3.003308995386432,6.192686600549473,7312.690874681807,7.370001793377475
gmat_j2,2026-06-17T06:30:00Z,EarthMJ2000Eq,125400.0,2026-06-18T17:20:00Z,-5433.072688425123,3493.758208108408,-3433.036509140363,-2.308262578695454,2.79505741683189,6.414659559998393,7315.077916709192,7.368058045799553
gmat_j2,2026-06-17T06:30:00Z,EarthMJ2000Eq,125460.0,2026-06-18T17:21:00Z,-5561.531759382375,3654.959531328286,-3042.088442204051,-1.972434679549755,2.576702416038299,6.612932150722901,7317.353809708656,7.366190707276914
gmat_j2,2026-06-17T06:30:00Z,EarthMJ2000Eq,125520.0,2026-06-18T17:22:00Z,-5669.624644975496,3802.776564521309,-2639.972581334261,-1.629597294287928,2.349051804229489,6.786811204416295,7319.50875706715,7.364403441209268
gmat_j2,2026-06-17T06:30:00Z,EarthMJ2000Eq,125580.0,2026-06-18T17:23:00Z,-5756.968352476259,3936.676611076433,-2228.171107207778,-1.281006409453075,2.112945315859801,6.935692823234352,7321.533571227067,7.36269993053759
gmat_j2,2026-06-17T06:30:00Z,EarthMJ2000Eq,125640.0,2026-06-18T17:24:00Z,-5823.255821433623,4056.178239085159,-1808.199706837836,-0.9279363479904492,1.869251515323288,7.059064322611345,7323.41972366032,7.3610839014525995
gmat_j2,2026-06-17T06:30:00Z,EarthMJ2000Eq,125700.0,2026-06-18T17:25:00Z,-5868.256885343932,4160.852915721938,-1381.602051070836,-0.5716751434789971,1.618864600369615,7.156505830178044,7325.159389814078,7.359559141781112
gmat_j2,2026-06-17T06:30:00Z,EarthMJ2000Eq,125760.0,2026-06-18T17:26:00Z,-5891.81895442687,4250.326447090427,-949.9441866086493,-0.2135198732481288,1.362701116296035,7.227691531300447,7326.745488704492,7.358129513691544
gmat_j2,2026-06-17T06:30:00Z,EarthMJ2000Eq,125820.0,2026-06-18T17:27:00Z,-5893.867417774082,4324.280218556105,-514.8088648108139,0.1452280270591486,1.101696596653422,7.272390554390858,7328.171717023446,7.356798960588403
gmat_j2,2026-06-17T06:30:00Z,EarthMJ2000Eq,125880.0,2026-06-18T17:28:00Z,-5874.40576399029,4382.452232047319,-77.78982458245407,0.5032674486739785,0.8368021438493317,7.290467491893903,7329.432577149983,7.355571507585759
gmat_j2,2026-06-17T06:30:00Z,EarthMJ2000Eq,125940.0,2026-06-18T17:29:00Z,-5833.515422390675,4424.637935992996,359.5139352229118,0.8593022610203044,0.5689809746532297,7.281882556074516,7330.523399970679,7.354451256604688
gmat_j2,2026-06-17T06:30:00Z,EarthMJ2000Eq,126000.0,2026-06-18T17:30:00Z,-5771.355325139353,4450.690848199109,795.503893848676,1.212045924560136,0.2992049343483391,7.246691371439898,7331.440360555767,7.353442374077782
gmat_j2,2026-06-17T06:30:00Z,EarthMJ2000Eq,126060.0,2026-06-18T17:31:00Z,-5688.161195024839,4460.522969175913,1228.587720948646,1.560226031481866,0.02845100557034852,7.185044408864139,7332.180489267711,7.35254907405462
gmat_j2,2026-06-17T06:30:00Z,EarthMJ2000Eq,126120.0,2026-06-18T17:32:00Z,-5584.244564465525,4454.104985223165,1657.184933743868,1.902588746670053,-0.2423021661920085,7.097186069585109,7332.741675511302,7.351775594032356
gmat_j2,2026-06-17T06:30:00Z,EarthMJ2000Eq,126180.0,2026-06-18T17:33:00Z,-5459.99152977689,4431.466264887356,2079.732502497661,2.237903149004702,-0.5120777287055489,6.983453429722212,7333.122666641768,7.351126166082332
gmat_j2,2026-06-17T06:30:00Z,EarthMJ2000Eq,126240.0,2026-06-18T17:34:00Z,-5315.861249659725,4392.694648671894,2494.69036320301,2.564965437662191,-0.7799040320272846,6.844274658881122,7333.323060547825,7.350604982025377
gmat_j2,2026-06-17T06:30:00Z,EarthMJ2000Eq,126300.0,2026-06-18T17:35:00Z,-5152.384195283518,4337.936036014098,2900.546828338468,2.882602995261234,-1.044817981771004,6.680167128462956,7333.343292915002,7.35021615379562
gmat_j2,2026-06-17T06:30:00Z,EarthMJ2000Eq,126360.0,2026-06-18T17:36:00Z,-4970.160161352129,4267.393773095221,3295.823874811986,3.189678291366244,-1.305868321331107,6.491735227382493,7333.184619108153,7.349963669128442
gmat_j2,2026-06-17T06:30:00Z,EarthMJ2000Eq,126420.0,2026-06-18T17:37:00Z,-4769.856048035871,4181.327846151613,3679.082292602215,3.485092614755971,-1.562118831198601,6.279667904422703,7332.849091023655,7.3498513431258266
gmat_j2,2026-06-17T06:30:00Z,EarthMJ2000Eq,126480.0,2026-06-18T17:38:00Z,-4552.20342435374,4080.053885584356,4048.9266782443,3.767789624752672,-1.812651434725337,6.044735957600572,7332.33952922042,7.349882766229337
gmat_j2,2026-06-17T06:30:00Z,EarthMJ2000Eq,126540.0,2026-06-18T17:39:00Z,-4317.995884089871,3963.941986756174,4404.010258615264,4.036758714351062,-2.056569201407514,5.787789091602004,7331.659490686542,7.350061249196113
gmat_j2,2026-06-17T06:30:00Z,EarthMJ2000Eq,126600.0,2026-06-18T17:40:00Z,-4068.086205720426,3833.415353863814,4743.03953171496,4.291038180249336,-2.292999240485845,5.509752764592724,7330.813232638144,7.350389765731022
gmat_j2,2026-06-17T06:30:00Z,EarthMJ2000Eq,126660.0,2026-06-18T17:41:00Z,-3803.383327832257,3688.948773526328,5064.778712633107,4.529718197365281,-2.521095479599914,5.211624845206523,7329.805672736164,7.350870893436723
gmat_j2,2026-06-17T06:30:00Z,EarthMJ2000Eq,126720.0,2026-06-18T17:42:00Z,-3524.849152844751,3531.066925719049,5368.053972862597,4.751943596679618,-2.740041324059467,4.89447210121601,7328.64234628647,7.351506753935539
gmat_j2,2026-06-17T06:30:00Z,EarthMJ2000Eq,126780.0,2026-06-18T17:43:00Z,-3233.495187339446,3360.342537274625,5651.757466907146,4.956916450592218,-2.949052197335213,4.559426535116151,7327.32936062692,7.352298952700487
gmat_j2,2026-06-17T06:30:00Z,EarthMJ2000Eq,126840.0,2026-06-18T17:44:00Z,-2930.379036877241,3177.394388831271,5914.851131098353,5.14389846433349,-3.147377957567851,4.207681591384548,7325.873347594913,7.353248519779052
gmat_j2,2026-06-17T06:30:00Z,EarthMJ2000Eq,126900.0,2026-06-18T17:45:00Z,-2616.600760084733,2982.885178738912,6156.370254131844,5.312213183338244,-3.334305196150134,3.840488243595921,7324.281414116723,7.3543558518407925
gmat_j2,2026-06-17T06:30:00Z,EarthMJ2000Eq,126960.0,2026-06-18T17:46:00Z,-2293.299096359834,2777.519252960604,6375.426809035446,5.461248019778112,-3.509159417923934,3.459150978569663,7322.561091810675,7.355620656781727
gmat_j2,2026-06-17T06:30:00Z,EarthMJ2000Eq,127020.0,2026-06-18T17:47:00Z,-1961.64757768412,2562.040207886635,6571.212540908434,5.590456105012362,-3.671307106266581,3.065023688305204,7320.720285849886,7.357041901502636
gmat_j2,2026-06-17T06:30:00Z,EarthMJ2000Eq,127080.0,2026-06-18T17:48:00Z,-1622.850534020982,2337.228372414068,6743.001805913876,5.699357975414332,-3.820157677419869,2.659505477118101,7318.767223730189,7.3586177638935775
gmat_j2,2026-06-17T06:30:00Z,EarthMJ2000Eq,127140.0,2026-06-18T17:49:00Z,-1278.139002470327,2103.898176034147,6890.154156241443,5.787543098021354,-3.955165327902753,2.244036389932839,7316.7104043775635,7.360345589837579
gmat_j2,2026-06-17T06:30:00Z,EarthMJ2000Eq,127200.0,2026-06-18T17:50:00Z,-928.7665495215725,1862.895409170797,7012.116666488459,5.854671242218408,-4.075830779203304,1.82009306449553,7314.558548091953,7.362221856110081
gmat_j2,2026-06-17T06:30:00Z,EarthMJ2000Eq,127260.0,2026-06-18T17:51:00Z,-576.0050154942254,1615.094381823565,7108.425996903965,5.900473702572648,-4.181702923540128,1.389184307795398,7312.320547783219,7.36424213999787
gmat_j2,2026-06-17T06:30:00Z,EarthMJ2000Eq,127320.0,2026-06-18T17:52:00Z,-221.1401899774281,1361.39498635261,7178.710188897834,5.924754376507919,-4.272380373810383,0.95284659461817,7310.005421931974,7.366401096420513
gmat_j2,2026-06-17T06:30:00Z,EarthMJ2000Eq,127380.0,2026-06-18T17:53:00Z,134.5325730834251,1102.71967008928,7222.690188029367,5.927390698692646,-4.347512919821824,0.5126394841276016,7307.622269676913,7.368692443280041
gmat_j2,2026-06-17T06:30:00Z,EarthMJ2000Eq,127440.0,2026-06-18T17:54:00Z,489.7127921352941,840.0103233061739,7240.181089381613,5.908334431851745,-4.406802891576228,0.07014094865066334,7305.180228377737,7.371108955678724
gmat_j2,2026-06-17T06:30:00Z,EarthMJ2000Eq,127500.0,2026-06-18T17:55:00Z,843.0993373039416,574.2250886150346,7231.093099941302,5.867612311439212,-4.450006428712733,-0.3730573913957919,7302.688434061527,7.373642469649087
gmat_j2,2026-06-17T06:30:00Z,EarthMJ2000Eq,127560.0,2026-06-18T17:56:00Z,1193.394947542675,306.3350942233724,7195.432211521366,5.805326538008937,-4.476934653640503,-0.8153551391856584,7300.155984728853,7.376283895626204
gmat_j2,2026-06-17T06:30:00Z,EarthMJ2000Eq,127620.0,2026-06-18T17:57:00Z,1539.310757154028,37.32113175177721,7133.300580551617,5.721655113269287,-4.487454742549668,-1.255148082744955,7297.59190736666,7.3790232423573805
gmat_j2,2026-06-17T06:30:00Z,EarthMJ2000Eq,127680.0,2026-06-18T17:58:00Z,1879.570874290402,-231.8297556316197,7044.896600373896,5.616851997891697,-4.481490890053446,-1.69083331876965,7295.005127965071,7.381849651389113
gmat_j2,2026-06-17T06:30:00Z,EarthMJ2000Eq,127740.0,2026-06-18T17:59:00Z,2212.916913471689,-500.1277005546076,6930.514671703634,5.491247096442873,-4.45902515391296,-2.120814433181731,7292.404445550894,7.384751441816626
gmat_j2,2026-06-17T06:30:00Z,EarthMJ2000Eq,127800.0,2026-06-18T18:00:00Z,2538.11255214245,-766.5835094238345,6790.544654415224,5.345246038175905,-4.420098174059412,-2.543506844119131,7289.798509415113,7.387716165571022
gmat_j2,2026-06-17T06:30:00Z,EarthMJ2000Eq,127860.0,2026-06-18T18:01:00Z,2853.948080862439,-1030.212210738516,6625.470986021694,5.179329731525181,-4.364809745731435,-2.957343285448485,7287.195800445355,7.390730673775094
gmat_j2,2026-06-17T06:30:00Z,EarthMJ2000Eq,127920.0,2026-06-18T18:02:00Z,3159.244876367302,-1290.036597518266,6435.871486692028,4.994053700478765,-4.293319239820748,-3.360779352281866,7284.604615557731,7.393781191853378
gmat_j2,2026-06-17T06:30:00Z,EarthMJ2000Eq,127980.0,2026-06-18T18:03:00Z,3452.859866332657,-1545.090821995964,6222.415810657564,4.790047146844031,-4.205845845252095,-3.752299208737086,7282.033055779696,7.396853404989308
gmat_j2,2026-06-17T06:30:00Z,EarthMJ2000Eq,128040.0,2026-06-18T18:04:00Z,3733.689911855436,-1794.42398451232,5985.863560483105,4.568011741342373,-4.102668621011678,-4.130421370009422,7279.489017699223,7.399932552172767
gmat_j2,2026-06-17T06:30:00Z,EarthMJ2000Eq,128100.0,2026-06-18T18:05:00Z,4000.67610458131,-2037.103715503704,5727.062057090819,4.328720119622801,-3.984126339984301,-4.493704558793342,7276.980187361802,7.403003527535564
gmat_j2,2026-06-17T06:30:00Z,EarthMJ2000Eq,128160.0,2026-06-18T18:06:00Z,4252.80799043069,-2272.219765160616,5446.943731663464,4.073014035436429,-3.850617091947724,-4.840753654250227,7274.514037416217,7.406050989751489
gmat_j2,2026-06-17T06:30:00Z,EarthMJ2000Eq,128220.0,2026-06-18T18:07:00Z,4489.127632988193,-2498.887526097892,5146.523197522019,3.801802208854703,-3.702597654184096,-5.170225613784972,7272.097826348191,7.4090594761724144
gmat_j2,2026-06-17T06:30:00Z,EarthMJ2000Eq,128280.0,2026-06-18T18:08:00Z,4708.733562610382,-2716.251533076346,4826.89394430937,3.516057799944774,-3.540582587002863,-5.480835423534316,7269.738599441078,7.412013521831228
gmat_j2,2026-06-17T06:30:00Z,EarthMJ2000Eq,128340.0,2026-06-18T18:09:00Z,4910.784570666237,-2923.488908560622,4489.224659772913,3.216815499785387,-3.365143037604613,-5.771362014155455,7267.4431916516405,7.414897782278244
gmat_j2,2026-06-17T06:30:00Z,EarthMJ2000Eq,128400.0,2026-06-18T18:10:00Z,5094.503288858768,-3119.812698750609,4134.755242136407,2.905168282314297,-3.176905268587602,-6.040654044150917,7265.218231261389,7.4176971571547385
gmat_j2,2026-06-17T06:30:00Z,EarthMJ2000Eq,128460.0,2026-06-18T18:11:00Z,5259.179585239785,-3304.475134773803,3764.792436726057,2.582263746964674,-2.976548863451063,-6.287635578938348,7263.070144076194,7.420396914514157
gmat_j2,2026-06-17T06:30:00Z,EarthMJ2000Eq,128520.0,2026-06-18T18:12:00Z,5404.173724692323,-3476.77077246389,3380.705142213112,2.249300085226523,-2.764804618610051,-6.511311573643288,7261.005158344141,7.422982814310467
gmat_j2,2026-06-17T06:30:00Z,EarthMJ2000Eq,128580.0,2026-06-18T18:13:00Z,5528.919271983554,-3636.039492034121,2983.919400548185,1.907521678654867,-2.542452118796604,-6.710773106787776,7259.02930788344,7.425441227408488
gmat_j2,2026-06-17T06:30:00Z,EarthMJ2000Eq,128640.0,2026-06-18T18:14:00Z,5632.925723373151,-3781.669345963901,2575.913077963305,1.558214332877054,-2.310316992009053,-6.885202321114483,7257.148436711514,7.427759252522224
gmat_j2,2026-06-17T06:30:00Z,EarthMJ2000Eq,128700.0,2026-06-18T18:15:00Z,5715.780835979355,-3913.099225488013,2158.21027677943,1.20270018414187,-2.069267859839217,-7.033877002243802,7255.368199633985,7.429924824074111
gmat_j2,2026-06-17T06:30:00Z,EarthMJ2000Eq,128760.0,2026-06-18T18:16:00Z,5777.152652957223,-4029.821349688222,1732.375445397648,0.8423322556593307,-1.820212961975585,-7.156174769759483,7253.694063702327,7.431926815517645
gmat_j2,2026-06-17T06:30:00Z,EarthMJ2000Eq,128820.0,2026-06-18T18:17:00Z,5816.791182537928,-4131.383528550459,1300.007290485996,0.4784887619274683,-1.564096513398013,-7.251576790963607,7252.1313057987145,7.433755131409478
gmat_j2,2026-06-17T06:30:00Z,EarthMJ2000Eq,128880.0,2026-06-18T18:18:00Z,5834.529733214007,-4217.391206985491,862.7324597516415,0.1125671456295561,-1.301894779739214,-7.319670999114977,7250.685008854403,7.43540079048011
gmat_j2,2026-06-17T06:30:00Z,EarthMJ2000Eq,128940.0,2026-06-18T18:19:00Z,5830.285883170042,-4287.50926371923,422.1990539286826,-0.2540220878918457,-1.034611910099258,-7.36015476001557,7249.360055005433,7.4368559967930015
gmat_j2,2026-06-17T06:30:00Z,EarthMJ2000Eq,129000.0,2026-06-18T18:20:00Z,5804.062074928788,-4341.463553796229,-19.93000472987382,-0.619861698167696,-0.7632755519336754,-7.372836953196761,7248.161116011162,7.438114198602943
gmat_j2,2026-06-17T06:30:00Z,EarthMJ2000Eq,129060.0,2026-06-18T18:21:00Z,5755.945826734011,-4379.042182213388,-461.9837103116881,-0.9835341483696538,-0.4889322808867578,-7.357639437043428,7247.092640672825,7.439170133949021
gmat_j2,2026-06-17T06:30:00Z,EarthMJ2000Eq,129120.0,2026-06-18T18:22:00Z,5686.109555476423,-4400.096498663055,-902.2897803441455,-1.343628103227143,-0.2126428807628128,-7.314597875283177,7246.158839146479,7.440019862313409
gmat_j2,2026-06-17T06:30:00Z,EarthMJ2000Eq,129180.0,2026-06-18T18:23:00Z,5594.810009772587,-4404.541805573885,-1339.181491206387,-1.698744930168312,0.06452248685420059,-7.243861910995826,7245.363664364223,7.440660782125368
gmat_j2,2026-06-17T06:30:00Z,EarthMJ2000Eq,129240.0,2026-06-18T18:24:00Z,5482.387313549613,-4392.357773978822,-1771.00450716534,-2.047505152748645,0.3414891863279458,-7.145694681685885,7244.710790280167,7.4410916335431
gmat_j2,2026-06-17T06:30:00Z,EarthMJ2000Eq,129300.0,2026-06-18T18:25:00Z,5349.263623631507,-4363.588563445766,-2196.123664479103,-2.388554802811728,0.6171830447196376,-7.020471677179809,7244.203587408839,7.441312486840493
gmat_j2,2026-06-17T06:30:00Z,EarthMJ2000Eq,129360.0,2026-06-18T18:26:00Z,5195.941419035395,-4318.342648234922,-2612.929643798558,-2.72057159668794,0.8905352621722261,-6.868678961795851,7243.845096428651,7.4413247171517956
gmat_j2,2026-06-17T06:30:00Z,EarthMJ2000Eq,129420.0,2026-06-18T18:27:00Z,5023.001411146784,-4256.792346042036,-3019.845557416504,-3.042270937244825,1.160487297425314,-6.690910759951192,7243.63799788151,7.441130963819993
gmat_j2,2026-06-17T06:30:00Z,EarthMJ2000Eq,129480.0,2026-06-18T18:28:00Z,4831.100112405142,-4179.173059612992,-3415.333343916323,-3.352411638941696,1.425995643150188,-6.487866456084962,7243.584582811375,7.440735079492315
gmat_j2,2026-06-17T06:30:00Z,EarthMJ2000Eq,129540.0,2026-06-18T18:29:00Z,4620.967070152917,-4085.782235316778,-3797.899964684346,-3.649801357476235,1.686036473123707,-6.260347034367665,7243.686718765325,7.440142063728004
gmat_j2,2026-06-17T06:30:00Z,EarthMJ2000Eq,129600.0,2026-06-18T18:30:00Z,4393.401776356613,-3976.978045166314,-4166.103392982493,-3.933301706156956,1.939610142382043,-6.00925099142985,7243.945818492057,7.4393579893757735
