reference_model,comparison_model,frame,elapsed_seconds,timestamp_utc,position_delta_x_m,position_delta_y_m,position_delta_z_m,position_difference_m,velocity_delta_x_mm_s,velocity_delta_y_mm_s,velocity_delta_z_mm_s,velocity_difference_mm_s
gmat_d04_sso_900km_i97p6_jun_36h_g2020,numerical_gravity_20x20,EarthMJ2000Eq,0.0,2026-06-17T06:30:00Z,0.0,4.547473508864641e-10,0.0,4.547473508864641e-10,-8.881784197001252e-10,-4.440892098500626e-10,4.440892098500626e-10,1.0877919644084147e-09
gmat_d04_sso_900km_i97p6_jun_36h_g2020,numerical_gravity_20x20,EarthMJ2000Eq,60.0,2026-06-17T06:31:00Z,1.1368683772161603e-09,4.547473508864641e-10,-1.8189894035458565e-09,2.1927123182178898e-09,1.0391687510491465e-07,8.08242361927114e-08,-4.440892098500626e-10,1.316490459628627e-07
gmat_d04_sso_900km_i97p6_jun_36h_g2020,numerical_gravity_20x20,EarthMJ2000Eq,120.0,2026-06-17T06:32:00Z,1.0459189070388675e-08,6.821210263296962e-09,0.0,1.2486934990871288e-08,2.1049828546892968e-07,1.580957587066223e-07,-9.325873406851315e-09,2.634212767055504e-07
gmat_d04_sso_900km_i97p6_jun_36h_g2020,numerical_gravity_20x20,EarthMJ2000Eq,180.0,2026-06-17T06:33:00Z,2.4556356947869062e-08,1.864464138634503e-08,-1.8189894035458565e-09,3.08860169239541e-08,3.206324095117452e-07,2.3181456754173269e-07,-2.9309887850104133e-08,3.9673946776146903e-07
gmat_d04_sso_900km_i97p6_jun_36h_g2020,numerical_gravity_20x20,EarthMJ2000Eq,240.0,2026-06-17T06:34:00Z,4.661160346586257e-08,3.410605131648481e-08,-3.637978807091713e-09,5.787140229735543e-08,4.2721381987576024e-07,3.019806626980426e-07,-5.1958437552457326e-08,5.257410463044331e-07
gmat_d04_sso_900km_i97p6_jun_36h_g2020,numerical_gravity_20x20,EarthMJ2000Eq,300.0,2026-06-17T06:35:00Z,7.423750503221527e-08,5.3432813729159534e-08,-8.185452315956354e-09,9.183286103590611e-08,5.302425165609748e-07,3.7125857943465235e-07,-8.748557434046234e-08,6.531797492960359e-07
gmat_d04_sso_900km_i97p6_jun_36h_g2020,numerical_gravity_20x20,EarthMJ2000Eq,360.0,2026-06-17T06:36:00Z,1.078035438695224e-07,7.821654435247183e-08,-1.4551915228366852e-08,1.3398205147736695e-07,6.261657858885883e-07,4.3165471197426086e-07,-1.2712053631958042e-07,7.710830127432671e-07
gmat_d04_sso_900km_i97p6_jun_36h_g2020,numerical_gravity_20x20,EarthMJ2000Eq,420.0,2026-06-17T06:37:00Z,1.4591705621569417e-07,1.0470557754160836e-07,-2.1827872842550278e-08,1.809184935151914e-07,6.705747068735946e-07,4.645173135031655e-07,-1.545430450278218e-07,8.302591913428461e-07
gmat_d04_sso_900km_i97p6_jun_36h_g2020,numerical_gravity_20x20,EarthMJ2000Eq,480.0,2026-06-17T06:38:00Z,1.8633272702572867e-07,1.3221779227023944e-07,-3.183231456205249e-08,2.3068317234691906e-07,7.114309141798003e-07,4.938272013532696e-07,-1.8499438092511866e-07,8.855631944818941e-07
gmat_d04_sso_900km_i97p6_jun_36h_g2020,numerical_gravity_20x20,EarthMJ2000Eq,540.0,2026-06-17T06:39:00Z,2.2873791749589145e-07,1.617763700778596e-07,-4.18367562815547e-08,2.8327185351193657e-07,7.354117315117037e-07,5.124789481669723e-07,-2.1105339698124226e-07,9.208738369270192e-07
gmat_d04_sso_900km_i97p6_jun_36h_g2020,numerical_gravity_20x20,EarthMJ2000Eq,600.0,2026-06-17T06:40:00Z,-0.0003730676780833164,0.00031782693099557946,0.0001297430571867153,0.0005069780186405531,0.0012665894999486227,-0.0005374145573000533,0.0009557129532211661,0.001675246434627705
gmat_d04_sso_900km_i97p6_jun_36h_g2020,numerical_gravity_20x20,EarthMJ2000Eq,660.0,2026-06-17T06:41:00Z,-0.0007348862709477544,0.0005980887749501562,0.00012997588783036917,0.0009563794986124324,0.0003512203861077978,-9.28990218085346e-05,0.0008255731653861176,0.0009019739681810928
gmat_d04_sso_900km_i97p6_jun_36h_g2020,numerical_gravity_20x20,EarthMJ2000Eq,720.0,2026-06-17T06:42:00Z,0.0005267809228826081,-0.00042725923776743,-0.00011668998922687024,0.0006882333547252884,-0.00021240431635760615,-2.547295707699959e-06,-0.0009453708926798754,0.0009689417975549972
gmat_d04_sso_900km_i97p6_jun_36h_g2020,numerical_gravity_20x20,EarthMJ2000Eq,780.0,2026-06-17T06:43:00Z,-0.001777063516783528,0.001510254037384584,0.0007116605047485791,0.0024382950342685113,0.000545388623152121,-9.919887133946759e-05,0.0022888149153743598,0.0023549868116783433
gmat_d04_sso_900km_i97p6_jun_36h_g2020,numerical_gravity_20x20,EarthMJ2000Eq,840.0,2026-06-17T06:44:00Z,-0.00018450919014867395,0.00014772081158298533,2.942852006526664e-05,0.00023818294904817845,-2.9666935574823583e-05,5.780087519724475e-05,0.00044986414593495283,0.0004545314268978029
gmat_d04_sso_900km_i97p6_jun_36h_g2020,numerical_gravity_20x20,EarthMJ2000Eq,900.0,2026-06-17T06:45:00Z,0.0006706709427817259,-0.000581548192712944,-0.000330494913214352,0.0009472194579926991,-0.00017144241581945607,3.142286431057073e-05,-0.000765760788112857,0.0007853467278563752
gmat_d04_sso_900km_i97p6_jun_36h_g2020,numerical_gravity_20x20,EarthMJ2000Eq,960.0,2026-06-17T06:46:00Z,-0.0014364641174324788,0.0012881671409559203,0.0009762834451976232,0.0021623906004874702,0.0011027481150449603,-0.0004962652511153465,0.0017598007495678303,0.002135235650432825
gmat_d04_sso_900km_i97p6_jun_36h_g2020,numerical_gravity_20x20,EarthMJ2000Eq,1020.0,2026-06-17T06:47:00Z,-0.0009916552698996384,0.0009146419870376121,0.0008031311153899878,0.001570022205982897,0.0006716556200103696,-0.0002985967029189851,0.0011326566351499423,0.0013502563889998048
gmat_d04_sso_900km_i97p6_jun_36h_g2020,numerical_gravity_20x20,EarthMJ2000Eq,1080.0,2026-06-17T06:48:00Z,-0.0012687096386798657,0.0012014900221402058,0.001221325874212198,0.0021318628735455423,0.0009399538924981243,-0.0004629443495218766,0.001775608993170863,0.0020617027155741575
gmat_d04_sso_900km_i97p6_jun_36h_g2020,numerical_gravity_20x20,EarthMJ2000Eq,1140.0,2026-06-17T06:49:00Z,-0.00016381864043069072,0.00014497072697849944,9.348968887934461e-05,0.00023789363286980006,4.68132199671345e-05,-1.9737100842576183e-05,0.0004249365304076491,0.00042796271518469016
gmat_d04_sso_900km_i97p6_jun_36h_g2020,numerical_gravity_20x20,EarthMJ2000Eq,1200.0,2026-06-17T06:50:00Z,0.0006196978574735112,-0.0006061277417757083,-0.0007203861969173886,0.0011271080456710788,-0.0005797824442765886,0.00029926328082297005,-0.0007851612693343668,0.0010208743374201436
gmat_d04_sso_900km_i97p6_jun_36h_g2020,numerical_gravity_20x20,EarthMJ2000Eq,1260.0,2026-06-17T06:51:00Z,-0.00018377704691374674,0.00017937554730451666,0.00022707081370754167,0.0003427984019521349,0.0003499764922310078,-0.00023360335887900874,0.00014387513402880359,0.0004446955459476537
gmat_d04_sso_900km_i97p6_jun_36h_g2020,numerical_gravity_20x20,EarthMJ2000Eq,1320.0,2026-06-17T06:52:00Z,5.250512913335115e-05,-5.039146344643086e-05,-5.2395989769138396e-05,8.967400915243231e-05,-6.861800017077258e-05,6.887690418011516e-05,-0.00033434499613349544,0.00034819396076954005
gmat_d04_sso_900km_i97p6_jun_36h_g2020,numerical_gravity_20x20,EarthMJ2000Eq,1380.0,2026-06-17T06:53:00Z,-1.6507328837178648e-06,3.894456312991679e-06,-9.560608305037022e-06,1.0454517692822137e-05,-0.000188659754485343,0.00021612356349010042,-6.956035747407441e-05,0.0002951957672292243
gmat_d04_sso_900km_i97p6_jun_36h_g2020,numerical_gravity_20x20,EarthMJ2000Eq,1440.0,2026-06-17T06:54:00Z,-7.029484550002962e-06,1.1666543286992237e-05,-1.0191342880716547e-05,1.7011330195441092e-05,-9.404477196994776e-05,0.00014241274826076733,0.0002508988572458293,0.0003034403509247364
gmat_d04_sso_900km_i97p6_jun_36h_g2020,numerical_gravity_20x20,EarthMJ2000Eq,1500.0,2026-06-17T06:55:00Z,-4.886715032625943e-06,1.212538336403668e-05,7.00401869835332e-06,1.4831088411233776e-05,0.00015688250698531192,-0.000130533805986488,0.0002459756842654315,0.00031961732236091613
gmat_d04_sso_900km_i97p6_jun_36h_g2020,numerical_gravity_20x20,EarthMJ2000Eq,1560.0,2026-06-17T06:56:00Z,7.1931935963220894e-06,-7.553353498224169e-07,1.225134838023223e-05,1.4227020163712406e-05,0.0001897872969891523,-0.0002490274653155211,-9.521627930553223e-05,0.00032726141908986293
gmat_d04_sso_900km_i97p6_jun_36h_g2020,numerical_gravity_20x20,EarthMJ2000Eq,1620.0,2026-06-17T06:57:00Z,1.1965312296524644e-05,-1.1432803148636594e-05,-1.9631443137768656e-06,1.6665281929375005e-05,-5.81446002456687e-05,-6.59454713058949e-05,-0.0003199520648422549,0.0003318115783397374
gmat_d04_sso_900km_i97p6_jun_36h_g2020,numerical_gravity_20x20,EarthMJ2000Eq,1680.0,2026-06-17T06:58:00Z,1.0350049706175923e-06,-7.061316864565015e-06,-1.749231159919873e-05,1.889217817601919e-05,-0.00026675039954682234,0.00019444534871126962,-0.0001333839705353057,0.00035602816305680074
gmat_d04_sso_900km_i97p6_jun_36h_g2020,numerical_gravity_20x20,EarthMJ2000Eq,1740.0,2026-06-17T06:59:00Z,-1.3309545465745032e-05,7.048583938740194e-06,-1.433090801583603e-05,2.0789455514865072e-05,-0.00015469803216205946,0.00022395907350869493,0.00022684165656983168,0.0003543251118916525
gmat_d04_sso_900km_i97p6_jun_36h_g2020,numerical_gravity_20x20,EarthMJ2000Eq,1800.0,2026-06-17T07:00:00Z,-1.3049429981037974e-05,1.4049874152988195e-05,2.703473001020029e-06,1.9364796740788755e-05,0.000144332990004159,9.140244117133989e-06,0.0003015951932638927,0.00033447752789379776
gmat_d04_sso_900km_i97p6_jun_36h_g2020,numerical_gravity_20x20,EarthMJ2000Eq,1860.0,2026-06-17T07:01:00Z,1.2478267308324575e-06,8.813913154881448e-06,2.1067080524517223e-05,2.2870592875534843e-05,0.00026263968777584523,-0.00016866064100895528,3.6985525753152615e-05,0.00031431504344492053
gmat_d04_sso_900km_i97p6_jun_36h_g2020,numerical_gravity_20x20,EarthMJ2000Eq,1920.0,2026-06-17T07:02:00Z,8.952156349550933e-06,-6.465597834903747e-06,-3.194304554199334e-05,3.379797652474742e-05,5.9604376989597085e-05,-9.572032055871205e-05,-0.00019457946365264434,0.00022489159432831485
gmat_d04_sso_900km_i97p6_jun_36h_g2020,numerical_gravity_20x20,EarthMJ2000Eq,1980.0,2026-06-17T07:03:00Z,1.5219484339468181e-05,2.262095222249627e-05,0.00018353324549025274,0.00018554727802691463,8.256884065360737e-05,-0.00010494338731348307,-0.00010225154056797692,0.00016818473633547473
gmat_d04_sso_900km_i97p6_jun_36h_g2020,numerical_gravity_20x20,EarthMJ2000Eq,2040.0,2026-06-17T07:04:00Z,5.242327461019158e-06,8.612005331087857e-06,6.084172810005839e-05,6.167142378146199e-05,-2.9556357361570917e-06,-7.096878640311388e-06,1.5498713423767185e-06,7.842421196166238e-06
gmat_d04_sso_900km_i97p6_jun_36h_g2020,numerical_gravity_20x20,EarthMJ2000Eq,2100.0,2026-06-17T07:05:00Z,2.190063241869211e-06,4.812136467080563e-06,2.745537130977027e-05,2.7959800574012503e-05,-3.963274153306884e-06,1.0630496483088336e-05,5.9119820150499436e-05,6.019857250897752e-05
gmat_d04_sso_900km_i97p6_jun_36h_g2020,numerical_gravity_20x20,EarthMJ2000Eq,2160.0,2026-06-17T07:06:00Z,4.253706720191985e-06,5.657057045027614e-06,4.1593011701479554e-05,4.219093430669103e-05,6.657119300257364e-05,-3.423844541217136e-05,5.722711193811847e-05,9.422811269895036e-05
gmat_d04_sso_900km_i97p6_jun_36h_g2020,numerical_gravity_20x20,EarthMJ2000Eq,2220.0,2026-06-17T07:07:00Z,8.762981451582164e-06,2.673004928510636e-06,4.1417251850361936e-05,4.241843408360243e-05,8.921641203585295e-05,-5.878307562934282e-05,-3.625544309215911e-06,0.00010690258522848834
gmat_d04_sso_900km_i97p6_jun_36h_g2020,numerical_gravity_20x20,EarthMJ2000Eq,2280.0,2026-06-17T07:08:00Z,1.335229171672836e-05,-6.421032594516873e-07,3.9829501474741846e-05,4.201291680436951e-05,5.842970551839244e-05,-4.8874015945443716e-05,-5.276667991438444e-05,9.266618817448276e-05
gmat_d04_sso_900km_i97p6_jun_36h_g2020,numerical_gravity_20x20,EarthMJ2000Eq,2340.0,2026-06-17T07:09:00Z,1.5556906873825938e-05,-2.823981049004942e-06,3.652348823379725e-05,3.979896246399343e-05,1.8261836487454275e-05,-2.45571341039863e-05,-4.991829172240614e-05,5.8552398377683256e-05
gmat_d04_sso_900km_i97p6_jun_36h_g2020,numerical_gravity_20x20,EarthMJ2000Eq,2400.0,2026-06-17T07:10:00Z,1.6128069546539336e-05,-3.8462530937977135e-06,3.427703632041812e-05,3.8076548019362535e-05,5.401901148616162e-06,-1.2022494111363358e-05,-2.5191404517954652e-05,2.8431105540664667e-05
gmat_d04_sso_900km_i97p6_jun_36h_g2020,numerical_gravity_20x20,EarthMJ2000Eq,2460.0,2026-06-17T07:11:00Z,1.6560079529881477e-05,-4.486537363845855e-06,3.3232026908081025e-05,3.739963721712559e-05,9.976464099281657e-06,-1.0208500711428314e-05,-1.2296830220748234e-05,1.884025892012621e-05
gmat_d04_sso_900km_i97p6_jun_36h_g2020,numerical_gravity_20x20,EarthMJ2000Eq,2520.0,2026-06-17T07:12:00Z,1.730040821712464e-05,-5.111360223963857e-06,3.263176040491089e-05,3.728621615210886e-05,1.4289458505345465e-05,-1.1152856416174473e-05,-7.603695451052772e-06,1.965683125857661e-05
gmat_d04_sso_900km_i97p6_jun_36h_g2020,numerical_gravity_20x20,EarthMJ2000Eq,2580.0,2026-06-17T07:13:00Z,1.8345417629461735e-05,-5.969923222437501e-06,3.239438228774816e-05,3.7703983013548255e-05,2.1949553286049195e-05,-1.9379609028646883e-05,-3.481659405224491e-07,2.9282645971333677e-05
gmat_d04_sso_900km_i97p6_jun_36h_g2020,numerical_gravity_20x20,EarthMJ2000Eq,2640.0,2026-06-17T07:14:00Z,1.934404281200841e-05,-7.207745511550456e-06,3.130480763502419e-05,3.7498460884921115e-05,3.54507534439108e-05,-3.487210520347617e-05,-4.626521388217952e-06,4.994221001536577e-05
gmat_d04_sso_900km_i97p6_jun_36h_g2020,numerical_gravity_20x20,EarthMJ2000Eq,2700.0,2026-06-17T07:15:00Z,2.939486876130104e-05,-1.4134002412902191e-05,3.893001121468842e-05,5.0787538893687324e-05,4.524558505636378e-05,-4.7493564636624797e-05,-3.842792750674562e-05,7.602307058682649e-05
gmat_d04_sso_900km_i97p6_jun_36h_g2020,numerical_gravity_20x20,EarthMJ2000Eq,2760.0,2026-06-17T07:16:00Z,-7.654307410120964e-06,6.63749233353883e-06,-8.51014192448929e-06,1.3231297819237903e-05,-5.062616992290714e-06,1.1888268147686176e-06,-1.0966338948037446e-05,1.2136885511917241e-05
gmat_d04_sso_900km_i97p6_jun_36h_g2020,numerical_gravity_20x20,EarthMJ2000Eq,2820.0,2026-06-17T07:17:00Z,0.000537581854587188,-0.00031439321901416406,0.0006070195013307966,0.0008696608658203367,0.0004077600479490684,-0.00041324810240439547,-0.0005940830050121804,0.0008306484621598734
gmat_d04_sso_900km_i97p6_jun_36h_g2020,numerical_gravity_20x20,EarthMJ2000Eq,2880.0,2026-06-17T07:18:00Z,0.0005054885150457267,-0.0003056475179619156,0.0005090469130664133,0.0007797870246303523,0.000369444030923205,-0.0003776414736478273,-0.0005177742679052244,0.0007397243859090221
gmat_d04_sso_900km_i97p6_jun_36h_g2020,numerical_gravity_20x20,EarthMJ2000Eq,2940.0,2026-06-17T07:19:00Z,0.0005397591849032324,-0.00033610604077694006,0.0004892945071333088,0.0008023193647450992,0.0004084261817638435,-0.0004334772540914855,-0.0006034959199041623,0.0008478925646011159
gmat_d04_sso_900km_i97p6_jun_36h_g2020,numerical_gravity_20x20,EarthMJ2000Eq,3000.0,2026-06-17T07:20:00Z,0.000562314653507201,-0.00036156143323751166,0.0004478579285205342,0.0008046745700544979,0.00036267433500825064,-0.00042362557906017173,-0.0007489235898106017,0.0009337439948307785
gmat_d04_sso_900km_i97p6_jun_36h_g2020,numerical_gravity_20x20,EarthMJ2000Eq,3060.0,2026-06-17T07:21:00Z,0.0005802044142910745,-0.00038412508729379624,0.00040004579204833135,0.0008026368299467027,0.000226337171227442,-0.00031732660943362134,-0.0008195586431725133,0.0009075246893240147
gmat_d04_sso_900km_i97p6_jun_36h_g2020,numerical_gravity_20x20,EarthMJ2000Eq,3120.0,2026-06-17T07:22:00Z,0.000590031504543731,-0.0003995241968368646,0.0003528421075316146,0.0007951442089706948,0.00011726086768248933,-0.00020618839968733482,-0.0007311755645389439,0.0007686881509650827
gmat_d04_sso_900km_i97p6_jun_36h_g2020,numerical_gravity_20x20,EarthMJ2000Eq,3180.0,2026-06-17T07:23:00Z,0.0005969013727735728,-0.00041104476622422226,0.00031329545890912414,0.000789558796564499,0.00013357315253870183,-0.00019932011596779375,-0.0005962546012483472,0.0006427206587767096
gmat_d04_sso_900km_i97p6_jun_36h_g2020,numerical_gravity_20x20,EarthMJ2000Eq,3240.0,2026-06-17T07:24:00Z,0.0006076481895433972,-0.00042543024392216466,0.0002783999661915004,0.0007922965075490801,0.00022510970865141644,-0.00028708635468888133,-0.000600013816409728,0.0007022175844140067
gmat_d04_sso_900km_i97p6_jun_36h_g2020,numerical_gravity_20x20,EarthMJ2000Eq,3300.0,2026-06-17T07:25:00Z,0.0006223649506864604,-0.00044479156713350676,0.000237783751799725,0.0008010735188832511,0.00024227109207686226,-0.0003409477145055462,-0.0007712879224186509,0.0008773971081280982
gmat_d04_sso_900km_i97p6_jun_36h_g2020,numerical_gravity_20x20,EarthMJ2000Eq,3360.0,2026-06-17T07:26:00Z,0.0006319947942756698,-0.00046214540816436056,0.0001860162228695117,0.0008047346354231248,0.00012001333260514002,-0.00026347812820404215,-0.000920000964299561,0.0009644820881473226
gmat_d04_sso_900km_i97p6_jun_36h_g2020,numerical_gravity_20x20,EarthMJ2000Eq,3420.0,2026-06-17T07:27:00Z,0.0006458388952523819,-0.00048243191486108117,0.00013111912267049775,0.0008167255692258126,-2.618172345592029e-05,-0.00013007728227876214,-0.0009139464740570702,0.0009235278769206168
gmat_d04_sso_900km_i97p6_jun_36h_g2020,numerical_gravity_20x20,EarthMJ2000Eq,3480.0,2026-06-17T07:28:00Z,0.000593789522440602,-0.00044970533963351045,8.037386578507721e-05,0.0007491867909649548,-6.766587290485404e-05,-5.580957918027707e-05,-0.0007264777668325451,0.0007317535959503425
gmat_d04_sso_900km_i97p6_jun_36h_g2020,numerical_gravity_20x20,EarthMJ2000Eq,3540.0,2026-06-17T07:29:00Z,0.0007394971248686488,-0.0005693811999663012,4.2176907300017774e-05,0.0009342536272733745,-4.5507597690175317e-05,-0.0001056799092680194,-0.0008686712460459489,0.000876258476921878
gmat_d04_sso_900km_i97p6_jun_36h_g2020,numerical_gravity_20x20,EarthMJ2000Eq,3600.0,2026-06-17T07:30:00Z,0.0013076694358460372,-0.0010186613508267328,-3.407876647543162e-06,0.0016576133188223611,-1.9484858171381347e-05,-0.0002531850284981374,-0.0015343037951254246,0.0015551753772773803
gmat_d04_sso_900km_i97p6_jun_36h_g2020,numerical_gravity_20x20,EarthMJ2000Eq,3660.0,2026-06-17T07:31:00Z,0.0010852419336515595,-0.0008606760388829571,-8.797996997600421e-05,0.0013878954476400634,-6.252864892530852e-05,-0.0002516733488278078,-0.0014726762032069018,0.0014953342455580037
gmat_d04_sso_900km_i97p6_jun_36h_g2020,numerical_gravity_20x20,EarthMJ2000Eq,3720.0,2026-06-17T07:32:00Z,0.0009763127764017554,-0.0007919791755739425,-0.0001634798536542803,0.0012677315624606458,-0.0002858779879488793,-8.968825682131865e-05,-0.001484742329083133,0.0015146715786521355
gmat_d04_sso_900km_i97p6_jun_36h_g2020,numerical_gravity_20x20,EarthMJ2000Eq,3780.0,2026-06-17T07:33:00Z,0.0009733901151776081,-0.000807551870707357,-0.00025250392354791984,0.0012897234477264972,-0.0004864624258971162,0.00013174439317253928,-0.0013565046863561747,0.0014471030512884602
gmat_d04_sso_900km_i97p6_jun_36h_g2020,numerical_gravity_20x20,EarthMJ2000Eq,3840.0,2026-06-17T07:34:00Z,0.000940038034968893,-0.0007928680929580878,-0.00032463685784023255,0.0012718885208568998,-0.00043665515647717257,0.0002028723855573844,-0.0010766809666051813,0.0011794349640186674
gmat_d04_sso_900km_i97p6_jun_36h_g2020,numerical_gravity_20x20,EarthMJ2000Eq,3900.0,2026-06-17T07:35:00Z,0.0009191353456117213,-0.0007833849622329581,-0.00038615689845755696,0.0012679191349734696,-0.0002815108146592138,0.00011127987420422869,-0.0010229803670824822,0.0010668272496562943
gmat_d04_sso_900km_i97p6_jun_36h_g2020,numerical_gravity_20x20,EarthMJ2000Eq,3960.0,2026-06-17T07:36:00Z,0.0009034110917127691,-0.0007794066050337278,-0.0004524099495029077,0.0012760489876995642,-0.00028321611722503803,4.070965786695524e-05,-0.0012067382648695002,0.0012401959059761176
gmat_d04_sso_900km_i97p6_jun_36h_g2020,numerical_gravity_20x20,EarthMJ2000Eq,4020.0,2026-06-17T07:37:00Z,0.0008854544830683153,-0.0007799767445249017,-0.0005352940206648782,0.0012957364902421373,-0.0005047580131645191,0.00012103651414463457,-0.0013660845787910603,0.001461375231082293
gmat_d04_sso_900km_i97p6_jun_36h_g2020,numerical_gravity_20x20,EarthMJ2000Eq,4080.0,2026-06-17T07:38:00Z,0.0007815870048943907,-0.0007044004632916767,-0.0005459469321067445,0.0011853760211772801,-0.0006646967420920191,0.0002496109985372641,-0.0011845187053438622,0.001381018454926658
gmat_d04_sso_900km_i97p6_jun_36h_g2020,numerical_gravity_20x20,EarthMJ2000Eq,4140.0,2026-06-17T07:39:00Z,0.0011205283954041079,-0.0010518031103856629,-0.0010178764568991028,0.0018433518788970624,-0.001078032774159965,0.000546274137036562,-0.0015044392398522177,0.0019297428640534442
gmat_d04_sso_900km_i97p6_jun_36h_g2020,numerical_gravity_20x20,EarthMJ2000Eq,4200.0,2026-06-17T07:40:00Z,-0.0006208119884831831,0.0005986446467431961,0.0007123826435417868,0.0011186026859159217,0.0006280451714246738,-0.0003170024243104308,0.0009884129070769632,0.0012132152938554937
gmat_d04_sso_900km_i97p6_jun_36h_g2020,numerical_gravity_20x20,EarthMJ2000Eq,4260.0,2026-06-17T07:41:00Z,0.00013098497220198624,-0.00014577244655811228,-0.0002335837052669376,0.0003049065700907811,-0.00016056134199970984,0.00011412204514726909,-0.00015371259820540217,0.0002498626594359359
gmat_d04_sso_900km_i97p6_jun_36h_g2020,numerical_gravity_20x20,EarthMJ2000Eq,4320.0,2026-06-17T07:42:00Z,-0.0002114411472575739,0.0002316992322448641,0.00041263047023676336,0.000518320169339638,0.0004399312025782365,-0.0002718807401436152,0.0002923643549479493,0.0005940837616928305
gmat_d04_sso_900km_i97p6_jun_36h_g2020,numerical_gravity_20x20,EarthMJ2000Eq,4380.0,2026-06-17T07:43:00Z,0.00013882981875212863,-0.00016005560610210523,-0.000294110577669926,0.0003624810995304427,-0.0002387161579520125,0.00012968426332804484,-0.00031866331795527003,0.00041874780289879657
gmat_d04_sso_900km_i97p6_jun_36h_g2020,numerical_gravity_20x20,EarthMJ2000Eq,4440.0,2026-06-17T07:44:00Z,0.001121893546951469,-0.0011916968105651904,-0.001856285052781459,0.0024747890043764257,-0.0017193362289447123,0.0010203855538293283,-0.001733340582177334,0.0026460864159071353
gmat_d04_sso_900km_i97p6_jun_36h_g2020,numerical_gravity_20x20,EarthMJ2000Eq,4500.0,2026-06-17T07:45:00Z,-0.00048592028178973123,0.0005425895324151497,0.0009947243597707711,0.0012328821812575901,0.0007398539558778339,-0.0004723217372770705,0.0007740688090507319,0.0011703222721446125
gmat_d04_sso_900km_i97p6_jun_36h_g2020,numerical_gravity_20x20,EarthMJ2000Eq,4560.0,2026-06-17T07:46:00Z,0.00019080562196904793,-0.0002469309947628062,-0.0005487836460815743,0.0006313043574664528,-0.000473410199930413,0.0003459317277076934,-0.0001347730815837167,0.0006016226069161252
gmat_d04_sso_900km_i97p6_jun_36h_g2020,numerical_gravity_20x20,EarthMJ2000Eq,4620.0,2026-06-17T07:47:00Z,0.0006888167263241485,-0.0008366000656678807,-0.0017423071767552756,0.0020518290500215553,-0.0013418466338066537,0.0008977791843278737,-0.000953253476154714,0.0018749005419679509
gmat_d04_sso_900km_i97p6_jun_36h_g2020,numerical_gravity_20x20,EarthMJ2000Eq,4680.0,2026-06-17T07:48:00Z,0.0004680550773628056,-0.0006129848770797253,-0.001440072537661763,0.001633595705399943,-0.001062598453671626,0.0006767559845854976,-0.0008698419762254161,0.0015309275619771676
gmat_d04_sso_900km_i97p6_jun_36h_g2020,numerical_gravity_20x20,EarthMJ2000Eq,4740.0,2026-06-17T07:49:00Z,0.0004990160960005596,-0.0007302660378627479,-0.00198454335986753,0.0021727213114704105,-0.0017193559909145506,0.0011159801971416528,-0.0011525447263238675,0.0023515858840542137
gmat_d04_sso_900km_i97p6_jun_36h_g2020,numerical_gravity_20x20,EarthMJ2000Eq,4800.0,2026-06-17T07:50:00Z,-0.0001821190380724147,0.0003190889401594177,0.0010925577953457832,0.0011526784599060228,0.0006380793671212359,-0.0004924234353609336,0.0001901581114793771,0.0008281221080250809
gmat_d04_sso_900km_i97p6_jun_36h_g2020,numerical_gravity_20x20,EarthMJ2000Eq,4860.0,2026-06-17T07:51:00Z,3.30110196955502e-05,-0.0001296084519708529,-0.0005670112841471564,0.0005825717763450511,-0.0006941336394561404,0.0005677631698119967,9.562661773543368e-05,0.0009018430996792691
gmat_d04_sso_900km_i97p6_jun_36h_g2020,numerical_gravity_20x20,EarthMJ2000Eq,4920.0,2026-06-17T07:52:00Z,0.00020806055545108393,-0.000562655259273015,-0.0023320744730881415,0.0024079953246531707,-0.0018471302265510303,0.0014557743899246134,-0.00015045475976194211,0.002356651391897806
gmat_d04_sso_900km_i97p6_jun_36h_g2020,numerical_gravity_20x20,EarthMJ2000Eq,4980.0,2026-06-17T07:53:00Z,-3.357581590535119e-05,0.00020314473658800125,0.0010718049452407286,0.0010914032069128253,0.0011752388506813816,-0.0008371994208999922,0.0002950848454474908,0.0014728083013477845
gmat_d04_sso_900km_i97p6_jun_36h_g2020,numerical_gravity_20x20,EarthMJ2000Eq,5040.0,2026-06-17T07:54:00Z,6.284608389250934e-07,0.00019805884221568704,0.0012059144864906557,0.0012220709671172398,0.0010519882395754188,-0.0008127303274818587,6.0955684944019595e-05,0.0013307612246157281
gmat_d04_sso_900km_i97p6_jun_36h_g2020,numerical_gravity_20x20,EarthMJ2000Eq,5100.0,2026-06-17T07:55:00Z,4.2384272092022e-05,9.431187208974734e-05,0.000788421971265052,0.0007951731638525749,0.0006252967033049117,-0.0004998529368194227,-3.147171412365424e-05,0.0008011487966669323
gmat_d04_sso_900km_i97p6_jun_36h_g2020,numerical_gravity_20x20,EarthMJ2000Eq,5160.0,2026-06-17T07:56:00Z,8.480674296151847e-05,6.946538633201271e-05,0.0008398121735808672,0.0008469368987383993,0.0006189675438861286,-0.0004973915723738287,-4.411759846334462e-05,0.0007952770329558808
gmat_d04_sso_900km_i97p6_jun_36h_g2020,numerical_gravity_20x20,EarthMJ2000Eq,5220.0,2026-06-17T07:57:00Z,-0.0002052529453067109,-7.146718417061493e-05,-0.0013328550494406954,0.0013504587786341037,-0.0010871969990944308,0.0008699660991595692,0.0001325926035633529,0.0013987205321459187
gmat_d04_sso_900km_i97p6_jun_36h_g2020,numerical_gravity_20x20,EarthMJ2000Eq,5280.0,2026-06-17T07:58:00Z,-9.415907697984949e-05,-9.582436177879572e-06,-0.00045484262045647483,0.0004645853680912833,-0.0003621363209305173,0.00029575851490104554,7.399059143153863e-05,0.0004733818983589798
gmat_d04_sso_900km_i97p6_jun_36h_g2020,numerical_gravity_20x20,EarthMJ2000Eq,5340.0,2026-06-17T07:59:00Z,-0.00011547308531589806,8.341885404661298e-06,-0.00044754210648534354,0.00046227433149788425,-0.00035059866121400773,0.00029111807409165635,9.709300030635859e-05,0.0004659358378751094
gmat_d04_sso_900km_i97p6_jun_36h_g2020,numerical_gravity_20x20,EarthMJ2000Eq,5400.0,2026-06-17T08:00:00Z,9.79953256319277e-05,-2.51429810305126e-05,0.0003371512775629526,0.00035200317797306796,0.00024582025304198396,-0.0002196433590562208,-0.0001468265509174671,0.00036087232927649706
gmat_d04_sso_900km_i97p6_jun_36h_g2020,numerical_gravity_20x20,EarthMJ2000Eq,5460.0,2026-06-17T08:01:00Z,-0.0005696592779713683,0.00016188005247386172,-0.0016349445104424376,0.0017388963156535996,-0.0013925833819428135,0.0011631692276026229,0.000540158140438507,0.0018931513263305054
gmat_d04_sso_900km_i97p6_jun_36h_g2020,numerical_gravity_20x20,EarthMJ2000Eq,5520.0,2026-06-17T08:02:00Z,-0.0005683323252014816,0.0002101714926538989,-0.0013388803381531034,0.0014696170413023451,-0.001095451285237914,0.0009643108533907707,0.0006916280881341663,0.0016150103258471
gmat_d04_sso_900km_i97p6_jun_36h_g2020,numerical_gravity_20x20,EarthMJ2000Eq,5580.0,2026-06-17T08:03:00Z,-0.0011860538506880403,0.00048679248720873147,-0.0025413842195121106,0.0028464582226900804,-0.0017950863018256769,0.0016781964706780172,0.0015378338602545227,0.0028988982746801697
gmat_d04_sso_900km_i97p6_jun_36h_g2020,numerical_gravity_20x20,EarthMJ2000Eq,5640.0,2026-06-17T08:04:00Z,-0.0005003366823075339,0.00023065967980073765,-0.0009026398402056657,0.0010574967445220807,-0.0003769184964141914,0.00042215408946333355,0.00047407944236965704,0.000738263466431379
gmat_d04_sso_900km_i97p6_jun_36h_g2020,numerical_gravity_20x20,EarthMJ2000Eq,5700.0,2026-06-17T08:05:00Z,-0.000875482328410726,0.000435602487414144,-0.001435666035831673,0.001737053770279287,-0.0010405898365206667,0.0009464398154079845,0.0006088409776339176,0.001532730526904789
gmat_d04_sso_900km_i97p6_jun_36h_g2020,numerical_gravity_20x20,EarthMJ2000Eq,5760.0,2026-06-17T08:06:00Z,4.764751793118194e-05,-4.629509930964559e-05,-3.336936060804874e-05,7.434404086732337e-05,-0.0002800657483703617,0.0001738094113079569,-0.0002270299503948081,0.00040023634673245047
gmat_d04_sso_900km_i97p6_jun_36h_g2020,numerical_gravity_20x20,EarthMJ2000Eq,5820.0,2026-06-17T08:07:00Z,0.0007495686986658257,-0.00040673739931662567,0.001077854903996922,0.001374430696722336,0.0006526228446546156,-0.0006340474811850072,-0.0006293747745189648,0.0011063658493296567
gmat_d04_sso_900km_i97p6_jun_36h_g2020,numerical_gravity_20x20,EarthMJ2000Eq,5880.0,2026-06-17T08:08:00Z,-0.0010732828741311096,0.0006105974534875713,-0.0013086882972856984,0.0017992860910820108,-0.0008148592911538799,0.0008886744673475278,0.0014644285784015665,0.0018969156635270975
gmat_d04_sso_900km_i97p6_jun_36h_g2020,numerical_gravity_20x20,EarthMJ2000Eq,5940.0,2026-06-17T08:09:00Z,-0.0008254833119281102,0.0004942703526467085,-0.000861419721331913,0.001291421625990851,-0.00042034642433463887,0.0005073403919197972,0.0008664864381557891,0.0010885238340211736
gmat_d04_sso_900km_i97p6_jun_36h_g2020,numerical_gravity_20x20,EarthMJ2000Eq,6000.0,2026-06-17T08:10:00Z,-0.0009073532964976039,0.000557107796339551,-0.0008788811101112515,0.001380612584006739,-0.0006657394635567471,0.0006833422716567839,0.0008248379756992108,0.0012611595377768235
gmat_d04_sso_900km_i97p6_jun_36h_g2020,numerical_gravity_20x20,EarthMJ2000Eq,6060.0,2026-06-17T08:11:00Z,-0.000952917162067024,0.0006031414159224369,-0.0008187935236492194,0.0013936475593681128,-0.0007775824428790656,0.0007807958724015407,0.0011259970733590308,0.0015754828018884118
gmat_d04_sso_900km_i97p6_jun_36h_g2020,numerical_gravity_20x20,EarthMJ2000Eq,6120.0,2026-06-17T08:12:00Z,-0.0009239902283297852,0.0005978563422104344,-0.000704872036294546,0.001306918029380645,-0.000552405232667752,0.0006115388195837568,0.0013348282479341833,0.0015687248708488209
gmat_d04_sso_900km_i97p6_jun_36h_g2020,numerical_gravity_20x20,EarthMJ2000Eq,6180.0,2026-06-17T08:13:00Z,-0.001327318841504166,0.0008911561053537298,-0.0008160359357134439,0.0017949510186901772,-0.0004048263946287989,0.0005772378131041478,0.001747663791462628,0.0018845202653871725
gmat_d04_sso_900km_i97p6_jun_36h_g2020,numerical_gravity_20x20,EarthMJ2000Eq,6240.0,2026-06-17T08:14:00Z,0.0001708860963844927,-0.00013216094885137863,4.1096427594311535e-05,0.00021990336673148353,0.00012301271112846734,-0.00014348655597018478,-0.0003133129311549965,0.00036590369179921687
gmat_d04_sso_900km_i97p6_jun_36h_g2020,numerical_gravity_20x20,EarthMJ2000Eq,6300.0,2026-06-17T08:15:00Z,0.0008672784588270588,-0.0006030381882737856,0.0004532466846285388,0.0011494605425105857,0.00026332003244533553,-0.00037538061548048063,-0.0011643783714987421,0.0012514092208304921
gmat_d04_sso_900km_i97p6_jun_36h_g2020,numerical_gravity_20x20,EarthMJ2000Eq,6360.0,2026-06-17T08:16:00Z,-0.0009386592410010053,0.0006608620424231049,-0.00040964096115203574,0.0012188623904632486,-0.00034081182320733205,0.00051464787986788,0.0011423244572483782,0.0012984299383171243
gmat_d04_sso_900km_i97p6_jun_36h_g2020,numerical_gravity_20x20,EarthMJ2000Eq,6420.0,2026-06-17T08:17:00Z,0.0007459458402081509,-0.0005446022441901732,0.00020741208572871983,0.0009465973664695857,6.215650216745416e-05,-0.00013229772832801245,-0.0007514666666708081,0.0007655509589829933
gmat_d04_sso_900km_i97p6_jun_36h_g2020,numerical_gravity_20x20,EarthMJ2000Eq,6480.0,2026-06-17T08:18:00Z,-0.0011061122222599806,0.0008317376796185272,-0.00020089828467462212,0.0013984391072604234,9.118128474483456e-05,0.0001865592125227522,0.0015393855079537389,0.001553327431214301
gmat_d04_sso_900km_i97p6_jun_36h_g2020,numerical_gravity_20x20,EarthMJ2000Eq,6540.0,2026-06-17T08:19:00Z,-0.00052880369594277,0.00039153405850811396,-0.00013624594430439174,0.000671933944040606,6.322853352003222e-05,4.227729277772596e-07,0.0005589464446842385,0.0005625114702947779
gmat_d04_sso_900km_i97p6_jun_36h_g2020,numerical_gravity_20x20,EarthMJ2000Eq,6600.0,2026-06-17T08:20:00Z,0.001468788696001866,-0.0011222698503843276,0.00013716908142669126,0.0018535493539379969,-0.00013008794041979854,-0.0002949427369003388,-0.002062713777561953,0.002087750516330155
gmat_d04_sso_900km_i97p6_jun_36h_g2020,numerical_gravity_20x20,EarthMJ2000Eq,6660.0,2026-06-17T08:21:00Z,-0.0013370271290114033,0.0010429139365442097,2.0553670765366405e-05,0.0016957987722995163,-3.820055383130239e-06,0.00027681323899741983,0.0017082262271372883,0.0017305135091027367
gmat_d04_sso_900km_i97p6_jun_36h_g2020,numerical_gravity_20x20,EarthMJ2000Eq,6720.0,2026-06-17T08:22:00Z,-0.00018293292214366375,0.0001276061993848998,-7.563812687294558e-05,0.00023551841193912283,-6.047606859738153e-05,0.0001461408771774586,0.0004238102646603181,0.00045236009028940774
gmat_d04_sso_900km_i97p6_jun_36h_g2020,numerical_gravity_20x20,EarthMJ2000Eq,6780.0,2026-06-17T08:23:00Z,-0.0005912675078434404,0.0004856501050198858,0.00014576744433725253,0.0007789104172918944,0.0003327658149032686,-6.59534649116722e-05,0.0008895693071053756,0.0009520590839050009
gmat_d04_sso_900km_i97p6_jun_36h_g2020,numerical_gravity_20x20,EarthMJ2000Eq,6840.0,2026-06-17T08:24:00Z,-0.002442226559651317,0.0019939683362224514,0.0005214742486714385,0.003195671398399948,0.0008175460308734728,-8.622080827080936e-05,0.003090202760347438,0.0031976817603436973
gmat_d04_sso_900km_i97p6_jun_36h_g2020,numerical_gravity_20x20,EarthMJ2000Eq,6900.0,2026-06-17T08:25:00Z,-0.00023086386136128567,0.00019449032606644323,6.664595275651664e-05,0.0003091379828408314,6.59579058037707e-05,-1.4436452033805836e-05,0.00017598122958872864,0.00018848938870107324
gmat_d04_sso_900km_i97p6_jun_36h_g2020,numerical_gravity_20x20,EarthMJ2000Eq,6960.0,2026-06-17T08:26:00Z,0.001436122602171963,-0.0012103452036171802,-0.0005568372216657735,0.0019589413803942023,-0.0006303917388095215,0.00017629542270469756,-0.0018956276548465212,0.0020054620480689338
gmat_d04_sso_900km_i97p6_jun_36h_g2020,numerical_gravity_20x20,EarthMJ2000Eq,7020.0,2026-06-17T08:27:00Z,-0.0009517007129034027,0.0008231011179304915,0.000462774551124312,0.0013406677375276761,0.0004673932352261545,-0.00014307222073739467,0.0012862244602729334,0.0013759721868142176
gmat_d04_sso_900km_i97p6_jun_36h_g2020,numerical_gravity_20x20,EarthMJ2000Eq,7080.0,2026-06-17T08:28:00Z,-0.0012078417057637125,0.0010598250810289755,0.0006805648808949627,0.0017450728768930665,0.0007070530827490984,-0.0002652837949312925,0.0016450680817570174,0.0018101239038512983
gmat_d04_sso_900km_i97p6_jun_36h_g2020,numerical_gravity_20x20,EarthMJ2000Eq,7140.0,2026-06-17T08:29:00Z,-0.0010564567674009595,0.0009486093404120766,0.0007170856406446546,0.0015906515640211952,0.0007396829815320416,-0.0003233937562185929,0.0014236882783791316,0.0016366437452064626
gmat_d04_sso_900km_i97p6_jun_36h_g2020,numerical_gravity_20x20,EarthMJ2000Eq,7200.0,2026-06-17T08:30:00Z,-0.0011474812708911486,0.0010546914381848183,0.0009204086381942034,0.00181003849630024,0.0009006759782437257,-0.0004310392043294087,0.001523251746959886,0.001821347824571289
gmat_d04_sso_900km_i97p6_jun_36h_g2020,numerical_gravity_20x20,EarthMJ2000Eq,7260.0,2026-06-17T08:31:00Z,0.0010700582606659736,-0.0009962359399651177,-0.0009948589649866335,0.001768404673572185,-0.0009342233653342191,0.00048540105268557454,-0.0014971188733170493,0.001830232881118348
gmat_d04_sso_900km_i97p6_jun_36h_g2020,numerical_gravity_20x20,EarthMJ2000Eq,7320.0,2026-06-17T08:32:00Z,-0.0007383432603091933,0.0007160574568843003,0.0007964463293319568,0.001300851954339912,0.000703114899636148,-0.00037406611141932444,0.0010029461705585163,0.001280701775918468
gmat_d04_sso_900km_i97p6_jun_36h_g2020,numerical_gravity_20x20,EarthMJ2000Eq,7380.0,2026-06-17T08:33:00Z,-0.0009465911716688424,0.0009321352081315126,0.0011142010407638736,0.001733884324791902,0.0009803891032333922,-0.0005390421442541538,0.0013328573800208687,0.0017401833301399555
gmat_d04_sso_900km_i97p6_jun_36h_g2020,numerical_gravity_20x20,EarthMJ2000Eq,7440.0,2026-06-17T08:34:00Z,-0.000817597538116388,0.0008330239325005095,0.001123063157137949,0.0016197732746817532,0.000992883109063314,-0.0005720517393115188,0.0012059109266715495,0.0016635147200365862
gmat_d04_sso_900km_i97p6_jun_36h_g2020,numerical_gravity_20x20,EarthMJ2000Eq,7500.0,2026-06-17T08:35:00Z,-0.0007686548997298814,0.0008091319614322856,0.0012078207873855717,0.0016444926087795938,0.0011015957035453994,-0.0006618110504064134,0.0011604992522507018,0.0017315500209304268
gmat_d04_sso_900km_i97p6_jun_36h_g2020,numerical_gravity_20x20,EarthMJ2000Eq,7560.0,2026-06-17T08:36:00Z,-0.0006993977876845747,0.0007667363206564914,0.0012748896551784128,0.0016438933918332004,0.0011856058357295751,-0.0007425060566390584,0.0010252252380382743,0.0017343768998035994
gmat_d04_sso_900km_i97p6_jun_36h_g2020,numerical_gravity_20x20,EarthMJ2000Eq,7620.0,2026-06-17T08:37:00Z,-0.0006176969691296108,0.0007083449418132659,0.0013014387150178663,0.0016053176729892752,0.00117258869281045,-0.000755068452207297,0.0008428262532333974,0.0016295547561113405
gmat_d04_sso_900km_i97p6_jun_36h_g2020,numerical_gravity_20x20,EarthMJ2000Eq,7680.0,2026-06-17T08:38:00Z,-0.0006075961209717207,0.0007386911420326214,0.001521407739346614,0.0017970862970044358,0.001277017158685112,-0.0008360014902564217,0.0008351923597160749,0.0017398901094653248
gmat_d04_sso_900km_i97p6_jun_36h_g2020,numerical_gravity_20x20,EarthMJ2000Eq,7740.0,2026-06-17T08:39:00Z,0.0005055289875599556,-0.0006364221007970627,-0.0014888018995407037,0.0016962086380284556,-0.0013297638545850532,0.0009111458254551508,-0.00080286355341741,0.001800846609128961
gmat_d04_sso_900km_i97p6_jun_36h_g2020,numerical_gravity_20x20,EarthMJ2000Eq,7800.0,2026-06-17T08:40:00Z,0.0002211063474533148,-0.0002970896275655832,-0.0007925841600808781,0.0008748370788337186,-0.000628251672907254,0.0004429101529979107,-0.0001908206925804734,0.0007920114297510405
gmat_d04_sso_900km_i97p6_jun_36h_g2020,numerical_gravity_20x20,EarthMJ2000Eq,7860.0,2026-06-17T08:41:00Z,-8.598453860031441e-05,0.0001405646798957605,0.00038879807107150555,0.0004222744488853547,0.0005063360841717213,-0.0003792073322017586,0.00022526158716118516,0.000671503695879854
gmat_d04_sso_900km_i97p6_jun_36h_g2020,numerical_gravity_20x20,EarthMJ2000Eq,7920.0,2026-06-17T08:42:00Z,-3.456352715147659e-05,8.454389899270609e-05,0.00030076716939220205,0.00031432976068173583,0.00039360026349299915,-0.0003305622442439926,-0.00011356959817021561,0.0005263939763807406
gmat_d04_sso_900km_i97p6_jun_36h_g2020,numerical_gravity_20x20,EarthMJ2000Eq,7980.0,2026-06-17T08:43:00Z,-2.1253072191029787e-05,7.537619239883497e-05,0.00030494993552565575,0.0003148455599737829,0.0001767149759857034,-0.0001523716708362599,-0.00024171065149403148,0.00033596033673148146
gmat_d04_sso_900km_i97p6_jun_36h_g2020,numerical_gravity_20x20,EarthMJ2000Eq,8040.0,2026-06-17T08:44:00Z,-1.4549186744261533e-05,7.503967935917899e-05,0.00032118714443640783,0.0003301572565679296,3.550082450232139e-05,7.427169990137372e-06,-3.058175934711471e-05,4.744170527259595e-05
gmat_d04_sso_900km_i97p6_jun_36h_g2020,numerical_gravity_20x20,EarthMJ2000Eq,8100.0,2026-06-17T08:45:00Z,-2.0541847334243357e-05,5.980200512567535e-05,0.00019163633169227978,0.00020179873868145988,2.855909952970137e-05,4.374545170549027e-05,0.00025286528426704535,0.00025820561322000425
gmat_d04_sso_900km_i97p6_jun_36h_g2020,numerical_gravity_20x20,EarthMJ2000Eq,8160.0,2026-06-17T08:46:00Z,3.184595698257908e-05,9.472478268435225e-05,0.0006357661845868279,0.0006435725218612324,0.0006120614570725991,-0.00043469738919554857,0.0003142242022136088,0.0008138291569267091
gmat_d04_sso_900km_i97p6_jun_36h_g2020,numerical_gravity_20x20,EarthMJ2000Eq,8220.0,2026-06-17T08:47:00Z,5.2327777666505426e-05,0.0001659327608649619,0.001160072084616104,0.0011730469380844643,0.001177414943320798,-0.0009445851878453482,0.00010383693904714164,0.0015130529520683107
gmat_d04_sso_900km_i97p6_jun_36h_g2020,numerical_gravity_20x20,EarthMJ2000Eq,8280.0,2026-06-17T08:48:00Z,-0.00013236876839073375,-0.00011953488865401596,-0.0013657378303832957,0.0013773343464064487,-0.0010155704055492265,0.0007186602424269495,-0.00019102674997384383,0.0012587084697729461
gmat_d04_sso_900km_i97p6_jun_36h_g2020,numerical_gravity_20x20,EarthMJ2000Eq,8340.0,2026-06-17T08:49:00Z,0.0004134926712140441,7.734888640698045e-05,0.002324122760910541,0.002361886036022602,0.001720968700880121,-0.0014234343426178242,-0.00045218229161037016,0.00227867668219931
gmat_d04_sso_900km_i97p6_jun_36h_g2020,numerical_gravity_20x20,EarthMJ2000Eq,8400.0,2026-06-17T08:50:00Z,0.0001915286702569574,1.61662683240138e-05,0.0009327534371550428,0.0009523515917382973,0.0006314007094943008,-0.0004830264035970977,-8.260858663788895e-05,0.0007992531145439237
gmat_d04_sso_900km_i97p6_jun_36h_g2020,numerical_gravity_20x20,EarthMJ2000Eq,8460.0,2026-06-17T08:51:00Z,-0.00038969847082626075,6.345999281620607e-05,-0.0014778443073737435,0.001529678353670973,-0.0011196357174725335,0.0009724985261527763,0.0004580416046451319,0.0015521403399162863
gmat_d04_sso_900km_i97p6_jun_36h_g2020,numerical_gravity_20x20,EarthMJ2000Eq,8520.0,2026-06-17T08:52:00Z,0.00037891095416853204,-8.497499948134646e-05,0.0011789225027314387,0.0012412302482506304,0.0010628498081644011,-0.0008678223695213205,-0.00034866864950799936,0.0014157454597866228
gmat_d04_sso_900km_i97p6_jun_36h_g2020,numerical_gravity_20x20,EarthMJ2000Eq,8580.0,2026-06-17T08:53:00Z,0.000957879819907248,-0.0003230161382816732,0.002428060270176502,0.002630085521534525,0.001948002203988608,-0.0017361884152578,-0.001259729209834859,0.0028975818335520783
gmat_d04_sso_900km_i97p6_jun_36h_g2020,numerical_gravity_20x20,EarthMJ2000Eq,8640.0,2026-06-17T08:54:00Z,-0.00013968292478239164,7.558901415904984e-05,-0.0002675856194400694,0.0003111705035321086,-0.0005040114992027611,0.000314537507151158,-0.0001645750202783347,0.0006164790118350291
gmat_d04_sso_900km_i97p6_jun_36h_g2020,numerical_gravity_20x20,EarthMJ2000Eq,8700.0,2026-06-17T08:55:00Z,0.00015501245798077434,-8.07340256869793e-05,0.00018688388081500307,0.0002558758096056433,-0.00032313796083371926,0.00017976353738902162,5.167422045815329e-06,0.00036981045598656083
gmat_d04_sso_900km_i97p6_jun_36h_g2020,numerical_gravity_20x20,EarthMJ2000Eq,8760.0,2026-06-17T08:56:00Z,0.0009416371540282853,-0.0004233825166011229,0.0018080945665133186,0.002082099720634191,0.0012997163345573881,-0.0011316776404868278,-0.0004000266784487394,0.0017691744333908565
gmat_d04_sso_900km_i97p6_jun_36h_g2020,numerical_gravity_20x20,EarthMJ2000Eq,8820.0,2026-06-17T08:57:00Z,0.0006980344551266171,-0.00034918502933578566,0.001132143097493099,0.0013751110058673138,0.0012614362887575226,-0.0010539451533730926,-0.0004042961521122379,0.0016927720683912956
gmat_d04_sso_900km_i97p6_jun_36h_g2020,numerical_gravity_20x20,EarthMJ2000Eq,8880.0,2026-06-17T08:58:00Z,0.0003369477781234309,-0.00016989088180707768,0.0005203210093895905,0.0006427524171216361,0.0008305116594442552,-0.0007131717438824126,-0.0006418234832494818,0.0012689763340565615
gmat_d04_sso_900km_i97p6_jun_36h_g2020,numerical_gravity_20x20,EarthMJ2000Eq,8940.0,2026-06-17T08:59:00Z,0.0007949092832859606,-0.0004501225703279488,0.0009546229193801992,0.0013212857431981974,0.0007116733868883784,-0.0007465441598242251,-0.0014530057157458032,0.0017818621726056166
gmat_d04_sso_900km_i97p6_jun_36h_g2020,numerical_gravity_20x20,EarthMJ2000Eq,9000.0,2026-06-17T09:00:00Z,0.000947898570302641,-0.0005469155439641327,0.001073237399396021,0.001532797060042101,0.0004453273305671246,-0.0005440505823628428,-0.0013441310287021224,0.0015169033225091227
gmat_d04_sso_900km_i97p6_jun_36h_g2020,numerical_gravity_20x20,EarthMJ2000Eq,9060.0,2026-06-17T09:01:00Z,0.0009525797395326663,-0.0005731221790483687,0.0009409886843059212,0.001456480997568132,0.0004114966145607468,-0.0004862958924434224,-0.0009176535087362936,0.0011170949471277414
gmat_d04_sso_900km_i97p6_jun_36h_g2020,numerical_gravity_20x20,EarthMJ2000Eq,9120.0,2026-06-17T09:02:00Z,0.000208608980756253,-0.00012267400961718522,0.00019653089111670852,0.00031175472835363307,0.00013664802622770367,-0.00014997780795056315,-0.00017614532055176824,0.00026868792288055744
gmat_d04_sso_900km_i97p6_jun_36h_g2020,numerical_gravity_20x20,EarthMJ2000Eq,9180.0,2026-06-17T09:03:00Z,0.0006297836989688221,-0.0003983141141361557,0.0005114798113936558,0.0009038214638246938,0.0003525828518036178,-0.0004081619486839827,-0.0007367333410002175,0.0009130645428888478
gmat_d04_sso_900km_i97p6_jun_36h_g2020,numerical_gravity_20x20,EarthMJ2000Eq,9240.0,2026-06-17T09:04:00Z,-0.0007465973794751335,0.0004913736120215617,-0.0005605534170172177,0.001055024078853147,-0.00039405367857625606,0.00043781511749330093,0.0008111991078862957,0.0010024990630123673
gmat_d04_sso_900km_i97p6_jun_36h_g2020,numerical_gravity_20x20,EarthMJ2000Eq,9300.0,2026-06-17T09:05:00Z,0.0020077154658793006,-0.001342766609013779,0.0012815789887099527,0.0027342984955041256,0.0007482734432073812,-0.0009899174813199352,-0.0024393096431651884,0.002736801289986343
gmat_d04_sso_900km_i97p6_jun_36h_g2020,numerical_gravity_20x20,EarthMJ2000Eq,9360.0,2026-06-17T09:06:00Z,-0.0006644090717600193,0.00045825754568795674,-0.00037661538954125717,0.000890661857528587,-0.0002852837965860999,0.00037498182337003527,0.0009026761560448904,0.0010182447913662388
gmat_d04_sso_900km_i97p6_jun_36h_g2020,numerical_gravity_20x20,EarthMJ2000Eq,9420.0,2026-06-17T09:07:00Z,-0.0005224962933425559,0.000370732323062839,-0.00023851498553995043,0.0006836184829620994,-8.403411300150765e-05,0.00017763746029686445,0.0007377689570375878,0.000763491868599136
gmat_d04_sso_900km_i97p6_jun_36h_g2020,numerical_gravity_20x20,EarthMJ2000Eq,9480.0,2026-06-17T09:08:00Z,-0.0006279751687543467,0.0004536154847301077,-0.00022798576537752524,0.0008075254359918063,-4.487521465534883e-05,0.00013950174349020017,0.0007384080014105621,0.0007528086728208635
gmat_d04_sso_900km_i97p6_jun_36h_g2020,numerical_gravity_20x20,EarthMJ2000Eq,9540.0,2026-06-17T09:09:00Z,-0.00033022490697476314,0.00023909888113848865,-0.00011886459105880931,0.0004246711141056642,-7.441069982405679e-05,9.209877305238479e-05,0.00029341062912635607,0.00031639995817064296
gmat_d04_sso_900km_i97p6_jun_36h_g2020,numerical_gravity_20x20,EarthMJ2000Eq,9600.0,2026-06-17T09:10:00Z,0.00213438659102394,-0.0015763830560899805,0.000498377630719915,0.002699809238126349,0.00011301004576580453,-0.0005502736044604717,-0.00269879052439137,0.0027566361030710155
gmat_d04_sso_900km_i97p6_jun_36h_g2020,numerical_gravity_20x20,EarthMJ2000Eq,9660.0,2026-06-17T09:11:00Z,-0.0007621806901170203,0.0005739718744735001,-0.00012168857210781425,0.0009618582149441358,-7.392753076373992e-05,0.00022170176805502706,0.0010086793622576806,0.001035398961564145
gmat_d04_sso_900km_i97p6_jun_36h_g2020,numerical_gravity_20x20,EarthMJ2000Eq,9720.0,2026-06-17T09:12:00Z,-0.0003533303356562101,0.00027037003746954724,-3.088644007220864e-05,0.00044597786428986425,1.9336532375291426e-05,5.7916338391805766e-05,0.0004980912904350987,0.0005018198255791781
gmat_d04_sso_900km_i97p6_jun_36h_g2020,numerical_gravity_20x20,EarthMJ2000Eq,9780.0,2026-06-17T09:13:00Z,0.002459655433995067,-0.0019114354472549167,2.2501808416564018e-05,0.003115123858594724,-7.22932824714917e-05,-0.0004900160277543364,-0.003088822451285944,0.003128284859426128
gmat_d04_sso_900km_i97p6_jun_36h_g2020,numerical_gravity_20x20,EarthMJ2000Eq,9840.0,2026-06-17T09:14:00Z,0.0014491447473119479,-0.0011434726729930844,-7.890776032581925e-05,0.0018476408436661589,-0.000131170629913413,-0.0002765379036873128,-0.0020835644876093795,0.002105924956012106
gmat_d04_sso_900km_i97p6_jun_36h_g2020,numerical_gravity_20x20,EarthMJ2000Eq,9900.0,2026-06-17T09:15:00Z,3.690252015076112e-05,-3.858104946630192e-05,-3.980494511779398e-05,6.65937461570466e-05,-0.00023578294872095285,0.0001262634441445698,-0.00035239788864771526,0.00044240290252004887
gmat_d04_sso_900km_i97p6_jun_36h_g2020,numerical_gravity_20x20,EarthMJ2000Eq,9960.0,2026-06-17T09:16:00Z,0.0003342802301631309,-0.000277500088685656,-9.014547686092556e-05,0.00044370686099827933,-0.00040971848136450717,0.00030036950704470655,-0.00032920377535106127,0.0006053645186491442
gmat_d04_sso_900km_i97p6_jun_36h_g2020,numerical_gravity_20x20,EarthMJ2000Eq,10020.0,2026-06-17T09:17:00Z,0.00022996709958533756,-0.00019195766753909993,-7.638573151780292e-05,0.00030913976288768493,-7.926814760139678e-05,0.00010814193984742815,0.0001694147044872807,0.00021605429982908054
gmat_d04_sso_900km_i97p6_jun_36h_g2020,numerical_gravity_20x20,EarthMJ2000Eq,10080.0,2026-06-17T09:18:00Z,0.00036230039768270217,-0.00030551802865375066,-0.00013414955901680514,0.0004925433464964495,0.00018992185601973688,-0.00023302870744146276,-0.0002204973981179137,0.0003728160303186952
gmat_d04_sso_900km_i97p6_jun_36h_g2020,numerical_gravity_20x20,EarthMJ2000Eq,10140.0,2026-06-17T09:19:00Z,-0.00019765639081015252,0.00017071499769372167,0.00013050430425209925,0.0002919640948712489,0.0003694333727821686,-0.0003781197577268358,-2.1101342895235575e-05,0.0005290565515902739
gmat_d04_sso_900km_i97p6_jun_36h_g2020,numerical_gravity_20x20,EarthMJ2000Eq,10200.0,2026-06-17T09:20:00Z,-0.0011518886822159402,0.0010100104645971442,0.0007260887286975048,0.0016953387616504476,0.0005746638720438568,-0.0003142730520266923,0.0010788663296068535,0.0012621246666720265
gmat_d04_sso_900km_i97p6_jun_36h_g2020,numerical_gravity_20x20,EarthMJ2000Eq,10260.0,2026-06-17T09:21:00Z,0.0008730976333026774,-0.0008129541129164863,-0.0007328017090912908,0.0014000686454005336,-0.0009912399789868687,0.0005675628855783543,-0.001341585065262052,0.0017619690157213606
gmat_d04_sso_900km_i97p6_jun_36h_g2020,numerical_gravity_20x20,EarthMJ2000Eq,10320.0,2026-06-17T09:22:00Z,3.343211574247107e-05,-1.930675352923572e-05,8.036658982746303e-05,8.915854336715199e-05,-8.001510565236458e-05,0.00013443912649790946,0.00015807399833533964,0.00022240432733155378
gmat_d04_sso_900km_i97p6_jun_36h_g2020,numerical_gravity_20x20,EarthMJ2000Eq,10380.0,2026-06-17T09:23:00Z,0.0010594012564979494,-0.0010077415026898962,-0.0010479852790012956,0.0017989294326116706,-0.0009307008497216884,0.0004967741773498346,-0.0013634693374342532,0.0017239597701447906
gmat_d04_sso_900km_i97p6_jun_36h_g2020,numerical_gravity_20x20,EarthMJ2000Eq,10440.0,2026-06-17T09:24:00Z,0.0016603835319983773,-0.0015933974282233976,-0.0017445263438276015,0.002887760551345773,-0.0015045475976194211,0.0007652989353346129,-0.0022764758966786758,0.0028340233665383996
gmat_d04_sso_900km_i97p6_jun_36h_g2020,numerical_gravity_20x20,EarthMJ2000Eq,10500.0,2026-06-17T09:25:00Z,-0.0004723788151750341,0.0004573348633130081,0.0005789133865619078,0.0008760351770153261,0.00055522475506109,-0.00037413805387132015,0.0005874207786860097,0.0008906834360306383
gmat_d04_sso_900km_i97p6_jun_36h_g2020,numerical_gravity_20x20,EarthMJ2000Eq,10560.0,2026-06-17T09:26:00Z,-0.0008549750418751501,0.0008607626114098821,0.001217184035340324,0.0017185550824218377,0.0010310556852743957,-0.0006335798552470351,0.0011399059474115347,0.0016624935572975002
gmat_d04_sso_900km_i97p6_jun_36h_g2020,numerical_gravity_20x20,EarthMJ2000Eq,10620.0,2026-06-17T09:27:00Z,0.000907424691831693,-0.0009745085662871134,-0.001525597326690331,0.0020249774616813623,-0.001379834468906438,0.0008665943518337826,-0.0013242251739598032,0.0020996431229047944
gmat_d04_sso_900km_i97p6_jun_36h_g2020,numerical_gravity_20x20,EarthMJ2000Eq,10680.0,2026-06-17T09:28:00Z,-0.0003540617399266921,0.0003908653525286354,0.0007364960765698925,0.0009058487237337677,0.0006695208831786204,-0.0003967470796339967,0.0005752056608798739,0.0009677437731748199
gmat_d04_sso_900km_i97p6_jun_36h_g2020,numerical_gravity_20x20,EarthMJ2000Eq,10740.0,2026-06-17T09:29:00Z,0.0005417332431534305,-0.0006383124855346978,-0.0012341979527263902,0.00149136257242866,-0.0010219718404869127,0.0006438303223887942,-0.0008619682745347745,0.001483891247052803
gmat_d04_sso_900km_i97p6_jun_36h_g2020,numerical_gravity_20x20,EarthMJ2000Eq,10800.0,2026-06-17T09:30:00Z,0.0008991328286356293,-0.0010948206181637943,-0.0022806793822383042,0.002684878111582303,-0.0019996106992437035,0.0012601297783021437,-0.0014919265822754824,0.0027950339771805827
gmat_d04_sso_900km_i97p6_jun_36h_g2020,numerical_gravity_20x20,EarthMJ2000Eq,10860.0,2026-06-17T09:31:00Z,-0.00031189119908958673,0.00040024087866186164,0.001008098934107693,0.0011285975110599108,0.0007503992982549335,-0.0005425371263356737,0.0004802451769592153,0.0010431112453936327
gmat_d04_sso_900km_i97p6_jun_36h_g2020,numerical_gravity_20x20,EarthMJ2000Eq,10920.0,2026-06-17T09:32:00Z,0.0004055027602589689,-0.0006174714144435711,-0.001706253442534944,0.0018593020858362244,-0.0014938714709700207,0.00106386011111681,-0.0006282787623490549,0.0019386037529682191
gmat_d04_sso_900km_i97p6_jun_36h_g2020,numerical_gravity_20x20,EarthMJ2000Eq,10980.0,2026-06-17T09:33:00Z,-0.00014695524441776797,0.00024412793209194206,0.0008402971616305877,0.0008872956727798213,0.0007580522876082796,-0.00048463277835253393,0.00038249048373018013,0.000977655957249783
gmat_d04_sso_900km_i97p6_jun_36h_g2020,numerical_gravity_20x20,EarthMJ2000Eq,11040.0,2026-06-17T09:34:00Z,0.00020040624804096296,-0.00040909026211011223,-0.0014390611795533914,0.0015094418124938684,-0.0011113447939692378,0.000823676238326243,-0.00038672975932740883,0.0014363459553377916
gmat_d04_sso_900km_i97p6_jun_36h_g2020,numerical_gravity_20x20,EarthMJ2000Eq,11100.0,2026-06-17T09:35:00Z,0.0002732540451688692,-0.0006513137122965418,-0.0025363999611727195,0.0026329075350387116,-0.0020692223490215156,0.0014836516459837412,-0.0006666800445032095,0.0026319889091824047
gmat_d04_sso_900km_i97p6_jun_36h_g2020,numerical_gravity_20x20,EarthMJ2000Eq,11160.0,2026-06-17T09:36:00Z,-2.914021024480462e-05,7.731068762950599e-05,0.0003979407665610779,0.0004064270512233121,0.00032549957174055066,-0.00024513813201565426,7.111644606538903e-05,0.0004136426282098807
gmat_d04_sso_900km_i97p6_jun_36h_g2020,numerical_gravity_20x20,EarthMJ2000Eq,11220.0,2026-06-17T09:37:00Z,7.705239113420248e-06,-0.00011950487532885745,-0.0005871061148354784,0.000599194773019901,-0.0005131784372447434,0.00038167713434233974,-0.00011099388075308525,0.0006491141539801514
gmat_d04_sso_900km_i97p6_jun_36h_g2020,numerical_gravity_20x20,EarthMJ2000Eq,11280.0,2026-06-17T09:38:00Z,-2.644719643285498e-05,-6.842856237199157e-05,-0.0004451305812835926,0.0004511354084322407,-0.00039769626480889997,0.0003303128881526618,-3.4431124618095055e-05,0.0005181258780114831
gmat_d04_sso_900km_i97p6_jun_36h_g2020,numerical_gravity_20x20,EarthMJ2000Eq,11340.0,2026-06-17T09:39:00Z,-4.996491043129936e-05,-5.279252945911139e-05,-0.0004698327842334038,0.00047542232654936505,-0.0004197989733611962,0.0003546188898084779,3.944755633256136e-05,0.0005509463174799541
gmat_d04_sso_900km_i97p6_jun_36h_g2020,numerical_gravity_20x20,EarthMJ2000Eq,11400.0,2026-06-17T09:40:00Z,-7.449762051692232e-05,-3.2147909223567694e-05,-0.0004634355832422443,0.00047048477482827144,-0.00038561864812436397,0.00031389629784328577,0.00012003820160089163,0.0005115093326856893
gmat_d04_sso_900km_i97p6_jun_36h_g2020,numerical_gravity_20x20,EarthMJ2000Eq,11460.0,2026-06-17T09:41:00Z,-9.570794645696878e-05,-1.5107616491150111e-05,-0.0004553974122245563,0.00046559108040412044,-0.00032024405349773133,0.0002566883372523421,0.0001333306798301237,0.0004315347337885942
gmat_d04_sso_900km_i97p6_jun_36h_g2020,numerical_gravity_20x20,EarthMJ2000Eq,11520.0,2026-06-17T09:42:00Z,-0.00011353404261171818,-5.020410753786564e-07,-0.00044891316974826623,0.0004630477997468906,-0.0002844116053779544,0.00024035340384642723,7.649525457509299e-05,0.00038014634548649454
gmat_d04_sso_900km_i97p6_jun_36h_g2020,numerical_gravity_20x20,EarthMJ2000Eq,11580.0,2026-06-17T09:43:00Z,-0.00013130284060025588,1.4869328879285604e-05,-0.000445890009359573,0.00046505852678743205,-0.0003184874586281694,0.00027810326264088303,3.5502267792253406e-05,0.0004243066073175467
gmat_d04_sso_900km_i97p6_jun_36h_g2020,numerical_gravity_20x20,EarthMJ2000Eq,11640.0,2026-06-17T09:44:00Z,-0.00015229124983306974,3.2924617698881775e-05,-0.00044280795918894,0.00046942043409656757,-0.000378385767163536,0.00031862235072566136,8.218137281801319e-05,0.0005014476734537087
gmat_d04_sso_900km_i97p6_jun_36h_g2020,numerical_gravity_20x20,EarthMJ2000Eq,11700.0,2026-06-17T09:45:00Z,-0.00017569345800438896,5.2125869842711836e-05,-0.00043503223423613235,0.00047205756250364263,-0.00039021008646500377,0.00031312163972785356,0.0001766000679026547,0.0005305625852131939
gmat_d04_sso_900km_i97p6_jun_36h_g2020,numerical_gravity_20x20,EarthMJ2000Eq,11760.0,2026-06-17T09:46:00Z,-0.0001979860826395452,6.999198376433924e-05,-0.00042257443055859767,0.00047187553027482087,-0.00034809799487334203,0.0002836848533860348,0.00022654145226397304,0.0005029615687797301
gmat_d04_sso_900km_i97p6_jun_36h_g2020,numerical_gravity_20x20,EarthMJ2000Eq,11820.0,2026-06-17T09:47:00Z,-0.00021698906493838876,8.666847861604765e-05,-0.0004081302904523909,0.00047028290791098243,-0.0003096958245407677,0.0002858591141574607,0.00022212365280438462,0.000476409334522359
gmat_d04_sso_900km_i97p6_jun_36h_g2020,numerical_gravity_20x20,EarthMJ2000Eq,11880.0,2026-06-17T09:48:00Z,-0.0002401320671197027,0.00010755775292636827,-0.0004005410119134467,0.0004792339534073092,-0.00030706237552635685,0.00031944136225092734,0.00024570390166900324,0.0005066561888262974
gmat_d04_sso_900km_i97p6_jun_36h_g2020,numerical_gravity_20x20,EarthMJ2000Eq,11940.0,2026-06-17T09:49:00Z,-0.0002372762537561357,0.00011491147233755328,-0.00035720404412131757,0.00044395877759985164,-0.00027469226893117593,0.0002945128585452039,0.0002845412794272306,0.0004931099331357159
gmat_d04_sso_900km_i97p6_jun_36h_g2020,numerical_gravity_20x20,EarthMJ2000Eq,12000.0,2026-06-17T09:50:00Z,-0.00031862964533502236,0.00016780995792942122,-0.00042213196138618514,0.0005548697375874305,-0.0003014575256088392,0.000303729930095642,0.0003951816651692752,0.0005824921103912642
gmat_d04_sso_900km_i97p6_jun_36h_g2020,numerical_gravity_20x20,EarthMJ2000Eq,12060.0,2026-06-17T09:51:00Z,-0.0005932861313340254,0.00033105652619269677,-0.000719887793820817,0.0009898612492972303,-0.000462602400830292,0.0004218101423703047,0.0007061951023956681,0.0009437352913333457
gmat_d04_sso_900km_i97p6_jun_36h_g2020,numerical_gravity_20x20,EarthMJ2000Eq,12120.0,2026-06-17T09:52:00Z,-0.0005665137905452866,0.0003243999344704207,-0.0006132349881227128,0.0008956731228636181,-0.0004028004596534629,0.0003534483816736156,0.0005299334304709191,0.0007536600092451605
gmat_d04_sso_900km_i97p6_jun_36h_g2020,numerical_gravity_20x20,EarthMJ2000Eq,12180.0,2026-06-17T09:53:00Z,-0.0006038931132934522,0.0003552308953658212,-0.000597208781982772,0.0009206162124267677,-0.0004930402752734153,0.0005139972891754496,0.0005301457051132275,0.000887883097581769
gmat_d04_sso_900km_i97p6_jun_36h_g2020,numerical_gravity_20x20,EarthMJ2000Eq,12240.0,2026-06-17T09:54:00Z,-0.0006331138138193637,0.00038922780731809326,-0.0005588526619249023,0.0009298643368680723,-0.0005054303642282321,0.000637611297094054,0.0007458735851173515,0.001103782326476401
gmat_d04_sso_900km_i97p6_jun_36h_g2020,numerical_gravity_20x20,EarthMJ2000Eq,12300.0,2026-06-17T09:55:00Z,-0.000659463694319129,0.0004253652150509879,-0.0005061301635578275,0.0009338070854108358,-0.0003510063351086501,0.0005262124069815854,0.0009845892989801541,0.0011702653682878902
gmat_d04_sso_900km_i97p6_jun_36h_g2020,numerical_gravity_20x20,EarthMJ2000Eq,12360.0,2026-06-17T09:56:00Z,-0.0006747177394572645,0.00044952867028769106,-0.0004460898708202876,0.0009253735603513868,-0.00017260681772768294,0.00027933344526331894,0.0009673759571171558,0.0010215853021540034
gmat_d04_sso_900km_i97p6_jun_36h_g2020,numerical_gravity_20x20,EarthMJ2000Eq,12420.0,2026-06-17T09:57:00Z,-0.0006835814474470681,0.0004616795195033774,-0.0003939967427868396,0.0009141471475366191,-0.00015554935117734203,0.00016497381238878006,0.0007623284226099258,0.0007953342588778117
gmat_d04_sso_900km_i97p6_jun_36h_g2020,numerical_gravity_20x20,EarthMJ2000Eq,12480.0,2026-06-17T09:58:00Z,-0.0006960794962651562,0.00047394996727234684,-0.00035204357118345797,0.0009127375924162512,-0.000265871769045134,0.00027058089102638405,0.0006780838113229493,0.0007769809980572742
gmat_d04_sso_900km_i97p6_jun_36h_g2020,numerical_gravity_20x20,EarthMJ2000Eq,12540.0,2026-06-17T09:59:00Z,-0.0007136823114706203,0.0004946623448631726,-0.0003074474079767242,0.0009211716375373192,-0.0002908446816718424,0.00040172043469510754,0.0008387566197143315,0.0009744139795913404
gmat_d04_sso_900km_i97p6_jun_36h_g2020,numerical_gravity_20x20,EarthMJ2000Eq,12600.0,2026-06-17T10:00:00Z,-0.0007267353794304654,0.0005180881998967379,-0.00025071949494304135,0.0009270490600462732,-0.0001410613847951936,0.0003518900726362517,0.0010135048356119114,0.001082089178075916
gmat_d04_sso_900km_i97p6_jun_36h_g2020,numerical_gravity_20x20,EarthMJ2000Eq,12660.0,2026-06-17T10:01:00Z,-0.0007294501074284199,0.0005340366442396771,-0.000189707861864008,0.0009237324663944221,1.269029326067539e-05,0.00019837465004002297,0.000988135129276202,0.0010079308404008877
gmat_d04_sso_900km_i97p6_jun_36h_g2020,numerical_gravity_20x20,EarthMJ2000Eq,12720.0,2026-06-17T10:02:00Z,-0.0007280328873093822,0.0005431782028608723,-0.000134758920466993,0.0009182779599405791,2.7362112575701758e-05,0.00012879386446229546,0.0008687572883303574,0.0008786784228344595
gmat_d04_sso_900km_i97p6_jun_36h_g2020,numerical_gravity_20x20,EarthMJ2000Eq,12780.0,2026-06-17T10:03:00Z,-0.0007267921944276168,0.0005508020421984838,-8.287588570965454e-05,0.0009156845504883714,-1.5543122344752192e-06,0.00015507328754438277,0.0008770079107378592,0.0008906138421858992
gmat_d04_sso_900km_i97p6_jun_36h_g2020,numerical_gravity_20x20,EarthMJ2000Eq,12840.0,2026-06-17T10:04:00Z,-0.0007257808647409547,0.0005595173888650606,-3.019340510945767e-05,0.0009169128714216021,-9.583445148564351e-07,0.00018058710082868856,0.0009431987413321963,0.0009603314454190072
gmat_d04_sso_900km_i97p6_jun_36h_g2020,numerical_gravity_20x20,EarthMJ2000Eq,12900.0,2026-06-17T10:05:00Z,-0.0007236726560222451,0.0005698524319086573,2.9567672754637897e-05,0.0009215791634464329,0.00012470113830431728,0.00011959766510472036,0.0010565325836431327,0.0010705676418108884
gmat_d04_sso_900km_i97p6_jun_36h_g2020,numerical_gravity_20x20,EarthMJ2000Eq,12960.0,2026-06-17T10:06:00Z,-0.000711410621079267,0.0005729740450988174,9.252562449546531e-05,0.0009181314281351913,0.00028554314468465236,-3.579625484917415e-05,0.000994747284543962,0.0010355377440949285
gmat_d04_sso_900km_i97p6_jun_36h_g2020,numerical_gravity_20x20,EarthMJ2000Eq,13020.0,2026-06-17T10:07:00Z,-0.0006929678875167156,0.0005676669658782885,0.00014651322999270633,0.0009076984101791393,0.0002948850053030583,-0.0001241780012151139,0.000774992736651825,0.0008384456358055962
gmat_d04_sso_900km_i97p6_jun_36h_g2020,numerical_gravity_20x20,EarthMJ2000Eq,13080.0,2026-06-17T10:08:00Z,-0.0006793823104089824,0.0005620717900001182,0.00018865557649405673,0.0009017072403795418,0.0001503996926999207,-3.952571603349497e-05,0.0006722777889933695,0.0006900288221270214
gmat_d04_sso_900km_i97p6_jun_36h_g2020,numerical_gravity_20x20,EarthMJ2000Eq,13140.0,2026-06-17T10:09:00Z,-0.0006731588655384257,0.0005636495075123094,0.00023267512005986646,0.0009082848325645004,9.021849933787962e-05,7.960032633036462e-05,0.0008303302490020315,0.0008390017353870343
gmat_d04_sso_900km_i97p6_jun_36h_g2020,numerical_gravity_20x20,EarthMJ2000Eq,13200.0,2026-06-17T10:10:00Z,-0.0006639261300733779,0.0005684815960194101,0.0002895640136557631,0.000920769541856931,0.00025061641650836464,4.9048765049519716e-05,0.0010486487234118158,0.0010792953787956325
gmat_d04_sso_900km_i97p6_jun_36h_g2020,numerical_gravity_20x20,EarthMJ2000Eq,13260.0,2026-06-17T10:11:00Z,-0.0006413588380382862,0.0005663996489602141,0.00035394168662605807,0.0009259721588707585,0.0004936024922130855,-0.00013136425280890762,0.0010490950330677151,0.001166833482396851
gmat_d04_sso_900km_i97p6_jun_36h_g2020,numerical_gravity_20x20,EarthMJ2000Eq,13320.0,2026-06-17T10:12:00Z,-0.000607923084317008,0.0005532292561838403,0.0004107032509637065,0.000918863562611657,0.0005829443594507211,-0.0002880842231434144,0.0008220308878037486,0.0010481180402716935
gmat_d04_sso_900km_i97p6_jun_36h_g2020,numerical_gravity_20x20,EarthMJ2000Eq,13380.0,2026-06-17T10:13:00Z,-0.0005755259735451546,0.0005349966158973984,0.0004530584192252718,0.0009070355320921383,0.0004750555504529075,-0.0002936602072622918,0.000615936635028902,0.0008314397342659141
gmat_d04_sso_900km_i97p6_jun_36h_g2020,numerical_gravity_20x20,EarthMJ2000Eq,13440.0,2026-06-17T10:14:00Z,-0.0005496622179634869,0.0005184988367545884,0.00048710262490203604,0.0008990208922816281,0.00035907454787320603,-0.00020722090710023622,0.0006214042613805759,0.0007470062190716561
gmat_d04_sso_900km_i97p6_jun_36h_g2020,numerical_gravity_20x20,EarthMJ2000Eq,13500.0,2026-06-17T10:15:00Z,-0.0005448582669487223,0.0005248011802905239,0.0005515339580597356,0.0009362032454492615,0.0004122497898606525,-0.00019062262879288028,0.0007598579543355299,0.0008852519339798342
gmat_d04_sso_900km_i97p6_jun_36h_g2020,numerical_gravity_20x20,EarthMJ2000Eq,13560.0,2026-06-17T10:16:00Z,-0.0004365856511867605,0.0004321314008848276,0.000493230800202582,0.0007877951514964602,0.00044075054717040985,-0.0001999254095608194,0.0006813669628513708,0.0008357584293827842
gmat_d04_sso_900km_i97p6_jun_36h_g2020,numerical_gravity_20x20,EarthMJ2000Eq,13620.0,2026-06-17T10:17:00Z,-0.0008402976163779385,0.0008543820513295941,0.0011242063919780776,0.001643139916589265,0.0010217084955854716,-0.0005787645918076123,0.0011945697764303986,0.001675068253368421
gmat_d04_sso_900km_i97p6_jun_36h_g2020,numerical_gravity_20x20,EarthMJ2000Eq,13680.0,2026-06-17T10:18:00Z,-0.0008112347131827846,0.0008521296877006534,0.0012401651474647224,0.0017094549884450788,0.0011152962997584837,-0.0006605516134072786,0.0011608047856270787,0.0017400235689681485
gmat_d04_sso_900km_i97p6_jun_36h_g2020,numerical_gravity_20x20,EarthMJ2000Eq,13740.0,2026-06-17T10:19:00Z,-0.0007256139724631794,0.0007922853910713457,0.0012768359738402069,0.0016686946641106455,0.0011292233814685915,-0.0006938085661545301,0.0010478133916080878,0.0016895054528938368
gmat_d04_sso_900km_i97p6_jun_36h_g2020,numerical_gravity_20x20,EarthMJ2000Eq,13800.0,2026-06-17T10:20:00Z,-0.000700273631082382,0.0008006313692021649,0.0014403067325474694,0.001790496364576428,0.001254347292700686,-0.0007924714218177087,0.0010309442188827234,0.001806721912069212
gmat_d04_sso_900km_i97p6_jun_36h_g2020,numerical_gravity_20x20,EarthMJ2000Eq,13860.0,2026-06-17T10:21:00Z,0.0006261288945097476,-0.0007238900252559688,-0.0014856113921268843,0.0017672281600354452,-0.0012745813293690844,0.0008448086674661681,-0.0009423271052355631,0.0017961736060481072
gmat_d04_sso_900km_i97p6_jun_36h_g2020,numerical_gravity_20x20,EarthMJ2000Eq,13920.0,2026-06-17T10:22:00Z,-0.0004473295120988041,0.0005793567652290221,0.0012862992662121542,0.00147997424169109,0.00109638120804334,-0.0007225167131252874,0.0007022311621085464,0.001489030140437816
gmat_d04_sso_900km_i97p6_jun_36h_g2020,numerical_gravity_20x20,EarthMJ2000Eq,13980.0,2026-06-17T10:23:00Z,-0.00048463971324963495,0.0006701552592858206,0.0016494518604304176,0.001845176187545379,0.001394329096626734,-0.0009454530491836977,0.000794783794333398,0.0018627174712354175
gmat_d04_sso_900km_i97p6_jun_36h_g2020,numerical_gravity_20x20,EarthMJ2000Eq,14040.0,2026-06-17T10:24:00Z,0.00039200949686346576,-0.000566508333577076,-0.0016397316358052194,0.0017785732976472698,-0.00137255695698002,0.0009578511317442917,-0.000641668940204454,0.0017925206887400714
gmat_d04_sso_900km_i97p6_jun_36h_g2020,numerical_gravity_20x20,EarthMJ2000Eq,14100.0,2026-06-17T10:25:00Z,-0.0002450969986966811,0.00044357966544339433,0.0014103920875641052,0.001498679852079299,0.001185496589783952,-0.0008430038889173375,0.0004616120818923264,0.0015261531493490758
gmat_d04_sso_900km_i97p6_jun_36h_g2020,numerical_gravity_20x20,EarthMJ2000Eq,14160.0,2026-06-17T10:26:00Z,-0.0002178676368203014,0.000465750417788513,0.0016655860690661939,0.0017431485055241888,0.0013866725545597092,-0.000995705295991911,0.00043793857429363925,0.0017624074457655455
gmat_d04_sso_900km_i97p6_jun_36h_g2020,numerical_gravity_20x20,EarthMJ2000Eq,14220.0,2026-06-17T10:27:00Z,-0.00012294913176447153,0.000382736288884189,0.0016069652701844461,0.0016564845110683796,0.0013161671752470738,-0.0009576006654299363,0.000314327230910294,0.0016577384219838337
gmat_d04_sso_900km_i97p6_jun_36h_g2020,numerical_gravity_20x20,EarthMJ2000Eq,14280.0,2026-06-17T10:28:00Z,-4.429421096574515e-05,0.000345202352036722,0.0017431059404771077,0.001777510889053382,0.0014146730176189948,-0.0010496428171080652,0.0002502531515347073,0.0017792347878059379
gmat_d04_sso_900km_i97p6_jun_36h_g2020,numerical_gravity_20x20,EarthMJ2000Eq,14340.0,2026-06-17T10:29:00Z,-2.5901499611791223e-05,-0.00024425935407634825,-0.001665691002017411,0.0016837042596423225,-0.001346214972830495,0.0010287526386321133,-0.00010251000048810965,0.001697390657675957
gmat_d04_sso_900km_i97p6_jun_36h_g2020,numerical_gravity_20x20,EarthMJ2000Eq,14400.0,2026-06-17T10:30:00Z,-7.185008144006133e-05,-0.00013803401088807732,-0.0012451561417492485,0.001254842476050547,-0.0009846021220560885,0.000755540852104275,-4.085798366304516e-05,0.001241753877700737
gmat_d04_sso_900km_i97p6_jun_36h_g2020,numerical_gravity_20x20,EarthMJ2000Eq,14460.0,2026-06-17T10:31:00Z,0.0002618389771669172,0.000183439624379389,0.0021967670136291417,0.0022199087949565334,0.0017542773900203201,-0.0013838938883736773,-0.00013353140815297593,0.002238410617464508
gmat_d04_sso_900km_i97p6_jun_36h_g2020,numerical_gravity_20x20,EarthMJ2000Eq,14520.0,2026-06-17T10:32:00Z,0.00022443146008299664,8.375445759156719e-05,0.0014317591876533697,0.001451660656238668,0.0010688960827565097,-0.0008455255939843198,-0.00015765166949677223,0.0013719717251860068
gmat_d04_sso_900km_i97p6_jun_36h_g2020,numerical_gravity_20x20,EarthMJ2000Eq,14580.0,2026-06-17T10:33:00Z,-0.00023679422156419605,-6.505615601781756e-06,-0.0012300299658818403,0.0012526322458598267,-0.001028877649744686,0.0008433073094005206,0.00027423752158028947,0.0013582940235733183
gmat_d04_sso_900km_i97p6_jun_36h_g2020,numerical_gravity_20x20,EarthMJ2000Eq,14640.0,2026-06-17T10:34:00Z,0.0006335176294669509,-6.976279109949246e-05,0.002408852878943435,0.002491743089939549,0.0019373262993838125,-0.0016043938955156989,-0.00043312908815096307,0.002552432911802914
gmat_d04_sso_900km_i97p6_jun_36h_g2020,numerical_gravity_20x20,EarthMJ2000Eq,14700.0,2026-06-17T10:35:00Z,0.0003971854312112555,-7.024664228083566e-05,0.0013275750916363904,0.0013874964797979032,0.0011434311275593245,-0.000977673719759764,-0.00037402347885517884,0.0015502174713618126
gmat_d04_sso_900km_i97p6_jun_36h_g2020,numerical_gravity_20x20,EarthMJ2000Eq,14760.0,2026-06-17T10:36:00Z,-0.00030680166673846543,8.647657523397356e-05,-0.0009818108992476482,0.0010322587382333816,-0.0007330789308923613,0.0005972417005395414,0.0001396820437093993,0.0009558312827672493
gmat_d04_sso_900km_i97p6_jun_36h_g2020,numerical_gravity_20x20,EarthMJ2000Eq,14820.0,2026-06-17T10:37:00Z,0.0006417458280338906,-0.00021692812879336998,0.0015819664440641645,0.001720904805910459,0.0011181611192512264,-0.0009647302956494741,-0.0007646399069471954,0.0016630282677228588
gmat_d04_sso_900km_i97p6_jun_36h_g2020,numerical_gravity_20x20,EarthMJ2000Eq,14880.0,2026-06-17T10:38:00Z,-0.0005244937710813247,0.0002283668436575681,-0.0011628253560047597,0.0012959197273569166,-0.0010190057686543241,0.000924686771597294,0.0006315064027262451,0.0015140075028882976
gmat_d04_sso_900km_i97p6_jun_36h_g2020,numerical_gravity_20x20,EarthMJ2000Eq,14940.0,2026-06-17T10:39:00Z,0.0011553111107787117,-0.0005209494702285156,0.002131714609276969,0.0024799877597732156,0.0016009180647813537,-0.001433949847751137,-0.0010134959538277144,0.0023761996684693674
gmat_d04_sso_900km_i97p6_jun_36h_g2020,numerical_gravity_20x20,EarthMJ2000Eq,15000.0,2026-06-17T10:40:00Z,0.0006933350960025564,-0.00032441130315419286,0.0011834499673568644,0.0014094360837583373,0.0010090919211336313,-0.0009450766835783497,-0.0006131219976168722,0.0015124004189044377
gmat_d04_sso_900km_i97p6_jun_36h_g2020,numerical_gravity_20x20,EarthMJ2000Eq,15060.0,2026-06-17T10:41:00Z,-0.0006030259100953117,0.0003229451976949349,-0.0009310542736784555,0.0011553336788544754,-0.0005738316488645978,0.0004967626310303785,0.0006052021106484062,0.0009707344990058677
gmat_d04_sso_900km_i97p6_jun_36h_g2020,numerical_gravity_20x20,EarthMJ2000Eq,15120.0,2026-06-17T10:42:00Z,0.001291879016207531,-0.0007052426553855184,0.0017120546544902027,0.0022577532494615356,0.0012692469297803655,-0.001268010141330933,-0.001617334710601881,0.002415493542403425
gmat_d04_sso_900km_i97p6_jun_36h_g2020,numerical_gravity_20x20,EarthMJ2000Eq,15180.0,2026-06-17T10:43:00Z,0.0013400108400674071,-0.0007712073966104072,0.001536232048238162,0.002179540962248422,0.0010522311910676763,-0.0010711511677641283,-0.0016095764721058003,0.0022012023358189293
gmat_d04_sso_900km_i97p6_jun_36h_g2020,numerical_gravity_20x20,EarthMJ2000Eq,15240.0,2026-06-17T10:44:00Z,0.00033322703529847786,-0.0001759303813742008,0.0004105368134332821,0.0005572541891527045,0.00014376766444001987,-9.631984099200963e-05,-0.0003246940494250339,0.00036793053534504383
gmat_d04_sso_900km_i97p6_jun_36h_g2020,numerical_gravity_20x20,EarthMJ2000Eq,15300.0,2026-06-17T10:45:00Z,-3.661898517748341e-05,1.9261278794147074e-05,-0.00015632031136192381,0.0001617033910606188,-0.00017812595842769952,0.00018563461878784437,0.0002781224139880578,0.00037886824348424804
gmat_d04_sso_900km_i97p6_jun_36h_g2020,numerical_gravity_20x20,EarthMJ2000Eq,15360.0,2026-06-17T10:46:00Z,0.0006015302460582461,-0.0003483601176412776,0.0006206728357938118,0.0009318949391311614,0.0004959028743201088,-0.0005818261428203186,-0.0004919442631035054,0.0009090932181182337
gmat_d04_sso_900km_i97p6_jun_36h_g2020,numerical_gravity_20x20,EarthMJ2000Eq,15420.0,2026-06-17T10:47:00Z,-0.0003583627403713763,0.00023052780306898057,-0.00032088155421661213,0.0005334153105327608,-0.00016841461558669835,5.8615778897319615e-05,0.00045372283707934,0.00048750764626442547
gmat_d04_sso_900km_i97p6_jun_36h_g2020,numerical_gravity_20x20,EarthMJ2000Eq,15480.0,2026-06-17T10:48:00Z,0.0021463001758093014,-0.0014307993296824861,0.0014067009033169597,0.0029381284175290295,0.0009540617185166411,-0.00123301058252423,-0.002623136818868943,0.003051457951514578
gmat_d04_sso_900km_i97p6_jun_36h_g2020,numerical_gravity_20x20,EarthMJ2000Eq,15540.0,2026-06-17T10:49:00Z,0.00027849432626680937,-0.00018015225577983074,0.00020930565369781107,0.00039220247538131837,0.0002119779907161501,-0.0001450000119973538,-0.0003816627014430196,0.0004600283574955706
gmat_d04_sso_900km_i97p6_jun_36h_g2020,numerical_gravity_20x20,EarthMJ2000Eq,15600.0,2026-06-17T10:50:00Z,-0.00031653166843170766,0.00021937739802524447,-0.00020382412913022563,0.00043573273402417443,-3.5148772781212756e-05,0.0001964384210850767,0.0002895466089114507,0.0003516542737384885
gmat_d04_sso_900km_i97p6_jun_36h_g2020,numerical_gravity_20x20,EarthMJ2000Eq,15660.0,2026-06-17T10:51:00Z,0.002287773440912133,-0.0016125031834235415,0.0009042560122907162,0.0029413861985903692,0.000489774443224178,-0.0008539435825127839,-0.002949830157916722,0.003109758287697826
gmat_d04_sso_900km_i97p6_jun_36h_g2020,numerical_gravity_20x20,EarthMJ2000Eq,15720.0,2026-06-17T10:52:00Z,0.00023251050151884556,-0.00015076830095495097,0.0001185389919555746,0.0003014028973039767,-0.00012847056751752461,-6.765255022855854e-05,-0.0003501512413350838,0.00037906126955836915
gmat_d04_sso_900km_i97p6_jun_36h_g2020,numerical_gravity_20x20,EarthMJ2000Eq,15780.0,2026-06-17T10:53:00Z,5.199922270548996e-06,-1.9934532247134484e-05,-0.00010392705007689074,0.00010594931101812957,-0.0003007283311262654,0.00011186784831807017,0.0001351916356640004,0.00034817915357300083
gmat_d04_sso_900km_i97p6_jun_36h_g2020,numerical_gravity_20x20,EarthMJ2000Eq,15840.0,2026-06-17T10:54:00Z,0.0006588804808416171,-0.0004806006472790614,0.00021113373804837465,0.0008424238396089067,0.00011080825146336792,-0.00023417978667339412,-0.0005642204481404178,0.0006208569522672186
gmat_d04_sso_900km_i97p6_jun_36h_g2020,numerical_gravity_20x20,EarthMJ2000Eq,15900.0,2026-06-17T10:55:00Z,-0.00036177438289541897,0.0002635388227645308,-8.368806447833776e-05,0.0004553428459519337,0.0001616342615307076,1.582201036853803e-05,0.000528937227350923,0.0005533087393041621
gmat_d04_sso_900km_i97p6_jun_36h_g2020,numerical_gravity_20x20,EarthMJ2000Eq,15960.0,2026-06-17T10:56:00Z,0.0021626734678648063,-0.0016682843124726787,6.731534085702151e-05,0.0027321896769740427,-2.8413715824626706e-05,-0.0003979501173034805,-0.0028754530978503112,0.0029029988207103646
gmat_d04_sso_900km_i97p6_jun_36h_g2020,numerical_gravity_20x20,EarthMJ2000Eq,16020.0,2026-06-17T10:57:00Z,0.0009956135045285919,-0.0007813204092599335,-5.152469384483993e-05,0.001266634369659066,-0.0001786464309816438,-9.611245133100965e-05,-0.0013648582819492106,0.0013798515428873807
gmat_d04_sso_900km_i97p6_jun_36h_g2020,numerical_gravity_20x20,EarthMJ2000Eq,16080.0,2026-06-17T10:58:00Z,0.00037076324588269927,-0.0002995577688125195,-7.163544069044292e-05,0.00048200817183562746,-0.0002725126790892318,6.344880176811785e-05,-0.0004684191923232106,0.0005456239093431753
gmat_d04_sso_900km_i97p6_jun_36h_g2020,numerical_gravity_20x20,EarthMJ2000Eq,16140.0,2026-06-17T10:59:00Z,0.0005490480816661147,-0.00045092999556572977,-0.0001162579792435281,0.0007199358128471858,-0.000248856046880519,4.931166586175095e-06,-0.00047024895089009533,0.0005320598878755426
gmat_d04_sso_900km_i97p6_jun_36h_g2020,numerical_gravity_20x20,EarthMJ2000Eq,16200.0,2026-06-17T11:00:00Z,0.0004354726570454659,-0.0003679269013900921,-0.00011411884770495817,0.0005814032603987184,2.0980550630156358e-05,-0.00013298784296011945,-0.0003554903038605062,0.000380130643356682
gmat_d04_sso_900km_i97p6_jun_36h_g2020,numerical_gravity_20x20,EarthMJ2000Eq,16260.0,2026-06-17T11:01:00Z,0.0008739229997445364,-0.0007440226568178332,-0.00032083062251331285,0.0011917396576782346,-9.343992246613197e-05,-0.00010173462072771144,-0.0012754246547785897,0.0012828830820391126
gmat_d04_sso_900km_i97p6_jun_36h_g2020,numerical_gravity_20x20,EarthMJ2000Eq,16320.0,2026-06-17T11:02:00Z,0.0010477897376404144,-0.0009022559197546798,-0.00048283527576131746,0.0014646019877620126,-0.00046490455929415475,0.00014627854483251213,-0.0017749379743747795,0.0018406353454197425
gmat_d04_sso_900km_i97p6_jun_36h_g2020,numerical_gravity_20x20,EarthMJ2000Eq,16380.0,2026-06-17T11:03:00Z,0.0009614464033802506,-0.0008454242106381571,-0.0005664969648933038,0.001400014319119378,-0.0008211014090875324,0.0004135785047765239,-0.001508214442225153,0.001766342409431208
gmat_d04_sso_900km_i97p6_jun_36h_g2020,numerical_gravity_20x20,EarthMJ2000Eq,16440.0,2026-06-17T11:04:00Z,0.0009179020707961172,-0.0008261604307335801,-0.0006470736479968764,0.0013941985421071419,-0.0008977893983797003,0.0004590594571141082,-0.0010502065883599698,0.0014559173284371509
gmat_d04_sso_900km_i97p6_jun_36h_g2020,numerical_gravity_20x20,EarthMJ2000Eq,16500.0,2026-06-17T11:05:00Z,0.0008690426511748228,-0.0008024051112442976,-0.0007004937288002111,0.0013746928952316447,-0.0006692788545592521,0.00028471447421907214,-0.0008127134520918844,0.0010906418624833244
gmat_d04_sso_900km_i97p6_jun_36h_g2020,numerical_gravity_20x20,EarthMJ2000Eq,16560.0,2026-06-17T11:06:00Z,0.0008376750884053763,-0.0007921553333289921,-0.0007569879016955383,0.0013792172813483507,-0.0005110329936997005,0.00017550405573274475,-0.0010030234420810302,0.001139303480022947
gmat_d04_sso_900km_i97p6_jun_36h_g2020,numerical_gravity_20x20,EarthMJ2000Eq,16620.0,2026-06-17T11:07:00Z,0.0007887465471867472,-0.0007630155778315384,-0.0008046181392273866,0.0013607807456333127,-0.0006041736000383935,0.0002729469983364652,-0.001212194788990928,0.0013816446755012663
gmat_d04_sso_900km_i97p6_jun_36h_g2020,numerical_gravity_20x20,EarthMJ2000Eq,16680.0,2026-06-17T11:08:00Z,0.0008208608051063493,-0.0008168403837771621,-0.000984263351710979,0.0015198075600056722,-0.0009034790693362993,0.0005058260477142085,-0.001283293471487923,0.001648931943179732
gmat_d04_sso_900km_i97p6_jun_36h_g2020,numerical_gravity_20x20,EarthMJ2000Eq,16740.0,2026-06-17T11:09:00Z,0.0003244767867727205,-0.0003411005309317261,-0.0004483281372813508,0.0006501022042990016,-0.0004128608566134062,0.00022904300678305844,-0.0004715019485956873,0.0006672547290273107
gmat_d04_sso_900km_i97p6_jun_36h_g2020,numerical_gravity_20x20,EarthMJ2000Eq,16800.0,2026-06-17T11:10:00Z,0.00027840906113851815,-0.00030571982279070653,-0.0004461971911950968,0.0006083322684204792,-0.0003994693464903776,0.00022702151269982096,-0.00040394088074435786,0.0006117865323382756
gmat_d04_sso_900km_i97p6_jun_36h_g2020,numerical_gravity_20x20,EarthMJ2000Eq,16860.0,2026-06-17T11:11:00Z,0.00026132602215511724,-0.0002990359462273773,-0.00047981211537262425,0.0006228430404603331,-0.0004183666746371273,0.00024243806961976588,-0.0003992948194309065,0.0006270910977459708
gmat_d04_sso_900km_i97p6_jun_36h_g2020,numerical_gravity_20x20,EarthMJ2000Eq,16920.0,2026-06-17T11:12:00Z,0.00023378379410132766,-0.0002819956534949597,-0.0005009642336517572,0.000620597755694261,-0.0004447286983122467,0.00027043078887345473,-0.0003823492633614478,0.0006458385137681603
gmat_d04_sso_900km_i97p6_jun_36h_g2020,numerical_gravity_20x20,EarthMJ2000Eq,16980.0,2026-06-17T11:13:00Z,0.00020634706743294373,-0.00026489078663871624,-0.0005229799171502236,0.0006214935517177217,-0.00047550141601959695,0.0003062226028305304,-0.00033569769186669873,0.0006576981218200152
gmat_d04_sso_900km_i97p6_jun_36h_g2020,numerical_gravity_20x20,EarthMJ2000Eq,17040.0,2026-06-17T11:14:00Z,0.00017758156900526956,-0.00024601968107162975,-0.0005411006895883474,0.0006203634849005419,-0.0004776539164197402,0.0003172551110708355,-0.0002694582335038831,0.0006335706819090649
gmat_d04_sso_900km_i97p6_jun_36h_g2020,numerical_gravity_20x20,EarthMJ2000Eq,17100.0,2026-06-17T11:15:00Z,0.0001494572643423453,-0.0002273282007081434,-0.000555966380488826,0.0006189621966935829,-0.00045957948557884265,0.0003042792684482265,-0.0002341113969350772,0.0005988383111885836
gmat_d04_sso_900km_i97p6_jun_36h_g2020,numerical_gravity_20x20,EarthMJ2000Eq,17160.0,2026-06-17T11:16:00Z,0.00012203327059978619,-0.0002092474460368976,-0.0005700376277673058,0.0006193702526573443,-0.0004606410808349892,0.0003035456330735542,-0.00023849189290103823,0.0006010062725882087
gmat_d04_sso_900km_i97p6_jun_36h_g2020,numerical_gravity_20x20,EarthMJ2000Eq,17220.0,2026-06-17T11:17:00Z,9.347877494292334e-05,-0.00019017443264601752,-0.0005843785402248614,0.0006216131228283427,-0.0004948517151603937,0.0003372204737672746,-0.00023279689287392102,0.0006424875572777736
gmat_d04_sso_900km_i97p6_jun_36h_g2020,numerical_gravity_20x20,EarthMJ2000Eq,17280.0,2026-06-17T11:18:00Z,6.268146535148844e-05,-0.00016858211893122643,-0.0005968915957055287,0.0006234007330328097,-0.0005272949854528974,0.00038015102177269,-0.00017578472011336999,0.0006733907252583209
gmat_d04_sso_900km_i97p6_jun_36h_g2020,numerical_gravity_20x20,EarthMJ2000Eq,17340.0,2026-06-17T11:19:00Z,3.1020135793369263e-05,-0.00014521265256917104,-0.0006049506282579387,0.0006229078791607058,-0.0005208748432572463,0.00039179592903337834,-9.400036304896275e-05,0.0006585216174118552
gmat_d04_sso_900km_i97p6_jun_36h_g2020,numerical_gravity_20x20,EarthMJ2000Eq,17400.0,2026-06-17T11:20:00Z,7.676135282963514e-07,-0.00012225882528582588,-0.000608664322498953,0.0006208220897116245,-0.0004893675464856528,0.00037130631902471123,-4.7770676303571236e-05,0.0006161420417530106
gmat_d04_sso_900km_i97p6_jun_36h_g2020,numerical_gravity_20x20,EarthMJ2000Eq,17460.0,2026-06-17T11:21:00Z,-2.847173163900152e-05,-0.00010070198186440393,-0.0006142853408164228,0.000623135626164875,-0.0004812826526201519,0.0003612885546289135,-4.4004799804042705e-05,0.0006034060273354361
gmat_d04_sso_900km_i97p6_jun_36h_g2020,numerical_gravity_20x20,EarthMJ2000Eq,17520.0,2026-06-17T11:22:00Z,-5.621677701128647e-05,-7.731523510301486e-05,-0.000601468251204551,0.0006090172647828894,-0.0004896772987095233,0.0003709459406309179,-3.0542679496647906e-05,0.0006150752823946408
gmat_d04_sso_900km_i97p6_jun_36h_g2020,numerical_gravity_20x20,EarthMJ2000Eq,17580.0,2026-06-17T11:23:00Z,-0.00018986429495271295,-0.00010400981409475207,-0.0013740543067797262,0.0013910038568982581,-0.0011445897563078233,0.0009125722399971892,0.00010807710282279004,0.0014678400674504213
gmat_d04_sso_900km_i97p6_jun_36h_g2020,numerical_gravity_20x20,EarthMJ2000Eq,17640.0,2026-06-17T11:24:00Z,-0.0002112064976245165,-4.700905265053734e-05,-0.0011367949355189921,0.0011572038545958725,-0.000900225005651123,0.0007370694887764984,0.00018471979501555325,0.0011780483414340012
gmat_d04_sso_900km_i97p6_jun_36h_g2020,numerical_gravity_20x20,EarthMJ2000Eq,17700.0,2026-06-17T11:25:00Z,0.000338429344992619,-2.90938260150142e-05,0.001494900971010793,0.0015330067793044287,0.0012952658945408757,-0.0010511749248820479,-0.0002744329208326235,0.0016905608206445218
gmat_d04_sso_900km_i97p6_jun_36h_g2020,numerical_gravity_20x20,EarthMJ2000Eq,17760.0,2026-06-17T11:26:00Z,8.13652150100097e-05,-1.3827957445755601e-05,0.00040390250433119945,0.0004122484003919983,0.00036044256468414915,-0.0003257005221080078,-0.00020103296805018545,0.0005257508219495075
gmat_d04_sso_900km_i97p6_jun_36h_g2020,numerical_gravity_20x20,EarthMJ2000Eq,17820.0,2026-06-17T11:27:00Z,-0.0005837628123117611,0.00011815427569672465,-0.0018710529730014969,0.0019635627521628366,-0.0015699610500519157,0.0012823343498169493,0.0004262368236140901,0.0020714335406199253
gmat_d04_sso_900km_i97p6_jun_36h_g2020,numerical_gravity_20x20,EarthMJ2000Eq,17880.0,2026-06-17T11:28:00Z,0.00030459068511845544,-0.00010751409718068317,0.0008806155165075324,0.0009379863828794828,0.0005878022513172709,-0.000494212559765117,-0.0002689022338131508,0.0008136743526945802
gmat_d04_sso_900km_i97p6_jun_36h_g2020,numerical_gravity_20x20,EarthMJ2000Eq,17940.0,2026-06-17T11:29:00Z,-0.0011670836101984605,0.00044925400288775563,-0.0025977801669796463,0.00288311898961131,-0.002006453669878283,0.0018026007353455498,0.0013340644144932412,0.003009144995252562
gmat_d04_sso_900km_i97p6_jun_36h_g2020,numerical_gravity_20x20,EarthMJ2000Eq,18000.0,2026-06-17T11:30:00Z,-0.0007050193744362332,0.00028848171496065333,-0.0014316437955130823,0.0016216898517991045,-0.0010167000574767826,0.0009421030622291937,0.0007799103585170997,0.0015904393588116424
gmat_d04_sso_900km_i97p6_jun_36h_g2020,numerical_gravity_20x20,EarthMJ2000Eq,18060.0,2026-06-17T11:31:00Z,0.0003062314135604538,-0.0001481876097386703,0.00062717663240619,0.0007135038714454627,0.0005258389279561015,-0.0004588631696833545,-0.00041041925413765057,0.0008096332199291125
gmat_d04_sso_900km_i97p6_jun_36h_g2020,numerical_gravity_20x20,EarthMJ2000Eq,18120.0,2026-06-17T11:32:00Z,-0.0011211750461370684,0.0005521637831407133,-0.0017972406567423604,0.002189061969369628,-0.001398239302119464,0.0013025498457608364,0.001183067865895282,0.0022475228190158873
gmat_d04_sso_900km_i97p6_jun_36h_g2020,numerical_gravity_20x20,EarthMJ2000Eq,18180.0,2026-06-17T11:33:00Z,0.000901472958503291,-0.0005002389116270933,0.0012679429346462712,0.0016341884068668256,0.0009061498218443376,-0.00085854612308367,-0.0010022063179349061,0.0016008205548402878
gmat_d04_sso_900km_i97p6_jun_36h_g2020,numerical_gravity_20x20,EarthMJ2000Eq,18240.0,2026-06-17T11:34:00Z,0.0002084575498884078,-0.00012348027667030692,0.0003091172402491793,0.00039275360857835847,0.00024644464247103315,-0.00021931567673050267,-0.00018619417119225545,0.0003788173666140514
gmat_d04_sso_900km_i97p6_jun_36h_g2020,numerical_gravity_20x20,EarthMJ2000Eq,18300.0,2026-06-17T11:35:00Z,-0.0013053345355729107,0.0007500289029849228,-0.0014789829947403632,0.0021104104586082977,-0.0010404184180856646,0.001058822363120271,0.0015179022483380322,0.002123111517759989
gmat_d04_sso_900km_i97p6_jun_36h_g2020,numerical_gravity_20x20,EarthMJ2000Eq,18360.0,2026-06-17T11:36:00Z,0.001049092588800704,-0.0006498476068372838,0.001057079316524323,0.0016249042597680143,0.0007658540468469255,-0.0008052296607274911,-0.001272775662641834,0.0016896405283374576
gmat_d04_sso_900km_i97p6_jun_36h_g2020,numerical_gravity_20x20,EarthMJ2000Eq,18420.0,2026-06-17T11:37:00Z,0.0002684860191948246,-0.00017705178834148683,0.00027442092687124386,0.000422775263423577,0.0001737818777769462,-0.00017794343776245114,-0.00038543834790516485,0.0004587229317597537
gmat_d04_sso_900km_i97p6_jun_36h_g2020,numerical_gravity_20x20,EarthMJ2000Eq,18480.0,2026-06-17T11:38:00Z,-0.0015270293260982726,0.0009635377864469774,-0.0012407790563884191,0.0021908346116143547,-0.0008666241058108426,0.001051322584544323,0.00180511783298698,0.002261585043396115
gmat_d04_sso_900km_i97p6_jun_36h_g2020,numerical_gravity_20x20,EarthMJ2000Eq,18540.0,2026-06-17T11:39:00Z,-0.001153804078057874,0.0007526414265157655,-0.000804308001534082,0.0015951941351391734,-0.0005213394160819007,0.0007333333940096054,0.0013960819167380123,0.0016609085982597436
gmat_d04_sso_900km_i97p6_jun_36h_g2020,numerical_gravity_20x20,EarthMJ2000Eq,18600.0,2026-06-17T11:40:00Z,-0.001615180735825561,0.0010918770385615062,-0.0009436253094463609,0.0021659716067731786,-0.0006175637778937926,0.0008564517983700171,0.0019893660052616724,0.0022522148666564816
gmat_d04_sso_900km_i97p6_jun_36h_g2020,numerical_gravity_20x20,EarthMJ2000Eq,18660.0,2026-06-17T11:41:00Z,4.0790382627164945e-05,-4.135699782636948e-05,-4.042340151499957e-05,7.076939998420022e-05,-9.136424949929278e-05,3.269207127232221e-05,3.402300663424285e-05,0.00010282880234193798
gmat_d04_sso_900km_i97p6_jun_36h_g2020,numerical_gravity_20x20,EarthMJ2000Eq,18720.0,2026-06-17T11:42:00Z,0.0005448639512906084,-0.00037924382922938094,0.00030043429433135316,0.0007286723355768054,0.00020482104901020648,-0.0003268514348064855,-0.0005336828756696832,0.0006584838147864853
gmat_d04_sso_900km_i97p6_jun_36h_g2020,numerical_gravity_20x20,EarthMJ2000Eq,18780.0,2026-06-17T11:43:00Z,-0.002019175781242666,0.0014366507912200177,-0.0007127682692953385,0.0025785800234207016,-0.00023285995354171973,0.0005788551860064217,0.0025129112124488984,0.0025892122056682364
gmat_d04_sso_900km_i97p6_jun_36h_g2020,numerical_gravity_20x20,EarthMJ2000Eq,18840.0,2026-06-17T11:44:00Z,0.00011720135262294207,-0.00010243206816085149,-1.3431417755782604e-05,0.00015623344273005981,7.646949740092168e-05,-5.482636566966903e-05,-0.0003640079349054304,0.0003759724605332282
gmat_d04_sso_900km_i97p6_jun_36h_g2020,numerical_gravity_20x20,EarthMJ2000Eq,18900.0,2026-06-17T11:45:00Z,0.0005121005983710347,-0.00037497170524147805,0.0001543121470604092,0.0006531944896537838,-1.8599344286940322e-05,-1.998934351377102e-05,-0.0008627274450390132,0.0008631594023617882
gmat_d04_sso_900km_i97p6_jun_36h_g2020,numerical_gravity_20x20,EarthMJ2000Eq,18960.0,2026-06-17T11:46:00Z,-0.0017482994572048938,0.0013126996236678679,-0.0002767010300885886,0.002203700241433207,-0.0002261986153939688,0.0006324318846395727,0.0022805404231718285,0.0023773936409512944
gmat_d04_sso_900km_i97p6_jun_36h_g2020,numerical_gravity_20x20,EarthMJ2000Eq,19020.0,2026-06-17T11:47:00Z,-0.0012566352438625472,0.0009673229897089186,-7.20056050340645e-05,0.0015874604592534599,5.576872297297086e-05,0.0002800790710466572,0.0019289977948311332,0.001950022289350501
gmat_d04_sso_900km_i97p6_jun_36h_g2020,numerical_gravity_20x20,EarthMJ2000Eq,19080.0,2026-06-17T11:48:00Z,-0.0018163855202146806,0.0014305630884337006,0.00010860912880161777,0.0023146410198762075,0.0004921743013142077,1.1149303702495672e-05,0.002538242838134863,0.002585543763928606
gmat_d04_sso_900km_i97p6_jun_36h_g2020,numerical_gravity_20x20,EarthMJ2000Eq,19140.0,2026-06-17T11:49:00Z,0.0003983109309046995,-0.00032612439326840104,-0.0001077178239938803,0.0005259390146859496,6.273204178341985e-05,-0.00016491874532675865,-0.0006379540229417557,0.0006619054592719712
gmat_d04_sso_900km_i97p6_jun_36h_g2020,numerical_gravity_20x20,EarthMJ2000Eq,19200.0,2026-06-17T11:50:00Z,-0.00028986869438085705,0.0002447858804544012,0.00010032908903667703,0.0003924409679924212,0.00012249223857452307,-3.139710713639943e-05,0.00022745871852691835,0.0002602452602477907
gmat_d04_sso_900km_i97p6_jun_36h_g2020,numerical_gravity_20x20,EarthMJ2000Eq,19260.0,2026-06-17T11:51:00Z,-0.0010547512374614598,0.0008596402381044754,0.00021580945031018928,0.0013776992526447803,0.00015546053333537202,0.00013156498113175985,0.001237079771954086,0.0012537319027061138
gmat_d04_sso_900km_i97p6_jun_36h_g2020,numerical_gravity_20x20,EarthMJ2000Eq,19320.0,2026-06-17T11:52:00Z,-0.0002723663783399388,0.00023585727149111335,0.00010234634828520939,0.0003745488907640294,-3.623057409640751e-05,0.0001482067801816811,0.00047941339786916615,0.0005031054663265307
gmat_d04_sso_900km_i97p6_jun_36h_g2020,numerical_gravity_20x20,EarthMJ2000Eq,19380.0,2026-06-17T11:53:00Z,-0.0005207884896663018,0.00044949706534680445,0.00021537653083214536,0.0007208712178729202,0.00026424551435866306,-2.4774848839115293e-05,0.0009839484782503405,0.0010191143669112097
gmat_d04_sso_900km_i97p6_jun_36h_g2020,numerical_gravity_20x20,EarthMJ2000Eq,19440.0,2026-06-17T11:54:00Z,-0.0004985454324923921,0.00044281239297561115,0.00027654823497869074,0.0007218789994878938,0.0005064455521619493,-0.0002603943727308433,0.0008268710161019044,0.0010039960178824948
gmat_d04_sso_900km_i97p6_jun_36h_g2020,numerical_gravity_20x20,EarthMJ2000Eq,19500.0,2026-06-17T11:55:00Z,-0.00046182867663446814,0.00042007513911812566,0.00031267063604900613,0.0006982204349017199,0.00048753534542811394,-0.0003007789572961883,0.00045493919742511935,0.0007315246869024342
gmat_d04_sso_900km_i97p6_jun_36h_g2020,numerical_gravity_20x20,EarthMJ2000Eq,19560.0,2026-06-17T11:56:00Z,-0.0004400326361064799,0.000407721472583944,0.0003345767254359089,0.0006868821625637495,0.00027682212078161683,-0.00013230039286327155,0.0003127862413521143,0.00043814280010630226
gmat_d04_sso_900km_i97p6_jun_36h_g2020,numerical_gravity_20x20,EarthMJ2000Eq,19620.0,2026-06-17T11:57:00Z,-0.00042778265196830034,0.00040467398321197834,0.0003578206815291196,0.0006890534595687363,0.00016401013880340543,9.134915046615788e-06,0.0005041917994219602,0.0005302755348944313
gmat_d04_sso_900km_i97p6_jun_36h_g2020,numerical_gravity_20x20,EarthMJ2000Eq,19680.0,2026-06-17T11:58:00Z,-0.0004150979293626733,0.0004043113221996464,0.000395985807699617,0.0007018395088049142,0.00029319302541352954,-5.7191584801330464e-05,0.0007436895543833089,0.0008014406907701099
gmat_d04_sso_900km_i97p6_jun_36h_g2020,numerical_gravity_20x20,EarthMJ2000Eq,19740.0,2026-06-17T11:59:00Z,-0.0003905397534254007,0.00039456244849134237,0.0004412531779962592,0.0007091580866470144,0.0004938716102742546,-0.00024604984716347644,0.0007207985319723775,0.0009077445777406715
gmat_d04_sso_900km_i97p6_jun_36h_g2020,numerical_gravity_20x20,EarthMJ2000Eq,19800.0,2026-06-17T12:00:00Z,-0.00035880384530173615,0.0003761374500754755,0.00047857247409410775,0.0007065770967935123,0.000544707390304211,-0.00034545477589631446,0.0005143290238152076,0.0008249724164966373
gmat_d04_sso_900km_i97p6_jun_36h_g2020,numerical_gravity_20x20,EarthMJ2000Eq,19860.0,2026-06-17T12:01:00Z,-0.0003267241481808014,0.00035405628295848146,0.0004996782081434503,0.0006941057788264666,0.00046095083305885964,-0.00030411362317295243,0.00038184921891115664,0.0006713937684251303
gmat_d04_sso_900km_i97p6_jun_36h_g2020,numerical_gravity_20x20,EarthMJ2000Eq,19920.0,2026-06-17T12:02:00Z,-0.00031979561754269525,0.0003587488208722789,0.0005530855560209602,0.0007327165794192042,0.00048534509744513343,-0.0002814282140661817,0.0004723501589865009,0.0007334005562999521
gmat_d04_sso_900km_i97p6_jun_36h_g2020,numerical_gravity_20x20,EarthMJ2000Eq,19980.0,2026-06-17T12:03:00Z,-0.000289500349026639,0.00034069171306327917,0.0005797764970338903,0.0007321352893758272,0.0005149276560700855,-0.00030493430003275535,0.00044791814701738986,0.0007475065783990071
gmat_d04_sso_900km_i97p6_jun_36h_g2020,numerical_gravity_20x20,EarthMJ2000Eq,20040.0,2026-06-17T12:04:00Z,-0.0002578735802671872,0.00032166371966013685,0.0006055756784917321,0.0007325900861505937,0.0005436020522608942,-0.00033407543398311645,0.0004043210211079895,0.0007553708194807838
gmat_d04_sso_900km_i97p6_jun_36h_g2020,numerical_gravity_20x20,EarthMJ2000Eq,20100.0,2026-06-17T12:05:00Z,-0.00022487074602395296,0.00030095543479546905,0.00062827439251123,0.0007320312414341712,0.000553749934795178,-0.0003555578054204034,0.00035227909478408037,0.0007464321160714673
gmat_d04_sso_900km_i97p6_jun_36h_g2020,numerical_gravity_20x20,EarthMJ2000Eq,20160.0,2026-06-17T12:06:00Z,-0.00019167146092513576,0.00027918531486648135,0.0006481054697360378,0.0007312476248659153,0.000552804912956617,-0.0003696420947107981,0.00031114755216776757,0.0007341943538268006
gmat_d04_sso_900km_i97p6_jun_36h_g2020,numerical_gravity_20x20,EarthMJ2000Eq,20220.0,2026-06-17T12:07:00Z,-0.0001584039637236856,0.0002565775503171608,0.0006657783160335384,0.0007308793478752728,0.0005576945572016712,-0.0003843654283741671,0.0002779492191962163,0.000732130978796425
gmat_d04_sso_900km_i97p6_jun_36h_g2020,numerical_gravity_20x20,EarthMJ2000Eq,20280.0,2026-06-17T12:08:00Z,-0.00012462169252103195,0.0002330566530872602,0.0006813338586653117,0.0007307953179644798,0.0005685587556314431,-0.00039905678761442687,0.00023918200753314522,0.0007346518978903589
gmat_d04_sso_900km_i97p6_jun_36h_g2020,numerical_gravity_20x20,EarthMJ2000Eq,20340.0,2026-06-17T12:09:00Z,-9.02446117834188e-05,0.00020881179807474837,0.0006943794232938671,0.0007306909336135717,0.0005764664301466382,-0.0004079696580561176,0.0001958353479381003,0.0007328739799463966
gmat_d04_sso_900km_i97p6_jun_36h_g2020,numerical_gravity_20x20,EarthMJ2000Eq,20400.0,2026-06-17T12:10:00Z,-5.550282367039472e-05,0.00018415994418319315,0.0007049770829326008,0.0007307449185161008,0.0005818462378570644,-0.0004142242104876459,0.00015900347705155582,0.0007317163704448725
gmat_d04_sso_900km_i97p6_jun_36h_g2020,numerical_gravity_20x20,EarthMJ2000Eq,20460.0,2026-06-17T12:11:00Z,-2.029719325946644e-05,0.0001589314706507139,0.0007135488431231352,0.0007313160328748273,0.0005930753110838793,-0.0004288420729636755,0.00012591794273930645,0.0007426299054473377
gmat_d04_sso_900km_i97p6_jun_36h_g2020,numerical_gravity_20x20,EarthMJ2000Eq,20520.0,2026-06-17T12:12:00Z,1.556054485263303e-05,0.000132467903313227,0.0007188889412645949,0.0007311574289008102,0.0006054797080379259,-0.00045156234307341947,7.753797603982093e-05,0.0007592933321556304
gmat_d04_sso_900km_i97p6_jun_36h_g2020,numerical_gravity_20x20,EarthMJ2000Eq,20580.0,2026-06-17T12:13:00Z,5.351557774702087e-05,0.00010496478353161365,0.0007297719832877192,0.0007392216652906806,0.0006097353177914044,-0.00047210391151963904,8.72635297355373e-06,0.0007711909039080707
gmat_d04_sso_900km_i97p6_jun_36h_g2020,numerical_gravity_20x20,EarthMJ2000Eq,20640.0,2026-06-17T12:14:00Z,8.11569407233037e-05,7.63866410125047e-05,0.0006884316974264948,0.0006973948451015852,0.0005531266555891534,-0.0004407151310559243,-4.774580730781963e-05,0.0007088431321388097
gmat_d04_sso_900km_i97p6_jun_36h_g2020,numerical_gravity_20x20,EarthMJ2000Eq,20700.0,2026-06-17T12:15:00Z,0.00013984299584990367,5.1690221880562603e-05,0.0008133108622132568,0.0008268630485881015,0.0006287119713732636,-0.0005079388576412214,-9.782308296735209e-05,0.0008141559934135238
gmat_d04_sso_900km_i97p6_jun_36h_g2020,numerical_gravity_20x20,EarthMJ2000Eq,20760.0,2026-06-17T12:16:00Z,0.0004391522452351637,6.21521394350566e-05,0.002256745119666448,0.002299916545892431,0.0016386070278429088,-0.001320607817545394,-0.00024993784819571374,0.002119317561720962
gmat_d04_sso_900km_i97p6_jun_36h_g2020,numerical_gravity_20x20,EarthMJ2000Eq,20820.0,2026-06-17T12:17:00Z,-0.00034186450648121536,5.815309123136103e-05,-0.0013564313121605664,0.0014000567943555163,-0.0010959648744091055,0.0009379296783684765,0.0005548619341766425,0.0015455493694803814
gmat_d04_sso_900km_i97p6_jun_36h_g2020,numerical_gravity_20x20,EarthMJ2000Eq,20880.0,2026-06-17T12:18:00Z,5.810943548567593e-05,-3.86989995604381e-06,0.00011848328540509101,0.00013202261752638436,0.00027597346630159336,-0.00019634505132870572,0.00015582379830902937,0.00037281870849414445
gmat_d04_sso_900km_i97p6_jun_36h_g2020,numerical_gravity_20x20,EarthMJ2000Eq,20940.0,2026-06-17T12:19:00Z,0.0007610815373482183,-0.00019953586161136627,0.00219496678255382,0.002331724435493179,0.001958122552991881,-0.0016614271070025666,-0.0008076179724980648,0.0026919938250152516
gmat_d04_sso_900km_i97p6_jun_36h_g2020,numerical_gravity_20x20,EarthMJ2000Eq,21000.0,2026-06-17T12:20:00Z,-0.0004987905413145199,0.0001928292476804927,-0.0012728601177514065,0.0013806331888767491,-0.0009195475492163041,0.000752616191590505,0.00019393464611994204,0.0012039972898971053
gmat_d04_sso_900km_i97p6_jun_36h_g2020,numerical_gravity_20x20,EarthMJ2000Eq,21060.0,2026-06-17T12:21:00Z,0.00012420423445291817,-5.365473043639213e-05,0.00012571399565786123,0.00018468765702802698,-0.00010127498839551663,3.6738390107871055e-05,-0.00037195846402937605,0.00038724595742928395
gmat_d04_sso_900km_i97p6_jun_36h_g2020,numerical_gravity_20x20,EarthMJ2000Eq,21120.0,2026-06-17T12:22:00Z,0.0008920742402551696,-0.0003716531864483841,0.0017643251339904964,0.0020116574558196178,0.0010929666061088028,-0.0009744327567062783,-0.0008487983649274611,0.0016924992950411303
gmat_d04_sso_900km_i97p6_jun_36h_g2020,numerical_gravity_20x20,EarthMJ2000Eq,21180.0,2026-06-17T12:23:00Z,-0.00010047642717836425,5.519632395589724e-05,-0.0002705660335777793,0.00029385051492686803,-0.0002673035126576906,0.00026665203378684055,0.0004376907725145429,0.0005780377905865462
gmat_d04_sso_900km_i97p6_jun_36h_g2020,numerical_gravity_20x20,EarthMJ2000Eq,21240.0,2026-06-17T12:24:00Z,0.0012411564966896549,-0.0006151199158921372,0.0019373119357624091,0.0023816001966429166,0.0016183312467887845,-0.0014983183582728543,-0.001123834358907061,0.002475269196134119
gmat_d04_sso_900km_i97p6_jun_36h_g2020,numerical_gravity_20x20,EarthMJ2000Eq,21300.0,2026-06-17T12:25:00Z,-0.000785515112511348,0.0004487014848564286,-0.0010526846381253563,0.0013879884588285278,-0.000580684833551004,0.0005212736908788429,0.000826744894766307,0.0011368501474428197
gmat_d04_sso_900km_i97p6_jun_36h_g2020,numerical_gravity_20x20,EarthMJ2000Eq,21360.0,2026-06-17T12:26:00Z,0.0001461244210076984,-8.101642379187979e-05,0.00011051906767534092,0.0002003259135975352,0.00010096101732415264,-0.00019502754966538305,-0.00041165648667629284,0.00046657254009454965
gmat_d04_sso_900km_i97p6_jun_36h_g2020,numerical_gravity_20x20,EarthMJ2000Eq,21420.0,2026-06-17T12:27:00Z,0.0013527696864912286,-0.0007856278898543678,0.0014882780305924825,0.002159205525731824,0.0009489564689602048,-0.001033237939651599,-0.001705129371032399,0.0022080682036282858
gmat_d04_sso_900km_i97p6_jun_36h_g2020,numerical_gravity_20x20,EarthMJ2000Eq,21480.0,2026-06-17T12:28:00Z,-0.0006417708391381893,0.0003997693056589924,-0.0006606924216612242,0.0010040915216033754,-0.0005654543500099862,0.0005762386123819851,0.0007779652477779564,0.00112116880401452
gmat_d04_sso_900km_i97p6_jun_36h_g2020,numerical_gravity_20x20,EarthMJ2000Eq,21540.0,2026-06-17T12:29:00Z,-0.0008676170182297938,0.000568110408494249,-0.0007064027158776298,0.0012547962079799064,-0.0005094795696436449,0.0006513145578423973,0.0012759651113469772,0.0015204825058238636
gmat_d04_sso_900km_i97p6_jun_36h_g2020,numerical_gravity_20x20,EarthMJ2000Eq,21600.0,2026-06-17T12:30:00Z,-8.900951797841117e-05,6.925029083504342e-05,-9.807445167098194e-05,0.00014945532824911587,0.00010829737107087567,-1.0722089882619912e-05,0.00032486235923556706,0.00034260594892735374
gmat_d04_sso_900km_i97p6_jun_36h_g2020,numerical_gravity_20x20,EarthMJ2000Eq,21660.0,2026-06-17T12:31:00Z,0.001269401764147915,-0.000818114131106995,0.0008852521204971708,0.0017505321725645403,0.0008063025802584889,-0.0009269038869774704,-0.001575644059670367,0.0019979811984600746
gmat_d04_sso_900km_i97p6_jun_36h_g2020,numerical_gravity_20x20,EarthMJ2000Eq,21720.0,2026-06-17T12:32:00Z,0.0010371420557930833,-0.0006916761776665226,0.000586082023801282,0.0013775237628691132,0.00037482283943290895,-0.0006352833814560199,-0.0015500423167225108,0.001716597890988228
gmat_d04_sso_900km_i97p6_jun_36h_g2020,numerical_gravity_20x20,EarthMJ2000Eq,21780.0,2026-06-17T12:33:00Z,0.0011014437859557802,-0.0007562302926089615,0.0005305319064063951,0.0014375419203610175,8.841727350272777e-05,-0.00041549919060912544,-0.0015388561536155976,0.0015964133090058746
gmat_d04_sso_900km_i97p6_jun_36h_g2020,numerical_gravity_20x20,EarthMJ2000Eq,21840.0,2026-06-17T12:34:00Z,0.001098176426239661,-0.000772882231103722,0.00044297212298261,0.0014140589478674858,2.1578294706614543e-05,-0.0002822693190296377,-0.001242292491099306,0.0012741397979459004
gmat_d04_sso_900km_i97p6_jun_36h_g2020,numerical_gravity_20x20,EarthMJ2000Eq,21900.0,2026-06-17T12:35:00Z,0.0011105304338343558,-0.0007960945822560461,0.00037487279769266024,0.0014168888604331933,0.00018187762407251284,-0.00034356872902208124,-0.0011022103230118319,0.0011687542675233135
gmat_d04_sso_900km_i97p6_jun_36h_g2020,numerical_gravity_20x20,EarthMJ2000Eq,21960.0,2026-06-17T12:36:00Z,0.001052568791237718,-0.0007638755050720647,0.00030026694730622694,0.0013347535679597688,0.000307026404300359,-0.0004270415132623384,-0.001171990948733992,0.001284598167094052
gmat_d04_sso_900km_i97p6_jun_36h_g2020,numerical_gravity_20x20,EarthMJ2000Eq,22020.0,2026-06-17T12:37:00Z,0.001468433367790567,-0.0010946621387120103,0.000246054696617648,0.0018480055917929204,0.00017978329935885995,-0.0004537863418363486,-0.00195337235275872,0.0020134318034857076
gmat_d04_sso_900km_i97p6_jun_36h_g2020,numerical_gravity_20x20,EarthMJ2000Eq,22080.0,2026-06-17T12:38:00Z,-0.0005403269653925236,0.0004217295099806506,-7.657945388928056e-07,0.0006854265792629352,-3.1867841698840493e-06,9.303668946358812e-05,0.0005140855519059073,0.0005224461080897157
gmat_d04_sso_900km_i97p6_jun_36h_g2020,numerical_gravity_20x20,EarthMJ2000Eq,22140.0,2026-06-17T12:39:00Z,-0.0005533417493097659,0.0004183129931334406,-7.754442776786163e-05,0.0006979870987570578,-0.00014284662341879084,0.00021189627830153768,0.000688997414677317,0.0007348623190858403
gmat_d04_sso_900km_i97p6_jun_36h_g2020,numerical_gravity_20x20,EarthMJ2000Eq,22200.0,2026-06-17T12:40:00Z,0.0016649750023134402,-0.0013010616157771437,-6.239497452042997e-05,0.002113952747632425,-0.00025782398438423115,-0.00016937562463681388,-0.001981808050999234,0.002005673069109284
gmat_d04_sso_900km_i97p6_jun_36h_g2020,numerical_gravity_20x20,EarthMJ2000Eq,22260.0,2026-06-17T12:41:00Z,7.639846444362774e-05,-5.983918072161032e-05,1.2501004675868899e-05,9.784542930910921e-05,2.958167044653237e-05,-6.772538085897395e-05,-4.425038113708979e-05,8.613883369118735e-05
gmat_d04_sso_900km_i97p6_jun_36h_g2020,numerical_gravity_20x20,EarthMJ2000Eq,22320.0,2026-06-17T12:42:00Z,0.0013347384992812295,-0.0010914461370248318,-0.00030415048968279734,0.0017507966906137966,-0.0003092361922085729,-0.00010616130197149687,-0.001765660284647197,0.0017956763309094322
gmat_d04_sso_900km_i97p6_jun_36h_g2020,numerical_gravity_20x20,EarthMJ2000Eq,22380.0,2026-06-17T12:43:00Z,-0.000650195488560712,0.0005381513972224639,0.0002516317181289196,0.0008807267574257666,0.00025927437974360146,-0.00012507594959743074,0.0006849592004698479,0.0007429914558508877
gmat_d04_sso_900km_i97p6_jun_36h_g2020,numerical_gravity_20x20,EarthMJ2000Eq,22440.0,2026-06-17T12:44:00Z,0.001082561539078597,-0.000930083331240894,-0.0004784760676557198,0.0015053019086760171,-0.0006341318581348787,0.00021737811550792685,-0.0015762100513683208,0.001712838166505492
gmat_d04_sso_900km_i97p6_jun_36h_g2020,numerical_gravity_20x20,EarthMJ2000Eq,22500.0,2026-06-17T12:45:00Z,-0.0005779565981356427,0.0004910094730803394,0.0003130007826257497,0.0008204228311715179,0.0001454134590517242,4.8224535476038e-05,0.0008109437565906319,0.0008252881049964268
gmat_d04_sso_900km_i97p6_jun_36h_g2020,numerical_gravity_20x20,EarthMJ2000Eq,22560.0,2026-06-17T12:46:00Z,0.0007492335498682223,-0.0006680280648652115,-0.00046936384023865685,0.0011081131811413833,-0.00048681236819447804,0.0002710480728751463,-0.0007947011937403659,0.000970568558613357
gmat_d04_sso_900km_i97p6_jun_36h_g2020,numerical_gravity_20x20,EarthMJ2000Eq,22620.0,2026-06-17T12:47:00Z,0.001763405634847004,-0.0015668033483962063,-0.001141464053944219,0.0026205748132809526,-0.000985857617763486,0.0003866471587343767,-0.0021962724972013348,0.0024382420203545524
gmat_d04_sso_900km_i97p6_jun_36h_g2020,numerical_gravity_20x20,EarthMJ2000Eq,22680.0,2026-06-17T12:48:00Z,-0.0006983882485656068,0.000629577925792546,0.0005781812433269806,0.0011038152293363747,0.0006646390104947386,-0.000414961398575997,0.0009393157363035698,0.0012232138116646206
gmat_d04_sso_900km_i97p6_jun_36h_g2020,numerical_gravity_20x20,EarthMJ2000Eq,22740.0,2026-06-17T12:49:00Z,0.0007088619895512238,-0.0006731486337230308,-0.0006517302608699538,0.0011748900953907648,-0.0005995923757495802,0.00019277734963907278,-0.0011170646629921066,0.0012823835560769484
gmat_d04_sso_900km_i97p6_jun_36h_g2020,numerical_gravity_20x20,EarthMJ2000Eq,22800.0,2026-06-17T12:50:00Z,0.0015441978575836401,-0.0014785111943638185,-0.0015602572602801956,0.002646685680900188,-0.0015251728768816974,0.0007404503676866625,-0.0022455930448472827,0.0028137354485540033
gmat_d04_sso_900km_i97p6_jun_36h_g2020,numerical_gravity_20x20,EarthMJ2000Eq,22860.0,2026-06-17T12:51:00Z,-0.0006420477802748792,0.0006105969987402204,0.0007912640285212547,0.0011879195300432386,0.0006368869875927885,-0.0003563713768528487,0.0009061116301722905,0.001163470618253206
gmat_d04_sso_900km_i97p6_jun_36h_g2020,numerical_gravity_20x20,EarthMJ2000Eq,22920.0,2026-06-17T12:52:00Z,0.000809286575531587,-0.0008466745384794194,-0.0011823603927041404,0.001664265193315197,-0.0010406591144374033,0.0006317795175903029,-0.0011338059380250343,0.001663620346235614
gmat_d04_sso_900km_i97p6_jun_36h_g2020,numerical_gravity_20x20,EarthMJ2000Eq,22980.0,2026-06-17T12:53:00Z,-0.00045853539631934837,0.0004676176104112528,0.0007780108717270195,0.0010169669885349813,0.0007049307804152249,-0.00042695047497431915,0.0006552882680921357,0.0010529087460728996
gmat_d04_sso_900km_i97p6_jun_36h_g2020,numerical_gravity_20x20,EarthMJ2000Eq,23040.0,2026-06-17T12:54:00Z,0.0005436004357761703,-0.0006022519301041029,-0.0009541945473756641,0.0012524759699617427,-0.0008540661511347025,0.0005061520091942384,-0.000810739031464891,0.0012817630920205333
gmat_d04_sso_900km_i97p6_jun_36h_g2020,numerical_gravity_20x20,EarthMJ2000Eq,23100.0,2026-06-17T12:55:00Z,0.0004418479875312187,-0.0005178890205570497,-0.0009147415767074563,0.0011402591082101345,-0.000811207101492073,0.0004973190748103207,-0.0006625464621379251,0.0011594615294061486
gmat_d04_sso_900km_i97p6_jun_36h_g2020,numerical_gravity_20x20,EarthMJ2000Eq,23160.0,2026-06-17T12:56:00Z,0.00040167924453271553,-0.0004968337634636555,-0.0009682476047601085,0.0011600402700464843,-0.0008334128942522057,0.0005283125048549664,-0.0006129798890697202,0.0011616520561234733
gmat_d04_sso_900km_i97p6_jun_36h_g2020,numerical_gravity_20x20,EarthMJ2000Eq,23220.0,2026-06-17T12:57:00Z,0.0003505438144202344,-0.00046356126404134557,-0.001002066710498184,0.0011584073996813683,-0.0008422533781526909,0.0005490301546728915,-0.0005707985195613219,0.0011561296699259802
gmat_d04_sso_900km_i97p6_jun_36h_g2020,numerical_gravity_20x20,EarthMJ2000Eq,23280.0,2026-06-17T12:58:00Z,0.00029912371246609837,-0.0004296862243791111,-0.0010352673598390538,0.001160122300935898,-0.0008755551839101372,0.000582248471658886,-0.0005333138375362978,0.0011789969517045902
gmat_d04_sso_900km_i97p6_jun_36h_g2020,numerical_gravity_20x20,EarthMJ2000Eq,23340.0,2026-06-17T12:59:00Z,0.000245241608354263,-0.00039353517422568984,-0.0010655003279680386,0.0011620259587122085,-0.000919980314151303,0.0006227836024663702,-0.000468751260029876,0.001205798879459803
gmat_d04_sso_900km_i97p6_jun_36h_g2020,numerical_gravity_20x20,EarthMJ2000Eq,23400.0,2026-06-17T13:00:00Z,0.00018907576304627582,-0.00035511220630723983,-0.001090944806492189,0.0011627617529194046,-0.0009475769058298056,0.0006555573861533048,-0.000376602748985988,0.0012122240343871856
gmat_d04_sso_900km_i97p6_jun_36h_g2020,numerical_gravity_20x20,EarthMJ2000Eq,23460.0,2026-06-17T13:01:00Z,0.00013214048522058874,-0.00031519630283582956,-0.0011106756119261263,0.001162071483207115,-0.0009458056560163186,0.0006724727441564937,-0.00028341240465579176,0.001194608940908531
gmat_d04_sso_900km_i97p6_jun_36h_g2020,numerical_gravity_20x20,EarthMJ2000Eq,23520.0,2026-06-17T13:02:00Z,7.589460437884554e-05,-0.0002746137397480197,-0.0011254089713474968,0.0011609125935321942,-0.0009284619739702293,0.0006795886076105262,-0.0002120321695997518,0.0011699743388843562
gmat_d04_sso_900km_i97p6_jun_36h_g2020,numerical_gravity_20x20,EarthMJ2000Eq,23580.0,2026-06-17T13:03:00Z,2.0575498638208956e-05,-0.00023362008505500853,-0.0011365312957423157,0.0011604762304705028,-0.0009181340965280782,0.0006877503011537556,-0.00016072565500735436,0.0011583623923980158
gmat_d04_sso_900km_i97p6_jun_36h_g2020,numerical_gravity_20x20,EarthMJ2000Eq,23640.0,2026-06-17T13:04:00Z,-3.463537723291665e-05,-0.00019196068024029955,-0.0011447284578025574,0.0011612285538245286,-0.0009248900811886784,0.0007018299275074469,-0.00011116174647440857,0.0011663377912532668
gmat_d04_sso_900km_i97p6_jun_36h_g2020,numerical_gravity_20x20,EarthMJ2000Eq,23700.0,2026-06-17T13:05:00Z,-9.099767339648679e-05,-0.00014921624824637547,-0.0011506070052291761,0.0011638052009622362,-0.0009419804936072751,0.0007208099672695312,-4.5911718871138874e-05,0.001187013961662377
gmat_d04_sso_900km_i97p6_jun_36h_g2020,numerical_gravity_20x20,EarthMJ2000Eq,23760.0,2026-06-17T13:06:00Z,-0.00014561101124854758,-0.0001056214387062937,-0.0011416476581871393,0.001155732594658207,-0.0009434932835006293,0.000731741112147688,3.3856473180549074e-05,0.0011944751533599013
gmat_d04_sso_900km_i97p6_jun_36h_g2020,numerical_gravity_20x20,EarthMJ2000Eq,23820.0,2026-06-17T13:07:00Z,-0.00021164396457606927,-6.020309228915721e-05,-0.001174297494799248,0.0011947351950764836,-0.0009638898568198329,0.0007665566514880595,0.00013086598471545585,0.0012384743283477013
gmat_d04_sso_900km_i97p6_jun_36h_g2020,numerical_gravity_20x20,EarthMJ2000Eq,23880.0,2026-06-17T13:08:00Z,-0.00024171640689019114,-1.6932062862906605e-05,-0.0010566302535153227,0.0010840576593320822,-0.0008512703875140915,0.0006960446492180333,0.0001908269098294113,0.0011160440564236202
gmat_d04_sso_900km_i97p6_jun_36h_g2020,numerical_gravity_20x20,EarthMJ2000Eq,23940.0,2026-06-17T13:09:00Z,0.00033072774385800585,-6.908885552547872e-05,0.0012675616289925529,0.001311818049048526,0.0010564664698620163,-0.0008258841943664663,-0.00023429524986795514,0.0013612862919157546
gmat_d04_sso_900km_i97p6_jun_36h_g2020,numerical_gravity_20x20,EarthMJ2000Eq,24000.0,2026-06-17T13:10:00Z,-0.00015202294889604673,3.767127054743469e-05,-0.00033155492928926833,0.0003666862047469468,-0.00015734835656644464,0.00018853962835407856,0.00014522960611884628,0.0002853021823742158
gmat_d04_sso_900km_i97p6_jun_36h_g2020,numerical_gravity_20x20,EarthMJ2000Eq,24060.0,2026-06-17T13:11:00Z,-0.0007555408956250176,0.0002114375092787668,-0.002086401764245238,0.002229040194150277,-0.0015978418588247223,0.0013606247240005587,0.0006412355091356403,0.0021944432604992284
gmat_d04_sso_900km_i97p6_jun_36h_g2020,numerical_gravity_20x20,EarthMJ2000Eq,24120.0,2026-06-17T13:12:00Z,0.0005728415999328718,-0.0002411097739241086,0.0013353096619539429,0.0014728656812496312,0.0009658731592310232,-0.0008885250313284132,-0.0006885558789804236,0.0014820583286424929
gmat_d04_sso_900km_i97p6_jun_36h_g2020,numerical_gravity_20x20,EarthMJ2000Eq,24180.0,2026-06-17T13:13:00Z,-0.0002573606252553873,0.00010574967745924369,-0.00041147131923935376,0.0004967153433015253,-0.0004048708035497839,0.000335151906227793,0.0003121130021099816,0.0006112787366670596
gmat_d04_sso_900km_i97p6_jun_36h_g2020,numerical_gravity_20x20,EarthMJ2000Eq,24240.0,2026-06-17T13:14:00Z,-0.0008469032763969153,0.0003563191057764925,-0.001628750851523364,0.0018700368448378957,-0.0012376379920908676,0.0011300878011155646,0.0009964029601405855,0.001949785910471672
gmat_d04_sso_900km_i97p6_jun_36h_g2020,numerical_gravity_20x20,EarthMJ2000Eq,24300.0,2026-06-17T13:15:00Z,-3.990135155618191e-05,2.0606421458069235e-05,7.923472367110662e-05,9.107625319782441e-05,0.00017297230314738954,-7.867151374796322e-05,4.2085446239070734e-05,0.00019462736065787385
gmat_d04_sso_900km_i97p6_jun_36h_g2020,numerical_gravity_20x20,EarthMJ2000Eq,24360.0,2026-06-17T13:16:00Z,-0.0012312766557442956,0.000625895154371392,-0.0018267328414367512,0.0022901396946976905,-0.0013281811206411476,0.0013041234758759401,0.0012527916481985812,0.0022437223632513974
gmat_d04_sso_900km_i97p6_jun_36h_g2020,numerical_gravity_20x20,EarthMJ2000Eq,24420.0,2026-06-17T13:17:00Z,0.0008512879503541626,-0.000492085291625699,0.0010927060429821722,0.0014699814981904695,0.0007230731569052296,-0.0006987530554170007,-0.0010606600042706305,0.0014615369538095377
gmat_d04_sso_900km_i97p6_jun_36h_g2020,numerical_gravity_20x20,EarthMJ2000Eq,24480.0,2026-06-17T13:18:00Z,-0.00030145201890263706,0.00016957301340880804,-0.0002860006134142168,0.00044880360677063185,-0.0002907869500745619,0.0003032858408857919,0.00044855674730115425,0.0006146076042198462
gmat_d04_sso_900km_i97p6_jun_36h_g2020,numerical_gravity_20x20,EarthMJ2000Eq,24540.0,2026-06-17T13:19:00Z,-0.001403644091624301,0.000823905793367885,-0.0014658389773103409,0.002190370151298451,-0.0010126948168931449,0.0010713465670164624,0.0017890267045572728,0.002318178338359509
gmat_d04_sso_900km_i97p6_jun_36h_g2020,numerical_gravity_20x20,EarthMJ2000Eq,24600.0,2026-06-17T13:20:00Z,0.0009551940820529126,-0.0006068194124964066,0.0008903607522370294,0.0014399193737482244,0.0007461746776016298,-0.0007733449436386763,-0.0011388641141252265,0.001565838600171691
gmat_d04_sso_900km_i97p6_jun_36h_g2020,numerical_gravity_20x20,EarthMJ2000Eq,24660.0,2026-06-17T13:21:00Z,-0.0001782823346729856,0.0001017947397485841,-0.0001210755726788193,0.00023834020683979543,-4.5008441418303846e-05,6.966782706285812e-05,0.00010222311885854651,0.00013163940122825585
gmat_d04_sso_900km_i97p6_jun_36h_g2020,numerical_gravity_20x20,EarthMJ2000Eq,24720.0,2026-06-17T13:22:00Z,-0.0015478326531592757,0.0009880232028081082,-0.0011591746442718431,0.0021715574197787237,-0.0009053238159140164,0.0010169523001479774,0.0016710957062571197,0.0021555426351404787
gmat_d04_sso_900km_i97p6_jun_36h_g2020,numerical_gravity_20x20,EarthMJ2000Eq,24780.0,2026-06-17T13:23:00Z,-0.0017439565453969408,0.0011602064660110045,-0.0010520743671804667,0.0023439974296241783,-0.0008725073996629362,0.0010989857912591106,0.0021967467844774546,0.0026066713193204907
gmat_d04_sso_900km_i97p6_jun_36h_g2020,numerical_gravity_20x20,EarthMJ2000Eq,24840.0,2026-06-17T13:24:00Z,-0.00040456575334246736,0.00026277393772033975,-0.00024171549739548936,0.0005395831472569914,-0.00014197354403222562,0.0003166156226086514,0.0008318274957730409,0.0009012984646658301
gmat_d04_sso_900km_i97p6_jun_36h_g2020,numerical_gravity_20x20,EarthMJ2000Eq,24900.0,2026-06-17T13:25:00Z,0.0015253222045430448,-0.0010682192623789888,0.0007061753422021866,0.001991578226965725,0.0007066116580745074,-0.0007634124443711698,-0.0016726686702384086,0.001969751018769808
gmat_d04_sso_900km_i97p6_jun_36h_g2020,numerical_gravity_20x20,EarthMJ2000Eq,24960.0,2026-06-17T13:26:00Z,-0.0009747086551215034,0.000703706518834224,-0.0002887709342758171,0.001236385247202942,0.00010973977282446867,0.00011688694456779558,0.0009983440740768401,0.0010111361262432987
gmat_d04_sso_900km_i97p6_jun_36h_g2020,numerical_gravity_20x20,EarthMJ2000Eq,25020.0,2026-06-17T13:27:00Z,-0.0002460114956193138,0.0001600649284227984,-0.00016825288184918463,0.0003383067683898785,-0.00022323476400742948,0.00014282086624461954,-6.020384191174344e-05,0.00027176471860278407
gmat_d04_sso_900km_i97p6_jun_36h_g2020,numerical_gravity_20x20,EarthMJ2000Eq,25080.0,2026-06-17T13:28:00Z,-0.00020834829683735734,0.0001564465037517948,-1.748958311509341e-06,0.0002605524518909068,-0.000297284863393088,0.00021515145220973864,0.00023788326863893872,0.0004373292659872558
gmat_d04_sso_900km_i97p6_jun_36h_g2020,numerical_gravity_20x20,EarthMJ2000Eq,25140.0,2026-06-17T13:29:00Z,-0.002539206327867305,0.0018964078662975226,-0.0003730137905222364,0.003191092424038554,-0.00013449596991677026,0.0006747695735498382,0.0035434694067859596,0.0036096507559791047
gmat_d04_sso_900km_i97p6_jun_36h_g2020,numerical_gravity_20x20,EarthMJ2000Eq,25200.0,2026-06-17T13:30:00Z,0.00013583166946773417,-0.00011791803444793914,-3.905006451532245e-05,0.00018406469736782224,0.0001936255600298864,-8.055334177470286e-05,7.833916848554168e-05,0.00022386764770052263
gmat_d04_sso_900km_i97p6_jun_36h_g2020,numerical_gravity_20x20,EarthMJ2000Eq,25260.0,2026-06-17T13:31:00Z,-0.0006904651854711119,0.0005527886060008314,0.0001094076651497744,0.0008912280586166059,0.00045367798406914517,-0.00010724043875143252,0.0007803348384127773,0.0009089811246518481
gmat_d04_sso_900km_i97p6_jun_36h_g2020,numerical_gravity_20x20,EarthMJ2000Eq,25320.0,2026-06-17T13:32:00Z,-0.0004807696996067534,0.0003751156327780336,-1.6975718608591706e-05,0.0006100323081908945,9.318323890283864e-05,7.625722275861335e-05,0.00035703279221976914,0.0003767899875998898
gmat_d04_sso_900km_i97p6_jun_36h_g2020,numerical_gravity_20x20,EarthMJ2000Eq,25380.0,2026-06-17T13:33:00Z,0.0012209986834932351,-0.000971709056329928,-0.0001915759639814496,0.001572182440183465,-0.0003333404663408146,1.2088108292118704e-05,-0.0016232217792122583,0.001657139382602261
gmat_d04_sso_900km_i97p6_jun_36h_g2020,numerical_gravity_20x20,EarthMJ2000Eq,25440.0,2026-06-17T13:34:00Z,0.00044136754695500713,-0.00035369289719255903,-0.00011401607480365783,0.000576978025875492,-0.00020552537449702868,6.798650531436579e-05,-0.0005292861704475627,0.0005718449918413649
gmat_d04_sso_900km_i97p6_jun_36h_g2020,numerical_gravity_20x20,EarthMJ2000Eq,25500.0,2026-06-17T13:35:00Z,0.00011148199519084301,-8.601665513197077e-05,-4.023058863822371e-05,0.0001464431646544198,-4.312195045486078e-05,1.943156746619934e-05,-6.619194081736168e-05,8.135392709878261e-05
gmat_d04_sso_900km_i97p6_jun_36h_g2020,numerical_gravity_20x20,EarthMJ2000Eq,25560.0,2026-06-17T13:36:00Z,0.00011122438081656583,-8.603967671660939e-05,-4.3412910599727184e-05,0.00014716782822433378,1.1462830684649816e-05,-2.277289468111121e-06,-0.00011069989369616451,0.00011131508881983899
gmat_d04_sso_900km_i97p6_jun_36h_g2020,numerical_gravity_20x20,EarthMJ2000Eq,25620.0,2026-06-17T13:37:00Z,0.00011294741852907464,-8.64205276229768e-05,-5.294441507430747e-05,0.00015175222579776618,1.9682033780554775e-06,3.455635777527277e-05,-0.00017386714290523742,0.00017727887372515736
gmat_d04_sso_900km_i97p6_jun_36h_g2020,numerical_gravity_20x20,EarthMJ2000Eq,25680.0,2026-06-17T13:38:00Z,0.00011061183613492176,-8.200436241168063e-05,-6.280879460973665e-05,0.00015134278452576827,-3.856470698337944e-05,7.23030524341084e-05,-0.00015540324582730136,0.00017568476550248744
gmat_d04_sso_900km_i97p6_jun_36h_g2020,numerical_gravity_20x20,EarthMJ2000Eq,25740.0,2026-06-17T13:39:00Z,0.00010809253581101075,-7.83904852141859e-05,-7.061953510856256e-05,0.0001510502671600406,-4.508926565449656e-05,4.1519676585721754e-05,-0.00010910872205727173,0.00012514646878763967
gmat_d04_sso_900km_i97p6_jun_36h_g2020,numerical_gravity_20x20,EarthMJ2000Eq,25800.0,2026-06-17T13:40:00Z,0.00010749408829724416,-7.952553460199852e-05,-7.98399923951365e-05,0.00015573603968974182,-4.129763198079672e-05,-1.3375078822264186e-05,-0.00013937029308408455,0.00014597419544243678
gmat_d04_sso_900km_i97p6_jun_36h_g2020,numerical_gravity_20x20,EarthMJ2000Eq,25860.0,2026-06-17T13:41:00Z,8.361712389159948e-05,-6.0015509006916545e-05,-6.428490451071411e-05,0.00012135169416705318,-6.02708993824308e-05,-5.88773474419213e-06,-0.00018482726460433696,0.00019449515282882155
gmat_d04_sso_900km_i97p6_jun_36h_g2020,numerical_gravity_20x20,EarthMJ2000Eq,25920.0,2026-06-17T13:42:00Z,0.00020203242456773296,-0.00018069204088533297,-0.0002365268301218748,0.0003597383154232056,-0.0002723776759694374,0.0001801963023240205,-0.00034788882885550265,0.0004771655299581214
gmat_d04_sso_900km_i97p6_jun_36h_g2020,numerical_gravity_20x20,EarthMJ2000Eq,25980.0,2026-06-17T13:43:00Z,-0.0016947842595982365,0.0016937347027123906,0.0021509149519260973,0.003219854975021921,0.001892524359448089,-0.0009895702035578324,0.002409129784552988,0.0032194415599128704
gmat_d04_sso_900km_i97p6_jun_36h_g2020,numerical_gravity_20x20,EarthMJ2000Eq,26040.0,2026-06-17T13:44:00Z,-0.0001377020453219302,0.00015842215361772105,0.00017096954252338037,0.0002707212893611688,0.00018877832630437297,-3.1676883338604966e-05,0.0003162980988236086,0.0003697095735029825
gmat_d04_sso_900km_i97p6_jun_36h_g2020,numerical_gravity_20x20,EarthMJ2000Eq,26100.0,2026-06-17T13:45:00Z,0.00016321519069606438,-0.0001416260602127295,-0.00023771826818119735,0.0003212586410237085,-0.00012855494446739613,9.00639562928518e-05,-0.00016201884278643774,0.00022558367713110904
gmat_d04_sso_900km_i97p6_jun_36h_g2020,numerical_gravity_20x20,EarthMJ2000Eq,26160.0,2026-06-17T13:46:00Z,-0.0004163512130617164,0.000481671577290399,0.0008094366421573795,0.0010298269362637575,0.000692366608490147,-0.00047161607952261875,0.0005067803954261763,0.0009790912195524711
gmat_d04_sso_900km_i97p6_jun_36h_g2020,numerical_gravity_20x20,EarthMJ2000Eq,26220.0,2026-06-17T13:47:00Z,-0.0003311224645585753,0.00040498844100511633,0.0007514368007832672,0.0009155954289174292,0.0005449209972141489,-0.00033754021799836664,0.0004313980284109675,0.0007726425764142935
gmat_d04_sso_900km_i97p6_jun_36h_g2020,numerical_gravity_20x20,EarthMJ2000Eq,26280.0,2026-06-17T13:48:00Z,-0.00030644514481537044,0.0003954678504669573,0.0007964754331624135,0.0009405724656639292,0.0006166924748640668,-0.00032014835227300864,0.0005651639156667443,0.0008956644614970814
gmat_d04_sso_900km_i97p6_jun_36h_g2020,numerical_gravity_20x20,EarthMJ2000Eq,26340.0,2026-06-17T13:49:00Z,-0.0002613678589113988,0.00036876463127555326,0.0008205170161090791,0.0009367756853571033,0.0007749529906675434,-0.00043134784633025447,0.0005924674084667458,0.0010665977369062904
gmat_d04_sso_900km_i97p6_jun_36h_g2020,numerical_gravity_20x20,EarthMJ2000Eq,26400.0,2026-06-17T13:50:00Z,-0.00021160758478799835,0.0003381073838681914,0.0008520064511685632,0.0009407493639640962,0.000862387494748873,-0.0005891487298015363,0.0004079288018488114,0.0011212556908679696
gmat_d04_sso_900km_i97p6_jun_36h_g2020,numerical_gravity_20x20,EarthMJ2000Eq,26460.0,2026-06-17T13:51:00Z,-0.0001619246177142486,0.0003011996341228951,0.0008692964001966175,0.0009341397287410857,0.0007677596336463921,-0.0006116520623322685,0.00018753087971390414,0.0009993702673476083
gmat_d04_sso_900km_i97p6_jun_36h_g2020,numerical_gravity_20x20,EarthMJ2000Eq,26520.0,2026-06-17T13:52:00Z,-0.00012030523066641763,0.0002672477421583608,0.0008780680218478665,0.0009256879361892251,0.0006306086763885332,-0.0005103228950531502,0.0001396429638589325,0.0008231627526238256
gmat_d04_sso_900km_i97p6_jun_36h_g2020,numerical_gravity_20x20,EarthMJ2000Eq,26580.0,2026-06-17T13:53:00Z,-8.328333933604881e-05,0.00023938446247484535,0.0008891599918570137,0.0009245791078131166,0.0006340008518179729,-0.00043553538553453564,0.0002389759501397748,0.0008054549378480711
gmat_d04_sso_900km_i97p6_jun_36h_g2020,numerical_gravity_20x20,EarthMJ2000Eq,26640.0,2026-06-17T13:54:00Z,-4.139928933000192e-05,0.00021243704395601526,0.0009054915608430747,0.0009309985851545785,0.0007720984962489297,-0.0004820805976635256,0.000279605671948957,0.0009522169512981316
gmat_d04_sso_900km_i97p6_jun_36h_g2020,numerical_gravity_20x20,EarthMJ2000Eq,26700.0,2026-06-17T13:55:00Z,8.491952030453831e-06,0.0001801799953682348,0.0009191626304527745,0.0009366946595348179,0.0008650369483220732,-0.000586128479085346,0.0001525339854424601,0.001055983964211686
gmat_d04_sso_900km_i97p6_jun_36h_g2020,numerical_gravity_20x20,EarthMJ2000Eq,26760.0,2026-06-17T13:56:00Z,5.895071808481589e-05,0.00014302895579021424,0.0009209130666931742,0.0009338165482381329,0.0008087728819994311,-0.0006308753519590482,-2.1181278953008587e-05,0.0010259463587075123
gmat_d04_sso_900km_i97p6_jun_36h_g2020,numerical_gravity_20x20,EarthMJ2000Eq,26820.0,2026-06-17T13:57:00Z,0.00010496751201571897,0.00010610347089823335,0.000924269812685452,0.0009362429234750044,0.0007028447823742567,-0.0006068817670623616,-9.230038955365671e-05,0.0009331750260348846
gmat_d04_sso_900km_i97p6_jun_36h_g2020,numerical_gravity_20x20,EarthMJ2000Eq,26880.0,2026-06-17T13:58:00Z,0.0001410517143085599,7.03930709278211e-05,0.0008948924232754507,0.0009086711285057104,0.0006558069642892406,-0.0005587639795301413,-7.30500104850762e-05,0.0008646596227779456
gmat_d04_sso_900km_i97p6_jun_36h_g2020,numerical_gravity_20x20,EarthMJ2000Eq,26940.0,2026-06-17T13:59:00Z,0.00015486330084968358,3.2769094104878604e-05,0.0007574799383291975,0.0007738425630900117,0.0005772344824350739,-0.0004579386037040223,-2.5926816249466356e-05,0.0007372785174378206
gmat_d04_sso_900km_i97p6_jun_36h_g2020,numerical_gravity_20x20,EarthMJ2000Eq,27000.0,2026-06-17T14:00:00Z,0.00019574326870497316,5.191395757719874e-06,0.0007732312496955274,0.0007976396074286479,0.0006887479475636837,-0.0004888324328655713,-0.00012567014096021012,0.0008538875025572275
gmat_d04_sso_900km_i97p6_jun_36h_g2020,numerical_gravity_20x20,EarthMJ2000Eq,27060.0,2026-06-17T14:01:00Z,0.00023530810722149909,-2.388787834206596e-05,0.0007573278253403259,0.0007934015194657477,0.000629919227890241,-0.00046760945116020025,-0.00026272672926097584,0.0008273343742093346
gmat_d04_sso_900km_i97p6_jun_36h_g2020,numerical_gravity_20x20,EarthMJ2000Eq,27120.0,2026-06-17T14:02:00Z,0.0002690649125725031,-5.0761627790052444e-05,0.0007414955689455383,0.0007904355437348526,0.0004996234537202326,-0.0004384629326281697,-0.00024777335738690454,0.0007094117108048098
gmat_d04_sso_900km_i97p6_jun_36h_g2020,numerical_gravity_20x20,EarthMJ2000Eq,27180.0,2026-06-17T14:03:00Z,0.00029826423997292295,-7.818198355380446e-05,0.000730013198335655,0.0007924602508285732,0.0005073110820319471,-0.0004933818908980925,-0.00014164402983851687,0.0007217016387729052
gmat_d04_sso_900km_i97p6_jun_36h_g2020,numerical_gravity_20x20,EarthMJ2000Eq,27240.0,2026-06-17T14:04:00Z,0.0003329569153720513,-0.00011135489330627024,0.0007209223440440837,0.0008018661022261375,0.0006560729737259408,-0.0006119507123258927,-0.0002064064474893712,0.000920607974511925
gmat_d04_sso_900km_i97p6_jun_36h_g2020,numerical_gravity_20x20,EarthMJ2000Eq,27300.0,2026-06-17T14:05:00Z,0.0003749446477741003,-0.00014970373740652576,0.0007003795872151386,0.0008084097130017513,0.0007058829076811435,-0.0006371192462495401,-0.0005004157088706052,0.0010745266376327941
gmat_d04_sso_900km_i97p6_jun_36h_g2020,numerical_gravity_20x20,EarthMJ2000Eq,27360.0,2026-06-17T14:06:00Z,0.0004124449333176017,-0.000183916199603118,0.0006619916348427068,0.0008013544260173114,0.0005076818965221719,-0.0004764202365947767,-0.0007380620559160889,0.0010146195091148486
gmat_d04_sso_900km_i97p6_jun_36h_g2020,numerical_gravity_20x20,EarthMJ2000Eq,27420.0,2026-06-17T14:07:00Z,0.0004343019099906087,-0.00020572224457282573,0.0006189748091856018,0.000783625934575882,0.00023628521361729327,-0.0002622222439185862,-0.000633218810719427,0.0007249532878943263
gmat_d04_sso_900km_i97p6_jun_36h_g2020,numerical_gravity_20x20,EarthMJ2000Eq,27480.0,2026-06-17T14:08:00Z,0.0004455823727766983,-0.00021906953406869434,0.0005909505489398725,0.0007718533947445746,0.00019401458217771506,-0.00022547341771428364,-0.00029335289752907556,0.00041777487081208877
gmat_d04_sso_900km_i97p6_jun_36h_g2020,numerical_gravity_20x20,EarthMJ2000Eq,27540.0,2026-06-17T14:09:00Z,0.00046678314902237616,-0.0002399910954409279,0.0005813235475216061,0.0007832108917815734,0.0004205507053711699,-0.00041196868139081744,-0.00015658141450103358,0.0006091788157858265
gmat_d04_sso_900km_i97p6_jun_36h_g2020,numerical_gravity_20x20,EarthMJ2000Eq,27600.0,2026-06-17T14:10:00Z,0.000476256445836043,-0.00025682129489723593,0.0005454648999148048,0.0007683159094748337,0.0005987246254335332,-0.0005744369424576234,-0.0003602886877729361,0.0009045755449368128
gmat_d04_sso_900km_i97p6_jun_36h_g2020,numerical_gravity_20x20,EarthMJ2000Eq,27660.0,2026-06-17T14:11:00Z,0.0006198338269314263,-0.0003609043233154807,0.0005985284587950446,0.0009341746194282061,0.0005971836358753535,-0.000623044726921762,-0.0008267111439863584,0.0011951001390233175
gmat_d04_sso_900km_i97p6_jun_36h_g2020,numerical_gravity_20x20,EarthMJ2000Eq,27720.0,2026-06-17T14:12:00Z,0.0002772248990368098,-0.00015609839465469122,0.0002434044290566817,0.00040058216328757115,0.00017342927094432525,-0.00022606938543390243,-0.00047414872028639365,0.0005531745547293072
gmat_d04_sso_900km_i97p6_jun_36h_g2020,numerical_gravity_20x20,EarthMJ2000Eq,27780.0,2026-06-17T14:13:00Z,0.00019069784684688784,-0.00011384008757886477,9.999621397582814e-05,0.00024356616583898165,-0.00010228529134792552,4.878319970202938e-06,-0.00039740655211062403,0.00041038767829007223
gmat_d04_sso_900km_i97p6_jun_36h_g2020,numerical_gravity_20x20,EarthMJ2000Eq,27840.0,2026-06-17T14:14:00Z,0.0007242406354635023,-0.000462025582237402,0.0004886233000434004,0.000988304035225846,0.00010436451702844352,-0.00024127544406837842,-0.0007858562689477822,0.0008286590781313522
gmat_d04_sso_900km_i97p6_jun_36h_g2020,numerical_gravity_20x20,EarthMJ2000Eq,27900.0,2026-06-17T14:15:00Z,0.0006066429705242626,-0.000396490577259101,0.00035064931580564007,0.0008050934195586994,0.00014078160859298805,-0.00023628210499282432,-0.0004696851796381907,0.0005442911559355238
gmat_d04_sso_900km_i97p6_jun_36h_g2020,numerical_gravity_20x20,EarthMJ2000Eq,27960.0,2026-06-17T14:16:00Z,0.0006414020390366204,-0.0004284634087525774,0.00033782635000534356,0.0008420831972424966,0.0002873354887356072,-0.00036386493817985865,-0.0005623697063583677,0.0007288477639076348
gmat_d04_sso_900km_i97p6_jun_36h_g2020,numerical_gravity_20x20,EarthMJ2000Eq,28020.0,2026-06-17T14:17:00Z,0.0006577924978046212,-0.0004503467607719358,0.0002967917680507526,0.0008506400699993562,0.00029553959279837727,-0.00038567238291875583,-0.0007617924069336368,0.0009035565887753825
gmat_d04_sso_900km_i97p6_jun_36h_g2020,numerical_gravity_20x20,EarthMJ2000Eq,28080.0,2026-06-17T14:18:00Z,0.0006730363111273618,-0.00047192997953970917,0.00024625842343084514,0.0008581019710937173,0.00020333690287088757,-0.0003263984638124384,-0.0009063771955197808,0.0009845818776549502
gmat_d04_sso_900km_i97p6_jun_36h_g2020,numerical_gravity_20x20,EarthMJ2000Eq,28140.0,2026-06-17T14:19:00Z,0.0006816966333644814,-0.0004891801381745609,0.00018980608729179949,0.000860252206215115,8.351985769650128e-05,-0.00024799540199182957,-0.0009631901942697141,0.0009981045217691696
gmat_d04_sso_900km_i97p6_jun_36h_g2020,numerical_gravity_20x20,EarthMJ2000Eq,28200.0,2026-06-17T14:20:00Z,0.0006828919367762865,-0.0005015454007661901,0.00013209410099079832,0.0008575185349952227,-4.3793413340154075e-05,-0.0001624584911041893,-0.0009468297257342329,0.0009616637426448987
gmat_d04_sso_900km_i97p6_jun_36h_g2020,numerical_gravity_20x20,EarthMJ2000Eq,28260.0,2026-06-17T14:21:00Z,0.0006770479572537624,-0.0005087247245683102,7.817470759619027e-05,0.0008504740247158319,-0.0001382289838147699,-8.203127066508387e-05,-0.0008337249779444278,0.0008490781590535872
gmat_d04_sso_900km_i97p6_jun_36h_g2020,numerical_gravity_20x20,EarthMJ2000Eq,28320.0,2026-06-17T14:22:00Z,0.0006688157441203657,-0.0005128172233526129,3.3082869776990265e-05,0.0008434396720708858,-0.00011050715897908958,-7.190603668050244e-05,-0.0006748449021820591,0.0006876030484937078
gmat_d04_sso_900km_i97p6_jun_36h_g2020,numerical_gravity_20x20,EarthMJ2000Eq,28380.0,2026-06-17T14:23:00Z,0.0006582888545381138,-0.0005129336386744399,-4.51291271019727e-06,0.0008345450857048005,2.1794122062601673e-05,-0.00015094503424961658,-0.0006590713252929703,0.0006764868061865877
gmat_d04_sso_900km_i97p6_jun_36h_g2020,numerical_gravity_20x20,EarthMJ2000Eq,28440.0,2026-06-17T14:24:00Z,0.0007448001042575925,-0.0005923656658524123,-7.470407581422478e-05,0.0009545705716845403,3.68931551975038e-05,-0.0001958317952244215,-0.000972487645967135,0.0009926950279315126
gmat_d04_sso_900km_i97p6_jun_36h_g2020,numerical_gravity_20x20,EarthMJ2000Eq,28500.0,2026-06-17T14:25:00Z,0.000333362550009042,-0.0002653387980444677,-2.1133928385097533e-05,0.000426593378318511,2.646771690706373e-06,-0.00011227285767745343,-0.0006294316179378256,0.0006393718492640048
gmat_d04_sso_900km_i97p6_jun_36h_g2020,numerical_gravity_20x20,EarthMJ2000Eq,28560.0,2026-06-17T14:26:00Z,0.0019623116713773925,-0.0016143196006623839,-0.0005341671567293815,0.002596541819427341,-0.000688284984562415,6.319211820482451e-05,-0.0026267110708744212,0.0027161260121046564
gmat_d04_sso_900km_i97p6_jun_36h_g2020,numerical_gravity_20x20,EarthMJ2000Eq,28620.0,2026-06-17T14:27:00Z,1.3596945791505277e-07,-3.9501628634752706e-06,2.2804670152254403e-05,2.3144659321203838e-05,-0.00012432632701120383,5.67288438446667e-05,1.0777823078456095e-05,0.00013708157710779327
gmat_d04_sso_900km_i97p6_jun_36h_g2020,numerical_gravity_20x20,EarthMJ2000Eq,28680.0,2026-06-17T14:28:00Z,-0.0005973847692075651,0.0004881112545263022,0.00021623964130412787,0.0008011746012872315,0.0001496189838690043,-1.1514345032992424e-05,0.0009562515224104118,0.0009679542316596186
gmat_d04_sso_900km_i97p6_jun_36h_g2020,numerical_gravity_20x20,EarthMJ2000Eq,28740.0,2026-06-17T14:29:00Z,-0.000998249561234843,0.0008510180578014115,0.0005500014594872482,0.0014224048392239624,0.0006230633786685758,-0.0002823048461664257,0.0015101080386159538,0.0016578088817169104
gmat_d04_sso_900km_i97p6_jun_36h_g2020,numerical_gravity_20x20,EarthMJ2000Eq,28800.0,2026-06-17T14:30:00Z,0.0011069746506109368,-0.0009907444109558128,-0.0006983364073676057,0.0016415362020956105,-0.0005201288288958494,0.00011680612033160287,-0.001498325019611002,0.0015903318939101355
gmat_d04_sso_900km_i97p6_jun_36h_g2020,numerical_gravity_20x20,EarthMJ2000Eq,28860.0,2026-06-17T14:31:00Z,0.0017017364370985888,-0.0015440034530911362,-0.0012441187209333293,0.002612983918106488,-0.0011407204070223997,0.00045201264953220743,-0.0025054203156571475,0.0027897472000957425
gmat_d04_sso_900km_i97p6_jun_36h_g2020,numerical_gravity_20x20,EarthMJ2000Eq,28920.0,2026-06-17T14:32:00Z,-0.0007104604264895897,0.000638850224277121,0.0006373893484123982,0.0011485420358594975,0.00046692960609107104,-0.00022401813737360499,0.0008221667791019627,0.0009716818386568711
gmat_d04_sso_900km_i97p6_jun_36h_g2020,numerical_gravity_20x20,EarthMJ2000Eq,28980.0,2026-06-17T14:33:00Z,0.0010680519153538626,-0.0010343887879571412,-0.0011261809049756266,0.0018652019969092406,-0.0011552732104291863,0.0006437232968892204,-0.0014192691466519136,0.0019399383454974382
gmat_d04_sso_900km_i97p6_jun_36h_g2020,numerical_gravity_20x20,EarthMJ2000Eq,29040.0,2026-06-17T14:34:00Z,-0.0004970174813934136,0.000468061443825718,0.0006118953024270013,0.000916800825228195,0.0005698304050838487,-0.0003186073627148289,0.0008632037307165774,0.0010822837071937927
gmat_d04_sso_900km_i97p6_jun_36h_g2020,numerical_gravity_20x20,EarthMJ2000Eq,29100.0,2026-06-17T14:35:00Z,0.0007701273716520518,-0.0007914813977549784,-0.0010364346962887794,0.0015145084520170517,-0.0008086371572346707,0.0004182858504009346,-0.001072547384239897,0.0014068457613207097
gmat_d04_sso_900km_i97p6_jun_36h_g2020,numerical_gravity_20x20,EarthMJ2000Eq,29160.0,2026-06-17T14:36:00Z,0.0012729124136967584,-0.0013221169865573756,-0.0018674290913622826,0.0026183183057743426,-0.0016173693495602492,0.0008926033245870713,-0.0019704637921336143,0.0027009909041073093
gmat_d04_sso_900km_i97p6_jun_36h_g2020,numerical_gravity_20x20,EarthMJ2000Eq,29220.0,2026-06-17T14:37:00Z,-0.00043350064515834674,0.0004339094630267937,0.0007316702976822853,0.0009547469067597901,0.0005541029857170088,-0.0003723670261024381,0.0005126832292035033,0.0008417430810023979
gmat_d04_sso_900km_i97p6_jun_36h_g2020,numerical_gravity_20x20,EarthMJ2000Eq,29280.0,2026-06-17T14:38:00Z,-0.00016071317077148706,0.00014170427675708197,0.00026313955459045246,0.00033933943257560644,0.00019330137490669586,-0.00012818190953112207,0.0002895372830380438,0.00037098229302881297
gmat_d04_sso_900km_i97p6_jun_36h_g2020,numerical_gravity_20x20,EarthMJ2000Eq,29340.0,2026-06-17T14:39:00Z,0.001012548636936117,-0.0011993292901024688,-0.002300306732649915,0.002784790216970285,-0.001946311112277499,0.0012396332849107239,-0.0014774848011711583,0.002740032657565454
gmat_d04_sso_900km_i97p6_jun_36h_g2020,numerical_gravity_20x20,EarthMJ2000Eq,29400.0,2026-06-17T14:40:00Z,-0.00029207330953795463,0.0003210443537682295,0.000737795744498726,0.0008559899858242171,0.000719028836471125,-0.0004826277155700609,0.000431269242540111,0.0009674322400429481
gmat_d04_sso_900km_i97p6_jun_36h_g2020,numerical_gravity_20x20,EarthMJ2000Eq,29460.0,2026-06-17T14:41:00Z,-0.00015984915080480278,0.00017798174667404965,0.0004937392077408731,0.0005486416484580325,0.00045675685456103565,-0.00032077718259415633,0.00014339995857426402,0.0005762710934800012
gmat_d04_sso_900km_i97p6_jun_36h_g2020,numerical_gravity_20x20,EarthMJ2000Eq,29520.0,2026-06-17T14:42:00Z,0.0001472535586799495,-0.0002452288754284382,-0.0006098634912632406,0.0006736128634932638,-0.0005738260977494747,0.0003767546274957567,-0.00036544545167771503,0.0007776701215488385
gmat_d04_sso_900km_i97p6_jun_36h_g2020,numerical_gravity_20x20,EarthMJ2000Eq,29580.0,2026-06-17T14:43:00Z,9.746872819960117e-05,-0.00020179095372441225,-0.0005744495865656063,0.0006166133873727131,-0.000578235459514076,0.00038469316621103644,-0.00020309176562705034,0.0007235961194163768
gmat_d04_sso_900km_i97p6_jun_36h_g2020,numerical_gravity_20x20,EarthMJ2000Eq,29640.0,2026-06-17T14:44:00Z,6.617119652219117e-05,-0.00018260334400110878,-0.0005924655397393508,0.0006234885919310842,-0.0005442029049618213,0.00037252978479784815,-8.873435319856071e-05,0.0006654389737368733
gmat_d04_sso_900km_i97p6_jun_36h_g2020,numerical_gravity_20x20,EarthMJ2000Eq,29700.0,2026-06-17T14:45:00Z,3.5604898585006595e-05,-0.0001609705577720888,-0.0005954482276138151,0.000617849351412737,-0.0004667544128977852,0.0003376943169541846,-5.714095863140756e-05,0.0005789319673467909
gmat_d04_sso_900km_i97p6_jun_36h_g2020,numerical_gravity_20x20,EarthMJ2000Eq,29760.0,2026-06-17T14:46:00Z,9.040377335622907e-06,-0.0001412026904290542,-0.0005998235792503692,0.0006162858544794758,-0.0004297559530463957,0.00032700109287020496,-9.479528273459437e-05,0.0005482755142680147
gmat_d04_sso_900km_i97p6_jun_36h_g2020,numerical_gravity_20x20,EarthMJ2000Eq,29820.0,2026-06-17T14:47:00Z,-1.741773303365335e-05,-0.00012102918844902888,-0.0006067515414542868,0.0006189498161707581,-0.00046293630040494804,0.00035042235779769726,-0.00012930900794572153,0.0005948333099390319
gmat_d04_sso_900km_i97p6_jun_36h_g2020,numerical_gravity_20x20,EarthMJ2000Eq,29880.0,2026-06-17T14:48:00Z,-4.75210981676355e-05,-9.861469152383506e-05,-0.0006139457582321484,0.0006236285001558594,-0.000532181132495424,0.0003921989399913173,-9.594991468020453e-05,0.0006680143355060305
gmat_d04_sso_900km_i97p6_jun_36h_g2020,numerical_gravity_20x20,EarthMJ2000Eq,29940.0,2026-06-17T14:49:00Z,-8.073857316048816e-05,-7.390826795017347e-05,-0.0006156330698559032,0.0006252881143661612,-0.0005679582359974233,0.00042305747793847104,2.502886786714953e-06,0.0007082093277550303
gmat_d04_sso_900km_i97p6_jun_36h_g2020,numerical_gravity_20x20,EarthMJ2000Eq,30000.0,2026-06-17T14:50:00Z,-0.00011506745067890733,-4.824869392905384e-05,-0.0006162189265523921,0.0006287242798818769,-0.0005384706014410767,0.00042593994997730533,0.00010802025940392923,0.0006950135293968574
gmat_d04_sso_900km_i97p6_jun_36h_g2020,numerical_gravity_20x20,EarthMJ2000Eq,30060.0,2026-06-17T14:51:00Z,-0.000141263626574073,-2.3991560738068074e-05,-0.0005942049483564915,0.0006112368835654866,-0.00046084780436217443,0.0003911105050935504,0.00014650947122163416,0.0006219430449306527
gmat_d04_sso_900km_i97p6_jun_36h_g2020,numerical_gravity_20x20,EarthMJ2000Eq,30120.0,2026-06-17T14:52:00Z,-0.00014004217518959194,-3.0340743251144886e-06,-0.0004680366600950947,0.000488548187625145,-0.00020898749397701977,0.00024246268881533695,0.0001482343137126918,0.00035275677154128526
gmat_d04_sso_900km_i97p6_jun_36h_g2020,numerical_gravity_20x20,EarthMJ2000Eq,30180.0,2026-06-17T14:53:00Z,-0.0001561120370752178,1.0846633813343942e-05,-0.00048059223445307,0.0005054280496781412,-0.0002518234509807371,0.00024022261957412638,-3.0960123353906965e-05,0.00034940018124922644
gmat_d04_sso_900km_i97p6_jun_36h_g2020,numerical_gravity_20x20,EarthMJ2000Eq,30240.0,2026-06-17T14:54:00Z,-0.00017496131476946175,2.733213477768004e-05,-0.0004807775439985562,0.0005123529584872596,-0.00045392090086693315,0.00034098279755312433,-6.901501592437853e-05,0.0005719060455127619
gmat_d04_sso_900km_i97p6_jun_36h_g2020,numerical_gravity_20x20,EarthMJ2000Eq,30300.0,2026-06-17T14:55:00Z,-0.0002066035449388437,5.094898369861767e-05,-0.00047996991270338185,0.0005250256572984894,-0.0005902984767658381,0.00044750314565078497,0.00015841727929455374,0.0007575007534111798
gmat_d04_sso_900km_i97p6_jun_36h_g2020,numerical_gravity_20x20,EarthMJ2000Eq,30360.0,2026-06-17T14:56:00Z,-0.00023954180505825207,7.751077646389604e-05,-0.00046144168663886376,0.0005256582796900674,-0.0004673523790188483,0.00041025050023790754,0.00043583092690369085,0.0007593894363011385
gmat_d04_sso_900km_i97p6_jun_36h_g2020,numerical_gravity_20x20,EarthMJ2000Eq,30420.0,2026-06-17T14:57:00Z,-0.00026023735699709505,9.78743628365919e-05,-0.0004329035618866328,0.0005144981698428441,-0.00022649704334298804,0.0002632738471675111,0.00046357051530776516,0.00057923367642792
gmat_d04_sso_900km_i97p6_jun_36h_g2020,numerical_gravity_20x20,EarthMJ2000Eq,30480.0,2026-06-17T14:58:00Z,-0.00026981251721736044,0.00011036991054425016,-0.0004106609594600741,0.0005036097052533666,-0.00013175549540278553,0.00017654655515286777,0.00025929480784725456,0.00034023814319050517
gmat_d04_sso_900km_i97p6_jun_36h_g2020,numerical_gravity_20x20,EarthMJ2000Eq,30540.0,2026-06-17T14:59:00Z,-0.0002804326868499629,0.00012226928447489627,-0.0004007388270110823,0.0005041665173869746,-0.00024644375429261345,0.00024293278499953885,0.00010343459422301748,0.00036117804105392467
gmat_d04_sso_900km_i97p6_jun_36h_g2020,numerical_gravity_20x20,EarthMJ2000Eq,30600.0,2026-06-17T15:00:00Z,-0.0002998845047841314,0.00014078841559239663,-0.00039330916479229927,0.0005142413764802062,-0.00038688696690769575,0.00037055869483992865,0.00018282442226791318,0.0005660565703727006
gmat_d04_sso_900km_i97p6_jun_36h_g2020,numerical_gravity_20x20,EarthMJ2000Eq,30660.0,2026-06-17T15:01:00Z,-0.00032379739423049614,0.00016486501408508047,-0.0003760997060453519,0.000522949533193341,-0.00038254466261378184,0.00040952929936111104,0.0003934772507818707,0.0006847474080362436
gmat_d04_sso_900km_i97p6_jun_36h_g2020,numerical_gravity_20x20,EarthMJ2000Eq,30720.0,2026-06-17T15:02:00Z,-0.00034408503779559396,0.00018764694686979055,-0.00034822096495190635,0.0005242744799591012,-0.00026835955679871404,0.00032755531620409783,0.0005156568505526593,0.0006672415787558929
gmat_d04_sso_900km_i97p6_jun_36h_g2020,numerical_gravity_20x20,EarthMJ2000Eq,30780.0,2026-06-17T15:03:00Z,-0.0003477757672953885,0.00019766093828366138,-0.0003108916644123383,0.0005066275336399982,-0.00017895729342853883,0.00022207879979418976,0.000492668128515561,0.000569268470095017
gmat_d04_sso_900km_i97p6_jun_36h_g2020,numerical_gravity_20x20,EarthMJ2000Eq,30840.0,2026-06-17T15:04:00Z,-0.000395589268009644,0.00023423990569426678,-0.0003099175955867395,0.0005544439723167082,-0.0001703064356206596,0.0002006155241929264,0.0004880584825173173,0.0005544835010332797
gmat_d04_sso_900km_i97p6_jun_36h_g2020,numerical_gravity_20x20,EarthMJ2000Eq,30900.0,2026-06-17T15:05:00Z,-0.00027428404791862704,0.0001607490958122071,-0.00019381877791602165,0.00037234087798673136,-9.71862590404271e-05,0.0001418642980866025,0.0003047175844983485,0.00034989063194144763
gmat_d04_sso_900km_i97p6_jun_36h_g2020,numerical_gravity_20x20,EarthMJ2000Eq,30960.0,2026-06-17T15:06:00Z,-7.927519618533552e-05,3.622426447691396e-05,-4.0115082811098546e-05,9.594776670698563e-05,3.469224907348689e-05,3.745315169112473e-05,-5.719869022868806e-07,5.105504760933672e-05
gmat_d04_sso_900km_i97p6_jun_36h_g2020,numerical_gravity_20x20,EarthMJ2000Eq,31020.0,2026-06-17T15:07:00Z,-0.00012882514965895098,7.36081346985884e-05,-7.733160600764677e-05,0.0001673148348658258,-2.9330315953757236e-05,0.0001450044528894523,-2.355005079834882e-06,0.0001479598081934505
gmat_d04_sso_900km_i97p6_jun_36h_g2020,numerical_gravity_20x20,EarthMJ2000Eq,31080.0,2026-06-17T15:08:00Z,-0.0001215742031490663,7.671360435779206e-05,-6.919162842677906e-05,0.00015953916575325245,-0.0001382920444825686,0.00021654145143656933,5.849010165093205e-05,0.0002635070810216705
gmat_d04_sso_900km_i97p6_jun_36h_g2020,numerical_gravity_20x20,EarthMJ2000Eq,31140.0,2026-06-17T15:09:00Z,-0.00013331487025425304,9.068253348232247e-05,-6.092614057706669e-05,0.00017236058457575893,-0.0001872013655201954,0.00019025403474870473,0.00030257130134714316,0.0004034728508706514
gmat_d04_sso_900km_i97p6_jun_36h_g2020,numerical_gravity_20x20,EarthMJ2000Eq,31200.0,2026-06-17T15:10:00Z,-0.00014071440546103986,9.72243014984997e-05,-3.6406163417268544e-05,0.000174867142256314,-2.8668623031080642e-05,1.1597833804444235e-05,0.0004745392967464568,0.0004755459429456585
gmat_d04_sso_900km_i97p6_jun_36h_g2020,numerical_gravity_20x20,EarthMJ2000Eq,31260.0,2026-06-17T15:11:00Z,-0.00013532854836739716,9.218183549819514e-05,-1.0649273463059217e-05,0.00016408751879510604,0.00019600321365942364,-0.0001595195087134016,0.0003271778403757253,0.00041341150523166415
gmat_d04_sso_900km_i97p6_jun_36h_g2020,numerical_gravity_20x20,EarthMJ2000Eq,31320.0,2026-06-17T15:12:00Z,-0.00012124067438890052,8.225538294936996e-05,-1.4215402188710868e-06,0.00014651713185500446,0.00022722623782556184,-0.0001298472440680598,-2.2624235818113902e-05,0.00026268598362832893
gmat_d04_sso_900km_i97p6_jun_36h_g2020,numerical_gravity_20x20,EarthMJ2000Eq,31380.0,2026-06-17T15:13:00Z,-0.00011291436408100708,8.054462341533508e-05,-9.415998647455126e-06,0.00013901708890444095,2.7816859926588222e-05,8.782841121046658e-05,-0.0001833648788363007,0.00020520790994155532
gmat_d04_sso_900km_i97p6_jun_36h_g2020,numerical_gravity_20x20,EarthMJ2000Eq,31440.0,2026-06-17T15:14:00Z,-0.00011732583971024724,9.163557024294278e-05,-1.5676960174459964e-05,0.00014969367881702798,-0.00014438050754961296,0.0002496340911761763,2.4910656870602566e-05,0.00028945371178025036
gmat_d04_sso_900km_i97p6_jun_36h_g2020,numerical_gravity_20x20,EarthMJ2000Eq,31500.0,2026-06-17T15:15:00Z,-0.00012515602065832354,0.00010538292372075375,-4.53474058303982e-06,0.00016367698063905132,-7.582645622505879e-05,0.00016750689724176482,0.0003239187251757869,0.00037246684766126617
gmat_d04_sso_900km_i97p6_jun_36h_g2020,numerical_gravity_20x20,EarthMJ2000Eq,31560.0,2026-06-17T15:16:00Z,-0.00011826818990812171,0.00010387492466179538,1.481203071307391e-05,0.00015810363996911095,0.00010231193670051653,-3.7912784023319546e-05,0.000324218318858982,0.0003420857054417122
gmat_d04_sso_900km_i97p6_jun_36h_g2020,numerical_gravity_20x20,EarthMJ2000Eq,31620.0,2026-06-17T15:17:00Z,-0.0001592286480445182,0.00013951090949149147,4.8059519031085074e-05,0.0002170870184850476,0.00015119372420713262,-0.0001106021940699975,0.0001788291736914971,0.00025898312867038946
gmat_d04_sso_900km_i97p6_jun_36h_g2020,numerical_gravity_20x20,EarthMJ2000Eq,31680.0,2026-06-17T15:18:00Z,6.606342140003107e-05,-4.935731112709618e-05,-3.66899257642217e-05,9.025890793356163e-05,-6.0671467849715555e-05,1.695266149681629e-05,-0.00019614820878643968,0.0002060158720899762
gmat_d04_sso_900km_i97p6_jun_36h_g2020,numerical_gravity_20x20,EarthMJ2000Eq,31740.0,2026-06-17T15:19:00Z,-0.0008970091585069895,0.0007645659252375481,0.0003611576175899245,0.0012327292116369253,0.0003700240114312692,-5.687894599759602e-05,0.0011771401631222034,0.0012352376075755033
gmat_d04_sso_900km_i97p6_jun_36h_g2020,numerical_gravity_20x20,EarthMJ2000Eq,31800.0,2026-06-17T15:20:00Z,-0.0011465167517599184,0.0009905171509672073,0.000548296156921424,0.0016112894104167354,0.0005767004651602292,-0.00013591083813935256,0.0015980199385978722,0.0017043247655878597
gmat_d04_sso_900km_i97p6_jun_36h_g2020,numerical_gravity_20x20,EarthMJ2000Eq,31860.0,2026-06-17T15:21:00Z,-0.0010192484296567272,0.0009045536444318714,0.0006063728505978361,0.001491567192906451,0.0007137055391126523,-0.0002544409127835934,0.0014458580999132664,0.0016323668153154275
gmat_d04_sso_900km_i97p6_jun_36h_g2020,numerical_gravity_20x20,EarthMJ2000Eq,31920.0,2026-06-17T15:22:00Z,-0.000994064066617284,0.0009039206361194374,0.0006978325473028235,0.001514003351719344,0.0008229630310552238,-0.00035929481612129166,0.0012866276932754772,0.0015690034214362342
gmat_d04_sso_900km_i97p6_jun_36h_g2020,numerical_gravity_20x20,EarthMJ2000Eq,31980.0,2026-06-17T15:23:00Z,-0.0009430195859749801,0.0008797499049251201,0.0007685530363232829,0.0015013059662806639,0.0007627853904068616,-0.00035773783935155734,0.0011049885451086539,0.0013895386278702038
gmat_d04_sso_900km_i97p6_jun_36h_g2020,numerical_gravity_20x20,EarthMJ2000Eq,32040.0,2026-06-17T15:24:00Z,-0.0009007471817312762,0.0008598865406383993,0.0008344177331309766,0.001499000767688712,0.0006583000811133388,-0.0003091011890887785,0.0011261063193046539,0.0013405289941913977
gmat_d04_sso_900km_i97p6_jun_36h_g2020,numerical_gravity_20x20,EarthMJ2000Eq,32100.0,2026-06-17T15:25:00Z,-0.000863081822899403,0.0008431397873209789,0.0009098612281377427,0.001511172521074726,0.0007047136207916083,-0.00034633540479944713,0.0012777787716800049,0.0014997626776603282
gmat_d04_sso_900km_i97p6_jun_36h_g2020,numerical_gravity_20x20,EarthMJ2000Eq,32160.0,2026-06-17T15:26:00Z,-0.0007912212822702713,0.0007933726919873152,0.0009493842298979871,0.0014686053799055775,0.0008714438060053453,-0.0004617026760911358,0.0012890941647469845,0.00162306729180263
gmat_d04_sso_900km_i97p6_jun_36h_g2020,numerical_gravity_20x20,EarthMJ2000Eq,32220.0,2026-06-17T15:27:00Z,-0.0008758970579947345,0.0009121886250795797,0.0012607733879121952,0.001785730461070763,0.0012717387143368342,-0.0007185807504583863,0.001332654875341177,0.00197728264778788
gmat_d04_sso_900km_i97p6_jun_36h_g2020,numerical_gravity_20x20,EarthMJ2000Eq,32280.0,2026-06-17T15:28:00Z,0.000813363840279635,-0.0008233960215875413,-0.0013156695786165074,0.001752292265901315,-0.0010213736523212447,0.0006578866340589684,-0.0012275762628632947,0.0017271254853295664
gmat_d04_sso_900km_i97p6_jun_36h_g2020,numerical_gravity_20x20,EarthMJ2000Eq,32340.0,2026-06-17T15:29:00Z,-0.0003369150363141671,0.00041137445805361494,0.0007124926924007013,0.0008890368514059934,0.00063851146592242,-0.0003686135841007854,0.00037551295406501595,0.0008273952170327427
gmat_d04_sso_900km_i97p6_jun_36h_g2020,numerical_gravity_20x20,EarthMJ2000Eq,32400.0,2026-06-17T15:30:00Z,-0.0006343880158965476,0.0007489079507649876,0.0013399226190813351,0.0016609346460827277,0.0010889991131080023,-0.0006804934393755957,0.0008995781897169763,0.0015678747745906608
gmat_d04_sso_900km_i97p6_jun_36h_g2020,numerical_gravity_20x20,EarthMJ2000Eq,32460.0,2026-06-17T15:31:00Z,-0.0004915164026897401,0.0006258132998482324,0.001269534095627023,0.0014983148802369679,0.0010236838043908847,-0.0006812976849346342,0.0008056568745473669,0.0014700945773571572
gmat_d04_sso_900km_i97p6_jun_36h_g2020,numerical_gravity_20x20,EarthMJ2000Eq,32520.0,2026-06-17T15:32:00Z,-0.0003991162884631194,0.0005382967174227815,0.0011811248441517819,0.0013579812462538976,0.0010033671671294542,-0.000671414479569421,0.0006913074557246546,0.0013912041812003577
gmat_d04_sso_900km_i97p6_jun_36h_g2020,numerical_gravity_20x20,EarthMJ2000Eq,32580.0,2026-06-17T15:33:00Z,-0.0006373284122673795,0.0009180175766232423,0.002330553797946777,0.002584651771747331,0.0019911194915067654,-0.001336582844402301,0.0010550342821602499,0.0026199442486324206
gmat_d04_sso_900km_i97p6_jun_36h_g2020,numerical_gravity_20x20,EarthMJ2000Eq,32640.0,2026-06-17T15:34:00Z,0.0002204251359216869,-0.000291755441139685,-0.0009262812454835512,0.0009958440760055086,-0.0007615188479803692,0.0005520628398869576,-0.00035480862692338633,0.0010052728469190143
gmat_d04_sso_900km_i97p6_jun_36h_g2020,numerical_gravity_20x20,EarthMJ2000Eq,32700.0,2026-06-17T15:35:00Z,0.00013305361790116876,-0.00017732236301526427,-0.0006541413313243538,0.0006906861566650264,-0.000538022515428338,0.0003896283296001002,-0.0002128510701027153,0.0006975557614833897
gmat_d04_sso_900km_i97p6_jun_36h_g2020,numerical_gravity_20x20,EarthMJ2000Eq,32760.0,2026-06-17T15:36:00Z,-0.00027594978746492416,0.0006614118319703266,0.0024484002096869517,0.0025511325883746986,0.00202953609473866,-0.0014686900584592877,0.0006147358178054674,0.002579528517647586
gmat_d04_sso_900km_i97p6_jun_36h_g2020,numerical_gravity_20x20,EarthMJ2000Eq,32820.0,2026-06-17T15:37:00Z,7.830385584384203e-05,-0.0001563175828778185,-0.0007795383680786472,0.0007989034659228218,-0.0006410356689912078,0.0004638625039632416,-0.000157424295821329,0.0008067698311271282
gmat_d04_sso_900km_i97p6_jun_36h_g2020,numerical_gravity_20x20,EarthMJ2000Eq,32880.0,2026-06-17T15:38:00Z,-2.7967871574219316e-05,0.0004906250978820026,0.0025739697093740688,0.002620460885662548,0.0021076925899032872,-0.0015705563516377197,0.0003093392209052581,0.002646640523530365
gmat_d04_sso_900km_i97p6_jun_36h_g2020,numerical_gravity_20x20,EarthMJ2000Eq,32940.0,2026-06-17T15:39:00Z,-1.6417288861703128e-05,-0.0001184516804642044,-0.0009927712198987138,0.0009999475101411788,-0.0007977366822675691,0.000619019724368286,-6.150013831529577e-05,0.0010116083730402085
gmat_d04_sso_900km_i97p6_jun_36h_g2020,numerical_gravity_20x20,EarthMJ2000Eq,33000.0,2026-06-17T15:40:00Z,-3.169225237797946e-05,-5.424317350843921e-05,-0.0006858011651900142,0.0006886726064749761,-0.0005503296707232153,0.00043161119123169556,-9.978684545330907e-06,0.0006994644673033942
gmat_d04_sso_900km_i97p6_jun_36h_g2020,numerical_gravity_20x20,EarthMJ2000Eq,33060.0,2026-06-17T15:41:00Z,0.00033633841667324305,0.0002011202013818547,0.0025174758775392547,0.002547794665966271,0.002010790645101679,-0.0015829989541416012,-0.00014837642225984382,0.0025634313468326903
gmat_d04_sso_900km_i97p6_jun_36h_g2020,numerical_gravity_20x20,EarthMJ2000Eq,33120.0,2026-06-17T15:42:00Z,-0.00011290649126749486,-9.051291272044182e-06,-0.0007870744411775377,0.000795182983720704,-0.0006367442129118217,0.0004951114518370048,9.736833561646563e-05,0.0008124402348465779
gmat_d04_sso_900km_i97p6_jun_36h_g2020,numerical_gravity_20x20,EarthMJ2000Eq,33180.0,2026-06-17T15:43:00Z,0.0005898500603507273,7.055859896354377e-06,0.0025357885533594526,0.0026034969687332957,0.002005970944907176,-0.0016367135979855618,-0.0004524762786672909,0.0026282095838040067
gmat_d04_sso_900km_i97p6_jun_36h_g2020,numerical_gravity_20x20,EarthMJ2000Eq,33240.0,2026-06-17T15:44:00Z,-0.00023425036488333717,6.203299562912434e-05,-0.0009142897852143506,0.0009458578843261828,-0.0007057352480188683,0.0005780414480405227,0.00023230661838624656,0.0009413609939311757
gmat_d04_sso_900km_i97p6_jun_36h_g2020,numerical_gravity_20x20,EarthMJ2000Eq,33300.0,2026-06-17T15:45:00Z,-0.0002540546120144427,9.426821634406224e-05,-0.0008117226570902858,0.0008557592620195318,-0.0006229523563661132,0.0005168978578495853,0.00025357493882438575,0.0008482648662719529
gmat_d04_sso_900km_i97p6_jun_36h_g2020,numerical_gravity_20x20,EarthMJ2000Eq,33360.0,2026-06-17T15:46:00Z,8.262577466666698e-05,-5.6961653172038496e-06,0.00013910494089941494,0.00016189394528893743,0.00010682255080496361,-0.0001124571546995412,-0.00012382539438249296,0.00019847014208080642
gmat_d04_sso_900km_i97p6_jun_36h_g2020,numerical_gravity_20x20,EarthMJ2000Eq,33420.0,2026-06-17T15:47:00Z,0.0007885246304795146,-0.0002796477929223329,0.0017534212020109408,0.0019427969252139245,0.0012453296172054706,-0.0011490619566956184,-0.0008680132168592536,0.0019038477303756824
gmat_d04_sso_900km_i97p6_jun_36h_g2020,numerical_gravity_20x20,EarthMJ2000Eq,33480.0,2026-06-17T15:48:00Z,0.0006899863365106285,-0.00027595342544373125,0.001341621555184247,0.001533681790633404,0.0008785301375269228,-0.0008444984711530878,-0.0006537312913224014,0.0013828801363737317
gmat_d04_sso_900km_i97p6_jun_36h_g2020,numerical_gravity_20x20,EarthMJ2000Eq,33540.0,2026-06-17T15:49:00Z,0.0009962805052055046,-0.00045639535528607666,0.0016906437849684153,0.0020147327299251307,0.0012439147489828883,-0.001131357008077316,-0.000897037999436634,0.0019057727448193022
gmat_d04_sso_900km_i97p6_jun_36h_g2020,numerical_gravity_20x20,EarthMJ2000Eq,33600.0,2026-06-17T15:50:00Z,6.472237146226689e-05,9.06948116607964e-06,0.00018076661945087835,0.00019221813536714013,0.00026482549486672724,-0.00016386514367638938,5.845457451414404e-05,0.00031686158701414144
gmat_d04_sso_900km_i97p6_jun_36h_g2020,numerical_gravity_20x20,EarthMJ2000Eq,33660.0,2026-06-17T15:51:00Z,-0.0005300971679389477,0.00030078354029683396,-0.0008278339009848423,0.0010279993741195428,-0.00048701842558784847,0.0004976050682614641,0.0005375229150672567,0.0008796184599267823
gmat_d04_sso_900km_i97p6_jun_36h_g2020,numerical_gravity_20x20,EarthMJ2000Eq,33720.0,2026-06-17T15:52:00Z,0.001452869128115708,-0.0007867920430726372,0.001805368810892105,0.0024472897184060747,0.0013185621483557952,-0.0013401595388984333,-0.0017611982983112284,0.0025761314358455157
gmat_d04_sso_900km_i97p6_jun_36h_g2020,numerical_gravity_20x20,EarthMJ2000Eq,33780.0,2026-06-17T15:53:00Z,4.808998710359447e-05,5.430138116935268e-06,8.830193110043183e-05,0.00010069441044893349,-4.189271152199581e-05,-6.361711157865102e-05,-6.935518825912368e-05,0.00010301591286172336
gmat_d04_sso_900km_i97p6_jun_36h_g2020,numerical_gravity_20x20,EarthMJ2000Eq,33840.0,2026-06-17T15:54:00Z,-0.000582966094953008,0.00035909943107981235,-0.0006726113497279584,0.0009597957579868076,-0.0005611058284671344,0.0004720344115582975,0.0007576597127467721,0.001054373973860555
gmat_d04_sso_900km_i97p6_jun_36h_g2020,numerical_gravity_20x20,EarthMJ2000Eq,33900.0,2026-06-17T15:55:00Z,0.0014096590348344762,-0.0008508686732966453,0.0013034923540544696,0.002100049621024828,0.0009454002025677255,-0.0010347820378342476,-0.001581404340811332,0.0021131481486106026
gmat_d04_sso_900km_i97p6_jun_36h_g2020,numerical_gravity_20x20,EarthMJ2000Eq,33960.0,2026-06-17T15:56:00Z,0.001063644504029071,-0.0006610944183194079,0.0008465567589155398,0.0015116361357647905,0.0006222800053024002,-0.0006894507187382715,-0.0013011627331138698,0.0015986241448859172
gmat_d04_sso_900km_i97p6_jun_36h_g2020,numerical_gravity_20x20,EarthMJ2000Eq,34020.0,2026-06-17T15:57:00Z,0.0015352734408224933,-0.000993114554148633,0.0010316553016309626,0.002099441286899933,0.0006505231908704445,-0.0008088441028064608,-0.0018988766115057842,0.002164056743763606
gmat_d04_sso_900km_i97p6_jun_36h_g2020,numerical_gravity_20x20,EarthMJ2000Eq,34080.0,2026-06-17T15:58:00Z,1.3924363884143531e-06,2.5906047085300088e-05,5.1935785450041294e-05,5.805504254579689e-05,-3.468780818138839e-05,1.1398881838431407e-05,2.859312786540613e-05,4.6376130764896515e-05
gmat_d04_sso_900km_i97p6_jun_36h_g2020,numerical_gravity_20x20,EarthMJ2000Eq,34140.0,2026-06-17T15:59:00Z,-0.0006283592028921703,0.00043731415644288063,-0.00037563131627393886,0.0008527472339740094,-0.0002707523094613862,0.0003039306584184942,0.000825145285432427,0.0009200790184960937
gmat_d04_sso_900km_i97p6_jun_36h_g2020,numerical_gravity_20x20,EarthMJ2000Eq,34200.0,2026-06-17T16:00:00Z,0.0007552916940767318,-0.0005064589458925184,0.0003807699613389559,0.0009858762450094486,0.00027895730170257593,-0.00041481706958279574,-0.0008206550994316331,0.0009609189193753984
gmat_d04_sso_900km_i97p6_jun_36h_g2020,numerical_gravity_20x20,EarthMJ2000Eq,34260.0,2026-06-17T16:01:00Z,0.0003759091669053305,-0.000259244188782759,0.0001301868906011805,0.0004748303672528687,0.00014858247965321425,-0.0002502371643231527,-0.0004958811139488262,0.0005749725826850521
gmat_d04_sso_900km_i97p6_jun_36h_g2020,numerical_gravity_20x20,EarthMJ2000Eq,34320.0,2026-06-17T16:02:00Z,0.00046630077576992335,-0.0003303339326521382,0.00013806584320263937,0.0005878937808858973,6.009237552007107e-05,-0.0002000275500790849,-0.0007265261725564187,0.0007559513170805149
gmat_d04_sso_900km_i97p6_jun_36h_g2020,numerical_gravity_20x20,EarthMJ2000Eq,34380.0,2026-06-17T16:03:00Z,0.0004570691771732527,-0.0003327422746224329,9.105042408918962e-05,0.0005726428500990526,-9.320988425542964e-05,-6.154454723628078e-05,-0.000662736310275136,0.0006720827558973156
gmat_d04_sso_900km_i97p6_jun_36h_g2020,numerical_gravity_20x20,EarthMJ2000Eq,34440.0,2026-06-17T16:04:00Z,0.0004500878389990248,-0.00033456444725743495,5.678703018929809e-05,0.0005636818242423692,-0.00011095124818893964,-2.2509105690460274e-05,-0.0004787764629199387,0.000491979410910452
gmat_d04_sso_900km_i97p6_jun_36h_g2020,numerical_gravity_20x20,EarthMJ2000Eq,34500.0,2026-06-17T16:05:00Z,0.0004463545906219224,-0.0003378161181899486,3.1257513910532e-05,0.0005606506777433311,-4.887645843609789e-06,-9.687539659353206e-05,-0.0004059599878480924,0.0004173874019189726
gmat_d04_sso_900km_i97p6_jun_36h_g2020,numerical_gravity_20x20,EarthMJ2000Eq,34560.0,2026-06-17T16:06:00Z,0.0004485852969082771,-0.0003459890649537556,3.937202563975006e-06,0.0005665268777682935,5.7631233119082026e-05,-0.00016215295772781246,-0.0005300336350377854,0.0005572706658366937
gmat_d04_sso_900km_i97p6_jun_36h_g2020,numerical_gravity_20x20,EarthMJ2000Eq,34620.0,2026-06-17T16:07:00Z,0.0004500521981753991,-0.00035495918382366654,-3.314926289021969e-05,0.0005741444738856563,-3.33475469460609e-05,-0.00011732836924238654,-0.000692712276428864,0.0007033692508431517
gmat_d04_sso_900km_i97p6_jun_36h_g2020,numerical_gravity_20x20,EarthMJ2000Eq,34680.0,2026-06-17T16:08:00Z,0.0004430205535754794,-0.00035861435776496364,-7.586731953779235e-05,0.0005750020162219878,-0.0001993587517290507,-2.942535104466515e-06,-0.0006971816457479463,0.0007251308968535412
gmat_d04_sso_900km_i97p6_jun_36h_g2020,numerical_gravity_20x20,EarthMJ2000Eq,34740.0,2026-06-17T16:09:00Z,0.0004279406766727334,-0.00035637403072996676,-0.00011353495210641995,0.0005683536380455811,-0.0002793711928461562,6.128342278088894e-05,-0.0005445646156232442,0.0006151053095925258
gmat_d04_sso_900km_i97p6_jun_36h_g2020,numerical_gravity_20x20,EarthMJ2000Eq,34800.0,2026-06-17T16:10:00Z,0.0004173004981566919,-0.0003574032803044247,-0.00014418037608265877,0.0005680359067713267,-0.00022526869258854276,3.0606628342866316e-05,-0.00042916825648831036,0.0004856625803335953
gmat_d04_sso_900km_i97p6_jun_36h_g2020,numerical_gravity_20x20,EarthMJ2000Eq,34860.0,2026-06-17T16:11:00Z,0.00036061828723177314,-0.00031667048006056575,-0.00014067700249142945,0.0005001157476602196,-0.00012290346518284423,-2.3809398896901257e-05,-0.0003866578168754131,0.0004064190160175122
gmat_d04_sso_900km_i97p6_jun_36h_g2020,numerical_gravity_20x20,EarthMJ2000Eq,34920.0,2026-06-17T16:12:00Z,0.0005997426342219114,-0.0005345623321773019,-0.00032728348742239177,0.0008675036572981329,-0.00028400926055383025,5.832134775118902e-05,-0.0008022276176689047,0.0008530133587667751
gmat_d04_sso_900km_i97p6_jun_36h_g2020,numerical_gravity_20x20,EarthMJ2000Eq,34980.0,2026-06-17T16:13:00Z,-0.0004354533302830532,0.00036533242564473767,0.0002739734554779716,0.0006309903631503492,0.00025420643368079254,-0.00012965983842150308,0.0005640039546506159,0.0006320862642754797
gmat_d04_sso_900km_i97p6_jun_36h_g2020,numerical_gravity_20x20,EarthMJ2000Eq,35040.0,2026-06-17T16:14:00Z,0.0017431839296477847,-0.0015771549897181103,-0.0012649061318370514,0.002669474779153007,-0.0012266729854104597,0.0005215090581600634,-0.0023742683374905482,0.0027228383075917195
gmat_d04_sso_900km_i97p6_jun_36h_g2020,numerical_gravity_20x20,EarthMJ2000Eq,35100.0,2026-06-17T16:15:00Z,-0.00015213936421787366,0.00012110353964089882,0.00014190300134941936,0.0002407258092730127,0.0001007274263997715,-7.780354138731127e-05,0.0002024660439303716,0.00023914828961617851
gmat_d04_sso_900km_i97p6_jun_36h_g2020,numerical_gravity_20x20,EarthMJ2000Eq,35160.0,2026-06-17T16:16:00Z,-0.0005637789399770554,0.0005009380856790813,0.0005242418410489336,0.0009184852566872536,0.00045989523300704604,-0.000267995403646637,0.0007769154208858708,0.0009417657526840732
gmat_d04_sso_900km_i97p6_jun_36h_g2020,numerical_gravity_20x20,EarthMJ2000Eq,35220.0,2026-06-17T16:17:00Z,0.001563179466756992,-0.0015232781152008101,-0.0017312640920863487,0.0027858897354504134,-0.0015818848453363898,0.0008113509863960644,-0.0021846986442142224,0.0028166572835654435
gmat_d04_sso_900km_i97p6_jun_36h_g2020,numerical_gravity_20x20,EarthMJ2000Eq,35280.0,2026-06-17T16:18:00Z,-0.0001661173882894218,0.00013827730072080158,0.00022164840629557148,0.0003095861989819576,0.0001914006730885376,-0.0001385616066329476,0.00021312018816388445,0.0003182039457556403
gmat_d04_sso_900km_i97p6_jun_36h_g2020,numerical_gravity_20x20,EarthMJ2000Eq,35340.0,2026-06-17T16:19:00Z,-0.0003893837856594473,0.00036022083804709837,0.0005227375368122011,0.0007447370791697723,0.0004549751686511172,-0.0002746971539124843,0.00052113424686695,0.0007443398643860981
gmat_d04_sso_900km_i97p6_jun_36h_g2020,numerical_gravity_20x20,EarthMJ2000Eq,35400.0,2026-06-17T16:20:00Z,-0.00028627709980355576,0.00026748102754936554,0.0004480825737118721,0.0005952131305969776,0.00037120706508630974,-0.00023244073332762127,0.0003900719747207404,0.0005864976770136537
gmat_d04_sso_900km_i97p6_jun_36h_g2020,numerical_gravity_20x20,EarthMJ2000Eq,35460.0,2026-06-17T16:21:00Z,-0.0003493114490993321,0.00034949471228173934,0.0006530808605020866,0.000818950335941635,0.0005374678480052353,-0.00035688385580101567,0.0005145670556316873,0.0008252375590775318
gmat_d04_sso_900km_i97p6_jun_36h_g2020,numerical_gravity_20x20,EarthMJ2000Eq,35520.0,2026-06-17T16:22:00Z,0.001008286744763609,-0.0011949737199756783,-0.0022831013666291256,0.0027671566998278734,-0.001997236154238635,0.0012404579585734155,-0.0015246959250703185,0.0028022108890503037
gmat_d04_sso_900km_i97p6_jun_36h_g2020,numerical_gravity_20x20,EarthMJ2000Eq,35580.0,2026-06-17T16:23:00Z,-9.81026460067369e-05,8.283268471132033e-05,0.0002501328708603978,0.0002811615832486234,0.0002139111110466274,-0.00017966739207508908,0.00014999645969737685,0.00031707613143535914
gmat_d04_sso_900km_i97p6_jun_36h_g2020,numerical_gravity_20x20,EarthMJ2000Eq,35640.0,2026-06-17T16:24:00Z,-0.00027930309443036094,0.0003168706825817935,0.0008190404514607508,0.0009215446322166156,0.0007091798259750703,-0.0004933866648570984,0.0004078186677247686,0.0009553441748258306
gmat_d04_sso_900km_i97p6_jun_36h_g2020,numerical_gravity_20x20,EarthMJ2000Eq,35700.0,2026-06-17T16:25:00Z,0.0006542595656355843,-0.0009778486855793744,-0.0025908584575518034,0.0028454861057792364,-0.002202127591388603,0.0015080661164290632,-0.0011718235271018784,0.002914927052079673
gmat_d04_sso_900km_i97p6_jun_36h_g2020,numerical_gravity_20x20,EarthMJ2000Eq,35760.0,2026-06-17T16:26:00Z,-9.474479156779125e-05,0.00011635393093456514,0.00047283356252592057,0.0004960709532154683,0.0003752731458916969,-0.00026272672926097584,0.00014300649553433686,0.0004799022046840723
gmat_d04_sso_900km_i97p6_jun_36h_g2020,numerical_gravity_20x20,EarthMJ2000Eq,35820.0,2026-06-17T16:27:00Z,0.000162892320076935,-0.0003428367563174106,-0.0010685635061236098,0.0011339748304267923,-0.0008991862809892837,0.000617832007776542,-0.00032156499685243034,0.0011373901726994284
gmat_d04_sso_900km_i97p6_jun_36h_g2020,numerical_gravity_20x20,EarthMJ2000Eq,35880.0,2026-06-17T16:28:00Z,-9.477844287175685e-05,7.886319508543238e-05,0.0002668602974154055,0.0002939673027887907,0.00028721514055973785,-0.0002544227051259895,0.00013134471288367422,0.0004055550313494717
gmat_d04_sso_900km_i97p6_jun_36h_g2020,numerical_gravity_20x20,EarthMJ2000Eq,35940.0,2026-06-17T16:29:00Z,0.00015648947737645358,-0.0005171277734916657,-0.0021036985344835557,0.002171970905568089,-0.0017176766120563514,0.0012027536744341205,-0.0005997664587198415,0.0021809972833489507
gmat_d04_sso_900km_i97p6_jun_36h_g2020,numerical_gravity_20x20,EarthMJ2000Eq,36000.0,2026-06-17T16:30:00Z,-6.699792720610276e-05,5.769834388047457e-05,0.0002852191300917184,0.00029860973411250394,0.00013711801052224137,-8.203793200323162e-05,-9.470291217894555e-05,0.0001857423287032803
gmat_d04_sso_900km_i97p6_jun_36h_g2020,numerical_gravity_20x20,EarthMJ2000Eq,36060.0,2026-06-17T16:31:00Z,-0.00010148414730792865,-0.0003615978130255826,-0.002382733157446637,0.0024121503498197045,-0.002134344867510407,0.0016887672371623808,-0.0001304609753560726,0.002724772075031586
gmat_d04_sso_900km_i97p6_jun_36h_g2020,numerical_gravity_20x20,EarthMJ2000Eq,36120.0,2026-06-17T16:32:00Z,0.00010622261470416561,0.00011886277206940576,0.0014054928669793298,0.0014145040832703132,0.0010959700924573212,-0.0007772789079041331,0.0002546407529280259,0.0013675360533767667
gmat_d04_sso_900km_i97p6_jun_36h_g2020,numerical_gravity_20x20,EarthMJ2000Eq,36180.0,2026-06-17T16:33:00Z,-6.968912202864885e-05,-3.064997144974768e-07,-0.00010765631941467291,0.00012824410622368958,8.834910580901578e-05,-4.686345755899879e-05,0.0002878879357126607,0.0003047641902857582
gmat_d04_sso_900km_i97p6_jun_36h_g2020,numerical_gravity_20x20,EarthMJ2000Eq,36240.0,2026-06-17T16:34:00Z,-0.00043267118599032983,-8.62874003360048e-05,-0.002268122557325114,0.002310634070053075,-0.001601139443252464,0.001230368973370588,0.00021512569503556733,0.0020306980061142376
gmat_d04_sso_900km_i97p6_jun_36h_g2020,numerical_gravity_20x20,EarthMJ2000Eq,36300.0,2026-06-17T16:35:00Z,0.0003385866875760257,-6.803838914493099e-05,0.001385257064612233,0.0014276579781093378,0.0011313618930586244,-0.000991562304486493,-0.0006274607500245111,0.0016299946409620743
gmat_d04_sso_900km_i97p6_jun_36h_g2020,numerical_gravity_20x20,EarthMJ2000Eq,36360.0,2026-06-17T16:36:00Z,-9.217092156177387e-05,1.8899299902841449e-06,-0.0001749695002217777,0.00019777102069002303,-0.00034614844324210026,0.0002633934736984145,-0.00013306156176895456,0.0004548628869958948
gmat_d04_sso_900km_i97p6_jun_36h_g2020,numerical_gravity_20x20,EarthMJ2000Eq,36420.0,2026-06-17T16:37:00Z,-0.0006482905519078486,0.00013284807209856808,-0.0019544736460375134,0.002063467102477881,-0.0017504060423334522,0.0014978251972053158,0.0007191838236053627,0.0024134264037994264
gmat_d04_sso_900km_i97p6_jun_36h_g2020,numerical_gravity_20x20,EarthMJ2000Eq,36480.0,2026-06-17T16:38:00Z,1.9273102225270122e-05,-7.899870979599655e-06,0.00026016050469479524,0.00026099300495210714,0.00023709256780080068,-0.00012108314351166882,0.00023803981008541086,0.0003571231783776336
gmat_d04_sso_900km_i97p6_jun_36h_g2020,numerical_gravity_20x20,EarthMJ2000Eq,36540.0,2026-06-17T16:39:00Z,-0.0009608847904019058,0.00035297216527396813,-0.002096712705679238,0.0023332580440321334,-0.001444410813178365,0.0013229011219806353,0.001070876720632441,0.0022323008145312094
gmat_d04_sso_900km_i97p6_jun_36h_g2020,numerical_gravity_20x20,EarthMJ2000Eq,36600.0,2026-06-17T16:40:00Z,0.0005457732186187059,-0.0002710339686018415,0.0010894054867094383,0.0012482516303895276,0.0009480056739619158,-0.000817557355148324,-0.000746091188830178,0.0014573149449831142
gmat_d04_sso_900km_i97p6_jun_36h_g2020,numerical_gravity_20x20,EarthMJ2000Eq,36660.0,2026-06-17T16:41:00Z,0.00023849315766710788,-0.00014476336218649521,0.00042045257941936143,0.0005045946777622221,0.00027573543448511373,-0.00024881585680702756,-0.0004001332598591034,0.0005459358809189798
gmat_d04_sso_900km_i97p6_jun_36h_g2020,numerical_gravity_20x20,EarthMJ2000Eq,36720.0,2026-06-17T16:42:00Z,-0.00021297728380886838,8.123652150970884e-05,-0.00032096522772917524,0.0003936716566592545,-0.0004470090964048268,0.00038446534844638336,0.0002445954550012175,0.0006383241128391684
gmat_d04_sso_900km_i97p6_jun_36h_g2020,numerical_gravity_20x20,EarthMJ2000Eq,36780.0,2026-06-17T16:43:00Z,-0.00013570570445153862,5.0225025916006416e-05,-0.00014306806406239048,0.0002034872536634964,-0.00018120172029512105,0.00016048273820956638,0.0004107745255055306,0.00047678557392757313
gmat_d04_sso_900km_i97p6_jun_36h_g2020,numerical_gravity_20x20,EarthMJ2000Eq,36840.0,2026-06-17T16:44:00Z,-0.0001621660885575693,6.580785338883288e-05,-0.00015438854461535811,0.00023337595538991577,6.034905908336441e-05,-1.6050272222400963e-05,0.00035552893962176313,0.0003609715322282851
gmat_d04_sso_900km_i97p6_jun_36h_g2020,numerical_gravity_20x20,EarthMJ2000Eq,36900.0,2026-06-17T16:45:00Z,-0.00015337172953877598,6.233085514395498e-05,-0.0001382695700158365,0.00021570001603397359,0.0001205648914037738,-2.0179413695586845e-05,2.809663612879376e-05,0.00012542935357425408
gmat_d04_sso_900km_i97p6_jun_36h_g2020,numerical_gravity_20x20,EarthMJ2000Eq,36960.0,2026-06-17T16:46:00Z,-0.00015125397112569772,6.704067345708609e-05,-0.00014200122677721083,0.00021802881480461684,-6.729283796857999e-05,0.00018822632341652934,-8.747669255626533e-05,0.00021819634875348584
gmat_d04_sso_900km_i97p6_jun_36h_g2020,numerical_gravity_20x20,EarthMJ2000Eq,37020.0,2026-06-17T16:47:00Z,-0.00016012199921533465,8.272309059975669e-05,-0.00014173929230310023,0.00022928626503494463,-0.00019563817232892688,0.00029355851083323614,0.00012964740392362728,0.00037584483912775265
gmat_d04_sso_900km_i97p6_jun_36h_g2020,numerical_gravity_20x20,EarthMJ2000Eq,37080.0,2026-06-17T16:48:00Z,-0.00017049342204700224,9.698533176560886e-05,-0.00012700456863967702,0.00023367567694206618,-0.00012529621784551637,0.00014985923613153318,0.00032304292574281135,0.00037750982071039325
gmat_d04_sso_900km_i97p6_jun_36h_g2020,numerical_gravity_20x20,EarthMJ2000Eq,37140.0,2026-06-17T16:49:00Z,-0.00017483944247942418,0.00010011945050791837,-0.00010902112990152091,0.0002290815177650255,-3.844302653988052e-05,-2.142153121553747e-05,0.00023374990831825926,0.00023785661211738222
gmat_d04_sso_900km_i97p6_jun_36h_g2020,numerical_gravity_20x20,EarthMJ2000Eq,37200.0,2026-06-17T16:50:00Z,-0.00017843262867245357,9.938185030478053e-05,-0.00010039184417109936,0.00022758180402008814,-0.0001049693665322593,4.129852015921642e-05,7.771649990218066e-05,0.00013698171423431177
gmat_d04_sso_900km_i97p6_jun_36h_g2020,numerical_gravity_20x20,EarthMJ2000Eq,37260.0,2026-06-17T16:51:00Z,-0.00018508762877900153,0.00010664507499313913,-9.275299817090854e-05,0.00023288134536071864,-0.0001772120228338281,0.0002325419856674671,0.00018183676786520664,0.000344302899033236
gmat_d04_sso_900km_i97p6_jun_36h_g2020,numerical_gravity_20x20,EarthMJ2000Eq,37320.0,2026-06-17T16:52:00Z,-0.00020822903934458736,0.0001337953108304646,-7.746712071821094e-05,0.0002593485546883965,-6.040412614538582e-05,0.0002510756047513496,0.00044220094252978015,0.0005120832855413947
gmat_d04_sso_900km_i97p6_jun_36h_g2020,numerical_gravity_20x20,EarthMJ2000Eq,37380.0,2026-06-17T16:53:00Z,-0.0001315122517553391,8.874258128344081e-05,-3.401873982511461e-05,0.00016225902980696215,0.00014663026348671337,3.8697933746334456e-05,0.0003543916271553371,0.0003854755370243696
gmat_d04_sso_900km_i97p6_jun_36h_g2020,numerical_gravity_20x20,EarthMJ2000Eq,37440.0,2026-06-17T16:54:00Z,-0.0003968083319705329,0.00028602403290278744,-8.812548912828788e-05,0.0004970238440490672,9.032596892666334e-05,4.312017409802138e-05,0.000477296202561206,0.00048767796244666615
gmat_d04_sso_900km_i97p6_jun_36h_g2020,numerical_gravity_20x20,EarthMJ2000Eq,37500.0,2026-06-17T16:55:00Z,-0.0005507100127033482,0.0004044145498482976,-9.934683475876227e-05,0.0006904364125662173,3.086064737090055e-05,4.986233648196503e-05,0.00046486636762210765,0.00046855028748445376
gmat_d04_sso_900km_i97p6_jun_36h_g2020,numerical_gravity_20x20,EarthMJ2000Eq,37560.0,2026-06-17T16:56:00Z,-0.0005563794900353969,0.00041492990021652076,-6.233767635421827e-05,0.000696857908700894,-0.00015158541089022037,0.00020755042129394496,0.0004702828126923464,0.0005359302548726612
gmat_d04_sso_900km_i97p6_jun_36h_g2020,numerical_gravity_20x20,EarthMJ2000Eq,37620.0,2026-06-17T16:57:00Z,-0.00012475516086851712,9.0154685494781e-05,-2.6766429073177278e-05,0.0001562311083149636,-0.00021361579172207712,0.0002686446620714378,0.00022401980270814192,0.0004098616021755657
gmat_d04_sso_900km_i97p6_jun_36h_g2020,numerical_gravity_20x20,EarthMJ2000Eq,37680.0,2026-06-17T16:58:00Z,4.308822099119425e-05,-3.062018549826462e-05,-4.192770575173199e-06,5.3026124440978765e-05,1.2562395568238571e-05,0.00012669243432128496,0.00026514163087298925,0.0002941239043645628
gmat_d04_sso_900km_i97p6_jun_36h_g2020,numerical_gravity_20x20,EarthMJ2000Eq,37740.0,2026-06-17T16:59:00Z,8.546976459911093e-06,2.828812739608111e-06,8.78662831382826e-06,1.2580056647225876e-05,0.00025570390249640695,-0.00011590106652192844,0.0001595722443070713,0.0003229254466994017
gmat_d04_sso_900km_i97p6_jun_36h_g2020,numerical_gravity_20x20,EarthMJ2000Eq,37800.0,2026-06-17T17:00:00Z,3.238164936192334e-05,-1.419211947961685e-05,7.0012902142480016e-06,3.604171937333727e-05,0.00017187229417459093,-0.00016541701342021042,-0.00022515833641989502,0.0003280230941459363
gmat_d04_sso_900km_i97p6_jun_36h_g2020,numerical_gravity_20x20,EarthMJ2000Eq,37860.0,2026-06-17T17:01:00Z,3.308105078758672e-05,-1.7901641058415407e-05,-1.1515112419147044e-05,3.933729131270772e-05,-0.00011921752474108871,4.221689664518635e-05,-0.000314937409484628,0.00033938275804853534
gmat_d04_sso_900km_i97p6_jun_36h_g2020,numerical_gravity_20x20,EarthMJ2000Eq,37920.0,2026-06-17T17:02:00Z,2.0987044990761206e-05,-9.034010872710496e-06,-2.2479071049019694e-05,3.205273849641184e-05,-0.00022645796349252123,0.00021964385865658187,-8.264500195309665e-06,0.00031558665345386656
gmat_d04_sso_900km_i97p6_jun_36h_g2020,numerical_gravity_20x20,EarthMJ2000Eq,37980.0,2026-06-17T17:03:00Z,1.2867076293332502e-05,2.763613338174764e-06,-1.2865712051279843e-05,1.840450373163656e-05,-3.234745804547856e-06,0.00012711165453538342,0.0002813407284918412,0.00030874008778819544
gmat_d04_sso_900km_i97p6_jun_36h_g2020,numerical_gravity_20x20,EarthMJ2000Eq,38040.0,2026-06-17T17:04:00Z,2.13467501453124e-05,3.1320723792305216e-06,2.6921043172478676e-06,2.1742608969718385e-05,0.0002554285671862999,-0.00011198242333421149,0.00016313306261395155,0.0003231040268836898
gmat_d04_sso_900km_i97p6_jun_36h_g2020,numerical_gravity_20x20,EarthMJ2000Eq,38100.0,2026-06-17T17:05:00Z,3.4795903047779575e-05,-5.333049557521008e-06,1.799890014808625e-06,3.524820407565268e-05,0.00019687274033231006,-0.0001681019767829639,-0.0001904854052270366,0.00032140603617356294
gmat_d04_sso_900km_i97p6_jun_36h_g2020,numerical_gravity_20x20,EarthMJ2000Eq,38160.0,2026-06-17T17:06:00Z,4.6682089305249974e-05,-1.8495256881578825e-05,-2.4625478545203805e-05,5.592589903255214e-05,-7.439471261250219e-05,9.597656003279553e-06,-0.0003179030372280067,0.00032663286629524207
gmat_d04_sso_900km_i97p6_jun_36h_g2020,numerical_gravity_20x20,EarthMJ2000Eq,38220.0,2026-06-17T17:07:00Z,1.8171704141423106e-06,2.1113692127983086e-05,-2.9822331271134317e-06,2.1400556488412675e-05,-0.0001517586056820619,0.00013931078512996464,-5.7482019144572405e-05,0.00021387461695354995
gmat_d04_sso_900km_i97p6_jun_36h_g2020,numerical_gravity_20x20,EarthMJ2000Eq,38280.0,2026-06-17T17:08:00Z,0.00030412002161028795,-0.0002588608367659617,-0.00030207138479454443,0.0005007444876053151,-0.000263102428732509,0.00017006396291208148,-0.0003985629604130736,0.0005069487872552217
gmat_d04_sso_900km_i97p6_jun_36h_g2020,numerical_gravity_20x20,EarthMJ2000Eq,38340.0,2026-06-17T17:09:00Z,0.0008841880116960965,-0.0008258143679995555,-0.0010255289453198202,0.001586022518159936,-0.0009085425745070097,0.0005299916061574095,-0.0012060787923928729,0.0016003020857791152
gmat_d04_sso_900km_i97p6_jun_36h_g2020,numerical_gravity_20x20,EarthMJ2000Eq,38400.0,2026-06-17T17:10:00Z,-0.00097605607152218,0.0010070739335787948,0.001331415660388302,0.0019337918769030953,0.0012147585159993923,-0.0006764167004291721,0.0013754783978470186,0.0019557910491042585
gmat_d04_sso_900km_i97p6_jun_36h_g2020,numerical_gravity_20x20,EarthMJ2000Eq,38460.0,2026-06-17T17:11:00Z,-0.0008902015906642191,0.0009532436706649605,0.0013950775610283017,0.0019098098777021206,0.0012479692834688194,-0.0007211595764999856,0.0012744383326435127,0.0019239780484637797
gmat_d04_sso_900km_i97p6_jun_36h_g2020,numerical_gravity_20x20,EarthMJ2000Eq,38520.0,2026-06-17T17:12:00Z,-0.0008195675036404282,0.0009148980097961612,0.001481431354477536,0.0019244137079592648,0.001309236274948944,-0.0007805445179087656,0.0012043770425407274,0.00194264598645218
gmat_d04_sso_900km_i97p6_jun_36h_g2020,numerical_gravity_20x20,EarthMJ2000Eq,38580.0,2026-06-17T17:13:00Z,-0.0007249782356666401,0.000849279786052648,0.0015156037989072502,0.001882531400123258,0.0013334506832052284,-0.0008181566535370166,0.0010942828865267984,0.00190916894747762
gmat_d04_sso_900km_i97p6_jun_36h_g2020,numerical_gravity_20x20,EarthMJ2000Eq,38640.0,2026-06-17T17:14:00Z,0.000577967512072064,-0.0006351083357003517,-0.001344176780548878,0.0015950612089990744,-0.0011386389608958325,0.0007601306251103779,-0.0008415517172011278,0.0016070179038283306
gmat_d04_sso_900km_i97p6_jun_36h_g2020,numerical_gravity_20x20,EarthMJ2000Eq,38700.0,2026-06-17T17:15:00Z,-0.000576886122871656,0.0007669941624044441,0.0016884710021258797,0.001942166823149947,0.0014578422913302802,-0.000950365564023059,0.0009131033706921698,0.0019652624804950077
gmat_d04_sso_900km_i97p6_jun_36h_g2020,numerical_gravity_20x20,EarthMJ2000Eq,38760.0,2026-06-17T17:16:00Z,-0.00047284083848353475,0.0006864056558697484,0.001679778506513685,0.0018752031926948978,0.0014318652930001008,-0.0009556844204894333,0.0007820730729690695,0.0018908223661485953
gmat_d04_sso_900km_i97p6_jun_36h_g2020,numerical_gravity_20x20,EarthMJ2000Eq,38820.0,2026-06-17T17:17:00Z,0.00036225446820026264,-0.000485236341773998,-0.0014619286048400681,0.0015823772788936573,-0.0012237115765145745,0.0008611951152204256,-0.0005776623623887644,0.001604001513059098
gmat_d04_sso_900km_i97p6_jun_36h_g2020,numerical_gravity_20x20,EarthMJ2000Eq,38880.0,2026-06-17T17:18:00Z,-0.00030296723707579076,0.0005748556759499479,0.0017844745343609247,0.0018991044096351968,0.0015019605559274396,-0.0010449769938247755,0.0005889990717378168,0.0019221816604298718
gmat_d04_sso_900km_i97p6_jun_36h_g2020,numerical_gravity_20x20,EarthMJ2000Eq,38940.0,2026-06-17T17:19:00Z,0.0002148208295693621,-0.00038218695408431813,-0.0015347911812568782,0.0015961825793915309,-0.0012599158383252984,0.0009161249536759897,-0.0003992202124436517,0.001608119904868517
gmat_d04_sso_900km_i97p6_jun_36h_g2020,numerical_gravity_20x20,EarthMJ2000Eq,39000.0,2026-06-17T17:20:00Z,-0.00012147756933700293,0.00045285196392796934,0.0018826196992449695,0.001940125932271064,0.0015594344704439322,-0.0011329530646975172,0.0003609788024050431,0.0019610518122176227
gmat_d04_sso_900km_i97p6_jun_36h_g2020,numerical_gravity_20x20,EarthMJ2000Eq,39060.0,2026-06-17T17:21:00Z,-2.7634996513370425e-05,0.00037310564948711544,0.0018363456320003024,0.0018740695821868746,0.0015051594137727164,-0.001115286307751262,0.00024025137435046418,0.0018886739083291634
gmat_d04_sso_900km_i97p6_jun_36h_g2020,numerical_gravity_20x20,EarthMJ2000Eq,39120.0,2026-06-17T17:22:00Z,-1.4933903003111482e-05,-0.00021061532606836408,-0.0015748180999253236,0.0015889096528393916,-0.0012794242332248018,0.0009694602898235871,-0.000109889874977398,0.0016089920468200748
gmat_d04_sso_900km_i97p6_jun_36h_g2020,numerical_gravity_20x20,EarthMJ2000Eq,39180.0,2026-06-17T17:23:00Z,7.979178917594254e-05,0.0001441521817469038,0.0009695480187588146,0.0009834479863223237,0.000792020449225106,-0.0006053332279876145,5.503775213355766e-05,0.000998375612210434
gmat_d04_sso_900km_i97p6_jun_36h_g2020,numerical_gravity_20x20,EarthMJ2000Eq,39240.0,2026-06-17T17:24:00Z,-3.614968591136858e-05,-2.8687281883321702e-05,-0.0005826510687256814,0.0005844758573461546,-0.0003977110862862787,0.000318627790818482,3.0264679651281767e-05,0.000510503406522692
gmat_d04_sso_900km_i97p6_jun_36h_g2020,numerical_gravity_20x20,EarthMJ2000Eq,39300.0,2026-06-17T17:25:00Z,-9.765335562406108e-05,1.7729689716361463e-05,-0.0005923816388531122,0.0006006384318476273,-0.0004306268674980629,0.0003525535419157677,1.637712188085061e-05,0.0005567779710527774
gmat_d04_sso_900km_i97p6_jun_36h_g2020,numerical_gravity_20x20,EarthMJ2000Eq,39360.0,2026-06-17T17:26:00Z,0.0001091793819796294,3.081368049606681e-06,0.0002622377905936446,0.00028407444639380565,0.00015688383925294147,-0.00013348301240376226,-0.00014502177236863645,0.00025191579561445986
gmat_d04_sso_900km_i97p6_jun_36h_g2020,numerical_gravity_20x20,EarthMJ2000Eq,39420.0,2026-06-17T17:27:00Z,0.0007166363502619788,-5.806032277178019e-05,0.002679407998584793,0.002774196439057144,0.0020516495169431437,-0.0016788829770852942,-0.0005563460803159614,0.002708769970337598
gmat_d04_sso_900km_i97p6_jun_36h_g2020,numerical_gravity_20x20,EarthMJ2000Eq,39480.0,2026-06-17T17:28:00Z,-0.0002714332367759198,0.00010072744771605358,-0.0008982710824056994,0.0009437759046703564,-0.0006720903833468128,0.0005642279976569853,0.0003793241276639492,0.0009560049741268573
gmat_d04_sso_900km_i97p6_jun_36h_g2020,numerical_gravity_20x20,EarthMJ2000Eq,39540.0,2026-06-17T17:29:00Z,0.0001626503944862634,-3.073364496231079e-05,0.0003165932866977528,0.0003572548347346638,0.00033330804782849555,-0.0003078947097279183,-0.0001418083428461614,0.0004753977420291941
gmat_d04_sso_900km_i97p6_jun_36h_g2020,numerical_gravity_20x20,EarthMJ2000Eq,39600.0,2026-06-17T17:30:00Z,0.0010680068953661248,-0.0003644863681984134,0.0024910850697779097,0.0027347749205414457,0.0019474826196130834,-0.0017370735960753336,-0.0011865850524372945,0.002866722399979591
gmat_d04_sso_900km_i97p6_jun_36h_g2020,numerical_gravity_20x20,EarthMJ2000Eq,39660.0,2026-06-17T17:31:00Z,-0.00028878730518044904,0.00014492979971691966,-0.0006814557309553493,0.0007541781405816942,-0.000615930417779964,0.00046902060013565006,0.0002141495869523169,0.0008032500535263314
gmat_d04_sso_900km_i97p6_jun_36h_g2020,numerical_gravity_20x20,EarthMJ2000Eq,39720.0,2026-06-17T17:32:00Z,-0.00014994657249189913,9.828454494709149e-05,-0.0003090899554081261,0.0003573239803199928,-0.0003571822837500349,0.00027886248865627294,0.00021121238091836858,0.0004999541391544493
gmat_d04_sso_900km_i97p6_jun_36h_g2020,numerical_gravity_20x20,EarthMJ2000Eq,39780.0,2026-06-17T17:33:00Z,-0.0003390277925063856,0.00020497282093856484,-0.0005342421900422778,0.0006651078251204349,-0.0004276099474509465,0.0004074025561351391,0.0005177342998763379,0.000785414486225514
gmat_d04_sso_900km_i97p6_jun_36h_g2020,numerical_gravity_20x20,EarthMJ2000Eq,39840.0,2026-06-17T17:34:00Z,0.000201419425138738,-8.366032488993369e-05,0.000225219082494732,0.0003135162992631768,0.00023108892577283768,-0.00019336932055580291,-0.00012868550669509204,0.00032764881409892135
gmat_d04_sso_900km_i97p6_jun_36h_g2020,numerical_gravity_20x20,EarthMJ2000Eq,39900.0,2026-06-17T17:35:00Z,0.0016161325220309664,-0.0008588849595980719,0.002096812750096433,0.002783198054676835,0.0016097247979018903,-0.0015497185756885301,-0.001817726413833043,0.002880446302981658
gmat_d04_sso_900km_i97p6_jun_36h_g2020,numerical_gravity_20x20,EarthMJ2000Eq,39960.0,2026-06-17T17:36:00Z,-0.0006093791853345465,0.00037976087696733885,-0.0007245962478918955,0.0010200985431089544,-0.0005258007362840544,0.00048693138410271786,0.0006714602207580356,0.0009820526539659022
gmat_d04_sso_900km_i97p6_jun_36h_g2020,numerical_gravity_20x20,EarthMJ2000Eq,40020.0,2026-06-17T17:37:00Z,-9.113728083320893e-05,7.66954144637566e-05,-0.00014425495464820415,0.00018707667545152183,-0.00017532553187038502,6.656453166442589e-05,5.81774628471976e-05,0.00019635298873374658
gmat_d04_sso_900km_i97p6_jun_36h_g2020,numerical_gravity_20x20,EarthMJ2000Eq,40080.0,2026-06-17T17:38:00Z,0.0019418976080487482,-0.0011727956916729454,0.0017726115402183495,0.0028789872745580767,0.0011614575967655583,-0.0013730883097196056,-0.0022498092278055992,0.002880277211813525
gmat_d04_sso_900km_i97p6_jun_36h_g2020,numerical_gravity_20x20,EarthMJ2000Eq,40140.0,2026-06-17T17:39:00Z,0.0001673570295679383,-7.924836609163322e-05,0.0001761991370585747,0.00025560675807611915,7.750067254619353e-05,-0.00014763479327939422,-0.0001652331604873325,0.00023474322941544949
gmat_d04_sso_900km_i97p6_jun_36h_g2020,numerical_gravity_20x20,EarthMJ2000Eq,40200.0,2026-06-17T17:40:00Z,-0.0002497199602657929,0.00016939884517341852,-0.000245053342950996,0.0003887250547529648,-0.00020388757349110165,0.00021542945205510478,0.00030707392184581295,0.00042693604311959946
gmat_d04_sso_900km_i97p6_jun_36h_g2020,numerical_gravity_20x20,EarthMJ2000Eq,40260.0,2026-06-17T17:41:00Z,0.002151024546037661,-0.001408859134244267,0.001360586793452967,0.002909121358815864,0.0008702301101948251,-0.001060675991482185,-0.002508217189500783,0.002858931176734344
gmat_d04_sso_900km_i97p6_jun_36h_g2020,numerical_gravity_20x20,EarthMJ2000Eq,40320.0,2026-06-17T17:42:00Z,0.00010559915608610027,-4.0386566979577765e-05,0.00012108193914173171,0.0001656595682259691,0.00010913669967749229,-9.382716825712123e-05,-3.3448799285906716e-06,0.0001439636931360889
gmat_d04_sso_900km_i97p6_jun_36h_g2020,numerical_gravity_20x20,EarthMJ2000Eq,40380.0,2026-06-17T17:43:00Z,9.308473636338022e-05,-6.24609128863085e-05,-5.305628292262554e-05,0.00012402057466403188,2.2321700043903547e-05,-9.883693863343979e-05,-6.890044090823721e-05,0.00012253272823466323
gmat_d04_sso_900km_i97p6_jun_36h_g2020,numerical_gravity_20x20,EarthMJ2000Eq,40440.0,2026-06-17T17:44:00Z,0.0005828969733556733,-0.00038147072700667195,0.00032467323762830347,0.0007685710821662808,0.00024512836205303756,-0.00041459102817498206,-0.0008008846918983181,0.0009345533287314629
gmat_d04_sso_900km_i97p6_jun_36h_g2020,numerical_gravity_20x20,EarthMJ2000Eq,40500.0,2026-06-17T17:45:00Z,-0.00035475636650517117,0.0002512447281333152,-0.00018087757780449465,0.00047084253327748106,-0.0001964322038361388,0.0001375211056142689,0.00027562463422725614,0.0003653308147230425
gmat_d04_sso_900km_i97p6_jun_36h_g2020,numerical_gravity_20x20,EarthMJ2000Eq,40560.0,2026-06-17T17:46:00Z,0.0023171069187810645,-0.0016890501228772337,0.0005363208401831798,0.0029171072716424862,5.8626881127565866e-05,-0.0005495284227663433,-0.002880128580073915,0.0029326710071839626
gmat_d04_sso_900km_i97p6_jun_36h_g2020,numerical_gravity_20x20,EarthMJ2000Eq,40620.0,2026-06-17T17:47:00Z,0.00016378186273868778,-0.0001093155788112199,7.021208148216829e-05,0.00020905532932466713,-2.3574031615680724e-05,-7.973177673648024e-06,-4.9340420638088744e-05,5.5261049913806444e-05
gmat_d04_sso_900km_i97p6_jun_36h_g2020,numerical_gravity_20x20,EarthMJ2000Eq,40680.0,2026-06-17T17:48:00Z,-0.00023415947225657874,0.00017205115909746382,-6.844857125543058e-05,0.00029852548752354465,2.2179591496751527e-05,7.751133068722993e-06,0.00040951719793014263,0.00041019062610372686
gmat_d04_sso_900km_i97p6_jun_36h_g2020,numerical_gravity_20x20,EarthMJ2000Eq,40740.0,2026-06-17T17:49:00Z,0.0020929365405208955,-0.0016051685634010937,4.49308572569862e-05,0.002637985644675223,-0.00011357492724073381,-0.0004213074333847544,-0.0026711485176522665,0.0027065538274490103
gmat_d04_sso_900km_i97p6_jun_36h_g2020,numerical_gravity_20x20,EarthMJ2000Eq,40800.0,2026-06-17T17:50:00Z,0.0010979947546729818,-0.0008611521025159163,-6.951540854061022e-05,0.0013971427332171659,-0.0001915303471378138,-0.00014567724804237514,-0.0014511946644368834,0.0014710104311533654
gmat_d04_sso_900km_i97p6_jun_36h_g2020,numerical_gravity_20x20,EarthMJ2000Eq,40860.0,2026-06-17T17:51:00Z,0.0006616585324081825,-0.0005344045916899631,-0.0001087828422896564,0.0008574462011721099,-0.00024362734052374435,2.9904967391303217e-06,-0.0008759428737903363,0.0009091969766038008
gmat_d04_sso_900km_i97p6_jun_36h_g2020,numerical_gravity_20x20,EarthMJ2000Eq,40920.0,2026-06-17T17:52:00Z,0.0007764886049699271,-0.0006355845574290697,-0.0001724029061733745,0.0010181478504360138,-0.00027140956149196427,2.475797344914099e-05,-0.0009068306106030377,0.0009468990778563715
gmat_d04_sso_900km_i97p6_jun_36h_g2020,numerical_gravity_20x20,EarthMJ2000Eq,40980.0,2026-06-17T17:53:00Z,0.0007299402113858378,-0.0006103703640292224,-0.0002221513568656519,0.0009770956549081658,-0.00020042634218953026,-3.800337822212896e-05,-0.0008541025664499102,0.0008781265110541261
gmat_d04_sso_900km_i97p6_jun_36h_g2020,numerical_gravity_20x20,EarthMJ2000Eq,41040.0,2026-06-17T17:54:00Z,0.0007211451702460181,-0.0006164988235468627,-0.0002777851477731019,0.0009885776369750372,-0.0002354303418883319,-5.788081125501776e-05,-0.0010164726838013394,0.0010449853353552353
gmat_d04_sso_900km_i97p6_jun_36h_g2020,numerical_gravity_20x20,EarthMJ2000Eq,41100.0,2026-06-17T17:55:00Z,0.0007017606549197808,-0.0006163860462038429,-0.0003423538146307692,0.0009947893792861303,-0.00042316994353086557,8.386447092334492e-05,-0.0010973897346389094,0.00117913963561659
gmat_d04_sso_900km_i97p6_jun_36h_g2020,numerical_gravity_20x20,EarthMJ2000Eq,41160.0,2026-06-17T17:56:00Z,0.0006714685696351808,-0.0006058419330656761,-0.00040403665479971096,0.0009905352625173985,-0.0005575184758299656,0.00025276580828403894,-0.0009215250784677664,0.0011063118344184313
gmat_d04_sso_900km_i97p6_jun_36h_g2020,numerical_gravity_20x20,EarthMJ2000Eq,41220.0,2026-06-17T17:57:00Z,0.0006392638169927523,-0.0005895310550840804,-0.00045157503336668015,0.0009798597365872376,-0.0004836389067008895,0.0002566276080528951,-0.0006824083520484692,0.0008748974112633374
gmat_d04_sso_900km_i97p6_jun_36h_g2020,numerical_gravity_20x20,EarthMJ2000Eq,41280.0,2026-06-17T17:58:00Z,0.0006149289220047649,-0.0005779445473308442,-0.0004910380084766075,0.0009763584406743609,-0.00034004976612322935,0.00012357759260339662,-0.0006854601330985588,0.0007750876459482553
gmat_d04_sso_900km_i97p6_jun_36h_g2020,numerical_gravity_20x20,EarthMJ2000Eq,41340.0,2026-06-17T17:59:00Z,0.000594505308981752,-0.000572856606595451,-0.0005384326868806966,0.0009856525820131099,-0.000383876930243332,7.818456992936262e-05,-0.0009056275729335539,0.000986729763109233
gmat_d04_sso_900km_i97p6_jun_36h_g2020,numerical_gravity_20x20,EarthMJ2000Eq,41400.0,2026-06-17T18:00:00Z,0.000564829861104954,-0.0005644060365739278,-0.0005970732672722079,0.0009970373275901164,-0.0006178861866601437,0.00022934987242706484,-0.001000352689572992,0.0011979525062303779
gmat_d04_sso_900km_i97p6_jun_36h_g2020,numerical_gravity_20x20,EarthMJ2000Eq,41460.0,2026-06-17T18:01:00Z,0.0005219262675382197,-0.000544110662303865,-0.0006508316801046021,0.0009960147174650118,-0.0007542793056813935,0.00040225733854981627,-0.0007962759340784942,0.0011682480903425286
gmat_d04_sso_900km_i97p6_jun_36h_g2020,numerical_gravity_20x20,EarthMJ2000Eq,41520.0,2026-06-17T18:02:00Z,0.00048333640734199435,-0.0005236597644397989,-0.00069861562224105,0.0009979466013743728,-0.0006705667132678172,0.00041353986901526696,-0.00057761617711094,0.0009768906736519823
gmat_d04_sso_900km_i97p6_jun_36h_g2020,numerical_gravity_20x20,EarthMJ2000Eq,41580.0,2026-06-17T18:03:00Z,0.0004272642399882898,-0.000479937170894118,-0.0006951977411517873,0.0009466754027020921,-0.0005326428187402144,0.00031253666321617857,-0.0005626290544569201,0.000835427430199004
gmat_d04_sso_900km_i97p6_jun_36h_g2020,numerical_gravity_20x20,EarthMJ2000Eq,41640.0,2026-06-17T18:04:00Z,0.0005124047675053589,-0.0005925548975938,-0.0009632485671318136,0.001241582761843169,-0.0008454419386794143,0.0004902811490126169,-0.0007942118074311111,0.0012593331853874615
gmat_d04_sso_900km_i97p6_jun_36h_g2020,numerical_gravity_20x20,EarthMJ2000Eq,41700.0,2026-06-17T18:05:00Z,0.0004696548785432242,-0.0005721421985072084,-0.0010277426554239355,0.0012665612365890385,-0.0009294716107888235,0.0005562124094637966,-0.0007649809674603603,0.00132607903244131
gmat_d04_sso_900km_i97p6_jun_36h_g2020,numerical_gravity_20x20,EarthMJ2000Eq,41760.0,2026-06-17T18:06:00Z,0.00040896520658861846,-0.0005334327397576999,-0.001064718162524514,0.0012591377183037028,-0.0009752723073574998,0.0006135802976814375,-0.0006469660362995455,0.0013214393316858736
gmat_d04_sso_900km_i97p6_jun_36h_g2020,numerical_gravity_20x20,EarthMJ2000Eq,41820.0,2026-06-17T18:07:00Z,0.0003513941919663921,-0.0004966937012795825,-0.0011011402420990635,0.0012580510100184765,-0.000954257561858185,0.0006273612740415047,-0.0005234230826545172,0.0012562489347203703
gmat_d04_sso_900km_i97p6_jun_36h_g2020,numerical_gravity_20x20,EarthMJ2000Eq,41880.0,2026-06-17T18:08:00Z,0.0002954548108391464,-0.00045950673666084185,-0.001130569216911681,0.0012556379814711658,-0.0009064899941790827,0.000604086114464053,-0.0004829523447824613,0.001191590160485537
gmat_d04_sso_900km_i97p6_jun_36h_g2020,numerical_gravity_20x20,EarthMJ2000Eq,41940.0,2026-06-17T18:09:00Z,0.00024082874006126076,-0.0004235753294778988,-0.0011622082638496067,0.0012602152952341603,-0.0009369167663919598,0.0006191718249226597,-0.0005143077075331348,0.0012351919664377725
gmat_d04_sso_900km_i97p6_jun_36h_g2020,numerical_gravity_20x20,EarthMJ2000Eq,42000.0,2026-06-17T18:10:00Z,0.00018047467165160924,-0.00037997870094841346,-0.0011724951036740094,0.0012456723840648175,-0.0010264680216920397,0.0006878866365411795,-0.0004794866725887914,0.0013254177052833484
gmat_d04_sso_900km_i97p6_jun_36h_g2020,numerical_gravity_20x20,EarthMJ2000Eq,42060.0,2026-06-17T18:11:00Z,0.00012280997907510027,-0.0003622662916313857,-0.0013235676306067035,0.0013777338022283644,-0.0012020171524795842,0.0008488119096483615,-0.00034704950024888603,0.0015118763998551693
gmat_d04_sso_900km_i97p6_jun_36h_g2020,numerical_gravity_20x20,EarthMJ2000Eq,42120.0,2026-06-17T18:12:00Z,-0.00015012756193755195,0.00043449199438327923,0.002167322236346081,0.00221553768963578,0.001751104261593639,-0.0012714735930785537,0.00047826809179696284,0.0022162471884919783
gmat_d04_sso_900km_i97p6_jun_36h_g2020,numerical_gravity_20x20,EarthMJ2000Eq,42180.0,2026-06-17T18:13:00Z,-2.20588844968006e-05,-0.00020154311641817912,-0.0010288315479556331,0.001048618413070064,-0.0008008150670368863,0.0006223552784234698,-2.9629632081196178e-05,0.0010146471205656252
gmat_d04_sso_900km_i97p6_jun_36h_g2020,numerical_gravity_20x20,EarthMJ2000Eq,42240.0,2026-06-17T18:14:00Z,-6.669506547041237e-05,-0.0002169608706026338,-0.0013289459843690565,0.0013481905208468853,-0.00101845554212332,0.000777474751245677,-9.628831065811028e-05,0.001284908603316059
gmat_d04_sso_900km_i97p6_jun_36h_g2020,numerical_gravity_20x20,EarthMJ2000Eq,42300.0,2026-06-17T18:15:00Z,-2.8144313546363264e-05,-4.214416549075395e-05,-0.0001137108576187984,0.00012449253877365788,-8.50525205819963e-05,4.879563419990518e-05,-7.178968530752172e-05,0.00012152655714235824
gmat_d04_sso_900km_i97p6_jun_36h_g2020,numerical_gravity_20x20,EarthMJ2000Eq,42360.0,2026-06-17T18:16:00Z,-3.501099854474887e-05,-3.344757715240121e-05,-8.963013442553347e-05,0.00010187281989620901,-0.0001195163967793178,7.385242417612403e-05,-2.7677415914695302e-05,0.0001431935368915668
gmat_d04_sso_900km_i97p6_jun_36h_g2020,numerical_gravity_20x20,EarthMJ2000Eq,42420.0,2026-06-17T18:17:00Z,-1.1722477211151272e-05,-3.219065547455102e-05,2.8017097974952776e-05,4.4256214826680626e-05,-9.847678228425139e-06,3.4849068075715195e-06,8.635758774744318e-06,1.3553511410834842e-05
gmat_d04_sso_900km_i97p6_jun_36h_g2020,numerical_gravity_20x20,EarthMJ2000Eq,42480.0,2026-06-17T18:18:00Z,-0.0007036160241113976,-4.847606760449708e-07,-0.002952273689516005,0.0030349622208831017,-0.0023269761673105904,0.0019157213454468192,0.0005526823443346984,0.0030643537867503737
gmat_d04_sso_900km_i97p6_jun_36h_g2020,numerical_gravity_20x20,EarthMJ2000Eq,42540.0,2026-06-17T18:19:00Z,0.00014153465599520132,-5.210313247516751e-05,0.0005964586762274848,0.0006152314586466205,0.0004849720625088594,-0.0003666235093291448,-0.00018766499465527886,0.0006362616201106903
gmat_d04_sso_900km_i97p6_jun_36h_g2020,numerical_gravity_20x20,EarthMJ2000Eq,42600.0,2026-06-17T18:20:00Z,0.00010331132216379046,-6.004393071634695e-05,0.00036302981243352406,0.00038218993657423744,0.00026115065665521797,-0.0002021396383611318,-0.00012062173482263461,0.0003515817142284887
gmat_d04_sso_900km_i97p6_jun_36h_g2020,numerical_gravity_20x20,EarthMJ2000Eq,42660.0,2026-06-17T18:21:00Z,0.00018001992430072278,-9.750601748237386e-05,0.0004886974238615949,0.0005298488168142591,0.00038069947194685483,-0.00032519742454439893,-0.00016088463894448068,0.000525898583302161
gmat_d04_sso_900km_i97p6_jun_36h_g2020,numerical_gravity_20x20,EarthMJ2000Eq,42720.0,2026-06-17T18:22:00Z,1.2443706509657204e-05,-3.274635673733428e-05,0.00010984058462781832,0.00011529147298325302,0.00012075407340716993,-0.00010579470632876564,-2.871747284416415e-05,0.00016309126088840338
gmat_d04_sso_900km_i97p6_jun_36h_g2020,numerical_gravity_20x20,EarthMJ2000Eq,42780.0,2026-06-17T18:23:00Z,-0.0013631433830596507,0.0005644651537295431,-0.0026364577934145927,0.003021206793486796,-0.0020291164304353515,0.0018073620378089572,0.001378255731765421,0.003046877071054867
gmat_d04_sso_900km_i97p6_jun_36h_g2020,numerical_gravity_20x20,EarthMJ2000Eq,42840.0,2026-06-17T18:24:00Z,0.00031886520446278155,-0.00018763421394396573,0.0005812744348077103,0.000689029451780172,0.00039583403221854496,-0.00033372504759654475,-0.0004107043594103743,0.0006608593339693358
gmat_d04_sso_900km_i97p6_jun_36h_g2020,numerical_gravity_20x20,EarthMJ2000Eq,42900.0,2026-06-17T18:25:00Z,1.0036274034064263e-05,-3.287914296379313e-05,7.098333298927173e-05,7.886950234904625e-05,2.7192914586748884e-05,3.576516860448464e-05,3.7122305229786434e-05,5.828093543006035e-05
gmat_d04_sso_900km_i97p6_jun_36h_g2020,numerical_gravity_20x20,EarthMJ2000Eq,42960.0,2026-06-17T18:26:00Z,-0.0016931953723542392,0.0008800266186881345,-0.0023140746634453535,0.002999383097665453,-0.0016685275383565568,0.0016617289766429622,0.002001389276529153,0.003090450836734819
gmat_d04_sso_900km_i97p6_jun_36h_g2020,numerical_gravity_20x20,EarthMJ2000Eq,43020.0,2026-06-17T18:27:00Z,0.0003364270924066659,-0.00021500454749912024,0.0004539151632343419,0.0006045238782418474,0.0004375770856768213,-0.00037958747256539027,-0.0004090816574375822,0.0007091601777383446
gmat_d04_sso_900km_i97p6_jun_36h_g2020,numerical_gravity_20x20,EarthMJ2000Eq,43080.0,2026-06-17T18:28:00Z,0.00022602989702136256,-0.00016022613635868765,0.0002663828126969747,0.0003843458494901071,0.000229876562229947,-0.00021898838298284318,-0.00038108893818389333,0.0004960120205702946
gmat_d04_sso_900km_i97p6_jun_36h_g2020,numerical_gravity_20x20,EarthMJ2000Eq,43140.0,2026-06-17T18:29:00Z,0.00034530194170656614,-0.00023822167349862866,0.0003392697180970572,0.0005395247337133569,0.00020115820120736316,-0.00020802826128374363,-0.0004973923495299459,0.0005754472423920715
gmat_d04_sso_900km_i97p6_jun_36h_g2020,numerical_gravity_20x20,EarthMJ2000Eq,43200.0,2026-06-17T18:30:00Z,8.59345163917169e-05,-7.749122232780792e-05,9.435552783543244e-05,0.00014930705367945308,3.821654104285699e-05,-7.2870598444296775e-06,-0.00010659118032663173,0.00011346931291711074
gmat_d04_sso_900km_i97p6_jun_36h_g2020,numerical_gravity_20x20,EarthMJ2000Eq,43260.0,2026-06-17T18:31:00Z,-0.002215297172369901,0.0013944418242317624,-0.0017002867025439627,0.0031213754074005113,-0.0011550733702847538,0.0014194272424106202,0.0028261064599632846,0.003366874798724272
gmat_d04_sso_900km_i97p6_jun_36h_g2020,numerical_gravity_20x20,EarthMJ2000Eq,43320.0,2026-06-17T18:32:00Z,-0.0005482770575326867,0.00033155492928926833,-0.0004091416485607624,0.0007602192391275896,-0.00011401368738006568,0.00026027313637655425,0.0007494103115845974,0.0008014717970949515
gmat_d04_sso_900km_i97p6_jun_36h_g2020,numerical_gravity_20x20,EarthMJ2000Eq,43380.0,2026-06-17T18:33:00Z,-0.00011706447367032524,7.549760994152166e-05,2.9383954824879766e-05,0.00014236360807363304,0.00013746070948172928,-7.94457832853368e-05,1.5574652678651546e-05,0.00015952946103808447
gmat_d04_sso_900km_i97p6_jun_36h_g2020,numerical_gravity_20x20,EarthMJ2000Eq,43440.0,2026-06-17T18:34:00Z,-0.0012746720585710136,0.000844401256472338,-0.0007045018719509244,0.001683486033923681,-0.000519620790839781,0.0006654969908481689,0.0014299712525200903,0.0016606353585705692
gmat_d04_sso_900km_i97p6_jun_36h_g2020,numerical_gravity_20x20,EarthMJ2000Eq,43500.0,2026-06-17T18:35:00Z,0.0014449540230998537,-0.0010234844012302347,0.0006210620995261706,0.0018764675802959985,0.00031114932852460697,-0.0004580114065788621,-0.0016803438640522472,0.0017692212565577259
gmat_d04_sso_900km_i97p6_jun_36h_g2020,numerical_gravity_20x20,EarthMJ2000Eq,43560.0,2026-06-17T18:36:00Z,-0.0005370128519643913,0.00038330563256749883,-0.00011452993931015953,0.0006696440234417749,0.00012948309091598276,0.00012961365314367868,0.0007901763687812036,0.000811137635481584
gmat_d04_sso_900km_i97p6_jun_36h_g2020,numerical_gravity_20x20,EarthMJ2000Eq,43620.0,2026-06-17T18:37:00Z,-0.0009038540156325325,0.0006349659997795243,-0.0003300037860753946,0.0011528384107389726,1.553779327423399e-05,0.00022999913085186563,0.0009800662503778312,0.0010068122358921291
gmat_d04_sso_900km_i97p6_jun_36h_g2020,numerical_gravity_20x20,EarthMJ2000Eq,43680.0,2026-06-17T18:38:00Z,-8.417487151746172e-05,7.41893018130213e-05,7.140897650970146e-05,0.00013299888505039373,1.637179281033241e-05,-1.794031589952283e-05,-0.00013822942790397974,0.00014034694607671611
gmat_d04_sso_900km_i97p6_jun_36h_g2020,numerical_gravity_20x20,EarthMJ2000Eq,43740.0,2026-06-17T18:39:00Z,-0.001272228530524444,0.0009383832093590172,-0.00022526091925101355,0.0015968315387758119,-0.0002515854191642575,0.00043875658661818306,0.0015610588377512613,0.0016409470620218718
gmat_d04_sso_900km_i97p6_jun_36h_g2020,numerical_gravity_20x20,EarthMJ2000Eq,43800.0,2026-06-17T18:40:00Z,0.001298110532843566,-0.000990653688859311,6.761911208741367e-05,0.0016343371840135859,-0.0001510516156599806,-0.00011853362735791961,-0.0014619875865484744,0.0014745421372853167
gmat_d04_sso_900km_i97p6_jun_36h_g2020,numerical_gravity_20x20,EarthMJ2000Eq,43860.0,2026-06-17T18:41:00Z,0.0002627825779200066,-0.0002014583060372388,-6.348273018375039e-07,0.00033112012221455414,6.270006736031064e-05,-3.246469759687898e-05,-0.0002535739396236636,0.0002632204359340469
gmat_d04_sso_900km_i97p6_jun_36h_g2020,numerical_gravity_20x20,EarthMJ2000Eq,43920.0,2026-06-17T18:42:00Z,-0.0003262034624640364,0.00026128452645934885,3.237346390960738e-05,0.0004191972612698213,0.0002462137160819111,-2.6566304711650446e-05,0.0003281602767302161,0.00041111571334181355
gmat_d04_sso_900km_i97p6_jun_36h_g2020,numerical_gravity_20x20,EarthMJ2000Eq,43980.0,2026-06-17T18:43:00Z,-0.00013860653780284338,0.00012376843017136707,3.278000804129988e-05,0.0001886926748868734,4.460609659417969e-05,6.1027627396015305e-05,-5.8088422960622665e-05,9.533278576129181e-05
gmat_d04_sso_900km_i97p6_jun_36h_g2020,numerical_gravity_20x20,EarthMJ2000Eq,44040.0,2026-06-17T18:44:00Z,-0.00018449031813361216,0.0001646400278332294,3.711556928465143e-05,0.0002500411600782794,-0.0001468931642989446,0.00018665602397049952,0.00022652812958767754,0.0003282271568544018
gmat_d04_sso_900km_i97p6_jun_36h_g2020,numerical_gravity_20x20,EarthMJ2000Eq,44100.0,2026-06-17T18:45:00Z,-0.0001861772034317255,0.0001701886276350706,6.10871211392805e-05,0.000259533728873632,-1.3393730569077889e-06,6.557865361855875e-05,0.0005789984047765984,0.000582701901888482
gmat_d04_sso_900km_i97p6_jun_36h_g2020,numerical_gravity_20x20,EarthMJ2000Eq,44160.0,2026-06-17T18:46:00Z,-0.00017173397282022052,0.00016241131106653484,9.32413968257606e-05,0.0002540943711792647,0.0003539435411425984,-0.00021286439277901081,0.00048086645776379555,0.0006338926014965307
gmat_d04_sso_900km_i97p6_jun_36h_g2020,numerical_gravity_20x20,EarthMJ2000Eq,44220.0,2026-06-17T18:47:00Z,-0.0001845546648837626,0.00018055027339869412,0.0001374537532683462,0.0002924933500821113,0.0004363647221339306,-0.0002806954668699291,2.1892265777978537e-05,0.0005193104920423268
gmat_d04_sso_900km_i97p6_jun_36h_g2020,numerical_gravity_20x20,EarthMJ2000Eq,44280.0,2026-06-17T18:48:00Z,4.674075171351433e-05,-2.3292386686080135e-05,-4.5690285332966596e-05,6.938901441933138e-05,-8.494005498960178e-05,7.44861949897313e-05,-0.0005450586648692024,0.0005566434714740508
gmat_d04_sso_900km_i97p6_jun_36h_g2020,numerical_gravity_20x20,EarthMJ2000Eq,44340.0,2026-06-17T18:49:00Z,-0.001345606506220065,0.0012366876944724936,0.0010427775123389438,0.0021041478711063197,0.0006873648317196057,-0.00017554580011847065,0.0016542465175461984,0.0017999495216916171
gmat_d04_sso_900km_i97p6_jun_36h_g2020,numerical_gravity_20x20,EarthMJ2000Eq,44400.0,2026-06-17T18:50:00Z,-0.0006388891051756218,0.0005987840268062428,0.00046677723730681464,0.0009922714289639647,0.0002646274310791341,1.255351378404157e-05,0.0011230616436819219,0.001153885923086597
gmat_d04_sso_900km_i97p6_jun_36h_g2020,numerical_gravity_20x20,EarthMJ2000Eq,44460.0,2026-06-17T18:51:00Z,-0.0012599539331858978,0.0012221216820762493,0.001325936864304822,0.002199812239186335,0.0013165184498120652,-0.0006540368246987782,0.0020467449957095596,0.0025199504110636284
gmat_d04_sso_900km_i97p6_jun_36h_g2020,numerical_gravity_20x20,EarthMJ2000Eq,44520.0,2026-06-17T18:52:00Z,-0.0003716759238159284,0.0003903946890204679,0.0004304010872147046,0.0006897797484961496,0.0004497548999893297,-0.00021790969029211738,0.0005415357051674619,0.0007369023158864673
gmat_d04_sso_900km_i97p6_jun_36h_g2020,numerical_gravity_20x20,EarthMJ2000Eq,44580.0,2026-06-17T18:53:00Z,-0.0010698913683881983,0.0010962125998048577,0.0014190936781233177,0.002088103558593793,0.0013007084298521931,-0.0007116378597515904,0.001507222791019558,0.0021142354184643603
gmat_d04_sso_900km_i97p6_jun_36h_g2020,numerical_gravity_20x20,EarthMJ2000Eq,44640.0,2026-06-17T18:54:00Z,-0.0006954769560252316,0.000750512754166266,0.0010641351764206775,0.0014762592130869911,0.0009640928055887343,-0.00054003068683528,0.0010030341002220666,0.0014923757860271093
gmat_d04_sso_900km_i97p6_jun_36h_g2020,numerical_gravity_20x20,EarthMJ2000Eq,44700.0,2026-06-17T18:55:00Z,-0.0007051930879242718,0.0007895355338405352,0.0012403334039845504,0.0016306718258107394,0.0011079013262360604,-0.0006479359271338581,0.0010369927139208812,0.0016500364247711103
gmat_d04_sso_900km_i97p6_jun_36h_g2020,numerical_gravity_20x20,EarthMJ2000Eq,44760.0,2026-06-17T18:56:00Z,-0.0006371710696839727,0.0007489406925742514,0.001299861651204992,0.0016298893966491057,0.001150763484503159,-0.0006964810950194078,0.0009580007898080112,0.0016513957812281277
gmat_d04_sso_900km_i97p6_jun_36h_g2020,numerical_gravity_20x20,EarthMJ2000Eq,44820.0,2026-06-17T18:57:00Z,-0.0005670190148521215,0.0007058465598674957,0.001354927007923834,0.0016295880234225098,0.0011879150996207954,-0.0007408464952618488,0.0008730696166026064,0.0016499231402957748
gmat_d04_sso_900km_i97p6_jun_36h_g2020,numerical_gravity_20x20,EarthMJ2000Eq,44880.0,2026-06-17T18:58:00Z,-0.0004946741682942957,0.0006599680091312621,0.0014039987945579924,0.0016283344008448113,0.0012177001629254391,-0.0007800351475850675,0.0007860805339987564,0.001645955990963449
gmat_d04_sso_900km_i97p6_jun_36h_g2020,numerical_gravity_20x20,EarthMJ2000Eq,44940.0,2026-06-17T18:59:00Z,-0.00042144984035985544,0.0006131208465376403,0.0014520787772198673,0.0016315850929849555,0.0012465970478103827,-0.0008193374867460079,0.0007006368818451847,0.0016480928848212923
gmat_d04_sso_900km_i97p6_jun_36h_g2020,numerical_gravity_20x20,EarthMJ2000Eq,45000.0,2026-06-17T19:00:00Z,-0.0003437235136516392,0.0005590591172222048,0.0014789993656449951,0.0016180642984642477,0.0012591434561670667,-0.0008481966240481142,0.0006077964798123503,0.0016353275870990645
gmat_d04_sso_900km_i97p6_jun_36h_g2020,numerical_gravity_20x20,EarthMJ2000Eq,45060.0,2026-06-17T19:01:00Z,0.00035966331779491156,-0.0005274264367471915,-0.00177008269020007,0.001881682512671306,-0.0014702419282031087,0.0010449254794764329,-0.0006015543618786978,0.0019014069094753852
gmat_d04_sso_900km_i97p6_jun_36h_g2020,numerical_gravity_20x20,EarthMJ2000Eq,45120.0,2026-06-17T19:02:00Z,-0.00019240178517065942,0.00045738670451100916,0.0015559726307401434,0.0016331784568787025,0.0013037900759016452,-0.0009192966388127388,0.0004246514251349254,0.0016508493889574362
gmat_d04_sso_900km_i97p6_jun_36h_g2020,numerical_gravity_20x20,EarthMJ2000Eq,45180.0,2026-06-17T19:03:00Z,-0.00011295105650788173,0.0003998793545179069,0.0015734333373984555,0.0016273763874939155,0.001307614128087664,-0.0009408487322559722,0.00032644287273342343,0.0016436593303116621
gmat_d04_sso_900km_i97p6_jun_36h_g2020,numerical_gravity_20x20,EarthMJ2000Eq,45240.0,2026-06-17T19:04:00Z,-3.4530785342212766e-05,0.0003423292582738213,0.0015867499314481393,0.0016236246614157255,0.0013084515138039876,-0.0009602996176028,0.00023011903493852515,0.0016392606533999004
gmat_d04_sso_900km_i97p6_jun_36h_g2020,numerical_gravity_20x20,EarthMJ2000Eq,45300.0,2026-06-17T19:05:00Z,2.8322574507910758e-05,7.070684659993276e-05,0.0002519882400520146,0.00026324836088259757,0.0002095711243432774,-0.00014449152985207547,2.7180924178082932e-05,0.00025600129100587234
gmat_d04_sso_900km_i97p6_jun_36h_g2020,numerical_gravity_20x20,EarthMJ2000Eq,45360.0,2026-06-17T19:06:00Z,2.839715307345614e-05,4.9370100896339864e-05,0.00011543562550286879,0.0001287213610883238,9.44840317096407e-05,-9.479239615473034e-05,3.084377198092625e-05,0.0001373468925271886
gmat_d04_sso_900km_i97p6_jun_36h_g2020,numerical_gravity_20x20,EarthMJ2000Eq,45420.0,2026-06-17T19:07:00Z,3.4806362236849964e-05,4.186586011201143e-05,0.00011617436257438385,0.0001282993203982224,7.562939163818783e-05,-0.00012250200853713977,1.071143174158351e-05,0.00014436509877789182
gmat_d04_sso_900km_i97p6_jun_36h_g2020,numerical_gravity_20x20,EarthMJ2000Eq,45480.0,2026-06-17T19:08:00Z,3.871173248626292e-05,3.490822564344853e-05,0.00011401596111682011,0.00012536674933591498,8.05280286897414e-05,-9.855244398337959e-05,1.1761258633669058e-05,0.00012781109038108174
gmat_d04_sso_900km_i97p6_jun_36h_g2020,numerical_gravity_20x20,EarthMJ2000Eq,45540.0,2026-06-17T19:09:00Z,4.4963599066250026e-05,2.9858711059205234e-05,0.0001155337940872414,0.00012751990214590302,0.00013736634052463614,-7.659288481232096e-05,3.802291814736236e-06,0.00015732272224967432
gmat_d04_sso_900km_i97p6_jun_36h_g2020,numerical_gravity_20x20,EarthMJ2000Eq,45600.0,2026-06-17T19:10:00Z,5.4439624364022166e-05,2.51866367761977e-05,0.00011403790267650038,0.00012885139743071058,0.0001643070124401902,-8.170505938487338e-05,-6.233680238665329e-05,0.00019379986583560672
gmat_d04_sso_900km_i97p6_jun_36h_g2020,numerical_gravity_20x20,EarthMJ2000Eq,45660.0,2026-06-17T19:11:00Z,6.249956641113386e-05,2.0298102754168212e-05,0.00010801477401400916,0.00012643338238889275,8.773293203034882e-05,-7.559303183413135e-05,-0.00012794210135780304,0.0001725704352557765
gmat_d04_sso_900km_i97p6_jun_36h_g2020,numerical_gravity_20x20,EarthMJ2000Eq,45720.0,2026-06-17T19:12:00Z,6.419850251404569e-05,1.672560756560415e-05,0.00010100393410539255,0.00012084282510042127,-2.383693242791196e-05,-4.187516999820673e-05,-8.281997310177758e-05,9.581689388897302e-05
gmat_d04_sso_900km_i97p6_jun_36h_g2020,numerical_gravity_20x20,EarthMJ2000Eq,45780.0,2026-06-17T19:13:00Z,6.232494342839345e-05,1.4500074030365795e-05,9.990799298975617e-05,0.00011864340598398083,-1.7850165789923267e-05,-3.796518655008185e-05,4.433520217617115e-05,6.103764379882495e-05
gmat_d04_sso_900km_i97p6_jun_36h_g2020,numerical_gravity_20x20,EarthMJ2000Eq,45840.0,2026-06-17T19:14:00Z,6.598111212952062e-05,1.0014446161221713e-05,0.0001055509528669063,0.0001248791413362386,0.00010862866162142382,-9.684453239344748e-05,8.355627301170898e-05,0.00016781150240604645
gmat_d04_sso_900km_i97p6_jun_36h_g2020,numerical_gravity_20x20,EarthMJ2000Eq,45900.0,2026-06-17T19:15:00Z,7.264316082000732e-05,3.588866093195975e-06,0.00010159828889300115,0.0001249484736991295,0.0001858140308286238,-0.0001508688729501273,-3.26458859944978e-05,0.00024156577727482042
gmat_d04_sso_900km_i97p6_jun_36h_g2020,numerical_gravity_20x20,EarthMJ2000Eq,45960.0,2026-06-17T19:16:00Z,9.220548236044124e-05,-1.0418261808808893e-05,0.00011092515705968253,0.00014461943723149308,0.00012221246237231753,-0.0001371283087081565,-0.00016158629989604378,0.00024464298747840454
gmat_d04_sso_900km_i97p6_jun_36h_g2020,numerical_gravity_20x20,EarthMJ2000Eq,46020.0,2026-06-17T19:17:00Z,0.00012127293302910402,-3.0463070288533345e-05,0.00013092721928842366,0.0001810443583420501,-8.01358979174438e-06,-8.75846062342589e-05,-0.000284578582920858,0.00029785944794114585
gmat_d04_sso_900km_i97p6_jun_36h_g2020,numerical_gravity_20x20,EarthMJ2000Eq,46080.0,2026-06-17T19:18:00Z,0.00011174506653333083,-3.0316186894197017e-05,0.00010948315321002156,0.00015935053159356411,-0.00014667822512137718,2.5727864283453528e-05,-9.096456921042773e-05,0.0001745020847353518
gmat_d04_sso_900km_i97p6_jun_36h_g2020,numerical_gravity_20x20,EarthMJ2000Eq,46140.0,2026-06-17T19:19:00Z,0.00010614485290716402,-2.9391685529844835e-05,0.00011265728971920907,0.000157550835935093,-1.723687859112033e-05,-9.544809387307396e-06,0.00015409451492587323,0.00015534906790851761
gmat_d04_sso_900km_i97p6_jun_36h_g2020,numerical_gravity_20x20,EarthMJ2000Eq,46200.0,2026-06-17T19:20:00Z,0.00011219754014746286,-3.4110598789993674e-05,0.00012250075087649748,0.00016958259029233855,0.0002439470847548364,-0.00017289414344645593,0.0001262741022856062,0.00032457312566893574
gmat_d04_sso_900km_i97p6_jun_36h_g2020,numerical_gravity_20x20,EarthMJ2000Eq,46260.0,2026-06-17T19:21:00Z,0.00013032695278525352,-4.835192157770507e-05,0.0001212938514072448,0.0001844863716694245,0.00030734170763935253,-0.00027436675154035584,-0.0001858220244344011,0.0004519578126002246
gmat_d04_sso_900km_i97p6_jun_36h_g2020,numerical_gravity_20x20,EarthMJ2000Eq,46320.0,2026-06-17T19:22:00Z,0.00014326769814942963,-6.32103365205694e-05,0.00010206440492765978,0.00018691795721470159,9.349232499289428e-05,-0.00019322143884892284,-0.0004101066153339161,0.00046288527218314653
gmat_d04_sso_900km_i97p6_jun_36h_g2020,numerical_gravity_20x20,EarthMJ2000Eq,46380.0,2026-06-17T19:23:00Z,0.00014134184311842546,-6.988966561038978e-05,7.875314622651786e-05,0.0001762502199029011,-0.00013149037414450504,-3.239764012619162e-05,-0.000316516146625645,0.0003442699473569468
gmat_d04_sso_900km_i97p6_jun_36h_g2020,numerical_gravity_20x20,EarthMJ2000Eq,46440.0,2026-06-17T19:24:00Z,0.00013248745744931512,-6.910067895660177e-05,6.723530532326549e-05,0.000163854864119318,-0.00011946266198492594,3.391642522387883e-05,-7.076073060829913e-05,0.00014292911706406054
gmat_d04_sso_900km_i97p6_jun_36h_g2020,numerical_gravity_20x20,EarthMJ2000Eq,46500.0,2026-06-17T19:25:00Z,0.00013043973012827337,-6.852815204183571e-05,6.689424481010064e-05,0.00016181925351119197,5.683098436293221e-05,-2.956879185944672e-05,1.7046364320094654e-05,6.629217730788849e-05
gmat_d04_sso_900km_i97p6_jun_36h_g2020,numerical_gravity_20x20,EarthMJ2000Eq,46560.0,2026-06-17T19:26:00Z,0.00014162105799186975,-7.660992196178995e-05,6.557002052431926e-05,0.0001738534779671886,0.00012967849016831678,-0.00011091660923057134,-0.00011302248026368034,0.00020467800580544921
gmat_d04_sso_900km_i97p6_jun_36h_g2020,numerical_gravity_20x20,EarthMJ2000Eq,46620.0,2026-06-17T19:27:00Z,0.00010602548172755633,-5.454967322293669e-05,4.5220986066851765e-05,0.0001275225752764896,2.8061108992005757e-05,-0.00011028156166048575,-0.00017168888533092286,0.00020597699392483504
gmat_d04_sso_900km_i97p6_jun_36h_g2020,numerical_gravity_20x20,EarthMJ2000Eq,46680.0,2026-06-17T19:28:00Z,0.00027702992611011723,-0.00018683545022213366,7.569269655505195e-05,0.00034261122242573955,-5.057820828824333e-05,-0.00013311041158203807,-0.00035901459582987627,0.00038622275547160333
gmat_d04_sso_900km_i97p6_jun_36h_g2020,numerical_gravity_20x20,EarthMJ2000Eq,46740.0,2026-06-17T19:29:00Z,-0.000405771857003856,0.0003028312676178757,-0.00010226358426734805,0.0005165417865483995,-9.129497158255617e-05,8.177014620969203e-05,0.0005254146007160898,0.0005395198154776729
gmat_d04_sso_900km_i97p6_jun_36h_g2020,numerical_gravity_20x20,EarthMJ2000Eq,46800.0,2026-06-17T19:30:00Z,-0.001045545843680884,0.0007783999080857029,-0.00017025467968778685,0.0013145566492554792,-4.2306602665576065e-05,0.0002113891284238889,0.001332063126469052,0.00134939519235227
gmat_d04_sso_900km_i97p6_jun_36h_g2020,numerical_gravity_20x20,EarthMJ2000Eq,46860.0,2026-06-17T19:31:00Z,0.00170142875788315,-0.001283658775719232,0.00013596672943094745,0.002135679428693582,-2.4303226098254527e-05,-0.00033432900892194084,-0.0021500580205113806,0.002176032174525649
gmat_d04_sso_900km_i97p6_jun_36h_g2020,numerical_gravity_20x20,EarthMJ2000Eq,46920.0,2026-06-17T19:32:00Z,0.0001197230972138641,-8.342465207533678e-05,3.766217560041696e-05,0.0001507041208836971,1.1922907106054481e-05,-3.54400953028744e-05,-0.0001824801143524013,0.00018627170532048575
gmat_d04_sso_900km_i97p6_jun_36h_g2020,numerical_gravity_20x20,EarthMJ2000Eq,46980.0,2026-06-17T19:33:00Z,-0.0011849474503833335,0.0009216291800839826,5.811580194858834e-05,0.0015022910011673384,9.848122317634989e-05,0.0001141948757776845,0.0015182238799482661,0.0015256941930207896
gmat_d04_sso_900km_i97p6_jun_36h_g2020,numerical_gravity_20x20,EarthMJ2000Eq,47040.0,2026-06-17T19:34:00Z,0.0017631884929869557,-0.001405779528340645,-0.0002684400897123851,0.0022709270851060037,-0.0004481099935560451,-0.00014780088264387814,-0.002203322080340797,0.002253281131362087
gmat_d04_sso_900km_i97p6_jun_36h_g2020,numerical_gravity_20x20,EarthMJ2000Eq,47100.0,2026-06-17T19:35:00Z,-0.00021698338059650268,0.00017459525736285286,0.00011816155165433884,0.0003025350287785673,0.00010532463790013935,-0.00012594725262715656,0.0002978188806679327,0.00034007657295883324
gmat_d04_sso_900km_i97p6_jun_36h_g2020,numerical_gravity_20x20,EarthMJ2000Eq,47160.0,2026-06-17T19:36:00Z,0.0014144511624181177,-0.0011834117970010993,-0.0004797966539626941,0.0019056076199735173,-0.0005290319293749235,7.350298147912326e-05,-0.001903325719254667,0.001976847557137568
gmat_d04_sso_900km_i97p6_jun_36h_g2020,numerical_gravity_20x20,EarthMJ2000Eq,47220.0,2026-06-17T19:37:00Z,0.0001418206920789089,-0.0001251965500159713,-9.426912583876401e-06,0.00018941000902409128,-5.324540808260281e-05,2.865174764110634e-05,-0.00022775159536081446,0.00023564122159369465
gmat_d04_sso_900km_i97p6_jun_36h_g2020,numerical_gravity_20x20,EarthMJ2000Eq,47280.0,2026-06-17T19:38:00Z,-0.0010960693543893285,0.0009129596492130077,0.0005026022336096503,0.0015124392073574352,0.0004693418986789766,-0.00013707879276125823,0.0014762244759936038,0.0015550919962507236
gmat_d04_sso_900km_i97p6_jun_36h_g2020,numerical_gravity_20x20,EarthMJ2000Eq,47340.0,2026-06-17T19:39:00Z,0.0015591926967317704,-0.0013721327150051366,-0.0009245286491932347,0.0022734518416513963,-0.0009337330908465447,0.0002729185766270348,-0.0020193784422417593,0.002241479718266646
gmat_d04_sso_900km_i97p6_jun_36h_g2020,numerical_gravity_20x20,EarthMJ2000Eq,47400.0,2026-06-17T19:40:00Z,-0.00020282141122152098,0.0001665923718974227,0.00021381038095569238,0.00033853274912291247,0.00017763035486950685,-0.00020942536593793193,0.000270583999650853,0.0003855220197814341
gmat_d04_sso_900km_i97p6_jun_36h_g2020,numerical_gravity_20x20,EarthMJ2000Eq,47460.0,2026-06-17T19:41:00Z,0.0012371165212243795,-0.001156371126853628,-0.001041887117025908,0.0019882606053361314,-0.0010083844870223402,0.00042574832548325503,-0.0017443668731687012,0.0020593486102472927
gmat_d04_sso_900km_i97p6_jun_36h_g2020,numerical_gravity_20x20,EarthMJ2000Eq,47520.0,2026-06-17T19:42:00Z,5.582433004747145e-05,-7.694961823290214e-05,-1.7227648640982807e-05,9.66146544222747e-05,-5.8693494509043376e-05,2.5627500122027413e-05,-9.93392035297802e-05,0.00011819463785687877
gmat_d04_sso_900km_i97p6_jun_36h_g2020,numerical_gravity_20x20,EarthMJ2000Eq,47580.0,2026-06-17T19:43:00Z,-0.0006799809852964245,0.0006052930530131562,0.0006791333362343721,0.0011357710635403213,0.0006013838316221154,-0.00034723690589544276,0.0009257004052187767,0.0011572196083607228
gmat_d04_sso_900km_i97p6_jun_36h_g2020,numerical_gravity_20x20,EarthMJ2000Eq,47640.0,2026-06-17T19:44:00Z,0.0012538775990833528,-0.0012460814104997553,-0.0014773195289308205,0.0023037796998924345,-0.0013543521859560315,0.0007003064794730562,-0.0017738663871114113,0.0023390812230701863
gmat_d04_sso_900km_i97p6_jun_36h_g2020,numerical_gravity_20x20,EarthMJ2000Eq,47700.0,2026-06-17T19:45:00Z,-0.0006331492841127329,0.0005885804057470523,0.0008235874702222645,0.0011939854400740992,0.0007110569910651066,-0.00044170045399027913,0.0008714966526213175,0.001208390562329888
gmat_d04_sso_900km_i97p6_jun_36h_g2020,numerical_gravity_20x20,EarthMJ2000Eq,47760.0,2026-06-17T19:46:00Z,0.0011216880011488684,-0.0011951842679991387,-0.0017504235074738972,0.002398047510353204,-0.0015728174318496713,0.0008990381772377987,-0.0016368417732337548,0.002441572302567401
gmat_d04_sso_900km_i97p6_jun_36h_g2020,numerical_gravity_20x20,EarthMJ2000Eq,47820.0,2026-06-17T19:47:00Z,0.0009634341040509753,-0.0010716439646785147,-0.0017277197912335396,0.0022498092667825103,-0.0015305858802605599,0.0009062532946302326,-0.0014290195693433816,0.0022816847066252357
gmat_d04_sso_900km_i97p6_jun_36h_g2020,numerical_gravity_20x20,EarthMJ2000Eq,47880.0,2026-06-17T19:48:00Z,-0.0004828780220123008,0.0004867379175266251,0.0009410505299456418,0.0011643285981249628,0.0008094902526067926,-0.0005363323118956487,0.0006938218888308256,0.0011934469536889834
gmat_d04_sso_900km_i97p6_jun_36h_g2020,numerical_gravity_20x20,EarthMJ2000Eq,47940.0,2026-06-17T19:49:00Z,0.0007995595296961255,-0.0009867949302133638,-0.0019506214812281542,0.0023276562974054835,-0.0017017609543756862,0.0010638121494821462,-0.001270223037863616,0.00237511119763748
gmat_d04_sso_900km_i97p6_jun_36h_g2020,numerical_gravity_20x20,EarthMJ2000Eq,48000.0,2026-06-17T19:50:00Z,-0.00041042039811145514,0.0004554835868475493,0.0011078345778514631,0.0012661783653801716,0.0009213474427838264,-0.0006313105593847013,0.0006076659175846544,0.0012714920369821122
gmat_d04_sso_900km_i97p6_jun_36h_g2020,numerical_gravity_20x20,EarthMJ2000Eq,48060.0,2026-06-17T19:51:00Z,-0.00031861327443039045,0.0003667546479846351,0.0010070762073155493,0.001118134999811141,0.00083522144755932,-0.0005739746455901695,0.00049921666800401,0.0011297163546025492
gmat_d04_sso_900km_i97p6_jun_36h_g2020,numerical_gravity_20x20,EarthMJ2000Eq,48120.0,2026-06-17T19:52:00Z,0.0004749899744638242,-0.0007687599463679362,-0.0021155915419512894,0.0023005075316887384,-0.001794446369274283,0.001225285650718888,-0.0008441540799708491,0.002331085328509168
gmat_d04_sso_900km_i97p6_jun_36h_g2020,numerical_gravity_20x20,EarthMJ2000Eq,48180.0,2026-06-17T19:53:00Z,-0.00022664607968181372,0.00031522267818218097,0.0011309398360026535,0.001195725175336369,0.0009575191750599288,-0.0006894151916014835,0.0003835722850453749,0.0012406707761825
gmat_d04_sso_900km_i97p6_jun_36h_g2020,numerical_gravity_20x20,EarthMJ2000Eq,48240.0,2026-06-17T19:54:00Z,0.0002642091203597374,-0.0006403574843716342,-0.002302627535755164,0.002404570176869441,-0.0019399473139003476,0.0013592933445494282,-0.00063655658522066,0.002452810278727919
gmat_d04_sso_900km_i97p6_jun_36h_g2020,numerical_gravity_20x20,EarthMJ2000Eq,48300.0,2026-06-17T19:55:00Z,0.00013901080819778144,-0.0005272895577945746,-0.0021940104488749057,0.0022607609631111517,-0.0018579940919138949,0.0013310164082014353,-0.0004558646793384469,0.0023305706018820226
gmat_d04_sso_900km_i97p6_jun_36h_g2020,numerical_gravity_20x20,EarthMJ2000Eq,48360.0,2026-06-17T19:56:00Z,-5.5501914175692946e-05,0.0001861435521277599,0.0011661014696073835,0.0011821685674625279,0.0009454348415260938,-0.0007005778179802746,0.0001822320072619732,0.0011907412914181656
gmat_d04_sso_900km_i97p6_jun_36h_g2020,numerical_gravity_20x20,EarthMJ2000Eq,48420.0,2026-06-17T19:57:00Z,-8.787446859059855e-05,-0.00038051712181186303,-0.0023551403387500613,0.002387299984800783,-0.0019234792647537802,0.001462010290609328,-0.0001496696100389272,0.0024206708912932625
gmat_d04_sso_900km_i97p6_jun_36h_g2020,numerical_gravity_20x20,EarthMJ2000Eq,48480.0,2026-06-17T19:58:00Z,-0.00016229842003667727,-0.00023849406716180965,-0.001856045940940021,0.0018783308366998905,-0.0014690817451423754,0.00114194853573224,-3.412026217120001e-05,0.001861024401898644
gmat_d04_sso_900km_i97p6_jun_36h_g2020,numerical_gravity_20x20,EarthMJ2000Eq,48540.0,2026-06-17T19:59:00Z,-0.00010410349204903468,-7.380003808066249e-05,-0.0006279188937696745,0.0006407543365678008,-0.0004893975225073177,0.0003563055406274884,-0.00013300116563641495,0.0006198006803632861
gmat_d04_sso_900km_i97p6_jun_36h_g2020,numerical_gravity_20x20,EarthMJ2000Eq,48600.0,2026-06-17T20:00:00Z,-0.0004504372554947622,-0.0001355219865217805,-0.002579496253929392,0.0026220337248029878,-0.0023492010559067467,0.001740279559347968,6.996625501187737e-05,0.002924416834618163
gmat_d04_sso_900km_i97p6_jun_36h_g2020,numerical_gravity_20x20,EarthMJ2000Eq,48660.0,2026-06-17T20:01:00Z,-0.00019309845811221749,-2.2684616851620376e-05,-0.0007009741693764227,0.0007274382396464914,-0.0009136282841382126,0.0006673020885861192,0.0003176916507641181,0.001175132632503226
gmat_d04_sso_900km_i97p6_jun_36h_g2020,numerical_gravity_20x20,EarthMJ2000Eq,48720.0,2026-06-17T20:02:00Z,0.00015386649465654045,-5.9508238337002695e-05,0.000686183284415165,0.0007057362314764971,0.0005590097273966421,-0.0003734424991463925,0.0003248734614658133,0.0007466551690422767
gmat_d04_sso_900km_i97p6_jun_36h_g2020,numerical_gravity_20x20,EarthMJ2000Eq,48780.0,2026-06-17T20:03:00Z,-0.00043058753362856805,0.00010197345545748249,-0.0010408875823486596,0.001131039861729864,-0.0003782205659774718,0.0004960760691119503,0.0006546745368041229,0.0009042903361274943
gmat_d04_sso_900km_i97p6_jun_36h_g2020,numerical_gravity_20x20,EarthMJ2000Eq,48840.0,2026-06-17T20:04:00Z,-0.0005847596185049042,0.0001278085619560443,-0.0016271510503429454,0.0017337529756500558,-0.0009476353035609009,0.0008581976240762401,0.0002696829426440672,0.0013066157507386125
gmat_d04_sso_900km_i97p6_jun_36h_g2020,numerical_gravity_20x20,EarthMJ2000Eq,48900.0,2026-06-17T20:05:00Z,0.0002844008122337982,-0.00013602038961835206,0.0007596936484333128,0.0008225082418195518,0.0005319296114691952,-0.0005072671172001719,-0.0007157110459843352,0.0010259197537304432
gmat_d04_sso_900km_i97p6_jun_36h_g2020,numerical_gravity_20x20,EarthMJ2000Eq,48960.0,2026-06-17T20:06:00Z,-0.0007573034963570535,0.0002788938218145631,-0.0015332825569203123,0.0017326989781254684,-0.0014286314353739726,0.0012092777890160278,0.0006889449011282522,0.0019944888131891857
gmat_d04_sso_900km_i97p6_jun_36h_g2020,numerical_gravity_20x20,EarthMJ2000Eq,49020.0,2026-06-17T20:07:00Z,-0.0009314017006545328,0.00040888426156016067,-0.001554520167701412,0.0018577482119825012,-0.001405945582177992,0.0013054559655500952,0.0012917489300434681,0.0023129015448791995
gmat_d04_sso_900km_i97p6_jun_36h_g2020,numerical_gravity_20x20,EarthMJ2000Eq,49080.0,2026-06-17T20:08:00Z,-0.0001997568688238971,6.198843038873747e-05,-0.00028560589271364734,0.00035400013855526447,-5.9885874037490794e-05,0.00021056179022593824,0.0005982627726552892,0.0006370564579043057
gmat_d04_sso_900km_i97p6_jun_36h_g2020,numerical_gravity_20x20,EarthMJ2000Eq,49140.0,2026-06-17T20:09:00Z,-0.00017292131815338507,6.979144018259831e-05,-0.00014484248822554946,0.00023611855875816675,0.00030599878186876595,-0.00011042500247526732,0.00023661161918653306,0.0004022611017870163
gmat_d04_sso_900km_i97p6_jun_36h_g2020,numerical_gravity_20x20,EarthMJ2000Eq,49200.0,2026-06-17T20:10:00Z,-0.00043814316086354665,0.00020848665371886455,-0.0005548872650251724,0.000737113282391184,-0.00022359802898108683,0.00021650681247820103,0.00011184742021441707,0.00033072817210258676
gmat_d04_sso_900km_i97p6_jun_36h_g2020,numerical_gravity_20x20,EarthMJ2000Eq,49260.0,2026-06-17T20:11:00Z,-0.0007959893082443159,0.0004252283360983711,-0.000898100552149117,0.00127318605020272,-0.0008404867912759073,0.0007112967992384256,0.0005900950839077268,0.0012492291186840655
gmat_d04_sso_900km_i97p6_jun_36h_g2020,numerical_gravity_20x20,EarthMJ2000Eq,49320.0,2026-06-17T20:12:00Z,-0.0014176716831570957,0.0008179522410500795,-0.0013932121873949654,0.002149390394732931,-0.0012255689796347724,0.0012177800989832122,0.0016744046149597125,0.0024059589580707652
gmat_d04_sso_900km_i97p6_jun_36h_g2020,numerical_gravity_20x20,EarthMJ2000Eq,49380.0,2026-06-17T20:13:00Z,0.0008101092134893406,-0.0005426318239187822,0.0006794298315071501,0.0011884238006921507,0.00046987658208763605,-0.0004203664083490821,-0.0008261116235530608,0.0010392075510850275
gmat_d04_sso_900km_i97p6_jun_36h_g2020,numerical_gravity_20x20,EarthMJ2000Eq,49440.0,2026-06-17T20:14:00Z,-0.0002931565177277662,0.00016944522940320894,-0.00016301055438816547,0.00037579897617704235,-3.0375701953744283e-06,0.00017469181656792898,0.0003778888313377138,0.00041632490492195864
gmat_d04_sso_900km_i97p6_jun_36h_g2020,numerical_gravity_20x20,EarthMJ2000Eq,49500.0,2026-06-17T20:15:00Z,-0.0014879269656375982,0.0009426653377886396,-0.0010522508091526106,0.0020517739542898006,-0.0006848148714766467,0.0008804659223926592,0.0017468906321482791,0.0020726356480041896
gmat_d04_sso_900km_i97p6_jun_36h_g2020,numerical_gravity_20x20,EarthMJ2000Eq,49560.0,2026-06-17T20:16:00Z,-0.0006762320481357165,0.0004288954187359195,-0.00040341910789720714,0.0008966538015059459,-0.00024868462844551686,0.0003683342519877897,0.0008086349367886214,0.0009227158970168592
gmat_d04_sso_900km_i97p6_jun_36h_g2020,numerical_gravity_20x20,EarthMJ2000Eq,49620.0,2026-06-17T20:17:00Z,-0.0006457501058321213,0.00042036799641209655,-0.0003289314918220043,0.0008377937561846385,-0.00017816326192132692,0.00030880187296133954,0.0007924181311125267,0.000868923034082276
gmat_d04_sso_900km_i97p6_jun_36h_g2020,numerical_gravity_20x20,EarthMJ2000Eq,49680.0,2026-06-17T20:18:00Z,-0.0006711175046802964,0.00044887065087095834,-0.00029069451557006687,0.00085812986644455,-0.0001205355815159237,0.00028047431044342375,0.0008089142689016171,0.000864602197350165
gmat_d04_sso_900km_i97p6_jun_36h_g2020,numerical_gravity_20x20,EarthMJ2000Eq,49740.0,2026-06-17T20:19:00Z,-0.0006728948847012362,0.000462269781564828,-0.00024024029698921368,0.0008509972250851053,-8.608314061575584e-05,0.00026473490066791783,0.0007817622105221744,0.0008298475935558534
gmat_d04_sso_900km_i97p6_jun_36h_g2020,numerical_gravity_20x20,EarthMJ2000Eq,49800.0,2026-06-17T20:20:00Z,-0.000678272499499144,0.00047835578698141035,-0.00019332856027176604,0.0008522052421407502,-8.059597433884846e-05,0.00026192825686166543,0.000800775445952695,0.0008463707448057007
gmat_d04_sso_900km_i97p6_jun_36h_g2020,numerical_gravity_20x20,EarthMJ2000Eq,49860.0,2026-06-17T20:21:00Z,-0.0006824088245593884,0.0004933153832098469,-0.00014352463040268049,0.0008541903714513705,-4.920419627296724e-05,0.0002298179424542468,0.0008606284573886569,0.0008921427471385683
gmat_d04_sso_900km_i97p6_jun_36h_g2020,numerical_gravity_20x20,EarthMJ2000Eq,49920.0,2026-06-17T20:22:00Z,-0.0006833051138244173,0.000505296839037328,-9.07321009435691e-05,0.0008546713334734874,2.333599979920109e-05,0.00016783641143547356,0.0008883603852538613,0.0009043770253486953
gmat_d04_sso_900km_i97p6_jun_36h_g2020,numerical_gravity_20x20,EarthMJ2000Eq,49980.0,2026-06-17T20:23:00Z,-0.0006797489504606347,0.0005137884500072687,-3.822424332611263e-05,0.0008529351087808849,8.946621221639361e-05,0.00012176837316246747,0.0008544653318232065,0.0008677227340105392
gmat_d04_sso_900km_i97p6_jun_36h_g2020,numerical_gravity_20x20,EarthMJ2000Eq,50040.0,2026-06-17T20:24:00Z,-0.0006734525186402607,0.0005207854201216833,1.1752490536309779e-05,0.000851406994162037,0.0001142117511676588,0.0001169899732644808,0.0008180531807511215,0.0008342313734727521
gmat_d04_sso_900km_i97p6_jun_36h_g2020,numerical_gravity_20x20,EarthMJ2000Eq,50100.0,2026-06-17T20:25:00Z,-0.0006662812666036189,0.0005279244987832499,6.116260919952765e-05,0.0008522768725047996,0.00012787726433316493,0.00011656364762302474,0.0008389617889292822,0.0008566192631291571
gmat_d04_sso_900km_i97p6_jun_36h_g2020,numerical_gravity_20x20,EarthMJ2000Eq,50160.0,2026-06-17T20:26:00Z,-0.0006573263817699626,0.0005338021651368763,0.00011300289770588279,0.0008542788646370304,0.00017831336407425624,7.005418467542768e-05,0.0008865865819274177,0.0009070496192886908
gmat_d04_sso_900km_i97p6_jun_36h_g2020,numerical_gravity_20x20,EarthMJ2000Eq,50220.0,2026-06-17T20:27:00Z,-0.0006445550297939917,0.0005357161398933385,0.00016632020560791716,0.0008544620411512804,0.00025419133464765764,-9.551470725455147e-06,0.0008788481054011754,0.0009149199186651323
gmat_d04_sso_900km_i97p6_jun_36h_g2020,numerical_gravity_20x20,EarthMJ2000Eq,50280.0,2026-06-17T20:28:00Z,-0.0006246632437978406,0.0005307790615916019,0.00021530013327719644,0.0008475168008749329,0.0003013047589206508,-6.015188347419098e-05,0.000810143729879087,0.000866450038892101
gmat_d04_sso_900km_i97p6_jun_36h_g2020,numerical_gravity_20x20,EarthMJ2000Eq,50340.0,2026-06-17T20:29:00Z,-0.0006217564987309743,0.0005403564955486218,0.00026938141672872007,0.000866679083441247,0.00032085267775983084,-6.646949657351797e-05,0.0007831606474439923,0.0008489435991308751
gmat_d04_sso_900km_i97p6_jun_36h_g2020,numerical_gravity_20x20,EarthMJ2000Eq,50400.0,2026-06-17T20:30:00Z,-0.0002588581082818564,0.00024229677819676,0.00013050430425209925,0.00037781823986689114,7.039613336701223e-05,0.0001127187232441429,0.00033615998873415265,0.00036147567579100187
gmat_d04_sso_900km_i97p6_jun_36h_g2020,numerical_gravity_20x20,EarthMJ2000Eq,50460.0,2026-06-17T20:31:00Z,-0.00030359933589352295,0.00029150328373361845,0.00017805632523959503,0.0004570019432565895,0.00015900081251629672,6.574030209094417e-05,0.0005488316467960885,0.0005751688640953695
gmat_d04_sso_900km_i97p6_jun_36h_g2020,numerical_gravity_20x20,EarthMJ2000Eq,50520.0,2026-06-17T20:32:00Z,-0.0002809711077134125,0.0002832075551850721,0.0002061033228528686,0.00044903213957867374,0.00027052049489384444,-8.810996376951152e-05,0.0005570539585164624,0.00062550285097027
gmat_d04_sso_900km_i97p6_jun_36h_g2020,numerical_gravity_20x20,EarthMJ2000Eq,50580.0,2026-06-17T20:33:00Z,-0.0002643478183017578,0.0002756808044068748,0.00023728080122964457,0.0004496463650375735,0.0003284688077087594,-0.00021046897558107958,0.00044742209936998734,0.0005936122322900782
gmat_d04_sso_900km_i97p6_jun_36h_g2020,numerical_gravity_20x20,EarthMJ2000Eq,50640.0,2026-06-17T20:34:00Z,-0.0002447272891004104,0.00026232009986415505,0.0002599845174700022,0.0004430521754232632,0.00032105340608268307,-0.00021821922047138287,0.0003169375872857927,0.0005011430454221326
gmat_d04_sso_900km_i97p6_jun_36h_g2020,numerical_gravity_20x20,EarthMJ2000Eq,50700.0,2026-06-17T20:35:00Z,-0.00022587846615351737,0.0002507549652364105,0.00027628539100987837,0.0004361567967463771,0.0003076934262935538,-0.00016222889698269682,0.0002325437620243065,0.00041841374362812985
gmat_d04_sso_900km_i97p6_jun_36h_g2020,numerical_gravity_20x20,EarthMJ2000Eq,50760.0,2026-06-17T20:36:00Z,-0.00020810330170206726,0.00024310065782628953,0.000288519004243426,0.00043086904022509486,0.00027894575538311983,-9.248601884337404e-05,0.00018210233321269698,0.0003457248297262787
gmat_d04_sso_900km_i97p6_jun_36h_g2020,numerical_gravity_20x20,EarthMJ2000Eq,50820.0,2026-06-17T20:37:00Z,-0.00019314757082611322,0.00023948177840793505,0.0002996093826368451,0.00042944532651955497,0.00021707657893443866,-3.2727154319900364e-05,0.00020549961732285738,0.000300704839454903
gmat_d04_sso_900km_i97p6_jun_36h_g2020,numerical_gravity_20x20,EarthMJ2000Eq,50880.0,2026-06-17T20:38:00Z,-0.00018130140233552083,0.00023796337700332515,0.000315422767016571,0.0004347278335189077,0.0001939066684997215,-3.377742530119576e-05,0.00033496405649202643,0.0003885120714858577
gmat_d04_sso_900km_i97p6_jun_36h_g2020,numerical_gravity_20x20,EarthMJ2000Eq,50940.0,2026-06-17T20:39:00Z,-0.000167266080097761,0.00023315624275710434,0.00033970445656450465,0.0004446784151470204,0.00029532820633448864,-0.00014416201565836673,0.00045581050045484517,0.0005619293981812359
gmat_d04_sso_900km_i97p6_jun_36h_g2020,numerical_gravity_20x20,EarthMJ2000Eq,51000.0,2026-06-17T20:40:00Z,-0.0001443777364329435,0.0002193264663219452,0.00036501296563073993,0.00044964818990552997,0.00044882986216521203,-0.0002958664424568269,0.0003785434188330328,0.0006574802787043144
gmat_d04_sso_900km_i97p6_jun_36h_g2020,numerical_gravity_20x20,EarthMJ2000Eq,51060.0,2026-06-17T20:41:00Z,-0.0001171047188108787,0.00020133484213147312,0.0003841273610305507,0.0004492249584742317,0.0004765459138411643,-0.00033585045855488715,0.00014348433552413553,0.0006003992780234176
gmat_d04_sso_900km_i97p6_jun_36h_g2020,numerical_gravity_20x20,EarthMJ2000Eq,51120.0,2026-06-17T20:42:00Z,-8.922779670683667e-05,0.000179438302438939,0.00037135123420739546,0.00042197327312838256,0.00033503066987350394,-0.00022048629588766744,-5.409006575973763e-06,0.00040110972785796625
gmat_d04_sso_900km_i97p6_jun_36h_g2020,numerical_gravity_20x20,EarthMJ2000Eq,51180.0,2026-06-17T20:43:00Z,-8.650386007502675e-05,0.00018906848708866164,0.000424203335569473,0.00047241748541532847,0.0002840672141957157,-0.00015741496994792215,0.00010222400703696621,0.0003404752598344167
gmat_d04_sso_900km_i97p6_jun_36h_g2020,numerical_gravity_20x20,EarthMJ2000Eq,51240.0,2026-06-17T20:44:00Z,-0.0001426742528565228,0.0002965493877127301,0.0007914704838185571,0.0008571598500495359,0.000560434587626446,-0.0003297984108030505,0.00037775382821791936,0.0007520318301172734
gmat_d04_sso_900km_i97p6_jun_36h_g2020,numerical_gravity_20x20,EarthMJ2000Eq,51300.0,2026-06-17T20:45:00Z,-0.0001424223228241317,0.00033565629564691335,0.0010121800642082235,0.0010758521037887098,0.0008839842191576963,-0.0005754847709482647,0.0006238201066821603,0.0012254641352622932
gmat_d04_sso_900km_i97p6_jun_36h_g2020,numerical_gravity_20x20,EarthMJ2000Eq,51360.0,2026-06-17T20:46:00Z,-7.57281668484211e-05,0.0002809238139889203,0.0009983705240301788,0.001039902229910388,0.0010981084930250518,-0.0008240712556784047,0.00039909675564331337,0.0014297600908034017
gmat_d04_sso_900km_i97p6_jun_36h_g2020,numerical_gravity_20x20,EarthMJ2000Eq,51420.0,2026-06-17T20:47:00Z,-1.1310476111248136e-05,0.00023229222279042006,0.0010212302186118905,0.001047377087320926,0.0010731494581861512,-0.0008801854800566389,-9.136869039139128e-05,0.001390943735918748
gmat_d04_sso_900km_i97p6_jun_36h_g2020,numerical_gravity_20x20,EarthMJ2000Eq,51480.0,2026-06-17T20:48:00Z,4.435332812136039e-05,0.00018615264707477763,0.0010055053962787497,0.0010235531875159556,0.0007403317733162273,-0.0005996037000244314,-0.00033576785796185504,0.0010101266188477713
gmat_d04_sso_900km_i97p6_jun_36h_g2020,numerical_gravity_20x20,EarthMJ2000Eq,51540.0,2026-06-17T20:49:00Z,8.076767699094489e-05,0.00015922432794468477,0.0009911842369092483,0.0010071355399117435,0.0005287614235349736,-0.00033899183460306404,-7.995648587666437e-05,0.000633164391434032
gmat_d04_sso_900km_i97p6_jun_36h_g2020,numerical_gravity_20x20,EarthMJ2000Eq,51600.0,2026-06-17T20:50:00Z,0.00011537395039340481,0.0001383905328111723,0.0009975579473575635,0.0010136986467078743,0.0006768812177426753,-0.00041576420084510346,0.00025650415125255677,0.0008347589072582388
gmat_d04_sso_900km_i97p6_jun_36h_g2020,numerical_gravity_20x20,EarthMJ2000Eq,51660.0,2026-06-17T20:51:00Z,0.00016447575035272166,0.00010476014722371474,0.0010138487596123014,0.0010324322100108206,0.0009444778292788669,-0.0007118163281027989,0.0002085505101945273,0.0012009222165716934
gmat_d04_sso_900km_i97p6_jun_36h_g2020,numerical_gravity_20x20,EarthMJ2000Eq,51720.0,2026-06-17T20:52:00Z,0.00022367930796463042,5.599122232524678e-05,0.0010158896657230798,0.0010417289775714036,0.0009748815088528318,-0.0008660952510730624,-0.00015910917028350013,0.0013137087456140302
gmat_d04_sso_900km_i97p6_jun_36h_g2020,numerical_gravity_20x20,EarthMJ2000Eq,51780.0,2026-06-17T20:53:00Z,0.0002764827513601631,6.726622814312577e-06,0.0009974489785236074,0.0010350808780051728,0.0007689284764467175,-0.00073987271864695,-0.00040243186560928734,0.0011404446712341948
gmat_d04_sso_900km_i97p6_jun_36h_g2020,numerical_gravity_20x20,EarthMJ2000Eq,51840.0,2026-06-17T20:54:00Z,0.00031994022720027715,-3.237346390960738e-05,0.0009789512205315987,0.0010304151019500725,0.0006492082427200785,-0.0005632991295634326,-0.00032726443777164604,0.0009197169477684995
gmat_d04_sso_900km_i97p6_jun_36h_g2020,numerical_gravity_20x20,EarthMJ2000Eq,51900.0,2026-06-17T20:55:00Z,0.00034256754588568583,-5.753463483415544e-05,0.0009231166586687323,0.0009863098515230221,0.0007121849776581257,-0.0005411097125929132,-0.00020367885156247212,0.0009173288603538524
gmat_d04_sso_900km_i97p6_jun_36h_g2020,numerical_gravity_20x20,EarthMJ2000Eq,51960.0,2026-06-17T20:56:00Z,0.0004633948265109211,-0.00012362761481199414,0.0010690787348721642,0.0011717285921821045,0.0009233902531491367,-0.0007525599032831565,-0.00039261482953634186,0.0012542497247407436
gmat_d04_sso_900km_i97p6_jun_36h_g2020,numerical_gravity_20x20,EarthMJ2000Eq,52020.0,2026-06-17T20:57:00Z,0.0001542275640531443,-2.290289558004588e-05,0.00026293810151400976,0.00030569123207496306,0.00022810464628264526,-0.00022962121093428323,-0.00017953816211502271,0.0003701237385284784
gmat_d04_sso_900km_i97p6_jun_36h_g2020,numerical_gravity_20x20,EarthMJ2000Eq,52080.0,2026-06-17T20:58:00Z,-0.0006599930202355608,0.0003380973794264719,-0.0012929549484397285,0.0014905143821612342,-0.0010076885992305051,0.0008581497734638788,0.0007103233556904343,0.0015021373493640864
gmat_d04_sso_900km_i97p6_jun_36h_g2020,numerical_gravity_20x20,EarthMJ2000Eq,52140.0,2026-06-17T20:59:00Z,0.000985893166216556,-0.0004423973223310895,0.001593627985130297,0.0019254482285921567,0.0011551226641870471,-0.0011002481148381094,-0.0010443708120533302,0.001906715677963636
gmat_d04_sso_900km_i97p6_jun_36h_g2020,numerical_gravity_20x20,EarthMJ2000Eq,52200.0,2026-06-17T21:00:00Z,-0.000673029717290774,0.00039014457797748037,-0.0010163139450014569,0.0012798733636130372,-0.0007774603183463569,0.0007037539440091223,0.0008187086564248602,0.001330412727095097
gmat_d04_sso_900km_i97p6_jun_36h_g2020,numerical_gravity_20x20,EarthMJ2000Eq,52260.0,2026-06-17T21:01:00Z,0.0010164831110159867,-0.0005147494448465295,0.0013247063179733232,0.0017472984103549653,0.0010083214263545415,-0.0009773812870150778,-0.001087276046973784,0.001775994223350922
gmat_d04_sso_900km_i97p6_jun_36h_g2020,numerical_gravity_20x20,EarthMJ2000Eq,52320.0,2026-06-17T21:02:00Z,0.0013760877664026339,-0.0007391531653411221,0.0016396315913880244,0.0022645875337805816,0.001222922207944066,-0.001229480073305922,-0.0015719194834673544,0.002340532170221849
gmat_d04_sso_900km_i97p6_jun_36h_g2020,numerical_gravity_20x20,EarthMJ2000Eq,52380.0,2026-06-17T21:03:00Z,-0.0008567121767555363,0.0005383540155889932,-0.0009423238225281239,0.0013826622821231577,-0.0007221396813861247,0.0006671676544556249,0.0009600444883517412,0.0013741483974443337
gmat_d04_sso_900km_i97p6_jun_36h_g2020,numerical_gravity_20x20,EarthMJ2000Eq,52440.0,2026-06-17T21:04:00Z,0.00118607931653969,-0.0006869604476378299,0.0011158563211211003,0.0017674371646901458,0.0007176321759061466,-0.0008391172201527297,-0.0013342731364218707,0.001731877146806231
gmat_d04_sso_900km_i97p6_jun_36h_g2020,numerical_gravity_20x20,EarthMJ2000Eq,52500.0,2026-06-17T21:05:00Z,0.0015614623407600448,-0.0009418108675163239,0.001336635250481777,0.0022609215255320497,0.0009120437738374676,-0.0010515548432010746,-0.0017282566489029705,0.002219112993547794
gmat_d04_sso_900km_i97p6_jun_36h_g2020,numerical_gravity_20x20,EarthMJ2000Eq,52560.0,2026-06-17T21:06:00Z,-0.0009894033610180486,0.0006617847247980535,-0.0007507042028009892,0.0014072792305981478,-0.0004643831985617908,0.0005179061624005499,0.0012196816889797901,0.0014041018376854072
gmat_d04_sso_900km_i97p6_jun_36h_g2020,numerical_gravity_20x20,EarthMJ2000Eq,52620.0,2026-06-17T21:07:00Z,0.0014296251720224973,-0.0009143736861005891,0.0009285577107220888,0.0019344577515301232,0.0006527240969944614,-0.0008239773308105214,-0.0017615158220962712,0.002051322836606264
gmat_d04_sso_900km_i97p6_jun_36h_g2020,numerical_gravity_20x20,EarthMJ2000Eq,52680.0,2026-06-17T21:08:00Z,-0.000957479187491117,0.0006667769412160851,-0.0005527772373170592,0.0012910927766477545,-0.00041171421827357335,0.00046249803986597726,0.0010651848292297927,0.0012320843131984893
gmat_d04_sso_900km_i97p6_jun_36h_g2020,numerical_gravity_20x20,EarthMJ2000Eq,52740.0,2026-06-17T21:09:00Z,0.0013617259355669376,-0.0009122973096964415,0.0006562668204423971,0.0017655792376692102,0.00029401991952227036,-0.0005526654689447241,-0.0016322010409908216,0.0017481324526051497
gmat_d04_sso_900km_i97p6_jun_36h_g2020,numerical_gravity_20x20,EarthMJ2000Eq,52800.0,2026-06-17T21:10:00Z,0.0017158954506157897,-0.0011768779586418532,0.0007219696271931753,0.0022024030216040006,0.0003610773902096298,-0.0006796772034078913,-0.0019851920107782917,0.002129160703707197
gmat_d04_sso_900km_i97p6_jun_36h_g2020,numerical_gravity_20x20,EarthMJ2000Eq,52860.0,2026-06-17T21:11:00Z,0.00012673035598709248,-7.516086952819023e-05,4.657067620428279e-05,0.00015452691454556703,2.8050450850969355e-05,-0.00010302869668521453,-8.997291800483254e-05,0.00013963117885308033
gmat_d04_sso_900km_i97p6_jun_36h_g2020,numerical_gravity_20x20,EarthMJ2000Eq,52920.0,2026-06-17T21:12:00Z,0.0014695754089188995,-0.0010513197139516706,0.00039761289372108877,0.0018501408153694225,0.00019810730833569323,-0.0005161453486834944,-0.0019682353524785867,0.002044407720913352
gmat_d04_sso_900km_i97p6_jun_36h_g2020,numerical_gravity_20x20,EarthMJ2000Eq,52980.0,2026-06-17T21:13:00Z,0.0011603004850258003,-0.0008452361726085655,0.00022058156901039183,0.0014523696608040842,-8.031175724454442e-05,-0.0002099529439192338,-0.0015817698262310387,0.0015976626678329284
gmat_d04_sso_900km_i97p6_jun_36h_g2020,numerical_gravity_20x20,EarthMJ2000Eq,53040.0,2026-06-17T21:14:00Z,-6.538365404651358e-06,8.855522537487559e-06,-2.4189830583054572e-05,2.6576651504912618e-05,-0.00021549428907974288,0.00017255263884408123,0.00015626933080881145,0.0003172259534613672
gmat_d04_sso_900km_i97p6_jun_36h_g2020,numerical_gravity_20x20,EarthMJ2000Eq,53100.0,2026-06-17T21:15:00Z,0.00014925859659342677,-0.00010691849183785962,1.3289536582306027e-05,0.0001840823303212294,2.9535485168707964e-05,-8.559730702017987e-05,0.0001401532223610502,0.00016685973028698054
gmat_d04_sso_900km_i97p6_jun_36h_g2020,numerical_gravity_20x20,EarthMJ2000Eq,53160.0,2026-06-17T21:16:00Z,0.00012691600659309188,-9.708958259579958e-05,1.0606527212075889e-05,0.00016014542827587943,0.0001893250001216984,-0.0003013926885842011,-0.00012171991192744258,0.00037616119598214633
gmat_d04_sso_900km_i97p6_jun_36h_g2020,numerical_gravity_20x20,EarthMJ2000Eq,53220.0,2026-06-17T21:17:00Z,0.00013682574717677198,-0.0001156907387667161,-8.4728526417166e-06,0.00017938066049259246,-1.2636114377073682e-05,-0.0001843085684072321,-0.0004910913897759883,0.0005246904543509301
gmat_d04_sso_900km_i97p6_jun_36h_g2020,numerical_gravity_20x20,EarthMJ2000Eq,53280.0,2026-06-17T21:18:00Z,0.00012836267160309944,-0.00011868795013469935,-3.833429218502715e-05,0.00017897855437339153,-0.00030841551534877,0.00013736922710450017,-0.00038003888924720286,0.0005083502650765344
gmat_d04_sso_900km_i97p6_jun_36h_g2020,numerical_gravity_20x20,EarthMJ2000Eq,53340.0,2026-06-17T21:19:00Z,8.093502401607111e-05,-8.1476173363626e-05,-3.174318408127874e-05,0.00011914896002097373,-0.0002355502459749914,0.00020743140538570515,9.02831143179128e-05,0.0003265926316531177
gmat_d04_sso_900km_i97p6_jun_36h_g2020,numerical_gravity_20x20,EarthMJ2000Eq,53400.0,2026-06-17T21:20:00Z,0.0002510537342459429,-0.00022559498802365852,-0.00011320480552967638,0.00035600056754904057,-2.4160229372682807e-05,2.9460878181453154e-06,-1.8929524614463844e-05,3.0833796699441046e-05
gmat_d04_sso_900km_i97p6_jun_36h_g2020,numerical_gravity_20x20,EarthMJ2000Eq,53460.0,2026-06-17T21:21:00Z,-0.00042433475755387917,0.0003487643880362157,0.00024046039470704272,0.0005995980205548149,0.0004221396565640134,-0.0002938085330583817,0.0005833311611525005,0.0007776892614106395
gmat_d04_sso_900km_i97p6_jun_36h_g2020,numerical_gravity_20x20,EarthMJ2000Eq,53520.0,2026-06-17T21:22:00Z,-0.0002886949914682191,0.00022099436591815902,0.00013117914932081476,0.00038651167780926995,0.00013770407036872712,-0.0001517319603294709,0.00021469581668043247,0.00029678155684209444
gmat_d04_sso_900km_i97p6_jun_36h_g2020,numerical_gravity_20x20,EarthMJ2000Eq,53580.0,2026-06-17T21:23:00Z,0.0010863122952287085,-0.0009759194199432386,-0.0006832024155301042,0.0016122216527430654,-0.0008915126414876795,0.00031740743366981405,-0.0016853958229035015,0.0019328997254751132
gmat_d04_sso_900km_i97p6_jun_36h_g2020,numerical_gravity_20x20,EarthMJ2000Eq,53640.0,2026-06-17T21:24:00Z,-0.0003165591806464363,0.0002473773292877013,0.00021537289285333827,0.00045584069681531774,-6.756550874342793e-05,0.00010913669967749229,0.0005209304099196288,0.0005365113318162868
gmat_d04_sso_900km_i97p6_jun_36h_g2020,numerical_gravity_20x20,EarthMJ2000Eq,53700.0,2026-06-17T21:25:00Z,-0.00019677509044413455,0.00013697285794478375,0.00010770963854156435,0.00026283714780756104,0.00012097345347683586,4.900702066379381e-05,0.0006936828889081426,0.0007058556615090653
gmat_d04_sso_900km_i97p6_jun_36h_g2020,numerical_gravity_20x20,EarthMJ2000Eq,53760.0,2026-06-17T21:26:00Z,-0.0006200016287039034,0.0005564293132920284,0.0006668278729193844,0.0010670871625075068,0.0009501475162210227,-0.0005397025049092008,0.0010966942909362842,0.001548159379443371
gmat_d04_sso_900km_i97p6_jun_36h_g2020,numerical_gravity_20x20,EarthMJ2000Eq,53820.0,2026-06-17T21:27:00Z,0.00028203794499859214,-0.0003114159881079104,-0.0003618015398387797,0.0005544598040417061,-0.0001298516849601583,-6.427303134159956e-05,-0.0005929861046638507,0.0006104301786193386
gmat_d04_sso_900km_i97p6_jun_36h_g2020,numerical_gravity_20x20,EarthMJ2000Eq,53880.0,2026-06-17T21:28:00Z,-0.0008285787771455944,0.0007852122507756576,0.001128831172536593,0.0016054161095474912,0.0009238467768568626,-0.0006459779378076291,0.0009062430805784061,0.0014463944428610232
gmat_d04_sso_900km_i97p6_jun_36h_g2020,numerical_gravity_20x20,EarthMJ2000Eq,53940.0,2026-06-17T21:29:00Z,0.001010113010124769,-0.001083422830561176,-0.0015765426724101417,0.0021632429639165877,-0.0015387606744354798,0.000859511573025884,-0.0015392389585144883,0.002340042975836839
gmat_d04_sso_900km_i97p6_jun_36h_g2020,numerical_gravity_20x20,EarthMJ2000Eq,54000.0,2026-06-17T21:30:00Z,-3.537661541486159e-05,-2.2080712369643152e-05,-1.3015778677072376e-05,4.3686076403500315e-05,-2.6472157799162233e-06,4.459099756104479e-05,0.0002462403614345021,0.00025025922643185164
gmat_d04_sso_900km_i97p6_jun_36h_g2020,numerical_gravity_20x20,EarthMJ2000Eq,54060.0,2026-06-17T21:31:00Z,0.00013245880836620927,-0.000198171164811356,-0.00030075079848757014,0.0003837553768579625,1.545874539488068e-05,2.9982238913817127e-05,-2.7846169814438326e-05,4.374147497288461e-05
gmat_d04_sso_900km_i97p6_jun_36h_g2020,numerical_gravity_20x20,EarthMJ2000Eq,54120.0,2026-06-17T21:32:00Z,0.000282022483588662,-0.000368937890016241,-0.0006507470970973372,0.0007994520825664065,-0.000252475373940797,0.00010055334342951028,-0.0006298677135418984,0.0006859942608243143
gmat_d04_sso_900km_i97p6_jun_36h_g2020,numerical_gravity_20x20,EarthMJ2000Eq,54180.0,2026-06-17T21:33:00Z,-0.0003500435923342593,0.0004003336471214425,0.001047214482241543,0.0011745023275278137,0.0008639133852739178,-0.0007473306418148695,3.738787057727677e-05,0.0011429117543875242
gmat_d04_sso_900km_i97p6_jun_36h_g2020,numerical_gravity_20x20,EarthMJ2000Eq,54240.0,2026-06-17T21:34:00Z,-0.0001948183125932701,0.00017325510270893574,0.00044678472477244213,0.0005172891800785706,-4.136513354069393e-05,-0.0001348317013594169,-4.190159330619281e-05,0.00014712717453248402
gmat_d04_sso_900km_i97p6_jun_36h_g2020,numerical_gravity_20x20,EarthMJ2000Eq,54300.0,2026-06-17T21:35:00Z,-0.00010482472134754062,9.726045391289517e-05,0.000451932010037126,0.0004740151472233023,2.7320368189975852e-06,-5.353673060426445e-05,0.00029459634731665574,0.0002994338881978618
gmat_d04_sso_900km_i97p6_jun_36h_g2020,numerical_gravity_20x20,EarthMJ2000Eq,54360.0,2026-06-17T21:36:00Z,-0.0001287053237319924,0.00010638223102432676,0.00040025543057709,0.0004336895769339193,0.00031731861582784404,-0.00016304158023672244,0.00042315750903298976,0.0005534762310054437
gmat_d04_sso_900km_i97p6_jun_36h_g2020,numerical_gravity_20x20,EarthMJ2000Eq,54420.0,2026-06-17T21:37:00Z,0.0002899314495152794,-0.0006841719368821941,-0.0024115690848702798,0.002523453374987785,-0.0018918629995923197,0.001403158478296973,-0.0005582707629514516,0.002420674610353387
gmat_d04_sso_900km_i97p6_jun_36h_g2020,numerical_gravity_20x20,EarthMJ2000Eq,54480.0,2026-06-17T21:38:00Z,-3.227432898711413e-05,2.115120878443122e-05,0.00029857233130314853,0.0003010555479714801,0.0003993108066424611,-0.0002684985567213971,-1.4981793583501712e-05,0.0004814198265567226
gmat_d04_sso_900km_i97p6_jun_36h_g2020,numerical_gravity_20x20,EarthMJ2000Eq,54540.0,2026-06-17T21:39:00Z,-6.450682121794671e-05,0.00023921620595501736,0.0014460722468356835,0.001467143641994048,0.0011949458089688392,-0.0009471528006343988,6.73532341011196e-05,0.0015262799128160137
gmat_d04_sso_900km_i97p6_jun_36h_g2020,numerical_gravity_20x20,EarthMJ2000Eq,54600.0,2026-06-17T21:40:00Z,-8.400184015044942e-05,-0.00038184316508704796,-0.002315958681720076,0.002348728406458897,-0.002023254633276572,0.0014075158816240219,-0.00024084290117798446,0.0024764219291443035
gmat_d04_sso_900km_i97p6_jun_36h_g2020,numerical_gravity_20x20,EarthMJ2000Eq,54660.0,2026-06-17T21:41:00Z,4.646881279768422e-05,-8.33642843645066e-06,0.000537382561560662,0.0005394523742383575,0.0003560329253637917,-0.00034197467080332444,-3.4574121343666775e-05,0.0004948752259719898
gmat_d04_sso_900km_i97p6_jun_36h_g2020,numerical_gravity_20x20,EarthMJ2000Eq,54720.0,2026-06-17T21:42:00Z,-0.0002568567651906051,-0.00016242029232671484,-0.0017614488001527207,0.0017874724123026727,-0.0014338350506903907,0.001155248674500342,9.123901634211506e-05,0.0018435853684129165
gmat_d04_sso_900km_i97p6_jun_36h_g2020,numerical_gravity_20x20,EarthMJ2000Eq,54780.0,2026-06-17T21:43:00Z,-0.0005190386218600906,-0.00016519061318831518,-0.003002705170729314,0.0030517089264857013,-0.002421272959907128,0.0020018371404972868,0.0002843494328885754,0.0031544839963829003
gmat_d04_sso_900km_i97p6_jun_36h_g2020,numerical_gravity_20x20,EarthMJ2000Eq,54840.0,2026-06-17T21:44:00Z,0.00016053763829404488,-5.0153175834566355e-05,0.0007554931471531745,0.0007739880940626482,0.0005949143400130197,-0.00041766046871005713,-0.00012822898298736618,0.0007381097554931825
gmat_d04_sso_900km_i97p6_jun_36h_g2020,numerical_gravity_20x20,EarthMJ2000Eq,54900.0,2026-06-17T21:45:00Z,-0.0006043401299393736,7.051130523905158e-05,-0.002026348511208198,0.002115723782939856,-0.0016112229328513195,0.0013196763126721578,0.0006025633325634772,0.00216810227602943
gmat_d04_sso_900km_i97p6_jun_36h_g2020,numerical_gravity_20x20,EarthMJ2000Eq,54960.0,2026-06-17T21:46:00Z,6.140180630609393e-05,-6.878144631627947e-05,0.0001975674877030542,0.00021802289185382986,0.00018673063095775433,-0.00019783097382486403,-6.160227883356129e-05,0.00027892698596561593
gmat_d04_sso_900km_i97p6_jun_36h_g2020,numerical_gravity_20x20,EarthMJ2000Eq,55020.0,2026-06-17T21:47:00Z,0.0004875264494330622,-0.00019775688997469842,0.0013841954569215886,0.0014808061619913792,0.001117395065364235,-0.0009506814224735649,-0.0005576277217755887,0.0015694953250103478
gmat_d04_sso_900km_i97p6_jun_36h_g2020,numerical_gravity_20x20,EarthMJ2000Eq,55080.0,2026-06-17T21:48:00Z,-0.0009659715942689218,0.0003278837539255619,-0.002133429006789811,0.0023647681078775825,-0.0016605610220210565,0.0014797614245054547,0.0009264677913733976,0.002409460385597225
gmat_d04_sso_900km_i97p6_jun_36h_g2020,numerical_gravity_20x20,EarthMJ2000Eq,55140.0,2026-06-17T21:49:00Z,0.00020617426343960688,-0.000140530573844444,0.00040835766412783414,0.0004785526626630074,0.0003171667373180753,-0.00023162272100307746,-0.0002674163113169925,0.0004751371462054394
gmat_d04_sso_900km_i97p6_jun_36h_g2020,numerical_gravity_20x20,EarthMJ2000Eq,55200.0,2026-06-17T21:50:00Z,-4.402772901812568e-05,-2.162323653465137e-05,-3.3880041883094236e-05,5.961428116422446e-05,-1.7961632181595633e-05,4.4602321835895964e-05,1.6866508190105378e-05,5.095553397136238e-05
gmat_d04_sso_900km_i97p6_jun_36h_g2020,numerical_gravity_20x20,EarthMJ2000Eq,55260.0,2026-06-17T21:51:00Z,-3.26817826135084e-05,-2.4520886654499918e-05,-9.747509466251358e-06,4.200460377046916e-05,-1.6475709685437323e-06,3.3057334647423886e-05,6.95177249099288e-06,3.382054116738355e-05
gmat_d04_sso_900km_i97p6_jun_36h_g2020,numerical_gravity_20x20,EarthMJ2000Eq,55320.0,2026-06-17T21:52:00Z,-3.474997356534004e-05,-2.1438609110191464e-05,-1.2824784789700061e-05,4.279777714173411e-05,7.194245199571014e-08,4.027489453051203e-05,1.8214763031210168e-05,4.4202374341695806e-05
gmat_d04_sso_900km_i97p6_jun_36h_g2020,numerical_gravity_20x20,EarthMJ2000Eq,55380.0,2026-06-17T21:53:00Z,-3.4205640986328945e-05,-1.918078851304017e-05,-1.1266820365563035e-05,4.080281564325514e-05,1.447020281375444e-05,3.546629656625555e-05,2.142552801842612e-05,4.3889613947551875e-05
gmat_d04_sso_900km_i97p6_jun_36h_g2020,numerical_gravity_20x20,EarthMJ2000Eq,55440.0,2026-06-17T21:54:00Z,-3.301238393760286e-05,-1.7310412658844143e-05,-1.034277374856174e-05,3.868385772485868e-05,2.2645885167094093e-05,2.787770014833768e-05,6.973976951485383e-06,3.658741088245639e-05
gmat_d04_sso_900km_i97p6_jun_36h_g2020,numerical_gravity_20x20,EarthMJ2000Eq,55500.0,2026-06-17T21:55:00Z,-3.1890522222965956e-05,-1.5571004041703418e-05,-1.0473740985617042e-05,3.700217324366265e-05,1.1851852832478471e-05,3.290834271751919e-05,-9.186429394958395e-06,3.6163737652584834e-05
gmat_d04_sso_900km_i97p6_jun_36h_g2020,numerical_gravity_20x20,EarthMJ2000Eq,55560.0,2026-06-17T21:56:00Z,-3.172681317664683e-05,-1.3109911378705874e-05,-1.0944859241135418e-05,3.6031241922970685e-05,-5.097255950659019e-06,4.973133016505926e-05,-1.5019097077129118e-06,5.001442742832097e-05
gmat_d04_sso_900km_i97p6_jun_36h_g2020,numerical_gravity_20x20,EarthMJ2000Eq,55620.0,2026-06-17T21:57:00Z,-3.209606802556664e-05,-9.775249054655433e-06,-1.0213625500909984e-05,3.507180096110238e-05,-2.666311615939776e-06,5.838085570530893e-05,2.6991742174686806e-05,6.437381203674491e-05
gmat_d04_sso_900km_i97p6_jun_36h_g2020,numerical_gravity_20x20,EarthMJ2000Eq,55680.0,2026-06-17T21:58:00Z,-3.158129402436316e-05,-6.538357411045581e-06,-7.978087523952127e-06,3.322315653919253e-05,2.178168756472587e-05,4.6486370308684855e-05,4.241718087882873e-05,6.659310603471492e-05
gmat_d04_sso_900km_i97p6_jun_36h_g2020,numerical_gravity_20x20,EarthMJ2000Eq,55740.0,2026-06-17T21:59:00Z,-2.9598595574498177e-05,-4.33283275924623e-06,-5.826223059557378e-06,3.0476141075307063e-05,4.065281444809443e-05,2.823652422989653e-05,2.438715895891619e-05,5.51786747324016e-05
gmat_d04_sso_900km_i97p6_jun_36h_g2020,numerical_gravity_20x20,EarthMJ2000Eq,55800.0,2026-06-17T22:00:00Z,-2.6621819415595382e-05,-3.2896423363126814e-06,-5.114998202770948e-06,2.730762205523912e-05,3.205968823749572e-05,2.6937563291085098e-05,-3.3857361358968774e-06,4.201094065988709e-05
gmat_d04_sso_900km_i97p6_jun_36h_g2020,numerical_gravity_20x20,EarthMJ2000Eq,55860.0,2026-06-17T22:01:00Z,-3.2299794838763773e-05,3.810328053077683e-06,-7.17773218639195e-06,3.330638355988036e-05,1.2380318992200046e-05,4.285016785843254e-05,3.517186542012496e-06,4.474125372646354e-05
gmat_d04_sso_900km_i97p6_jun_36h_g2020,numerical_gravity_20x20,EarthMJ2000Eq,55920.0,2026-06-17T22:02:00Z,-8.069491741480306e-07,-1.572516339365393e-05,8.458300726488233e-07,1.5768556028963742e-05,1.3175238677831658e-05,4.333067238349031e-05,-1.581934583327893e-05,4.7972760875481e-05
gmat_d04_sso_900km_i97p6_jun_36h_g2020,numerical_gravity_20x20,EarthMJ2000Eq,55980.0,2026-06-17T22:03:00Z,-9.207599305227632e-05,5.424567461886909e-05,-2.052092895610258e-05,0.00010881953058454379,1.8203216711754067e-05,6.52322640348757e-05,0.00010845502274037244,0.00012786358874748325
gmat_d04_sso_900km_i97p6_jun_36h_g2020,numerical_gravity_20x20,EarthMJ2000Eq,56040.0,2026-06-17T22:04:00Z,-0.0018797297229866672,0.0013532901448343182,-0.0004645380613510497,0.0023623237834871436,-5.7831073263514554e-05,0.000553459500451936,0.002364278328670366,0.0024288832551392124
gmat_d04_sso_900km_i97p6_jun_36h_g2020,numerical_gravity_20x20,EarthMJ2000Eq,56100.0,2026-06-17T22:05:00Z,0.0012365618005105716,-0.000917307943382184,0.00019426624930929393,0.00155186285640668,9.675193979319374e-05,-0.000248157050464215,-0.0016731004359726853,0.0016941688016253974
gmat_d04_sso_900km_i97p6_jun_36h_g2020,numerical_gravity_20x20,EarthMJ2000Eq,56160.0,2026-06-17T22:06:00Z,-0.0003937912538276578,0.0003049411816391512,1.1386873666197062e-06,0.0004980582018796191,-6.841460731266125e-05,0.00017104184735217132,0.0004334736458666555,0.00047099392108637645
gmat_d04_sso_900km_i97p6_jun_36h_g2020,numerical_gravity_20x20,EarthMJ2000Eq,56220.0,2026-06-17T22:07:00Z,-0.0016711128409951925,0.0012758372349708225,-5.34373612026684e-05,0.0021031486702202777,2.262368070660159e-05,0.00035920777463616105,0.002328770845865663,0.0023564201044893617
gmat_d04_sso_900km_i97p6_jun_36h_g2020,numerical_gravity_20x20,EarthMJ2000Eq,56280.0,2026-06-17T22:08:00Z,0.0009333467687611119,-0.0007169200557655131,-2.804335963446647e-05,0.0011772412612269512,3.226929834454495e-05,-0.00018633095066888927,-0.0008969285869575572,0.0009166468354249097
gmat_d04_sso_900km_i97p6_jun_36h_g2020,numerical_gravity_20x20,EarthMJ2000Eq,56340.0,2026-06-17T22:09:00Z,0.0005468996278068516,-0.0004263091568645905,-6.70670488034375e-05,0.000696661100648711,0.00021743673528362706,-0.00024402524445577,-0.0007561298254188387,0.0008237471497191501
gmat_d04_sso_900km_i97p6_jun_36h_g2020,numerical_gravity_20x20,EarthMJ2000Eq,56400.0,2026-06-17T22:10:00Z,0.0007358662514889147,-0.0005842790926635644,-0.00017597631085664034,0.000955954423697499,-9.439560244572931e-05,-4.583444734862496e-05,-0.0013849796864917607,0.0013889492641272617
gmat_d04_sso_900km_i97p6_jun_36h_g2020,numerical_gravity_20x20,EarthMJ2000Eq,56460.0,2026-06-17T22:11:00Z,0.00020566085368045606,-0.00014951461935197585,-5.109632184030488e-05,0.0002593488813204102,-0.0002687112754529153,0.0002325979409079082,-0.000590447024606533,0.0006891554545505964
gmat_d04_sso_900km_i97p6_jun_36h_g2020,numerical_gravity_20x20,EarthMJ2000Eq,56520.0,2026-06-17T22:12:00Z,-6.8931512942072e-05,7.110952537914272e-05,-2.7206624508835375e-05,0.00010270500714811691,-0.00026407764863733973,0.00032298341778869144,0.00019705703735439783,0.00046139654165065346
gmat_d04_sso_900km_i97p6_jun_36h_g2020,numerical_gravity_20x20,EarthMJ2000Eq,56580.0,2026-06-17T22:13:00Z,0.0007862977327022236,-0.000640002667751105,-0.0003798622856265865,0.0010826647196720892,-0.00040316283644870055,0.00023777158020266143,-0.0006686318165805005,0.0008161765147253212
gmat_d04_sso_900km_i97p6_jun_36h_g2020,numerical_gravity_20x20,EarthMJ2000Eq,56640.0,2026-06-17T22:14:00Z,-0.00029075863494654186,0.00027977534955425654,0.00017632100934861228,0.0004403452376850421,0.00033800429122265996,-0.00013850520730329663,0.0005422915450026267,0.0006538430340046438
gmat_d04_sso_900km_i97p6_jun_36h_g2020,numerical_gravity_20x20,EarthMJ2000Eq,56700.0,2026-06-17T22:15:00Z,-0.0007947523954499047,0.0007391008693957701,0.0006043774192221463,0.0012422453582447257,0.0008386704664076206,-0.0004645182016815852,0.0009481539997580057,0.0013483847070383786
gmat_d04_sso_900km_i97p6_jun_36h_g2020,numerical_gravity_20x20,EarthMJ2000Eq,56760.0,2026-06-17T22:16:00Z,0.00019043773136218078,-0.00014318106877908576,-0.0001648813849897124,0.0002897468189630754,-0.00013866419124042295,5.075939668586216e-05,-0.0006355311832351163,0.000652460082417691
gmat_d04_sso_900km_i97p6_jun_36h_g2020,numerical_gravity_20x20,EarthMJ2000Eq,56820.0,2026-06-17T22:17:00Z,-0.00025943836590158753,0.00028107979233027436,0.00028598242352018133,0.0004775982222753687,1.5061729641274724e-05,0.0001021307483028977,0.00015366197203547927,0.00018512035841184273
gmat_d04_sso_900km_i97p6_jun_36h_g2020,numerical_gravity_20x20,EarthMJ2000Eq,56880.0,2026-06-17T22:18:00Z,-0.0009526920621283352,0.0009348746061732527,0.0009843115549301729,0.0016584576966805601,0.0007129443702069693,-0.00019765167280638707,0.0015322996205213713,0.001701557517635802
gmat_d04_sso_900km_i97p6_jun_36h_g2020,numerical_gravity_20x20,EarthMJ2000Eq,56940.0,2026-06-17T22:19:00Z,-0.0007850558176869527,0.0008096681085589807,0.0009770237738848664,0.0014921295311191433,0.0010021818930283644,-0.00046925041630174746,0.0014678969151304955,0.001838283398544116
gmat_d04_sso_900km_i97p6_jun_36h_g2020,numerical_gravity_20x20,EarthMJ2000Eq,57000.0,2026-06-17T22:20:00Z,-0.0007372755135293119,0.0007911476131994277,0.0010740559446276166,0.0015241672811443577,0.001223964929408794,-0.0007368905485805044,0.0011324656767897068,0.0018230678369486747
gmat_d04_sso_900km_i97p6_jun_36h_g2020,numerical_gravity_20x20,EarthMJ2000Eq,57060.0,2026-06-17T22:21:00Z,-0.0006654245225945488,0.0007455450941051822,0.0011287320376140997,0.0015075355038442595,0.001096318591464751,-0.0007078342356692247,0.0007546931968249737,0.0015074831941055229
gmat_d04_sso_900km_i97p6_jun_36h_g2020,numerical_gravity_20x20,EarthMJ2000Eq,57120.0,2026-06-17T22:22:00Z,-0.0006083209882490337,0.0007116068445611745,0.0011799238563980907,0.0015062068360181928,0.0009335878736749237,-0.0005562936777891991,0.0007404921120723884,0.001315057999429122
gmat_d04_sso_900km_i97p6_jun_36h_g2020,numerical_gravity_20x20,EarthMJ2000Eq,57180.0,2026-06-17T22:23:00Z,-0.0005269685061648488,0.0006477234819612931,0.0011523238754307386,0.0014230572122937962,0.0009221059471542503,-0.0005030091898561295,0.0008527560879656448,0.001352956233002172
gmat_d04_sso_900km_i97p6_jun_36h_g2020,numerical_gravity_20x20,EarthMJ2000Eq,57240.0,2026-06-17T22:24:00Z,-0.0005830934242112562,0.0007643916433153208,0.0015698774404881988,0.0018408714522971132,0.0014026024786062408,-0.0008481531033055489,0.0010197540589729215,0.0019304289006412416
gmat_d04_sso_900km_i97p6_jun_36h_g2020,numerical_gravity_20x20,EarthMJ2000Eq,57300.0,2026-06-17T22:25:00Z,0.0001609532773727551,-0.00013967928680358455,-0.00043148429540451616,0.0004812431379663723,-0.0003174576157505271,0.0002365747597821155,-0.0002162332535249334,0.0004511139265129742
gmat_d04_sso_900km_i97p6_jun_36h_g2020,numerical_gravity_20x20,EarthMJ2000Eq,57360.0,2026-06-17T22:26:00Z,0.0003396226020413451,-0.0003987979653174989,-0.0011690462997648865,0.0012810357449941372,-0.000981758008222755,0.000673573641307712,-0.0005588862705963038,0.001315258187746834
gmat_d04_sso_900km_i97p6_jun_36h_g2020,numerical_gravity_20x20,EarthMJ2000Eq,57420.0,2026-06-17T22:27:00Z,-0.0004359044396551326,0.0007711792022746522,0.002258278527733637,0.0024258095455651145,0.001854956632740823,-0.0012782717107029384,0.000797022892129462,0.002389579077224899
gmat_d04_sso_900km_i97p6_jun_36h_g2020,numerical_gravity_20x20,EarthMJ2000Eq,57480.0,2026-06-17T22:28:00Z,7.813650881871581e-05,-9.816449164645746e-05,-0.0005794108801637776,0.0005928393960279193,-0.0004874216585903923,0.0003782818502884311,-5.370459632558777e-05,0.000619323191223405
gmat_d04_sso_900km_i97p6_jun_36h_g2020,numerical_gravity_20x20,EarthMJ2000Eq,57540.0,2026-06-17T22:29:00Z,-0.0001697117113508284,0.0005487181624630466,0.002137961246262421,0.0022137687271497927,0.0018380450494959177,-0.0013016880906491224,0.0005184013218695327,0.0023111774963923233
gmat_d04_sso_900km_i97p6_jun_36h_g2020,numerical_gravity_20x20,EarthMJ2000Eq,57600.0,2026-06-17T22:30:00Z,2.2382664610631764e-05,-8.24002199806273e-07,-0.0002663348368514562,0.0002672749669822992,-0.00014313839002966233,0.00011502065966340069,-5.877343056681639e-05,0.00019280214467240757
gmat_d04_sso_900km_i97p6_jun_36h_g2020,numerical_gravity_20x20,EarthMJ2000Eq,57660.0,2026-06-17T22:31:00Z,4.465437086764723e-05,-0.00019247545424150303,-0.0013102090861139004,0.0013250240234269266,-0.001081825753979082,0.0007929421563801498,-0.0002382192221261903,0.0013622968190257286
gmat_d04_sso_900km_i97p6_jun_36h_g2020,numerical_gravity_20x20,EarthMJ2000Eq,57720.0,2026-06-17T22:32:00Z,0.0001425905793439597,0.00034894674172392115,0.0023630382770534197,0.0023929157529459706,0.0018509478949546576,-0.001408604011210457,7.246470090649382e-05,0.0023271064657880897
gmat_d04_sso_900km_i97p6_jun_36h_g2020,numerical_gravity_20x20,EarthMJ2000Eq,57780.0,2026-06-17T22:33:00Z,-1.897387846838683e-05,2.4246219254564494e-05,-0.00030819032303952554,0.00030972433295994135,-0.0002721570746544444,0.00022427470991459586,0.00010186163024172856,0.00036707548339169095
gmat_d04_sso_900km_i97p6_jun_36h_g2020,numerical_gravity_20x20,EarthMJ2000Eq,57840.0,2026-06-17T22:34:00Z,-0.00015401383279822767,-4.077810444869101e-05,-0.0013124783890816616,0.001322112943852386,-0.0009974018277958407,0.0007943468105509055,0.00015898038441264362,0.001284940474944607
gmat_d04_sso_900km_i97p6_jun_36h_g2020,numerical_gravity_20x20,EarthMJ2000Eq,57900.0,2026-06-17T22:35:00Z,0.0005006668288842775,8.029473974602297e-05,0.0023955635697348043,0.00244864030339625,0.001967852547579696,-0.001570473279199902,-0.00038968561710817085,0.0025476822505716384
gmat_d04_sso_900km_i97p6_jun_36h_g2020,numerical_gravity_20x20,EarthMJ2000Eq,57960.0,2026-06-17T22:36:00Z,-0.0001460039129597135,7.310336513910443e-05,-0.0005972867711534491,0.0006192033039229696,-0.00048688253428963435,0.0003785775998244034,9.037837145342564e-05,0.0006233328575582041
gmat_d04_sso_900km_i97p6_jun_36h_g2020,numerical_gravity_20x20,EarthMJ2000Eq,58020.0,2026-06-17T22:37:00Z,0.0006962227416806854,-0.00010758776625152677,0.0021760045001428807,0.0022872028371183945,0.0016442629480195592,-0.0013863731274099678,-0.0006263745078172178,0.0022400839525959127
gmat_d04_sso_900km_i97p6_jun_36h_g2020,numerical_gravity_20x20,EarthMJ2000Eq,58080.0,2026-06-17T22:38:00Z,-0.00017664206097833812,0.00010917756299022585,-0.0005064862307335716,0.0005474033795016801,-0.00042059733473820415,0.0003392899294851759,0.00026407143138840183,0.0006014594708826656
gmat_d04_sso_900km_i97p6_jun_36h_g2020,numerical_gravity_20x20,EarthMJ2000Eq,58140.0,2026-06-17T22:39:00Z,0.0003369304977240972,-6.976188160479069e-05,0.0007791250027366914,0.0008517186450413646,0.000598126881357075,-0.0005329325869496415,-0.00030873081868776353,0.0008585380753597329
gmat_d04_sso_900km_i97p6_jun_36h_g2020,numerical_gravity_20x20,EarthMJ2000Eq,58200.0,2026-06-17T22:40:00Z,0.00025113331503234804,-5.655329005094245e-05,0.0004756843736686278,0.0005408713709258767,0.0003842126616859787,-0.00036452418861188107,-0.00029461943995556794,0.0006060510439581035
gmat_d04_sso_900km_i97p6_jun_36h_g2020,numerical_gravity_20x20,EarthMJ2000Eq,58260.0,2026-06-17T22:41:00Z,0.0003005707185366191,-8.774895832175389e-05,0.0005237011464487296,0.0006101684417600488,0.00035725600255887,-0.0003611935195380056,-0.00035990765923088475,0.0006225962841951834
gmat_d04_sso_900km_i97p6_jun_36h_g2020,numerical_gravity_20x20,EarthMJ2000Eq,58320.0,2026-06-17T22:42:00Z,0.00031659055821364745,-0.00010711391951190308,0.0004933599484502338,0.000595908560131543,0.0002971765056258846,-0.0003225280043039902,-0.0003213029842186188,0.0005436669906515532
gmat_d04_sso_900km_i97p6_jun_36h_g2020,numerical_gravity_20x20,EarthMJ2000Eq,58380.0,2026-06-17T22:43:00Z,0.0003345694494782947,-0.00012670852811424993,0.00047537741920677945,0.0005949583668735039,0.0003001803250413104,-0.0003300555384555537,-0.00029469049422914395,0.0005346843680117358
gmat_d04_sso_900km_i97p6_jun_36h_g2020,numerical_gravity_20x20,EarthMJ2000Eq,58440.0,2026-06-17T22:44:00Z,0.00035306584322825074,-0.00014687248039990664,0.0004571938916342333,0.0005960312657075564,0.0003143254545534546,-0.00033857805448178624,-0.0003169153828253002,0.0005602418676145276
gmat_d04_sso_900km_i97p6_jun_36h_g2020,numerical_gravity_20x20,EarthMJ2000Eq,58500.0,2026-06-17T22:45:00Z,0.00037211066228337586,-0.00016695503290975466,0.00043726686271838844,0.000597948691135328,0.000321246140799758,-0.0003301541262601404,-0.00034511948854287766,0.0005755938597982367
gmat_d04_sso_900km_i97p6_jun_36h_g2020,numerical_gravity_20x20,EarthMJ2000Eq,58560.0,2026-06-17T22:46:00Z,0.00039197266232804395,-0.0001868493200163357,0.0004158100637141615,0.0006012098181908517,0.0003438191953364367,-0.0003387294889023451,-0.0003746594146036841,0.0006109983491671758
gmat_d04_sso_900km_i97p6_jun_36h_g2020,numerical_gravity_20x20,EarthMJ2000Eq,58620.0,2026-06-17T22:47:00Z,0.00041319890442537144,-0.00020815286916331388,0.00039111000660341233,0.0006058283493074323,0.0003552447225274591,-0.00037191583146523044,-0.0004615694493281808,0.00069106190397909
gmat_d04_sso_900km_i97p6_jun_36h_g2020,numerical_gravity_20x20,EarthMJ2000Eq,58680.0,2026-06-17T22:48:00Z,0.0004327289389038924,-0.00023074426280800253,0.0003594004738260992,0.0006080016035917355,0.0002758469008767861,-0.0003687139482622115,-0.0005942029090988399,0.0007517436967131553
gmat_d04_sso_900km_i97p6_jun_36h_g2020,numerical_gravity_20x20,EarthMJ2000Eq,58740.0,2026-06-17T22:49:00Z,0.00044641183194471523,-0.0002519805093470495,0.00032333991839550436,0.0006060745858547829,0.00011577050429423252,-0.00028785196448666284,-0.0006336149382946132,0.0007054994352609068
gmat_d04_sso_900km_i97p6_jun_36h_g2020,numerical_gravity_20x20,EarthMJ2000Eq,58800.0,2026-06-17T22:50:00Z,0.0004260396053723525,-0.0002498172761988826,0.0002782526280498132,0.0005668711862935762,1.1008083333763352e-05,-0.00018982104776910091,-0.00048795234519616315,0.0005236895065372973
gmat_d04_sso_900km_i97p6_jun_36h_g2020,numerical_gravity_20x20,EarthMJ2000Eq,58860.0,2026-06-17T22:51:00Z,0.0005420665729616303,-0.00033897231332957745,0.0003053310138056986,0.0007084951846822866,0.00010501466363166401,-0.00023770807544565287,-0.0004976730139105712,0.0005614371180146351
gmat_d04_sso_900km_i97p6_jun_36h_g2020,numerical_gravity_20x20,EarthMJ2000Eq,58920.0,2026-06-17T22:52:00Z,0.0001917694589792518,-0.00010564781405264512,0.0001124617483583279,0.000246139454080627,0.00010327561028589116,-0.00014453060970254228,-0.00011408518574285154,0.0002111169780640411
gmat_d04_sso_900km_i97p6_jun_36h_g2020,numerical_gravity_20x20,EarthMJ2000Eq,58980.0,2026-06-17T22:53:00Z,0.00013455291991704144,-7.90910235082265e-05,2.9198417905718088e-05,0.00015878421163950012,0.0002561089118557902,-0.0002170557067415757,-0.0001712963104694154,0.00037689173583600397
gmat_d04_sso_900km_i97p6_jun_36h_g2020,numerical_gravity_20x20,EarthMJ2000Eq,59040.0,2026-06-17T22:54:00Z,0.0014002641819388373,-0.0009629868600313785,0.0005333004082785919,0.0017811492911275146,0.0004033946510162423,-0.0006495248783267016,-0.0020516055521113685,0.002189450879441698
gmat_d04_sso_900km_i97p6_jun_36h_g2020,numerical_gravity_20x20,EarthMJ2000Eq,59100.0,2026-06-17T22:55:00Z,0.000821000185169396,-0.0005772967597295064,0.00019319941202411428,0.0010220757631647633,-0.00021511770142979003,-0.00012386980330347797,-0.0013700911516423275,0.001392396896523214
gmat_d04_sso_900km_i97p6_jun_36h_g2020,numerical_gravity_20x20,EarthMJ2000Eq,59160.0,2026-06-17T22:56:00Z,0.0009479339269091724,-0.0006843595201644348,0.00016551166481804103,0.0011808136151891116,-0.00042033487801518277,2.2790658249505213e-05,-0.001024500484447799,0.0011076109725049038
gmat_d04_sso_900km_i97p6_jun_36h_g2020,numerical_gravity_20x20,EarthMJ2000Eq,59220.0,2026-06-17T22:57:00Z,0.0007567935966790174,-0.0005551464710151777,0.0001109465301851742,0.000945110197180783,-7.773071075689586e-05,-0.00012995116094316472,-0.00038016478853819535,0.00040921221153521225
gmat_d04_sso_900km_i97p6_jun_36h_g2020,numerical_gravity_20x20,EarthMJ2000Eq,59280.0,2026-06-17T22:58:00Z,0.0015330165297200438,-0.0011577643590499065,9.534960554447025e-05,0.0019234473059479985,0.0002654294561921233,-0.0005426796789720356,-0.001630146628794904,0.0017384855655296733
gmat_d04_sso_900km_i97p6_jun_36h_g2020,numerical_gravity_20x20,EarthMJ2000Eq,59340.0,2026-06-17T22:59:00Z,0.0021086293600092176,-0.001614307620911859,1.51785570778884e-05,0.002655661360456554,9.134826228773818e-05,-0.0005879963183019754,-0.0029336562068493777,0.0029933965516358747
gmat_d04_sso_900km_i97p6_jun_36h_g2020,numerical_gravity_20x20,EarthMJ2000Eq,59400.0,2026-06-17T23:00:00Z,0.0022751860342395958,-0.0017898514670378063,-0.0002599908839329146,0.00290648155407608,-0.0005551870074782528,-0.00017857448852964808,-0.0033429617962710267,0.003393451787274116
gmat_d04_sso_900km_i97p6_jun_36h_g2020,numerical_gravity_20x20,EarthMJ2000Eq,59460.0,2026-06-17T23:01:00Z,0.00017827255760494154,-0.0001432703697901161,1.1094925866927952e-05,0.00022897729371008915,-0.0003268860737648538,0.00011858869441994102,-0.0002923483677363947,0.00045429654608390084
gmat_d04_sso_900km_i97p6_jun_36h_g2020,numerical_gravity_20x20,EarthMJ2000Eq,59520.0,2026-06-17T23:02:00Z,-2.5197550712618977e-06,-1.6864404983607528e-05,-3.082550392718986e-05,3.522739010252496e-05,-0.00011197620608527359,2.936140219844674e-05,0.0001194764287504313,0.00016635918879120412
gmat_d04_sso_900km_i97p6_jun_36h_g2020,numerical_gravity_20x20,EarthMJ2000Eq,59580.0,2026-06-17T23:03:00Z,-0.00012514624359027948,8.853743338477216e-05,6.436039257096127e-05,0.00016626099821367843,0.00012394441029073278,-0.00010955503171317105,0.00029616931129794466,0.0003392355859438839
gmat_d04_sso_900km_i97p6_jun_36h_g2020,numerical_gravity_20x20,EarthMJ2000Eq,59640.0,2026-06-17T23:04:00Z,2.6066118152812123e-05,-4.2297301661164965e-05,-6.437403499148786e-06,5.0099345376789135e-05,9.346479146188358e-05,-0.00012989342934588421,-9.461631478302479e-05,0.00018590378493556293
gmat_d04_sso_900km_i97p6_jun_36h_g2020,numerical_gravity_20x20,EarthMJ2000Eq,59700.0,2026-06-17T23:05:00Z,0.0014011548046255484,-0.0012201763865959947,-0.0007392527550109662,0.001999639926767572,-0.0007774998422860335,0.00021433521624203422,-0.0020318853266587666,0.002186093220877721
gmat_d04_sso_900km_i97p6_jun_36h_g2020,numerical_gravity_20x20,EarthMJ2000Eq,59760.0,2026-06-17T23:06:00Z,-0.0009590426088834647,0.0008090430583251873,0.0006047821443644352,0.0013928656927429217,0.0003986251329024526,-0.00016496137789090426,0.001198013244163576,0.001273322420272454
gmat_d04_sso_900km_i97p6_jun_36h_g2020,numerical_gravity_20x20,EarthMJ2000Eq,59820.0,2026-06-17T23:07:00Z,0.0009471223165746778,-0.0008780220923654269,-0.0007281732905539684,0.0014826327321058783,-0.0008285008235020541,0.0003601599019020796,-0.0011245413489291423,0.0014424708021076448
gmat_d04_sso_900km_i97p6_jun_36h_g2020,numerical_gravity_20x20,EarthMJ2000Eq,59880.0,2026-06-17T23:08:00Z,0.0013194489838497248,-0.0012309315025049727,-0.001103180693462491,0.002114981235677897,-0.0009675220624671965,0.00039266190299258596,-0.0016116592504999971,0.0019203457634355198
gmat_d04_sso_900km_i97p6_jun_36h_g2020,numerical_gravity_20x20,EarthMJ2000Eq,59940.0,2026-06-17T23:09:00Z,0.0002474257598805707,-0.00026789871299115475,-0.00023647771740797907,0.0004346388591753882,-0.00013534862119968238,-4.8263615326504805e-06,-0.0003711111418169821,0.0003950519239378581
gmat_d04_sso_900km_i97p6_jun_36h_g2020,numerical_gravity_20x20,EarthMJ2000Eq,60000.0,2026-06-17T23:10:00Z,0.0004544526746030897,-0.0004764974619320128,-0.0005230240276432596,0.0008409109335558248,-0.0004913651707738609,0.00021643264958015607,-0.0006934737228903032,0.0008770339943202025
gmat_d04_sso_900km_i97p6_jun_36h_g2020,numerical_gravity_20x20,EarthMJ2000Eq,60060.0,2026-06-17T23:11:00Z,-0.0011027414075215347,0.001029382474371232,0.0013651979315909557,0.002034559481269948,0.0011843450664628108,-0.0006980669375877824,0.0015289707278043352,0.0020561425466855414
gmat_d04_sso_900km_i97p6_jun_36h_g2020,numerical_gravity_20x20,EarthMJ2000Eq,60120.0,2026-06-17T23:12:00Z,0.0016239719116128981,-0.001685314146016026,-0.0023693492039456032,0.003330372980719583,-0.0022308586089536675,0.0012665526405442051,-0.0020051462712444845,0.0032559940561213948
gmat_d04_sso_900km_i97p6_jun_36h_g2020,numerical_gravity_20x20,EarthMJ2000Eq,60180.0,2026-06-17T23:13:00Z,0.0008449078450212255,-0.0009381728887092322,-0.0014279430615715683,0.001906058504552738,-0.0010540959216598367,0.000530544053134463,-0.0009002176781791604,0.0014842462977829936
gmat_d04_sso_900km_i97p6_jun_36h_g2020,numerical_gravity_20x20,EarthMJ2000Eq,60240.0,2026-06-17T23:14:00Z,-8.439201337751001e-06,-5.845595296705142e-05,-4.124467523070052e-05,7.20377803058311e-05,0.0003097628820114551,-0.0003080757871032347,-0.0001256150738981887,0.00045457989447595195
gmat_d04_sso_900km_i97p6_jun_36h_g2020,numerical_gravity_20x20,EarthMJ2000Eq,60300.0,2026-06-17T23:15:00Z,0.0001528605935163796,-0.00022023095880285837,-0.000265888957073912,0.00037757777180239145,-0.00013164935808163136,3.333644471581465e-05,-0.0007560698733755089,0.000768169594201472
gmat_d04_sso_900km_i97p6_jun_36h_g2020,numerical_gravity_20x20,EarthMJ2000Eq,60360.0,2026-06-17T23:16:00Z,0.000600649400439579,-0.0007981784619914833,-0.0016953658814600203,0.001967773877114499,-0.0017128969354018864,0.0011779355268970448,-0.0013189849212835725,0.0024619645081537683
gmat_d04_sso_900km_i97p6_jun_36h_g2020,numerical_gravity_20x20,EarthMJ2000Eq,60420.0,2026-06-17T23:17:00Z,0.00071527756517753,-0.0009832424439082388,-0.0022905796868144535,0.00259328806737623,-0.0022338055849502325,0.0015351488968917693,-0.0010569820574346522,0.0029092577398232796
gmat_d04_sso_900km_i97p6_jun_36h_g2020,numerical_gravity_20x20,EarthMJ2000Eq,60480.0,2026-06-17T23:18:00Z,6.648679118370637e-05,-0.0001738412720442284,-0.00039577298593940213,0.000437352875453279,-0.0003606557275048772,0.0002135447374485011,3.539746273872879e-05,0.00042062678117585567
gmat_d04_sso_900km_i97p6_jun_36h_g2020,numerical_gravity_20x20,EarthMJ2000Eq,60540.0,2026-06-17T23:19:00Z,1.780063030309975e-05,-0.00010983376341755502,-0.00020970264813513495,0.00023739317315487254,-0.00013173684365597182,3.515454594094081e-05,-3.867661746426165e-05,0.00014172621075590964
gmat_d04_sso_900km_i97p6_jun_36h_g2020,numerical_gravity_20x20,EarthMJ2000Eq,60600.0,2026-06-17T23:20:00Z,0.0002420674718450755,-0.0005700317160517443,-0.001910242872327217,0.0020081236638980426,-0.001575806818365777,0.00106554809420345,-0.0006440874500412974,0.0020083347612311494
gmat_d04_sso_900km_i97p6_jun_36h_g2020,numerical_gravity_20x20,EarthMJ2000Eq,60660.0,2026-06-17T23:21:00Z,-0.00012389227777021006,0.0002452788976370357,0.0012846105619246373,0.0013136724591485743,0.0010053178289837206,-0.0007209821628606505,0.00014934364855889726,0.0012461070346485674
gmat_d04_sso_900km_i97p6_jun_36h_g2020,numerical_gravity_20x20,EarthMJ2000Eq,60720.0,2026-06-17T23:22:00Z,7.434209692291915e-06,-0.0003036948328372091,-0.0014012878182256827,0.0014338386828627073,-0.001237011826304979,0.0009631855313330107,-0.00016064127805748285,0.0015759854841982444
gmat_d04_sso_900km_i97p6_jun_36h_g2020,numerical_gravity_20x20,EarthMJ2000Eq,60780.0,2026-06-17T23:23:00Z,-3.105560608673841e-05,-0.00038458802009699866,-0.0020690662267952575,0.002104734531178768,-0.0016850982970106898,0.0012773440083435617,-9.86029036198488e-05,0.0021168104588842594
gmat_d04_sso_900km_i97p6_jun_36h_g2020,numerical_gravity_20x20,EarthMJ2000Eq,60840.0,2026-06-17T23:24:00Z,-0.00013064891390968114,-0.00027415262593422085,-0.001857412939898495,0.0018820764145790624,-0.0014502936629412488,0.001058539145226689,-5.424016791266695e-05,0.001796329264516945
gmat_d04_sso_900km_i97p6_jun_36h_g2020,numerical_gravity_20x20,EarthMJ2000Eq,60900.0,2026-06-17T23:25:00Z,-0.0002634533302625641,-0.00022728090698365122,-0.002167632800365027,0.0021953806560877035,-0.0017731025536704692,0.001312648212348222,-3.75779407590926e-05,0.0022064337961619006
gmat_d04_sso_900km_i97p6_jun_36h_g2020,numerical_gravity_20x20,EarthMJ2000Eq,60960.0,2026-06-17T23:26:00Z,0.00020060178940184414,9.786162991076708e-06,0.0013673229659616482,0.0013819945514159846,0.001019968998150489,-0.000804246891306093,-0.00020871659955901123,0.0013155654443223655
gmat_d04_sso_900km_i97p6_jun_36h_g2020,numerical_gravity_20x20,EarthMJ2000Eq,61020.0,2026-06-17T23:27:00Z,-0.0003295372152933851,-4.2273313738405704e-05,-0.001372756969431066,0.0014123892899761416,-0.0011435230540257635,0.0009770023540189854,0.00031532021438351876,0.0015367515779871241
gmat_d04_sso_900km_i97p6_jun_36h_g2020,numerical_gravity_20x20,EarthMJ2000Eq,61080.0,2026-06-17T23:28:00Z,-0.0006067666618037038,2.4295331968460232e-05,-0.0022577119125344325,0.0023379519081948097,-0.0017294476961637884,0.0014628953326489835,0.0005917346612704932,0.0023411967019883917
gmat_d04_sso_900km_i97p6_jun_36h_g2020,numerical_gravity_20x20,EarthMJ2000Eq,61140.0,2026-06-17T23:29:00Z,0.0004249595804139972,-0.0001484695530962199,0.0014099534837441752,0.0014800684712217092,0.0012131002868898122,-0.0010009114648212858,-0.00047125592317343035,0.0016418033413258966
gmat_d04_sso_900km_i97p6_jun_36h_g2020,numerical_gravity_20x20,EarthMJ2000Eq,61200.0,2026-06-17T23:30:00Z,-0.0006441850928240456,0.00016095964383566752,-0.001619662725715898,0.0017504827293732097,-0.0012817507055729038,0.001058554022215219,0.0005024727300906306,0.0017366347726765657
gmat_d04_sso_900km_i97p6_jun_36h_g2020,numerical_gravity_20x20,EarthMJ2000Eq,61260.0,2026-06-17T23:31:00Z,0.0005334841262083501,-0.00025625922717154026,0.0012623986549442634,0.0013942469180284844,0.000919482712191666,-0.0007976732607772874,-0.0006357110393651055,0.0013732660392469754
gmat_d04_sso_900km_i97p6_jun_36h_g2020,numerical_gravity_20x20,EarthMJ2000Eq,61320.0,2026-06-17T23:32:00Z,-0.0005175852493266575,0.00016485955711686984,-0.001034533397614723,0.0011684744390330372,-0.0007938023571796293,0.000729741822524943,0.0005346230125269358,0.001203522777237447
gmat_d04_sso_900km_i97p6_jun_36h_g2020,numerical_gravity_20x20,EarthMJ2000Eq,61380.0,2026-06-17T23:33:00Z,0.0005653246262227185,-0.00030031333153601736,0.001117868578148773,0.0012881809609385157,0.0009733103212283822,-0.0007928375733712301,-0.000593207261090356,0.0013884593093674725
gmat_d04_sso_900km_i97p6_jun_36h_g2020,numerical_gravity_20x20,EarthMJ2000Eq,61440.0,2026-06-17T23:34:00Z,-0.00013501721696229652,2.979231794597581e-05,-0.00012587361197802238,0.00018697967075923444,5.609734898825991e-06,4.510170015237236e-05,3.3662850285054446e-05,5.655811145701031e-05
gmat_d04_sso_900km_i97p6_jun_36h_g2020,numerical_gravity_20x20,EarthMJ2000Eq,61500.0,2026-06-17T23:35:00Z,-0.0012884647730970755,0.000613791144132847,-0.0019196377252228558,0.002392047247908533,-0.0014778578361074324,0.001382102876590352,0.001281596162527876,0.002395153621175403
gmat_d04_sso_900km_i97p6_jun_36h_g2020,numerical_gravity_20x20,EarthMJ2000Eq,61560.0,2026-06-17T23:36:00Z,0.000757906491344329,-0.0004554635779641103,0.0010246430974802934,0.001353426317790426,0.0006792815199219149,-0.0006359641702147201,-0.0009031229097899995,0.0012967284986811541
gmat_d04_sso_900km_i97p6_jun_36h_g2020,numerical_gravity_20x20,EarthMJ2000Eq,61620.0,2026-06-17T23:37:00Z,-0.00018514856492402032,7.21297510608565e-05,-0.00014248780644265935,0.00024451066861461493,-0.00011316014791873386,0.00016615597786540093,0.00028689939313153445,0.00035032026752193494
gmat_d04_sso_900km_i97p6_jun_36h_g2020,numerical_gravity_20x20,EarthMJ2000Eq,61680.0,2026-06-17T23:38:00Z,-0.0014866291166981682,0.0008264528332802001,-0.001591489308339078,0.0023293622807131664,-0.0010866090249805893,0.0011571552605005309,0.0017504593330386342,0.0023630140386158055
gmat_d04_sso_900km_i97p6_jun_36h_g2020,numerical_gravity_20x20,EarthMJ2000Eq,61740.0,2026-06-17T23:39:00Z,0.0007166022442106623,-0.0004676221578847617,0.0007260277925524861,0.0011221878695259516,0.0005841416239604769,-0.0005520406354264651,-0.0009388569921497947,0.0012358894577241923
gmat_d04_sso_900km_i97p6_jun_36h_g2020,numerical_gravity_20x20,EarthMJ2000Eq,61800.0,2026-06-17T23:40:00Z,0.0004332764547143597,-0.0003057875801459886,0.0003749555617105216,0.0006494814882958842,0.000247484699400502,-0.00021525092819274505,-0.0006339568869861978,0.0007137807598152432
gmat_d04_sso_900km_i97p6_jun_36h_g2020,numerical_gravity_20x20,EarthMJ2000Eq,61860.0,2026-06-17T23:41:00Z,0.0007142580216168426,-0.0004928456291963812,0.0005102474460727535,0.0010066845543097154,0.00028915447813915307,-0.000282117440519869,-0.0008711391608073882,0.0009602520502272351
gmat_d04_sso_900km_i97p6_jun_36h_g2020,numerical_gravity_20x20,EarthMJ2000Eq,61920.0,2026-06-17T23:42:00Z,-0.00017356478565488942,9.622544894227758e-05,-5.082620191387832e-05,0.0002048594021385421,-3.100275591805257e-05,0.00012966117068913263,0.0003102660350862152,0.0003376954287329209
gmat_d04_sso_900km_i97p6_jun_36h_g2020,numerical_gravity_20x20,EarthMJ2000Eq,61980.0,2026-06-17T23:43:00Z,-0.0017246234165213536,0.0011259253369644284,-0.0009970244718715549,0.002288250770947756,-0.0005652855961102432,0.0008215628177765666,0.0021841741748573895,0.002401068531890884
gmat_d04_sso_900km_i97p6_jun_36h_g2020,numerical_gravity_20x20,EarthMJ2000Eq,62040.0,2026-06-17T23:44:00Z,0.0007626292699569603,-0.000538494987267768,0.0004116445779800415,0.0010203095183756576,0.00036411584858342394,-0.000404891231653437,-0.0009448237747733401,0.0010905087005780411
gmat_d04_sso_900km_i97p6_jun_36h_g2020,numerical_gravity_20x20,EarthMJ2000Eq,62100.0,2026-06-17T23:45:00Z,0.0006990690053498838,-0.0005106489879835863,0.00026507223083171993,0.0009053856364708032,0.00020588419857858753,-0.0002497637652254525,-0.0009511924581317999,0.0010047573508319102
gmat_d04_sso_900km_i97p6_jun_36h_g2020,numerical_gravity_20x20,EarthMJ2000Eq,62160.0,2026-06-17T23:46:00Z,-0.0005505955869011814,0.0003845791525236564,-0.00012001146387774497,0.0006822458327706732,-5.097255950659019e-05,0.0002390594389112266,0.0004684628240880784,0.000528398556685937
gmat_d04_sso_900km_i97p6_jun_36h_g2020,numerical_gravity_20x20,EarthMJ2000Eq,62220.0,2026-06-17T23:47:00Z,9.45493638937478e-05,-9.355949259770568e-05,-7.647486199857667e-05,0.00015343195685890807,-0.00023074608890283343,0.00026771029837391325,-0.00023008950300607012,0.00042172709278985663
gmat_d04_sso_900km_i97p6_jun_36h_g2020,numerical_gravity_20x20,EarthMJ2000Eq,62280.0,2026-06-17T23:48:00Z,0.00042530908217486285,-0.00030752221391594503,0.00011866268323501572,0.0005380878737016123,-0.00011726530857458783,9.141665202605509e-05,-0.000325534932343885,0.0003578842676604881
gmat_d04_sso_900km_i97p6_jun_36h_g2020,numerical_gravity_20x20,EarthMJ2000Eq,62340.0,2026-06-17T23:49:00Z,-0.002041941485231291,0.0015297305253625382,-0.00018323498807149008,0.0025579631682626073,0.00011145750988816872,0.0003885807231540639,0.002975906965296815,0.0030032382557864945
gmat_d04_sso_900km_i97p6_jun_36h_g2020,numerical_gravity_20x20,EarthMJ2000Eq,62400.0,2026-06-17T23:50:00Z,0.00043677357552951435,-0.00033991102554864483,-1.8957507563754916e-05,0.0005537779777703314,0.00024299584566733756,-0.0002554383371489166,-0.0003454617980569452,0.0004935986011059246
gmat_d04_sso_900km_i97p6_jun_36h_g2020,numerical_gravity_20x20,EarthMJ2000Eq,62460.0,2026-06-17T23:51:00Z,0.00031069157557794824,-0.00022674316824122798,6.919435691088438e-05,0.0003908063184078382,0.00034920244473823914,-0.00028468871704490084,-0.0006094761917374569,0.0007579256172729801
gmat_d04_sso_900km_i97p6_jun_36h_g2020,numerical_gravity_20x20,EarthMJ2000Eq,62520.0,2026-06-17T23:52:00Z,-0.0016264734767901246,0.0012829351589971338,0.00019211529433960095,0.0020804439139789246,0.0003822684391252551,0.00013852918812062853,0.0016158421267675749,0.00166621285379431
gmat_d04_sso_900km_i97p6_jun_36h_g2020,numerical_gravity_20x20,EarthMJ2000Eq,62580.0,2026-06-17T23:53:00Z,-0.0011476147392386338,0.000932454650381942,0.00022934909793548286,0.0014963596738286175,5.661426882852538e-05,0.0003000391046725781,0.0012230165769011592,0.0012605547140615277
gmat_d04_sso_900km_i97p6_jun_36h_g2020,numerical_gravity_20x20,EarthMJ2000Eq,62640.0,2026-06-17T23:54:00Z,-0.0015868938589846948,0.0013174255855119554,0.0004877283572568558,0.0021193681236437727,0.0003037188278653957,0.0001972120244886355,0.0022626887030696707,0.0022914837717081795
gmat_d04_sso_900km_i97p6_jun_36h_g2020,numerical_gravity_20x20,EarthMJ2000Eq,62700.0,2026-06-17T23:55:00Z,0.0003453542376519181,-0.00027641056021820987,-0.00021112009562784806,0.0004901469596378151,-0.00019606893886248145,0.0001396571747136477,-4.249889329344114e-05,0.0002444449041539322
gmat_d04_sso_900km_i97p6_jun_36h_g2020,numerical_gravity_20x20,EarthMJ2000Eq,62760.0,2026-06-17T23:56:00Z,0.0002685137587832287,-0.00019033222997677512,-4.93419065605849e-05,0.0003328071816635925,0.00018468870877086374,-0.00014415846294468793,-0.00012500045443175622,0.0002655497979554295
gmat_d04_sso_900km_i97p6_jun_36h_g2020,numerical_gravity_20x20,EarthMJ2000Eq,62820.0,2026-06-17T23:57:00Z,-0.0014860465853416827,0.0013045830655755708,0.0008472679837723263,0.0021513099416676,0.0010800356164963887,-0.0004466897962629446,0.0018762436049257758,0.002210497403755778
gmat_d04_sso_900km_i97p6_jun_36h_g2020,numerical_gravity_20x20,EarthMJ2000Eq,62880.0,2026-06-17T23:58:00Z,-0.0007285084393515717,0.000673450358590344,0.0005065321602160111,0.0011139276282708067,0.0005377938094852652,-0.00019383339378009623,0.000874009753459859,0.0010443594281701809
gmat_d04_sso_900km_i97p6_jun_36h_g2020,numerical_gravity_20x20,EarthMJ2000Eq,62940.0,2026-06-17T23:59:00Z,-0.00035558559829951264,0.0003562161055015167,0.00029072180041112006,0.0005812488251781445,0.00021758417290129728,-3.461497755097298e-05,0.0003916333923825732,0.0004493526265607875
gmat_d04_sso_900km_i97p6_jun_36h_g2020,numerical_gravity_20x20,EarthMJ2000Eq,63000.0,2026-06-18T00:00:00Z,-0.00033946616895264015,0.000350475374943926,0.0003091608959948644,0.0005776250755618347,0.00020258550392782126,-1.9407586648867436e-05,0.0005109637157829638,0.0005500013269692683
gmat_d04_sso_900km_i97p6_jun_36h_g2020,numerical_gravity_20x20,EarthMJ2000Eq,63060.0,2026-06-18T00:01:00Z,-0.00032689513318473473,0.0003497102625260595,0.00034512959246058017,0.0005901458560457043,0.00032030378349645616,-9.683365220780615e-05,0.0006003251229458328,0.0006872856197840723
gmat_d04_sso_900km_i97p6_jun_36h_g2020,numerical_gravity_20x20,EarthMJ2000Eq,63120.0,2026-06-18T00:02:00Z,-0.0003021996235474944,0.0003395721250853967,0.00037816516851307824,0.0005913059574228764,0.00045063774933851164,-0.0001928226467384775,0.0005407141401292392,0.0007298128085747834
gmat_d04_sso_900km_i97p6_jun_36h_g2020,numerical_gravity_20x20,EarthMJ2000Eq,63180.0,2026-06-18T00:03:00Z,-0.0002739125193329528,0.0003266113708377816,0.00040661052480572835,0.0005890969145146238,0.0004827822586150887,-0.00023735191589935312,0.00039883207847424273,0.0006696877391998934
gmat_d04_sso_900km_i97p6_jun_36h_g2020,numerical_gravity_20x20,EarthMJ2000Eq,63240.0,2026-06-18T00:04:00Z,-0.0002464621502440423,0.0003124641807517037,0.0004273770173313096,0.0005839765155370177,0.00042445957859627015,-0.00022915402908552096,0.00030888713808963075,0.0005727903342283751
gmat_d04_sso_900km_i97p6_jun_36h_g2020,numerical_gravity_20x20,EarthMJ2000Eq,63300.0,2026-06-18T00:05:00Z,-0.0002228771336376667,0.00029921875466243364,0.0004455150701687671,0.0005811107963097584,0.0003698974460064619,-0.00021473800515536823,0.0003071667364906716,0.0005265813663875128
gmat_d04_sso_900km_i97p6_jun_36h_g2020,numerical_gravity_20x20,EarthMJ2000Eq,63360.0,2026-06-18T00:06:00Z,-0.00020071547623956576,0.0002862580004148185,0.00046481545723509043,0.0005816216592323847,0.00038021275017285916,-0.00022079138517483443,0.00033432456802984234,0.0005523436321256649
gmat_d04_sso_900km_i97p6_jun_36h_g2020,numerical_gravity_20x20,EarthMJ2000Eq,63420.0,2026-06-18T00:07:00Z,-0.00017630554793868214,0.00027244323064223863,0.000484879819850903,0.0005834529971260608,0.0004362998851092925,-0.00024056134861893952,0.00032601121802144917,0.0005954079832111538
gmat_d04_sso_900km_i97p6_jun_36h_g2020,numerical_gravity_20x20,EarthMJ2000Eq,63480.0,2026-06-18T00:08:00Z,-0.00014830584404990077,0.0002568922354839742,0.000501345766679151,0.000582525382964908,0.0004766764760688602,-0.0002584799041471797,0.0002750093486270089,0.0006079987380888331
gmat_d04_sso_900km_i97p6_jun_36h_g2020,numerical_gravity_20x20,EarthMJ2000Eq,63540.0,2026-06-18T00:09:00Z,-0.0001235275703947991,0.00024819064492476173,0.0005418000910140108,0.0006086090662310262,0.0004956302035452609,-0.0002880389260440097,0.00023019097739052086,0.0006177407285058243
gmat_d04_sso_900km_i97p6_jun_36h_g2020,numerical_gravity_20x20,EarthMJ2000Eq,63600.0,2026-06-18T00:10:00Z,-7.041217031655833e-05,0.00018404261936666444,0.00038876441976753995,0.0004358524217544546,0.00033692115763983566,-0.00020549162371708007,0.00015514522999637848,0.00042404329528230743
gmat_d04_sso_900km_i97p6_jun_36h_g2020,numerical_gravity_20x20,EarthMJ2000Eq,63660.0,2026-06-18T00:11:00Z,-0.00018949594959849492,0.0004291455297789071,0.0013062485777481925,0.0013879336970880956,0.001101839508521607,-0.0007577298788419284,0.0004078319904010641,0.0013980457089177857
gmat_d04_sso_900km_i97p6_jun_36h_g2020,numerical_gravity_20x20,EarthMJ2000Eq,63720.0,2026-06-18T00:12:00Z,0.00023081702238414437,-0.0003772192940232344,-0.0015904063275229419,0.0016507462494976875,-0.0013047435354351933,0.0009441689652334162,-0.00040516745514196373,0.0016607141219596112
gmat_d04_sso_900km_i97p6_jun_36h_g2020,numerical_gravity_20x20,EarthMJ2000Eq,63780.0,2026-06-18T00:13:00Z,-0.00010525491234147921,0.0004638086466002278,0.0018879604795074556,0.0019469442286350086,0.001578366159993294,-0.001133732885350014,0.00035198244319190053,0.0019749637036288498
gmat_d04_sso_900km_i97p6_jun_36h_g2020,numerical_gravity_20x20,EarthMJ2000Eq,63840.0,2026-06-18T00:14:00Z,-2.1464074961841106e-06,0.0003646173354354687,0.0017622256791582913,0.001799552653480887,0.0014532653136445361,-0.0010672047690007957,0.00020228707597880202,0.0018143390399615082
gmat_d04_sso_900km_i97p6_jun_36h_g2020,numerical_gravity_20x20,EarthMJ2000Eq,63900.0,2026-06-18T00:15:00Z,9.200903150485829e-05,0.00030931460059946403,0.0018592852484289324,0.0018870831510688405,0.0015073893522288273,-0.00113156728431818,0.0001021378537302553,0.0018876173657064845
gmat_d04_sso_900km_i97p6_jun_36h_g2020,numerical_gravity_20x20,EarthMJ2000Eq,63960.0,2026-06-18T00:16:00Z,0.0001492962837801315,0.00022471613192465156,0.0016155410280660476,0.001637913164261902,0.0013015030164709174,-0.0009910530174295218,2.7129409829740325e-05,0.001636102744364414
gmat_d04_sso_900km_i97p6_jun_36h_g2020,numerical_gravity_20x20,EarthMJ2000Eq,64020.0,2026-06-18T00:17:00Z,-0.0001664939190959558,-7.6705873652827e-05,-0.0016204824646592897,0.0016308180261503796,-0.0012942454885589427,0.0010058315291772146,0.00011449685644038254,0.0016431305425549365
gmat_d04_sso_900km_i97p6_jun_36h_g2020,numerical_gravity_20x20,EarthMJ2000Eq,64080.0,2026-06-18T00:18:00Z,0.0003754894351004623,0.00010801795724546537,0.0019524493382050423,0.001991160117423221,0.0015861452151710864,-0.0012556005402064585,-0.0002284092914806024,0.002035819285843307
gmat_d04_sso_900km_i97p6_jun_36h_g2020,numerical_gravity_20x20,EarthMJ2000Eq,64140.0,2026-06-18T00:19:00Z,0.00038164853322086856,3.9447513699997216e-05,0.0015744581105536781,0.0016205338784286523,0.001267832727691598,-0.0010309740977598736,-0.0003020437233658413,0.0016617875395135214
gmat_d04_sso_900km_i97p6_jun_36h_g2020,numerical_gravity_20x20,EarthMJ2000Eq,64200.0,2026-06-18T00:20:00Z,-0.00038866073737153783,0.00010056464816443622,-0.0015661207726225257,0.001616757462229385,-0.0012486298661684714,0.0009923759591856651,0.000344146933173306,0.0016316628630541775
gmat_d04_sso_900km_i97p6_jun_36h_g2020,numerical_gravity_20x20,EarthMJ2000Eq,64260.0,2026-06-18T00:21:00Z,0.0006273357939790003,-0.00010864732757909223,0.001824566879804479,0.0019324592464206826,0.0013963896705604384,-0.0011880207928527398,-0.0005729843266522039,0.001920835379434537
gmat_d04_sso_900km_i97p6_jun_36h_g2020,numerical_gravity_20x20,EarthMJ2000Eq,64320.0,2026-06-18T00:22:00Z,0.0006655100150965154,-0.00016722879081498832,0.0016583412616455462,0.0017947046522331603,0.001265910043457552,-0.0010954724904976842,-0.0006073310743204274,0.0017808535171088902
gmat_d04_sso_900km_i97p6_jun_36h_g2020,numerical_gravity_20x20,EarthMJ2000Eq,64380.0,2026-06-18T00:23:00Z,0.0007905027814558707,-0.00025514782464597374,0.0017130437299783807,0.0019038156110110255,0.001322454590280131,-0.001164180307711149,-0.000754964979421402,0.0019168135152821135
gmat_d04_sso_900km_i97p6_jun_36h_g2020,numerical_gravity_20x20,EarthMJ2000Eq,64440.0,2026-06-18T00:24:00Z,0.0007070011633913964,-0.00024801556719467044,0.0013851076801074669,0.0015747652688894213,0.001072582467287475,-0.0009681473400746654,-0.0007060698692384904,0.001608190623487339
gmat_d04_sso_900km_i97p6_jun_36h_g2020,numerical_gravity_20x20,EarthMJ2000Eq,64500.0,2026-06-18T00:25:00Z,-0.0006612190190935507,0.0003523355189827271,-0.00125822634799988,0.0014644058358081547,-0.0009616427654179915,0.0008220986114082507,0.0007297202841982653,0.00146051176932284
gmat_d04_sso_900km_i97p6_jun_36h_g2020,numerical_gravity_20x20,EarthMJ2000Eq,64560.0,2026-06-18T00:26:00Z,0.001061885996023193,-0.00046239529183367267,0.0017479987945989706,0.0020968812699768127,0.0012784164837853496,-0.0012109946379013081,-0.0011795338039632952,0.0021194708570140657
gmat_d04_sso_900km_i97p6_jun_36h_g2020,numerical_gravity_20x20,EarthMJ2000Eq,64620.0,2026-06-18T00:27:00Z,-0.0003792310963035561,0.00023308803065447137,-0.0006590062184841372,0.0007952581030324301,-0.000560873125721173,0.0004721760760162397,0.0004674731712839275,0.000869517150945618
gmat_d04_sso_900km_i97p6_jun_36h_g2020,numerical_gravity_20x20,EarthMJ2000Eq,64680.0,2026-06-18T00:28:00Z,0.0018316068235435523,-0.0009630975910113193,0.002293909346917644,0.003089394862710049,0.0016959020854301343,-0.0016611152453549494,-0.0019656170024973108,0.003082050931153381
gmat_d04_sso_900km_i97p6_jun_36h_g2020,numerical_gravity_20x20,EarthMJ2000Eq,64740.0,2026-06-18T00:29:00Z,0.0007874791663198266,-0.0003977434062107932,0.0009224695531884208,0.0012764299162631601,0.0007309290950274772,-0.0007585865269277292,-0.0008787184313518992,0.001371807910165087
gmat_d04_sso_900km_i97p6_jun_36h_g2020,numerical_gravity_20x20,EarthMJ2000Eq,64800.0,2026-06-18T00:30:00Z,-0.00016403828340116888,0.00012394048098940402,-0.0002788447091006674,0.0003464450505383543,-0.00023495161372011353,0.00011443290759416413,7.58646478971059e-05,0.0002721260662463113
gmat_d04_sso_900km_i97p6_jun_36h_g2020,numerical_gravity_20x20,EarthMJ2000Eq,64860.0,2026-06-18T00:31:00Z,0.001366970991512062,-0.0007925345926196314,0.0012619266271940432,0.0020221719967786047,0.0007324629791582993,-0.0009206146955875738,-0.0016498304944434494,0.0020263203335022747
gmat_d04_sso_900km_i97p6_jun_36h_g2020,numerical_gravity_20x20,EarthMJ2000Eq,64920.0,2026-06-18T00:32:00Z,-0.0011940728654735722,0.0007830949471099302,-0.00098444343166193,0.001734409575155675,-0.0008548273200403855,0.000852234283144071,0.0015504735273452752,0.0019649430473812762
gmat_d04_sso_900km_i97p6_jun_36h_g2020,numerical_gravity_20x20,EarthMJ2000Eq,64980.0,2026-06-18T00:33:00Z,7.716380423516966e-05,-2.4998371372930706e-05,3.992681740783155e-06,8.121029961049111e-05,1.2585488207150775e-05,-1.98507876802978e-06,0.00020129986566530533,0.00020170267962522855
gmat_d04_sso_900km_i97p6_jun_36h_g2020,numerical_gravity_20x20,EarthMJ2000Eq,65040.0,2026-06-18T00:34:00Z,0.00124642747323378,-0.0007769012881908566,0.0008543574949726462,0.0016991420737656085,0.0007938192325696036,-0.0008448330923727099,-0.0013128684805963076,0.0017514324352679686
gmat_d04_sso_900km_i97p6_jun_36h_g2020,numerical_gravity_20x20,EarthMJ2000Eq,65100.0,2026-06-18T00:35:00Z,-0.00046623881644336507,0.00033652349884505384,-0.0002964179657283239,0.0006469082698806257,-1.0182965581861936e-05,2.6222579663226497e-05,0.0004157767463652817,0.0004167272720741174
gmat_d04_sso_900km_i97p6_jun_36h_g2020,numerical_gravity_20x20,EarthMJ2000Eq,65160.0,2026-06-18T00:36:00Z,0.0023910538402560633,-0.001620483999431599,0.0010784087862703018,0.003083191912567572,0.0005986642293009936,-0.001081210232456442,-0.00318242854291384,0.0034139809397484592
gmat_d04_sso_900km_i97p6_jun_36h_g2020,numerical_gravity_20x20,EarthMJ2000Eq,65220.0,2026-06-18T00:37:00Z,0.001070667394742486,-0.0007293633643712383,0.000412655936088413,0.0013596266064771602,1.0734524380495714e-05,-0.00034989433572718553,-0.00143716949452255,0.0014791880989833057
gmat_d04_sso_900km_i97p6_jun_36h_g2020,numerical_gravity_20x20,EarthMJ2000Eq,65280.0,2026-06-18T00:38:00Z,-0.0007162077508837683,0.0005192950993659906,-0.00025226836442016065,0.0009199240568322708,-0.00028205970892258847,0.0002957598610464629,0.0009526204269860727,0.0010365892401114562
gmat_d04_sso_900km_i97p6_jun_36h_g2020,numerical_gravity_20x20,EarthMJ2000Eq,65340.0,2026-06-18T00:39:00Z,-0.00045296405914996285,0.00034496019907237496,-6.058144208509475e-05,0.0005725767101016014,-4.458922120420539e-05,0.0001212621114632384,0.0008623326497314565,0.0008719577381484698
gmat_d04_sso_900km_i97p6_jun_36h_g2020,numerical_gravity_20x20,EarthMJ2000Eq,65400.0,2026-06-18T00:40:00Z,0.0006334526005957741,-0.0004680787242250517,5.8206751418765634e-05,0.0007897771300717863,0.00019872903322948332,-0.000275870881694118,-0.0005715149464791125,0.0006650017338804749
gmat_d04_sso_900km_i97p6_jun_36h_g2020,numerical_gravity_20x20,EarthMJ2000Eq,65460.0,2026-06-18T00:41:00Z,0.0005500214115272684,-0.0003985749117418891,0.00010263556760037318,0.0006869640260924542,0.0002573123936144839,-0.00036417979742964235,-0.0008268166151736978,0.0009393946497030953
gmat_d04_sso_900km_i97p6_jun_36h_g2020,numerical_gravity_20x20,EarthMJ2000Eq,65520.0,2026-06-18T00:42:00Z,-0.0005625879566650838,0.00042806459532584995,-2.28719727601856e-05,0.0007072960016103728,-2.3074875343809254e-05,1.716848885280342e-05,0.0003345108699585875,0.0003357450357072643
gmat_d04_sso_900km_i97p6_jun_36h_g2020,numerical_gravity_20x20,EarthMJ2000Eq,65580.0,2026-06-18T00:43:00Z,-0.0003264011638748343,0.00025003214432217646,1.7479578673373908e-05,0.0004115329010465516,-0.00027330315788276494,0.0001681623729155035,0.00029555463632036094,0.00043626338698511615
gmat_d04_sso_900km_i97p6_jun_36h_g2020,numerical_gravity_20x20,EarthMJ2000Eq,65640.0,2026-06-18T00:44:00Z,-0.00039188694245240185,0.00029936310852463066,4.9224581744056195e-05,0.0004955973222870551,-0.00011644551989320462,0.00011396927845908067,0.0007943028457191303,0.000810842503975458
gmat_d04_sso_900km_i97p6_jun_36h_g2020,numerical_gravity_20x20,EarthMJ2000Eq,65700.0,2026-06-18T00:45:00Z,-0.00031639706321584526,0.0002387103599232887,7.049766281852499e-05,0.00040256633988597715,0.00023926460812617734,-0.00017112711248046253,0.0007105804833429374,0.0007690621981579622
gmat_d04_sso_900km_i97p6_jun_36h_g2020,numerical_gravity_20x20,EarthMJ2000Eq,65760.0,2026-06-18T00:46:00Z,-0.000667688482280937,0.0005343597990759008,0.00026876750780502334,0.0008964286237569512,0.0005274927161735832,-0.0003679119231492223,0.0007214109309927608,0.0009664582143928341
gmat_d04_sso_900km_i97p6_jun_36h_g2020,numerical_gravity_20x20,EarthMJ2000Eq,65820.0,2026-06-18T00:47:00Z,0.0015026894288894255,-0.001284547806790215,-0.0006696536729577929,0.002087240913103095,-0.0007643841115623218,0.00013018208733228676,-0.0024284001476360118,0.0025491876594142134
gmat_d04_sso_900km_i97p6_jun_36h_g2020,numerical_gravity_20x20,EarthMJ2000Eq,65880.0,2026-06-18T00:48:00Z,0.0008736756171856541,-0.0007616728225912084,-0.0004066196197527461,0.0012283297960672694,-0.0007700631243778844,0.0003447109264698156,-0.0013449694691303193,0.001587691944694247
gmat_d04_sso_900km_i97p6_jun_36h_g2020,numerical_gravity_20x20,EarthMJ2000Eq,65940.0,2026-06-18T00:49:00Z,-0.000828335942060221,0.0006813295385654783,0.00045575689000543207,0.0011653603373283582,0.0002248086161671381,2.3006485605492344e-05,0.0013369518825356863,0.0013559161288584979
gmat_d04_sso_900km_i97p6_jun_36h_g2020,numerical_gravity_20x20,EarthMJ2000Eq,66000.0,2026-06-18T00:50:00Z,0.0008660126695758663,-0.0007975133939908119,-0.0006175250746309757,0.0013294144482660984,-0.0005888587395475042,0.00021155610596679253,-0.0010502492209241154,0.0012225113607509009
gmat_d04_sso_900km_i97p6_jun_36h_g2020,numerical_gravity_20x20,EarthMJ2000Eq,66060.0,2026-06-18T00:51:00Z,0.0008507477105013095,-0.0008032131972868228,-0.0006952323019504547,0.0013609816534010547,-0.0006461107204813743,0.00023527668702172377,-0.0011529337484716962,0.0013424121613505576
gmat_d04_sso_900km_i97p6_jun_36h_g2020,numerical_gravity_20x20,EarthMJ2000Eq,66120.0,2026-06-18T00:52:00Z,-0.0005094998414278962,0.0004249639005138306,0.0004584362613968551,0.000806441697160127,0.00037919001272257447,-0.00024795987485504156,0.0006106759542490181,0.000760390877368096
gmat_d04_sso_900km_i97p6_jun_36h_g2020,numerical_gravity_20x20,EarthMJ2000Eq,66180.0,2026-06-18T00:53:00Z,0.0002457227310515009,-0.0002801116352202371,-0.0002827982825692743,0.00046777885519259477,-0.00042313530457249726,0.00020531842892523855,-0.0004504405737293382,0.0006512264227544853
gmat_d04_sso_900km_i97p6_jun_36h_g2020,numerical_gravity_20x20,EarthMJ2000Eq,66240.0,2026-06-18T00:54:00Z,-0.0004680823622038588,0.0004012299541500397,0.0005418141881818883,0.0008207613468169576,0.0002947175836709448,-0.00011008394196210247,0.0007726566053634087,0.0008342512560460801
gmat_d04_sso_900km_i97p6_jun_36h_g2020,numerical_gravity_20x20,EarthMJ2000Eq,66300.0,2026-06-18T00:55:00Z,4.547473508864641e-06,-7.122753231669776e-05,-0.00011773045116569847,0.00013767534277029769,-8.299450016124865e-05,9.18070064415133e-05,0.00029468516515862575,0.00031961846012602916
gmat_d04_sso_900km_i97p6_jun_36h_g2020,numerical_gravity_20x20,EarthMJ2000Eq,66360.0,2026-06-18T00:56:00Z,0.00021292453311616555,-0.000264827576756943,-0.00030389219318749383,0.0004558738501976141,-0.00012417489259064496,6.622702386493984e-06,-0.00019117951666203226,0.00022806330640400387
gmat_d04_sso_900km_i97p6_jun_36h_g2020,numerical_gravity_20x20,EarthMJ2000Eq,66420.0,2026-06-18T00:57:00Z,-0.00018938499124487862,0.00013104545359965414,0.00024681321519892663,0.0003375742126033822,0.000423070911637069,-0.00039849235022870744,0.00010341150158410528,0.0005903211737047037
gmat_d04_sso_900km_i97p6_jun_36h_g2020,numerical_gravity_20x20,EarthMJ2000Eq,66480.0,2026-06-18T00:58:00Z,0.00018973787518916652,-0.00026819270715350285,-0.00037725794754805975,0.0005002512852954991,-0.00036008795945008387,8.61937188290085e-05,-0.0006392646412223257,0.0007387502806927442
gmat_d04_sso_900km_i97p6_jun_36h_g2020,numerical_gravity_20x20,EarthMJ2000Eq,66540.0,2026-06-18T00:59:00Z,-0.00038879807107150555,0.00039086671677068807,0.0009347991181130055,0.0010852603934415341,0.0006233009663958455,-0.0004477587189910537,0.0003905986645236226,0.0008611383639521245
gmat_d04_sso_900km_i97p6_jun_36h_g2020,numerical_gravity_20x20,EarthMJ2000Eq,66600.0,2026-06-18T01:00:00Z,0.0002858087100321427,-0.0004442031240614597,-0.0009713912731967866,0.0011057142667972916,-0.0009130873834806152,0.0005942006886527906,-0.0004886944182658226,0.0011939955036393971
gmat_d04_sso_900km_i97p6_jun_36h_g2020,numerical_gravity_20x20,EarthMJ2000Eq,66660.0,2026-06-18T01:01:00Z,-0.000337864548782818,0.0003837199074041564,0.0011189194992766716,0.0012301927761631626,0.0010867780009249373,-0.0007125482426317831,0.0007488001330102634,0.0014998376780732752
gmat_d04_sso_900km_i97p6_jun_36h_g2020,numerical_gravity_20x20,EarthMJ2000Eq,66720.0,2026-06-18T01:02:00Z,-0.00017167621990665793,0.00017432694221497513,0.0006304585440375376,0.0006762696082284004,0.0008253584482531551,-0.0006527338669570781,0.00025271251757885693,0.0010821929983679624
gmat_d04_sso_900km_i97p6_jun_36h_g2020,numerical_gravity_20x20,EarthMJ2000Eq,66780.0,2026-06-18T01:03:00Z,0.0004469738996704109,-0.0008669721864862368,-0.0027342043722455855,0.002902981224247614,-0.0022073600725036613,0.0013500365270147086,-0.001306363017761214,0.0028985550621182777
gmat_d04_sso_900km_i97p6_jun_36h_g2020,numerical_gravity_20x20,EarthMJ2000Eq,66840.0,2026-06-18T01:04:00Z,0.00031492163543589413,-0.0008711867849342525,-0.003321197709738044,0.0034479698777510987,-0.0030970133124696986,0.002072923610541011,-0.0012667866755577961,0.003936146876594379
gmat_d04_sso_900km_i97p6_jun_36h_g2020,numerical_gravity_20x20,EarthMJ2000Eq,66900.0,2026-06-18T01:05:00Z,1.6250851331278682e-05,-0.00010149960871785879,-7.9685833043186e-05,0.00013006188037490565,-0.0005100567745941476,0.0004223834615402211,-6.23847640213171e-05,0.0006651748346668565
gmat_d04_sso_900km_i97p6_jun_36h_g2020,numerical_gravity_20x20,EarthMJ2000Eq,66960.0,2026-06-18T01:06:00Z,-9.471841622143984e-05,-3.675177140394226e-05,-0.00022823599010735052,0.0002498278172123916,-0.00027170003052967573,0.00041079184498471477,0.0004983320422979887,0.0007006466091237843
gmat_d04_sso_900km_i97p6_jun_36h_g2020,numerical_gravity_20x20,EarthMJ2000Eq,67020.0,2026-06-18T01:07:00Z,-0.00020043262338731438,-0.0005284809958538972,-0.0036755259884557745,0.003718730521469719,-0.002752979788578358,0.0021880537381946397,0.00013422241096350263,0.0035191607711432186
gmat_d04_sso_900km_i97p6_jun_36h_g2020,numerical_gravity_20x20,EarthMJ2000Eq,67080.0,2026-06-18T01:08:00Z,-4.615685611497611e-05,-9.293489711126313e-05,-0.00037686784537527274,0.00039089221448540025,-6.620970438575569e-05,-3.441691376337985e-08,-0.00010061729227572869,0.00012044735631915098
gmat_d04_sso_900km_i97p6_jun_36h_g2020,numerical_gravity_20x20,EarthMJ2000Eq,67140.0,2026-06-18T01:09:00Z,0.00011885003914358094,1.979151420528069e-05,0.0010678510307116085,0.001074626846691824,0.0008488927338845542,-0.0007958607661784356,-0.0003829487837947454,0.0012250155116544418
gmat_d04_sso_900km_i97p6_jun_36h_g2020,numerical_gravity_20x20,EarthMJ2000Eq,67200.0,2026-06-18T01:10:00Z,-0.00021496271074283868,-7.350354280788451e-05,-0.0009838068990575266,0.0010096968616611652,-0.0010433267583209727,0.0007487015452056767,-4.261302422037261e-05,0.0012848737674398694
gmat_d04_sso_900km_i97p6_jun_36h_g2020,numerical_gravity_20x20,EarthMJ2000Eq,67260.0,2026-06-18T01:11:00Z,-0.000363438630301971,-3.1694980862084776e-05,-0.0014107317838352174,0.0014571397927894616,-0.0013134373588741255,0.0011171737979154273,0.00040165470949204973,0.0017704579904906416
gmat_d04_sso_900km_i97p6_jun_36h_g2020,numerical_gravity_20x20,EarthMJ2000Eq,67320.0,2026-06-18T01:12:00Z,-0.0005619849616778083,8.168626663973555e-05,-0.0016624178442725679,0.0017567392613206426,-0.001269926830360646,0.0011659819776355107,0.0007251594880131051,0.0018703166602733565
gmat_d04_sso_900km_i97p6_jun_36h_g2020,numerical_gravity_20x20,EarthMJ2000Eq,67380.0,2026-06-18T01:13:00Z,0.0005144729584571905,-0.00021125742932781577,0.0014723686945217196,0.0015739065089888549,0.0013218581784713024,-0.001059186516272348,-0.0004708367029593319,0.0017580876886828588
gmat_d04_sso_900km_i97p6_jun_36h_g2020,numerical_gravity_20x20,EarthMJ2000Eq,67440.0,2026-06-18T01:14:00Z,-0.00015814930520718917,2.121669240295887e-05,-0.0002063011379505042,0.0002608093370523981,-5.632116995002434e-05,4.7354897780849114e-05,5.5560889222761034e-05,9.22039746409997e-05
gmat_d04_sso_900km_i97p6_jun_36h_g2020,numerical_gravity_20x20,EarthMJ2000Eq,67500.0,2026-06-18T01:15:00Z,-0.0006961427061469294,0.0002139813659596257,-0.0015092218745849095,0.0016757545640770624,-0.0011551488654504283,0.0010088667679042373,0.0005666738189802345,0.0016350230193641303
gmat_d04_sso_900km_i97p6_jun_36h_g2020,numerical_gravity_20x20,EarthMJ2000Eq,67560.0,2026-06-18T01:16:00Z,-0.0006354830475174822,0.00023099528334569186,-0.001154344772658078,0.0013378002013653208,-0.0009041003501408795,0.0008732028433655614,0.0005480558229464805,0.0013712205635316682
gmat_d04_sso_900km_i97p6_jun_36h_g2020,numerical_gravity_20x20,EarthMJ2000Eq,67620.0,2026-06-18T01:17:00Z,-0.0007153830665629357,0.000293605808110442,-0.0011789607015089132,0.0014099381682129057,-0.0009705560799488921,0.0009433178682627386,0.0006983862377296646,0.0015230138022879877
gmat_d04_sso_900km_i97p6_jun_36h_g2020,numerical_gravity_20x20,EarthMJ2000Eq,67680.0,2026-06-18T01:18:00Z,-0.0007781636668369174,0.00035212178772781044,-0.0011322899808874354,0.0014183120413349718,-0.0009685634516642949,0.0009025873382029204,0.0008937925954910497,0.0015973866991867414
gmat_d04_sso_900km_i97p6_jun_36h_g2020,numerical_gravity_20x20,EarthMJ2000Eq,67740.0,2026-06-18T01:19:00Z,-0.000762900981499115,0.0003618829396145884,-0.0009981395123759285,0.001307386574706374,-0.0007970815119051622,0.0007424594272720242,0.0009917728860386887,0.0014731593244614214
gmat_d04_sso_900km_i97p6_jun_36h_g2020,numerical_gravity_20x20,EarthMJ2000Eq,67800.0,2026-06-18T01:20:00Z,-0.001160292413260322,0.0006117015800555237,-0.0013130775187164545,0.001855971410736288,-0.0008800888906534965,0.0009148428681271525,0.0014246976931531208,0.0019082079146913317
gmat_d04_sso_900km_i97p6_jun_36h_g2020,numerical_gravity_20x20,EarthMJ2000Eq,67860.0,2026-06-18T01:21:00Z,0.0007571761670988053,-0.0004848566277360078,0.0008421438906225376,0.0012319123467174262,0.0006510729733122389,-0.0005958136206629661,-0.0009193961147957452,0.001274432855448518
gmat_d04_sso_900km_i97p6_jun_36h_g2020,numerical_gravity_20x20,EarthMJ2000Eq,67920.0,2026-06-18T01:22:00Z,-0.0014195939002092928,0.0008148426786647178,-0.0013370008673518896,0.0021134774074459913,-0.0009238867448857491,0.001040156849541063,0.0016084751308653722,0.0021266605830821124
gmat_d04_sso_900km_i97p6_jun_36h_g2020,numerical_gravity_20x20,EarthMJ2000Eq,67980.0,2026-06-18T01:23:00Z,-0.001643293671804713,0.0009802188287721947,-0.001392841113556642,0.0023666958849177596,-0.0009736353945299925,0.0011263416865858744,0.0018907133636503204,0.0024065345415988934
gmat_d04_sso_900km_i97p6_jun_36h_g2020,numerical_gravity_20x20,EarthMJ2000Eq,68040.0,2026-06-18T01:24:00Z,0.0008756542229093611,-0.0005918614078836981,0.000675292540108785,0.0012542289499798854,0.0004518758700555736,-0.0004636011574632448,-0.0010655831772510282,0.0012468301178509198
gmat_d04_sso_900km_i97p6_jun_36h_g2020,numerical_gravity_20x20,EarthMJ2000Eq,68100.0,2026-06-18T01:25:00Z,-0.001577986949996557,0.000998281848296756,-0.0010309877325198613,0.002132966283747746,-0.0006705800359441128,0.0008901226422608488,0.0019251817917620428,0.002224482149670874
gmat_d04_sso_900km_i97p6_jun_36h_g2020,numerical_gravity_20x20,EarthMJ2000Eq,68160.0,2026-06-18T01:26:00Z,-0.0017863817447505426,0.001162787611974636,-0.0010191342880716547,0.002362598033026987,-0.0005953415538328954,0.000881363870774976,0.0021811943362592956,0.0024266937530222567
gmat_d04_sso_900km_i97p6_jun_36h_g2020,numerical_gravity_20x20,EarthMJ2000Eq,68220.0,2026-06-18T01:27:00Z,0.0009598006727173924,-0.0006778004717489239,0.00048029323806986213,0.0012693748088675211,0.00036056402308304314,-0.00040714676075026546,-0.0012087872924837484,0.0013254967438667868
gmat_d04_sso_900km_i97p6_jun_36h_g2020,numerical_gravity_20x20,EarthMJ2000Eq,68280.0,2026-06-18T01:28:00Z,-0.001725955826259451,0.0011789420568675268,-0.0006969430614844896,0.0022033060428822302,-0.00035148950416896696,0.0006846994082820856,0.0020528401201147517,0.002192375585978719
gmat_d04_sso_900km_i97p6_jun_36h_g2020,numerical_gravity_20x20,EarthMJ2000Eq,68340.0,2026-06-18T01:29:00Z,0.0009490711363469018,-0.0006894706530147232,0.00031036142900120467,0.00121343727478062,0.0001538822402835649,-0.00025419399918291674,-0.0012278909000684735,0.0012633330501361307
gmat_d04_sso_900km_i97p6_jun_36h_g2020,numerical_gravity_20x20,EarthMJ2000Eq,68400.0,2026-06-18T01:30:00Z,-0.001690426643108367,0.0012048385542584583,-0.00042987267079297453,0.002119898273656762,-0.0001787539005704275,0.0005543272507679831,0.0020982597881413767,0.002177596334595608
gmat_d04_sso_900km_i97p6_jun_36h_g2020,numerical_gravity_20x20,EarthMJ2000Eq,68460.0,2026-06-18T01:31:00Z,-0.0018892305035933532,0.0013749902336712694,-0.00034419008443364874,0.002361833366819389,-5.688338688969452e-05,0.0005150893045424709,0.0023930066817001716,0.002448475789143065
gmat_d04_sso_900km_i97p6_jun_36h_g2020,numerical_gravity_20x20,EarthMJ2000Eq,68520.0,2026-06-18T01:32:00Z,0.0010109261836532824,-0.0007584460490761558,0.00010496114555280656,0.0012681596903508555,3.366640299873325e-05,-0.00015764278771257523,-0.001249673475811619,0.001260027170879961
gmat_d04_sso_900km_i97p6_jun_36h_g2020,numerical_gravity_20x20,EarthMJ2000Eq,68580.0,2026-06-18T01:33:00Z,-0.0017659486957199988,0.0013403773664322216,-4.3826730689033866e-05,0.002217455086959335,0.00021676438421991406,0.0002851665570346995,0.0022249354025838386,0.0022535847685827507
gmat_d04_sso_900km_i97p6_jun_36h_g2020,numerical_gravity_20x20,EarthMJ2000Eq,68640.0,2026-06-18T01:34:00Z,0.0009705687489258708,-0.0007442699825332966,-4.930461727781221e-05,0.0012240802459710536,-0.00010187317656118466,-5.9107385652623634e-05,-0.0012595938736481571,0.001265088358049873
gmat_d04_sso_900km_i97p6_jun_36h_g2020,numerical_gravity_20x20,EarthMJ2000Eq,68700.0,2026-06-18T01:35:00Z,-4.9677737479214557e-05,3.873645937346737e-05,-4.794128471985459e-05,7.916285534539675e-05,-0.00013556356037724981,0.00015715073686806136,-9.656719868189612e-07,0.00020754461092188599
gmat_d04_sso_900km_i97p6_jun_36h_g2020,numerical_gravity_20x20,EarthMJ2000Eq,68760.0,2026-06-18T01:36:00Z,-0.0002537897216825513,0.00022178827663310585,9.490304364589974e-05,0.00035015118188697503,2.930100606590713e-06,0.00014274537107894503,0.0004666287356513976,0.000487982790054785
gmat_d04_sso_900km_i97p6_jun_36h_g2020,numerical_gravity_20x20,EarthMJ2000Eq,68820.0,2026-06-18T01:37:00Z,-0.001956521828105906,0.0015946253313359193,0.0005063257049187087,0.0025743296856957725,0.0007071463414831669,1.8981261007411376e-05,0.0028030129328726616,0.0028908991228325243
gmat_d04_sso_900km_i97p6_jun_36h_g2020,numerical_gravity_20x20,EarthMJ2000Eq,68880.0,2026-06-18T01:38:00Z,0.0008831316335999873,-0.0007031443942651094,-0.0003074474079767242,0.0011699818076034499,-8.068479218081848e-05,-1.56115120830691e-05,-0.0009825855684653106,0.000986016305319075
gmat_d04_sso_900km_i97p6_jun_36h_g2020,numerical_gravity_20x20,EarthMJ2000Eq,68940.0,2026-06-18T01:39:00Z,-0.00040195664041675627,0.0003753917781068594,0.00025032386474777013,0.0006042765634273888,0.0004844435963491378,-0.00024149304778120495,0.0003977973506152921,0.0006717493746382556
gmat_d04_sso_900km_i97p6_jun_36h_g2020,numerical_gravity_20x20,EarthMJ2000Eq,69000.0,2026-06-18T01:40:00Z,-0.001700918801361695,0.0014785721305088373,0.0009003151717479341,0.002426904967736203,0.0009290923586036115,-0.0003368434420281119,0.0019431944942027712,0.0021800644388533406
gmat_d04_sso_900km_i97p6_jun_36h_g2020,numerical_gravity_20x20,EarthMJ2000Eq,69060.0,2026-06-18T01:41:00Z,0.0006531972758239135,-0.0005320725904311985,-0.00039749920688336715,0.000931543634031629,-0.000580942405292717,0.0003332321085736112,-0.0010115766002627424,0.0012131879222325081
gmat_d04_sso_900km_i97p6_jun_36h_g2020,numerical_gravity_20x20,EarthMJ2000Eq,69120.0,2026-06-18T01:42:00Z,0.0002765968929452356,-0.0002110971308866283,-0.0002220340320491232,0.00041275531643276926,-0.0003532951708962173,0.0003119620117786326,-0.00022406565491905894,0.0005218651092819541
gmat_d04_sso_900km_i97p6_jun_36h_g2020,numerical_gravity_20x20,EarthMJ2000Eq,69180.0,2026-06-18T01:43:00Z,0.0004974522198608611,-0.0004165735845162999,-0.0004722278390545398,0.0008024907440833057,-0.0003701821071899758,0.00029615865315690826,-0.00039977976484806277,0.0006201359534048135
gmat_d04_sso_900km_i97p6_jun_36h_g2020,numerical_gravity_20x20,EarthMJ2000Eq,69240.0,2026-06-18T01:44:00Z,-0.0002806723387038801,0.0003226973603887018,0.00037154313758946955,0.0005665287735015484,0.0005356488586016894,-0.0002630162754257981,0.00051423310054588,0.000787739133569725
gmat_d04_sso_900km_i97p6_jun_36h_g2020,numerical_gravity_20x20,EarthMJ2000Eq,69300.0,2026-06-18T01:45:00Z,-0.0013378958101384342,0.0013248281902633607,0.0015210544006549753,0.002420483716585248,0.0015255556817805882,-0.0008287046604493753,0.0017585204403758325,0.0024711264013973794
gmat_d04_sso_900km_i97p6_jun_36h_g2020,numerical_gravity_20x20,EarthMJ2000Eq,69360.0,2026-06-18T01:46:00Z,0.0005131987563800067,-0.00044260787035454996,-0.0006123054845375009,0.0009133415006690977,-0.0005621343390771472,0.00033261082776903095,-0.0008152207797706978,0.0010446099260914793
gmat_d04_sso_900km_i97p6_jun_36h_g2020,numerical_gravity_20x20,EarthMJ2000Eq,69420.0,2026-06-18T01:47:00Z,0.00019519302441040054,-0.0001382159098284319,-0.00026105772121809423,0.00035405520518100655,-0.0002691442624325191,0.00021006441031090617,-0.0002658211428752111,0.0004326968574869672
gmat_d04_sso_900km_i97p6_jun_36h_g2020,numerical_gravity_20x20,EarthMJ2000Eq,69480.0,2026-06-18T01:48:00Z,0.00023896518541732803,-0.000200482190848561,-0.0004501152943703346,0.0005476324012648172,-0.00041553294138907404,0.00033893021722519734,-0.0002198428106225947,0.0005795448031949015
gmat_d04_sso_900km_i97p6_jun_36h_g2020,numerical_gravity_20x20,EarthMJ2000Eq,69540.0,2026-06-18T01:49:00Z,-0.0006486825441243127,0.000803158400231041,0.001477061232435517,0.001802099426579234,0.001371132096750216,-0.000804430300149761,0.0010995497845556201,0.0019329048251928982
gmat_d04_sso_900km_i97p6_jun_36h_g2020,numerical_gravity_20x20,EarthMJ2000Eq,69600.0,2026-06-18T01:50:00Z,-0.0007022890713415109,0.0008639494808448944,0.001577277998876525,0.00193065391277614,0.0014801981862433422,-0.0009089835550923908,0.0010548788509368023,0.002032241905910866
gmat_d04_sso_900km_i97p6_jun_36h_g2020,numerical_gravity_20x20,EarthMJ2000Eq,69660.0,2026-06-18T01:51:00Z,0.00026236466510454193,-0.0002256015250168275,-0.0005460897227749228,0.0006464868528483227,-0.0004553086796477146,0.0003022426753318541,-0.00044223025241763025,0.0007030108283004343
gmat_d04_sso_900km_i97p6_jun_36h_g2020,numerical_gravity_20x20,EarthMJ2000Eq,69720.0,2026-06-18T01:52:00Z,5.919537215959281e-05,-1.1928023013751954e-06,-0.00014053148333914578,0.00015249463161679978,-0.0001709254959791906,0.0001382440828479048,-7.413092362185125e-05,0.00023199643414332775
gmat_d04_sso_900km_i97p6_jun_36h_g2020,numerical_gravity_20x20,EarthMJ2000Eq,69780.0,2026-06-18T01:53:00Z,8.103870641207322e-05,-3.017930794158019e-05,-0.00022038284441805445,0.00023674175947341295,-0.00019882717694486018,0.00016514789535904129,-1.1850076475639071e-05,0.0002587402132368722
gmat_d04_sso_900km_i97p6_jun_36h_g2020,numerical_gravity_20x20,EarthMJ2000Eq,69840.0,2026-06-18T01:54:00Z,6.876780389575288e-05,-2.012984623434022e-05,-0.00022144649847177789,0.00023275045273312366,-0.00012063017251762176,0.00010557021923318644,-5.631939359318494e-06,0.00016040083681677372
gmat_d04_sso_900km_i97p6_jun_36h_g2020,numerical_gravity_20x20,EarthMJ2000Eq,69900.0,2026-06-18T01:55:00Z,6.227037374628708e-05,6.621121428906918e-07,-0.00013309704627317842,0.0001469450971132982,-3.332412124024131e-05,3.327649267248489e-05,-7.960121450878432e-05,9.248878511630336e-05
gmat_d04_sso_900km_i97p6_jun_36h_g2020,numerical_gravity_20x20,EarthMJ2000Eq,69960.0,2026-06-18T01:56:00Z,5.7430952438153327e-05,-7.821199687896296e-05,-0.0006352818218147149,0.000642649534257959,-0.000498251218061796,0.00038143754821362563,-0.00018131185441916386,0.0006531637375422807
gmat_d04_sso_900km_i97p6_jun_36h_g2020,numerical_gravity_20x20,EarthMJ2000Eq,70020.0,2026-06-18T01:57:00Z,3.183959051966667e-05,0.00035474567994242534,0.0018196574274043087,0.001854187533684212,0.0014536572223722288,-0.0010575222919584348,0.00011746692507585976,0.001801463626230278
gmat_d04_sso_900km_i97p6_jun_36h_g2020,numerical_gravity_20x20,EarthMJ2000Eq,70080.0,2026-06-18T01:58:00Z,1.699572749203071e-05,0.0003729801392182708,0.001852759055509523,0.0018900050679235766,0.0014540239567928381,-0.0010628906643717073,0.00021078871981217162,0.0018133819552802672
gmat_d04_sso_900km_i97p6_jun_36h_g2020,numerical_gravity_20x20,EarthMJ2000Eq,70140.0,2026-06-18T01:59:00Z,1.648368197493255e-05,-4.473531589610502e-05,-0.0006403347470040899,0.0006421071160488466,-0.0005755707022103707,0.0004281021093177628,3.823164007599189e-05,0.0007183416370698257
gmat_d04_sso_900km_i97p6_jun_36h_g2020,numerical_gravity_20x20,EarthMJ2000Eq,70200.0,2026-06-18T02:00:00Z,-1.2141754268668592e-06,4.858065949520096e-05,-0.00015519202634095564,0.0001626226298482709,-0.00011921641451806408,8.864586842349809e-05,0.0001525410908698177,0.00021293057056903078
gmat_d04_sso_900km_i97p6_jun_36h_g2020,numerical_gravity_20x20,EarthMJ2000Eq,70260.0,2026-06-18T02:01:00Z,4.253706720191985e-06,3.89072738471441e-05,-0.0001805681222322164,0.0001847612425416833,-5.357647658854603e-05,4.5492998257401496e-05,0.00011039702485504677,0.0001308722844262175
gmat_d04_sso_900km_i97p6_jun_36h_g2020,numerical_gravity_20x20,EarthMJ2000Eq,70320.0,2026-06-18T02:02:00Z,-5.733818397857249e-05,4.526646080194041e-05,-0.00042246711018378846,0.000428736724578774,-0.0002301514534508442,0.00018333219317656635,4.7414516757271485e-05,0.00029804113974381377
gmat_d04_sso_900km_i97p6_jun_36h_g2020,numerical_gravity_20x20,EarthMJ2000Eq,70380.0,2026-06-18T02:03:00Z,-8.469578460790217e-05,4.782577889272943e-05,-0.0005323058758222032,0.0005411194198066516,-0.00036629543842536805,0.00026668206531965666,-8.256506589532364e-05,0.00046055256190872433
gmat_d04_sso_900km_i97p6_jun_36h_g2020,numerical_gravity_20x20,EarthMJ2000Eq,70440.0,2026-06-18T02:04:00Z,-0.0002799433787004091,0.00012769123713951558,-0.0009410086931893602,0.000990035710456127,-0.0008715539401293881,0.0006564473409298444,9.627942887391328e-05,0.0010953534180314641
gmat_d04_sso_900km_i97p6_jun_36h_g2020,numerical_gravity_20x20,EarthMJ2000Eq,70500.0,2026-06-18T02:05:00Z,0.0007582102625747211,-0.00020482821128098294,0.0018128284864360467,0.001975647873393486,0.0011404108768431342,-0.0010412724016362063,-0.0007106413235646869,0.0016999400792937173
gmat_d04_sso_900km_i97p6_jun_36h_g2020,numerical_gravity_20x20,EarthMJ2000Eq,70560.0,2026-06-18T02:06:00Z,0.0003921259121852927,-7.054222805891186e-05,0.0009680811672296841,0.0010468620173124303,0.0006141256392311334,-0.000526062748917866,-3.7969627442180354e-05,0.0008095270280652574
gmat_d04_sso_900km_i97p6_jun_36h_g2020,numerical_gravity_20x20,EarthMJ2000Eq,70620.0,2026-06-18T02:07:00Z,-0.0005703022907255217,0.0002988035703310743,-0.0011942024684685748,0.0013567047623362321,-0.0007362275233901983,0.0007050509065464894,0.0009747891382971829,0.00141044021892509
gmat_d04_sso_900km_i97p6_jun_36h_g2020,numerical_gravity_20x20,EarthMJ2000Eq,70680.0,2026-06-18T02:08:00Z,0.0010424555512145162,-0.0004327894203015603,0.0017806346477300394,0.002108240974670496,0.001699596463566877,-0.00147595424770941,-0.001096633006625325,0.002503931514942169
gmat_d04_sso_900km_i97p6_jun_36h_g2020,numerical_gravity_20x20,EarthMJ2000Eq,70740.0,2026-06-18T02:09:00Z,0.000508082848682534,-0.00018326591089135036,0.0008388910828216467,0.0009977338442981023,0.0007877658525501374,-0.00076594441900113,-0.0008912079962897224,0.0014147429392273936
gmat_d04_sso_900km_i97p6_jun_36h_g2020,numerical_gravity_20x20,EarthMJ2000Eq,70800.0,2026-06-18T02:10:00Z,-0.00044756689021596685,0.0002708984538912773,-0.0007847656888770871,0.0009431645031366505,-0.0008150982111487792,0.0005795421920140598,0.00015555201571260113,0.0010121515082904607
gmat_d04_sso_900km_i97p6_jun_36h_g2020,numerical_gravity_20x20,EarthMJ2000Eq,70860.0,2026-06-18T02:11:00Z,-0.00021973073671688326,0.0001645921656745486,-0.00035031007428187877,0.0004450722703145611,-0.000634723384962399,0.00042888270712637677,0.00029530511369557644,0.0008209867611995535
gmat_d04_sso_900km_i97p6_jun_36h_g2020,numerical_gravity_20x20,EarthMJ2000Eq,70920.0,2026-06-18T02:12:00Z,-0.0006268433025979903,0.00040817531044012867,-0.0007126545824576169,0.001033158344089952,-0.0006752998160663992,0.0006079883263510055,0.0010940244266066657,0.0014221705567794788
gmat_d04_sso_900km_i97p6_jun_36h_g2020,numerical_gravity_20x20,EarthMJ2000Eq,70980.0,2026-06-18T02:13:00Z,0.0013413682609098032,-0.0007556968739663716,0.0013195249266573228,0.002027681584659867,0.0010837331032576003,-0.001078228173412299,-0.0012578400543361568,0.001979700743882458
gmat_d04_sso_900km_i97p6_jun_36h_g2020,numerical_gravity_20x20,EarthMJ2000Eq,71040.0,2026-06-18T02:14:00Z,0.0006312120603979565,-0.0003291634129709564,0.0006405725798686035,0.0009576588368046526,0.0006446594369435843,-0.000624389429049188,-0.0007309539640232288,0.00115747209308478
gmat_d04_sso_900km_i97p6_jun_36h_g2020,numerical_gravity_20x20,EarthMJ2000Eq,71100.0,2026-06-18T02:15:00Z,-0.0006507257239718456,0.00044183479985804297,-0.0005855472409166396,0.0009805751014325056,-0.00039315484201551953,0.00038213743280834933,0.0006320890477695684,0.0008367414843688841
gmat_d04_sso_900km_i97p6_jun_36h_g2020,numerical_gravity_20x20,EarthMJ2000Eq,71160.0,2026-06-18T02:16:00Z,3.675813786685467e-05,1.2822965800296515e-05,7.629751053173095e-06,3.967117659570567e-05,-4.673506026620089e-05,-3.150057992229449e-05,-4.000577646934289e-05,6.911522657447722e-05
gmat_d04_sso_900km_i97p6_jun_36h_g2020,numerical_gravity_20x20,EarthMJ2000Eq,71220.0,2026-06-18T02:17:00Z,0.00011435849955887534,-4.1201928979717195e-05,6.011305231368169e-05,0.00013560621088827156,-1.538325022920617e-05,-7.686029590558974e-05,-8.169864784690617e-05,0.00011322022140201799
gmat_d04_sso_900km_i97p6_jun_36h_g2020,numerical_gravity_20x20,EarthMJ2000Eq,71280.0,2026-06-18T02:18:00Z,8.517736205249093e-05,-2.7800524549093097e-05,3.5427547118160874e-05,9.634917366659332e-05,6.4295235802092066e-06,-9.794387523243131e-05,-4.176659018639839e-05,0.00010667140912546851
gmat_d04_sso_900km_i97p6_jun_36h_g2020,numerical_gravity_20x20,EarthMJ2000Eq,71340.0,2026-06-18T02:19:00Z,9.34464878810104e-05,-3.913828550139442e-05,3.6589881347026676e-05,0.00010771662316594396,1.2206236021938821e-05,-0.00011575496117188777,-0.00011096457086523515,0.00016081461134186256
gmat_d04_sso_900km_i97p6_jun_36h_g2020,numerical_gravity_20x20,EarthMJ2000Eq,71400.0,2026-06-18T02:20:00Z,9.19533249543747e-05,-4.4579337554750964e-05,2.811157173709944e-05,0.00010598580929782696,-4.034550471487819e-05,-7.426770309848507e-05,-0.00013974021939588965,0.0001633119113568706
gmat_d04_sso_900km_i97p6_jun_36h_g2020,numerical_gravity_20x20,EarthMJ2000Eq,71460.0,2026-06-18T02:21:00Z,8.838310350256506e-05,-4.757589522341732e-05,2.1075720724184066e-05,0.00010256327215479484,-6.685674236450723e-05,-3.247890845159418e-05,-8.508260762596365e-05,0.000112976783518716
gmat_d04_sso_900km_i97p6_jun_36h_g2020,numerical_gravity_20x20,EarthMJ2000Eq,71520.0,2026-06-18T02:22:00Z,8.547215202270309e-05,-4.964681465935428e-05,1.7773345462046564e-05,0.00010043000939024945,-2.1291413077051402e-05,-4.574829404191405e-05,-3.65294461346366e-05,6.229471176164459e-05
gmat_d04_sso_900km_i97p6_jun_36h_g2020,numerical_gravity_20x20,EarthMJ2000Eq,71580.0,2026-06-18T02:23:00Z,8.582546229263244e-05,-5.3551730161416344e-05,1.4757461030967534e-05,0.00010223297137961777,2.3597124254592927e-05,-8.205436330399607e-05,-7.862499540323142e-05,0.0001160673628220657
gmat_d04_sso_900km_i97p6_jun_36h_g2020,numerical_gravity_20x20,EarthMJ2000Eq,71640.0,2026-06-18T02:24:00Z,8.654350835968216e-05,-5.862580110260751e-05,7.706148608122021e-06,0.00010481482777019353,-1.4446221996422537e-05,-7.80007169964847e-05,-0.00014975498618952088,0.00016946787622012382
gmat_d04_sso_900km_i97p6_jun_36h_g2020,numerical_gravity_20x20,EarthMJ2000Eq,71700.0,2026-06-18T02:25:00Z,8.322081157530192e-05,-6.221443982212804e-05,-1.3133103493601084e-06,0.0001039137372328935,-9.302425496571232e-05,-4.169731226966178e-05,-0.00013147979927019549,0.00016637041647651915
gmat_d04_sso_900km_i97p6_jun_36h_g2020,numerical_gravity_20x20,EarthMJ2000Eq,71760.0,2026-06-18T02:26:00Z,7.694313808315201e-05,-6.437880983867217e-05,-6.534719432238489e-06,0.00010053646210397989,-9.775469322903518e-05,-4.0605740991850325e-05,-4.173472678559165e-05,0.00011378309922685352
gmat_d04_sso_900km_i97p6_jun_36h_g2020,numerical_gravity_20x20,EarthMJ2000Eq,71820.0,2026-06-18T02:27:00Z,7.47168087400496e-05,-6.913319339219015e-05,-8.664756023790687e-06,0.00010216201805882131,-2.4055424319158192e-05,-8.099032555719532e-05,-3.192945907670719e-05,9.031935910958598e-05
gmat_d04_sso_900km_i97p6_jun_36h_g2020,numerical_gravity_20x20,EarthMJ2000Eq,71880.0,2026-06-18T02:28:00Z,6.243180905585177e-05,-6.428177101724941e-05,-8.959432307165116e-06,9.005636176510295e-05,8.488321157074097e-06,-8.638423310003418e-05,-0.00010824763307937246,0.00013875099059694357
gmat_d04_sso_900km_i97p6_jun_36h_g2020,numerical_gravity_20x20,EarthMJ2000Eq,71940.0,2026-06-18T02:29:00Z,0.0001188950591313187,-0.00011534220334397105,-3.919012669939548e-05,0.0001702225748506831,-7.903810939069444e-05,-2.5377033807671978e-05,-0.00022989121717387206,0.00024441969706759625
gmat_d04_sso_900km_i97p6_jun_36h_g2020,numerical_gravity_20x20,EarthMJ2000Eq,72000.0,2026-06-18T02:30:00Z,-0.000652538346912479,0.0005191011496208375,0.00025106237444560975,0.000870806875025234,0.00016976287042780314,-5.3445248227035336e-05,0.0009367844278074244,0.0009535412371347241
gmat_d04_sso_900km_i97p6_jun_36h_g2020,numerical_gravity_20x20,EarthMJ2000Eq,72060.0,2026-06-18T02:31:00Z,-0.00019175968191120774,0.00013294925338414032,7.620201358804479e-05,0.00024546695593696615,9.71942526462044e-05,-0.00012752376932212428,0.00041348746648850465,0.00044348722578295175
gmat_d04_sso_900km_i97p6_jun_36h_g2020,numerical_gravity_20x20,EarthMJ2000Eq,72120.0,2026-06-18T02:32:00Z,0.00212508211916429,-0.0018542200450610835,-0.0011992142390226945,0.003064673029830898,-0.0010642358105883432,0.00021509993786139603,-0.002834104950721894,0.003034965686051978
gmat_d04_sso_900km_i97p6_jun_36h_g2020,numerical_gravity_20x20,EarthMJ2000Eq,72180.0,2026-06-18T02:33:00Z,0.000940360678214347,-0.0008588992841396248,-0.000608343725616578,0.0014114064878426643,-0.0005554756654646553,9.281553303708279e-05,-0.0015876078229837276,0.0016845374847997566
gmat_d04_sso_900km_i97p6_jun_36h_g2020,numerical_gravity_20x20,EarthMJ2000Eq,72240.0,2026-06-18T02:34:00Z,-0.00044543094190885313,0.0003479565293673659,0.00030063256417633966,0.000640204974193759,3.455635777527277e-05,3.342659482541421e-05,0.0002755649042285313,0.0002797275380558637
gmat_d04_sso_900km_i97p6_jun_36h_g2020,numerical_gravity_20x20,EarthMJ2000Eq,72300.0,2026-06-18T02:35:00Z,0.0009172649697575253,-0.0008863071343512274,-0.0008740953489905223,0.0015462723046970161,-0.0011313421310887861,0.0006891074377790574,-0.0011435439262186264,0.0017499990827341725
gmat_d04_sso_900km_i97p6_jun_36h_g2020,numerical_gravity_20x20,EarthMJ2000Eq,72360.0,2026-06-18T02:36:00Z,-7.249582267832011e-06,-3.5258835850981995e-05,7.539711077697575e-06,3.6777563700709067e-05,-4.53681536782824e-05,5.725109275545037e-05,0.0004338582826335369,0.0004399647331316357
gmat_d04_sso_900km_i97p6_jun_36h_g2020,numerical_gravity_20x20,EarthMJ2000Eq,72420.0,2026-06-18T02:37:00Z,-0.00022517633624374866,0.00015724344848422334,0.0002003816916840151,0.0003399745679569518,0.0003743645393683437,-0.0003026494610480768,0.0005198792507599137,0.0007085336547969001
gmat_d04_sso_900km_i97p6_jun_36h_g2020,numerical_gravity_20x20,EarthMJ2000Eq,72480.0,2026-06-18T02:38:00Z,0.0009373152352054603,-0.0009797263373911846,-0.0012599712135852315,0.001850932469159708,-0.0010051413035228052,0.00043281245254434,-0.0014358345623577407,0.0018053411172368548
gmat_d04_sso_900km_i97p6_jun_36h_g2020,numerical_gravity_20x20,EarthMJ2000Eq,72540.0,2026-06-18T02:39:00Z,-0.00031182389648165554,0.0002587648850749247,0.0004843595888814889,0.0006315042513762565,0.0003950182403400504,-0.00036367397981962313,4.792077845650056e-05,0.0005390682468918666
gmat_d04_sso_900km_i97p6_jun_36h_g2020,numerical_gravity_20x20,EarthMJ2000Eq,72600.0,2026-06-18T02:40:00Z,0.00020976222003810108,-0.0003019044925167691,-0.0004733437890536152,0.000599333675169979,-0.000696764868024502,0.00041855363619447417,-0.0005942473180198249,0.0010068755149761925
gmat_d04_sso_900km_i97p6_jun_36h_g2020,numerical_gravity_20x20,EarthMJ2000Eq,72660.0,2026-06-18T02:41:00Z,-0.0003371060302015394,0.00030803130357526243,0.000679882759868633,0.0008190020309786209,0.0003413100913007838,-0.00015079049120458876,0.0006040608013790916,0.0007100139452322193
gmat_d04_sso_900km_i97p6_jun_36h_g2020,numerical_gravity_20x20,EarthMJ2000Eq,72720.0,2026-06-18T02:42:00Z,3.1915078579913825e-05,-0.00012922691894345917,-0.0002489919097570237,0.00028233869721458883,-0.00021649437798032523,0.00018289147973860054,0.00020126389443930748,0.000347600725348696
gmat_d04_sso_900km_i97p6_jun_36h_g2020,numerical_gravity_20x20,EarthMJ2000Eq,72780.0,2026-06-18T02:43:00Z,-0.0004850708137382753,0.0005335382411431056,0.0013708699952985626,0.0015489484475322837,0.0013062377846040363,-0.0009018199520482995,0.0008404512641391193,0.0017960775883109007
gmat_d04_sso_900km_i97p6_jun_36h_g2020,numerical_gravity_20x20,EarthMJ2000Eq,72840.0,2026-06-18T02:44:00Z,4.900539352092892e-05,-0.00015547993825748563,-0.0002918886821134947,0.0003343269994191995,-0.00022247137465569722,9.694600677789822e-05,-0.000180209625000316,0.0003022706563894855
gmat_d04_sso_900km_i97p6_jun_36h_g2020,numerical_gravity_20x20,EarthMJ2000Eq,72900.0,2026-06-18T02:45:00Z,0.00036560413718689233,-0.0006567033778992482,-0.0018251707842864562,0.001973872869129441,-0.001707783248150463,0.001150707085173508,-0.0007499121323917279,0.0021915790254609037
gmat_d04_sso_900km_i97p6_jun_36h_g2020,numerical_gravity_20x20,EarthMJ2000Eq,72960.0,2026-06-18T02:46:00Z,0.00034650747693376616,-0.000681272467772942,-0.0020497468540270347,0.00218761554495075,-0.0018309203042576883,0.001306188490701743,-0.00048551651588013556,0.0023008963081758266
gmat_d04_sso_900km_i97p6_jun_36h_g2020,numerical_gravity_20x20,EarthMJ2000Eq,73020.0,2026-06-18T02:47:00Z,-0.00011392694432288408,4.9266873247688636e-05,0.0002210631464549806,0.00025352610943042844,0.0003658773284342942,-0.00023770230228592482,0.00033639846463984213,0.0005509378649051894
gmat_d04_sso_900km_i97p6_jun_36h_g2020,numerical_gravity_20x20,EarthMJ2000Eq,73080.0,2026-06-18T02:48:00Z,0.00017645834304858,-0.0006097234290791675,-0.0023842064820200903,0.002467253686937386,-0.0017937379359622696,0.0012334055998763915,-0.000684778456161439,0.0022820400282947424
gmat_d04_sso_900km_i97p6_jun_36h_g2020,numerical_gravity_20x20,EarthMJ2000Eq,73140.0,2026-06-18T02:49:00Z,-6.0728780226781964e-05,8.216557034756988e-05,0.0006688766234219656,0.0006766351328882829,0.0004557833832574687,-0.00037407055231142294,-0.00022232615748407625,0.0006301556877961444
gmat_d04_sso_900km_i97p6_jun_36h_g2020,numerical_gravity_20x20,EarthMJ2000Eq,73200.0,2026-06-18T02:50:00Z,-5.495076038641855e-05,-0.00019584058463806286,-0.0009749587093210721,0.0009959506039655954,-0.001097570645480772,0.0008657139449752549,-9.772005427066688e-05,0.0014013105171061693
gmat_d04_sso_900km_i97p6_jun_36h_g2020,numerical_gravity_20x20,EarthMJ2000Eq,73260.0,2026-06-18T02:51:00Z,-0.00010845815268112347,-0.00010246094461763278,-0.0006764848583529215,0.0006927432277804755,-0.0006214661008030475,0.0005666446201146869,0.0003863673825321712,0.0009255193105694892
gmat_d04_sso_900km_i97p6_jun_36h_g2020,numerical_gravity_20x20,EarthMJ2000Eq,73320.0,2026-06-18T02:52:00Z,-0.00014085526345297694,-8.392453310079873e-05,-0.0007109288162610028,0.0007295911966909039,-0.00034259783898704654,0.0002778343111131676,0.0003022693206844451,0.0005347260288571696
gmat_d04_sso_900km_i97p6_jun_36h_g2020,numerical_gravity_20x20,EarthMJ2000Eq,73380.0,2026-06-18T02:53:00Z,-0.00012446344044292346,-7.858943718019873e-05,-0.0005845723762831767,0.0006028202972333873,-0.00028459301582017815,0.00013530060405386735,-0.00010445866394093173,0.00033198049729357606
gmat_d04_sso_900km_i97p6_jun_36h_g2020,numerical_gravity_20x20,EarthMJ2000Eq,73440.0,2026-06-18T02:54:00Z,-0.0003874047251883894,-2.7372152544558048e-05,-0.0014592139905289514,0.0015100122933236805,-0.0012462488818698603,0.0009260644473485513,1.5056400570756523e-05,0.0015527260967095908
gmat_d04_sso_900km_i97p6_jun_36h_g2020,numerical_gravity_20x20,EarthMJ2000Eq,73500.0,2026-06-18T02:55:00Z,-0.0004540652298601344,7.5606294558383524e-06,-0.0015630082543793833,0.0016276446784675679,-0.001408288596849161,0.0011637899532956908,0.00032024694007759535,0.0018547889179193484
gmat_d04_sso_900km_i97p6_jun_36h_g2020,numerical_gravity_20x20,EarthMJ2000Eq,73560.0,2026-06-18T02:56:00Z,-0.00010768235370051116,-7.020389602985233e-06,-9.17598299565725e-05,0.00014164971430369634,-0.00015760059923763947,0.00029579638738397307,0.0003709956786224211,0.0004999712443990987
gmat_d04_sso_900km_i97p6_jun_36h_g2020,numerical_gravity_20x20,EarthMJ2000Eq,73620.0,2026-06-18T02:57:00Z,-0.00043955787987215444,9.362702257931232e-05,-0.001043746124196332,0.0011363903910582996,-0.0005183635742866954,0.000628143648206958,0.0007542793056813935,0.001110046174223951
gmat_d04_sso_900km_i97p6_jun_36h_g2020,numerical_gravity_20x20,EarthMJ2000Eq,73680.0,2026-06-18T02:58:00Z,-0.00040664053813088685,0.00010928033589152619,-0.000824246399133699,0.0009255705513621375,-0.0002580842206612033,0.0002296174361759995,0.00021720758525134443,0.00040805730852548145
gmat_d04_sso_900km_i97p6_jun_36h_g2020,numerical_gravity_20x20,EarthMJ2000Eq,73740.0,2026-06-18T02:59:00Z,-0.00035240100260125473,9.541327017359436e-05,-0.0006445093276852276,0.0007407310120636593,-0.0005673497227576263,0.0003181634955495838,-0.00020936585798381202,0.0006833357742009291
gmat_d04_sso_900km_i97p6_jun_36h_g2020,numerical_gravity_20x20,EarthMJ2000Eq,73800.0,2026-06-18T03:00:00Z,0.0006419486453523859,-0.0003809409463428892,0.0010546395969868172,0.001292083103907367,0.00034407898752419896,-0.0004452538338028944,-0.0009665805933423144,0.0011184450677605199
gmat_d04_sso_900km_i97p6_jun_36h_g2020,numerical_gravity_20x20,EarthMJ2000Eq,73860.0,2026-06-18T03:01:00Z,-0.0005578476702794433,0.00024561359168728814,-0.0006739674063283019,0.0009087090427912725,-0.0007791256528832946,0.0008663003647768619,0.0010171072872822151,0.0015466157696195687
gmat_d04_sso_900km_i97p6_jun_36h_g2020,numerical_gravity_20x20,EarthMJ2000Eq,73920.0,2026-06-18T03:02:00Z,2.809065335895866e-05,-8.023880582186393e-05,-4.2273313738405704e-06,8.511886451543052e-05,0.00026381030693301,3.058220343632456e-05,0.0004701838918208523,0.0005400037419675096
gmat_d04_sso_900km_i97p6_jun_36h_g2020,numerical_gravity_20x20,EarthMJ2000Eq,73980.0,2026-06-18T03:03:00Z,-0.00013211274563218467,4.798312147613615e-05,-1.0933945304714143e-05,0.00014098123515203875,0.000499773555873162,-0.00027830182602883724,0.00016017143167346148,0.0005940373734416179
gmat_d04_sso_900km_i97p6_jun_36h_g2020,numerical_gravity_20x20,EarthMJ2000Eq,74040.0,2026-06-18T03:04:00Z,-0.0017307052075921092,0.0009490968295722269,-0.0019072149370913394,0.002744739354429637,-0.0012309033792234914,0.0011756164930432078,0.0015395560382103213,0.0022950882472116147
gmat_d04_sso_900km_i97p6_jun_36h_g2020,numerical_gravity_20x20,EarthMJ2000Eq,74100.0,2026-06-18T03:05:00Z,-2.7625901566352695e-06,-5.20162757311482e-05,-1.8210812413599342e-05,5.5181142921071136e-05,-0.00022149837519691573,9.208456219766958e-05,-0.00038191050322211595,0.0004509952652538383
gmat_d04_sso_900km_i97p6_jun_36h_g2020,numerical_gravity_20x20,EarthMJ2000Eq,74160.0,2026-06-18T03:06:00Z,0.0012135201359342318,-0.0007925827958388254,0.001077843080565799,0.0018062569902705145,0.0005386810997265457,-0.0005862546004209435,-0.0014613785737083163,0.0016641812159170267
gmat_d04_sso_900km_i97p6_jun_36h_g2020,numerical_gravity_20x20,EarthMJ2000Eq,74220.0,2026-06-18T03:07:00Z,-7.700100468355231e-05,1.1121755960630253e-05,-3.4154254535678774e-05,8.496682458943722e-05,-1.7784884676075308e-05,0.00012993206510714117,0.0001496296420100407,0.00019896651334835367
gmat_d04_sso_900km_i97p6_jun_36h_g2020,numerical_gravity_20x20,EarthMJ2000Eq,74280.0,2026-06-18T03:08:00Z,-0.00035414086596574634,0.00019549770513549447,-0.0002293882062076591,0.00046503124067892576,-5.5560001044341334e-05,0.0002265108101084934,0.0005075886377881034,0.0005586056623626684
gmat_d04_sso_900km_i97p6_jun_36h_g2020,numerical_gravity_20x20,EarthMJ2000Eq,74340.0,2026-06-18T03:09:00Z,-0.00026428597266203724,0.00014854049368295819,-0.0001325688572251238,0.0003308864692239187,4.3431036544916424e-05,8.021139308311831e-05,0.0003100213419315878,0.0003231614998244111
gmat_d04_sso_900km_i97p6_jun_36h_g2020,numerical_gravity_20x20,EarthMJ2000Eq,74400.0,2026-06-18T03:10:00Z,-0.0002850897544703912,0.00016691592463757843,-0.00013319458957994357,0.0003561992317439432,-1.3852918812062853e-05,7.473754948250644e-05,0.00023873791832329516,0.0002505461999464451
gmat_d04_sso_900km_i97p6_jun_36h_g2020,numerical_gravity_20x20,EarthMJ2000Eq,74460.0,2026-06-18T03:11:00Z,-0.0002850918008334702,0.0001710523065412417,-0.00011777683539548889,0.0003527146288876123,-7.625811093703305e-05,0.00012931034021335108,0.000213820516847818,0.0002612578745126077
gmat_d04_sso_900km_i97p6_jun_36h_g2020,numerical_gravity_20x20,EarthMJ2000Eq,74520.0,2026-06-18T03:12:00Z,-0.00029063699003017973,0.00018134369383915327,-0.00010324492905056104,0.0003577917140511875,-9.902656472604576e-05,0.00021058621513248,0.0002827200695776355,0.0003661740737234792
gmat_d04_sso_900km_i97p6_jun_36h_g2020,numerical_gravity_20x20,EarthMJ2000Eq,74580.0,2026-06-18T03:13:00Z,-0.0002957757487820345,0.00019520030036801472,-8.283950592158362e-05,0.0003639352065583494,-6.186962053789102e-05,0.00023667912074643027,0.0004005260567652158,0.0004693250241471243
gmat_d04_sso_900km_i97p6_jun_36h_g2020,numerical_gravity_20x20,EarthMJ2000Eq,74640.0,2026-06-18T03:14:00Z,-0.00029688970926144975,0.00020771085473825224,-5.576657713390887e-05,0.00036660225008403274,3.239719603698177e-05,0.00016426504600985936,0.00048773851624162035,0.0005156757158110678
gmat_d04_sso_900km_i97p6_jun_36h_g2020,numerical_gravity_20x20,EarthMJ2000Eq,74700.0,2026-06-18T03:15:00Z,-0.0002916374270967026,0.00021373875824792776,-2.6943780540023e-05,0.000362577733694086,0.00013709566815123253,3.6344260934129125e-05,0.000446704784273777,0.00046868037277206584
gmat_d04_sso_900km_i97p6_jun_36h_g2020,numerical_gravity_20x20,EarthMJ2000Eq,74760.0,2026-06-18T03:16:00Z,-0.0002821367388605722,0.0002133755288014072,-4.78303263662383e-06,0.00035376988722524405,0.00015875656345087918,-2.788436148648543e-05,0.0002812218791170551,0.00032414029269495264
gmat_d04_sso_900km_i97p6_jun_36h_g2020,numerical_gravity_20x20,EarthMJ2000Eq,74820.0,2026-06-18T03:17:00Z,-0.000277746721621952,0.00021552284579229308,8.5165083874017e-06,0.0003516615835505257,6.545608499664013e-05,4.426325972417544e-05,0.00017459925172325086,0.00019164715997586895
gmat_d04_sso_900km_i97p6_jun_36h_g2020,numerical_gravity_20x20,EarthMJ2000Eq,74880.0,2026-06-18T03:18:00Z,-0.00025759823074622545,0.00020636701947296388,1.629996404517442e-05,0.0003304691877280153,-2.8700597454189847e-05,0.0001510063185605759,0.00022718715797509503,0.00027430026848008436
gmat_d04_sso_900km_i97p6_jun_36h_g2020,numerical_gravity_20x20,EarthMJ2000Eq,74940.0,2026-06-18T03:19:00Z,-0.00035222751648689155,0.00029174174187573954,6.147911335574463e-05,0.0004614728038597969,4.441780276920326e-05,0.0001452953313219041,0.000510157693867086,0.0005323011808352195
gmat_d04_sso_900km_i97p6_jun_36h_g2020,numerical_gravity_20x20,EarthMJ2000Eq,75000.0,2026-06-18T03:20:00Z,0.0006294687864283333,-0.0004889952265330066,-0.00016694229998392984,0.000814381370233596,-9.121237098952406e-05,1.7691625942006795e-05,-0.0007287452863380395,0.0007346443919406951
gmat_d04_sso_900km_i97p6_jun_36h_g2020,numerical_gravity_20x20,EarthMJ2000Eq,75060.0,2026-06-18T03:21:00Z,0.00018886703401221894,-0.0001267819698114181,-3.12338670482859e-05,0.00022960831617479797,9.71196456589496e-05,-5.937650371379277e-05,-0.00028615532166043067,0.00030796535987149355
gmat_d04_sso_900km_i97p6_jun_36h_g2020,numerical_gravity_20x20,EarthMJ2000Eq,75120.0,2026-06-18T03:22:00Z,-0.0014983825167291798,0.0012724044609058183,0.0006298168955254368,0.0020641784323216818,0.0007246141464634093,-0.00018699974901892347,0.0017622907577674596,0.001914602643448672
gmat_d04_sso_900km_i97p6_jun_36h_g2020,numerical_gravity_20x20,EarthMJ2000Eq,75180.0,2026-06-18T03:23:00Z,0.0008626529961475171,-0.000698326061865373,-0.0004305784386815503,0.001190473549601221,-0.0005466738173254271,0.00029123725653334986,-0.0012656831138713187,0.0014091221192221858
gmat_d04_sso_900km_i97p6_jun_36h_g2020,numerical_gravity_20x20,EarthMJ2000Eq,75240.0,2026-06-18T03:24:00Z,-0.0006214395398274064,0.0005710119239665801,0.00036905657907482237,0.0009211104589197349,0.00026569413336119396,4.078160031895095e-05,0.0009092322450499069,0.0009481348990864246
gmat_d04_sso_900km_i97p6_jun_36h_g2020,numerical_gravity_20x20,EarthMJ2000Eq,75300.0,2026-06-18T03:25:00Z,-0.0004703338163380977,0.00045812294047209434,0.00035170523915439844,0.0007448403202207907,0.00038403502600203865,-7.464784346211673e-05,0.0008472973433981679,0.0009332566580847543
gmat_d04_sso_900km_i97p6_jun_36h_g2020,numerical_gravity_20x20,EarthMJ2000Eq,75360.0,2026-06-18T03:26:00Z,-0.00046188279156922363,0.0004657251793105388,0.0004119128789170645,0.0007745372009202376,0.0005574554151621669,-0.00024202329029776593,0.0007507123811478777,0.0009658679475730091
gmat_d04_sso_900km_i97p6_jun_36h_g2020,numerical_gravity_20x20,EarthMJ2000Eq,75420.0,2026-06-18T03:27:00Z,-0.0004259259185346309,0.0004476648882700829,0.00044911848817719147,0.0007638875288234525,0.0005568345784467965,-0.00028758595504996265,0.0005238387501549369,0.0008168093201353099
gmat_d04_sso_900km_i97p6_jun_36h_g2020,numerical_gravity_20x20,EarthMJ2000Eq,75480.0,2026-06-18T03:28:00Z,-0.0003956456566811539,0.0004321809683460742,0.00047633784561185166,0.000755124902392546,0.00044657078035470477,-0.00021749935186221592,0.0004142339804502626,0.0006467775664683821
gmat_d04_sso_900km_i97p6_jun_36h_g2020,numerical_gravity_20x20,EarthMJ2000Eq,75540.0,2026-06-18T03:29:00Z,-0.00037034988054074347,0.00042043438952532597,0.0005005740604246967,0.0007513311519444302,0.0003826312600097026,-0.00015158629906864007,0.00047543213810286034,0.0006288249399817068
gmat_d04_sso_900km_i97p6_jun_36h_g2020,numerical_gravity_20x20,EarthMJ2000Eq,75600.0,2026-06-18T03:30:00Z,-0.0003554532668204047,0.00042156671042903326,0.0005529591362574138,0.0007809156949413934,0.0004531468533741645,-0.00018592150041740751,0.0005862315077820313,0.0007639216293290564
gmat_d04_sso_900km_i97p6_jun_36h_g2020,numerical_gravity_20x20,EarthMJ2000Eq,75660.0,2026-06-18T03:31:00Z,-0.0002857377694454044,0.00036415531212696806,0.0005059418981545605,0.0006857349112785234,0.0004861040459047672,-0.00022497603779925157,0.0005324762852865206,0.0007552763437453648
gmat_d04_sso_900km_i97p6_jun_36h_g2020,numerical_gravity_20x20,EarthMJ2000Eq,75720.0,2026-06-18T03:32:00Z,-0.00037225618143565953,0.00048006040742620826,0.0007861290214350447,0.0009934945886806313,0.0007621783204569965,-0.0004272755482759294,0.0006184643908113685,0.0010705038015022745
gmat_d04_sso_900km_i97p6_jun_36h_g2020,numerical_gravity_20x20,EarthMJ2000Eq,75780.0,2026-06-18T03:33:00Z,-0.0009847044566413388,0.0012122345651732758,0.0023546476768387947,0.002825512553497593,0.0021779373859942552,-0.001366476265474148,0.0014645076262809198,0.002958961173934298
gmat_d04_sso_900km_i97p6_jun_36h_g2020,numerical_gravity_20x20,EarthMJ2000Eq,75840.0,2026-06-18T03:34:00Z,-0.00024303335521835834,0.0003587115315895062,0.0006135073817858938,0.0007510862015439803,0.0005875970821023202,-0.0003680877824763229,0.00024776092288902873,0.0007363045710942727
gmat_d04_sso_900km_i97p6_jun_36h_g2020,numerical_gravity_20x20,EarthMJ2000Eq,75900.0,2026-06-18T03:35:00Z,0.00012619784683920443,-2.7955138648394495e-05,-2.8438989829737693e-05,0.0001323486398352404,-0.00011347145445483875,6.223288551154837e-05,-0.00027981261752074715,0.00030829175133143276
gmat_d04_sso_900km_i97p6_jun_36h_g2020,numerical_gravity_20x20,EarthMJ2000Eq,75960.0,2026-06-18T03:36:00Z,-0.0003240875230403617,0.0005021938704885542,0.001084953055396909,0.0012386906549101758,0.0007655418521324009,-0.00048730841584188056,0.0005290567983706751,0.0010504403435792338
gmat_d04_sso_900km_i97p6_jun_36h_g2020,numerical_gravity_20x20,EarthMJ2000Eq,76020.0,2026-06-18T03:37:00Z,0.0001665575837250799,-0.0001359617272100877,-0.0004968105713487603,0.0005413388622352629,-0.0005233682376371007,0.00039314240751764373,-6.177724998224221e-05,0.0006574889302273478
gmat_d04_sso_900km_i97p6_jun_36h_g2020,numerical_gravity_20x20,EarthMJ2000Eq,76080.0,2026-06-18T03:38:00Z,-0.00039786573324818164,0.0008671181603858713,0.0029225377602415392,0.0030743158597973832,0.0025101776213176663,-0.0017121286610688458,0.001053455100930023,0.003215920380278856
gmat_d04_sso_900km_i97p6_jun_36h_g2020,numerical_gravity_20x20,EarthMJ2000Eq,76140.0,2026-06-18T03:39:00Z,-7.333073881454766e-05,0.00024172550183720887,0.0006511454557767138,0.0006984261020839658,0.0007587589445634535,-0.00048123727225402035,0.0002987654568187281,0.0009468712934447
gmat_d04_sso_900km_i97p6_jun_36h_g2020,numerical_gravity_20x20,EarthMJ2000Eq,76200.0,2026-06-18T03:40:00Z,0.00011160227586515248,-1.839998731156811e-05,-8.02249360276619e-05,0.0001386710779938986,0.00011491668727714455,-7.176503835637504e-05,-0.00022660717746703085,0.00026402060265179957
gmat_d04_sso_900km_i97p6_jun_36h_g2020,numerical_gravity_20x20,EarthMJ2000Eq,76260.0,2026-06-18T03:41:00Z,1.862645149230957e-05,0.00032917523640207946,0.0015566469073746703,0.0015911797117845255,0.001280340347631359,-0.0009542393542005811,-5.375522249551068e-05,0.0015977276910736301
gmat_d04_sso_900km_i97p6_jun_36h_g2020,numerical_gravity_20x20,EarthMJ2000Eq,76320.0,2026-06-18T03:42:00Z,-6.788377504562959e-05,-0.00019999697542516515,-0.0019984665300398774,0.002009595847125309,-0.0017932191842540135,0.0013195170511792753,-0.00017363355198085628,0.0022331388003218626
gmat_d04_sso_900km_i97p6_jun_36h_g2020,numerical_gravity_20x20,EarthMJ2000Eq,76380.0,2026-06-18T03:43:00Z,0.00012261625670362264,5.310448614181951e-05,0.00039122255657275673,0.00041341253201580526,0.00015908996342517412,-0.00016453838291852207,3.153832750513175e-05,0.00023103498007420086
gmat_d04_sso_900km_i97p6_jun_36h_g2020,numerical_gravity_20x20,EarthMJ2000Eq,76440.0,2026-06-18T03:44:00Z,0.000129383806779515,0.00015823388821445405,0.0010671235486370279,0.0010865223425645266,0.0008585556710016817,-0.0006727849388710183,0.00015715695411699926,0.0011020234672674445
gmat_d04_sso_900km_i97p6_jun_36h_g2020,numerical_gravity_20x20,EarthMJ2000Eq,76500.0,2026-06-18T03:45:00Z,-4.729372449219227e-07,1.3278622645884752e-05,-0.00037909148886683397,0.0003793242708030721,-0.00021312551723440265,0.00015777179562803667,6.793410278760348e-05,0.0002737324750804758
gmat_d04_sso_900km_i97p6_jun_36h_g2020,numerical_gravity_20x20,EarthMJ2000Eq,76560.0,2026-06-18T03:46:00Z,0.0006989157554926351,-1.7563252185937017e-05,0.0026118291316379327,0.002703783111489482,0.0021210371237145864,-0.001714995256918428,-0.0006181481992939553,0.002796804320598513
gmat_d04_sso_900km_i97p6_jun_36h_g2020,numerical_gravity_20x20,EarthMJ2000Eq,76620.0,2026-06-18T03:47:00Z,-0.00010639996617101133,9.580253390595317e-05,-0.0003731042852450628,0.00039963218835852406,-0.0003046323193700573,0.0002581307945170863,4.6481041238166654e-05,0.000401986124483653
gmat_d04_sso_900km_i97p6_jun_36h_g2020,numerical_gravity_20x20,EarthMJ2000Eq,76680.0,2026-06-18T03:48:00Z,7.627386366948485e-05,1.7218553693965077e-05,-1.6190369933610782e-05,7.985179364904891e-05,-9.444089954513402e-05,5.480194076312728e-05,-4.915712281672313e-05,0.00011974455704506075
gmat_d04_sso_900km_i97p6_jun_36h_g2020,numerical_gravity_20x20,EarthMJ2000Eq,76740.0,2026-06-18T03:49:00Z,0.001091729245672468,-0.0003271406967542134,0.0025523909243929666,0.0027952805247869112,0.0019419368335604759,-0.0016977877992374601,-0.0009643272846915352,0.0027538208345458887
gmat_d04_sso_900km_i97p6_jun_36h_g2020,numerical_gravity_20x20,EarthMJ2000Eq,76800.0,2026-06-18T03:50:00Z,-0.00019473645807011053,0.00015466139302589,-0.0003896302587236278,0.00046222740410694154,-0.00026178392786846416,0.00016613821429700693,0.00032447200482010885,0.00044879261697583684
gmat_d04_sso_900km_i97p6_jun_36h_g2020,numerical_gravity_20x20,EarthMJ2000Eq,76860.0,2026-06-18T03:51:00Z,9.406903700437397e-05,2.4920154828578234e-07,2.9654074751306325e-05,9.86327023542294e-05,5.0750514901665156e-05,-0.00012521605974313843,-0.00011327561111329487,0.0001763123377800651
gmat_d04_sso_900km_i97p6_jun_36h_g2020,numerical_gravity_20x20,EarthMJ2000Eq,76920.0,2026-06-18T03:52:00Z,0.001433275429008063,-0.0006385107553796843,0.0023168863663158845,0.00279820243630696,0.001727926246530842,-0.0016067887020909666,-0.0016028298688297582,0.0028524660620295127
gmat_d04_sso_900km_i97p6_jun_36h_g2020,numerical_gravity_20x20,EarthMJ2000Eq,76980.0,2026-06-18T03:53:00Z,-0.0003017194103449583,0.00022439826352638192,-0.0004105058906134218,0.0005566904611010355,-0.00034509728408238516,0.00032311842090848586,0.00036706104822314956,0.0005985244042928486
gmat_d04_sso_900km_i97p6_jun_36h_g2020,numerical_gravity_20x20,EarthMJ2000Eq,77040.0,2026-06-18T03:54:00Z,0.00041243310988647863,-0.00018918808564194478,0.00036738765629706904,0.0005838380699123253,0.0002629301221190872,-0.00028914204364127727,-0.0004028439803960282,0.0005612652163281882
gmat_d04_sso_900km_i97p6_jun_36h_g2020,numerical_gravity_20x20,EarthMJ2000Eq,77100.0,2026-06-18T03:55:00Z,-1.3066255633020774e-05,8.226970749092288e-05,7.089965947670862e-05,0.0001093882695759591,7.834977111542685e-05,-0.00011773293451255995,5.126921109877003e-05,0.0001504269341224129
gmat_d04_sso_900km_i97p6_jun_36h_g2020,numerical_gravity_20x20,EarthMJ2000Eq,77160.0,2026-06-18T03:56:00Z,4.941557563142851e-05,7.73843567003496e-06,-6.011487130308524e-05,7.820217550293087e-05,-9.673772893847854e-05,-3.569011752801998e-05,-9.517275856296692e-05,0.00014032044277945827
gmat_d04_sso_900km_i97p6_jun_36h_g2020,numerical_gravity_20x20,EarthMJ2000Eq,77220.0,2026-06-18T03:57:00Z,0.001891888132377062,-0.0010934127203654498,0.0017685151760815643,0.0028111275336627733,0.0011550573830731992,-0.0013306253876521623,-0.0021814168249534305,0.0028041577781298755
gmat_d04_sso_900km_i97p6_jun_36h_g2020,numerical_gravity_20x20,EarthMJ2000Eq,77280.0,2026-06-18T03:58:00Z,-0.0003451891643635463,0.00026340603653807193,-0.0002671622496563941,0.0005098175820037644,-0.00026048851964333153,0.00021457502441535325,0.0005018376825205451,0.0006047625728882493
gmat_d04_sso_900km_i97p6_jun_36h_g2020,numerical_gravity_20x20,EarthMJ2000Eq,77340.0,2026-06-18T03:59:00Z,-0.00020992456484236754,0.0001689595592324622,-0.00019762956071645021,0.0003341752517007541,-0.0001567670437907509,0.0001074380584498158,0.0003142544002798786,0.0003672528699923575
gmat_d04_sso_900km_i97p6_jun_36h_g2020,numerical_gravity_20x20,EarthMJ2000Eq,77400.0,2026-06-18T04:00:00Z,0.00027646365197142586,-0.00014022634786670096,0.00018996161088580266,0.0003635670407335349,0.0001489937062615354,-0.00022704726987399226,-0.00028177638000670413,0.00039134066437372016
gmat_d04_sso_900km_i97p6_jun_36h_g2020,numerical_gravity_20x20,EarthMJ2000Eq,77460.0,2026-06-18T04:01:00Z,0.00013179169400245883,-5.6421413319185376e-05,5.8234945754520595e-05,0.0001547376340649037,4.335021230872371e-05,-0.00013571233026254959,-0.00017929169260355593,0.00022900346837799367
gmat_d04_sso_900km_i97p6_jun_36h_g2020,numerical_gravity_20x20,EarthMJ2000Eq,77520.0,2026-06-18T04:02:00Z,0.0001650607828196371,-8.41805558593478e-05,7.010658009676263e-05,0.00019810694228795714,-2.7391422463551862e-06,-0.00011158407531297598,-0.0002404574317438346,0.00026510051913291026
gmat_d04_sso_900km_i97p6_jun_36h_g2020,numerical_gravity_20x20,EarthMJ2000Eq,77580.0,2026-06-18T04:03:00Z,0.00016049898476921953,-8.757433533901349e-05,5.457513907458633e-05,0.00019080784608351562,-4.434586031720755e-05,-6.67048638547385e-05,-0.00019038459697640064,0.0002065487568469464
gmat_d04_sso_900km_i97p6_jun_36h_g2020,numerical_gravity_20x20,EarthMJ2000Eq,77640.0,2026-06-18T04:04:00Z,0.00015804823760845466,-9.144218893197831e-05,4.481898940866813e-05,0.0001880150556190234,-3.135980364277202e-05,-7.02025104715176e-05,-0.000142917233603157,0.00016228729285374164
gmat_d04_sso_900km_i97p6_jun_36h_g2020,numerical_gravity_20x20,EarthMJ2000Eq,77700.0,2026-06-18T04:05:00Z,0.00015677801457059104,-9.650989341025706e-05,3.61624188371934e-05,0.00018761989743871048,-1.5715428958174016e-05,-9.836753633862827e-05,-0.00015462542357624898,0.00018393522916724023
gmat_d04_sso_900km_i97p6_jun_36h_g2020,numerical_gravity_20x20,EarthMJ2000Eq,77760.0,2026-06-18T04:06:00Z,0.00015538768138867454,-0.00010276039574819151,2.584147296147421e-05,0.0001880766125452385,-3.588151997746536e-05,-0.00010409006989675618,-0.0001865254617428036,0.000216596338854956
gmat_d04_sso_900km_i97p6_jun_36h_g2020,numerical_gravity_20x20,EarthMJ2000Eq,77820.0,2026-06-18T04:07:00Z,0.0001523912231959912,-0.00010844155440281611,1.4609213394578546e-05,0.0001876061959117493,-5.966960259229381e-05,-8.345146795818437e-05,-0.00018039114646484222,0.0002075224679421443
gmat_d04_sso_900km_i97p6_jun_36h_g2020,numerical_gravity_20x20,EarthMJ2000Eq,77880.0,2026-06-18T04:08:00Z,0.00014907976719769067,-0.00011293150237179361,4.597495717462152e-06,0.000187081367812351,-4.388578389580289e-05,-6.969802512912793e-05,-0.00015575124523437012,0.0001761880447905208
gmat_d04_sso_900km_i97p6_jun_36h_g2020,numerical_gravity_20x20,EarthMJ2000Eq,77940.0,2026-06-18T04:09:00Z,0.0001494372554589063,-0.00011885447293025209,-5.679794412571937e-06,0.00019102392289759815,-2.1249668691325496e-05,-7.168576843241681e-05,-0.00017606449631557552,0.0001912827871976318
gmat_d04_sso_900km_i97p6_jun_36h_g2020,numerical_gravity_20x20,EarthMJ2000Eq,78000.0,2026-06-18T04:10:00Z,0.00012776354196830653,-0.00010707162800827064,-1.2196323950774968e-05,0.00016714247365209406,-4.25597335151906e-05,-6.349232251068315e-05,-0.00019254431382620396,0.00020716157636368852
gmat_d04_sso_900km_i97p6_jun_36h_g2020,numerical_gravity_20x20,EarthMJ2000Eq,78060.0,2026-06-18T04:11:00Z,0.0002153299192286795,-0.00018454871053563693,-4.8760739446152e-05,0.00028775477474184764,-0.00012811884886332336,-3.873701359680126e-05,-0.00030525471039766217,0.0003333098166517489
gmat_d04_sso_900km_i97p6_jun_36h_g2020,numerical_gravity_20x20,EarthMJ2000Eq,78120.0,2026-06-18T04:12:00Z,-0.0006299496817518957,0.0004906428614503966,0.00018153696146328002,0.0008188544970926569,0.00016054002571763704,-7.201261809086645e-05,0.0008407752272177049,0.0008589888821892306
gmat_d04_sso_900km_i97p6_jun_36h_g2020,numerical_gravity_20x20,EarthMJ2000Eq,78180.0,2026-06-18T04:13:00Z,-0.00027572468752623536,0.0001988885287573794,8.034930942812935e-05,0.0003493376042001381,8.473399759623135e-05,-7.972200677386354e-05,0.00037864333890524904,0.00039611390635776143
gmat_d04_sso_900km_i97p6_jun_36h_g2020,numerical_gravity_20x20,EarthMJ2000Eq,78240.0,2026-06-18T04:14:00Z,0.0019070303096668795,-0.0016187216260732384,-0.0008340748536284082,0.002636798279383653,-0.0008554410513283983,0.00016903278776680963,-0.0025340707310306243,0.002679900361114968
gmat_d04_sso_900km_i97p6_jun_36h_g2020,numerical_gravity_20x20,EarthMJ2000Eq,78300.0,2026-06-18T04:15:00Z,-0.00039160659071058035,0.0002960618985525798,0.00017841921362560242,0.0005223425939489335,0.00014857981511795515,-9.15001407975069e-05,0.0004288520649708971,0.0004629927978449037
gmat_d04_sso_900km_i97p6_jun_36h_g2020,numerical_gravity_20x20,EarthMJ2000Eq,78360.0,2026-06-18T04:16:00Z,0.001869530478870729,-0.001658423798289732,-0.001202424755319953,0.0027733263418441415,-0.0012620793299333855,0.00046829295996531073,-0.0025335999964681832,0.0028690192528984105
gmat_d04_sso_900km_i97p6_jun_36h_g2020,numerical_gravity_20x20,EarthMJ2000Eq,78420.0,2026-06-18T04:17:00Z,-0.0006418558768928051,0.0005269439498079009,0.00047019420890137553,0.0009543225277784097,0.0003587183883269063,-0.0002148086153397344,0.0009020721947194943,0.0009942614685454084
gmat_d04_sso_900km_i97p6_jun_36h_g2020,numerical_gravity_20x20,EarthMJ2000Eq,78480.0,2026-06-18T04:18:00Z,-0.0002361371116421651,0.000162579908646876,0.00017246475181309506,0.0003345699520403519,0.00014127454761592162,-0.00014589041086310317,0.00036914915568786455,0.0004213236391788997
gmat_d04_sso_900km_i97p6_jun_36h_g2020,numerical_gravity_20x20,EarthMJ2000Eq,78540.0,2026-06-18T04:19:00Z,0.001589454768691212,-0.001527019776403904,-0.00159289083967451,0.0027194589694207244,-0.0014481527088605617,0.0006508775740599049,-0.002212786398558819,0.0027234558065518887
gmat_d04_sso_900km_i97p6_jun_36h_g2020,numerical_gravity_20x20,EarthMJ2000Eq,78600.0,2026-06-18T04:20:00Z,-0.0005065403456683271,0.0004218704816594254,0.0005490064722835086,0.0008578845678146489,0.00047709214356927987,-0.0003111417790080395,0.0006011271480588221,0.0008281183298497571
gmat_d04_sso_900km_i97p6_jun_36h_g2020,numerical_gravity_20x20,EarthMJ2000Eq,78660.0,2026-06-18T04:21:00Z,-0.00035909306461689994,0.0002896181285905186,0.0004424728103913367,0.0006392250600530607,0.0003231481748855458,-0.00020312018733648074,0.00043876280386712097,0.000581545657272758
gmat_d04_sso_900km_i97p6_jun_36h_g2020,numerical_gravity_20x20,EarthMJ2000Eq,78720.0,2026-06-18T04:22:00Z,-0.0004045232344651595,0.0003465534064162057,0.0005882166078663431,0.0007935597573532931,0.0004643698758854953,-0.0002911355601042942,0.000599107430332424,0.0008119907690772547
gmat_d04_sso_900km_i97p6_jun_36h_g2020,numerical_gravity_20x20,EarthMJ2000Eq,78780.0,2026-06-18T04:23:00Z,-0.00019819617591565475,0.00013291992218000814,0.00026705674827098846,0.00035814625037406533,0.00024188784308876166,-0.00018827783776487195,0.0003134097426027438,0.00043838788713406184
gmat_d04_sso_900km_i97p6_jun_36h_g2020,numerical_gravity_20x20,EarthMJ2000Eq,78840.0,2026-06-18T04:24:00Z,0.0010784897312987596,-0.001254389644600451,-0.0021969790395814925,0.002750154610446135,-0.0018976034077411441,0.0011014580358903459,-0.001653774006626918,0.0027475583638738358
gmat_d04_sso_900km_i97p6_jun_36h_g2020,numerical_gravity_20x20,EarthMJ2000Eq,78900.0,2026-06-18T04:25:00Z,-0.0003806489985436201,0.00035863558878190815,0.0008311062629218213,0.0009819627110542856,0.0006922902251460528,-0.0005020921456377891,0.00047141401893213697,0.0009765210984867047
gmat_d04_sso_900km_i97p6_jun_36h_g2020,numerical_gravity_20x20,EarthMJ2000Eq,78960.0,2026-06-18T04:26:00Z,-0.0002999249772983603,0.00027207579478272237,0.00070606938606943,0.0008139497576991677,0.00042325298821310753,-0.00031113245313463267,0.0002877822424807164,0.0005989700447535997
gmat_d04_sso_900km_i97p6_jun_36h_g2020,numerical_gravity_20x20,EarthMJ2000Eq,79020.0,2026-06-18T04:27:00Z,0.0006460568329202943,-0.0009573218449077103,-0.002332028543605702,0.002602347339286636,-0.002176010482912716,0.0014921801572143067,-0.0009757235019947075,0.0028131227480639657
gmat_d04_sso_900km_i97p6_jun_36h_g2020,numerical_gravity_20x20,EarthMJ2000Eq,79080.0,2026-06-18T04:28:00Z,0.00013589942682301626,-0.0002813712853821926,-0.0006135173862276133,0.0006885071079168421,-0.0004696090183387014,0.00036209968357070466,1.2589040920829575e-05,0.0005931334545431993
gmat_d04_sso_900km_i97p6_jun_36h_g2020,numerical_gravity_20x20,EarthMJ2000Eq,79140.0,2026-06-18T04:29:00Z,-0.0002453989509376697,0.000265748894889839,0.0009262721505365334,0.0009943959056211234,0.0010194276534036817,-0.0007281628633393211,0.000460301130544849,0.0013346651365985108
gmat_d04_sso_900km_i97p6_jun_36h_g2020,numerical_gravity_20x20,EarthMJ2000Eq,79200.0,2026-06-18T04:30:00Z,0.0002896795194828883,-0.0006700029189232737,-0.0022158349111123243,0.002332968600019663,-0.0017588501766141462,0.0011341525496533222,-0.0008716556365584438,0.002267077303138305
gmat_d04_sso_900km_i97p6_jun_36h_g2020,numerical_gravity_20x20,EarthMJ2000Eq,79260.0,2026-06-18T04:31:00Z,0.00011136398825328797,-0.0004604426067089662,-0.0017545069113111822,0.0018173342658386572,-0.0016116238343855116,0.0010782355008842615,-0.0006124185603084698,0.0020334649423918998
gmat_d04_sso_900km_i97p6_jun_36h_g2020,numerical_gravity_20x20,EarthMJ2000Eq,79320.0,2026-06-18T04:32:00Z,-4.993125912733376e-07,-0.00045353681343840435,-0.0022125983605292276,0.0022586029742904246,-0.002029282464288684,0.00149776857583106,-0.0002611217908565777,0.002535642446457446
gmat_d04_sso_900km_i97p6_jun_36h_g2020,numerical_gravity_20x20,EarthMJ2000Eq,79380.0,2026-06-18T04:33:00Z,-2.1077539713587612e-05,-0.00019153048924636096,-0.0007476354539903696,0.0007720666830363257,-0.0006309043565355665,0.0005257223545385159,8.22710788384029e-05,0.0008253440685982501
gmat_d04_sso_900km_i97p6_jun_36h_g2020,numerical_gravity_20x20,EarthMJ2000Eq,79440.0,2026-06-18T04:34:00Z,1.255102688446641e-06,9.397990652360022e-05,0.0010470300537690491,0.0010512400922760513,0.0009930738453789445,-0.0007059411943899363,0.00012725909215305364,0.0012250483700034188
gmat_d04_sso_900km_i97p6_jun_36h_g2020,numerical_gravity_20x20,EarthMJ2000Eq,79500.0,2026-06-18T04:35:00Z,-0.0003466029738774523,-0.0002502374627511017,-0.0025931176992344263,0.0026281194438890422,-0.00206144989967072,0.001565948370974013,1.1992185022791091e-05,0.002588805477804427
gmat_d04_sso_900km_i97p6_jun_36h_g2020,numerical_gravity_20x20,EarthMJ2000Eq,79560.0,2026-06-18T04:36:00Z,-0.00011316569725750014,-0.00010577696230029687,-0.0006645968824159354,0.0006824106219177976,-0.0006166014365760475,0.0004363208128133067,-6.134914798394675e-05,0.000757850183901849
gmat_d04_sso_900km_i97p6_jun_36h_g2020,numerical_gravity_20x20,EarthMJ2000Eq,79620.0,2026-06-18T04:37:00Z,0.00011878637451445684,-1.9252183847129345e-05,0.0009112366115004988,0.0009191479812805354,0.0006819935727264692,-0.0005375504969536843,-7.058975626250685e-05,0.0008712397395117872
gmat_d04_sso_900km_i97p6_jun_36h_g2020,numerical_gravity_20x20,EarthMJ2000Eq,79680.0,2026-06-18T04:38:00Z,-0.0005697193046216853,2.5547706172801554e-06,-0.0020887346181552857,0.0021650401654453966,-0.0016458427953836008,0.0013559290912290578,0.0004956994814619975,0.002189305867958851
gmat_d04_sso_900km_i97p6_jun_36h_g2020,numerical_gravity_20x20,EarthMJ2000Eq,79740.0,2026-06-18T04:39:00Z,-0.0007989237928995863,0.00015423847798956558,-0.002235908141301479,0.0023793599877470904,-0.0017488286374600648,0.001481081701726339,0.000698787694375369,0.00239589416548383
gmat_d04_sso_900km_i97p6_jun_36h_g2020,numerical_gravity_20x20,EarthMJ2000Eq,79800.0,2026-06-18T04:40:00Z,-3.542299964465201e-05,-7.023481884971261e-05,-0.00012232067092554644,0.00014543061994763272,-0.0001425615181460671,0.00013124068498626684,-6.714895306458857e-05,0.00020507775537450732
gmat_d04_sso_900km_i97p6_jun_36h_g2020,numerical_gravity_20x20,EarthMJ2000Eq,79860.0,2026-06-18T04:41:00Z,-5.8094883570447564e-05,-1.2006239558104426e-05,0.00011195243132533506,0.00012669850892983828,6.021849685566849e-07,4.441735867999341e-05,0.00011440537406315343,0.00012272674522439516
gmat_d04_sso_900km_i97p6_jun_36h_g2020,numerical_gravity_20x20,EarthMJ2000Eq,79920.0,2026-06-18T04:42:00Z,-0.0010636513252393343,0.00037993504520272836,-0.0021223272597126197,0.002404158434374879,-0.0015839387579319464,0.0014567045347746443,0.0013029612944137625,0.0025156625817570203
gmat_d04_sso_900km_i97p6_jun_36h_g2020,numerical_gravity_20x20,EarthMJ2000Eq,79980.0,2026-06-18T04:43:00Z,-0.0008685065040481277,0.0003447621566010639,-0.0014644392649643123,0.0017371663285268143,-0.0008433302944865773,0.0008719653887823142,0.000946651645961083,0.0015387264096108628
gmat_d04_sso_900km_i97p6_jun_36h_g2020,numerical_gravity_20x20,EarthMJ2000Eq,80040.0,2026-06-18T04:44:00Z,-0.0012549671737360768,0.0005713277460017707,-0.0018979089873027988,0.002345936172318274,-0.0012603260657328974,0.0012309382402264646,0.001032414154167327,0.0020419377387527336
gmat_d04_sso_900km_i97p6_jun_36h_g2020,numerical_gravity_20x20,EarthMJ2000Eq,80100.0,2026-06-18T04:45:00Z,0.00033447668101871386,-0.00024778000806691125,0.00039366659621009603,0.0005729249265956019,9.278977586291148e-05,-0.00012851497643850962,-0.0007712870342402312,0.0007874069664797051
gmat_d04_sso_900km_i97p6_jun_36h_g2020,numerical_gravity_20x20,EarthMJ2000Eq,80160.0,2026-06-18T04:46:00Z,-0.00012916370906168595,2.8412614483386278e-05,-7.488506525987759e-05,0.00015198129292557527,-0.00041654590887674203,0.000354694051907245,0.0002205160498647274,0.0005898692167830708
gmat_d04_sso_900km_i97p6_jun_36h_g2020,numerical_gravity_20x20,EarthMJ2000Eq,80220.0,2026-06-18T04:47:00Z,-0.0017435490917705465,0.0009453401617065538,-0.001918991983984597,0.0027597394245374705,-0.0014844614426579028,0.001499975255114805,0.0024513084895261272,0.003234573364683134
gmat_d04_sso_900km_i97p6_jun_36h_g2020,numerical_gravity_20x20,EarthMJ2000Eq,80280.0,2026-06-18T04:48:00Z,0.00040619761421112344,-0.00029918874133727513,0.0004159546733717434,0.0006538567848035114,0.000615743900311827,-0.0005051412621526197,-0.00025925128710468925,0.0008375675945055426
gmat_d04_sso_900km_i97p6_jun_36h_g2020,numerical_gravity_20x20,EarthMJ2000Eq,80340.0,2026-06-18T04:49:00Z,-0.000183856172952801,7.373273547273129e-05,-5.5259079090319574e-05,0.00020565304382637333,0.0002916227259674997,-0.00012630296808424646,-7.454481476543151e-05,0.00032642485116182274
gmat_d04_sso_900km_i97p6_jun_36h_g2020,numerical_gravity_20x20,EarthMJ2000Eq,80400.0,2026-06-18T04:50:00Z,-0.0016140998013725039,0.0009570403562975116,-0.0013261724234325811,0.0022978202081637873,-0.0009560752189941013,0.0011523364484844478,0.0014754943933326103,0.002102151949702099
gmat_d04_sso_900km_i97p6_jun_36h_g2020,numerical_gravity_20x20,EarthMJ2000Eq,80460.0,2026-06-18T04:51:00Z,-0.0012729974514513742,0.000778525645728223,-0.0009044424587045796,0.0017448899259167685,-0.0008230971459965986,0.0010245884141113493,0.0014671486248118981,0.001969719629126541
gmat_d04_sso_900km_i97p6_jun_36h_g2020,numerical_gravity_20x20,EarthMJ2000Eq,80520.0,2026-06-18T04:52:00Z,-0.0019066183085669763,0.0012322821021371055,-0.001108075593947433,0.0025261718222860845,-0.0007460343454113172,0.0010704450659204667,0.0025540884962538257,0.0028680634460176947
gmat_d04_sso_900km_i97p6_jun_36h_g2020,numerical_gravity_20x20,EarthMJ2000Eq,80580.0,2026-06-18T04:53:00Z,0.0008373735909117386,-0.0006032114470144734,0.0003731902324943803,0.0010974194868849942,0.00037333069968781274,-0.00040794345679273647,-0.0009220237906504281,0.001075137919429309
gmat_d04_sso_900km_i97p6_jun_36h_g2020,numerical_gravity_20x20,EarthMJ2000Eq,80640.0,2026-06-18T04:54:00Z,-0.0012846412573708221,0.0008608567441115156,-0.0005253632480162196,0.0016332127958070004,-0.00023513724300983085,0.000493633578457775,0.0015055467983415838,0.0016017599054876752
gmat_d04_sso_900km_i97p6_jun_36h_g2020,numerical_gravity_20x20,EarthMJ2000Eq,80700.0,2026-06-18T04:55:00Z,0.0006137645414128201,-0.00046028617362026125,0.00017797174223233014,0.0007875558487846317,6.199929458716724e-05,-0.00011807443911493465,-0.0008733085365975057,0.0008834326719086689
gmat_d04_sso_900km_i97p6_jun_36h_g2020,numerical_gravity_20x20,EarthMJ2000Eq,80760.0,2026-06-18T04:56:00Z,-0.0012510330407167203,0.0008769009127718164,-0.00032949446904240176,0.0015628837080584408,-0.0001935598348268286,0.0005055094121075854,0.0015739267666958767,0.0016644069941902078
gmat_d04_sso_900km_i97p6_jun_36h_g2020,numerical_gravity_20x20,EarthMJ2000Eq,80820.0,2026-06-18T04:57:00Z,-0.0021067554030196334,0.0015128862287383527,-0.0004501389412325807,0.0026324642705405446,-8.288658648325509e-05,0.0006273355168673334,0.002773426155400216,0.002844699048475967
gmat_d04_sso_900km_i97p6_jun_36h_g2020,numerical_gravity_20x20,EarthMJ2000Eq,80880.0,2026-06-18T04:58:00Z,0.0009389203583509698,-0.0007010257832007483,0.00011669271771097556,0.0011775507540674878,0.00018883739016928303,-0.0002431939094549307,-0.001132071103526755,0.0011731955595561227
gmat_d04_sso_900km_i97p6_jun_36h_g2020,numerical_gravity_20x20,EarthMJ2000Eq,80940.0,2026-06-18T04:59:00Z,-0.0015140769846766489,0.001139453161158599,-5.3939402278047055e-05,0.001895703584719924,0.00024150370592224135,0.00018265478018975045,0.0017270948560188515,0.0017534376094937396
gmat_d04_sso_900km_i97p6_jun_36h_g2020,numerical_gravity_20x20,EarthMJ2000Eq,81000.0,2026-06-18T05:00:00Z,0.0006072710903026746,-0.00046626394123450154,-4.345565685071051e-05,0.0007668563321282916,-0.00017899726145742534,4.943156994841047e-05,-0.0009740911688371767,0.000991633553750275
gmat_d04_sso_900km_i97p6_jun_36h_g2020,numerical_gravity_20x20,EarthMJ2000Eq,81060.0,2026-06-18T05:01:00Z,0.0011451138561824337,-0.000879776052897796,-0.00010088751878356561,0.0014475738110092118,-0.00032674574157454117,9.242562271083443e-05,-0.001423510975762099,0.001463450980896096
gmat_d04_sso_900km_i97p6_jun_36h_g2020,numerical_gravity_20x20,EarthMJ2000Eq,81120.0,2026-06-18T05:02:00Z,-0.00014223951438907534,0.00012394005466376257,2.0771039999090135e-05,0.00018980161407727866,5.410960568497103e-05,0.00010598633082281594,0.00036829617133804504,0.0003870439530220425
gmat_d04_sso_900km_i97p6_jun_36h_g2020,numerical_gravity_20x20,EarthMJ2000Eq,81180.0,2026-06-18T05:03:00Z,-0.00027716623662854545,0.00024096210893276293,7.628023013239726e-05,0.0003751033646572729,0.00025068391806826185,-2.5844215656434244e-05,0.0004672457976084843,0.0005308756781429528
gmat_d04_sso_900km_i97p6_jun_36h_g2020,numerical_gravity_20x20,EarthMJ2000Eq,81240.0,2026-06-18T05:04:00Z,-7.836456461518537e-05,8.675976914673811e-05,2.6175257517024875e-05,0.00011980570368644983,0.0001581401676276073,-2.4837909506914002e-05,5.05104846837412e-05,0.000167858700784165
gmat_d04_sso_900km_i97p6_jun_36h_g2020,numerical_gravity_20x20,EarthMJ2000Eq,81300.0,2026-06-18T05:05:00Z,-0.0012734763004118577,0.0010801242069646833,0.0005013171175960451,0.0017434818733145937,0.0004817515275590267,-1.2657430659146485e-05,0.0015856880253295458,0.001657302404068087
gmat_d04_sso_900km_i97p6_jun_36h_g2020,numerical_gravity_20x20,EarthMJ2000Eq,81360.0,2026-06-18T05:06:00Z,0.000715554051566869,-0.0005679706873706891,-0.0003488539732643403,0.0009779097080448744,-0.0004523963426095179,0.00028770053006610397,-0.0007924545464277344,0.0009567749233548984
gmat_d04_sso_900km_i97p6_jun_36h_g2020,numerical_gravity_20x20,EarthMJ2000Eq,81420.0,2026-06-18T05:07:00Z,-0.0012817504284612369,0.001144369207395357,0.0007898543117335066,0.0018911200060967189,0.0008931895223440733,-0.00030043523224776436,0.001966570017941649,0.00218069862362226
gmat_d04_sso_900km_i97p6_jun_36h_g2020,numerical_gravity_20x20,EarthMJ2000Eq,81480.0,2026-06-18T05:08:00Z,-0.001453950517316116,0.0013189278433856089,0.001036908543028403,0.00222007254148753,0.0012601502064057968,-0.0005937250691090412,0.0019863501954375806,0.0024261234715710622
gmat_d04_sso_900km_i97p6_jun_36h_g2020,numerical_gravity_20x20,EarthMJ2000Eq,81540.0,2026-06-18T05:09:00Z,0.0008479350981360767,-0.0007148414624680299,-0.0006785467121517286,0.001300160716098741,-0.0005485762955004247,0.00023954260797154348,-0.0013708141288759634,0.00149581014468573
gmat_d04_sso_900km_i97p6_jun_36h_g2020,numerical_gravity_20x20,EarthMJ2000Eq,81600.0,2026-06-18T05:10:00Z,-7.744529284536839e-05,0.00012801046977983788,0.00013072349247522652,0.00019867834618317182,-7.155165349104209e-06,8.947420582217092e-05,-6.128875185140714e-05,0.00010868827444662367
gmat_d04_sso_900km_i97p6_jun_36h_g2020,numerical_gravity_20x20,EarthMJ2000Eq,81660.0,2026-06-18T05:11:00Z,-0.0013603967090602964,0.0013290095921547618,0.001443248038413003,0.0023874485549314844,0.001222664636202353,-0.0004766631533925647,0.001986041553436735,0.002380436436118254
gmat_d04_sso_900km_i97p6_jun_36h_g2020,numerical_gravity_20x20,EarthMJ2000Eq,81720.0,2026-06-18T05:12:00Z,0.0007326352715608664,-0.0006469135769293644,-0.0009020968718687072,0.0013300490154072955,-0.0007250227085364713,0.0005262594804378296,-0.0007606688612327162,0.0011752549021779627
gmat_d04_sso_900km_i97p6_jun_36h_g2020,numerical_gravity_20x20,EarthMJ2000Eq,81780.0,2026-06-18T05:13:00Z,-9.634004527470097e-05,0.0001805328793125227,0.00025109875423368067,0.0003239199117283587,0.0004052478352889466,-0.0002103530682973087,0.00022931079257659803,0.0005109380206449477
gmat_d04_sso_900km_i97p6_jun_36h_g2020,numerical_gravity_20x20,EarthMJ2000Eq,81840.0,2026-06-18T05:14:00Z,-0.0009468103598919697,0.0010396370271337219,0.0015109508240129799,0.0020640415205057543,0.0014201875231378835,-0.0008430767195477529,0.0012541887528527695,0.0020738130059632432
gmat_d04_sso_900km_i97p6_jun_36h_g2020,numerical_gravity_20x20,EarthMJ2000Eq,81900.0,2026-06-18T05:15:00Z,0.0002033011696767062,-0.00012883219824288972,-0.00025756617105798796,0.00035251869931889404,-0.0002661195708242303,0.00017554491194005095,-0.0003185816055406576,0.0004506993249080544
gmat_d04_sso_900km_i97p6_jun_36h_g2020,numerical_gravity_20x20,EarthMJ2000Eq,81960.0,2026-06-18T05:16:00Z,-0.0007804037522873841,0.0009409609447175171,0.0016652143131068442,0.0020657628674762766,0.0013549059652007145,-0.0007954761294115542,0.0012443370778214558,0.0020042273349700898
gmat_d04_sso_900km_i97p6_jun_36h_g2020,numerical_gravity_20x20,EarthMJ2000Eq,82020.0,2026-06-18T05:17:00Z,-0.0005840629455633461,0.000797266693552956,0.001685646566329524,0.0019540133191991065,0.0015201520042751326,-0.0009113856336284698,0.0011051968229480735,0.002088766599393189
gmat_d04_sso_900km_i97p6_jun_36h_g2020,numerical_gravity_20x20,EarthMJ2000Eq,82080.0,2026-06-18T05:18:00Z,2.4567270884290338e-05,3.296645445516333e-05,-0.0001426274138793815,0.0001484348918144479,7.091971454542545e-05,2.5932589409194406e-05,-1.4157564010019996e-06,7.552555508473586e-05
gmat_d04_sso_900km_i97p6_jun_36h_g2020,numerical_gravity_20x20,EarthMJ2000Eq,82140.0,2026-06-18T05:19:00Z,0.00025744157028384507,-0.00021714322429033928,-0.0006079576451156754,0.0006950106763352733,-0.0004638394113243294,0.0003382387703254608,-0.0005250830881209367,0.0007779876057364923
gmat_d04_sso_900km_i97p6_jun_36h_g2020,numerical_gravity_20x20,EarthMJ2000Eq,82200.0,2026-06-18T05:20:00Z,-0.0003983977876487188,0.0007106941666279454,0.001937696652021259,0.0021020169625711347,0.0015100936057166336,-0.0009943508239018684,0.0006487059778237381,0.0019209205357548866
gmat_d04_sso_900km_i97p6_jun_36h_g2020,numerical_gravity_20x20,EarthMJ2000Eq,82260.0,2026-06-18T05:21:00Z,-0.00019059643818764016,0.00046786817620159127,0.0014203396858647466,0.0015075120085075227,0.0011042839975772267,-0.0007313252226026634,0.0005832720972875904,0.0014472339368582538
gmat_d04_sso_900km_i97p6_jun_36h_g2020,numerical_gravity_20x20,EarthMJ2000Eq,82320.0,2026-06-18T05:22:00Z,-0.00014583656593458727,0.0005320816853782162,0.0020088896235392895,0.0020832706841508483,0.001776005564835259,-0.0012644165714448263,0.0006099236671275321,0.002263835663689481
gmat_d04_sso_900km_i97p6_jun_36h_g2020,numerical_gravity_20x20,EarthMJ2000Eq,82380.0,2026-06-18T05:23:00Z,6.793925422243774e-07,5.767014954471961e-05,-0.00015206842363113537,0.0001626379819980413,3.452566010864189e-05,-5.836664485059373e-05,-2.6278534903667605e-05,7.27272152205492e-05
gmat_d04_sso_900km_i97p6_jun_36h_g2020,numerical_gravity_20x20,EarthMJ2000Eq,82440.0,2026-06-18T05:24:00Z,8.800088835414499e-05,-0.00011143856681883335,-0.0007579729981443961,0.0007711587232481774,-0.0006554252210411171,0.00042524739285454416,-0.000350446782704239,0.0008562888023407385
gmat_d04_sso_900km_i97p6_jun_36h_g2020,numerical_gravity_20x20,EarthMJ2000Eq,82500.0,2026-06-18T05:25:00Z,0.00015199293557088822,0.0003769773684325628,0.0024503471536263532,0.0024838307031797816,0.0018224455278215146,-0.0013574439350350076,5.296652005881697e-05,0.0022730523951037963
gmat_d04_sso_900km_i97p6_jun_36h_g2020,numerical_gravity_20x20,EarthMJ2000Eq,82560.0,2026-06-18T05:26:00Z,-3.515651769703254e-05,6.706977728754282e-05,-0.0002625067452299845,0.00027321077404308627,-0.0002565722079239663,0.00028385671591024675,0.0002765627726830644,0.00047211322824135515
gmat_d04_sso_900km_i97p6_jun_36h_g2020,numerical_gravity_20x20,EarthMJ2000Eq,82620.0,2026-06-18T05:27:00Z,4.808498488273472e-06,-1.4542820281349123e-05,-0.0005834160674567102,0.000583617103113077,-0.0003018485461581122,0.0002920023667307703,0.00016439027916703708,0.00045100120939832705
gmat_d04_sso_900km_i97p6_jun_36h_g2020,numerical_gravity_20x20,EarthMJ2000Eq,82680.0,2026-06-18T05:28:00Z,0.00033355718187522143,0.0001272373992833309,0.001750869500938279,0.0017868950049381143,0.001583057018805789,-0.0012484554223757272,-0.00027420998804927876,0.002034674810380178
gmat_d04_sso_900km_i97p6_jun_36h_g2020,numerical_gravity_20x20,EarthMJ2000Eq,82740.0,2026-06-18T05:29:00Z,0.0007250064300023951,-2.6517227524891496e-05,0.0026194095426035346,0.0027180220453084784,0.0020593624583398196,-0.0017251261391626471,-0.0007703322424390535,0.0027947174623891456
gmat_d04_sso_900km_i97p6_jun_36h_g2020,numerical_gravity_20x20,EarthMJ2000Eq,82800.0,2026-06-18T05:30:00Z,0.00030185583455022424,1.769421942299232e-05,0.0009784566827875096,0.0010241130359215913,0.0006394520468688825,-0.0005787069712326343,-0.0002936548781917736,0.0009110619442627805
gmat_d04_sso_900km_i97p6_jun_36h_g2020,numerical_gravity_20x20,EarthMJ2000Eq,82860.0,2026-06-18T05:31:00Z,-0.00013080716598778963,8.226470527006313e-05,-0.0005821043487230781,0.0006022652814244288,-0.000602776939473415,0.00046349413196367095,0.0003028040040931046,0.0008184479910296749
gmat_d04_sso_900km_i97p6_jun_36h_g2020,numerical_gravity_20x20,EarthMJ2000Eq,82920.0,2026-06-18T05:32:00Z,-0.0002165816113119945,0.000156724127009511,-0.0005124984454596415,0.0005780352090867323,-0.0003280633542601663,0.0003098181711180814,0.0005150138093767964,0.0006847277469273341
gmat_d04_sso_900km_i97p6_jun_36h_g2020,numerical_gravity_20x20,EarthMJ2000Eq,82980.0,2026-06-18T05:33:00Z,0.001124897607951425,-0.000397107214666903,0.0022722233552485704,0.002566337418277732,0.001972256580273779,-0.0016928005663885415,-0.0010910223835480792,0.002818811738552527
gmat_d04_sso_900km_i97p6_jun_36h_g2020,numerical_gravity_20x20,EarthMJ2000Eq,83040.0,2026-06-18T05:34:00Z,0.000443268618255388,-0.0001178505044663325,0.0008541655915905721,0.0009695229069961586,0.0007629519238605553,-0.0007128797552269361,-0.0006457190337982865,0.001227699578131528
gmat_d04_sso_900km_i97p6_jun_36h_g2020,numerical_gravity_20x20,EarthMJ2000Eq,83100.0,2026-06-18T05:35:00Z,-0.00022177664504852146,0.00015552359400317073,-0.0005158585736353416,0.0005826512992980708,-0.0005369544808786486,0.0003652378399721101,6.728750889806179e-05,0.0006528754882340572
gmat_d04_sso_900km_i97p6_jun_36h_g2020,numerical_gravity_20x20,EarthMJ2000Eq,83160.0,2026-06-18T05:36:00Z,-8.840561349643394e-05,0.0001056855580827687,-0.00018551327229943126,0.00023108475476367986,-0.00033983527103487177,0.0002184474823252458,0.000186580528804825,0.00044499394119771056
gmat_d04_sso_900km_i97p6_jun_36h_g2020,numerical_gravity_20x20,EarthMJ2000Eq,83220.0,2026-06-18T05:37:00Z,-0.00013644330465467647,0.00013074895832687616,-0.0002286860762978904,0.000296663760815467,-0.00020258550392782126,0.00015258194707712391,0.00038483438657976876,0.0004608900542100713
gmat_d04_sso_900km_i97p6_jun_36h_g2020,numerical_gravity_20x20,EarthMJ2000Eq,83280.0,2026-06-18T05:38:00Z,-0.00014500710676657036,0.00013740509530180134,-0.00020682091417256743,0.00028754497346829966,-4.261746511247111e-05,2.4447555091455797e-05,0.00026062974001206385,0.00026522027196524485
gmat_d04_sso_900km_i97p6_jun_36h_g2020,numerical_gravity_20x20,EarthMJ2000Eq,83340.0,2026-06-18T05:39:00Z,-9.143514034803957e-05,0.0001032899490382988,-0.00015008026821305975,0.0002038462297166764,-7.595257756065621e-05,9.057643524101877e-06,5.394795721258561e-06,7.668075876770724e-05
gmat_d04_sso_900km_i97p6_jun_36h_g2020,numerical_gravity_20x20,EarthMJ2000Eq,83400.0,2026-06-18T05:40:00Z,-0.0004288854142942,0.00031098352337721735,-0.0004199400791549124,0.0006760200592342287,-0.00042809400468968306,0.0003333626708013071,0.000435285585353995,0.0006956067049360587
gmat_d04_sso_900km_i97p6_jun_36h_g2020,numerical_gravity_20x20,EarthMJ2000Eq,83460.0,2026-06-18T05:41:00Z,0.0018076116248266771,-0.001072051418304909,0.0014888182704453357,0.002575525940873038,0.0009114344834415533,-0.0011020726553567783,-0.0019785693083917977,0.0024413138805572518
gmat_d04_sso_900km_i97p6_jun_36h_g2020,numerical_gravity_20x20,EarthMJ2000Eq,83520.0,2026-06-18T05:42:00Z,0.000729376552044414,-0.0004088897185283713,0.0005881747711100616,0.0010223162514411976,0.00042857095650106203,-0.0005143601100598971,-0.0006599689683639554,0.0009401055402349505
gmat_d04_sso_900km_i97p6_jun_36h_g2020,numerical_gravity_20x20,EarthMJ2000Eq,83580.0,2026-06-18T05:43:00Z,-0.0007800099410815164,0.0005460224201669917,-0.0005279034667182714,0.0010886863927156336,-0.00026478108594574223,0.0002950226729581118,0.0009703318148979179,0.0010481847318278598
gmat_d04_sso_900km_i97p6_jun_36h_g2020,numerical_gravity_20x20,EarthMJ2000Eq,83640.0,2026-06-18T05:44:00Z,0.002132975623680977,-0.0013739154383074492,0.001240267010871321,0.002824091163736129,0.0007836744586597888,-0.0010949348094868583,-0.0025391257985063476,0.002874054229624457
gmat_d04_sso_900km_i97p6_jun_36h_g2020,numerical_gravity_20x20,EarthMJ2000Eq,83700.0,2026-06-18T05:45:00Z,-0.0002817557742673671,0.00022301082935882732,-0.00014511260815197602,0.00038752782530933756,-0.00014063861186741633,8.537170970157604e-05,0.0003393485492608761,0.0003771272807035116
gmat_d04_sso_900km_i97p6_jun_36h_g2020,numerical_gravity_20x20,EarthMJ2000Eq,83760.0,2026-06-18T05:46:00Z,-0.00048818128561833873,0.00036123992686043493,-0.00022679341782350093,0.0006482673111874233,-0.0002028253121011403,0.00017324897072512613,0.0006200600033423598,0.0006750020154274859
gmat_d04_sso_900km_i97p6_jun_36h_g2020,numerical_gravity_20x20,EarthMJ2000Eq,83820.0,2026-06-18T05:47:00Z,-0.00042923261389660183,0.000323026824844419,-0.00015638397599104792,0.0005595023810032848,-0.00013247447583353278,0.0001071107647021563,0.0005813425296707919,0.000605789847609289
gmat_d04_sso_900km_i97p6_jun_36h_g2020,numerical_gravity_20x20,EarthMJ2000Eq,83880.0,2026-06-18T05:48:00Z,-0.0005298077212501084,0.00039622318581677973,-0.00014230317901819944,0.0006767120726230003,-8.37045988077989e-05,8.756462221981565e-05,0.0006938845054094145,0.0007043789674410654
gmat_d04_sso_900km_i97p6_jun_36h_g2020,numerical_gravity_20x20,EarthMJ2000Eq,83940.0,2026-06-18T05:49:00Z,0.002304826693944051,-0.0016625770058453782,0.000446312697022222,0.0028767313765810836,0.0001247855152541888,-0.0006578275701940584,-0.0028491993209200928,0.002926814874100545
gmat_d04_sso_900km_i97p6_jun_36h_g2020,numerical_gravity_20x20,EarthMJ2000Eq,84000.0,2026-06-18T05:50:00Z,-0.0003214120845029811,0.0002457575192238437,-3.3846845326479524e-05,0.0004060148953648917,-4.099121042600018e-05,1.4866330388940696e-05,0.00038532810275881957,0.00038778735653336246
gmat_d04_sso_900km_i97p6_jun_36h_g2020,numerical_gravity_20x20,EarthMJ2000Eq,84060.0,2026-06-18T05:51:00Z,-0.0005760074373029056,0.00043494958390510874,-2.9704096959903836e-05,0.0007223905050204435,-2.6579627387945948e-05,6.251799078427211e-05,0.0007283667557977935,0.0007315279261348722
gmat_d04_sso_900km_i97p6_jun_36h_g2020,numerical_gravity_20x20,EarthMJ2000Eq,84120.0,2026-06-18T05:52:00Z,0.0022941236466067494,-0.0017553480802234844,-6.955269782338291e-05,0.00288947880532788,-0.0003212736743307687,-0.0003199263076680836,-0.0028661072404290167,0.0029017478060292833
gmat_d04_sso_900km_i97p6_jun_36h_g2020,numerical_gravity_20x20,EarthMJ2000Eq,84180.0,2026-06-18T05:53:00Z,-0.0003364884832990356,0.0002553543936301139,4.4739863369613886e-05,0.000424772905342867,3.765610046002621e-05,-4.68238781081709e-05,0.0004430742439609503,0.0004471300069605172
gmat_d04_sso_900km_i97p6_jun_36h_g2020,numerical_gravity_20x20,EarthMJ2000Eq,84240.0,2026-06-18T05:54:00Z,-0.0004993660240870668,0.0003802284993525973,8.589995559304953e-05,0.0006334973876057744,7.924683131932397e-05,-4.985967194670593e-05,0.0006267950602989458,0.0006337492365091618
gmat_d04_sso_900km_i97p6_jun_36h_g2020,numerical_gravity_20x20,EarthMJ2000Eq,84300.0,2026-06-18T05:55:00Z,-0.0004392925347929122,0.00033387429709819116,0.00011445536074461415,0.0005635157557608953,8.202860612982477e-05,-6.0044413885407266e-05,0.0005511053835505209,0.0005604026834703869
gmat_d04_sso_900km_i97p6_jun_36h_g2020,numerical_gravity_20x20,EarthMJ2000Eq,84360.0,2026-06-18T05:56:00Z,-0.0004985686246072873,0.0003835280608655012,0.00017286765796598047,0.0006523401521328401,0.00013740297788444877,-7.991296513409907e-05,0.0006459055512664236,0.000665176398773153
gmat_d04_sso_900km_i97p6_jun_36h_g2020,numerical_gravity_20x20,EarthMJ2000Eq,84420.0,2026-06-18T05:57:00Z,0.0010722342267399654,-0.0009176518460662919,-0.0004519288268056698,0.0014818943322921086,-0.00045924597458224525,4.9320547645947954e-05,-0.0013749805738427767,0.0014504864563432173
gmat_d04_sso_900km_i97p6_jun_36h_g2020,numerical_gravity_20x20,EarthMJ2000Eq,84480.0,2026-06-18T05:58:00Z,0.0008275615073216613,-0.0007345803396674455,-0.0004419889592099935,0.001191562236683411,-0.000431180424698141,5.172573480649589e-05,-0.0011548246803272377,0.0012337796207496086
gmat_d04_sso_900km_i97p6_jun_36h_g2020,numerical_gravity_20x20,EarthMJ2000Eq,84540.0,2026-06-18T05:59:00Z,0.0008429547051491681,-0.0007664871191082057,-0.0005314259396982379,0.00125717487569394,-0.0005863061147692861,0.0001432525209565938,-0.00123496501913678,0.0013745598362631516
gmat_d04_sso_900km_i97p6_jun_36h_g2020,numerical_gravity_20x20,EarthMJ2000Eq,84600.0,2026-06-18T06:00:00Z,0.0007995745363587048,-0.0007507917416660348,-0.0006010504876030609,0.0012507075466291202,-0.0006952598496923201,0.0002495239570521335,-0.0011313492365161437,0.0013511474970197754
gmat_d04_sso_900km_i97p6_jun_36h_g2020,numerical_gravity_20x20,EarthMJ2000Eq,84660.0,2026-06-18T06:01:00Z,0.0007570461093564518,-0.0007339167495956644,-0.0006647469490417279,0.0012464514083144562,-0.0007091163212180618,0.00030176039444995695,-0.000998593208123566,0.0012613856222372867
gmat_d04_sso_900km_i97p6_jun_36h_g2020,numerical_gravity_20x20,EarthMJ2000Eq,84720.0,2026-06-18T06:02:00Z,0.0007150947567424737,-0.0007155338153097546,-0.0007223961802083068,0.0012430629079623703,-0.0006923324136209885,0.0003076818799740977,-0.0009364553577029255,0.0012045501015670425
gmat_d04_sso_900km_i97p6_jun_36h_g2020,numerical_gravity_20x20,EarthMJ2000Eq,84780.0,2026-06-18T06:03:00Z,0.0006730861059622839,-0.0006968898560444359,-0.0007781191015965305,0.0012426462544773138,-0.0007156950587727806,0.0003171640727828162,-0.0009228955377693637,0.001210185374168173
gmat_d04_sso_900km_i97p6_jun_36h_g2020,numerical_gravity_20x20,EarthMJ2000Eq,84840.0,2026-06-18T06:04:00Z,0.0006287664291448891,-0.0006770783329557162,-0.0008328488547704183,0.0012439531768801042,-0.0007605498453244763,0.00034529845649444724,-0.0008978426890848823,0.0012262905796032624
gmat_d04_sso_900km_i97p6_jun_36h_g2020,numerical_gravity_20x20,EarthMJ2000Eq,84900.0,2026-06-18T06:05:00Z,0.0005822657840326428,-0.0006552995728270616,-0.0008858132787281647,0.0012462408026435417,-0.0007862799300539791,0.00038225556053816945,-0.0008712133237054331,0.0012342479886027393
gmat_d04_sso_900km_i97p6_jun_36h_g2020,numerical_gravity_20x20,EarthMJ2000Eq,84960.0,2026-06-18T06:06:00Z,0.0005350448191165924,-0.0006319196472759359,-0.0009411505743628368,0.0012535389115222342,-0.0008253078220832322,0.0004420575017149986,-0.00086837914636817,0.0012769613063289686
gmat_d04_sso_900km_i97p6_jun_36h_g2020,numerical_gravity_20x20,EarthMJ2000Eq,85020.0,2026-06-18T06:07:00Z,0.00047376488510053605,-0.0005911911102884915,-0.0009651885193306953,0.0012270081389649553,-0.0008854361688293011,0.0005114180190446405,-0.0008189005029635155,0.001310016653721835
gmat_d04_sso_900km_i97p6_jun_36h_g2020,numerical_gravity_20x20,EarthMJ2000Eq,85080.0,2026-06-18T06:08:00Z,0.00045753131416859105,-0.00060846787164337,-0.0011307156455586664,0.0013631162552688609,-0.00107013908845488,0.000646354525457582,-0.0007597407147841295,0.0014629346516229758
gmat_d04_sso_900km_i97p6_jun_36h_g2020,numerical_gravity_20x20,EarthMJ2000Eq,85140.0,2026-06-18T06:09:00Z,0.0002580209184088744,-0.0003989557626482565,-0.00076283686212264,0.0008986993786021702,-0.0007224549847251183,0.0004218918547849171,-0.00039682834795939925,0.000925962569347279
gmat_d04_sso_900km_i97p6_jun_36h_g2020,numerical_gravity_20x20,EarthMJ2000Eq,85200.0,2026-06-18T06:10:00Z,-0.00015436762623721734,9.406403478351422e-05,0.0003381501301191747,0.0003834356754000365,0.0003069358101015496,-0.0002679061417154571,0.00030597124833775524,0.0005095112335375162
gmat_d04_sso_900km_i97p6_jun_36h_g2020,numerical_gravity_20x20,EarthMJ2000Eq,85260.0,2026-06-18T06:11:00Z,-5.992569640511647e-05,-1.6993908502627164e-05,0.0001299749783356674,0.00014412972285129485,0.00020448021054164656,-0.00020230705999324528,1.036060126580196e-05,0.00028783266855041936
gmat_d04_sso_900km_i97p6_jun_36h_g2020,numerical_gravity_20x20,EarthMJ2000Eq,85320.0,2026-06-18T06:12:00Z,-6.472782843047753e-05,-7.320522854570299e-06,0.00017238789951079525,0.0001842847517455898,0.00014968626338429658,-0.00011675149735879131,-0.00014009859938823865,0.0002359332683875232
gmat_d04_sso_900km_i97p6_jun_36h_g2020,numerical_gravity_20x20,EarthMJ2000Eq,85380.0,2026-06-18T06:13:00Z,-5.885067366762087e-05,-1.1584234016481787e-05,0.00016036597116908524,0.00017121577315739721,-1.2335688026610114e-05,4.492872740513576e-05,-4.552447308014962e-05,6.514013658690099e-05
gmat_d04_sso_900km_i97p6_jun_36h_g2020,numerical_gravity_20x20,EarthMJ2000Eq,85440.0,2026-06-18T06:14:00Z,-5.967740435153246e-05,-8.863025868777186e-06,0.00016616036191408057,0.00017677446560265754,2.9894420272569278e-05,3.255173908200959e-07,0.00023309976171503877,0.00023500910883753545
gmat_d04_sso_900km_i97p6_jun_36h_g2020,numerical_gravity_20x20,EarthMJ2000Eq,85500.0,2026-06-18T06:15:00Z,-5.024867277825251e-05,-1.5170371625572443e-05,0.0001911009803734487,0.00019817833885399052,0.0002611592053725076,-0.00024258062225612775,0.0002624451767019309,0.0004426363740352542
gmat_d04_sso_900km_i97p6_jun_36h_g2020,numerical_gravity_20x20,EarthMJ2000Eq,85560.0,2026-06-18T06:16:00Z,-4.279900167603046e-05,-3.9590304368175566e-05,0.00011261556664976524,0.00012681250962061022,0.0002774846741271375,-0.0003039348772659878,-6.899814053440423e-05,0.00041729473683637584
gmat_d04_sso_900km_i97p6_jun_36h_g2020,numerical_gravity_20x20,EarthMJ2000Eq,85620.0,2026-06-18T06:17:00Z,3.569402906578034e-05,-2.7905116439796984e-05,0.0005525118069726886,0.0005543663554714454,0.00043141828998116694,-0.00037938852059937744,-0.00038539038627050104,0.0006917970369426169
gmat_d04_sso_900km_i97p6_jun_36h_g2020,numerical_gravity_20x20,EarthMJ2000Eq,85680.0,2026-06-18T06:18:00Z,-0.0002524320734664798,-0.00015337991499109194,-0.0015266592470197793,0.001554971320169044,-0.0014892086452888975,0.0012223257961352374,-5.491784804689814e-05,0.001927391685967058
gmat_d04_sso_900km_i97p6_jun_36h_g2020,numerical_gravity_20x20,EarthMJ2000Eq,85740.0,2026-06-18T06:19:00Z,-0.0003703462425619364,-0.00019124126993119717,-0.002325952209503157,0.0023630030138781584,-0.0020470685146989354,0.0017168969024261571,0.0004304023804024837,0.002706191177002904
gmat_d04_sso_900km_i97p6_jun_36h_g2020,numerical_gravity_20x20,EarthMJ2000Eq,85800.0,2026-06-18T06:20:00Z,4.170942702330649e-05,-1.2344571587163955e-05,0.0005966037406324176,0.0005981873352779012,0.0006449834000221699,-0.0004439250841925535,0.00028489299808143187,0.0008332089095991178
gmat_d04_sso_900km_i97p6_jun_36h_g2020,numerical_gravity_20x20,EarthMJ2000Eq,85860.0,2026-06-18T06:21:00Z,1.8397258827462792e-05,-6.977643352001905e-05,0.0001639705260458868,0.00017914670864658145,0.00037296854493718,-0.0003631194511743985,-9.124168087737416e-05,0.0005284754636339157
gmat_d04_sso_900km_i97p6_jun_36h_g2020,numerical_gravity_20x20,EarthMJ2000Eq,85920.0,2026-06-18T06:22:00Z,-6.644040695391595e-05,-4.574758349917829e-05,-5.835363481310196e-05,9.956061353827185e-05,-3.2444269493225875e-05,-5.282896342606591e-05,-0.0002631015405540893,0.00027030714130698945
gmat_d04_sso_900km_i97p6_jun_36h_g2020,numerical_gravity_20x20,EarthMJ2000Eq,85980.0,2026-06-18T06:23:00Z,0.0003464547262410633,-0.00017873662727652118,0.0010105595720233396,0.0010831474081919557,0.0006581495348711996,-0.0005473378417164554,-0.0005064721975145403,0.0009946122913382942
gmat_d04_sso_900km_i97p6_jun_36h_g2020,numerical_gravity_20x20,EarthMJ2000Eq,86040.0,2026-06-18T06:24:00Z,0.0007504786481149495,-0.000339847247232683,0.0018578743947728071,0.0020323414131194835,0.001373720692754432,-0.0010934453342770212,-0.0007161702342273202,0.0018962149258844889
gmat_d04_sso_900km_i97p6_jun_36h_g2020,numerical_gravity_20x20,EarthMJ2000Eq,86100.0,2026-06-18T06:25:00Z,-0.0007755052138236351,0.0002752358341240324,-0.0014120878404355608,0.0016343669019407972,-0.000986251524892623,0.0009970675396431261,0.0010410783346515018,0.0017466195486836179
gmat_d04_sso_900km_i97p6_jun_36h_g2020,numerical_gravity_20x20,EarthMJ2000Eq,86160.0,2026-06-18T06:26:00Z,0.00032389380066888407,-0.00022833410184830427,0.000541430836165091,0.0006709627460068378,0.000691632084937055,-0.0005571516581426295,-0.00039173553290083873,0.0009706851388697383
gmat_d04_sso_900km_i97p6_jun_36h_g2020,numerical_gravity_20x20,EarthMJ2000Eq,86220.0,2026-06-18T06:27:00Z,-0.0007472344805137254,0.00032134857974597253,-0.001036215508065652,0.0013173332371610184,-0.0006796763152294716,0.0005943272540775979,0.00044403769550172,0.0010061581652254321
gmat_d04_sso_900km_i97p6_jun_36h_g2020,numerical_gravity_20x20,EarthMJ2000Eq,86280.0,2026-06-18T06:28:00Z,0.0003192863005097024,-0.00024941618903540075,0.0003816876414930448,0.0005566306070587907,4.7261750069083064e-05,-0.00011911671649045275,-0.0007130234180863226,0.0007244479690816741
gmat_d04_sso_900km_i97p6_jun_36h_g2020,numerical_gravity_20x20,EarthMJ2000Eq,86340.0,2026-06-18T06:29:00Z,-0.0002698971002246253,9.64396349445451e-05,-0.0002447386577841826,0.00037688467534764767,-0.0004653859519976322,0.0005108669043352165,0.0004148112964230677,0.0008060009242562789
gmat_d04_sso_900km_i97p6_jun_36h_g2020,numerical_gravity_20x20,EarthMJ2000Eq,86400.0,2026-06-18T06:30:00Z,-0.0009332916306448169,0.00047069806896615773,-0.0010515350368223153,0.0014826718698434387,-0.0007379625799330825,0.0009095080244492237,0.0014777246093444774,0.0018855937094139099
gmat_d04_sso_900km_i97p6_jun_36h_g2020,numerical_gravity_20x20,EarthMJ2000Eq,86460.0,2026-06-18T06:31:00Z,-0.0007938128874229733,0.00042013653001049533,-0.0007526123226853088,0.001171784499106313,-0.00020037038694908915,0.0004043680945642336,0.0011113447939692378,0.001199478677988969
gmat_d04_sso_900km_i97p6_jun_36h_g2020,numerical_gravity_20x20,EarthMJ2000Eq,86520.0,2026-06-18T06:32:00Z,-0.0009399113878316712,0.0005225992936175317,-0.0008189808795577846,0.0013517666661618949,-0.0003284821303850549,0.00042863224081202134,0.0008691989350495533,0.0010232951170298414
gmat_d04_sso_900km_i97p6_jun_36h_g2020,numerical_gravity_20x20,EarthMJ2000Eq,86580.0,2026-06-18T06:33:00Z,-0.0001296352820645552,2.828119249898009e-05,-0.00011401152733014897,0.0001749393053869669,-0.00011003642441664852,0.00010123324400979072,-0.00017747225911080022,0.00023206160204789942
gmat_d04_sso_900km_i97p6_jun_36h_g2020,numerical_gravity_20x20,EarthMJ2000Eq,86640.0,2026-06-18T06:34:00Z,-0.0005681231414200738,0.00032189200283028185,-0.0003722907422343269,0.0007516506915160056,-0.00036920955182040416,0.00045825876426874856,0.0005762355037575162,0.0008236286444601248
gmat_d04_sso_900km_i97p6_jun_36h_g2020,numerical_gravity_20x20,EarthMJ2000Eq,86700.0,2026-06-18T06:35:00Z,0.0004997109499527141,-0.0003630393621278927,0.0003379018380655907,0.0007040499017292567,0.0002602638105031474,-0.00022121371401340184,-0.0006271729802165282,0.0007141559391609811
gmat_d04_sso_900km_i97p6_jun_36h_g2020,numerical_gravity_20x20,EarthMJ2000Eq,86760.0,2026-06-18T06:36:00Z,-0.0021419332369987387,0.0013942544683231972,-0.0011630108929239213,0.002807920556436523,-0.000695654200910667,0.0010387535276379367,0.00256998111680673,0.0028579269758284734
gmat_d04_sso_900km_i97p6_jun_36h_g2020,numerical_gravity_20x20,EarthMJ2000Eq,86820.0,2026-06-18T06:37:00Z,0.0005729934855480678,-0.00041852626964100637,0.00027947771741310135,0.0007626228211839569,0.00020233414943504613,-0.00019234613901630837,-0.0007315246186578861,0.0007829842992836129
gmat_d04_sso_900km_i97p6_jun_36h_g2020,numerical_gravity_20x20,EarthMJ2000Eq,86880.0,2026-06-18T06:38:00Z,0.0005507497462531319,-0.00040641020859766286,0.00022049789549782872,0.0007191062943468485,0.0001553042139335048,-0.00014692158600837502,-0.0006967311172445534,0.0007287932498572992
gmat_d04_sso_900km_i97p6_jun_36h_g2020,numerical_gravity_20x20,EarthMJ2000Eq,86940.0,2026-06-18T06:39:00Z,0.0005796284767711768,-0.0004292155608709436,0.0001829821485443972,0.0007440951790354223,0.00013283951716402953,-0.0001311901698386464,-0.0007279423730466306,0.0007515033575836007
gmat_d04_sso_900km_i97p6_jun_36h_g2020,numerical_gravity_20x20,EarthMJ2000Eq,87000.0,2026-06-18T06:40:00Z,0.0005302390491124243,-0.00039501151150034275,0.0001306098056375049,0.0006739780892210815,0.0001028066520802895,-9.990763771838829e-05,-0.0006791511797388239,0.0006941160340512692
gmat_d04_sso_900km_i97p6_jun_36h_g2020,numerical_gravity_20x20,EarthMJ2000Eq,87060.0,2026-06-18T06:41:00Z,-0.0022434316520048014,0.0016333783605659846,-0.0003499690137687139,0.002797032133633874,-5.852207607404125e-06,0.0005561835436651563,0.0027718898287787397,0.002827144779714127
gmat_d04_sso_900km_i97p6_jun_36h_g2020,numerical_gravity_20x20,EarthMJ2000Eq,87120.0,2026-06-18T06:42:00Z,0.0006185701408867317,-0.000464747017758782,5.033416528021917e-05,0.000775340143360815,2.289723965986923e-06,-4.9046100514260615e-05,-0.0008022841835320094,0.0008037852163091321
gmat_d04_sso_900km_i97p6_jun_36h_g2020,numerical_gravity_20x20,EarthMJ2000Eq,87180.0,2026-06-18T06:43:00Z,0.0005292149580782279,-0.0003992139454567223,5.651600076816976e-06,0.0006629269844291237,-2.4376056728669937e-05,-4.5634607204192434e-06,-0.0006686252940202309,0.0006690850477473146
gmat_d04_sso_900km_i97p6_jun_36h_g2020,numerical_gravity_20x20,EarthMJ2000Eq,87240.0,2026-06-18T06:44:00Z,-0.002193646537307359,0.0016952109831436246,0.0001507942215539515,0.0027764301369322085,0.0004062492564571585,0.00025284041527129375,0.0028013441011331963,0.0028419175756732125
gmat_d04_sso_900km_i97p6_jun_36h_g2020,numerical_gravity_20x20,EarthMJ2000Eq,87300.0,2026-06-18T06:45:00Z,0.0005551298727368703,-0.0004214225839405117,-7.608377927681431e-05,0.0007011097712405628,-6.284750497798086e-05,2.4718005420254485e-05,-0.0007040578120509622,0.0007072893265021755
gmat_d04_sso_900km_i97p6_jun_36h_g2020,numerical_gravity_20x20,EarthMJ2000Eq,87360.0,2026-06-18T06:46:00Z,-0.0021424757505883463,0.0017239325771356562,0.0004875810191151686,0.0027928267261987574,0.0006850440215089293,3.0755842317375937e-05,0.002742756244344946,0.002827179345060191
gmat_d04_sso_900km_i97p6_jun_36h_g2020,numerical_gravity_20x20,EarthMJ2000Eq,87420.0,2026-06-18T06:47:00Z,0.0005842350674356567,-0.00044963820755583583,-0.00017852471501100808,0.0007585355664603558,-0.00017057910639550755,8.959055719515163e-05,-0.0007618683461885212,0.000785854360808197
gmat_d04_sso_900km_i97p6_jun_36h_g2020,numerical_gravity_20x20,EarthMJ2000Eq,87480.0,2026-06-18T06:48:00Z,0.0005390743353927974,-0.0004158137016929686,-0.00021181949705351144,0.000713000471898019,-0.00019517898408594192,0.00011739320626702465,-0.0006926943463270163,0.0007291786188170118
gmat_d04_sso_900km_i97p6_jun_36h_g2020,numerical_gravity_20x20,EarthMJ2000Eq,87540.0,2026-06-18T06:49:00Z,0.00012103282642783597,-7.003779955994105e-05,-6.198115443112329e-05,0.0001529571899092158,-3.916689195193612e-05,9.391509792067154e-05,-2.3173019059186117e-05,0.000104360336598448
gmat_d04_sso_900km_i97p6_jun_36h_g2020,numerical_gravity_20x20,EarthMJ2000Eq,87600.0,2026-06-18T06:50:00Z,0.00018462287698639557,-0.00011886208994837943,-9.453106031287462e-05,0.00023906050384266055,7.607070529047633e-05,2.4066082460194593e-05,-0.00016271428648906294,0.0001812232533534707
gmat_d04_sso_900km_i97p6_jun_36h_g2020,numerical_gravity_20x20,EarthMJ2000Eq,87660.0,2026-06-18T06:51:00Z,0.00017826596376835369,-0.00010877738532144576,-0.00010698022379074246,0.00023464023882946338,3.942268733680976e-05,4.32498481472976e-05,-0.0003579780916140862,0.0003627299432322665
gmat_d04_sso_900km_i97p6_jun_36h_g2020,numerical_gravity_20x20,EarthMJ2000Eq,87720.0,2026-06-18T06:52:00Z,0.00013992121239425614,-6.923528417246416e-05,-8.83264874573797e-05,0.00017936844382131171,-0.0001417870265640886,0.00015076917492251596,-0.0003344164944962813,0.0003932801759558739
gmat_d04_sso_900km_i97p6_jun_36h_g2020,numerical_gravity_20x20,EarthMJ2000Eq,87780.0,2026-06-18T06:53:00Z,0.00031637591746402904,-0.00023913025870569982,-0.0003276618372183293,0.0005144310268142386,-0.00044577763702591255,0.00031233771125016574,-0.0003417151006601671,0.0006426832482339852
gmat_d04_sso_900km_i97p6_jun_36h_g2020,numerical_gravity_20x20,EarthMJ2000Eq,87840.0,2026-06-18T06:54:00Z,-0.0004837879714614246,0.0005217152647674084,0.0005909278115723282,0.0009248963711204343,0.0005509823708393924,-0.00026402879882425623,0.0009260459066240401,0.0011094385069752707
gmat_d04_sso_900km_i97p6_jun_36h_g2020,numerical_gravity_20x20,EarthMJ2000Eq,87900.0,2026-06-18T06:55:00Z,-0.0014771940186619759,0.0014694737728859764,0.0017508382370579056,0.002721560190463275,0.0017939827401391994,-0.0009670562128860638,0.002153968559071018,0.002965324998084588
gmat_d04_sso_900km_i97p6_jun_36h_g2020,numerical_gravity_20x20,EarthMJ2000Eq,87960.0,2026-06-18T06:56:00Z,0.00036085566534893587,-0.0002801516529871151,-0.00040310897020390257,0.0006092607009685484,-0.00020673063261256175,0.0001543019045868732,-0.0006283036313448065,0.0006791995917111531
gmat_d04_sso_900km_i97p6_jun_36h_g2020,numerical_gravity_20x20,EarthMJ2000Eq,88020.0,2026-06-18T06:57:00Z,0.0001036560206557624,-3.2046045816969126e-05,-0.00013126646081218496,0.0001703009201526757,-0.00014339951448505417,0.00020028245728553884,-0.0003083862054609199,0.0003946878958993646
gmat_d04_sso_900km_i97p6_jun_36h_g2020,numerical_gravity_20x20,EarthMJ2000Eq,88080.0,2026-06-18T06:58:00Z,0.0001325352059211582,-5.681931725121103e-05,-0.00019712842913577333,0.0002442409326771317,-0.00027340618657945015,0.00030543478857225637,-0.00011102052610567625,0.0004246962563372524
gmat_d04_sso_900km_i97p6_jun_36h_g2020,numerical_gravity_20x20,EarthMJ2000Eq,88140.0,2026-06-18T06:59:00Z,0.00011597512639127672,-3.865079634124413e-05,-0.00019147137209074572,0.00022716822033373802,-0.00013261791664831435,0.00015882628545682564,8.658584960130611e-05,0.00022429982193334958
gmat_d04_sso_900km_i97p6_jun_36h_g2020,numerical_gravity_20x20,EarthMJ2000Eq,88200.0,2026-06-18T07:00:00Z,0.00011391512089176103,-3.718878360814415e-05,-0.00019433355191722512,0.00022830941678959004,-1.02855501893373e-05,-9.128253708468037e-06,-2.439470847548364e-05,2.8003916870098195e-05
gmat_d04_sso_900km_i97p6_jun_36h_g2020,numerical_gravity_20x20,EarthMJ2000Eq,88260.0,2026-06-18T07:01:00Z,0.00010395615390734747,-2.636488716234453e-05,-0.00016803824109956622,0.00019934603001345983,-4.914824103252613e-05,-1.5447643164634428e-05,-0.00021966961583075317,0.00022563004984966839
gmat_d04_sso_900km_i97p6_jun_36h_g2020,numerical_gravity_20x20,EarthMJ2000Eq,88320.0,2026-06-18T07:02:00Z,0.000121381162898615,-6.263462637434714e-05,-0.0003112882041023113,0.000339936507514148,-0.0002995450554266199,0.00020333867922772697,-0.0002643893992626545,0.00044830303717806834
gmat_d04_sso_900km_i97p6_jun_36h_g2020,numerical_gravity_20x20,EarthMJ2000Eq,88380.0,2026-06-18T07:03:00Z,1.7606907931622118e-05,8.823872121865861e-05,0.00011051861292799003,0.00014251469725169982,-1.8194334927557065e-05,6.900657822939138e-05,1.566569096667081e-05,7.306405091321222e-05
gmat_d04_sso_900km_i97p6_jun_36h_g2020,numerical_gravity_20x20,EarthMJ2000Eq,88440.0,2026-06-18T07:04:00Z,-9.54150891629979e-05,0.000272457782557467,0.0006799214133934584,0.0007386679977547917,0.0005277316361684825,-0.0002347482208620022,0.0004441291778789491,0.0007286001191698847
gmat_d04_sso_900km_i97p6_jun_36h_g2020,numerical_gravity_20x20,EarthMJ2000Eq,88500.0,2026-06-18T07:05:00Z,-3.0478076951112598e-05,0.00020919469534419477,0.0005638246420858195,0.0006021541005074954,0.0006691343035214459,-0.00036092151489697244,0.0003948947835397121,0.0008567070363499602
gmat_d04_sso_900km_i97p6_jun_36h_g2020,numerical_gravity_20x20,EarthMJ2000Eq,88560.0,2026-06-18T07:06:00Z,7.405105861835182e-06,0.00019177332433173433,0.0006104999101808062,0.0006399546732768205,0.0007951477809520213,-0.0005690663495983017,8.164491305251431e-05,0.0009812045635979342
gmat_d04_sso_900km_i97p6_jun_36h_g2020,numerical_gravity_20x20,EarthMJ2000Eq,88620.0,2026-06-18T07:07:00Z,5.030142347095534e-05,0.00015720161172794178,0.0006021139142831089,0.0006243266338275133,0.0005654638007834834,-0.0005128348856686671,-0.00024381119345662228,0.0008013693455642287
gmat_d04_sso_900km_i97p6_jun_36h_g2020,numerical_gravity_20x20,EarthMJ2000Eq,88680.0,2026-06-18T07:08:00Z,7.463677320629358e-05,0.00013280805433169007,0.0005866217520633654,0.0006060806111433605,0.0002688224642888315,-0.0002971616286373546,-0.0002071027793704161,0.00045106774664530866
gmat_d04_sso_900km_i97p6_jun_36h_g2020,numerical_gravity_20x20,EarthMJ2000Eq,88740.0,2026-06-18T07:09:00Z,8.802999218460172e-05,0.00011925931175937876,0.0005824066136028705,0.0006009738151814145,0.00023263779791449224,-0.00018893586695156728,7.698908177644626e-05,0.0003094259613413599
gmat_d04_sso_900km_i97p6_jun_36h_g2020,numerical_gravity_20x20,EarthMJ2000Eq,88800.0,2026-06-18T07:10:00Z,0.00010785061022033915,0.00010582880349829793,0.0005931495934419218,0.0006120930729677456,0.0004509816964315405,-0.00028670260610041964,0.0002339985982757753,0.0005833851376715645
gmat_d04_sso_900km_i97p6_jun_36h_g2020,numerical_gravity_20x20,EarthMJ2000Eq,88860.0,2026-06-18T07:11:00Z,0.00014169472706271335,8.348706614924595e-05,0.0006042786253601662,0.0006262588466111736,0.0006504357052961041,-0.0004519641327860313,9.43272127074124e-05,0.0007976439099662324
gmat_d04_sso_900km_i97p6_jun_36h_g2020,numerical_gravity_20x20,EarthMJ2000Eq,88920.0,2026-06-18T07:12:00Z,0.0001814842107705772,5.3781150199938565e-05,0.0006020627552061342,0.000631116860876216,0.0006395994844865527,-0.0005140538827941299,-0.00016357226684249326,0.0008367166673678593
gmat_d04_sso_900km_i97p6_jun_36h_g2020,numerical_gravity_20x20,EarthMJ2000Eq,88980.0,2026-06-18T07:13:00Z,0.0002156339178327471,2.426986611681059e-05,0.000587350086789229,0.0006261526470219084,0.0004918754292759786,-0.0004569846168145375,-0.00029544544588588906,0.0007335287243355026
gmat_d04_sso_900km_i97p6_jun_36h_g2020,numerical_gravity_20x20,EarthMJ2000Eq,89040.0,2026-06-18T07:14:00Z,0.00024107157514663413,-4.2018655221909285e-07,0.0005696906555385794,0.0006185977076488356,0.00038808911639875987,-0.00038142033975674394,-0.0002696554091130565,0.0006072962024508716
gmat_d04_sso_900km_i97p6_jun_36h_g2020,numerical_gravity_20x20,EarthMJ2000Eq,89100.0,2026-06-18T07:15:00Z,0.00026467205316293985,-2.249635144835338e-05,0.0005573438102146611,0.0006174054618632475,0.00037934499985681214,-0.0003546395399567359,-0.00023153301498268775,0.0005685766168636058
gmat_d04_sso_900km_i97p6_jun_36h_g2020,numerical_gravity_20x20,EarthMJ2000Eq,89160.0,2026-06-18T07:16:00Z,0.0002822807800839655,-4.127105057705194e-05,0.0005332990440365393,0.0006048087373631703,0.00037953595821704766,-0.00034935609960484726,-0.00023868729215337225,0.0005683914596001192
gmat_d04_sso_900km_i97p6_jun_36h_g2020,numerical_gravity_20x20,EarthMJ2000Eq,89220.0,2026-06-18T07:17:00Z,0.00033226024243049324,-7.514063327107579e-05,0.000570000793231884,0.0006640360590761058,0.00041234216041630134,-0.0004008020582091376,-0.0002964632983548654,0.0006469612309813545
gmat_d04_sso_900km_i97p6_jun_36h_g2020,numerical_gravity_20x20,EarthMJ2000Eq,89280.0,2026-06-18T07:18:00Z,0.00036637993616750464,-0.00010344592737965286,0.0005711335688829422,0.0006863882800736823,0.0004118523300178367,-0.0004231897055007039,-0.00031865088345739423,0.0006710068957254251
gmat_d04_sso_900km_i97p6_jun_36h_g2020,numerical_gravity_20x20,EarthMJ2000Eq,89340.0,2026-06-18T07:19:00Z,0.00038801863411208615,-0.00012806231097783893,0.0005455985956359655,0.0006816423134394838,0.0004159317334995194,-0.00044722603398383853,-0.00035010661036949386,0.000703977962033788
gmat_d04_sso_900km_i97p6_jun_36h_g2020,numerical_gravity_20x20,EarthMJ2000Eq,89400.0,2026-06-18T07:20:00Z,0.00041361545299878344,-0.0001555181370349601,0.0005236797733232379,0.0006852037207240568,0.0004100053629940703,-0.0004523466046180147,-0.00043869086141512526,0.0007517789038557085
gmat_d04_sso_900km_i97p6_jun_36h_g2020,numerical_gravity_20x20,EarthMJ2000Eq,89460.0,2026-06-18T07:21:00Z,0.0004364392225397751,-0.00018125410861102864,0.0004945923137711361,0.0006840714901974704,0.0003418083593942356,-0.00039448844191269927,-0.000521169774003738,0.0007376123769905135
gmat_d04_sso_900km_i97p6_jun_36h_g2020,numerical_gravity_20x20,EarthMJ2000Eq,89520.0,2026-06-18T07:22:00Z,0.00045412753024720587,-0.00020240167941665277,0.0004632838681573048,0.0006795808973579992,0.000253289833551662,-0.00031524738375310335,-0.0005030633687397312,0.0006454528686988476
gmat_d04_sso_900km_i97p6_jun_36h_g2020,numerical_gravity_20x20,EarthMJ2000Eq,89580.0,2026-06-18T07:23:00Z,0.00046844706957926974,-0.0002206193130405154,0.00043568070395849645,0.0006767076282159416,0.0002419238143147595,-0.0003099076550938662,-0.00041730796596084474,0.0005733374443316593
gmat_d04_sso_900km_i97p6_jun_36h_g2020,numerical_gravity_20x20,EarthMJ2000Eq,89640.0,2026-06-18T07:24:00Z,0.00048491529014427215,-0.0002414990376564674,0.0004114335752092302,0.0006802515789133846,0.00031302160863333484,-0.00039500980264506325,-0.00041731063049610384,0.0006543419854954656
gmat_d04_sso_900km_i97p6_jun_36h_g2020,numerical_gravity_20x20,EarthMJ2000Eq,89700.0,2026-06-18T07:25:00Z,0.0005051692824054044,-0.00026763473215396516,0.00038223970477702096,0.0006877001858725502,0.0003427205186312676,-0.00046050363522454063,-0.0005768532318484176,0.0008138062441637237
gmat_d04_sso_900km_i97p6_jun_36h_g2020,numerical_gravity_20x20,EarthMJ2000Eq,89760.0,2026-06-18T07:26:00Z,0.0005230267561273649,-0.000293946413876256,0.00034179720387328416,0.0006904975093593174,0.00022869794946700495,-0.0003913847024250572,-0.0007544218583177553,0.0008801346929251106
gmat_d04_sso_900km_i97p6_jun_36h_g2020,numerical_gravity_20x20,EarthMJ2000Eq,89820.0,2026-06-18T07:27:00Z,0.0005283250175125431,-0.000310380073642591,0.0002955921445391141,0.0006803218577682491,5.701572547422984e-05,-0.00023433432971842194,-0.0007318790018473464,0.0007705908410959755
gmat_d04_sso_900km_i97p6_jun_36h_g2020,numerical_gravity_20x20,EarthMJ2000Eq,89880.0,2026-06-18T07:28:00Z,0.0005556566975428723,-0.00033961441658902913,0.00026742964109871536,0.000703996399435072,8.433254095052689e-06,-0.00016930146173876892,-0.0005926774626630049,0.0006164419514197368
gmat_d04_sso_900km_i97p6_jun_36h_g2020,numerical_gravity_20x20,EarthMJ2000Eq,89940.0,2026-06-18T07:29:00Z,0.000428863359047682,-0.00026099951355718076,0.00018979790183948353,0.0005367194521846738,6.022116139092759e-05,-0.00018567414272752103,-0.00035083314031680857,0.0004014789756655079
gmat_d04_sso_900km_i97p6_jun_36h_g2020,numerical_gravity_20x20,EarthMJ2000Eq,90000.0,2026-06-18T07:30:00Z,0.0012610692010639468,-0.0008527038062311476,0.0004583898771670647,0.001589817785320816,0.00023493296197329983,-0.0005243272482857719,-0.0015173959866388032,0.0016225298580254308
gmat_d04_sso_900km_i97p6_jun_36h_g2020,numerical_gravity_20x20,EarthMJ2000Eq,90060.0,2026-06-18T07:31:00Z,0.000652165908832103,-0.00044340890781313647,0.00018184255168307573,0.0008093198043872728,5.1031179282290395e-05,-0.0002716928904078486,-0.0008327434297683567,0.0008774296711301017
gmat_d04_sso_900km_i97p6_jun_36h_g2020,numerical_gravity_20x20,EarthMJ2000Eq,90120.0,2026-06-18T07:32:00Z,0.0006842639663773298,-0.00048002766561694443,0.00014110810298006982,0.0008476763723065085,-2.8623325931675936e-05,-0.00020974599834744367,-0.0008689649000359623,0.0008943783741262233
gmat_d04_sso_900km_i97p6_jun_36h_g2020,numerical_gravity_20x20,EarthMJ2000Eq,90180.0,2026-06-18T07:33:00Z,0.0006760835447039426,-0.00048755123316368554,8.894949132809415e-05,0.0008382763126716662,-7.465050799737583e-05,-0.00015787282592327756,-0.0008008699259320906,0.0008196884565319557
gmat_d04_sso_900km_i97p6_jun_36h_g2020,numerical_gravity_20x20,EarthMJ2000Eq,90240.0,2026-06-18T07:34:00Z,0.0006720435976603767,-0.0004972029046257376,4.243611329002306e-05,0.0008370508641867209,-6.708589239678986e-05,-0.00016296120008973958,-0.0007646706601249775,0.0007847152911402522
gmat_d04_sso_900km_i97p6_jun_36h_g2020,numerical_gravity_20x20,EarthMJ2000Eq,90300.0,2026-06-18T07:35:00Z,0.0006681121931251255,-0.0005075655735709006,-4.323737812228501e-06,0.0008390562607986971,-7.15871806278301e-05,-0.00017886314651605062,-0.0008049168068180457,0.0008276519893711503
gmat_d04_sso_900km_i97p6_jun_36h_g2020,numerical_gravity_20x20,EarthMJ2000Eq,90360.0,2026-06-18T07:36:00Z,0.0006622735782002565,-0.0005177707862458192,-5.4659722081851214e-05,0.0008424254060092503,-0.00013220358141552424,-0.00015212542336939805,-0.0008693726849529071,0.0008924285947439361
gmat_d04_sso_900km_i97p6_jun_36h_g2020,numerical_gravity_20x20,EarthMJ2000Eq,90420.0,2026-06-18T07:37:00Z,0.000651671371088014,-0.0005249289927178324,-0.00010747135092969984,0.0008436682491134444,-0.00022036061864127987,-8.275780061239857e-05,-0.000877831918266736,0.000908843513778927
gmat_d04_sso_900km_i97p6_jun_36h_g2020,numerical_gravity_20x20,EarthMJ2000Eq,90480.0,2026-06-18T07:38:00Z,0.0006365528406604426,-0.0005278194805669045,-0.0001586358848726377,0.000841996595591764,-0.00027424373882922737,-1.8817836178186553e-05,-0.0008210130353347722,0.0008658095306908318
gmat_d04_sso_900km_i97p6_jun_36h_g2020,numerical_gravity_20x20,EarthMJ2000Eq,90540.0,2026-06-18T07:39:00Z,0.0006202487838891102,-0.0005283889663587615,-0.00020623156160581857,0.0008404968237227164,-0.00027825830528627193,4.0172309923036664e-06,-0.0007681111302559884,0.0008169691126528381
gmat_d04_sso_900km_i97p6_jun_36h_g2020,numerical_gravity_20x20,EarthMJ2000Eq,90600.0,2026-06-18T07:40:00Z,0.0006012214726069942,-0.0005260291118247551,-0.0002504257281543687,0.0008371899013560239,-0.00027898128251990784,5.4649618164148706e-06,-0.0007634319842964032,0.0008128276671292945
gmat_d04_sso_900km_i97p6_jun_36h_g2020,numerical_gravity_20x20,EarthMJ2000Eq,90660.0,2026-06-18T07:41:00Z,0.0005938359208812471,-0.0005344620603864314,-0.00030439514375757426,0.0008549545008154425,-0.0003269038373332478,2.7317703654716752e-05,-0.0008025557995949839,0.0008670110652464093
gmat_d04_sso_900km_i97p6_jun_36h_g2020,numerical_gravity_20x20,EarthMJ2000Eq,90720.0,2026-06-18T07:42:00Z,0.0005407046046457253,-0.0005042793418397196,-0.0003315599315101281,0.0008103030990156656,-0.0003717497421007465,6.413181097286724e-05,-0.000756093410103631,0.0008449781090257715
gmat_d04_sso_900km_i97p6_jun_36h_g2020,numerical_gravity_20x20,EarthMJ2000Eq,90780.0,2026-06-18T07:43:00Z,0.00016944795788731426,-0.00019676872398122214,-0.00013891258276998997,0.00029449490118032385,-0.0002799769305283917,3.629274658578652e-05,-0.00031618485607509683,0.00042388336638050526
gmat_d04_sso_900km_i97p6_jun_36h_g2020,numerical_gravity_20x20,EarthMJ2000Eq,90840.0,2026-06-18T07:44:00Z,0.0002132587724190671,-0.00024706787371542305,-0.00019804883777396753,0.0003817658711560883,-0.00033862779247328945,0.00011263079358059258,-0.0002530988751914265,0.0004375083063452539
gmat_d04_sso_900km_i97p6_jun_36h_g2020,numerical_gravity_20x20,EarthMJ2000Eq,90900.0,2026-06-18T07:45:00Z,0.00018208720575785264,-0.0002289291387569392,-0.00020073275663889945,0.0003547646271269842,-0.00021302959396507504,8.716227739569149e-05,-0.00012660983372825285,0.0002626954900686802
gmat_d04_sso_900km_i97p6_jun_36h_g2020,numerical_gravity_20x20,EarthMJ2000Eq,90960.0,2026-06-18T07:46:00Z,0.00017401134755345993,-0.0002266265255457256,-0.00020995867089368403,0.00035457322888472666,-9.437606252049591e-05,2.008082589100013e-05,-0.00018142820579214458,0.00020549032727185476
gmat_d04_sso_900km_i97p6_jun_36h_g2020,numerical_gravity_20x20,EarthMJ2000Eq,91020.0,2026-06-18T07:47:00Z,0.000168435690284241,-0.0002264582690258976,-0.00022549556888407096,0.0003612508559963358,-0.00011946710287702444,-1.9539925233402755e-07,-0.0003374669432787414,0.00035798933595373284
gmat_d04_sso_900km_i97p6_jun_36h_g2020,numerical_gravity_20x20,EarthMJ2000Eq,91080.0,2026-06-18T07:48:00Z,0.0001570260792504996,-0.00022483663997263648,-0.0002487895471858792,0.0003702768464648093,-0.0002725424330662918,6.689715448260358e-05,-0.00041298253705690513,0.0004993087051249171
gmat_d04_sso_900km_i97p6_jun_36h_g2020,numerical_gravity_20x20,EarthMJ2000Eq,91140.0,2026-06-18T07:49:00Z,0.00013602948456536978,-0.00021770438252133317,-0.0002713331923587248,0.0003735249926252484,-0.0004106004425352694,0.00016830004057055703,-0.00030873970047196053,0.000540590260468801
gmat_d04_sso_900km_i97p6_jun_36h_g2020,numerical_gravity_20x20,EarthMJ2000Eq,91200.0,2026-06-18T07:50:00Z,0.0001109901859308593,-0.0002060355654975865,-0.00028356225811876357,0.00036766428960709424,-0.0003918825264292991,0.00020152501889469931,-9.610268136839295e-05,0.0004510210340187186
gmat_d04_sso_900km_i97p6_jun_36h_g2020,numerical_gravity_20x20,EarthMJ2000Eq,91260.0,2026-06-18T07:51:00Z,9.226005204254761e-05,-0.00019603930923040025,-0.00028492377168731764,0.00035794536404171065,-0.0002173137225724986,0.00011405854039026053,1.5289991495137656e-05,0.00024590320960531396
gmat_d04_sso_900km_i97p6_jun_36h_g2020,numerical_gravity_20x20,EarthMJ2000Eq,91320.0,2026-06-18T07:52:00Z,8.421466191066429e-05,-0.00019328172129462473,-0.0002887541086238343,0.00035753163260680246,-8.232570181121446e-05,-1.2256862191861728e-07,-0.0001268984917146554,0.0001512638866393117
gmat_d04_sso_900km_i97p6_jun_36h_g2020,numerical_gravity_20x20,EarthMJ2000Eq,91380.0,2026-06-18T07:53:00Z,7.461221684934571e-05,-0.00018932041712105274,-0.0002931660674221348,0.0003568690885042061,-0.00016388534973543756,1.5705214906347464e-05,-0.0003665254766360704,0.00040180341792530813
gmat_d04_sso_900km_i97p6_jun_36h_g2020,numerical_gravity_20x20,EarthMJ2000Eq,91440.0,2026-06-18T07:54:00Z,6.592927093151957e-05,-0.00019976778276031837,-0.00037790550777572207,0.0004325117438888357,-0.000452416770713171,0.00022303847657667575,-0.00042162096036690855,0.0006574126030712314
gmat_d04_sso_900km_i97p6_jun_36h_g2020,numerical_gravity_20x20,EarthMJ2000Eq,91500.0,2026-06-18T07:55:00Z,-2.0982042769901454e-06,-0.00011636575436568819,-0.0001738203536660876,0.00020918629639363914,-0.0003480886689999352,0.00021223955926075178,-0.00010319922694179695,0.00042054896557087036
gmat_d04_sso_900km_i97p6_jun_36h_g2020,numerical_gravity_20x20,EarthMJ2000Eq,91560.0,2026-06-18T07:56:00Z,-2.6786437956616282e-05,-0.00010639541869750246,-0.00021680853024008684,0.00024298855356392232,-0.00031100699793285,0.0002506408414149064,0.0001681561556665656,0.0004333851368435866
gmat_d04_sso_900km_i97p6_jun_36h_g2020,numerical_gravity_20x20,EarthMJ2000Eq,91620.0,2026-06-18T07:57:00Z,1.5261321095749736e-06,-0.00017884576664073393,-0.0005209976734477095,0.000550841822179883,-0.000262930566208297,0.0002555669009751682,0.00028206770252836577,0.0004626111891538052
gmat_d04_sso_900km_i97p6_jun_36h_g2020,numerical_gravity_20x20,EarthMJ2000Eq,91680.0,2026-06-18T07:58:00Z,-2.0357219909783453e-05,-0.0001525277184555307,-0.00046596005631727166,0.0004907116214059944,4.5589143571334034e-05,-3.7031044897162246e-05,-1.6330048424606503e-05,6.0961781300199445e-05
gmat_d04_sso_900km_i97p6_jun_36h_g2020,numerical_gravity_20x20,EarthMJ2000Eq,91740.0,2026-06-18T07:59:00Z,-2.7657733880914748e-06,-0.0001353200786979869,-0.0002779659098450793,0.00030916697792174764,-2.4394766588720085e-05,-0.00010090950297581003,-0.0005352003284997409,0.0005451763238200772
gmat_d04_sso_900km_i97p6_jun_36h_g2020,numerical_gravity_20x20,EarthMJ2000Eq,91800.0,2026-06-18T08:00:00Z,-0.00013601311366073787,-0.00030301453080028296,-0.0018712695464273565,0.0019005175843307132,-0.001829072893144712,0.0012449531405778202,-0.0005900124833146947,0.002289875695564831
gmat_d04_sso_900km_i97p6_jun_36h_g2020,numerical_gravity_20x20,EarthMJ2000Eq,91860.0,2026-06-18T08:01:00Z,-0.00012378950486890972,-0.000183459633262828,-0.0010901343046043621,0.0011123731750756387,-0.0013809913212980973,0.001027097740191607,-2.5766944133920333e-05,0.0017212584735644357
gmat_d04_sso_900km_i97p6_jun_36h_g2020,numerical_gravity_20x20,EarthMJ2000Eq,91920.0,2026-06-18T08:02:00Z,-0.00019737308321055025,-6.134268915047869e-05,-0.0006966530463614617,0.0007266667231220624,-0.0007238414312382702,0.0006666648899589234,0.0005496243460356709,0.0011271536784467988
gmat_d04_sso_900km_i97p6_jun_36h_g2020,numerical_gravity_20x20,EarthMJ2000Eq,91980.0,2026-06-18T08:03:00Z,0.00018747141439234838,-4.4665284804068506e-05,0.0011327599622745765,0.0011490368362298907,0.0011513747733005175,-0.0007987757677518914,0.00017062351531649256,0.0014116724052411732
gmat_d04_sso_900km_i97p6_jun_36h_g2020,numerical_gravity_20x20,EarthMJ2000Eq,92040.0,2026-06-18T08:04:00Z,-3.294371708761901e-05,-5.251240509096533e-05,7.847506822145078e-05,0.00010000588740843249,0.0002137487964404272,-0.00013925874342568534,-2.516742370062275e-05,0.0002563492633419466
gmat_d04_sso_900km_i97p6_jun_36h_g2020,numerical_gravity_20x20,EarthMJ2000Eq,92100.0,2026-06-18T08:05:00Z,-0.0007071839718264528,7.770813681418076e-05,-0.0022010256088833557,0.002313149682898994,-0.0017810664054707104,0.0014656194036177794,0.0005718989726233303,0.0023764061546471624
gmat_d04_sso_900km_i97p6_jun_36h_g2020,numerical_gravity_20x20,EarthMJ2000Eq,92160.0,2026-06-18T08:06:00Z,-0.0006133777787908912,0.00010752228263299912,-0.0016043427422118839,0.0017209616425896905,-0.0013961884981483763,0.0011725139748008928,0.0005673355119029111,0.0019094504252615057
gmat_d04_sso_900km_i97p6_jun_36h_g2020,numerical_gravity_20x20,EarthMJ2000Eq,92220.0,2026-06-18T08:07:00Z,-0.0003125778675894253,4.446792445378378e-05,-0.0006251975719351321,0.0007003958334867252,-0.000552334178394176,0.000541553024646646,0.0005111671086410752,0.0009271701764416158
gmat_d04_sso_900km_i97p6_jun_36h_g2020,numerical_gravity_20x20,EarthMJ2000Eq,92280.0,2026-06-18T08:08:00Z,-0.0003697114152600989,8.353072189493105e-05,-0.0006675572876702063,0.0007676565927519388,-0.0003455769004290232,0.0004141462728313172,0.0005318518958574714,0.0007575004742819567
gmat_d04_sso_900km_i97p6_jun_36h_g2020,numerical_gravity_20x20,EarthMJ2000Eq,92340.0,2026-06-18T08:09:00Z,-0.00038188682083273306,0.00010336680134059861,-0.0006281825335463509,0.0007423850315017342,-0.00028952529262937787,0.0003328615161279913,0.00027329960516908613,0.0005189550637355129
gmat_d04_sso_900km_i97p6_jun_36h_g2020,numerical_gravity_20x20,EarthMJ2000Eq,92400.0,2026-06-18T08:10:00Z,-0.0004049734343425371,0.000126339728012681,-0.000617323621554533,0.0007490351548003016,-0.0004791025354222711,0.0004470988024252165,0.00018807622126360002,0.0006817692011105415
gmat_d04_sso_900km_i97p6_jun_36h_g2020,numerical_gravity_20x20,EarthMJ2000Eq,92460.0,2026-06-18T08:11:00Z,-0.00043813724914798513,0.00015702880773460492,-0.0006005157047184184,0.0007597640470323493,-0.0005880984588202409,0.0005554361415249787,0.0004065370262651413,0.000905340520634862
gmat_d04_sso_900km_i97p6_jun_36h_g2020,numerical_gravity_20x20,EarthMJ2000Eq,92520.0,2026-06-18T08:12:00Z,-0.0004704097591456957,0.0001895773493743036,-0.0005683286872226745,0.0007617233156570349,-0.00045410608606744063,0.0005027911420540931,0.0006368336968876065,0.0009298217180852923
gmat_d04_sso_900km_i97p6_jun_36h_g2020,numerical_gravity_20x20,EarthMJ2000Eq,92580.0,2026-06-18T08:13:00Z,-0.0004926118890580256,0.00021651840143022127,-0.0005307110768626444,0.0007557783659935779,-0.00026928770324730067,0.00038148284531303034,0.0006139027064477887,0.000771311585140695
gmat_d04_sso_900km_i97p6_jun_36h_g2020,numerical_gravity_20x20,EarthMJ2000Eq,92640.0,2026-06-18T08:14:00Z,-0.0004968524081050418,0.00023143138605519198,-0.0004903040462522767,0.0007354052349980662,-0.0002461284509536199,0.0003510240986770441,0.0004604601144819753,0.0006291427892375573
gmat_d04_sso_900km_i97p6_jun_36h_g2020,numerical_gravity_20x20,EarthMJ2000Eq,92700.0,2026-06-18T08:15:00Z,-0.0005603997124126181,0.00028318027034401894,-0.0004985431587556377,0.0008017382268086671,-0.0003622329103336597,0.0004427529454176238,0.0005174394246409975,0.0007713536220032814
gmat_d04_sso_900km_i97p6_jun_36h_g2020,numerical_gravity_20x20,EarthMJ2000Eq,92760.0,2026-06-18T08:16:00Z,-0.0004371263457869645,0.00021895402824156918,-0.0003498998921713792,0.0006012073213175447,-0.00027916069456068726,0.00036382585832939185,0.00048541970443238824,0.0006677815795811915
gmat_d04_sso_900km_i97p6_jun_36h_g2020,numerical_gravity_20x20,EarthMJ2000Eq,92820.0,2026-06-18T08:17:00Z,1.8569153326097876e-05,-5.260881152935326e-05,6.393747753463686e-05,8.48557690394197e-05,3.494093903100293e-05,3.8556713377602136e-05,0.00014575896045698755,0.00015476809723050965
gmat_d04_sso_900km_i97p6_jun_36h_g2020,numerical_gravity_20x20,EarthMJ2000Eq,92880.0,2026-06-18T08:18:00Z,0.0004225539669278078,-0.0003232871677028015,0.000260730303125456,0.0005924919735621895,0.0003530518100092195,-0.0002926907605171891,-0.00041361714053778087,0.0006175699157096036
gmat_d04_sso_900km_i97p6_jun_36h_g2020,numerical_gravity_20x20,EarthMJ2000Eq,92940.0,2026-06-18T08:19:00Z,-0.0007743713013041997,0.00048455558498972096,-0.0003458617356955074,0.0009767626976121678,-1.7901236049056024e-05,0.0002247455554993394,0.0007467084728318696,0.0007800029245891926
gmat_d04_sso_900km_i97p6_jun_36h_g2020,numerical_gravity_20x20,EarthMJ2000Eq,93000.0,2026-06-18T08:20:00Z,-0.001448904185963329,0.0009321724974142853,-0.0007612297849846072,0.0018835444487947063,-0.0005022187110625964,0.0007656812961442938,0.0014677912218985512,0.0017300007375978263
gmat_d04_sso_900km_i97p6_jun_36h_g2020,numerical_gravity_20x20,EarthMJ2000Eq,93060.0,2026-06-18T08:21:00Z,0.0008154552233463619,-0.0005849701665283646,0.0003592122084228322,0.0010659224773364598,7.972733584438174e-05,-7.010658720218998e-05,-0.0010203691225285638,0.0010258774429042158
gmat_d04_sso_900km_i97p6_jun_36h_g2020,numerical_gravity_20x20,EarthMJ2000Eq,93120.0,2026-06-18T08:22:00Z,0.000351818130184256,-0.000265438529822859,0.0001178368620458059,0.00045620076271052985,8.753353597512614e-05,2.9123370381967106e-05,-0.0002195750248290551,0.0002381669207748929
gmat_d04_sso_900km_i97p6_jun_36h_g2020,numerical_gravity_20x20,EarthMJ2000Eq,93180.0,2026-06-18T08:23:00Z,0.0008018421340239001,-0.0005898295967199374,0.00017656111594988033,0.0010109518231489934,0.00025926105706730596,-0.00026645619044529667,-0.0008913401128296528,0.0009657651856830703
gmat_d04_sso_900km_i97p6_jun_36h_g2020,numerical_gravity_20x20,EarthMJ2000Eq,93240.0,2026-06-18T08:24:00Z,-0.000880096052924273,0.0006432760528696235,-8.064398571150377e-05,0.0010931041098632118,0.00015762324778734182,8.565503861746038e-05,0.0009595062522294029,0.0009761322256492217
gmat_d04_sso_900km_i97p6_jun_36h_g2020,numerical_gravity_20x20,EarthMJ2000Eq,93300.0,2026-06-18T08:25:00Z,-0.0014373723900007462,0.0010469216249475721,-0.00020505922293523327,0.0017900093746207376,-6.212985681486316e-05,0.00036993963448139766,0.0016254391166370397,0.0016681629938833512
gmat_d04_sso_900km_i97p6_jun_36h_g2020,numerical_gravity_20x20,EarthMJ2000Eq,93360.0,2026-06-18T08:26:00Z,0.0006921496265022142,-0.0005165171614862629,5.5862074077595025e-05,0.0008654372622537301,-0.0001007398608976473,1.6768808563938364e-05,-0.0008620567593098372,0.0008680850008991688
gmat_d04_sso_900km_i97p6_jun_36h_g2020,numerical_gravity_20x20,EarthMJ2000Eq,93420.0,2026-06-18T08:27:00Z,0.0007825946113371174,-0.000599344616603048,-7.151083991630003e-05,0.0009883228700027552,-9.965717140403285e-05,2.646416419338493e-05,-0.0009243303900063893,0.0009300637471098801
gmat_d04_sso_900km_i97p6_jun_36h_g2020,numerical_gravity_20x20,EarthMJ2000Eq,93480.0,2026-06-18T08:28:00Z,-0.0013157596185919829,0.0010459327768330695,0.00023525171854998916,0.0016972159905715534,0.0004867066749625337,4.475619874710901e-05,0.0017522321371643557,0.001819121757137477
gmat_d04_sso_900km_i97p6_jun_36h_g2020,numerical_gravity_20x20,EarthMJ2000Eq,93540.0,2026-06-18T08:29:00Z,-0.0004615997113432968,0.0003765636744645917,5.4918018577154726e-05,0.0005982394864959439,0.00024299495748891786,1.2651213410208584e-05,0.000503143970931319,0.0005588921703247664
gmat_d04_sso_900km_i97p6_jun_36h_g2020,numerical_gravity_20x20,EarthMJ2000Eq,93600.0,2026-06-18T08:30:00Z,0.0012787411378667457,-0.0010048793228634167,-0.00036878554965369403,0.0016676222992106323,-0.00043156145324019235,0.00011548628719992848,-0.0018022143777329802,0.0018567603598099256
gmat_d04_sso_900km_i97p6_jun_36h_g2020,numerical_gravity_20x20,EarthMJ2000Eq,93660.0,2026-06-18T08:31:00Z,-0.0014070533325138967,0.001189505155707593,0.00057284069043817,0.001929473516950955,0.000537788480414747,-3.292299766144424e-05,0.0017973253996217409,0.0018763472401363422
gmat_d04_sso_900km_i97p6_jun_36h_g2020,numerical_gravity_20x20,EarthMJ2000Eq,93720.0,2026-06-18T08:32:00Z,-0.00037263134800014086,0.00033638002605584916,0.00012426608009263873,0.0005171534608830593,0.0001276019290230579,8.306422216719511e-05,0.0006061258162048944,0.0006249563363665466
gmat_d04_sso_900km_i97p6_jun_36h_g2020,numerical_gravity_20x20,EarthMJ2000Eq,93780.0,2026-06-18T08:33:00Z,0.001167690697911894,-0.0009536638572171796,-0.000652474227536004,0.0016427717236886627,-0.0005502824862446687,0.00027472690788954424,-0.0014080616672629276,0.0015365296441661707
gmat_d04_sso_900km_i97p6_jun_36h_g2020,numerical_gravity_20x20,EarthMJ2000Eq,93840.0,2026-06-18T08:34:00Z,-0.0013152257452020422,0.0011994789019809105,0.0009556151780998334,0.002020338774996504,0.0010770895286782434,-0.00041866066169404803,0.001758939660589931,0.0021045824602601436
gmat_d04_sso_900km_i97p6_jun_36h_g2020,numerical_gravity_20x20,EarthMJ2000Eq,93900.0,2026-06-18T08:35:00Z,-2.6860561774810776e-05,6.039931577106472e-05,-6.473146640928462e-05,9.251880818497154e-05,3.608668919241609e-05,6.368505722775808e-05,-5.0178527999378275e-05,8.87463820285495e-05
gmat_d04_sso_900km_i97p6_jun_36h_g2020,numerical_gravity_20x20,EarthMJ2000Eq,93960.0,2026-06-18T08:36:00Z,-0.0008751130735618062,0.000870950543685467,0.0009122386472881772,0.0015351081690457402,0.0008469234202834741,-0.00036847236373205305,0.0011137792910176358,0.0014469123925651794
gmat_d04_sso_900km_i97p6_jun_36h_g2020,numerical_gravity_20x20,EarthMJ2000Eq,94020.0,2026-06-18T08:37:00Z,-0.0003427358024055138,0.00036933624869561754,0.0002925553417298943,0.0005826368704654707,0.000228336460850187,-2.8830271503466065e-05,0.0004496678585041991,0.0005051434517840502
gmat_d04_sso_900km_i97p6_jun_36h_g2020,numerical_gravity_20x20,EarthMJ2000Eq,94080.0,2026-06-18T08:38:00Z,0.0009419536581845023,-0.0008310112207254861,-0.0010961603038595058,0.0016671603866743575,-0.0010521929993956292,0.000647094822170402,-0.0012062812970725645,0.0017265446372810589
gmat_d04_sso_900km_i97p6_jun_36h_g2020,numerical_gravity_20x20,EarthMJ2000Eq,94140.0,2026-06-18T08:39:00Z,-0.0010059429769171402,0.0010726607797550969,0.0014608294804929756,0.0020728109398377623,0.0013197904991102405,-0.0006922968864842005,0.0015730856617324207,0.002166961107109563
gmat_d04_sso_900km_i97p6_jun_36h_g2020,numerical_gravity_20x20,EarthMJ2000Eq,94200.0,2026-06-18T08:40:00Z,-2.4270775611512363e-05,8.426104614045471e-05,-2.8346221370156854e-05,9.215477584712664e-05,8.966782871766554e-05,1.2559286943769621e-05,0.00018178081262476553,0.00020308205000441735
gmat_d04_sso_900km_i97p6_jun_36h_g2020,numerical_gravity_20x20,EarthMJ2000Eq,94260.0,2026-06-18T08:41:00Z,-0.0002568431227700785,0.0003614354682213161,0.0005484143912326545,0.0007052392019121815,0.0005641522804467058,-0.00029495916820110324,0.00041448533494303774,0.0007596491290865458
gmat_d04_sso_900km_i97p6_jun_36h_g2020,numerical_gravity_20x20,EarthMJ2000Eq,94320.0,2026-06-18T08:42:00Z,-0.00042367355490569025,0.0005540532583836466,0.0009234345270670019,0.0011572405195254003,0.0008786367189372868,-0.0004972005029912907,0.0005847198281117016,0.001166665376801185
gmat_d04_sso_900km_i97p6_jun_36h_g2020,numerical_gravity_20x20,EarthMJ2000Eq,94380.0,2026-06-18T08:43:00Z,-0.00031237050279742107,0.00046174136514309794,0.0008494325811625458,0.001016029590731781,0.0007213878383538486,-0.0004064926173441563,0.0004106510687051923,0.0009242677975072255
gmat_d04_sso_900km_i97p6_jun_36h_g2020,numerical_gravity_20x20,EarthMJ2000Eq,94440.0,2026-06-18T08:44:00Z,-0.00028288104658713564,0.0004511962288233917,0.000896458459465066,0.0010427068106467717,0.0006855804812744282,-0.0003838067641481757,0.0004803055730917549,0.0009208809217555596
gmat_d04_sso_900km_i97p6_jun_36h_g2020,numerical_gravity_20x20,EarthMJ2000Eq,94500.0,2026-06-18T08:45:00Z,-0.00023937082005431876,0.0004257490218151361,0.0009260102160624228,0.0010469267115333324,0.0007500151610884132,-0.0004437423761771697,0.0005847420325721941,0.0010494538021916448
gmat_d04_sso_900km_i97p6_jun_36h_g2020,numerical_gravity_20x20,EarthMJ2000Eq,94560.0,2026-06-18T08:46:00Z,-0.00018953960534418002,0.0003947352524846792,0.0009610917004465591,0.001056143190204543,0.0009140819212660745,-0.0005953415538328954,0.0005480016440628788,0.001220771529157386
gmat_d04_sso_900km_i97p6_jun_36h_g2020,numerical_gravity_20x20,EarthMJ2000Eq,94620.0,2026-06-18T08:47:00Z,-0.00013123099051881582,0.0003552709131326992,0.000987555267784046,0.0010576882345562468,0.0010030614117084724,-0.0006996474510856387,0.0003097726519740718,0.0012615854498924258
gmat_d04_sso_900km_i97p6_jun_36h_g2020,numerical_gravity_20x20,EarthMJ2000Eq,94680.0,2026-06-18T08:48:00Z,-7.298058335436508e-05,0.00031410490919370204,0.0009984230473492062,0.001049207625307976,0.0009120635358073059,-0.0006510758598921029,5.4000359739347914e-05,0.001121907174206291
gmat_d04_sso_900km_i97p6_jun_36h_g2020,numerical_gravity_20x20,EarthMJ2000Eq,94740.0,2026-06-18T08:49:00Z,-2.390061126789078e-05,0.00027824171411339194,0.0009913217127177631,0.0010299070000720533,0.0007346668828844827,-0.0005064046959546431,4.796163466380676e-06,0.0008923027222171369
gmat_d04_sso_900km_i97p6_jun_36h_g2020,numerical_gravity_20x20,EarthMJ2000Eq,94800.0,2026-06-18T08:50:00Z,1.9954313756898046e-05,0.0002571578079368919,0.0010465802233738941,0.0010778953923167899,0.0007232981991123211,-0.0004788744956130131,0.00015632295458090084,0.0008814294830085087
gmat_d04_sso_900km_i97p6_jun_36h_g2020,numerical_gravity_20x20,EarthMJ2000Eq,94860.0,2026-06-18T08:51:00Z,4.512367013376206e-05,0.00013490171113517135,0.00042133336819460965,0.0004446981273040761,0.0003253474156750258,-0.00020390000798897745,0.00018605472718036253,0.00042666440635525505
gmat_d04_sso_900km_i97p6_jun_36h_g2020,numerical_gravity_20x20,EarthMJ2000Eq,94920.0,2026-06-18T08:52:00Z,0.0001967700882232748,0.0002891811163863167,0.0020333805110794856,0.0020632451353466705,0.0017318585454617619,-0.0013061610681930347,0.00011033751690092686,0.002171995654965258
gmat_d04_sso_900km_i97p6_jun_36h_g2020,numerical_gravity_20x20,EarthMJ2000Eq,94980.0,2026-06-18T08:53:00Z,0.00030386854632524773,0.00022592303139390424,0.002147510713257361,0.002180637423579438,0.0018080587027569095,-0.0014144361237811154,-0.00013487078120988372,0.00229954255200814
gmat_d04_sso_900km_i97p6_jun_36h_g2020,numerical_gravity_20x20,EarthMJ2000Eq,95040.0,2026-06-18T08:54:00Z,0.00043103773350594565,0.00014718534657731652,0.0022604525611313875,0.002305884393259661,0.0017727175283255292,-0.0013975393065024377,-0.00029108182530990234,0.0022760430965773986
gmat_d04_sso_900km_i97p6_jun_36h_g2020,numerical_gravity_20x20,EarthMJ2000Eq,95100.0,2026-06-18T08:55:00Z,-0.0002268143362016417,6.210302672116086e-05,-0.0012247421636857325,0.001247114628470106,-0.001001783322962524,0.0008004416691097249,0.00027190427687173724,0.0013108045726171929
gmat_d04_sso_900km_i97p6_jun_36h_g2020,numerical_gravity_20x20,EarthMJ2000Eq,95160.0,2026-06-18T08:56:00Z,-0.00014110810298006982,7.975449989316985e-05,-0.000729434532331652,0.0007472262133636236,-0.000527753840628975,0.0004287763477606177,0.0002219842087924917,0.0007152973239505347
gmat_d04_sso_900km_i97p6_jun_36h_g2020,numerical_gravity_20x20,EarthMJ2000Eq,95220.0,2026-06-18T08:57:00Z,0.0007365033525275066,-9.902760211843997e-05,0.0021786636352771893,0.0023019163516393906,0.0017841514932115388,-0.0014872940656829314,-0.0006915348294000978,0.0024235223557495917
gmat_d04_sso_900km_i97p6_jun_36h_g2020,numerical_gravity_20x20,EarthMJ2000Eq,95280.0,2026-06-18T08:58:00Z,-0.00025563440431142226,0.00014031047612661496,-0.0008688853085914161,0.0009165138612506269,-0.0007110547706190573,0.0005265162750234254,0.00017546586406069764,0.0009020014102734156
gmat_d04_sso_900km_i97p6_jun_36h_g2020,numerical_gravity_20x20,EarthMJ2000Eq,95340.0,2026-06-18T08:59:00Z,0.0009676350600784644,-0.00028379872674122453,0.002147302438970655,0.002372291527448159,0.0015393855079537389,-0.001380897396430214,-0.0009825349422953877,0.002289532763337781
gmat_d04_sso_900km_i97p6_jun_36h_g2020,numerical_gravity_20x20,EarthMJ2000Eq,95400.0,2026-06-18T09:00:00Z,-0.0004451931090443395,0.0002546112227719277,-0.001005663762043696,0.0011288859027332482,-0.0008749831970078503,0.0007076541574946305,0.0006217968362420834,0.0012856909843450635
gmat_d04_sso_900km_i97p6_jun_36h_g2020,numerical_gravity_20x20,EarthMJ2000Eq,95460.0,2026-06-18T09:01:00Z,-9.528685041004792e-05,0.00011763131624320522,-0.00022150743461679667,0.0002682950875671977,-0.00014443202189795556,0.00010162226615761938,0.000292904367427127,0.00034202435934656316
gmat_d04_sso_900km_i97p6_jun_36h_g2020,numerical_gravity_20x20,EarthMJ2000Eq,95520.0,2026-06-18T09:02:00Z,-0.00040163104131352156,0.0002654392119438853,-0.0007023932084848639,0.0008515407728991232,-0.0003951647897793009,0.00033410274546952223,0.0005262590363486197,0.0007380571989691377
gmat_d04_sso_900km_i97p6_jun_36h_g2020,numerical_gravity_20x20,EarthMJ2000Eq,95580.0,2026-06-18T09:03:00Z,4.020330379717052e-05,4.533194442046806e-05,-1.6525518731214106e-06,6.061370924833216e-05,8.949196939056492e-05,-0.00013983214586232862,-0.00015683809806432691,0.0002283857057836606
gmat_d04_sso_900km_i97p6_jun_36h_g2020,numerical_gravity_20x20,EarthMJ2000Eq,95640.0,2026-06-18T09:04:00Z,0.00016848980521899648,-2.8495378501247615e-05,0.0001538073775009252,0.00022990761281953422,4.333156056191001e-05,-0.0001339479638318153,-0.0003119096092518703,0.00034220941760722213
gmat_d04_sso_900km_i97p6_jun_36h_g2020,numerical_gravity_20x20,EarthMJ2000Eq,95700.0,2026-06-18T09:05:00Z,0.0008870051715348382,-0.00044519902075990103,0.0009226423571817577,0.0013550827508610065,0.00032160585305973655,-0.0004621134586102471,-0.0010520171400685285,0.0011931970651778236
gmat_d04_sso_900km_i97p6_jun_36h_g2020,numerical_gravity_20x20,EarthMJ2000Eq,95760.0,2026-06-18T09:06:00Z,0.001545267878100276,-0.0008374954632017761,0.0015703026292612776,0.002356926348751053,0.0008604361667607918,-0.0009522489463620332,-0.0013262955178561242,0.001845586154478531
gmat_d04_sso_900km_i97p6_jun_36h_g2020,numerical_gravity_20x20,EarthMJ2000Eq,95820.0,2026-06-18T09:07:00Z,0.001960547251655953,-0.0011267957233940251,0.0017541260604048148,0.0028618826607717677,0.0013741114912591001,-0.0014571996942436272,-0.0017717569633646235,0.0026740860263920196
gmat_d04_sso_900km_i97p6_jun_36h_g2020,numerical_gravity_20x20,EarthMJ2000Eq,95880.0,2026-06-18T09:08:00Z,0.0016219100871239789,-0.0009464242793910671,0.0013478183973347768,0.002311476947652626,0.0013006511423441225,-0.0014275269855090755,-0.0018272698909527207,0.0026586541600629567
gmat_d04_sso_900km_i97p6_jun_36h_g2020,numerical_gravity_20x20,EarthMJ2000Eq,95940.0,2026-06-18T09:09:00Z,0.0002529391167627182,-0.00011958309187320992,0.00014805118553340435,0.0003165398334941545,0.00019899015768487516,-0.0003830020744999274,-0.000751096518314398,0.0008662757365589264
gmat_d04_sso_900km_i97p6_jun_36h_g2020,numerical_gravity_20x20,EarthMJ2000Eq,96000.0,2026-06-18T09:10:00Z,8.236929716076702e-05,-1.783428160706535e-05,1.3629687600769103e-05,8.537289440620723e-05,-0.00029889690722484374,9.686873525538431e-05,-0.00042759884522070024,0.0005306257489536585
gmat_d04_sso_900km_i97p6_jun_36h_g2020,numerical_gravity_20x20,EarthMJ2000Eq,96060.0,2026-06-18T09:11:00Z,0.0001481114395573968,-6.530399332405068e-05,4.3447471398394555e-05,0.00016759860632698109,-0.000287966983592014,0.00017233370286362515,-3.2382985182266566e-06,0.00033561045180247983
gmat_d04_sso_900km_i97p6_jun_36h_g2020,numerical_gravity_20x20,EarthMJ2000Eq,96120.0,2026-06-18T09:12:00Z,-0.00013349153960007243,0.00012936243365402333,-4.410503606777638e-05,0.00019104942970924867,-2.6485480475457734e-05,3.282307758922798e-05,0.0005169238370683615,0.0005186415799257926
gmat_d04_sso_900km_i97p6_jun_36h_g2020,numerical_gravity_20x20,EarthMJ2000Eq,96180.0,2026-06-18T09:13:00Z,0.0008920967502490385,-0.00059142121244804,0.00031914078135741875,0.0011169003987213134,0.00023855051267673844,-0.00044732573201144987,-0.0010112857218302906,0.0011312406767773717
gmat_d04_sso_900km_i97p6_jun_36h_g2020,numerical_gravity_20x20,EarthMJ2000Eq,96240.0,2026-06-18T09:14:00Z,-0.0007827778745195246,0.0005806211902381619,-0.0002079777914332226,0.00099655252200791,-6.226930082675608e-05,8.217071467697679e-05,0.0008512779370306589,0.000857498465451194
gmat_d04_sso_900km_i97p6_jun_36h_g2020,numerical_gravity_20x20,EarthMJ2000Eq,96300.0,2026-06-18T09:15:00Z,0.00063007371409185,-0.0004409830580698326,0.00010756230039987713,0.0007765491556633315,-9.468070771845305e-05,-0.00018211121499689398,-0.0009192879790731467,0.0009419232025542754
gmat_d04_sso_900km_i97p6_jun_36h_g2020,numerical_gravity_20x20,EarthMJ2000Eq,96360.0,2026-06-18T09:16:00Z,0.001162174072533162,-0.0008362417247553822,0.0001837852323660627,0.0014435116240356428,-0.00016557955007101555,-0.00020022472568825833,-0.0014084579058604163,0.0014322221199099558
gmat_d04_sso_900km_i97p6_jun_36h_g2020,numerical_gravity_20x20,EarthMJ2000Eq,96420.0,2026-06-18T09:17:00Z,0.0010064299260648113,-0.0007424591785820667,7.256949174916372e-05,0.0012527622117035262,-0.00012071410537828342,-0.0001722710862850363,-0.0010304200825927978,0.0010516723677161314
gmat_d04_sso_900km_i97p6_jun_36h_g2020,numerical_gravity_20x20,EarthMJ2000Eq,96480.0,2026-06-18T09:18:00Z,0.0010542171366978437,-0.0007942629736135132,1.3809767551720142e-05,0.001320006875830809,7.624123554705875e-06,-0.00030612667956120276,-0.0011701701829736066,0.001209574275652235
gmat_d04_sso_900km_i97p6_jun_36h_g2020,numerical_gravity_20x20,EarthMJ2000Eq,96540.0,2026-06-18T09:19:00Z,0.0007439303999490221,-0.0005752773404310574,-4.008779797004536e-05,0.0009412669599682281,-2.205524651799351e-05,-0.0002681721511521573,-0.0010424061613889535,0.001076574819440896
gmat_d04_sso_900km_i97p6_jun_36h_g2020,numerical_gravity_20x20,EarthMJ2000Eq,96600.0,2026-06-18T09:20:00Z,0.0006817840585426893,-0.0005451085485219664,-0.00010276562534272671,0.0008789389090868306,-0.0002509326080257779,-8.762057746025675e-05,-0.001075659783467131,0.0011080110600231582
gmat_d04_sso_900km_i97p6_jun_36h_g2020,numerical_gravity_20x20,EarthMJ2000Eq,96660.0,2026-06-18T09:21:00Z,0.0006782790933357319,-0.0005579592965432312,-0.00016391459212172776,0.0008934478712078239,-0.00040029579650990854,7.128519996513205e-05,-0.000902369290400884,0.0009897417040299788
gmat_d04_sso_900km_i97p6_jun_36h_g2020,numerical_gravity_20x20,EarthMJ2000Eq,96720.0,2026-06-18T09:22:00Z,0.0006308664524112828,-0.0005328588486008812,-0.000199108399101533,0.000849455818688076,-0.0003249018831752437,5.3433701907579234e-05,-0.000660470567126481,0.000737995775211988
gmat_d04_sso_900km_i97p6_jun_36h_g2020,numerical_gravity_20x20,EarthMJ2000Eq,96780.0,2026-06-18T09:23:00Z,0.000731611635274021,-0.0006308266620180802,-0.0002957394826808013,0.0010102770431903857,-0.00028553071018677656,-2.290967415774503e-05,-0.0008410596663566139,0.000888500985931742
gmat_d04_sso_900km_i97p6_jun_36h_g2020,numerical_gravity_20x20,EarthMJ2000Eq,96840.0,2026-06-18T09:24:00Z,-0.00015045725376694463,8.869983503245749e-05,6.365826266119257e-05,0.00018589626233713613,3.928235514649714e-05,-0.00012457679332555927,7.671507873396877e-05,0.00015148493049242117
gmat_d04_sso_900km_i97p6_jun_36h_g2020,numerical_gravity_20x20,EarthMJ2000Eq,96900.0,2026-06-18T09:25:00Z,0.0008338706720678601,-0.0007537294095527614,-0.00048578476707916707,0.0012245142549132777,-0.0006373124250558249,0.00017742873836823492,-0.0012723617714982538,0.0014340685345894926
gmat_d04_sso_900km_i97p6_jun_36h_g2020,numerical_gravity_20x20,EarthMJ2000Eq,96960.0,2026-06-18T09:26:00Z,0.0006643108463322278,-0.0006303082500380697,-0.0004848097887588665,0.001036165007080007,-0.000674948097412198,0.0003071756182748686,-0.0008758473946102185,0.00114761511549317
gmat_d04_sso_900km_i97p6_jun_36h_g2020,numerical_gravity_20x20,EarthMJ2000Eq,97020.0,2026-06-18T09:27:00Z,0.0006463033059844747,-0.0006294185368460603,-0.0005429710654425435,0.001052945029790116,-0.0005792895052536551,0.00027822988357684153,-0.0006770375371445425,0.0009334709560103919
gmat_d04_sso_900km_i97p6_jun_36h_g2020,numerical_gravity_20x20,EarthMJ2000Eq,97080.0,2026-06-18T09:28:00Z,0.0006140157893241849,-0.0006151899469841737,-0.0005823840183438733,0.0010462529355906962,-0.0004532285657887769,0.0001454232290143409,-0.000711271930242674,0.0008558456678251333
gmat_d04_sso_900km_i97p6_jun_36h_g2020,numerical_gravity_20x20,EarthMJ2000Eq,97140.0,2026-06-18T09:29:00Z,0.0005860179044248071,-0.0006078580554458313,-0.0006303353075054474,0.0010536749972191693,-0.0005133644620514133,0.000128374644248197,-0.0008845830734571791,0.0010307814191331435
gmat_d04_sso_900km_i97p6_jun_36h_g2020,numerical_gravity_20x20,EarthMJ2000Eq,97200.0,2026-06-18T09:30:00Z,0.0005501278792507946,-0.0005967172000964638,-0.0006856134859845042,0.0010624396230298286,-0.0006835794152948438,0.0002576432400758222,-0.0009212373086597836,0.0011757291503736434
gmat_d04_sso_900km_i97p6_jun_36h_g2020,numerical_gravity_20x20,EarthMJ2000Eq,97260.0,2026-06-18T09:31:00Z,0.0005059173417976126,-0.0005770129973825533,-0.0007370499588432722,0.001064020205499327,-0.0007639946453252833,0.0003850386676162998,-0.0007756879583098453,0.0011548308977128803
gmat_d04_sso_900km_i97p6_jun_36h_g2020,numerical_gravity_20x20,EarthMJ2000Eq,97320.0,2026-06-18T09:32:00Z,0.00046114928409224376,-0.0005528636393137276,-0.0007790140443830751,0.00106074490205708,-0.0007160676496198448,0.00040059378036971793,-0.0006451035261534344,0.0010437369472997425
gmat_d04_sso_900km_i97p6_jun_36h_g2020,numerical_gravity_20x20,EarthMJ2000Eq,97380.0,2026-06-18T09:33:00Z,0.0004197945600026287,-0.0005304536898620427,-0.0008187980711227283,0.0010620917431984663,-0.0006913745131953419,0.00036952885196228635,-0.0006511475802994937,0.0010190895256347928
gmat_d04_sso_900km_i97p6_jun_36h_g2020,numerical_gravity_20x20,EarthMJ2000Eq,97440.0,2026-06-18T09:34:00Z,0.00037382778828032315,-0.0005053298082202673,-0.0008540328053641133,0.001060413816868013,-0.0007716258743073467,0.0003955684668710546,-0.0006814859787596106,0.0011028617506873826
gmat_d04_sso_900km_i97p6_jun_36h_g2020,numerical_gravity_20x20,EarthMJ2000Eq,97500.0,2026-06-18T09:35:00Z,0.00032982461561914533,-0.0004862263267568778,-0.000910324615688296,0.001083462608412421,-0.0008813119123374236,0.0004883458082360903,-0.000611425576835245,0.0011785726754247779
gmat_d04_sso_900km_i97p6_jun_36h_g2020,numerical_gravity_20x20,EarthMJ2000Eq,97560.0,2026-06-18T09:36:00Z,0.000296541657007765,-0.0004840126166527625,-0.0010148573892365675,0.0011628158443657477,-0.0010439187292377028,0.0006493743320845624,-0.0004718252455404581,0.001316841827537706
gmat_d04_sso_900km_i97p6_jun_36h_g2020,numerical_gravity_20x20,EarthMJ2000Eq,97620.0,2026-06-18T09:37:00Z,0.00023163829609984532,-0.00043843283492606133,-0.0010239764378638938,0.0011377202627455359,-0.0008864318168377849,0.0006416054354474454,-0.00023940671667332936,0.0011201493099968172
gmat_d04_sso_900km_i97p6_jun_36h_g2020,numerical_gravity_20x20,EarthMJ2000Eq,97680.0,2026-06-18T09:38:00Z,0.00018438549886923283,-0.0004034750418213662,-0.0010394419405201916,0.0011301458619480897,-0.0007085265707473809,0.000534349897662878,-0.0002425011302875646,0.000919970930398411
gmat_d04_sso_900km_i97p6_jun_36h_g2020,numerical_gravity_20x20,EarthMJ2000Eq,97740.0,2026-06-18T09:39:00Z,0.0001421904016751796,-0.00037344398151617497,-0.001057348072208697,0.0011303377652112,-0.0007260325673996704,0.0004645377416068186,-0.00039826009157195585,0.0009494891799494205
gmat_d04_sso_900km_i97p6_jun_36h_g2020,numerical_gravity_20x20,EarthMJ2000Eq,97800.0,2026-06-18T09:40:00Z,9.323503036284819e-05,-0.00034447839425411075,-0.0010840626600838732,0.0011412931200978894,-0.0009139640155808593,0.0005188516283283207,-0.0004601883318855471,0.0011473057721458745
gmat_d04_sso_900km_i97p6_jun_36h_g2020,numerical_gravity_20x20,EarthMJ2000Eq,97860.0,2026-06-18T09:41:00Z,3.381501301191747e-05,-0.0003099903551628813,-0.0011089696272392757,0.0011519770438416833,-0.0010429870300754374,0.0006325844292831562,-0.0003498294987025474,0.0012690018452467095
gmat_d04_sso_900km_i97p6_jun_36h_g2020,numerical_gravity_20x20,EarthMJ2000Eq,97920.0,2026-06-18T09:42:00Z,-2.905926521634683e-05,-0.00026894485927186906,-0.0011252860758759198,0.0011573437392511812,-0.001036114721797432,0.0007299154614059944,-0.00019894930147756895,0.0012829228823601627
gmat_d04_sso_900km_i97p6_jun_36h_g2020,numerical_gravity_20x20,EarthMJ2000Eq,97980.0,2026-06-18T09:43:00Z,-8.992810762720183e-05,-0.00022307813196675852,-0.0011337364185237675,0.0011589690177870534,-0.0009979509441038203,0.0007935525569990887,-8.677236706944313e-05,0.0012779519518527809
gmat_d04_sso_900km_i97p6_jun_36h_g2020,numerical_gravity_20x20,EarthMJ2000Eq,98040.0,2026-06-18T09:44:00Z,-0.0001496855475124903,-0.00017453203327022493,-0.0011352937221431603,0.0011583432260384762,-0.0009973429859755356,0.0008153586694703563,4.39630554183168e-05,0.00128896685054224
gmat_d04_sso_900km_i97p6_jun_36h_g2020,numerical_gravity_20x20,EarthMJ2000Eq,98100.0,2026-06-18T09:45:00Z,-0.00020895367924822494,-0.00012665168469538912,-0.0011275911901975633,0.0011537608857639036,-0.0009645348963971401,0.0007679483160494271,0.00021225954327519503,0.001251050077415923
gmat_d04_sso_900km_i97p6_jun_36h_g2020,numerical_gravity_20x20,EarthMJ2000Eq,98160.0,2026-06-18T09:46:00Z,-0.0002643409970914945,-8.335791790159419e-05,-0.001114094743570604,0.0011480556619223059,-0.0008526088723925795,0.0006745484171233329,0.0002987157188272249,0.0011274699716624856
gmat_d04_sso_900km_i97p6_jun_36h_g2020,numerical_gravity_20x20,EarthMJ2000Eq,98220.0,2026-06-18T09:47:00Z,-0.0003028517312486656,-4.7736648411955684e-05,-0.0010728920187830226,0.0011158383586748711,-0.0007425644543701537,0.0006126480711632354,0.00023424462369803223,0.0009907624194152246
gmat_d04_sso_900km_i97p6_jun_36h_g2020,numerical_gravity_20x20,EarthMJ2000Eq,98280.0,2026-06-18T09:48:00Z,-0.00039601036405656487,5.548827175516635e-06,-0.0011872034519910812,0.0012515218872807524,-0.0008701399600852255,0.0007427891079991866,0.00022213431094542102,0.0011654281879200205
gmat_d04_sso_900km_i97p6_jun_36h_g2020,numerical_gravity_20x20,EarthMJ2000Eq,98340.0,2026-06-18T09:49:00Z,-0.0002777351255645044,-1.5943442122079432e-06,-0.0007104822543624323,0.0007628396788773654,-0.000574959635457617,0.0005014143544812555,0.00014095125067115077,0.0007757977780009244
gmat_d04_sso_900km_i97p6_jun_36h_g2020,numerical_gravity_20x20,EarthMJ2000Eq,98400.0,2026-06-18T09:50:00Z,-0.0002923388819908723,2.9398506740108132e-05,-0.000602972704655258,0.0006707476251776805,-0.0005200022634710422,0.00045726600284012875,0.00023239365987137717,0.0007304117773672664
gmat_d04_sso_900km_i97p6_jun_36h_g2020,numerical_gravity_20x20,EarthMJ2000Eq,98460.0,2026-06-18T09:51:00Z,-0.00045399701775750145,0.00010175062925554812,-0.0009074774425243959,0.0010197949751676674,-0.0007527414247476827,0.0006522093976002452,0.00047041037731787583,0.0011014911138713705
gmat_d04_sso_900km_i97p6_jun_36h_g2020,numerical_gravity_20x20,EarthMJ2000Eq,98520.0,2026-06-18T09:52:00Z,-0.0004593266567098908,0.0001263033482246101,-0.0007883154466981068,0.0009210726121429672,-0.0005912790257411871,0.0005579334771965705,0.0004774154405140507,0.000942775770848683
gmat_d04_sso_900km_i97p6_jun_36h_g2020,numerical_gravity_20x20,EarthMJ2000Eq,98580.0,2026-06-18T09:53:00Z,-0.0005006513674743474,0.00016269314073724672,-0.0007782500688335858,0.0009395711891263826,-0.0005592863949743787,0.000596554139420391,0.00047046011530937903,0.0009434038546454823
gmat_d04_sso_900km_i97p6_jun_36h_g2020,numerical_gravity_20x20,EarthMJ2000Eq,98640.0,2026-06-18T09:54:00Z,-0.0005337196853361093,0.0001997100298467558,-0.0007472135621355847,0.0009397174607167926,-0.0005634532840304018,0.0006393965357176512,0.0005395737190383443,0.0010086859429223986
gmat_d04_sso_900km_i97p6_jun_36h_g2020,numerical_gravity_20x20,EarthMJ2000Eq,98700.0,2026-06-18T09:55:00Z,-0.0005667598088621162,0.00023702932594460435,-0.0007104999895091169,0.0009392602500860085,-0.0005237135169977591,0.0005830229632408646,0.0006829967702515205,0.0010395557761497594
gmat_d04_sso_900km_i97p6_jun_36h_g2020,numerical_gravity_20x20,EarthMJ2000Eq,98760.0,2026-06-18T09:56:00Z,-0.0005951974344498012,0.00026786347007146105,-0.0006673726602457464,0.0009334865249256864,-0.00042085446239070734,0.00044221337702765595,0.000725367321763315,0.0009480658736704215
gmat_d04_sso_900km_i97p6_jun_36h_g2020,numerical_gravity_20x20,EarthMJ2000Eq,98820.0,2026-06-18T09:57:00Z,-0.0006182362994877622,0.00029169950721552595,-0.0006267073331400752,0.0009273978681912353,-0.0003645821422537665,0.0003788800384540991,0.000615027140327129,0.0008091530172521705
gmat_d04_sso_900km_i97p6_jun_36h_g2020,numerical_gravity_20x20,EarthMJ2000Eq,98880.0,2026-06-18T09:58:00Z,-0.00064119149101316,0.0003168543116771616,-0.000592875039728824,0.0009289908480224881,-0.0004135465303534147,0.0004828750732599474,0.0005391367352558518,0.0008335811228941583
gmat_d04_sso_900km_i97p6_jun_36h_g2020,numerical_gravity_20x20,EarthMJ2000Eq,98940.0,2026-06-18T09:59:00Z,-0.0006678219506284222,0.00035040420698351227,-0.0005576239345828071,0.0009379305509644654,-0.00045937920134520027,0.0006219602610713082,0.0006711244893153889,0.0010238515015075602
gmat_d04_sso_900km_i97p6_jun_36h_g2020,numerical_gravity_20x20,EarthMJ2000Eq,99000.0,2026-06-18T10:00:00Z,-0.0006935083547432441,0.0003880240910802968,-0.0005101719580125064,0.0009443473725804962,-0.00037198155666828825,0.0005956666271345057,0.0009051239757695839,0.0011456170480121616
gmat_d04_sso_900km_i97p6_jun_36h_g2020,numerical_gravity_20x20,EarthMJ2000Eq,99060.0,2026-06-18T10:01:00Z,-0.0007165408533182926,0.00042194415073026903,-0.00045511296775657684,0.0009479427589415902,-0.00020935164712909682,0.00041098502379099955,0.0009790754873506557,0.0010822779734740416
gmat_d04_sso_900km_i97p6_jun_36h_g2020,numerical_gravity_20x20,EarthMJ2000Eq,99120.0,2026-06-18T10:02:00Z,-0.0006697987373627257,0.0004026783244626131,-0.00037679365050280467,0.0008676137600476082,-0.0001227835610961847,0.0002576072688498243,0.0007907776655713405,0.0008406941323728774
gmat_d04_sso_900km_i97p6_jun_36h_g2020,numerical_gravity_20x20,EarthMJ2000Eq,99180.0,2026-06-18T10:03:00Z,-0.0009364266588818282,0.0005955594133411068,-0.00043978343455819413,0.0011937317000044812,-0.0002233218054925601,0.00038665648460778357,0.0010230918334741546,0.0011162852528002031
gmat_d04_sso_900km_i97p6_jun_36h_g2020,numerical_gravity_20x20,EarthMJ2000Eq,99240.0,2026-06-18T10:04:00Z,0.000515586407345836,-0.000383833594241878,0.00022450512915384024,0.0006808524983612879,0.00016286882953409076,-0.0001390647597077077,-0.0006686344811157596,0.0007020949596481293
gmat_d04_sso_900km_i97p6_jun_36h_g2020,numerical_gravity_20x20,EarthMJ2000Eq,99300.0,2026-06-18T10:05:00Z,0.0006780743433409953,-0.0004987387001165189,0.0002361675797146745,0.0008742426618505437,0.00015708678802184295,-0.00015780532436338035,-0.0008544611684868642,0.0008829964143870508
gmat_d04_sso_900km_i97p6_jun_36h_g2020,numerical_gravity_20x20,EarthMJ2000Eq,99360.0,2026-06-18T10:06:00Z,-0.0021802848095830996,0.0015326443190133432,-0.0005627598511637188,0.002723846381421775,-0.00018271073543019156,0.0006923066564468172,0.0026927646779029146,0.0027863333127900545
gmat_d04_sso_900km_i97p6_jun_36h_g2020,numerical_gravity_20x20,EarthMJ2000Eq,99420.0,2026-06-18T10:07:00Z,0.0004795808195012796,-0.000361181491825846,8.742335921851918e-05,0.0006067064168179802,7.911626909162806e-05,-6.127010010459344e-05,-0.0006178453304528375,0.0006258963664730622
gmat_d04_sso_900km_i97p6_jun_36h_g2020,numerical_gravity_20x20,EarthMJ2000Eq,99480.0,2026-06-18T10:08:00Z,0.000715045644028578,-0.0005337910806701984,8.252663974417374e-05,0.0008961215526449338,3.738609422043737e-05,-8.36477553889381e-05,-0.0009272267398330314,0.0009317425041737976
gmat_d04_sso_900km_i97p6_jun_36h_g2020,numerical_gravity_20x20,EarthMJ2000Eq,99540.0,2026-06-18T10:09:00Z,-0.002195935849158559,0.0016440637864434393,-7.483959052478895e-05,0.002744208620317409,0.00020577761716822351,0.0004055173974393256,0.002749383637423719,0.0027867362941417107
gmat_d04_sso_900km_i97p6_jun_36h_g2020,numerical_gravity_20x20,EarthMJ2000Eq,99600.0,2026-06-18T10:10:00Z,0.00056000442327786,-0.0004239352620061254,-3.4546246752142906e-05,0.0007032208071634619,-4.4440895408115466e-05,2.3493207379488013e-05,-0.0006968753074598766,0.0006986859939378692
gmat_d04_sso_900km_i97p6_jun_36h_g2020,numerical_gravity_20x20,EarthMJ2000Eq,99660.0,2026-06-18T10:11:00Z,-0.002099536231980892,0.0016389960819651606,0.0002557735570007935,0.002675776645865366,0.0005025038163353202,0.00017224266457560589,0.002688464451061634,0.002740441337732629
gmat_d04_sso_900km_i97p6_jun_36h_g2020,numerical_gravity_20x20,EarthMJ2000Eq,99720.0,2026-06-18T10:12:00Z,0.0004719058779301122,-0.0003556579173391583,-9.783980203792453e-05,0.0005989660580148409,-6.236167138240489e-05,4.006217579899385e-05,-0.000617547790682238,0.0006219800879158992
gmat_d04_sso_900km_i97p6_jun_36h_g2020,numerical_gravity_20x20,EarthMJ2000Eq,99780.0,2026-06-18T10:13:00Z,0.0006943848802620778,-0.0005332469754648628,-0.0001889593477244489,0.0008956720012769481,-0.00018710188953718898,7.87654386158465e-05,-0.0009261280631278623,0.0009481161852334865
gmat_d04_sso_900km_i97p6_jun_36h_g2020,numerical_gravity_20x20,EarthMJ2000Eq,99840.0,2026-06-18T10:14:00Z,-0.002022661192313535,0.0016780162468421622,0.0007345861376961693,0.0027288300821511117,0.0008449889676853672,-0.00010701661778966809,0.002608535609738283,0.0027440694122535963
gmat_d04_sso_900km_i97p6_jun_36h_g2020,numerical_gravity_20x20,EarthMJ2000Eq,99900.0,2026-06-18T10:15:00Z,0.0004746898412122391,-0.000360778017238772,-0.00021946834749542177,0.0006353405217874991,-0.0001985229758361129,0.00015308909695477269,-0.0005923057599943604,0.0006431747483100922
gmat_d04_sso_900km_i97p6_jun_36h_g2020,numerical_gravity_20x20,EarthMJ2000Eq,99960.0,2026-06-18T10:16:00Z,0.000565390564588597,-0.00043542456751310965,-0.00029334296414162964,0.0007715640862113713,-0.00024571189527478055,0.00016915358003188885,-0.0007031495385945163,0.0007638105411309866
gmat_d04_sso_900km_i97p6_jun_36h_g2020,numerical_gravity_20x20,EarthMJ2000Eq,100020.0,2026-06-18T10:17:00Z,0.00040027816794463433,-0.0002871288415917661,-0.00019596518541220576,0.0005301584077429901,-9.178346971339124e-05,5.88773474419213e-05,-0.0005571867411902076,0.0005677568246288099
gmat_d04_sso_900km_i97p6_jun_36h_g2020,numerical_gravity_20x20,EarthMJ2000Eq,100080.0,2026-06-18T10:18:00Z,-0.0013361668607103638,0.0012240034266142175,0.0009763807611307129,0.002058359943918975,0.0009648077892165929,-0.00039194603118630766,0.001678792660442241,0.001975555759337216
gmat_d04_sso_900km_i97p6_jun_36h_g2020,numerical_gravity_20x20,EarthMJ2000Eq,100140.0,2026-06-18T10:19:00Z,0.0011260226528975181,-0.0009548630259814672,-0.0009612231224309653,0.0017617151598146572,-0.0009679315127186783,0.0005354046095362719,-0.0015376864226368525,0.0018942093452383444
gmat_d04_sso_900km_i97p6_jun_36h_g2020,numerical_gravity_20x20,EarthMJ2000Eq,100200.0,2026-06-18T10:20:00Z,0.00019287108443677425,-0.00010685585039027501,-0.00012725104170385748,0.0002545785843097628,-0.00014623768862520592,0.00016901235966315653,-0.00016795365098687398,0.0002795694335458931
gmat_d04_sso_900km_i97p6_jun_36h_g2020,numerical_gravity_20x20,EarthMJ2000Eq,100260.0,2026-06-18T10:21:00Z,-0.000992890818451997,0.0009950986168405507,0.001077338311006315,0.0017710763029768631,0.0010619896073649215,-0.00045713921537071656,0.0014711609708228934,0.001871126075509989
gmat_d04_sso_900km_i97p6_jun_36h_g2020,numerical_gravity_20x20,EarthMJ2000Eq,100320.0,2026-06-18T10:22:00Z,0.000526799340150319,-0.0004251264726917725,-0.0005917609087191522,0.0008991279306385031,-0.0004399827169265791,0.0003076801036172583,-0.0006553282361210222,0.0008471758580209372
gmat_d04_sso_900km_i97p6_jun_36h_g2020,numerical_gravity_20x20,EarthMJ2000Eq,100380.0,2026-06-18T10:23:00Z,-0.0013665094229509123,0.00145644571603043,0.002091656824632082,0.0028919907328321423,0.0019391066530261014,-0.0010784377835193482,0.0019292611952437255,0.002940274038963964
gmat_d04_sso_900km_i97p6_jun_36h_g2020,numerical_gravity_20x20,EarthMJ2000Eq,100440.0,2026-06-18T10:24:00Z,-0.0006065884008421563,0.0007094090506143402,0.0010314588507753797,0.0013910852058636276,0.0009515201959686692,-0.0005142672954150385,0.0008664295947369283,0.001385843345081164
gmat_d04_sso_900km_i97p6_jun_36h_g2020,numerical_gravity_20x20,EarthMJ2000Eq,100500.0,2026-06-18T10:25:00Z,0.0003295026544947177,-0.0002448350642225705,-0.0004750036168843508,0.0006278094010487184,-0.0003950324511947656,0.000294121615951326,-0.00043803538574138656,0.0006591154387725791
gmat_d04_sso_900km_i97p6_jun_36h_g2020,numerical_gravity_20x20,EarthMJ2000Eq,100560.0,2026-06-18T10:26:00Z,-0.0007257267498061992,0.0009148975550488103,0.0016756198419898283,0.0020424051279040057,0.0014824541594293805,-0.0008660672179416906,0.0011090417473269554,0.00204394627084881
gmat_d04_sso_900km_i97p6_jun_36h_g2020,numerical_gravity_20x20,EarthMJ2000Eq,100620.0,2026-06-18T10:27:00Z,0.0005965530363027938,-0.0006141085577837657,-0.0015258001440088265,0.0017495916453054681,-0.0013022023459541288,0.000888635387497061,-0.0008407239349139672,0.0017866786326750854
gmat_d04_sso_900km_i97p6_jun_36h_g2020,numerical_gravity_20x20,EarthMJ2000Eq,100680.0,2026-06-18T10:28:00Z,0.00013323096936801448,-4.081766746821813e-05,-0.00019805929696303792,0.0002421653531985525,-0.00016088508303369053,0.0001251732051343879,-0.00010912337700119679,0.00023121473273673193
gmat_d04_sso_900km_i97p6_jun_36h_g2020,numerical_gravity_20x20,EarthMJ2000Eq,100740.0,2026-06-18T10:29:00Z,-0.0003926807039533742,0.0006561317604791839,0.0015918853932817,0.0017660141923864778,0.0013857663905270101,-0.0009062044448171491,0.0007199449925110457,0.0018055126078657955
gmat_d04_sso_900km_i97p6_jun_36h_g2020,numerical_gravity_20x20,EarthMJ2000Eq,100800.0,2026-06-18T10:30:00Z,0.0002608003342174925,-0.00027000305635738187,-0.001013661858451087,0.0010809388641587437,-0.0008174307897235167,0.0005887534904047698,-0.00038064751350930237,0.0010769012480225965
gmat_d04_sso_900km_i97p6_jun_36h_g2020,numerical_gravity_20x20,EarthMJ2000Eq,100860.0,2026-06-18T10:31:00Z,-6.681239028694108e-05,0.0002666120053618215,0.0007061264568619663,0.0007577337461003969,0.0006160411070155192,-0.00038265457469321973,0.00017010481911938768,0.0007448938303907442
gmat_d04_sso_900km_i97p6_jun_36h_g2020,numerical_gravity_20x20,EarthMJ2000Eq,100920.0,2026-06-18T10:32:00Z,-2.444721758365631e-06,0.00020554580260068178,0.000609675453233649,0.0006433966209943052,0.00048525561346934865,-0.0002875155669102014,0.00010799805494343673,0.0005742837203776318
gmat_d04_sso_900km_i97p6_jun_36h_g2020,numerical_gravity_20x20,EarthMJ2000Eq,100980.0,2026-06-18T10:33:00Z,1.9826075003948063e-05,0.00019730669009732082,0.0006441910045396071,0.0006740215527243699,0.0005158804494698188,-0.00034100944290571533,0.00019054890998404517,0.0006470927023171845
gmat_d04_sso_900km_i97p6_jun_36h_g2020,numerical_gravity_20x20,EarthMJ2000Eq,101040.0,2026-06-18T10:34:00Z,5.3026269597467035e-05,0.00017406819097232074,0.000657894702271733,0.0006825957512708468,0.0006110495304190167,-0.0004686158128208717,0.00018190515760352355,0.0007912469873647734
gmat_d04_sso_900km_i97p6_jun_36h_g2020,numerical_gravity_20x20,EarthMJ2000Eq,101100.0,2026-06-18T10:35:00Z,9.200721251545474e-05,0.000142801582114771,0.0006632089650793205,0.0006846194200947918,0.0006687189135767824,-0.0005512176270983105,-1.0448530929352273e-05,0.0008666804656837408
gmat_d04_sso_900km_i97p6_jun_36h_g2020,numerical_gravity_20x20,EarthMJ2000Eq,101160.0,2026-06-18T10:36:00Z,0.00012987857189727947,0.0001114503902499564,0.000655540759453288,0.0006775125978382528,0.0005670168778948437,-0.00046587422808386236,-0.00022463897408897537,0.0007674696117046577
gmat_d04_sso_900km_i97p6_jun_36h_g2020,numerical_gravity_20x20,EarthMJ2000Eq,101220.0,2026-06-18T10:37:00Z,0.00015846580936340615,8.870210876921192e-05,0.0006409377419913653,0.000666168646775195,0.00039152436848155503,-0.0002957827871519214,-0.00021463630872631256,0.0005355814908245955
gmat_d04_sso_900km_i97p6_jun_36h_g2020,numerical_gravity_20x20,EarthMJ2000Eq,101280.0,2026-06-18T10:38:00Z,0.00017979891708819196,7.324342732317746e-05,0.0006341692824207712,0.0006632216288679132,0.00035714009527509916,-0.0002563642700903479,2.8137492336099967e-06,0.0004396357626681585
gmat_d04_sso_900km_i97p6_jun_36h_g2020,numerical_gravity_20x20,EarthMJ2000Eq,101340.0,2026-06-18T10:39:00Z,0.0002056394805549644,5.345555109670386e-05,0.0006391721854015486,0.0006735623018674364,0.0005277145387339033,-0.00043041334385485186,0.00011791545517780833,0.0006911167307548276
gmat_d04_sso_900km_i97p6_jun_36h_g2020,numerical_gravity_20x20,EarthMJ2000Eq,101400.0,2026-06-18T10:40:00Z,0.00024307882995344698,2.1034793462604284e-05,0.000641335645923391,0.0006861786872524709,0.0006944107511230868,-0.0006294562093778211,-0.0001000319826971463,0.0009425644849886649
gmat_d04_sso_900km_i97p6_jun_36h_g2020,numerical_gravity_20x20,EarthMJ2000Eq,101460.0,2026-06-18T10:41:00Z,0.0002837832653312944,-1.7218553693965077e-05,0.0006238833520910703,0.0006856091140655834,0.0006130549401461849,-0.0005952482950988269,-0.00047267256775285205,0.0009765122880751563
gmat_d04_sso_900km_i97p6_jun_36h_g2020,numerical_gravity_20x20,EarthMJ2000Eq,101520.0,2026-06-18T10:42:00Z,0.00030802493711235,-4.306730261305347e-05,0.000584728240937693,0.0006622999850426696,0.00033462610460333053,-0.00033453684267215067,-0.0005657474488884873,0.0007375362397271621
gmat_d04_sso_900km_i97p6_jun_36h_g2020,numerical_gravity_20x20,EarthMJ2000Eq,101580.0,2026-06-18T10:43:00Z,0.000361435922968667,-7.589369488414377e-05,0.0006202094482432585,0.0007218417686900549,0.00022758284146107144,-0.00020089219177066298,-0.00034518787828119457,0.00045968064322330217
gmat_d04_sso_900km_i97p6_jun_36h_g2020,numerical_gravity_20x20,EarthMJ2000Eq,101640.0,2026-06-18T10:44:00Z,0.00019245908333687112,1.317857822868973e-06,0.0003209593160136137,0.0003742420580907987,0.00012781464775457607,-0.0001063851229332613,0.0001198259269585833,0.0002049698303010353
gmat_d04_sso_900km_i97p6_jun_36h_g2020,numerical_gravity_20x20,EarthMJ2000Eq,101700.0,2026-06-18T10:45:00Z,0.0009656205293140374,-0.0003922532414435409,0.0014910892787156627,0.0018192396348904896,0.0011825416201816097,-0.0011167391456012865,-0.0008243361548920802,0.001823469522378232
gmat_d04_sso_900km_i97p6_jun_36h_g2020,numerical_gravity_20x20,EarthMJ2000Eq,101760.0,2026-06-18T10:46:00Z,0.0009947816579369828,-0.0004296853148844093,0.0014365841707331128,0.0017994427182870011,0.0012599312704253407,-0.0012525411818842258,-0.0010218519364002532,0.0020495042323538863
gmat_d04_sso_900km_i97p6_jun_36h_g2020,numerical_gravity_20x20,EarthMJ2000Eq,101820.0,2026-06-18T10:47:00Z,0.0001630601218494121,-2.5258032110286877e-05,0.00014473243936663494,0.00021948587774307045,0.0002013287314639456,-0.00031812597001135146,-0.0003943876336620633,0.0005452329745109943
gmat_d04_sso_900km_i97p6_jun_36h_g2020,numerical_gravity_20x20,EarthMJ2000Eq,101880.0,2026-06-18T10:48:00Z,4.98157533002086e-05,2.9512648325180635e-05,-1.4492798072751611e-05,5.96879123777217e-05,-0.00012667911164498946,2.1380675008231265e-05,-0.00033497382645464313,0.00035876481851017204
gmat_d04_sso_900km_i97p6_jun_36h_g2020,numerical_gravity_20x20,EarthMJ2000Eq,101940.0,2026-06-18T10:49:00Z,7.491962605854496e-05,1.584976416779682e-05,1.439002517145127e-05,7.791815075681653e-05,-0.00022512303132771194,0.0001765450008406333,-0.00013159517919802965,0.0003149060300219078
gmat_d04_sso_900km_i97p6_jun_36h_g2020,numerical_gravity_20x20,EarthMJ2000Eq,102000.0,2026-06-18T10:50:00Z,5.307811079546809e-05,3.10424184135627e-05,3.586137609090656e-06,6.15936520229968e-05,-0.00015643486506178306,0.00011787859577339077,0.0001674163030429554,0.0002576731434840958
gmat_d04_sso_900km_i97p6_jun_36h_g2020,numerical_gravity_20x20,EarthMJ2000Eq,102060.0,2026-06-18T10:51:00Z,4.9384198064217344e-05,3.11902113026008e-05,1.802709448384121e-05,6.112777138973801e-05,-9.987566329527908e-06,-9.731193628681467e-05,0.00021899282387494168,0.00023984832985409139
gmat_d04_sso_900km_i97p6_jun_36h_g2020,numerical_gravity_20x20,EarthMJ2000Eq,102120.0,2026-06-18T10:52:00Z,5.1131792133674026e-05,2.0609149942174554e-05,2.7405803848523647e-05,6.15652118710237e-05,4.9827697523596726e-05,-0.00022718671388588518,7.840839089112706e-05,0.0002454475059333582
gmat_d04_sso_900km_i97p6_jun_36h_g2020,numerical_gravity_20x20,EarthMJ2000Eq,102180.0,2026-06-18T10:53:00Z,5.3883013606537133e-05,7.436483429046348e-06,2.769229467958212e-05,6.103723147173011e-05,3.844125018304112e-05,-0.0001890740897181331,-5.490319310297309e-05,0.0002006018487733305
gmat_d04_sso_900km_i97p6_jun_36h_g2020,numerical_gravity_20x20,EarthMJ2000Eq,102240.0,2026-06-18T10:54:00Z,5.1894403441110626e-05,2.449723979225382e-06,2.081560523947701e-05,5.596713033173033e-05,3.636824175146103e-05,-8.736167345091417e-05,-9.239098375246613e-05,0.00013225280668093716
gmat_d04_sso_900km_i97p6_jun_36h_g2020,numerical_gravity_20x20,EarthMJ2000Eq,102300.0,2026-06-18T10:55:00Z,9.042810233950149e-05,-2.635351847857237e-05,2.5905137590598315e-05,9.768738804222192e-05,4.1454839561083645e-05,-5.6350923927084295e-05,-0.000156035184772918,0.00017099973461263
gmat_d04_sso_900km_i97p6_jun_36h_g2020,numerical_gravity_20x20,EarthMJ2000Eq,102360.0,2026-06-18T10:56:00Z,-8.283177521661855e-05,9.197447070619091e-05,-3.7834979593753815e-05,0.00012942910000490678,-5.3713478109784774e-05,-3.0384583737941284e-06,4.463363012519039e-05,6.990372592424464e-05
gmat_d04_sso_900km_i97p6_jun_36h_g2020,numerical_gravity_20x20,EarthMJ2000Eq,102420.0,2026-06-18T10:57:00Z,0.0008907020401238697,-0.0005987751592329005,0.00027768328436650336,0.0011085981336858624,8.804601492329311e-05,-0.0003481819277340037,-0.0010685750062577881,0.0011273133102839119
gmat_d04_sso_900km_i97p6_jun_36h_g2020,numerical_gravity_20x20,EarthMJ2000Eq,102480.0,2026-06-18T10:58:00Z,0.0009460454748477787,-0.0006550390025950037,0.00022908716346137226,0.0011732685386830221,3.0230928871333163e-05,-0.00032580427244965904,-0.0011318883608169017,0.001178233251253608
gmat_d04_sso_900km_i97p6_jun_36h_g2020,numerical_gravity_20x20,EarthMJ2000Eq,102540.0,2026-06-18T10:59:00Z,0.0009285610644838016,-0.0006609425327042118,0.00015586101653752849,0.001150375303320121,-1.6415313552897715e-05,-0.00028396573981126494,-0.0011022973644969625,0.0011384047978125129
gmat_d04_sso_900km_i97p6_jun_36h_g2020,numerical_gravity_20x20,EarthMJ2000Eq,102600.0,2026-06-18T11:00:00Z,0.0009309441395544127,-0.0006800346454838291,9.073391993297264e-05,0.0011564327711784314,-4.169198319914358e-05,-0.00025480773047092953,-0.001122318016300028,0.0011516348946964284
gmat_d04_sso_900km_i97p6_jun_36h_g2020,numerical_gravity_20x20,EarthMJ2000Eq,102660.0,2026-06-18T11:01:00Z,0.000926657435229572,-0.0006938587375771021,2.2172571334522218e-05,0.0011578538650874395,-8.823430874826954e-05,-0.00021585400133972144,-0.0011622101059316492,0.0011853736007960986
gmat_d04_sso_900km_i97p6_jun_36h_g2020,numerical_gravity_20x20,EarthMJ2000Eq,102720.0,2026-06-18T11:02:00Z,0.0009189221827909932,-0.0007052066166579607,-4.848607204621658e-05,0.0011593469064029118,-0.0001744799860148305,-0.0001603117638637741,-0.001185615161602982,0.0012090601467982123
gmat_d04_sso_900km_i97p6_jun_36h_g2020,numerical_gravity_20x20,EarthMJ2000Eq,102780.0,2026-06-18T11:03:00Z,0.0009056423095898936,-0.0007130714720915421,-0.00011900647223228589,0.0011588017335434433,-0.00026422863896868876,-0.00010387690707602815,-0.001156641116217827,0.001190976849985149
gmat_d04_sso_900km_i97p6_jun_36h_g2020,numerical_gravity_20x20,EarthMJ2000Eq,102840.0,2026-06-18T11:04:00Z,0.0008880804216460092,-0.0007181002246170465,-0.00018676382751436904,0.0011572534273761401,-0.0003126974235101443,-6.793232643076408e-05,-0.0011028806756741005,0.0011483641689026783
gmat_d04_sso_900km_i97p6_jun_36h_g2020,numerical_gravity_20x20,EarthMJ2000Eq,102900.0,2026-06-18T11:05:00Z,0.0008688807611179072,-0.0007215662378712295,-0.0002520955604268238,0.001157222443726092,-0.0003249702729135606,-4.814726395352409e-05,-0.0010845027098582705,0.0011331681097673267
gmat_d04_sso_900km_i97p6_jun_36h_g2020,numerical_gravity_20x20,EarthMJ2000Eq,102960.0,2026-06-18T11:06:00Z,0.000848746822157409,-0.0007235834686980525,-0.00031797208066564053,0.0011597631001106401,-0.0003533822123813479,-1.4154011296341196e-05,-0.00111672893154946,0.0011713935421637392
gmat_d04_sso_900km_i97p6_jun_36h_g2020,numerical_gravity_20x20,EarthMJ2000Eq,103020.0,2026-06-18T11:07:00Z,0.0008254255590145476,-0.0007225819445011439,-0.00038601319829467684,0.0011629523675762555,-0.0004317408652809718,5.231814981243588e-05,-0.0011442220504420675,0.0012240839286058812
gmat_d04_sso_900km_i97p6_jun_36h_g2020,numerical_gravity_20x20,EarthMJ2000Eq,103080.0,2026-06-18T11:08:00Z,0.0007967632882355247,-0.0007173373433033703,-0.00045396700443234295,0.001164255402689074,-0.0005273728120869237,0.000126967769631392,-0.001105808777879247,0.0012316882522328584
gmat_d04_sso_900km_i97p6_jun_36h_g2020,numerical_gravity_20x20,EarthMJ2000Eq,103140.0,2026-06-18T11:09:00Z,0.0007598773663630709,-0.000705236288922606,-0.0005146894181962125,0.001157444181084929,-0.0005821254589477576,0.0001723723386248821,-0.0010202714229023968,0.001187238834215521
gmat_d04_sso_900km_i97p6_jun_36h_g2020,numerical_gravity_20x20,EarthMJ2000Eq,103200.0,2026-06-18T11:10:00Z,0.0007418016139126848,-0.0007099442882463336,-0.0005884849088033661,0.001183471594380855,-0.0006135927321793133,0.0001993720744053462,-0.0009881091500574257,0.0011800868431870485
gmat_d04_sso_900km_i97p6_jun_36h_g2020,numerical_gravity_20x20,EarthMJ2000Eq,103260.0,2026-06-18T11:11:00Z,0.00017109778127633035,-0.000217488832277013,-0.00017131606000475585,0.00032546126549630266,-0.00010223999424852082,-5.5782933827686065e-05,-0.00027201974006629825,0.0002959045304082012
gmat_d04_sso_900km_i97p6_jun_36h_g2020,numerical_gravity_20x20,EarthMJ2000Eq,103320.0,2026-06-18T11:12:00Z,0.00035818220567307435,-0.0003970819761889288,-0.00037463360058609396,0.0006529310246595995,-0.00035079938953685996,0.00010746781242687575,-0.0006428368948263596,0.0007401680996619943
gmat_d04_sso_900km_i97p6_jun_36h_g2020,numerical_gravity_20x20,EarthMJ2000Eq,103380.0,2026-06-18T11:13:00Z,0.0003038967406610027,-0.00036033588912687264,-0.0003826389729510993,0.0006071307648260847,-0.0004390230401440931,0.0001957287665277363,-0.000518089571244218,0.0007067303472017094
gmat_d04_sso_900km_i97p6_jun_36h_g2020,numerical_gravity_20x20,EarthMJ2000Eq,103440.0,2026-06-18T11:14:00Z,0.0002817232598317787,-0.0003524532985466067,-0.00041325256461277604,0.0006118570134808164,-0.00043551606765390716,0.00018458035100366033,-0.00038818726011413673,0.0006119097156250075
gmat_d04_sso_900km_i97p6_jun_36h_g2020,numerical_gravity_20x20,EarthMJ2000Eq,103500.0,2026-06-18T11:15:00Z,0.00025717963580973446,-0.00034309732654946856,-0.000435802576248534,0.0006113763374759278,-0.0003835713968669552,0.00012815926098141972,-0.0003999680586730392,0.0005687936889843721
gmat_d04_sso_900km_i97p6_jun_36h_g2020,numerical_gravity_20x20,EarthMJ2000Eq,103560.0,2026-06-18T11:16:00Z,0.00023311986296903342,-0.00033457172321504913,-0.0004626626832759939,0.0006167170072098961,-0.0004403570841304827,0.00017884405068002707,-0.0004874110004493559,0.0006807856045529922
gmat_d04_sso_900km_i97p6_jun_36h_g2020,numerical_gravity_20x20,EarthMJ2000Eq,103620.0,2026-06-18T11:17:00Z,0.00020297102309996262,-0.00031990384741220623,-0.0004911016731057316,0.0006202552386998651,-0.0005599649632870296,0.00030995428446090045,-0.00042451819837197036,0.0007680157025176613
gmat_d04_sso_900km_i97p6_jun_36h_g2020,numerical_gravity_20x20,EarthMJ2000Eq,103680.0,2026-06-18T11:18:00Z,0.00016837384464452043,-0.00029931652534287423,-0.0005103720468468964,0.0006151583211713869,-0.0005634719357772155,0.00034849279018089874,-0.0002105560170662102,0.0006951846398902788
gmat_d04_sso_900km_i97p6_jun_36h_g2020,numerical_gravity_20x20,EarthMJ2000Eq,103740.0,2026-06-18T11:19:00Z,0.00013869885151507333,-0.000281834218185395,-0.0005201209205552004,0.0006076130923136551,-0.0004295119815367343,0.00023823298889169564,-0.00010697487340394218,0.0005026719833247843
gmat_d04_sso_900km_i97p6_jun_36h_g2020,numerical_gravity_20x20,EarthMJ2000Eq,103800.0,2026-06-18T11:20:00Z,0.00011353495210641995,-0.0002658725861692801,-0.0005108499863126781,0.0005869805158110545,-0.00033785685360498974,0.00013736078940951302,-0.0002263274012648253,0.00042923109458467394
gmat_d04_sso_900km_i97p6_jun_36h_g2020,numerical_gravity_20x20,EarthMJ2000Eq,103860.0,2026-06-18T11:21:00Z,0.00010450457921251655,-0.0002871888682420831,-0.0006556638254551217,0.0007233904237194449,-0.0005378399947630896,0.00028401458962434845,-0.0003965281436535406,0.0007260652283339082
gmat_d04_sso_900km_i97p6_jun_36h_g2020,numerical_gravity_20x20,EarthMJ2000Eq,103920.0,2026-06-18T11:22:00Z,1.5778823581058532e-05,-0.00014597617337130941,-0.00020036532077938318,0.0002484034545588243,-0.0002582210001378371,0.00014128831438142697,-0.00020023893654297353,0.000356000146630294
gmat_d04_sso_900km_i97p6_jun_36h_g2020,numerical_gravity_20x20,EarthMJ2000Eq,103980.0,2026-06-18T11:23:00Z,8.34952516015619e-05,-0.0003995005499746185,-0.0014102988643571734,0.0014681672361407485,-0.0013106310481347805,0.0009511615939317153,-0.0002795816911316251,0.0016433587691437356
gmat_d04_sso_900km_i97p6_jun_36h_g2020,numerical_gravity_20x20,EarthMJ2000Eq,104040.0,2026-06-18T11:24:00Z,0.00014333454601000994,-0.0005341062205843627,-0.001953686478373129,0.0020304445579046983,-0.0016430561355917916,0.0012155132456115325,-0.0002191038461774042,0.002055507822989892
gmat_d04_sso_900km_i97p6_jun_36h_g2020,numerical_gravity_20x20,EarthMJ2000Eq,104100.0,2026-06-18T11:25:00Z,-0.00010182338883168995,0.00010920848581008613,0.0007944511253299424,0.0008083607402788146,0.0008489717540083319,-0.0006247273809378839,0.0002731752601903281,0.0010888811057124395
gmat_d04_sso_900km_i97p6_jun_36h_g2020,numerical_gravity_20x20,EarthMJ2000Eq,104160.0,2026-06-18T11:26:00Z,-2.039359969785437e-05,-4.825051291845739e-05,0.00023410143512592185,0.0002398905851290266,0.0003100180945292408,-0.00032409763761620525,-0.00020018209312411273,0.0004911449562517132
gmat_d04_sso_900km_i97p6_jun_36h_g2020,numerical_gravity_20x20,EarthMJ2000Eq,104220.0,2026-06-18T11:27:00Z,-1.4474608178716153e-05,-4.159846866969019e-05,0.0003171109312916087,0.0003201551024460206,0.00012028278373321655,-0.00016137335911992068,-0.00026504665129323257,0.0003328048023361668
gmat_d04_sso_900km_i97p6_jun_36h_g2020,numerical_gravity_20x20,EarthMJ2000Eq,104280.0,2026-06-18T11:28:00Z,-8.540155249647796e-06,-4.7370122047141194e-05,0.0003084726927227166,0.0003122054850095569,3.780253887697427e-05,3.8137271118898752e-06,1.5215384507882845e-05,4.092779478241939e-05
gmat_d04_sso_900km_i97p6_jun_36h_g2020,numerical_gravity_20x20,EarthMJ2000Eq,104340.0,2026-06-18T11:29:00Z,-2.8046088118571788e-05,-4.3295585783198476e-05,0.00022859865111968247,0.00023434682438813482,0.00019497137238033702,-5.322786655881373e-05,0.00025582291840464677,0.0003260251637640038
gmat_d04_sso_900km_i97p6_jun_36h_g2020,numerical_gravity_20x20,EarthMJ2000Eq,104400.0,2026-06-18T11:30:00Z,0.00014302531781140715,-8.741972123971209e-05,0.0007226121851999778,0.0007417997164977687,0.000797567789589948,-0.0005881712547561868,-6.500044946733397e-05,0.000993118755408344
gmat_d04_sso_900km_i97p6_jun_36h_g2020,numerical_gravity_20x20,EarthMJ2000Eq,104460.0,2026-06-18T11:31:00Z,-0.0005624633558909409,4.372941475594416e-05,-0.0016809674434625776,0.0017731127528772981,-0.001218150913473437,0.000953663703562313,0.0002716600278063197,0.001570721260502985
gmat_d04_sso_900km_i97p6_jun_36h_g2020,numerical_gravity_20x20,EarthMJ2000Eq,104520.0,2026-06-18T11:32:00Z,-0.0005683978088200092,3.2856405596248806e-05,-0.0017687057152215857,0.0018580838300565434,-0.001548217110070027,0.001199003896168449,0.0002276419053259815,0.0019713973216987867
gmat_d04_sso_900km_i97p6_jun_36h_g2020,numerical_gravity_20x20,EarthMJ2000Eq,104580.0,2026-06-18T11:33:00Z,0.0001859552867244929,-0.00012693544704234228,0.0006768518687749747,0.0007133164996274818,0.0003406168680442079,-0.0002606254101422678,-0.00021877699651895455,0.0004814652940907842
gmat_d04_sso_900km_i97p6_jun_36h_g2020,numerical_gravity_20x20,EarthMJ2000Eq,104640.0,2026-06-18T11:34:00Z,4.161756805842742e-05,-9.546693036099896e-05,0.00019387198335607536,0.00022007340296834605,0.00012762191303750114,-1.457833853635293e-05,9.700684699964768e-05,0.00016096648410972102
gmat_d04_sso_900km_i97p6_jun_36h_g2020,numerical_gravity_20x20,EarthMJ2000Eq,104700.0,2026-06-18T11:35:00Z,0.00010897656466113403,-0.00012090731615899131,0.00031971512726158835,0.0003587648719509844,0.00037658187679312505,-0.00022359492035661788,-6.786127215718807e-05,0.0004431859097456807
gmat_d04_sso_900km_i97p6_jun_36h_g2020,numerical_gravity_20x20,EarthMJ2000Eq,104760.0,2026-06-18T11:36:00Z,2.3143002181313932e-05,-8.455481292912737e-05,0.0001265784703718964,0.00015397150418545985,0.00017066570379142831,-8.540568252612957e-05,-0.0001177014041786606,0.00022421983320840733
gmat_d04_sso_900km_i97p6_jun_36h_g2020,numerical_gravity_20x20,EarthMJ2000Eq,104820.0,2026-06-18T11:37:00Z,-2.994147507706657e-05,-5.930405677645467e-05,1.3436874723993242e-05,6.777914636732928e-05,6.942446617586029e-06,4.200906289497652e-05,-0.0001141717831387723,0.00012185300568898158
gmat_d04_sso_900km_i97p6_jun_36h_g2020,numerical_gravity_20x20,EarthMJ2000Eq,104880.0,2026-06-18T11:38:00Z,-1.3469616533257067e-05,-6.338723324006423e-05,3.789773472817615e-05,7.507070137484066e-05,-2.701749934885811e-05,8.387912586726998e-05,-3.724487385170505e-05,9.567044295681028e-05
gmat_d04_sso_900km_i97p6_jun_36h_g2020,numerical_gravity_20x20,EarthMJ2000Eq,104940.0,2026-06-18T11:39:00Z,-1.7779257177608088e-05,-5.6938461057143286e-05,3.195054887328297e-05,6.766777598419646e-05,2.8566482512815128e-05,5.3304916036722716e-05,6.871214708326079e-05,9.153587905094206e-05
gmat_d04_sso_900km_i97p6_jun_36h_g2020,numerical_gravity_20x20,EarthMJ2000Eq,105000.0,2026-06-18T11:40:00Z,-1.3089447747915983e-05,-5.6390490499325097e-05,3.624609234975651e-05,6.830080725530975e-05,0.0001084714540411369,-3.100586454252152e-05,3.148059590785124e-05,0.00011712577810431437
gmat_d04_sso_900km_i97p6_jun_36h_g2020,numerical_gravity_20x20,EarthMJ2000Eq,105060.0,2026-06-18T11:41:00Z,-6.4505911723244935e-06,-5.91921889281366e-05,3.4698132367338985e-05,6.891506182510515e-05,9.702816328172048e-05,-4.4940051679986937e-05,-8.039879872967504e-05,0.00013378355486381316
gmat_d04_sso_900km_i97p6_jun_36h_g2020,numerical_gravity_20x20,EarthMJ2000Eq,105120.0,2026-06-18T11:42:00Z,-2.340584615012631e-06,-6.006848707329482e-05,2.8193426260259002e-05,6.639706891051202e-05,4.241584861119918e-05,2.3376411917297446e-05,-0.00011899281560090458,0.00012847120693823273
gmat_d04_sso_900km_i97p6_jun_36h_g2020,numerical_gravity_20x20,EarthMJ2000Eq,105180.0,2026-06-18T11:43:00Z,-3.406057658139616e-07,-5.641459210892208e-05,2.194337866967544e-05,6.053291734704784e-05,3.3936409238322085e-05,9.214717877625844e-05,-8.467448964211144e-05,0.00012966322387079015
gmat_d04_sso_900km_i97p6_jun_36h_g2020,numerical_gravity_20x20,EarthMJ2000Eq,105240.0,2026-06-18T11:44:00Z,2.235992724308744e-06,-4.9973095883615315e-05,1.7793354345485568e-05,5.309344059787595e-05,4.885425397560539e-05,0.00011540324251768652,-5.8396842916863534e-05,0.0001382564203853324
gmat_d04_sso_900km_i97p6_jun_36h_g2020,numerical_gravity_20x20,EarthMJ2000Eq,105300.0,2026-06-18T11:45:00Z,4.592493496602401e-06,-4.315006663091481e-05,1.4845682017039508e-05,4.586298639774533e-05,2.1902479829805088e-05,0.00010858691723569791,-3.435030038190234e-05,0.00011597749934264941
gmat_d04_sso_900km_i97p6_jun_36h_g2020,numerical_gravity_20x20,EarthMJ2000Eq,105360.0,2026-06-18T11:46:00Z,8.789356797933578e-06,-4.056710167787969e-05,1.5984369383659214e-05,4.4479687454590695e-05,-2.9594104944408173e-06,7.322631390138667e-05,2.5974777884130162e-05,7.775307224919745e-05
gmat_d04_sso_900km_i97p6_jun_36h_g2020,numerical_gravity_20x20,EarthMJ2000Eq,105420.0,2026-06-18T11:47:00Z,-2.4097062123473734e-05,-1.42345015774481e-05,9.704308467917144e-06,2.9622002649743538e-05,4.3513637137948535e-05,2.2307933278398195e-05,0.00010992406984655645,0.00012030952429362
gmat_d04_sso_900km_i97p6_jun_36h_g2020,numerical_gravity_20x20,EarthMJ2000Eq,105480.0,2026-06-18T11:48:00Z,0.00014688998817291576,-0.00013180192581785377,5.79257175559178e-05,0.00020567888814631004,0.0001367945756669542,-6.447020695077299e-05,-0.00016844303729612875,0.00022636744538409795
gmat_d04_sso_900km_i97p6_jun_36h_g2020,numerical_gravity_20x20,EarthMJ2000Eq,105540.0,2026-06-18T11:49:00Z,-0.0007665603334316984,0.0005204319677432068,-0.00020741481421282515,0.0009494656828948183,-3.909850221361921e-05,0.00028754953973475494,0.0009169480730264468,0.0009617729458161796
gmat_d04_sso_900km_i97p6_jun_36h_g2020,numerical_gravity_20x20,EarthMJ2000Eq,105600.0,2026-06-18T11:50:00Z,-0.0005240408995632606,0.00036162123251415323,-0.00010329586075386032,0.0006450262126991488,1.4245493673570309e-05,0.0002013527122812775,0.0006285831855024071,0.0006601989623813295
gmat_d04_sso_900km_i97p6_jun_36h_g2020,numerical_gravity_20x20,EarthMJ2000Eq,105660.0,2026-06-18T11:51:00Z,-0.000524416408964612,0.0003746081347344443,-6.578102329513058e-05,0.0006478201661158081,4.667377595524158e-05,0.00017923529327390497,0.0006427894883032081,0.0006689409973906539
gmat_d04_sso_900km_i97p6_jun_36h_g2020,numerical_gravity_20x20,EarthMJ2000Eq,105720.0,2026-06-18T11:52:00Z,-0.0005202047645980201,0.00038432756355177844,-2.693468559300527e-05,0.000647337740676474,8.493472591908358e-05,0.0001504396607288072,0.0006481004621861075,0.0006707310998254029
gmat_d04_sso_900km_i97p6_jun_36h_g2020,numerical_gravity_20x20,EarthMJ2000Eq,105780.0,2026-06-18T11:53:00Z,-0.0005140346956977737,0.00039251062844414264,1.1801603250205517e-05,0.0006468659363902182,0.00012175060959407347,0.00012142908900614202,0.0006408166774996005,0.0006634864344920829
gmat_d04_sso_900km_i97p6_jun_36h_g2020,numerical_gravity_20x20,EarthMJ2000Eq,105840.0,2026-06-18T11:54:00Z,-0.0005053252607467584,0.0003986642127529194,4.967569111613557e-05,0.0006455652158895723,0.0001495816803753769,9.906031550599437e-05,0.0006274842867526331,0.0006526286504081239
gmat_d04_sso_900km_i97p6_jun_36h_g2020,numerical_gravity_20x20,EarthMJ2000Eq,105900.0,2026-06-18T11:55:00Z,-0.0004986848125554388,0.00040653837629633927,8.824645192362368e-05,0.0006494208419447481,0.00017327206336403833,8.138734131080128e-05,0.0006259495144433913,0.0006545684852633753
gmat_d04_sso_900km_i97p6_jun_36h_g2020,numerical_gravity_20x20,EarthMJ2000Eq,105960.0,2026-06-18T11:56:00Z,-0.0004755374902742915,0.00040102173670675256,0.00012119835446355864,0.000633753405586389,0.00019516033233912822,6.180744804851201e-05,0.0006137059749278251,0.0006469487921119421
gmat_d04_sso_900km_i97p6_jun_36h_g2020,numerical_gravity_20x20,EarthMJ2000Eq,106020.0,2026-06-18T11:57:00Z,0.0004424928192747757,-0.000328910800817539,-0.00014619581634178758,0.000570399357222653,-0.00011935430421772253,0.00010263523364528737,-0.0005491480603581067,0.0005712644162870554
gmat_d04_sso_900km_i97p6_jun_36h_g2020,numerical_gravity_20x20,EarthMJ2000Eq,106080.0,2026-06-18T11:58:00Z,-0.0021200412447797135,0.0017838362964539556,0.0009084806151804514,0.002915816153373243,0.001036421615197014,-0.0002169651125427663,0.0027782087741456962,0.002973161216155023
gmat_d04_sso_900km_i97p6_jun_36h_g2020,numerical_gravity_20x20,EarthMJ2000Eq,106140.0,2026-06-18T11:59:00Z,0.0004646826710086316,-0.0003480040504655335,-0.0002333454176550731,0.0006256891303329108,-0.00018061019346760077,0.00013587975189466306,-0.0005954481352432595,0.0006369001732799531
gmat_d04_sso_900km_i97p6_jun_36h_g2020,numerical_gravity_20x20,EarthMJ2000Eq,106200.0,2026-06-18T12:00:00Z,0.0004300018190406263,-0.0003197837941115722,-0.0002563010639278218,0.0005940147091825027,-0.00020437518344351702,0.00015875212255878068,-0.0005564100291621799,0.0006136477593674951
gmat_d04_sso_900km_i97p6_jun_36h_g2020,numerical_gravity_20x20,EarthMJ2000Eq,106260.0,2026-06-18T12:01:00Z,1.1259544407948852e-05,4.329717739892658e-05,-2.508386387489736e-06,4.480753188089738e-05,-7.344169716816396e-05,0.00015087753268971937,-0.0001344502287281557,0.0002150222703780495
gmat_d04_sso_900km_i97p6_jun_36h_g2020,numerical_gravity_20x20,EarthMJ2000Eq,106320.0,2026-06-18T12:02:00Z,6.475011105067097e-05,2.4774635676294565e-06,-4.967296263203025e-05,8.164629767139614e-05,-0.0001405098259965598,0.00023141133453918883,1.9672263817938074e-05,0.0002714428391365564
gmat_d04_sso_900km_i97p6_jun_36h_g2020,numerical_gravity_20x20,EarthMJ2000Eq,106380.0,2026-06-18T12:03:00Z,4.6959939936641604e-05,2.52891823038226e-05,-3.429249773034826e-05,6.340941650129656e-05,3.600852949148248e-05,0.00010014389317802852,0.0001936495408472183,0.00022096506105565608
gmat_d04_sso_900km_i97p6_jun_36h_g2020,numerical_gravity_20x20,EarthMJ2000Eq,106440.0,2026-06-18T12:04:00Z,5.485435394803062e-05,2.532078724470921e-05,-2.638807927723974e-05,6.592778732590333e-05,0.00017194690116184574,-6.516787109944744e-05,6.418510167804925e-05,0.000194762202493752
gmat_d04_sso_900km_i97p6_jun_36h_g2020,numerical_gravity_20x20,EarthMJ2000Eq,106500.0,2026-06-18T12:05:00Z,6.382379069691524e-05,2.036767909885384e-05,-2.9948751034680754e-05,7.338423740378326e-05,9.309930604217698e-05,-6.650591188872568e-05,-0.00016850076889340926,0.00020367382310782108
gmat_d04_sso_900km_i97p6_jun_36h_g2020,numerical_gravity_20x20,EarthMJ2000Eq,106560.0,2026-06-18T12:06:00Z,6.60893419990316e-05,1.7860202206065878e-05,-4.744924808619544e-05,8.329597284774242e-05,-8.343326030058051e-05,7.268852186825825e-05,-0.00020681678591927266,0.00023455897568363257
gmat_d04_sso_900km_i97p6_jun_36h_g2020,numerical_gravity_20x20,EarthMJ2000Eq,106620.0,2026-06-18T12:07:00Z,3.791137714870274e-05,5.0262315198779106e-05,-2.3237589630298316e-06,6.299978335018989e-05,-8.398615136684384e-05,0.00013977752288951706,-1.3353762540191383e-05,0.00016361464635088047
gmat_d04_sso_900km_i97p6_jun_36h_g2020,numerical_gravity_20x20,EarthMJ2000Eq,106680.0,2026-06-18T12:08:00Z,0.00014249053492676467,-6.826485332567245e-05,-0.0002746273821685463,0.00031683409188412774,-0.0002091935513703902,0.0002565738732585032,-4.572520140300185e-05,0.00033418989873599056
gmat_d04_sso_900km_i97p6_jun_36h_g2020,numerical_gravity_20x20,EarthMJ2000Eq,106740.0,2026-06-18T12:09:00Z,-0.0002972119546029717,0.00045579417928820476,0.0008426400199823547,0.0010030580656710708,0.0008630869352543868,-0.00044919268304965954,0.0005790576906861133,0.0011322548005881434
gmat_d04_sso_900km_i97p6_jun_36h_g2020,numerical_gravity_20x20,EarthMJ2000Eq,106800.0,2026-06-18T12:10:00Z,-0.0009554387361276895,0.0012352220437605865,0.0025109752641583327,0.002956963552886705,0.0022880337624542335,-0.0014102234935364777,0.0014584466967448861,0.0030579234076573555
gmat_d04_sso_900km_i97p6_jun_36h_g2020,numerical_gravity_20x20,EarthMJ2000Eq,106860.0,2026-06-18T12:11:00Z,0.00018657283362699673,-0.00010081430446007289,-0.00035854509405908175,0.00041656635810541766,-0.00028816771191486623,0.00019566082087862924,-0.00028630608994717477,0.0004508824283091858
gmat_d04_sso_900km_i97p6_jun_36h_g2020,numerical_gravity_20x20,EarthMJ2000Eq,106920.0,2026-06-18T12:12:00Z,3.95421011489816e-05,6.718983058817685e-05,-1.9145318219671026e-05,8.027823059507893e-05,-4.638200934437009e-05,3.342437437936496e-05,-2.5475621612258692e-05,6.25898305637918e-05
gmat_d04_sso_900km_i97p6_jun_36h_g2020,numerical_gravity_20x20,EarthMJ2000Eq,106980.0,2026-06-18T12:13:00Z,4.563025868264958e-05,7.530843504355289e-05,5.49725882592611e-05,0.00010380494379400624,2.554356726136575e-05,-8.01181343490498e-06,1.0410339257305168e-05,2.8723477268670473e-05
gmat_d04_sso_900km_i97p6_jun_36h_g2020,numerical_gravity_20x20,EarthMJ2000Eq,107040.0,2026-06-18T12:14:00Z,9.274845069739968e-05,-4.7314642870333046e-05,-0.0004772725787915988,0.0004884977635599758,-0.00039346015334729145,0.00031022140412062527,-9.679013146524085e-05,0.0005103102403398398
gmat_d04_sso_900km_i97p6_jun_36h_g2020,numerical_gravity_20x20,EarthMJ2000Eq,107100.0,2026-06-18T12:15:00Z,4.877620085608214e-05,0.00013674889487447217,0.0004160260687058326,0.0004406325769415743,0.00034904512613564975,-0.0002057687353840265,6.361045024050327e-05,0.00041014578130268845
gmat_d04_sso_900km_i97p6_jun_36h_g2020,numerical_gravity_20x20,EarthMJ2000Eq,107160.0,2026-06-18T12:16:00Z,-3.006607585120946e-05,0.00014082434063311666,6.72268924972741e-05,0.00015891796281944595,0.00010247702686427829,8.674172491396348e-06,0.00019676527074352634,0.00022202106673495137
gmat_d04_sso_900km_i97p6_jun_36h_g2020,numerical_gravity_20x20,EarthMJ2000Eq,107220.0,2026-06-18T12:17:00Z,0.0001066127879312262,-6.529262464027852e-05,-0.0005668241556122666,0.000580447273030414,-0.0003420412286736507,0.0002794438014319667,-1.56035184772918e-05,0.00044195532586473066
gmat_d04_sso_900km_i97p6_jun_36h_g2020,numerical_gravity_20x20,EarthMJ2000Eq,107280.0,2026-06-18T12:18:00Z,0.0001372654878650792,0.00036116489354753867,0.0021260988489757437,0.0021609206857508734,0.0019242414883713366,-0.0014538298342969824,6.398614971203642e-05,0.0024125548118159924
gmat_d04_sso_900km_i97p6_jun_36h_g2020,numerical_gravity_20x20,EarthMJ2000Eq,107340.0,2026-06-18T12:19:00Z,0.00021944288164377213,0.00019506478565745056,0.001510543000904363,0.0015388130511822637,0.0012873188071083064,-0.0010555820662006,-0.00032011548967147974,0.001695263146637327
gmat_d04_sso_900km_i97p6_jun_36h_g2020,numerical_gravity_20x20,EarthMJ2000Eq,107400.0,2026-06-18T12:20:00Z,0.00040397935663349926,0.00014666056813439354,0.002063726924461662,0.0021080031929718484,0.0014694314653951324,-0.0012124799497748029,-0.0005130971203470835,0.0019729686046685243
gmat_d04_sso_900km_i97p6_jun_36h_g2020,numerical_gravity_20x20,EarthMJ2000Eq,107460.0,2026-06-18T12:21:00Z,-6.984100764384493e-05,9.968880476662889e-05,-0.00035328207559359726,0.0003736627477823108,-0.0005966005467428204,0.00046769862982465327,0.00014064305275951483,0.000771008877382878
gmat_d04_sso_900km_i97p6_jun_36h_g2020,numerical_gravity_20x20,EarthMJ2000Eq,107520.0,2026-06-18T12:22:00Z,-6.471691449405625e-05,6.20748323854059e-05,-0.000553196741748252,0.0005604178788352397,-0.0005823626025858175,0.0005028200633638846,0.0004682068066585998,0.0009006618848453792
gmat_d04_sso_900km_i97p6_jun_36h_g2020,numerical_gravity_20x20,EarthMJ2000Eq,107580.0,2026-06-18T12:23:00Z,0.0007582375474157743,-6.252776074688882e-05,0.002425658976790146,0.0025421753226041914,0.002132530596554716,-0.0016913781486493917,-0.0002512035024437864,0.002733413614257945
gmat_d04_sso_900km_i97p6_jun_36h_g2020,numerical_gravity_20x20,EarthMJ2000Eq,107640.0,2026-06-18T12:24:00Z,-0.00012963664630660787,0.00013778208085568622,-0.0003621184987423476,0.00040855766912635354,0.00010269518568861713,-0.00010875444989011385,0.00019100809822703013,0.00024260652324871159
gmat_d04_sso_900km_i97p6_jun_36h_g2020,numerical_gravity_20x20,EarthMJ2000Eq,107700.0,2026-06-18T12:25:00Z,-5.6448698160238564e-05,6.838763511041179e-05,-0.00042694864532677457,0.00043606016775939134,-0.00016588819207186134,2.2752244532853183e-05,-0.0003347278010323862,0.0003742716362271261
gmat_d04_sso_900km_i97p6_jun_36h_g2020,numerical_gravity_20x20,EarthMJ2000Eq,107760.0,2026-06-18T12:26:00Z,0.0009236528057954274,-0.00028700560505967587,0.001876555415947223,0.0021111529911662704,0.00125531318673211,-0.0011753573669892603,-0.0013292931200226121,0.0021735446477721366
gmat_d04_sso_900km_i97p6_jun_36h_g2020,numerical_gravity_20x20,EarthMJ2000Eq,107820.0,2026-06-18T12:27:00Z,0.0007922217264422216,-0.0002754004526650533,0.0013523253983294126,0.0015913028172356179,0.0006920872763771513,-0.0006531781782115331,-0.000828850765799416,0.0012619905398144468
gmat_d04_sso_900km_i97p6_jun_36h_g2020,numerical_gravity_20x20,EarthMJ2000Eq,107880.0,2026-06-18T12:28:00Z,0.000906531568034552,-0.000348078174283728,0.0014384509086085018,0.0017355399493334924,0.0009310388016103843,-0.0008338483237224636,-0.000637024655247842,0.00140283166790335
gmat_d04_sso_900km_i97p6_jun_36h_g2020,numerical_gravity_20x20,EarthMJ2000Eq,107940.0,2026-06-18T12:29:00Z,0.0008425558917224407,-0.0003420441316848155,0.0012162336133769713,0.0015185910644423734,0.0009596159422642359,-0.0009117986365936304,-0.0006893063897450702,0.0014924418947768329
gmat_d04_sso_900km_i97p6_jun_36h_g2020,numerical_gravity_20x20,EarthMJ2000Eq,108000.0,2026-06-18T12:30:00Z,0.0014345032468554564,-0.0006866644071124028,0.0018528489817981608,0.0024417937919866115,0.0015385488438823813,-0.001528343229750817,-0.00150644652308074,0.002640520157059783
gmat_d04_sso_900km_i97p6_jun_36h_g2020,numerical_gravity_20x20,EarthMJ2000Eq,108060.0,2026-06-18T12:31:00Z,0.001187052021123236,-0.0005850652087246999,0.0013911485439166427,0.0019200750169079935,0.0011012168954493973,-0.0012116898595593284,-0.0014950627402754435,0.002217224292655579
gmat_d04_sso_900km_i97p6_jun_36h_g2020,numerical_gravity_20x20,EarthMJ2000Eq,108120.0,2026-06-18T12:32:00Z,0.0009177779247693252,-0.00046776494855294004,0.0009245504770660773,0.0013841654348132433,0.0005428022475939542,-0.0007230203102892574,-0.001274262473316412,0.00156241399762876
gmat_d04_sso_900km_i97p6_jun_36h_g2020,numerical_gravity_20x20,EarthMJ2000Eq,108180.0,2026-06-18T12:33:00Z,0.0013182043403503485,-0.0007312119123525918,0.0011809670468210243,0.001914945615249165,0.0006076135150578921,-0.0007566325344043889,-0.0015408785358772548,0.0018209869955953689
gmat_d04_sso_900km_i97p6_jun_36h_g2020,numerical_gravity_20x20,EarthMJ2000Eq,108240.0,2026-06-18T12:34:00Z,-0.0009951704669219907,0.0006735408533131704,-0.0008315410013892688,0.0014613288392100645,-0.0006971214716600116,0.0007518732303424258,0.0014079368781949597,0.0017417169556895125
gmat_d04_sso_900km_i97p6_jun_36h_g2020,numerical_gravity_20x20,EarthMJ2000Eq,108300.0,2026-06-18T12:35:00Z,0.0003804843800025992,-0.00018761420506052673,0.0002197230060119182,0.00047775061772578495,0.00023465052123583519,-0.0002361479900514496,-0.000185129245267035,0.00038091938487655187
gmat_d04_sso_900km_i97p6_jun_36h_g2020,numerical_gravity_20x20,EarthMJ2000Eq,108360.0,2026-06-18T12:36:00Z,0.0013413300621323287,-0.0007989633559191134,0.0009121904440689832,0.0018082035797808325,0.0007677227742419745,-0.0009235057163436977,-0.0015347798587583839,0.0019487971369692857
gmat_d04_sso_900km_i97p6_jun_36h_g2020,numerical_gravity_20x20,EarthMJ2000Eq,108420.0,2026-06-18T12:37:00Z,0.0011486345101729967,-0.0007069920684443787,0.0006369364200509153,0.00149160551956303,0.0004157367783363952,-0.0007136931046147765,-0.0015285905874407035,0.0017374648486943609
gmat_d04_sso_900km_i97p6_jun_36h_g2020,numerical_gravity_20x20,EarthMJ2000Eq,108480.0,2026-06-18T12:38:00Z,0.0012102379969292087,-0.0007728563105047215,0.000576857928535901,0.0015474973200664758,0.0001730411369749163,-0.0005579416928469527,-0.0015935852637483094,0.0016972790461613151
gmat_d04_sso_900km_i97p6_jun_36h_g2020,numerical_gravity_20x20,EarthMJ2000Eq,108540.0,2026-06-18T12:39:00Z,0.0012182101727375994,-0.0008030656317714602,0.0004850307959713973,0.0015375972512119398,7.413536451394975e-05,-0.0004288094324067515,-0.0014216001709144166,0.001486714709531225
gmat_d04_sso_900km_i97p6_jun_36h_g2020,numerical_gravity_20x20,EarthMJ2000Eq,108600.0,2026-06-18T12:40:00Z,0.0011719466783688404,-0.0007900748641986866,0.00039461974665755406,0.0014674474615571091,0.00013238032892104457,-0.0004114992790960059,-0.0012540295468710383,0.0013264412209394573
gmat_d04_sso_900km_i97p6_jun_36h_g2020,numerical_gravity_20x20,EarthMJ2000Eq,108660.0,2026-06-18T12:41:00Z,0.0014352102652992471,-0.000998620407699491,0.000363122126145754,0.0017857572351220772,0.00018765167197898336,-0.0005052180895859237,-0.0016513119760475092,0.0017370347464225602
gmat_d04_sso_900km_i97p6_jun_36h_g2020,numerical_gravity_20x20,EarthMJ2000Eq,108720.0,2026-06-18T12:42:00Z,-0.0001548302179799066,0.0001274636360903969,-3.2390744308941066e-05,0.00020314658560255874,-6.091660509355279e-05,-2.7052138307226414e-05,0.00020987367399527557,0.00022020356491072614
gmat_d04_sso_900km_i97p6_jun_36h_g2020,numerical_gravity_20x20,EarthMJ2000Eq,108780.0,2026-06-18T12:43:00Z,-0.00015178548018468518,0.00012093050827388652,-1.883108780020848e-05,0.00019498110086368665,-5.311839856858569e-05,-3.490807642947402e-05,0.00020421553337257592,0.00021387875569383417
gmat_d04_sso_900km_i97p6_jun_36h_g2020,numerical_gravity_20x20,EarthMJ2000Eq,108840.0,2026-06-18T12:44:00Z,-0.0001597741174919065,0.00012250063718965976,-6.162736099213362e-06,0.00020142530637538755,-4.3011816330817965e-05,-4.154099286779456e-05,0.0002146047506368376,0.00022277986764610805
gmat_d04_sso_900km_i97p6_jun_36h_g2020,numerical_gravity_20x20,EarthMJ2000Eq,108900.0,2026-06-18T12:45:00Z,-0.00014714385088154813,0.00010824362561834278,4.883077053818852e-06,0.00018273434209466143,-3.3582914227281435e-05,-5.191758134515112e-05,0.00019746179691360055,0.0002069164290748208
gmat_d04_sso_900km_i97p6_jun_36h_g2020,numerical_gravity_20x20,EarthMJ2000Eq,108960.0,2026-06-18T12:46:00Z,0.002610160436233855,-0.002023571937570523,-0.0002939887053798884,0.0033157518375617877,-0.0005387539303569611,-0.00025432811412429146,-0.003300906326053621,0.003354239281937099
gmat_d04_sso_900km_i97p6_jun_36h_g2020,numerical_gravity_20x20,EarthMJ2000Eq,109020.0,2026-06-18T12:47:00Z,-0.0001678940861893352,0.00011517747111611243,3.193144948454574e-05,0.00020609194913008837,-1.035882490896256e-05,-6.626432735856724e-05,0.00021166979280451415,0.00022204136443393572
gmat_d04_sso_900km_i97p6_jun_36h_g2020,numerical_gravity_20x20,EarthMJ2000Eq,109080.0,2026-06-18T12:48:00Z,-0.00016044009498727974,0.00010491521607036702,4.311095835873857e-05,0.00019648608442642454,-5.736744412843109e-06,-7.02282676456889e-05,0.00019890866731486767,0.00021102032543323762
gmat_d04_sso_900km_i97p6_jun_36h_g2020,numerical_gravity_20x20,EarthMJ2000Eq,109140.0,2026-06-18T12:49:00Z,-0.0001617931957298424,0.00010157111773878569,5.5306372814811766e-05,0.00019887816626546091,2.724043213220284e-06,-7.382894295915321e-05,0.00020196955219375923,0.0002150577439741267
gmat_d04_sso_900km_i97p6_jun_36h_g2020,numerical_gravity_20x20,EarthMJ2000Eq,109200.0,2026-06-18T12:50:00Z,-0.00016123385648825206,9.692746516520856e-05,6.75172486808151e-05,0.00019987463283481976,1.5206502723685844e-05,-8.075851098965359e-05,0.00020333779104930727,0.0002193158272700883
gmat_d04_sso_900km_i97p6_jun_36h_g2020,numerical_gravity_20x20,EarthMJ2000Eq,109260.0,2026-06-18T12:51:00Z,-0.00015922296370263211,9.120174127019709e-05,7.905146048869938e-05,0.00019979700494842777,2.8765434478827956e-05,-8.995648670406808e-05,0.00019868817702217711,0.00021999229852267762
gmat_d04_sso_900km_i97p6_jun_36h_g2020,numerical_gravity_20x20,EarthMJ2000Eq,109320.0,2026-06-18T12:52:00Z,-0.00016065041563706473,8.869392331689596e-05,9.380346455145627e-05,0.00020609283839949748,4.277378451433833e-05,-9.956391266996434e-05,0.00019437385034848376,0.00022253935168218249
gmat_d04_sso_900km_i97p6_jun_36h_g2020,numerical_gravity_20x20,EarthMJ2000Eq,109380.0,2026-06-18T12:53:00Z,-0.00014520946933771484,7.115932021406479e-05,9.386258170707151e-05,0.00018697492634945796,3.9883651936634124e-05,-9.947775936325343e-05,0.00016756862564193398,0.0001989114742775352
gmat_d04_sso_900km_i97p6_jun_36h_g2020,numerical_gravity_20x20,EarthMJ2000Eq,109440.0,2026-06-18T12:54:00Z,0.002055288405244937,-0.0019045833141717594,-0.0017891497918753885,0.0033245608743296467,-0.0017238015459497547,0.0007354827857852797,-0.0028101392324231256,0.003377766895984516
gmat_d04_sso_900km_i97p6_jun_36h_g2020,numerical_gravity_20x20,EarthMJ2000Eq,109500.0,2026-06-18T12:55:00Z,-0.00015181103663053364,7.027301762718707e-05,0.00012599957699421793,0.0002094296570497837,6.648459560665287e-05,-0.00011017764478538083,0.00017404389041075774,0.00021644997263281317
gmat_d04_sso_900km_i97p6_jun_36h_g2020,numerical_gravity_20x20,EarthMJ2000Eq,109560.0,2026-06-18T12:56:00Z,0.0001521175363450311,-0.00021884443413000554,-0.00019174694898538291,0.00032832837778444806,-0.00023380941627237917,8.486278346708787e-05,-0.00019978951826260527,0.00031903665426251014
gmat_d04_sso_900km_i97p6_jun_36h_g2020,numerical_gravity_20x20,EarthMJ2000Eq,109620.0,2026-06-18T12:57:00Z,5.642596079269424e-05,-0.00013737053450313397,-0.00011686097423080355,0.00018897364921921763,-9.343814610929257e-05,1.8389734179891093e-05,-9.101075448825213e-05,0.00013172633337366323
gmat_d04_sso_900km_i97p6_jun_36h_g2020,numerical_gravity_20x20,EarthMJ2000Eq,109680.0,2026-06-18T12:58:00Z,6.29415808361955e-05,-0.00014838360584690236,-0.000137782990350388,0.00021204596084854649,-0.00013611023419457524,1.5545786880011292e-05,-0.00017815615649396932,0.00022473825539708306
gmat_d04_sso_900km_i97p6_jun_36h_g2020,numerical_gravity_20x20,EarthMJ2000Eq,109740.0,2026-06-18T12:59:00Z,5.1119059207849205e-05,-0.00014556417227140628,-0.00014778197510167956,0.0002136389445496974,-0.0002346762784100065,5.667066815817634e-05,-0.00016269030567173104,0.0002911230939610018
gmat_d04_sso_900km_i97p6_jun_36h_g2020,numerical_gravity_20x20,EarthMJ2000Eq,109800.0,2026-06-18T13:00:00Z,3.581862983992323e-05,-0.00014108081813901663,-0.00015414934750879183,0.0002120113035377359,-0.00025161339678447803,8.358425063192954e-05,-4.25748325483255e-05,0.0002685297837515279
gmat_d04_sso_900km_i97p6_jun_36h_g2020,numerical_gravity_20x20,EarthMJ2000Eq,109860.0,2026-06-18T13:01:00Z,2.359865902690217e-05,-0.00013689304978470318,-0.00015391242413897999,0.0002073297810049547,-0.00014189938113418066,4.6485482130265154e-05,2.8323121625817294e-05,0.00015198201746844102
gmat_d04_sso_900km_i97p6_jun_36h_g2020,numerical_gravity_20x20,EarthMJ2000Eq,109920.0,2026-06-18T13:02:00Z,1.8691025616135448e-05,-0.00013585986380348913,-0.0001540029188618064,0.00020621385998337204,-3.728883868348021e-05,-7.211120589545317e-06,-5.555467197382313e-05,6.729620590076877e-05
gmat_d04_sso_900km_i97p6_jun_36h_g2020,numerical_gravity_20x20,EarthMJ2000Eq,109980.0,2026-06-18T13:03:00Z,1.6149897419381887e-05,-0.00013641329132951796,-0.00016194053387152962,0.00021235381265379845,-7.501199661419378e-05,3.3213432004686183e-06,-0.00020398882583094746,0.00021736897667466658
gmat_d04_sso_900km_i97p6_jun_36h_g2020,numerical_gravity_20x20,EarthMJ2000Eq,110040.0,2026-06-18T13:04:00Z,7.3323462856933475e-06,-0.00013397539078141563,-0.0001760954546625726,0.0002213882964158325,-0.00022576784886041423,8.481748636768316e-05,-0.00023809754168269137,0.0003389034773030987
gmat_d04_sso_900km_i97p6_jun_36h_g2020,numerical_gravity_20x20,EarthMJ2000Eq,110100.0,2026-06-18T13:05:00Z,-9.957147995010018e-06,-0.0001263570084120147,-0.00018704486137721688,0.00022594472452051355,-0.0003295179684670302,0.00016058887553072054,-0.00010581313603097442,0.00038153282721617736
gmat_d04_sso_900km_i97p6_jun_36h_g2020,numerical_gravity_20x20,EarthMJ2000Eq,110160.0,2026-06-18T13:06:00Z,-2.8864633350167423e-05,-0.00011710244507412426,-0.00019303320186736528,0.0002276136347496452,-0.0002820397249081452,0.00016317214246441836,5.5917048769060784e-05,0.0003306028899536908
gmat_d04_sso_900km_i97p6_jun_36h_g2020,numerical_gravity_20x20,EarthMJ2000Eq,110220.0,2026-06-18T13:07:00Z,-3.8543475966434926e-05,-0.00010230724001303315,-0.00013436510926112533,0.00017322342071848616,-0.00010514533688166239,7.557621195530828e-05,0.00010226486324427242,0.00016500123616458665
gmat_d04_sso_900km_i97p6_jun_36h_g2020,numerical_gravity_20x20,EarthMJ2000Eq,110280.0,2026-06-18T13:08:00Z,-5.6803401093930006e-05,-0.00013165026757633314,-0.0003923905751435086,0.00041776642132920576,-0.00024105017981668198,0.00019283574737016806,1.4741985410182679e-05,0.00030904391401109977
gmat_d04_sso_900km_i97p6_jun_36h_g2020,numerical_gravity_20x20,EarthMJ2000Eq,110340.0,2026-06-18T13:09:00Z,-1.8252649169880897e-05,-1.1828888091258705e-05,0.0004966275355400285,0.0004971036017288112,0.0004618076476781141,-0.0003441733564812921,-2.7006841207821708e-05,0.0005765856157047419
gmat_d04_sso_900km_i97p6_jun_36h_g2020,numerical_gravity_20x20,EarthMJ2000Eq,110400.0,2026-06-18T13:10:00Z,-6.382924766512588e-05,-8.618371794000268e-06,0.00030301154652079276,0.0003097812881934578,0.0002636111884335435,-0.0002166621326793461,-9.960654523410994e-05,0.00035546420671845783
gmat_d04_sso_900km_i97p6_jun_36h_g2020,numerical_gravity_20x20,EarthMJ2000Eq,110460.0,2026-06-18T13:11:00Z,-0.0002949973350041546,-0.0002929100446635857,-0.0024407795535807963,0.0024759290278807368,-0.002125364662042273,0.001553921435970551,-8.22479861994907e-05,0.002634124428925239
gmat_d04_sso_900km_i97p6_jun_36h_g2020,numerical_gravity_20x20,EarthMJ2000Eq,110520.0,2026-06-18T13:12:00Z,-0.0003482437023194507,-0.00014747092791367322,-0.0017969620103031048,0.0018363261739836564,-0.0016427874616198324,0.0012371655921938896,0.0001828981410767483,0.0020646503521354696
gmat_d04_sso_900km_i97p6_jun_36h_g2020,numerical_gravity_20x20,EarthMJ2000Eq,110580.0,2026-06-18T13:13:00Z,-0.0005969423000351526,-5.3588337323162705e-05,-0.002351838247705018,0.0024270053487449364,-0.001992705556119745,0.001611360381931215,0.0005878639797174401,0.002629247377577325
gmat_d04_sso_900km_i97p6_jun_36h_g2020,numerical_gravity_20x20,EarthMJ2000Eq,110640.0,2026-06-18T13:14:00Z,-1.9246726878918707e-05,-9.96988092083484e-05,-3.679770088638179e-05,0.00010800166592991967,4.7305492856253295e-05,4.664027497547352e-05,0.00010911982428751799,0.00012775077673618903
gmat_d04_sso_900km_i97p6_jun_36h_g2020,numerical_gravity_20x20,EarthMJ2000Eq,110700.0,2026-06-18T13:15:00Z,2.1798769012093544e-05,-5.793754098704085e-05,0.0003723155259649502,0.0003774265436619756,0.000468875605008634,-0.0002838648205383265,-4.04387634489467e-05,0.0005495988199593853
gmat_d04_sso_900km_i97p6_jun_36h_g2020,numerical_gravity_20x20,EarthMJ2000Eq,110760.0,2026-06-18T13:16:00Z,-0.001031437932397239,0.00023805750970495865,-0.0026267207431374118,0.0028319953122742233,-0.0020098021025205526,0.0016968332294808874,0.0008395160122631751,0.0027610386876704275
gmat_d04_sso_900km_i97p6_jun_36h_g2020,numerical_gravity_20x20,EarthMJ2000Eq,110820.0,2026-06-18T13:17:00Z,1.8630089471116662e-05,-0.00010652092896634713,3.484046828816645e-05,0.000113611824965952,-6.542988373325898e-05,2.3512303215511565e-05,-0.00020322588056842505,0.00021478979636066912
gmat_d04_sso_900km_i97p6_jun_36h_g2020,numerical_gravity_20x20,EarthMJ2000Eq,110880.0,2026-06-18T13:18:00Z,2.664546627784148e-05,-7.407106750179082e-05,0.00026480574888410047,0.0002762581918352607,9.167067105408933e-05,-6.796541107689791e-05,-2.091837814077735e-05,0.00011601891043446028
gmat_d04_sso_900km_i97p6_jun_36h_g2020,numerical_gravity_20x20,EarthMJ2000Eq,110940.0,2026-06-18T13:19:00Z,-0.0011851398085127585,0.0004466173777473159,-0.002086619133478962,0.0024409020578523917,-0.0015944112696786306,0.0014712446816389502,0.0013737997406337854,0.0025678851098704892
gmat_d04_sso_900km_i97p6_jun_36h_g2020,numerical_gravity_20x20,EarthMJ2000Eq,111000.0,2026-06-18T13:20:00Z,-0.0009797904567676596,0.00039749647839926183,-0.001480517767049605,0.0018193201059907907,-0.0009824638880218117,0.001007238736860927,0.001055949105932541,0.0017592025689555661
gmat_d04_sso_900km_i97p6_jun_36h_g2020,numerical_gravity_20x20,EarthMJ2000Eq,111060.0,2026-06-18T13:21:00Z,-0.0014109527910477482,0.0006593800208065659,-0.0018931932572741061,0.0024514792472693785,-0.0013360237360870997,0.0013520593533655756,0.001402980842613033,0.002362494267326515
gmat_d04_sso_900km_i97p6_jun_36h_g2020,numerical_gravity_20x20,EarthMJ2000Eq,111120.0,2026-06-18T13:22:00Z,2.3806023818906397e-06,-8.626511771581136e-05,-2.708384272409603e-05,9.044817487891629e-05,-7.199929541457095e-05,0.0001249009784487498,-0.00016859580398431717,0.0002218303362454469
gmat_d04_sso_900km_i97p6_jun_36h_g2020,numerical_gravity_20x20,EarthMJ2000Eq,111180.0,2026-06-18T13:23:00Z,0.00034035565477097407,-0.00025317240215372294,0.00047250523493858054,0.0006349798689653303,0.0003184421615287647,-0.0002305124979784523,-0.000403599820231193,0.000563413025101505
gmat_d04_sso_900km_i97p6_jun_36h_g2020,numerical_gravity_20x20,EarthMJ2000Eq,111240.0,2026-06-18T13:24:00Z,-0.00035555558497435413,0.00013855651559424587,-0.0003456052581896074,0.000514840437910989,-0.00022042545566591798,0.00031067104444559845,0.0005155147420055073,0.0006409830953991309
gmat_d04_sso_900km_i97p6_jun_36h_g2020,numerical_gravity_20x20,EarthMJ2000Eq,111300.0,2026-06-18T13:25:00Z,-0.0001578828232595697,3.655168256955221e-05,-8.643200999358669e-05,0.00018366682806268884,0.000107076125743788,8.499423387320348e-06,0.00020451906834750844,0.00023100992666971965
gmat_d04_sso_900km_i97p6_jun_36h_g2020,numerical_gravity_20x20,EarthMJ2000Eq,111360.0,2026-06-18T13:26:00Z,-0.00019368326320545748,6.025584298186004e-05,-0.00012733380572171882,0.00023949503364150483,4.531752750835949e-05,3.7557956744649346e-05,9.666045741596463e-06,5.964654939376213e-05
gmat_d04_sso_900km_i97p6_jun_36h_g2020,numerical_gravity_20x20,EarthMJ2000Eq,111420.0,2026-06-18T13:27:00Z,-0.00019218805391574278,6.42348823021166e-05,-0.00012554846762213856,0.000238379499736354,-0.00015636647532346615,0.00020501689235175036,-5.430367266967551e-05,0.00026349817764088733
gmat_d04_sso_900km_i97p6_jun_36h_g2020,numerical_gravity_20x20,EarthMJ2000Eq,111480.0,2026-06-18T13:28:00Z,-0.00020577590476023033,8.17717591417022e-05,-0.00012158216122770682,0.00025261149123074355,-0.0002510658347887329,0.00035121194841281067,0.00022508750419092394,0.00048687603211596404
gmat_d04_sso_900km_i97p6_jun_36h_g2020,numerical_gravity_20x20,EarthMJ2000Eq,111540.0,2026-06-18T13:29:00Z,-0.0002161229986086255,0.00010159101293538697,-9.848190529737622e-05,0.0002583187374307626,-5.184030982263721e-05,0.0002693405498632728,0.0005056501883871078,0.0005752511299763563
gmat_d04_sso_900km_i97p6_jun_36h_g2020,numerical_gravity_20x20,EarthMJ2000Eq,111600.0,2026-06-18T13:30:00Z,-0.0002104061422869563,0.00011123756848974153,-6.85486156726256e-05,0.0002476761071767363,0.00022167867541611486,5.183631301974856e-05,0.00042244163722671146,0.00047988058446295684
gmat_d04_sso_900km_i97p6_jun_36h_g2020,numerical_gravity_20x20,EarthMJ2000Eq,111660.0,2026-06-18T13:31:00Z,-0.00019522212824085727,0.00011054726201109588,-5.3293661039788276e-05,0.00023059182726207678,0.00022381296815865426,-3.589306629692146e-05,7.823208747481658e-05,0.0002397932785439353
gmat_d04_sso_900km_i97p6_jun_36h_g2020,numerical_gravity_20x20,EarthMJ2000Eq,111720.0,2026-06-18T13:32:00Z,-0.00018937089407700114,0.00011153224477311596,-5.5076270655263215e-05,0.00022657045865898944,-5.0239812310337584e-05,9.481393448140807e-05,-7.158473813717592e-05,0.0001289887423265718
gmat_d04_sso_900km_i97p6_jun_36h_g2020,numerical_gravity_20x20,EarthMJ2000Eq,111780.0,2026-06-18T13:33:00Z,-0.00019636405568235205,0.00012029977369820699,-5.249148671282455e-05,0.00023619109655781758,-0.00021729995580699324,0.00023289992157060624,0.00016786749768016307,0.00036005713579752215
gmat_d04_sso_900km_i97p6_jun_36h_g2020,numerical_gravity_20x20,EarthMJ2000Eq,111840.0,2026-06-18T13:34:00Z,-0.00022923819642528542,0.00015177010936895385,-3.1956005841493607e-05,0.00027677699165126345,-6.38769037664133e-05,0.00019300916420661451,0.0004712121803862601,0.0005131994887437953
gmat_d04_sso_900km_i97p6_jun_36h_g2020,numerical_gravity_20x20,EarthMJ2000Eq,111900.0,2026-06-18T13:35:00Z,-0.0001095060042644036,7.275616553670261e-05,-5.47879608348012e-06,0.00013158663230010867,0.00016505108391129397,4.67901273282223e-05,0.000285065859806366,0.00033270665869926163
gmat_d04_sso_900km_i97p6_jun_36h_g2020,numerical_gravity_20x20,EarthMJ2000Eq,111960.0,2026-06-18T13:36:00Z,-0.0007566338808828732,0.0005715273800888099,6.1027094488963485e-06,0.0009482487115486499,0.0001573674524024682,0.000156663126915646,0.0009389972896456378,0.0009648957251291377
gmat_d04_sso_900km_i97p6_jun_36h_g2020,numerical_gravity_20x20,EarthMJ2000Eq,112020.0,2026-06-18T13:37:00Z,-0.0007743922196823405,0.0006014662972120277,6.242953531909734e-05,0.0009825184290722735,0.00019606360979196324,0.00013085887928809825,0.0009467812089880567,0.0009756841922805138
gmat_d04_sso_900km_i97p6_jun_36h_g2020,numerical_gravity_20x20,EarthMJ2000Eq,112080.0,2026-06-18T13:38:00Z,-0.0007520829967688769,0.0006011881055201229,0.0001188382157124579,0.0009701435428643791,0.00021408563810609849,0.00010749268142262736,0.0009344104379138685,0.0009646295680130842
gmat_d04_sso_900km_i97p6_jun_36h_g2020,numerical_gravity_20x20,EarthMJ2000Eq,112140.0,2026-06-18T13:39:00Z,-0.0007405189990095096,0.0006084046901833062,0.00017549609765410423,0.0009743323535749544,0.0002526041598116535,7.151612635425408e-05,0.0009602922901308375,0.0009955323703263483
gmat_d04_sso_900km_i97p6_jun_36h_g2020,numerical_gravity_20x20,EarthMJ2000Eq,112200.0,2026-06-18T13:40:00Z,-0.0007232417829072801,0.0006109846140134323,0.00023328266252065077,0.0009750905987326347,0.00031738522920932155,1.977706887146269e-05,0.0009638809750356359,0.001014983275827266
gmat_d04_sso_900km_i97p6_jun_36h_g2020,numerical_gravity_20x20,EarthMJ2000Eq,112260.0,2026-06-18T13:41:00Z,-0.0007021926649031229,0.0006107335366323241,0.00029026250558672473,0.0009748447638268667,0.00038108982636231303,-2.5072388609714835e-05,0.0009311804660683265,0.0010064567257536115
gmat_d04_sso_900km_i97p6_jun_36h_g2020,numerical_gravity_20x20,EarthMJ2000Eq,112320.0,2026-06-18T13:42:00Z,-0.0006779791874578223,0.00060833963289042,0.0003449240466579795,0.000974015136193548,0.0004227782568477778,-5.284306325847865e-05,0.0008931064776618314,0.0009895317196731534
gmat_d04_sso_900km_i97p6_jun_36h_g2020,numerical_gravity_20x20,EarthMJ2000Eq,112380.0,2026-06-18T13:43:00Z,-0.0006516338544315659,0.0006043483153916895,0.0003978539098170586,0.0009737306096220002,0.0004559241872925668,-8.266276552149066e-05,0.0008740768109305463,0.0009892978665541345
gmat_d04_sso_900km_i97p6_jun_36h_g2020,numerical_gravity_20x20,EarthMJ2000Eq,112440.0,2026-06-18T13:44:00Z,-0.000623095274931984,0.0005980170953989727,0.0004498506314121187,0.0009737750041020106,0.0004967466438188239,-0.000131250565971186,0.0008564442488534496,0.0009987395509376666
gmat_d04_sso_900km_i97p6_jun_36h_g2020,numerical_gravity_20x20,EarthMJ2000Eq,112500.0,2026-06-18T13:45:00Z,-0.0005920433068240527,0.0005885060545551823,0.0005000938472221605,0.0009731127937874048,0.0005362688071386401,-0.00018385915012686382,0.000813697997870122,0.0009917120813689414
gmat_d04_sso_900km_i97p6_jun_36h_g2020,numerical_gravity_20x20,EarthMJ2000Eq,112560.0,2026-06-18T13:46:00Z,-0.0005594074536929838,0.0005767831225966802,0.0005475785656017251,0.0009723465201593966,0.0005591456186948562,-0.00021230395219618003,0.0007606955065853072,0.00096766442776556
gmat_d04_sso_900km_i97p6_jun_36h_g2020,numerical_gravity_20x20,EarthMJ2000Eq,112620.0,2026-06-18T13:47:00Z,-0.0005232686817180365,0.0005617630449705757,0.0005893562047276646,0.0009678473888028742,0.0005738831632129404,-0.00022074164718333122,0.0007279963298856273,0.0009529152198109986
gmat_d04_sso_900km_i97p6_jun_36h_g2020,numerical_gravity_20x20,EarthMJ2000Eq,112680.0,2026-06-18T13:48:00Z,-0.0004988833097741008,0.0005589245120063424,0.0006484915502369404,0.000990869546217563,0.0006236469118903187,-0.0002536775234318611,0.0007333076368354341,0.0009955038155858684
gmat_d04_sso_900km_i97p6_jun_36h_g2020,numerical_gravity_20x20,EarthMJ2000Eq,112740.0,2026-06-18T13:49:00Z,2.404613042017445e-05,6.988329914747737e-05,2.0889274310320616e-05,7.68000889916911e-05,0.00018562396064680797,-3.3512748132125125e-05,0.00012890133405107917,0.00022846206025010557
gmat_d04_sso_900km_i97p6_jun_36h_g2020,numerical_gravity_20x20,EarthMJ2000Eq,112800.0,2026-06-18T13:50:00Z,6.674054020550102e-05,3.2890056900214404e-05,-3.126388037344441e-05,8.07061693170137e-05,0.0001489404155563534,-0.00012338619015395125,-0.0001254694126373579,0.00023054277870792188
gmat_d04_sso_900km_i97p6_jun_36h_g2020,numerical_gravity_20x20,EarthMJ2000Eq,112860.0,2026-06-18T13:51:00Z,7.35644789529033e-05,2.5075678422581404e-05,-4.578851076075807e-05,9.020593067893555e-05,-5.60413937478188e-05,-1.9538592965773205e-05,-0.00030953462015759214,0.00031517308816646303
gmat_d04_sso_900km_i97p6_jun_36h_g2020,numerical_gravity_20x20,EarthMJ2000Eq,112920.0,2026-06-18T13:52:00Z,6.509708327939734e-05,2.9443071980495006e-05,-6.319623935269192e-05,9.538495377917907e-05,-0.0002389599629282202,0.00020693757818435188,-0.00017832846310739114,0.0003629408573055743
gmat_d04_sso_900km_i97p6_jun_36h_g2020,numerical_gravity_20x20,EarthMJ2000Eq,112980.0,2026-06-18T13:53:00Z,5.1985807658638805e-05,4.518597052083351e-05,-6.396157914423384e-05,9.399670066792086e-05,-0.00014416512428283568,0.0002672866372677163,0.00014026912964482108,0.00033451630491305626
gmat_d04_sso_900km_i97p6_jun_36h_g2020,numerical_gravity_20x20,EarthMJ2000Eq,113040.0,2026-06-18T13:54:00Z,5.1019924285355955e-05,5.65382833883632e-05,-5.082119969301857e-05,9.155547226039518e-05,0.00011163248103684964,8.348299829208372e-05,0.00023742874333265718,0.0002753245902326987
gmat_d04_sso_900km_i97p6_jun_36h_g2020,numerical_gravity_20x20,EarthMJ2000Eq,113100.0,2026-06-18T13:55:00Z,6.192749424371868e-05,5.489846444106661e-05,-4.2296505853300914e-05,9.294003630670253e-05,0.0002030586809809165,-0.0001156195139628835,9.543477119677846e-06,0.00023386273300005894
gmat_d04_sso_900km_i97p6_jun_36h_g2020,numerical_gravity_20x20,EarthMJ2000Eq,113160.0,2026-06-18T13:56:00Z,6.95063135935925e-05,4.71818566438742e-05,-5.0037215260090306e-05,9.77802543293815e-05,1.460520593354886e-05,-9.978906589935832e-05,-0.00023633806023326542,0.0002569568999428707
gmat_d04_sso_900km_i97p6_jun_36h_g2020,numerical_gravity_20x20,EarthMJ2000Eq,113220.0,2026-06-18T13:57:00Z,6.287609721766785e-05,4.6471086534438655e-05,-6.448453859775327e-05,0.00010134703351939827,-0.00021249491055641556,8.575407051125694e-05,-0.00018922463596027228,0.00029717639622945535
gmat_d04_sso_900km_i97p6_jun_36h_g2020,numerical_gravity_20x20,EarthMJ2000Eq,113280.0,2026-06-18T13:58:00Z,4.964203981216997e-05,5.61922206543386e-05,-6.564255272678565e-05,9.965361261523728e-05,-0.00018967338810682577,0.00019630652658975123,6.794742546389898e-05,0.0002812989498110993
gmat_d04_sso_900km_i97p6_jun_36h_g2020,numerical_gravity_20x20,EarthMJ2000Eq,113340.0,2026-06-18T13:59:00Z,4.226239980198443e-05,6.273603503359482e-05,-8.94535787665518e-05,0.00011714889364779718,-1.4454548669107226e-06,0.0001386184500518084,0.00018987922345559127,0.0002350984549813893
gmat_d04_sso_900km_i97p6_jun_36h_g2020,numerical_gravity_20x20,EarthMJ2000Eq,113400.0,2026-06-18T14:00:00Z,6.603295332752168e-05,8.440656529273838e-05,0.00011233055374759715,0.00015525132042888966,0.0002752800834504576,-0.00011488077156229792,5.81605874572233e-05,0.00030390684420165514
gmat_d04_sso_900km_i97p6_jun_36h_g2020,numerical_gravity_20x20,EarthMJ2000Eq,113460.0,2026-06-18T14:01:00Z,3.6970959627069533e-06,8.445567800663412e-06,-0.000634995501513913,0.0006350624245512712,-0.00043179854136710105,0.0003144421389933427,-8.469935863786304e-05,0.0005408306763258996
gmat_d04_sso_900km_i97p6_jun_36h_g2020,numerical_gravity_20x20,EarthMJ2000Eq,113520.0,2026-06-18T14:02:00Z,0.00011816337064374238,4.09700078307651e-05,8.290861330806365e-05,0.00015004986459243947,-1.140076921757327e-05,-9.480172202813719e-05,-0.00020051960092359877,0.0002220933461245786
gmat_d04_sso_900km_i97p6_jun_36h_g2020,numerical_gravity_20x20,EarthMJ2000Eq,113580.0,2026-06-18T14:03:00Z,0.0003016248228959739,0.0002428596417303197,0.0021537282464123564,0.002188264997380996,0.0015496288696681404,-0.0012901921753183387,-9.683276402938645e-05,0.002018742694637233
gmat_d04_sso_900km_i97p6_jun_36h_g2020,numerical_gravity_20x20,EarthMJ2000Eq,113640.0,2026-06-18T14:04:00Z,-0.00022222957341000438,2.8375325200613588e-05,-0.0014642907899542479,0.0014813300307234267,-0.0012242127311878903,0.000949552547702126,0.0003616094090830302,0.0015909456988808545
gmat_d04_sso_900km_i97p6_jun_36h_g2020,numerical_gravity_20x20,EarthMJ2000Eq,113700.0,2026-06-18T14:05:00Z,0.0003734166966751218,2.6550878828857094e-05,0.0012052155398123432,0.0012620180172753092,0.0011005847344591757,-0.0007945983454549221,-0.00020761969921068157,0.0013732367704895642
gmat_d04_sso_900km_i97p6_jun_36h_g2020,numerical_gravity_20x20,EarthMJ2000Eq,113760.0,2026-06-18T14:06:00Z,0.0005121637514093891,1.67374309967272e-05,0.0017438505892641842,0.0018175826604397258,0.0014820686899952307,-0.0011250264608797522,-0.0005087867904762788,0.0019290091077304307
gmat_d04_sso_900km_i97p6_jun_36h_g2020,numerical_gravity_20x20,EarthMJ2000Eq,113820.0,2026-06-18T14:07:00Z,-0.00025444842322031036,0.0001383405106025748,-0.0009943287295755,0.0010356503847400971,-0.0008878489055064165,0.0006860005896669463,0.00022181634307116838,0.0011437110553307623
gmat_d04_sso_900km_i97p6_jun_36h_g2020,numerical_gravity_20x20,EarthMJ2000Eq,113880.0,2026-06-18T14:08:00Z,-0.00011490101314848289,0.00012696636986220255,-0.00040867917050491087,0.00044310423864268715,-0.00044538728261045435,0.00027866553509170444,0.00032927882642752593,0.0006200393999517768
gmat_d04_sso_900km_i97p6_jun_36h_g2020,numerical_gravity_20x20,EarthMJ2000Eq,113940.0,2026-06-18T14:09:00Z,-0.0003873519744956866,0.0002474553184583783,-0.0008688689376867842,0.0009829592655120583,-0.000588495030484637,0.0004299642863969666,0.0006728431145575087,0.0009919241630736773
gmat_d04_sso_900km_i97p6_jun_36h_g2020,numerical_gravity_20x20,EarthMJ2000Eq,114000.0,2026-06-18T14:10:00Z,0.0006162636054796167,-0.0002022798071266152,0.0009926075108523946,0.0011857350557399002,0.000982368408841694,-0.0009174130344291598,-0.00067977001805275,0.0015062475373835856
gmat_d04_sso_900km_i97p6_jun_36h_g2020,numerical_gravity_20x20,EarthMJ2000Eq,114060.0,2026-06-18T14:11:00Z,0.0009605828381609172,-0.0003594968802644871,0.001613906988495728,0.00191223773715627,0.0012867746868039376,-0.001200320287608747,-0.0013469705351099037,0.002216052235372347
gmat_d04_sso_900km_i97p6_jun_36h_g2020,numerical_gravity_20x20,EarthMJ2000Eq,114120.0,2026-06-18T14:12:00Z,-0.0006987374945310876,0.00042212786866002716,-0.0011745169103960507,0.0014303551994414966,-0.0011395604460062714,0.0009354874652700573,0.0005522506896227242,0.001574393734733527
gmat_d04_sso_900km_i97p6_jun_36h_g2020,numerical_gravity_20x20,EarthMJ2000Eq,114180.0,2026-06-18T14:13:00Z,0.0008226706995628774,-0.0003656159606180154,0.0009710129234008491,0.0013241330023790554,0.00041254200056073387,-0.0004924443075537965,-0.0007444960203883966,0.0009833446103187584
gmat_d04_sso_900km_i97p6_jun_36h_g2020,numerical_gravity_20x20,EarthMJ2000Eq,114240.0,2026-06-18T14:14:00Z,0.0009429645615455229,-0.0004228686520946212,0.0012007230907329358,0.0015842146325148988,0.0008196057166287574,-0.0008218061786635644,-0.0006616174275109188,0.0013359852343519053
gmat_d04_sso_900km_i97p6_jun_36h_g2020,numerical_gravity_20x20,EarthMJ2000Eq,114300.0,2026-06-18T14:15:00Z,-0.00032863817978068255,0.0002543224582041148,-0.00043062755139544606,0.0005984338342518591,-0.00023424995276855043,0.0001736806254371004,0.0005613909337398582,0.0006326118719322301
gmat_d04_sso_900km_i97p6_jun_36h_g2020,numerical_gravity_20x20,EarthMJ2000Eq,114360.0,2026-06-18T14:16:00Z,-0.0006493546607089229,0.0004540634108707309,-0.0006427444532164373,0.0010202722620048334,-0.00028109337080195473,0.0002379514363326507,0.0007257412448780087,0.0008138394950348985
gmat_d04_sso_900km_i97p6_jun_36h_g2020,numerical_gravity_20x20,EarthMJ2000Eq,114420.0,2026-06-18T14:17:00Z,-0.0011370425454515498,0.0007520848157582805,-0.001020623130898457,0.0017029882253222057,-0.0006999503199267565,0.0006215761239047879,0.0010786918025473824,0.001428237841907639
gmat_d04_sso_900km_i97p6_jun_36h_g2020,numerical_gravity_20x20,EarthMJ2000Eq,114480.0,2026-06-18T14:18:00Z,0.0013838634913554415,-0.0008156157491612248,0.0009663772289059125,0.0018746178708030521,0.0004632907391055596,-0.0007368572418897656,-0.0018348735864037735,0.0020308515410902427
gmat_d04_sso_900km_i97p6_jun_36h_g2020,numerical_gravity_20x20,EarthMJ2000Eq,114540.0,2026-06-18T14:19:00Z,-0.00012547752703540027,0.00014301758710644208,-5.317360773915425e-05,0.00019755017735417448,-0.0002977129653913835,0.00016431922489346107,0.0002123665687747689,0.00040091567313449796
gmat_d04_sso_900km_i97p6_jun_36h_g2020,numerical_gravity_20x20,EarthMJ2000Eq,114600.0,2026-06-18T14:20:00Z,0.000820533387013711,-0.0004962939783581533,0.0004112744136364199,0.001043421964245883,0.00012993339737477072,-0.0003253028957317383,-0.0007257532352866747,0.0008058674954692488
gmat_d04_sso_900km_i97p6_jun_36h_g2020,numerical_gravity_20x20,EarthMJ2000Eq,114660.0,2026-06-18T14:21:00Z,0.0024100038444885286,-0.0015604746295139194,0.0012297759894863702,0.0031233873573611186,0.0008048308686170458,-0.001158908080611809,-0.002663553821946607,0.0030141897134707022
gmat_d04_sso_900km_i97p6_jun_36h_g2020,numerical_gravity_20x20,EarthMJ2000Eq,114720.0,2026-06-18T14:22:00Z,-0.0004304015419620555,0.0003391560312593356,-0.00013511362340068445,0.0005643828417761834,-8.428813202954188e-07,-8.316902722071973e-06,0.000598677996066499,0.0005987363562487311
gmat_d04_sso_900km_i97p6_jun_36h_g2020,numerical_gravity_20x20,EarthMJ2000Eq,114780.0,2026-06-18T14:23:00Z,0.001226598897119402,-0.0008289737252198393,0.000362765604222659,0.0015242510210350597,0.0002064597381945532,-0.000516895859448141,-0.001535543692199326,0.0016333099472124492
gmat_d04_sso_900km_i97p6_jun_36h_g2020,numerical_gravity_20x20,EarthMJ2000Eq,114840.0,2026-06-18T14:24:00Z,0.00023344648525380762,-0.00013134672371961642,0.00011092106433352455,0.0002899184468468941,3.0953017926549364e-05,-0.00019168311382600223,-0.0003599833764411642,0.00040900921353775676
gmat_d04_sso_900km_i97p6_jun_36h_g2020,numerical_gravity_20x20,EarthMJ2000Eq,114900.0,2026-06-18T14:25:00Z,-0.0014394637446457637,0.0010502537861611927,-0.00029886632546549663,0.0018067678234883343,-0.00020659385313592793,0.00032387781345732947,0.0017089722970098364,0.0017516175867324827
gmat_d04_sso_900km_i97p6_jun_36h_g2020,numerical_gravity_20x20,EarthMJ2000Eq,114960.0,2026-06-18T14:26:00Z,0.0015520324438966782,-0.0011295649073872482,0.00014721899788128212,0.001925199994869579,-0.00015947332343557719,-0.0003225482103630384,-0.0019198307388279545,0.0019532585990197707
gmat_d04_sso_900km_i97p6_jun_36h_g2020,numerical_gravity_20x20,EarthMJ2000Eq,115020.0,2026-06-18T14:27:00Z,-4.188962066109525e-05,4.184971658105496e-05,3.595141606638208e-05,6.9272241296375e-05,-6.566214239001056e-05,-4.816769205717719e-05,0.0001476281874523977,0.00016859930377033396
gmat_d04_sso_900km_i97p6_jun_36h_g2020,numerical_gravity_20x20,EarthMJ2000Eq,115080.0,2026-06-18T14:28:00Z,-0.00033448088743170956,0.0002503469431758276,6.335540092550218e-06,0.0004178411122458504,-1.269562233119359e-05,-3.104716483903758e-05,0.000444896855467114,0.00044615951998746455
gmat_d04_sso_900km_i97p6_jun_36h_g2020,numerical_gravity_20x20,EarthMJ2000Eq,115140.0,2026-06-18T14:29:00Z,0.0025245122969863587,-0.0019460176190477796,-0.0002467431841068901,0.003197034424303707,-0.00047549963966275755,-0.0002842579505113463,-0.0031818084833545868,0.0032296761005549054
gmat_d04_sso_900km_i97p6_jun_36h_g2020,numerical_gravity_20x20,EarthMJ2000Eq,115200.0,2026-06-18T14:30:00Z,-0.00011275278666289523,7.41656549507752e-05,2.9225702746771276e-05,0.0001380864836816712,-5.214495502059435e-06,-8.545342211618845e-05,0.00011787815168418092,0.00014568712008680538
gmat_d04_sso_900km_i97p6_jun_36h_g2020,numerical_gravity_20x20,EarthMJ2000Eq,115260.0,2026-06-18T14:31:00Z,-0.00026354859983257484,0.00018611490304465406,6.0502316046040505e-05,0.00032826384488086197,1.5578649481540197e-06,-6.218492387688457e-05,0.0002935902632117404,0.0003001077045887187
gmat_d04_sso_900km_i97p6_jun_36h_g2020,numerical_gravity_20x20,EarthMJ2000Eq,115320.0,2026-06-18T14:32:00Z,-0.00021190703591855709,0.00014162884554025368,6.646769179496914e-05,0.0002634032570288467,-2.6360247318280017e-05,-5.128875102400343e-05,0.00026138446962420403,0.0002676700199518234
gmat_d04_sso_900km_i97p6_jun_36h_g2020,numerical_gravity_20x20,EarthMJ2000Eq,115380.0,2026-06-18T14:33:00Z,-0.0002856600076484028,0.00019891456304321764,0.00011990232451353222,0.00036816465173086365,4.225775285249256e-05,-8.172929000238582e-05,0.00040989034388871914,0.00042008985768957676
gmat_d04_sso_900km_i97p6_jun_36h_g2020,numerical_gravity_20x20,EarthMJ2000Eq,115440.0,2026-06-18T14:34:00Z,0.0022517683646583464,-0.0019301230622659205,-0.0011783495210693218,0.0031912918069915194,-0.0012183409836552528,0.00031451286020001135,-0.0029151276947914084,0.0031750972534121077
gmat_d04_sso_900km_i97p6_jun_36h_g2020,numerical_gravity_20x20,EarthMJ2000Eq,115500.0,2026-06-18T14:35:00Z,-0.00011127804100397043,4.601201908371877e-05,7.045946404105052e-05,0.0001395150328201012,5.8690829973784275e-05,-0.00012809753258125056,0.00013076473237561004,0.00019223164830402178
gmat_d04_sso_900km_i97p6_jun_36h_g2020,numerical_gravity_20x20,EarthMJ2000Eq,115560.0,2026-06-18T14:36:00Z,-0.00029258944778121077,0.00019794515537796542,0.00020129027689108625,0.00040658165854033667,0.00015661871799466098,-0.00016069368058424516,0.0003167861528652338,0.00038820786758276535
gmat_d04_sso_900km_i97p6_jun_36h_g2020,numerical_gravity_20x20,EarthMJ2000Eq,115620.0,2026-06-18T14:37:00Z,0.0020032584870932624,-0.001848452257036115,-0.0016992235032375902,0.0032120368656987927,-0.0016733618934949845,0.0007046212502359595,-0.0027700921556572666,0.003312105324973698
gmat_d04_sso_900km_i97p6_jun_36h_g2020,numerical_gravity_20x20,EarthMJ2000Eq,115680.0,2026-06-18T14:38:00Z,-0.00011566726243472658,3.6513029044726864e-05,9.593986760592088e-05,0.00015464984670346947,4.409805853811122e-06,-7.045564132113213e-05,0.00014202150566688942,0.0001585987132782944
gmat_d04_sso_900km_i97p6_jun_36h_g2020,numerical_gravity_20x20,EarthMJ2000Eq,115740.0,2026-06-18T14:39:00Z,-0.0002243550625280477,0.0001315779627475422,0.000209462086786516,0.0003339495772773485,0.00014726531105679896,-0.00014845014106867893,0.00031461588889669656,0.00037776669224565704
gmat_d04_sso_900km_i97p6_jun_36h_g2020,numerical_gravity_20x20,EarthMJ2000Eq,115800.0,2026-06-18T14:40:00Z,-0.00017993079381994903,8.990809874376282e-05,0.00019166145648341626,0.00027783569008631647,0.00015638779160553895,-0.00016659962298604114,0.0002220437167466116,0.00031861573703914566
gmat_d04_sso_900km_i97p6_jun_36h_g2020,numerical_gravity_20x20,EarthMJ2000Eq,115860.0,2026-06-18T14:41:00Z,-0.0002004053385462612,0.00010953681339742616,0.00024750806915108114,0.00033678013228514606,0.0001894431278515185,-0.00018772228216334952,0.0002119913133924456,0.00034068852470348494
gmat_d04_sso_900km_i97p6_jun_36h_g2020,numerical_gravity_20x20,EarthMJ2000Eq,115920.0,2026-06-18T14:42:00Z,0.0006113268682383932,-0.0007241419552883599,-0.0010682897482183762,0.0014280564055342815,-0.0011367000674056271,0.0006025850929347598,-0.0009514771193153138,0.0016001576628719178
gmat_d04_sso_900km_i97p6_jun_36h_g2020,numerical_gravity_20x20,EarthMJ2000Eq,115980.0,2026-06-18T14:43:00Z,0.0004492985681281425,-0.0005912766027904581,-0.0009663426681072451,0.0012187269491293173,-0.0009866676364822524,0.000556501511539409,-0.000542237366119025,0.0012558775093307543
gmat_d04_sso_900km_i97p6_jun_36h_g2020,numerical_gravity_20x20,EarthMJ2000Eq,116040.0,2026-06-18T14:44:00Z,0.00041256407712353393,-0.000578700564801693,-0.0010253593245579395,0.0012475837470456665,-0.0008327627476489852,0.00048162229759896036,-0.0004622728866365833,0.0010673097269001666
gmat_d04_sso_900km_i97p6_jun_36h_g2020,numerical_gravity_20x20,EarthMJ2000Eq,116100.0,2026-06-18T14:45:00Z,0.000364063453162089,-0.0005496308403962757,-0.0010524595381866675,0.001241896669680338,-0.0007234253196486407,0.0004214486537534867,-0.0005987841333876531,0.0010293228838688894
gmat_d04_sso_900km_i97p6_jun_36h_g2020,numerical_gravity_20x20,EarthMJ2000Eq,116160.0,2026-06-18T14:46:00Z,0.0003179429768351838,-0.0005224792403168976,-0.0010941589607682545,0.0012534975566431742,-0.0008486131797269536,0.0005060067920226174,-0.0007680585056846212,0.0012514395992351385
gmat_d04_sso_900km_i97p6_jun_36h_g2020,numerical_gravity_20x20,EarthMJ2000Eq,116220.0,2026-06-18T14:47:00Z,0.0002600008883746341,-0.000487427314510569,-0.00113999749373761,0.0012667991690140218,-0.001082004041919049,0.0006625846538099722,-0.0007156053527523909,0.0014566544515023162
gmat_d04_sso_900km_i97p6_jun_36h_g2020,numerical_gravity_20x20,EarthMJ2000Eq,116280.0,2026-06-18T14:48:00Z,0.00019030176190426573,-0.00044421813072403893,-0.0011757483662222512,0.001271191853703492,-0.0012103664737139752,0.0007599836315819175,-0.0004560520849850036,0.0015001818640359614
gmat_d04_sso_900km_i97p6_jun_36h_g2020,numerical_gravity_20x20,EarthMJ2000Eq,116340.0,2026-06-18T14:49:00Z,0.00011878728400915861,-0.00039848737287684344,-0.0011946858649025671,0.0012649809962930493,-0.0011441649849786018,0.0007485039255072934,-0.00019307311305283292,0.0013808145662379233
gmat_d04_sso_900km_i97p6_jun_36h_g2020,numerical_gravity_20x20,EarthMJ2000Eq,116400.0,2026-06-18T14:50:00Z,5.508991307578981e-05,-0.0003555164767021779,-0.0012023954241158208,0.0012550623967214113,-0.000976321801182678,0.0006820921605310559,-9.748024609734784e-05,0.0011949712855553107
gmat_d04_sso_900km_i97p6_jun_36h_g2020,numerical_gravity_20x20,EarthMJ2000Eq,116460.0,2026-06-18T14:51:00Z,2.4920154828578234e-07,-0.00031604304240318015,-0.0012098118986614281,0.0012504111711335755,-0.0008746319779540102,0.0006437563815353542,-0.0001681357275629125,0.0010989417630203825
gmat_d04_sso_900km_i97p6_jun_36h_g2020,numerical_gravity_20x20,EarthMJ2000Eq,116520.0,2026-06-18T14:52:00Z,-5.4163137974683195e-05,-0.0002766646503005177,-0.0012265641089470591,0.0012585453855933307,-0.0009371650261380537,0.0006817177933271523,-0.00025506174949896376,0.0011866229106218425
gmat_d04_sso_900km_i97p6_jun_36h_g2020,numerical_gravity_20x20,EarthMJ2000Eq,116580.0,2026-06-18T14:53:00Z,-0.00010845724318642169,-0.00023193388187792152,-0.0012040512160638173,0.001230973448156912,-0.0010548849016522865,0.000745787542832943,-0.0002071738336439921,0.0013083968098881553
gmat_d04_sso_900km_i97p6_jun_36h_g2020,numerical_gravity_20x20,EarthMJ2000Eq,116640.0,2026-06-18T14:54:00Z,-0.00021030336938565597,-0.00018762420950224623,-0.0013879655114124034,0.0014162904405652808,-0.001276962202645393,0.0009305831660810782,1.4691359240259771e-05,0.0015801371244340738
gmat_d04_sso_900km_i97p6_jun_36h_g2020,numerical_gravity_20x20,EarthMJ2000Eq,116700.0,2026-06-18T14:55:00Z,-0.0001634298314456828,-0.00012073815014446154,-0.0007691838845858001,0.0007955695186551407,-0.0007066605078875909,0.000545104184013212,0.00013293810496861624,0.0009023193362603422
gmat_d04_sso_900km_i97p6_jun_36h_g2020,numerical_gravity_20x20,EarthMJ2000Eq,116760.0,2026-06-18T14:56:00Z,2.477918314980343e-05,-4.711182555183768e-05,0.0005199119641474681,0.000522629871408128,0.0004641191875265349,-0.0002997559700457231,9.631317965386188e-05,0.0005608355288169432
gmat_d04_sso_900km_i97p6_jun_36h_g2020,numerical_gravity_20x20,EarthMJ2000Eq,116820.0,2026-06-18T14:57:00Z,-0.00024103792384266853,-5.983565642964095e-05,-0.0007707283202762483,0.0008097541171161757,-0.0003893214639560938,0.0004209584902881147,0.00022468338300996038,0.0006158407874145438
gmat_d04_sso_900km_i97p6_jun_36h_g2020,numerical_gravity_20x20,EarthMJ2000Eq,116880.0,2026-06-18T14:58:00Z,-0.00019508934201439843,-3.7633981264662e-05,-0.00046506147555192,0.0005057255618969333,-0.00017615064962228644,0.00020417545432138695,-8.08730860057949e-05,0.000281526417143754
gmat_d04_sso_900km_i97p6_jun_36h_g2020,numerical_gravity_20x20,EarthMJ2000Eq,116940.0,2026-06-18T14:59:00Z,-0.00022498534235637635,-2.207707439083606e-05,-0.0005289307409839239,0.0005752160726602458,-0.0005046270068476133,0.000376185083084124,-0.0001553752682070808,0.0006483094220705209
gmat_d04_sso_900km_i97p6_jun_36h_g2020,numerical_gravity_20x20,EarthMJ2000Eq,117000.0,2026-06-18T15:00:00Z,-0.0002607566784718074,5.204128683544695e-06,-0.0005266060725261923,0.0005876521793922538,-0.0007021476733370946,0.0005304252592708281,0.00013426859624132703,0.0008901631124585184
gmat_d04_sso_900km_i97p6_jun_36h_g2020,numerical_gravity_20x20,EarthMJ2000Eq,117060.0,2026-06-18T15:01:00Z,-0.00030013507057446986,3.74020601157099e-05,-0.0005065171535534319,0.0005899488126384458,-0.0005546305636983107,0.0005062492647311956,0.0005082094745034738,0.0009067415564560162
gmat_d04_sso_900km_i97p6_jun_36h_g2020,numerical_gravity_20x20,EarthMJ2000Eq,117120.0,2026-06-18T15:02:00Z,-0.0003236846168874763,6.268328434089199e-05,-0.0004722319317806978,0.0005759374295343922,-0.0002326210335468204,0.0003260018921480423,0.0005669962277465856,0.0006941718095769611
gmat_d04_sso_900km_i97p6_jun_36h_g2020,numerical_gravity_20x20,EarthMJ2000Eq,117180.0,2026-06-18T15:03:00Z,-0.0003318073140690103,7.767812348902225e-05,-0.00044504758989205584,0.000560533087165418,-8.830891573552435e-05,0.0002004469923377883,0.00031094415930965624,0.00038034685688781254
gmat_d04_sso_900km_i97p6_jun_36h_g2020,numerical_gravity_20x20,EarthMJ2000Eq,117240.0,2026-06-18T15:04:00Z,-0.0003401191861485131,9.066889106179588e-05,-0.00043413547246018425,0.0005589056423412901,-0.00022283064282646592,0.0002623696815362564,8.957812269727583e-05,0.0003556902939888307
gmat_d04_sso_900km_i97p6_jun_36h_g2020,numerical_gravity_20x20,EarthMJ2000Eq,117300.0,2026-06-18T15:05:00Z,-0.0003596178430598229,0.00011114070730400272,-0.0004282819645595737,0.0005701777714310173,-0.000411235490105355,0.00041983350129726205,0.00015473933245857552,0.0006077162645046084
gmat_d04_sso_900km_i97p6_jun_36h_g2020,numerical_gravity_20x20,EarthMJ2000Eq,117360.0,2026-06-18T15:06:00Z,-0.0003933887455787044,0.00014400939107872546,-0.0004169596650172025,0.0005910573340363097,-0.00042233416763792775,0.0004880886805835871,0.000404405398057861,0.0007616695052623448
gmat_d04_sso_900km_i97p6_jun_36h_g2020,numerical_gravity_20x20,EarthMJ2000Eq,117420.0,2026-06-18T15:07:00Z,-0.0003355603439558763,0.00012234932000865228,-0.0003240711521357298,0.00048227814815617027,-0.0002525775144590625,0.00037166758559692425,0.00046290349331457037,0.0006451448202664247
gmat_d04_sso_900km_i97p6_jun_36h_g2020,numerical_gravity_20x20,EarthMJ2000Eq,117480.0,2026-06-18T15:08:00Z,-0.0007311582521651872,0.00037967947719153017,-0.0005930141924181953,0.001015093457529448,-0.0003615765464815013,0.0005036033812189089,0.000918999987220559,0.0011085643603562197
gmat_d04_sso_900km_i97p6_jun_36h_g2020,numerical_gravity_20x20,EarthMJ2000Eq,117540.0,2026-06-18T15:09:00Z,0.000708340394339757,-0.0005002384568797424,0.0005855708877788857,0.0010463641300278697,0.0004689439947469509,-0.0004212674653558679,-0.0008587912603275072,0.0010653155290295425
gmat_d04_sso_900km_i97p6_jun_36h_g2020,numerical_gravity_20x20,EarthMJ2000Eq,117600.0,2026-06-18T15:10:00Z,-0.00045967090045451187,0.0002414049049548339,-0.00024686596589162946,0.000574905618320539,-7.566125503899457e-05,0.00021287727136609647,0.0005051417062418295,0.0005533619986620487
gmat_d04_sso_900km_i97p6_jun_36h_g2020,numerical_gravity_20x20,EarthMJ2000Eq,117660.0,2026-06-18T15:11:00Z,-0.0016485596461279783,0.0010024537004937883,-0.001064966454578098,0.0022038184766109796,-0.0006139941888250178,0.000889938345238761,0.0018529888734519773,0.002145354722971011
gmat_d04_sso_900km_i97p6_jun_36h_g2020,numerical_gravity_20x20,EarthMJ2000Eq,117720.0,2026-06-18T15:12:00Z,-0.001317617261520354,0.0008210859050450381,-0.0007155476851039566,0.0017094752999027678,-0.00040180037075288055,0.000710794978431295,0.001402474136824594,0.0016228390997761262
gmat_d04_sso_900km_i97p6_jun_36h_g2020,numerical_gravity_20x20,EarthMJ2000Eq,117780.0,2026-06-18T15:13:00Z,-0.0017664108327153372,0.0011544275366759393,-0.0008008328222786076,0.0022570430604240783,-0.000533203703412255,0.0009075331597330205,0.0020200241479528813,0.0022778103923857024
gmat_d04_sso_900km_i97p6_jun_36h_g2020,numerical_gravity_20x20,EarthMJ2000Eq,117840.0,2026-06-18T15:14:00Z,0.0008149252153089037,-0.0005963652256468777,0.0002673850758583285,0.0010446288181449326,3.61799479264846e-05,-8.451195299130632e-05,-0.0009224021546572203,0.0009269719487377438
gmat_d04_sso_900km_i97p6_jun_36h_g2020,numerical_gravity_20x20,EarthMJ2000Eq,117900.0,2026-06-18T15:15:00Z,-0.0005059322347733541,0.0003360346454428509,-0.00010584244591882452,0.0006165138542472035,-1.1886491790846776e-05,0.0001807602956205301,0.0008623408653818387,0.0008811624942468975
gmat_d04_sso_900km_i97p6_jun_36h_g2020,numerical_gravity_20x20,EarthMJ2000Eq,117960.0,2026-06-18T15:16:00Z,-0.00205070512038219,0.001437050059394096,-0.00046373315853998065,0.002546674852880865,3.437605755607365e-05,0.00045649262148117487,0.002670671239712874,0.002709622131853324
gmat_d04_sso_900km_i97p6_jun_36h_g2020,numerical_gravity_20x20,EarthMJ2000Eq,118020.0,2026-06-18T15:17:00Z,0.0009003541094898537,-0.0006750406100763939,0.000123027348308824,0.001132012842753773,0.00023360868794952694,-0.0002708748780833048,-0.0012736111054678645,0.0013228875487482754
gmat_d04_sso_900km_i97p6_jun_36h_g2020,numerical_gravity_20x20,EarthMJ2000Eq,118080.0,2026-06-18T15:18:00Z,-0.0005358267571864417,0.0003923132680938579,5.2150426199659705e-06,0.0006641138537246074,0.00012526335524398746,0.00015915357920448514,0.00038388603407213395,0.0004340383129358644
gmat_d04_sso_900km_i97p6_jun_36h_g2020,numerical_gravity_20x20,EarthMJ2000Eq,118140.0,2026-06-18T15:19:00Z,-0.001721417447697604,0.0012828739954784396,-6.033587851561606e-05,0.002147716027725453,4.7480241960329295e-05,0.0004980478252036846,0.0020318015603315587,0.0020924921959549784
gmat_d04_sso_900km_i97p6_jun_36h_g2020,numerical_gravity_20x20,EarthMJ2000Eq,118200.0,2026-06-18T15:20:00Z,-0.0013663570825883653,0.001049354409587977,7.735161489108577e-05,0.0017245462088292616,0.0001715623199061156,0.0003197451192704648,0.001838531438203006,0.0018739979776322242
gmat_d04_sso_900km_i97p6_jun_36h_g2020,numerical_gravity_20x20,EarthMJ2000Eq,118260.0,2026-06-18T15:21:00Z,-0.0017280981410294771,0.0013581535256435018,0.0002632768882904202,0.002213643806974215,0.0004996723035333162,0.00010681322493155676,0.0023394357562267487,0.0023945857958007663
gmat_d04_sso_900km_i97p6_jun_36h_g2020,numerical_gravity_20x20,EarthMJ2000Eq,118320.0,2026-06-18T15:22:00Z,0.0005587714895227691,-0.00041955147267458415,-0.00013604767445940524,0.0007118693598215327,-5.0733639511690853e-05,-8.65085780787922e-07,-0.0007190903428266893,0.0007208783334919395
gmat_d04_sso_900km_i97p6_jun_36h_g2020,numerical_gravity_20x20,EarthMJ2000Eq,118380.0,2026-06-18T15:23:00Z,0.0015728880953247426,-0.0012311949717513926,-0.0004757421265821904,0.002053326225879647,-0.0005052758211832042,0.00015304379985536798,-0.0020293733360432498,0.0020969220770428836
gmat_d04_sso_900km_i97p6_jun_36h_g2020,numerical_gravity_20x20,EarthMJ2000Eq,118440.0,2026-06-18T15:24:00Z,-0.0010490339263924398,0.0008906397397367982,0.00041364910430274904,0.001436947078430948,0.0004962226185512009,-3.4225067224724626e-05,0.0013626038075642555,0.0014505507156859266
gmat_d04_sso_900km_i97p6_jun_36h_g2020,numerical_gravity_20x20,EarthMJ2000Eq,118500.0,2026-06-18T15:25:00Z,-0.0011125234777864534,0.0009648819059293601,0.0005335350579116493,0.0015663222015398768,0.000608780581501378,-9.798384326131782e-05,0.0014812626680793528,0.0016044792681113014
gmat_d04_sso_900km_i97p6_jun_36h_g2020,numerical_gravity_20x20,EarthMJ2000Eq,118560.0,2026-06-18T15:26:00Z,-0.0010429603207740001,0.0009320776825916255,0.0006095660864957608,0.001525813176932267,0.0006894795845369117,-0.0001694795415119188,0.0014094343470105741,0.0015781668451141046
gmat_d04_sso_900km_i97p6_jun_36h_g2020,numerical_gravity_20x20,EarthMJ2000Eq,118620.0,2026-06-18T15:27:00Z,-0.0010058579391625244,0.0009251909887098009,0.0006948148438823409,0.0015331328144180274,0.0007679181734943086,-0.00024017143829269116,0.001345449973655377,0.0015676786254088144
gmat_d04_sso_900km_i97p6_jun_36h_g2020,numerical_gravity_20x20,EarthMJ2000Eq,118680.0,2026-06-18T15:28:00Z,-0.0009585146472090855,0.0009093246262636967,0.0007735334293101914,0.001531004758681159,0.0008039968690809474,-0.00028698554643824536,0.0012667920046283143,0.0015275908000333882
gmat_d04_sso_900km_i97p6_jun_36h_g2020,numerical_gravity_20x20,EarthMJ2000Eq,118740.0,2026-06-18T15:29:00Z,-0.000903003183339024,0.0008847296157910023,0.0008399483704124577,0.001517786054467707,0.0008171827658998154,-0.00031653790699692763,0.0012153895667665893,0.0014983843693975006
gmat_d04_sso_900km_i97p6_jun_36h_g2020,numerical_gravity_20x20,EarthMJ2000Eq,118800.0,2026-06-18T15:30:00Z,-0.0008947990863816813,0.0009045197657542303,0.0009637406037654728,0.0015961257353278334,0.0009094067721093779,-0.0003881193144650297,0.00125942989370742,0.0016011935974713006
gmat_d04_sso_900km_i97p6_jun_36h_g2020,numerical_gravity_20x20,EarthMJ2000Eq,118860.0,2026-06-18T15:31:00Z,0.0011035062925657257,-0.0009655605026637204,-0.0012937198334839195,0.0019554396512257875,-0.0011387220055780745,0.0006978631006404612,-0.0014331318354265932,0.0019589710490296856
gmat_d04_sso_900km_i97p6_jun_36h_g2020,numerical_gravity_20x20,EarthMJ2000Eq,118920.0,2026-06-18T15:32:00Z,-0.0006801092240493745,0.0007567073225800414,0.0009833192962105386,0.0014149457116735206,0.0009583378535182874,-0.0004641580453323968,0.0010115766002627424,0.0014687209914520723
gmat_d04_sso_900km_i97p6_jun_36h_g2020,numerical_gravity_20x20,EarthMJ2000Eq,118980.0,2026-06-18T15:33:00Z,-0.0007003227437962778,0.0008043098205234855,0.0011463753253337927,0.0015657402783996546,0.0010976206610280315,-0.0005645230949369306,0.0010217409140977907,0.001602314555814236
gmat_d04_sso_900km_i97p6_jun_36h_g2020,numerical_gravity_20x20,EarthMJ2000Eq,119040.0,2026-06-18T15:34:00Z,-0.0006118616511230357,0.0007478092811652459,0.0011747688404284418,0.001521076996589415,0.0010869394273527178,-0.0005842384354082242,0.0009003198186974259,0.0015275299159366632
gmat_d04_sso_900km_i97p6_jun_36h_g2020,numerical_gravity_20x20,EarthMJ2000Eq,119100.0,2026-06-18T15:35:00Z,-0.0005536967364605516,0.0007196649676188827,0.0012413393051247112,0.001537992526650391,0.0011119940523940386,-0.0006262017571145861,0.0008481038094032556,0.0015322987583031662
gmat_d04_sso_900km_i97p6_jun_36h_g2020,numerical_gravity_20x20,EarthMJ2000Eq,119160.0,2026-06-18T15:36:00Z,-0.00046844343160046265,0.0006588802534679417,0.0012389823496050667,0.001479405184407736,0.0010972001085463035,-0.000640854480593589,0.0007622240616456111,0.0014817314411331194
gmat_d04_sso_900km_i97p6_jun_36h_g2020,numerical_gravity_20x20,EarthMJ2000Eq,119220.0,2026-06-18T15:37:00Z,-0.0008808783604763448,0.0011973670552833937,0.0026048201107187197,0.002999120264383908,0.00229296048814831,-0.001422825413044393,0.0014508634293974865,0.003063838221410739
gmat_d04_sso_900km_i97p6_jun_36h_g2020,numerical_gravity_20x20,EarthMJ2000Eq,119280.0,2026-06-18T15:38:00Z,0.00019631897885119542,-0.00011970087143708952,-0.0004747575985675212,0.0005275075520573846,-0.00032561375817863336,0.0002888196348749261,-0.0002190665426837768,0.00048726917728081484
gmat_d04_sso_900km_i97p6_jun_36h_g2020,numerical_gravity_20x20,EarthMJ2000Eq,119340.0,2026-06-18T15:39:00Z,8.986080501927063e-05,1.1088559404015541e-05,-0.00019820663510472514,0.0002179077571540431,-9.545453316661678e-05,0.0001337254751376804,-8.273559615190607e-05,0.0001839544766333954
gmat_d04_sso_900km_i97p6_jun_36h_g2020,numerical_gravity_20x20,EarthMJ2000Eq,119400.0,2026-06-18T15:40:00Z,9.757604857441038e-05,-2.2373569663614035e-07,-0.0002524047886254266,0.00027060915105388424,-0.00017949974839837068,0.00015192558322496552,-0.00010262812821792977,0.00025658151767974274
gmat_d04_sso_900km_i97p6_jun_36h_g2020,numerical_gravity_20x20,EarthMJ2000Eq,119460.0,2026-06-18T15:41:00Z,8.403367246501148e-05,9.795257938094437e-06,-0.0002575059170339955,0.00027104778636533744,-0.00021840251829274848,0.00014469536679939665,-7.683897962351693e-05,0.00027302131411193804
gmat_d04_sso_900km_i97p6_jun_36h_g2020,numerical_gravity_20x20,EarthMJ2000Eq,119520.0,2026-06-18T15:42:00Z,7.352355169132352e-05,2.2835592972114682e-05,-0.0002224016952823149,0.00023535014557918266,-0.0001931922399833752,0.00012753931244446903,-4.6909143236462114e-05,0.0002361990379484659
gmat_d04_sso_900km_i97p6_jun_36h_g2020,numerical_gravity_20x20,EarthMJ2000Eq,119580.0,2026-06-18T15:43:00Z,4.6608874981757253e-05,9.943505574483424e-06,-0.0004220177061142749,0.0004247001351590665,-0.0003299584494520502,0.0002605990978565842,-2.689137801326069e-05,0.0004213165251683332
gmat_d04_sso_900km_i97p6_jun_36h_g2020,numerical_gravity_20x20,EarthMJ2000Eq,119640.0,2026-06-18T15:44:00Z,8.983261068351567e-05,0.00010455187293700874,0.0003297840862614976,0.00035743326038322653,0.0003050940888815745,-0.00019435786313692915,-1.8598456108520622e-05,0.00036221993954399024
gmat_d04_sso_900km_i97p6_jun_36h_g2020,numerical_gravity_20x20,EarthMJ2000Eq,119700.0,2026-06-18T15:45:00Z,0.00026956695364788175,0.000411882865591906,0.0029717700726905605,0.003012263468291985,0.002443954594255615,-0.0018087192854565615,-8.242295734817162e-07,0.0030404572339896535
gmat_d04_sso_900km_i97p6_jun_36h_g2020,numerical_gravity_20x20,EarthMJ2000Eq,119760.0,2026-06-18T15:46:00Z,4.572939360514283e-06,2.911838237196207e-05,-0.0005213034341977618,0.000522136057434013,-0.0004465845471202101,0.0003249615021516661,3.1796787425264483e-06,0.0005523113668612444
gmat_d04_sso_900km_i97p6_jun_36h_g2020,numerical_gravity_20x20,EarthMJ2000Eq,119820.0,2026-06-18T15:47:00Z,1.578155206516385e-05,7.182279659900814e-05,-0.00020555705759761622,0.00021831462485385098,-0.00020196710970310505,0.00012866230303387738,6.007727648693617e-05,0.00024688859992696126
gmat_d04_sso_900km_i97p6_jun_36h_g2020,numerical_gravity_20x20,EarthMJ2000Eq,119880.0,2026-06-18T15:48:00Z,-2.53849066211842e-05,8.13788574305363e-05,-0.0003215577635273803,0.0003326654583896507,-0.0002592419612312824,0.00018339234991726627,0.00012355361178606472,0.0003407413145725073
gmat_d04_sso_900km_i97p6_jun_36h_g2020,numerical_gravity_20x20,EarthMJ2000Eq,119940.0,2026-06-18T15:49:00Z,5.567926564253867e-05,6.56627889839001e-05,-4.2027068047900684e-05,9.580217601046155e-05,-2.935429677108914e-06,-1.866273802164642e-05,2.1803892025218374e-05,2.8850030247839257e-05
gmat_d04_sso_900km_i97p6_jun_36h_g2020,numerical_gravity_20x20,EarthMJ2000Eq,120000.0,2026-06-18T15:50:00Z,-9.013274393510073e-05,0.00012035070540150627,-0.000360979356628377,0.0003910425804586344,-0.0002238418339572945,0.00016420387272120252,0.00011498180185753881,0.00030048110290734124
gmat_d04_sso_900km_i97p6_jun_36h_g2020,numerical_gravity_20x20,EarthMJ2000Eq,120060.0,2026-06-18T15:51:00Z,-1.1646989150904119e-05,7.091966836014763e-05,-0.0002953738658106886,0.0003039917306779006,-0.00022962654000480143,0.00011925538334622843,-8.826539499295905e-05,0.0002733879556324595
gmat_d04_sso_900km_i97p6_jun_36h_g2020,numerical_gravity_20x20,EarthMJ2000Eq,120120.0,2026-06-18T15:52:00Z,0.0012152104318374768,-0.00037106292438693345,0.0025929762159648817,0.0028875508210351496,0.00187190662970238,-0.0016934615931774033,-0.00130761890204667,0.0028428355194911313
gmat_d04_sso_900km_i97p6_jun_36h_g2020,numerical_gravity_20x20,EarthMJ2000Eq,120180.0,2026-06-18T15:53:00Z,-2.3650500224903226e-05,0.00011331940186209977,-4.674438969232142e-05,0.00012484258474967512,-0.00022094948093354105,0.00011204592809122005,0.00015875922798613828,0.0002942404723986466
gmat_d04_sso_900km_i97p6_jun_36h_g2020,numerical_gravity_20x20,EarthMJ2000Eq,120240.0,2026-06-18T15:54:00Z,0.00020597781258402392,-3.4564436646178365e-05,0.0001231824171554763,0.00024247776692685197,4.044364843025505e-05,-7.43149985993341e-05,2.2387425246961357e-05,8.751916661141938e-05
gmat_d04_sso_900km_i97p6_jun_36h_g2020,numerical_gravity_20x20,EarthMJ2000Eq,120300.0,2026-06-18T15:55:00Z,0.00025275585358031094,-1.1129031918244436e-05,0.0004854346116189845,0.0005474085668202712,0.0005038987005434592,-0.0004104521167391795,-8.815081997681773e-05,0.0006558623389154503
gmat_d04_sso_900km_i97p6_jun_36h_g2020,numerical_gravity_20x20,EarthMJ2000Eq,120360.0,2026-06-18T15:56:00Z,-0.00011588417692109942,0.00013014732758165337,-0.000317741978506092,0.0003623912723042495,-0.00012452705533405606,7.316591776884707e-05,9.459899530384064e-05,0.00017265343595082263
gmat_d04_sso_900km_i97p6_jun_36h_g2020,numerical_gravity_20x20,EarthMJ2000Eq,120420.0,2026-06-18T15:57:00Z,0.0017517454580229241,-0.0008660558705742005,0.0021306468624970876,0.002891076092621684,0.001544020022947734,-0.0015962973165528638,-0.0020667370037585897,0.003033737760058115
gmat_d04_sso_900km_i97p6_jun_36h_g2020,numerical_gravity_20x20,EarthMJ2000Eq,120480.0,2026-06-18T15:58:00Z,2.999695425387472e-05,6.818117981310934e-05,3.399145498406142e-05,8.187740565717795e-05,-0.0001247384417979447,-5.155520454991347e-05,-1.0302869668521453e-05,0.00013536530981669268
gmat_d04_sso_900km_i97p6_jun_36h_g2020,numerical_gravity_20x20,EarthMJ2000Eq,120540.0,2026-06-18T15:59:00Z,-0.00011739166438928805,0.00012726150089292787,-0.0002221486283815466,0.00028164925984175854,-0.0002665663245693395,0.00010707745801141755,0.0002780549124281606,0.00039979710070737806
gmat_d04_sso_900km_i97p6_jun_36h_g2020,numerical_gravity_20x20,EarthMJ2000Eq,120600.0,2026-06-18T16:00:00Z,0.001991496901609935,-0.0011316165000607725,0.0017538313841214404,0.002884881338332842,0.0012737109145177783,-0.0014114829305356125,-0.002193588422017001,0.0029028354624680594
gmat_d04_sso_900km_i97p6_jun_36h_g2020,numerical_gravity_20x20,EarthMJ2000Eq,120660.0,2026-06-18T16:01:00Z,-6.331265467451885e-05,0.00011124620868940838,-8.375536708626896e-06,0.00012827455244458986,3.3323566128729e-05,-7.032285864738697e-05,5.4784621283943125e-05,9.516889847582149e-05
gmat_d04_sso_900km_i97p6_jun_36h_g2020,numerical_gravity_20x20,EarthMJ2000Eq,120720.0,2026-06-18T16:02:00Z,0.0002574670361354947,-0.0001226844688062556,5.0137714424636215e-05,0.00028957649074190327,-4.986855373090293e-05,-8.603517898109203e-05,-0.00037675418340654687,0.00038965707922204425
gmat_d04_sso_900km_i97p6_jun_36h_g2020,numerical_gravity_20x20,EarthMJ2000Eq,120780.0,2026-06-18T16:03:00Z,0.0005182364475331269,-0.0002721285454754252,0.0003564646249287762,0.0006853393244517194,0.00011948309008857905,-0.0002796869402743596,-0.0005657154744653781,0.0006422888691443566
gmat_d04_sso_900km_i97p6_jun_36h_g2020,numerical_gravity_20x20,EarthMJ2000Eq,120840.0,2026-06-18T16:04:00Z,-0.0011811953299911693,0.0008268707460956648,-0.0006489663064712659,0.0015811688414830041,-0.00048417003739587017,0.000496346519440749,0.001507856506322014,0.0016596420506032297
gmat_d04_sso_900km_i97p6_jun_36h_g2020,numerical_gravity_20x20,EarthMJ2000Eq,120900.0,2026-06-18T16:05:00Z,0.0016047781628003577,-0.0010468147593201138,0.0006832069630036131,0.0020341843196790056,0.0004112123974664428,-0.0007416507408208872,-0.0018174137750293085,0.002005525937717225
gmat_d04_sso_900km_i97p6_jun_36h_g2020,numerical_gravity_20x20,EarthMJ2000Eq,120960.0,2026-06-18T16:06:00Z,0.0002484846390871098,-0.00013038379620411433,0.00012834516383009031,0.00030857257048127264,0.00012187584275125118,-0.000265916177966119,-0.00029217828156902215,0.000413440785326101
gmat_d04_sso_900km_i97p6_jun_36h_g2020,numerical_gravity_20x20,EarthMJ2000Eq,121020.0,2026-06-18T16:07:00Z,-0.0012422993904692703,0.000896077835932374,-0.0003743562047020532,0.001576834116706159,-0.00022285551182221752,0.00028816327102276773,0.0014069003739791697,0.0014532967048124794
gmat_d04_sso_900km_i97p6_jun_36h_g2020,numerical_gravity_20x20,EarthMJ2000Eq,121080.0,2026-06-18T16:08:00Z,0.001681669687059184,-0.0011863703548442572,0.0003210434442735277,0.0020829201732995035,-3.5854874624874356e-05,-0.0004362608052588257,-0.0021435533348324043,0.002187791114688641
gmat_d04_sso_900km_i97p6_jun_36h_g2020,numerical_gravity_20x20,EarthMJ2000Eq,121140.0,2026-06-18T16:09:00Z,0.00021091446456011909,-0.00013412659427558538,5.876063369214535e-05,0.00025676383453389947,-0.00011464162952279366,-5.381561862805029e-05,-0.00018084311825816712,0.00022077829931698144
gmat_d04_sso_900km_i97p6_jun_36h_g2020,numerical_gravity_20x20,EarthMJ2000Eq,121200.0,2026-06-18T16:10:00Z,-0.0012734050471863156,0.0009470140867051668,-8.942879503592849e-05,0.0015894633069055675,8.501643833369599e-06,0.0001681810246623172,0.001730304066693833,0.0017384790186313877
gmat_d04_sso_900km_i97p6_jun_36h_g2020,numerical_gravity_20x20,EarthMJ2000Eq,121260.0,2026-06-18T16:11:00Z,0.001720389604997763,-0.0012971038358955411,-5.017591320211068e-05,0.0021551650461959873,-0.00016420376169890005,-0.0003403526349643471,-0.0021080386186644873,0.002141641802277898
gmat_d04_sso_900km_i97p6_jun_36h_g2020,numerical_gravity_20x20,EarthMJ2000Eq,121320.0,2026-06-18T16:12:00Z,-0.00014144234228297137,0.00011537508726178203,9.281757229473442e-05,0.00020477414064731244,8.384226646285242e-05,-0.00015909140671510613,0.000102611141805653,0.00020704745291570022
gmat_d04_sso_900km_i97p6_jun_36h_g2020,numerical_gravity_20x20,EarthMJ2000Eq,121380.0,2026-06-18T16:13:00Z,0.0013506164577847812,-0.0010740781419826817,-0.0002927772584371269,0.0017502934594467406,-0.000483590056887806,-6.365841187516708e-05,-0.0018289459946529973,0.001892869564412842
gmat_d04_sso_900km_i97p6_jun_36h_g2020,numerical_gravity_20x20,EarthMJ2000Eq,121440.0,2026-06-18T16:14:00Z,0.0002483814114384586,-0.00020966448843751095,-1.6187186702154577e-05,0.0003254451540171622,-0.00019806201123628853,-3.9106495819396514e-05,-0.00031220026563971714,0.00037178876284221676
gmat_d04_sso_900km_i97p6_jun_36h_g2020,numerical_gravity_20x20,EarthMJ2000Eq,121500.0,2026-06-18T16:15:00Z,-0.001239391394847189,0.0009652179642216652,0.0003932373147108592,0.0016193740561582688,0.0003404787562999445,-0.00011511502862049383,0.0016838905825267148,0.0017218201843479514
gmat_d04_sso_900km_i97p6_jun_36h_g2020,numerical_gravity_20x20,EarthMJ2000Eq,121560.0,2026-06-18T16:16:00Z,0.0016562325981794856,-0.001401076133333845,-0.0007372282198048197,0.0022912062759050463,-0.0007869092044643367,0.00011376144470887084,-0.002092664264097266,0.002238618208762427
gmat_d04_sso_900km_i97p6_jun_36h_g2020,numerical_gravity_20x20,EarthMJ2000Eq,121620.0,2026-06-18T16:17:00Z,-0.00041013754525920376,0.0003121170948361396,0.0002916676749009639,0.0005921992228146973,0.000268119748625395,-0.0002192077630525091,0.0005353584242584475,0.0006376118610956965
gmat_d04_sso_900km_i97p6_jun_36h_g2020,numerical_gravity_20x20,EarthMJ2000Eq,121680.0,2026-06-18T16:18:00Z,0.001985139533644542,-0.0017358224795316346,-0.0011950041880481876,0.0028951500233905894,-0.0012292407092218127,0.000373584718715847,-0.002643336216578973,0.002939017627906336
gmat_d04_sso_900km_i97p6_jun_36h_g2020,numerical_gravity_20x20,EarthMJ2000Eq,121740.0,2026-06-18T16:19:00Z,-0.00027281248549115844,0.0001801163307391107,0.00018734499462880194,0.000376784675711805,0.00012107115310300287,-0.0001390363379982773,0.0003368567647044074,0.0003840075615463613
gmat_d04_sso_900km_i97p6_jun_36h_g2020,numerical_gravity_20x20,EarthMJ2000Eq,121800.0,2026-06-18T16:20:00Z,-0.00042303463487769477,0.0003091192866122583,0.0003232416929677129,0.0006156283194707738,0.0002469802140581123,-0.00019820856067553905,0.0005405995651130979,0.0006265251387308656
gmat_d04_sso_900km_i97p6_jun_36h_g2020,numerical_gravity_20x20,EarthMJ2000Eq,121860.0,2026-06-18T16:21:00Z,0.00178831442099181,-0.0016904136828088667,-0.0016962221707217395,0.00298876839848836,-0.0016281340720070148,0.000708935132820443,-0.002459145775901561,0.0030332832914371473
gmat_d04_sso_900km_i97p6_jun_36h_g2020,numerical_gravity_20x20,EarthMJ2000Eq,121920.0,2026-06-18T16:22:00Z,-0.00027397436497267336,0.00017667025531409308,0.00027177429728908464,0.0004244238452795769,0.000197207583596537,-0.00018928636436044144,0.000340412142918467,0.0004365782699667057
gmat_d04_sso_900km_i97p6_jun_36h_g2020,numerical_gravity_20x20,EarthMJ2000Eq,121980.0,2026-06-18T16:23:00Z,-0.0003371060302015394,0.0002347865120100323,0.00037068366509629413,0.0005533277160863169,0.00028771474092081917,-0.00023521495862155462,0.0004233395856090283,0.0005633136370141393
gmat_d04_sso_900km_i97p6_jun_36h_g2020,numerical_gravity_20x20,EarthMJ2000Eq,122040.0,2026-06-18T16:24:00Z,-0.00029379680199781433,0.00019625349523266777,0.00036499204725259915,0.000507987391391583,0.0002800506493372268,-0.00023072921351285913,0.0003632036893463919,0.0005134016518451175
gmat_d04_sso_900km_i97p6_jun_36h_g2020,numerical_gravity_20x20,EarthMJ2000Eq,122100.0,2026-06-18T16:25:00Z,-0.00030843966669635847,0.0002155466063413769,0.00044324588088784367,0.0005814312327533547,0.00034561509210107033,-0.00027078028708160673,0.00038827518977768705,0.0005861137933515365
gmat_d04_sso_900km_i97p6_jun_36h_g2020,numerical_gravity_20x20,EarthMJ2000Eq,122160.0,2026-06-18T16:26:00Z,0.0012194022929179482,-0.0013976987247588113,-0.0023425955077982508,0.002988018974223976,-0.0021106738579135254,0.001200338495266351,-0.001835266161265281,0.003043675166699504
gmat_d04_sso_900km_i97p6_jun_36h_g2020,numerical_gravity_20x20,EarthMJ2000Eq,122220.0,2026-06-18T16:27:00Z,-0.00020025890989927575,0.00010995427146553993,0.000350557456840761,0.00041843052392748063,0.0002608087079636334,-0.00022970558788415474,0.00024379342988822827,0.00042452452898687895
gmat_d04_sso_900km_i97p6_jun_36h_g2020,numerical_gravity_20x20,EarthMJ2000Eq,122280.0,2026-06-18T16:28:00Z,-0.0002541082722018473,0.00017607635527383536,0.000531113073520828,0.0006145364055551685,0.00042371439690214174,-0.00033056801740372066,0.0003261968473111665,0.000628660073066611
gmat_d04_sso_900km_i97p6_jun_36h_g2020,numerical_gravity_20x20,EarthMJ2000Eq,122340.0,2026-06-18T16:29:00Z,0.0008281385817099363,-0.001168703420262318,-0.002653503543115221,0.0030154207415175774,-0.002318595981876115,0.001451495812432313,-0.0013889058791960451,0.0030678635826819197
gmat_d04_sso_900km_i97p6_jun_36h_g2020,numerical_gravity_20x20,EarthMJ2000Eq,122400.0,2026-06-18T16:30:00Z,-0.00016558715287828818,9.099358067032881e-05,0.0004574831109493971,0.0004949643762186159,0.00036112490775508377,-0.00028296165410779395,0.00019057022626611797,0.0004967851727212236
gmat_d04_sso_900km_i97p6_jun_36h_g2020,numerical_gravity_20x20,EarthMJ2000Eq,122460.0,2026-06-18T16:31:00Z,0.00020959760149708018,-0.00044579974201042205,-0.0010702497093006968,0.0011781778324124561,-0.0009578595694392789,0.0006065437041513633,-0.00042578029990636423,0.0012110652681009437
gmat_d04_sso_900km_i97p6_jun_36h_g2020,numerical_gravity_20x20,EarthMJ2000Eq,122520.0,2026-06-18T16:32:00Z,-0.00016412923287134618,5.414813131210394e-05,0.0002609685907373205,0.00031300963333251024,0.000207781347683067,-0.0001954529871284194,0.0002537721144335592,0.0003818052444460305
gmat_d04_sso_900km_i97p6_jun_36h_g2020,numerical_gravity_20x20,EarthMJ2000Eq,122580.0,2026-06-18T16:33:00Z,0.0001997868821490556,-0.0005363217496778816,-0.0016148860595421866,0.0017133046438856329,-0.0013159360268133469,0.0008106582072286983,-0.0004722977564597386,0.0016161434114488253
gmat_d04_sso_900km_i97p6_jun_36h_g2020,numerical_gravity_20x20,EarthMJ2000Eq,122640.0,2026-06-18T16:34:00Z,-0.00012817872629966587,1.28738975035958e-05,0.00023557709027954843,0.00026849969939893087,0.00023986235220263552,-0.00022452328884980943,-4.362998851092925e-05,0.0003314335998923162
gmat_d04_sso_900km_i97p6_jun_36h_g2020,numerical_gravity_20x20,EarthMJ2000Eq,122700.0,2026-06-18T16:35:00Z,3.609784471336752e-06,-0.00044991247705183923,-0.0019522007050909451,0.0020033776130596137,-0.001737547189462063,0.0012687608741401846,-0.0004960964972156034,0.002207925751900655
gmat_d04_sso_900km_i97p6_jun_36h_g2020,numerical_gravity_20x20,EarthMJ2000Eq,122760.0,2026-06-18T16:36:00Z,2.0894731278531253e-05,0.0001549633452668786,0.0017327601540273463,0.001739801132186198,0.00123271393093205,-0.0008325758971139408,8.895462144664634e-05,0.0014901943445892372
gmat_d04_sso_900km_i97p6_jun_36h_g2020,numerical_gravity_20x20,EarthMJ2000Eq,122820.0,2026-06-18T16:37:00Z,-0.00013961562217446044,-6.329264579107985e-05,-0.000319964584605259,0.00035478981998926176,-0.0003348478161413482,0.000336567662628795,0.00035994851543819095,0.000595788372887721
gmat_d04_sso_900km_i97p6_jun_36h_g2020,numerical_gravity_20x20,EarthMJ2000Eq,122880.0,2026-06-18T16:38:00Z,-0.00023488792066928,-0.00019976414478151128,-0.001565340198794729,0.0015954209434438764,-0.0011091012552810753,0.0008508818649666239,0.0003390452363305485,0.0014384217791988461
gmat_d04_sso_900km_i97p6_jun_36h_g2020,numerical_gravity_20x20,EarthMJ2000Eq,122940.0,2026-06-18T16:39:00Z,1.0021722118835896e-05,-3.512832336127758e-05,0.0005415961368271383,0.0005428266845342829,0.0007075233732223296,-0.0005897760613216008,-9.798295508289812e-05,0.0009262968129334689
gmat_d04_sso_900km_i97p6_jun_36h_g2020,numerical_gravity_20x20,EarthMJ2000Eq,123000.0,2026-06-18T16:40:00Z,-0.0008051138138398528,-3.500099410302937e-05,-0.0031163031053438317,0.0032188162990763485,-0.0024746560356447844,0.0018998489725863266,0.00025985169571640654,0.0031306343633770413
gmat_d04_sso_900km_i97p6_jun_36h_g2020,numerical_gravity_20x20,EarthMJ2000Eq,123060.0,2026-06-18T16:41:00Z,-0.00032872958399821073,-5.6458702601958066e-05,-0.0011122683645226061,0.0011612026693101107,-0.0011382290665551409,0.000895405971590435,-3.055156128084491e-05,0.0014485339691589893
gmat_d04_sso_900km_i97p6_jun_36h_g2020,numerical_gravity_20x20,EarthMJ2000Eq,123120.0,2026-06-18T16:42:00Z,-7.832386472728103e-05,-3.6760866350959986e-05,0.00011243537301197648,0.00014187213322225351,-0.0001446078812250562,0.00018961399117500832,0.00015706014266925195,0.0002855394777907284
gmat_d04_sso_900km_i97p6_jun_36h_g2020,numerical_gravity_20x20,EarthMJ2000Eq,123180.0,2026-06-18T16:43:00Z,-0.0007277612894540653,0.00014336455933516845,-0.0017458728507335763,0.0018969085118238558,-0.0013676442200960537,0.0012338150501278733,0.000969587965471419,0.0020815501707792668
gmat_d04_sso_900km_i97p6_jun_36h_g2020,numerical_gravity_20x20,EarthMJ2000Eq,123240.0,2026-06-18T16:44:00Z,0.0005007696017855778,-0.00027043006411986426,0.0012763121048919857,0.0013974531128972346,0.0012150045414216493,-0.0009289466973427807,-0.0004688924803986083,0.001599699396872316
gmat_d04_sso_900km_i97p6_jun_36h_g2020,numerical_gravity_20x20,EarthMJ2000Eq,123300.0,2026-06-18T16:45:00Z,0.0004434868969838135,-0.0002873402991099283,0.0008927290764404461,0.0010374055519473213,0.0008090585978948184,-0.0006392886220396576,-0.0006525544549162987,0.0012202840135509445
gmat_d04_sso_900km_i97p6_jun_36h_g2020,numerical_gravity_20x20,EarthMJ2000Eq,123360.0,2026-06-18T16:46:00Z,-0.0008967472240328789,0.0003492532414384186,-0.0013472140381054487,0.0016556325301631113,-0.0011024425816685834,0.001028632068411639,0.0006771125882210072,0.001652859653802539
gmat_d04_sso_900km_i97p6_jun_36h_g2020,numerical_gravity_20x20,EarthMJ2000Eq,123420.0,2026-06-18T16:47:00Z,-0.0008631632226752117,0.000332725903717801,-0.0013249418771010824,0.0016159295323992394,-0.0012653456060718327,0.0011472809369195147,0.0008982476984442656,0.00192981915701566
gmat_d04_sso_900km_i97p6_jun_36h_g2020,numerical_gravity_20x20,EarthMJ2000Eq,123480.0,2026-06-18T16:48:00Z,0.0004560811248666141,-0.00031026411306811497,0.0007382550393231213,0.0009215716550564711,0.00046344972304268595,-0.00039169734122879163,-0.00024934809772503286,0.0006560388149744946
gmat_d04_sso_900km_i97p6_jun_36h_g2020,numerical_gravity_20x20,EarthMJ2000Eq,123540.0,2026-06-18T16:49:00Z,0.000142012595460983,-0.00015595060176565312,0.0002537644832045771,0.0003299766361376518,0.00039532022100274844,-0.00027773694455390796,3.40207861881936e-05,0.00048432767977544416
gmat_d04_sso_900km_i97p6_jun_36h_g2020,numerical_gravity_20x20,EarthMJ2000Eq,123600.0,2026-06-18T16:50:00Z,0.0005718356987927109,-0.00041199973566108383,0.0006271920938161202,0.0009434562900018208,0.0007376952382287527,-0.0005745608433471716,-0.0008416947139266995,0.0012580796551352929
gmat_d04_sso_900km_i97p6_jun_36h_g2020,numerical_gravity_20x20,EarthMJ2000Eq,123660.0,2026-06-18T16:51:00Z,-0.0011894262570422143,0.0006418913471861742,-0.0010265521268593147,0.0016972237895143104,-0.0006526255091898747,0.000876533068350227,0.001056754683759209,0.0015201844417056217
gmat_d04_sso_900km_i97p6_jun_36h_g2020,numerical_gravity_20x20,EarthMJ2000Eq,123720.0,2026-06-18T16:52:00Z,-0.0011282827472314239,0.000613442352914717,-0.0009994810170610435,0.001627358528878935,-0.0008066898260494781,0.0009947958012901381,0.0011866623239598084,0.0017460053358515028
gmat_d04_sso_900km_i97p6_jun_36h_g2020,numerical_gravity_20x20,EarthMJ2000Eq,123780.0,2026-06-18T16:53:00Z,0.000923722382140113,-0.0006300656423263717,0.0007114331310731359,0.0013252859513687128,0.0004475202430853642,-0.0004273572606905418,-0.0010059344468515974,0.0011810218912445003
gmat_d04_sso_900km_i97p6_jun_36h_g2020,numerical_gravity_20x20,EarthMJ2000Eq,123840.0,2026-06-18T16:54:00Z,-0.001371312464470975,0.0008343313311343081,-0.000822676156531088,0.0018037191310873678,-0.00048120174511723235,0.0006224443183100448,0.0016872361285891202,0.0018616545873272863
gmat_d04_sso_900km_i97p6_jun_36h_g2020,numerical_gravity_20x20,EarthMJ2000Eq,123900.0,2026-06-18T16:55:00Z,-0.0011647896371869138,0.0006971154107304756,-0.0007131693564588204,0.0015333999236232633,-0.00045413628413371043,0.0005635243383039779,0.0012561289786106045,0.0014497101280369915
gmat_d04_sso_900km_i97p6_jun_36h_g2020,numerical_gravity_20x20,EarthMJ2000Eq,123960.0,2026-06-18T16:56:00Z,0.0006563814167748205,-0.0004817429726244882,0.00036772053135791793,0.0008933819144926477,0.0001624691492452257,-0.0001337530086686911,-0.0008861666955795044,0.0009108114536712263
gmat_d04_sso_900km_i97p6_jun_36h_g2020,numerical_gravity_20x20,EarthMJ2000Eq,124020.0,2026-06-18T16:57:00Z,0.0002740823674685089,-0.00022623407858191058,0.00011573320080060512,0.0003737608543393784,6.865530366439998e-05,0.00012319878450739452,-0.00020159784952511473,0.0002460349246722936
gmat_d04_sso_900km_i97p6_jun_36h_g2020,numerical_gravity_20x20,EarthMJ2000Eq,124080.0,2026-06-18T16:58:00Z,0.0004647354217013344,-0.0003489476512186229,0.00016576996131334454,0.0006043369553061758,0.00026908164585393024,-9.272493883827337e-05,-0.0003999938158472105,0.0004909153686064775
gmat_d04_sso_900km_i97p6_jun_36h_g2020,numerical_gravity_20x20,EarthMJ2000Eq,124140.0,2026-06-18T16:59:00Z,-1.4784973245696165e-05,-8.844835974741727e-06,1.2928467185702175e-05,2.154000513156426e-05,0.00015958345755962,-6.608935620988632e-06,-9.059197836336352e-06,0.00015997695778506132
gmat_d04_sso_900km_i97p6_jun_36h_g2020,numerical_gravity_20x20,EarthMJ2000Eq,124200.0,2026-06-18T17:00:00Z,-0.0002064763293674332,0.00013309318092069589,-3.566947270883247e-05,0.00024823090194406495,8.574119192417129e-05,2.7689850412571104e-05,5.5311089042220374e-05,0.00010572415229967357
gmat_d04_sso_900km_i97p6_jun_36h_g2020,numerical_gravity_20x20,EarthMJ2000Eq,124260.0,2026-06-18T17:01:00Z,-0.00014241096835121425,9.279870027967263e-05,-2.0178049453534186e-05,0.00017117136547938248,-9.00399754755199e-05,0.00015561063548830134,-3.692035566160712e-05,0.0001835346826158064
gmat_d04_sso_900km_i97p6_jun_36h_g2020,numerical_gravity_20x20,EarthMJ2000Eq,124320.0,2026-06-18T17:02:00Z,-0.00016475598840770544,0.00011642146091617178,-1.9823346519842744e-05,0.00020271027932816196,-0.0001382973735530868,0.00028319480094296523,0.00023984109143171395,0.0003960419270127388
gmat_d04_sso_900km_i97p6_jun_36h_g2020,numerical_gravity_20x20,EarthMJ2000Eq,124380.0,2026-06-18T17:03:00Z,-0.00016648903056193376,0.0001305545538343722,2.0072548068128526e-06,0.00021158241395778613,6.698197552168494e-05,0.00019106760618115004,0.00046819464971648017,0.0005100976820175918
gmat_d04_sso_900km_i97p6_jun_36h_g2020,numerical_gravity_20x20,EarthMJ2000Eq,124440.0,2026-06-18T17:04:00Z,-0.00015486898519156966,0.00013538732446249924,2.8226168069522828e-05,0.00020763151678699843,0.0002908100427134741,-2.48165932248412e-05,0.00034432845463783224,0.0004513850118419724
gmat_d04_sso_900km_i97p6_jun_36h_g2020,numerical_gravity_20x20,EarthMJ2000Eq,124500.0,2026-06-18T17:05:00Z,-0.00013730937098443974,0.00013091612771631844,3.924014890799299e-05,0.0001937335416046983,0.00024305890633513627,-8.22364398800346e-05,2.6487256832297135e-05,0.00025795743596080956
gmat_d04_sso_900km_i97p6_jun_36h_g2020,numerical_gravity_20x20,EarthMJ2000Eq,124560.0,2026-06-18T17:06:00Z,-0.0001297094058827497,0.0001300734027154249,3.6173332773614675e-05,0.00018722214097797213,5.090150523301418e-06,7.653788713923859e-05,-6.516431838576864e-05,0.00010064962091717243
gmat_d04_sso_900km_i97p6_jun_36h_g2020,numerical_gravity_20x20,EarthMJ2000Eq,124620.0,2026-06-18T17:07:00Z,-0.0001336607056146022,0.0001397736468788935,3.8627149478998035e-05,0.00019721539814145298,-8.86659634602438e-05,0.00021998936006184522,0.00018516699284987226,0.00030090494654926844
gmat_d04_sso_900km_i97p6_jun_36h_g2020,numerical_gravity_20x20,EarthMJ2000Eq,124680.0,2026-06-18T17:08:00Z,-0.000134322363010142,0.0001517582859378308,5.8365003496874124e-05,0.0002109017500842677,0.00010361667079905601,0.00013993783909427293,0.0004340714454542649,0.00046769331087434795
gmat_d04_sso_900km_i97p6_jun_36h_g2020,numerical_gravity_20x20,EarthMJ2000Eq,124740.0,2026-06-18T17:09:00Z,-0.00012031659935018979,0.0001538198830530746,8.344977686647326e-05,0.0002123687965797231,0.0003389946101606256,-7.036327076548332e-05,0.0003379381219303923,0.000483808339990757
gmat_d04_sso_900km_i97p6_jun_36h_g2020,numerical_gravity_20x20,EarthMJ2000Eq,124800.0,2026-06-18T17:10:00Z,-9.773020792636089e-05,0.0001446476289856946,9.126051736529917e-05,0.00019698378649598286,0.0003029718698144279,-0.00013212542171459063,2.3778312652211753e-05,0.00033138269284121557
gmat_d04_sso_900km_i97p6_jun_36h_g2020,numerical_gravity_20x20,EarthMJ2000Eq,124860.0,2026-06-18T17:11:00Z,-0.00010794201443786733,0.0001601169969944749,0.00010845815268112347,0.0002214770915702916,0.00010085887680588712,-6.066258606551855e-06,-6.232436788877749e-05,0.00011871663470955686
gmat_d04_sso_900km_i97p6_jun_36h_g2020,numerical_gravity_20x20,EarthMJ2000Eq,124920.0,2026-06-18T17:12:00Z,-5.5570126278325915e-06,7.233666110550985e-05,7.877133612055331e-06,7.297617531209377e-05,-8.899014858343435e-05,0.00016296475280341838,-2.2230217666674434e-05,0.00018700518650210937
gmat_d04_sso_900km_i97p6_jun_36h_g2020,numerical_gravity_20x20,EarthMJ2000Eq,124980.0,2026-06-18T17:13:00Z,-0.0007655908120796084,0.000780660684540635,0.000800470843387302,0.001355106625709337,0.0008053477884573113,-0.0003207882848244026,0.0010871978872728505,0.0013904997051938609
gmat_d04_sso_900km_i97p6_jun_36h_g2020,numerical_gravity_20x20,EarthMJ2000Eq,125040.0,2026-06-18T17:14:00Z,-0.000702504621585831,0.0007476792234228924,0.0008504521247232333,0.0013325936293311525,0.0008499396741967757,-0.00037491609816697746,0.0010021130592008376,0.0013664516507580257
gmat_d04_sso_900km_i97p6_jun_36h_g2020,numerical_gravity_20x20,EarthMJ2000Eq,125100.0,2026-06-18T17:15:00Z,-0.0006529962774948217,0.0007261091923282947,0.0009108871381613426,0.001335422807980118,0.0008801448458939376,-0.0004190443547713585,0.0009267608902518987,0.0013450423297130462
gmat_d04_sso_900km_i97p6_jun_36h_g2020,numerical_gravity_20x20,EarthMJ2000Eq,125160.0,2026-06-18T17:16:00Z,-0.0005994297680445015,0.0006998498065513559,0.0009644145393394865,0.0013338670107013104,0.0008949281316006363,-0.00044589310022047357,0.0008703260334641527,0.0013255883305460549
gmat_d04_sso_900km_i97p6_jun_36h_g2020,numerical_gravity_20x20,EarthMJ2000Eq,125220.0,2026-06-18T17:17:00Z,-0.0005448719093692489,0.0006721938916598447,0.0010155672498513013,0.0013342064550042596,0.0009280225476970827,-0.0004786748775131855,0.0008351310754051156,0.0013370861604637722
gmat_d04_sso_900km_i97p6_jun_36h_g2020,numerical_gravity_20x20,EarthMJ2000Eq,125280.0,2026-06-18T17:18:00Z,-0.00048768379201646894,0.0006420677891583182,0.0010642997949616984,0.0013352230451972157,0.0009792340271985722,-0.0005275047065822491,0.000784165621325883,0.0013609100694606411
gmat_d04_sso_900km_i97p6_jun_36h_g2020,numerical_gravity_20x20,EarthMJ2000Eq,125340.0,2026-06-18T17:19:00Z,-0.0004275789251551032,0.0006088621375965886,0.0011090228326793294,0.001335465642852546,0.0010203056177715553,-0.0005777778255833255,0.0007025500181612188,0.0013669042751452347
gmat_d04_sso_900km_i97p6_jun_36h_g2020,numerical_gravity_20x20,EarthMJ2000Eq,125400.0,2026-06-18T17:20:00Z,-0.0003658105924841948,0.0005730516932089813,0.0011484480637591332,0.001334593042022706,0.0010345728718164082,-0.0006129354801487352,0.0006131921637120286,0.0013498279740624174
gmat_d04_sso_900km_i97p6_jun_36h_g2020,numerical_gravity_20x20,EarthMJ2000Eq,125460.0,2026-06-18T17:21:00Z,-0.0003036675479961559,0.0005355645953386556,0.0011830170478788204,0.0013336314149937287,0.001037271601944667,-0.0006359175408476858,0.0005431113336840099,0.0013324013718600894
gmat_d04_sso_900km_i97p6_jun_36h_g2020,numerical_gravity_20x20,EarthMJ2000Eq,125520.0,2026-06-18T17:22:00Z,-0.0002410661181784235,0.0004966627784597222,0.0012139303180447314,0.0013335717475670844,0.0010523428795039536,-0.0006624278903188952,0.00048759041249013535,0.001335657387306833
gmat_d04_sso_900km_i97p6_jun_36h_g2020,numerical_gravity_20x20,EarthMJ2000Eq,125580.0,2026-06-18T17:23:00Z,-0.0001771068127709441,0.0004559028639050666,0.0012414811862981878,0.0013343499467452604,0.0010796252780664872,-0.0006980673816769922,0.00041963676977729847,0.0013523992860655601
gmat_d04_sso_900km_i97p6_jun_36h_g2020,numerical_gravity_20x20,EarthMJ2000Eq,125640.0,2026-06-18T17:24:00Z,-0.0001117459760280326,0.0004126586645725183,0.0012620098459592555,0.001332457574522857,0.0010948606465888133,-0.0007299330029297835,0.000329971605594892,0.00135661464119839
gmat_d04_sso_900km_i97p6_jun_36h_g2020,numerical_gravity_20x20,EarthMJ2000Eq,125700.0,2026-06-18T17:25:00Z,-4.6031345846131444e-05,0.0003695658961078152,0.0012877035260316916,0.0013404768581817554,0.0010972929231911621,-0.0007556220094073751,0.0002396527420955863,0.0013536801014937682
gmat_d04_sso_900km_i97p6_jun_36h_g2020,numerical_gravity_20x20,EarthMJ2000Eq,125760.0,2026-06-18T17:26:00Z,1.9102117221336812e-05,0.0003196091711288318,0.0012731089782391791,0.0013127533597843896,0.001063390098199335,-0.0007530303047786902,0.00016255530255193662,0.0013131174232532405
gmat_d04_sso_900km_i97p6_jun_36h_g2020,numerical_gravity_20x20,EarthMJ2000Eq,125820.0,2026-06-18T17:27:00Z,5.8564182836562395e-05,9.69066604739055e-05,0.00010895348623307655,0.00015713537640474315,4.911476780833368e-05,-3.646549728841819e-05,3.7633007821114006e-05,7.182086178139465e-05
gmat_d04_sso_900km_i97p6_jun_36h_g2020,numerical_gravity_20x20,EarthMJ2000Eq,125880.0,2026-06-18T17:28:00Z,8.196820999728516e-05,0.00012027339835185558,0.00035711401835669676,0.0003856357088083653,0.0003049814845113019,-0.00022376789310385448,6.903100313593313e-05,0.00038451405081324237
gmat_d04_sso_900km_i97p6_jun_36h_g2020,numerical_gravity_20x20,EarthMJ2000Eq,125940.0,2026-06-18T17:29:00Z,0.00020584593585226685,0.00018557784642325714,0.0013128333762324473,0.001341768668638479,0.001162904994522762,-0.0008710857590799037,-1.9680257423715375e-05,0.001453108990575057
gmat_d04_sso_900km_i97p6_jun_36h_g2020,numerical_gravity_20x20,EarthMJ2000Eq,126000.0,2026-06-18T17:30:00Z,0.0002617816790007055,0.00012364125723252073,0.001189876002172241,0.0012245904247934743,0.0010256018256882271,-0.0007896110987282157,-0.0002220197359292797,0.0013132545660426663
gmat_d04_sso_900km_i97p6_jun_36h_g2020,numerical_gravity_20x20,EarthMJ2000Eq,126060.0,2026-06-18T17:31:00Z,0.00032200568966800347,8.036204235395417e-05,0.0011961556083406322,0.001241343611331936,0.0009141865042749941,-0.0007257364813273437,-0.00029387425826143954,0.0012036579599689601
gmat_d04_sso_900km_i97p6_jun_36h_g2020,numerical_gravity_20x20,EarthMJ2000Eq,126120.0,2026-06-18T17:32:00Z,0.0003745490175788291,3.77985998056829e-05,0.0011777883628383279,0.0012364874153641535,0.0008662539574544326,-0.0007028036486111944,-0.00023207658017554422,0.0011393807205550956
gmat_d04_sso_900km_i97p6_jun_36h_g2020,numerical_gravity_20x20,EarthMJ2000Eq,126180.0,2026-06-18T17:33:00Z,0.0004284956958144903,-6.518348527606577e-06,0.001164614332083147,0.0012409583364047909,0.0009428773317665673,-0.0007866624018859625,-0.0002346798311236853,0.001250171996341493
gmat_d04_sso_900km_i97p6_jun_36h_g2020,numerical_gravity_20x20,EarthMJ2000Eq,126240.0,2026-06-18T17:34:00Z,0.0004870735210715793,-5.664605851052329e-05,0.001145925580203766,0.0012464328406453279,0.0009894480790251237,-0.0008721449118453961,-0.00041243986004246835,0.001381937367067036
gmat_d04_sso_900km_i97p6_jun_36h_g2020,numerical_gravity_20x20,EarthMJ2000Eq,126300.0,2026-06-18T17:35:00Z,0.0005440460881800391,-0.00010878829925786704,0.0011143606570840348,0.001244837625626806,0.0008850329358267572,-0.0008437284204632078,-0.0006259650575657361,0.001373678709993259
gmat_d04_sso_900km_i97p6_jun_36h_g2020,numerical_gravity_20x20,EarthMJ2000Eq,126360.0,2026-06-18T17:36:00Z,0.0005918182068853639,-0.00015599744074279442,0.0010742196536739357,0.0012363380831547088,0.0007116365274839609,-0.0007248415201388525,-0.0006772982175107245,0.0012208827347496717
gmat_d04_sso_900km_i97p6_jun_36h_g2020,numerical_gravity_20x20,EarthMJ2000Eq,126420.0,2026-06-18T17:37:00Z,0.0006359659892041236,-0.00019876461010426283,0.0010412859410280362,0.0012362186378779936,0.0006565716859086024,-0.0006540059604986936,-0.0005862528240641041,0.001096586772137901
gmat_d04_sso_900km_i97p6_jun_36h_g2020,numerical_gravity_20x20,EarthMJ2000Eq,126480.0,2026-06-18T17:38:00Z,0.0006390127964550629,-0.0002173374014091678,0.0009619784577807877,0.0011751491196094698,0.000696098290120517,-0.0006491713833156609,-0.0005044427098255255,0.0010772366322776047
gmat_d04_sso_900km_i97p6_jun_36h_g2020,numerical_gravity_20x20,EarthMJ2000Eq,126540.0,2026-06-18T17:39:00Z,0.0008737579264561646,-0.00036380606616148725,0.001151028300228063,0.001490192576731872,0.0009224789820905244,-0.0008679217344820245,-0.000834771363145137,0.001516937321814005
gmat_d04_sso_900km_i97p6_jun_36h_g2020,numerical_gravity_20x20,EarthMJ2000Eq,126600.0,2026-06-18T17:40:00Z,0.00026752377380034886,-5.0711150834104046e-05,0.00032724801712902263,0.00042571334848954005,0.00027829916149357814,-0.00031356828245066026,-0.00025785595880734036,0.0004922044154002873
gmat_d04_sso_900km_i97p6_jun_36h_g2020,numerical_gravity_20x20,EarthMJ2000Eq,126660.0,2026-06-18T17:41:00Z,0.0004238031579006929,-0.00017339016267214902,0.00030860883271088824,0.0005521889864758721,0.0001985718256491964,-0.00033450042735694296,-0.0005446256778895986,0.0006692820293869671
gmat_d04_sso_900km_i97p6_jun_36h_g2020,numerical_gravity_20x20,EarthMJ2000Eq,126720.0,2026-06-18T17:42:00Z,0.0006923055480001494,-0.0003005334292538464,0.0007931521395221353,0.001094850505922797,0.00046852832724653126,-0.0006347393721739536,-0.0007897602571915741,0.0011163037793806483
gmat_d04_sso_900km_i97p6_jun_36h_g2020,numerical_gravity_20x20,EarthMJ2000Eq,126780.0,2026-06-18T17:43:00Z,0.000398256815969944,-0.00018904893295257352,0.00019995968614239246,0.0004840783682413299,1.1339373884311499e-05,-0.00024286439526122194,-0.00040096548303836244,0.00046891898497914813
gmat_d04_sso_900km_i97p6_jun_36h_g2020,numerical_gravity_20x20,EarthMJ2000Eq,126840.0,2026-06-18T17:44:00Z,0.0010314438441128004,-0.0005585984581557568,0.0008799534043646418,0.0014663651096725884,0.0005688853832452878,-0.0007326135254004384,-0.0011261480636903798,0.001458959429944297
gmat_d04_sso_900km_i97p6_jun_36h_g2020,numerical_gravity_20x20,EarthMJ2000Eq,126900.0,2026-06-18T17:45:00Z,-0.001274163878406398,0.0008560682545066811,-0.0009526720532448962,0.001806635128199271,-0.0007002682878010091,0.0007243716737548311,0.0015266090613863526,0.0018291050333277892
gmat_d04_sso_900km_i97p6_jun_36h_g2020,numerical_gravity_20x20,EarthMJ2000Eq,126960.0,2026-06-18T17:46:00Z,0.0008047959454415832,-0.00047068442654563114,0.0004338580765761435,0.0010283351466336993,0.00022149659884007633,-0.000350304674157087,-0.0008883760393985085,0.000980298982663659
gmat_d04_sso_900km_i97p6_jun_36h_g2020,numerical_gravity_20x20,EarthMJ2000Eq,127020.0,2026-06-18T17:47:00Z,0.0010525877769396175,-0.0006296413630479947,0.0006129375833552331,0.0013711607328511766,0.00037772274197322986,-0.0005510947254094845,-0.001108414693362647,0.0012942036156031018
gmat_d04_sso_900km_i97p6_jun_36h_g2020,numerical_gravity_20x20,EarthMJ2000Eq,127080.0,2026-06-18T17:48:00Z,-0.0013765429685008712,0.0009705581760499626,-0.0006477475835708901,0.0018045582975477815,-0.0003631912548485161,0.00041534597983172716,0.0017489747428101055,0.0018339391542656184
gmat_d04_sso_900km_i97p6_jun_36h_g2020,numerical_gravity_20x20,EarthMJ2000Eq,127140.0,2026-06-18T17:49:00Z,0.0009158554803434527,-0.0005987299118714873,0.0002845727067324333,0.0011305973614252772,0.00016350565346101575,-0.00048607251557086784,-0.0011802980814934472,0.0012868971016690564
gmat_d04_sso_900km_i97p6_jun_36h_g2020,numerical_gravity_20x20,EarthMJ2000Eq,127200.0,2026-06-18T17:50:00Z,0.0007169526270445203,-0.0004552557584247552,0.00030882711143931374,0.0009036885856117075,7.541967050883613e-05,-0.0003603881637559425,-0.0010021039553720357,0.0010676048391831691
gmat_d04_sso_900km_i97p6_jun_36h_g2020,numerical_gravity_20x20,EarthMJ2000Eq,127260.0,2026-06-18T17:51:00Z,0.0004629960130841937,-0.0003241848389734514,-3.459717845544219e-06,0.0005652195039094743,-0.00023023272177624676,-2.6717295042999467e-05,-0.0005850588902234222,0.0006292970880755572
gmat_d04_sso_900km_i97p6_jun_36h_g2020,numerical_gravity_20x20,EarthMJ2000Eq,127320.0,2026-06-18T17:52:00Z,0.0011406604016883648,-0.0007971411832841113,0.0002355764081585221,0.0014113952182674863,-2.2327917292841448e-05,-0.0002913385088731957,-0.0012507355151569755,0.0012844127029573002
gmat_d04_sso_900km_i97p6_jun_36h_g2020,numerical_gravity_20x20,EarthMJ2000Eq,127380.0,2026-06-18T17:53:00Z,-0.001389785609262617,0.0010287014902132796,-0.00012501095625339076,0.0017335969932091694,3.327205178038639e-05,0.00015979395584508893,0.0018502538390308132,0.0018574392067043704
gmat_d04_sso_900km_i97p6_jun_36h_g2020,numerical_gravity_20x20,EarthMJ2000Eq,127440.0,2026-06-18T17:54:00Z,0.00048200337232628954,-0.0003592601842683507,-4.232788342051208e-06,0.000601176386289077,-6.31015240060151e-05,-0.0001851745423664397,-0.000604924693670128,0.000635771419996527
gmat_d04_sso_900km_i97p6_jun_36h_g2020,numerical_gravity_20x20,EarthMJ2000Eq,127500.0,2026-06-18T17:55:00Z,0.001392058265992091,-0.0010582310778772808,-6.656136974925175e-05,0.0017498884667444137,-0.00025199042852364073,-0.0002482041239204591,-0.0018367379839290265,0.0018704841311292422
gmat_d04_sso_900km_i97p6_jun_36h_g2020,numerical_gravity_20x20,EarthMJ2000Eq,127560.0,2026-06-18T17:56:00Z,0.0010972439667966682,-0.0008622290579296532,-0.00016863850760273635,0.0014056394335875838,-0.00038616843056615835,-6.498446225577936e-05,-0.0014229105671503817,0.0014758128333934568
gmat_d04_sso_900km_i97p6_jun_36h_g2020,numerical_gravity_20x20,EarthMJ2000Eq,127620.0,2026-06-18T17:57:00Z,0.001137708522946923,-0.0009130492983899785,-0.000251261553785298,0.001480260812454043,-0.00041579983900419393,-2.5520030533243698e-05,-0.0013459660053172229,0.001408958929686715
gmat_d04_sso_900km_i97p6_jun_36h_g2020,numerical_gravity_20x20,EarthMJ2000Eq,127680.0,2026-06-18T17:58:00Z,0.0011069303127442254,-0.0009103149238853803,-0.0003304030542494729,0.0014707597207490603,-0.0003582059093787393,-7.988365524624896e-05,-0.0013227956507932959,0.0013727640750132598
gmat_d04_sso_900km_i97p6_jun_36h_g2020,numerical_gravity_20x20,EarthMJ2000Eq,127740.0,2026-06-18T17:59:00Z,0.001084588348021498,-0.000915742646157014,-0.00041442763176746666,0.0014787382258625232,-0.0004189981694935341,-7.547740210611664e-05,-0.0014887864274726326,0.0015484641845694544
gmat_d04_sso_900km_i97p6_jun_36h_g2020,numerical_gravity_20x20,EarthMJ2000Eq,127800.0,2026-06-18T18:00:00Z,0.0010579633453744464,-0.0009200729209624114,-0.0005107922333991155,0.0014922229477343694,-0.0006390568074721159,9.039435866498025e-05,-0.0015629439964470748,0.0016909638314537836
gmat_d04_sso_900km_i97p6_jun_36h_g2020,numerical_gravity_20x20,EarthMJ2000Eq,127860.0,2026-06-18T18:01:00Z,0.0009629443411540706,-0.0008634929145046044,-0.0005575584509642795,0.0014084577536447411,-0.0007578613292480441,0.00025577939766208146,-0.0012959584516636369,0.0015229199595108078
gmat_d04_sso_900km_i97p6_jun_36h_g2020,numerical_gravity_20x20,EarthMJ2000Eq,127920.0,2026-06-18T18:02:00Z,0.0012112618605897296,-0.0011065453691117,-0.0008717797754798084,0.0018578476594590491,-0.0009247358434549824,0.00037273650832503336,-0.0014374639256686805,0.0017493917292612164
gmat_d04_sso_900km_i97p6_jun_36h_g2020,numerical_gravity_20x20,EarthMJ2000Eq,127980.0,2026-06-18T18:03:00Z,-0.0009451796358916909,0.0007776434358675033,0.0007921253200038336,0.001457928798001926,0.0008344436253082677,-0.0004899733951901908,0.0014055898667209021,0.0017064738396003294
gmat_d04_sso_900km_i97p6_jun_36h_g2020,numerical_gravity_20x20,EarthMJ2000Eq,128040.0,2026-06-18T18:04:00Z,0.00014186707630869932,-0.0002069664333248511,-0.00019817252905340865,0.00031974008684400594,-9.64606172715321e-05,-0.00011292300428067392,-0.0003234950085584387,0.0003559568458990534
gmat_d04_sso_900km_i97p6_jun_36h_g2020,numerical_gravity_20x20,EarthMJ2000Eq,128100.0,2026-06-18T18:05:00Z,0.0010185253813688178,-0.0010098710845340975,-0.0010352014214731753,0.0017688627823804345,-0.0010615783807566004,0.0003902398404420637,-0.0016291217264097213,0.0019832481919866314
gmat_d04_sso_900km_i97p6_jun_36h_g2020,numerical_gravity_20x20,EarthMJ2000Eq,128160.0,2026-06-18T18:06:00Z,0.0007577391443192028,-0.0008099241313175298,-0.0009638706615078263,0.0014694190557630548,-0.0010706520114922569,0.0005110103451499981,-0.0011368612717888027,0.0016431314170984588
gmat_d04_sso_900km_i97p6_jun_36h_g2020,numerical_gravity_20x20,EarthMJ2000Eq,128220.0,2026-06-18T18:07:00Z,0.0006275122359511442,-0.000703550085745519,-0.0008811848601908423,0.0012904422060869235,-0.0008724212463562253,0.0004483018400947003,-0.0008062288614496538,0.0012696843497343932
gmat_d04_sso_900km_i97p6_jun_36h_g2020,numerical_gravity_20x20,EarthMJ2000Eq,128280.0,2026-06-18T18:08:00Z,0.0010787816790980287,-0.001190509010484675,-0.001754854565660935,0.002379200740127615,-0.0015836474354102847,0.0008438068022087464,-0.0015724959112617398,0.002385936401095011
gmat_d04_sso_900km_i97p6_jun_36h_g2020,numerical_gravity_20x20,EarthMJ2000Eq,128340.0,2026-06-18T18:09:00Z,-0.0005034598871134222,0.00042478541217860766,0.0008707111192052253,0.0010918115027053093,0.0007457363615515078,-0.0005276583614488572,0.0006473932501194213,0.0011196714195009006
gmat_d04_sso_900km_i97p6_jun_36h_g2020,numerical_gravity_20x20,EarthMJ2000Eq,128400.0,2026-06-18T18:10:00Z,0.0007948974598548375,-0.0009932541615853552,-0.0017897136785904877,0.002195789346117745,-0.0016407750713653968,0.0009336353912203776,-0.0012970069462880929,0.0022904246106940336
gmat_d04_sso_900km_i97p6_jun_36h_g2020,numerical_gravity_20x20,EarthMJ2000Eq,128460.0,2026-06-18T18:11:00Z,-0.00039338647184194997,0.0003374111656739842,0.0008949064067564905,0.0010341453900702489,0.0006760014770179623,-0.0004838351941316432,0.0005522373669464287,0.0009980183372377464
gmat_d04_sso_900km_i97p6_jun_36h_g2020,numerical_gravity_20x20,EarthMJ2000Eq,128520.0,2026-06-18T18:12:00Z,0.0005538822733797133,-0.0008212728062062524,-0.0017894026314024813,0.0020452961575889925,-0.001579822939135056,0.000981008607681133,-0.0008568958875798671,0.002047556829373263
gmat_d04_sso_900km_i97p6_jun_36h_g2020,numerical_gravity_20x20,EarthMJ2000Eq,128580.0,2026-06-18T18:13:00Z,0.0006015770850353874,-0.0009430900718143675,-0.0022881354198034387,0.00254693493677274,-0.0019137262885493556,0.0012117551406731764,-0.001016272399567697,0.0024826414196488073
gmat_d04_sso_900km_i97p6_jun_36h_g2020,numerical_gravity_20x20,EarthMJ2000Eq,128640.0,2026-06-18T18:14:00Z,-0.00028062368073733523,0.00027582245820667595,0.0010917597137449775,0.0011605028871994496,0.0009648604137879602,-0.0007172169524949368,0.0003277795812550721,0.0012461120450942397
gmat_d04_sso_900km_i97p6_jun_36h_g2020,numerical_gravity_20x20,EarthMJ2000Eq,128700.0,2026-06-18T18:15:00Z,0.00029016428015893325,-0.0006812356332375202,-0.0020776842575287446,0.0022056856465633196,-0.0018380048594224263,0.0011971441615798994,-0.0007733795825970446,0.002325840060202608
gmat_d04_sso_900km_i97p6_jun_36h_g2020,numerical_gravity_20x20,EarthMJ2000Eq,128760.0,2026-06-18T18:16:00Z,-0.00014831221051281318,0.00013679391486220993,0.0008840383998176549,0.0009067706321240704,0.000608112782352066,-0.0004561666600011449,0.00019474555301712826,0.0007847388152605417
gmat_d04_sso_900km_i97p6_jun_36h_g2020,numerical_gravity_20x20,EarthMJ2000Eq,128820.0,2026-06-18T18:17:00Z,-0.00015372916095657274,0.00022300991986412555,0.001386000803904608,0.0014122196386222772,0.0011015416356841001,-0.0007716727257189859,0.00037691894050340125,0.0013967607735308073
gmat_d04_sso_900km_i97p6_jun_36h_g2020,numerical_gravity_20x20,EarthMJ2000Eq,128880.0,2026-06-18T18:18:00Z,-3.7816789699718356e-05,-0.00046696550271008164,-0.002239419131910836,0.00228789967845462,-0.0018106207921864126,0.0013300671675153808,-0.00016295498284080168,0.002252549810688497
gmat_d04_sso_900km_i97p6_jun_36h_g2020,numerical_gravity_20x20,EarthMJ2000Eq,128940.0,2026-06-18T18:19:00Z,-9.51058609643951e-06,5.393212632043287e-05,0.0010182364462707483,0.0010197080886270458,0.000916169917708487,-0.0006808011931980218,2.4366286766053236e-05,0.0011416879165098452
gmat_d04_sso_900km_i97p6_jun_36h_g2020,numerical_gravity_20x20,EarthMJ2000Eq,129000.0,2026-06-18T18:20:00Z,-9.389259503223002e-05,-0.00011744759831344709,-0.0003873877147952953,0.00041554662713804357,-0.0003243089130577914,0.00022423207735045025,-6.123901385990393e-05,0.0003990069077348886
gmat_d04_sso_900km_i97p6_jun_36h_g2020,numerical_gravity_20x20,EarthMJ2000Eq,129060.0,2026-06-18T18:21:00Z,-0.00028561862563947216,-0.00019398612494114786,-0.00170278673294888,0.0017374381352694502,-0.0014301028139485084,0.001089894618999665,0.00012232437285319975,0.0018022285069274084
gmat_d04_sso_900km_i97p6_jun_36h_g2020,numerical_gravity_20x20,EarthMJ2000Eq,129120.0,2026-06-18T18:22:00Z,-7.305789040401578e-05,-7.157086656661704e-05,-1.6476633390993811e-06,0.00010228665155268645,1.722311182561498e-05,3.0389413208098404e-05,0.00012295497953118684,0.00012782049525645234
gmat_d04_sso_900km_i97p6_jun_36h_g2020,numerical_gravity_20x20,EarthMJ2000Eq,129180.0,2026-06-18T18:23:00Z,-0.00010489202395547181,-7.846392691135406e-05,-0.0002008118826779537,0.0002397589137873498,-5.1499471354077286e-05,0.00011658016219051603,3.433697770560684e-05,0.00013199302180066865
gmat_d04_sso_900km_i97p6_jun_36h_g2020,numerical_gravity_20x20,EarthMJ2000Eq,129240.0,2026-06-18T18:24:00Z,-0.00010249914339510724,-6.934260454727337e-05,-0.00016419608073192649,0.0002056084242677221,-9.200995521041477e-05,0.0001397497118027502,-7.029221649190731e-05,0.00018148501179469183
gmat_d04_sso_900km_i97p6_jun_36h_g2020,numerical_gravity_20x20,EarthMJ2000Eq,129300.0,2026-06-18T18:25:00Z,-0.00011198699212400243,-5.914262146688998e-05,-0.00017010052033583634,0.00021206867542727635,-0.0001986437681011921,0.0001974652663605525,1.9037216247852484e-05,0.00028073883526642986
gmat_d04_sso_900km_i97p6_jun_36h_g2020,numerical_gravity_20x20,EarthMJ2000Eq,129360.0,2026-06-18T18:26:00Z,-0.00012341297406237572,-4.826233634958044e-05,-0.0001644175426918082,0.00021117088724929207,-0.00015726264734894357,0.000147602818856285,0.00015294521205078127,0.00026440569259147565
gmat_d04_sso_900km_i97p6_jun_36h_g2020,numerical_gravity_20x20,EarthMJ2000Eq,129420.0,2026-06-18T18:27:00Z,-9.827272151596844e-05,-5.727088137064129e-05,-0.0001073249222827144,0.00015638452797548687,-3.423794581181028e-05,5.0025317221980004e-05,7.771472354534126e-05,9.856138976445596e-05
gmat_d04_sso_900km_i97p6_jun_36h_g2020,numerical_gravity_20x20,EarthMJ2000Eq,129480.0,2026-06-18T18:28:00Z,-0.00018391074263490736,-8.81482264958322e-06,-0.000225511485041352,0.0002911293393672693,-0.00019551427143937872,0.0002648554708883921,0.00011263701082953048,0.00034793871156368146
gmat_d04_sso_900km_i97p6_jun_36h_g2020,numerical_gravity_20x20,EarthMJ2000Eq,129540.0,2026-06-18T18:29:00Z,-6.327354640234262e-06,-9.164523362414911e-05,6.087066140025854e-05,0.00011020037060769393,0.00012630563261950556,-8.837486298318709e-05,-4.3231196400483896e-05,0.0001601004858859829
gmat_d04_sso_900km_i97p6_jun_36h_g2020,numerical_gravity_20x20,EarthMJ2000Eq,129600.0,2026-06-18T18:30:00Z,0.0007071121217450127,-0.00043604677557596005,0.0011640549928415567,0.0014300938324348798,0.000917915965459315,-0.0007533911272616933,-0.00084797235899714,0.0014591864280841312
