model,epoch_utc,frame,elapsed_seconds,timestamp_utc,position_x_km,position_y_km,position_z_km,velocity_x_km_s,velocity_y_km_s,velocity_z_km_s,position_magnitude_km,velocity_magnitude_km_s
numerical_gravity_20x20,2026-06-17T06:30:00Z,EarthMJ2000Eq,0.0,2026-06-17T06:30:00Z,2160.599293531969,-2762.2769943406565,-6344.269080876216,-5.4470527327315255,3.6669553509070028,-3.4770706092895787,7249.007771497865,7.430138965099434
numerical_gravity_20x20,2026-06-17T06:30:00Z,EarthMJ2000Eq,60.0,2026-06-17T06:31:00Z,1829.9278831614922,-2537.2158979497985,-6540.832372180053,-5.571862309711085,3.832710760819154,-3.0730447136569214,7250.419897587977,7.428251825740201
numerical_gravity_20x20,2026-06-17T06:30:00Z,EarthMJ2000Eq,120.0,2026-06-17T06:32:00Z,1492.3957634497465,-2302.642008617401,-6712.810795719615,-5.675677292541743,3.9839528466517242,-2.65783748617067,7251.98139226392,7.426257005807998
numerical_gravity_20x20,2026-06-17T06:30:00Z,EarthMJ2000Eq,180.0,2026-06-17T06:33:00Z,1149.2736158893097,-2059.4427433126125,-6859.581058198649,-5.758144657329966,4.120137586957255,-2.233040627363488,7253.68778974943,7.424165547295636
numerical_gravity_20x20,2026-06-17T06:30:00Z,EarthMJ2000Eq,240.0,2026-06-17T06:34:00Z,801.8508095613173,-1808.536365479233,-6980.616288246131,-5.818994548647831,4.240781003612341,-1.800275396987081,7255.533906597238,7.4219884520786925
numerical_gravity_20x20,2026-06-17T06:30:00Z,EarthMJ2000Eq,300.0,2026-06-17T06:35:00Z,451.4304071039326,-1550.8683463012426,-7075.487612738015,-5.85804035537556,4.345460319424503,-1.3611860657622386,7257.513830370995,7.419736497917349
numerical_gravity_20x20,2026-06-17T06:30:00Z,EarthMJ2000Eq,360.0,2026-06-17T06:36:00Z,99.3241755304899,-1287.4076649412289,-7143.865345607471,-5.875178485209785,4.433814837254125,-0.9174335582483085,7259.620917359637,7.4174200756008775
numerical_gravity_20x20,2026-06-17T06:30:00Z,EarthMJ2000Eq,420.0,2026-06-17T06:37:00Z,-253.1523831607683,-1019.1430631615262,-7185.519802083279,-5.870387954719626,4.505546598202086,-0.47068931819536886,7261.847804685881,7.415049111216383
numerical_gravity_20x20,2026-06-17T06:30:00Z,EarthMJ2000Eq,480.0,2026-06-17T06:38:00Z,-604.6849740859647,-747.0792643462522,-7200.321748536813,-5.843729892842595,4.560420924756061,-0.022629259049124155,7264.186439481969,7.412633145840967
numerical_gravity_20x20,2026-06-17T06:30:00Z,EarthMJ2000Eq,540.0,2026-06-17T06:39:00Z,-953.9654172378977,-472.23316258891674,-7188.242486105403,-5.79534685722844,4.598266864250628,0.42507242219175534,7266.628118748433,7.410181503482949
numerical_gravity_20x20,2026-06-17T06:30:00Z,EarthMJ2000Eq,600.0,2026-06-17T06:40:00Z,-1299.6965024331346,-195.62999121020218,-7149.35355790185,-5.725461719277766,4.6189774029255695,0.8707495786480173,7269.163527379314,7.4077033536966
numerical_gravity_20x20,2026-06-17T06:30:00Z,EarthMJ2000Eq,660.0,2026-06-17T06:41:00Z,-1640.5967611918393,81.70051115300666,-7083.826078706691,-5.63437602003427,4.6225093229115,1.3127503009111932,7271.782767638266,7.4052075546930745
numerical_gravity_20x20,2026-06-17T06:30:00Z,EarthMJ2000Eq,720.0,2026-06-17T06:42:00Z,-1975.405128706229,358.72791573376907,-6991.929706010313,-5.522468004599709,4.608882743796487,1.7494426557809382,7274.475386846465,7.402702385869526
numerical_gravity_20x20,2026-06-17T06:30:00Z,EarthMJ2000Eq,780.0,2026-06-17T06:43:00Z,-2302.8854862719245,634.4248860948532,-6874.031280477374,-5.390190643196011,4.5781805189281535,2.179220003200647,7277.230417127093,7.400195393112328
numerical_gravity_20x20,2026-06-17T06:30:00Z,EarthMJ2000Eq,840.0,2026-06-17T06:44:00Z,-2621.8310874399613,907.7709229817577,-6730.593152604839,-5.23806972010976,4.5305475883677895,2.600506194311194,7280.036434357242,7.397693445246756
numerical_gravity_20x20,2026-06-17T06:30:00Z,EarthMJ2000Eq,900.0,2026-06-17T06:45:00Z,-2931.068867129765,1177.7560678576008,-6562.1711950275785,-5.066701801865878,4.466190229330999,3.01176086233409,7282.881631063519,7.395202891435095
numerical_gravity_20x20,2026-06-17T06:30:00Z,EarthMJ2000Eq,960.0,2026-06-17T06:46:00Z,-3229.463620046103,1443.3845556000902,-6369.412496079814,-4.8767518972287665,4.385375099360513,3.4114847237654917,7285.753893301903,7.392729661613559
numerical_gravity_20x20,2026-06-17T06:30:00Z,EarthMJ2000Eq,1020.0,2026-06-17T06:47:00Z,-3515.9220296129092,1703.678403052762,-6153.052739904702,-4.668950835514748,4.288428062670266,3.7982247036772865,7288.640877378617,7.39027929463942
numerical_gravity_20x20,2026-06-17T06:30:00Z,EarthMJ2000Eq,1080.0,2026-06-17T06:48:00Z,-3789.396534648393,1957.680922121777,-5913.91328524707,-4.444092496507719,4.175732856102835,4.170578870329495,7291.530088744516,7.387857004347864
numerical_gravity_20x20,2026-06-17T06:30:00Z,EarthMJ2000Eq,1140.0,2026-06-17T06:49:00Z,-4048.8890259332557,2204.460148091787,-5652.8979506806745,-4.203030893460149,4.047729586476989,4.5272013045444135,7294.4089636966055,7.385467835451606
numerical_gravity_20x20,2026-06-17T06:30:00Z,EarthMJ2000Eq,1200.0,2026-06-17T06:50:00Z,-4293.454359671641,2443.1121705266432,-5370.989509014639,-3.9466769595449724,3.9049129710509183,4.8668069030577445,7297.264948068156,7.383116805667873
numerical_gravity_20x20,2026-06-17T06:30:00Z,EarthMJ2000Eq,1260.0,2026-06-17T06:51:00Z,-4522.20366676183,2672.7643497410927,-5069.245900685285,-3.6759949600316597,3.7478302897445914,5.188175897126282,7300.085566247538,7.380808896484672
numerical_gravity_20x20,2026-06-17T06:30:00Z,EarthMJ2000Eq,1320.0,2026-06-17T06:52:00Z,-4734.307438601911,2892.5784042815067,-4748.796190079489,-3.391998668649423,3.577079160298916,5.49015788896794,7302.858481651592,7.378548904287425
numerical_gravity_20x20,2026-06-17T06:30:00Z,EarthMJ2000Eq,1380.0,2026-06-17T06:53:00Z,-4928.998381963846,3101.7533633466214,-4410.8362930325375,-3.095747520564888,3.3933052756367514,5.771675478461453,7305.571557405164,7.376341317578865
numerical_gravity_20x20,2026-06-17T06:30:00Z,EarthMJ2000Eq,1440.0,2026-06-17T06:54:00Z,-5105.574044125815,3299.5283825151523,-4056.624492688942,-2.7883427898358897,3.197200091642162,6.0317277301248495,7308.212923947831,7.374190352166366
numerical_gravity_20x20,2026-06-17T06:30:00Z,EarthMJ2000Eq,1500.0,2026-06-17T06:55:00Z,-5263.399206192115,3485.18541536508,-3687.476748766443,-2.4709236575738966,2.989498306689004,6.269393585068792,7310.771050710752,7.372100092358791
numerical_gravity_20x20,2026-06-17T06:30:00Z,EarthMJ2000Eq,1560.0,2026-06-17T06:56:00Z,-5401.908034259725,3658.0517245962246,-3304.7618075576297,-2.1446630693100106,2.7709750314353285,6.4838350484367435,7313.2348133444175,7.370074574998339
numerical_gravity_20x20,2026-06-17T06:30:00Z,EarthMJ2000Eq,1620.0,2026-06-17T06:57:00Z,-5520.605977207072,3817.502216186293,-2909.8961331819933,-1.8107634559387515,2.5424427528003943,6.674299939386347,7315.593552957219,7.368117746448077
numerical_gravity_20x20,2026-06-17T06:30:00Z,EarthMJ2000Eq,1680.0,2026-06-17T06:58:00Z,-5619.07140716097,3962.9615904374436,-2504.3386871335,-1.4704524492041544,2.304748295080185,6.840124224603428,7317.837133055776,7.366233400935118
numerical_gravity_20x20,2026-06-17T06:30:00Z,EarthMJ2000Eq,1740.0,2026-06-17T06:59:00Z,-5696.957002763112,4093.9063128117277,-2089.585575067376,-1.124978572776154,2.058769842515954,6.980734145356133,7319.9560015713905,7.364425249929533
numerical_gravity_20x20,2026-06-17T06:30:00Z,EarthMJ2000Eq,1800.0,2026-06-17T07:00:00Z,-5753.990869092655,4209.866404554486,-1667.1645690813905,-0.7756067442897647,1.8054138738747894,7.095648232678031,7321.941256674932,7.362697122636121
numerical_gravity_20x20,2026-06-17T06:30:00Z,EarthMJ2000Eq,1860.0,2026-06-17T07:01:00Z,-5789.9773793896875,4310.427041866855,-1238.629516463179,-0.4236135052254365,1.5456118269089894,7.184479029310204,7323.784705748465,7.3610531341573955
numerical_gravity_20x20,2026-06-17T06:30:00Z,EarthMJ2000Eq,1920.0,2026-06-17T07:02:00Z,-5804.797725749234,4395.229946319426,-805.5546608178856,-0.07028213287190391,1.2803164953219337,7.246934256455502,7325.478907856603,7.359497674691033
numerical_gravity_20x20,2026-06-17T06:30:00Z,EarthMJ2000Eq,1980.0,2026-06-17T07:03:00Z,-5798.410179730303,4463.97455555319,-369.52891159249265,0.28310210371038447,1.0104983449105096,7.282817387287363,7327.017200848449,7.358035254248735
numerical_gravity_20x20,2026-06-17T06:30:00Z,EarthMJ2000Eq,2040.0,2026-06-17T07:04:00Z,-5770.850075826562,4516.418975123983,67.84990825049744,0.6352564441338462,0.7371419175400937,7.292027848272744,7328.393723496098,7.356670381116276
numerical_gravity_20x20,2026-06-17T06:30:00Z,EarthMJ2000Eq,2100.0,2026-06-17T07:05:00Z,-5722.229528825498,4552.38071750826,504.98082129504706,0.9849050458698981,0.4612423166698675,7.274561060334118,7329.603441358839,7.3554076056053095
numerical_gravity_20x20,2026-06-17T06:30:00Z,EarthMJ2000Eq,2160.0,2026-06-17T07:06:00Z,-5652.736883720612,4571.737229552882,940.2654521251662,1.3307835155516812,0.18380164838694016,7.2305082816773565,7330.642174674428,7.354251683388235
numerical_gravity_20x20,2026-06-17T06:30:00Z,EarthMJ2000Eq,2220.0,2026-06-17T07:07:00Z,-5562.635888695699,4574.426202918565,1372.1137627056753,1.6716435922241963,-0.09417465318323931,7.160056021410861,7331.506618285199,7.353207694228983
numerical_gravity_20x20,2026-06-17T06:30:00Z,EarthMJ2000Eq,2280.0,2026-06-17T07:08:00Z,-5452.264586938915,4560.445662039236,1798.9497350734796,2.006257795026799,-0.3716815461408105,7.063484860010404,7332.194344923054,7.3522809984006745
numerical_gravity_20x20,2026-06-17T06:30:00Z,EarthMJ2000Eq,2340.0,2026-06-17T07:09:00Z,-5322.033936536762,4529.853830959068,2219.2169664588246,2.333423810346171,-0.6477180101870005,6.941167737374607,7332.703791625721,7.35147705279566
numerical_gravity_20x20,2026-06-17T06:30:00Z,EarthMJ2000Eq,2400.0,2026-06-17T07:10:00Z,-5172.426177556841,4482.768787410475,2631.384150744874,2.651968532199268,-0.9212905042444948,6.7935679115566145,7333.0342364159305,7.350801198367285
numerical_gravity_20x20,2026-06-17T06:30:00Z,EarthMJ2000Eq,2460.0,2026-06-17T07:11:00Z,-5003.992965723328,4419.367914399368,3033.950431973125,2.9607518202600973,-1.1914162671621045,6.6212367520882225,7333.18577342079,7.350258511782817
numerical_gravity_20x20,2026-06-17T06:30:00Z,EarthMJ2000Eq,2520.0,2026-06-17T07:12:00Z,-4817.353286293802,4339.887156918275,3425.45062176046,3.2586700845451864,-1.45712652333835,6.42481140771683,7333.159290637904,7.3498537434192635
numerical_gravity_20x20,2026-06-17T06:30:00Z,EarthMJ2000Eq,2580.0,2026-06-17T07:13:00Z,-4613.191156242571,4244.620087857484,3804.4602720119415,3.5446597629869188,-1.7174696425089007,6.205012304997854,7332.956449863528,7.349591316083698
numerical_gravity_20x20,2026-06-17T06:30:00Z,EarthMJ2000Eq,2640.0,2026-06-17T07:14:00Z,-4392.253120683073,4133.916785304455,4169.600590953585,3.8177006998565846,-1.971514265647066,5.96264041795621,7332.579665578315,7.349475347749684
numerical_gravity_20x20,2026-06-17T06:30:00Z,EarthMJ2000Eq,2700.0,2026-06-17T07:15:00Z,-4155.345550331211,4008.182523899145,4519.543187363302,4.076819391014797,-2.2183523696346885,5.698574267489102,7332.032079170818,7.349509661528927
numerical_gravity_20x20,2026-06-17T06:30:00Z,EarthMJ2000Eq,2760.0,2026-06-17T07:16:00Z,-3903.3317496601485,3867.8762855104187,4853.014626525927,4.321092039086311,-2.457102215096738,5.413766651009463,7331.317526420024,7.349697752783485
numerical_gravity_20x20,2026-06-17T06:30:00Z,EarthMJ2000Eq,2820.0,2026-06-17T07:17:00Z,-3637.128888654362,3713.5090978326816,5168.8007832156545,4.549647374647239,-2.686911130153997,5.109241160905137,7330.440498970098,7.350042713839643
numerical_gravity_20x20,2026-06-17T06:30:00Z,EarthMJ2000Eq,2880.0,2026-06-17T07:18:00Z,-3357.7047722138213,3545.6422108727133,5465.750981562727,4.761669253569203,-2.9069581370675683,4.7860885734294305,7329.406102633673,7.3505471581210475
numerical_gravity_20x20,2026-06-17T06:30:00Z,EarthMJ2000Eq,2940.0,2026-06-17T07:19:00Z,-3066.074459104801,3364.88511914552,5742.781915195881,4.956399083647703,-3.1164564790867733,4.445463131412429,7328.220014391123,7.351213186622526
numerical_gravity_20x20,2026-06-17T06:30:00Z,EarthMJ2000Eq,3000.0,2026-06-17T07:20:00Z,-2763.2967397238635,3171.8934342244534,5998.881339739795,5.1331381005721886,-3.3146560805381164,4.088578659809321,7326.8884363093075,7.3520423794509195
numerical_gravity_20x20,2026-06-17T06:30:00Z,EarthMJ2000Eq,3060.0,2026-06-17T07:21:00Z,-2450.4704832585458,2967.366612897404,6233.111525786919,5.29124942935694,-3.5008458831483455,3.7167044672746203,7325.418042511793,7.3530357348707325
numerical_gravity_20x20,2026-06-17T06:30:00Z,EarthMJ2000Eq,3120.0,2026-06-17T07:22:00Z,-2128.7308698180805,2752.0455515243266,6444.612461406807,5.430159849436208,-3.6743559553607223,3.3311611238956647,7323.815918733974,7.3541935051015415
numerical_gravity_20x20,2026-06-17T06:30:00Z,EarthMJ2000Eq,3180.0,2026-06-17T07:23:00Z,-1799.2455252251916,2526.710061526652,6632.604802467588,5.5493612924586655,-3.834559354653792,2.9333163083295415,7322.089501008508,7.3555149896736305
numerical_gravity_20x20,2026-06-17T06:30:00Z,EarthMJ2000Eq,3240.0,2026-06-17T07:24:00Z,-1463.210570026103,2292.17623769452,6796.392578803249,5.648412236344465,-3.9808738673736626,2.524580818591946,7320.246523314594,7.356998426615763
numerical_gravity_20x20,2026-06-17T06:30:00Z,EarthMJ2000Eq,3300.0,2026-06-17T07:25:00Z,-1121.846583883853,2049.293721546562,6935.365662778406,5.726939144517767,-4.112763786683956,2.106404598454963,7318.294978435058,7.358641060852273
numerical_gravity_20x20,2026-06-17T06:30:00Z,EarthMJ2000Eq,3360.0,2026-06-17T07:26:00Z,-776.3944825821613,1798.9428558343675,7049.001993035996,5.784637915953462,-4.229741749601585,1.680272511263261,7316.243085694117,7.360439307481316
numerical_gravity_20x20,2026-06-17T06:30:00Z,EarthMJ2000Eq,3420.0,2026-06-17T07:27:00Z,-428.111312485868,1542.0317306533511,7136.869533795403,5.821275150575539,-4.331370479772095,1.2476997599012924,7314.099253950356,7.3623888312562755
numerical_gravity_20x20,2026-06-17T06:30:00Z,EarthMJ2000Eq,3480.0,2026-06-17T07:28:00Z,-78.26597874792077,1279.4931321870727,7198.627952947066,5.836689083763358,-4.417264274584948,0.8102271426280321,7311.872034143795,7.364484445953974
numerical_gravity_20x20,2026-06-17T06:30:00Z,EarthMJ2000Eq,3540.0,2026-06-17T07:29:00Z,271.86507370467035,1012.2814100383428,7234.0300178524385,5.830790253495067,-4.487090252434618,0.36941642285362264,7309.570067425293,7.366719921866231
numerical_gravity_20x20,2026-06-17T06:30:00Z,EarthMJ2000Eq,3600.0,2026-06-17T07:30:00Z,621.0022160511523,741.3692725498838,7242.922719026601,5.80356209277406,-4.540569539928876,-0.07315412862807275,7307.202040754948,7.369087883730882
numerical_gravity_20x20,2026-06-17T06:30:00Z,EarthMJ2000Eq,3660.0,2026-06-17T07:31:00Z,967.8670276807635,467.7445086815446,7225.248126428376,5.755061543371341,-4.577478542436478,-0.5158942379155873,7304.7766562113375,7.371579887593474
numerical_gravity_20x20,2026-06-17T06:30:00Z,EarthMJ2000Eq,3720.0,2026-06-17T07:32:00Z,1311.1867235925079,192.4066318964981,7181.043967549693,5.68541958982709,-4.597650248953693,-0.9572064227730308,7302.302609451683,7.3741865897122185
numerical_gravity_20x20,2026-06-17T06:30:00Z,EarthMJ2000Eq,3780.0,2026-06-17T07:33:00Z,1649.698607178524,-83.63655082771244,7110.443908127013,5.594841551230583,-4.600975393073206,-1.3954910896190647,7299.788568019054,7.376897852908605
numerical_gravity_20x20,2026-06-17T06:30:00Z,EarthMJ2000Eq,3840.0,2026-06-17T07:34:00Z,1982.1545319764741,-359.3724321278797,7013.677522564237,5.483607098006175,-4.587403358672896,-1.829151744172207,7297.243145471528,7.379702736809613
numerical_gravity_20x20,2026-06-17T06:30:00Z,EarthMJ2000Eq,3900.0,2026-06-17T07:35:00Z,2307.3253587235945,-633.7871450538639,6891.069952191009,5.352070099711425,-4.556942882704819,-2.2566001804377693,7294.674875704488,7.382589461890113
numerical_gravity_20x20,2026-06-17T06:30:00Z,EarthMJ2000Eq,3960.0,2026-06-17T07:36:00Z,2624.0054004290732,-905.8691430075111,6743.0412515005255,5.200658378164501,-4.50966267273203,-2.676261718570492,7292.092193957224,7.38554546221815
numerical_gravity_20x20,2026-06-17T06:30:00Z,EarthMJ2000Eq,4020.0,2026-06-17T07:37:00Z,2931.0168481150345,-1174.6128151889077,6570.105414519444,5.029873284618922,-4.445691965315698,-3.0865806503098927,7289.503425298455,7.388557533149696
numerical_gravity_20x20,2026-06-17T06:30:00Z,EarthMJ2000Eq,4080.0,2026-06-17T07:38:00Z,3227.214161838415,-1439.0221315387034,6372.869066950532,4.840288942405241,-4.365220929518436,-3.4860259225247208,7286.916775010098,7.3916119718225595
numerical_gravity_20x20,2026-06-17T06:30:00Z,EarthMJ2000Eq,4140.0,2026-06-17T07:39:00Z,3511.48840433378,-1698.1143043836441,6152.029813478947,4.6325510964783705,-4.268500808518349,-3.873096917334878,7284.340315392792,7.394694621475161
numerical_gravity_20x20,2026-06-17T06:30:00Z,EarthMJ2000Eq,4200.0,2026-06-17T07:40:00Z,3782.771496051079,-1950.9234501239503,5908.374239405967,4.407375668382925,-4.155843786175349,-4.2463291797181135,7281.781969576959,7.397790843209315
numerical_gravity_20x20,2026-06-17T06:30:00Z,EarthMJ2000Eq,4260.0,2026-06-17T07:41:00Z,4040.040378087358,-2196.5042362488866,5642.775570562275,4.165547145179045,-4.02762264379878,-4.604300095368622,7279.249498139898,7.400885524568087
numerical_gravity_20x20,2026-06-17T06:30:00Z,EarthMJ2000Eq,4320.0,2026-06-17T07:42:00Z,4282.321073913253,-2433.9355027923057,5356.1909909549795,3.907916802732699,-3.884270252604591,-4.945634644468756,7276.750493415428,7.4039632068858285
numerical_gravity_20x20,2026-06-17T06:30:00Z,EarthMJ2000Eq,4380.0,2026-06-17T07:43:00Z,4508.69263615152,-2662.323847697158,5049.658610522244,3.6354006211321788,-3.7262788659129575,-5.2690113124026166,7274.292380714799,7.40700830787333
numerical_gravity_20x20,2026-06-17T06:30:00Z,EarthMJ2000Eq,4440.0,2026-06-17T07:44:00Z,4718.290955025186,-2880.8071615866957,4724.294075068862,3.348976740910842,-3.5541991267462123,-5.573168080819708,7271.8824210965095,7.410005337433501
numerical_gravity_20x20,2026-06-17T06:30:00Z,EarthMJ2000Eq,4500.0,2026-06-17T07:45:00Z,4910.3123993665595,-3088.5580929524403,4381.286818824135,3.049682434359286,-3.368638737936102,-5.856908318364956,7269.527711049535,7.412939022202727
numerical_gravity_20x20,2026-06-17T06:30:00Z,EarthMJ2000Eq,4560.0,2026-06-17T07:46:00Z,5084.0172637902015,-3284.787423744958,4021.8959701783892,2.7386106956113516,-3.1702608135722583,-6.119106440355939,7267.235179395739,7.4157943469728345
numerical_gravity_20x20,2026-06-17T06:30:00Z,EarthMJ2000Eq,4620.0,2026-06-17T07:47:00Z,5238.733002801625,-3468.747337808018,3647.445924705346,2.4169065591415335,-2.959781962250867,-6.358713353863035,7265.011585802377,7.418556604642378
numerical_gravity_20x20,2026-06-17T06:30:00Z,EarthMJ2000Eq,4680.0,2026-06-17T07:48:00Z,5373.857235975559,-3639.7345664811737,3259.3215953263575,2.0857631360434494,-2.737970101765447,-6.574761789646156,7262.8635240410185,7.421211540471706
numerical_gravity_20x20,2026-06-17T06:30:00Z,EarthMJ2000Eq,4740.0,2026-06-17T07:49:00Z,5488.860503806105,-3797.093393035618,2858.9633452046737,1.746417243385196,-2.5056419199685367,-6.766371531222351,7260.79742692917,7.423745571989457
numerical_gravity_20x20,2026-06-17T06:30:00Z,EarthMJ2000Eq,4800.0,2026-06-17T07:50:00Z,5583.288746640837,-3940.2184916167703,2447.8616143489417,1.4001445444825384,-2.2636598888556114,-6.932754348719168,7258.819564712155,7.426145951807206
numerical_gravity_20x20,2026-06-17T06:30:00Z,EarthMJ2000Eq,4860.0,2026-06-17T07:51:00Z,5656.7654797182,-4068.5575740075496,2027.5512662698486,1.0482543163765783,-2.012928865323877,-7.073218356982731,7256.9360313356865,7.428400746743116
numerical_gravity_20x20,2026-06-17T06:30:00Z,EarthMJ2000Eq,4920.0,2026-06-17T07:52:00Z,5708.993649742774,-4181.61382462839,1599.6056935331005,0.6920841115766521,-1.7543924709375986,-7.187171707672448,7255.15272381706,7.4304986720372055
numerical_gravity_20x20,2026-06-17T06:30:00Z,EarthMJ2000Eq,4980.0,2026-06-17T07:53:00Z,5739.757172536018,-4278.9481168355705,1165.6307164141579,0.33299446564935137,-1.4890294402120654,-7.274125854163171,7253.475329336794,7.43242900606366
numerical_gravity_20x20,2026-06-17T06:30:00Z,EarthMJ2000Eq,5040.0,2026-06-17T07:54:00Z,5748.922150875044,-4360.181009066967,727.2582897275367,-0.02763652679790638,-1.2178499042633733,-7.333698719174764,7251.909331247007,7.434181802360858
numerical_gravity_20x20,2026-06-17T06:30:00Z,EarthMJ2000Eq,5100.0,2026-06-17T07:55:00Z,5736.437753610332,-4424.994509678024,286.1400214849029,-0.3884191338794294,-0.9418913454631607,-7.365617753752672,7250.460028413507,7.435748356730384
numerical_gravity_20x20,2026-06-17T06:30:00Z,EarthMJ2000Eq,5160.0,2026-06-17T07:56:00Z,5702.336720109297,-4473.133583107302,-156.05947748781333,-0.747958535101204,-0.6622140075111032,-7.369722410364556,7249.132546887455,7.437121605016569
numerical_gravity_20x20,2026-06-17T06:30:00Z,EarthMJ2000Eq,5220.0,2026-06-17T07:57:00Z,5646.735460846961,-4504.407366372488,-597.6693608289986,-1.104861641749482,-0.3798958813657027,-7.345965510228462,7247.931825830801,7.438296135914063
numerical_gravity_20x20,2026-06-17T06:30:00Z,EarthMJ2000Eq,5280.0,2026-06-17T07:58:00Z,5569.833755021839,-4518.690081729642,-1037.0193609685966,-1.4577436297809103,-0.09602766098709663,-7.29441349951672,7246.862581029547,7.439267847293391
numerical_gravity_20x20,2026-06-17T06:30:00Z,EarthMJ2000Eq,5340.0,2026-06-17T07:59:00Z,5471.914071459155,-4515.921653616445,-1472.4465983026791,-1.8052339802223616,0.188292054333993,-7.215246128610397,7245.929269037045,7.440033623412067
numerical_gravity_20x20,2026-06-17T06:30:00Z,EarthMJ2000Eq,5400.0,2026-06-17T08:00:00Z,5353.340534102767,-4496.108043010354,-1902.3023668745577,-2.145982374144826,0.4719614333898389,-7.1087560247701385,7245.136072118083,7.440591385397628
numerical_gravity_20x20,2026-06-17T06:30:00Z,EarthMJ2000Eq,5460.0,2026-06-17T08:01:00Z,5214.5575257357405,-4459.321296262857,-2324.9588891894623,-2.4786649086156363,0.7538803099850575,-6.9753480105518895,7244.486900321637,7.440940472769281
numerical_gravity_20x20,2026-06-17T06:30:00Z,EarthMJ2000Eq,5520.0,2026-06-17T08:02:00Z,5056.087907507874,-4405.699288998191,-2738.81600752983,-2.8019906340875513,1.0329554375460668,-6.8155375666900655,7243.985386279306,7.441081962485958
numerical_gravity_20x20,2026-06-17T06:30:00Z,EarthMJ2000Eq,5580.0,2026-06-17T08:03:00Z,4878.530848960949,-4335.44514992104,-3142.3077469298114,-3.1147078946574744,1.3081058360895335,-6.629948085770218,7243.6348519684925,7.4410185974408956
numerical_gravity_20x20,2026-06-17T06:30:00Z,EarthMJ2000Eq,5640.0,2026-06-17T08:04:00Z,4682.559297160134,-4248.826371135733,-3533.9086831221616,-3.4156099680504726,1.578267843844892,-6.419307211995619,7243.438250176877,7.440754392045172
numerical_gravity_20x20,2026-06-17T06:30:00Z,EarthMJ2000Eq,5700.0,2026-06-17T08:05:00Z,4468.917130004298,-4146.173628268462,-3912.140078567664,-3.703539996178324,1.8423997491806388,-6.184442856197322,7243.398102060257,7.44029426707328
numerical_gravity_20x20,2026-06-17T06:30:00Z,EarthMJ2000Eq,5760.0,2026-06-17T08:06:00Z,4238.416025928016,-4027.87933120978,-4275.575777269894,-3.9773955745469087,2.0994861778410705,-5.926279134285253,7243.516448715185,7.439643952827031
numerical_gravity_20x20,2026-06-17T06:30:00Z,EarthMJ2000Eq,5820.0,2026-06-17T08:07:00Z,3991.9320613750656,-3894.3959141912073,-4622.847848352441,-4.236133246654621,2.3485424056256425,-5.6458319936998596,7243.794816815296,7.438810067176028
numerical_gravity_20x20,2026-06-17T06:30:00Z,EarthMJ2000Eq,5880.0,2026-06-17T08:08:00Z,3730.402043786446,-3746.2338702806487,-4952.6519501530665,-4.478772782963063,2.5886185376784034,-5.344204248454033,7244.23418716423,7.43780011994253
numerical_gravity_20x20,2026-06-17T06:30:00Z,EarthMJ2000Eq,5940.0,2026-06-17T08:09:00Z,3454.8196006989156,-3583.9595436324116,-5263.752379458308,-4.704401002538308,2.8188033796776244,-5.022580089603294,7244.834959888338,7.43662235443248
numerical_gravity_20x20,2026-06-17T06:30:00Z,EarthMJ2000Eq,6000.0,2026-06-17T08:10:00Z,3166.2310547863035,-3408.192700483214,-5554.986782831369,-4.912175103464209,3.0382279495879234,-4.682219354540561,7245.5969204304665,7.435285563096087
numerical_gravity_20x20,2026-06-17T06:30:00Z,EarthMJ2000Eq,6060.0,2026-06-17T08:11:00Z,2865.731110077241,-3219.6038978658366,-5825.270520629961,-5.101325652176351,3.2460687286111547,-4.324451675762999,7246.519212210637,7.433799021794248
numerical_gravity_20x20,2026-06-17T06:30:00Z,EarthMJ2000Eq,6120.0,2026-06-17T08:12:00Z,2554.458367038492,-3018.911663118559,-6073.60067359238,-5.271159289596306,3.4415507159049787,-3.9506703912701697,7247.600314649535,7.432172503844505
numerical_gravity_20x20,2026-06-17T06:30:00Z,EarthMJ2000Eq,6180.0,2026-06-17T08:13:00Z,2233.590686952626,-2806.8794975398637,-6299.059674506169,-5.421061017577799,3.623950216804352,-3.562326144418307,7248.8380209203815,7.430416225850618
numerical_gravity_20x20,2026-06-17T06:30:00Z,EarthMJ2000Eq,6240.0,2026-06-17T08:14:00Z,1904.3404353956291,-2584.312723109877,-6500.818550172538,-5.55049593497819,3.7925972804941335,-3.1609203355545468,7250.229414782527,7.428540679295172
numerical_gravity_20x20,2026-06-17T06:30:00Z,EarthMJ2000Eq,6300.0,2026-06-17T08:15:00Z,1567.9496369064864,-2352.055192697216,-6678.139771839238,-5.659010488562982,3.9468778310293002,-2.747998642961939,7251.770853080657,7.426556460733134
numerical_gravity_20x20,2026-06-17T06:30:00Z,EarthMJ2000Eq,6360.0,2026-06-17T08:16:00Z,1225.6850647346187,-2110.985878678733,-6830.379719785861,-5.746233410864666,4.086235603473078,-2.3251446201936505,7253.457959784182,7.424474211958975
numerical_gravity_20x20,2026-06-17T06:30:00Z,EarthMJ2000Eq,6420.0,2026-06-17T08:17:00Z,878.8332817547323,-1862.0153506961763,-6956.990761939583,-5.811876404394941,4.210173889612582,-1.8939732063014296,7255.28562946082,7.4223046304315705
numerical_gravity_20x20,2026-06-17T06:30:00Z,EarthMJ2000Eq,6480.0,2026-06-17T08:18:00Z,528.6956499820727,-1606.0821575592843,-7057.522938481604,-5.8557344858547475,4.318256961624468,-1.4561240931309865,7257.248033127589,7.420058418236563
numerical_gravity_20x20,2026-06-17T06:30:00Z,EarthMJ2000Eq,6540.0,2026-06-17T08:19:00Z,176.5833313959308,-1344.149136238811,-7131.625247989944,-5.877685934021214,4.410111075365188,-1.0132551139850916,7259.338623534933,7.417746124131404
numerical_gravity_20x20,2026-06-17T06:30:00Z,EarthMJ2000Eq,6600.0,2026-06-17T08:20:00Z,-176.18769801750992,-1077.199671875751,-7179.0465425219245,-5.877691922870981,4.485425124993913,-0.5670358368310634,7261.550144267953,7.415377976365071
numerical_gravity_20x20,2026-06-17T06:30:00Z,EarthMJ2000Eq,6660.0,2026-06-17T08:21:00Z,-528.3016056660391,-806.2339248273978,-7199.6360446439185,-5.8557959461663645,4.543951111274672,-0.11914135017178848,7263.874648108118,7.4129638152437725
numerical_gravity_20x20,2026-06-17T06:30:00Z,EarthMJ2000Eq,6720.0,2026-06-17T08:22:00Z,-878.4476188105876,-532.2650330170894,-7193.343493904633,-5.812123012812785,4.585504495086898,0.32875389457463855,7266.303524190741,7.410513107317746
numerical_gravity_20x20,2026-06-17T06:30:00Z,EarthMJ2000Eq,6780.0,2026-06-17T08:23:00Z,-1225.3248831565745,-256.3152979361946,-7160.2189243664525,-5.746878507575943,4.609964372569003,0.7749822112065242,7268.82752898253,7.408034930052664
numerical_gravity_20x20,2026-06-17T06:30:00Z,EarthMJ2000Eq,6840.0,2026-06-17T08:24:00Z,-1567.6472422863255,20.587632535534205,-7100.412078612903,-5.6603467037871456,4.617273401813712,1.2178886396867048,7271.4368190181885,7.405537874648154
numerical_gravity_20x20,2026-06-17T06:30:00Z,EarthMJ2000Eq,6900.0,2026-06-17T08:25:00Z,-1904.147920582939,297.41457001540874,-7014.171472324591,-5.5528890624904,4.6074375131386525,1.6558366283768493,7274.120989720333,7.4030299416980085
numerical_gravity_20x20,2026-06-17T06:30:00Z,EarthMJ2000Eq,6960.0,2026-06-17T08:26:00Z,-2233.5841013770205,573.1385697972668,-6901.8431248736915,-5.42494245282029,4.5805254864756915,2.087213511076812,7276.869126106343,7.400518535176221
numerical_gravity_20x20,2026-06-17T06:30:00Z,EarthMJ2000Eq,7020.0,2026-06-17T08:27:00Z,-2554.7413959468977,846.7386863584236,-6763.868963131035,-5.277017276824199,4.536668411957303,2.5104359467488946,7279.669865697758,7.398010561136101
numerical_gravity_20x20,2026-06-17T06:30:00Z,EarthMJ2000Eq,7080.0,2026-06-17T08:28:00Z,-2866.4381939312098,1117.2036913319241,-6600.784898177051,-5.109695369712504,4.476058963693273,2.923955375808338,7282.51146786296,7.395512535141751
numerical_gravity_20x20,2026-06-17T06:30:00Z,EarthMJ2000Eq,7140.0,2026-06-17T08:29:00Z,-3167.5298788005807,1383.5357405892564,-6413.218576733282,-4.923627600600956,4.398950425710394,3.326263380028357,7285.381883713382,7.39303061474622
numerical_gravity_20x20,2026-06-17T06:30:00Z,EarthMJ2000Eq,7200.0,2026-06-17T08:30:00Z,-3456.9128915951915,1644.7539757723043,-6201.88681741918,-4.719531232000665,4.30565549087309,3.7158968149467175,7288.268825789402,7.390570573050938
numerical_gravity_20x20,2026-06-17T06:30:00Z,EarthMJ2000Eq,7260.0,2026-06-17T08:31:00Z,-3733.528631734289,1899.898048649097,-5967.592746360523,-4.498187143145916,4.196544899619665,4.091442710418062,7291.159840907007,7.3881377979786045
numerical_gravity_20x20,2026-06-17T06:30:00Z,EarthMJ2000Eq,7320.0,2026-06-17T08:32:00Z,-3996.3671880927755,2148.0315598974644,-5711.222643266975,-4.2604369433584965,4.072045947640555,4.451543039823839,7294.04238850759,7.385737375742101
numerical_gravity_20x20,2026-06-17T06:30:00Z,EarthMJ2000Eq,7380.0,2026-06-17T08:33:00Z,-4244.470891797475,2388.245403580467,-5433.742503198531,-4.007179897564971,3.932640824067721,4.794899431512992,7296.90392221972,7.383374238171627
numerical_gravity_20x20,2026-06-17T06:30:00Z,EarthMJ2000Eq,7440.0,2026-06-17T08:34:00Z,-4476.937676181199,2619.661005176195,-5136.194318171033,-3.7393695580350808,3.77886471551975,5.120277778013152,7299.731968535822,7.381053295687204
numerical_gravity_20x20,2026-06-17T06:30:00Z,EarthMJ2000Eq,7500.0,2026-06-17T08:35:00Z,-4692.924224518528,2841.4334378996327,-4819.692088892386,-3.4580100606157234,3.611303645345227,5.426512592257192,7302.514196550309,7.378779473065254
numerical_gravity_20x20,2026-06-17T06:30:00Z,EarthMJ2000Eq,7560.0,2026-06-17T08:36:00Z,-4891.648886987582,3052.7544022589605,-4485.41758712698,-3.164152158005664,3.43059208891788,5.712510939753661,7305.238476941484,7.376557611539619
numerical_gravity_20x20,2026-06-17T06:30:00Z,EarthMJ2000Eq,7620.0,2026-06-17T08:37:00Z,-5072.394355869575,3252.855058431025,-4134.615897056352,-2.8588891600669863,3.2374104737208738,5.9772558760644525,7307.892934957991,7.374392287697553
numerical_gravity_20x20,2026-06-17T06:30:00Z,EarthMJ2000Eq,7680.0,2026-06-17T08:38:00Z,-5234.510098747018,3441.0087081465213,-3768.5907626847074,-2.54335294549655,3.0324826760506434,6.219809511248877,7310.466007035202,7.372287687152153
numerical_gravity_20x20,2026-06-17T06:30:00Z,EarthMJ2000Eq,7740.0,2026-06-17T08:39:00Z,-5377.414555343986,3616.533326825681,-3388.699756045513,-2.218710054551166,2.8165735198571626,6.439315963656671,7312.946508808135,7.3702476741783
numerical_gravity_20x20,2026-06-17T06:30:00Z,EarthMJ2000Eq,7800.0,2026-06-17T08:40:00Z,-5500.597097826445,3778.7939422053046,-2996.349266608165,-1.8861576675657006,2.590486125803384,6.635004371127466,7315.3237124386715,7.368276061588443
numerical_gravity_20x20,2026-06-17T06:30:00Z,EarthMJ2000Eq,7860.0,2026-06-17T08:41:00Z,-5603.61974016762,3927.204844296348,-2592.989311308026,-1.546919234864616,2.355058915767332,6.806191803275133,7317.587420046213,7.366376889550176
numerical_gravity_20x20,2026-06-17T06:30:00Z,EarthMJ2000Eq,7920.0,2026-06-17T08:42:00Z,-5686.118573901818,4061.231604132738,-2180.108183017294,-1.2022397545179577,2.111162255661757,6.952285662915445,7319.728018754303,7.364554462820808
numerical_gravity_20x20,2026-06-17T06:30:00Z,EarthMJ2000Eq,7980.0,2026-06-17T08:43:00Z,-5747.804917043078,4180.392886006532,-1759.226978128248,-0.8533809989036389,1.8596949860734002,7.072785303559044,7321.736515768158,7.362813084735828
numerical_gravity_20x20,2026-06-17T06:30:00Z,EarthMJ2000Eq,8040.0,2026-06-17T08:44:00Z,-5788.466184015065,4284.262056434407,-1331.8940468613828,-0.5016170253343191,1.6015811550405592,7.1672830609025535,7323.604569046194,7.3611567237348625
numerical_gravity_20x20,2026-06-17T06:30:00Z,EarthMJ2000Eq,8100.0,2026-06-17T08:45:00Z,-5807.966495999051,4372.468605407031,-899.6793862202472,-0.1482299767029469,1.3377670031786224,7.235465220016224,7325.324533555305,7.359588958009224
numerical_gravity_20x20,2026-06-17T06:30:00Z,EarthMJ2000Eq,8160.0,2026-06-17T08:46:00Z,-5806.247039420512,4444.699387224583,-464.1689678473985,0.20549418951627166,1.0692178948969575,7.277113223708966,7326.88952805258,7.358113320639519
numerical_gravity_20x20,2026-06-17T06:30:00Z,EarthMJ2000Eq,8220.0,2026-06-17T08:47:00Z,-5783.326156366683,4500.699665749102,-26.958991530006976,0.5582703993031188,0.7969148235037979,7.292104853744649,7328.293505272112,7.35673380466253
numerical_gravity_20x20,2026-06-17T06:30:00Z,EarthMJ2000Eq,8280.0,2026-06-17T08:48:00Z,-5739.299140142643,4540.273934778275,410.34991629452196,0.9088195468024124,0.5218504388632477,7.280414788057824,7329.531299931259,7.3554551412786795
numerical_gravity_20x20,2026-06-17T06:30:00Z,EarthMJ2000Eq,8340.0,2026-06-17T08:49:00Z,-5674.337723905527,4563.286493494755,846.15850900556,1.2558735625721957,0.24502492871983517,7.242114200004797,7330.598641926287,7.354282677921284
numerical_gravity_20x20,2026-06-17T06:30:00Z,EarthMJ2000Eq,8400.0,2026-06-17T08:50:00Z,-5588.6892754284045,4569.661780563351,1278.8746776328614,1.5981801071162967,-0.03255786131970843,7.177369608651621,7331.492143289825,7.353222026316892
numerical_gravity_20x20,2026-06-17T06:30:00Z,EarthMJ2000Eq,8460.0,2026-06-17T08:51:00Z,-5482.675722652613,4559.384485885324,1706.9191285631487,1.9345068770839824,-0.30989397296402516,7.086441421515622,7332.2092769744995,7.352278772770862
numerical_gravity_20x20,2026-06-17T06:30:00Z,EarthMJ2000Eq,8520.0,2026-06-17T08:52:00Z,-5356.692227406084,4532.499455452752,2128.7309704458335,2.2636457255461297,-0.5859827247431874,6.969682364606108,7332.748357701054,7.351458357903016
numerical_gravity_20x20,2026-06-17T06:30:00Z,EarthMJ2000Eq,8580.0,2026-06-17T08:53:00Z,-5211.205614948589,4489.11139307932,2542.7732008071753,2.584416671860696,-0.8598301028667203,6.827535679312711,7333.10852309506,7.350766000348222
numerical_gravity_20x20,2026-06-17T06:30:00Z,EarthMJ2000Eq,8640.0,2026-06-17T08:54:00Z,-5046.752569361977,4429.384359422243,2947.538074692033,2.8956716694036286,-1.1304521058443135,6.660533001079315,7333.289712101611,7.350206543972848
numerical_gravity_20x20,2026-06-17T06:30:00Z,EarthMJ2000Eq,8700.0,2026-06-17T08:55:00Z,-4863.937612508426,4353.54107474949,3341.552340529307,3.196298063287919,-1.3968779327772785,6.469292100752012,7333.292646035749,7.349784320189989
numerical_gravity_20x20,2026-06-17T06:30:00Z,EarthMJ2000Eq,8760.0,2026-06-17T08:56:00Z,-4663.430880034903,4261.862034190836,3723.3823421789334,3.4852219537234754,-1.6581530729251486,6.254514694935953,7333.118820624021,7.349503231452924
numerical_gravity_20x20,2026-06-17T06:30:00Z,EarthMJ2000Eq,8820.0,2026-06-17T08:57:00Z,-4445.965690260756,4154.684435702377,4091.638988909416,3.7614117719366034,-1.913342487967474,6.016984170162002,7332.770506077976,7.349367081477489
numerical_gravity_20x20,2026-06-17T06:30:00Z,EarthMJ2000Eq,8880.0,2026-06-17T08:58:00Z,-4212.335891295209,4032.4009124617683,4444.982574566233,4.023882053164945,-2.1615339299419487,5.75756275254535,7332.250736855209,7.34937987571542
numerical_gravity_20x20,2026-06-17T06:30:00Z,EarthMJ2000Eq,8940.0,2026-06-17T08:59:00Z,-3963.392986225676,3895.4580679532164,4782.127402508297,4.271696969497061,-2.401841140043913,5.477187868446253,7331.563272335951,7.349545755179203
numerical_gravity_20x20,2026-06-17T06:30:00Z,EarthMJ2000Eq,9000.0,2026-06-17T09:00:00Z,-3700.0430656622825,3744.3548312447147,5101.8461751836385,4.503973172954001,-2.6334066059852654,5.176868041990124,7330.712529165026,7.349868530750386
numerical_gravity_20x20,2026-06-17T06:30:00Z,EarthMJ2000Eq,9060.0,2026-06-17T09:01:00Z,-3423.24359138435,3579.640661628556,5402.974140649732,4.71988196696655,-2.8554038583278087,4.857678997035081,7329.703508114654,7.350351162664619
numerical_gravity_20x20,2026-06-17T06:30:00Z,EarthMJ2000Eq,9120.0,2026-06-17T09:02:00Z,-3134.000058466858,3401.913621294643,5684.413020809817,4.918651278602531,-3.067039644077787,4.520760272957097,7328.541740644757,7.350995580490458
numerical_gravity_20x20,2026-06-17T06:30:00Z,EarthMJ2000Eq,9180.0,2026-06-17T09:03:00Z,-2833.3625335096904,3211.818312085131,5945.134744452735,5.099567852893031,-3.267556316012387,4.167312002301028,7327.233259958421,7.351802900588038
numerical_gravity_20x20,2026-06-17T06:30:00Z,EarthMJ2000Eq,9240.0,2026-06-17T09:04:00Z,-2522.4220544837103,3010.0436620147734,6184.184976605558,5.2619796227712765,-3.456234411584196,3.7985912656587013,7325.78457866835,7.352773725732179
numerical_gravity_20x20,2026-06-17T06:30:00Z,EarthMJ2000Eq,9300.0,2026-06-17T09:05:00Z,-2202.3068925734956,2797.3205596118864,6400.686410770884,5.405297873254528,-3.6323950842924786,3.4159078588362695,7324.202652257183,7.3539081886478215
numerical_gravity_20x20,2026-06-17T06:30:00Z,EarthMJ2000Eq,9360.0,2026-06-17T09:06:00Z,-1874.178697217979,2574.4193538796553,6593.841798255603,5.528998964124305,-3.795402137437589,3.020619848150546,7322.494824795611,7.355205720929531
numerical_gravity_20x20,2026-06-17T06:30:00Z,EarthMJ2000Eq,9420.0,2026-06-17T09:07:00Z,-1539.2285480946364,2342.14724246103,6762.936715708818,5.632625757621315,-3.9446637597470855,2.614129328518322,7320.668770632893,7.356664818319559
numerical_gravity_20x20,2026-06-17T06:30:00Z,EarthMJ2000Eq,9480.0,2026-06-17T09:08:00Z,-1198.6729230382703,2101.3455574117197,6907.342084897938,5.715789026247516,-4.079634244331788,2.197878363073565,7318.7324452996145,7.358283023842115
numerical_gravity_20x20,2026-06-17T06:30:00Z,EarthMJ2000Eq,9540.0,2026-06-17T09:09:00Z,-853.7495804708461,1852.886944921834,7026.516445760826,5.778168871403747,-4.199815795711456,1.7733447622836755,7316.69404440033,7.36005705618412
numerical_gravity_20x20,2026-06-17T06:30:00Z,EarthMJ2000Eq,9600.0,2026-06-17T09:10:00Z,-505.7133618084602,1597.672437833684,7120.00796622813,5.819515930156636,-4.304760256023084,1.3420375386089545,7314.561959685424,7.36198283604481
numerical_gravity_20x20,2026-06-17T06:30:00Z,EarthMJ2000Eq,9660.0,2026-06-17T09:11:00Z,-155.83193206187028,1336.6284320554448,7187.456174677597,5.839652229590518,-4.394070568858353,0.9054922655650287,7312.344727879031,7.364055307347084
numerical_gravity_20x20,2026-06-17T06:30:00Z,EarthMJ2000Eq,9720.0,2026-06-17T09:12:00Z,194.61852356460656,1070.703582063902,7228.593419021397,5.8384718453003535,-4.467402045174223,0.4652666334297874,7310.050981209254,7.36626822494096
numerical_gravity_20x20,2026-06-17T06:30:00Z,EarthMJ2000Eq,9780.0,2026-06-17T09:13:00Z,544.3576435840185,800.8656205705174,7243.246064597447,5.815941625020288,-4.524463661044303,0.02293614131017531,7307.6894117529755,7.368614148693922
numerical_gravity_20x20,2026-06-17T06:30:00Z,EarthMJ2000Eq,9840.0,2026-06-17T09:14:00Z,892.1052809857516,528.0980963705738,7231.335428728268,5.772102002009154,-4.565019478511824,-0.4199104353941298,7305.268750329007,7.37108466472495
numerical_gravity_20x20,2026-06-17T06:30:00Z,EarthMJ2000Eq,9900.0,2026-06-17T09:15:00Z,1236.5859395035316,253.39702709714504,7192.878430217393,5.707067648158644,-4.588890018665719,-0.8616760165748555,7302.797748192546,7.373670612497498
numerical_gravity_20x20,2026-06-17T06:30:00Z,EarthMJ2000Eq,9960.0,2026-06-17T09:16:00Z,1576.5332382708773,-22.232523139717937,7127.987931246318,5.621027752901868,-4.595953369671833,-1.3007604423192198,7300.28515090001,7.376362118510275
numerical_gravity_20x20,2026-06-17T06:30:00Z,EarthMJ2000Eq,10020.0,2026-06-17T09:17:00Z,1910.6943830863602,-297.7799240727236,7036.872766612333,5.514245998876667,-4.586146033958706,-1.7355656317799173,7297.739666652191,7.379148490384113
numerical_gravity_20x20,2026-06-17T06:30:00Z,EarthMJ2000Eq,10080.0,2026-06-17T09:18:00Z,2237.8346328243015,-572.2325073968148,6919.837467055285,5.3870604548292835,-4.559463707826232,-2.1645006523346413,7295.169940231113,7.382018201069888
numerical_gravity_20x20,2026-06-17T06:30:00Z,EarthMJ2000Eq,10140.0,2026-06-17T09:19:00Z,2556.7417586740676,-844.5791426330063,6777.281673909685,5.239883423631278,-4.515962086401406,-2.5859869969068545,7292.584537475759,7.384959079590903
numerical_gravity_20x20,2026-06-17T06:30:00Z,EarthMJ2000Eq,10200.0,2026-06-17T09:20:00Z,2866.2304874997494,-1113.8138582427305,6609.699224779902,5.073201015877314,-4.455757521153679,-2.998464275505065,7289.99193143193,7.387958557429535
numerical_gravity_20x20,2026-06-17T06:30:00Z,EarthMJ2000Eq,10260.0,2026-06-17T09:21:00Z,3165.146905339114,-1378.9394910395092,6417.676889404005,4.8875722317784644,-4.3790272745142795,-3.400396118783546,7287.400476789809,7.3910037177930095
numerical_gravity_20x20,2026-06-17T06:30:00Z,EarthMJ2000Eq,10320.0,2026-06-17T09:22:00Z,3452.372792248575,-1638.9713372570907,6201.892755609135,4.6836276312350575,-4.286009343630863,-3.790275876774678,7284.818370631184,7.39408108582937
numerical_gravity_20x20,2026-06-17T06:30:00Z,EarthMJ2000Eq,10380.0,2026-06-17T09:23:00Z,3726.8298724957754,-1892.9407860597255,5963.114284676525,4.46206789271861,-4.177002104961624,-4.166631952182341,7282.253613419991,7.397176372713507
numerical_gravity_20x20,2026-06-17T06:30:00Z,EarthMJ2000Eq,10440.0,2026-06-17T09:24:00Z,3987.4839801297358,-2139.898933344183,5702.196051592088,4.223662436324472,-4.052364038158877,-4.528033041431319,7279.7139880294235,7.400274447483381
numerical_gravity_20x20,2026-06-17T06:30:00Z,EarthMJ2000Eq,10500.0,2026-06-17T09:25:00Z,4233.349140859505,-2378.920181877976,5420.077163224541,3.969247963607587,-3.912513518578169,-4.87309368068663,7277.207062841515,7.403359605639041
numerical_gravity_20x20,2026-06-17T06:30:00Z,EarthMJ2000Eq,10560.0,2026-06-17T09:26:00Z,4463.491556037734,-2609.1058249238345,5117.778330768303,3.6997266073498767,-3.7579284247609768,-5.200480209457197,7274.7402097499835,7.4064159634546
numerical_gravity_20x20,2026-06-17T06:30:00Z,EarthMJ2000Eq,10620.0,2026-06-17T09:27:00Z,4677.033459007677,-2829.5875944337595,4796.398577052103,3.4160635189079644,-3.5891453255844565,-5.508916924898779,7272.3206228272265,7.409427765948923
numerical_gravity_20x20,2026-06-17T06:30:00Z,EarthMJ2000Eq,10680.0,2026-06-17T09:28:00Z,4873.156810595818,-3039.5311464659426,4457.111576385035,3.1192839379383908,-3.406758210859936,-5.79719213943553,7269.955329665957,7.412379543323124
numerical_gravity_20x20,2026-06-17T06:30:00Z,EarthMJ2000Eq,10740.0,2026-06-17T09:29:00Z,5051.106806038191,-3238.1394591380945,4101.161637335362,2.8104698498051413,-3.2114168631412627,-6.064164019828752,7267.651195426467,7.4152561860611
numerical_gravity_20x20,2026-06-17T06:30:00Z,EarthMJ2000Eq,10800.0,2026-06-17T09:30:00Z,5210.1951699261235,-3424.6561240150995,3729.8593418982146,2.490756261256203,-3.003824936858049,-6.3087662007253575,7265.4149218624125,7.418043002011508
numerical_gravity_20x20,2026-06-17T06:30:00Z,EarthMJ2000Eq,10860.0,2026-06-17T09:31:00Z,5349.803216240507,-3598.368513244317,3344.5768555864947,2.1613271002025454,-2.7847377328197753,-6.5300131259257865,7263.2530420280855,7.420725739401991
numerical_gravity_20x20,2026-06-17T06:30:00Z,EarthMJ2000Eq,10920.0,2026-06-17T09:32:00Z,5469.384653004067,-3758.6108037762056,2946.7429274998735,1.8234108247517615,-2.554959665092568,-6.727005030315879,7261.171912133066,7.423290550959659
numerical_gravity_20x20,2026-06-17T06:30:00Z,EarthMJ2000Eq,10980.0,2026-06-17T09:33:00Z,5568.4681180144025,-3904.76684184931,2537.8376025140233,1.4782758660668254,-2.315341483808069,-6.898932567561206,7259.177705999683,7.425723957608095
numerical_gravity_20x20,2026-06-17T06:30:00Z,EarthMJ2000Eq,11040.0,2026-06-17T09:34:00Z,5646.659436915275,-4036.2728353153343,2119.3866632646777,1.1272259166186043,-2.0667773182906637,-7.045081215698962,7257.276419293467,7.428012929868376
numerical_gravity_20x20,2026-06-17T06:30:00Z,EarthMJ2000Eq,11100.0,2026-06-17T09:35:00Z,5703.643590321913,-4152.61986261338,1692.95581138588,0.771594909311023,-1.8102015062198145,-7.16483556818897,7255.473885839341,7.430145147733046
numerical_gravity_20x20,2026-06-17T06:30:00Z,EarthMJ2000Eq,11160.0,2026-06-17T09:36:00Z,5739.186365607356,-4253.356181867782,1260.1445962149428,0.4127415054236009,-1.5465850766147282,-7.257683428702463,7253.7757997043145,7.432109370883145
numerical_gravity_20x20,2026-06-17T06:30:00Z,EarthMJ2000Eq,11220.0,2026-06-17T09:37:00Z,5753.135661976767,-4338.0893152881845,822.5801099356437,0.05204306225944405,-1.276931763938249,-7.323219451965258,7252.1877312841325,7.433895772186084
numerical_gravity_20x20,2026-06-17T06:30:00Z,EarthMJ2000Eq,11280.0,2026-06-17T09:38:00Z,5745.422421618892,-4406.487879801447,381.9104848997531,-0.30911076164758855,-1.0022735459551542,-7.36114805981642,7250.71512722397,7.435496115420068
numerical_gravity_20x20,2026-06-17T06:30:00Z,EarthMJ2000Eq,11340.0,2026-06-17T09:39:00Z,5716.061172119306,-4458.283138574867,-60.20175826284997,-0.6693245323805826,-0.7236658320213044,-7.371285488408931,7249.363290579997,7.4369037453573155
numerical_gravity_20x20,2026-06-17T06:30:00Z,EarthMJ2000Eq,11400.0,2026-06-17T09:40:00Z,5665.150178262533,-4493.2702582679185,-502.0864592250825,-1.0272035110039277,-0.4421824997794023,-7.353560976910033,7248.13734476936,7.4381134340143
numerical_gravity_20x20,2026-06-17T06:30:00Z,EarthMJ2000Eq,11460.0,2026-06-17T09:41:00Z,5592.871210026412,-4511.309268533247,-942.0726150343469,-1.3813599669944792,-0.15891095620544646,-7.308017222710137,7247.042189769142,7.439121169724627
numerical_gravity_20x20,2026-06-17T06:30:00Z,EarthMJ2000Eq,11520.0,2026-06-17T09:42:00Z,5499.488937100754,-4512.325728127055,-1378.495186967425,-1.7304193184686145,0.1250527012051379,-7.234810282479266,7246.082460647498,7.439923992842656
numerical_gravity_20x20,2026-06-17T06:30:00Z,EarthMJ2000Eq,11580.0,2026-06-17T09:43:00Z,5385.34995870113,-4496.311102789732,-1809.701888643383,-2.0730261656577764,0.4086084690844969,-7.134209060957544,7245.262496039182,7.440519960994533
numerical_gravity_20x20,2026-06-17T06:30:00Z,EarthMJ2000Eq,11640.0,2026-06-17T09:44:00Z,5250.8814718329395,-4463.32285497815,-2234.059931629445,-2.407850325820519,0.6906572756839398,-7.00659439163936,7244.586317873569,7.440908253228316
numerical_gravity_20x20,2026-06-17T06:30:00Z,EarthMJ2000Eq,11700.0,2026-06-17T09:45:00Z,5096.589575836515,-4413.484239979817,-2649.9627002485363,-2.733592920495166,0.9701059323155385,-6.852457564618743,7244.05761668032,7.441089332201014
numerical_gravity_20x20,2026-06-17T06:30:00Z,EarthMJ2000Eq,11760.0,2026-06-17T09:46:00Z,4923.057211881371,-4346.983802398154,-3055.8363170067482,-3.048992431446217,1.2458721540768698,-6.672398131257781,7243.679733816677,7.441065051008006
numerical_gravity_20x20,2026-06-17T06:30:00Z,EarthMJ2000Eq,11820.0,2026-06-17T09:47:00Z,4730.941744516983,-4264.074572048987,-3450.146052965248,-3.352830543938577,1.5168895395841722,-6.467120936497326,7243.455634764378,7.440838644867217
numerical_gravity_20x20,2026-06-17T06:30:00Z,EarthMJ2000Eq,11880.0,2026-06-17T09:48:00Z,4520.9722032363825,-4165.072964796229,-3831.402538955487,-3.6439376169578073,1.7821124145861853,-6.237432470176358,7243.387873089983,7.440414627862664
numerical_gravity_20x20,2026-06-17T06:30:00Z,EarthMJ2000Eq,11940.0,2026-06-17T09:49:00Z,4293.946208885562,-4050.3573983116094,-4198.167740772022,-3.9211977148312642,2.040520482925112,-5.984236667642064,7243.478548219711,7.439798643403373
numerical_gravity_20x20,2026-06-17T06:30:00Z,EarthMJ2000Eq,12000.0,2026-06-17T09:50:00Z,4050.726611336874,-3920.366635870967,-4549.060668331443,-4.183553202873147,2.291123230661337,-5.7085302545894026,7243.729260788469,7.438997293110729
numerical_gravity_20x20,2026-06-17T06:30:00Z,EarthMJ2000Eq,12060.0,2026-06-17T09:51:00Z,3792.237864067613,-3775.5978748160555,-4882.762793935335,-4.430008924782927,2.5329640259799953,-5.411397722095254,7244.141069293365,7.438017957578676
numerical_gravity_20x20,2026-06-17T06:30:00Z,EarthMJ2000Eq,12120.0,2026-06-17T09:52:00Z,3519.462159990819,-3616.6045984101243,-5198.023160605263,-4.659635990237318,2.7651239139904704,-5.094006037923559,7244.714452277414,7.436868651229398
numerical_gravity_20x20,2026-06-17T06:30:00Z,EarthMJ2000Eq,12180.0,2026-06-17T09:53:00Z,3233.435350513585,-3443.994207129298,-5493.663167028067,-4.871575221571676,2.9867251929124223,-4.757599157169368,7245.449279199456,7.435557965459455
numerical_gravity_20x20,2026-06-17T06:30:00Z,EarthMJ2000Eq,12240.0,2026-06-17T09:54:00Z,2935.2426671636904,-3258.4254395236644,-5768.581016068617,-5.06504028727023,3.1969348591273232,-4.4034922795759215,7246.344788858755,7.434095093651861
numerical_gravity_20x20,2026-06-17T06:30:00Z,EarthMJ2000Eq,12300.0,2026-06-17T09:55:00Z,2626.0142656363273,-3060.6055908878516,-6021.755808395044,-5.239320472870085,3.3949678816829905,-4.033065750287409,7247.399569655237,7.432489844004904
numerical_gravity_20x20,2026-06-17T06:30:00Z,EarthMJ2000Eq,12360.0,2026-06-17T09:56:00Z,2306.9206169445233,-2851.2875446065623,-6252.2512593086085,-5.393782991996408,3.5800901412839625,-3.647758617808205,7248.611536317718,7.43075254050775
numerical_gravity_20x20,2026-06-17T06:30:00Z,EarthMJ2000Eq,12420.0,2026-06-17T09:57:00Z,1979.1677749059866,-2631.2666408340583,-6459.21902319654,-5.527874801503743,3.7516209049530578,-3.2490620367718086,7249.977903829536,7.428893817680572
numerical_gravity_20x20,2026-06-17T06:30:00Z,EarthMJ2000Eq,12480.0,2026-06-17T09:58:00Z,1643.9925478539055,-2401.377409875316,-6641.901622989487,-5.64112399843454,3.908934884473554,-2.838512722885062,7251.495165242064,7.426924422312963
numerical_gravity_20x20,2026-06-17T06:30:00Z,EarthMJ2000Eq,12540.0,2026-06-17T09:59:00Z,1302.6575963021596,-2162.4901903021387,-6799.634990011158,-5.733140903265478,4.051464048762102,-2.4176865008981694,7253.159079583236,7.424855121262148
numerical_gravity_20x20,2026-06-17T06:30:00Z,EarthMJ2000Eq,12600.0,2026-06-17T10:00:00Z,956.4464744661835,-1915.5076426752598,-6931.850616847847,-5.803618839729371,4.178699295304664,-1.988191836020809,7254.964669931895,7.422696694211692
numerical_gravity_20x20,2026-06-17T06:30:00Z,EarthMJ2000Eq,12660.0,2026-06-17T10:01:00Z,606.6586359907349,-1661.3611682273074,-7038.077319488332,-5.852334534231562,4.2901919277561715,-1.5516632791505958,7256.906226968335,7.420459905518522
numerical_gravity_20x20,2026-06-17T06:30:00Z,EarthMJ2000Eq,12720.0,2026-06-17T10:02:00Z,254.60442836741962,-1401.0072476216858,-7117.942605324905,-5.879148096395534,4.3855548280151,-1.1097549069276487,7258.977314713988,7.418155393514467
numerical_gravity_20x20,2026-06-17T06:30:00Z,EarthMJ2000Eq,12780.0,2026-06-17T10:03:00Z,-98.3999004950895,-1135.4237195011349,-7171.1736508459235,-5.884002652129351,4.464463297165794,-0.6641338878531716,7261.170779826769,7.415793522139129
numerical_gravity_20x20,2026-06-17T06:30:00Z,EarthMJ2000Eq,12840.0,2026-06-17T10:04:00Z,-451.03716597223894,-865.6060168839483,-7197.597898200782,-5.8669237322495,4.526655633250551,-0.21647420665832035,7263.478767487262,7.413384273341002
numerical_gravity_20x20,2026-06-17T06:30:00Z,EarthMJ2000Eq,12900.0,2026-06-17T10:05:00Z,-801.9941672605541,-592.5633752818111,-7197.143278651397,-5.828018440992362,4.571933498689075,0.2315495056245385,7265.892744286988,7.410937190297685
numerical_gravity_20x20,2026-06-17T06:30:00Z,EarthMJ2000Eq,12960.0,2026-06-17T10:06:00Z,-1149.9665504516406,-317.3150253570333,-7169.838068701516,-5.767474366633967,4.600162062898193,0.6782680365656766,7268.403526488913,7.408461318258623
numerical_gravity_20x20,2026-06-17T06:30:00Z,EarthMJ2000Eq,13020.0,2026-06-17T10:07:00Z,-1493.663598555967,-40.886384146564566,-7115.810387595389,-5.685558246130515,4.611269912196148,1.1220234659525987,7271.001314418131,7.405965124912245
numerical_gravity_20x20,2026-06-17T06:30:00Z,EarthMJ2000Eq,13080.0,2026-06-17T10:08:00Z,-1831.8129362346003,235.69474294785928,-7035.287349466124,-5.582614474158175,4.605248798680257,1.5611748099988227,7273.675737532419,7.403456466556764
numerical_gravity_20x20,2026-06-17T06:30:00Z,EarthMJ2000Eq,13140.0,2026-06-17T10:09:00Z,-2163.1651420507596,511.4019427721421,-6928.593881106898,-5.459063509438722,4.5821533215255705,1.9941035532513574,7276.415913632655,7.400942672602114
numerical_gravity_20x20,2026-06-17T06:30:00Z,EarthMJ2000Eq,13200.0,2026-06-17T10:10:00Z,-2486.498260159646,785.2139539784719,-6796.151206772761,-5.315400091107506,4.542100529472642,2.419219235698563,7279.210518773194,7.3984307159528955
numerical_gravity_20x20,2026-06-17T06:30:00Z,EarthMJ2000Eq,13260.0,2026-06-17T10:11:00Z,-2800.62219531712,1056.1183971297587,-6638.474995311709,-5.152191111988805,4.485269309434928,2.834965102571622,7282.04785846932,7.395927336407128
numerical_gravity_20x20,2026-06-17T06:30:00Z,EarthMJ2000Eq,13320.0,2026-06-17T10:12:00Z,-3104.382968580352,1323.1154583011962,-6456.173171085116,-4.970073112271011,4.41189943700397,3.239823619778421,7284.915932709629,7.393439015155894
numerical_gravity_20x20,2026-06-17T06:30:00Z,EarthMJ2000Eq,13380.0,2026-06-17T10:13:00Z,-3396.666814562442,1585.2215056911127,-6249.943403516865,-4.769749538205907,4.322290310144443,3.6323216496261805,7287.802495843266,7.39097184061251
numerical_gravity_20x20,2026-06-17T06:30:00Z,EarthMJ2000Eq,13440.0,2026-06-17T10:14:00Z,-3676.4041119591852,1841.4726242272109,-6020.570297000451,-4.551987947668669,4.2167995082599745,4.01103528225865,7290.695119214131,7.388531410510895
numerical_gravity_20x20,2026-06-17T06:30:00Z,EarthMJ2000Eq,13500.0,2026-06-17T10:15:00Z,-3942.5731461263745,2090.92806159298,-5768.922296998073,-4.31761719479411,4.095841289148648,4.374594498417763,7293.581263008956,7.3861228755188995
numerical_gravity_20x20,2026-06-17T06:30:00Z,EarthMJ2000Eq,13560.0,2026-06-17T10:16:00Z,-4194.203698951822,2332.673582050091,-5495.948317401306,-4.067524459265422,3.9598850048752574,4.721687808578371,7296.448356306087,7.383751095495838
numerical_gravity_20x20,2026-06-17T06:30:00Z,EarthMJ2000Eq,13620.0,2026-06-17T10:17:00Z,-4430.380451934848,2565.824720200947,-5202.674090701126,-3.8026519749713836,3.8094533327779625,5.0510668325393135,7299.2838784180385,7.381420790345556
numerical_gravity_20x20,2026-06-17T06:30:00Z,EarthMJ2000Eq,13680.0,2026-06-17T10:18:00Z,-4650.246183200366,2789.5299211109327,-4890.198249126443,-3.5239934424695676,3.6451202526266884,5.3615506593084685,7302.075435169242,7.37913659658153
numerical_gravity_20x20,2026-06-17T06:30:00Z,EarthMJ2000Eq,13740.0,2026-06-17T10:19:00Z,-4853.004742195007,3002.9735518303105,-4559.688154148648,-3.2325902268843536,3.4675087931640696,5.652029864140468,7304.810828751356,7.376903035200755
numerical_gravity_20x20,2026-06-17T06:30:00Z,EarthMJ2000Eq,13800.0,2026-06-17T10:20:00Z,-5037.923792633727,3205.3787726132305,-4212.375495628589,-2.929527447796017,3.2772886208771337,5.921470178046447,7307.478123982083,7.374724458677383
numerical_gravity_20x20,2026-06-17T06:30:00Z,EarthMJ2000Eq,13860.0,2026-06-17T10:21:00Z,-5204.337318707831,3396.010260116227,-3849.5516795687686,-2.6159299981094515,3.0751735212266476,6.1689158771987,7310.065714299731,7.372605037611645
numerical_gravity_20x20,2026-06-17T06:30:00Z,EarthMJ2000Eq,13920.0,2026-06-17T10:22:00Z,-5351.647889858439,3574.176776315134,-3472.56301937719,-2.292958471726701,2.8619187707034284,6.393492948714598,7312.562388720027,7.3705488051047565
numerical_gravity_20x20,2026-06-17T06:30:00Z,EarthMJ2000Eq,13980.0,2026-06-17T10:23:00Z,-5479.328677615808,3739.233575664115,-3082.805743605542,-1.961804966269664,2.638318366755153,6.594412039037394,7314.9573986130745,7.368559741946808
numerical_gravity_20x20,2026-06-17T06:30:00Z,EarthMJ2000Eq,14040.0,2026-06-17T10:24:00Z,-5586.925216225601,3890.584641048428,-2681.7208342493836,-1.623688737465441,2.405202088776542,6.77097114345146,7317.240521788703,7.366641869229122
numerical_gravity_20x20,2026-06-17T06:30:00Z,EarthMJ2000Eq,14100.0,2026-06-17T10:25:00Z,-5674.056897977972,4027.684738389674,-2270.788713144992,-1.2798517038838495,2.163432396592893,6.922557968023762,7319.402121286628,7.364799314252313
numerical_gravity_20x20,2026-06-17T06:30:00Z,EarthMJ2000Eq,14160.0,2026-06-17T10:26:00Z,-5740.418195053055,4150.041281241885,-1851.52379802002,-0.9315538342836754,1.9139012065164347,7.04865190642967,7321.4331974513325,7.363036335132967
numerical_gravity_20x20,2026-06-17T06:30:00Z,EarthMJ2000Eq,14220.0,2026-06-17T10:27:00Z,-5785.7796024720765,4257.215999374611,-1425.4689517775216,-0.5800684730577891,1.6575265858840353,7.14882562617919,7323.325433585128,7.361357323881531
numerical_gravity_20x20,2026-06-17T06:30:00Z,EarthMJ2000Eq,14280.0,2026-06-17T10:28:00Z,-5809.9882998121275,4348.826406716463,-994.1898473794632,-0.22667764369962148,1.3952493661811152,7.222746302497779,7325.0712359908575,7.359766823631531
numerical_gravity_20x20,2026-06-17T06:30:00Z,EarthMJ2000Eq,14340.0,2026-06-17T10:29:00Z,-5812.968530645573,4424.547062695954,-559.2692687905508,0.12733266450217784,1.1280296363544746,7.270176511489712,7326.663767588947,7.358269563977658
numerical_gravity_20x20,2026-06-17T06:30:00Z,EarthMJ2000Eq,14400.0,2026-06-17T10:30:00Z,-5794.721698843355,4484.110619087637,-122.30137000075324,0.4806772150520407,0.8568431040529,7.290974718940384,7328.096972363603,7.356870465235949
numerical_gravity_20x20,2026-06-17T06:30:00Z,EarthMJ2000Eq,14460.0,2026-06-17T10:31:00Z,-5755.326183208641,4527.3086462180645,315.11408105407384,0.8320761777832655,0.5826773994736234,7.285095287979318,7329.365589007438,7.355574557601209
numerical_gravity_20x20,2026-06-17T06:30:00Z,EarthMJ2000Eq,14520.0,2026-06-17T10:32:00Z,-5694.936877468841,4553.992238928373,751.3774450042905,1.1802596157858631,0.306528450033348,7.252588037260863,7330.465156825697,7.354386833010229
numerical_gravity_20x20,2026-06-17T06:30:00Z,EarthMJ2000Eq,14580.0,2026-06-17T10:33:00Z,-5613.784467103133,4564.072409100099,1184.894917355801,1.5239717766432543,0.02939699104408703,7.19359750627089,7331.392020876581,7.353312127287567
numerical_gravity_20x20,2026-06-17T06:30:00Z,EarthMJ2000Eq,14640.0,2026-06-17T10:34:00Z,-5512.174452438815,4557.520271521553,1614.0841855822598,1.8619752816579742,-0.2477148533869169,7.108362058735357,7332.143341315402,7.352355116298597
numerical_gravity_20x20,2026-06-17T06:30:00Z,EarthMJ2000Eq,14700.0,2026-06-17T10:35:00Z,-5390.485920273239,4534.367023702198,2037.380026839186,2.193055331939496,-0.5238070341646396,6.997212775829264,7332.717104598076,7.351520395688016
numerical_gravity_20x20,2026-06-17T06:30:00Z,EarthMJ2000Eq,14760.0,2026-06-17T10:36:00Z,-5249.170062396105,4494.703715830977,2453.239828587688,2.516023922806515,-0.7978850967916512,6.860571965532489,7333.1121288051545,7.350812519855695
numerical_gravity_20x20,2026-06-17T06:30:00Z,EarthMJ2000Eq,14820.0,2026-06-17T10:37:00Z,-5088.748444617231,4438.6808108944115,2860.1490059380762,2.829723916343458,-1.0689636298488914,6.698951218601232,7333.328058239665,7.3502359223269025
numerical_gravity_20x20,2026-06-17T06:30:00Z,EarthMJ2000Eq,14880.0,2026-06-17T10:38:00Z,-4909.811039180712,4366.507543246925,3256.6262923055365,3.1330328484298993,-1.3360695274068852,6.512949170454217,7333.365351148734,7.3497947936201795
numerical_gravity_20x20,2026-06-17T06:30:00Z,EarthMJ2000Eq,14940.0,2026-06-17T10:39:00Z,-4713.014035724073,4278.451086013758,3641.2288927813456,3.4248665290959193,-1.5982451251770309,6.303249187589591,7333.22526900477,7.349493080690839
numerical_gravity_20x20,2026-06-17T06:30:00Z,EarthMJ2000Eq,15000.0,2026-06-17T10:40:00Z,-4499.077437944109,4174.835529315737,4012.557496965936,3.704182612275283,-1.8545514016486138,6.070616966803883,7332.909869616036,7.34933466948448
numerical_gravity_20x20,2026-06-17T06:30:00Z,EarthMJ2000Eq,15060.0,2026-06-17T10:41:00Z,-4268.782444930214,4056.040661657933,4369.2611382472505,3.96998419256851,-2.1040713316318964,5.815897758890327,7332.421994495718,7.349323601509502
numerical_gravity_20x20,2026-06-17T06:30:00Z,EarthMJ2000Eq,15120.0,2026-06-17T10:42:00Z,-4022.968620127465,3922.500549397221,4710.041867980111,4.221323239384774,-2.345913213448897,5.54001295500584,7331.765236058596,7.349464078287384
numerical_gravity_20x20,2026-06-17T06:30:00Z,EarthMJ2000Eq,15180.0,2026-06-17T10:43:00Z,-3762.5308664830764,3774.7019255156056,5033.6592071352725,4.4573035838348565,-2.579213649124551,5.243956135307973,7330.9438792904975,7.349760148149841
numerical_gravity_20x20,2026-06-17T06:30:00Z,EarthMJ2000Eq,15240.0,2026-06-17T10:44:00Z,-3488.41623902629,3613.1824147432676,5338.934355385701,4.677083360090674,-2.803140019880588,4.928789018849369,7329.962828693611,7.350215229544189
numerical_gravity_20x20,2026-06-17T06:30:00Z,EarthMJ2000Eq,15300.0,2026-06-17T10:45:00Z,-3201.620623098381,3438.5286218201363,5624.754165002975,4.879877091838781,-3.0168926234636655,4.595637714847347,7328.827540203377,7.350831758317541
numerical_gravity_20x20,2026-06-17T06:30:00Z,EarthMJ2000Eq,15360.0,2026-06-17T10:46:00Z,-2903.1852903753356,3251.374093243995,5890.074900522218,5.06495772321995,-3.219706806374622,4.24568929836051,7327.543971770606,7.351611134658405
numerical_gravity_20x20,2026-06-17T06:30:00Z,EarthMJ2000Eq,15420.0,2026-06-17T10:47:00Z,-2594.193330275547,3052.397145685895,6133.925795134086,5.231658747243402,-3.4108552847949523,3.880188393723593,7326.11855146017,7.352553909507181
numerical_gravity_20x20,2026-06-17T06:30:00Z,EarthMJ2000Eq,15480.0,2026-06-17T10:48:00Z,-2275.76595201801,2842.3185510348735,6355.412393565606,5.379376364530539,-3.5896505692212686,3.5004334353301263,7324.558150920008,7.353660008156308
numerical_gravity_20x20,2026-06-17T06:30:00Z,EarthMJ2000Eq,15540.0,2026-06-17T10:49:00Z,-1949.0586603334796,2621.8990786207546,6553.719657998887,5.507571509893658,-3.755447263180277,3.107772516097988,7322.870051798976,7.354928830038708
numerical_gravity_20x20,2026-06-17T06:30:00Z,EarthMJ2000Eq,15600.0,2026-06-17T10:50:00Z,-1615.2573167621426,2391.936907483723,6728.114815561118,5.615771625810965,-3.9076440853863446,2.7035989567740737,7321.06189975945,7.356359192588972
numerical_gravity_20x20,2026-06-17T06:30:00Z,EarthMJ2000Eq,15660.0,2026-06-17T10:51:00Z,-1275.5741035725046,2153.264925601412,6877.949936466855,5.7035721304457745,-4.045685628866317,2.2893467880099987,7319.141647903426,7.357949168795942
numerical_gravity_20x20,2026-06-17T06:30:00Z,EarthMJ2000Eq,15720.0,2026-06-17T10:52:00Z,-931.2434089644604,1906.7479289807807,7002.664242333055,5.770637577984862,-4.169063957523304,1.8664862939967797,7317.117495452852,7.359695878502637
numerical_gravity_20x20,2026-06-17T06:30:00Z,EarthMJ2000Eq,15780.0,2026-06-17T10:53:00Z,-583.5176502907539,1653.2797274783725,7101.786151323577,5.8167025852922984,-4.2773201305853465,1.4365197046536997,7314.997829433933,7.361595297699752
numerical_gravity_20x20,2026-06-17T06:30:00Z,EarthMJ2000Eq,15840.0,2026-06-17T10:54:00Z,-233.66304465844982,1393.7801598366723,7174.9350693090255,5.841572691451124,-4.3700457115296905,1.0009770231142237,7312.79117719041,7.363642171586638
numerical_gravity_20x20,2026-06-17T06:30:00Z,EarthMJ2000Eq,15900.0,2026-06-17T10:55:00Z,117.04467428621662,1129.192017846855,7221.8229310143315,5.8451253082648496,-4.446884289857911,0.5614118260352413,7310.506173711384,7.365830095455336
numerical_gravity_20x20,2026-06-17T06:30:00Z,EarthMJ2000Eq,15960.0,2026-06-17T10:56:00Z,467.32459954717865,860.4778791939518,7242.255482279333,5.827310747034496,-4.5075329939490505,0.1193967977812723,7308.151540063267,7.368151724100383
numerical_gravity_20x20,2026-06-17T06:30:00Z,EarthMJ2000Eq,16020.0,2026-06-17T10:57:00Z,815.8950528494271,588.6168517612846,7236.133282981687,5.78815311133232,-4.551743913055164,-0.3234811129707661,7305.736063157282,7.370598966210925
numerical_gravity_20x20,2026-06-17T06:30:00Z,EarthMJ2000Eq,16080.0,2026-06-17T10:58:00Z,1161.4780306362002,314.6012375268192,7203.452410871923,5.727750847924869,-4.579325347176506,-0.7656257808713597,7303.268568935451,7.373163042245314
numerical_gravity_20x20,2026-06-17T06:30:00Z,EarthMJ2000Eq,16140.0,2026-06-17T10:59:00Z,1502.803672407266,39.43312689077988,7144.304858710886,5.646276962202238,-4.590142883817403,-1.205437010104705,7300.757889664409,7.375834435037534
numerical_gravity_20x20,2026-06-17T06:30:00Z,EarthMJ2000Eq,16200.0,2026-06-17T11:00:00Z,1838.6147363738087,-235.8790679394973,7058.878626277971,5.543979078122611,-4.584120361952751,-1.6413156153610233,7298.212832195763,7.3786028800009955
numerical_gravity_20x20,2026-06-17T06:30:00Z,EarthMJ2000Eq,16260.0,2026-06-17T11:01:00Z,2167.671076979665,-510.32413442941885,6947.457503872701,5.4211794359843255,-4.561240727244064,-2.0716686627367875,7295.642150508234,7.381457477841007
numerical_gravity_20x20,2026-06-17T06:30:00Z,EarthMJ2000Eq,16320.0,2026-06-17T11:02:00Z,2488.7541172415167,-782.8916266664809,6810.420532416274,5.278274682266753,-4.521546668300485,-2.494915009940352,7293.054516699313,7.38438682639954
numerical_gravity_20x20,2026-06-17T06:30:00Z,EarthMJ2000Eq,16380.0,2026-06-17T11:03:00Z,2800.6712965106813,-1052.5754608622362,6648.241125567669,5.115735236223286,-4.4651409243392255,-2.9094909782447953,7290.458481851291,7.387378982686168
numerical_gravity_20x20,2026-06-17T06:30:00Z,EarthMJ2000Eq,16440.0,2026-06-17T11:04:00Z,3102.260466959841,-1318.3775204341505,6461.485856616484,4.934104242723096,-4.392186324963199,-3.3138558007253427,7287.862427797526,7.390421209867053
numerical_gravity_20x20,2026-06-17T06:30:00Z,EarthMJ2000Eq,16500.0,2026-06-17T11:05:00Z,3392.3942213996215,-1579.3112609703521,6250.812929774526,4.7339963856652005,-4.302905788107865,-3.7064967068790793,7285.2745243710415,7.393499701692616
numerical_gravity_20x20,2026-06-17T06:30:00Z,EarthMJ2000Eq,16560.0,2026-06-17T11:06:00Z,3669.984152561949,-1834.4053186866904,6016.970351035114,4.516096810168731,-4.197582449596426,-4.085933927571226,7282.702709744336,7.396599548471833
numerical_gravity_20x20,2026-06-17T06:30:00Z,EarthMJ2000Eq,16620.0,2026-06-17T11:07:00Z,3933.9850502731365,-2082.7071294116076,5760.793789530009,4.281160090361111,-4.076559850238178,-4.450726070421057,7280.154699466351,7.399705026945354
numerical_gravity_20x20,2026-06-17T06:30:00Z,EarthMJ2000Eq,16680.0,2026-06-17T11:08:00Z,4183.399030164223,-2323.2865540250596,5483.2040996415935,4.030008919405638,-3.940241916386091,-4.799476046087258,7277.638013532892,7.402800049109817
numerical_gravity_20x20,2026-06-17T06:30:00Z,EarthMJ2000Eq,16740.0,2026-06-17T11:09:00Z,4417.279567946064,-2555.2394907286207,5185.204475724293,3.76353224404653,-3.789092520283816,-5.130837330463268,7275.160004525266,7.405868537242887
numerical_gravity_20x20,2026-06-17T06:30:00Z,EarthMJ2000Eq,16800.0,2026-06-17T11:10:00Z,4634.735403608798,-2777.691447395736,4867.877229773457,3.4826828067800637,-3.6236345999018416,-5.4435202229592905,7272.727876288726,7.408894631725707
numerical_gravity_20x20,2026-06-17T06:30:00Z,EarthMJ2000Eq,16860.0,2026-06-17T11:11:00Z,4834.934283159899,-2989.801050051618,4532.38019864864,3.1884742084500344,-3.44444892353045,-5.736297925074775,7270.348692220131,7.411862792171636
numerical_gravity_20x20,2026-06-17T06:30:00Z,EarthMJ2000Eq,16920.0,2026-06-17T11:12:00Z,5017.10651195829,-3190.7634677166307,4179.942792565167,2.88197757186954,-3.2521725361629543,-6.008012419194801,7268.029375860201,7.414757862461228
numerical_gravity_20x20,2026-06-17T06:30:00Z,EarthMJ2000Eq,16980.0,2026-06-17T11:13:00Z,5180.5482964846515,-3379.813733979616,3811.861697634272,2.5643178306720364,-3.0474968685915274,-6.257580108092562,7265.776705246211,7.41756509307289
numerical_gravity_20x20,2026-06-17T06:30:00Z,EarthMJ2000Eq,17040.0,2026-06-17T11:14:00Z,5324.624853588873,-3556.229945499336,3429.496249415093,2.2366697060549012,-2.831165538226562,-6.483997131409003,7263.597303091266,7.4202701082201585
numerical_gravity_20x20,2026-06-17T06:30:00Z,EarthMJ2000Eq,17100.0,2026-06-17T11:15:00Z,5448.773271558247,-3719.33632156808,3034.2634971914827,1.9002534703684995,-2.6039719308831137,-6.6863443750220615,7261.497628462866,7.422858894648599
numerical_gravity_20x20,2026-06-17T06:30:00Z,EarthMJ2000Eq,17160.0,2026-06-17T11:16:00Z,5552.505111129854,-3868.5061128781385,2627.6329733504062,1.5563305020311988,-2.3667565826605723,-6.863792317490877,7259.483975954281,7.425317927925149
numerical_gravity_20x20,2026-06-17T06:30:00Z,EarthMJ2000Eq,17220.0,2026-06-17T11:17:00Z,5635.408730287773,-4003.1643442406694,2211.1211746378926,1.2061984949969473,-2.1204042334089306,-7.015605778593815,7257.562481531629,7.427634439243112
numerical_gravity_20x20,2026-06-17T06:30:00Z,EarthMJ2000Eq,17280.0,2026-06-17T11:18:00Z,5697.15130789722,-4122.790366680576,1786.2857656250185,0.8511862042714838,-1.865840405347701,-7.141148379626533,7255.7391263153695,7.429796669654751
numerical_gravity_20x20,2026-06-17T06:30:00Z,EarthMJ2000Eq,17340.0,2026-06-17T11:19:00Z,5737.480539543378,-4226.920190249217,1354.7195311329494,0.49264780424082255,-1.6040275398816,-7.239886407693488,7254.019730081282,7.431793955972329
numerical_gravity_20x20,2026-06-17T06:30:00Z,EarthMJ2000Eq,17400.0,2026-06-17T11:20:00Z,5756.225988623047,-4315.14857692661,918.0441183097166,0.13195707321717756,-1.3359609033088478,-7.311391970944135,7252.409935753369,7.433616667351647
numerical_gravity_20x20,2026-06-17T06:30:00Z,EarthMJ2000Eq,17460.0,2026-06-17T11:21:00Z,5753.300086671482,-4387.130885586146,477.903606990516,-0.22949848275640194,-1.0626644282315485,-7.355345605926877,7250.915194107051,7.435256163928987
numerical_gravity_20x20,2026-06-17T06:30:00Z,EarthMJ2000Eq,17520.0,2026-06-17T11:22:00Z,5728.698777405011,-4442.584664953696,35.957935290980096,-0.5903236551001656,-0.7851864491679228,-7.3715385068203245,7249.540755153654,7.436704897685706
numerical_gravity_20x20,2026-06-17T06:30:00Z,EarthMJ2000Eq,17580.0,2026-06-17T11:23:00Z,5682.501791549963,-4481.290983706595,-406.12379589270313,-0.9491218221104002,-0.5045951844604496,-7.359874297937217,7248.291662813304,7.4379565886622165
numerical_gravity_20x20,2026-06-17T06:30:00Z,EarthMJ2000Eq,17640.0,2026-06-17T11:24:00Z,5614.872537568189,-4503.095480659963,-846.6701050389627,-1.304501433663045,-0.22197393634279372,-7.320370113997076,7247.17274444623,7.43900631971408
numerical_gravity_20x20,2026-06-17T06:30:00Z,EarthMJ2000Eq,17700.0,2026-06-17T11:25:00Z,5526.057602747566,-4507.9091218704725,-1284.01395319427,-1.655082479242873,0.06158384815162019,-7.253156894714173,7246.188592075476,7.4398505040618685
numerical_gravity_20x20,2026-06-17T06:30:00Z,EarthMJ2000Eq,17760.0,2026-06-17T11:26:00Z,5416.385870332678,-4495.708661007307,-1716.4995644129956,-1.9995028147253204,0.34497951762258017,-7.158479030927008,7245.343540207435,7.440486839575437
numerical_gravity_20x20,2026-06-17T06:30:00Z,EarthMJ2000Eq,17820.0,2026-06-17T11:27:00Z,5286.26726008563,-4466.536803226334,-2142.489209374898,-2.336424406880392,0.6271141736834495,-7.036693498024222,7244.641645514044,7.4409143645816425
numerical_gravity_20x20,2026-06-17T06:30:00Z,EarthMJ2000Eq,17880.0,2026-06-17T11:28:00Z,5136.1910944261635,-4420.502068710714,-2560.3699201521713,-2.6645395703533166,0.906893734991487,-6.888268396777422,7244.086666099348,7.441133574569673
numerical_gravity_20x20,2026-06-17T06:30:00Z,EarthMJ2000Eq,17940.0,2026-06-17T11:29:00Z,4966.724092622786,-4357.778349288669,-2968.5600947047174,-2.9825770958116147,1.1832340852260588,-6.713780711522865,7243.682032615871,7.441146448990052
numerical_gravity_20x20,2026-06-17T06:30:00Z,EarthMJ2000Eq,18000.0,2026-06-17T11:30:00Z,4778.508006259251,-4278.604157743365,-3365.5159420542886,-3.2893080429448163,1.455066134967301,-6.5139132595748235,7243.430807342895,7.440956310298754
numerical_gravity_20x20,2026-06-17T06:30:00Z,EarthMJ2000Eq,18060.0,2026-06-17T11:31:00Z,4572.256920938895,-4183.281580348277,-3749.7377249952865,-3.5835510683822323,1.7213406354845477,-6.289451037443459,7243.335636142207,7.440567599012348
numerical_gravity_20x20,2026-06-17T06:30:00Z,EarthMJ2000Eq,18120.0,2026-06-17T11:32:00Z,4348.754251037429,-4072.174948931191,-4119.77577141452,-3.8641773510915343,1.981032721768125,-6.041277186062396,7243.398702084054,7.439985704572475
numerical_gravity_20x20,2026-06-17T06:30:00Z,EarthMJ2000Eq,18180.0,2026-06-17T11:33:00Z,4108.849447859485,-3945.7092468193277,-4474.236233609231,-4.130115233667142,2.2331462507214477,-5.770368616764556,7243.621685300279,7.43921689385529
numerical_gravity_20x20,2026-06-17T06:30:00Z,EarthMJ2000Eq,18240.0,2026-06-17T11:34:00Z,3853.4544372941464,-3804.3682598765504,-4811.786573016057,-4.380354587388025,2.4767179557529144,-5.477791220339433,7244.005727587168,7.438268266016491
numerical_gravity_20x20,2026-06-17T06:30:00Z,EarthMJ2000Eq,18300.0,2026-06-17T11:35:00Z,3583.5398060845287,-3648.692484992895,-5131.16074443957,-4.6139508104796985,2.7108213667961554,-5.164694651981534,7244.551399300968,7.437147666438492
numerical_gravity_20x20,2026-06-17T06:30:00Z,EarthMJ2000Eq,18360.0,2026-06-17T11:36:00Z,3300.130760871961,-3479.2768114285745,-5431.1640572612005,-4.830028402510618,2.9345704625237152,-4.832306801024862,7245.258669383991,7.435863580500053
numerical_gravity_20x20,2026-06-17T06:30:00Z,EarthMJ2000Eq,18420.0,2026-06-17T11:37:00Z,3004.302884907047,-3296.767990203328,-5710.677698027291,-5.027784143201983,3.1471230938930734,-4.481928041301476,7246.126881047307,7.434425070316661
numerical_gravity_20x20,2026-06-17T06:30:00Z,EarthMJ2000Eq,18480.0,2026-06-17T11:38:00Z,2697.1777148306496,-3101.861903569741,-5968.662901422824,-5.206489913221734,3.3476842277684105,-4.114925250972494,7247.154733067144,7.432841766539907
numerical_gravity_20x20,2026-06-17T06:30:00Z,EarthMJ2000Eq,18540.0,2026-06-17T11:39:00Z,2379.918159348339,-2895.3006457605684,-6204.164754072051,-5.365495135434556,3.535508981246583,-3.7327255479128243,7248.340263136622,7.4311238598807
numerical_gravity_20x20,2026-06-17T06:30:00Z,EarthMJ2000Eq,18600.0,2026-06-17T11:40:00Z,2053.723784123077,-2677.869430466506,-6416.315614047402,-5.504228785925015,3.709905343763297,-3.33680975549801,7249.680829330924,7.4292820334050935
numerical_gravity_20x20,2026-06-17T06:30:00Z,EarthMJ2000Eq,18660.0,2026-06-17T11:41:00Z,1719.8259895535984,-2450.393346853088,-6604.338132628311,-5.6222009532517685,3.870236493170763,-2.928705699614958,7251.173088455019,7.4273273219088
numerical_gravity_20x20,2026-06-17T06:30:00Z,EarthMJ2000Eq,18720.0,2026-06-17T11:42:00Z,1379.4831083732429,-2213.7339895171567,-6767.547872098288,-5.719003953961642,4.015922685358553,-2.509981468103864,7252.812973169288,7.425270918318817
numerical_gravity_20x20,2026-06-17T06:30:00Z,EarthMJ2000Eq,18780.0,2026-06-17T11:43:00Z,1033.975449281843,-1968.7859865743733,-6905.355521148544,-5.794313019544005,4.146442775209634,-2.08223875776707,7254.595671993436,7.423123958340766
numerical_gravity_20x20,2026-06-17T06:30:00Z,EarthMJ2000Eq,18840.0,2026-06-17T11:44:00Z,684.6003112604062,-1716.4734448941801,-7017.268716264942,-5.847886598531558,4.26133547774182,-1.6471064040302459,7256.515617669086,7.420897333162853
numerical_gravity_20x20,2026-06-17T06:30:00Z,EarthMJ2000Eq,18900.0,2026-06-17T11:45:00Z,332.6669890207933,-1457.7463245553906,-7102.893480796476,-5.879566367969668,4.360200481417588,-1.2062340967386214,7258.566488768976,7.418601593942691
numerical_gravity_20x20,2026-06-17T06:30:00Z,EarthMJ2000Eq,18960.0,2026-06-17T11:46:00Z,-20.508215791438047,-1193.5767496655394,-7161.935289722071,-5.889277037046118,4.4426994523267345,-0.761286160253726,7260.741225138344,7.416246965991412
numerical_gravity_20x20,2026-06-17T06:30:00Z,EarthMJ2000Eq,19020.0,2026-06-17T11:47:00Z,-373.6069650946482,-924.9552640820344,-7194.199759460437,-5.877025919210518,4.508556843119543,-0.3139352619376328,7263.032051694452,7.4138433899968605
numerical_gravity_20x20,2026-06-17T06:30:00Z,EarthMJ2000Eq,19080.0,2026-06-17T11:48:00Z,-725.3138196211643,-652.8870481671306,-7199.5929584309915,-5.842902169193787,4.557560362753016,0.13414391099811543,7265.430503534319,7.4114004619750995
numerical_gravity_20x20,2026-06-17T06:30:00Z,EarthMJ2000Eq,19140.0,2026-06-17T11:49:00Z,-1074.321117377458,-378.3881189044621,-7178.12134295256,-5.787075664919722,4.589561072429459,0.5812807726801508,7267.927451889036,7.408927245273334
numerical_gravity_20x20,2026-06-17T06:30:00Z,EarthMJ2000Eq,19200.0,2026-06-17T11:50:00Z,-1419.3337779570636,-102.48153182209302,-7129.8913369375605,-5.7097956904144445,4.604473268553643,1.0258145842634556,7270.513139672587,7.406432101112387
numerical_gravity_20x20,2026-06-17T06:30:00Z,EarthMJ2000Eq,19260.0,2026-06-17T11:51:00Z,-1759.0740268480981,173.80640939612545,-7055.108575427897,-5.611389604915095,4.6022743706277875,1.4660999646834458,7273.177236322171,7.403922729684
numerical_gravity_20x20,2026-06-17T06:30:00Z,EarthMJ2000Eq,19320.0,2026-06-17T11:52:00Z,-2092.2860394802883,449.4499381817534,-6954.0768155537025,-5.4922614690958005,4.583004843704124,1.9005125230991564,7275.908910545625,7.401406440183281
numerical_gravity_20x20,2026-06-17T06:30:00Z,EarthMJ2000Eq,19380.0,2026-06-17T11:53:00Z,-2417.7404951696517,723.427601527154,-6827.19650055054,-5.352890363639287,4.546767932172962,2.3274547845590003,7278.696906298824,7.398890433595116
numerical_gravity_20x20,2026-06-17T06:30:00Z,EarthMJ2000Eq,19440.0,2026-06-17T11:54:00Z,-2734.2390147078254,994.7260080779331,-6674.962964965545,-5.193828176389654,4.493728954018926,2.745362151542222,7281.529606089554,7.39638184392664
numerical_gravity_20x20,2026-06-17T06:30:00Z,EarthMJ2000Eq,19500.0,2026-06-17T11:55:00Z,-3040.61845051274,1262.3435198438012,-6497.964292677598,-5.015696942806759,4.4241141535829325,3.1527084502772382,7284.395079387389,7.393887505126339
numerical_gravity_20x20,2026-06-17T06:30:00Z,EarthMJ2000Eq,19560.0,2026-06-17T11:56:00Z,-3335.755011801564,1525.2938679145605,-6296.87886018041,-4.819186062958298,4.338209366681614,3.548010886469501,7287.281129615074,7.391413671895363
numerical_gravity_20x20,2026-06-17T06:30:00Z,EarthMJ2000Eq,19620.0,2026-06-17T11:57:00Z,-3618.5682254109265,1782.6096888481259,-6072.472594352093,-4.6050496182587315,4.236358731890422,3.9298346759980958,7290.17535549633,7.388965954216204
numerical_gravity_20x20,2026-06-17T06:30:00Z,EarthMJ2000Eq,19680.0,2026-06-17T11:58:00Z,-3888.0247370256297,2033.3459851450843,-5825.595952010941,-4.374103696096377,4.118963420738559,4.296797736482121,7293.065229868379,7.386549505271332
numerical_gravity_20x20,2026-06-17T06:30:00Z,EarthMJ2000Eq,19740.0,2026-06-17T11:59:00Z,-4143.141945452688,2276.5835045048366,-5557.180612932231,-4.127223459284037,3.986480159611731,4.647575526423495,7295.938184901435,7.384169270788224
numerical_gravity_20x20,2026-06-17T06:30:00Z,EarthMJ2000Eq,19800.0,2026-06-17T12:00:00Z,-4382.991449550969,2511.4320196572326,-5268.235884163309,-3.8653398325964416,3.8394193858235504,4.980905772039138,7298.781690623612,7.381830095012156
numerical_gravity_20x20,2026-06-17T06:30:00Z,EarthMJ2000Eq,19860.0,2026-06-17T12:01:00Z,-4606.702287310028,2737.0334878504973,-4959.844831654743,-3.589435920111409,3.6783431085365192,5.295592800868672,7301.583323609665,7.3795366630511605
numerical_gravity_20x20,2026-06-17T06:30:00Z,EarthMJ2000Eq,19920.0,2026-06-17T12:02:00Z,-4813.463956531254,2952.565077951531,-4633.160164903057,-3.300543328735253,3.5038626640692496,5.590511461294352,7304.330832732659,7.3772934218709745
numerical_gravity_20x20,2026-06-17T06:30:00Z,EarthMJ2000Eq,19980.0,2026-06-17T12:03:00Z,-5002.5292132914965,3157.242062496716,-4289.399894483259,-2.9997384266593974,3.316636459386012,5.864610805392993,7307.01220922932,7.37510460473869
numerical_gravity_20x20,2026-06-17T06:30:00Z,EarthMJ2000Eq,20040.0,2026-06-17T12:04:00Z,-5173.2166413463365,3350.3205724693657,-3929.8427723720392,-2.688138429135667,3.1173676313946976,6.116917649443507,7309.615760912395,7.3729743451023095
numerical_gravity_20x20,2026-06-17T06:30:00Z,EarthMJ2000Eq,20100.0,2026-06-17T12:05:00Z,-5324.912979421066,3531.1002059022703,-3555.8235237520976,-2.366897242073357,2.906801498967468,6.346539940435591,7312.130184467366,7.370906777627714
numerical_gravity_20x20,2026-06-17T06:30:00Z,EarthMJ2000Eq,20160.0,2026-06-17T12:06:00Z,-5457.075193265734,3698.9264760879805,-3168.7278862697385,-2.037201131063823,2.685722767349235,6.552669789081185,7314.544630917524,7.36890606509562
numerical_gravity_20x20,2026-06-17T06:30:00Z,EarthMJ2000Eq,20220.0,2026-06-17T12:07:00Z,-5569.232285796562,3853.1930858419246,-2769.9874788272396,-1.7002643389920604,2.4549525383710114,6.734586121845231,7316.848764515944,7.366976382523075
numerical_gravity_20x20,2026-06-17T06:30:00Z,EarthMJ2000Eq,20280.0,2026-06-17T12:08:00Z,-5660.986844199519,3993.344018369127,-2361.074521470667,-1.3573246983114393,2.2153451961239714,6.891657003960421,7319.032818288388,7.365121922607426
numerical_gravity_20x20,2026-06-17T06:30:00Z,EarthMJ2000Eq,20340.0,2026-06-17T12:09:00Z,-5732.016322408255,4118.875438465864,-1943.4964244622627,-1.0096391845744175,1.9677852015290804,7.023341679130899,7321.087648010343,7.363346944440563
numerical_gravity_20x20,2026-06-17T06:30:00Z,EarthMJ2000Eq,20400.0,2026-06-17T12:10:00Z,-5782.074053201822,4229.3373988211515,-1518.79026385555,-0.6584793424123999,1.7131838008769078,7.129192304844381,7323.004783240239,7.361655839512144
numerical_gravity_20x20,2026-06-17T06:30:00Z,EarthMJ2000Eq,20460.0,2026-06-17T12:11:00Z,-5810.989981570701,4324.3353461530105,-1088.5171635002941,-0.3051265723637663,1.452475643740164,7.2088553263182735,7324.776472162004,7.360053181642657
numerical_gravity_20x20,2026-06-17T06:30:00Z,EarthMJ2000Eq,20520.0,2026-06-17T12:12:00Z,-5818.671112254022,4403.53142142801,-654.256606818432,0.04913267122961935,1.1866152992575536,7.262072435077229,7326.395716834357,7.358543737732539
numerical_gravity_20x20,2026-06-17T06:30:00Z,EarthMJ2000Eq,20580.0,2026-06-17T12:13:00Z,-5805.101668727984,4466.645547953011,-217.60070477440792,0.40301167762295814,0.91657367257322,7.288681062995072,7327.8562964918465,7.357132413353575
numerical_gravity_20x20,2026-06-17T06:30:00Z,EarthMJ2000Eq,20640.0,2026-06-17T12:14:00Z,-5770.342967605871,4513.45630268441,219.8515511484587,0.7552281462328221,0.6433343775201371,7.288614390411074,7329.15277945429,7.355824114690948
numerical_gravity_20x20,2026-06-17T06:30:00Z,EarthMJ2000Eq,20700.0,2026-06-17T12:15:00Z,-5714.53301994914,4543.801571297894,656.5000234802745,1.104508610676438,0.36789017503176824,7.2619009458719015,7330.280529164477,7.354623566138414
numerical_gravity_20x20,2026-06-17T06:30:00Z,EarthMJ2000Eq,20760.0,2026-06-17T12:16:00Z,-5637.88587476099,4557.5789936639285,1090.749131715396,1.44959262381126,0.09123955108715344,7.208663990288872,7331.235713619778,7.353535201219756
numerical_gravity_20x20,2026-06-17T06:30:00Z,EarthMJ2000Eq,20820.0,2026-06-17T12:17:00Z,-5540.690714557206,4554.7462070148395,1521.0135164370297,1.7892368765757471,-0.1856166277946897,7.129120852201657,7332.015324716708,7.352563244087662
numerical_gravity_20x20,2026-06-17T06:30:00Z,EarthMJ2000Eq,20880.0,2026-06-17T12:18:00Z,-5423.310699856618,4535.320886562399,1945.7236612744143,2.1222194789233733,-0.46167855071965475,7.023582151760422,7332.617203789622,7.351711966844454
numerical_gravity_20x20,2026-06-17T06:30:00Z,EarthMJ2000Eq,20940.0,2026-06-17T12:19:00Z,-5286.181549896242,4499.380574180764,2363.331457529217,2.4473444552843344,-0.7359510915578014,6.892450604616339,7333.040059070033,7.350985935849166
numerical_gravity_20x20,2026-06-17T06:30:00Z,EarthMJ2000Eq,21000.0,2026-06-17T12:20:00Z,-5129.809852594874,4447.0622858878105,2772.315676594166,2.7634462142101306,-1.0074475153220228,6.7362191177723645,7333.283460294912,7.350390022141867
numerical_gravity_20x20,2026-06-17T06:30:00Z,EarthMJ2000Eq,21060.0,2026-06-17T12:21:00Z,-4954.771116503453,4378.561901303681,3171.187307084214,3.069393624967108,-1.2751929942395637,6.555468228378032,7333.3478082726315,7.349929121482751
numerical_gravity_20x20,2026-06-17T06:30:00Z,EarthMJ2000Eq,21120.0,2026-06-17T12:22:00Z,-4761.707595078546,4294.133352749369,3558.494728269532,3.3640935322288827,-1.5382277632595867,6.35086328993959,7333.234293498695,7.349607776796603
numerical_gravity_20x20,2026-06-17T06:30:00Z,EarthMJ2000Eq,21180.0,2026-06-17T12:23:00Z,-4551.325912944891,4194.087633820537,3932.828717888887,3.6464938980333046,-1.795610022604807,6.123151808029543,7332.944863440714,7.349429989179325
numerical_gravity_20x20,2026-06-17T06:30:00Z,EarthMJ2000Eq,21240.0,2026-06-17T12:24:00Z,-4324.3945056581615,4078.791634179356,4292.827306178059,3.915586931228145,-2.0464188761096285,5.873160940611384,7332.482207021438,7.349399340546521
numerical_gravity_20x20,2026-06-17T06:30:00Z,EarthMJ2000Eq,21300.0,2026-06-17T12:25:00Z,-4081.7408667924833,3948.6667918940225,4637.18047582273,4.17041238030184,-2.289757479570689,5.601794782970973,7331.849746305635,7.349519271867078
numerical_gravity_20x20,2026-06-17T06:30:00Z,EarthMJ2000Eq,21360.0,2026-06-17T12:26:00Z,-3824.2485961307416,3804.1875532055274,4964.6346822155365,4.410060818580135,-2.5247562645532535,5.310031054135318,7331.0516157526245,7.349793222591914
numerical_gravity_20x20,2026-06-17T06:30:00Z,EarthMJ2000Eq,21420.0,2026-06-17T12:27:00Z,-3552.8542593415145,3645.8796448531302,5273.997155938901,4.633676593898821,-2.75057590732279,4.9989171925210085,7330.092616995174,7.350224465720247
numerical_gravity_20x20,2026-06-17T06:30:00Z,EarthMJ2000Eq,21480.0,2026-06-17T12:28:00Z,-3268.544085338895,3474.3181820432665,5564.139962682823,4.840460291059297,-2.9664098266019154,4.669566255244413,7328.978154709175,7.3508157439021415
numerical_gravity_20x20,2026-06-17T06:30:00Z,EarthMJ2000Eq,21540.0,2026-06-17T12:29:00Z,-2972.350527254609,3290.1256390956855,5834.003821872638,5.02967086012266,-3.1714863034752594,4.3231530188811575,7327.714170976518,7.351568972604382
numerical_gravity_20x20,2026-06-17T06:30:00Z,EarthMJ2000Eq,21600.0,2026-06-17T12:30:00Z,-2665.3486988464097,3093.969696854573,6082.601699524119,5.200627677335576,-3.36507052103993,3.9609103249920894,7326.307092017801,7.352485188864355
numerical_gravity_20x20,2026-06-17T06:30:00Z,EarthMJ2000Eq,21660.0,2026-06-17T12:31:00Z,-2348.65268622461,2886.560964104377,6309.022182273128,5.352712632599628,-3.5464667408196338,3.584125380628843,7324.763787072977,7.35356468761915
numerical_gravity_20x20,2026-06-17T06:30:00Z,EarthMJ2000Eq,21720.0,2026-06-17T12:32:00Z,-2023.411737016322,2668.6505646804617,6512.432620492436,5.485372088559614,-3.7150205759444663,3.1941357348361947,7323.091528194819,7.35480713018344
numerical_gravity_20x20,2026-06-17T06:30:00Z,EarthMJ2000Eq,21780.0,2026-06-17T12:33:00Z,-1690.8063413152663,2441.0275904938276,6692.082019954345,5.598118504922391,-3.870121150409238,2.792324951571418,7321.297941156353,7.3562114671322325
numerical_gravity_20x20,2026-06-17T06:30:00Z,EarthMJ2000Eq,21840.0,2026-06-17T12:34:00Z,-1352.0442262609836,2204.5164326493427,6847.303671275722,5.690531712330768,-4.011202993347592,2.3801182461833306,7319.390948586681,7.357775716118128
numerical_gravity_20x20,2026-06-17T06:30:00Z,EarthMJ2000Eq,21900.0,2026-06-17T12:35:00Z,-1008.3562799117726,1959.9740063052784,6977.517522323708,5.762260038520188,-4.137747707725382,1.9589782955189847,7317.378715562305,7.359496776725146
numerical_gravity_20x20,2026-06-17T06:30:00Z,EarthMJ2000Eq,21960.0,2026-06-17T12:36:00Z,-660.9924061737713,1708.2868783979934,7082.232303540099,5.813021504334376,-4.249285564288214,1.530401158442446,7315.2696068725345,7.36137042421342
numerical_gravity_20x20,2026-06-17T06:30:00Z,EarthMJ2000Eq,22020.0,2026-06-17T12:37:00Z,-311.21730468940103,1450.3682993814089,7161.047405584737,5.842605112825267,-4.345397110394823,1.0959120558347066,7313.07215605183,7.363391459481391
numerical_gravity_20x20,2026-06-17T06:30:00Z,EarthMJ2000Eq,22080.0,2026-06-17T12:38:00Z,39.69382534462771,1187.1551388468185,7213.654494691578,5.8508720596641375,-4.425714749418831,0.6570608372411791,7310.795038314568,7.365553872290795
numerical_gravity_20x20,2026-06-17T06:30:00Z,EarthMJ2000Eq,22140.0,2026-06-17T12:39:00Z,390.45964681961254,919.6047296970866,7239.838847455567,5.8377566850147895,-4.489924197236713,0.21541718695630283,7308.447039679668,7.367850906119285
numerical_gravity_20x20,2026-06-17T06:30:00Z,EarthMJ2000Eq,22200.0,2026-06-17T12:40:00Z,739.7970945713248,648.6916294758537,7239.480394420752,5.803267137959248,-4.537765791529045,-0.22743426372302025,7306.037021018348,7.3702750421951135
numerical_gravity_20x20,2026-06-17T06:30:00Z,EarthMJ2000Eq,22260.0,2026-06-17T12:41:00Z,1086.4258186770705,375.4043063552657,7212.554469733037,5.747485843365483,-4.569035703144169,-0.6698988503893454,7303.573880750727,7.3728179989774425
numerical_gravity_20x20,2026-06-17T06:30:00Z,EarthMJ2000Eq,22320.0,2026-06-17T12:42:00Z,1429.0726513983916,100.74175471638877,7159.132263220211,5.67056982115002,-4.583587065889207,-1.1103769011929303,7301.0665184203535,7.3754707883515485
numerical_gravity_20x20,2026-06-17T06:30:00Z,EarthMJ2000Eq,22380.0,2026-06-17T12:43:00Z,1766.4760873153605,-174.2899526435821,7079.3809652886885,5.572750788158801,-4.581330937883983,-1.5472689513788949,7298.523796381108,7.3782237508250335
numerical_gravity_20x20,2026-06-17T06:30:00Z,EarthMJ2000Eq,22440.0,2026-06-17T12:44:00Z,2097.3907605788895,-448.6811618904702,6973.563595274593,5.454334952999113,-4.56223698030635,-1.978981047914776,7295.954495810413,7.381066456277745
numerical_gravity_20x20,2026-06-17T06:30:00Z,EarthMJ2000Eq,22500.0,2026-06-17T12:45:00Z,2420.59190130907,-721.4221675801541,6842.038514357868,5.31570254835175,-4.526333864771535,-2.4039299250617843,7293.367269548101,7.383987467658545
numerical_gravity_20x20,2026-06-17T06:30:00Z,EarthMJ2000Eq,22560.0,2026-06-17T12:46:00Z,2734.8797605198206,-991.5067627104238,6685.258634862799,5.1573072835663565,-4.473709593356447,-2.820547956352505,7290.7706026187025,7.3869741245587415
numerical_gravity_20x20,2026-06-17T06:30:00Z,EarthMJ2000Eq,22620.0,2026-06-17T12:47:00Z,3039.0840037725757,-1257.9358109900113,6503.770335018149,4.979675857907762,-4.40451194528592,-3.2272880740748886,7288.172792766341,7.390012546610579
numerical_gravity_20x20,2026-06-17T06:30:00Z,EarthMJ2000Eq,22680.0,2026-06-17T12:48:00Z,3332.068076120074,-1519.7208512643501,6298.212070680272,4.783407457116891,-4.3189490864464855,-3.622629006589569,7285.581954581861,7.3930879226141055
numerical_gravity_20x20,2026-06-17T06:30:00Z,EarthMJ2000Eq,22740.0,2026-06-17T12:49:00Z,3612.733529926048,-1775.8877387246437,6069.312657382449,4.569172970541745,-4.21729013735495,-4.005081038536531,7283.006038159468,7.396184953244846
numerical_gravity_20x20,2026-06-17T06:30:00Z,EarthMJ2000Eq,22800.0,2026-06-17T12:50:00Z,3880.024291101489,-2025.4803114256913,5817.889193211032,4.337713697303351,-4.099865404454133,-4.373192179833866,7280.4528469039915,7.399288229023995
numerical_gravity_20x20,2026-06-17T06:30:00Z,EarthMJ2000Eq,22860.0,2026-06-17T12:51:00Z,4132.930831173514,-2267.564055755442,5544.844607021182,4.089839515274114,-3.967066102793756,-4.725554431261325,7277.930043510349,7.402382414293818
numerical_gravity_20x20,2026-06-17T06:30:00Z,EarthMJ2000Eq,22920.0,2026-06-17T12:52:00Z,4370.4942167344525,-2501.2297403597086,5251.164834483036,3.826426652614417,-3.8193436004785344,-5.060809899294289,7275.445143184054,7.405452268642974
numerical_gravity_20x20,2026-06-17T06:30:00Z,EarthMJ2000Eq,22980.0,2026-06-17T12:53:00Z,4591.810016703214,-2725.5969937799605,4937.915633512074,3.548415188299445,-3.6572083213895037,-5.377656706656997,7273.005500182251,7.408482618542598
numerical_gravity_20x20,2026-06-17T06:30:00Z,EarthMJ2000Eq,23040.0,2026-06-17T12:54:00Z,4796.0320519262,-2939.8178088391437,4606.239049895183,3.256806288674223,-3.481228411510033,-5.674854750854523,7270.618294000209,7.411458351657169
numerical_gravity_20x20,2026-06-17T06:30:00Z,EarthMJ2000Eq,23100.0,2026-06-17T12:55:00Z,4982.375969685921,-3143.079960802004,4257.34954127218,2.95265912736327,-3.29202819893098,-5.951231331753636,7268.290518400409,7.414364433247433
numerical_gravity_20x20,2026-06-17T06:30:00Z,EarthMJ2000Eq,23160.0,2026-06-17T12:56:00Z,5150.12262355864,-3334.610326871376,3892.5297679570886,2.637087481719824,-3.0902864442043505,-6.2056866264281965,7266.028974907808,7.4171859353063505
numerical_gravity_20x20,2026-06-17T06:30:00Z,EarthMJ2000Eq,23220.0,2026-06-17T12:57:00Z,5298.621240295664,-3513.6780942689943,3513.126059668218,2.3112560417756827,-2.876734373846858,-6.437199025213004,7263.840272843154,7.419908115234307
numerical_gravity_20x20,2026-06-17T06:30:00Z,EarthMJ2000Eq,23280.0,2026-06-17T12:58:00Z,5427.292356444268,-3679.597843082144,3120.543564812667,1.9763764146154439,-2.6521534626633043,-6.644830385098524,7261.7308369993225,7.422516592672175
numerical_gravity_20x20,2026-06-17T06:30:00Z,EarthMJ2000Eq,23340.0,2026-06-17T12:59:00Z,5535.630503579275,-3831.7324866414374,2716.241086967843,1.6337027194046037,-2.4173728876019243,-6.827731189085816,7259.706919970871,7.424997605623727
numerical_gravity_20x20,2026-06-17T06:30:00Z,EarthMJ2000Eq,23400.0,2026-06-17T13:00:00Z,5623.206614421086,-3969.4960473312212,2301.725618332427,1.284526682799751,-2.1732665810442766,-6.985145450008719,7257.774612120097,7.427338243872156
numerical_gravity_20x20,2026-06-17T06:30:00Z,EarthMJ2000Eq,23460.0,2026-06-17T13:01:00Z,5689.670120553661,-4092.3562434577843,1878.5465925283534,0.9301722863722964,-1.9207498886572512,-7.116415126751928,7255.939842941706,7.429526557821539
numerical_gravity_20x20,2026-06-17T06:30:00Z,EarthMJ2000Eq,23520.0,2026-06-17T13:02:00Z,5734.750720062251,-4199.836865858363,1448.28989066387,0.5719901517076981,-1.6607759217241653,-7.220983928125199,7254.20837365985,7.4315515396229195
numerical_gravity_20x20,2026-06-17T06:30:00Z,EarthMJ2000Eq,23580.0,2026-06-17T13:03:00Z,5758.259804950577,-4291.519929094335,1012.5716362966347,0.2113518323176198,-1.3943317031318687,-7.298400569019588,7252.5857872730985,7.4334030807731715
numerical_gravity_20x20,2026-06-17T06:30:00Z,EarthMJ2000Eq,23640.0,2026-06-17T13:04:00Z,5760.091544106577,-4367.047586130306,573.0318076516533,-0.15035597206251808,-1.12243413442233,-7.348321627265116,7251.077483284477,7.435072026697758
numerical_gravity_20x20,2026-06-17T06:30:00Z,EarthMJ2000Eq,23700.0,2026-06-17T13:05:00Z,5740.223613874493,-4426.123794513569,131.3276886908325,-0.5117374013072571,-0.8461257334413643,-7.370514051816328,7249.688679071564,7.436550363758074
numerical_gravity_20x20,2026-06-17T06:30:00Z,EarthMJ2000Eq,23760.0,2026-06-17T13:06:00Z,5698.717560321534,-4468.515718274607,-310.8728170501345,-0.8713937357938155,-0.5664700804004207,-7.364857195349021,7248.42441259926,7.437831465061158
numerical_gravity_20x20,2026-06-17T06:30:00Z,EarthMJ2000Eq,23820.0,2026-06-17T13:07:00Z,5635.718774263088,-4494.054847580913,-751.8979747257476,-1.2279299838880058,-0.28454697050280964,-7.331344148091801,7247.289537478382,7.4389102724467255
numerical_gravity_20x20,2026-06-17T06:30:00Z,EarthMJ2000Eq,23880.0,2026-06-17T13:08:00Z,5551.4560668352715,-4502.637820622502,-1190.0790610401052,-1.5799615697624194,-0.0014473554833846249,-7.270082208438928,7246.288703690214,7.439783328446081
numerical_gravity_20x20,2026-06-17T06:30:00Z,EarthMJ2000Eq,23940.0,2026-06-17T13:09:00Z,5446.240846833834,-4494.226939002019,-1623.7572089517803,-1.9261208840701916,0.2817317906034828,-7.181292488168042,7245.426323867744,7.440448660027615
numerical_gravity_20x20,2026-06-17T06:30:00Z,EarthMJ2000Eq,24000.0,2026-06-17T13:10:00Z,5320.465913235231,-4468.8503760664435,-2051.290206162901,-2.2650635485050965,0.5638925558625089,-7.065308798228376,7244.706531493669,7.440905597280949
numerical_gravity_20x20,2026-06-17T06:30:00Z,EarthMJ2000Eq,24060.0,2026-06-17T13:11:00Z,5174.603880605773,-4426.602083337087,-2471.059209788789,-2.595474401215883,0.8439410668266797,-6.922575993745833,7244.1331395596635,7.441154633578691
numerical_gravity_20x20,2026-06-17T06:30:00Z,EarthMJ2000Eq,24120.0,2026-06-17T13:12:00Z,5009.205251190779,-4367.641401297308,-2881.4753478880775,-2.916073306985208,1.120792374112997,-6.753647858864304,7243.709604848216,7.441197382083336
numerical_gravity_20x20,2026-06-17T06:30:00Z,EarthMJ2000Eq,24180.0,2026-06-17T13:13:00Z,4824.896141778054,-4292.1923786845855,-3280.986179176686,-3.2256208550047947,1.393375287784771,-6.559184478293409,7243.438996949668,7.441036595336454
numerical_gravity_20x20,2026-06-17T06:30:00Z,EarthMJ2000Eq,24240.0,2026-06-17T13:14:00Z,4622.375673412671,-4200.542803133646,-3668.081977250803,-3.522923878410518,1.6606371570686158,-6.339949005992383,7243.323967554349,7.440676166793966
numerical_gravity_20x20,2026-06-17T06:30:00Z,EarthMJ2000Eq,24300.0,2026-06-17T13:15:00Z,4402.413038821305,-4093.0429481798906,-4041.3018026083982,-3.8068406556182337,1.9215485327769324,-6.096803834740849,7243.366717196835,7.440121070278075
numerical_gravity_20x20,2026-06-17T06:30:00Z,EarthMJ2000Eq,24360.0,2026-06-17T13:16:00Z,4165.8442695956965,-3970.1040457086688,-4399.239329488464,-4.076285714073717,2.1751076493120496,-5.830706275175762,7243.568960836485,7.439377270728463
numerical_gravity_20x20,2026-06-17T06:30:00Z,EarthMJ2000Eq,24420.0,2026-06-17T13:17:00Z,3913.568726432268,-3832.1964955450385,-4740.548401321403,-4.330234269320053,2.420344703616779,-5.542703837947042,7243.931895196645,7.438451663263829
numerical_gravity_20x20,2026-06-17T06:30:00Z,EarthMJ2000Eq,24480.0,2026-06-17T13:18:00Z,3646.5453325419858,-3679.847824646349,-5063.9482912113335,-4.567726349138294,2.6563259180005607,-5.23392911131439,7244.456168057089,7.437352037218489
numerical_gravity_20x20,2026-06-17T06:30:00Z,EarthMJ2000Eq,24540.0,2026-06-17T13:19:00Z,3365.788569903891,-3513.640410252793,-5368.228641966324,-4.787870558560315,2.8821573328098435,-4.905594203375801,7245.141846940245,7.436086999544349
numerical_gravity_20x20,2026-06-17T06:30:00Z,EarthMJ2000Eq,24600.0,2026-06-17T13:20:00Z,3072.364263058473,-3334.2089853817943,-5652.254061368881,-4.98984738218057,3.096988261545383,-4.558984834484247,7245.988386506049,7.434665823738249
numerical_gravity_20x20,2026-06-17T06:30:00Z,EarthMJ2000Eq,24660.0,2026-06-17T13:21:00Z,2767.3851795966116,-3142.2379471856902,-5914.968357125786,-5.172911999854525,3.300014418327614,-4.19545426372271,7246.9945987825895,7.4330982906455745
numerical_gravity_20x20,2026-06-17T06:30:00Z,EarthMJ2000Eq,24720.0,2026-06-17T13:22:00Z,2452.0064740657785,-2938.4584849621606,-6155.398405254531,-5.336396710331884,3.490480822383739,-3.8164171418895183,7248.158631274334,7.4313946216290905
numerical_gravity_20x20,2026-06-17T06:30:00Z,EarthMJ2000Eq,24780.0,2026-06-17T13:23:00Z,2127.4209960640546,-2723.6455383324505,-6372.657645183488,-5.479713035253889,3.667684556358486,-3.423343187050451,7249.4779519416425,7.42956550075485
numerical_gravity_20x20,2026-06-17T06:30:00Z,EarthMJ2000Eq,24840.0,2026-06-17T13:24:00Z,1794.8544833767612,-2498.61459589154,-6565.949186337807,-5.602353421280602,3.8309772983422348,-3.0177505496830617,7250.949333216307,7.427622048641171
numerical_gravity_20x20,2026-06-17T06:30:00Z,EarthMJ2000Eq,24900.0,2026-06-17T13:25:00Z,1455.5606689953972,-2264.2183534486235,-6734.568508958253,-5.703892390346899,3.9797674402999745,-2.6011989625021035,7252.5688287028415,7.42557562227004
numerical_gravity_20x20,2026-06-17T06:30:00Z,EarthMJ2000Eq,24960.0,2026-06-17T13:26:00Z,1110.8163361442503,-2021.3432603847004,-6877.905755236748,-5.783987144574745,4.113521701643558,-2.1752829912819087,7254.331746402722,7.42343749018329
numerical_gravity_20x20,2026-06-17T06:30:00Z,EarthMJ2000Eq,25020.0,2026-06-17T13:27:00Z,761.9163481083422,-1770.9059817330121,-6995.447624970574,-5.842377847169657,4.231766359659427,-1.741625614014998,7256.232630736074,7.421218579939354
numerical_gravity_20x20,2026-06-17T06:30:00Z,EarthMJ2000Eq,25080.0,2026-06-17T13:28:00Z,410.1686651024336,-1513.8497925008444,-7086.7788941159615,-5.878887792190594,4.334088307373529,-1.3018720304069626,7258.265262593687,7.4189294317196115
numerical_gravity_20x20,2026-06-17T06:30:00Z,EarthMJ2000Eq,25140.0,2026-06-17T13:29:00Z,56.88935448257837,-1251.1409111578982,-7151.583561920192,-5.893423427762151,4.42013601960182,-0.8576834330686834,7260.422675117032,7.416580276787792
numerical_gravity_20x20,2026-06-17T06:30:00Z,EarthMJ2000Eq,25200.0,2026-06-17T13:30:00Z,-296.6023905085314,-983.7647800292149,-7189.64562040198,-5.88597401174232,4.48962033426284,-0.410730663706084,7262.697175805051,7.414181039793997
numerical_gravity_20x20,2026-06-17T06:30:00Z,EarthMJ2000Eq,25260.0,2026-06-17T13:31:00Z,-648.989197056586,-712.722307040969,-7200.849444814726,-5.856610798657761,4.542314954121118,0.03731202802981952,7265.080370631731,7.411741183879989
numerical_gravity_20x20,2026-06-17T06:30:00Z,EarthMJ2000Eq,25320.0,2026-06-17T13:32:00Z,-998.960400233473,-439.02608482118495,-7185.179818779714,-5.805485938702921,4.578056720180789,0.4847729057294404,7267.563196325666,7.409269538071832
numerical_gravity_20x20,2026-06-17T06:30:00Z,EarthMJ2000Eq,25380.0,2026-06-17T13:33:00Z,-1345.2168627648002,-163.69659697022297,-7142.721612349645,-5.732831354984548,4.596745782757033,0.9299884369122324,7270.13596951619,7.406774306591163
numerical_gravity_20x20,2026-06-17T06:30:00Z,EarthMJ2000Eq,25440.0,2026-06-17T13:34:00Z,-1686.4757285115174,112.2415837628797,-7073.659117754074,-5.638957634977801,4.598345688423312,1.3713090637624898,7272.788452180456,7.404263287300962
numerical_gravity_20x20,2026-06-17T06:30:00Z,EarthMJ2000Eq,25500.0,2026-06-17T13:35:00Z,-2021.475104181522,387.76359691903735,-6978.275031621079,-5.5242526952397,4.582883252758518,1.807105214161714,7275.509921707719,7.401744119079505
numerical_gravity_20x20,2026-06-17T06:30:00Z,EarthMJ2000Eq,25560.0,2026-06-17T13:36:00Z,-2348.9786473754757,661.8480782537823,-6856.949073199494,-5.389179969001169,4.550448092844973,2.235773371152215,7278.289232846242,7.399224361452572
numerical_gravity_20x20,2026-06-17T06:30:00Z,EarthMJ2000Eq,25620.0,2026-06-17T13:37:00Z,-2667.7800306794975,933.480905400151,-6710.156244945413,-5.234276108487816,4.501191833631573,2.6557418779967428,7281.114868234048,7.396711379091629
numerical_gravity_20x20,2026-06-17T06:30:00Z,EarthMJ2000Eq,25680.0,2026-06-17T13:38:00Z,-2976.707258191859,1201.6588887988526,-6538.464757226921,-5.060148403496257,4.435327094739144,3.0654763260416296,7283.974983997397,7.394212156021395
numerical_gravity_20x20,2026-06-17T06:30:00Z,EarthMJ2000Eq,25740.0,2026-06-17T13:39:00Z,-3274.6268238362345,1465.3933970827115,-6342.533640750031,-4.867472111292645,4.3531263221967595,3.4634845987216454,7286.85745899062,7.391733159198592
numerical_gravity_20x20,2026-06-17T06:30:00Z,EarthMJ2000Eq,25800.0,2026-06-17T13:40:00Z,-3560.447708693576,1723.7139077319034,-6123.110063468804,-4.656987760960221,4.254920465023179,3.8483216931216426,7289.749952598007,7.389280277750803
numerical_gravity_20x20,2026-06-17T06:30:00Z,EarthMJ2000Eq,25860.0,2026-06-17T13:41:00Z,-3833.125215261946,1975.6714741885394,-5881.026363341896,-4.42949840591304,4.141097524845928,4.218594376558531,7292.639973022229,7.386858828500955
numerical_gravity_20x20,2026-06-17T06:30:00Z,EarthMJ2000Eq,25920.0,2026-06-17T13:42:00Z,-4091.6646339960444,2220.342104147659,-5617.196805280554,-4.18586676879674,4.012101057623718,4.572965739079649,7295.51495686212,7.384473654465732
numerical_gravity_20x20,2026-06-17T06:30:00Z,EarthMJ2000Eq,25980.0,2026-06-17T13:43:00Z,-4335.1247329554,2456.8300470942377,-5332.614065351098,-3.9270121786894134,3.8684286342291316,4.9101597491577325,7298.36235744479,7.382129334544849
numerical_gravity_20x20,2026-06-17T06:30:00Z,EarthMJ2000Eq,26040.0,2026-06-17T13:44:00Z,-4562.621054071552,2684.2709846286602,-5028.345440558307,-3.6539071685912936,3.710630102757689,5.228965830770188,7301.169733101665,7.379830419158461
numerical_gravity_20x20,2026-06-17T06:30:00Z,EarthMJ2000Eq,26100.0,2026-06-17T13:45:00Z,-4773.328993620563,2901.835105363564,-4705.528787992529,-3.367573693971496,3.539305456050576,5.52824325687789,7303.92482400288,7.377581528033023
numerical_gravity_20x20,2026-06-17T06:30:00Z,EarthMJ2000Eq,26160.0,2026-06-17T13:46:00Z,-4966.486647944728,3108.7300392985258,-4365.368213586685,-3.0690791299534435,3.355102303815232,5.80692506211849,7306.615613376913,7.375387234040114
numerical_gravity_20x20,2026-06-17T06:30:00Z,EarthMJ2000Eq,26220.0,2026-06-17T13:47:00Z,-5141.397418711518,3304.2036343829673,-4009.129543367475,-2.759532293282311,3.158713190534996,6.064021397828793,7309.230381517946,7.373251861360303
numerical_gravity_20x20,2026-06-17T06:30:00Z,EarthMJ2000Eq,26280.0,2026-06-17T13:48:00Z,-5297.432382919053,3487.5465740598606,-3638.1356044063164,-2.4400795672801956,2.9508729998166228,6.2986225786652765,7311.757766357213,7.371179426942277
numerical_gravity_20x20,2026-06-17T06:30:00Z,EarthMJ2000Eq,26340.0,2026-06-17T13:49:00Z,-5434.032429181248,3658.0948418707108,-3253.761324308703,-2.111900939622717,2.7323564225546804,6.509902115169615,7314.186835806266,7.3691738171755015
numerical_gravity_20x20,2026-06-17T06:30:00Z,EarthMJ2000Eq,26400.0,2026-06-17T13:50:00Z,-5550.710147138209,3815.2320299438115,-2857.4286485798316,-1.7762057081417264,2.503975238887741,6.697119716366519,7316.507162682001,7.367239049328
numerical_gravity_20x20,2026-06-17T06:30:00Z,EarthMJ2000Eq,26460.0,2026-06-17T13:51:00Z,-5647.051448331865,3958.3914737116556,-2450.6012864871686,-1.4342278500694923,2.266575235919328,6.8596239425472945,7318.708887815713,7.365379383247396
numerical_gravity_20x20,2026-06-17T06:30:00Z,EarthMJ2000Eq,26520.0,2026-06-17T13:52:00Z,-5722.716905203642,4087.0581926552677,-2034.779315481667,-1.0872213073115844,2.021032862765733,6.996854249540574,7320.782766205137,7.363599214566566
numerical_gravity_20x20,2026-06-17T06:30:00Z,EarthMJ2000Eq,26580.0,2026-06-17T13:53:00Z,-5777.442810850235,4200.770629021551,-1611.493680080981,-0.7364554107967244,1.7682518812591346,7.108342502121547,7322.72020435276,7.361902907206523
numerical_gravity_20x20,2026-06-17T06:30:00Z,EarthMJ2000Eq,26640.0,2026-06-17T13:54:00Z,-5811.04196799721,4299.122189234931,-1182.3006089229104,-0.3832104006885211,1.5091601372858354,7.193714230431724,7324.513299984957,7.360294760421239
numerical_gravity_20x20,2026-06-17T06:30:00Z,EarthMJ2000Eq,26700.0,2026-06-17T13:55:00Z,-5823.404206780541,4381.762592660548,-748.7759604799168,-0.028772834331367972,1.2447063340328834,7.252689744723743,7326.15488595356,7.358779128849975
numerical_gravity_20x20,2026-06-17T06:30:00Z,EarthMJ2000Eq,26760.0,2026-06-17T13:56:00Z,-5814.496621098288,4448.399021877318,-312.5095098162182,0.32556919233700726,0.9758566195079799,7.285084944248278,7327.638569711805,7.3573605379748415
numerical_gravity_20x20,2026-06-17T06:30:00Z,EarthMJ2000Eq,26820.0,2026-06-17T13:57:00Z,-5784.36351663115,4498.797061315241,124.90079836598082,0.6785308344259581,0.7035909574101203,7.2908116106898655,7328.958759664608,7.356043656150106
numerical_gravity_20x20,2026-06-17T06:30:00Z,EarthMJ2000Eq,26880.0,2026-06-17T13:58:00Z,-5733.126077149352,4532.781415066739,561.8545983455028,1.028835072953717,0.4288994263523851,7.269877192773706,7330.1106787651115,7.354833154006717
numerical_gravity_20x20,2026-06-17T06:30:00Z,EarthMJ2000Eq,26940.0,2026-06-17T13:59:00Z,-5660.981764104802,4550.2364046074545,996.7548284837072,1.3752170466987605,0.1527786013125874,7.222384272018788,7331.090373160576,7.353733595885443
numerical_gravity_20x20,2026-06-17T06:30:00Z,EarthMJ2000Eq,27000.0,2026-06-17T14:00:00Z,-5568.203459696205,4551.10625297702,1428.0134184372573,1.716428303124262,-0.12377195146846683,7.148529840151226,7331.894722218546,7.3527494511419915
numerical_gravity_20x20,2026-06-17T06:30:00Z,EarthMJ2000Eq,27060.0,2026-06-17T14:01:00Z,-5455.138353631486,4535.395160550004,1854.0569264165429,2.0512410989441214,-0.39975312905509053,7.048604336583451,7332.521449405709,7.351885180271102
numerical_gravity_20x20,2026-06-17T06:30:00Z,EarthMJ2000Eq,27120.0,2026-06-17T14:02:00Z,-5322.206571016613,4503.167173487914,2273.3321084586287,2.3784527096203156,-0.674169753647693,6.922990330072215,7332.969129370483,7.351145302529873
numerical_gravity_20x20,2026-06-17T06:30:00Z,EarthMJ2000Eq,27180.0,2026-06-17T14:03:00Z,-5169.899544553983,4454.545843840003,2684.3113968741013,2.696889625072549,-0.9460340552202166,6.7721608127511805,7333.237187698207,7.350534413035769
numerical_gravity_20x20,2026-06-17T06:30:00Z,EarthMJ2000Eq,27240.0,2026-06-17T14:04:00Z,-4998.7781400537015,4389.713680349466,3085.498265475914,3.00541157574472,-1.2143691611455356,6.596677135508468,7333.325891788859,7.350057171838998
numerical_gravity_20x20,2026-06-17T06:30:00Z,EarthMJ2000Eq,27300.0,2026-06-17T14:05:00Z,-4809.470545316846,4308.911390748903,3475.4324599576516,3.302915393328696,-1.4782125439773242,6.397186570069709,7333.236330797151,7.349718255344201
numerical_gravity_20x20,2026-06-17T06:30:00Z,EarthMJ2000Eq,27360.0,2026-06-17T14:06:00Z,-4602.669933401677,4212.4369210442155,3852.6950698849887,3.588338653530859,-1.7366193183535612,6.174419469723604,7332.970382534786,7.349522211504933
numerical_gravity_20x20,2026-06-17T06:30:00Z,EarthMJ2000Eq,27420.0,2026-06-17T14:07:00Z,-4379.1319168263335,4100.644304692539,4215.913420505203,3.86066298467616,-1.9886652664498092,5.929186137103873,7332.530670087261,7.3494732104864005
numerical_gravity_20x20,2026-06-17T06:30:00Z,EarthMJ2000Eq,27480.0,2026-06-17T14:08:00Z,-4139.671814328073,3973.9423389763524,4563.765774280031,4.118917020404247,-2.233449587377075,5.6623736604088215,7331.920518277659,7.349574814261177
numerical_gravity_20x20,2026-06-17T06:30:00Z,EarthMJ2000Eq,27540.0,2026-06-17T14:09:00Z,-3885.161747071214,3832.793100742408,4894.985846835629,4.362179174708399,-2.470097541284143,5.37494289808274,7331.143921293946,7.349829941799177
numerical_gravity_20x20,2026-06-17T06:30:00Z,EarthMJ2000Eq,27600.0,2026-06-17T14:10:00Z,-3616.5275674676777,3677.7103010050646,5208.367143764223,4.58958047550893,-2.697763203468118,5.067925470210305,7330.20552294512,7.350241071880955
numerical_gravity_20x20,2026-06-17T06:30:00Z,EarthMJ2000Eq,27660.0,2026-06-17T14:11:00Z,-3334.745614769537,3509.2574693954366,5502.7671076636725,4.800307482998088,-2.9156323654124137,4.742420377427065,7329.110596990438,7.350810503461729
numerical_gravity_20x20,2026-06-17T06:30:00Z,EarthMJ2000Eq,27720.0,2026-06-17T14:12:00Z,-3040.8392990401653,3328.0459650397775,5777.111044297093,4.9936050342481035,-3.1229253697198702,4.399590012532793,7327.865010092917,7.351540408736546
numerical_gravity_20x20,2026-06-17T06:30:00Z,EarthMJ2000Eq,27780.0,2026-06-17T14:13:00Z,-2735.875533754775,3134.7328266206578,6030.395794854993,5.168778507742628,-3.3188995986465617,4.040655750745965,7326.475160204661,7.352432570519423
numerical_gravity_20x20,2026-06-17T06:30:00Z,EarthMJ2000Eq,27840.0,2026-06-17T14:14:00Z,-2420.9610490649516,2930.0184864591183,6261.693142528324,5.3251955576702334,-3.5028515274225263,3.666893581779852,7324.947900379093,7.35348795407291
numerical_gravity_20x20,2026-06-17T06:30:00Z,EarthMJ2000Eq,27900.0,2026-06-17T14:15:00Z,-2097.2386110334182,2714.6443705901115,6470.152967299518,5.462287571134324,-3.674118514955237,3.27963010812644,7323.290467449774,7.35470638556257
numerical_gravity_20x20,2026-06-17T06:30:00Z,EarthMJ2000Eq,27960.0,2026-06-17T14:16:00Z,-1765.883153534784,2489.390392589976,6655.0061707807245,5.5795511633773485,-3.8320805920893077,2.8802388383038573,7321.510429671377,7.356086501305366
numerical_gravity_20x20,2026-06-17T06:30:00Z,EarthMJ2000Eq,28020.0,2026-06-17T14:17:00Z,-1428.0978157168615,2255.0723364784094,6815.5673791468935,5.6765498272504376,-3.9761623745818775,2.4701364349819315,7319.6156534135525,7.357625919936594
numerical_gravity_20x20,2026-06-17T06:30:00Z,EarthMJ2000Eq,28080.0,2026-06-17T14:18:00Z,-1085.1098785161967,2012.539122380069,6951.237411869794,5.752915615577243,-4.105835035577117,2.050778630768572,7317.614278147083,7.359321464084991
numerical_gravity_20x20,2026-06-17T06:30:00Z,EarthMJ2000Eq,28140.0,2026-06-17T14:19:00Z,-738.166604382943,1762.669955813032,7061.505493696441,5.80835065491048,-4.220618188196808,1.6236557667592477,7315.514687734361,7.3611692868638245
numerical_gravity_20x20,2026-06-17T06:30:00Z,EarthMJ2000Eq,28200.0,2026-06-17T14:20:00Z,-388.53099459556364,1506.3713695477707,7145.951191044427,5.842628369476802,-4.320081574213297,1.1902880996717042,7313.325472146301,7.36316486518484
numerical_gravity_20x20,2026-06-17T06:30:00Z,EarthMJ2000Eq,28260.0,2026-06-17T14:21:00Z,-37.47748199599313,1244.5741705010003,7204.246064484426,5.855594419351839,-4.403846545393071,0.7522210560328738,7311.055381076959,7.365302907311695
numerical_gravity_20x20,2026-06-17T06:30:00Z,EarthMJ2000Eq,28320.0,2026-06-17T14:22:00Z,313.71242602094225,978.2303027689011,7236.155037562128,5.847167437549497,-4.471587389153184,0.3110205283775044,7308.71327520317,7.367577253795522
numerical_gravity_20x20,2026-06-17T06:30:00Z,EarthMJ2000Eq,28380.0,2026-06-17T14:23:00Z,663.7545450954608,708.309634010214,7241.537484243851,5.817339656893011,-4.523032568336899,-0.13173181460939792,7306.308080657107,7.369980839111908
numerical_gravity_20x20,2026-06-17T06:30:00Z,EarthMJ2000Eq,28440.0,2026-06-17T14:24:00Z,1011.3664465542671,435.7966689662084,7220.348032506478,5.766177445876943,-4.557965910546234,-0.5744433224504989,7303.848748188726,7.372505728024189
numerical_gravity_20x20,2026-06-17T06:30:00Z,EarthMJ2000Eq,28500.0,2026-06-17T14:25:00Z,1355.2719174623016,161.6871938970031,7172.637074462688,5.693821663984567,-4.576227709194946,-1.0155153563761816,7301.34421328627,7.375143159742693
numerical_gravity_20x20,2026-06-17T06:30:00Z,EarthMJ2000Eq,28560.0,2026-06-17T14:26:00Z,1694.2054332724406,-113.0151402786391,7098.550971978673,5.600487710546963,-4.577715652907373,-1.453348419404582,7298.8033521832485,7.377883492103039
numerical_gravity_20x20,2026-06-17T06:30:00Z,EarthMJ2000Eq,28620.0,2026-06-17T14:27:00Z,2026.916623592524,-387.3022845007259,6998.331955591717,5.486465262941499,-4.562385557607789,-1.886347211097141,7296.234934487196,7.38071601259294
numerical_gravity_20x20,2026-06-17T06:30:00Z,EarthMJ2000Eq,28680.0,2026-06-17T14:28:00Z,2352.174717345119,-660.1652984254902,6872.317726591891,5.35211789485794,-4.53025200575696,-2.3129254644546013,7293.6475824783265,7.383628742037758
numerical_gravity_20x20,2026-06-17T06:30:00Z,EarthMJ2000Eq,28740.0,2026-06-17T14:29:00Z,2668.7729675903543,-930.5978968711981,6720.94077232781,5.197882807530168,-4.481389046440057,-2.731510722312612,7291.049750436521,7.386608443154368
numerical_gravity_20x20,2026-06-17T06:30:00Z,EarthMJ2000Eq,28800.0,2026-06-17T14:30:00Z,2975.5330647031165,-1197.6000410612894,6544.727386899749,5.024270684159784,-4.415930971714236,-3.140549450347076,7288.449728599844,7.3896409320566985
numerical_gravity_20x20,2026-06-17T06:30:00Z,EarthMJ2000Eq,28860.0,2026-06-17T14:31:00Z,3271.3095377506124,-1460.1815740544705,6344.29636721932,4.831865377877453,-4.334072966325221,-3.5385127594702452,7285.855661217739,7.392711549647778
numerical_gravity_20x20,2026-06-17T06:30:00Z,EarthMJ2000Eq,28920.0,2026-06-17T14:32:00Z,3554.9941229820206,-1717.3658845020718,6120.357349987188,4.621323083269071,-4.236071367793883,-3.9239025939449883,7283.275560297749,7.3958055166267656
numerical_gravity_20x20,2026-06-17T06:30:00Z,EarthMJ2000Eq,28980.0,2026-06-17T14:33:00Z,3825.520063813336,-1968.1935717028207,5873.7087741074565,4.3933708939016265,-4.122243459650246,-4.29525795534798,7280.717303765998,7.39890801774095
numerical_gravity_20x20,2026-06-17T06:30:00Z,EarthMJ2000Eq,29040.0,2026-06-17T14:34:00Z,4081.8663101825705,-2211.7260879130417,5605.2354768002215,4.148804933107189,-3.9929669578537323,-4.651160870820998,7278.188621665311,7.402004116841775
numerical_gravity_20x20,2026-06-17T06:30:00Z,EarthMJ2000Eq,29100.0,2026-06-17T14:35:00Z,4323.061598364104,-2447.0493457058815,5315.905938100936,3.888488255508397,-3.848679378431229,-4.990242183103218,7275.697081813314,7.405078724578916
numerical_gravity_20x20,2026-06-17T06:30:00Z,EarthMJ2000Eq,29160.0,2026-06-17T14:36:00Z,4548.1883978706455,-2673.277284273468,5006.769177304231,3.6133484911358127,-3.689877281366302,-5.311187390999205,7273.250080668296,7.408116708870452
numerical_gravity_20x20,2026-06-17T06:30:00Z,EarthMJ2000Eq,29220.0,2026-06-17T14:37:00Z,4756.386705052116,-2889.5553825114257,4678.951296318383,3.324375067835872,-3.517115222761453,-5.612742553079022,7270.854834881298,7.411103025122045
numerical_gravity_20x20,2026-06-17T06:30:00Z,EarthMJ2000Eq,29280.0,2026-06-17T14:38:00Z,4946.8576561718055,-3095.064097425399,4333.6516728446795,3.0226159897574902,-3.33100431262211,-5.893720008629503,7268.518367531776,7.414022706491025
numerical_gravity_20x20,2026-06-17T06:30:00Z,EarthMJ2000Eq,29340.0,2026-06-17T14:39:00Z,5118.866938730464,-3289.0222060931965,3972.1388210217083,2.7091743778989787,-3.1322104701936087,-6.153003736020803,7266.247492486729,7.41686073854301
numerical_gravity_20x20,2026-06-17T06:30:00Z,EarthMJ2000Eq,29400.0,2026-06-17T14:40:00Z,5271.747993551588,-3470.690037990106,3595.7459385735638,2.3852049690735857,-2.9214525321005596,-6.389554493742531,7264.048809175722,7.419602029106107
numerical_gravity_20x20,2026-06-17T06:30:00Z,EarthMJ2000Eq,29460.0,2026-06-17T14:41:00Z,5404.905004219237,-3639.3725899435453,3205.866143945559,2.0519104865012197,-2.6995002129383012,-6.602415057762722,7261.928716667694,7.422231648179645
numerical_gravity_20x20,2026-06-17T06:30:00Z,EarthMJ2000Eq,29520.0,2026-06-17T14:42:00Z,5517.815656698899,-3794.42250986295,2803.9473931427024,1.710537547718872,-2.4671717326024445,-6.790715640075048,7259.8934419299785,7.42473527909706
numerical_gravity_20x20,2026-06-17T06:30:00Z,EarthMJ2000Eq,29580.0,2026-06-17T14:43:00Z,5610.033632335234,-3935.242923277987,2391.4870730569623,1.3623718501462176,-2.225330932660123,-6.953679177452512,7257.949065799546,7.4270996304655466
numerical_gravity_20x20,2026-06-17T06:30:00Z,EarthMJ2000Eq,29640.0,2026-06-17T14:44:00Z,5681.190791232578,-4061.2900713443764,1970.0262930268646,1.0087327059777151,-1.9748838961537463,-7.090626036515899,7256.101532173005,7.4293125970787965
numerical_gravity_20x20,2026-06-17T06:30:00Z,EarthMJ2000Eq,29700.0,2026-06-17T14:45:00Z,5730.999016295965,-4172.0757355039095,1541.1439179123568,0.6509672577374865,-1.7167752509806358,-7.2009779213957765,7254.356638826358,7.431363176258803
numerical_gravity_20x20,2026-06-17T06:30:00Z,EarthMJ2000Eq,29760.0,2026-06-17T14:46:00Z,5759.251708469096,-4267.169435248207,1106.4503877540144,0.29044466601363766,-1.45198431954691,-7.284261124099242,7252.72002018427,7.4332413314979515
numerical_gravity_20x20,2026-06-17T06:30:00Z,EarthMJ2000Eq,29820.0,2026-06-17T14:47:00Z,5765.824933970596,-4346.200390968458,667.5813552651598,-0.07144969514095967,-1.1815211277500637,-7.340109383169758,7251.197133822047,7.434937995111476
numerical_gravity_20x20,2026-06-17T06:30:00Z,EarthMJ2000Eq,29880.0,2026-06-17T14:48:00Z,5750.678219400126,-4408.859240642134,226.19116059268765,-0.4333202054544094,-0.9064221706225564,-7.368266440465993,7249.793254156204,7.436445245515396
numerical_gravity_20x20,2026-06-17T06:30:00Z,EarthMJ2000Eq,29940.0,2026-06-17T14:49:00Z,5713.854979830509,-4454.899492792467,-216.05383436337158,-0.793767275324616,-0.6277458498585362,-7.368588120372373,7248.513466964078,7.437756531850431
numerical_gravity_20x20,2026-06-17T06:30:00Z,EarthMJ2000Eq,30000.0,2026-06-17T14:50:00Z,5655.482561861074,-4484.13869633142,-657.4820150050149,-1.1513938744872017,-0.34656761556479093,-7.341043656129512,7247.362655166816,7.438866777108208
numerical_gravity_20x20,2026-06-17T06:30:00Z,EarthMJ2000Eq,30060.0,2026-06-17T14:51:00Z,5575.771893251626,-4496.459313461413,-1096.4233362062039,-1.5048120706903279,-0.06397495542175066,-7.2857161337633505,7246.345471709602,7.4397722911925275
numerical_gravity_20x20,2026-06-17T06:30:00Z,EarthMJ2000Eq,30120.0,2026-06-17T14:52:00Z,5475.016746084042,-4491.809291513356,-1531.2161471955146,-1.8526493480793684,0.21893760787074018,-7.202802176785094,7245.466304569961,7.440470581957781
numerical_gravity_20x20,2026-06-17T06:30:00Z,EarthMJ2000Eq,30180.0,2026-06-17T14:53:00Z,5353.592628789632,-4470.202337023221,-1960.2139810983263,-2.1935546752612685,0.5010734380098844,-7.092611122683561,7244.729244123061,7.440960236505378
numerical_gravity_20x20,2026-06-17T06:30:00Z,EarthMJ2000Eq,30240.0,2026-06-17T14:54:00Z,5211.95531766469,-4431.717896025818,-2381.7922837071947,-2.526204489046684,0.7813386710452052,-6.955563821449264,7244.138059563462,7.441240979406875
numerical_gravity_20x20,2026-06-17T06:30:00Z,EarthMJ2000Eq,30300.0,2026-06-17T14:55:00Z,5050.639027624268,-4376.500840076468,-2794.3550562696028,-2.8493087470717993,1.0586471481205022,-6.7921909322391585,7243.696181580985,7.441313847725776
numerical_gravity_20x20,2026-06-17T06:30:00Z,EarthMJ2000Eq,30360.0,2026-06-17T14:56:00Z,4870.254218761351,-4304.760854686922,-3196.341374740911,-3.1616169821172715,1.3319253901053125,-6.603130472976043,7243.406681616616,7.441181306053787
numerical_gravity_20x20,2026-06-17T06:30:00Z,EarthMJ2000Eq,30420.0,2026-06-17T14:57:00Z,4671.485046101113,-4216.77153096439,-3586.2317366242287,-3.4619240913231533,1.6001174895316879,-6.389124532614529,7243.272240435874,7.44084717539916
numerical_gravity_20x20,2026-06-17T06:30:00Z,EarthMJ2000Eq,30480.0,2026-06-17T14:58:00Z,4455.086476204738,-4112.869169889604,-3962.554189533007,-3.7490756302151014,1.8621897811329315,-6.151015331099647,7243.295108172546,7.440316422401105
numerical_gravity_20x20,2026-06-17T06:30:00Z,EarthMJ2000Eq,30540.0,2026-06-17T14:59:00Z,4221.8811016152995,-3993.4513139890946,-4323.8902111097905,-4.021972610269224,2.1171352659684577,-5.889740910527854,7243.477064995009,7.4395949758914055
numerical_gravity_20x20,2026-06-17T06:30:00Z,EarthMJ2000Eq,30600.0,2026-06-17T15:00:00Z,3972.7556782787565,-3858.9750189155247,-4668.880322724975,-4.2795759647865905,2.3639778739629267,-5.606330565148326,7243.819389233738,7.438689685198712
numerical_gravity_20x20,2026-06-17T06:30:00Z,EarthMJ2000Eq,30660.0,2026-06-17T15:01:00Z,3708.6574019591735,-3709.954872346847,-4996.229418288764,-4.520910784633674,2.6017766241442324,-5.301899883086781,7244.322831026428,7.437608371972542
numerical_gravity_20x20,2026-06-17T06:30:00Z,EarthMJ2000Eq,30720.0,2026-06-17T15:02:00Z,3430.589939182587,-3546.96076781867,-5304.711779719849,-4.745070237381289,2.8296296104504064,-4.977645246407413,7244.987583506552,7.436359827839274
numerical_gravity_20x20,2026-06-17T06:30:00Z,EarthMJ2000Eq,30780.0,2026-06-17T15:03:00Z,3139.6092369759444,-3370.615448554116,-5593.175746574004,-4.9512189956663795,3.0466776572020517,-4.634837829505072,7245.81324593727,7.434953664667525
numerical_gravity_20x20,2026-06-17T06:30:00Z,EarthMJ2000Eq,30840.0,2026-06-17T15:04:00Z,2836.8191441581157,-3181.5918446706173,-5860.548016024722,-5.138596089034198,3.2521075455447437,-4.274817323896038,7246.7987809009755,7.433400056952962
numerical_gravity_20x20,2026-06-17T06:30:00Z,EarthMJ2000Eq,30900.0,2026-06-17T15:05:00Z,2523.366877663788,-2980.610229081241,-6105.837564236365,-5.306517235594999,3.4451548465061124,-3.8989856225913724,7247.94247340818,7.431709491984034
numerical_gravity_20x20,2026-06-17T06:30:00Z,EarthMJ2000Eq,30960.0,2026-06-17T15:06:00Z,2200.438361619054,-2768.435212297151,-6328.139190321382,-5.454376771093974,3.6251064784797213,-3.508800556966377,7249.241899678398,7.429892616312347
numerical_gravity_20x20,2026-06-17T06:30:00Z,EarthMJ2000Eq,31020.0,2026-06-17T15:07:00Z,1869.2534603508818,-2545.872589549072,-6526.6366850929735,-5.581649265981668,3.7913030809188433,-3.105769636889683,7250.693908892613,7.4279601922226455
numerical_gravity_20x20,2026-06-17T06:30:00Z,EarthMJ2000Eq,31080.0,2026-06-17T15:08:00Z,1531.0611227254228,-2313.766050766528,-6700.60562154931,-5.687890864794263,3.9431412035248545,-2.691443682620106,7252.294615826027,7.425923116856324
numerical_gravity_20x20,2026-06-17T06:30:00Z,EarthMJ2000Eq,31140.0,2026-06-17T15:09:00Z,1187.134454997285,-2072.9937667887884,-6849.415757708817,-5.772740319393701,4.080075223489275,-2.267410264313723,7254.039398386028,7.423792422421304
numerical_gravity_20x20,2026-06-17T06:30:00Z,EarthMJ2000Eq,31200.0,2026-06-17T15:10:00Z,838.7657429461692,-1824.4648715714798,-6972.533040428488,-5.835919628854757,4.201618879327815,-1.8352869807739036,7255.92289367833,7.421579173152731
numerical_gravity_20x20,2026-06-17T06:30:00Z,EarthMJ2000Eq,31260.0,2026-06-17T15:11:00Z,487.26144965854206,-1569.1158652174092,-7069.521205575153,-5.877234204414332,4.307346379983086,-1.3967147685783632,7257.938990848372,7.419294230279324
numerical_gravity_20x20,2026-06-17T06:30:00Z,EarthMJ2000Eq,31320.0,2026-06-17T15:12:00Z,133.93721719286583,-1307.9069611280506,-7140.042984211143,-5.896572594746811,4.396893186086408,-0.9533514970010974,7260.080826926058,7.41694796609808
numerical_gravity_20x20,2026-06-17T06:30:00Z,EarthMJ2000Eq,31380.0,2026-06-17T15:13:00Z,-219.88710637452036,-1041.8183912665525,-7183.860936342853,-5.893905951556035,4.469956658453469,-0.5068659529389952,7262.340797060118,7.414550086720631
numerical_gravity_20x20,2026-06-17T06:30:00Z,EarthMJ2000Eq,31440.0,2026-06-17T15:14:00Z,-572.892405054555,-771.8466725935541,-7200.837931740302,-5.869287423549659,4.526296713450003,-0.05893204332965629,7264.710587005713,7.412109671622345
numerical_gravity_20x20,2026-06-17T06:30:00Z,EarthMJ2000Eq,31500.0,2026-06-17T15:15:00Z,-923.7651955946027,-499.00083467523615,-7190.9372816478635,-5.822851499390677,4.56573643730521,0.3887770899495736,7267.181225082507,7.4096353773018
numerical_gravity_20x20,2026-06-17T06:30:00Z,EarthMJ2000Eq,31560.0,2026-06-17T15:16:00Z,-1271.2024835277352,-224.2986164034764,-7154.222510421164,-5.754813146063997,4.588162466643389,0.8345951865891998,7269.743142096871,7.4071356334216
numerical_gravity_20x20,2026-06-17T06:30:00Z,EarthMJ2000Eq,31620.0,2026-06-17T15:17:00Z,-1613.9165572728045,51.2373490210409,-7090.8567561414575,-5.6654665905413895,4.593524988403578,1.2768690787798032,7272.386228459745,7.404618704023371
numerical_gravity_20x20,2026-06-17T06:30:00Z,EarthMJ2000Eq,31680.0,2026-06-17T15:18:00Z,-1950.6396978468406,326.5833380335543,-7001.101801865863,-5.555183735515641,4.581837389997028,1.7139647598011118,7275.099885746352,7.402092636650285
numerical_gravity_20x20,2026-06-17T06:30:00Z,EarthMJ2000Eq,31740.0,2026-06-17T15:19:00Z,-2280.128784546007,600.7183126274751,-6885.31674993557,-5.424412288005536,4.553175697233773,2.144273213976417,7277.873076124959,7.399565204545634
numerical_gravity_20x20,2026-06-17T06:30:00Z,EarthMJ2000Eq,31800.0,2026-06-17T15:20:00Z,-2601.1697806116485,872.6276583557649,-6743.956352494735,-5.273673626589508,4.507677873299579,2.566216056985743,7280.694372245604,7.397043881196853
numerical_gravity_20x20,2026-06-17T06:30:00Z,EarthMJ2000Eq,31860.0,2026-06-17T15:21:00Z,-2912.5820821771613,1141.3068751670367,-6577.569008778914,-5.103560372844725,4.445542935370171,2.978250992449387,7283.552006677225,7.394535782827505
numerical_gravity_20x20,2026-06-17T06:30:00Z,EarthMJ2000Eq,31920.0,2026-06-17T15:22:00Z,-3213.222713286258,1405.7652084237607,-6386.794443237258,-4.914733708564236,4.3670298443549225,3.3788769718952016,7286.433921100205,7.392047529527109
numerical_gravity_20x20,2026-06-17T06:30:00Z,EarthMJ2000Eq,31980.0,2026-06-17T15:23:00Z,-3501.9903565102854,1665.029207767069,-6172.361085061528,-4.707920612882701,4.272456228319585,3.7666389933906106,7289.32782114993,7.389585105176289
numerical_gravity_20x20,2026-06-17T06:30:00Z,EarthMJ2000Eq,32040.0,2026-06-17T15:24:00Z,-3777.829219566298,1918.1462071636524,-5935.08316731775,-4.483911168481132,4.162197044476756,4.140132692646526,7292.221245083263,7.387153871187567
numerical_gravity_20x20,2026-06-17T06:30:00Z,EarthMJ2000Eq,32100.0,2026-06-17T15:25:00Z,-4039.7327411298406,2164.187723242637,-5675.857549982735,-4.2435558602992955,4.0366831801469765,4.498008992758224,7295.101647604821,7.38475878653432
numerical_gravity_20x20,2026-06-17T06:30:00Z,EarthMJ2000Eq,32160.0,2026-06-17T15:26:00Z,-4286.7471276183405,2402.2527646721987,-5395.660259443866,-3.987762593121236,3.8963998590810394,4.83897889046093,7297.95648910441,7.382404693815576
numerical_gravity_20x20,2026-06-17T06:30:00Z,EarthMJ2000Eq,32220.0,2026-06-17T15:27:00Z,-4517.974696899795,2631.4710366693234,-5095.542742181999,-3.7174932257635893,3.7418847295137443,5.161818137568149,7300.773316304237,7.380096455866538
numerical_gravity_20x20,2026-06-17T06:30:00Z,EarthMJ2000Eq,32280.0,2026-06-17T15:28:00Z,-4732.577000970065,2851.006021569994,-4776.627849564582,-3.4337597083221856,3.5737256640105657,5.465371477151194,7303.539827944744,7.377838859677165
numerical_gravity_20x20,2026-06-17T06:30:00Z,EarthMJ2000Eq,32340.0,2026-06-17T15:29:00Z,-4929.777712262674,3060.0579224865123,-4440.105585399867,-3.1376201179980314,3.3925584229837873,5.748556326603461,7306.243931788301,7.375636413107475
numerical_gravity_20x20,2026-06-17T06:30:00Z,EarthMJ2000Eq,32400.0,2026-06-17T15:30:00Z,-5108.865275124294,3257.866465780202,-4087.2286445627856,-2.8301748114969847,3.1990642921205845,6.010366108150336,7308.873805256221,7.373493240164745
numerical_gravity_20x20,2026-06-17T06:30:00Z,EarthMJ2000Eq,32460.0,2026-06-17T15:31:00Z,-5269.1953294490995,3443.7135605376743,-3719.307755297774,-2.5125626493654143,2.9939676627101384,6.249873496067232,7311.41796681994,7.371413171786249
numerical_gravity_20x20,2026-06-17T06:30:00Z,EarthMJ2000Eq,32520.0,2026-06-17T15:32:00Z,-5410.192904476261,3616.925808391705,-3337.70682678118,-2.1859570711437857,2.7780334452021855,6.466233649763172,7313.865354830985,7.369399958807704
numerical_gravity_20x20,2026-06-17T06:30:00Z,EarthMJ2000Eq,32580.0,2026-06-17T15:33:00Z,-5531.354367981844,3776.8768513288105,-2943.837906773886,-1.8515618531009146,2.5520642525986004,6.6586872739182414,7316.20540414593,7.367457462184012
numerical_gravity_20x20,2026-06-17T06:30:00Z,EarthMJ2000Eq,32640.0,2026-06-17T15:34:00Z,-5632.249111403576,3922.9895440360006,-2539.1559662000873,-1.510606566222885,2.3168973771883428,6.826563299969662,7318.4281123894125,7.365589734897715
numerical_gravity_20x20,2026-06-17T06:30:00Z,EarthMJ2000Eq,32700.0,2026-06-17T15:35:00Z,-5712.520957117187,4054.7379400249038,-2125.1535368698874,-1.1643418856037324,2.0734016139913525,6.969281096263546,7320.524093468381,7.363801007510293
numerical_gravity_20x20,2026-06-17T06:30:00Z,EarthMJ2000Eq,32760.0,2026-06-17T15:36:00Z,-5771.889283731532,4171.649083389275,-1703.3552302904518,-0.8140349005202638,1.82247396151924,7.0863522308774565,7322.484620615827,7.362095632341553
numerical_gravity_20x20,2026-06-17T06:30:00Z,EarthMJ2000Eq,32820.0,2026-06-17T15:37:00Z,-5810.149871853641,4273.3045994304775,-1275.3121627159403,-0.4609644896496687,1.5650362218338805,7.177381841994074,7324.301662635542,7.36047802402509
numerical_gravity_20x20,2026-06-17T06:30:00Z,EarthMJ2000Eq,32880.0,2026-06-17T15:38:00Z,-5827.175474102602,4359.342079377815,-842.5963088517288,-0.10641674800426101,1.3020315471634816,7.242069649509053,7325.967916303451,7.358952607702057
numerical_gravity_20x20,2026-06-17T06:30:00Z,EarthMJ2000Eq,32940.0,2026-06-17T15:39:00Z,-5822.9161112816655,4429.456257823245,-406.79480510419535,0.24831957408660452,1.0344209918482377,7.2802106289222035,7327.47683670531,7.357523781865925
numerical_gravity_20x20,2026-06-17T06:30:00Z,EarthMJ2000Eq,33000.0,2026-06-17T15:40:00Z,-5797.399094641303,4483.399984104952,30.495778085145474,0.6019576409104912,0.7631800903526319,7.291695372287048,7328.822666192784,7.356195909163481
numerical_gravity_20x20,2026-06-17T06:30:00Z,EarthMJ2000Eq,33060.0,2026-06-17T15:41:00Z,-5750.728773903541,4520.98498834982,467.67517672044795,0.9532170987377231,0.48929542512252183,7.27651015637648,7330.000461583004,7.354973345038162
numerical_gravity_20x20,2026-06-17T06:30:00Z,EarthMJ2000Eq,33120.0,2026-06-17T15:42:00Z,-5683.086011960279,4542.082439843238,903.1451690593926,1.3008286157950057,0.21376112839335384,7.234736715883064,7331.006118266865,7.353860500161097
numerical_gravity_20x20,2026-06-17T06:30:00Z,EarthMJ2000Eq,33180.0,2026-06-17T15:43:00Z,-5594.727388301143,4546.623292793701,1335.3152882054826,1.643538384779105,-0.062424706167162995,7.166551688061053,7331.836388988536,7.352861916548759
numerical_gravity_20x20,2026-06-17T06:30:00Z,EarthMJ2000Eq,33240.0,2026-06-17T15:44:00Z,-5485.984133354687,4534.598414654986,1762.6084900077883,1.9801125889129307,-0.33826367473583563,7.072225666315938,7332.48889413809,7.3519823213685145
numerical_gravity_20x20,2026-06-17T06:30:00Z,EarthMJ2000Eq,33300.0,2026-06-17T15:45:00Z,-5357.260796628767,4506.058495087477,2183.4667507224644,2.3093417981695645,-0.6127607107419072,6.952121796765838,7332.962120163722,7.351226612373519
numerical_gravity_20x20,2026-06-17T06:30:00Z,EarthMJ2000Eq,33360.0,2026-06-17T15:46:00Z,-5209.033655533084,4461.113738307859,2596.356566236054,2.6300451959383886,-0.8849276434992953,6.80669390672667,7333.255404636645,7.350599744699597
numerical_gravity_20x20,2026-06-17T06:30:00Z,EarthMJ2000Eq,33420.0,2026-06-17T15:47:00Z,-5041.848878757275,4399.9333465252175,2999.7743270965243,2.9410745183757245,-1.153786593985257,6.636484261831043,7333.368910916592,7.350106542399928
numerical_gravity_20x20,2026-06-17T06:30:00Z,EarthMJ2000Eq,33480.0,2026-06-17T15:48:00Z,-4856.320462991645,4322.744805283275,3392.2515521937526,3.2413176774523023,-1.4183731844501875,6.442121127258686,7333.303599622468,7.349751519255931
numerical_gravity_20x20,2026-06-17T06:30:00Z,EarthMJ2000Eq,33540.0,2026-06-17T15:49:00Z,-4653.12795931132,4229.832980707589,3772.3599738117628,3.529702175735809,-1.677739612498835,6.224316262347434,7333.061204055471,7.349538801208181
numerical_gravity_20x20,2026-06-17T06:30:00Z,EarthMJ2000Eq,33600.0,2026-06-17T15:50:00Z,-4433.013996921413,4121.5390340745025,4138.716470050547,3.8051984669961163,-1.930957680850156,5.983862319071507,7332.644211044786,7.349472170983957
numerical_gravity_20x20,2026-06-17T06:30:00Z,EarthMJ2000Eq,33660.0,2026-06-17T15:51:00Z,-4196.781605333206,3998.2591543839385,4489.987834438223,4.06682330730332,-2.177121835956513,5.721629987813212,7332.05584143229,7.349555157890006
numerical_gravity_20x20,2026-06-17T06:30:00Z,EarthMJ2000Eq,33720.0,2026-06-17T15:52:00Z,-3945.291338420892,3860.443109036953,4824.895363363657,4.313642978879962,-2.4153521795541084,5.438564771291977,7331.30002186092,7.349791063156512
numerical_gravity_20x20,2026-06-17T06:30:00Z,EarthMJ2000Eq,33780.0,2026-06-17T15:53:00Z,-3679.45821316411,3708.5926169534773,5142.219239525559,4.544776221416159,-2.644797359684401,5.135683433073194,7330.381343988148,7.350182875363428
numerical_gravity_20x20,2026-06-17T06:30:00Z,EarthMJ2000Eq,33840.0,2026-06-17T15:54:00Z,-3400.248483046941,3543.2595537800585,5440.802696619808,4.759396816957116,-2.8646372701081457,4.814070286075327,7329.305014492305,7.350733124650055
numerical_gravity_20x20,2026-06-17T06:30:00Z,EarthMJ2000Eq,33900.0,2026-06-17T15:55:00Z,-3108.676264751891,3365.04400118523,5719.555959961633,4.95673591691308,-3.074085551524616,4.474873445426548,7328.07680282331,7.351443754847901
numerical_gravity_20x20,2026-06-17T06:30:00Z,EarthMJ2000Eq,33960.0,2026-06-17T15:56:00Z,-2805.8000298985785,3174.5921512884734,5977.4599614073695,5.1360842278396674,-3.2723919244982915,4.119301043218523,7326.702991457306,7.352316042421343
numerical_gravity_20x20,2026-06-17T06:30:00Z,EarthMJ2000Eq,34020.0,2026-06-17T15:57:00Z,-2492.7189687873724,2972.5940755293323,6213.569824493081,5.29679408958256,-3.458844378059406,3.7486173468851316,7325.190329204795,7.353350533766089
numerical_gravity_20x20,2026-06-17T06:30:00Z,EarthMJ2000Eq,34080.0,2026-06-17T15:58:00Z,-2170.5692335290605,2759.781366067146,6427.0181134793975,5.438281411101637,-3.632771235116771,3.364138776849344,7323.545986544131,7.3545469787694495
numerical_gravity_20x20,2026-06-17T06:30:00Z,EarthMJ2000Eq,34140.0,2026-06-17T15:59:00Z,-1840.5200697560772,2536.92465586987,6617.0178415961145,5.5600274517293125,-3.793543140776911,2.9672298687034324,7321.777513195595,7.355904289660442
numerical_gravity_20x20,2026-06-17T06:30:00Z,EarthMJ2000Eq,34200.0,2026-06-17T16:00:00Z,-1503.7698451945123,2304.8310203382703,6782.865235475267,5.661580485236839,-3.940575029925688,2.5592991746424087,7319.892798548953,7.357420568556194
numerical_gravity_20x20,2026-06-17T06:30:00Z,EarthMJ2000Eq,34260.0,2026-06-17T16:01:00Z,-1161.5419813291908,2064.3412611881176,6923.942249639685,5.742557362181422,-4.07332807754094,2.1417950117808098,7317.90003302719,7.359093188546846
numerical_gravity_20x20,2026-06-17T06:30:00Z,EarthMJ2000Eq,34320.0,2026-06-17T16:02:00Z,-815.0807958230238,1816.3270757007551,7039.718819100247,5.802644906180316,-4.191311550861518,1.7162009804321228,7315.807665708368,7.360918844060279
numerical_gravity_20x20,2026-06-17T06:30:00Z,EarthMJ2000Eq,34380.0,2026-06-17T16:03:00Z,-465.64726851418385,1561.6881204867898,7129.754837193095,5.8416010541987715,-4.294084460324677,1.2840313089835447,7313.624354779416,7.362893495852569
numerical_gravity_20x20,2026-06-17T06:30:00Z,EarthMJ2000Eq,34440.0,2026-06-17T16:04:00Z,-114.51474715739266,1301.3489830977926,7193.701852866608,5.8592557338780455,-4.381256986651761,0.8468261842434199,7311.358912750942,7.365012228393642
numerical_gravity_20x20,2026-06-17T06:30:00Z,EarthMJ2000Eq,34500.0,2026-06-17T16:05:00Z,237.0353938585896,1036.256072790628,7231.30449021683,5.855511573814661,-4.452491768185455,0.4061471660751308,7309.02025284971,7.36726911802111
numerical_gravity_20x20,2026-06-17T06:30:00Z,EarthMJ2000Eq,34560.0,2026-06-17T16:06:00Z,587.7181349714411,767.3744354896645,7242.40159420443,5.830344541110883,-4.50750515294828,-0.03642737670424093,7306.617341982011,7.369657191870618
numerical_gravity_20x20,2026-06-17T06:30:00Z,EarthMJ2000Eq,34620.0,2026-06-17T16:07:00Z,936.2492289956888,495.68449385575764,7226.927099535595,5.783804495303177,-4.546068437738015,-0.47930695075172086,7304.159160248771,7.372168462096204
numerical_gravity_20x20,2026-06-17T06:30:00Z,EarthMJ2000Eq,34680.0,2026-06-17T16:08:00Z,1281.3496471461826,222.17871490423283,7184.910613127268,5.7160155680576175,-4.568009030428152,-0.9208937971532815,7301.654663035428,7.3747939538664795
numerical_gravity_20x20,2026-06-17T06:30:00Z,EarthMJ2000Eq,34740.0,2026-06-17T16:09:00Z,1621.7500411278356,-52.14178812841007,7116.477701620301,5.627176320021009,-4.5732114744374,-1.3595878443967575,7299.112743315199,7.3775236789293
numerical_gravity_20x20,2026-06-17T06:30:00Z,EarthMJ2000Eq,34800.0,2026-06-17T16:10:00Z,1956.1952092257934,-326.2707113269825,7021.8498814630675,5.517559734287845,-4.561618345300394,-1.7937916619211283,7296.542196922503,7.380346595925792
numerical_gravity_20x20,2026-06-17T06:30:00Z,EarthMJ2000Eq,34860.0,2026-06-17T16:11:00Z,2283.4485596514673,-599.2000668865649,6901.34431140154,5.387513143756182,-4.533231069462321,-2.221915443551119,7293.95169638829,7.383250641931038
numerical_gravity_20x20,2026-06-17T06:30:00Z,EarthMJ2000Eq,34920.0,2026-06-17T16:12:00Z,2602.2965682064737,-869.9237371061174,6755.373181652851,5.237458105661075,-4.488110674009297,-2.6423821603049036,7291.349776322243,7.386222871793721
numerical_gravity_20x20,2026-06-17T06:30:00Z,EarthMJ2000Eq,34980.0,2026-06-17T16:13:00Z,2911.5532244099145,-1137.4410698807756,6584.442785751538,5.06789011838841,-4.426378406269491,-3.053632994052816,7288.744827805318,7.3892496581125
numerical_gravity_20x20,2026-06-17T06:30:00Z,EarthMJ2000Eq,35040.0,2026-06-17T16:14:00Z,3210.064452290944,-1400.760505451976,6389.152258083542,4.879378039940293,-4.3482161459739,-3.4541330335103444,7286.145095897422,7.392316871045712
numerical_gravity_20x20,2026-06-17T06:30:00Z,EarthMJ2000Eq,35100.0,2026-06-17T16:15:00Z,3496.7124852064267,-1658.9032207561315,6170.191964590234,4.672563132432656,-4.253866579741945,-3.842377117915785,7283.558675532687,7.395409996822158
numerical_gravity_20x20,2026-06-17T06:30:00Z,EarthMJ2000Eq,35160.0,2026-06-17T16:16:00Z,3770.420172224025,-1910.9067774824168,5928.341541162029,4.448157742951317,-4.143633154280631,-4.216895725448554,7280.993504736113,7.398514214539138
numerical_gravity_20x20,2026-06-17T06:30:00Z,EarthMJ2000Eq,35220.0,2026-06-17T16:17:00Z,4030.1551955028663,-2155.828761053321,5664.467578368614,4.206943661631895,-4.017879819424277,-4.576260873173485,7278.457356693974,7.401614472182416
numerical_gravity_20x20,2026-06-17T06:30:00Z,EarthMJ2000Eq,35280.0,2026-06-17T16:18:00Z,4274.934179926103,-2392.7503972859768,5379.520951725713,3.949770170743988,-3.8770305338845676,-4.919092032838577,7275.957832235464,7.404695577125923
numerical_gravity_20x20,2026-06-17T06:30:00Z,EarthMJ2000Eq,35340.0,2026-06-17T16:19:00Z,4503.826675912223,-2620.780131174406,5074.533796888641,3.677551763020796,-3.7215684910595312,-5.24406204398524,7273.50235295089,7.407742282538664
numerical_gravity_20x20,2026-06-17T06:30:00Z,EarthMJ2000Eq,35400.0,2026-06-17T16:20:00Z,4715.958994697626,-2839.057150374471,4750.616131541907,3.3912655029334102,-3.552035051690715,-5.549902965957575,7271.098154476258,7.4107393457987945
numerical_gravity_20x20,2026-06-17T06:30:00Z,EarthMJ2000Eq,35460.0,2026-06-17T16:21:00Z,4910.517874515292,-3046.754836496625,4408.952129640559,3.09194803177272,-3.369028411593162,-5.835411806083921,7268.752280213694,7.413671561101743
numerical_gravity_20x20,2026-06-17T06:30:00Z,EarthMJ2000Eq,35520.0,2026-06-17T16:22:00Z,5086.753957139645,-3243.0841294343645,4050.7960563599345,2.780692248072827,-3.1732020384295,-6.099456102255628,7266.4715771332985,7.416523801521091
numerical_gravity_20x20,2026-06-17T06:30:00Z,EarthMJ2000Eq,35580.0,2026-06-17T16:23:00Z,5243.985056392686,-3427.2967909121744,3677.4678718650357,2.458643695666574,-2.9652628691528964,-6.340979386300705,7264.262695777614,7.419281116314998
numerical_gravity_20x20,2026-06-17T06:30:00Z,EarthMJ2000Eq,35640.0,2026-06-17T16:24:00Z,5381.599201119664,-3598.6885512217355,3290.3485100672724,2.1269966522259076,-2.7459692054340215,-6.55900655491586,7262.132095183075,7.421928901788361
numerical_gravity_20x20,2026-06-17T06:30:00Z,EarthMJ2000Eq,35700.0,2026-06-17T16:25:00Z,5499.057433213817,-3756.6021187013257,2890.8748387089227,1.7869898647624773,-2.516128233635977,-6.752649105963762,7260.086050805166,7.424453112057286
numerical_gravity_20x20,2026-06-17T06:30:00Z,EarthMJ2000Eq,35760.0,2026-06-17T16:26:00Z,5595.8963377643995,-3900.430028511624,2480.5343124126566,1.4399018800591232,-2.2765931524756637,-6.921110110454445,7258.130661911284,7.426840443090966
numerical_gravity_20x20,2026-06-17T06:30:00Z,EarthMJ2000Eq,35820.0,2026-06-17T16:27:00Z,5671.730280912378,-4029.6173087492048,2060.8593390715446,1.0870459789290918,-2.02825997187071,-7.063688777119641,7256.271856113715,7.429078449835137
numerical_gravity_20x20,2026-06-17T06:30:00Z,EarthMJ2000Eq,35880.0,2026-06-17T16:28:00Z,5726.253333493314,-4143.663946816585,1633.4213862243123,0.7297647806281979,-1.7720640658157067,-7.17978455614346,7254.515391703698,7.431155627561353
numerical_gravity_20x20,2026-06-17T06:30:00Z,EarthMJ2000Eq,35940.0,2026-06-17T16:29:00Z,5759.2408625017715,-4242.127142003591,1199.8248541217824,0.369424569517884,-1.5089764845691354,-7.268900820746519,7252.866859511628,7.433061528427941
numerical_gravity_20x20,2026-06-17T06:30:00Z,EarthMJ2000Eq,36000.0,2026-06-17T16:30:00Z,5770.550773782286,-4324.623327452105,761.7007402286598,0.0074093389460450475,-1.239999937164161,-7.330648126118963,7251.331682857097,7.434786929794439
numerical_gravity_20x20,2026-06-17T06:30:00Z,EarthMJ2000Eq,36060.0,2026-06-17T16:31:00Z,5760.124388762132,-4390.829939205253,320.70012432036805,-0.35488544319610016,-0.9661643781982377,-7.364746893714842,7249.915109763191,7.436323963624372
numerical_gravity_20x20,2026-06-17T06:30:00Z,EarthMJ2000Eq,36120.0,2026-06-17T16:32:00Z,5727.986941392265,-4440.486910567642,-121.51248464472343,-0.716059228625222,-0.6885222975702878,-7.371029306003198,7248.622192362312,7.437666085749535
numerical_gravity_20x20,2026-06-17T06:30:00Z,EarthMJ2000Eq,36180.0,2026-06-17T16:33:00Z,5674.247691923901,-4473.397881003269,-563.2658899423808,-1.074712732450049,-0.40814395922797136,-7.349440373237491,7247.457756609612,7.438807884904527
numerical_gravity_20x20,2026-06-17T06:30:00Z,EarthMJ2000Eq,36240.0,2026-06-17T16:34:00Z,5599.099665102712,-4489.431122984859,-1002.8889931829116,-1.4294541070175055,-0.12611277328953793,-7.300038411831578,7246.426374456986,7.439744907580669
numerical_gravity_20x20,2026-06-17T06:30:00Z,EarthMJ2000Eq,36300.0,2026-06-17T16:35:00Z,5502.819020757635,-4488.520194102037,-1438.7175992617279,-1.778905058087258,0.1564792684873434,-7.2229952271093785,7245.532350248616,7.440473709247256
numerical_gravity_20x20,2026-06-17T06:30:00Z,EarthMJ2000Eq,36360.0,2026-06-17T16:36:00Z,5385.764053190092,-4470.664310709345,-1869.1012243888845,-2.1217071351774504,0.4385363556814574,-7.118595997751428,7244.779720784951,7.440992157093026
numerical_gravity_20x20,2026-06-17T06:30:00Z,EarthMJ2000Eq,36420.0,2026-06-17T16:37:00Z,5248.3738056309285,-4435.928425010438,-2292.409879745345,-2.456528254758844,0.7189639858440067,-6.987238503945973,7244.172254454095,7.441299764852534
numerical_gravity_20x20,2026-06-17T06:30:00Z,EarthMJ2000Eq,36480.0,2026-06-17T16:38:00Z,5091.16629219101,-4384.442986391105,-2707.0407792902524,-2.7820691967193714,0.9966743149894897,-6.829431334277932,7243.71343279098,7.441397789065694
numerical_gravity_20x20,2026-06-17T06:30:00Z,EarthMJ2000Eq,36540.0,2026-06-17T16:39:00Z,4914.736340560238,-4316.403383375608,-3111.424908534391,-3.097069696443693,1.270591397306193,-6.645791085004662,7243.406410432048,7.441289024696311
numerical_gravity_20x20,2026-06-17T06:30:00Z,EarthMJ2000Eq,36600.0,2026-06-17T16:40:00Z,4719.753086100741,-4232.069080777482,-3504.0334039723384,-3.4003139764064945,1.5396560908180177,-6.437038921572646,7243.253964509611,7.440977495865681
numerical_gravity_20x20,2026-06-17T06:30:00Z,EarthMJ2000Eq,36660.0,2026-06-17T16:41:00Z,4506.957147435623,-4131.762472014602,-3883.3837159768564,-3.6906358730695414,1.802830670876639,-6.203996827744161,7243.258447652098,7.44046827922147
numerical_gravity_20x20,2026-06-17T06:30:00Z,EarthMJ2000Eq,36720.0,2026-06-17T16:42:00Z,4277.157500887797,-4015.8674593782434,-4248.04553768306,-3.966923769194909,2.059103305055863,-5.947583526135976,7243.421748657382,7.439767497164113
numerical_gravity_20x20,2026-06-17T06:30:00Z,EarthMJ2000Eq,36780.0,2026-06-17T16:43:00Z,4031.2280646493214,-3884.827768871714,-4596.6464738091,-4.228125309845102,2.307492413005992,-5.668809857915202,7243.745254231041,7.4388823136966975
numerical_gravity_20x20,2026-06-17T06:30:00Z,EarthMJ2000Eq,36840.0,2026-06-17T16:44:00Z,3770.104012069682,-3739.1450101238893,-4927.877414212624,-4.473251674791151,2.5470507776639697,-5.368773581358598,7244.229805718838,7.437820781513527
numerical_gravity_20x20,2026-06-17T06:30:00Z,EarthMJ2000Eq,36900.0,2026-06-17T16:45:00Z,3494.7778463008212,-3579.376499999245,-5240.497583602632,-4.70138125582208,2.7768693071950237,-5.048653831729612,7244.875654384062,7.436591583143119
numerical_gravity_20x20,2026-06-17T06:30:00Z,EarthMJ2000Eq,36960.0,2026-06-17T16:46:00Z,3206.295270256473,-3406.1328697432396,-5533.3392556773,-4.911662836065473,2.9960805101715464,-4.7097055013853915,7245.682425060717,7.435203840406552
numerical_gravity_20x20,2026-06-17T06:30:00Z,EarthMJ2000Eq,37020.0,2026-06-17T16:47:00Z,2905.750875311496,-3220.075468981228,-5805.312128404889,-5.103318483002163,3.2038618060978004,-4.353253540719648,7246.649093444025,7.433667089755359
numerical_gravity_20x20,2026-06-17T06:30:00Z,EarthMJ2000Eq,37080.0,2026-06-17T16:48:00Z,2594.2836624418974,-3021.9135756100336,-6055.40735018434,-5.275646236151275,3.399438670599252,-3.980686986889064,7247.773972492223,7.431991346319683
numerical_gravity_20x20,2026-06-17T06:30:00Z,EarthMJ2000Eq,37140.0,2026-06-17T16:49:00Z,2273.0724106392745,-2812.4014251234494,-6282.701176455422,-5.4280224838413424,3.5820874846357005,-3.593452619084732,7249.054699247357,7.430187114620854
numerical_gravity_20x20,2026-06-17T06:30:00Z,EarthMJ2000Eq,37200.0,2026-06-17T16:50:00Z,1943.3309157428043,-2592.33508054435,-6486.358236904895,-5.559903888645441,3.7511379944211733,-3.1930483545003914,7250.488217724834,7.428265295366238
numerical_gravity_20x20,2026-06-17T06:30:00Z,EarthMJ2000Eq,37260.0,2026-06-17T16:51:00Z,1606.3031287708404,-2362.549165607486,-6665.634403269318,-5.670828811255418,3.905975425466497,-2.781016562399488,7252.070759407904,7.426237038450427
numerical_gravity_20x20,2026-06-17T06:30:00Z,EarthMJ2000Eq,37320.0,2026-06-17T16:52:00Z,1263.258223655063,-2123.913479298648,-6819.879255825084,-5.760418241746168,4.046042330498395,-2.358937378834875,7253.79782398241,7.424113577881958
numerical_gravity_20x20,2026-06-17T06:30:00Z,EarthMJ2000Eq,37380.0,2026-06-17T16:53:00Z,915.485623665064,-1877.3295077099683,-6948.5381497710405,-5.828376248305758,4.170840151917807,-1.9284220682744744,7255.6641616381,7.421906017868486
numerical_gravity_20x20,2026-06-17T06:30:00Z,EarthMJ2000Eq,37440.0,2026-06-17T16:54:00Z,564.2900140543903,-1623.726852680491,-7051.153887852638,-5.874490008774744,4.279930425951986,-1.4911065661259508,7257.663760622737,7.419625065037166
numerical_gravity_20x20,2026-06-17T06:30:00Z,EarthMJ2000Eq,37500.0,2026-06-17T16:55:00Z,210.98636083433388,-1364.0595983350215,-7127.368014853974,-5.898629614671896,4.372935670857082,-1.0486453431890066,7259.789848985402,7.41728082037687
numerical_gravity_20x20,2026-06-17T06:30:00Z,EarthMJ2000Eq,37560.0,2026-06-17T16:56:00Z,-143.10505746638,-1099.3026292487962,-7176.921752449581,-5.900747859023703,4.449540145975979,-0.6027055153332046,7262.034919286035,7.414882786979024
numerical_gravity_20x20,2026-06-17T06:30:00Z,EarthMJ2000Eq,37620.0,2026-06-17T16:57:00Z,-496.66360583777356,-830.4479030664021,-7199.656580329584,-5.880880018940333,4.509490615944381,-0.154960884022307,7264.390774989617,7.4124401035043155
numerical_gravity_20x20,2026-06-17T06:30:00Z,EarthMJ2000Eq,37680.0,2026-06-17T16:58:00Z,-848.3732298453848,-558.5006790205887,-7195.514450834453,-5.83914338758106,4.552597020597179,0.29291433448212234,7266.848585029978,7.40996180422187
numerical_gravity_20x20,2026-06-17T06:30:00Z,EarthMJ2000Eq,37740.0,2026-06-17T16:59:00Z,-1196.927350065717,-284.475715204626,-7164.537620169601,-5.775736294844496,4.578732809349819,0.7392519662169255,7269.398931459327,7.407456875106064
numerical_gravity_20x20,2026-06-17T06:30:00Z,EarthMJ2000Eq,37800.0,2026-06-17T17:00:00Z,-1541.0336817731434,-9.39345921341698,-7106.868096116459,-5.690936623291818,4.587834832307233,1.1823961428143317,7272.031846810991,7.404934080557221
numerical_gravity_20x20,2026-06-17T06:30:00Z,EarthMJ2000Eq,37860.0,2026-06-17T17:01:00Z,-1879.418956540261,265.72374452899965,-7022.7467222594705,-5.585100069866617,4.579902931207578,1.6207091488027026,7274.736850746942,7.402401758532202
numerical_gravity_20x20,2026-06-17T06:30:00Z,EarthMJ2000Eq,37920.0,2026-06-17T17:02:00Z,-2210.8335372568317,539.8554193670194,-6912.511920951895,-5.458658341654051,4.554999436667856,2.0525769962939213,7277.502996260569,7.3998677748098185
numerical_gravity_20x20,2026-06-17T06:30:00Z,EarthMJ2000Eq,37980.0,2026-06-17T17:03:00Z,-2534.055921558358,811.9866892114405,-6776.598103131117,-5.312117208777197,4.513248595047805,2.476414984693991,7280.318924909937,7.397339609407207
numerical_gravity_20x20,2026-06-17T06:30:00Z,EarthMJ2000Eq,38040.0,2026-06-17T17:04:00Z,-2847.8971192108434,1081.111971190081,-6615.533744101208,-5.14605422726944,4.454835776040448,2.890673246329333,7283.172922236686,7.394824387267877
numerical_gravity_20x20,2026-06-17T06:30:00Z,EarthMJ2000Eq,38100.0,2026-06-17T17:05:00Z,-3151.204882246901,1346.238611610756,-6429.939133305966,-4.96111613156241,4.380006379243266,3.2938420208745844,7286.052969016066,7.392328754292496
numerical_gravity_20x20,2026-06-17T06:30:00Z,EarthMJ2000Eq,38160.0,2026-06-17T17:06:00Z,-3442.8677741320807,1606.3904499920097,-6220.523820432469,-4.7580161195951955,4.289064563230605,3.684456505407998,7288.946795563161,7.389858724098288
numerical_gravity_20x20,2026-06-17T06:30:00Z,EarthMJ2000Eq,38220.0,2026-06-17T17:07:00Z,-3721.8190776431957,1860.6113062556117,-5988.083779292664,-4.537531197900431,4.182371974561263,4.061101465873931,7291.841950255297,7.3874196998436865
numerical_gravity_20x20,2026-06-17T06:30:00Z,EarthMJ2000Eq,38280.0,2026-06-17T17:08:00Z,-3987.040543031985,2107.968392069002,-5733.498294004446,-4.300499471105889,4.0603464678533125,4.42241592178938,7294.725883889994,7.385016704469064
numerical_gravity_20x20,2026-06-17T06:30:00Z,EarthMJ2000Eq,38340.0,2026-06-17T17:09:00Z,-4237.565964987658,2347.5556401576805,-5457.726559702248,-4.047817105942888,3.9234606119170437,4.7670979519100705,7297.586038666296,7.3826546295715
numerical_gravity_20x20,2026-06-17T06:30:00Z,EarthMJ2000Eq,38400.0,2026-06-17T17:10:00Z,-4472.484564410498,2578.496932977824,-5161.80399796809,-3.7804348705094086,3.7722398189568023,5.0939093376524305,7300.4099286071305,7.380338298622182
numerical_gravity_20x20,2026-06-17T06:30:00Z,EarthMJ2000Eq,38460.0,2026-06-17T17:11:00Z,-4690.944153904635,2799.9492089023656,-4846.8383061777295,-3.4993544304069397,3.6072601616083446,5.401679763896621,7303.185208778212,7.378072348169649
numerical_gravity_20x20,2026-06-17T06:30:00Z,EarthMJ2000Eq,38520.0,2026-06-17T17:12:00Z,-4892.154079891986,3011.10543315338,-4514.005268236715,-3.2056246313545578,3.4291460791461086,5.689310603163021,7305.899741485537,7.375861119119133
numerical_gravity_20x20,2026-06-17T06:30:00Z,EarthMJ2000Eq,38580.0,2026-06-17T17:13:00Z,-5075.38794217758,3211.197430789809,-4164.544344788375,-2.9003377774970813,3.2385680723814665,5.955778521567528,7308.541667311029,7.373708712784253
numerical_gravity_20x20,2026-06-17T06:30:00Z,EarthMJ2000Eq,38640.0,2026-06-17T17:14:00Z,-5239.986085584802,3399.4985791055115,-3799.7540488536847,-2.584625722056808,3.036240297091741,6.200139020262716,7311.0994794382805,7.37161916646443
numerical_gravity_20x20,2026-06-17T06:30:00Z,EarthMJ2000Eq,38700.0,2026-06-17T17:15:00Z,-5385.357847979257,3575.326349023107,-3420.98711425611,-2.259655655046606,2.8229179224365484,6.421529761212462,7313.562093037634,7.369596579890583
numerical_gravity_20x20,2026-06-17T06:30:00Z,EarthMJ2000Eq,38760.0,2026-06-17T17:16:00Z,-5510.9835485294925,3738.0446803963146,-3029.6454766066513,-1.9266256874880476,2.5993942483725885,6.619173465247278,7315.918904602828,7.367645102825932
numerical_gravity_20x20,2026-06-17T06:30:00Z,EarthMJ2000Eq,38820.0,2026-06-17T17:17:00Z,-5616.416209594939,3887.0661797923185,-2627.1750944298874,-1.5867604116333816,2.366497691092147,6.7923803578135304,7318.159843996215,7.365768856750969
numerical_gravity_20x20,2026-06-17T06:30:00Z,EarthMJ2000Eq,38880.0,2026-06-17T17:18:00Z,-5701.283013202179,4021.8541356659657,-2215.0606336906435,-1.2413064864349854,2.125088714669937,6.94055030178847,7320.275424881714,7.363971912639205
numerical_gravity_20x20,2026-06-17T06:30:00Z,EarthMJ2000Eq,38940.0,2026-06-17T17:19:00Z,-5765.286491234921,4141.924347371697,-1794.8200312878403,-0.8915281576582952,1.876056683796034,7.063174698129343,7322.256794873997,7.362258345983785
numerical_gravity_20x20,2026-06-17T06:30:00Z,EarthMJ2000Eq,39000.0,2026-06-17T17:20:00Z,-5808.205443112513,4246.8467615716945,-1367.9989532041072,-0.5387026560681578,1.62031658676206,7.159838075028443,7324.095781845112,7.360632286265775
numerical_gravity_20x20,2026-06-17T06:30:00Z,EarthMJ2000Eq,39060.0,2026-06-17T17:21:00Z,-5829.895575403898,4336.24690840638,-936.165169474863,-0.18411555143827768,1.3588056477507278,7.230219263216355,7325.784933733431,7.359097901157829
numerical_gravity_20x20,2026-06-17T06:30:00Z,EarthMJ2000Eq,39120.0,2026-06-17T17:22:00Z,-5830.289864252998,4409.807132807897,-500.9028706536937,0.17094383036634087,1.0924798961493274,7.2740921876514335,7327.317553894041,7.357659360902921
numerical_gravity_20x20,2026-06-17T06:30:00Z,EarthMJ2000Eq,39180.0,2026-06-17T17:23:00Z,-5809.398644791761,4467.26761948967,-63.80694541012528,0.5251869388474818,0.8223107171361267,7.291326386783672,7328.687735504346,7.356320868128358
numerical_gravity_20x20,2026-06-17T06:30:00Z,EarthMJ2000Eq,39240.0,2026-06-17T17:24:00Z,-5767.309427507461,4508.427209469644,373.5227656465555,0.8773305864027621,0.5492813437835994,7.281887274061679,7329.890394280049,7.355086758469132
numerical_gravity_20x20,2026-06-17T06:30:00Z,EarthMJ2000Eq,39300.0,2026-06-17T17:25:00Z,-5704.186436307416,4533.144003578201,809.4872210929361,1.2261016309210602,0.2743832664132245,7.245836015060174,7330.921293974126,7.353961581581588
numerical_gravity_20x20,2026-06-17T06:30:00Z,EarthMJ2000Eq,39360.0,2026-06-17T17:26:00Z,-5620.269865280803,4541.335749155424,1242.4939077454728,1.5702416425363919,-0.0013873902620841604,7.183328907022522,7331.777059889721,7.35295008328443
numerical_gravity_20x20,2026-06-17T06:30:00Z,EarthMJ2000Eq,39420.0,2026-06-17T17:27:00Z,-5515.874859916914,4532.9800103955295,1670.962518208754,1.9085114022406444,-0.2770334467984238,7.094616302110228,7332.455181054122,7.3520571119446405
numerical_gravity_20x20,2026-06-17T06:30:00Z,EarthMJ2000Eq,39480.0,2026-06-17T17:28:00Z,-5391.390234946831,4508.114125750673,2093.330553519077,2.2396951863161516,-0.5515601919884608,6.980041207404081,7332.954005212993,7.351287535530978
numerical_gravity_20x20,2026-06-17T06:30:00Z,EarthMJ2000Eq,39540.0,2026-06-17T17:29:00Z,-5247.276940248002,4466.834954594709,2508.0588337976974,2.562604890205442,-0.8239788914062552,6.840037615419739,7333.272728668846,7.350646204052054
numerical_gravity_20x20,2026-06-17T06:30:00Z,EarthMJ2000Eq,39600.0,2026-06-17T17:30:00Z,-5084.066283375162,4409.2984135536935,2913.636899189092,2.8760840116932056,-1.0933102817624416,6.675128502748563,7333.411379012872,7.35013789957243
numerical_gravity_20x20,2026-06-17T06:30:00Z,EarthMJ2000Eq,39660.0,2026-06-17T17:31:00Z,-4902.357919036612,4335.718805779459,3308.5882796172964,3.1790114199416837,-1.3585879575665594,6.48592346497355,7333.370789285892,7.349767209922979
numerical_gravity_20x20,2026-06-17T06:30:00Z,EarthMJ2000Eq,39720.0,2026-06-17T17:32:00Z,-4702.8176206919825,4246.367953118415,3691.475614312977,3.4703048477899068,-1.6188615430518485,6.273116104227678,7333.1525674725635,7.349538358923435
numerical_gravity_20x20,2026-06-17T06:30:00Z,EarthMJ2000Eq,39780.0,2026-06-17T17:33:00Z,-4486.17484953007,4141.574144729339,4060.90561168961,3.748924176807476,-1.8731996510466093,6.037481342159075,7332.759068992985,7.34945510722065
numerical_gravity_20x20,2026-06-17T06:30:00Z,EarthMJ2000Eq,39840.0,2026-06-17T17:34:00Z,-4253.2201285737665,4021.7209116760387,4415.533847090488,4.0138746724917755,-2.12069274964155,5.779872689521138,7332.193376358749,7.3495207960740885
numerical_gravity_20x20,2026-06-17T06:30:00Z,EarthMJ2000Eq,39900.0,2026-06-17T17:35:00Z,-4004.8022219758313,3887.2456290830232,4754.069391695471,4.264210238742906,-2.360456055309869,5.501219313132286,7331.459281686243,7.349738477009132
numerical_gravity_20x20,2026-06-17T06:30:00Z,EarthMJ2000Eq,39960.0,2026-06-17T17:36:00Z,-3741.825120969865,3738.6379435504487,5075.279254608559,4.499036576513484,-2.5916324531903188,5.202522722950091,7330.561262354765,7.350110990457727
numerical_gravity_20x20,2026-06-17T06:30:00Z,EarthMJ2000Eq,40020.0,2026-06-17T17:37:00Z,-3465.2448481895512,3576.4380270883576,5377.992614167693,4.717514050644296,-2.8133953379758414,4.884853076758368,7329.504442835829,7.350640905886116
numerical_gravity_20x20,2026-06-17T06:30:00Z,EarthMJ2000Eq,40080.0,2026-06-17T17:38:00Z,-3176.0661015199503,3401.2346658805372,5661.104820152646,4.9188601711394755,-3.0249512653661403,4.5493452738412765,7328.294543641594,7.351330353186724
numerical_gravity_20x20,2026-06-17T06:30:00Z,EarthMJ2000Eq,40140.0,2026-06-17T17:39:00Z,-2875.338759144484,3213.6631968032884,5923.581160033539,5.102351760953555,-3.22554237562546,4.197195017790001,7326.937824345909,7.3521808415478045
numerical_gravity_20x20,2026-06-17T06:30:00Z,EarthMJ2000Eq,40200.0,2026-06-17T17:40:00Z,-2564.154260331844,3014.4033048045058,6164.460389922527,5.267326952186008,-3.4144486156317275,3.829654909833537,7325.441027932588,7.353193136211416
numerical_gravity_20x20,2026-06-17T06:30:00Z,EarthMJ2000Eq,40260.0,2026-06-17T17:41:00Z,-2243.6418691169083,2804.17669169305,6382.858031152864,5.413187100963823,-3.590989813124009,3.448030532394879,7323.811330239305,7.354367204615829
numerical_gravity_20x20,2026-06-17T06:30:00Z,EarthMJ2000Eq,40320.0,2026-06-17T17:42:00Z,-1914.9648251770147,2583.7446233397022,6577.969429963175,5.539398628870716,-3.754527666145739,3.0536764590551,7322.056294636917,7.355702215422796
numerical_gravity_20x20,2026-06-17T06:30:00Z,EarthMJ2000Eq,40380.0,2026-06-17T17:43:00Z,-1579.3163873226022,2353.905358609115,6749.072574151383,5.645494752745087,-3.904467702264839,2.6479921345357136,7320.183829639581,7.357196571104009
numerical_gravity_20x20,2026-06-17T06:30:00Z,EarthMJ2000Eq,40440.0,2026-06-17T17:44:00Z,-1237.915777947871,2115.4914613568294,6895.530657377315,5.731077045530668,-4.040261211349679,2.23241757718886,7318.2021455543545,7.358847939500251
numerical_gravity_20x20,2026-06-17T06:30:00Z,EarthMJ2000Eq,40500.0,2026-06-17T17:45:00Z,-892.0040405048719,1869.3669988683428,7016.7943800846315,5.795816765417451,-4.161407081903943,1.8084289044019337,7316.119706314428,7.360653230650842
numerical_gravity_20x20,2026-06-17T06:30:00Z,EarthMJ2000Eq,40560.0,2026-06-17T17:46:00Z,-542.8398250132487,1616.4246353326719,7112.403978696237,5.839455927476026,-4.2674534529526476,1.3775337713039275,7313.945175724579,7.362608491094388
numerical_gravity_20x20,2026-06-17T06:30:00Z,EarthMJ2000Eq,40620.0,2026-06-17T17:47:00Z,-191.69511575627365,1357.5826322519633,7181.990981820034,5.8618081759552165,-4.357999172570381,0.9412668495171187,7311.687362281109,7.364708762864926
numerical_gravity_20x20,2026-06-17T06:30:00Z,EarthMJ2000Eq,40680.0,2026-06-17T17:48:00Z,160.14909022526132,1093.7817649942012,7225.27969755779,5.8627595700667285,-4.432695154107972,0.5011853769224279,7309.355169129121,7.366948003597025
numerical_gravity_20x20,2026-06-17T06:30:00Z,EarthMJ2000Eq,40740.0,2026-06-17T17:49:00Z,511.4071509843303,825.982158513429,7242.08843327084,5.842269343270204,-4.4912457230410485,0.058864662497002895,7306.957552605305,7.369319118652704
numerical_gravity_20x20,2026-06-17T06:30:00Z,EarthMJ2000Eq,40800.0,2026-06-17T17:50:00Z,860.7931910829324,555.1600425066262,7232.330440485207,5.8003705785302335,-4.533409943959328,-0.3841065967598339,7304.503486957868,7.371814053945128
numerical_gravity_20x20,2026-06-17T06:30:00Z,EarthMJ2000Eq,40860.0,2026-06-17T17:51:00Z,1207.0255482729176,282.3044298544484,7196.014572414738,5.737170694415862,-4.559002834515845,-0.8261312008553898,7302.001930409512,7.374423854309872
numerical_gravity_20x20,2026-06-17T06:30:00Z,EarthMJ2000Eq,40920.0,2026-06-17T17:52:00Z,1548.8312426417417,8.413727285731587,7133.245644903982,5.652851712553101,-4.567896409559684,-1.2656084282691087,7299.461791086493,7.377138658469731
numerical_gravity_20x20,2026-06-17T06:30:00Z,EarthMJ2000Eq,40980.0,2026-06-17T17:53:00Z,1884.9504566899532,-265.50771228323725,7044.224497512046,5.547670366992151,-4.56002059249321,-1.7009390506454896,7296.891895924345,7.37994769349863
numerical_gravity_20x20,2026-06-17T06:30:00Z,EarthMJ2000Eq,41040.0,2026-06-17T17:54:00Z,2214.141018439232,-538.453089564023,6929.247751243246,5.421958094282064,-4.535364045715905,-2.1305304486782806,7294.300965637883,7.382839331589752
numerical_gravity_20x20,2026-06-17T06:30:00Z,EarthMJ2000Eq,41100.0,2026-06-17T17:55:00Z,2535.182879086117,-809.4167055813001,6788.707253819974,5.276120845640261,-4.493974889959831,-2.552801918389991,7291.697594645117,7.385801183617441
numerical_gravity_20x20,2026-06-17T06:30:00Z,EarthMJ2000Eq,41160.0,2026-06-17T17:56:00Z,2846.8825718378635,-1077.3975460907939,6623.089201404745,5.110638639372877,-4.435961231492893,-2.9661901322365383,7289.090232664209,7.388820152780578
numerical_gravity_20x20,2026-06-17T06:30:00Z,EarthMJ2000Eq,41220.0,2026-06-17T17:57:00Z,3148.077636071881,-1341.402891229507,6432.972931028289,4.926064863321128,-4.361491483392202,-3.3691546382056665,7286.487168085695,7.3918824377483485
numerical_gravity_20x20,2026-06-17T06:30:00Z,EarthMJ2000Eq,41280.0,2026-06-17T17:58:00Z,3437.640994069419,-1600.4519401710495,6219.029382739404,4.723025401462004,-4.270794560169645,-3.760183383182836,7283.896517680624,7.394973576233676
numerical_gravity_20x20,2026-06-17T06:30:00Z,EarthMJ2000Eq,41340.0,2026-06-17T17:59:00Z,3714.4852702018793,-1853.5794451972986,5982.019226279783,4.502217574060192,-4.164159994600455,-4.137798400558216,7281.326225749374,7.398078611941714
numerical_gravity_20x20,2026-06-17T06:30:00Z,EarthMJ2000Eq,41400.0,2026-06-17T18:00:00Z,3977.5670373906937,-2099.839348514888,5722.790638456664,4.264408742557366,-4.041937886546911,-4.5005617678349905,7278.784068655674,7.401182339896851
numerical_gravity_20x20,2026-06-17T06:30:00Z,EarthMJ2000Eq,41460.0,2026-06-17T18:01:00Z,4225.890965927204,-2338.3084068575417,5442.276717194793,4.010434438103483,-3.9045385241775237,-4.847081723139981,7276.277656055076,7.404269491307731
numerical_gravity_20x20,2026-06-17T06:30:00Z,EarthMJ2000Eq,41520.0,2026-06-17T18:02:00Z,4458.513845955801,-2568.089781629498,5141.492529950895,3.7411960416788643,-3.7524316184225563,-5.176018699696532,7273.814424126469,7.407324783808194
numerical_gravity_20x20,2026-06-17T06:30:00Z,EarthMJ2000Eq,41580.0,2026-06-17T18:03:00Z,4674.548460977131,-2788.316573484447,4821.531806037327,3.457658161060383,-3.5861452372020084,-5.486091160840074,7271.401624489002,7.410332910612162
numerical_gravity_20x20,2026-06-17T06:30:00Z,EarthMJ2000Eq,41640.0,2026-06-17T18:04:00Z,4873.167296843034,-2998.155286585373,4483.563283050058,3.160845765679439,-3.406264534887451,-5.776081316642577,7269.04631561905,7.41327858727251
numerical_gravity_20x20,2026-06-17T06:30:00Z,EarthMJ2000Eq,41700.0,2026-06-17T18:05:00Z,5053.606069508356,-3196.80921028628,4128.826711429866,2.8518409894008774,-3.2134302578488416,-6.0448408035448455,7266.755358876453,7.416146667312219
numerical_gravity_20x20,2026-06-17T06:30:00Z,EarthMJ2000Eq,41760.0,2026-06-17T18:06:00Z,5215.167048694577,-3383.5217024327417,3758.628521164893,2.5317795240127885,-3.0083369504879607,-6.2912962404545905,7264.535416441801,7.418922236486893
numerical_gravity_20x20,2026-06-17T06:30:00Z,EarthMJ2000Eq,41820.0,2026-06-17T18:07:00Z,5357.222154520348,-3557.579355819341,3374.3371624772676,2.2018466817389153,-2.7917308638953076,-6.514454527859428,7262.392950805591,7.421590653078255
numerical_gravity_20x20,2026-06-17T06:30:00Z,EarthMJ2000Eq,41880.0,2026-06-17T18:08:00Z,5479.215811166091,-3718.315031984396,2977.3781357502107,1.863273242296837,-2.564407633348198,-6.713407932202782,7260.334230988061,7.4241376434975335
numerical_gravity_20x20,2026-06-17T06:30:00Z,EarthMJ2000Eq,41940.0,2026-06-17T18:09:00Z,5580.66754364873,-3865.1107484689232,2569.2287185781456,1.5173310099842692,-2.327209697346607,-6.887339118118995,7258.365348963294,7.426549568760456
numerical_gravity_20x20,2026-06-17T06:30:00Z,EarthMJ2000Eq,42000.0,2026-06-17T18:10:00Z,5661.174293319631,-3997.4003993267547,2151.4123924523137,1.165327842546277,-2.0810232871073016,-7.035526091384213,7256.492238973188,7.428813787183285
numerical_gravity_20x20,2026-06-17T06:30:00Z,EarthMJ2000Eq,42060.0,2026-06-17T18:11:00Z,5720.412416236934,-4114.672278424151,1725.4929842813895,0.8086020668654008,-1.826774860022505,-7.157346683791274,7254.72068445603,7.430918869408224
numerical_gravity_20x20,2026-06-17T06:30:00Z,EarthMJ2000Eq,42120.0,2026-06-17T18:12:00Z,5758.139334120977,-4216.471374525074,1293.0685628239482,0.44851655130616436,-1.5654271024889745,-7.252282199992821,7253.056304173029,7.432854513464885
numerical_gravity_20x20,2026-06-17T06:30:00Z,EarthMJ2000Eq,42180.0,2026-06-17T18:13:00Z,5774.194829602364,-4302.4014212781885,855.7651420731693,0.08645282775321737,-1.2979748075458106,-7.319920250777379,7251.504526538666,7.434611299199904
numerical_gravity_20x20,2026-06-17T06:30:00Z,EarthMJ2000Eq,42240.0,2026-06-17T18:14:00Z,5768.501993794575,-4372.1267013806655,415.23022949249423,-0.2761946414177394,-1.0254408085732802,-7.359957163965903,7250.070571299439,7.436180591355236
numerical_gravity_20x20,2026-06-17T06:30:00Z,EarthMJ2000Eq,42300.0,2026-06-17T18:15:00Z,5741.067827558033,-4425.373606138737,-26.873765704578638,-0.6380243378349586,-0.7488718521459259,-7.372200249602901,7248.75944929989,7.437554747822115
numerical_gravity_20x20,2026-06-17T06:30:00Z,EarthMJ2000Eq,42360.0,2026-06-17T18:16:00Z,5691.983477882617,-4461.931939153111,-468.8762524947661,-0.9976340012785396,-0.469334160377488,-7.356569745569421,7247.575972853053,7.438727483651461
numerical_gravity_20x20,2026-06-17T06:30:00Z,EarthMJ2000Eq,42420.0,2026-06-17T18:17:00Z,5621.4240826355135,-4481.655941459888,-909.1052745444774,-1.3536273274660178,-0.1879085902027494,-7.313100026700074,7246.524759818449,7.439694118742746
numerical_gravity_20x20,2026-06-17T06:30:00Z,EarthMJ2000Eq,42480.0,2026-06-17T18:18:00Z,5529.648210323321,-4484.4650172096535,-1345.8943709273337,-1.7046207082924802,0.09431447358382608,-7.241939866082352,7245.610221244514,7.44045159940039
numerical_gravity_20x20,2026-06-17T06:30:00Z,EarthMJ2000Eq,42540.0,2026-06-17T18:19:00Z,5416.9969014177,-4470.3441499497085,-1777.5894266228793,-2.0492497509525047,0.3762402984793641,-7.143351869453906,7244.836534981311,7.44099840309144
numerical_gravity_20x20,2026-06-17T06:30:00Z,EarthMJ2000Eq,42600.0,2026-06-17T18:20:00Z,5283.892325799061,-4439.3440086335795,-2202.555469226841,-2.3861755700035285,0.6567749583181268,-7.017711266974315,7244.207612475649,7.441334465226898
numerical_gravity_20x20,2026-06-17T06:30:00Z,EarthMJ2000Eq,42660.0,2026-06-17T18:21:00Z,5130.836067142725,-4391.580746117605,-2619.1833747743467,-2.7140909386459167,0.9348304226436696,-6.865504082330405,7243.7270619659475,7.441461136553457
numerical_gravity_20x20,2026-06-17T06:30:00Z,EarthMJ2000Eq,42720.0,2026-06-17T18:22:00Z,4958.4070428223695,-4327.235495658612,-3025.8964435476905,-3.031726270186416,1.2093295222916454,-6.687324627091367,7243.398147573615,7.4413811042660125
numerical_gravity_20x20,2026-06-17T06:30:00Z,EarthMJ2000Eq,42780.0,2026-06-17T18:23:00Z,4767.259072972144,-4246.553574546335,-3421.1568063913587,-3.3378553132757136,1.479210744117049,-6.483872376734602,7243.22374528396,7.44109827348465
numerical_gravity_20x20,2026-06-17T06:30:00Z,EarthMJ2000Eq,42840.0,2026-06-17T18:24:00Z,4558.118118162914,-4149.843404510747,-3803.4716282120457,-3.631300500701872,1.7434328887292079,-6.255948349560627,7243.206298850003,7.440617670346372
numerical_gravity_20x20,2026-06-17T06:30:00Z,EarthMJ2000Eq,42900.0,2026-06-17T18:25:00Z,4331.7792065647445,-4037.475155237972,-4171.399080153844,-3.9109379489626392,2.000979644894205,-6.0044510090601575,7243.347776373775,7.439945369431189
numerical_gravity_20x20,2026-06-17T06:30:00Z,EarthMJ2000Eq,42960.0,2026-06-17T18:26:00Z,4089.1030727961306,-3909.879117120305,-4523.554050194858,-4.175702053002573,2.250864017221855,-5.730371639161906,7243.649625394544,7.43908835694167
numerical_gravity_20x20,2026-06-17T06:30:00Z,EarthMJ2000Eq,43020.0,2026-06-17T18:27:00Z,3831.012535664257,-3767.5438169749896,-4858.6135620299865,-4.4245895857169,2.4921324387211645,-5.434789277947195,7244.112727338309,7.438054287906922
numerical_gravity_20x20,2026-06-17T06:30:00Z,EarthMJ2000Eq,43080.0,2026-06-17T18:28:00Z,3558.4886443377977,-3611.013898939726,-5175.321882957488,-4.656663340981994,2.7238684906799997,-5.1188654611573545,7244.737359106649,7.436851258106122
numerical_gravity_20x20,2026-06-17T06:30:00Z,EarthMJ2000Eq,43140.0,2026-06-17T18:29:00Z,3272.566614663152,-3440.8877910095675,-5472.495315078594,-4.871055524399605,2.9451963637346696,-4.783838921481147,7245.523170295138,7.435487769435018
numerical_gravity_20x20,2026-06-17T06:30:00Z,EarthMJ2000Eq,43200.0,2026-06-17T18:30:00Z,2974.3315653662944,-3257.815166551557,-5749.026663557379,-5.066971036954011,3.15528425264802,-4.431020074017805,7246.46917460092,7.433972901530388
numerical_gravity_20x20,2026-06-17T06:30:00Z,EarthMJ2000Eq,43260.0,2026-06-17T18:31:00Z,2664.9140630315596,-3062.4942034811493,-6003.889359915963,-5.243690520534759,3.353347683241138,-4.061784995394552,7247.573742695629,7.432316483348723
numerical_gravity_20x20,2026-06-17T06:30:00Z,EarthMJ2000Eq,43320.0,2026-06-17T18:32:00Z,2345.485499140283,-2855.668651096943,-6236.1412071633,-5.40057286311158,3.538652553470701,-3.677568868433566,7248.834584070416,7.430529047519676
numerical_gravity_20x20,2026-06-17T06:30:00Z,EarthMJ2000Eq,43380.0,2026-06-17T18:33:00Z,2017.2533375774394,-2638.1247283666626,-6444.927723038568,-5.537057011294853,3.710517694211238,-3.279859208750392,7250.248717497772,7.428621563561366
numerical_gravity_20x20,2026-06-17T06:30:00Z,EarthMJ2000Eq,43440.0,2026-06-17T18:34:00Z,1681.456271370689,-2410.6878829862517,-6629.485079310159,-5.652663221797732,3.868316970331486,-2.8701892107746847,7251.81244093534,7.426605132068534
numerical_gravity_20x20,2026-06-17T06:30:00Z,EarthMJ2000Eq,43500.0,2026-06-17T18:35:00Z,1339.3593154588891,-2174.2194342745206,-6789.142647817452,-5.746993970866451,4.011481077041362,-2.450131280939155,7253.521311521548,7.4244907856682545
numerical_gravity_20x20,2026-06-17T06:30:00Z,EarthMJ2000Eq,43560.0,2026-06-17T18:36:00Z,992.2488527506628,-1929.6131148770853,-6923.325161201533,-5.819734600868599,4.139499119723405,-2.0212906410917046,7255.370138498579,7.42228938013757
numerical_gravity_20x20,2026-06-17T06:30:00Z,EarthMJ2000Eq,43620.0,2026-06-17T18:37:00Z,641.4276500219095,-1677.791524634269,-7031.554490426353,-5.870653675304543,4.251919954897014,-1.5852989565733147,7257.3529872938,7.420011499986412
numerical_gravity_20x20,2026-06-17T06:30:00Z,EarthMJ2000Eq,43680.0,2026-06-17T18:38:00Z,288.2098607355097,-1419.7025116292566,-7113.45104218394,-5.899603074041676,4.348353281799227,-1.1438080462444185,7259.463194679025,7.417667392194771
numerical_gravity_20x20,2026-06-17T06:30:00Z,EarthMJ2000Eq,43740.0,2026-06-17T18:39:00Z,-66.08397243973279,-1156.3154937577638,-7168.7347812234175,-5.9065179189070385,4.428470545848634,-0.6984836528320386,7261.693395898786,7.415267002279313
numerical_gravity_20x20,2026-06-17T06:30:00Z,EarthMJ2000Eq,43800.0,2026-06-17T18:40:00Z,-420.13190542645236,-888.6177305659644,-7197.225877248245,-5.891416304932758,4.49200569023161,-0.2509991350144079,7264.0355600151925,7.412820095272696
numerical_gravity_20x20,2026-06-17T06:30:00Z,EarthMJ2000Eq,43860.0,2026-06-17T18:41:00Z,-772.6155542024059,-617.6105560885106,-7198.844969360505,-5.854398657454024,4.5387556861299485,0.19697095954263436,7266.481024985513,7.410336320146311
numerical_gravity_20x20,2026-06-17T06:30:00Z,EarthMJ2000Eq,43920.0,2026-06-17T18:42:00Z,-1122.2250028525214,-344.3055889786055,-7173.613045768954,-5.7956465927856655,4.568580751033537,0.6437572456209645,7269.020527282598,7.407825112573308
numerical_gravity_20x20,2026-06-17T06:30:00Z,EarthMJ2000Eq,43980.0,2026-06-17T18:43:00Z,-1467.6636307844126,-69.72093875854196,-7121.650950996986,-5.7154214010550195,4.581404273499795,1.0877015410205526,7271.644230176895,7.4052955073527205
numerical_gravity_20x20,2026-06-17T06:30:00Z,EarthMJ2000Eq,44040.0,2026-06-17T18:44:00Z,-1807.6528436302233,205.12257712482682,-7043.178540621027,-5.614062385415253,4.577212543407108,1.527162599571862,7274.34175921061,7.402756023292194
numerical_gravity_20x20,2026-06-17T06:30:00Z,EarthMJ2000Eq,44100.0,2026-06-17T18:45:00Z,-2140.936702642517,479.20519536943215,-6938.51349633218,-5.491985129678176,4.556054320820798,1.9605217327211544,7277.102247651512,7.4002146660315224
numerical_gravity_20x20,2026-06-17T06:30:00Z,EarthMJ2000Eq,44160.0,2026-06-17T18:46:00Z,-2466.286444871118,751.5119366504156,-6808.069804603861,-5.34967956263882,4.5180401808998365,2.3861883885746447,7279.914387095629,7.397678928211833
numerical_gravity_20x20,2026-06-17T06:30:00Z,EarthMJ2000Eq,44220.0,2026-06-17T18:47:00Z,-2782.504878464884,1021.0362888452753,-6652.355906081578,-5.18770773555305,4.463341627517259,2.8026055093221913,7282.76648005401,7.395155689661204
numerical_gravity_20x20,2026-06-17T06:30:00Z,EarthMJ2000Eq,44280.0,2026-06-17T18:48:00Z,-3088.430639000232,1286.7838335435456,-6471.97253440031,-5.006701448153307,4.392190121969739,3.208254527314004,7285.646500635093,7.392651119219665
numerical_gravity_20x20,2026-06-17T06:30:00Z,EarthMJ2000Eq,44340.0,2026-06-17T18:49:00Z,-3382.9423035568134,1547.7758159234206,-6267.610262001246,-4.807359893605859,4.304876177560987,3.6016601958245476,7288.542172608663,7.390170784019078
numerical_gravity_20x20,2026-06-17T06:30:00Z,EarthMJ2000Eq,44400.0,2026-06-17T18:50:00Z,-3664.962362564949,1803.052661012049,-6040.046751519287,-4.590447229396671,4.201748440274834,3.981395622393445,7291.441063187645,7.387720001681253
numerical_gravity_20x20,2026-06-17T06:30:00Z,EarthMJ2000Eq,44460.0,2026-06-17T18:51:00Z,-3933.4610355180707,2051.6774270563897,-5790.143696212019,-4.356789745513046,4.083212457964168,4.346087566881763,7294.330675628532,7.38530419160143
numerical_gravity_20x20,2026-06-17T06:30:00Z,EarthMJ2000Eq,44520.0,2026-06-17T18:52:00Z,-4187.459899032213,2292.739169607674,-5518.843444255596,-4.107272442014838,3.9497289237358353,4.694421586108836,7297.198521902713,7.382928925030673
numerical_gravity_20x20,2026-06-17T06:30:00Z,EarthMJ2000Eq,44580.0,2026-06-17T18:53:00Z,-4426.035296376461,2525.356186430017,-5227.16533217921,-3.8428352338771794,3.8018115056101442,5.025146527339344,7300.032172740529,7.380599635541018
numerical_gravity_20x20,2026-06-17T06:30:00Z,EarthMJ2000Eq,44640.0,2026-06-17T18:54:00Z,-4648.32151902902,2748.6791278832648,-4916.201771111364,-3.5644692118153594,3.6400245861908473,5.337078312996415,7302.819301243039,7.378321263614788
numerical_gravity_20x20,2026-06-17T06:30:00Z,EarthMJ2000Eq,44700.0,2026-06-17T18:55:00Z,-4853.513771693237,2961.8939746711553,-4587.114117525007,-3.2732131618856637,3.4649811100810313,5.629103424125698,7305.547739656926,7.376098145758609
numerical_gravity_20x20,2026-06-17T06:30:00Z,EarthMJ2000Eq,44760.0,2026-06-17T18:56:00Z,-5040.870932082872,3164.224887935112,-4241.128333182245,-2.9701501480008257,3.2773404470295477,5.900182481696309,7308.205554981826,7.3739342026303145
numerical_gravity_20x20,2026-06-17T06:30:00Z,EarthMJ2000Eq,44820.0,2026-06-17T18:57:00Z,-5209.718098823565,3354.936926143567,-3879.530426314813,-2.6564038200582427,3.0778060590321834,6.149353920603583,7310.781133115248,7.371833220649929
numerical_gravity_20x20,2026-06-17T06:30:00Z,EarthMJ2000Eq,44880.0,2026-06-17T18:58:00Z,-5359.448905595058,3533.338613704076,-3503.661677191097,-2.333134318553491,2.867122895744557,6.375737446530404,7313.263257875642,7.369799009118549
numerical_gravity_20x20,2026-06-17T06:30:00Z,EarthMJ2000Eq,44940.0,2026-06-17T18:59:00Z,-5489.527580513856,3698.784347353092,-3114.9136691850404,-2.001533913221409,2.6460746136375457,6.578537046809693,7315.641179823021,7.367835404171302
numerical_gravity_20x20,2026-06-17T06:30:00Z,EarthMJ2000Eq,45000.0,2026-06-17T19:00:00Z,-5599.49074077949,3850.67663302476,-2714.7231521966455,-1.6628225621255526,2.4154807121433564,6.757043590397543,7317.904678340012,7.3659462410733685
numerical_gravity_20x20,2026-06-17T06:30:00Z,EarthMJ2000Eq,45060.0,2026-06-17T19:01:00Z,-5688.948920162941,3988.4681479486094,-2304.5667588722677,-1.318243443750977,2.1761935585665535,6.910637150847738,7320.044120736073,7.3641353879471785
numerical_gravity_20x20,2026-06-17T06:30:00Z,EarthMJ2000Eq,45120.0,2026-06-17T19:02:00Z,-5757.587826449168,4111.663618917436,-1885.9555890283004,-0.9690584146588473,1.9290952276300384,7.038789064856122,7322.050517320402,7.362406814882225
numerical_gravity_20x20,2026-06-17T06:30:00Z,EarthMJ2000Eq,45180.0,2026-06-17T19:03:00Z,-5805.169323482243,4219.82150538439,-1460.4296810676667,-0.6165433758399567,1.6750941682034752,7.1410636218447765,7323.915569212091,7.36076462453978
numerical_gravity_20x20,2026-06-17T06:30:00Z,EarthMJ2000Eq,45240.0,2026-06-17T19:04:00Z,-5831.532133647532,4312.555479799589,-1029.552394962539,-0.26198359878148736,1.4151217954502024,7.217119321701719,7325.631708329754,7.359213028963693
numerical_gravity_20x20,2026-06-17T06:30:00Z,EarthMJ2000Eq,45300.0,2026-06-17T19:05:00Z,-5836.592260142475,4389.5357031268,-594.9047317187409,0.09333093565746198,1.1501290739901795,7.266709748078631,7327.192132051766,7.357756323310062
numerical_gravity_20x20,2026-06-17T06:30:00Z,EarthMJ2000Eq,45360.0,2026-06-17T19:06:00Z,-5820.3431302740855,4450.489894487988,-158.07961010587107,0.44811017682421506,0.8810830613683192,7.2896841263518155,7328.590834410095,7.356398898482139
numerical_gravity_20x20,2026-06-17T06:30:00Z,EarthMJ2000Eq,45420.0,2026-06-17T19:07:00Z,-5782.855460757669,4495.204190667417,279.3238807354315,0.8010686319763927,0.6089633542611143,7.285987562262904,7329.822632653385,7.3551452791511345
numerical_gravity_20x20,2026-06-17T06:30:00Z,EarthMJ2000Eq,45480.0,2026-06-17T19:08:00Z,-5724.2768458622195,4523.523789563514,715.7062319500073,1.150929973756608,0.33475845045083436,7.255660901711357,7330.883186443052,7.354000145856844
numerical_gravity_20x20,2026-06-17T06:30:00Z,EarthMJ2000Eq,45540.0,2026-06-17T19:09:00Z,-5644.831070313197,4535.353374879249,1149.4732446898379,1.4964316028306963,0.05946211086047704,7.1988401702416365,7331.769008067536,7.35296831771109
numerical_gravity_20x20,2026-06-17T06:30:00Z,EarthMJ2000Eq,45600.0,2026-06-17T19:10:00Z,-5544.817150561252,4530.65732459474,1579.0417136076699,1.836329133013173,-0.21593020137937097,7.115755596292129,7332.477463952769,7.352054695306843
numerical_gravity_20x20,2026-06-17T06:30:00Z,EarthMJ2000Eq,45660.0,2026-06-17T19:11:00Z,-5424.608110553231,4509.45970871517,2002.8450400435268,2.16940074472117,-0.4904247853960326,7.006730251966833,7333.006768852212,7.3512641691857805
numerical_gravity_20x20,2026-06-17T06:30:00Z,EarthMJ2000Eq,45720.0,2026-06-17T19:12:00Z,-5284.649502016526,4471.8440816059565,2419.338753632618,2.49445133751076,-0.7630330893118865,6.872178372670354,7333.355974871693,7.350601509835247
numerical_gravity_20x20,2026-06-17T06:30:00Z,EarthMJ2000Eq,45780.0,2026-06-17T19:13:00Z,-5125.45768248969,4417.953072867536,2827.005925622864,2.8103164554132958,-1.0327750424909141,6.712603442336794,7333.524958201144,7.3500712814251425
numerical_gravity_20x20,2026-06-17T06:30:00Z,EarthMJ2000Eq,45840.0,2026-06-17T19:14:00Z,-4947.617863327514,4347.987779352892,3224.362461901848,3.1158660448349327,-1.2986823556519325,6.5285961009034175,7333.5144055658175,7.349677824161291
numerical_gravity_20x20,2026-06-17T06:30:00Z,EarthMJ2000Eq,45900.0,2026-06-17T19:15:00Z,-4751.781934973545,4262.206959698884,3609.9622643345824,3.410008130750786,-1.559801803986846,6.320831831188911,7333.325799033219,7.349425294380374
numerical_gravity_20x20,2026-06-17T06:30:00Z,EarthMJ2000Eq,45960.0,2026-06-17T19:16:00Z,-4538.666073956215,4160.926032865757,3982.402243913525,3.6916924034200624,-1.8151984676982342,6.090068315701673,7332.961394565538,7.349317680473258
numerical_gravity_20x20,2026-06-17T06:30:00Z,EarthMJ2000Eq,46020.0,2026-06-17T19:17:00Z,-4309.048140316744,4044.51588545698,4340.327164207034,3.9599135928663682,-2.0639588494684777,5.837142431743484,7332.424190923117,7.34935871785609
numerical_gravity_20x20,2026-06-17T06:30:00Z,EarthMJ2000Eq,46080.0,2026-06-17T19:18:00Z,-4063.764881801673,3913.401497763527,4682.434296683419,4.213714530084785,-2.305193792236197,5.562967018614676,7331.717891464424,7.349551728575465
numerical_gravity_20x20,2026-06-17T06:30:00Z,EarthMJ2000Eq,46140.0,2026-06-17T19:19:00Z,-3803.708962686284,3768.0604006947433,5007.477880098778,4.4521889562037416,-2.538041210215078,5.268527602325955,7330.846866207366,7.349899508358129
numerical_gravity_20x20,2026-06-17T06:30:00Z,EarthMJ2000Eq,46200.0,2026-06-17T19:20:00Z,-3529.8258272104185,3609.0209719701775,5314.273383349224,4.674484254384097,-2.761668735333639,4.954879103965114,7329.8161190807705,7.350404355075596
numerical_gravity_20x20,2026-06-17T06:30:00Z,EarthMJ2000Eq,46260.0,2026-06-17T19:21:00Z,-3243.110398834577,3436.860573811717,5601.701566121548,4.879804186705076,-2.9752763583268496,4.62314235260264,7328.63125684046,7.351068189143081
numerical_gravity_20x20,2026-06-17T06:30:00Z,EarthMJ2000Eq,46320.0,2026-06-17T19:22:00Z,-2944.6036179145585,3252.2035331582447,5868.712319525374,5.067411507671505,-3.1780990181281354,4.274500223262004,7327.298450115934,7.351892607742276
numerical_gravity_20x20,2026-06-17T06:30:00Z,EarthMJ2000Eq,46380.0,2026-06-17T19:23:00Z,-2635.3888317761543,3055.7189714658434,6114.328264284781,5.2366302413361225,-3.3694090033527146,3.910193448337362,7325.824380276837,7.352878764114826
numerical_gravity_20x20,2026-06-17T06:30:00Z,EarthMJ2000Eq,46440.0,2026-06-17T19:24:00Z,-2316.5880605543025,2848.1184984823585,6337.648094023704,5.386847553498402,-3.5485180823844686,3.531516356898363,7324.216175631523,7.3540271229226475
numerical_gravity_20x20,2026-06-17T06:30:00Z,EarthMJ2000Eq,46500.0,2026-06-17T19:25:00Z,-1989.3581596804993,2630.1537852355386,6537.849666559772,5.517515358638925,-3.7147794197274666,3.1398127540660483,7322.48134746767,7.355337245880911
numerical_gravity_20x20,2026-06-17T06:30:00Z,EarthMJ2000Eq,46560.0,2026-06-17T19:26:00Z,-1654.8868890640629,2402.614024977836,6714.192852357337,5.628151845865339,-3.867589416965812,2.7364719256383156,7320.627734509021,7.3568077111033725
numerical_gravity_20x20,2026-06-17T06:30:00Z,EarthMJ2000Eq,46620.0,2026-06-17T19:27:00Z,-1314.3888915018895,2166.323283438923,6866.022142817937,5.718342972622447,-4.0063895673052645,2.32292459808528,7318.663456679735,7.358436138605992
numerical_gravity_20x20,2026-06-17T06:30:00Z,EarthMJ2000Eq,46680.0,2026-06-17T19:28:00Z,-969.1015843098038,1922.1377376193245,6992.769011446596,5.787743847315798,-4.130668306143632,1.9006387326519674,7316.596873584051,7.360219228363939
numerical_gravity_20x20,2026-06-17T06:30:00Z,EarthMJ2000Eq,46740.0,2026-06-17T19:29:00Z,-620.2809730886944,1670.9428054965092,7093.95401774899,5.836079940194635,-4.239962784384296,1.4711151654319206,7314.436543627502,7.362152763374978
numerical_gravity_20x20,2026-06-17T06:30:00Z,EarthMJ2000Eq,46800.0,2026-06-17T19:30:00Z,-269.1973973201456,1413.6501731366359,7169.1886463966675,5.86314815581007,-4.333860509353274,1.0358831490761142,7312.191183110303,7.364231603504244
numerical_gravity_20x20,2026-06-17T06:30:00Z,EarthMJ2000Eq,46860.0,2026-06-17T19:31:00Z,82.86878569336655,1151.1947277615693,7218.176876165143,5.8688178197502685,-4.412000839053708,0.5964957990788947,7309.869626229562,7.3664497041348005
numerical_gravity_20x20,2026-06-17T06:30:00Z,EarthMJ2000Eq,46920.0,2026-06-17T19:32:00Z,434.6315731683401,884.5314053073001,7240.716472040071,5.853031556959151,-4.474076341568369,0.15452541690519528,7307.480786142521,7.368800148016717
numerical_gravity_20x20,2026-06-17T06:30:00Z,EarthMJ2000Eq,46980.0,2026-06-17T19:33:00Z,784.803736680428,614.6319598250941,7236.699993136786,5.815805984612954,-4.519834046221813,-0.2884413001830846,7305.033616747562,7.371275156965518
numerical_gravity_20x20,2026-06-17T06:30:00Z,EarthMJ2000Eq,47040.0,2026-06-17T19:34:00Z,1132.1012768917544,342.4816602857348,7206.1155107993345,5.757232182815231,-4.5490766160887395,-0.730808124749123,7302.537075821989,7.373866081038368
numerical_gravity_20x20,2026-06-17T06:30:00Z,EarthMJ2000Eq,47100.0,2026-06-17T19:35:00Z,1475.2479006045796,69.07591921170976,7149.0470326492405,5.677475976906082,-4.561663444411597,-1.1709742402937742,7300.000090813977,7.3765633949596285
numerical_gravity_20x20,2026-06-17T06:30:00Z,EarthMJ2000Eq,47160.0,2026-06-17T19:36:00Z,1812.9795102010382,-204.5831412199357,7065.674626838505,5.576778070892419,-4.557511632896115,-1.6073393005065908,7297.431527491687,7.379356717419412
numerical_gravity_20x20,2026-06-17T06:30:00Z,EarthMJ2000Eq,47220.0,2026-06-17T19:37:00Z,2144.0486964549978,-477.49017691900787,6956.274238673466,5.455454020432394,-4.536596803302112,-2.038308621038311,7294.840160377514,7.382234835019949
numerical_gravity_20x20,2026-06-17T06:30:00Z,EarthMJ2000Eq,47280.0,2026-06-17T19:38:00Z,2467.2292239165567,-748.6401532986072,6821.217192810626,5.313894006828482,-4.498953748734038,-2.4622984587710883,7292.234644741908,7.385185715276372
numerical_gravity_20x20,2026-06-17T06:30:00Z,EarthMJ2000Eq,47340.0,2026-06-17T19:39:00Z,2781.320496318173,-1017.0319123929007,6660.969377173643,5.152562397620646,-4.444676982373665,-2.8777413410457484,7289.62349217778,7.388196529937484
numerical_gravity_20x20,2026-06-17T06:30:00Z,EarthMJ2000Eq,47400.0,2026-06-17T19:40:00Z,3085.1519894225626,-1281.6717706695497,6476.09010490636,4.971997101726255,-4.37392120862527,-3.283091479892815,7287.015052299212,7.3912537220813235
numerical_gravity_20x20,2026-06-17T06:30:00Z,EarthMJ2000Eq,47460.0,2026-06-17T19:41:00Z,3377.5876388831925,-1541.577141312246,6267.230647210334,4.772808710775491,-4.286901650283819,-3.676830336036339,7284.417500822247,7.394343112735413
numerical_gravity_20x20,2026-06-17T06:30:00Z,EarthMJ2000Eq,47520.0,2026-06-17T19:42:00Z,3657.5301693970114,-1795.7801692069256,6035.1324275763045,4.555679395091793,-4.183894131782827,-4.057472334578236,7281.838831953729,7.3974500067725
numerical_gravity_20x20,2026-06-17T06:30:00Z,EarthMJ2000Eq,47580.0,2026-06-17T19:43:00Z,3923.925349519362,-2043.331362706826,5780.624870109413,4.321361526269166,-4.065234893692119,-4.423570667530208,7279.286853487053,7.4005592783414
numerical_gravity_20x20,2026-06-17T06:30:00Z,EarthMJ2000Eq,47640.0,2026-06-17T19:44:00Z,4175.766155107334,-2283.3032076941654,5504.622898372115,4.070676004164628,-3.9313202009796937,-4.773723139044801,7276.769185132161,7.403655466171051
numerical_gravity_20x20,2026-06-17T06:30:00Z,EarthMJ2000Eq,47700.0,2026-06-17T19:45:00Z,4412.096822508488,-2514.7937532764936,5208.124081919489,3.804510245190798,-3.7826057887905313,-5.10657806844642,7274.293260886428,7.406722914237534
numerical_gravity_20x20,2026-06-17T06:30:00Z,EarthMJ2000Eq,47760.0,2026-06-17T19:46:00Z,4632.016769418561,-2736.9301581895984,4892.2054266639,3.5238157750898846,-3.619606090359072,-5.42084025412323,7271.866334006849,7.409745942126465
numerical_gravity_20x20,2026-06-17T06:30:00Z,EarthMJ2000Eq,47820.0,2026-06-17T19:47:00Z,4834.684358841723,-2948.872181743216,4558.01980721845,3.2296054089243733,-3.4428931463002868,-5.715276926725987,7269.4954815917945,7.412708996268604
numerical_gravity_20x20,2026-06-17T06:30:00Z,EarthMJ2000Eq,47880.0,2026-06-17T19:48:00Z,5019.320482366318,-3149.815598495908,4206.792044825306,2.9229500565708912,-3.2530951532392884,-5.9887235977092885,7267.187607158334,7.4155967689051705
numerical_gravity_20x20,2026-06-17T06:30:00Z,EarthMJ2000Eq,47940.0,2026-06-17T19:49:00Z,5185.211941395902,-3338.995515543993,3839.8146385991017,2.604975182009844,-3.050894673642537,-6.240089765405321,7264.949441587154,7.418394320125067
numerical_gravity_20x20,2026-06-17T06:30:00Z,EarthMJ2000Eq,48000.0,2026-06-17T19:50:00Z,5331.714604825899,-3515.6895724815536,3458.4431590516197,2.2768568832372305,-2.8370265113407576,-6.4683644579725295,7262.787542105322,7.421087215088994
numerical_gravity_20x20,2026-06-17T06:30:00Z,EarthMJ2000Eq,48060.0,2026-06-17T19:51:00Z,5458.256319169499,-3679.2210030955694,3064.091316278347,1.9398175623181775,-2.6122752237343785,-6.672621509391518,7260.708287065781,7.423661618582091
numerical_gravity_20x20,2026-06-17T06:30:00Z,EarthMJ2000Eq,48120.0,2026-06-17T19:52:00Z,5564.339548097943,-3828.961537300526,2658.2257235760485,1.5951212570418507,-2.3774722981240375,-6.852024414936328,7258.71786599638,7.4261042906693335
numerical_gravity_20x20,2026-06-17T06:30:00Z,EarthMJ2000Eq,48180.0,2026-06-17T19:53:00Z,5649.543725137288,-3964.3341265541594,2242.3603836547777,1.2440687659674912,-2.13349311534679,-7.005830734652391,7256.822270070037,7.428402536904424
numerical_gravity_20x20,2026-06-17T06:30:00Z,EarthMJ2000Eq,48240.0,2026-06-17T19:54:00Z,5713.527308757228,-4084.8154834326947,1818.0509207694975,0.8879925916410737,-1.8812537949372277,-7.133396190241204,7255.02729092847,7.430544252658945
numerical_gravity_20x20,2026-06-17T06:30:00Z,EarthMJ2000Eq,48300.0,2026-06-17T19:55:00Z,5756.029525457019,-4189.938426841963,1386.8885727620436,0.5282515696449095,-1.6217078428498126,-7.234178573706055,7253.338530078257,7.432518125417568
numerical_gravity_20x20,2026-06-17T06:30:00Z,EarthMJ2000Eq,48360.0,2026-06-17T19:56:00Z,5776.871778183145,-4279.294015337348,950.4939566768264,0.16622508348667733,-1.355842411722847,-7.30774134559904,7251.761411750259,7.434313888852437
numerical_gravity_20x20,2026-06-17T06:30:00Z,EarthMJ2000Eq,48420.0,2026-06-17T19:57:00Z,5775.958697685093,-4352.533442005568,510.51063446262856,-0.19669301503023517,-1.0846740995420396,-7.3537566630453295,7250.3011902292965,7.435922478325241
numerical_gravity_20x20,2026-06-17T06:30:00Z,EarthMJ2000Eq,48480.0,2026-06-17T19:58:00Z,5753.278826008785,-4409.369666497641,68.59851705648111,-0.5591005611360544,-0.8092444232429945,-7.372007748676041,7248.962950807025,7.4373360970546525
numerical_gravity_20x20,2026-06-17T06:30:00Z,EarthMJ2000Eq,48540.0,2026-06-17T19:59:00Z,5708.904929384299,-4449.57877032099,-373.5728572300222,-0.9195933018245808,-0.5306151378829682,-7.362390739233897,7247.751610375359,7.4385483572043976
numerical_gravity_20x20,2026-06-17T06:30:00Z,EarthMJ2000Eq,48600.0,2026-06-17T20:00:00Z,5642.993929504852,-4473.001027185117,-814.3311413717016,-1.276771437084303,-0.24986340493446224,-7.324916048777308,7246.671917883095,7.439554566324192
numerical_gravity_20x20,2026-06-17T06:30:00Z,EarthMJ2000Eq,48660.0,2026-06-17T20:01:00Z,5555.786428927968,-4479.541676502482,-1252.0080582616272,-1.6292465903621773,0.031923279159553626,-7.259708929108043,7245.728441870762,7.440351959640762
numerical_gravity_20x20,2026-06-17T06:30:00Z,EarthMJ2000Eq,48720.0,2026-06-17T20:02:00Z,5447.605813381356,-4469.17138657034,-1684.9462785580297,-1.9756488426808272,0.3136523215528403,-7.1670088458949675,7244.925530476621,7.440939586204036
numerical_gravity_20x20,2026-06-17T06:30:00Z,EarthMJ2000Eq,48780.0,2026-06-17T20:03:00Z,5318.856945797635,-4441.926405236603,-2111.5062262654005,-2.3146332187004846,0.5942311604170574,-7.047167763751698,7244.267246792837,7.441317833528109
numerical_gravity_20x20,2026-06-17T06:30:00Z,EarthMJ2000Eq,48840.0,2026-06-17T20:04:00Z,5170.024495139987,-4397.908411948333,-2530.072763551032,-2.6448853927814944,0.8725720836064075,-6.9006479536524195,7243.757303298899,7.441487953513429
numerical_gravity_20x20,2026-06-17T06:30:00Z,EarthMJ2000Eq,48900.0,2026-06-17T20:05:00Z,5001.670937269282,-4337.284087396977,-2939.061743740959,-2.9651270181091944,1.147596871536841,-6.728019826126156,7243.399019316336,7.441451981557691
numerical_gravity_20x20,2026-06-17T06:30:00Z,EarthMJ2000Eq,48960.0,2026-06-17T20:06:00Z,4814.43423270039,-4260.284402006497,-3336.9264323802927,-3.2741212313419474,1.4182415688351848,-6.529959612102501,7243.1953019434395,7.44121304094877
numerical_gravity_20x20,2026-06-17T06:30:00Z,EarthMJ2000Eq,49020.0,2026-06-17T20:07:00Z,4609.025166176855,-4167.20361149985,-3722.163768702608,-3.5706783681638545,1.683461453157429,-6.307246260776197,7243.148627716498,7.44077562268985
numerical_gravity_20x20,2026-06-17T06:30:00Z,EarthMJ2000Eq,49080.0,2026-06-17T20:08:00Z,4386.2243494291115,-4058.3979555418255,-4093.320408076451,-3.853661370792839,1.9422358931276438,-6.06075725125684,7243.2610040123545,7.4401454746501186
numerical_gravity_20x20,2026-06-17T06:30:00Z,EarthMJ2000Eq,49140.0,2026-06-17T20:09:00Z,4146.8789213593955,-3934.2840779685143,-4448.998489226545,-4.121990431115216,2.193572729798829,-5.791463717031788,7243.533913202277,7.439329164704177
numerical_gravity_20x20,2026-06-17T06:30:00Z,EarthMJ2000Eq,49200.0,2026-06-17T20:10:00Z,3891.898991471619,-3795.3372003726004,-4787.861104860931,-4.374646968639771,2.436512145214588,-5.500425518341968,7243.968262202014,7.438333712387126
numerical_gravity_20x20,2026-06-17T06:30:00Z,EarthMJ2000Eq,49260.0,2026-06-17T20:11:00Z,3622.2538531855157,-3642.0890721158166,-5108.637481230937,-4.610677396399916,2.670130303511995,-5.188786442326204,7244.564355486142,7.437166573062243
numerical_gravity_20x20,2026-06-17T06:30:00Z,EarthMJ2000Eq,49320.0,2026-06-17T20:12:00Z,3338.967970504895,-3475.125701721007,-5410.127865092088,-4.82919690916702,2.893543017885605,-4.857769167666258,7245.321888464678,7.435835882413743
numerical_gravity_20x20,2026-06-17T06:30:00Z,EarthMJ2000Eq,49380.0,2026-06-17T20:13:00Z,3043.116741188507,-3295.084867631283,-5691.2080909622355,-5.029393084553045,3.1059094084658074,-4.508669606932376,7246.239943586497,7.43435065604402
numerical_gravity_20x20,2026-06-17T06:30:00Z,EarthMJ2000Eq,49440.0,2026-06-17T20:14:00Z,2735.8220585037516,-3102.6534154537676,-5950.833789519233,-5.210528950232888,3.306435320965084,-4.142850639153121,7247.31697545419,7.432720759672863
numerical_gravity_20x20,2026-06-17T06:30:00Z,EarthMJ2000Eq,49500.0,2026-06-17T20:15:00Z,2418.247708745864,-2898.5643621238437,-6188.044209126265,-5.3719453958059855,3.494376327327173,-3.7617355367426724,7248.550784558947,7.43095670158953
numerical_gravity_20x20,2026-06-17T06:30:00Z,EarthMJ2000Eq,49560.0,2026-06-17T20:16:00Z,2091.594641245319,-2683.5938335374985,-6401.9656405818305,-5.513063036238995,3.66904028182928,-3.366801339261838,7249.938487316768,7.4290693824520115
numerical_gravity_20x20,2026-06-17T06:30:00Z,EarthMJ2000Eq,49620.0,2026-06-17T20:17:00Z,1757.096139908714,-2458.557860790876,-6591.814445161188,-5.633383642248197,3.829789489791805,-2.9595722629791457,7251.47648959675,7.4270698648029985
numerical_gravity_20x20,2026-06-17T06:30:00Z,EarthMJ2000Eq,49680.0,2026-06-17T20:18:00Z,1416.0129208657395,-2224.3090560850032,-6756.899689402404,-5.732491177838147,3.976042563435722,-2.5416131923982617,7253.160468491427,7.424969170980954
numerical_gravity_20x20,2026-06-17T06:30:00Z,EarthMJ2000Eq,49740.0,2026-06-17T20:19:00Z,1069.628178346486,-1981.7331844853882,-6896.625393153617,-5.81005250431662,4.107276052862728,-2.114523300213548,7254.985366483843,7.422778150024522
numerical_gravity_20x20,2026-06-17T06:30:00Z,EarthMJ2000Eq,49800.0,2026-06-17T20:20:00Z,719.2425956064471,-1731.7456426171402,-7010.492397710709,-5.865817857685744,4.223025923715455,-1.6799297429511235,7256.945400126543,7.420507464666387
numerical_gravity_20x20,2026-06-17T06:30:00Z,EarthMJ2000Eq,49860.0,2026-06-17T20:21:00Z,366.1693327710511,-1475.2878534369665,-7098.099854105844,-5.89962113372903,4.32288886475607,-1.2394812779513826,7259.034079656745,7.41816766438763
numerical_gravity_20x20,2026-06-17T06:30:00Z,EarthMJ2000Eq,49920.0,2026-06-17T20:22:00Z,11.729005754427027,-1213.3235901628261,-7159.146323736543,-5.911379875543782,4.406523322859432,-0.7948417295113056,7261.244231444915,7.415769225296906
numerical_gravity_20x20,2026-06-17T06:30:00Z,EarthMJ2000Eq,49980.0,2026-06-17T20:23:00Z,-342.75532184411907,-946.8352483189508,-7193.4304853453805,-5.901094841909914,4.473650195412925,-0.34768343635075016,7263.568017552252,7.413322478892076
numerical_gravity_20x20,2026-06-17T06:30:00Z,EarthMJ2000Eq,50040.0,2026-06-17T20:24:00Z,-695.963108332904,-676.8200855305435,-7200.851453494007,-5.868849170454144,4.524053229434684,0.10031912087915767,7265.9969537307625,7.410837478606089
numerical_gravity_20x20,2026-06-17T06:30:00Z,EarthMJ2000Eq,50100.0,2026-06-17T20:25:00Z,-1046.5812440873842,-404.28644370554423,-7181.408721855254,-5.814807253074927,4.557579220271187,0.5474954608057727,7268.521930859003,7.408323900793176
numerical_gravity_20x20,2026-06-17T06:30:00Z,EarthMJ2000Eq,50160.0,2026-06-17T20:26:00Z,-1393.3088875788524,-130.24996496919172,-7135.201742936022,-5.739213391359144,4.574138011130668,0.9921850929660199,7271.133241935397,7.405790987810184
numerical_gravity_20x20,2026-06-17T06:30:00Z,EarthMJ2000Eq,50220.0,2026-06-17T20:27:00Z,-1734.862213670917,144.27018443682005,-7062.429152144325,-5.642390211492002,4.57370221702445,1.432743368432431,7273.820613377718,7.403247451527082
numerical_gravity_20x20,2026-06-17T06:30:00Z,EarthMJ2000Eq,50280.0,2026-06-17T20:28:00Z,-2069.979059629078,418.25506520794204,-6963.387648219219,-5.524736851352264,4.556306682176631,1.8675470584816538,7276.573242003888,7.400701309631448
numerical_gravity_20x20,2026-06-17T06:30:00Z,EarthMJ2000Eq,50340.0,2026-06-17T20:29:00Z,-2397.4234583048915,690.6896795004418,-6838.470549394022,-5.386727036881575,4.522047841505561,2.2949995922692996,7279.379844926928,7.398159769784126
numerical_gravity_20x20,2026-06-17T06:30:00Z,EarthMJ2000Eq,50400.0,2026-06-17T20:30:00Z,-2715.9900554967962,960.5666490348628,-6688.166041599824,-5.228907150621296,4.471083160997395,2.713536134095314,7282.228729503394,7.395629315576459
numerical_gravity_20x20,2026-06-17T06:30:00Z,EarthMJ2000Eq,50460.0,2026-06-17T20:31:00Z,-3024.5084099411433,1226.8898616224733,-6513.055118972187,-5.051894222632682,4.403630614551967,3.121628806838937,7285.107880953206,7.393116002997348
numerical_gravity_20x20,2026-06-17T06:30:00Z,EarthMJ2000Eq,50520.0,2026-06-17T20:32:00Z,-3321.847165176469,1488.6780810043176,-6313.809202930643,-4.85637363137877,4.31996793226822,3.517792171721807,7288.005054105363,7.390625788578665
numerical_gravity_20x20,2026-06-17T06:30:00Z,EarthMJ2000Eq,50580.0,2026-06-17T20:33:00Z,-3606.9180704761256,1744.9684980355657,-6091.187429809268,-4.643096361680646,4.220431371970019,3.900588737391947,7290.9078537127425,7.388164676537042
numerical_gravity_20x20,2026-06-17T06:30:00Z,EarthMJ2000Eq,50640.0,2026-06-17T20:34:00Z,-3878.679824647997,1994.8201930176422,-5846.033616422227,-4.412875866142131,4.1054140087518585,4.268634130942799,7293.80379698694,7.385738618248378
numerical_gravity_20x20,2026-06-17T06:30:00Z,EarthMJ2000Eq,50700.0,2026-06-17T20:35:00Z,-4136.141724134,2237.3174862852647,-5579.272931400999,-4.166584713712691,3.9753637676216402,4.620601723083633,7296.6803643591165,7.383353272384211
numerical_gravity_20x20,2026-06-17T06:30:00Z,EarthMJ2000Eq,50760.0,2026-06-17T20:36:00Z,-4378.367107937688,2471.5731696522016,-5291.908304434162,-3.9051511874114984,3.830781452614608,4.9552267681686635,7299.525050806697,7.38101379609961
numerical_gravity_20x20,2026-06-17T06:30:00Z,EarthMJ2000Eq,50820.0,2026-06-17T20:37:00Z,-4604.476598480321,2696.7316225849177,-4985.0165963131085,-3.6295558834176673,3.672218876239689,5.271310277533479,7302.3254279523535,7.378724783314049
numerical_gravity_20x20,2026-06-17T06:30:00Z,EarthMJ2000Eq,50880.0,2026-06-17T20:38:00Z,-4813.65113743245,2911.9718175867683,-4659.744539082727,-3.340828263542014,3.5002770125125364,5.567722836881942,7305.069219989336,7.3764903740967185
numerical_gravity_20x20,2026-06-17T06:30:00Z,EarthMJ2000Eq,50940.0,2026-06-17T20:39:00Z,-5005.13481066239,3116.510211107427,-4317.304446178935,-3.040043052499495,3.315603996169914,5.843408456771255,7307.744388649462,7.3743144775046146
numerical_gravity_20x20,2026-06-17T06:30:00Z,EarthMJ2000Eq,51000.0,2026-06-17T20:40:00Z,-5178.237449388473,3309.6035055238144,-3958.9696923294982,-2.7283163657093312,3.1188928064591956,6.097388366559925,7310.339217218876,7.372200989001901
numerical_gravity_20x20,2026-06-17T06:30:00Z,EarthMJ2000Eq,51060.0,2026-06-17T20:41:00Z,-5332.336989837364,3490.55126131995,-3586.0699732359385,-2.406801538998066,2.9108785979881135,6.328764516988822,7312.842384055224,7.37015387708055
numerical_gravity_20x20,2026-06-17T06:30:00Z,EarthMJ2000Eq,51120.0,2026-06-17T20:42:00Z,-5466.881576395309,3658.698341366893,-3199.9863695259737,-2.0766847791235534,2.6923358051639528,6.536722581178608,7315.2430232086845,7.368177105831644
numerical_gravity_20x20,2026-06-17T06:30:00Z,EarthMJ2000Eq,51180.0,2026-06-17T20:43:00Z,-5581.391403175088,3813.4371796772234,-2802.1462460248886,-1.7391808199831689,2.464075215222442,6.720534468896563,7317.530779087488,7.366274508766128
numerical_gravity_20x20,2026-06-17T06:30:00Z,EarthMJ2000Eq,51240.0,2026-06-17T20:44:00Z,-5675.460297184859,3954.2098760677823,-2394.0180090489675,-1.3955286446570425,2.2269410871098705,6.879560591131267,7319.695865031854,7.364449791434714
numerical_gravity_20x20,2026-06-17T06:30:00Z,EarthMJ2000Eq,51300.0,2026-06-17T20:45:00Z,-5748.757043483339,4080.5101164653643,-1977.105729932602,-1.0469871267811728,1.9818081857074332,7.0132520644490155,7321.729127938824,7.362706720227342
numerical_gravity_20x20,2026-06-17T06:30:00Z,EarthMJ2000Eq,51360.0,2026-06-17T20:46:00Z,-5801.026441390854,4191.884907515009,-1552.9436401935275,-0.6948304049827828,1.7295785328824267,7.121152738420553,7323.622109392693,7.361049348904734
numerical_gravity_20x20,2026-06-17T06:30:00Z,EarthMJ2000Eq,51420.0,2026-06-17T20:47:00Z,-5832.090075027427,4287.936106521675,-1123.0905188361749,-0.34034301402342987,1.4711778535789835,7.202900707233997,7325.367090483957,7.359482063455813
numerical_gravity_20x20,2026-06-17T06:30:00Z,EarthMJ2000Eq,51480.0,2026-06-17T20:48:00Z,-5841.846790613894,4368.3217341670515,-689.1240101001958,0.015184969772590904,1.2075519375105064,7.258229115704737,7326.957117350877,7.358009388493354
numerical_gravity_20x20,2026-06-17T06:30:00Z,EarthMJ2000Eq,51540.0,2026-06-17T20:49:00Z,-5830.272889320605,4432.757073008592,-252.63491013297616,0.37046253537338764,0.9396631639526368,7.286966447293553,7328.3860180855945,7.3566357362443044
numerical_gravity_20x20,2026-06-17T06:30:00Z,EarthMJ2000Eq,51600.0,2026-06-17T20:50:00Z,-5797.422051033521,4481.015563439119,184.77855739339074,0.7242021292094208,0.6684872029961743,7.28903665683787,7329.648424915461,7.355365337578229
numerical_gravity_20x20,2026-06-17T06:30:00Z,EarthMJ2000Eq,51660.0,2026-06-17T20:51:00Z,-5743.424995225936,4512.929501709442,621.5164733403402,1.0751240671451878,0.3950096721814599,7.264459283219881,7330.739805082356,7.354202409400439
numerical_gravity_20x20,2026-06-17T06:30:00Z,EarthMJ2000Eq,51720.0,2026-06-17T20:52:00Z,-5668.488872203146,4528.390530648952,1055.9829563622407,1.4219611143273756,0.12022255513527975,7.213349320727541,7331.65649062267,7.3531513853764014
numerical_gravity_20x20,2026-06-17T06:30:00Z,EarthMJ2000Eq,51780.0,2026-06-17T20:53:00Z,-5572.89637647845,4527.349908994599,1486.59187321451,1.7634631341934415,-0.15487956714014123,7.135916545985981,7332.395694378985,7.35221700286746
numerical_gravity_20x20,2026-06-17T06:30:00Z,EarthMJ2000Eq,51840.0,2026-06-17T20:54:00Z,-5457.004584514192,4509.818554589801,1911.7724899902203,2.098401596631104,-0.42930324562285516,7.0324642373364386,7332.955508130045,7.351404205106822
numerical_gravity_20x20,2026-06-17T06:30:00Z,EarthMJ2000Eq,51900.0,2026-06-17T20:55:00Z,-5321.243529097406,4475.866869528948,2329.9750325033137,2.425573847172311,-0.7020596907344532,6.903387463966795,7333.334888152641,7.350717976843782
numerical_gravity_20x20,2026-06-17T06:30:00Z,EarthMJ2000Eq,51960.0,2026-06-17T20:56:00Z,-5166.114523813843,4425.624359595915,2739.67613567933,2.7438071790158243,-0.972168116599643,6.749171112336578,7333.533634873431,7.350163221735299
numerical_gravity_20x20,2026-06-17T06:30:00Z,EarthMJ2000Eq,52020.0,2026-06-17T20:57:00Z,-4992.1882481266,4359.279056131937,3139.384167352522,3.0519627374240725,-1.2386589945612851,6.570387667017116,7333.552368681059,7.349744672457897
numerical_gravity_20x20,2026-06-17T06:30:00Z,EarthMJ2000Eq,52080.0,2026-06-17T20:58:00Z,-4800.102604628063,4277.076744650862,3527.644410828841,3.3489391957997325,-1.5005772366152053,6.36769472523281,7333.392501689944,7.349466776166094
numerical_gravity_20x20,2026-06-17T06:30:00Z,EarthMJ2000Eq,52140.0,2026-06-17T20:59:00Z,-4590.560363932203,4179.320005638777,3903.0440920303918,3.6336761610172927,-1.7569852661987702,6.1418323222617905,7333.056207937534,7.349333571390306
numerical_gravity_20x20,2026-06-17T06:30:00Z,EarthMJ2000Eq,52200.0,2026-06-17T21:00:00Z,-4364.326611490948,4066.3670746193566,4264.217243328855,3.9051573945394007,-2.006965980016545,5.893620171901289,7332.546396417794,7.349348641322665
numerical_gravity_20x20,2026-06-17T06:30:00Z,EarthMJ2000Eq,52260.0,2026-06-17T21:01:00Z,-4122.226003160156,3938.6305260092627,4609.849398878851,4.162413981560611,-2.2496256728952773,5.62395478916143,7331.86668740543,7.349515173980701
numerical_gravity_20x20,2026-06-17T06:30:00Z,EarthMJ2000Eq,52320.0,2026-06-17T21:02:00Z,-3865.139831753564,3796.575781394919,4938.682109953237,4.40452744571797,-2.4840969631096392,5.333806342509228,7331.021386277261,7.349836041817877
numerical_gravity_20x20,2026-06-17T06:30:00Z,EarthMJ2000Eq,52380.0,2026-06-17T21:03:00Z,-3594.00291202805,3640.719443724406,5249.517261135082,4.6306326579670944,-2.7095416524444413,5.024215169412455,7330.015448451267,7.350313792479676
numerical_gravity_20x20,2026-06-17T06:30:00Z,EarthMJ2000Eq,52440.0,2026-06-17T21:04:00Z,-3309.80030040447,3471.6274643577617,5541.221170096944,4.839920433707854,-2.9251534264054873,4.6962880773598545,7328.854435433354,7.350950556097279
numerical_gravity_20x20,2026-06-17T06:30:00Z,EarthMJ2000Eq,52500.0,2026-06-17T21:05:00Z,-3013.5638666438517,3289.913153524329,5812.728462946614,5.031639895876096,-3.1301603791265538,4.351194573488248,7327.544467283944,7.351747972909523
numerical_gravity_20x20,2026-06-17T06:30:00Z,EarthMJ2000Eq,52560.0,2026-06-17T21:06:00Z,-2706.3687270895944,3096.23504345707,6063.045720717278,5.205100740222294,-3.3238274044453626,3.990162983593043,7326.092174058981,7.352707186202971
numerical_gravity_20x20,2026-06-17T06:30:00Z,EarthMJ2000Eq,52620.0,2026-06-17T21:07:00Z,-2389.329545097242,2891.2946122541293,6291.2548859208355,5.359675373526846,-3.5054584357079395,3.614476318430578,7324.5046419226965,7.353828799378019
numerical_gravity_20x20,2026-06-17T06:30:00Z,EarthMJ2000Eq,52680.0,2026-06-17T21:08:00Z,-2063.5967116323823,2675.833880146426,6496.5164137151405,5.494800738376495,-3.674398444719273,3.225467926769336,7322.7893494261925,7.3551126729395495
numerical_gravity_20x20,2026-06-17T06:30:00Z,EarthMJ2000Eq,52740.0,2026-06-17T21:09:00Z,-1730.352428384637,2450.632893873769,6678.072162964862,5.609979748796722,-3.8300351849202023,2.82451723000941,7320.954099071987,7.356557610884053
numerical_gravity_20x20,2026-06-17T06:30:00Z,EarthMJ2000Eq,52800.0,2026-06-17T21:10:00Z,-1390.8067117787725,2216.5071103815762,6835.248040569624,5.70478254490029,-3.97180084337623,2.413045775232077,7319.0069583251425,7.358161165495666
numerical_gravity_20x20,2026-06-17T06:30:00Z,EarthMJ2000Eq,52860.0,2026-06-17T21:11:00Z,-1046.1933192389956,1974.304678484711,6967.456415724828,5.778847867304591,-4.09917381546203,1.992513452451039,7316.956220296251,7.3599197346858825
numerical_gravity_20x20,2026-06-17T06:30:00Z,EarthMJ2000Eq,52920.0,2026-06-17T21:12:00Z,-697.7655873189626,1724.9036092168553,7074.198301269062,5.831884596320023,-4.211680619545937,1.5644144421935307,7314.810379060689,7.361828857885607
numerical_gravity_20x20,2026-06-17T06:30:00Z,EarthMJ2000Eq,52980.0,2026-06-17T21:13:00Z,-346.79217896619554,1469.2088323867667,7155.065276655284,5.863673183372957,-4.308897728745026,1.1302726537757541,7312.57810363442,7.363883425887762
numerical_gravity_20x20,2026-06-17T06:30:00Z,EarthMJ2000Eq,53040.0,2026-06-17T21:14:00Z,5.447244442010602,1208.1491515751695,7209.7411263965605,5.874066702660667,-4.390453106716135,0.6916368680935736,7310.268199907426,7.3660776310656955
numerical_gravity_20x20,2026-06-17T06:30:00Z,EarthMJ2000Eq,53100.0,2026-06-17T21:15:00Z,357.6664026533518,942.6741154485361,7238.003188122412,5.862991550206164,-4.456027491940648,0.2500759638378912,7307.889565038177,7.368404774061289
numerical_gravity_20x20,2026-06-17T06:30:00Z,EarthMJ2000Eq,53160.0,2026-06-17T21:16:00Z,708.576813325699,673.7508138548664,7239.723419735758,5.830448023497778,-4.50535565755394,-0.19282569630225602,7305.451146494877,7.370857175723654
numerical_gravity_20x20,2026-06-17T06:30:00Z,EarthMJ2000Eq,53220.0,2026-06-17T21:17:00Z,1056.8922432988718,402.3605958175893,7214.869188051937,5.776510885166396,-4.5382277481786115,-0.6354729908962767,7302.961910328797,7.373426274327481
numerical_gravity_20x20,2026-06-17T06:30:00Z,EarthMJ2000Eq,53280.0,2026-06-17T21:18:00Z,1401.3331899837067,129.49570863129765,7163.503764528948,5.701329768876321,-4.554490531507955,-1.0762650845496229,7300.430811419573,7.376102742457669
numerical_gravity_20x20,2026-06-17T06:30:00Z,EarthMJ2000Eq,53340.0,2026-06-17T21:19:00Z,1740.631378290974,-143.84412995504977,7085.786511642491,5.605129284470551,-4.554048357044943,-1.513600646104429,7297.866757990881,7.3788764490145
numerical_gravity_20x20,2026-06-17T06:30:00Z,EarthMJ2000Eq,53400.0,2026-06-17T21:20:00Z,2073.5342564904217,-416.6552083060996,6981.972758172089,5.488208909633613,-4.536863851095705,-1.9458829702776745,7295.278573934312,7.381736325091637
numerical_gravity_20x20,2026-06-17T06:30:00Z,EarthMJ2000Eq,53460.0,2026-06-17T21:21:00Z,2398.8094840829713,-687.9333368340865,6852.413370519616,5.350942852367231,-4.502958571093005,-2.3715250256579696,7292.674969949648,7.384670354836562
numerical_gravity_20x20,2026-06-17T06:30:00Z,EarthMJ2000Eq,53520.0,2026-06-17T21:22:00Z,2715.249410537385,-956.6774051865787,6697.554015679843,5.193779852261802,-4.452413717865706,-2.78895473873087,7290.064527284195,7.387665775025879
numerical_gravity_20x20,2026-06-17T06:30:00Z,EarthMJ2000Eq,53580.0,2026-06-17T21:23:00Z,3021.675533697701,-1221.8929798062595,6517.934095283191,5.017242653818724,-4.385370722957411,-3.1966206629160037,7287.45568463385,7.390709295301196
numerical_gravity_20x20,2026-06-17T06:30:00Z,EarthMJ2000Eq,53640.0,2026-06-17T21:24:00Z,3316.942912099412,-1482.5959267753287,6314.185333906221,4.821927000728283,-4.302031482793696,-3.592997764978026,7284.856717543162,7.393787109353208
numerical_gravity_20x20,2026-06-17T06:30:00Z,EarthMJ2000Eq,53700.0,2026-06-17T21:25:00Z,3599.944506900394,-1737.816038392392,6087.030025987189,4.608500351386739,-4.202658283636088,-3.976592987286899,7282.275713904669,7.396884744558757
numerical_gravity_20x20,2026-06-17T06:30:00Z,EarthMJ2000Eq,53760.0,2026-06-17T21:26:00Z,3869.6154462103673,-1986.6006525806886,5837.278954820268,4.377700604712363,-4.08757368029618,-4.3459506761945335,7279.720561310817,7.39998705784441
numerical_gravity_20x20,2026-06-17T06:30:00Z,EarthMJ2000Eq,53820.0,2026-06-17T21:27:00Z,4124.937212552369,-2228.018266971244,5565.828978366016,4.130334757078023,-3.957160423092453,-4.6996583364252595,7277.198954396928,7.403078568997323
numerical_gravity_20x20,2026-06-17T06:30:00Z,EarthMJ2000Eq,53880.0,2026-06-17T21:28:00Z,4364.941736511284,-2461.1621436882638,5273.660253429182,3.8672770361033777,-3.811861151469557,-5.036352910200793,7274.718408932479,7.40614391894617
numerical_gravity_20x20,2026-06-17T06:30:00Z,EarthMJ2000Eq,53940.0,2026-06-17T21:29:00Z,4588.71535417437,-2685.15387895587,4961.8330772455565,3.5894662247857414,-3.6521774868580366,-5.35472713453442,7272.286259612962,7.409168027498734
numerical_gravity_20x20,2026-06-17T06:30:00Z,EarthMJ2000Eq,54000.0,2026-06-17T21:30:00Z,4795.402586049963,-2899.1468990454887,4631.484362444541,3.2979024834662707,-3.478668527365414,-5.653535324663874,7269.909635209235,7.412135804271122
numerical_gravity_20x20,2026-06-17T06:30:00Z,EarthMJ2000Eq,54060.0,2026-06-17T21:31:00Z,4984.20972582626,-3102.329857793807,4283.823786256316,2.993644274933804,-3.2919491535039858,-5.93159850770277,7267.595432416105,7.415031768689954
numerical_gravity_20x20,2026-06-17T06:30:00Z,EarthMJ2000Eq,54120.0,2026-06-17T21:32:00Z,5154.4082539338615,-3293.929936580666,3920.129636142317,2.6778055628552737,-3.0926884956603846,-6.187809542323539,7265.350317740028,7.417840096397264
numerical_gravity_20x20,2026-06-17T06:30:00Z,EarthMJ2000Eq,54180.0,2026-06-17T21:33:00Z,5305.338078723812,-3473.2160552943883,3541.7443318813016,2.3515527354275054,-2.88160843588001,-6.4211388329139805,7263.180763875074,7.420545219644398
numerical_gravity_20x20,2026-06-17T06:30:00Z,EarthMJ2000Eq,54240.0,2026-06-17T21:34:00Z,5436.410566019316,-3639.501982539639,3150.0695890475017,2.0161005418151987,-2.6594816648540847,-6.630640465954878,7261.0930953320185,7.423132567128309
numerical_gravity_20x20,2026-06-17T06:30:00Z,EarthMJ2000Eq,54300.0,2026-06-17T21:35:00Z,5547.111290467167,-3792.1493068803748,2746.561221923269,1.672706935298717,-2.4271289776436626,-6.815457941850741,7259.0935095419645,7.425588900730388
numerical_gravity_20x20,2026-06-17T06:30:00Z,EarthMJ2000Eq,54360.0,2026-06-17T21:36:00Z,5637.002458886009,-3930.5702257093976,2332.7236324342134,1.3226674287598965,-2.1854159582877957,-6.974828860204592,7257.1880619174535,7.427902104025346
numerical_gravity_20x20,2026-06-17T06:30:00Z,EarthMJ2000Eq,54420.0,2026-06-17T21:37:00Z,5705.724998192982,-4054.23012708341,1910.104048319098,0.9673096340924857,-1.9352494587654436,-7.108088672392784,7255.382633173806,7.430060764923709
numerical_gravity_20x20,2026-06-17T06:30:00Z,EarthMJ2000Eq,54480.0,2026-06-17T21:38:00Z,5753.000325535998,-4162.649960895353,1480.2865494373414,0.6079880906169982,-1.6775741078187916,-7.214674090196646,7253.682906703634,7.4320539982773886
numerical_gravity_20x20,2026-06-17T06:30:00Z,EarthMJ2000Eq,54540.0,2026-06-17T21:39:00Z,5778.631806802036,-4255.408399616762,1044.8858893457173,0.24607896260208792,-1.4133687498159098,-7.294126517209487,7252.094368378479,7.433871651289798
numerical_gravity_20x20,2026-06-17T06:30:00Z,EarthMJ2000Eq,54600.0,2026-06-17T21:40:00Z,5782.505882189887,-4332.143776995771,605.5411133706932,-0.11702579295526863,-1.1436425663259222,-7.346095338190417,7250.6223196430565,7.435504695278749
numerical_gravity_20x20,2026-06-17T06:30:00Z,EarthMJ2000Eq,54660.0,2026-06-17T21:41:00Z,5764.592825057473,-4392.5557805047,163.90899406476356,-0.47992478320450926,-0.8694307383693097,-7.370340651647233,7249.271886326563,7.436945537495824
numerical_gravity_20x20,2026-06-17T06:30:00Z,EarthMJ2000Eq,54720.0,2026-06-17T21:42:00Z,5724.947110899612,-4436.406870309458,-278.3426732926659,-0.8412137623175346,-0.5917896863699652,-7.366735181118683,7248.048012072111,7.438188143327513
numerical_gravity_20x20,2026-06-17T06:30:00Z,EarthMJ2000Eq,54780.0,2026-06-17T21:43:00Z,5663.707391656207,-4463.523403498184,-719.5418642123307,-1.199492174924418,-0.3117920347141169,-7.3352653397319685,7246.955435645463,7.439228007991772
numerical_gravity_20x20,2026-06-17T06:30:00Z,EarthMJ2000Eq,54840.0,2026-06-17T21:44:00Z,5581.096081171502,-4473.796452520279,-1158.0191586576368,-1.5533695714337836,-0.030521485631594777,-7.276031515785554,7245.998657029207,7.440062043104626
numerical_gravity_20x20,2026-06-17T06:30:00Z,EarthMJ2000Eq,54900.0,2026-06-17T21:45:00Z,5477.418559520659,-4467.182317754307,-1592.1145702679696,-1.9014718987086319,0.250932226563983,-7.1892476529224485,7245.181898413433,7.440688421037256
numerical_gravity_20x20,2026-06-17T06:30:00Z,EarthMJ2000Eq,54960.0,2026-06-17T21:46:00Z,5353.062003609379,-4443.702742194761,-2020.1843317412424,-2.2424476656185393,0.5314782160173853,-7.075240229391787,7244.509066160971,7.4411064318919005
numerical_gravity_20x20,2026-06-17T06:30:00Z,EarthMJ2000Eq,55020.0,2026-06-17T21:47:00Z,5208.493851698005,-4403.4448373276155,-2440.6076039750697,-2.574973981176239,0.8100292097203101,-6.934446752642882,7243.983718586347,7.441316421815036
numerical_gravity_20x20,2026-06-17T06:30:00Z,EarthMJ2000Eq,55080.0,2026-06-17T21:48:00Z,5044.259909145547,-4346.560723606994,-2851.793081428376,-2.897762477670188,1.0855063145812813,-6.7674137992798595,7243.609040685364,7.44131983364998
numerical_gravity_20x20,2026-06-17T06:30:00Z,EarthMJ2000Eq,55140.0,2026-06-17T21:49:00Z,4860.982102309558,-4273.266883203176,-3252.185464247323,-3.2095651098641302,1.3568438389061723,-6.574794514026346,7243.387822553505,7.441119290759
numerical_gravity_20x20,2026-06-17T06:30:00Z,EarthMJ2000Eq,55200.0,2026-06-17T21:50:00Z,4659.35588964759,-4183.843223430301,-3640.271761426024,-3.5091797683032846,1.6229940951256083,-6.357345467978618,7243.322436677319,7.440718639910393
numerical_gravity_20x20,2026-06-17T06:30:00Z,EarthMJ2000Eq,55260.0,2026-06-17T21:51:00Z,4440.147343849141,-4078.631855614785,-4014.5873857767733,-3.7954556167491487,1.8829320652657293,-6.115922868116048,7243.41481117603,7.440122917658239
numerical_gravity_20x20,2026-06-17T06:30:00Z,EarthMJ2000Eq,55320.0,2026-06-17T21:52:00Z,4204.189924077901,-3958.0355999751678,-4373.722003753084,-4.067298071932791,2.1356598633690718,-5.851478191527483,7243.666398620441,7.439338255777562
numerical_gravity_20x20,2026-06-17T06:30:00Z,EarthMJ2000Eq,55380.0,2026-06-17T21:53:00Z,3952.3809619525264,-3822.5162292649998,-4716.325108414215,-4.323673354842528,2.3802109791245734,-5.565053338721729,7244.078141465444,7.438371747051788
numerical_gravity_20x20,2026-06-17T06:30:00Z,EarthMJ2000Eq,55440.0,2026-06-17T21:54:00Z,3685.6778886377697,-3672.5924648558744,-5041.111289784728,-4.563612565461861,2.6156542810361008,-5.25777541353018,7244.650436543129,7.437231290249506
numerical_gravity_20x20,2026-06-17T06:30:00Z,EarthMJ2000Eq,55500.0,2026-06-17T21:55:00Z,3405.0942313806663,-3508.837740492659,-5346.865183885005,-4.786215305378499,2.841097756796214,-4.930851250470211,7245.383102937287,7.435925461391845
numerical_gravity_20x20,2026-06-17T06:30:00Z,EarthMJ2000Eq,55560.0,2026-06-17T21:56:00Z,3111.695403762016,-3331.877748996166,-5632.446087556884,-4.990652950324694,3.0556920167841444,-4.585561745352228,7246.275356987496,7.434463470383098
numerical_gravity_20x20,2026-06-17T06:30:00Z,EarthMJ2000Eq,55620.0,2026-06-17T21:57:00Z,2806.594308089721,-3142.3877845750662,-5896.792225463004,-5.176171639511605,3.258633607491274,-4.22325590750988,7247.325792947985,7.432855190966183
numerical_gravity_20x20,2026-06-17T06:30:00Z,EarthMJ2000Eq,55680.0,2026-06-17T21:58:00Z,2490.946768758956,-2941.0898926616173,-6138.924648656913,-5.342094892424158,3.449168096377161,-3.845344516321713,7248.532362029876,7.431111144770733
numerical_gravity_20x20,2026-06-17T06:30:00Z,EarthMJ2000Eq,55740.0,2026-06-17T21:59:00Z,2165.9468244780273,-2728.7498451086767,-6357.950741666085,-5.487825669463791,3.6265927803669507,-3.453293449408748,7249.8923438282445,7.429242318080947
numerical_gravity_20x20,2026-06-17T06:30:00Z,EarthMJ2000Eq,55800.0,2026-06-17T22:00:00Z,1832.8219155499921,-2506.1739673788525,-6553.067326642887,-5.612847821093525,3.7902589055958464,-3.0486169824984746,7251.402313787476,7.427259840626356
numerical_gravity_20x20,2026-06-17T06:30:00Z,EarthMJ2000Eq,55860.0,2026-06-17T22:01:00Z,1492.8279984051721,-2274.2058457820517,-6723.563372204342,-5.716727108470134,3.93957347607739,-2.6328713384714346,7253.058119294197,7.425174711148159
numerical_gravity_20x20,2026-06-17T06:30:00Z,EarthMJ2000Eq,55920.0,2026-06-17T22:02:00Z,1147.244605279342,-2033.722933098807,-6868.822322944455,-5.799112041461909,4.074000868974601,-2.2076484615061154,7254.854874987826,7.422997728642023
numerical_gravity_20x20,2026-06-17T06:30:00Z,EarthMJ2000Eq,55980.0,2026-06-17T22:03:00Z,797.3698572674967,-1785.6330591049834,-6988.324055510009,-5.859734579152935,4.193064395583872,-1.77456974648655,7256.786976056778,7.420739595807085
numerical_gravity_20x20,2026-06-17T06:30:00Z,EarthMJ2000Eq,56040.0,2026-06-17T22:04:00Z,444.51544363118535,-1530.8708502757568,-7081.646451845346,-5.898410518109517,4.296347742474735,-1.3352795413100147,7258.848118591849,7.418411017047641
numerical_gravity_20x20,2026-06-17T06:30:00Z,EarthMJ2000Eq,56100.0,2026-06-17T22:05:00Z,90.0015914410863,-1270.394070794007,-7148.466577614186,-5.915039416312673,4.383496128812033,-0.8914385186758259,7261.031317439525,7.416022669896688
numerical_gravity_20x20,2026-06-17T06:30:00Z,EarthMJ2000Eq,56160.0,2026-06-17T22:06:00Z,-264.8479469924791,-1005.1799050854258,-7188.561464502363,-5.909604098347122,4.454217095158685,-0.44471712962456944,7263.328920374049,7.413585087890103
numerical_gravity_20x20,2026-06-17T06:30:00Z,EarthMJ2000Eq,56220.0,2026-06-17T22:07:00Z,-618.7108679458275,-736.2212036227103,-7201.808504739316,-5.882169875930087,4.508280946933446,0.0032107761251579537,7265.732622228366,7.4111085442642
numerical_gravity_20x20,2026-06-17T06:30:00Z,EarthMJ2000Eq,56280.0,2026-06-17T22:08:00Z,-970.2712357845843,-464.52271150441675,-7188.185467309461,-5.832883508290346,4.545520888635648,0.4506741810188916,7268.23348090396,7.40860293090037
numerical_gravity_20x20,2026-06-17T06:30:00Z,EarthMJ2000Eq,56340.0,2026-06-17T22:09:00Z,-1318.2243306539394,-191.09729769624477,-7147.770146311264,-5.761971841962033,4.565832875577859,0.8960109046654123,7270.821936178426,7.406077564848363
numerical_gravity_20x20,2026-06-17T06:30:00Z,EarthMJ2000Eq,56400.0,2026-06-17T22:10:00Z,-1661.2814059138138,83.03780068240368,-7080.73966006275,-5.669740189914392,4.5691752881514125,1.3375732196040613,7273.48783731455,7.403540960431434
numerical_gravity_20x20,2026-06-17T06:30:00Z,EarthMJ2000Eq,56460.0,2026-06-17T22:11:00Z,-1998.174345939042,356.86471394942066,-6987.36942515654,-5.556570670638348,4.555568617524545,1.773733104511299,7276.220490367479,7.401000754817695
numerical_gravity_20x20,2026-06-17T06:30:00Z,EarthMJ2000Eq,56520.0,2026-06-17T22:12:00Z,-2327.6602269738155,629.368659781271,-6868.031817935647,-5.422920634311164,4.525095251939271,2.20288748521281,7279.008730199951,7.398463929605141
numerical_gravity_20x20,2026-06-17T06:30:00Z,EarthMJ2000Eq,56580.0,2026-06-17T22:13:00Z,-2648.5257821250493,899.5416494912326,-6723.194512022317,-5.269320984561833,4.477899184431187,2.623463825889201,7281.84100652009,7.395937208361249
numerical_gravity_20x20,2026-06-17T06:30:00Z,EarthMJ2000Eq,56640.0,2026-06-17T22:14:00Z,-2959.5917534374726,1166.3861660439884,-6553.418470297757,-5.096374042138271,4.414185313550806,3.0339259976073776,7284.705462967853,7.393427305296666
numerical_gravity_20x20,2026-06-17T06:30:00Z,EarthMJ2000Eq,56700.0,2026-06-17T22:15:00Z,-3259.71709811905,1428.9187835164128,-6359.355588781777,-4.904750836257085,4.334218198766256,3.432779915713962,7287.589996303698,7.390940813591348
numerical_gravity_20x20,2026-06-17T06:30:00Z,EarthMJ2000Eq,56760.0,2026-06-17T22:16:00Z,-3547.803021387237,1686.173700398376,-6141.746020956178,-4.6951881020546296,4.238320493694441,3.818578522108926,7290.482303140897,7.388483866833386
numerical_gravity_20x20,2026-06-17T06:30:00Z,EarthMJ2000Eq,56820.0,2026-06-17T22:17:00Z,-3822.7968299874583,1937.2061784999437,-5901.415221489068,-4.468485348266549,4.126871415328349,4.18992622023081,7293.369934248734,7.386061922114157
numerical_gravity_20x20,2026-06-17T06:30:00Z,EarthMJ2000Eq,56880.0,2026-06-17T22:18:00Z,-4083.695614112978,2181.095894926658,-5639.270728296707,-4.225502042262882,4.000305364036858,4.545483243783082,7296.240368752633,7.383679870784121
numerical_gravity_20x20,2026-06-17T06:30:00Z,EarthMJ2000Eq,56940.0,2026-06-17T22:19:00Z,-4329.5497571195665,2416.950210703657,-5356.29867598618,-3.967154626473421,3.8591104712933246,4.8839702496440305,7299.081101533661,7.3813423480694365
numerical_gravity_20x20,2026-06-17T06:30:00Z,EarthMJ2000Eq,57000.0,2026-06-17T22:20:00Z,-4559.466254090715,2643.9073426390514,-5053.560030888805,-3.6944131108430063,3.7038267950038306,5.204172940263657,7301.879726786081,7.379053947026645
numerical_gravity_20x20,2026-06-17T06:30:00Z,EarthMJ2000Eq,57060.0,2026-06-17T22:21:00Z,-4772.611813884976,2861.139414756894,-4732.186558183124,-3.4082972983516373,3.53504413003965,5.5049463149942195,7304.624007993766,7.376819193002313
numerical_gravity_20x20,2026-06-17T06:30:00Z,EarthMJ2000Eq,57120.0,2026-06-17T22:22:00Z,-4968.215730107643,3067.855371656669,-4393.376549858471,-3.109872898380972,3.353399635063411,5.785218398760497,7307.301939234345,7.374642396610486
numerical_gravity_20x20,2026-06-17T06:30:00Z,EarthMJ2000Eq,57180.0,2026-06-17T22:23:00Z,-5145.572519642927,3263.3037487084257,-4038.390340473583,-2.800247667970952,3.1595754463816097,6.04399363194784,7309.901808729667,7.372527587359735
numerical_gravity_20x20,2026-06-17T06:30:00Z,EarthMJ2000Eq,57240.0,2026-06-17T22:24:00Z,-5304.044328745309,3446.7752984241647,-3668.5456237994176,-2.4805674967117723,2.9542962503860077,6.280356138438927,7312.412269081942,7.370478591408786
numerical_gravity_20x20,2026-06-17T06:30:00Z,EarthMJ2000Eq,57300.0,2026-06-17T22:25:00Z,-5443.0630989487545,3617.6054665395486,-3285.2125765458154,-2.1520123017950716,2.7383266815198626,6.493472868747909,7314.822409585159,7.368499159188803
numerical_gravity_20x20,2026-06-17T06:30:00Z,EarthMJ2000Eq,57360.0,2026-06-17T22:26:00Z,-5562.132480508863,3775.176705011447,-2889.808800948961,-1.815791728467527,2.512468490279774,6.6825964709615615,7317.121824244478,7.3665930462818245
numerical_gravity_20x20,2026-06-17T06:30:00Z,EarthMJ2000Eq,57420.0,2026-06-17T22:27:00Z,-5660.8294841556635,3918.920609450375,-2483.7941055573046,-1.4731407393121303,2.2775575361773193,6.84706781200293,7319.300673606884,7.36476405532355
numerical_gravity_20x20,2026-06-17T06:30:00Z,EarthMJ2000Eq,57480.0,2026-06-17T22:28:00Z,-5738.805865800901,4048.3198724577555,-2068.665144580833,-1.1253151194646847,2.0344606624232617,6.986318177532276,7321.349741372204,7.363016092795222
numerical_gravity_20x20,2026-06-17T06:30:00Z,EarthMJ2000Eq,57540.0,2026-06-17T22:29:00Z,-5795.789237954312,4162.910045892019,-1645.9499347467888,-0.7735868548297591,1.7840724486327089,7.099871145187299,7323.260484829736,7.361353231723017
numerical_gravity_20x20,2026-06-17T06:30:00Z,EarthMJ2000Eq,57600.0,2026-06-17T22:30:00Z,-5831.583899972452,4262.281104430723,-1217.202271880633,-0.4192393933415254,1.5273118393121357,7.187344035373986,7325.0250761534235,7.359779711802412
numerical_gravity_20x20,2026-06-17T06:30:00Z,EarthMJ2000Eq,57660.0,2026-06-17T22:31:00Z,-5846.071383237547,4346.078804566702,-783.9960749695068,-0.06356290521338187,1.2651187117178873,7.248448879137438,7326.636434202293,7.358299854662534
numerical_gravity_20x20,2026-06-17T06:30:00Z,EarthMJ2000Eq,57720.0,2026-06-17T22:32:00Z,-5839.210714894902,4414.00583799824,-347.91968481306503,0.2921503498949684,0.9984504633878355,7.282992988859346,7328.088251236225,7.356917970900418
numerical_gravity_20x20,2026-06-17T06:30:00Z,EarthMJ2000Eq,57780.0,2026-06-17T22:33:00Z,-5811.038406606668,4465.822781150995,89.42986340033126,0.6466105710804846,0.7282786204958044,7.290879274716693,7329.37501947968,7.355638352869023
numerical_gravity_20x20,2026-06-17T06:30:00Z,EarthMJ2000Eq,57840.0,2026-06-17T22:34:00Z,-5761.668170317311,4501.348839972831,526.4525798580657,0.998534982722366,0.4555853914157741,7.272106328093117,7330.4920573459185,7.354465351586326
numerical_gravity_20x20,2026-06-17T06:30:00Z,EarthMJ2000Eq,57900.0,2026-06-17T22:35:00Z,-5691.290358497981,4520.4623849067375,961.5512550053732,1.3466524436082676,0.18136011930184762,7.226768151151163,7331.435530241754,7.353403443796764
numerical_gravity_20x20,2026-06-17T06:30:00Z,EarthMJ2000Eq,57960.0,2026-06-17T22:36:00Z,-5600.171129024958,4523.1012710286295,1393.1371648465652,1.6897079933033905,-0.09340431716720324,7.155053436864914,7332.20246190885,7.352457218746074
numerical_gravity_20x20,2026-06-17T06:30:00Z,EarthMJ2000Eq,58020.0,2026-06-17T22:37:00Z,-5488.6513421702675,4509.262942851715,1819.6357205264926,2.026467225242068,-0.3677150716848198,7.057244450685183,7332.790737440906,7.351631317309871
numerical_gravity_20x20,2026-06-17T06:30:00Z,EarthMJ2000Eq,58080.0,2026-06-17T22:38:00Z,-5357.145200500735,4479.004326730981,2239.4920417763046,2.3557204950372057,-0.6405828458713334,6.9337156243876565,7333.199101572403,7.35093040322383
numerical_gravity_20x20,2026-06-17T06:30:00Z,EarthMJ2000Eq,58140.0,2026-06-17T22:39:00Z,-5206.138639141557,4432.441513019042,2651.176437874778,2.67628704446178,-0.9110253876523035,6.784931867860151,7333.427152501048,7.350359178489527
numerical_gravity_20x20,2026-06-17T06:30:00Z,EarthMJ2000Eq,58200.0,2026-06-17T22:40:00Z,-5036.187470705153,4369.749228727202,3053.1897763302086,2.9870190439545707,-1.1780709674969971,6.6114464966613475,7333.47532704221,7.349922363645905
numerical_gravity_20x20,2026-06-17T06:30:00Z,EarthMJ2000Eq,58260.0,2026-06-17T22:41:00Z,-4847.915292926069,4291.160104399949,3444.068714212421,3.286805435001546,-1.4407617421962136,6.413898732984141,7333.344873739203,7.349624570160542
numerical_gravity_20x20,2026-06-17T06:30:00Z,EarthMJ2000Eq,58320.0,2026-06-17T22:42:00Z,-4642.011174927423,4196.963745185646,3822.390769594445,3.5745754564582826,-1.698156907107734,6.193010908369685,7333.037816760159,7.3494700956094485
numerical_gravity_20x20,2026-06-17T06:30:00Z,EarthMJ2000Eq,58380.0,2026-06-17T22:43:00Z,-4419.22714128218,4087.5056195358225,4186.779221392207,3.8493018747134355,-1.9493356321841815,5.949585570008692,7332.556918610556,7.349462754816226
numerical_gravity_20x20,2026-06-17T06:30:00Z,EarthMJ2000Eq,58440.0,2026-06-17T22:44:00Z,-4180.375467819801,3963.1857760368207,4535.9078353981395,4.110004054416407,-2.193399873944207,5.684502580327119,7331.905648503425,7.349605834334481
numerical_gravity_20x20,2026-06-17T06:30:00Z,EarthMJ2000Eq,58500.0,2026-06-17T22:45:00Z,-3926.3257947578873,3824.457392665366,4868.50541436225,4.355750988436097,-2.429477161057748,5.398716128624839,7331.088156922441,7.3499021617187
numerical_gravity_20x20,2026-06-17T06:30:00Z,EarthMJ2000Eq,58560.0,2026-06-17T22:46:00Z,-3658.0020588103444,3671.8251587455097,5183.3601623596005,4.585664293037088,-2.6567233842126425,5.093251506148854,7330.109250986219,7.350354212794454
numerical_gravity_20x20,2026-06-17T06:30:00Z,EarthMJ2000Eq,58620.0,2026-06-17T22:47:00Z,-3376.379248807128,3505.8434900829902,5479.323845971987,4.79892107509845,-2.8743255584442458,4.769201550265338,7328.974363290536,7.350964176759616
numerical_gravity_20x20,2026-06-17T06:30:00Z,EarthMJ2000Eq,58680.0,2026-06-17T22:48:00Z,-3082.479996398322,3327.114580694,5755.315731977187,4.994756539990707,-3.081504495543578,4.42772275856038,7327.689508706446,7.351733923130567
numerical_gravity_20x20,2026-06-17T06:30:00Z,EarthMJ2000Eq,58740.0,2026-06-17T22:49:00Z,-2777.371021027533,3136.2862988893235,6010.326284138721,5.172466227611056,-3.2775173052003748,4.070031168843264,7326.2612278605775,7.352664841880157
numerical_gravity_20x20,2026-06-17T06:30:00Z,EarthMJ2000Eq,58800.0,2026-06-17T22:50:00Z,-2462.1594527829916,2934.0499404406546,6243.420610236708,5.331407855938165,-3.461659648721974,3.6973981896695745,7324.6965220585735,7.353757585270334
numerical_gravity_20x20,2026-06-17T06:30:00Z,EarthMJ2000Eq,58860.0,2026-06-17T22:51:00Z,-2137.9890532909385,2721.1378543336295,6453.741662520517,5.471002913553169,-3.633267741372749,3.311146574810617,7323.002789896533,7.355011828711574
numerical_gravity_20x20,2026-06-17T06:30:00Z,EarthMJ2000Eq,58920.0,2026-06-17T22:52:00Z,-1806.0363421742475,2498.3209534553703,6640.513202346828,5.590738257722716,-3.7917202102607646,2.9126465711300438,7321.187775646163,7.356426202143264
numerical_gravity_20x20,2026-06-17T06:30:00Z,EarthMJ2000Eq,58980.0,2026-06-17T22:53:00Z,-1467.5066228264361,2266.406114578114,6803.042533729537,5.690167877731907,-3.9364399430588155,2.5033120140166076,7319.259530852128,7.357998433106711
numerical_gravity_20x20,2026-06-17T06:30:00Z,EarthMJ2000Eq,59040.0,2026-06-17T22:54:00Z,-1123.6298999441028,2026.2334668573121,6940.722993186221,5.768914692682116,-4.066895943415668,2.0845960713795755,7317.226379059547,7.359725546976978
numerical_gravity_20x20,2026-06-17T06:30:00Z,EarthMJ2000Eq,59100.0,2026-06-17T22:55:00Z,-775.6566965203486,1778.6735718931661,7053.036171778478,5.826672049341773,-4.182605063172844,1.6579866009488629,7315.096870624726,7.361603891407478
numerical_gravity_20x20,2026-06-17T06:30:00Z,EarthMJ2000Eq,59160.0,2026-06-17T22:56:00Z,-424.8537956591373,1524.6245066727774,7139.553854555804,5.8632047281037805,-4.283133502811795,1.2250014440475285,7312.879725261166,7.363628916810372
numerical_gravity_20x20,2026-06-17T06:30:00Z,EarthMJ2000Eq,59220.0,2026-06-17T22:57:00Z,-72.49993308315025,1265.0088618545894,7199.9396850613775,5.878349638357005,-4.368098163959022,0.7871839997773943,7310.58377486979,7.365794912313242
numerical_gravity_20x20,2026-06-17T06:30:00Z,EarthMJ2000Eq,59280.0,2026-06-17T22:58:00Z,280.11855210579876,1000.7706579871376,7233.950572529942,5.872016567086122,-4.437168064903789,0.34609902279581856,7308.2179222385075,7.368094973187856
numerical_gravity_20x20,2026-06-17T06:30:00Z,EarthMJ2000Eq,59340.0,2026-06-17T22:59:00Z,631.7121173161889,732.8721722235096,7241.4378430615225,5.8441891030237585,-4.490065899129309,-0.09667178928073844,7305.79111766188,7.3705212492243914
numerical_gravity_20x20,2026-06-17T06:30:00Z,EarthMJ2000Eq,59400.0,2026-06-17T23:00:00Z,980.9924710127235,462.29067131743125,7222.348110639468,5.794925469611018,-4.526569554102838,-0.539534737273365,7303.312339221722,7.3730652281938935
numerical_gravity_20x20,2026-06-17T06:30:00Z,EarthMJ2000Eq,59460.0,2026-06-17T23:01:00Z,1326.6770656556816,190.01506147240332,7176.723838981036,5.724358937368209,-4.546513332461157,-0.9808894171381544,7300.790561379078,7.375717780306401
numerical_gravity_20x20,2026-06-17T06:30:00Z,EarthMJ2000Eq,59520.0,2026-06-17T23:02:00Z,1667.4936019057193,-82.9575243694415,7104.703586245669,5.632697822899032,-4.549788834888175,-1.4191339292618466,7298.234712014823,7.37846896824448
numerical_gravity_20x20,2026-06-17T06:30:00Z,EarthMJ2000Eq,59580.0,2026-06-17T23:03:00Z,2002.1845279016288,-355.6251868791959,7006.521945083268,5.520225380459016,-4.536345706344069,-1.8526698416425897,7295.653632420124,7.38130788957229
numerical_gravity_20x20,2026-06-17T06:30:00Z,EarthMJ2000Eq,59640.0,2026-06-17T23:04:00Z,2329.511534264088,-626.9847660835701,6882.50918543492,5.38729976674514,-4.506192411216694,-2.2799072060255714,7293.056051667665,7.384222754749919
numerical_gravity_20x20,2026-06-17T06:30:00Z,EarthMJ2000Eq,59700.0,2026-06-17T23:05:00Z,2648.2600451292737,-896.035392923274,6733.090585730961,5.234353888569399,-4.459396952326494,-2.6992699545026295,7290.450570963236,7.387201100314044
numerical_gravity_20x20,2026-06-17T06:30:00Z,EarthMJ2000Eq,59760.0,2026-06-17T23:06:00Z,2957.243688591758,-1161.7820770517928,6558.785430119747,5.0618948359918585,-4.396087334512027,-3.1092015814531937,7287.845645087828,7.390229878522666
numerical_gravity_20x20,2026-06-17T06:30:00Z,EarthMJ2000Eq,59820.0,2026-06-17T23:07:00Z,3255.3087198658463,-1423.239313598731,6360.2056656835975,4.870502907815398,-4.3164517527872155,-3.508170740509961,7285.249557510116,7.393295358211268
numerical_gravity_20x20,2026-06-17T06:30:00Z,EarthMJ2000Eq,59880.0,2026-06-17T23:08:00Z,3541.338380953891,-1679.4346975248066,6138.054230113566,4.660830519665311,-4.220738691894753,-3.894676659776365,7282.6704005798865,7.396383070292386
numerical_gravity_20x20,2026-06-17T06:30:00Z,EarthMJ2000Eq,59940.0,2026-06-17T23:09:00Z,3814.2571954819696,-1929.4125444125787,5893.123051693976,4.433601119187267,-4.109257032684492,-4.267254725955069,7280.11607203,7.399478031652733
numerical_gravity_20x20,2026-06-17T06:30:00Z,EarthMJ2000Eq,60000.0,2026-06-17T23:10:00Z,4073.0351919244176,-2172.2375133541964,5626.290700336647,4.189607808017458,-3.9823759619961825,-4.624482543747389,7277.594282025664,7.402565142240235
numerical_gravity_20x20,2026-06-17T06:30:00Z,EarthMJ2000Eq,60060.0,2026-06-17T23:11:00Z,4316.692024792156,-2406.9982108414297,5338.519665621108,3.929711277435249,-3.840524397339296,-4.964986219189674,7275.112551989925,7.405629380903659
numerical_gravity_20x20,2026-06-17T06:30:00Z,EarthMJ2000Eq,60120.0,2026-06-17T23:12:00Z,4544.300950923424,-2632.810744860908,5030.853266432261,3.654837097897951,-3.6841899401844413,-5.287446265954555,7272.678195767412,7.408655596185055
numerical_gravity_20x20,2026-06-17T06:30:00Z,EarthMJ2000Eq,60180.0,2026-06-17T23:13:00Z,4754.992635582,-2848.822210433399,4704.412224814109,3.365972848143679,-3.513917703855829,-5.590602919167394,7270.298297324404,7.411628150663987
numerical_gravity_20x20,2026-06-17T06:30:00Z,EarthMJ2000Eq,60240.0,2026-06-17T23:14:00Z,4947.958791753081,-3054.214108415506,4360.390927706114,3.064165441196594,-3.3303092695332768,-5.87326134700942,7267.979710163802,7.41453090438213
numerical_gravity_20x20,2026-06-17T06:30:00Z,EarthMJ2000Eq,60300.0,2026-06-17T23:15:00Z,5122.455660515916,-3248.20570160763,4000.053362052475,2.7505184140780505,-3.1340215697199825,-6.13429739686695,7265.729087515937,7.41734772670536
numerical_gravity_20x20,2026-06-17T06:30:00Z,EarthMJ2000Eq,60360.0,2026-06-17T23:16:00Z,5277.807312744026,-3430.0572896402855,3624.728686949913,2.4261885884388033,-2.9257652231164166,-6.372663876735202,7263.552925026872,7.420063213565897
numerical_gravity_20x20,2026-06-17T06:30:00Z,EarthMJ2000Eq,60420.0,2026-06-17T23:17:00Z,5413.408722344755,-3599.0733604702555,3235.8064292647623,2.0923817924328714,-2.70630208991767,-6.587396686591163,7261.45758762496,7.422663111963898
numerical_gravity_20x20,2026-06-17T06:30:00Z,EarthMJ2000Eq,60480.0,2026-06-17T23:18:00Z,5528.728559998885,-3754.6055769929812,2834.731333483155,1.7503479000198012,-2.476442289095781,-6.777620149452849,7259.449308450699,7.425134279768612
numerical_gravity_20x20,2026-06-17T06:30:00Z,EarthMJ2000Eq,60540.0,2026-06-17T23:19:00Z,5623.31168077808,-3896.0555787813328,2422.9979178444923,1.4013756515420002,-2.2370410687519486,-6.94255152154541,7257.5341709155655,7.427464445511006
numerical_gravity_20x20,2026-06-17T06:30:00Z,EarthMJ2000Eq,60600.0,2026-06-17T23:20:00Z,5696.781299987208,-4022.8775951557677,2002.144774187928,1.0467874362812193,-1.988995629932501,-7.081505095945571,7255.71809142956,7.429642116316902
numerical_gravity_20x20,2026-06-17T06:30:00Z,EarthMJ2000Eq,60660.0,2026-06-17T23:21:00Z,5748.8408515117035,-4134.580861293799,1573.7486269237065,0.6879338920723123,-1.7332416940909752,-7.193896127298292,7254.006808332278,7.43165669957611
numerical_gravity_20x20,2026-06-17T06:30:00Z,EarthMJ2000Eq,60720.0,2026-06-17T23:22:00Z,5779.275512808094,-4230.731815988738,1139.4181660677282,0.32618818950229805,-1.4707496527522874,-7.279244384347467,7252.405870394166,7.433498643512078
numerical_gravity_20x20,2026-06-17T06:30:00Z,EarthMJ2000Eq,60780.0,2026-06-17T23:23:00Z,5787.953379140344,-4310.956058149919,700.7876855895039,-0.03705991684967306,-1.20252041358738,-7.337177060319129,7250.920619802392,7.4351594466429916
numerical_gravity_20x20,2026-06-17T06:30:00Z,EarthMJ2000Eq,60840.0,2026-06-17T23:24:00Z,5774.826277747372,-4374.94005062838,259.5105669953315,-0.40041012717073454,-0.9295811582502274,-7.3674310466054305,7249.556173941689,7.436631604846398
numerical_gravity_20x20,2026-06-17T06:30:00Z,EarthMJ2000Eq,60900.0,2026-06-17T23:25:00Z,5739.930217347462,-4422.432568269279,-182.7473589468129,-0.7624577264350048,-0.6529810429428745,-7.369854745326685,7248.317412897239,7.4379086438499264
numerical_gravity_20x20,2026-06-17T06:30:00Z,EarthMJ2000Eq,60960.0,2026-06-17T23:26:00Z,5683.385464865336,-4453.245882607014,-624.3145465534615,-1.121799889112945,-0.3737866922225328,-7.34440944031344,7247.208972165571,7.43898524729426
numerical_gravity_20x20,2026-06-17T06:30:00Z,EarthMJ2000Eq,61020.0,2026-06-17T23:27:00Z,5605.396239088769,-4467.256667565593,-1063.520534182326,-1.477042122270411,-0.09307741068762841,-7.291170045809144,7246.235233397217,7.43985735563834
numerical_gravity_20x20,2026-06-17T06:30:00Z,EarthMJ2000Eq,61080.0,2026-06-17T23:28:00Z,5506.2500177222055,-4464.406612228347,-1498.702765997338,-1.8268046803860658,0.18805976060492605,-7.21032511759794,7245.400309008609,7.4405221668444055
numerical_gravity_20x20,2026-06-17T06:30:00Z,EarthMJ2000Eq,61140.0,2026-06-17T23:29:00Z,5386.316463317984,-4444.702736795224,-1928.2133943458866,-2.1697288532959687,0.4685349767274645,-7.102176222897804,7244.708024180146,7.440978122689044
numerical_gravity_20x20,2026-06-17T06:30:00Z,EarthMJ2000Eq,61200.0,2026-06-17T23:30:00Z,5246.045974328972,-4408.21741353511,-2350.4260284576676,-2.5044831928400186,0.7472605037171538,-6.9671367870482355,7244.161900801132,7.441224988741744
numerical_gravity_20x20,2026-06-17T06:30:00Z,EarthMJ2000Eq,61260.0,2026-06-17T23:31:00Z,5085.967862440244,-4355.0880907222845,-2763.742396653295,-2.8297697402860074,1.0231557189364318,-6.8057303321202545,7243.765140504278,7.441263989523039
numerical_gravity_20x20,2026-06-17T06:30:00Z,EarthMJ2000Eq,61320.0,2026-06-17T23:32:00Z,4906.688159125157,-4285.516713523348,-3166.5988795261555,-3.1443301174726463,1.2951521952022298,-6.618587911768018,7243.520598203837,7.441097838503699
numerical_gravity_20x20,2026-06-17T06:30:00Z,EarthMJ2000Eq,61380.0,2026-06-17T23:33:00Z,4708.887067599143,-4199.768841549232,-3557.4728639754244,-3.4469512141231315,1.5621986898739215,-6.406444727788655,7243.430742111899,7.4407305736331955
numerical_gravity_20x20,2026-06-17T06:30:00Z,EarthMJ2000Eq,61440.0,2026-06-17T23:34:00Z,4493.31608972651,-4098.172474973948,-3934.888875564349,-3.7364703345234953,1.8232658497516816,-6.170136178024971,7243.497606810489,7.440167294827277
numerical_gravity_20x20,2026-06-17T06:30:00Z,EarthMJ2000Eq,61500.0,2026-06-17T23:35:00Z,4260.794858010671,-3981.116607935921,-4297.42446386937,-4.011779914881227,2.0773506083325928,-5.9105936040513685,7243.722750816483,7.439413981466361
numerical_gravity_20x20,2026-06-17T06:30:00Z,EarthMJ2000Eq,61560.0,2026-06-17T23:36:00Z,4012.2076924319344,-3849.0495247146996,-4643.715825214512,-4.271832001588707,2.3234803819974417,-5.628839773518708,7244.107224238481,7.438477460560763
numerical_gravity_20x20,2026-06-17T06:30:00Z,EarthMJ2000Eq,61620.0,2026-06-17T23:37:00Z,3748.4998942845295,-3702.476848281124,-4972.463142707939,-4.515642527935895,2.560717127618451,-5.325983947475583,7244.651542696707,7.437365437878481
numerical_gravity_20x20,2026-06-17T06:30:00Z,EarthMJ2000Eq,61680.0,2026-06-17T23:38:00Z,3470.6737926586197,-3541.959350837961,-5282.435615284881,-4.742295253723208,2.7881612015552313,-5.003216448717551,7245.355660536341,7.436086470184531
numerical_gravity_20x20,2026-06-17T06:30:00Z,EarthMJ2000Eq,61740.0,2026-06-17T23:39:00Z,3179.7845683567693,-3368.110541220862,-5572.476148101048,-4.950945230909761,3.004954927783069,-4.66180283371017,7246.218940951069,7.434649854422467
numerical_gravity_20x20,2026-06-17T06:30:00Z,EarthMJ2000Eq,61800.0,2026-06-17T23:40:00Z,2876.9358847095536,-3181.5940476029737,-5841.505685639785,-5.140821782445919,3.210285857249092,-4.30307783327291,7247.2401259951475,7.433065499733515
numerical_gravity_20x20,2026-06-17T06:30:00Z,EarthMJ2000Eq,61860.0,2026-06-17T23:41:00Z,2563.275352728017,-2983.120812956198,-6088.527176270306,-5.311231054794279,3.4033897553888504,-3.928439126803703,7248.417309646117,7.43134382985333
numerical_gravity_20x20,2026-06-17T06:30:00Z,EarthMJ2000Eq,61920.0,2026-06-17T23:42:00Z,2239.989855262152,-2773.4461192979547,-6312.629157661582,-5.4615581612112996,3.583553314676468,-3.53934092578879,7249.747913581921,7.429495682506714
numerical_gravity_20x20,2026-06-17T06:30:00Z,EarthMJ2000Eq,61980.0,2026-06-17T23:43:00Z,1908.3007559441155,-2553.366459025857,-6512.988951879525,-5.591268870140428,3.750116526752419,-3.137287395172198,7251.228663924472,7.4275321434733215
numerical_gravity_20x20,2026-06-17T06:30:00Z,EarthMJ2000Eq,62040.0,2026-06-17T23:44:00Z,1569.4590211889372,-2323.716275366817,-6688.875464416946,-5.6999108191294825,3.9024746746363577,-2.723826061158052,7252.855570468433,7.425464318387859
numerical_gravity_20x20,2026-06-17T06:30:00Z,EarthMJ2000Eq,62100.0,2026-06-17T23:45:00Z,1224.740281844574,-2085.364593196673,-6839.651591650175,-5.7871143340395035,4.04008001621096,-2.3005413703379216,7254.623914421327,7.423303136021654
numerical_gravity_20x20,2026-06-17T06:30:00Z,EarthMJ2000Eq,62160.0,2026-06-17T23:46:00Z,875.4398539589383,-1839.2115544447909,-6964.7762473737785,-5.852592995475245,4.162443305111473,-1.869048419010977,7256.528250884498,7.421059293090216
numerical_gravity_20x20,2026-06-17T06:30:00Z,EarthMJ2000Eq,62220.0,2026-06-17T23:47:00Z,522.867730701226,-1586.1848646347735,-7063.806014338197,-5.896144036835304,4.269135233725475,-1.4309866863114276,7258.562426321452,7.418743360121399
numerical_gravity_20x20,2026-06-17T06:30:00Z,EarthMJ2000Eq,62280.0,2026-06-17T23:48:00Z,168.343556657808,-1327.2361567201542,-7136.396414539303,-5.917648510431497,4.359787720444723,-0.9880135684488681,7260.719603057461,7.416365934323345
numerical_gravity_20x20,2026-06-17T06:30:00Z,EarthMJ2000Eq,62340.0,2026-06-17T23:49:00Z,-186.808396556444,-1063.3372871346214,-7182.302784443584,-5.917071046357248,4.434094848663396,-0.5417976964385869,7262.992279402537,7.4139376608148435
numerical_gravity_20x20,2026-06-17T06:30:00Z,EarthMJ2000Eq,62400.0,2026-06-17T23:50:00Z,-541.2642244065242,-795.4765897325245,-7201.38074859231,-5.8944590771045675,4.4918133238825515,-0.09401229055852152,7265.372299588702,7.411469021661313
numerical_gravity_20x20,2026-06-17T06:30:00Z,EarthMJ2000Eq,62460.0,2026-06-17T23:51:00Z,-893.705322340111,-524.655115532778,-7193.586304696676,-5.849941605727838,4.532762520580761,0.3536710934098511,7267.8508595425465,7.408969975693043
numerical_gravity_20x20,2026-06-17T06:30:00Z,EarthMJ2000Eq,62520.0,2026-06-17T23:52:00Z,-1242.8232376420294,-251.88287596464255,-7158.975549846244,-5.7837277879412,4.556824364703232,0.7995882797292221,7270.418523477419,7.406449678006093
numerical_gravity_20x20,2026-06-17T06:30:00Z,EarthMJ2000Eq,62580.0,2026-06-17T23:53:00Z,-1587.3244373629868,21.82490774435307,-7097.704075131799,-5.69610557795421,4.563943267150412,1.2420878736817476,7273.065263985352,7.403916476224992
numerical_gravity_20x20,2026-06-17T06:30:00Z,EarthMJ2000Eq,62640.0,2026-06-17T23:54:00Z,-1925.9349976269668,295.4515531085552,-7010.0260352127425,-5.587440435219283,4.554126096907071,1.6795367595170536,7275.780525117502,7.401378172355641
numerical_gravity_20x20,2026-06-17T06:30:00Z,EarthMJ2000Eq,62700.0,2026-06-17T23:55:00Z,-2257.405210916601,567.9826590346333,-6896.292878752951,-5.4581738290142425,4.527441965303158,2.110325908848757,7278.5532942183045,7.398842324207379
numerical_gravity_20x20,2026-06-17T06:30:00Z,EarthMJ2000Eq,62760.0,2026-06-17T23:56:00Z,-2580.514090310295,838.4098238011829,-6756.951725065284,-5.308821270128771,4.484021596149661,2.5328763023846794,7281.372165862629,7.396316334236259
numerical_gravity_20x20,2026-06-17T06:30:00Z,EarthMJ2000Eq,62820.0,2026-06-17T23:57:00Z,-2894.0737403623298,1105.73431206506,-6592.543392652565,-5.1399698595141805,4.424056278700053,2.9456445447408326,7284.225392417494,7.393807266745665
numerical_gravity_20x20,2026-06-17T06:30:00Z,EarthMJ2000Eq,62880.0,2026-06-17T23:58:00Z,-3196.9335725173914,1368.9706517451773,-6403.700107043444,-4.95227561088673,4.347796622753316,3.3471279317646867,7287.100930642902,7.391321572669398
numerical_gravity_20x20,2026-06-17T06:30:00Z,EarthMJ2000Eq,62940.0,2026-06-17T23:59:00Z,-3487.9843601824728,1627.1501563859651,-6191.142918157102,-4.746460811694841,4.255551345374291,3.7358691181735373,7289.986499394306,7.388864970900098
numerical_gravity_20x20,2026-06-17T06:30:00Z,EarthMJ2000Eq,63000.0,2026-06-18T00:00:00Z,-3766.1621378641344,1879.3243771324114,-5955.678840639328,-4.523311443255126,4.1476861234686115,4.110460741026761,7292.869655766822,7.386442587268862
numerical_gravity_20x20,2026-06-17T06:30:00Z,EarthMJ2000Eq,63060.0,2026-06-18T00:01:00Z,-4030.451942185437,2124.5684839617193,-5698.197712160328,-4.283674445447046,4.024622346824353,4.469550205374306,7295.737883735884,7.384059237810563
numerical_gravity_20x20,2026-06-17T06:30:00Z,EarthMJ2000Eq,63120.0,2026-06-18T00:02:00Z,-4279.891378268001,2361.984564048731,-5419.668761812591,-4.028454607574824,3.8868355788988564,4.811844520998733,7298.57868206848,7.381719653099159
numerical_gravity_20x20,2026-06-17T06:30:00Z,EarthMJ2000Eq,63180.0,2026-06-18T00:03:00Z,-4513.573987233625,2590.7048171105794,-5121.13689383005,-3.7586110636368018,3.734853666472593,5.136114908745561,7301.3796417512285,7.379428527568728
numerical_gravity_20x20,2026-06-17T06:30:00Z,EarthMJ2000Eq,63240.0,2026-06-18T00:04:00Z,-4730.65239534739,2809.89462874337,-4803.718707088094,-3.4751535517431384,3.569254584649761,5.441200987371466,7304.128512497226,7.377190432895745
numerical_gravity_20x20,2026-06-17T06:30:00Z,EarthMJ2000Eq,63300.0,2026-06-18T00:05:00Z,-4930.341236121324,3018.7555097465715,-4468.598275978119,-3.1791386062634004,3.390664142583599,5.726014558174784,7306.813264638576,7.375009717015032
numerical_gravity_20x20,2026-06-17T06:30:00Z,EarthMJ2000Eq,63360.0,2026-06-18T00:06:00Z,-5111.919843340978,3216.527895472322,-4117.022713041509,-2.8716657247722672,3.1997536158443105,5.989543117097334,7309.422152728253,7.3728904771811585
numerical_gravity_20x20,2026-06-17T06:30:00Z,EarthMJ2000Eq,63420.0,2026-06-18T00:07:00Z,-5274.734711715733,3402.493800820197,-3750.2975265791224,-2.553873439644425,2.9972372964536618,6.230853182950937,7311.943782706771,7.370836610891868
numerical_gravity_20x20,2026-06-17T06:30:00Z,EarthMJ2000Eq,63480.0,2026-06-18T00:08:00Z,-5418.201716949248,3575.979324737082,-3369.7817841694414,-2.2269352196823746,2.783869919348196,6.449093430296776,7314.36718037993,7.368851896544709
numerical_gravity_20x20,2026-06-17T06:30:00Z,EarthMJ2000Eq,63540.0,2026-06-18T00:09:00Z,-5541.808084523499,3736.3569957152827,-2976.883095628741,-1.8920551979509708,2.560443931969791,6.643497564761669,7316.6818579299115,7.366940063136692
numerical_gravity_20x20,2026-06-17T06:30:00Z,EarthMJ2000Eq,63600.0,2026-06-18T00:10:00Z,-5645.1140981883145,3883.0479483747986,-2573.0524323985524,-1.5504637773406849,2.3277865933529913,6.813386895853742,7318.877876479037,7.365104842541683
numerical_gravity_20x20,2026-06-17T06:30:00Z,EarthMJ2000Eq,63660.0,2026-06-18T00:11:00Z,-5727.754542336243,4015.5239208983953,-2159.778802003347,-1.2034131588430546,2.086756904968424,6.958172594210746,7320.945904058006,7.36335001627218
numerical_gravity_20x20,2026-06-17T06:30:00Z,EarthMJ2000Eq,63720.0,2026-06-18T00:12:00Z,-5789.439873996349,4133.309063637912,-1738.5837967937114,-0.8521727991255801,1.83824238956656,7.0773576211077005,7322.877268440583,7.361679459160128
numerical_gravity_20x20,2026-06-17T06:30:00Z,EarthMJ2000Eq,63780.0,2026-06-18T00:13:00Z,-5829.957119946232,4235.981550653559,-1311.0160375498565,-0.4980247904597164,1.5831557501094131,7.17053829663941,7324.664003802633,7.360097165431265
numerical_gravity_20x20,2026-06-17T06:30:00Z,EarthMJ2000Eq,63840.0,2026-06-18T00:14:00Z,-5849.170494711647,4323.174988303584,-878.6455347851534,-0.1422591838296361,1.3224314538679203,7.237405471023638,7326.298890401406,7.358607244415616
numerical_gravity_20x20,2026-06-17T06:30:00Z,EarthMJ2000Eq,63900.0,2026-06-18T00:15:00Z,-5847.021737500112,4394.579617759531,-443.05799176698423,0.21383069404799415,1.0570222850565947,7.277745300661761,7327.775487806305,7.357213897809935
numerical_gravity_20x20,2026-06-17T06:30:00Z,EarthMJ2000Eq,63960.0,2026-06-18T00:16:00Z,-5823.530169022558,4449.943310300115,-5.849071758031716,0.5689528921982568,0.7878958849122802,7.291439673840491,7329.088163342087,7.355921413137691
numerical_gravity_20x20,2026-06-17T06:30:00Z,EarthMJ2000Eq,64020.0,2026-06-18T00:17:00Z,-5778.792470046147,4489.0723542785745,431.38135086298814,0.9218214644974329,0.5160312620692871,7.278466324523544,7330.232116630592,7.354734197308852
numerical_gravity_20x20,2026-06-17T06:30:00Z,EarthMJ2000Eq,64080.0,2026-06-18T00:18:00Z,-5712.982182129632,4511.83203098575,867.0349364696871,1.2711611033038401,0.24241524124162997,7.238898607159657,7331.203398502776,7.353656828033036
numerical_gravity_20x20,2026-06-17T06:30:00Z,EarthMJ2000Eq,64140.0,2026-06-18T00:19:00Z,-5626.348930637509,4518.1469754549225,1299.520600296666,1.6157117516260666,-0.03196114881367705,7.172904848583949,7331.998920600964,7.352694060425415
numerical_gravity_20x20,2026-06-17T06:30:00Z,EarthMJ2000Eq,64200.0,2026-06-18T00:20:00Z,-5519.217374161217,4508.00132016685,1727.2601794773752,1.9542330891873951,-0.3061062848896942,7.080747227425291,7332.616453454886,7.351850741358588
numerical_gravity_20x20,2026-06-17T06:30:00Z,EarthMJ2000Eq,64260.0,2026-06-18T00:21:00Z,-5391.985891527286,4481.4386246171325,2148.694020083528,2.2855087804636027,-0.57903146370362,6.962780250065945,7333.054615409756,7.3511316565712095
numerical_gravity_20x20,2026-06-17T06:30:00Z,EarthMJ2000Eq,64320.0,2026-06-18T00:22:00Z,-5245.125021718014,4438.56159825563,2562.2864645173813,2.608350472336315,-0.8497542747440902,6.819448979835809,7333.31285853883,7.350541402003433
numerical_gravity_20x20,2026-06-17T06:30:00Z,EarthMJ2000Eq,64380.0,2026-06-18T00:23:00Z,-5079.175668956489,4379.531624446108,2966.53122825994,2.9216016474331754,-1.1173018730860462,6.651287125659111,7333.391456473913,7.350084359369249
numerical_gravity_20x20,2026-06-17T06:30:00Z,EarthMJ2000Eq,64440.0,2026-06-18T00:24:00Z,-4894.747077827607,4304.568088976001,3359.956656909522,3.2241414480511397,-1.3807142330842934,6.458914942664981,7333.2914932411495,7.349764765423709
numerical_gravity_20x20,2026-06-17T06:30:00Z,EarthMJ2000Eq,64500.0,2026-06-18T00:25:00Z,-4692.514579616576,4213.947513041774,3741.1308479642867,3.5148884641714724,-1.6390474080078594,6.243036799211174,7333.014846853582,7.349586777334347
numerical_gravity_20x20,2026-06-17T06:30:00Z,EarthMJ2000Eq,64560.0,2026-06-18T00:26:00Z,-4473.217115656358,4108.002492025588,4108.666614268296,3.7928043510939213,-1.8913767269875807,6.0044383322135495,7332.564161703076,7.3495544391767496
numerical_gravity_20x20,2026-06-17T06:30:00Z,EarthMJ2000Eq,64620.0,2026-06-18T00:27:00Z,-4237.654552345524,3987.120446867187,4461.226266172865,4.056897141485178,-2.136799831928204,5.743983274586144,7331.942809435424,7.349671543480318
numerical_gravity_20x20,2026-06-17T06:30:00Z,EarthMJ2000Eq,64680.0,2026-06-18T00:28:00Z,-3986.684807387823,3851.7421990671473,4797.526197712558,4.306224234125697,-2.374439522092147,5.462610120657129,7331.154843492929,7.349941464321354
numerical_gravity_20x20,2026-06-17T06:30:00Z,EarthMJ2000Eq,64740.0,2026-06-18T00:29:00Z,-3721.2208044395306,3702.3603797171318,5116.341270556588,4.539895140874468,-2.6034464528963905,5.161328724995617,7330.204953034627,7.350367033740511
numerical_gravity_20x20,2026-06-17T06:30:00Z,EarthMJ2000Eq,64800.0,2026-06-18T00:30:00Z,-3442.2272683079564,3539.5176796041746,5416.508991618816,4.757074060040848,-2.8230017386181,4.841216817575777,7329.098418441443,7.350950462609095
numerical_gravity_20x20,2026-06-17T06:30:00Z,EarthMJ2000Eq,64860.0,2026-06-18T00:31:00Z,-3150.717370808594,3363.8049461173146,5696.93347819644,4.956982278349734,-3.0323194504153856,4.50341640719947,7327.841068229695,7.351693267123852
numerical_gravity_20x20,2026-06-17T06:30:00Z,EarthMJ2000Eq,64920.0,2026-06-18T00:32:00Z,-2847.749237675966,3175.859134268739,5956.589204959143,5.138900407301744,-3.230648979078851,4.149130118808905,7326.439238677819,7.352596205762727
numerical_gravity_20x20,2026-06-17T06:30:00Z,EarthMJ2000Eq,64980.0,2026-06-18T00:33:00Z,-2534.422324337437,2976.3611194812706,6194.524530637181,5.302170537633675,-3.417277292150039,3.779617512423105,7324.899739404326,7.353659296011088
numerical_gravity_20x20,2026-06-17T06:30:00Z,EarthMJ2000Eq,65040.0,2026-06-18T00:34:00Z,-2211.8736622040337,2766.033375865725,6409.86500143716,5.446198409781693,-3.5915311754768373,3.3961912914363603,7323.229825056976,7.354881956303504
numerical_gravity_20x20,2026-06-17T06:30:00Z,EarthMJ2000Eq,65100.0,2026-06-18T00:35:00Z,-1881.2739748868757,2545.6375192011665,6601.816418140188,5.570455553325583,-3.752779496272469,3.0002131797272598,7321.4371653778935,7.356263191527884
numerical_gravity_20x20,2026-06-17T06:30:00Z,EarthMJ2000Eq,65160.0,2026-06-18T00:36:00Z,-1543.8236726253901,2315.971715947559,6769.667642202953,5.674481158942291,-3.90043537489226,2.5930893477366577,7319.529800958346,7.357801635152127
numerical_gravity_20x20,2026-06-17T06:30:00Z,EarthMJ2000Eq,65220.0,2026-06-18T00:37:00Z,-1200.7487487984977,2077.8679696940085,6912.793117935604,5.757883446635012,-4.033958068807571,2.1762655819884795,7317.516077782085,7.35949532028378
numerical_gravity_20x20,2026-06-17T06:30:00Z,EarthMJ2000Eq,65280.0,2026-06-18T00:38:00Z,-853.296609656268,1832.18930586964,7030.655107605165,5.820340557423105,-4.152854484732772,1.7512226168840155,7315.404568353588,7.3613412656686075
numerical_gravity_20x20,2026-06-17T06:30:00Z,EarthMJ2000Eq,65340.0,2026-06-18T00:39:00Z,-502.73185705325085,1579.826873715111,7122.805659073009,5.86160129671667,-4.25668046577114,1.3194718998823367,7313.203998790897,7.363335144072098
numerical_gravity_20x20,2026-06-17T06:30:00Z,EarthMJ2000Eq,65400.0,2026-06-18T00:40:00Z,-150.3320217085639,1321.6969710480062,7188.888329396247,5.881486079927174,-4.345042118475696,0.882551628738927,7310.923198376387,7.365471261032427
numerical_gravity_20x20,2026-06-17T06:30:00Z,EarthMJ2000Eq,65460.0,2026-06-18T00:41:00Z,202.6167683757907,1058.737984178977,7228.6396673479285,5.879888121102175,-4.417597315586406,0.4420225984196715,7308.571071989817,7.367742825103789
numerical_gravity_20x20,2026-06-17T06:30:00Z,EarthMJ2000Eq,65520.0,2026-06-18T00:42:00Z,554.8241910309969,791.9072347183043,7241.890431972285,5.8567745635836115,-4.47405726139821,-0.0005364649926835642,7306.156580586275,7.370142261497043
numerical_gravity_20x20,2026-06-17T06:30:00Z,EarthMJ2000Eq,65580.0,2026-06-18T00:43:00Z,905.000190309784,522.1777362736335,7228.566517409262,5.812187221356164,-4.514187897754476,-0.44353397840466485,7303.6887138849825,7.372661328335131
numerical_gravity_20x20,2026-06-17T06:30:00Z,EarthMJ2000Eq,65640.0,2026-06-18T00:44:00Z,1251.859467710971,250.5348744423805,7188.689570075635,5.746242887517914,-4.537811057745721,-0.8853706244744713,7301.176452129045,7.375291022111051
numerical_gravity_20x20,2026-06-17T06:30:00Z,EarthMJ2000Eq,65700.0,2026-06-18T00:45:00Z,1594.125984306834,-22.02697701445918,7122.377302685099,5.659133433719194,-4.544805464071463,-1.3244443335355376,7298.628726230872,7.37802146374803
numerical_gravity_20x20,2026-06-17T06:30:00Z,EarthMJ2000Eq,65760.0,2026-06-18T00:46:00Z,1930.5374676660106,-294.50789833186093,7029.843510251875,5.551125880415637,-4.535107682371564,-1.75915528133745,7296.054385410826,7.380841925876973
numerical_gravity_20x20,2026-06-17T06:30:00Z,EarthMJ2000Eq,65820.0,2026-06-18T00:47:00Z,2259.8499207264904,-565.9059208497341,6911.397779402114,5.4225623594261965,-4.5087129762110125,-2.187911137354005,7293.462171053249,7.383740948101921
numerical_gravity_20x20,2026-06-17T06:30:00Z,EarthMJ2000Eq,65880.0,2026-06-18T00:48:00Z,2580.8421201038304,-835.2205685619815,6767.4448754541245,5.273859774875526,-4.465675912739764,-2.6091325213285006,7290.860689202704,7.386706356457409
numerical_gravity_20x20,2026-06-17T06:30:00Z,EarthMJ2000Eq,65940.0,2026-06-18T00:49:00Z,2892.320084090958,-1101.4564275639884,6598.483802873407,5.105509155045784,-4.406110705429502,-3.021258388187496,7288.258380946757,7.389725132164936
numerical_gravity_20x20,2026-06-17T06:30:00Z,EarthMJ2000Eq,66000.0,2026-06-18T00:50:00Z,3193.1214978050125,-1363.6267329397315,6405.106548381398,4.918074913319499,-4.330191495046634,-3.422751240681479,7285.6635018816705,7.3927833251342765
numerical_gravity_20x20,2026-06-17T06:30:00Z,EarthMJ2000Eq,66060.0,2026-06-18T00:51:00Z,3482.1200951969818,-1620.7569756417752,6187.996509154486,4.712194141637897,-4.23815274267808,-3.8121024942394426,7283.08412204433,7.395866259292608
numerical_gravity_20x20,2026-06-17T06:30:00Z,EarthMJ2000Eq,66120.0,2026-06-18T00:52:00Z,3758.2299942876243,-1871.8885334875351,5947.9265832844485,4.488575687005116,-4.1302895839160225,-4.187838414190661,7280.528141000973,7.398959003018573
numerical_gravity_20x20,2026-06-17T06:30:00Z,EarthMJ2000Eq,66180.0,2026-06-18T00:53:00Z,4020.409959246003,-2116.0823118918915,5685.756886782201,4.247998575595696,-4.006957728761134,-4.548526557379242,7278.003295320593,7.402046742727711
numerical_gravity_20x20,2026-06-17T06:30:00Z,EarthMJ2000Eq,66240.0,2026-06-18T00:54:00Z,4267.66754416929,-2352.422357802533,5402.432084510019,3.9913096761489886,-3.8685726682415837,-4.892782069607569,7275.5171393371365,7.405114705462683
numerical_gravity_20x20,2026-06-17T06:30:00Z,EarthMJ2000Eq,66300.0,2026-06-18T00:55:00Z,4499.063083846225,-2580.0194108427104,5098.978363736881,3.7194210400073224,-3.715608460109833,-5.219273254550146,7273.077006783986,7.408147704207266
numerical_gravity_20x20,2026-06-17T06:30:00Z,EarthMJ2000Eq,66360.0,2026-06-18T00:56:00Z,4713.713529807411,-2798.0143830792117,4776.500093010505,3.4333074650748463,-3.548596646924515,-5.526726599939444,7270.689985657273,7.41112982093694
numerical_gravity_20x20,2026-06-17T06:30:00Z,EarthMJ2000Eq,66420.0,2026-06-18T00:57:00Z,4910.796148715388,-3005.5817848108604,4436.176175017315,3.134004276860824,-3.3681255175050193,-5.813932102945405,7268.362933647162,7.414044699535442
numerical_gravity_20x20,2026-06-17T06:30:00Z,EarthMJ2000Eq,66480.0,2026-06-18T00:58:00Z,5089.552078407793,-3201.9331063727946,4079.256054390691,2.822604665695065,-3.174839260444428,-6.079749467105204,7266.102527063207,7.416876364833708
numerical_gravity_20x20,2026-06-17T06:30:00Z,EarthMJ2000Eq,66540.0,2026-06-18T00:59:00Z,5249.289693253427,-3386.3201277241974,3707.055335681806,2.500255933359319,-2.969436307293846,-6.323114746953465,7263.915304636586,7.419609950564367
numerical_gravity_20x20,2026-06-17T06:30:00Z,EarthMJ2000Eq,66600.0,2026-06-18T01:00:00Z,5389.387711642555,-3558.0380969958233,3320.9510160392856,2.168154739294281,-2.7526666530314263,-6.543046371402284,7261.807671441718,7.422231773163385
numerical_gravity_20x20,2026-06-17T06:30:00Z,EarthMJ2000Eq,66660.0,2026-06-18T01:01:00Z,5509.298006712019,-3716.4287293599823,2922.3763932646675,1.827542105868089,-2.5253286736685183,-6.7386499251005025,7259.785865373984,7.424728807965323
numerical_gravity_20x20,2026-06-17T06:30:00Z,EarthMJ2000Eq,66720.0,2026-06-18T01:02:00Z,5608.5481272035795,-3860.883018209432,2512.8157155303206,1.4796987944554574,-2.288266138154871,-6.909122125607078,7257.85592276899,7.42708819039416
numerical_gravity_20x20,2026-06-17T06:30:00Z,EarthMJ2000Eq,66780.0,2026-06-18T01:03:00Z,5686.743549507404,-3990.8438781729083,2093.7985927220398,1.125940871953377,-2.0423655465851245,-7.053754926963238,7256.023677242174,7.42929730477057
numerical_gravity_20x20,2026-06-17T06:30:00Z,EarthMJ2000Eq,66840.0,2026-06-18T01:04:00Z,5743.569651549764,-4105.80862566774,1666.8941465955922,0.7676147527371878,-1.7885532585688564,-7.171940092441164,7254.294790588933,7.431344417864241
numerical_gravity_20x20,2026-06-17T06:30:00Z,EarthMJ2000Eq,66900.0,2026-06-18T01:05:00Z,5778.793361260583,-4205.331265256826,1233.7048861618641,0.4060913024697354,-1.5277918326548225,-7.263173625577198,7252.6747830600825,7.43321929887371
numerical_gravity_20x20,2026-06-17T06:30:00Z,EarthMJ2000Eq,66960.0,2026-06-18T01:06:00Z,5792.264429853632,-4289.024531007776,795.8603440794345,0.04275933413180647,-1.2610755780556993,-7.327059196008153,7251.169032660342,7.434913344218045
numerical_gravity_20x20,2026-06-17T06:30:00Z,EarthMJ2000Eq,67020.0,2026-06-18T01:07:00Z,5783.916313675904,-4356.561650079392,355.0105455074515,-0.32098083856918946,-0.989425846509402,-7.363310334110107,7249.782743087564,7.436419251284998
numerical_gravity_20x20,2026-06-17T06:30:00Z,EarthMJ2000Eq,67080.0,2026-06-18T01:08:00Z,5753.766679809347,-4407.677828640659,-87.18062926205825,-0.6837235014264506,-0.7138865250788902,-7.371751887094718,7248.520904908341,7.437730680925237
numerical_gravity_20x20,2026-06-17T06:30:00Z,EarthMJ2000Eq,67140.0,2026-06-18T01:09:00Z,5701.917550087221,-4442.171473895249,-529.0421615044417,-1.0440635653246433,-0.43551970218335806,-7.352321255707002,7247.3882716555645,7.438842247725735
numerical_gravity_20x20,2026-06-17T06:30:00Z,EarthMJ2000Eq,67200.0,2026-06-18T01:10:00Z,5628.555075840997,-4459.905152623812,-968.9026791700782,-1.4006028878261738,-0.15540116005760196,-7.305069385100417,7246.389350143893,7.4397497734174936
numerical_gravity_20x20,2026-06-17T06:30:00Z,EarthMJ2000Eq,67260.0,2026-06-18T01:11:00Z,5533.948923569666,-4460.806268132175,-1405.0972836271237,-1.7519568807683263,0.1253845075375167,-7.230161088576258,7245.52838838835,7.440450493993232
numerical_gravity_20x20,2026-06-17T06:30:00Z,EarthMJ2000Eq,67320.0,2026-06-18T01:12:00Z,5418.451264130605,-4444.867436034832,-1835.9743681226348,-2.0967610521869218,0.405749005314896,-7.127874438665296,7244.809349188198,7.440943030198534
numerical_gravity_20x20,2026-06-17T06:30:00Z,EarthMJ2000Eq,67380.0,2026-06-18T01:13:00Z,5282.495379344371,-4412.146553900967,-2259.9023745069812,-2.433677193336569,0.6846053907482192,-6.998599367819193,7244.235873313148,7.441227206156744
numerical_gravity_20x20,2026-06-17T06:30:00Z,EarthMJ2000Eq,67440.0,2026-06-18T01:14:00Z,5126.593908284155,-4362.766573020612,-2675.2764501070333,-2.7613992280010393,0.9608729491548708,-6.842835781791326,7243.811245167803,7.44130392185308
numerical_gravity_20x20,2026-06-17T06:30:00Z,EarthMJ2000Eq,67500.0,2026-06-18T01:15:00Z,4951.336747932568,-4296.91498121681,-3080.5249804483947,-3.0786589156386697,1.2334819736116747,-6.6611913037781365,7243.538368946457,7.441175181622584
numerical_gravity_20x20,2026-06-17T06:30:00Z,EarthMJ2000Eq,67560.0,2026-06-18T01:16:00Z,4757.3886128677495,-4214.842998627471,-3474.115972786663,-3.3842315167479495,1.5013785635827248,-6.454378524944127,7243.419752388658,7.440844219132381
numerical_gravity_20x20,2026-06-17T06:30:00Z,EarthMJ2000Eq,67620.0,2026-06-18T01:17:00Z,4545.486257467231,-4116.864484958796,-3854.5632551705,-3.676941354229638,1.763529428902632,-6.223211581243194,7243.4574888273555,7.440315595051674
numerical_gravity_20x20,2026-06-17T06:30:00Z,EarthMJ2000Eq,67680.0,2026-06-18T01:18:00Z,4316.435371610289,-4003.354561614934,-4220.432447823547,-3.9556671048530965,2.0189265618588133,-5.9686019891157365,7243.653229547464,7.439595177902643
numerical_gravity_20x20,2026-06-17T06:30:00Z,EarthMJ2000Eq,67740.0,2026-06-18T01:19:00Z,4071.107171470981,-3874.7479614783992,-4570.346664246504,-4.21934664427432,2.2665916220143276,-5.6915538267656975,7244.008144526938,7.438689982013349
numerical_gravity_20x20,2026-06-17T06:30:00Z,EarthMJ2000Eq,67800.0,2026-06-18T01:20:00Z,3810.4347163968428,-3731.537126369464,-4902.991908616498,-4.466981319391169,2.505579959756941,-5.393158471630393,7244.522876584408,7.437607904605078
numerical_gravity_20x20,2026-06-17T06:30:00Z,EarthMJ2000Eq,67860.0,2026-06-18T01:21:00Z,3535.4089870966013,-3574.2700730248835,-5217.1221504927535,-4.697639645810221,2.7349843260747964,-5.074589143679897,7245.197498628098,7.436357474121094
numerical_gravity_20x20,2026-06-17T06:30:00Z,EarthMJ2000Eq,67920.0,2026-06-18T01:22:00Z,3247.074755694082,-3403.5480427228795,-5511.564070131737,-4.9104605826024805,2.953938397333635,-4.737095385585454,7246.031482636246,7.434947738933321
numerical_gravity_20x20,2026-06-17T06:30:00Z,EarthMJ2000Eq,67980.0,2026-06-18T01:23:00Z,2946.5262670646975,-3220.022942378293,-5785.2214686063735,-5.1046565702703095,3.1616202059681418,-4.381997372939233,7247.023680985792,7.43338832590066
numerical_gravity_20x20,2026-06-17T06:30:00Z,EarthMJ2000Eq,68040.0,2026-06-18T01:24:00Z,2634.9027440304244,-3024.3945838010604,-6037.079325312317,-5.279516344772913,3.357255411553012,-4.01067981427613,7248.1723109441655,7.4316895323855094
numerical_gravity_20x20,2026-06-17T06:30:00Z,EarthMJ2000Eq,68100.0,2026-06-18T01:25:00Z,2313.383735391541,-2817.4077365432463,-6266.207474461594,-5.434407317040061,3.540120204916999,-3.6245853667209684,7249.474930924736,7.429862248615913
numerical_gravity_20x20,2026-06-17T06:30:00Z,EarthMJ2000Eq,68160.0,2026-06-18T01:26:00Z,1983.1843400954942,-2599.8490222260734,-6471.763878017888,-5.568777302692177,3.7095436742022607,-3.2252078375928495,7250.92840662401,7.42791764315302
numerical_gravity_20x20,2026-06-17T06:30:00Z,EarthMJ2000Eq,68220.0,2026-06-18T01:27:00Z,1645.5503467608257,-2372.5436825296606,-6652.997495110829,-5.682155648940134,3.8649096788229294,-2.81408559294251,7252.528878893695,7.425866775578998
numerical_gravity_20x20,2026-06-17T06:30:00Z,EarthMJ2000Eq,68280.0,2026-06-18T01:28:00Z,1301.7533163316712,-2136.352243570614,-6809.250767579124,-5.774154061359357,4.00565847668188,-2.392795345636663,7254.27174987032,7.423720396285587
numerical_gravity_20x20,2026-06-17T06:30:00Z,EarthMJ2000Eq,68340.0,2026-06-18T01:29:00Z,953.0856170303343,-1892.1670839638546,-6939.9617388902025,-5.8444673881029505,4.131288329993953,-1.962946079890888,7256.151693858549,7.421489043898276
numerical_gravity_20x20,2026-06-17T06:30:00Z,EarthMJ2000Eq,68400.0,2026-06-18T01:30:00Z,600.8554140598393,-1640.9089064759573,-7044.665802407225,-5.89287430631243,4.241357091638372,-1.5261727173114583,7258.162683183877,7.419183292779209
numerical_gravity_20x20,2026-06-17T06:30:00Z,EarthMJ2000Eq,68460.0,2026-06-18T01:31:00Z,246.3816285477247,-1383.5231200129258,-7122.997057581043,-5.919237605094946,4.335483565499686,-1.0841293970202912,7260.298011294324,7.416813879407491
numerical_gravity_20x20,2026-06-17T06:30:00Z,EarthMJ2000Eq,68520.0,2026-06-18T01:32:00Z,-109.01110185659051,-1120.976152351333,-7174.689257636343,-5.923503831615793,4.413348431903397,-0.6384826499795692,7262.550302621713,7.4143915541921634
numerical_gravity_20x20,2026-06-17T06:30:00Z,EarthMJ2000Eq,68580.0,2026-06-18T01:33:00Z,-463.9974232424597,-854.2517215287451,-7199.576355492335,-5.90570238108705,4.474694715451912,-0.1909048936090745,7264.911514332074,7.411926746054254
numerical_gravity_20x20,2026-06-17T06:30:00Z,EarthMJ2000Eq,68640.0,2026-06-18T01:34:00Z,-817.2562023152224,-584.3470889394127,-7197.592674715674,-5.865944353271566,4.519327964005914,0.25693156276736184,7267.372945686453,7.409429278282537
numerical_gravity_20x20,2026-06-17T06:30:00Z,EarthMJ2000Eq,68700.0,2026-06-18T01:35:00Z,-1167.4753950024547,-312.2693050988448,-7168.772732231888,-5.804421445239159,4.547116339876828,0.7033601871016172,7269.9252680639365,7.406908320961365
numerical_gravity_20x20,2026-06-17T06:30:00Z,EarthMJ2000Eq,68760.0,2026-06-18T01:36:00Z,-1513.3568501982056,-39.0314505234488,-7113.250721528565,-5.721404868692735,4.557990685390884,1.1467259281298188,7272.558575735121,7.404372567196776
numerical_gravity_20x20,2026-06-17T06:30:00Z,EarthMJ2000Eq,68820.0,2026-06-18T01:37:00Z,-1853.621043151841,234.35112393409523,-7031.259646942364,-5.617244036638963,4.551944445327279,1.5853911467424,7275.262444999807,7.401830441767161
numerical_gravity_20x20,2026-06-17T06:30:00Z,EarthMJ2000Eq,68880.0,2026-06-18T01:38:00Z,-2187.0117165748184,506.8645432116218,-6923.13009822252,-5.492364776461129,4.529033268632327,2.0177416239982784,7278.0259872107645,7.399290131310202
numerical_gravity_20x20,2026-06-17T06:30:00Z,EarthMJ2000Eq,68940.0,2026-06-18T01:39:00Z,-2512.300399754449,777.5001186785438,-6789.288671321207,-5.347267077380814,4.4893742309499896,2.442192284990459,7280.83789104537,7.396759380919828
numerical_gravity_20x20,2026-06-17T06:30:00Z,EarthMJ2000Eq,69000.0,2026-06-18T01:40:00Z,-2828.290784786732,1045.25800380817,-6630.256061023926,-5.182522634801265,4.433144815943521,2.8571924007302236,7283.686463088529,7.394245210577271
numerical_gravity_20x20,2026-06-17T06:30:00Z,EarthMJ2000Eq,69060.0,2026-06-18T01:41:00Z,-3133.82295674092,1309.1507871919814,-6446.644855160391,-4.99877246809287,4.360581878164344,3.2612303819785624,7286.559681795499,7.391753791102528
numerical_gravity_20x20,2026-06-17T06:30:00Z,EarthMJ2000Eq,69120.0,2026-06-18T01:42:00Z,-3427.7774846368093,1568.207025788013,-6239.15704442706,-4.796724641345822,4.271980685129466,3.6528385291889776,7289.445272785697,7.389290600547588
numerical_gravity_20x20,2026-06-17T06:30:00Z,EarthMJ2000Eq,69180.0,2026-06-18T01:43:00Z,-3709.079373069165,1821.4747203236313,-6008.581241098434,-4.577151844743902,4.167693910173179,4.030598004183967,7292.33079909196,7.386860754750213
numerical_gravity_20x20,2026-06-17T06:30:00Z,EarthMJ2000Eq,69240.0,2026-06-18T01:44:00Z,-3976.7018572750144,2068.0247228518424,-5755.789594058522,-4.340888562776652,4.048130342991143,4.393143936863637,7295.203750893689,7.384469272621592
numerical_gravity_20x20,2026-06-17T06:30:00Z,EarthMJ2000Eq,69300.0,2026-06-18T01:45:00Z,-4229.6700140403445,2306.954055093256,-5481.734401785907,-4.088827784624817,3.913753205132512,4.739170325995841,7298.051622981737,7.382121116711946
numerical_gravity_20x20,2026-06-17T06:30:00Z,EarthMJ2000Eq,69360.0,2026-06-18T01:46:00Z,-4467.064166189737,2537.389115980089,-5187.44444461444,-3.8219174567443344,3.765078171891621,5.06743447598589,7300.861980390524,7.379821058469658
numerical_gravity_20x20,2026-06-17T06:30:00Z,EarthMJ2000Eq,69420.0,2026-06-18T01:47:00Z,-4688.023072347958,2758.4887665522133,-4874.02106444476,-3.5411568969903624,3.6026712894691024,5.376761008015519,7303.6225216472385,7.3775735527599755
numerical_gravity_20x20,2026-06-17T06:30:00Z,EarthMJ2000Eq,69480.0,2026-06-18T01:48:00Z,-4891.746901744219,2969.4472892447798,-4542.634011048739,-3.247593202407881,3.4271468698275442,5.666045665860103,7306.321147654549,7.375382753681782
numerical_gravity_20x20,2026-06-17T06:30:00Z,EarthMJ2000Eq,69540.0,2026-06-18T01:49:00Z,-5077.499990128394,3169.4972185802294,-4194.517062426803,-2.942317519041375,3.23916528869826,5.934259044906595,7308.946035874887,7.373252644689534
numerical_gravity_20x20,2026-06-17T06:30:00Z,EarthMJ2000Eq,69600.0,2026-06-18T01:50:00Z,-5244.613364683324,3357.9120338753864,-3830.963425334599,-2.6264610646817697,3.0394305745572194,6.1804501645089625,7311.4857134861095,7.3711871620398695
numerical_gravity_20x20,2026-06-17T06:30:00Z,EarthMJ2000Eq,69660.0,2026-06-18T01:51:00Z,-5392.487023314929,3534.0087001570646,-3453.3209302633236,-2.3011909340348717,2.8286877655870235,6.403749725234077,7313.929124403687,7.369190235941905
numerical_gravity_20x20,2026-06-17T06:30:00Z,EarthMJ2000Eq,69720.0,2026-06-18T01:52:00Z,-5520.591958376791,3697.150045057186,-3062.9870423437433,-1.9677057909301305,2.607720098535555,6.603372988917571,7316.265690099459,7.36726577657766
numerical_gravity_20x20,2026-06-17T06:30:00Z,EarthMJ2000Eq,69780.0,2026-06-18T01:53:00Z,-5628.471920125511,3846.746963611007,-2661.403709660703,-1.627231501714039,2.377346088591661,6.778622329680559,7318.485366760502,7.365417671358257
numerical_gravity_20x20,2026-06-17T06:30:00Z,EarthMJ2000Eq,69840.0,2026-06-18T01:54:00Z,-5715.744915935089,3982.26044479685,-2250.0520671510753,-1.2810166871825501,2.1384165049107744,6.928889497469971,7320.578699742408,7.363649813065844
numerical_gravity_20x20,2026-06-17T06:30:00Z,EarthMJ2000Eq,69900.0,2026-06-18T01:55:00Z,-5782.10443950417,4103.203413111947,-1830.447014014886,-0.9303281713454636,1.8918112295185985,7.0536575604273795,7322.536873913533,7.361966124229722
numerical_gravity_20x20,2026-06-17T06:30:00Z,EarthMJ2000Eq,69960.0,2026-06-18T01:56:00Z,-5827.320424705629,4209.142378591702,-1404.1316856631947,-0.5764463648033067,1.6384360196061525,7.152502472626141,7324.351758765507,7.360370549283566
numerical_gravity_20x20,2026-06-17T06:30:00Z,EarthMJ2000Eq,70020.0,2026-06-18T01:57:00Z,-5851.239922146608,4299.698890706639,-972.6718428436739,-0.2206606474396912,1.3792192135016847,7.225094274693105,7326.015949418009,7.3588670349737795
numerical_gravity_20x20,2026-06-17T06:30:00Z,EarthMJ2000Eq,70080.0,2026-06-18T01:58:00Z,-5853.787499436159,4374.550793338716,-537.6501982181452,0.13573522535671595,1.1151083917576714,7.271197989003875,7327.522805675833,7.357459546070574
numerical_gravity_20x20,2026-06-17T06:30:00Z,EarthMJ2000Eq,70140.0,2026-06-18T01:59:00Z,-5834.965365819121,4433.433277328809,-100.66069727559585,0.49144772479389087,0.8470669608604542,7.290674246900819,7328.866489492842,7.356152137959715
numerical_gravity_20x20,2026-06-17T06:30:00Z,EarthMJ2000Eq,70200.0,2026-06-18T02:00:00Z,-5794.85321930422,4476.139724698318,336.6972295234466,0.8451882014832577,0.576070621355053,7.283479607070835,7330.041998015536,7.35494905783389
numerical_gravity_20x20,2026-06-17T06:30:00Z,EarthMJ2000Eq,70260.0,2026-06-18T02:01:00Z,-5733.607812982337,4502.522337441626,772.8244219859114,1.1956775870264265,0.3031037244322979,7.249666464802483,7331.045187384318,7.3538548130054755
numerical_gravity_20x20,2026-06-17T06:30:00Z,EarthMJ2000Eq,70320.0,2026-06-18T02:02:00Z,-5651.462239408264,4512.492545810816,1206.127725236506,1.5416510726243216,0.029155579921391832,7.189382458891126,7331.872783200745,7.352874146738518
numerical_gravity_20x20,2026-06-17T06:30:00Z,EarthMJ2000Eq,70380.0,2026-06-18T02:03:00Z,-5548.724938060372,4506.021196147061,1635.0256735056412,1.8818626381707406,-0.24478318192240844,7.102869363958582,7332.5223771497795,7.352011901279567
numerical_gravity_20x20,2026-06-17T06:30:00Z,EarthMJ2000Eq,70440.0,2026-06-18T02:04:00Z,-5425.778438632723,4483.13852451248,2057.954094557834,2.215089315366375,-0.5177241004951947,6.990461582082262,7332.992414451759,7.351272818352743
numerical_gravity_20x20,2026-06-17T06:30:00Z,EarthMJ2000Eq,70500.0,2026-06-18T02:05:00Z,-5283.077857147535,4443.933926199135,2473.3716166142085,2.5401351754283157,-0.788684203940514,6.852584435354664,7333.282180509559,7.350661393824267
numerical_gravity_20x20,2026-06-17T06:30:00Z,EarthMJ2000Eq,70560.0,2026-06-18T02:06:00Z,-5121.14915784896,4388.555529349905,2879.765070842733,2.8558351814050527,-1.0566892414504907,6.689752400941914,7333.391793322555,7.350181897222418
numerical_gravity_20x20,2026-06-17T06:30:00Z,EarthMJ2000Eq,70620.0,2026-06-18T02:07:00Z,-4940.587183186862,4317.209573745806,3275.6547849609374,3.1610590898653714,-1.320776965954655,6.5025672126472385,7333.322199968457,7.349838550499715
numerical_gravity_20x20,2026-06-17T06:30:00Z,EarthMJ2000Eq,70680.0,2026-06-18T02:08:00Z,-4742.053446912893,4230.159589341871,3659.599752270845,3.4547154277612866,-1.5800005215006012,6.291715556369387,7333.075166088253,7.349635703694066
numerical_gravity_20x20,2026-06-17T06:30:00Z,EarthMJ2000Eq,70740.0,2026-06-18T02:09:00Z,-4526.273691522082,4127.725371093783,4030.202644234665,3.73575531654512,-1.8334318116638344,6.057966145803886,7332.653245813028,7.349577798542039
numerical_gravity_20x20,2026-06-17T06:30:00Z,EarthMJ2000Eq,70800.0,2026-06-18T02:10:00Z,-4294.03522896439,4010.2817580041074,4386.114630871138,4.003175829775118,-2.080164620802823,5.802166291402621,7332.059729796916,7.349669056959252
numerical_gravity_20x20,2026-06-17T06:30:00Z,EarthMJ2000Eq,70860.0,2026-06-18T02:11:00Z,-4046.184097165673,3878.2572360661634,4726.039990052374,4.25602278943233,-2.319317359892623,5.525238371403101,7331.298583800158,7.349913064852661
numerical_gravity_20x20,2026-06-17T06:30:00Z,EarthMJ2000Eq,70920.0,2026-06-18T02:12:00Z,-3783.6220601117143,3732.132385684184,5048.740511682276,4.493393246034131,-2.550035539662516,5.228176555251615,7330.3743964642445,7.350312524643404
numerical_gravity_20x20,2026-06-17T06:30:00Z,EarthMJ2000Eq,70980.0,2026-06-18T02:13:00Z,-3507.3034592036915,3572.438182877614,5353.039713079216,4.714438006884455,-2.771494210398588,4.9120437453972725,7329.292346142792,7.350869311566219
numerical_gravity_20x20,2026-06-17T06:30:00Z,EarthMJ2000Eq,71040.0,2026-06-18T02:14:00Z,-3218.2319070908297,3399.7541508763325,5637.826868667294,4.9183643516216575,-2.9829005163812843,4.577968377011115,7328.058180397123,7.3515847167018515
numerical_gravity_20x20,2026-06-17T06:30:00Z,EarthMJ2000Eq,71100.0,2026-06-18T02:15:00Z,-2917.4568171408177,3214.706356095414,5902.06083495054,5.104438744994225,-3.1834963040465145,4.227140767612328,7326.678192418359,7.352459635284383
numerical_gravity_20x20,2026-06-17T06:30:00Z,EarthMJ2000Eq,71160.0,2026-06-18T02:16:00Z,-2606.0697777883847,3017.965250187622,6144.773642745213,5.271989255268749,-3.3725606191115927,3.860809041722021,7325.1591831589785,7.353494563395965
numerical_gravity_20x20,2026-06-17T06:30:00Z,EarthMJ2000Eq,71220.0,2026-06-18T02:17:00Z,-2285.2007940437525,2810.243368152789,6365.073838546776,5.420407566954796,-3.5494120046947613,3.4802748902355165,7323.508409737611,7.3546894620083
numerical_gravity_20x20,2026-06-17T06:30:00Z,EarthMJ2000Eq,71280.0,2026-06-18T02:18:00Z,-1956.0144180602947,2592.2928938719115,6562.149571777487,5.549150693067821,-3.713410633133787,3.0868893540762046,7321.733527905671,7.356043626091076
numerical_gravity_20x20,2026-06-17T06:30:00Z,EarthMJ2000Eq,71340.0,2026-06-18T02:19:00Z,-1619.7057823015646,2364.9031014223287,6735.271429760618,5.657742525245267,-3.863960316908012,2.6820486164402704,7319.842534705765,7.35755561267176
numerical_gravity_20x20,2026-06-17T06:30:00Z,EarthMJ2000Eq,71400.0,2026-06-18T02:20:00Z,-1277.4965434241108,2128.8976798799868,6883.795018229128,5.745775257730678,-4.000510371954554,2.2671897196132966,7317.843712655736,7.359223177291623
numerical_gravity_20x20,2026-06-17T06:30:00Z,EarthMJ2000Eq,71460.0,2026-06-18T02:21:00Z,-930.6307449509155,1885.131952050357,7007.163282483609,5.8129106701501465,-4.122557286662487,1.8437862127940234,7315.745575638586,7.361043176034816
numerical_gravity_20x20,2026-06-17T06:30:00Z,EarthMJ2000Eq,71520.0,2026-06-18T02:22:00Z,-580.3706065681016,1634.4899983996722,7104.9085669236565,5.858881300466684,-4.229646225733412,1.4133437894902556,7313.556818688288,7.363011473243116
numerical_gravity_20x20,2026-06-17T06:30:00Z,EarthMJ2000Eq,71580.0,2026-06-18T02:23:00Z,-227.99224497219384,1377.8816933307362,7176.654412258685,5.883491557444241,-4.321372464314081,0.9773958929614601,7311.286273808151,7.365122919098333
numerical_gravity_20x20,2026-06-17T06:30:00Z,EarthMJ2000Eq,71640.0,2026-06-18T02:24:00Z,125.2186696961631,1116.2396557990842,7222.117085649162,5.886618741323793,-4.397382811432275,0.5374991933496466,7308.94287043239,7.367371388686473
numerical_gravity_20x20,2026-06-17T06:30:00Z,EarthMJ2000Eq,71700.0,2026-06-18T02:25:00Z,477.971313376534,850.5161153556684,7241.106834470326,5.868213872568988,-4.457376996450642,0.09522890329229564,7306.5355967861715,7.3697498116775115
numerical_gravity_20x20,2026-06-17T06:30:00Z,EarthMJ2000Eq,71760.0,2026-06-18T02:26:00Z,828.9741502680185,581.6796974236491,7233.528855922381,5.828302289156947,-4.501108969418077,-0.34782599370460043,7304.073460862041,7.372250161942726
numerical_gravity_20x20,2026-06-17T06:30:00Z,EarthMJ2000Eq,71820.0,2026-06-18T02:27:00Z,1176.9394056066708,310.71213343897983,7199.383979281521,5.766984086423709,-4.528388106848649,-0.7900675522863017,7301.565453755202,7.374863458836933
numerical_gravity_20x20,2026-06-17T06:30:00Z,EarthMJ2000Eq,71880.0,2026-06-18T02:28:00Z,1520.5875620701408,38.60490138087917,7138.769056862379,5.684434466587437,-4.539080323162201,-1.2298937853715726,7299.020517819416,7.377579827310654
numerical_gravity_20x20,2026-06-17T06:30:00Z,EarthMJ2000Eq,71940.0,2026-06-18T02:29:00Z,1858.651873231136,-233.6441965599791,7051.8770540178575,5.580903937629337,-4.533109044646258,-1.6657037802936352,7296.447517897689,7.380388570758646
numerical_gravity_20x20,2026-06-17T06:30:00Z,EarthMJ2000Eq,72000.0,2026-06-18T02:30:00Z,2189.8828814510925,-505.0345094862279,6938.996827524973,5.456718249960974,-4.510456007931902,-2.0959029457016625,7293.855212618782,7.383278175495424
numerical_gravity_20x20,2026-06-17T06:30:00Z,EarthMJ2000Eq,72060.0,2026-06-18T02:31:00Z,2513.052923954034,-774.56605713196,6800.512588960112,5.31227808179838,-4.4711619409058985,-2.5189082494551864,7291.2522277082035,7.3862362735925435
numerical_gravity_20x20,2026-06-17T06:30:00Z,EarthMJ2000Eq,72120.0,2026-06-18T02:32:00Z,2826.960615626292,-1041.243089327612,6636.903053840274,5.148058597238157,-4.415327230928636,-2.933153484255036,7288.647037650338,7.389249707444939
numerical_gravity_20x20,2026-06-17T06:30:00Z,EarthMJ2000Eq,72180.0,2026-06-18T02:33:00Z,3130.435302456751,-1304.0776848261733,6448.740267987314,4.96460889206058,-4.343112542303016,-3.337094804395307,7286.047957218658,7.392304765075565
numerical_gravity_20x20,2026-06-17T06:30:00Z,EarthMJ2000Eq,72240.0,2026-06-18T02:34:00Z,3422.341473613194,-1562.0933797771136,6236.688089788741,4.762551125342004,-4.254739137880311,-3.729216645340983,7283.4631335971735,7.3953874233061745
numerical_gravity_20x20,2026-06-17T06:30:00Z,EarthMJ2000Eq,72300.0,2026-06-18T02:35:00Z,3701.583106706754,-1814.328800723045,6001.50031237361,4.542579150865103,-4.150488696174176,-4.108037727775516,7280.900527572841,7.3984833399671155
numerical_gravity_20x20,2026-06-17T06:30:00Z,EarthMJ2000Eq,72360.0,2026-06-18T02:36:00Z,3967.1079183283464,-2059.841273876912,5744.0184347694385,4.305456779669687,-4.030702759466317,-4.472116700527914,7278.367886291643,7.401577575079095
numerical_gravity_20x20,2026-06-17T06:30:00Z,EarthMJ2000Eq,72420.0,2026-06-18T02:37:00Z,4217.911508239991,-2297.7104004917055,5465.169107136811,4.052016026034972,-3.8957822245001474,-4.820057418295982,7275.872727410348,7.404654382997608
numerical_gravity_20x20,2026-06-17T06:30:00Z,EarthMJ2000Eq,72480.0,2026-06-18T02:38:00Z,4453.0414016330615,-2527.041609568765,5165.961256567766,3.783155436401351,-3.7461870892937443,-5.15051443134132,7273.4223530267545,7.407697460845673
numerical_gravity_20x20,2026-06-17T06:30:00Z,EarthMJ2000Eq,72540.0,2026-06-18T02:39:00Z,4671.600984327266,-2746.969696104426,4847.48286246206,3.499838092660464,-3.582436129193674,-5.462199213508211,7271.023887317858,7.4106906252143
numerical_gravity_20x20,2026-06-17T06:30:00Z,EarthMJ2000Eq,72600.0,2026-06-18T02:40:00Z,4872.75329421707,-2956.6623224971677,4510.897339795977,3.203088754223064,-3.4051059058483104,-5.753886891503739,7268.684307751718,7.413618425417636
numerical_gravity_20x20,2026-06-17T06:30:00Z,EarthMJ2000Eq,72660.0,2026-06-18T02:41:00Z,5055.724612686616,-3155.3234331593185,4157.439525097532,2.893990100934626,-3.2148288838275687,-6.024422605372115,7266.410443404139,7.416466219482035
numerical_gravity_20x20,2026-06-17T06:30:00Z,EarthMJ2000Eq,72720.0,2026-06-18T02:42:00Z,5219.807816582078,-3342.196538359896,3788.411308845932,2.5736786216414966,-3.0122910590008125,-6.272726905013745,7264.208944411495,7.419219763325119
numerical_gravity_20x20,2026-06-17T06:30:00Z,EarthMJ2000Eq,72780.0,2026-06-18T02:43:00Z,5364.365487033465,-3516.5678562255976,3405.176967645854,2.2433406646048026,-2.7982296727826608,-6.497800476643382,7262.086253061216,7.421864837989023
numerical_gravity_20x20,2026-06-17T06:30:00Z,EarthMJ2000Eq,72840.0,2026-06-18T02:44:00Z,5488.832785565811,-3677.769324425129,3009.1582136570564,1.9042085608746506,-2.573431116679298,-6.69872895223861,7260.048602206761,7.424387350560405
numerical_gravity_20x20,2026-06-17T06:30:00Z,EarthMJ2000Eq,72900.0,2026-06-18T02:45:00Z,5592.720086598377,-3825.1814817497916,2601.8289437610742,1.5575562909239347,-2.3387286006189747,-6.874688084883387,7258.102037582232,7.426773817155571
numerical_gravity_20x20,2026-06-17T06:30:00Z,EarthMJ2000Eq,72960.0,2026-06-18T02:46:00Z,5675.615327307489,-3958.2361914298913,2184.709677888563,1.2046943946102027,-2.0949991740059035,-7.024948818757052,7256.252439611858,7.429011780152644
numerical_gravity_20x20,2026-06-17T06:30:00Z,EarthMJ2000Eq,73020.0,2026-06-18T02:47:00Z,5737.186034569888,-4076.419166346678,1759.3617121339341,0.8469643709445611,-1.8431601473334274,-7.148881662371538,7254.505527542532,7.431089892940318
numerical_gravity_20x20,2026-06-17T06:30:00Z,EarthMJ2000Eq,73080.0,2026-06-18T02:48:00Z,5777.181011289181,-4179.2722700126415,1327.3810333056465,0.48573297179922875,-1.5841652489097464,-7.245960307801888,7252.866850540996,7.43299783653854
numerical_gravity_20x20,2026-06-17T06:30:00Z,EarthMJ2000Eq,73140.0,2026-06-18T02:49:00Z,5795.431679581577,-4266.395583721227,890.3920306558066,0.12238644199953959,-1.3190006692186156,-7.3157648240372755,7251.341779129508,7.43472636801151
numerical_gravity_20x20,2026-06-17T06:30:00Z,EarthMJ2000Eq,73200.0,2026-06-18T02:50:00Z,5791.853070614691,-4337.449229810259,450.0410253916768,-0.24167553964121666,-1.0486808551291031,-7.357984509466628,7249.93549883763,7.43626752100313
numerical_gravity_20x20,2026-06-17T06:30:00Z,EarthMJ2000Eq,73260.0,2026-06-18T02:51:00Z,5766.44443919615,-4392.1549321776465,7.98964714343199,-0.6050462870834288,-0.7742439668766178,-7.372420072137928,7248.652995767565,7.437614701624472
numerical_gravity_20x20,2026-06-17T06:30:00Z,EarthMJ2000Eq,73320.0,2026-06-18T02:52:00Z,5719.28948849192,-4430.297298632325,-434.0918927747262,-0.9663186120368276,-0.4967472007435746,-7.358984885228831,7247.499029238692,7.438762530316568
numerical_gravity_20x20,2026-06-17T06:30:00Z,EarthMJ2000Eq,73380.0,2026-06-18T02:53:00Z,5650.556209993935,-4451.724825606111,-874.5315803367367,-1.324091123214225,-0.21726223599265448,-7.317705544697385,7246.478102514701,7.439706621948078
numerical_gravity_20x20,2026-06-17T06:30:00Z,EarthMJ2000Eq,73440.0,2026-06-18T02:54:00Z,5560.496350485807,-4456.35063298993,-1311.662401049597,-1.6769744049029298,0.06312924952623707,-7.248722134852978,7245.5944464372915,7.44044360540101
numerical_gravity_20x20,2026-06-17T06:30:00Z,EarthMJ2000Eq,73500.0,2026-06-18T02:55:00Z,5449.4445045958755,-4444.152923937562,-1743.8291508796112,-2.0235973552855158,0.34334031667425374,-7.152288204874331,7244.852015567362,7.440971401299497
numerical_gravity_20x20,2026-06-17T06:30:00Z,EarthMJ2000Eq,73560.0,2026-06-18T02:56:00Z,5317.81682084084,-4415.175147980925,-2169.395226618919,-2.3626136971850946,0.6222839078772159,-7.028770026354998,7244.254480389483,7.441289460000599
numerical_gravity_20x20,2026-06-17T06:30:00Z,EarthMJ2000Eq,73620.0,2026-06-18T02:57:00Z,5166.109320049211,-4369.52584902046,-2586.7493415713993,-2.6927083201680615,0.8988781404136106,-6.878644839680015,7243.805202245389,7.441398715246498
numerical_gravity_20x20,2026-06-17T06:30:00Z,EarthMJ2000Eq,73680.0,2026-06-18T02:58:00Z,4994.895846186207,-4307.378201204069,-2994.3121101654065,-3.0126031755465803,1.1720513691383114,-6.702498309770229,7243.507195795379,7.441301357805979
numerical_gravity_20x20,2026-06-17T06:30:00Z,EarthMJ2000Eq,73740.0,2026-06-18T02:59:00Z,4804.82567499808,-4228.969251070082,-3390.5424668283285,-3.3210628339300388,1.4407469348156705,-6.5010215937488205,7243.363094100925,7.441000728361786
numerical_gravity_20x20,2026-06-17T06:30:00Z,EarthMJ2000Eq,73800.0,2026-06-18T03:00:00Z,4596.620792186349,-4134.598878885674,-3773.9438993418344,-3.616899973813782,1.7039278193724772,-6.2750080518569895,7243.375121572952,7.4405014269923795
numerical_gravity_20x20,2026-06-17T06:30:00Z,EarthMJ2000Eq,73860.0,2026-06-18T03:01:00Z,4371.0728440872845,-4024.628479216942,-4143.0704658519235,-3.898980766100385,1.9605813454351875,-6.025349265058729,7243.5450636450005,7.439809405652336
numerical_gravity_20x20,2026-06-17T06:30:00Z,EarthMJ2000Eq,73920.0,2026-06-18T03:02:00Z,4129.03977770602,-3899.479362337795,-4496.5325469421905,-4.166229772499099,2.2097237282621114,-5.753030202814666,7243.874220946094,7.438931777278258
numerical_gravity_20x20,2026-06-17T06:30:00Z,EarthMJ2000Eq,73980.0,2026-06-18T03:03:00Z,3871.4422094239762,-3759.630894922645,-4833.002290085508,-4.417634079882877,2.450404177341208,-5.459123892600115,7244.363352492627,7.437876388515159
numerical_gravity_20x20,2026-06-17T06:30:00Z,EarthMJ2000Eq,74040.0,2026-06-18T03:04:00Z,3599.2595652558757,-3605.618410045347,-5151.218732774258,-4.652246844882403,2.6817085100725553,-5.144786104287885,7245.012627306337,7.4366514842089755
numerical_gravity_20x20,2026-06-17T06:30:00Z,EarthMJ2000Eq,74100.0,2026-06-18T03:05:00Z,3313.5260154941993,-3438.030908593905,-5449.992611237184,-4.869190664783433,2.9027625461492335,-4.811250153752742,7245.821599124823,7.4352657095309445
numerical_gravity_20x20,2026-06-17T06:30:00Z,EarthMJ2000Eq,74160.0,2026-06-18T03:06:00Z,3015.3262070628703,-3257.5085568703016,-5728.210852095686,-5.067660938115343,3.1127355252647453,-4.45982144966559,7246.789199304074,7.4337283510256515
numerical_gravity_20x20,2026-06-17T06:30:00Z,EarthMJ2000Eq,74220.0,2026-06-18T03:07:00Z,2705.79080032785,-3064.7399793192053,-5984.840718962117,-5.246928955818668,3.310843479692802,-4.091871413502196,7247.913729296403,7.4320494938522295
numerical_gravity_20x20,2026-06-17T06:30:00Z,EarthMJ2000Eq,74280.0,2026-06-18T03:08:00Z,2386.0918380888993,-2860.4593576034763,-6218.933575984581,-5.406344358948257,3.4963522647171508,-3.7088308432662993,7249.192839123823,7.430239882432316
numerical_gravity_20x20,2026-06-17T06:30:00Z,EarthMJ2000Eq,74340.0,2026-06-18T03:09:00Z,2057.437989156061,-2645.4433640424977,-6429.628246932067,-5.545336879108576,3.6685800357502885,-3.312183146417911,7250.623494936539,7.428310560075022
numerical_gravity_20x20,2026-06-17T06:30:00Z,EarthMJ2000Eq,74400.0,2026-06-18T03:10:00Z,1721.0697037074463,-2420.507962123515,-6616.1539740383105,-5.663417589842728,3.8268992336451584,-2.903457799561303,7252.201950297985,7.426272533057704
numerical_gravity_20x20,2026-06-17T06:30:00Z,EarthMJ2000Eq,74460.0,2026-06-18T03:11:00Z,1378.254301204075,-2186.5050967698476,-6777.8329925840635,-5.760179935044495,3.970738316131069,-2.4842240557011346,7253.923733563036,7.42413663789971
numerical_gravity_20x20,2026-06-17T06:30:00Z,EarthMJ2000Eq,74520.0,2026-06-18T03:12:00Z,1030.281000959591,-1944.3192832945103,-6914.082729931107,-5.835300603978328,4.0995834196249055,-2.056084675086833,7255.783652553373,7.421913603942059
numerical_gravity_20x20,2026-06-17T06:30:00Z,EarthMJ2000Eq,74580.0,2026-06-18T03:13:00Z,678.4559076281557,-1694.8640984772358,-7024.417623621311,-5.888540130189343,4.212979941699713,-1.620669476789499,7257.775808189742,7.419614168338646
numerical_gravity_20x20,2026-06-17T06:30:00Z,EarthMJ2000Eq,74640.0,2026-06-18T03:14:00Z,324.0969731439249,-1439.0785830329721,-7108.450546591879,-5.919743057475782,4.3105338795455275,-1.1796287103326846,7259.89360731186,7.417249091643321
numerical_gravity_20x20,2026-06-17T06:30:00Z,EarthMJ2000Eq,74700.0,2026-06-18T03:15:00Z,-31.471036748746407,-1177.9235753748173,-7165.893833946499,-5.92883762650982,4.391912764977135,-0.734626445588322,7262.1297712840615,7.414829016993273
numerical_gravity_20x20,2026-06-17T06:30:00Z,EarthMJ2000Eq,74760.0,2026-06-18T03:16:00Z,-386.9215451712942,-912.3780019538405,-7196.559919913038,-5.91583509061812,4.456846193015646,-0.28733422097132444,7264.476345991208,7.412364249153434
numerical_gravity_20x20,2026-06-17T06:30:00Z,EarthMJ2000Eq,74820.0,2026-06-18T03:17:00Z,-740.9311193812802,-643.4351441398213,-7200.361603931206,-5.880828850184787,4.505126110821344,0.16057497701647144,7266.924723412828,7.409864611638583
numerical_gravity_20x20,2026-06-17T06:30:00Z,EarthMJ2000Eq,74880.0,2026-06-18T03:18:00Z,-1092.1843718695502,-372.0988901576118,-7177.311961414596,-5.823993515472993,4.536607046146561,0.6074325838911391,7269.465680342514,7.407339488871208
numerical_gravity_20x20,2026-06-17T06:30:00Z,EarthMJ2000Eq,74940.0,2026-06-18T03:19:00Z,-1439.3788012834104,-99.379974536073,-7127.52389985082,-5.745583805947679,4.551206275453821,1.0515804437130116,7272.089428483914,7.4047979893105875
numerical_gravity_20x20,2026-06-17T06:30:00Z,EarthMJ2000Eq,75000.0,2026-06-18T03:20:00Z,-1781.2295568023662,173.70778612481627,-7051.209350245195,-5.645933063500778,4.548903739615706,1.4913769539089268,7274.785662132735,7.402249023673258
numerical_gravity_20x20,2026-06-17T06:30:00Z,EarthMJ2000Eq,75060.0,2026-06-18T03:21:00Z,-2116.474098374321,446.15124000508445,-6948.6780920328665,-5.5254512726783345,4.5297415366855,1.9252030689901156,7277.5435941494015,7.39970114347637
numerical_gravity_20x20,2026-06-17T06:30:00Z,EarthMJ2000Eq,75120.0,2026-06-18T03:22:00Z,-2443.8767271847423,716.9416049014352,-6820.336231818872,-5.384622766298575,4.493823064034059,2.3514677918193367,7280.351985829744,7.39716221548163
numerical_gravity_20x20,2026-06-17T06:30:00Z,EarthMJ2000Eq,75180.0,2026-06-18T03:23:00Z,-2762.232977424356,985.0781179137477,-6666.684370159902,-5.224003946504859,4.44131208791026,2.7686131146541637,7283.199187946011,7.394639198361957
numerical_gravity_20x20,2026-06-17T06:30:00Z,EarthMJ2000Eq,75240.0,2026-06-18T03:24:00Z,-3070.3738764170967,1249.57163283665,-6488.315479582079,-5.044221171326038,4.372431942261386,3.1751187854923613,7286.073206409542,7.3921382303734005
numerical_gravity_20x20,2026-06-17T06:30:00Z,EarthMJ2000Eq,75300.0,2026-06-18T03:25:00Z,-3367.170078694374,1509.448171755367,-6285.9124907410205,-4.845968610430588,4.28746476302838,3.5695073161323974,7288.961789124997,7.389664968549743
numerical_gravity_20x20,2026-06-17T06:30:00Z,EarthMJ2000Eq,75360.0,2026-06-18T03:26:00Z,-3651.5358616951976,1763.7524244271222,-6060.245568900255,-4.630005727813281,4.186750463484492,3.9503492600749843,7291.852516287875,7.387224902468204
numerical_gravity_20x20,2026-06-17T06:30:00Z,EarthMJ2000Eq,75420.0,2026-06-18T03:27:00Z,-3922.432954972231,2011.551173002858,-5812.169074554887,-4.397154256380642,4.070685261741497,4.316268385216376,7294.732877842312,7.384823412092142
numerical_gravity_20x20,2026-06-17T06:30:00Z,EarthMJ2000Eq,75480.0,2026-06-18T03:28:00Z,-4178.874176847874,2251.936616746375,-5542.618227033363,-4.148294855819189,3.9397198572262795,4.665946362810653,7297.5903367078345,7.38246559252835
numerical_gravity_20x20,2026-06-17T06:30:00Z,EarthMJ2000Eq,75540.0,2026-06-18T03:29:00Z,-4419.92686861664,2484.0295832560164,-5252.605502818569,-3.8843637447774757,3.7943575118520756,4.998126951908097,7300.412389903071,7.380156072664053
numerical_gravity_20x20,2026-06-17T06:30:00Z,EarthMJ2000Eq,75600.0,2026-06-18T03:30:00Z,-4644.71612889108,2706.9826259065417,-4943.216790952053,-3.606349396878993,3.6351521805913105,5.3116199688869035,7303.186639905291,7.3778990263018205
numerical_gravity_20x20,2026-06-17T06:30:00Z,EarthMJ2000Eq,75660.0,2026-06-18T03:31:00Z,-4852.427847817781,2919.9830089195602,-4615.607309827361,-3.315289133434186,3.462706605459745,5.605305291829235,7305.900877317472,7.375698372925114
numerical_gravity_20x20,2026-06-17T06:30:00Z,EarthMJ2000Eq,75720.0,2026-06-18T03:32:00Z,-5042.311528115401,3122.2555720965242,-4270.997282976902,-3.012265399632988,3.2776701812940803,5.8781368576113096,7308.543165039757,7.373557999499225
numerical_gravity_20x20,2026-06-17T06:30:00Z,EarthMJ2000Eq,75780.0,2026-06-18T03:33:00Z,-5213.682871703366,3313.0654578388358,-3910.6673815825693,-2.6984016881682207,3.080736498700774,6.129146393516916,7311.101913117596,7.371481842770668
numerical_gravity_20x20,2026-06-17T06:30:00Z,EarthMJ2000Eq,75840.0,2026-06-18T03:34:00Z,-5365.926114903437,3491.7206826168167,-3535.9539567630604,-2.374858270423355,2.8726406395583224,6.357446674924142,7313.565941479237,7.3694738125014245
numerical_gravity_20x20,2026-06-17T06:30:00Z,EarthMJ2000Eq,75900.0,2026-06-18T03:35:00Z,-5498.4961067946115,3657.5745425872087,-3148.244090865443,-2.0428279282443507,2.654156376698824,6.562234321675823,7315.924536699836,7.367537669327947
numerical_gravity_20x20,2026-06-17T06:30:00Z,EarthMJ2000Eq,75960.0,2026-06-18T03:36:00Z,-5610.920133429019,3810.02785082409,-2748.970490424636,-1.7035317452937873,2.4260933656473656,6.742792314330996,7318.1675114061045,7.365676996737164
numerical_gravity_20x20,2026-06-17T06:30:00Z,EarthMJ2000Eq,76020.0,2026-06-18T03:37:00Z,-5702.799488905103,3948.5310051722354,-2339.6062321278114,-1.3582148496674462,2.1892942916235865,6.898492393597209,7320.285269774264,7.363895326368466
numerical_gravity_20x20,2026-06-17T06:30:00Z,EarthMJ2000Eq,76080.0,2026-06-18T03:38:00Z,-5773.810785167804,4072.585880772362,-1921.6593679873451,-1.0081419368970175,1.9446318583367603,7.028797335285329,7322.268874178274,7.36219635773883
numerical_gravity_20x20,2026-06-17T06:30:00Z,EarthMJ2000Eq,76140.0,2026-06-18T03:39:00Z,-5823.706984186525,4181.74753479855,-1496.6674022060135,-0.6545924939580061,1.6930055330037228,7.1332629109301715,7324.110102618799,7.360584136084538
numerical_gravity_20x20,2026-06-17T06:30:00Z,EarthMJ2000Eq,76200.0,2026-06-18T03:40:00Z,-5852.318136741861,4275.6257088679395,-1066.1916659447459,-0.29885582793429943,1.435338071630345,7.211539297539129,7325.801488199106,7.359063067110714
numerical_gravity_20x20,2026-06-17T06:30:00Z,EarthMJ2000Eq,76260.0,2026-06-18T03:41:00Z,-5859.551822954579,4353.886119485101,-631.8116270010406,0.057773861258924815,1.1725719547800997,7.263371840717938,7327.336339990751,7.357637753023444
numerical_gravity_20x20,2026-06-17T06:30:00Z,EarthMJ2000Eq,76320.0,2026-06-18T03:42:00Z,-5845.393304072256,4416.251535687348,-195.11917026185063,0.4140021563795157,0.9056658768562789,7.288601304330358,7328.708753686238,7.356312761123941
numerical_gravity_20x20,2026-06-17T06:30:00Z,EarthMJ2000Eq,76380.0,2026-06-18T03:43:00Z,-5809.905402313593,4462.50264914451,242.28712788191606,0.7685388278863068,0.6355913350529591,7.287163863565358,7329.913623624204,7.35509248409672
numerical_gravity_20x20,2026-06-17T06:30:00Z,EarthMJ2000Eq,76440.0,2026-06-18T03:44:00Z,-5753.22812051254,4492.478740931037,678.8077215307334,1.1201021390914927,0.36332924407221784,7.259091000422413,7330.94666241566,7.353981173079592
numerical_gravity_20x20,2026-06-17T06:30:00Z,EarthMJ2000Eq,76500.0,2026-06-18T03:45:00Z,-5675.578001376917,4506.0781432440235,1112.8478068599525,1.4674232430427345,0.08986647356893555,7.2045092321113575,7331.804424830773,7.352983083951136
numerical_gravity_20x20,2026-06-17T06:30:00Z,EarthMJ2000Eq,76560.0,2026-06-18T03:46:00Z,-5577.247218806551,4503.258490276555,1542.8230072217762,1.8092507056196172,-0.18380771069365956,7.12363946552259,7332.484326716705,7.352102598920019
numerical_gravity_20x20,2026-06-17T06:30:00Z,EarthMJ2000Eq,76620.0,2026-06-18T03:47:00Z,-5458.602397265594,4484.036754570201,1967.1650045712556,2.1443550162179017,-0.4567052207497323,7.016795847145976,7332.984651762198,7.351344234544044
numerical_gravity_20x20,2026-06-17T06:30:00Z,EarthMJ2000Eq,76680.0,2026-06-18T03:48:00Z,-5320.083165267595,4448.48907090928,2384.3270877095197,2.471532918798093,-0.727842644207301,6.884384162122193,7333.304545738459,7.350712562405646
numerical_gravity_20x20,2026-06-17T06:30:00Z,EarthMJ2000Eq,76740.0,2026-06-18T03:49:00Z,-5162.200456184561,4396.7503532605515,2792.7895945725777,2.789611504734078,-0.9962446490612777,6.726899924885765,7333.444002532625,7.350212129425658
numerical_gravity_20x20,2026-06-17T06:30:00Z,EarthMJ2000Eq,76800.0,2026-06-18T03:50:00Z,-4985.534569624369,4329.013709249584,3191.065232748812,3.097452111478132,-1.2609473340929387,6.544926229987078,7333.403845380992,7.349847421425107
numerical_gravity_20x20,2026-06-17T06:30:00Z,EarthMJ2000Eq,76860.0,2026-06-18T03:51:00Z,-4790.733003552225,4245.529654872794,3577.704262950874,3.3939540670829587,-1.521001532404762,6.339131321705245,7333.185703012415,7.34962283283102
numerical_gravity_20x20,2026-06-17T06:30:00Z,EarthMJ2000Eq,76920.0,2026-06-18T03:52:00Z,-4578.5080668844475,4146.605133794235,3951.299526940931,3.6780582544445974,-1.7754760082422136,6.110265838881329,7332.791978894417,7.34954258445598
numerical_gravity_20x20,2026-06-17T06:30:00Z,EarthMJ2000Eq,76980.0,2026-06-18T03:53:00Z,-4349.634284965546,4032.6023498599584,4310.491301390054,3.948750444668459,-2.0234604789958226,5.859159783884071,7332.225813789638,7.3496105854264
numerical_gravity_20x20,2026-06-17T06:30:00Z,EarthMJ2000Eq,77040.0,2026-06-18T03:54:00Z,-4104.945612344035,3903.937423798368,4653.971964315592,4.2050643901203015,-2.2640684598889083,5.586719323586035,7331.4910443832305,7.349830291690493
numerical_gravity_20x20,2026-06-17T06:30:00Z,EarthMJ2000Eq,77100.0,2026-06-18T03:55:00Z,-3845.332466419671,3761.0788831833706,4980.490466461119,4.446084708369845,-2.496439987896492,5.29392349148918,7330.59216089254,7.350204608098322
numerical_gravity_20x20,2026-06-17T06:30:00Z,EarthMJ2000Eq,77160.0,2026-06-18T03:56:00Z,-3571.7385936289784,3604.5459913569534,5288.856601966531,4.670949582452361,-2.719744268745874,4.981820792269872,7329.534264957847,7.35073583360743
numerical_gravity_20x20,2026-06-17T06:30:00Z,EarthMJ2000Eq,77220.0,2026-06-18T03:57:00Z,-3285.1577789223506,3434.906919945115,5577.945072032986,4.87885328596034,-2.9331822389349176,4.651525697179506,7328.323028341337,7.351425626655727
numerical_gravity_20x20,2026-06-17T06:30:00Z,EarthMJ2000Eq,77280.0,2026-06-18T03:58:00Z,-2986.6304084071853,3252.776770833406,5846.699335286567,5.069048560019731,-3.135989020022885,4.304215040777552,7326.964653561271,7.352274991783013
numerical_gravity_20x20,2026-06-17T06:30:00Z,EarthMJ2000Eq,77340.0,2026-06-18T03:59:00Z,-2677.2398924690906,3058.8154539309894,6094.135238904549,5.240848895794684,-3.3274362763810528,3.9411243098353803,7325.465837275685,7.353284310259217
numerical_gravity_20x20,2026-06-17T06:30:00Z,EarthMJ2000Eq,77400.0,2026-06-18T04:00:00Z,-2358.108954030555,2853.725425592868,6319.344422226211,5.393630744424087,-3.506834505144078,3.5635437553103766,7323.833734491505,7.354453409307685
numerical_gravity_20x20,2026-06-17T06:30:00Z,EarthMJ2000Eq,77460.0,2026-06-18T04:01:00Z,-2030.3957878034073,2638.2492918304565,6521.497479707338,5.5268355895371615,-3.6735352457826655,3.1728142510341915,7322.075918672443,7.355781610906332
numerical_gravity_20x20,2026-06-17T06:30:00Z,EarthMJ2000Eq,77520.0,2026-06-18T04:02:00Z,-1695.2901022266572,2413.1672829510735,6699.846867924106,5.639971767364032,-3.826933143507592,2.7703229174407014,7320.200333313672,7.35726769177508
numerical_gravity_20x20,2026-06-17T06:30:00Z,EarthMJ2000Eq,77580.0,2026-06-18T04:03:00Z,-1354.0090615615961,2179.2946103148647,6853.729546073873,5.7326159737820515,-3.966467811276803,2.3574986411775924,7318.215235155653,7.358909745601608
numerical_gravity_20x20,2026-06-17T06:30:00Z,EarthMJ2000Eq,77640.0,2026-06-18T04:04:00Z,-1007.7931459649618,1937.4787171458809,6982.569348177187,5.804414507073256,-4.09162550911069,1.9358076285097268,7316.129134081136,7.360705010481281
numerical_gravity_20x20,2026-06-17T06:30:00Z,EarthMJ2000Eq,77700.0,2026-06-18T04:05:00Z,-657.9019423027646,1688.596432193608,7085.879090649282,5.855084350368499,-4.201940716649463,1.5067490259372955,7313.950735669706,7.362649737922462
numerical_gravity_20x20,2026-06-17T06:30:00Z,EarthMJ2000Eq,77760.0,2026-06-18T04:06:00Z,-305.6098729474549,1433.5510306352346,7163.262417570594,5.8844141621070705,-4.296997657455104,1.0718505414582176,7311.688889364592,7.364739132013108
numerical_gravity_20x20,2026-06-17T06:30:00Z,EarthMJ2000Eq,77820.0,2026-06-18T04:07:00Z,47.798132383539325,1173.2692048713134,7214.415381281294,5.892265182294077,-4.3764317737596174,0.6326639920986931,7309.352541930567,7.366967339125785
numerical_gravity_20x20,2026-06-17T06:30:00Z,EarthMJ2000Eq,77880.0,2026-06-18T04:08:00Z,401.03101631172717,908.6979491532587,7239.127752839834,5.878572042005932,-4.43993111873635,0.19076075061084447,7306.950695110461,7.369327462947404
numerical_gravity_20x20,2026-06-17T06:30:00Z,EarthMJ2000Eq,77940.0,2026-06-18T04:09:00Z,752.7960189407552,640.8013636780913,7237.284056116373,5.843343467161265,-4.4872376478277065,-0.2522729152546787,7304.492367217657,7.371811596010146
numerical_gravity_20x20,2026-06-17T06:30:00Z,EarthMJ2000Eq,78000.0,2026-06-18T04:10:00Z,1101.8031414752036,370.55738419592836,7208.864318599424,5.786662850335888,-4.5181484112305474,-0.6948406280412553,7301.986558569024,7.374410858349252
numerical_gravity_20x20,2026-06-17T06:30:00Z,EarthMJ2000Eq,78060.0,2026-06-18T04:11:00Z,1446.7696389978,98.9544429642052,7153.944531144893,5.708688643449451,-4.532516649585471,-1.1353408148220068,7299.442220115596,7.377115423552686
numerical_gravity_20x20,2026-06-17T06:30:00Z,EarthMJ2000Eq,78120.0,2026-06-18T04:12:00Z,1786.4245308110812,-173.01193309765785,7072.696809697388,5.609654552848601,-4.53025279194897,-1.5721717211846489,7296.868225148471,7.379914530816002
numerical_gravity_20x20,2026-06-17T06:30:00Z,EarthMJ2000Eq,78180.0,2026-06-18T04:13:00Z,2119.5131175174174,-444.3425813489089,6965.389253671063,5.489869579034375,-4.511325362377235,-2.0037365121323116,7294.273345583132,7.38279652503625
numerical_gravity_20x20,2026-06-17T06:30:00Z,EarthMJ2000Eq,78240.0,2026-06-18T04:14:00Z,2444.8014969953665,-714.0382140315228,6832.385494248325,5.34971794033099,-4.475761792076187,-2.4284485239051667,7291.6662343269,7.385748973107973
numerical_gravity_20x20,2026-06-17T06:30:00Z,EarthMJ2000Eq,78300.0,2026-06-18T04:15:00Z,2761.0810710551964,-981.102973734337,6674.1439206099585,5.1896588175545615,-4.423649090744252,-2.844736757809052,7289.055411987519,7.388758836360422
numerical_gravity_20x20,2026-06-17T06:30:00Z,EarthMJ2000Eq,78360.0,2026-06-18T04:16:00Z,3067.1730276291264,-1244.5480229820018,6491.216569322719,5.010225768236865,-4.355134301286254,-3.25105159678223,7286.449252741272,7.391812600160064
numerical_gravity_20x20,2026-06-17T06:30:00Z,EarthMJ2000Eq,78420.0,2026-06-18T04:17:00Z,3361.93277524958,-1503.395153639224,6284.247668075714,4.812025720738415,-4.270424708576111,-3.645870576119756,7283.855965558236,7.394896279629703
numerical_gravity_20x20,2026-06-17T06:30:00Z,EarthMJ2000Eq,78480.0,2026-06-18T04:18:00Z,3644.254306267109,-1756.68040284215,6053.971835901564,4.595737631570342,-4.1697878640634185,-4.02770404985138,7281.283573406916,7.3979953448695515
numerical_gravity_20x20,2026-06-17T06:30:00Z,EarthMJ2000Eq,78540.0,2026-06-18T04:19:00Z,3913.0744737080768,-2003.4576670427457,5801.211946151551,4.3621109729791065,-4.05355150557553,-4.3951007912318865,7278.739898127255,7.401094710515839
numerical_gravity_20x20,2026-06-17T06:30:00Z,EarthMJ2000Eq,78600.0,2026-06-18T04:20:00Z,4167.377174030018,-2242.8023077618186,5526.876650530485,4.111964099534332,-3.9221033439960946,-4.74665372393292,7276.232556241398,7.4041788857219535
numerical_gravity_20x20,2026-06-17T06:30:00Z,EarthMJ2000Eq,78660.0,2026-06-18T04:21:00Z,4406.197425142924,-2473.8147369961357,5231.95755206638,3.8461823585611823,-3.775890570637446,-5.081005891018554,7273.768963126326,7.407232222719988
numerical_gravity_20x20,2026-06-17T06:30:00Z,EarthMJ2000Eq,78720.0,2026-06-18T04:22:00Z,4628.625318992792,-2695.6239614102974,4917.526015636375,3.565715780002889,-3.6154189682954216,-5.396856529213099,7271.356338360199,7.410239114696772
numerical_gravity_20x20,2026-06-17T06:30:00Z,EarthMJ2000Eq,78780.0,2026-06-18T04:23:00Z,4833.809821909467,-2907.391061976656,4584.72961669814,3.2715763212575757,-3.441251668763608,-5.692967024938041,7269.001708617165,7.413184081122865
numerical_gravity_20x20,2026-06-17T06:30:00Z,EarthMJ2000Eq,78840.0,2026-06-18T04:24:00Z,5020.962398274124,-3108.312591943694,4234.7882383470605,2.964834745052195,-3.254007692749253,-5.968166689757275,7266.71191102007,7.4160518314443
numerical_gravity_20x20,2026-06-17T06:30:00Z,EarthMJ2000Eq,78900.0,2026-06-18T04:25:00Z,5189.360436415507,-3297.6238819963705,3868.9898246293233,2.646617138805043,-3.05436030588148,-6.221358463283304,7264.493600329799,7.4188274198978235
numerical_gravity_20x20,2026-06-17T06:30:00Z,EarthMJ2000Eq,78960.0,2026-06-18T04:26:00Z,5338.350452451428,-3474.60223808035,3488.6857925807594,2.318100974877809,-2.8430350541319256,-6.451524570624993,7262.3532567216935,7.421496461909173
numerical_gravity_20x20,2026-06-17T06:30:00Z,EarthMJ2000Eq,79020.0,2026-06-18T04:27:00Z,5467.351042490564,-3638.570007848743,3095.2861109502473,1.9805106711013034,-2.6208073382705788,-6.6577319266023505,7260.297186236978,7.424045260447925
numerical_gravity_20x20,2026-06-17T06:30:00Z,EarthMJ2000Eq,79080.0,2026-06-18T04:28:00Z,5575.855556886581,-3788.8974884651134,2690.2540690606675,1.635112804097238,-2.3884995780206704,-6.839137032396824,7258.331511129654,7.426460762989951
numerical_gravity_20x20,2026-06-17T06:30:00Z,EarthMJ2000Eq,79140.0,2026-06-18T04:29:00Z,5663.434482578612,-3925.005656947996,2275.100767981069,1.2832111921481817,-2.1469781662915657,-6.994990362212655,7256.46215796667,7.428730468770218
numerical_gravity_20x20,2026-06-17T06:30:00Z,EarthMJ2000Eq,79200.0,2026-06-18T04:30:00Z,5729.737527834487,-4046.368714761612,1851.379357871293,0.9261418730741464,-1.8971503220387305,-7.124640482425249,7254.694855087174,7.430842490410198
numerical_gravity_20x20,2026-06-17T06:30:00Z,EarthMJ2000Eq,79260.0,2026-06-18T04:31:00Z,5774.495397608179,-4152.51643799573,1420.679031656758,0.5652677707509698,-1.6399607221956256,-7.227538053546772,7253.035142325726,7.432785826220263
numerical_gravity_20x20,2026-06-17T06:30:00Z,EarthMJ2000Eq,79320.0,2026-06-18T04:32:00Z,5797.521234402438,-4243.036313585389,984.6187859485156,0.20197286654495913,-1.3763877122538324,-7.303239531063873,7251.488383455784,7.434550680529241
numerical_gravity_20x20,2026-06-17T06:30:00Z,EarthMJ2000Eq,79380.0,2026-06-18T04:33:00Z,5798.711695793755,-4317.5754340254025,544.8409779568437,-0.16234404761921187,-1.1074390602688007,-7.351410212270083,7250.059768767144,7.436128627926988
numerical_gravity_20x20,2026-06-17T06:30:00Z,EarthMJ2000Eq,79440.0,2026-06-18T04:34:00Z,5778.047651143475,-4375.8421276668305,103.00472419945996,-0.5262757714469324,-0.8341474264239154,-7.371826462319644,7248.754303903244,7.437512588707186
numerical_gravity_20x20,2026-06-17T06:30:00Z,EarthMJ2000Eq,79500.0,2026-06-18T04:35:00Z,5735.594494476446,-4417.60731368465,-339.2208122519024,-0.8884130773542928,-0.5575657369962481,-7.364377236720586,7247.57679106979,7.4386967562748945
numerical_gravity_20x20,2026-06-17T06:30:00Z,EarthMJ2000Eq,79560.0,2026-06-18T04:36:00Z,5671.502074787124,-4442.705578007622,-780.1632091754943,-1.2473510977567583,-0.278762502698778,-7.329065062168042,7246.531809778087,7.439676604495529
numerical_gravity_20x20,2026-06-17T06:30:00Z,EarthMJ2000Eq,79620.0,2026-06-18T04:37:00Z,5586.004240770382,-4451.035965090799,-1218.1536152817623,-1.6016957951592925,0.001182982447046189,-7.266006460214149,7245.623697851035,7.440448958198166
numerical_gravity_20x20,2026-06-17T06:30:00Z,EarthMJ2000Eq,79680.0,2026-06-18T04:38:00Z,5479.417995767465,-4442.562477272137,-1651.5335857470166,-1.9500704641672477,0.2811855821606548,-7.175431686273568,7244.8565287144975,7.4410120300407545
numerical_gravity_20x20,2026-06-17T06:30:00Z,EarthMJ2000Eq,79740.0,2026-06-18T04:39:00Z,5352.142265284597,-4417.314275002276,-2078.661880066862,-2.2911221200462095,0.5601593329921286,-7.057683739361274,7244.234082608576,7.441365386281456
numerical_gravity_20x20,2026-06-17T06:30:00Z,EarthMJ2000Eq,79800.0,2026-06-18T04:40:00Z,5204.656287215665,-4375.38557598832,-2497.9211802227856,-2.6235276794410245,0.8370224552055598,-6.913216710274171,7243.759813054667,7.441509884326271
numerical_gravity_20x20,2026-06-17T06:30:00Z,EarthMJ2000Eq,79860.0,2026-06-18T04:41:00Z,5037.517637955863,-4316.935255048033,-2907.7246914462276,-2.945999914900734,1.1107023110057763,-6.742593523253902,7243.436810674826,7.4414476106530625
numerical_gravity_20x20,2026-06-17T06:30:00Z,EarthMJ2000Eq,79920.0,2026-06-18T04:42:00Z,4851.359908815681,-4242.186149403193,-3306.5225894513765,-3.2572931458505328,1.3801402527052895,-6.546483079211297,7243.26776569834,7.441181791996625
numerical_gravity_20x20,2026-06-17T06:30:00Z,EarthMJ2000Eq,79980.0,2026-06-18T04:43:00Z,4646.890050675119,-4151.424078292757,-3692.8082796799463,-3.5562085981460454,1.6442962871222024,-6.3256568662663675,7243.25493209821,7.440716676712974
numerical_gravity_20x20,2026-06-17T06:30:00Z,EarthMJ2000Eq,80040.0,2026-06-18T04:44:00Z,4424.885406946279,-4044.9965888375355,-4065.124440691476,-3.8415994489960252,1.9021535429272332,-6.080985175044994,7243.4000984772765,7.44005746795777
numerical_gravity_20x20,2026-06-17T06:30:00Z,EarthMJ2000Eq,80100.0,2026-06-18T04:45:00Z,4186.190450163506,-3923.311437898925,-4422.0688300124275,-4.112375683493171,2.152722619980857,-5.813432952356912,7243.704567495568,7.439210383657151
numerical_gravity_20x20,2026-06-17T06:30:00Z,EarthMJ2000Eq,80160.0,2026-06-18T04:46:00Z,3931.7132310717952,-3786.8348148512814,-4762.299826324508,-4.3675088100343045,2.39504587360764,-5.524055119173385,7244.169136772359,7.438182768800315
numerical_gravity_20x20,2026-06-17T06:30:00Z,EarthMJ2000Eq,80220.0,2026-06-18T04:47:00Z,3662.42155352274,-3636.0893115343288,-5084.541669818277,-4.606036231886328,2.6282015258499523,-5.213991183002022,7244.794069487451,7.436983063470862
numerical_gravity_20x20,2026-06-17T06:30:00Z,EarthMJ2000Eq,80280.0,2026-06-18T04:48:00Z,3379.3389055464536,-3471.6516558993867,-5387.589360822537,-4.827064959779351,2.8513074016128357,-4.884459291504474,7245.579050655445,7.435620525200716
numerical_gravity_20x20,2026-06-17T06:30:00Z,EarthMJ2000Eq,80340.0,2026-06-18T04:49:00Z,3083.5401906029747,-3294.150235057841,-5670.313195470978,-5.029774576886992,3.063524221884228,-4.536750154852215,7246.523139611696,7.434104849941362
numerical_gravity_20x20,2026-06-17T06:30:00Z,EarthMJ2000Eq,80400.0,2026-06-18T04:50:00Z,2776.147297602431,-3104.2624304303135,-5931.6629410715905,-5.213419707726961,3.2640586117561483,-4.172221128083316,7247.624735142436,7.432445950797097
numerical_gravity_20x20,2026-06-17T06:30:00Z,EarthMJ2000Eq,80460.0,2026-06-18T04:51:00Z,2458.3245294473827,-2902.7117759338544,-6170.671658805682,-5.377332299898226,3.4521660082781964,-3.7922903198825653,7248.881559731502,7.4306539875380535
numerical_gravity_20x20,2026-06-17T06:30:00Z,EarthMJ2000Eq,80520.0,2026-06-18T04:52:00Z,2131.273898577451,-2690.264944900111,-6386.459165125497,-5.520923753466968,3.627153433951323,-3.3984303945436265,7250.2906543345825,7.4287394806641736
numerical_gravity_20x20,2026-06-17T06:30:00Z,EarthMJ2000Eq,80580.0,2026-06-18T04:53:00Z,1796.2303044074215,-2467.7285800223135,-6578.235108989822,-5.643686689557806,3.7883819180043665,-2.992161985604284,7251.84837129658,7.426713294227115
numerical_gravity_20x20,2026-06-17T06:30:00Z,EarthMJ2000Eq,80640.0,2026-06-18T04:54:00Z,1454.4566195584866,-2235.945992342114,-6745.301648406842,-5.745196218150279,3.9352684402012788,-2.5750469821972484,7253.550362880809,7.424586469428155
numerical_gravity_20x20,2026-06-17T06:30:00Z,EarthMJ2000Eq,80700.0,2026-06-18T04:55:00Z,1107.2387134274845,-1995.7937555266521,-6887.055727287698,-5.825110783972222,4.067287510755426,-2.1486819398810537,7255.391572746299,7.422370067536888
numerical_gravity_20x20,2026-06-17T06:30:00Z,EarthMJ2000Eq,80760.0,2026-06-18T04:56:00Z,755.8804344457254,-1748.1782114834841,-7002.990960512736,-5.88317270559922,4.183972565876687,-1.7146915845248472,7257.3662359913005,7.420075117271841
numerical_gravity_20x20,2026-06-17T06:30:00Z,EarthMJ2000Eq,80820.0,2026-06-18T04:57:00Z,401.6985699242889,-1494.0318970121969,-7092.699128177422,-5.919208363780878,4.284917188460801,-1.2747222688798079,7259.467884991148,7.417712573873323
numerical_gravity_20x20,2026-06-17T06:30:00Z,EarthMJ2000Eq,80880.0,2026-06-18T04:58:00Z,46.01780785432066,-1234.309905638553,-7155.871276888867,-5.933127941950192,4.369776028738124,-0.8304354520797728,7261.689356699326,7.415293167296583
numerical_gravity_20x20,2026-06-17T06:30:00Z,EarthMJ2000Eq,80940.0,2026-06-18T04:59:00Z,-309.83427385936346,-969.9862042461087,-7192.29843651086,-5.924924805443951,4.438265405203384,-0.3835014349902822,7264.022805135064,7.412827200726442
numerical_gravity_20x20,2026-06-17T06:30:00Z,EarthMJ2000Eq,81000.0,2026-06-18T05:00:00Z,-664.5321761032643,-702.0499193901735,-7201.871970441972,-5.894674756726614,4.490163747318063,0.06440661686102721,7266.459728164054,7.4103244988067045
numerical_gravity_20x20,2026-06-17T06:30:00Z,EarthMJ2000Eq,81060.0,2026-06-18T05:01:00Z,-1016.7574016025961,-431.50159819046377,-7184.583569059161,-5.842535242923627,4.525312002262021,0.5116186506560483,7268.991010019855,7.407794572362308
numerical_gravity_20x20,2026-06-17T06:30:00Z,EarthMJ2000Eq,81120.0,2026-06-18T05:02:00Z,-1365.2033236221605,-159.34944836441284,-7140.524877665481,-5.768744281193077,4.543613884248051,0.9564739406157299,7271.606967519811,7.405246796022836
numerical_gravity_20x20,2026-06-17T06:30:00Z,EarthMJ2000Eq,81180.0,2026-06-18T05:03:00Z,-1708.5799744268131,113.39442580497001,-7069.886748284119,-5.673618835550052,4.54503572949799,1.3973273421102608,7274.297385890912,7.402690333556483
numerical_gravity_20x20,2026-06-17T06:30:00Z,EarthMJ2000Eq,81240.0,2026-06-18T05:04:00Z,-2045.6187208140286,385.7177652648544,-6972.958126847779,-5.557552724589671,4.5296059217093685,1.8325551208187365,7277.05154469571,7.400133807129276
numerical_gravity_20x20,2026-06-17T06:30:00Z,EarthMJ2000Eq,81300.0,2026-06-18T05:05:00Z,-2375.0768096549855,656.6118563964283,-6850.124609263423,-5.421014450504347,4.4974141324914045,2.2605601776771422,7279.858250279165,7.3975850024592535
numerical_gravity_20x20,2026-06-17T06:30:00Z,EarthMJ2000Eq,81360.0,2026-06-18T05:06:00Z,-2695.7417884327638,925.0751866880993,-6701.866694569056,-5.264545213973959,4.448610616785863,2.6797770054787264,7282.705890169028,7.395050880747782
numerical_gravity_20x20,2026-06-17T06:30:00Z,EarthMJ2000Eq,81420.0,2026-06-18T05:07:00Z,-3006.4358093089054,1190.1170593933712,-6528.757736865563,-5.088756960513636,4.383405516952469,3.088676823359411,7285.582507750219,7.392537848965191
numerical_gravity_20x20,2026-06-17T06:30:00Z,EarthMJ2000Eq,81480.0,2026-06-18T05:08:00Z,-3306.0198077155515,1450.761160502832,-6331.461581723618,-4.894330100043299,4.302067929246286,3.485772920509205,7288.475881463369,7.3900519923336505
numerical_gravity_20x20,2026-06-17T06:30:00Z,EarthMJ2000Eq,81540.0,2026-06-18T05:09:00Z,-3593.39753009874,1706.0490589953315,-6110.729884672622,-4.682010769897012,4.204924618942354,3.869625838863251,7291.373596548846,7.387599070957846
numerical_gravity_20x20,2026-06-17T06:30:00Z,EarthMJ2000Eq,81600.0,2026-06-18T05:10:00Z,-3867.5193883444863,1955.0436229536056,-5867.39913145002,-4.452607842172379,4.0923585414723505,4.238848118897253,7294.263112516062,7.385184385187377
numerical_gravity_20x20,2026-06-17T06:30:00Z,EarthMJ2000Eq,81660.0,2026-06-18T05:11:00Z,-4127.386132986527,2196.8323466489996,-5602.387384105098,-4.206989893420285,3.9648073733818237,4.592108743063595,7297.131837347657,7.3828127552772465
numerical_gravity_20x20,2026-06-17T06:30:00Z,EarthMJ2000Eq,81720.0,2026-06-18T05:12:00Z,-4372.052342990068,2430.5305898024294,-5316.690761618685,-3.94608209101364,3.8227620259718584,4.928137580505685,7299.967211740869,7.380488695785901
numerical_gravity_20x20,2026-06-17T06:30:00Z,EarthMJ2000Eq,81780.0,2026-06-18T05:13:00Z,-4600.629721042163,2655.284721531149,-5011.379651769137,-3.67086279451971,3.66676491410574,5.245729874968002,7302.756794300286,7.378216621422669
numerical_gravity_20x20,2026-06-17T06:30:00Z,EarthMJ2000Eq,81840.0,2026-06-18T05:14:00Z,-4812.290174422533,2870.275148801982,-4687.5946588780835,-3.3823598210759953,3.497407833263653,5.543750506333076,7305.488336765464,7.376000893971708
numerical_gravity_20x20,2026-06-17T06:30:00Z,EarthMJ2000Eq,81900.0,2026-06-18T05:15:00Z,-5006.268665838162,3074.719207668581,-4346.542309118036,-3.0816465501778367,3.315329541344271,5.821137794447412,7308.149848320864,7.373845716441121
numerical_gravity_20x20,2026-06-17T06:30:00Z,EarthMJ2000Eq,81960.0,2026-06-18T05:16:00Z,-5181.865830394253,3267.873905761421,-3989.4905404599267,-2.769838036126675,3.121213247227368,6.0769069058687375,7310.729657194496,7.371755043653909
numerical_gravity_20x20,2026-06-17T06:30:00Z,EarthMJ2000Eq,82020.0,2026-06-18T05:17:00Z,-5338.450359035072,3449.0385137689395,-3617.7639948572246,-2.448087087729137,2.9157840859411546,6.310153067324529,7313.216476204465,7.36973262459358
numerical_gravity_20x20,2026-06-17T06:30:00Z,EarthMJ2000Eq,82080.0,2026-06-18T05:18:00Z,-5475.461141781925,3617.5570033250656,-3232.7391215198354,-2.1175801596939845,2.699806505599849,6.520054637729493,7315.599470670527,7.367782120786875
numerical_gravity_20x20,2026-06-17T06:30:00Z,EarthMJ2000Eq,82140.0,2026-06-18T05:19:00Z,-5592.409157282761,3772.8203232881856,-2835.8391033395415,-1.7795330143307875,2.4740814881203996,6.705875903804082,7317.86832310517,7.365907180800847
numerical_gravity_20x20,2026-06-17T06:30:00Z,EarthMJ2000Eq,82200.0,2026-06-18T05:20:00Z,-5688.879097907146,3914.268504478709,-2428.5286267993592,-1.4351862689527224,2.2394436188206712,6.86696949881021,7320.013292811892,7.3641114498666305
numerical_gravity_20x20,2026-06-17T06:30:00Z,EarthMJ2000Eq,82260.0,2026-06-18T05:21:00Z,-5764.530727021582,4041.3925851633144,-2012.3085168568832,-1.085800925973636,1.9967580438263677,7.002778503177729,7322.025272914846,7.362398596992601
numerical_gravity_20x20,2026-06-17T06:30:00Z,EarthMJ2000Eq,82320.0,2026-06-18T05:22:00Z,-5819.099966763081,4153.736350130819,-1588.7102530786015,-0.7326538432605717,1.7469172897101464,7.112838305009212,7323.89584564235,7.360772406774919
numerical_gravity_20x20,2026-06-17T06:30:00Z,EarthMJ2000Eq,82380.0,2026-06-18T05:23:00Z,-5852.399709995351,4250.897873576153,-1159.2903827517084,-0.37703306311180496,1.4908379021077534,7.196778148806681,7325.617331574761,7.3592368696884485
numerical_gravity_20x20,2026-06-17T06:30:00Z,EarthMJ2000Eq,82440.0,2026-06-18T05:24:00Z,-5864.32034829422,4332.530855780052,-725.6248544030466,-0.02023303557074594,1.2294569515091534,7.254322219311932,7327.182827869884,7.357796180443257
numerical_gravity_20x20,2026-06-17T06:30:00Z,EarthMJ2000Eq,82500.0,2026-06-18T05:25:00Z,-5854.830013420999,4398.345749381579,-289.30330144547383,0.33645013469334684,0.963728535288557,7.285290232151315,7328.586235924743,7.3564546589742505
numerical_gravity_20x20,2026-06-17T06:30:00Z,EarthMJ2000Eq,82560.0,2026-06-18T05:26:00Z,-5823.97453616823,4448.110677780832,148.07669796192786,0.6917233583663264,0.6946203467592492,7.289597662364564,7329.822283534786,7.355216700396559
numerical_gravity_20x20,2026-06-17T06:30:00Z,EarthMJ2000Eq,82620.0,2026-06-18T05:27:00Z,-5771.87712608723,4481.652148324341,584.9153667041038,1.0443012097832876,0.42311024667751396,7.267255705656332,7330.886544166112,7.35408680863864
numerical_gravity_20x20,2026-06-17T06:30:00Z,EarthMJ2000Eq,82680.0,2026-06-18T05:28:00Z,-5698.737771691686,4498.855557232212,1019.6164624495085,1.392910590571574,0.15018274047354857,7.21837089006903,7331.775449769499,7.353069636244346
numerical_gravity_20x20,2026-06-17T06:30:00Z,EarthMJ2000Eq,82740.0,2026-06-18T05:29:00Z,-5604.832362908881,4499.66548049339,1450.5929740687766,1.7362952944829775,-0.12317461703493164,7.143144208654485,7332.486292457167,7.352169919252379
numerical_gravity_20x20,2026-06-17T06:30:00Z,EarthMJ2000Eq,82800.0,2026-06-18T05:30:00Z,-5490.511546987818,4484.0857501016735,1876.2727522658706,2.073220307808777,-0.39597475879519756,7.04186982137997,7333.01721686011,7.351392319525303
numerical_gravity_20x20,2026-06-17T06:30:00Z,EarthMJ2000Eq,82860.0,2026-06-18T05:31:00Z,-5356.199335009333,4452.179322122052,2295.1040547086627,2.402475841248068,-0.6672345068794993,6.914933539920421,7333.3672112219865,7.3507413174772855
numerical_gravity_20x20,2026-06-17T06:30:00Z,EarthMJ2000Eq,82920.0,2026-06-18T05:32:00Z,-5202.391470086799,4404.067943293185,2705.5609972986404,2.7228812784364935,-0.9359779072791405,6.762811211755395,7333.536102541404,7.3502212609702475
numerical_gravity_20x20,2026-06-17T06:30:00Z,EarthMJ2000Eq,82980.0,2026-06-18T05:33:00Z,-5029.653556940918,4339.931616613905,3106.1489023297595,3.0332891885398294,-1.2012396065414517,6.58606685722064,7333.524551208497,7.349836497597524
numerical_gravity_20x20,2026-06-17T06:30:00Z,EarthMJ2000Eq,83040.0,2026-06-18T05:34:00Z,-4838.618950564028,4260.0078631943525,3495.4095212577135,3.332589307540799,-1.4620682477999327,6.3853503244699725,7333.334034703051,7.349591404980879
numerical_gravity_20x20,2026-06-17T06:30:00Z,EarthMJ2000Eq,83100.0,2026-06-18T05:35:00Z,-4629.986413293652,4164.590783606691,3871.9261011243625,3.6197122366174246,-1.7175297286726852,6.16139444785485,7332.966815331549,7.349490226325154
numerical_gravity_20x20,2026-06-17T06:30:00Z,EarthMJ2000Eq,83160.0,2026-06-18T05:36:00Z,-4404.517562326195,4054.0299312881607,4234.3282716749345,3.893632729905583,-1.9667102011386195,5.9150119659354194,7332.425898222621,7.349536815869004
numerical_gravity_20x20,2026-06-17T06:30:00Z,EarthMJ2000Eq,83220.0,2026-06-18T05:37:00Z,-4163.034129615877,3928.7290129098587,4581.296747184202,4.153372696997794,-2.208718860235034,5.64709245122404,7331.714990845378,7.349734479312583
numerical_gravity_20x20,2026-06-17T06:30:00Z,EarthMJ2000Eq,83280.0,2026-06-18T05:38:00Z,-3906.415044718269,3789.14442419887,4911.56784499146,4.3980041292693715,-2.4426906616816964,5.358599247148276,7330.838469438042,7.35008597781519
numerical_gravity_20x20,2026-06-17T06:30:00Z,EarthMJ2000Eq,83340.0,2026-06-18T05:39:00Z,-3635.593342442832,3635.783622882322,5223.937815761086,4.626652004009725,-2.6677890321687454,5.050566222971563,7329.801348397694,7.350593599090368
numerical_gravity_20x20,2026-06-17T06:30:00Z,EarthMJ2000Eq,83400.0,2026-06-18T05:40:00Z,-3351.552899684016,3469.2033405671796,5517.266970428288,4.838497049892463,-2.883208512391162,4.724094241672195,7328.609246000346,7.351259173226266
numerical_gravity_20x20,2026-06-17T06:30:00Z,EarthMJ2000Eq,83460.0,2026-06-18T05:41:00Z,-3055.3250132751855,3290.0076399988734,5790.483588413665,5.032778275462706,-3.0881772628506887,4.380347424272168,7327.268344730112,7.352084026593083
numerical_gravity_20x20,2026-06-17T06:30:00Z,EarthMJ2000Eq,83520.0,2026-06-18T05:42:00Z,-2747.9848326106276,3098.8458258386772,6042.587598538619,5.208795295848428,-3.281959450504078,4.020549316279428,7325.785348929394,7.3530689561189835
numerical_gravity_20x20,2026-06-17T06:30:00Z,EarthMJ2000Eq,83580.0,2026-06-18T05:43:00Z,-2430.647656853165,2896.4102143637665,6272.654026358719,5.365910523615819,-3.4638575695957634,3.6459789168782386,7324.167440469312,7.3542142525369405
numerical_gravity_20x20,2026-06-17T06:30:00Z,EarthMJ2000Eq,83640.0,2026-06-18T05:44:00Z,-2104.4651057140604,2683.4337662441817,6479.836196357798,5.50355117223841,-3.6332146718019778,3.257966468287094,7322.422228376087,7.355519686964818
numerical_gravity_20x20,2026-06-17T06:30:00Z,EarthMJ2000Eq,83700.0,2026-06-18T05:45:00Z,-1770.6211789972679,2460.687590705386,6663.368674873512,5.621210942057121,-3.789416406929904,2.8578890498395846,7320.557688854773,7.356984367348163
numerical_gravity_20x20,2026-06-17T06:30:00Z,EarthMJ2000Eq,83760.0,2026-06-18T05:46:00Z,-1430.3282255737022,2228.978334343604,6822.569948054902,5.718451366391562,-3.9318928311892862,2.447166191447037,7318.582099283158,7.358606500846789
numerical_gravity_20x20,2026-06-17T06:30:00Z,EarthMJ2000Eq,83820.0,2026-06-18T05:47:00Z,-1084.8228380419307,1989.1454664436549,6956.84484170541,5.794902979260005,-4.060120071973136,2.0272556639518116,7316.503975818906,7.3603832145412325
numerical_gravity_20x20,2026-06-17T06:30:00Z,EarthMJ2000Eq,83880.0,2026-06-18T05:48:00Z,-735.3616775845098,1742.0584653440162,7065.686692220701,5.850266496490519,-4.173621977056217,1.5996493572272934,7314.332021870579,7.362310544482879
numerical_gravity_20x20,2026-06-17T06:30:00Z,EarthMJ2000Eq,83940.0,2026-06-18T05:49:00Z,-383.2172264036585,1488.613905471972,7148.679266878299,5.884314034948508,-4.271971766740243,1.1658690102845226,7312.0750859706495,7.364383544252672
numerical_gravity_20x20,2026-06-17T06:30:00Z,EarthMJ2000Eq,84000.0,2026-06-18T05:50:00Z,-29.673469241180655,1229.7324475932226,7205.498419981912,5.8968902285969405,-4.354793587405081,0.7274616768942869,7309.74212184002,7.366596367955579
numerical_gravity_20x20,2026-06-17T06:30:00Z,EarthMJ2000Eq,84060.0,2026-06-18T05:51:00Z,323.9784855037906,966.3557411588544,7235.913471215633,5.8879131157153,-4.421763883709811,0.28599502936911625,7307.342146119879,7.36894224826851
numerical_gravity_20x20,2026-06-17T06:30:00Z,EarthMJ2000Eq,84120.0,2026-06-18T05:52:00Z,676.444831058371,699.4432490289997,7239.788301463098,5.857374811184132,-4.472612630023039,-0.15694734617300085,7304.884196075921,7.371413425280575
numerical_gravity_20x20,2026-06-17T06:30:00Z,EarthMJ2000Eq,84180.0,2026-06-18T05:53:00Z,1026.4335236415204,429.968999886104,7217.082166743572,5.805342048896105,-4.507124523737085,-0.5997706544770722,7302.377292419661,7.374001126601849
numerical_gravity_20x20,2026-06-17T06:30:00Z,EarthMJ2000Eq,84240.0,2026-06-18T05:54:00Z,1372.658773296129,158.9182691656509,7167.850227024984,5.73195661691924,-4.525140169093138,-1.0408737111452309,7299.830409074142,7.376695621397007
numerical_gravity_20x20,2026-06-17T06:30:00Z,EarthMJ2000Eq,84300.0,2026-06-18T05:55:00Z,1713.8455563422265,-112.7158089900536,7092.24378029359,5.6374356328728705,-4.526557175705638,-1.4786539487404857,7297.25244757939,7.3794862883430286
numerical_gravity_20x20,2026-06-17T06:30:00Z,EarthMJ2000Eq,84360.0,2026-06-18T05:56:00Z,2048.734138582315,-383.93569099075603,6990.510191538948,5.52207162752433,-4.51133109352098,-1.9115125683030385,7294.6522140139805,7.382361654217361
numerical_gravity_20x20,2026-06-17T06:30:00Z,EarthMJ2000Eq,84420.0,2026-06-18T05:57:00Z,2376.0845983969803,-653.7429241692333,6862.992509631853,5.386232463799995,-4.47947618892061,-2.3378597907642016,7292.038399302598,7.385309437151006
numerical_gravity_20x20,2026-06-17T06:30:00Z,EarthMJ2000Eq,84480.0,2026-06-18T05:58:00Z,2694.6813404169034,-921.1416901686697,6710.128765165116,5.230361097525042,-4.431066107822935,-2.7561202542199617,7289.41956433118,7.38831664982775
numerical_gravity_20x20,2026-06-17T06:30:00Z,EarthMJ2000Eq,84540.0,2026-06-18T05:59:00Z,3003.3375881734746,-1185.142384693227,6532.450938148569,5.0549750956174755,-4.366234415708597,-3.164738627125903,7286.804128000843,7.3913697491232195
numerical_gravity_20x20,2026-06-17T06:30:00Z,EarthMJ2000Eq,84600.0,2026-06-18T06:00:00Z,3300.8998375898595,-1444.7652240731427,6330.583583035976,4.860665798442589,-4.285174936802999,-3.5621853988955503,7284.2003536624725,7.394454750639751
numerical_gravity_20x20,2026-06-17T06:30:00Z,EarthMJ2000Eq,84660.0,2026-06-18T06:01:00Z,3586.252248700211,-1699.0438644847218,6105.242104600978,4.648097106410604,-4.188141833319488,-3.9469627010400763,7281.616331594454,7.397557251554389
numerical_gravity_20x20,2026-06-17T06:30:00Z,EarthMJ2000Eq,84720.0,2026-06-18T06:02:00Z,3858.3209554784316,-1947.0290185256988,5857.230686715256,4.4180039836878455,-4.075449448175912,-4.3176100485592555,7279.059960727347,7.400662398457241
numerical_gravity_20x20,2026-06-17T06:30:00Z,EarthMJ2000Eq,84780.0,2026-06-18T06:03:00Z,4116.07827996593,-2187.792056947973,5587.439878576073,4.171190773181464,-3.947471977131575,-4.672710033340052,7276.538936057041,7.403754894118932
numerical_gravity_20x20,2026-06-17T06:30:00Z,EarthMJ2000Eq,84840.0,2026-06-18T06:04:00Z,4358.546839714795,-2420.4285863506793,5296.843837807715,3.9085293143309383,-3.8046429923072878,-5.010894087933445,7274.060746084881,7.406819105417897
numerical_gravity_20x20,2026-06-17T06:30:00Z,EarthMJ2000Eq,84900.0,2026-06-18T06:05:00Z,4584.803534026001,-2644.0619926307277,4986.497223503035,3.630956765741436,-3.6474547634966195,-5.330848394312139,7271.632679563452,7.409839262060817
numerical_gravity_20x20,2026-06-17T06:30:00Z,EarthMJ2000Eq,84960.0,2026-06-18T06:06:00Z,4793.983387966192,-2857.846935407427,4657.531730890972,3.339473027151158,-3.4764572879123974,-5.6313199080522445,7269.261836979714,7.412799692462685
numerical_gravity_20x20,2026-06-17T06:30:00Z,EarthMJ2000Eq,85020.0,2026-06-18T06:07:00Z,4985.283227947953,-3060.9727735870792,4311.152263654689,3.035137695869762,-3.292256956510622,-5.911122390387719,7266.955141179521,7.415685040151396
numerical_gravity_20x20,2026-06-17T06:30:00Z,EarthMJ2000Eq,85080.0,2026-06-18T06:08:00Z,5157.965160115102,-3252.666899244885,3948.6327476924844,2.719066537913514,-3.0955148321830346,-6.16914230213435,7264.719342586749,7.418480414333494
numerical_gravity_20x20,2026-06-17T06:30:00Z,EarthMJ2000Eq,85140.0,2026-06-18T06:09:00Z,5311.359823175234,-3432.1979572340047,3571.311599158423,2.392427510153196,-2.8869445724450142,-6.404344412248517,7262.561017104422,7.421171451085493
numerical_gravity_20x20,2026-06-17T06:30:00Z,EarthMJ2000Eq,85200.0,2026-06-18T06:10:00Z,5444.869391430669,-3598.878931291527,3180.586866866989,2.056436430791291,-2.66731006951266,-6.615777039738817,7260.486558731404,7.42374431404696
numerical_gravity_20x20,2026-06-17T06:30:00Z,EarthMJ2000Eq,85260.0,2026-06-18T06:11:00Z,5557.970310131807,-3752.070081564571,2777.91107054677,1.7123523977083772,-2.43742286070204,-6.802576964535329,7258.502172014893,7.426185716384774
numerical_gravity_20x20,2026-06-17T06:30:00Z,EarthMJ2000Eq,85320.0,2026-06-18T06:12:00Z,5650.215748949231,-3891.1817194027667,2364.785752083035,1.3614729665051413,-2.1981392818881487,-6.96397409422364,7256.61386848874,7.428483029941041
numerical_gravity_20x20,2026-06-17T06:30:00Z,EarthMJ2000Eq,85380.0,2026-06-18T06:13:00Z,5721.237757100571,-4015.676801573536,1942.755753968359,1.0051290133902324,-1.9503572820370882,-7.099295874373511,7254.827466421666,7.430624453775784
numerical_gravity_20x20,2026-06-17T06:30:00Z,EarthMJ2000Eq,85440.0,2026-06-18T06:14:00Z,5770.749099447268,-4125.073322199298,1513.4032445487035,0.6446792403695917,-1.6950128713257244,-7.207971286351217,7253.14858960592,7.432599143084942
numerical_gravity_20x20,2026-06-17T06:30:00Z,EarthMJ2000Eq,85500.0,2026-06-18T06:15:00Z,5798.544753808471,-4218.94648251312,1078.341519806895,0.2815043977832997,-1.4330762874814615,-7.289534285697885,7251.58266294807,7.43439725021995
numerical_gravity_20x20,2026-06-17T06:30:00Z,EarthMJ2000Eq,85560.0,2026-06-18T06:16:00Z,5804.503056133071,-4296.930624909376,639.2086155090942,-0.08299866309472737,-1.1655479822787398,-7.3436267028330855,7250.1349075781545,7.436009953438248
numerical_gravity_20x20,2026-06-17T06:30:00Z,EarthMJ2000Eq,85620.0,2026-06-18T06:17:00Z,5788.586484310811,-4358.720920671645,197.6607584707005,-0.447423097612529,-0.8934544085570445,-7.370000717996907,7248.810338675284,7.4374295823034275
numerical_gravity_20x20,2026-06-17T06:30:00Z,EarthMJ2000Eq,85680.0,2026-06-18T06:18:00Z,5750.8420687775115,-4404.074795979038,-244.63431759468995,-0.8103584111871583,-0.6178434912191404,-7.368520873115409,7247.61376302187,7.438649823170943
numerical_gravity_20x20,2026-06-17T06:30:00Z,EarthMJ2000Eq,85740.0,2026-06-18T06:19:00Z,5691.401415390049,-4432.813075699548,-686.0041572048756,-1.1703970211513315,-0.3397797642126571,-7.339165379414828,7246.549767917081,7.439665848792505
numerical_gravity_20x20,2026-06-17T06:30:00Z,EarthMJ2000Eq,85800.0,2026-06-18T06:20:00Z,5610.480332621103,-4444.82082980542,-1124.7784202413322,-1.5261408430815206,-0.06033936590771796,-7.282026534195457,7245.62269694199,7.440474256169859
numerical_gravity_20x20,2026-06-17T06:30:00Z,EarthMJ2000Eq,85860.0,2026-06-18T06:21:00Z,5508.37806829104,-4440.047921681669,-1559.2957194452345,-1.8762076994435024,0.21939486399904926,-7.197310359422822,7244.836618636729,7.441072896273448
numerical_gravity_20x20,2026-06-17T06:30:00Z,EarthMJ2000Eq,85920.0,2026-06-18T06:22:00Z,5385.476167666629,-4418.509266889078,-1987.9104200956385,-2.2192375514455933,0.49833815083723365,-7.0853357431206065,7244.19529916296,7.441460798463467
numerical_gravity_20x20,2026-06-17T06:30:00Z,EarthMJ2000Eq,85980.0,2026-06-18T06:23:00Z,5242.236959176224,-4380.284805555497,-2408.9993762106365,-2.5538987027124453,0.7754086013568634,-6.946533166099695,7243.702182483538,7.4416382679150415
numerical_gravity_20x20,2026-06-17T06:30:00Z,EarthMJ2000Eq,86040.0,2026-06-18T06:24:00Z,5079.201667542205,-4325.519180344029,-2820.9685727699925,-2.8788939962983475,1.0495322028869216,-6.781442793891856,7243.360369858976,7.4416070074713785
numerical_gravity_20x20,2026-06-17T06:30:00Z,EarthMJ2000Eq,86100.0,2026-06-18T06:25:00Z,4896.988160412157,-4254.421111776782,-3222.259628721235,-3.1929667865126925,1.3196478691882085,-6.590711735339009,7243.172589027238,7.441370073901815
numerical_gravity_20x20,2026-06-17T06:30:00Z,EarthMJ2000Eq,86160.0,2026-06-18T06:26:00Z,4696.288349583155,-4167.26247627757,-3611.3561130885073,-3.494906461139734,1.5847122667606333,-6.37509060462545,7243.141154510471,7.440931686134578
numerical_gravity_20x20,2026-06-17T06:30:00Z,EarthMJ2000Eq,86220.0,2026-06-18T06:27:00Z,4477.865274063223,-4064.377104053385,-3986.7896421741507,-3.7835535558360993,1.8437043383858103,-6.135429706957474,7243.267930123929,7.440297096640626
numerical_gravity_20x20,2026-06-17T06:30:00Z,EarthMJ2000Eq,86280.0,2026-06-18T06:28:00Z,4242.549882902555,-3946.159310872164,-4347.1457395382195,-4.057804679387849,2.0956296845004174,-5.8726749231736415,7243.5542999610925,7.439472652271381
numerical_gravity_20x20,2026-06-17T06:30:00Z,EarthMJ2000Eq,86340.0,2026-06-18T06:29:00Z,3991.237526440562,-3813.0621675656494,-4691.069433698706,-4.3166172831820395,2.339524923254711,-5.587863027084175,7244.001140113806,7.438465893277335
numerical_gravity_20x20,2026-06-17T06:30:00Z,EarthMJ2000Eq,86400.0,2026-06-18T06:30:00Z,3724.8841728659136,-3665.595511935699,-5017.270552015116,-4.559013983976859,2.574461868206974,-5.282116242347591,7244.608778292185,7.437285419736191
numerical_gravity_20x20,2026-06-17T06:30:00Z,EarthMJ2000Eq,86460.0,2026-06-18T06:31:00Z,3444.502387073423,-3504.3237231588146,-5324.528670673053,-4.78408613817882,2.799551226867066,-4.956636304517025,7245.3769409236065,7.435940472100608
numerical_gravity_20x20,2026-06-17T06:30:00Z,EarthMJ2000Eq,86520.0,2026-06-18T06:32:00Z,3151.1571168577516,-3329.8632913499955,-5611.6977071517595,-4.9909967383549345,3.0139457502559504,-4.612698562844419,7246.304704513591,7.43444049404005
numerical_gravity_20x20,2026-06-17T06:30:00Z,EarthMJ2000Eq,86580.0,2026-06-18T06:33:00Z,2845.9613159904097,-3142.8802084984836,-5877.710167398693,-5.178983024625093,3.2168430978917533,-4.251646361266436,7247.390470302211,7.4327949969764955
numerical_gravity_20x20,2026-06-17T06:30:00Z,EarthMJ2000Eq,86640.0,2026-06-18T06:34:00Z,2530.071411278506,-2944.087187897022,-6121.581057886921,-5.347359088189687,3.4074887220316996,-3.8748854071248253,7248.631965025412,7.431013761739846
numerical_gravity_20x20,2026-06-17T06:30:00Z,EarthMJ2000Eq,86700.0,2026-06-18T06:35:00Z,2204.682615867357,-2734.240708756857,-6342.411447705223,-5.49551834221468,3.5851787828907833,-3.483877680745964,7250.026252512,7.4291071098287516
numerical_gravity_20x20,2026-06-17T06:30:00Z,EarthMJ2000Eq,86760.0,2026-06-18T06:36:00Z,1871.0241069038047,-2514.1378912298887,-6539.391647755156,-5.622935519465937,3.7492628358734414,-3.08013478657372,7251.569738164486,7.427085967726169
numerical_gravity_20x20,2026-06-17T06:30:00Z,EarthMJ2000Eq,86820.0,2026-06-18T06:37:00Z,1530.3541027598906,-2284.6132232805644,-6711.803981156387,-5.729168018547511,3.899146061753188,-2.6652110400979176,7253.258160391725,7.4249616890521954
numerical_gravity_20x20,2026-06-17T06:30:00Z,EarthMJ2000Eq,86880.0,2026-06-18T06:38:00Z,1183.9548771323957,-2046.5351681801951,-6859.025139586573,-5.813856690904988,4.03429103072743,-2.240696616611375,7255.086575028897,7.4227457905199845
numerical_gravity_20x20,2026-06-17T06:30:00Z,EarthMJ2000Eq,86940.0,2026-06-18T06:39:00Z,833.1277385031065,-1800.8026772804785,-6980.528133566542,-5.876726228341025,4.1542191139590505,-1.8082108682153994,7257.049340791189,7.420449727178693
numerical_gravity_20x20,2026-06-17T06:30:00Z,EarthMJ2000Eq,87000.0,2026-06-18T06:40:00Z,479.18799652446387,-1548.3416268480596,-7075.883846471043,-5.917585215114961,4.258511606578193,-1.369395797777614,7259.140110109011,7.418084707825825
numerical_gravity_20x20,2026-06-17T06:30:00Z,EarthMJ2000Eq,87060.0,2026-06-18T06:41:00Z,123.45993454302784,-1290.1011959642356,-7144.762202544321,-5.936325883453055,4.3468105724498525,-0.9259097296760578,7261.351828838188,7.4156615331894224
numerical_gravity_20x20,2026-06-17T06:30:00Z,EarthMJ2000Eq,87120.0,2026-06-18T06:42:00Z,-232.72819703935315,-1027.050200774338,-7186.9329620765875,-5.932923686672647,4.418819471245804,-0.47942120437857866,7263.676750103266,7.413190519779605
numerical_gravity_20x20,2026-06-17T06:30:00Z,EarthMJ2000Eq,87180.0,2026-06-18T06:43:00Z,-588.0491589791199,-760.1733949316239,-7202.266153978049,-5.907436780814937,4.474303672660377,-0.031602960419326545,7266.106464708295,7.410681576050515
numerical_gravity_20x20,2026-06-17T06:30:00Z,EarthMJ2000Eq,87240.0,2026-06-18T06:44:00Z,-941.1816655572742,-490.46774176339784,-7190.7321443218025,-5.860005313310062,4.513090874394779,0.4158742083096754,7268.631941753171,7.408144360749511
numerical_gravity_20x20,2026-06-17T06:30:00Z,EarthMJ2000Eq,87300.0,2026-06-18T06:45:00Z,-1290.815272508252,-218.9386671020796,-7152.401331615385,-5.790850283555507,4.535071302175399,0.8613477251521289,7271.243567381478,7.4055883375998235
numerical_gravity_20x20,2026-06-17T06:30:00Z,EarthMJ2000Eq,87360.0,2026-06-18T06:46:00Z,-1635.6551807502128,53.40369001350567,-7087.443468547269,-5.700271886203614,4.540197571282742,1.3031693487080682,7273.9311753875845,7.4030226201422105
numerical_gravity_20x20,2026-06-17T06:30:00Z,EarthMJ2000Eq,87420.0,2026-06-18T06:47:00Z,-1974.426929763193,325.5482086846825,-6996.126629081892,-5.588647542001876,4.528484247786692,1.7397108497022036,7276.684076370272,7.400455713788671
numerical_gravity_20x20,2026-06-17T06:30:00Z,EarthMJ2000Eq,87480.0,2026-06-18T06:48:00Z,-2305.880971220353,596.4864861303365,-6878.815848319493,-5.456429913780639,4.500007268646573,2.169369277565514,7279.491098741976,7.39789536857053
numerical_gravity_20x20,2026-06-17T06:30:00Z,EarthMJ2000Eq,87540.0,2026-06-18T06:49:00Z,-2628.797125845071,865.2165014387801,-6735.971451466798,-5.30414498423274,4.4549033169264325,2.590572109425645,7282.340648321046,7.395348634855392
numerical_gravity_20x20,2026-06-17T06:30:00Z,EarthMJ2000Eq,87600.0,2026-06-18T06:50:00Z,-2941.9889225176053,1130.746239392267,-6568.14707161226,-5.132390013115816,4.3933690976041735,3.0017824843309198,7285.220781310939,7.392822015830639
numerical_gravity_20x20,2026-06-17T06:30:00Z,EarthMJ2000Eq,87660.0,2026-06-18T06:51:00Z,-3244.307806240152,1392.0972652262797,-6375.9873523224705,-4.941831194072033,4.315660414805394,3.4015044436707047,7288.119281025619,7.390321565867971
numerical_gravity_20x20,2026-06-17T06:30:00Z,EarthMJ2000Eq,87720.0,2026-06-18T06:52:00Z,-3534.6471966684667,1648.3082375022118,-6160.225340355321,-4.733201037010447,4.222091038350161,3.7882879989735976,7291.023734338665,7.387852919220909
numerical_gravity_20x20,2026-06-17T06:30:00Z,EarthMJ2000Eq,87780.0,2026-06-18T06:53:00Z,-3811.9463847190023,1898.4383479779958,-5921.679580431168,-4.507295604533683,4.11303141092843,4.160734010286641,7293.921610103933,7.3854213527928465
numerical_gravity_20x20,2026-06-17T06:30:00Z,EarthMJ2000Eq,87840.0,2026-06-18T06:54:00Z,-4075.194259531099,2141.570679284361,-5661.250919973143,-4.264971604608369,3.988907192307765,4.5174989932162966,7296.800340298648,7.38303193347222
numerical_gravity_20x20,2026-06-17T06:30:00Z,EarthMJ2000Eq,87900.0,2026-06-18T06:55:00Z,-4323.432853137321,2376.815468505216,-5379.919026889065,-4.007143195202851,3.8501975657504968,4.857299858167406,7299.647398525203,7.380689655738458
numerical_gravity_20x20,2026-06-17T06:30:00Z,EarthMJ2000Eq,87960.0,2026-06-18T06:56:00Z,-4555.760682274619,2603.3132610354874,-5078.738629763975,-3.734778421152191,3.697433280344125,5.178918382529395,7302.450369478685,7.378399442331735
numerical_gravity_20x20,2026-06-17T06:30:00Z,EarthMJ2000Eq,88020.0,2026-06-18T06:57:00Z,-4771.335868066649,2820.237941234739,-4758.835502842066,-3.4488954074717286,3.5311945248736034,5.48120523188026,7305.197009950476,7.376166016174556
numerical_gravity_20x20,2026-06-17T06:30:00Z,EarthMJ2000Eq,88080.0,2026-06-18T06:58:00Z,-4969.37902520524,3026.7996335720945,-4421.402222444015,-3.150558508931546,3.3521087481394716,5.76308358840098,7307.875308909891,7.373993790643634
numerical_gravity_20x20,2026-06-17T06:30:00Z,EarthMJ2000Eq,88140.0,2026-06-18T06:59:00Z,-5149.175920702439,3222.2474713327842,-4067.6937119821555,-2.840874471298633,3.160848406942275,6.023552602783233,7310.47355260598,7.371886893587182
numerical_gravity_20x20,2026-06-17T06:30:00Z,EarthMJ2000Eq,88200.0,2026-06-18T07:00:00Z,-5310.079900116755,3405.8722246308034,-3699.0225823402757,-2.5209884967367375,2.9581285045826036,6.2616907558708785,7312.980392480132,7.369849277458928
numerical_gravity_20x20,2026-06-17T06:30:00Z,EarthMJ2000Eq,88260.0,2026-06-18T07:01:00Z,-5451.5140724228895,3577.00877223646,-3316.754276641623,-2.192080131693621,2.7447038496909704,6.476658981218842,7315.384909223976,7.36788477687301
numerical_gravity_20x20,2026-06-17T06:30:00Z,EarthMJ2000Eq,88320.0,2026-06-18T07:02:00Z,-5572.973244164606,3735.0384030248124,-2922.3020394928044,-1.855359041598615,2.52136614960626,6.667703379524111,7317.676671066338,7.365997066992308
numerical_gravity_20x20,2026-06-17T06:30:00Z,EarthMJ2000Eq,88380.0,2026-06-18T07:03:00Z,-5674.025599358946,3879.3909427965577,-2517.1217350314473,-1.5120607687176584,2.28894111904495,6.834157571603184,7319.845791968594,7.364189631470044
numerical_gravity_20x20,2026-06-17T06:30:00Z,EarthMJ2000Eq,88440.0,2026-06-18T07:04:00Z,-5754.3141236375095,4009.5467093759216,-2102.7065297233994,-1.1634424265446244,2.0482856327089656,6.975444882874694,7321.882995398302,7.3624658659357305
numerical_gravity_20x20,2026-06-17T06:30:00Z,EarthMJ2000Eq,88500.0,2026-06-18T07:05:00Z,-5813.557764123028,4125.0382942327005,-1680.5814471364713,-0.8107781718300784,1.8002847538769475,7.0910804112854215,7323.779680338608,7.360829290118996
numerical_gravity_20x20,2026-06-17T06:30:00Z,EarthMJ2000Eq,88560.0,2026-06-18T07:06:00Z,-5851.5523091190935,4225.452157458017,-1252.2978069428611,-0.4553544045311273,1.5458484693112977,7.1806727694965256,7325.527978145841,7.359283697914281
numerical_gravity_20x20,2026-06-17T06:30:00Z,EarthMJ2000Eq,88620.0,2026-06-18T07:07:00Z,-5868.170975761441,4310.430018253941,-819.4275758875907,-0.09846487865672321,1.2859081633166052,7.243925249958239,7327.120791631503,7.3578331160604415
numerical_gravity_20x20,2026-06-17T06:30:00Z,EarthMJ2000Eq,88680.0,2026-06-18T07:08:00Z,-5863.364708399872,4379.670031138516,-383.55766703999046,0.25859401686835837,1.0214130395141214,7.280636409995941,7328.5518193779,7.356481631691074
numerical_gravity_20x20,2026-06-17T06:30:00Z,EarthMJ2000Eq,88740.0,2026-06-18T07:09:00Z,-5837.162201388942,4432.927750483736,53.71578461069584,0.6145277378858389,0.753326656256763,7.290700323683425,7329.815576932952,7.355233279877375
numerical_gravity_20x20,2026-06-17T06:30:00Z,EarthMJ2000Eq,88800.0,2026-06-18T07:10:00Z,-5789.669656124588,4470.016890326455,490.79315745944257,0.9680480059953068,0.4826235465019827,7.27410670805292,7330.907423386453,7.354092114577443
numerical_gravity_20x20,2026-06-17T06:30:00Z,EarthMJ2000Eq,88860.0,2026-06-18T07:11:00Z,-5721.070268814119,4490.809880128899,926.0770814868652,1.3178773866346538,0.21028577147912436,7.230940859614181,7331.823590419195,7.353062397880724
numerical_gravity_20x20,2026-06-17T06:30:00Z,EarthMJ2000Eq,88920.0,2026-06-18T07:12:00Z,-5631.623437959705,4495.238209346139,1357.9781606642637,1.6627540332290984,-0.06270067273001101,7.161383147824928,7332.56120264834,7.352148729407703
numerical_gravity_20x20,2026-06-17T06:30:00Z,EarthMJ2000Eq,88980.0,2026-06-18T07:13:00Z,-5521.663687151312,4483.292553611954,1784.9206469025391,2.0014363891287776,-0.3353495173495811,7.0657078977207926,7333.1182801736395,7.351355998346796
numerical_gravity_20x20,2026-06-17T06:30:00Z,EarthMJ2000Eq,89040.0,2026-06-18T07:14:00Z,-5391.599312997622,4455.022683018419,2205.348029861361,2.3327076197787173,-0.6066777984336191,6.944281732073424,7333.493723385767,7.350689189789936
numerical_gravity_20x20,2026-06-17T06:30:00Z,EarthMJ2000Eq,89100.0,2026-06-18T07:15:00Z,-5241.9107775403945,4410.537160888489,2617.728516334827,2.655379700450414,-0.8757092568246596,6.797561584730028,7333.687287613576,7.3501531653598855
numerical_gravity_20x20,2026-06-17T06:30:00Z,EarthMJ2000Eq,89160.0,2026-06-18T07:16:00Z,-5073.148864114877,4350.002843736405,3020.560385010377,2.968297232096552,-1.1414775746027122,6.626092549913687,7333.699555986659,7.349752512256083
numerical_gravity_20x20,2026-06-17T06:30:00Z,EarthMJ2000Eq,89220.0,2026-06-18T07:17:00Z,-4885.932609720705,4273.644190230998,3412.3772084925927,3.270341089582783,-1.403029517321471,6.430505605745913,7333.531914737062,7.349491479974546
numerical_gravity_20x20,2026-06-17T06:30:00Z,EarthMJ2000Eq,89280.0,2026-06-18T07:18:00Z,-4680.947021966819,4181.742382926131,3791.7529340155947,3.5604319589552595,-1.6594280391954117,6.211515170931964,7333.186530577046,7.349373978124658
numerical_gravity_20x20,2026-06-17T06:30:00Z,EarthMJ2000Eq,89340.0,2026-06-18T07:19:00Z,-4458.94058684112,4074.6342643060316,4157.30681114544,3.8375337709440207,-1.909755366009015,5.969916439098089,7332.6663272531405,7.349403601037955
numerical_gravity_20x20,2026-06-17T06:30:00Z,EarthMJ2000Eq,89400.0,2026-06-18T07:20:00Z,-4220.722574121666,3952.711089168265,4507.708151742266,4.100657006414805,-2.1531160260778814,5.706582447907346,7331.974957909886,7.349583644042459
numerical_gravity_20x20,2026-06-17T06:30:00Z,EarthMJ2000Eq,89460.0,2026-06-18T07:21:00Z,-3967.160149478697,3816.417098168748,4841.680905765509,4.348861825256325,-2.3886397699154234,5.422460874520022,7331.116771138005,7.349917078531827
numerical_gravity_20x20,2026-06-17T06:30:00Z,EarthMJ2000Eq,89520.0,2026-06-18T07:22:00Z,-3699.1753053983193,3666.247920854815,5158.008037714008,4.581260971579713,-2.6154843299658452,5.118570607722675,7330.096771145884,7.3504064810225875
numerical_gravity_20x20,2026-06-17T06:30:00Z,EarthMJ2000Eq,89580.0,2026-06-18T07:23:00Z,-3417.7416246832,3502.7488178607746,5455.53569279897,4.79702245433385,-2.8328380294143467,4.79599817905039,7328.920574649499,7.3510539558442884
numerical_gravity_20x20,2026-06-17T06:30:00Z,EarthMJ2000Eq,89640.0,2026-06-18T07:24:00Z,-3123.8808887105706,3326.512769609468,5733.177145773831,4.995372050188796,-3.0399223007950598,4.455894083995245,7327.594366369454,7.351861097875991
numerical_gravity_20x20,2026-06-17T06:30:00Z,EarthMJ2000Eq,89700.0,2026-06-18T07:25:00Z,-2818.6595400464926,3138.1784155344194,5989.916524456114,5.175595653250208,-3.2359941486268196,4.099468937013604,7326.124851541477,7.3528289835565275
numerical_gravity_20x20,2026-06-17T06:30:00Z,EarthMJ2000Eq,89760.0,2026-06-18T07:26:00Z,-2503.185009887214,2938.4278485001796,6224.812296035388,5.33704141618526,-3.4203484959281156,3.727989409408654,7324.519201656775,7.353958114399181
numerical_gravity_20x20,2026-06-17T06:30:00Z,EarthMJ2000Eq,89820.0,2026-06-18T07:27:00Z,-2178.601925431183,2727.984274727024,6437.000504799912,5.479121603194005,-3.5923203056387383,3.342774032366706,7322.784992845598,7.355248259056713
numerical_gravity_20x20,2026-06-17T06:30:00Z,EarthMJ2000Eq,89880.0,2026-06-18T07:28:00Z,-1846.0882145230933,2507.6095541670625,6625.6977587743795,5.601314178304979,-3.7512864533230883,2.9451890556345464,7320.93014326587,7.35669825073689
numerical_gravity_20x20,2026-06-17T06:30:00Z,EarthMJ2000Eq,89940.0,2026-06-18T07:29:00Z,-1506.8511191788195,2278.1016330977177,6790.203972571933,5.703164286069565,-3.896667477329843,2.5366444599515257,7318.962859259816,7.35830587968333
numerical_gravity_20x20,2026-06-17T06:30:00Z,EarthMJ2000Eq,90000.0,2026-06-18T07:30:00Z,-1162.1231194770678,2040.2918710264892,6929.904872557347,5.78428577134649,-4.027929371914459,2.118589979254503,7316.891594556662,7.360067962317349
numerical_gravity_20x20,2026-06-17T06:30:00Z,EarthMJ2000Eq,90060.0,2026-06-18T07:31:00Z,-813.1577654063501,1795.042257609424,7044.2742567659325,5.844362703936451,-4.1445854467442915,1.6925108640873376,7314.725016197083,7.361980505650747
numerical_gravity_20x20,2026-06-17T06:30:00Z,EarthMJ2000Eq,90120.0,2026-06-18T07:32:00Z,-461.22542189841016,1543.2425196764473,7132.875989516816,5.883150711404426,-4.246198096273626,1.259923283453904,7312.471965496222,7.364038786296921
numerical_gravity_20x20,2026-06-17T06:30:00Z,EarthMJ2000Eq,90180.0,2026-06-18T07:33:00Z,-107.60894381266945,1285.8071293138337,7195.365713562948,5.90047797276825,-4.33238031202407,0.8223695576663325,7310.141408379184,7.366237246010573
numerical_gravity_20x20,2026-06-17T06:30:00Z,EarthMJ2000Eq,90240.0,2026-06-18T07:34:00Z,246.4006996732009,1023.6722291277111,7231.492278564375,5.896245939885782,-4.402796951761309,0.38141350577796085,7307.742381366691,7.36856929426928
numerical_gravity_20x20,2026-06-17T06:30:00Z,EarthMJ2000Eq,90300.0,2026-06-18T07:35:00Z,599.5088408170857,757.7924841942394,7241.098896157171,5.870429985984074,-4.457165949114488,-0.061364033409211045,7305.2839454224995,7.371027205409222
numerical_gravity_20x20,2026-06-17T06:30:00Z,EarthMJ2000Eq,90360.0,2026-06-18T07:36:00Z,950.421568807515,489.1378590880651,7224.124026211716,5.823080080338401,-4.495259611387665,-0.5043697333436427,7302.77515399024,7.373602201347738
numerical_gravity_20x20,2026-06-17T06:30:00Z,EarthMJ2000Eq,90420.0,2026-06-18T07:37:00Z,1297.8502242275624,218.6903151460159,7180.601982810167,5.754321382134739,-4.516905955575508,-0.946002616889896,7300.225030367455,7.376284629240461
numerical_gravity_20x20,2026-06-17T06:30:00Z,EarthMJ2000Eq,90480.0,2026-06-18T07:38:00Z,1640.5159222036189,-52.55956898599118,7110.663239867308,5.664354580968601,-4.521989898503609,-1.384659208953761,7297.642544691801,7.379064072499242
numerical_gravity_20x20,2026-06-17T06:30:00Z,EarthMJ2000Eq,90540.0,2026-06-18T07:39:00Z,1977.1540869837668,-323.616040520467,7014.534422994664,5.553455947136072,-4.510454185704143,-1.8187388049802302,7295.0365863877505,7.381929338516994
numerical_gravity_20x20,2026-06-17T06:30:00Z,EarthMJ2000Eq,90600.0,2026-06-18T07:40:00Z,2306.5189834969274,-593.4816646370373,6892.537985916861,5.4219772033873825,-4.482300114465319,-2.246648710861288,7292.415936766011,7.3848684172572066
numerical_gravity_20x20,2026-06-17T06:30:00Z,EarthMJ2000Eq,90660.0,2026-06-18T07:41:00Z,2627.388238292725,-861.160857041031,6745.091571979269,5.270345300407342,-4.437588175853897,-2.6668095277065467,7289.789248723475,7.387868533012108
numerical_gravity_20x20,2026-06-17T06:30:00Z,EarthMJ2000Eq,90720.0,2026-06-18T07:42:00Z,2938.5673424731117,-1125.6634537168584,6572.707052803006,5.099062014868122,-4.376438644579967,-3.0776606518361334,7287.165034445812,7.390916298342466
numerical_gravity_20x20,2026-06-17T06:30:00Z,EarthMJ2000Eq,90780.0,2026-06-18T07:43:00Z,3238.8941209105437,-1386.0083121411797,6375.989229013755,4.908703203031168,-4.299032014860073,-3.47766602701184,7284.551655132438,7.393997862839333
numerical_gravity_20x20,2026-06-17T06:30:00Z,EarthMJ2000Eq,90840.0,2026-06-18T07:44:00Z,3527.2431442477036,-1641.2269309159728,6155.634181753251,4.699917644258321,-4.205609165522474,-3.8653199994902687,7281.957306725665,7.397098959348642
numerical_gravity_20x20,2026-06-17T06:30:00Z,EarthMJ2000Eq,90900.0,2026-06-18T07:45:00Z,3802.5300614836674,-1890.367070476439,5912.427274236754,4.473425576684361,-4.0964712378992525,-4.239153110952834,7279.390002106447,7.400204868189173
numerical_gravity_20x20,2026-06-17T06:30:00Z,EarthMJ2000Eq,90960.0,2026-06-18T07:46:00Z,4063.715839201833,-2132.4963596068824,5647.240808196598,4.230017065826658,-3.9719792991942513,-4.597737824217491,7276.857556066178,7.403300414724004
numerical_gravity_20x20,2026-06-17T06:30:00Z,EarthMJ2000Eq,91020.0,2026-06-18T07:47:00Z,4309.81089857349,-2366.7058769527303,5361.031335531317,3.970550214478322,-3.832553848609497,-4.939694316024312,7274.367578698105,7.406370092288679
numerical_gravity_20x20,2026-06-17T06:30:00Z,EarthMJ2000Eq,91080.0,2026-06-18T07:48:00Z,4539.879136695232,-2592.1136976423686,5054.836617567791,3.695949065319162,-3.678674135981892,-5.263696434316191,7271.927476784269,7.409398291683927
numerical_gravity_20x20,2026-06-17T06:30:00Z,EarthMJ2000Eq,91140.0,2026-06-18T07:49:00Z,4753.04180843892,-2807.8683912022984,4729.772223265692,3.4072010285754954,-3.510877204570014,-5.568477750411247,7269.544457464786,7.412369530151635
numerical_gravity_20x20,2026-06-17T06:30:00Z,EarthMJ2000Eq,91200.0,2026-06-18T07:50:00Z,4948.48123836036,-3013.1524520641206,4387.027766146088,3.1053537978331445,-3.329756597337474,-5.85283751599219,7267.225528819182,7.415268585549333
numerical_gravity_20x20,2026-06-17T06:30:00Z,EarthMJ2000Eq,91260.0,2026-06-18T07:51:00Z,5125.444334707884,-3207.185642556369,4027.8627906587712,2.791511862159936,-3.1359607413529025,-6.1156463791379,7264.977497169713,7.418080538963484
numerical_gravity_20x20,2026-06-17T06:30:00Z,EarthMJ2000Eq,91320.0,2026-06-18T07:52:00Z,5283.245885380046,-3389.2282306043376,3653.602322924564,2.4668327388458344,-2.9301910601882115,-6.355851870302751,7262.8069655327035,7.420790820921955
numerical_gravity_20x20,2026-06-17T06:30:00Z,EarthMJ2000Eq,91380.0,2026-06-18T07:53:00Z,5421.271619856408,-3558.584106203278,3265.632096512136,2.1325229262661667,-2.713199812558152,-6.572483764679083,7260.720336643833,7.4233853524444315
numerical_gravity_20x20,2026-06-17T06:30:00Z,EarthMJ2000Eq,91440.0,2026-06-18T07:54:00Z,5538.981016860754,-3714.60375796154,2865.3934593447393,1.7898334512003953,-2.4857875706365595,-6.764659333739887,7258.723817632229,7.425850761422646
numerical_gravity_20x20,2026-06-17T06:30:00Z,EarthMJ2000Eq,91500.0,2026-06-18T07:55:00Z,5635.90983011884,-3856.687085135859,2454.3779733635247,1.4400549246235774,-2.2488002515931913,-6.931588286892035,7256.8234181366115,7.428174535946034
numerical_gravity_20x20,2026-06-17T06:30:00Z,EarthMJ2000Eq,91560.0,2026-06-18T07:56:00Z,5711.672305132184,-3984.2860189284256,2034.1217343472144,1.08451222512771,-2.003125751894354,-7.072577119028867,7255.024936689483,7.430344988556348
numerical_gravity_20x20,2026-06-17T06:30:00Z,EarthMJ2000Eq,91620.0,2026-06-18T07:57:00Z,5765.963072596744,-4096.9069348534995,1606.1994514932094,0.7245590818019607,-1.749690388418924,-7.1870327883403915,7253.33394139392,7.432351082869211
numerical_gravity_20x20,2026-06-17T06:30:00Z,EarthMJ2000Eq,91680.0,2026-06-18T07:58:00Z,5798.558718194058,-4194.112850717761,1172.2183204400549,0.36157270150313225,-1.489455325269559,-7.2744659874825235,7251.755760067729,7.434182361731935
numerical_gravity_20x20,2026-06-17T06:30:00Z,EarthMJ2000Eq,91740.0,2026-06-18T07:59:00Z,5809.319027265481,-4275.525408930892,733.811703285902,-0.0030517546164439274,-1.2234129229788235,-7.334494341756044,7250.29549045015,7.435829189980715
numerical_gravity_20x20,2026-06-17T06:30:00Z,EarthMJ2000Eq,91800.0,2026-06-18T08:00:00Z,5798.187883958818,-4340.826630456664,292.6326185916366,-0.3679072196321147,-0.9525827251053295,-7.366845491813188,7248.958023249437,7.437283245290233
numerical_gravity_20x20,2026-06-17T06:30:00Z,EarthMJ2000Eq,91860.0,2026-06-18T08:01:00Z,5765.193787655104,-4389.760411283325,-149.65293786578562,-0.7315814061702897,-0.678006881615515,-7.371359545669457,7247.748055741122,7.43853790989226
numerical_gravity_20x20,2026-06-17T06:30:00Z,EarthMJ2000Eq,91920.0,2026-06-18T08:02:00Z,5710.449957784044,-4422.1337304664185,-591.3727864656385,-1.0926637449457115,-0.4007451696139395,-7.347990378815528,7246.67007825365,7.439588251889566
numerical_gravity_20x20,2026-06-17T06:30:00Z,EarthMJ2000Eq,91980.0,2026-06-18T08:03:00Z,5634.154029378551,-4437.817557762611,-1030.8553997101571,-1.4497520110386612,-0.12187002896988126,-7.2968058173757,7245.728338673777,7.440430655140845
numerical_gravity_20x20,2026-06-17T06:30:00Z,EarthMJ2000Eq,92040.0,2026-06-18T08:04:00Z,5536.587366466751,-4436.7474712751045,-1466.4367294869598,-1.8014584581404323,0.15753813117091645,-7.217987274744141,7244.926809290324,7.441062500580605
numerical_gravity_20x20,2026-06-17T06:30:00Z,EarthMJ2000Eq,92100.0,2026-06-18T08:05:00Z,5418.114013724892,-4418.923998340945,-1896.4670090408997,-2.1464158321457365,0.4363955228567597,-7.111829300869632,7244.269175370013,7.441482243583137
numerical_gravity_20x20,2026-06-17T06:30:00Z,EarthMJ2000Eq,92160.0,2026-06-18T08:06:00Z,5279.1792787365475,-4384.412674542538,-2319.317522130527,-2.4832837165464365,0.713619837585343,-6.978738851751611,7243.758839593728,7.441689811488209
numerical_gravity_20x20,2026-06-17T06:30:00Z,EarthMJ2000Eq,92220.0,2026-06-18T08:07:00Z,5120.3079230845215,-4333.34379924321,-2733.3873043001477,-2.810755165180649,0.9881354841488615,-6.819233655854876,7243.398916596471,7.441686904645187
numerical_gravity_20x20,2026-06-17T06:30:00Z,EarthMJ2000Eq,92280.0,2026-06-18T08:08:00Z,4942.101960036556,-4265.911872474204,-3137.1097092522773,-3.127563076829627,1.2588788978475962,-6.633939354056601,7243.1921978502305,7.4414768851549145
numerical_gravity_20x20,2026-06-17T06:30:00Z,EarthMJ2000Eq,92340.0,2026-06-18T08:09:00Z,4745.238090617916,-4182.374721862307,-3528.9587741303585,-3.4324858327163272,1.5248035118091334,-6.4235857576186675,7243.141092111599,7.441064354439166
numerical_gravity_20x20,2026-06-17T06:30:00Z,EarthMJ2000Eq,92400.0,2026-06-18T08:10:00Z,4530.464823809664,-4083.0523451759923,-3907.4553494226657,-3.7243522392071027,1.7848842797848279,-6.189002827607092,7243.247564522126,7.440454790806711
numerical_gravity_20x20,2026-06-17T06:30:00Z,EarthMJ2000Eq,92460.0,2026-06-18T08:11:00Z,4298.599311211872,-3968.325490197359,-4271.172986216442,-4.002046169346818,2.0381219531916983,-5.931116594327505,7243.5130919110225,7.439654474044651
numerical_gravity_20x20,2026-06-17T06:30:00Z,EarthMJ2000Eq,92520.0,2026-06-18T08:12:00Z,4050.5239056043233,-3838.6339801150007,-4618.743570689842,-4.2645111279071335,2.283547299002537,-5.65094474881041,7243.938632743543,7.43867057886915
numerical_gravity_20x20,2026-06-17T06:30:00Z,EarthMJ2000Eq,92580.0,2026-06-18T08:13:00Z,3787.182451186588,-3694.4747885052925,-4948.86267645324,-4.5107545826659825,2.520225201028004,-5.3495916266253065,7244.524599438448,7.437511179191491
numerical_gravity_20x20,2026-06-17T06:30:00Z,EarthMJ2000Eq,92640.0,2026-06-18T08:14:00Z,3509.5763277240726,-3536.3998763233776,-5260.294598994214,-4.7398518081959615,2.747258466858074,-5.028242671642566,7245.27082679377,7.4361850845920365
numerical_gravity_20x20,2026-06-17T06:30:00Z,EarthMJ2000Eq,92700.0,2026-06-18T08:15:00Z,3218.7602798435933,-3365.0138111443007,-5551.877049815918,-4.950949224082255,2.963791286428324,-4.688158671250796,7246.176541084505,7.434701657482509
numerical_gravity_20x20,2026-06-17T06:30:00Z,EarthMJ2000Eq,92760.0,2026-06-18T08:16:00Z,2915.8380570614377,-3180.97118713666,-5822.5255012984535,-5.143267392051496,3.169012433965197,-4.330669870790001,7247.240335581002,7.433070751885421
numerical_gravity_20x20,2026-06-17T06:30:00Z,EarthMJ2000Eq,92820.0,2026-06-18T08:17:00Z,2601.9578823016814,-2984.9738589362,-6071.237171761433,-5.316103724646956,3.3621582663248506,-3.957169839425979,7248.460150651454,7.43130272274548
numerical_gravity_20x20,2026-06-17T06:30:00Z,EarthMJ2000Eq,92880.0,2026-06-18T08:18:00Z,2278.30777003045,-2777.7680034736272,-6297.094632884893,-5.4688347572457,3.5425154404013712,-3.569109027380076,7249.833252676279,7.429408354429491
numerical_gravity_20x20,2026-06-17T06:30:00Z,EarthMJ2000Eq,92940.0,2026-06-18T08:19:00Z,1946.1107248451026,-2560.1410294476223,-6499.269025500537,-5.6009178554329795,3.7094232709057544,-3.1679881990997307,7251.356211761285,7.427398673538419
numerical_gravity_20x20,2026-06-17T06:30:00Z,EarthMJ2000Eq,93000.0,2026-06-18T08:20:00Z,1606.619852998754,-2332.9183550064627,-6677.022883709977,-5.711892439443656,3.8622757862562493,-2.755351967108362,7253.024885712339,7.425284772419362
numerical_gravity_20x20,2026-06-17T06:30:00Z,EarthMJ2000Eq,93060.0,2026-06-18T08:21:00Z,1261.1134101991092,-2096.960067907797,-6829.712574545728,-5.801380909137749,4.000523605476031,-2.3327824192979603,7254.834416490285,7.423077757013227
numerical_gravity_20x20,2026-06-17T06:30:00Z,EarthMJ2000Eq,93120.0,2026-06-18T08:22:00Z,910.8898010381856,-1853.1574778221886,-6956.790353469479,-5.8690893235490815,4.123675642496008,-1.901892656918859,7256.779236642774,7.4207887701210415
numerical_gravity_20x20,2026-06-17T06:30:00Z,EarthMJ2000Eq,93180.0,2026-06-18T08:23:00Z,557.262547410975,-1602.4295748528696,-7057.806027241573,-5.914807734602824,4.231300501069661,-1.464320180237183,7258.853077950923,7.4184289480940375
numerical_gravity_20x20,2026-06-17T06:30:00Z,EarthMJ2000Eq,93240.0,2026-06-18T08:24:00Z,201.55524927657063,-1345.7194166721808,-7132.408219275353,-5.938410110664138,4.32302745476434,-1.0217202920786008,7261.048978853267,7.4160092618826665
numerical_gravity_20x20,2026-06-17T06:30:00Z,EarthMJ2000Eq,93300.0,2026-06-18T08:25:00Z,-154.90343954129298,-1083.9904680585223,-7180.345244973927,-5.93985393456926,4.398547078065337,-0.5757597124802396,7263.359294943569,7.413540342406613
numerical_gravity_20x20,2026-06-17T06:30:00Z,EarthMJ2000Eq,93360.0,2026-06-18T08:26:00Z,-510.78480478984386,-818.2229089388622,-7201.465610691831,-5.919179591305441,4.457611689468143,-0.12811039985697095,7265.775718221258,7.41103240329992
numerical_gravity_20x20,2026-06-17T06:30:00Z,EarthMJ2000Eq,93420.0,2026-06-18T08:27:00Z,-864.7650222294892,-549.4099192052465,-7195.718144738242,-5.876509533034985,4.500035682305318,0.319556555516766,7268.289305022733,7.4084952470826275
numerical_gravity_20x20,2026-06-17T06:30:00Z,EarthMJ2000Eq,93480.0,2026-06-18T08:28:00Z,-1215.5300487164727,-278.55394828660184,-7163.151762877704,-5.812047120834637,4.525695686920106,0.7655769974354422,7270.89050800909,7.405938247407395
numerical_gravity_20x20,2026-06-17T06:30:00Z,EarthMJ2000Eq,93540.0,2026-06-18T08:29:00Z,-1561.7804333363767,-6.66298191415904,-7103.914874130139,-5.726075129532086,4.534530497871443,1.208299601243142,7273.569210241129,7.403370256277641
numerical_gravity_20x20,2026-06-17T06:30:00Z,EarthMJ2000Eq,93600.0,2026-06-18T08:30:00Z,-1902.2360317665089,265.2531801904018,-7018.2544407637215,-5.6189540447892385,4.526540795106557,1.6460914994937257,7276.314765418798,7.400799507615562
numerical_gravity_20x20,2026-06-17T06:30:00Z,EarthMJ2000Eq,93660.0,2026-06-18T08:31:00Z,-2235.6406157346482,536.1866257349901,-6906.514707477472,-5.491120280359571,4.501788736783767,2.0773437090340683,7279.116049696014,7.3982336168488745
numerical_gravity_20x20,2026-06-17T06:30:00Z,EarthMJ2000Eq,93720.0,2026-06-18T08:32:00Z,-2560.766373021653,805.135003604752,-6769.1356067692595,-5.343084295717042,4.460397437977244,2.5004765202721937,7281.961525170229,7.395679679670056
numerical_gravity_20x20,2026-06-17T06:30:00Z,EarthMJ2000Eq,93780.0,2026-06-18T08:33:00Z,-2876.4182883764875,1071.10516131874,-6606.65084039885,-5.1754284875637095,4.402550268524575,2.913944897250848,7284.839309363879,7.393144375770437
numerical_gravity_20x20,2026-06-17T06:30:00Z,EarthMJ2000Eq,93840.0,2026-06-18T08:34:00Z,-3181.438389027274,1333.116733307586,-6419.68563908676,-4.988804784412541,4.328489912118504,3.3162437773846336,7287.737245023171,7.390633997657536
numerical_gravity_20x20,2026-06-17T06:30:00Z,EarthMJ2000Eq,93900.0,2026-06-18T08:35:00Z,-3474.7098382091203,1590.2056658854463,-6208.954210642121,-4.783932003877788,4.238517206422397,3.7059131445330284,7290.64296954747,7.388154421889647
numerical_gravity_20x20,2026-06-17T06:30:00Z,EarthMJ2000Eq,93960.0,2026-06-18T08:36:00Z,-3755.160865730068,1841.4276676809666,-5975.256890939309,-4.561593076972345,4.132989828077779,4.081542872009651,7293.543987358221,7.385711105569268
numerical_gravity_20x20,2026-06-17T06:30:00Z,EarthMJ2000Eq,94020.0,2026-06-18T08:37:00Z,-4021.7685289709298,2085.861577409953,-5719.477008836801,-4.322632166486409,4.0123208515866935,4.441777433038074,7296.427747559,7.383309165101151
numerical_gravity_20x20,2026-06-17T06:30:00Z,EarthMJ2000Eq,94080.0,2026-06-18T08:38:00Z,-4273.562296113207,2322.6126406460817,-5442.577470379303,-4.067951605081715,3.876977147282919,4.785320551547648,7299.2817248226365,7.3809535185438735
numerical_gravity_20x20,2026-06-17T06:30:00Z,EarthMJ2000Eq,94140.0,2026-06-18T08:39:00Z,-4509.6274375716675,2550.815684097479,-5145.597066399674,-3.7985085492889974,3.727477557802291,5.110939754854845,7302.093497735963,7.378649017313199
numerical_gravity_20x20,2026-06-17T06:30:00Z,EarthMJ2000Eq,94200.0,2026-06-18T08:40:00Z,-4729.1082067537,2769.6381729323352,-4829.646513271159,-3.5153113037297263,3.564390823217601,5.417470687366941,7304.850818689005,7.376400487449679
numerical_gravity_20x20,2026-06-17T06:30:00Z,EarthMJ2000Eq,94260.0,2026-06-18T08:41:00Z,-4931.210791658558,2978.2831368087304,-4495.9042462376765,-3.2194153783574118,3.388333291690719,5.703821020680993,7307.541673237796,7.374212643390901
numerical_gravity_20x20,2026-06-17T06:30:00Z,EarthMJ2000Eq,94320.0,2026-06-18T08:42:00Z,-5115.206025785727,3175.9919545278913,-4145.611992500352,-2.91191943947782,3.1999665160558743,5.968973886351434,7310.154333105646,7.372089919543368
numerical_gravity_20x20,2026-06-17T06:30:00Z,EarthMJ2000Eq,94380.0,2026-06-18T08:43:00Z,-5280.431857241288,3362.0469937888784,-3780.0701504209705,-2.593961318282499,2.9999948392446454,6.211990939897115,7312.677411831943,7.370036349544297
numerical_gravity_20x20,2026-06-17T06:30:00Z,EarthMJ2000Eq,94440.0,2026-06-18T08:44:00Z,-5426.295581139752,3535.774106204379,-3400.6329898283425,-2.2667140978212763,2.789162972093945,6.432015302846046,7315.099930657888,7.368055628332848
numerical_gravity_20x20,2026-06-17T06:30:00Z,EarthMJ2000Eq,94500.0,2026-06-18T08:45:00Z,-5552.275835457835,3696.544973488977,-3008.7036747346488,-1.9313820993979518,2.568253422216135,6.628274546137772,7317.411393136059,7.366151363743323
numerical_gravity_20x20,2026-06-17T06:30:00Z,EarthMJ2000Eq,94560.0,2026-06-18T08:46:00Z,-5657.92434705027,3843.7792902368133,-2605.7291084948474,-1.589196540758403,2.3380835966560642,6.8000835735970675,7319.601856375454,7.3643273391407105
numerical_gravity_20x20,2026-06-17T06:30:00Z,EarthMJ2000Eq,94620.0,2026-06-18T08:47:00Z,-5742.867406083483,3976.946762172235,-2193.1946184919316,-1.2414108494041567,2.0995025688250095,6.946847020269915,7321.661985341185,7.362587551707223
numerical_gravity_20x20,2026-06-17T06:30:00Z,EarthMJ2000Eq,94680.0,2026-06-18T08:48:00Z,-5806.8070553277785,4095.5689058058238,-1772.618518915585,-0.8892959056513636,1.8533877448919502,7.0680609070733516,7323.583088462263,7.360935968124062
numerical_gravity_20x20,2026-06-17T06:30:00Z,EarthMJ2000Eq,94740.0,2026-06-18T08:49:00Z,-5849.522000395852,4199.220652631514,-1345.5465931500182,-0.5341355338912777,1.6006417168499394,7.1633137338437916,7325.357148763448,7.359376218387039
numerical_gravity_20x20,2026-06-17T06:30:00Z,EarthMJ2000Eq,94800.0,2026-06-18T08:50:00Z,-5870.868258379831,4287.531771929735,-913.5465152820021,-0.1772222597664419,1.3421893379977665,7.232287496547253,7326.9768689509765,7.3579115502366115
numerical_gravity_20x20,2026-06-17T06:30:00Z,EarthMJ2000Eq,94860.0,2026-06-18T08:51:00Z,-5870.779552132044,4360.188117963519,-478.20220449037345,0.18014699444914223,1.078974728450702,7.274758912255115,7328.4357350079445,7.3565451562319355
numerical_gravity_20x20,2026-06-17T06:30:00Z,EarthMJ2000Eq,94920.0,2026-06-18T08:52:00Z,-5849.26743547335,4416.932686305345,-41.10810477047633,0.5366756058592023,0.8119578675899237,7.290600600108796,7329.72808249524,7.355280646921112
numerical_gravity_20x20,2026-06-17T06:30:00Z,EarthMJ2000Eq,94980.0,2026-06-18T08:53:00Z,-5806.421124608289,4457.566451348049,396.13659085431334,0.8910723067088255,0.5421107362795046,7.279781662756523,7330.849142022682,7.354122310893328
numerical_gravity_20x20,2026-06-17T06:30:00Z,EarthMJ2000Eq,95040.0,2026-06-18T08:54:00Z,-5742.407024237309,4481.948966239312,831.9337240147536,1.2420562348025055,0.2704133237600048,7.242367359659947,7331.795052314043,7.353075004944972
numerical_gravity_20x20,2026-06-17T06:30:00Z,EarthMJ2000Eq,95100.0,2026-06-18T08:55:00Z,-5657.467959627606,4489.998728551313,1264.691911658945,1.5883616537660947,-0.0021501462750779937,7.178518064322459,7332.562848555812,7.352143834697974
numerical_gravity_20x20,2026-06-17T06:30:00Z,EarthMJ2000Eq,95160.0,2026-06-18T08:56:00Z,-5551.9221364653185,4481.693328953183,1692.8322129075225,1.9287423291714743,-0.27459468867776254,7.088487903481629,7333.150442014296,7.351333890743449
numerical_gravity_20x20,2026-06-17T06:30:00Z,EarthMJ2000Eq,95220.0,2026-06-18T08:57:00Z,-5426.161844185463,4457.06939659872,2114.7937097835147,2.2619757283587907,-0.5459378937614523,6.972623245081448,7333.556599654154,7.350650127531518
numerical_gravity_20x20,2026-06-17T06:30:00Z,EarthMJ2000Eq,95280.0,2026-06-18T08:58:00Z,-5280.6519109733035,4416.222344638189,2529.038990188608,2.5868670854990894,-0.8152032585780931,6.8313609270762266,7333.780922282983,7.350097263765878
numerical_gravity_20x20,2026-06-17T06:30:00Z,EarthMJ2000Eq,95340.0,2026-06-18T08:59:00Z,-5115.927922233005,4359.305917170287,2934.0595149904434,2.9022531956781354,-1.0814234529978555,6.6652261801560835,7333.823819977212,7.34967960724519
numerical_gravity_20x20,2026-06-17T06:30:00Z,EarthMJ2000Eq,95400.0,2026-06-18T09:00:00Z,-4932.594221296217,4286.531544942565,3328.38085607862,3.207005896331726,-1.3436434236208739,6.474830451526651,7333.686491858183,7.349400917419248
numerical_gravity_20x20,2026-06-17T06:30:00Z,EarthMJ2000Eq,95460.0,2026-06-18T09:01:00Z,-4731.321705008479,4198.167518141944,3710.5678065571174,3.500035483205597,-1.6009234181199807,6.260869326855467,7333.370918869748,7.349264514381206
numerical_gravity_20x20,2026-06-17T06:30:00Z,EarthMJ2000Eq,95520.0,2026-06-18T09:02:00Z,-4512.845407856274,4094.537974809098,4079.2293655734156,3.7802943774898514,-1.8523421365432782,6.024120359813395,7332.879865327111,7.349273643076121
numerical_gravity_20x20,2026-06-17T06:30:00Z,EarthMJ2000Eq,95580.0,2026-06-18T09:03:00Z,-4277.961858098536,3976.021694613812,4433.023577623658,4.046781010385444,-2.097000046500394,5.765440309060714,7332.21686907533,7.34943179425328
numerical_gravity_20x20,2026-06-17T06:30:00Z,EarthMJ2000Eq,95640.0,2026-06-18T09:04:00Z,-4027.526205412466,3843.0506951644966,4770.6621803213175,4.298543458409099,-2.334022585766248,5.485761523253488,7331.386200415076,7.349742633909505
numerical_gravity_20x20,2026-06-17T06:30:00Z,EarthMJ2000Eq,95700.0,2026-06-18T09:05:00Z,-3762.449150508443,3696.108648651158,5090.915017495238,4.534682362621752,-2.5625629084168264,5.186087842425539,7330.392790850578,7.350209513940435
numerical_gravity_20x20,2026-06-17T06:30:00Z,EarthMJ2000Eq,95760.0,2026-06-18T09:06:00Z,-3483.6937219683423,3535.7291491989977,5392.614209639331,4.7543531560098025,-2.781804147992948,4.867490714197173,7329.242155842659,7.350834925547359
numerical_gravity_20x20,2026-06-17T06:30:00Z,EarthMJ2000Eq,95820.0,2026-06-18T09:07:00Z,-3192.2719283033107,3362.4938506339554,5674.658107719964,4.956768092188227,-2.9909615483620406,4.53110585081304,7327.94033813707,7.351620306761478
numerical_gravity_20x20,2026-06-17T06:30:00Z,EarthMJ2000Eq,95880.0,2026-06-18T09:08:00Z,-2889.24128225988,3177.0304706061816,5936.015054939001,5.141198513198863,-3.189284823733811,4.178130067557959,7326.493877069531,7.3525662663079
numerical_gravity_20x20,2026-06-17T06:30:00Z,EarthMJ2000Eq,95940.0,2026-06-18T09:09:00Z,-2575.701181795726,2980.0106453794538,6175.7269484759145,5.306977309333659,-3.3760607382197962,3.8098176949494404,7324.909785561212,7.3536729012569895
numerical_gravity_20x20,2026-06-17T06:30:00Z,EarthMJ2000Eq,96000.0,2026-06-18T09:10:00Z,-2252.7891474931616,2772.147631517677,6392.912566926152,5.453501176185631,-3.550615565153861,3.427476380257222,7323.195513049911,7.354939857496598
numerical_gravity_20x20,2026-06-17T06:30:00Z,EarthMJ2000Eq,96060.0,2026-06-18T09:11:00Z,-1921.6769378204826,2554.193871158619,6586.770636084,5.580232421772157,-3.7123171568401925,3.0324626511937907,7321.358890069096,7.356366105955608
numerical_gravity_20x20,2026-06-17T06:30:00Z,EarthMJ2000Eq,96120.0,2026-06-18T09:12:00Z,-1583.5665665502036,2326.9384436067085,6756.582632917817,5.686700470219032,-3.860576704710644,2.6261776673980157,7319.408068039183,7.357949705704976
numerical_gravity_20x20,2026-06-17T06:30:00Z,EarthMJ2000Eq,96180.0,2026-06-18T09:13:00Z,-1239.6862316422792,2091.2044135650076,6901.715341258948,5.772503343540614,-3.9948504668485265,2.2100631506906994,7317.351467847251,7.359687780993727
numerical_gravity_20x20,2026-06-17T06:30:00Z,EarthMJ2000Eq,96240.0,2026-06-18T09:14:00Z,-891.2861541883676,1847.8460730240472,7021.6231602588905,5.837309154272586,-4.11464157875828,1.7855971567062439,7315.1977364198665,7.361576644322763
numerical_gravity_20x20,2026-06-17T06:30:00Z,EarthMJ2000Eq,96300.0,2026-06-18T09:15:00Z,-539.6343330029534,1597.746075498723,7115.8501491886,5.880857381643708,-4.219501792559162,1.354289522270584,7312.955700729667,7.363611819669418
numerical_gravity_20x20,2026-06-17T06:30:00Z,EarthMJ2000Eq,96360.0,2026-06-18T09:16:00Z,-186.01223347004503,1341.8124729594322,7184.031794365934,5.902959787979328,-4.309032967587341,0.9176772145003,7310.634314890237,7.365787863105247
numerical_gravity_20x20,2026-06-17T06:30:00Z,EarthMJ2000Eq,96420.0,2026-06-18T09:17:00Z,168.28957122743282,1080.9756699764298,7225.896501963537,5.9035011370139845,-4.382888370442565,0.47731987074714083,7308.242609270288,7.3680981536279875
numerical_gravity_20x20,2026-06-17T06:30:00Z,EarthMJ2000Eq,96480.0,2026-06-18T09:18:00Z,521.975803092463,816.1853000032837,7241.266828388848,5.882439981757367,-4.440774004724242,0.03479546457077408,7305.789653615833,7.370534894047168
numerical_gravity_20x20,2026-06-17T06:30:00Z,EarthMJ2000Eq,96540.0,2026-06-18T09:19:00Z,873.750933101453,548.407018124773,7230.060445372487,5.8398095440883475,-4.4824500570198635,-0.40830426597969255,7303.284534670957,7.373089338840264
numerical_gravity_20x20,2026-06-17T06:30:00Z,EarthMJ2000Eq,96600.0,2026-06-18T09:20:00Z,1222.323684268252,278.61920736324356,7192.290817339836,5.7757184254184395,-4.50773229058947,-0.8503788378760282,7300.73633635853,7.375752022760014
numerical_gravity_20x20,2026-06-17T06:30:00Z,EarthMJ2000Eq,96660.0,2026-06-18T09:21:00Z,1566.4115661116361,7.809608614523842,7128.067568274019,5.690350928650435,-4.516493175731561,-1.2898242957522983,7298.154111987147,7.378512791310695
numerical_gravity_20x20,2026-06-17T06:30:00Z,EarthMJ2000Eq,96720.0,2026-06-18T09:22:00Z,1904.7454180150685,-263.02810889469737,7037.59653315015,5.583967068613468,-4.508662765596136,-1.7250384160767345,7295.546851122617,7.381360693948861
numerical_gravity_20x20,2026-06-17T06:30:00Z,EarthMJ2000Eq,96780.0,2026-06-18T09:23:00Z,2236.073949799688,-532.8978268210423,6921.179500587964,5.45690249974886,-4.484229508500136,-2.1544258289099467,7292.923452372335,7.384283975372497
numerical_gravity_20x20,2026-06-17T06:30:00Z,EarthMJ2000Eq,96840.0,2026-06-18T09:24:00Z,2559.168277147926,-800.8045065283277,6779.2136431850095,5.309568394812232,-4.443241080565397,-2.5764033645869477,7290.292706632714,7.387270276378674
numerical_gravity_20x20,2026-06-17T06:30:00Z,EarthMJ2000Eq,96900.0,2026-06-18T09:25:00Z,2872.82644251871,-1065.7577644450364,6612.190614360207,5.142451031382571,-4.385805057618324,-2.989405823148676,7287.663281322952,7.390306880574943
numerical_gravity_20x20,2026-06-17T06:30:00Z,EarthMJ2000Eq,96960.0,2026-06-18T09:26:00Z,3175.8778962923657,-1326.7754762164982,6420.695291040235,4.95611086492162,-4.312089173666691,-3.391891940896558,7285.043692170568,7.393380748058809
numerical_gravity_20x20,2026-06-17T06:30:00Z,EarthMJ2000Eq,97020.0,2026-06-18T09:27:00Z,3467.1879084348843,-1582.8873827816615,6205.40416350085,4.751181183828274,-4.222321152621423,-3.7823501241486674,7282.44226145049,7.396478284905972
numerical_gravity_20x20,2026-06-17T06:30:00Z,EarthMJ2000Eq,97080.0,2026-06-18T09:28:00Z,3745.6618949301237,-1833.138679859947,5967.083393016105,4.528366665951101,-4.116788378399474,-4.159303805797269,7279.867077765829,7.399585080444829
numerical_gravity_20x20,2026-06-17T06:30:00Z,EarthMJ2000Eq,97140.0,2026-06-18T09:29:00Z,4010.2496598478338,-2076.593589778155,5706.5865525651525,4.288442010060369,-3.9958376596792093,-4.521316728397477,7277.325975475801,7.402685893285498
numerical_gravity_20x20,2026-06-17T06:30:00Z,EarthMJ2000Eq,97200.0,2026-06-18T09:30:00Z,4259.949554004387,-2312.338922158261,5424.852042036008,4.03225047254409,-3.859875062767873,-4.8669985612153805,7274.826538933588,7.405764941475115
numerical_gravity_20x20,2026-06-17T06:30:00Z,EarthMJ2000Eq,97260.0,2026-06-18T09:31:00Z,4493.81253472226,-2539.487620168152,5122.90015306061,3.7607019859774096,-3.709365547359883,-5.195010941964111,7272.3761212166855,7.408806305903925
numerical_gravity_20x20,2026-06-17T06:30:00Z,EarthMJ2000Eq,97320.0,2026-06-18T09:32:00Z,4710.946095392697,-2757.1822727765407,4801.829764530512,3.4747706955387745,-3.544832175436252,-5.504073689760246,7269.981862875592,7.411794230879194
numerical_gravity_20x20,2026-06-17T06:30:00Z,EarthMJ2000Eq,97380.0,2026-06-18T09:33:00Z,4910.518031047102,-2964.5985656954326,4462.814667774977,3.1754919776854855,-3.366854870766072,-5.792970902800713,7267.6507034852475,7.414713271721422
numerical_gravity_20x20,2026-06-17T06:30:00Z,EarthMJ2000Eq,97440.0,2026-06-18T09:34:00Z,5091.760012440539,-3160.9486469096228,4107.099532247334,2.863959049616911,-3.1760688289589747,-6.060556842111996,7265.389386706986,7.417548374000534
numerical_gravity_20x20,2026-06-17T06:30:00Z,EarthMJ2000Eq,97500.0,2026-06-18T09:35:00Z,5253.970944965955,-3345.4843879032305,3735.9955244441912,2.5413191833075333,-2.97316263112349,-6.3057616046567375,7263.204460767832,7.420284943135212
numerical_gravity_20x20,2026-06-17T06:30:00Z,EarthMJ2000Eq,97560.0,2026-06-18T09:36:00Z,5396.520088211881,-3517.5005223042585,3350.8755941704426,2.2087695188907372,-2.7588760393409726,-6.527596519402985,7261.102274069152,7.422908871066148
numerical_gravity_20x20,2026-06-17T06:30:00Z,EarthMJ2000Eq,97620.0,2026-06-18T09:37:00Z,5518.849914500274,-3676.3376426587647,2953.1694482815597,1.8675525761268612,-2.5339974804866086,-6.72515915578393,7259.088967072459,7.425406488963078
numerical_gravity_20x20,2026-06-17T06:30:00Z,EarthMJ2000Eq,97680.0,2026-06-18T09:38:00Z,5620.47869289883,-3821.385038856344,2544.358235726539,1.5189516104653675,-2.2993613008334632,-6.897637956260991,7257.170466802768,7.427764519851056
numerical_gravity_20x20,2026-06-17T06:30:00Z,EarthMJ2000Eq,97740.0,2026-06-18T09:39:00Z,5701.002790753951,-3952.083366884448,2125.9689619813207,1.1642858247465555,-2.0558448585350333,-7.044316655446365,7255.352492215453,7.429970168598913
numerical_gravity_20x20,2026-06-17T06:30:00Z,EarthMJ2000Eq,97800.0,2026-06-18T09:40:00Z,5760.098679379588,-4067.927137234238,1699.5686412514183,0.8049052568376479,-1.8043653990497033,-7.164578605732585,7253.640572592663,7.432011407653633
numerical_gravity_20x20,2026-06-17T06:30:00Z,EarthMJ2000Eq,97860.0,2026-06-18T09:41:00Z,5797.524617961975,-4168.46700554938,1266.7581940520363,0.4421851439597357,-1.5458765608674985,-7.257910900096915,7252.040071209406,7.433877364923625
numerical_gravity_20x20,2026-06-17T06:30:00Z,EarthMJ2000Eq,97920.0,2026-06-18T09:42:00Z,5813.121982712362,-4253.31183932116,829.1661107565506,0.0775197514277387,-1.2813643954164156,-7.3239079960636575,7250.5562012600385,7.43555864481664
numerical_gravity_20x20,2026-06-17T06:30:00Z,EarthMJ2000Eq,97980.0,2026-06-18T09:43:00Z,5806.8162142081865,-4322.130531390837,388.44191989097266,-0.2876841408459073,-1.0118429237471125,-7.362274566583792,7249.194024241627,7.437047469325305
numerical_gravity_20x20,2026-06-17T06:30:00Z,EarthMJ2000Eq,98040.0,2026-06-18T09:44:00Z,5778.6173699657065,-4374.653536500579,-53.750488299123674,-0.652013846983315,-0.738349379525713,-7.3728274706693,7247.958428956309,7.438337635195102
numerical_gravity_20x20,2026-06-17T06:30:00Z,EarthMJ2000Eq,98100.0,2026-06-18T09:45:00Z,5728.620282106066,-4410.674117859044,-495.7396310405717,-1.014057310982595,-0.46193933069285187,-7.355496891383362,7246.854096247066,7.439424352350692
numerical_gravity_20x20,2026-06-17T06:30:00Z,EarthMJ2000Eq,98160.0,2026-06-18T09:46:00Z,5657.004327050029,-4430.04930137171,-935.8532486060429,-1.3724094972595668,-0.1836818320265935,-7.3103267687649724,7245.885458090902,7.440304046859015
numerical_gravity_20x20,2026-06-17T06:30:00Z,EarthMJ2000Eq,98220.0,2026-06-18T09:47:00Z,5564.032816451158,-4432.700541707752,-1372.4251286034291,-1.7256786294284534,0.09534533224298053,-7.237474683195398,7245.056660138949,7.440974214062357
numerical_gravity_20x20,2026-06-17T06:30:00Z,EarthMJ2000Eq,98280.0,2026-06-18T09:48:00Z,5450.052017112341,-4418.6141046841285,-1803.8019100964614,-2.072492333130371,0.3740603620973796,-7.13721131297897,7244.371534247222,7.441433393607147
numerical_gravity_20x20,2026-06-17T06:30:00Z,EarthMJ2000Eq,98340.0,2026-06-18T09:49:00Z,5315.489802788384,-4387.841165573258,-2228.349842914863,-2.411503779110635,0.6513822140318928,-7.009919470387825,7243.833581762165,7.441681278229019
numerical_gravity_20x20,2026-06-17T06:30:00Z,EarthMJ2000Eq,98400.0,2026-06-18T09:50:00Z,5160.853935934867,-4340.497617536881,-2644.4614731925467,-2.7413978729893653,0.9262354931694315,-6.856092574958017,7243.445961633001,7.441718879615911
numerical_gravity_20x20,2026-06-17T06:30:00Z,EarthMJ2000Eq,98460.0,2026-06-18T09:51:00Z,4986.729978551249,-4276.763583815255,-3050.5622158617043,-3.0608974022244624,1.1975554196999314,-6.67633238959559,7243.211474454761,7.441548633621922
numerical_gravity_20x20,2026-06-17T06:30:00Z,EarthMJ2000Eq,98520.0,2026-06-18T09:52:00Z,4793.778840264019,-4196.882632656776,-3445.1167675056713,-3.368768946886806,1.4642927496740785,-6.47134596975748,7243.1325366451665,7.441174378722305
numerical_gravity_20x20,2026-06-17T06:30:00Z,EarthMJ2000Eq,98580.0,2026-06-18T09:53:00Z,4582.733983259615,-4101.160701176401,-3826.635314986308,-3.6638283883584624,1.725418543344187,-6.24194193269287,7243.211145072095,7.440601232438609
numerical_gravity_20x20,2026-06-17T06:30:00Z,EarthMJ2000Eq,98640.0,2026-06-18T09:54:00Z,4354.39831033805,-3989.964739150133,-4193.679503695777,-3.9449459635540425,1.9799287261539946,-5.989026197417653,7243.448836324746,7.43983542891683
numerical_gravity_20x20,2026-06-17T06:30:00Z,EarthMJ2000Eq,98700.0,2026-06-18T09:55:00Z,4109.640762798462,-3863.7210862875545,-4544.868136876129,-4.211050888594564,2.226848404650854,-5.713597291472186,7243.846644806176,7.438884151050305
numerical_gravity_20x20,2026-06-17T06:30:00Z,EarthMJ2000Eq,98760.0,2026-06-18T09:56:00Z,3849.3926531801794,-3722.9135990291174,-4878.882581935002,-4.461135575317842,2.4652358935579626,-5.416741289638244,7244.405062701991,7.437755362414441
numerical_gravity_20x20,2026-06-17T06:30:00Z,EarthMJ2000Eq,98820.0,2026-06-18T09:57:00Z,3574.643756954341,-3568.0815447179325,-5194.471864231663,-4.6942594527904005,2.694186448396672,-5.099626473995344,7245.124004955589,7.436457664984753
numerical_gravity_20x20,2026-06-17T06:30:00Z,EarthMJ2000Eq,98880.0,2026-06-18T09:58:00Z,3286.4381860370886,-3399.8172790278036,-5490.457434122062,-4.9095524254439065,2.91283577398948,-4.763497787788822,7246.002782039555,7.435000231249764
numerical_gravity_20x20,2026-06-17T06:30:00Z,EarthMJ2000Eq,98940.0,2026-06-18T09:59:00Z,2985.870064826925,-3218.763717400956,-5765.737594621727,-5.106217999127733,3.120363389741767,-4.409671054847815,7247.040080096198,7.433392815573478
numerical_gravity_20x20,2026-06-17T06:30:00Z,EarthMJ2000Eq,99000.0,2026-06-18T10:00:00Z,2674.0790291897215,-3025.611609182014,-6019.291572771952,-5.283536045166253,3.3159958240100886,-4.039526870336078,7248.233943659149,7.431645765346366
numerical_gravity_20x20,2026-06-17T06:30:00Z,EarthMJ2000Eq,99060.0,2026-06-18T10:01:00Z,2352.2455726126122,-2821.0966288234167,-6250.183214052982,-5.440865116095942,3.499009488504444,-3.6545041591256253,7249.581755678334,7.42976993326579
numerical_gravity_20x20,2026-06-17T06:30:00Z,EarthMJ2000Eq,99120.0,2026-06-18T10:02:00Z,2021.5862682771162,-2605.996307753239,-6457.564284153459,-5.577644267001408,3.6687331051713574,-3.256093566726009,7251.080214704874,7.427776483004079
numerical_gravity_20x20,2026-06-17T06:30:00Z,EarthMJ2000Eq,99180.0,2026-06-18T10:03:00Z,1683.3488953936665,-2381.1268336456296,-6640.6773745621485,-5.693394442797572,3.8245497195391964,-2.845830888719606,7252.725314980016,7.425676688739973
numerical_gravity_20x20,2026-06-17T06:30:00Z,EarthMJ2000Eq,99240.0,2026-06-18T10:04:00Z,1338.8074926932813,-2147.3397373975276,-6798.85841709768,-5.787719532066941,3.9658984581767043,-2.4252905998757295,7254.512335508027,7.423481828379665
numerical_gravity_20x20,2026-06-17T06:30:00Z,EarthMJ2000Eq,99300.0,2026-06-18T10:05:00Z,989.2573578397478,-1905.5184792662958,-6931.538811045922,-5.860307110204878,4.092276138396321,-1.996079392497273,7256.435838888216,7.421203161210319
numerical_gravity_20x20,2026-06-17T06:30:00Z,EarthMJ2000Eq,99360.0,2026-06-18T10:06:00Z,636.0100131027488,-1656.5749435217347,-7038.24716080682,-5.9109288085291745,4.203238691689146,-1.5598296543274492,7258.489676019128,7.418851894284728
numerical_gravity_20x20,2026-06-17T06:30:00Z,EarthMJ2000Eq,99420.0,2026-06-18T10:07:00Z,280.3881612606607,-1401.4458558998815,-7118.61062177519,-5.939440273169234,4.298402299898465,-1.1181929522023824,7260.666993633894,7.416439076043982
numerical_gravity_20x20,2026-06-17T06:30:00Z,EarthMJ2000Eq,99480.0,2026-06-18T10:08:00Z,-76.27934515090699,-1141.0891424682202,-7172.355858503937,-5.945780778820439,4.377444216742357,-0.6728336396170765,7262.9602456967405,7.413975454982439
numerical_gravity_20x20,2026-06-17T06:30:00Z,EarthMJ2000Eq,99540.0,2026-06-18T10:09:00Z,-432.6625036391383,-876.4802472496264,-7199.309624085946,-5.929972595617816,4.4401033329112245,-0.22542261840848027,7265.36121120833,7.411471375415127
numerical_gravity_20x20,2026-06-17T06:30:00Z,EarthMJ2000Eq,99600.0,2026-06-18T10:10:00Z,-787.4351170230432,-608.6084223328805,-7199.398968675921,-5.892120134332278,4.486180529990702,0.22236879217526428,7267.861018582258,7.408936718909466
numerical_gravity_20x20,2026-06-17T06:30:00Z,EarthMJ2000Eq,99660.0,2026-06-18T10:11:00Z,-1139.2796898772851,-338.47300337621743,-7172.651083241709,-5.832408835436489,4.515538808729248,0.6688748735731713,7270.450175037984,7.406380840418288
numerical_gravity_20x20,2026-06-17T06:30:00Z,EarthMJ2000Eq,99720.0,2026-06-18T10:12:00Z,-1486.8922507555951,-67.07968442990942,-7119.192787789886,-5.751103816674488,4.528103189365323,1.1124413249580272,7273.118602026217,7.403812484469244
numerical_gravity_20x20,2026-06-17T06:30:00Z,EarthMJ2000Eq,99780.0,2026-06-18T10:13:00Z,-1828.9870882846221,204.5631962045092,-7039.249677852452,-5.6485483715267994,4.523860461875515,1.551430844679342,7275.855681464491,7.401239750867489
numerical_gravity_20x20,2026-06-17T06:30:00Z,EarthMJ2000Eq,99840.0,2026-06-18T10:14:00Z,-2164.301394355224,475.44835320066073,-6933.144940355107,-5.525162371796249,4.502858881936981,1.9842286011101955,7278.650316242759,7.398670183675957
numerical_gravity_20x20,2026-06-17T06:30:00Z,EarthMJ2000Eq,99900.0,2026-06-18T10:15:00Z,-2491.5998066472594,744.573231592862,-6801.297839941021,-5.381440483181495,4.46520779826457,2.4092477673007062,7281.49100124938,7.3961109483262115
numerical_gravity_20x20,2026-06-17T06:30:00Z,EarthMJ2000Eq,99960.0,2026-06-18T10:16:00Z,-2809.6788343405783,1010.9436563466014,-6644.221870518756,-5.21795003387454,4.411077069959711,2.8249351256162454,7284.365895061053,7.393568958025354
numerical_gravity_20x20,2026-06-17T06:30:00Z,EarthMJ2000Eq,100020.0,2026-06-18T10:17:00Z,-3117.371144032166,1273.577437151551,-6462.522573339156,-5.035328497034355,4.340696145592657,3.229776534915786,7287.26288458047,7.391050843209092
numerical_gravity_20x20,2026-06-17T06:30:00Z,EarthMJ2000Eq,100080.0,2026-06-18T10:18:00Z,-3413.549686486837,1531.5079079768584,-6256.895036957045,-4.834280738466973,4.254352827705185,3.6223020451206147,7290.1696439663,7.388562806595128
numerical_gravity_20x20,2026-06-17T06:30:00Z,EarthMJ2000Eq,100140.0,2026-06-18T10:19:00Z,-3697.1316562842394,1783.787386712447,-6028.121101590793,-4.615576222200687,4.152391871991659,4.001090656712009,7293.073696346257,7.386110516689748
numerical_gravity_20x20,2026-06-17T06:30:00Z,EarthMJ2000Eq,100200.0,2026-06-18T10:20:00Z,-3967.0822839677357,2029.4905490585502,-5777.066283985699,-4.380046209683882,4.0352135387454515,4.36477491430854,7295.962485241613,7.3836991511584396
numerical_gravity_20x20,2026-06-17T06:30:00Z,EarthMJ2000Eq,100260.0,2026-06-18T10:21:00Z,-4222.418456615455,2267.7177138915267,-5504.676427283193,-4.1285808100944354,3.903272076178046,4.712045491251542,7298.823454622774,7.381333559579548
numerical_gravity_20x20,2026-06-17T06:30:00Z,EarthMJ2000Eq,100320.0,2026-06-18T10:22:00Z,-4462.212152785758,2497.5980328734445,-5211.974076516139,-3.8621257255200767,3.757074026580447,5.041655728691362,7301.644130232483,7.379018420330431
numerical_gravity_20x20,2026-06-17T06:30:00Z,EarthMJ2000Eq,100380.0,2026-06-18T10:23:00Z,-4685.593672164397,2718.292571072545,-4900.0545873083465,-3.581678673024981,3.597176283209276,5.352425959926878,7304.412195459454,7.376758297910028
numerical_gravity_20x20,2026-06-17T06:30:00Z,EarthMJ2000Eq,100440.0,2026-06-18T10:24:00Z,-4891.75464341995,2928.997263911426,-4570.0819850700855,-3.288285591887736,3.4241839215500978,5.643247492035508,7307.115560444039,7.374557608343956
numerical_gravity_20x20,2026-06-17T06:30:00Z,EarthMJ2000Eq,100500.0,2026-06-18T10:25:00Z,-5079.950801030582,3128.945739050031,-4223.2845958607795,-2.9830367486209854,3.2387478776498146,5.913086244491081,7309.742427503554,7.372420565417715
numerical_gravity_20x20,2026-06-17T06:30:00Z,EarthMJ2000Eq,100560.0,2026-06-18T10:26:00Z,-5249.504526439346,3317.4119956895915,-3860.9504674207883,-2.6670627755485796,3.0415625205007677,6.160986117777866,7312.281356329855,7.37035116926483
numerical_gravity_20x20,2026-06-17T06:30:00Z,EarthMJ2000Eq,100620.0,2026-06-18T10:27:00Z,-5399.807148976059,3493.7129350418813,-3484.422594676117,-2.3415306182070506,2.8333631145513576,6.3860721471333175,7314.721330091896,7.368353251798749
numerical_gravity_20x20,2026-06-17T06:30:00Z,EarthMJ2000Eq,100680.0,2026-06-18T10:28:00Z,-5530.320999989037,3657.2107345247773,-3095.0939622968285,-2.007639356642712,2.6149231431140523,6.587553443262437,7317.051821265808,7.366430560222028
numerical_gravity_20x20,2026-06-17T06:30:00Z,EarthMJ2000Eq,100740.0,2026-06-18T10:29:00Z,-5640.581211871333,3807.3150566294967,-2694.4024181099235,-1.6666158780514946,2.3870514726992473,6.764725880965738,7319.262854883007,7.364586849436748
numerical_gravity_20x20,2026-06-17T06:30:00Z,EarthMJ2000Eq,100800.0,2026-06-18T10:30:00Z,-5730.197252791431,3943.48508297227,-2283.825394238466,-1.3197103953713627,2.1505893649579466,6.916974475674817,7321.345066781907,7.362825954853093
numerical_gravity_20x20,2026-06-17T06:30:00Z,EarthMJ2000Eq,100860.0,2026-06-18T10:31:00Z,-5798.854188417569,4065.231365203241,-1864.8744964660166,-0.9681918353263211,1.9064073658222205,7.043775392394623,7323.289755207667,7.361151829228751
numerical_gravity_20x20,2026-06-17T06:30:00Z,EarthMJ2000Eq,100920.0,2026-06-18T10:32:00Z,-5846.313664295166,4172.117486353917,-1439.0899846696136,-0.6133431487877339,1.6554021006789035,7.144697568956761,7325.088925415233,7.359568552908086
numerical_gravity_20x20,2026-06-17T06:30:00Z,EarthMJ2000Eq,100980.0,2026-06-18T10:33:00Z,-5872.4146058614615,4263.761527166961,-1008.035166912614,-0.25645659460201364,1.3984929756060256,7.219403975668112,7326.735327648782,7.358080344194864
numerical_gravity_20x20,2026-06-17T06:30:00Z,EarthMJ2000Eq,101040.0,2026-06-18T10:34:00Z,-5877.07363529279,4339.837331054901,-573.2907284544848,0.10117098172206683,1.1366187597404012,7.2676525226637345,7328.222488025539,7.356691577245641
numerical_gravity_20x20,2026-06-17T06:30:00Z,EarthMJ2000Eq,101100.0,2026-06-18T10:35:00Z,-5860.285205205992,4400.075560294196,-136.44901789164024,0.4582428602682906,0.8707340497338257,7.2892965699700625,7329.544730550329,7.3554067725265915
numerical_gravity_20x20,2026-06-17T06:30:00Z,EarthMJ2000Eq,101160.0,2026-06-18T10:36:00Z,-5822.121451113781,4444.264538217094,300.8916837833432,0.8134670962603716,0.6018056901613484,7.284284981524262,7330.697189390871,7.354230517020036
numerical_gravity_20x20,2026-06-17T06:30:00Z,EarthMJ2000Eq,101220.0,2026-06-18T10:37:00Z,-5762.731768878599,4472.250878237386,737.1328840881952,1.1655610252705064,0.3308092650401313,7.252661752476942,7331.6758143511715,7.353167329070374
numerical_gravity_20x20,2026-06-17T06:30:00Z,EarthMJ2000Eq,101280.0,2026-06-18T10:38:00Z,-5682.3421271228235,4483.939906147259,1170.6815681328433,1.5132555972279311,0.05872571412120908,7.194565348121553,7332.477375729201,7.352221552730311
numerical_gravity_20x20,2026-06-17T06:30:00Z,EarthMJ2000Eq,101340.0,2026-06-18T10:39:00Z,-5581.25412300231,4479.295881688754,1599.955842704523,1.8552996162976456,-0.21346199368358995,7.110227874086289,7333.099472927423,7.351397357673926
numerical_gravity_20x20,2026-06-17T06:30:00Z,EarthMJ2000Eq,101400.0,2026-06-18T10:40:00Z,-5459.843783653925,4458.342019286384,2023.3905249268958,2.1904639900989347,-0.48477224283364984,6.999974036822124,7333.540544593923,7.350698819535863
numerical_gravity_20x20,2026-06-17T06:30:00Z,EarthMJ2000Eq,101460.0,2026-06-18T10:41:00Z,-5318.560112160826,4421.16030340089,2439.442658194638,2.517545982386132,-0.7542282237180428,6.864219732103231,7333.799873030062,7.350129966026232
numerical_gravity_20x20,2026-06-17T06:30:00Z,EarthMJ2000Eq,101520.0,2026-06-18T10:42:00Z,-5157.923381507333,4367.891097514422,2846.5969298440273,2.83537333348298,-1.0208613325905278,6.703470186317545,7333.8775780785445,7.349694710629352
numerical_gravity_20x20,2026-06-17T06:30:00Z,EarthMJ2000Eq,101580.0,2026-06-18T10:43:00Z,-4978.523188562566,4298.732554045153,3243.3709669297386,3.142808130898993,-1.2837143976772882,6.518317789455633,7333.774603802976,7.3493967376093225
numerical_gravity_20x20,2026-06-17T06:30:00Z,EarthMJ2000Eq,101640.0,2026-06-18T10:44:00Z,-4781.016282543565,4213.9398353389315,3628.3204982496495,3.4387504791927546,-1.5418447736671301,6.309439828775446,7333.492705922708,7.34923949243532
numerical_gravity_20x20,2026-06-17T06:30:00Z,EarthMJ2000Eq,101700.0,2026-06-18T10:45:00Z,-4566.124175149888,4113.824148486566,4000.0443783207393,3.7221421338057565,-1.7943274840695382,6.077596128344623,7333.034442582062,7.349226345923014
numerical_gravity_20x20,2026-06-17T06:30:00Z,EarthMJ2000Eq,101760.0,2026-06-18T10:46:00Z,-4334.63053163709,3998.7515871286537,4357.189460697183,3.9919701600197244,-2.0402585099297204,5.82362633222974,7332.403159795223,7.349360802360172
numerical_gravity_20x20,2026-06-17T06:30:00Z,EarthMJ2000Eq,101820.0,2026-06-18T10:47:00Z,-4087.378345486762,3869.1417747298988,4698.455290496505,4.247270441513128,-2.278758073329532,5.548446572479195,7331.602957669539,7.349646517198753
numerical_gravity_20x20,2026-06-17T06:30:00Z,EarthMJ2000Eq,101880.0,2026-06-18T10:48:00Z,-3825.2669142712953,3725.4663186845187,5022.5985793145355,4.487130758107325,-2.5089736106371103,5.253045594271194,7330.638631524801,7.350087008649505
numerical_gravity_20x20,2026-06-17T06:30:00Z,EarthMJ2000Eq,101940.0,2026-06-18T10:49:00Z,-3549.2486473521753,3568.247100379831,5328.437441260574,4.710693319354723,-2.730082263285574,4.938480749527365,7329.5155976045135,7.350685194372839
numerical_gravity_20x20,2026-06-17T06:30:00Z,EarthMJ2000Eq,102000.0,2026-06-18T10:50:00Z,-3260.3257341430367,3398.0544276012624,5614.855395453556,4.9171569264059585,-2.9412930215942232,4.605874263313133,7328.239822597906,7.351443028904684
numerical_gravity_20x20,2026-06-17T06:30:00Z,EarthMJ2000Eq,102060.0,2026-06-18T10:51:00Z,-2959.546686165585,3215.505060754519,5880.805155109267,5.105779063354314,-3.141848839648195,4.256409827472267,7326.817771426511,7.352361429798488
numerical_gravity_20x20,2026-06-17T06:30:00Z,EarthMJ2000Eq,102120.0,2026-06-18T10:52:00Z,-2648.002750778232,3021.260107172418,6125.312215129322,5.275878093230965,-3.3310289309770336,3.8913292259456336,7325.256373406534,7.353440455891313
numerical_gravity_20x20,2026-06-17T06:30:00Z,EarthMJ2000Eq,102180.0,2026-06-18T10:53:00Z,-2326.824190797817,2816.0227730864603,6347.478229116166,5.42683550864428,-3.508151187688499,3.5119286463277777,7323.562995054196,7.354679545055673
numerical_gravity_20x20,2026-06-17T06:30:00Z,EarthMJ2000Eq,102240.0,2026-06-18T10:54:00Z,-1997.1764317062057,2600.53597222676,6546.484151871274,5.558098064799482,-3.6725745018804448,3.119554554042323,7321.745406179449,7.356077635903277
numerical_gravity_20x20,2026-06-17T06:30:00Z,EarthMJ2000Eq,102300.0,2026-06-18T10:55:00Z,-1660.256088323514,2375.5798026711814,6721.5931238340645,5.669179645893403,-3.823700820776854,2.715599249358003,7319.81173255487,7.357633118560302
numerical_gravity_20x20,2026-06-17T06:30:00Z,EarthMJ2000Eq,102360.0,2026-06-18T10:56:00Z,-1317.2868894065039,2141.9689089414956,6872.153084813307,5.759662796479859,-3.9609769275742495,2.3014963223200335,7317.770396574583,7.359343657662847
numerical_gravity_20x20,2026-06-17T06:30:00Z,EarthMJ2000Eq,102420.0,2026-06-18T10:57:00Z,-969.5155203497782,1900.5497430926168,6997.599116662442,5.829199928769607,-4.083896047123812,1.878716186399535,7315.630052680595,7.361205963856785
numerical_gravity_20x20,2026-06-17T06:30:00Z,EarthMJ2000Eq,102480.0,2026-06-18T10:58:00Z,-618.2074008883172,1652.197731968143,7097.455522908172,5.877514306860989,-4.191999382960256,1.4487617824204937,7313.399526601393,7.363215598928025
numerical_gravity_20x20,2026-06-17T06:30:00Z,EarthMJ2000Eq,102540.0,2026-06-18T10:59:00Z,-264.6424060563555,1397.8143525032986,7171.337655140467,5.904400985672683,-4.284877652823245,1.0131644138245197,7311.087766617434,7.365366903876342
numerical_gravity_20x20,2026-06-17T06:30:00Z,EarthMJ2000Eq,102600.0,2026-06-18T11:00:00Z,89.88947176682841,1138.3241142978063,7218.953489072046,5.90972784805932,-4.362172643217835,0.5734795265479069,7308.703810096006,7.3676530981538155
numerical_gravity_20x20,2026-06-17T06:30:00Z,EarthMJ2000Eq,102660.0,2026-06-18T11:01:00Z,444.09252563311696,874.6714490899255,7240.1049396575,5.893436703859706,-4.423578747186638,0.1312821981943319,7306.256760642155,7.3700664943082295
numerical_gravity_20x20,2026-06-17T06:30:00Z,EarthMJ2000Eq,102720.0,2026-06-18T11:02:00Z,796.6697994013913,607.817510501782,7234.688893998727,5.855544235277406,-4.468844402313434,-0.31183775253236046,7303.755765926141,7.372598684811415
numerical_gravity_20x20,2026-06-17T06:30:00Z,EarthMJ2000Eq,102780.0,2026-06-18T11:03:00Z,1146.3275998840752,338.73689238356945,7202.697942617924,5.796142592463015,-4.497773359953764,-0.7542808912417437,7301.209988838161,7.375240593537685
numerical_gravity_20x20,2026-06-17T06:30:00Z,EarthMJ2000Eq,102840.0,2026-06-18T11:04:00Z,1491.7800340527974,68.4142761081829,7144.220801813753,5.715399655314848,-4.510225791783511,-1.1944433131973267,7298.628573111685,7.377982430263987
numerical_gravity_20x20,2026-06-17T06:30:00Z,EarthMJ2000Eq,102900.0,2026-06-18T11:05:00Z,1831.7535562940118,-202.15898496803075,7059.442428120944,5.613559136214346,-4.506119284312286,-1.6307217784039827,7296.020610041695,7.3808136881232596
numerical_gravity_20x20,2026-06-17T06:30:00Z,EarthMJ2000Eq,102960.0,2026-06-18T11:06:00Z,2164.9915196925517,-471.9883373791202,6948.643820660463,5.49094060570325,-4.48542971100383,-2.061519015633645,7293.395109094626,7.3837232531789665
numerical_gravity_20x20,2026-06-17T06:30:00Z,EarthMJ2000Eq,103020.0,2026-06-18T11:07:00Z,2490.2587233179866,-740.079545484519,6812.201496541525,5.347939295258594,-4.448191873532324,-2.485249314624975,7290.760966606194,7.386699520447133
numerical_gravity_20x20,2026-06-17T06:30:00Z,EarthMJ2000Eq,103080.0,2026-06-18T11:08:00Z,2806.3459355730133,-1005.4422383744334,6650.586625750273,5.18502547480748,-4.394499822177932,-2.9003442312437118,7288.126924760776,7.389730341577633
numerical_gravity_20x20,2026-06-17T06:30:00Z,EarthMJ2000Eq,103140.0,2026-06-18T11:09:00Z,3112.0743671413034,-1267.0934677984653,6464.363828994532,5.002743424174315,-4.324506931963346,-3.3052580675675625,7285.501522638529,7.392802774722104
numerical_gravity_20x20,2026-06-17T06:30:00Z,EarthMJ2000Eq,103200.0,2026-06-18T11:10:00Z,3406.3000764853405,-1524.0612687480243,6254.18965745819,4.801710266181052,-4.238425953417681,-3.6984730103042183,7282.893053822695,7.395902828654648
numerical_gravity_20x20,2026-06-17T06:30:00Z,EarthMJ2000Eq,103260.0,2026-06-18T11:11:00Z,3687.9183076300037,-1775.3882266148669,6020.810768124122,4.582614894176764,-4.136529188224487,-4.078504213057459,7280.309547300486,7.399015448645265
numerical_gravity_20x20,2026-06-17T06:30:00Z,EarthMJ2000Eq,103320.0,2026-06-18T11:12:00Z,3955.867765536977,-2020.135057032137,5765.061784768393,4.346216925006205,-4.019148701563341,-4.443905250947011,7277.758776523284,7.40212481142294
numerical_gravity_20x20,2026-06-17T06:30:00Z,EarthMJ2000Eq,103380.0,2026-06-18T11:13:00Z,4209.134821736351,-2257.384193215422,5487.862815418416,4.093345363464541,-3.8866763151108854,-4.793274109316446,7275.2482860851205,7.405214765966208
numerical_gravity_20x20,2026-06-17T06:30:00Z,EarthMJ2000Eq,103440.0,2026-06-18T11:14:00Z,4446.757623957437,-2486.24336094452,5190.216599124597,3.824896711084625,-3.7395631843269896,-5.125259495944228,7272.785419761317,7.4082692014266245
numerical_gravity_20x20,2026-06-17T06:30:00Z,EarthMJ2000Eq,103500.0,2026-06-18T11:15:00Z,4667.830074095267,-2705.849114966565,4873.205272603185,3.5418324793642055,-3.5783189455290407,-5.438567154443754,7270.377339761744,7.4112722579328905
numerical_gravity_20x20,2026-06-17T06:30:00Z,EarthMJ2000Eq,103560.0,2026-06-18T11:16:00Z,4871.505641565795,-2915.3703132700907,4537.986762776134,3.245176207637596,-3.403510509333423,-5.73196600878218,7268.0310358745255,7.414208435942066
numerical_gravity_20x20,2026-06-17T06:30:00Z,EarthMJ2000Eq,103620.0,2026-06-18T11:17:00Z,5057.000984924913,-3114.011509270838,4185.790816589622,2.9360100606911512,-3.2157605292948785,-6.004294106266989,7265.753326507087,7.4170626647482925
numerical_gravity_20x20,2026-06-17T06:30:00Z,EarthMJ2000Eq,103680.0,2026-06-18T11:18:00Z,5223.599357508216,-3301.0162419090047,3817.91468143755,2.615471038500642,-3.015745529301649,-6.254464306611547,7263.55085284351,7.419820322178723
numerical_gravity_20x20,2026-06-17T06:30:00Z,EarthMJ2000Eq,103740.0,2026-06-18T11:19:00Z,5370.653775684167,-3475.6702038218673,3435.718454048389,2.28474687097477,-2.804193724903894,-6.481469635186959,7261.430068484747,7.422467200538507
numerical_gravity_20x20,2026-06-17T06:30:00Z,EarthMJ2000Eq,103800.0,2026-06-18T11:20:00Z,5497.5899339477555,-3637.3042718578786,3040.620118072698,1.945071696669824,-2.581882626243927,-6.684388323620718,7259.397230510787,7.424989499106599
numerical_gravity_20x20,2026-06-17T06:30:00Z,EarthMJ2000Eq,103860.0,2026-06-18T11:21:00Z,5603.908854639918,-3785.297387930387,2634.0902851555543,1.597721524865753,-2.3496364362534052,-6.862388676706865,7257.4583978508035,7.427373950716602
numerical_gravity_20x20,2026-06-17T06:30:00Z,EarthMJ2000Eq,103920.0,2026-06-18T11:22:00Z,5689.1892557108995,-3919.0792747440573,2217.646647352253,1.244009348321752,-2.1083231206676287,-7.0147338163624235,7255.619436101747,7.4296080754150235
numerical_gravity_20x20,2026-06-17T06:30:00Z,EarthMJ2000Eq,103980.0,2026-06-18T11:23:00Z,5753.089611735688,-4038.1329623278366,1792.848152839733,0.8852798014590504,-1.8588510209564584,-7.140786112651083,7253.886020695426,7.431680412370597
numerical_gravity_20x20,2026-06-17T06:30:00Z,EarthMJ2000Eq,104040.0,2026-06-18T11:24:00Z,5795.349882332202,-4141.99709821897,1361.2889324973055,0.5229034448973926,-1.6021650548400816,-7.2400110190415115,7252.263631311391,7.43358059292282
numerical_gravity_20x20,2026-06-17T06:30:00Z,EarthMJ2000Eq,104100.0,2026-06-18T11:25:00Z,5815.792891433891,-4230.268022213628,924.5920171699377,0.15827087305897997,-1.3392427037052803,-7.3119802247604495,7250.757539321705,7.435299287585844
numerical_gravity_20x20,2026-06-17T06:30:00Z,EarthMJ2000Eq,104160.0,2026-06-18T11:26:00Z,5814.325350491306,-4302.601597961573,484.40288261309456,-0.20721326463781992,-1.0710899274443857,-7.356374281341306,7249.372796651529,7.436828190626331
numerical_gravity_20x20,2026-06-17T06:30:00Z,EarthMJ2000Eq,104220.0,2026-06-18T11:27:00Z,5790.938518345634,-4358.714796275204,42.38284863395774,-0.5721364189007999,-0.7987369502442201,-7.372984841275914,7248.114230914539,7.438160139927244
numerical_gravity_20x20,2026-06-17T06:30:00Z,EarthMJ2000Eq,104280.0,2026-06-18T11:28:00Z,5745.708483833731,-4398.387018086848,-399.7976424448803,-0.9350845635877453,-0.5232337791917822,-7.361716405666967,7246.986442444771,7.439289291741084
numerical_gravity_20x20,2026-06-17T06:30:00Z,EarthMJ2000Eq,104340.0,2026-06-18T11:29:00Z,5678.796056799671,-4421.4611398060415,-840.4658315760091,-1.2946487942384106,-0.24564544752575215,-7.322587353022578,7245.9937951660695,7.440211201905447
numerical_gravity_20x20,2026-06-17T06:30:00Z,EarthMJ2000Eq,104400.0,2026-06-18T11:30:00Z,5590.446263278985,-4427.844268612844,-1277.9534865521198,-1.6494318910042562,0.03295286743308996,-7.255730180039817,7245.140399156409,7.440922785520259
numerical_gravity_20x20,2026-06-17T06:30:00Z,EarthMJ2000Eq,104460.0,2026-06-18T11:31:00Z,5480.987451145067,-4417.5082046597745,-1710.6037397889834,-1.998054739401167,0.3114807223052806,-7.161391099568963,7244.430090243551,7.441422274202482
numerical_gravity_20x20,2026-06-17T06:30:00Z,EarthMJ2000Eq,104520.0,2026-06-18T11:32:00Z,5350.830013331981,-4390.489610462587,-2136.7778862156338,-2.33916267516138,0.5888573048800596,-7.039929116628553,7243.866411397603,7.441709273650323
numerical_gravity_20x20,2026-06-17T06:30:00Z,EarthMJ2000Eq,104580.0,2026-06-18T11:33:00Z,5200.464730762811,-4346.889883593491,-2554.8621082464883,-2.671431812986976,0.8640064354195525,-6.891814490993854,7243.452593076663,7.441784868575425
numerical_gravity_20x20,2026-06-17T06:30:00Z,EarthMJ2000Eq,104640.0,2026-06-18T11:34:00Z,5030.460738574582,-4286.874726541716,-2963.274085428142,-2.993575239604422,1.1358616399617167,-6.717626409203465,7243.19152506493,7.441651628095542
numerical_gravity_20x20,2026-06-17T06:30:00Z,EarthMJ2000Eq,104700.0,2026-06-18T11:35:00Z,4841.4631305429375,-4210.6734141301995,-3360.4694400006697,-3.304348846782192,1.4033711259352382,-6.518049864891466,7243.085716878401,7.441313449892512
numerical_gravity_20x20,2026-06-17T06:30:00Z,EarthMJ2000Eq,104760.0,2026-06-18T11:36:00Z,4634.190227588991,-4118.57776941858,-3744.9479766516756,-3.6025566949258043,1.6655025089448714,-6.29387196180627,7243.1372523277305,7.440775337225786
numerical_gravity_20x20,2026-06-17T06:30:00Z,EarthMJ2000Eq,104820.0,2026-06-18T11:37:00Z,4409.430536871332,-4010.940864123087,-4115.259688719523,-3.8870559861316396,1.921247277324271,-6.045977846513055,7243.347746766392,7.44004324318578
numerical_gravity_20x20,2026-06-17T06:30:00Z,EarthMJ2000Eq,104880.0,2026-06-18T11:38:00Z,4168.039421091235,-3888.1754573553712,-4470.010510237469,-4.156761762184607,2.169625060133316,-5.775346292550046,7243.718310687174,7.439124010795232
numerical_gravity_20x20,2026-06-17T06:30:00Z,EarthMJ2000Eq,104940.0,2026-06-18T11:39:00Z,3910.935493994437,-3750.7521835564785,-4807.867790419478,-4.4106513203717865,2.4096877142415,-5.48304485287529,7244.249517430517,7.43802532993173
numerical_gravity_20x20,2026-06-17T06:30:00Z,EarthMJ2000Eq,105000.0,2026-06-18T11:40:00Z,3639.0967619373396,-3599.1975019617335,-5127.565463995554,-4.647768244794513,2.640523175488998,-5.170224581653307,7244.941372325269,7.436755644926548
numerical_gravity_20x20,2026-06-17T06:30:00Z,EarthMJ2000Eq,105060.0,2026-06-18T11:41:00Z,3353.5565368620296,-3434.091423140218,-5427.908894818945,-4.867225993428206,2.861259038816467,-4.838114445184836,7245.79328430434,7.435324037526427
numerical_gravity_20x20,2026-06-17T06:30:00Z,EarthMJ2000Eq,105120.0,2026-06-18T11:42:00Z,3055.3991467127266,-3256.0650280390364,-5707.77937768393,-5.06821107273621,3.0710659051463822,-4.4880155268605115,7246.8040429464945,7.43374015155894
numerical_gravity_20x20,2026-06-17T06:30:00Z,EarthMJ2000Eq,105180.0,2026-06-18T11:43:00Z,2745.7554664927716,-3065.7977918145884,-5966.138286400194,-5.2499858453234065,3.269160545766648,-4.121295022327476,7247.9718014435175,7.432014175925302
numerical_gravity_20x20,2026-06-17T06:30:00Z,EarthMJ2000Eq,105240.0,2026-06-18T11:44:00Z,2425.798291996665,-2864.014723575155,-6202.030853872912,-5.411890960061632,3.4548088630461784,-3.73937997114635,7249.29406236916,7.430156836325173
numerical_gravity_20x20,2026-06-17T06:30:00Z,EarthMJ2000Eq,105300.0,2026-06-18T11:45:00Z,2096.7375801765793,-2651.4833368689133,-6414.589568003959,-5.5533473604969394,3.627328553193023,-3.343750727035477,7250.767662238493,7.428179337071635
numerical_gravity_20x20,2026-06-17T06:30:00Z,EarthMJ2000Eq,105360.0,2026-06-18T11:46:00Z,1759.8155824270734,-2429.0104718393113,-6603.037169908204,-5.673857843394698,3.7860913761441313,-2.93593425044721,7252.388752931514,7.4260932298560265
numerical_gravity_20x20,2026-06-17T06:30:00Z,EarthMJ2000Eq,105420.0,2026-06-18T11:47:00Z,1416.301898062414,-2197.4389939673865,-6766.689247522888,-5.773008160159437,3.930525001006569,-2.517497352533931,7254.152781076882,7.4239102177235745
numerical_gravity_20x20,2026-06-17T06:30:00Z,EarthMJ2000Eq,105480.0,2026-06-18T11:48:00Z,1067.488475283523,-1957.644393777618,-6904.956425991218,-5.8504676698577835,4.06011447634068,-2.090040033855284,7256.05446935106,7.42164192481422
numerical_gravity_20x20,2026-06-17T06:30:00Z,EarthMJ2000Eq,105540.0,2026-06-18T11:49:00Z,714.684585182312,-1710.531306846098,-7017.3461642624825,-5.9059896001017345,4.174403438570342,-1.655189031880995,7258.087805826491,7.419299694426482
numerical_gravity_20x20,2026-06-17T06:30:00Z,EarthMJ2000Eq,105600.0,2026-06-18T11:50:00Z,359.2117890724907,-1457.0299659601947,-7103.464171230666,-5.939411029165701,4.272995182037132,-1.2145915783901728,7260.246047006423,7.416894491725229
numerical_gravity_20x20,2026-06-17T06:30:00Z,EarthMJ2000Eq,105660.0,2026-06-18T11:51:00Z,2.398912815159596,-1198.0925918081878,-7163.015450293208,-5.9506526764492955,4.355553633956455,-0.7699092252582053,7262.521735214812,7.414436927315663
numerical_gravity_20x20,2026-06-17T06:30:00Z,EarthMJ2000Eq,105720.0,2026-06-18T11:52:00Z,-354.42295992314826,-934.68973003471,-7195.804971464704,-5.939718463650043,4.421804142451772,-0.3228115907618687,7264.906724336466,7.411937305776344
numerical_gravity_20x20,2026-06-17T06:30:00Z,EarthMJ2000Eq,105780.0,2026-06-18T11:53:00Z,-709.9254582067678,-667.8065504821274,-7201.737966447663,-5.906694729851245,4.471533928653223,0.12502992529928567,7267.3922064555345,7.409405562457068
numerical_gravity_20x20,2026-06-17T06:30:00Z,EarthMJ2000Eq,105840.0,2026-06-18T11:54:00Z,-1062.7878359950353,-398.4391306790634,-7180.819851699834,-5.851749084808259,4.504592171957673,0.5719482113078526,7269.968739118603,7.406851068006896
numerical_gravity_20x20,2026-06-17T06:30:00Z,EarthMJ2000Eq,105900.0,2026-06-18T11:55:00Z,-1411.7018086225557,-127.59074140883513,-7133.155798740273,-5.7751290715425165,4.520889894924239,1.0162861284610465,7272.626282359312,7.4042824588143565
numerical_gravity_20x20,2026-06-17T06:30:00Z,EarthMJ2000Eq,105960.0,2026-06-18T11:56:00Z,-1755.3763084918364,143.73186046183213,-7058.9499718397865,-5.67716082914896,4.520399861909138,1.456401967001875,7275.354255090481,7.401707686815144
numerical_gravity_20x20,2026-06-17T06:30:00Z,EarthMJ2000Eq,106020.0,2026-06-18T11:57:00Z,-2092.542160320956,414.5221346672467,-6958.504436016822,-5.558247716796849,4.503156510159784,1.890675036154375,7278.141608880359,7.399134295889566
numerical_gravity_20x20,2026-06-17T06:30:00Z,EarthMJ2000Eq,106080.0,2026-06-18T11:58:00Z,-2421.9566659732914,683.7774517441525,-6832.217720616011,-5.418868623085727,4.469255687269217,2.3175115447485117,7280.976904046986,7.396569699022235
numerical_gravity_20x20,2026-06-17T06:30:00Z,EarthMJ2000Eq,106140.0,2026-06-18T11:59:00Z,-2742.408072194942,950.5027592351981,-6680.583027291984,-5.2595757394685885,4.418853956521013,2.735350499307424,7283.848372549736,7.394021206510659
numerical_gravity_20x20,2026-06-17T06:30:00Z,EarthMJ2000Eq,106200.0,2026-06-18T12:00:00Z,-3052.719890245858,1213.7141928001931,-6504.18609509751,-5.080991893953456,4.352167483115467,3.142669173735179,7286.743966255923,7.39149578658161
numerical_gravity_20x20,2026-06-17T06:30:00Z,EarthMJ2000Eq,106260.0,2026-06-18T12:01:00Z,-3351.7550504991004,1472.442614039151,-6303.702755273324,-4.883807772530647,4.269470754095344,3.5379879975198536,7289.65140435571,7.388999793591874
numerical_gravity_20x20,2026-06-17T06:30:00Z,EarthMJ2000Eq,106320.0,2026-06-18T12:02:00Z,-3638.4198930930497,1725.7370724808604,-6079.896203919859,-4.668779242999427,4.171095347694578,3.9198751408225463,7292.558235093441,7.386538914746217
numerical_gravity_20x20,2026-06-17T06:30:00Z,EarthMJ2000Eq,106380.0,2026-06-18T12:03:00Z,-3911.667999248746,1972.6681948007001,-5833.613998795752,-4.436724680460784,4.057428708972602,4.286951169767258,7295.451914040055,7.384118359734884
numerical_gravity_20x20,2026-06-17T06:30:00Z,EarthMJ2000Eq,106440.0,2026-06-18T12:04:00Z,-4170.503855566727,2212.3314952195497,-5565.784772081484,-4.188522035624306,3.928912708873152,4.637893835148278,7298.319887698226,7.381743096516009
numerical_gravity_20x20,2026-06-17T06:30:00Z,EarthMJ2000Eq,106500.0,2026-06-18T12:05:00Z,-4413.9863311985355,2443.8505889781027,-5277.4146581273,-3.9251055320659787,3.786041850402141,4.971442728132216,7301.149670228177,7.379417939780217
numerical_gravity_20x20,2026-06-17T06:30:00Z,EarthMJ2000Eq,106560.0,2026-06-18T12:06:00Z,-4641.231948380762,2666.3802893375614,-4969.583452955066,-3.6474621130566214,3.6293612098360506,5.2864035419109525,7303.928911341001,7.377147488397852
numerical_gravity_20x20,2026-06-17T06:30:00Z,EarthMJ2000Eq,106620.0,2026-06-18T12:07:00Z,-4851.417936684846,2879.1095778835124,-4643.4405303926915,-3.356627803064878,3.4594642989353095,5.5816519462445555,7306.6454626690065,7.374936060260574
numerical_gravity_20x20,2026-06-17T06:30:00Z,EarthMJ2000Eq,106680.0,2026-06-18T12:08:00Z,-5043.785067089912,3081.2644464737323,-4300.2005326735125,-3.0536839931903046,3.276990920414557,5.85613726207696,7309.287449082012,7.372787739724531
numerical_gravity_20x20,2026-06-17T06:30:00Z,EarthMJ2000Eq,106740.0,2026-06-18T12:09:00Z,-5217.640257964447,3272.110608216595,-3941.138843578988,-2.739753531905623,3.0826249229033165,6.1088860341501725,7311.8433433917335,7.370706506782714
numerical_gravity_20x20,2026-06-17T06:30:00Z,EarthMJ2000Eq,106800.0,2026-06-18T12:10:00Z,-5372.358938712223,3450.956067362921,-3567.586852424409,-2.4159965588384984,2.8770917280470427,6.339005402445714,7314.3020374347125,7.368696334912448
numerical_gravity_20x20,2026-06-17T06:30:00Z,EarthMJ2000Eq,106860.0,2026-06-18T12:11:00Z,-5507.387157615371,3617.1535330493475,-3180.927025866445,-2.0836061679677447,2.661155605077961,6.545686117268153,7316.65290480597,7.366761199022818
numerical_gravity_20x20,2026-06-17T06:30:00Z,EarthMJ2000Eq,106920.0,2026-06-18T12:12:00Z,-5622.243427922181,3770.102663744593,-2782.5878108604834,-1.743804037506601,2.435616769313566,6.728205158615798,7318.885856681846,7.364905038397305
numerical_gravity_20x20,2026-06-17T06:30:00Z,EarthMJ2000Eq,106980.0,2026-06-18T12:13:00Z,-5716.52031216567,3909.2521344894203,-2374.0383905032795,-1.3978360703432053,2.201308386132759,6.8859280367956766,7320.9913952958705,7.363131753428001
numerical_gravity_20x20,2026-06-17T06:30:00Z,EarthMJ2000Eq,107040.0,2026-06-18T12:14:00Z,-5789.88574362693,4034.1015222722513,-1956.7833095028845,-1.0469679750917062,1.9590935038125374,7.018310842113758,7322.9606674215265,7.361445263946451
numerical_gravity_20x20,2026-06-17T06:30:00Z,EarthMJ2000Eq,107100.0,2026-06-18T12:15:00Z,-5842.084078594562,4144.203004765874,-1532.356984472339,-0.692480701683252,1.7098618945337483,7.124902024406176,7324.785515900088,7.359849596151371
numerical_gravity_20x20,2026-06-17T06:30:00Z,EarthMJ2000Eq,107160.0,2026-06-18T12:16:00Z,-5872.936869788445,4239.162866089838,-1102.318117429459,-0.3356657159427144,1.4545267774373292,7.205343825882827,7326.458524674027,7.358348949888781
numerical_gravity_20x20,2026-06-17T06:30:00Z,EarthMJ2000Eq,107220.0,2026-06-18T12:17:00Z,-5882.343352835056,4318.642802091356,-668.2440357218535,0.02217982473140538,1.1940214131570248,7.259373289144293,7327.973052896421,7.356947711574702
numerical_gravity_20x20,2026-06-17T06:30:00Z,EarthMJ2000Eq,107280.0,2026-06-18T12:18:00Z,-5870.280642983893,4382.361017902814,-231.72498572666885,0.3797578847147075,0.9292955933787082,7.286822783051228,7329.3232557744095,7.355650387455246
numerical_gravity_20x20,2026-06-17T06:30:00Z,EarthMJ2000Eq,107340.0,2026-06-18T12:19:00Z,-5836.803646640738,4430.0931135793435,205.6415901229941,0.7357742211354408,0.6613121053710089,7.28762003849886,7330.50409371757,7.354461450760879
numerical_gravity_20x20,2026-06-17T06:30:00Z,EarthMJ2000Eq,107400.0,2026-06-18T12:20:00Z,-5782.044699662197,4461.672759765084,642.2567658907049,1.0889428111392405,0.3910432862988478,7.261787792446316,7331.511336515403,7.353385155165856
numerical_gravity_20x20,2026-06-17T06:30:00Z,EarthMJ2000Eq,107460.0,2026-06-18T12:21:00Z,-5706.212947272928,4476.99217105797,1076.525816530067,1.4379900545363735,0.11946772433386194,7.209443241691025,7332.3415723079415,7.352425435818267
numerical_gravity_20x20,2026-06-17T06:30:00Z,EarthMJ2000Eq,107520.0,2026-06-18T12:22:00Z,-5609.593474378773,4476.002384059922,1506.8638681922782,1.7816589309048445,-0.15243297941218534,7.130797463948104,7332.992227403927,7.3515860078716475
numerical_gravity_20x20,2026-06-17T06:30:00Z,EarthMJ2000Eq,107580.0,2026-06-18T12:23:00Z,-5492.54618203367,4458.713338388931,1931.701511594989,2.1187133326078107,-0.42367757051508903,7.026154727917597,7333.461592290396,7.350870637561681
numerical_gravity_20x20,2026-06-17T06:30:00Z,EarthMJ2000Eq,107640.0,2026-06-18T12:24:00Z,-5355.504396861908,4425.193749508216,2349.4903629714004,2.4479426158446502,-0.6932887200799688,6.895911374048836,7333.748838840153,7.350283394440964
numerical_gravity_20x20,2026-06-17T06:30:00Z,EarthMJ2000Eq,107700.0,2026-06-18T12:25:00Z,-5198.973206383439,4375.570762922482,2758.7085371062285,2.76816612657719,-0.9602966931649533,6.740553976798673,7333.854013732323,7.34982866176956
numerical_gravity_20x20,2026-06-17T06:30:00Z,EarthMJ2000Eq,107760.0,2026-06-18T12:26:00Z,-5023.527532819559,4310.029392637773,3157.8659887635154,3.0782373386082194,-1.2237428243782733,6.560656839523343,7333.778006006663,7.349510853043456
numerical_gravity_20x20,2026-06-17T06:30:00Z,EarthMJ2000Eq,107820.0,2026-06-18T12:27:00Z,-4829.809975302478,4228.811762044005,3545.5096934498406,3.3770474370944723,-1.4826826198841392,6.356879225814242,7333.522503045847,7.349334026650409
numerical_gravity_20x20,2026-06-17T06:30:00Z,EarthMJ2000Eq,107880.0,2026-06-18T12:28:00Z,-4618.528449863314,4132.216167968239,3920.228665037871,3.6635285304728566,-1.7361885906863543,6.129962734481372,7333.08995493711,7.349301683979806
numerical_gravity_20x20,2026-06-17T06:30:00Z,EarthMJ2000Eq,107940.0,2026-06-18T12:29:00Z,-4390.453638908449,4020.595975381877,4280.658822145552,3.936656842784613,-1.9833531150029267,5.880728848329422,7332.483556358919,7.349416879195833
numerical_gravity_20x20,2026-06-17T06:30:00Z,EarthMJ2000Eq,108000.0,2026-06-18T12:30:00Z,-4146.416244465737,3894.358333911435,4625.487704028771,4.195456063459357,-2.2232915247794742,5.610076291800189,7331.707236748896,7.349682495481875
numerical_gravity_20x20,2026-06-17T06:30:00Z,EarthMJ2000Eq,108060.0,2026-06-18T12:31:00Z,-3887.304038988805,3753.962704489878,4953.459011866118,4.439000696360872,-2.455145303695745,5.318977811693785,7330.765639445671,7.350101401058518
numerical_gravity_20x20,2026-06-17T06:30:00Z,EarthMJ2000Eq,108120.0,2026-06-18T12:32:00Z,-3614.058723261794,3599.9191988301272,5263.3769379612395,4.666419093109314,-2.6780850719432063,5.008476362523604,7329.664077183391,7.350676314398416
numerical_gravity_20x20,2026-06-17T06:30:00Z,EarthMJ2000Eq,108180.0,2026-06-18T12:33:00Z,-3327.67261635738,3432.7867527750273,5554.110256785881,4.876896017811536,-2.8913131219877846,4.679681058612641,7328.408468161188,7.351409466780006
numerical_gravity_20x20,2026-06-17T06:30:00Z,EarthMJ2000Eq,108240.0,2026-06-18T12:34:00Z,-3029.1852029124275,3253.171160210345,5824.59617643161,5.069674879328057,-3.0940655655985667,4.333763279661611,7327.005268844131,7.352302310872158
numerical_gravity_20x20,2026-06-17T06:30:00Z,EarthMJ2000Eq,108300.0,2026-06-18T12:35:00Z,-2719.6795500545154,3061.7229830468577,6073.843963612231,5.2440598786410275,-3.285614368136859,3.971952994729784,7325.461417153927,7.353355450352092
numerical_gravity_20x20,2026-06-17T06:30:00Z,EarthMJ2000Eq,108360.0,2026-06-18T12:36:00Z,-2400.2785951706987,2859.1353364077286,6300.938348705391,5.399418159794909,-3.465269493799045,3.595535052374446,7323.78428686401,7.35456874614893
numerical_gravity_20x20,2026-06-17T06:30:00Z,EarthMJ2000Eq,108420.0,2026-06-18T12:37:00Z,-2072.1413077167854,2646.141541470351,6505.042700247071,5.5351818219035955,-3.632381149924849,3.2058451810515654,7321.981643563374,7.355941404384141
numerical_gravity_20x20,2026-06-17T06:30:00Z,EarthMJ2000Eq,108480.0,2026-06-18T12:38:00Z,-1736.458739458108,2423.512645203986,6685.401950298326,5.650849605312559,-3.7863419451264217,2.804265711788514,7320.061593481077,7.35747190070051
numerical_gravity_20x20,2026-06-17T06:30:00Z,EarthMJ2000Eq,108540.0,2026-06-18T12:39:00Z,-1394.4499840460908,2192.0548172872905,6841.345260612455,5.7459882472941555,-3.9265888136112514,2.3922212599170507,7318.032526226093,7.359157778279977
numerical_gravity_20x20,2026-06-17T06:30:00Z,EarthMJ2000Eq,108600.0,2026-06-18T12:40:00Z,-1047.3580604658873,1952.6066384342291,6972.288433619344,5.8202337050757285,-4.0526047278015875,1.9711745488124435,7315.9030606523465,7.360995487254781
numerical_gravity_20x20,2026-06-17T06:30:00Z,EarthMJ2000Eq,108660.0,2026-06-18T12:41:00Z,-696.4457216680137,1706.0362890713886,7077.736076002924,5.873292447731546,-4.163920329442681,1.5426223071242,7313.682001865505,7.362980393085646
numerical_gravity_20x20,2026-06-17T06:30:00Z,EarthMJ2000Eq,108720.0,2026-06-18T12:42:00Z,-342.991182835593,1453.2386402505606,7157.283512455149,5.904942825064436,-4.260115560565968,1.1080910043167376,7311.37830881993,7.3651069259382735
numerical_gravity_20x20,2026-06-17T06:30:00Z,EarthMJ2000Eq,108780.0,2026-06-18T12:43:00Z,11.71623058574613,1195.1322474443584,7210.618434390712,5.915036337593558,-4.340821255675276,0.6691322731495767,7309.001064804664,7.367368732983629
numerical_gravity_20x20,2026-06-17T06:30:00Z,EarthMJ2000Eq,108840.0,2026-06-18T12:44:00Z,366.38050347033106,932.6562521523115,7237.522265776901,5.9034986359941986,-4.405720611689858,0.22731808332795675,7306.559443788737,7.36975873176742
numerical_gravity_20x20,2026-06-17T06:30:00Z,EarthMJ2000Eq,108900.0,2026-06-18T12:45:00Z,719.7034026226347,666.7671996873016,7237.871236105056,5.870330233536886,-4.454550516530834,-0.2157641708574145,7304.0626720177015,7.3722690898073
numerical_gravity_20x20,2026-06-17T06:30:00Z,EarthMJ2000Eq,108960.0,2026-06-18T12:46:00Z,1070.3889848856275,398.43578030933304,7211.637157871193,5.815607026684188,-4.487102784342445,-0.6585166138292989,7301.519988795737,7.3748912274528795
numerical_gravity_20x20,2026-06-17T06:30:00Z,EarthMJ2000Eq,109020.0,2026-06-18T12:47:00Z,1417.148132134593,128.64349847637848,7158.887904328953,5.739480666536209,-4.503225310051302,-1.0993359573378583,7298.940608393809,7.377615879247545
numerical_gravity_20x20,2026-06-17T06:30:00Z,EarthMJ2000Eq,109080.0,2026-06-18T12:48:00Z,1758.7031022127878,-141.6207227330076,7079.787577143564,5.642178698292067,-4.502823054368997,-1.5366187674245713,7296.333679891335,7.3804331281313775
numerical_gravity_20x20,2026-06-17T06:30:00Z,EarthMJ2000Eq,109140.0,2026-06-18T12:49:00Z,2093.7920786456816,-411.36398818987766,6974.596354420326,5.524004374433812,-4.485858746233065,-1.9687668166874515,7293.708241112486,7.3833322963557055
numerical_gravity_20x20,2026-06-17T06:30:00Z,EarthMJ2000Eq,109200.0,2026-06-18T12:50:00Z,2421.173700284322,-679.592910849678,6843.670020880786,5.385336197916993,-4.452353317832737,-2.3941922921722254,7291.073169714321,7.386301697284516
numerical_gravity_20x20,2026-06-17T06:30:00Z,EarthMJ2000Eq,109260.0,2026-06-18T12:51:00Z,2739.631560399698,-945.3171143986003,6687.459192817004,5.226627397539643,-4.402386260354474,-2.811322771603671,7288.4371431127565,7.389328417671474
numerical_gravity_20x20,2026-06-17T06:30:00Z,EarthMJ2000Eq,109320.0,2026-06-18T12:52:00Z,3047.9786764677474,-1207.552760512385,6506.508246707818,5.048405483085688,-4.33609611408599,-3.218606183107536,7285.8086199199615,7.392398338440598
numerical_gravity_20x20,2026-06-17T06:30:00Z,EarthMJ2000Eq,109380.0,2026-06-18T12:53:00Z,3345.0619339782934,-1465.3261109131106,6301.453941324683,4.85127178670252,-4.253681120457597,-3.6145161200201543,7283.19584578849,7.395496454253683
numerical_gravity_20x20,2026-06-17T06:30:00Z,EarthMJ2000Eq,109440.0,2026-06-18T12:54:00Z,3629.766495173835,-1717.6771283882304,6073.023704413225,4.635900699206301,-4.155399817889017,-3.9975577119740513,7280.606873141793,7.398607341924341
numerical_gravity_20x20,2026-06-17T06:30:00Z,EarthMJ2000Eq,109500.0,2026-06-18T12:55:00Z,3901.0201461218658,-1963.663104113108,5822.033553291384,4.403038353829545,-4.041571278112347,-4.366273906802386,7278.049578187448,7.4017155423982635
numerical_gravity_20x20,2026-06-17T06:30:00Z,EarthMJ2000Eq,109560.0,2026-06-18T12:56:00Z,4157.797547240951,-2202.3622836796735,5549.385634878095,4.15350074217187,-3.912574818252958,-4.719251815678605,7275.531664215953,7.404805724894831
numerical_gravity_20x20,2026-06-17T06:30:00Z,EarthMJ2000Eq,109620.0,2026-06-18T12:57:00Z,4399.124357774402,-2432.8774609724956,5256.065390131052,3.888171428727577,-3.7688492394110233,-5.0551288635814915,7273.060651514293,7.407862679342618
numerical_gravity_20x20,2026-06-17T06:30:00Z,EarthMJ2000Eq,109680.0,2026-06-18T12:58:00Z,4624.081215019891,-2654.3395160375717,4943.1383565846,3.6079990075464408,-3.610891746477732,-5.372598712206691,7270.643861573491,7.410871268996791
numerical_gravity_20x20,2026-06-17T06:30:00Z,EarthMJ2000Eq,109740.0,2026-06-18T12:59:00Z,4831.807553578933,-2865.910881495782,4611.746620259779,3.3139943029111407,-3.4392566557758752,-5.670417037793833,7268.288402710493,7.413816423848702
numerical_gravity_20x20,2026-06-17T06:30:00Z,EarthMJ2000Eq,109800.0,2026-06-18T13:00:00Z,5021.505247189199,-3066.7889255739137,4263.104924175658,3.007227245175055,-3.254553905284769,-5.9474071978679115,7266.001159929869,7.416683167277576
numerical_gravity_20x20,2026-06-17T06:30:00Z,EarthMJ2000Eq,109860.0,2026-06-18T13:01:00Z,5192.442052792875,-3256.2092393128833,3898.4964409645268,2.6888234076755566,-3.0574473475591915,-6.20246575534841,7263.788789744065,7.419456654434369
numerical_gravity_20x20,2026-06-17T06:30:00Z,EarthMJ2000Eq,109920.0,2026-06-18T13:02:00Z,5343.954837745583,-3433.448814557186,3519.268218532311,2.359960247558364,-2.848652814596919,-6.434567859030675,7261.6577214862,7.422122254492801
numerical_gravity_20x20,2026-06-17T06:30:00Z,EarthMJ2000Eq,109980.0,2026-06-18T13:03:00Z,5475.4525726372385,-3597.829098455636,3126.8263058606494,2.021863041132455,-2.6289359287342458,-6.642772533708343,7259.614166325646,7.424665730460674
numerical_gravity_20x20,2026-06-17T06:30:00Z,EarthMJ2000Eq,110040.0,2026-06-18T13:04:00Z,5586.419068476024,-3748.7189073298773,2722.6305638640456,1.6758004045229642,-2.3991095896202177,-6.82622787528736,7257.664131254056,7.4270735033495665
numerical_gravity_20x20,2026-06-17T06:30:00Z,EarthMJ2000Eq,110100.0,2026-06-18T13:05:00Z,5676.415429828866,-3885.537178062429,2308.189171051098,1.323079297382682,-2.1600310628652153,-6.984175989940214,7255.813430860949,7.429332895904089
numerical_gravity_20x20,2026-06-17T06:30:00Z,EarthMJ2000Eq,110160.0,2026-06-18T13:06:00Z,5745.082193422741,-4007.7555325631224,1885.0528467172967,0.9650395583183792,-1.9125986691759957,-7.115957432964644,7254.067690123269,7.431432244609237
numerical_gravity_20x20,2026-06-17T06:30:00Z,EarthMJ2000Eq,110220.0,2026-06-18T13:07:00Z,5792.141129637261,-4114.900633732037,1454.808826768315,0.6030481708211923,-1.6577481650813697,-7.221015009914364,7252.432337744829,7.433360871676417
numerical_gravity_20x20,2026-06-17T06:30:00Z,EarthMJ2000Eq,110280.0,2026-06-18T13:08:00Z,5817.396696857363,-4206.556317873423,1019.0746293382914,0.23849344576083772,-1.3964489247280583,-7.298897007843363,7250.912596646629,7.435109027724464
numerical_gravity_20x20,2026-06-17T06:30:00Z,EarthMJ2000Eq,110340.0,2026-06-18T13:09:00Z,5820.737145222573,-4282.365493190868,579.4916393794367,-0.12722086113033784,-1.1296999579766693,-7.349260023234996,7249.513479617537,7.436667938780062
numerical_gravity_20x20,2026-06-17T06:30:00Z,EarthMJ2000Eq,110400.0,2026-06-18T13:10:00Z,5802.135262236845,-4342.031793199642,137.71853357001373,-0.4926816326539612,-0.8585257088364276,-7.371871451022066,7248.239792455642,7.4380299995551145
numerical_gravity_20x20,2026-06-17T06:30:00Z,EarthMJ2000Eq,110460.0,2026-06-18T13:11:00Z,5761.64874384321,-4385.320969438139,-304.57543103969147,-0.8564728020975019,-0.5839715577198482,-7.366611501153314,7247.096138841882,7.439189031734761
numerical_gravity_20x20,2026-06-17T06:30:00Z,EarthMJ2000Eq,110520.0,2026-06-18T13:12:00Z,5699.420171253908,-4412.06200495478,-745.7172291039096,-1.2171820606684824,-0.3070990189003412,-7.333474499164635,7246.086917077653,7.440140469515392
numerical_gravity_20x20,2026-06-17T06:30:00Z,EarthMJ2000Eq,110580.0,2026-06-18T13:13:00Z,5615.676581334859,-4422.147932598196,-1184.0369308146091,-1.5734076550358636,-0.02898072584807111,-7.272569295561523,7245.216301634352,7.440881378582806
numerical_gravity_20x20,2026-06-17T06:30:00Z,EarthMJ2000Eq,110640.0,2026-06-18T13:14:00Z,5510.72863286739,-4415.536349863541,-1617.8745633405688,-1.9237650238482356,0.24930464259727286,-7.184118794843608,7244.488209996284,7.4414103186309735
numerical_gravity_20x20,2026-06-17T06:30:00Z,EarthMJ2000Eq,110700.0,2026-06-18T13:15:00Z,5384.96938343992,-4392.249630990021,-2045.5869216628146,-2.2668931309765403,0.5266773642665389,-7.068458774924893,7243.906262203787,7.441727149399666
numerical_gravity_20x20,2026-06-17T06:30:00Z,EarthMJ2000Eq,110760.0,2026-06-18T13:16:00Z,5238.8726951268245,-4352.3748424509595,-2465.554292238686,-2.601460522150122,0.802061559338535,-6.926036186393278,7243.473742129671,7.441832895765887
numerical_gravity_20x20,2026-06-17T06:30:00Z,EarthMJ2000Eq,110820.0,2026-06-18T13:17:00Z,5072.991282182673,-4296.063367976459,-2876.1870610960195,-2.9261712193580207,1.0743899965735813,-6.757406998241195,7243.1935650779615,7.441729718930651
numerical_gravity_20x20,2026-06-17T06:30:00Z,EarthMJ2000Eq,110880.0,2026-06-18T13:18:00Z,4887.95440830197,-4223.530246336713,-3275.9321773906004,-3.2397705046374115,1.3426088652580837,-6.563233515053367,7243.068249728346,7.44142094367117
numerical_gravity_20x20,2026-06-17T06:30:00Z,EarthMJ2000Eq,110940.0,2026-06-18T13:19:00Z,4684.465242058359,-4135.053224109072,-3663.2794375839703,-3.5410505062629722,1.6056824941959906,-6.344281071973528,7243.099889418428,7.440911051764716
numerical_gravity_20x20,2026-06-17T06:30:00Z,EarthMJ2000Eq,111000.0,2026-06-18T13:20:00Z,4463.297886893288,-4030.9715287796917,-4036.767552852373,-3.828855439372073,1.8625979407584017,-6.101414129871766,7243.290120431482,7.440205605272302
numerical_gravity_20x20,2026-06-17T06:30:00Z,EarthMJ2000Eq,111060.0,2026-06-18T13:21:00Z,4225.294109027365,-3911.6843721285068,-4394.9899673748305,-4.1020864351144475,2.112369386469714,-5.835591899546384,7243.640089641475,7.439311148493237
numerical_gravity_20x20,2026-06-17T06:30:00Z,EarthMJ2000Eq,111120.0,2026-06-18T13:22:00Z,3971.3597868154116,-3777.6491960023322,-4736.600402580908,-4.359706010447998,2.354042330122188,-5.54786358822281,7244.150424868415,7.438235152445234
numerical_gravity_20x20,2026-06-17T06:30:00Z,EarthMJ2000Eq,111180.0,2026-06-18T13:23:00Z,3702.4611011215798,-3629.3796724997733,-5060.3181044120865,-4.600742232007182,2.5866975770864036,-5.239363242011935,7244.8212076153895,7.436985990468512
numerical_gravity_20x20,2026-06-17T06:30:00Z,EarthMJ2000Eq,111240.0,2026-06-18T13:24:00Z,3419.6204862236104,-3467.4434721678085,-5364.932767633234,-4.8242925153977385,2.8094549689297312,-4.911304139126487,7245.651944697878,7.4355728658636355
numerical_gravity_20x20,2026-06-17T06:30:00Z,EarthMJ2000Eq,111300.0,2026-06-18T13:25:00Z,3123.9123667750014,-3292.459818287727,-5649.3091121105645,-5.029526941065977,3.0214767747919664,-4.56497282458526,7246.6415376024015,7.434005652453976
numerical_gravity_20x20,2026-06-17T06:30:00Z,EarthMJ2000Eq,111360.0,2026-06-18T13:26:00Z,2816.458711331407,-3105.096848086739,-5912.391095474988,-5.215691062000397,3.221970746711945,-4.201722987485521,7247.788253976843,7.432294720371536
numerical_gravity_20x20,2026-06-17T06:30:00Z,EarthMJ2000Eq,111420.0,2026-06-18T13:27:00Z,2498.424430164107,-2906.068798145494,-6153.20575685679,-5.382108308337572,3.410192945981712,-3.8229692853462707,7249.089706922599,7.430450856320949
numerical_gravity_20x20,2026-06-17T06:30:00Z,EarthMJ2000Eq,111480.0,2026-06-18T13:28:00Z,2171.0126384971772,-2696.133024620024,-6370.866686272352,-5.528182070011705,3.585450426387206,-3.4301810123631813,7250.542841554421,7.428485278766862
numerical_gravity_20x20,2026-06-17T06:30:00Z,EarthMJ2000Eq,111540.0,2026-06-18T13:29:00Z,1835.459806076201,-2476.086868115819,-6564.577105590189,-5.653397377337888,3.7471037031624888,-3.024875474124401,7252.143921173638,7.426409610458089
numerical_gravity_20x20,2026-06-17T06:30:00Z,EarthMJ2000Eq,111600.0,2026-06-18T13:30:00Z,1493.0308218864798,-2246.7643814554344,-6733.632544669099,-5.757322031111776,3.894568824521363,-2.6086111579395794,7253.8885066912,7.424235682693917
numerical_gravity_20x20,2026-06-17T06:30:00Z,EarthMJ2000Eq,111660.0,2026-06-18T13:31:00Z,1145.0140079488629,-2009.0329479532288,-6877.423109137209,-5.839607192536438,4.027318951212108,-2.182981005322702,7255.7714328977645,7.421975220082267
numerical_gravity_20x20,2026-06-17T06:30:00Z,EarthMJ2000Eq,111720.0,2026-06-18T13:32:00Z,792.7161086603479,-1763.7898173216067,-6995.435353745396,-5.899987653350802,4.144885555224915,-1.7496060035047578,7257.786793303311,7.419639596577717
numerical_gravity_20x20,2026-06-17T06:30:00Z,EarthMJ2000Eq,111780.0,2026-06-18T13:33:00Z,437.45726792660184,-1511.9585759386002,-7087.253779069803,-5.938281989336537,4.2468594375766875,-1.3101289993673515,7259.927942173758,7.417239787306069
numerical_gravity_20x20,2026-06-17T06:30:00Z,EarthMJ2000Eq,111840.0,2026-06-18T13:34:00Z,80.56600101379931,-1254.48555895592,-7152.561957251567,-5.954392553523377,4.332891646855018,-0.8662084853031731,7262.187511381861,7.414786432855085
numerical_gravity_20x20,2026-06-17T06:30:00Z,EarthMJ2000Eq,111900.0,2026-06-18T13:35:00Z,-276.6258229766869,-992.3362120180097,-7191.143281761473,-5.948305094719806,4.402694221090509,-0.4195122981329206,7264.557433350153,7.412289826536609
numerical_gravity_20x20,2026-06-17T06:30:00Z,EarthMJ2000Eq,111960.0,2026-06-18T13:36:00Z,-632.7879616915968,-726.4914160274436,-7202.881341486599,-5.920087917627569,4.45604067403665,0.02828855677626871,7267.028966610712,7.409759758828447
numerical_gravity_20x20,2026-06-17T06:30:00Z,EarthMJ2000Eq,112020.0,2026-06-18T13:37:00Z,-986.5967202055467,-457.9437894717082,-7187.759933424518,-5.869890773389888,4.492766274846966,0.4755257654807798,7269.592730213906,7.407205360023853
numerical_gravity_20x20,2026-06-17T06:30:00Z,EarthMJ2000Eq,112080.0,2026-06-18T13:38:00Z,-1336.739803792711,-187.6939773792945,-7145.862731345507,-5.797943734843575,4.5127682270485625,0.9205393566566388,7272.2387548416555,7.404635124746169
numerical_gravity_20x20,2026-06-17T06:30:00Z,EarthMJ2000Eq,112140.0,2026-06-18T13:39:00Z,-1681.921104034765,83.25306789882316,-7077.3726141028255,-5.7045560754938,4.516005749396401,1.3616834419740702,7274.956549173661,7.402057129148688
numerical_gravity_20x20,2026-06-17T06:30:00Z,EarthMJ2000Eq,112200.0,2026-06-18T13:40:00Z,-2020.8654120369688,353.89180487314,-6982.570642651083,-5.590114911134115,4.502499936283184,1.797332179536846,7277.735169868198,7.39947926272604
numerical_gravity_20x20,2026-06-17T06:30:00Z,EarthMJ2000Eq,112260.0,2026-06-18T13:41:00Z,-2352.3230366666457,623.21980321556,-6861.834676667607,-5.455083369701868,4.472333293634779,2.2258857726259236,7280.563283281773,7.396909295951283
numerical_gravity_20x20,2026-06-17T06:30:00Z,EarthMJ2000Eq,112320.0,2026-06-18T13:42:00Z,-2675.074298224642,890.2414067717414,-6715.637637977993,-5.2999982908381735,4.425648973823304,2.6457762018945736,7283.429216240083,7.39435476785517
numerical_gravity_20x20,2026-06-17T06:30:00Z,EarthMJ2000Eq,112380.0,2026-06-18T13:43:00Z,-2987.93387463388,1153.9713440126184,-6544.545442029753,-5.12546764732808,4.3626498029846275,3.055472555926257,7286.321002040696,7.39182280951777
numerical_gravity_20x20,2026-06-17T06:30:00Z,EarthMJ2000Eq,112440.0,2026-06-18T13:44:00Z,-3289.7549893981422,1413.4382752966942,-6349.214620245076,-4.932167870512293,4.283597149503011,3.453486023625293,7289.226429620464,7.389320006436271
numerical_gravity_20x20,2026-06-17T06:30:00Z,EarthMJ2000Eq,112500.0,2026-06-18T13:45:00Z,-3579.4334381517715,1667.6882675533,-6130.389650326995,-4.720841147323142,4.188809638153219,3.838374649636281,7292.13310086495,7.386852325173086
numerical_gravity_20x20,2026-06-17T06:30:00Z,EarthMJ2000Eq,112560.0,2026-06-18T13:46:00Z,-3855.9114520473845,1915.788188164671,-5888.900006783733,-4.492292679581593,4.078661756044413,4.208747915130922,7295.02849876811,7.384425113193345
numerical_gravity_20x20,2026-06-17T06:30:00Z,EarthMJ2000Eq,112620.0,2026-06-18T13:47:00Z,-4118.1813943975085,2156.82901410219,-5625.656939719512,-4.247387852886715,3.9535824319059043,4.5632712356455745,7297.900067598153,7.382043212335926
numerical_gravity_20x20,2026-06-17T06:30:00Z,EarthMJ2000Eq,112680.0,2026-06-18T13:48:00Z,-4365.289281908936,2389.9290550532455,-5341.649983029902,-3.987049194983066,3.8140535722753293,4.900670498772848,7300.735301607645,7.3797111917028175
numerical_gravity_20x20,2026-06-17T06:30:00Z,EarthMJ2000Eq,112740.0,2026-06-18T13:49:00Z,-4596.338113206099,2614.2370832053753,-5037.943188779334,-3.712252973431813,3.6606083757906824,5.219736631454613,7303.521832067406,7.377433586377541
numerical_gravity_20x20,2026-06-17T06:30:00Z,EarthMJ2000Eq,112800.0,2026-06-18T13:50:00Z,-4810.490981147946,2828.935350217349,-4715.671092431747,-3.4240254048060055,3.4938292411409706,5.5193299483128415,7306.247501105578,7.375214967534957
numerical_gravity_20x20,2026-06-17T06:30:00Z,EarthMJ2000Eq,112860.0,2026-06-18T13:51:00Z,-5006.973950336113,3033.2424667080036,-4376.0344316789815,-3.1234386640324585,3.3143453065548325,5.798383981333183,7308.900419928107,7.373059791839218
numerical_gravity_20x20,2026-06-17T06:30:00Z,EarthMJ2000Eq,112920.0,2026-06-18T13:52:00Z,-5185.078695909419,3226.416129425187,-4020.2956527013343,-2.811606950890334,3.1228298832768515,6.0559087636541875,7311.469021894162,7.370972193671967
numerical_gravity_20x20,2026-06-17T06:30:00Z,EarthMJ2000Eq,112980.0,2026-06-18T13:53:00Z,-5344.164910102673,3407.755697270678,-3649.7742287468745,-2.489682664233754,2.9199979995790875,6.290993864067322,7313.942124427723,7.368955956162626
numerical_gravity_20x20,2026-06-17T06:30:00Z,EarthMJ2000Eq,113040.0,2026-06-18T13:54:00Z,-5483.662477238258,3576.6046223321555,-3265.8417963107854,-2.1588524584549944,2.706603987730601,6.502811455779535,7316.309002993861,7.367014721934111
numerical_gravity_20x20,2026-06-17T06:30:00Z,EarthMJ2000Eq,113100.0,2026-06-18T13:55:00Z,-5603.073401946547,3732.3527307902095,-2869.9171069499766,-1.8203329381123863,2.4834388485838015,6.690619348015958,7318.559465864994,7.365152257779712
numerical_gravity_20x20,2026-06-17T06:30:00Z,EarthMJ2000Eq,113160.0,2026-06-18T13:56:00Z,-5701.973468171281,3874.4383346170666,-2463.460807019799,-1.4753660224729608,2.251327246177112,6.853763628928552,7320.683915332101,7.363372539188206
numerical_gravity_20x20,2026-06-17T06:30:00Z,EarthMJ2000Eq,113220.0,2026-06-18T13:57:00Z,-5780.013616927848,4002.350154755807,-2047.9700770736636,-1.1252142568629329,2.011124271579836,6.991680692311077,7322.673392261482,7.361679622397366
numerical_gravity_20x20,2026-06-17T06:30:00Z,EarthMJ2000Eq,113280.0,2026-06-18T13:58:00Z,-5836.921046830052,4115.629049827798,-1624.9731655933756,-0.7711562704091182,1.7637122320009004,7.103898779669461,7324.519613709328,7.36007749296773
numerical_gravity_20x20,2026-06-17T06:30:00Z,EarthMJ2000Eq,113340.0,2026-06-18T13:59:00Z,-5872.5000448483315,4213.869555723668,-1196.0238374515286,-0.4144822901115738,1.5099975488156046,7.190039317501358,7326.215013849287,7.3585700753244625
numerical_gravity_20x20,2026-06-17T06:30:00Z,EarthMJ2000Eq,113400.0,2026-06-18T14:00:00Z,-5886.632543875494,4296.72123888591,-762.6957459184852,-0.05648949147063924,1.2509076136095552,7.249818110129817,7327.752787325013,7.357161378575247
numerical_gravity_20x20,2026-06-17T06:30:00Z,EarthMJ2000Eq,113460.0,2026-06-18T14:01:00Z,-5879.278394916512,4363.889855013488,-326.5767425724095,0.30152284377600647,0.9873874297857045,7.283046170678634,7329.126924839747,7.355855591707487
numerical_gravity_20x20,2026-06-17T06:30:00Z,EarthMJ2000Eq,113520.0,2026-06-18T14:02:00Z,-5850.47534841455,4415.138299671737,110.7368462692396,0.65825813162753,0.720396054958484,7.289629992979795,7330.332233722851,7.354657006169909
numerical_gravity_20x20,2026-06-17T06:30:00Z,EarthMJ2000Eq,113580.0,2026-06-18T14:03:00Z,-5800.338754771318,4450.287343659513,547.6459438226586,1.012427021183014,0.4509030151748537,7.269571337693916,7331.364347174648,7.353569843017485
numerical_gravity_20x20,2026-06-17T06:30:00Z,EarthMJ2000Eq,113640.0,2026-06-18T14:04:00Z,-5729.061000861954,4469.216156060337,982.5544257295065,1.3627516871248022,0.17988482373549355,7.222966770381845,7332.2197321622025,7.35259815824394
numerical_gravity_20x20,2026-06-17T06:30:00Z,EarthMJ2000Eq,113700.0,2026-06-18T14:05:00Z,-5636.910690861293,4471.862621567663,1413.8747911546554,1.7079700980868668,-0.09167840719176436,7.150007060781359,7332.895701425391,7.351745898460268
numerical_gravity_20x20,2026-06-17T06:30:00Z,EarthMJ2000Eq,113760.0,2026-06-18T14:06:00Z,-5524.231567765687,4458.223455190465,1840.0337911483425,2.0468403951541188,-0.36280634462351213,7.050976328855574,7333.390426213314,7.351017020590782
numerical_gravity_20x20,2026-06-17T06:30:00Z,EarthMJ2000Eq,113820.0,2026-06-18T14:07:00Z,-5391.441170647983,4428.354113421749,2259.4779940923772,2.378145293980356,-0.632521841882947,6.926250785890408,7333.70294300261,7.350415557557777
numerical_gravity_20x20,2026-06-17T06:30:00Z,EarthMJ2000Eq,113880.0,2026-06-18T14:08:00Z,-5239.029231388548,4382.368500434295,2670.6792628558387,2.7006963449309955,-0.8998543598813169,6.776297061054902,7333.833150951187,7.34994561042341
numerical_gravity_20x20,2026-06-17T06:30:00Z,EarthMJ2000Eq,113940.0,2026-06-18T14:09:00Z,-5067.5558218126325,4320.438469062835,3072.140121049596,3.013337995299335,-1.1638433839365756,6.601670187779172,7333.781800374739,7.349611320638653
numerical_gravity_20x20,2026-06-17T06:30:00Z,EarthMJ2000Eq,114000.0,2026-06-18T14:10:00Z,-4877.649262112298,4242.79311750025,3462.3989885456044,3.3149514891237404,-1.423541807752539,6.403011250524625,7333.55047149563,7.349416829110185
numerical_gravity_20x20,2026-06-17T06:30:00Z,EarthMJ2000Eq,114060.0,2026-06-18T14:11:00Z,-4670.003800582837,4149.717886036698,3840.03526410154,3.6044585744839606,-1.6780191935276634,6.18104463754427,7333.141541024174,7.349366152283675
numerical_gravity_20x20,2026-06-17T06:30:00Z,EarthMJ2000Eq,114120.0,2026-06-18T14:12:00Z,-4445.377079760886,4041.553465190713,4203.674232675948,3.8808248957245506,-1.9263647810840456,5.936574975416882,7332.558138039016,7.349462944992811
numerical_gravity_20x20,2026-06-17T06:30:00Z,EarthMJ2000Eq,114180.0,2026-06-18T14:13:00Z,-4204.5874100256015,3918.694531985716,4551.991785531567,4.143063029518271,-2.1676902180051942,5.670484002944123,7331.804098522232,7.349710264727564
numerical_gravity_20x20,2026-06-17T06:30:00Z,EarthMJ2000Eq,114240.0,2026-06-18T14:14:00Z,-3948.5108678970514,3781.5883272519864,4883.718956687533,4.390235335152132,-2.4011321671532313,5.383727587050567,7330.883930237797,7.350110523912252
numerical_gravity_20x20,2026-06-17T06:30:00Z,EarthMJ2000Eq,114300.0,2026-06-18T14:15:00Z,-3678.078222519624,3630.7330743320895,5197.646282452074,4.621456862064732,-2.6258550159749543,5.077332758955787,7329.802790355954,7.350665686726041
numerical_gravity_20x20,2026-06-17T06:30:00Z,EarthMJ2000Eq,114360.0,2026-06-18T14:16:00Z,-3394.2716843365206,3466.6762300112973,5492.627974303511,4.835898347148247,-2.8410537466032144,4.752394390065659,7328.566463839672,7.351377534433044
numerical_gravity_20x20,2026-06-17T06:30:00Z,EarthMJ2000Eq,114420.0,2026-06-18T14:17:00Z,-3098.1214773289485,3290.0125629349486,5767.585874307102,5.0327890396306545,-3.045956767115655,4.410071257900952,7327.181325043315,7.352247727350336
numerical_gravity_20x20,2026-06-17T06:30:00Z,EarthMJ2000Eq,114480.0,2026-06-18T14:18:00Z,-2790.7022551955474,3101.3820707140094,6021.513159525041,5.211419041152939,-3.2398284178732895,4.051581677637508,7325.654274945896,7.353277547483076
numerical_gravity_20x20,2026-06-17T06:30:00Z,EarthMJ2000Eq,114540.0,2026-06-18T14:19:00Z,-2473.1293937670143,2901.4677597585337,6253.477782813241,5.371141113420909,-3.4219710472670837,3.6781991627324917,7323.992663798306,7.354467471499251
numerical_gravity_20x20,2026-06-17T06:30:00Z,EarthMJ2000Eq,114600.0,2026-06-18T14:20:00Z,-2146.5551848237055,2690.993309960448,6462.625663263647,5.51137221575821,-3.591726817046646,3.291248442622544,7322.204218622922,7.355816850628414
numerical_gravity_20x20,2026-06-17T06:30:00Z,EarthMJ2000Eq,114660.0,2026-06-18T14:21:00Z,-1812.1649374240333,2470.7206325153543,6648.183647592628,5.631595091486916,-3.7484794973257003,2.892101766167764,7320.296989636701,7.35732386416429
numerical_gravity_20x20,2026-06-17T06:30:00Z,EarthMJ2000Eq,114720.0,2026-06-18T14:22:00Z,-1471.1729791667756,2241.447316455154,6809.46224990121,5.731360011801955,-3.891656386424612,2.482175148575787,7318.279315515643,7.358985696622138
numerical_gravity_20x20,2026-06-17T06:30:00Z,EarthMJ2000Eq,114780.0,2026-06-18T14:23:00Z,-1124.8185510533972,2004.0039573439353,6945.858156829619,5.810286543820172,-4.020730296944058,2.062924275339465,7316.159796549045,7.360798761537125
numerical_gravity_20x20,2026-06-17T06:30:00Z,EarthMJ2000Eq,114840.0,2026-06-18T14:24:00Z,-774.3616008447592,1759.2513685676442,7056.856475032692,5.868065135740059,-4.135221458658851,1.6358400227274126,7313.947263679225,7.362758825969886
numerical_gravity_20x20,2026-06-17T06:30:00Z,EarthMJ2000Eq,114900.0,2026-06-18T14:25:00Z,-421.0784900778987,1508.0776838840907,7142.032701920247,5.904458401484324,-4.234699229752823,1.2024437451117203,7311.650737742723,7.3648609994681005
numerical_gravity_20x20,2026-06-17T06:30:00Z,EarthMJ2000Eq,114960.0,2026-06-18T14:26:00Z,-66.2576330090264,1251.395363680549,7201.054411286628,5.919302115643361,-4.318783599574764,0.764282508955401,7309.279380656053,7.367099637558263
numerical_gravity_20x20,2026-06-17T06:30:00Z,EarthMJ2000Eq,115020.0,2026-06-18T14:27:00Z,288.8049175798825,990.1381161239551,7233.682654018808,5.912506007008997,-4.38714653470022,0.32292436675598657,7306.842444481227,7.369468240415612
numerical_gravity_20x20,2026-06-17T06:30:00Z,EarthMJ2000Eq,115080.0,2026-06-18T14:28:00Z,642.8099285173479,725.2577404226494,7239.773075968215,5.884054440811603,-4.439513239828564,-0.12004635954489964,7304.349223973189,7.371959413716806
numerical_gravity_20x20,2026-06-17T06:30:00Z,EarthMJ2000Eq,115140.0,2026-06-18T14:29:00Z,994.4594826686128,457.7208959118599,7219.2767502038705,5.834007006370961,-4.475663369836519,-0.5630339048485435,7301.809014022349,7.374564904351364
numerical_gravity_20x20,2026-06-17T06:30:00Z,EarthMJ2000Eq,115200.0,2026-06-18T14:30:00Z,1342.4615057210312,188.50580062602546,7172.24071376815,5.76249891920094,-4.495432156050223,-1.004436089829133,7299.23106823218,7.3772756436230305
numerical_gravity_20x20,2026-06-17T06:30:00Z,EarthMJ2000Eq,115260.0,2026-06-18T14:31:00Z,1685.5343082410313,-81.40113308018785,7098.808197737878,5.669741112517904,-4.498711366183034,-1.4426494885305967,7296.624553654574,7.380081692363423
numerical_gravity_20x20,2026-06-17T06:30:00Z,EarthMJ2000Eq,115320.0,2026-06-18T14:32:00Z,2022.411123335267,-351.0087146305739,6999.218548206549,5.556020015952532,-4.485450074666746,-1.8760745259327656,7293.998502542718,7.382972058517284
numerical_gravity_20x20,2026-06-17T06:30:00Z,EarthMJ2000Eq,115380.0,2026-06-18T14:33:00Z,2351.8446260761248,-619.3244341101647,6873.806847514159,5.421697211928668,-4.4556553436298625,-2.3031203705404377,7291.361771083751,7.385934513671968
numerical_gravity_20x20,2026-06-17T06:30:00Z,EarthMJ2000Eq,115440.0,2026-06-18T14:34:00Z,2672.6114346884674,-885.3579630509549,6723.003244853715,5.267209197512789,-4.409392956056732,-2.722209783029154,7288.72301805185,7.388955614571364
numerical_gravity_20x20,2026-06-17T06:30:00Z,EarthMJ2000Eq,115500.0,2026-06-18T14:35:00Z,2983.516601517983,-1148.124701444787,6547.331987627439,5.093067254808938,-4.3467882058307925,-3.1317843089095203,7286.090707492637,7.392021017684447
numerical_gravity_20x20,2026-06-17T06:30:00Z,EarthMJ2000Eq,115560.0,2026-06-18T14:36:00Z,3283.3980926492095,-1406.6493692262138,6347.410123634026,4.899857138409999,-4.268026545287472,-3.530310069330443,7283.473124847012,7.395115939167002
numerical_gravity_20x20,2026-06-17T06:30:00Z,EarthMJ2000Eq,115620.0,2026-06-18T14:37:00Z,3571.1312342781107,-1659.9696259207753,6123.945840741419,4.688238237360471,-4.173353845727353,-3.9162839948375954,7280.878388748873,7.398225491299736
numerical_gravity_20x20,2026-06-17T06:30:00Z,EarthMJ2000Eq,115680.0,2026-06-18T14:38:00Z,3845.6330900125686,-1907.139692172987,5877.7364297657405,4.458942124771808,-4.06307621148203,-4.288240081267508,7278.31444815739,7.401334755769723
numerical_gravity_20x20,2026-06-17T06:30:00Z,EarthMJ2000Eq,115740.0,2026-06-18T14:39:00Z,4105.866737219593,-2147.233950455903,5609.665878967524,4.212770685090704,-3.937559508016807,-4.644755399373408,7275.789068922299,7.404428704791585
numerical_gravity_20x20,2026-06-17T06:30:00Z,EarthMJ2000Eq,115800.0,2026-06-18T14:40:00Z,4350.845423533507,-2379.350513560498,5320.702113725304,3.9505940067974046,-3.7972287755023855,-4.984455951397326,7273.309820766883,7.407492187742566
numerical_gravity_20x20,2026-06-17T06:30:00Z,EarthMJ2000Eq,115860.0,2026-06-18T14:41:00Z,4579.636589390187,-2602.6147544586183,5011.893883507099,3.6733479978205232,-3.6425675058978735,-5.306022597060109,7270.884069392315,7.410510059950504
numerical_gravity_20x20,2026-06-17T06:30:00Z,EarthMJ2000Eq,115920.0,2026-06-18T14:42:00Z,4791.365734727156,-2816.18278443971,4684.367290587752,3.382031552159507,-3.47411661241691,-5.608197039876034,7268.518968291995,7.413467319314755
numerical_gravity_20x20,2026-06-17T06:30:00Z,EarthMJ2000Eq,115980.0,2026-06-18T14:43:00Z,4985.220101121529,-3019.2448573451506,4339.321964248898,3.0777032515431104,-3.2924729978223626,-5.88978760788784,7266.221444096251,7.416349089139317
numerical_gravity_20x20,2026-06-17T06:30:00Z,EarthMJ2000Eq,116040.0,2026-06-18T14:44:00Z,5160.452147312267,-3211.0286780597967,3978.0268997352828,2.7614778235798494,-3.0982878240794887,-6.149674642813701,7263.998179449093,7.419140477402239
numerical_gravity_20x20,2026-06-17T06:30:00Z,EarthMJ2000Eq,116100.0,2026-06-18T14:45:00Z,5316.382810771458,-3390.802602508225,3601.8159825619637,2.434522567975925,-2.8922646449570695,-6.386815651081452,7261.855606667044,7.4218265320170165
numerical_gravity_20x20,2026-06-17T06:30:00Z,EarthMJ2000Eq,116160.0,2026-06-18T14:46:00Z,5452.404552703516,-3557.8787221347434,3212.083202405987,2.0980536684541886,-2.6751574042202773,-6.600250547939679,7259.799921963407,7.424392475391282
numerical_gravity_20x20,2026-06-17T06:30:00Z,EarthMJ2000Eq,116220.0,2026-06-18T14:47:00Z,5567.984169868595,-3711.6158197896693,2810.2775459230447,1.75333204414303,-2.4477681121736894,-6.789107097555255,7257.837115473139,7.4268241644775905
numerical_gravity_20x20,2026-06-17T06:30:00Z,EarthMJ2000Eq,116280.0,2026-06-18T14:48:00Z,5662.665335911828,-3851.422171495084,2397.89756413405,1.4016584590996295,-2.2109440127921185,-6.952606243271496,7255.973000067002,7.4291085224032525
numerical_gravity_20x20,2026-06-17T06:30:00Z,EarthMJ2000Eq,116340.0,2026-06-18T14:49:00Z,5736.07082755408,-3976.7581623911406,1976.4856353214452,1.044367948870222,-1.9655742410384032,-7.0900668575390595,7254.213223189233,7.431233716822186
numerical_gravity_20x20,2026-06-17T06:30:00Z,EarthMJ2000Eq,116400.0,2026-06-18T14:50:00Z,5787.904404190135,-4087.1386910167435,1547.6219673574456,0.6828239064177647,-1.712586145470487,-7.200909669924331,7252.563258979335,7.433189077861724
numerical_gravity_20x20,2026-06-17T06:30:00Z,EarthMJ2000Eq,116460.0,2026-06-18T14:51:00Z,5817.952330936381,-4182.135347607179,1112.918386532872,0.31841214562736064,-1.4529414527149807,-7.284660500126213,7251.028390913693,7.434964946897842
numerical_gravity_20x20,2026-06-17T06:30:00Z,EarthMJ2000Eq,116520.0,2026-06-18T14:52:00Z,5826.084546839919,-4261.3783587887765,674.0119460750358,-0.0474650065850117,-1.187632308300845,-7.340953076351995,7249.613697786393,7.43655266207212
numerical_gravity_20x20,2026-06-17T06:30:00Z,EarthMJ2000Eq,116580.0,2026-06-18T14:53:00Z,5812.2554751684465,-4324.558288772613,232.5583744053578,-0.4133947707425569,-0.9176770985075834,-7.369531553053762,7248.324047607389,7.437944729900699
numerical_gravity_20x20,2026-06-17T06:30:00Z,EarthMJ2000Eq,116640.0,2026-06-18T14:54:00Z,5776.504460866973,-4371.427480640469,-209.774614919643,-0.7779602947201186,-0.644115956007499,-7.370252556755833,7247.164093214628,7.439135052901673
numerical_gravity_20x20,2026-06-17T06:30:00Z,EarthMJ2000Eq,116700.0,2026-06-18T14:55:00Z,5718.955816450712,-4401.801218563939,-651.3141144092077,-1.1397472941978186,-0.36800596710840194,-7.343086468291151,7246.138259369266,7.4401190291056
numerical_gravity_20x20,2026-06-17T06:30:00Z,EarthMJ2000Eq,116760.0,2026-06-18T14:56:00Z,5639.81846809492,-4415.558596914138,-1090.388863733815,-1.4973506878835199,-0.09041622467279642,-7.288117804622966,7245.250716849045,7.440893448387204
numerical_gravity_20x20,2026-06-17T06:30:00Z,EarthMJ2000Eq,116820.0,2026-06-18T14:57:00Z,5539.385210366305,-4412.643092356608,-1525.3360897298114,-1.8493809824353644,0.18757710172059028,-7.20554484399865,7244.505349296091,7.441456287996257
numerical_gravity_20x20,2026-06-17T06:30:00Z,EarthMJ2000Eq,116880.0,2026-06-18T14:58:00Z,5418.03158631413,-4393.062842884799,-1954.5083082696315,-2.1944703967291015,0.46489560458073104,-7.095678771367487,7243.905724050231,7.4418065999939875
numerical_gravity_20x20,2026-06-17T06:30:00Z,EarthMJ2000Eq,116940.0,2026-06-18T14:59:00Z,5276.214403061273,-4356.89063798975,-2376.2800643115816,-2.531278927280966,0.74046344599967,-6.958942468576371,7243.455073548714,7.44194459825617
numerical_gravity_20x20,2026-06-17T06:30:00Z,EarthMJ2000Eq,117000.0,2026-06-18T15:00:00Z,5114.469880622079,-4304.2636187943735,-2789.054585226121,-2.8585005173701266,1.0132122284315193,-6.795868787555645,7243.156282950003,7.44187186165695
numerical_gravity_20x20,2026-06-17T06:30:00Z,EarthMJ2000Eq,117060.0,2026-06-18T15:01:00Z,4933.4114292056665,-4235.382683908791,-3191.2703078979243,-3.1748692315232696,1.2820859186962643,-6.607098031905564,7243.0118726288465,7.441591452330797
numerical_gravity_20x20,2026-06-17T06:30:00Z,EarthMJ2000Eq,117120.0,2026-06-18T15:02:00Z,4733.727063430767,-4150.511601612528,-3581.407228177992,-3.479165129253427,1.546045683584848,-6.393374567767287,7243.023967944786,7.441107821831229
numerical_gravity_20x20,2026-06-17T06:30:00Z,EarthMJ2000Eq,117180.0,2026-06-18T15:03:00Z,4516.176479704599,-4049.975838532732,-3957.9930258968766,-3.770219599265369,1.804074487594651,-6.155542785900412,7243.194259550426,7.440426571946344
numerical_gravity_20x20,2026-06-17T06:30:00Z,EarthMJ2000Eq,117240.0,2026-06-18T15:04:00Z,4281.587829829472,-3934.161120523892,-4319.608936130421,-4.04692017553091,2.0551814310485037,-5.894542721957074,7243.523964748335,7.439554255640779
numerical_gravity_20x20,2026-06-17T06:30:00Z,EarthMJ2000Eq,117300.0,2026-06-18T15:05:00Z,4030.854216499012,-3803.5117387705022,-4664.895350726292,-4.308215023139191,2.2984059230224134,-5.611405437570289,7244.01379725775,7.4384983334931345
numerical_gravity_20x20,2026-06-17T06:30:00Z,EarthMJ2000Eq,117360.0,2026-06-18T15:06:00Z,3764.9299264354463,-3658.5286085003577,-4992.557132282761,-4.553117197939867,2.5328217557313635,-5.30724802037093,7244.663943157905,7.437267227565045
numerical_gravity_20x20,2026-06-17T06:30:00Z,EarthMJ2000Eq,117420.0,2026-06-18T15:07:00Z,3484.82641675636,-3499.7670875476756,-5301.3686123441,-4.780708583390311,2.7575410129915086,-4.983268044568286,7245.474034592362,7.435870319044534
numerical_gravity_20x20,2026-06-17T06:30:00Z,EarthMJ2000Eq,117480.0,2026-06-18T15:08:00Z,3191.608079427454,-3327.8345692190205,-5590.178241513984,-4.990143324660027,2.9717176596440473,-4.640737534444162,7246.443115394761,7.434317797410076
numerical_gravity_20x20,2026-06-17T06:30:00Z,EarthMJ2000Eq,117540.0,2026-06-18T15:09:00Z,2886.3878172487352,-3143.3878722214513,-5857.9128679718615,-5.180650675901016,3.1745507099338774,-4.280996658804283,7247.569600599993,7.432620401200963
numerical_gravity_20x20,2026-06-17T06:30:00Z,EarthMJ2000Eq,117600.0,2026-06-18T15:10:00Z,2570.322465377803,-2947.1304527806033,-6103.581635686868,-5.351537320184221,3.3652870002114983,-3.9054473897154542,7248.851237625629,7.43078916380705
numerical_gravity_20x20,2026-06-17T06:30:00Z,EarthMJ2000Eq,117660.0,2026-06-18T15:11:00Z,2244.608086421132,-2739.8094595647963,-6326.279503972726,-5.502189284136504,3.5432236763166283,-3.515547225068715,7250.285077066506,7.428835253965835
numerical_gravity_20x20,2026-06-17T06:30:00Z,EarthMJ2000Eq,117720.0,2026-06-18T15:12:00Z,1910.4751602139247,-2522.212645315999,-6525.1903914903405,-5.6320735456341,3.707710493226883,-3.1128029314796617,7251.867456813053,7.426769931487347
numerical_gravity_20x20,2026-06-17T06:30:00Z,EarthMJ2000Eq,117780.0,2026-06-18T15:13:00Z,1569.1836852173801,-2295.1651455320393,-6699.58994250399,-5.740739372514588,3.858151940822736,-2.698764188318407,7253.593997524133,7.424604574370498
numerical_gravity_20x20,2026-06-17T06:30:00Z,EarthMJ2000Eq,117840.0,2026-06-18T15:14:00Z,1222.0182084356893,-2059.5261366455734,-6848.847906095794,-5.827819353223529,3.994009115658509,-2.275017033260399,7255.459602954686,7.422350687713086
numerical_gravity_20x20,2026-06-17T06:30:00Z,EarthMJ2000Eq,117900.0,2026-06-18T15:15:00Z,870.2828053042101,-1816.1853925391204,-6972.430116445806,-5.893030014006373,4.114801220273924,-1.8431771395192322,7257.458458027928,7.420019797547311
numerical_gravity_20x20,2026-06-17T06:30:00Z,EarthMJ2000Eq,117960.0,2026-06-18T15:16:00Z,515.2960373361856,-1566.059763906489,-7069.900069601924,-5.936171937786897,4.220106638268002,-1.4048831350764728,7259.584022819662,7.417623199957288
numerical_gravity_20x20,2026-06-17T06:30:00Z,EarthMJ2000Eq,118020.0,2026-06-18T15:17:00Z,158.38591662300232,-1310.0896038036446,-7140.920107702608,-5.957129441464308,4.309563681563307,-0.961790236498351,7261.829029464294,7.4151716613193726
numerical_gravity_20x20,2026-06-17T06:30:00Z,EarthMJ2000Eq,118080.0,2026-06-18T15:18:00Z,-199.11510203894616,-1049.2351531585728,-7185.252233807133,-5.955870017561384,4.3828712125882605,-0.5155642926432273,7264.185494184057,7.41267524393658
numerical_gravity_20x20,2026-06-17T06:30:00Z,EarthMJ2000Eq,118140.0,2026-06-18T15:19:00Z,-555.8750935829996,-784.4728886986143,-7202.758577241234,-5.932443730119328,4.439789284103292,-0.0678760387630823,7266.6447522079425,7.410143362642096
numerical_gravity_20x20,2026-06-17T06:30:00Z,EarthMJ2000Eq,118200.0,2026-06-18T15:20:00Z,-910.5675979714541,-516.791832800869,-7193.401512307255,-5.886982561550853,4.480139742581824,0.37960475764504376,7269.197511843346,7.40758500221845
numerical_gravity_20x20,2026-06-17T06:30:00Z,EarthMJ2000Eq,118260.0,2026-06-18T15:21:00Z,-1261.8765105833481,-247.18983315202397,-7157.243418469322,-5.819699534815289,4.503806595962007,0.8252153884955417,7271.833915375004,7.405008910647577
numerical_gravity_20x20,2026-06-17T06:30:00Z,EarthMJ2000Eq,118320.0,2026-06-18T15:22:00Z,-1608.5009090818085,23.330168540203037,-7094.446071449865,-5.7308874615103855,4.510736001201351,1.2673063733140526,7274.5435961296935,7.402423644514904
numerical_gravity_20x20,2026-06-17T06:30:00Z,EarthMJ2000Eq,118380.0,2026-06-18T15:23:00Z,-1949.1597938679809,293.76385624328185,-7005.2696682894775,-5.620917327299315,4.500935910884467,1.7042474606270457,7277.315729767602,7.399837503707551
numerical_gravity_20x20,2026-06-17T06:30:00Z,EarthMJ2000Eq,118440.0,2026-06-18T15:24:00Z,-2282.596723194781,563.1092314876545,-6890.071499905708,-5.490236408171519,4.474475522295757,2.134433380301141,7280.139083914473,7.397258470013045
numerical_gravity_20x20,2026-06-17T06:30:00Z,EarthMJ2000Eq,118500.0,2026-06-18T15:25:00Z,-2607.5843280272575,830.370268454328,-6749.304284387942,-5.339366140376354,4.4314846022218095,2.5562894126879296,7283.002068773818,7.394694187195768
numerical_gravity_20x20,2026-06-17T06:30:00Z,EarthMJ2000Eq,118560.0,2026-06-18T15:26:00Z,-2922.9286905001213,1094.5605238072767,-6583.514170962163,-5.16889969779846,4.37215264071779,2.968276786312204,7285.892787386158,7.392151911304072
numerical_gravity_20x20,2026-06-17T06:30:00Z,EarthMJ2000Eq,118620.0,2026-06-18T15:27:00Z,-3227.473568687398,1354.706689159329,-6393.338428040141,-4.979499310683586,4.296727784483781,3.368897787290229,7288.7990852872035,7.389638376826177
numerical_gravity_20x20,2026-06-17T06:30:00Z,EarthMJ2000Eq,118680.0,2026-06-18T15:28:00Z,-3520.104456917603,1609.8520740536317,-6179.502835638955,-4.771893500021377,4.20551560477855,3.756700508425415,7291.708605232098,7.387159656294558
numerical_gravity_20x20,2026-06-17T06:30:00Z,EarthMJ2000Eq,118740.0,2026-06-18T15:29:00Z,-3799.752481918248,1859.0600127513706,-5942.818800533134,-4.546874381877733,4.098877802690311,4.130283384487157,7294.608855231724,7.384721167527861
numerical_gravity_20x20,2026-06-17T06:30:00Z,EarthMJ2000Eq,118800.0,2026-06-18T15:30:00Z,-4065.398138245432,2101.417192010828,-5684.180198933349,-4.305294972152661,3.9772308586212826,4.4882997774923945,7297.487291614427,7.382327884390577
numerical_gravity_20x20,2026-06-17T06:30:00Z,EarthMJ2000Eq,118860.0,2026-06-18T15:31:00Z,-4316.074855416381,2336.0368932510514,-5404.559939554313,-4.0480662227378374,3.841044503028264,4.829462699151865,7300.331407848748,7.379984619253203
numerical_gravity_20x20,2026-06-17T06:30:00Z,EarthMJ2000Eq,118920.0,2026-06-18T15:32:00Z,-4550.872373380536,2562.0621342737863,-5105.006244237869,-3.776153582613304,3.690839886538823,5.152549446405647,7303.128815267151,7.37769616785649
numerical_gravity_20x20,2026-06-17T06:30:00Z,EarthMJ2000Eq,118980.0,2026-06-18T15:33:00Z,-4768.939898505316,2778.668692207275,-4786.638661669011,-3.4905731573083365,3.5271874669741,5.45640581674753,7305.867308813737,7.375467227961693
numerical_gravity_20x20,2026-06-17T06:30:00Z,EarthMJ2000Eq,119040.0,2026-06-18T15:34:00Z,-4969.489024106858,2985.0679945554125,-4450.64384469565,-3.1923877524052284,3.3507047518089585,5.739949779872189,7308.53492330473,7.373302202606159
numerical_gravity_20x20,2026-06-17T06:30:00Z,EarthMJ2000Eq,119100.0,2026-06-18T15:35:00Z,-5151.796416279193,3180.5098735955908,-4098.271119751628,-2.8827030251167,3.1620540101506314,6.002174782174238,7311.119992300526,7.371205085323228
numerical_gravity_20x20,2026-06-17T06:30:00Z,EarthMJ2000Eq,119160.0,2026-06-18T15:36:00Z,-5315.206272012195,3364.2851825823623,-3730.827862108151,-2.562663716568118,2.9619399417557464,6.242152950610194,7313.611217480971,7.3691795338147585
numerical_gravity_20x20,2026-06-17T06:30:00Z,EarthMJ2000Eq,119220.0,2026-06-18T15:37:00Z,-5459.132548470247,3535.728268335935,-3349.674678888711,-2.2334497518913445,2.7511072027563075,6.459038291324026,7315.997746286234,7.367229077751766
numerical_gravity_20x20,2026-06-17T06:30:00Z,EarthMJ2000Eq,119280.0,2026-06-18T15:38:00Z,-5583.060949402858,3694.2192889119583,-2956.220403252639,-1.8962720275419627,2.5303377090275587,6.652069750562615,7318.269248389507,7.3653573226636535
numerical_gravity_20x20,2026-06-17T06:30:00Z,EarthMJ2000Eq,119340.0,2026-06-18T15:39:00Z,-5686.550648898047,3839.1863625862907,-2551.916914458651,-1.5523678843136126,2.3004477155867207,6.820573926110297,7320.415981858649,7.363568049657185
numerical_gravity_20x20,2026-06-17T06:30:00Z,EarthMJ2000Eq,119400.0,2026-06-18T15:40:00Z,-5769.23573762267,3970.1075360780173,-2138.253809207628,-1.2029964144310878,2.0622847215442497,6.963967303968815,7322.428845463573,7.361865202283697
numerical_gravity_20x20,2026-06-17T06:30:00Z,EarthMJ2000Eq,119460.0,2026-06-18T15:41:00Z,-5830.826386820277,4086.512563242319,-1716.7529531645569,-0.849433768617714,1.8167242559440844,7.081758024799711,7324.299419396789,7.360252812996221
numerical_gravity_20x20,2026-06-17T06:30:00Z,EarthMJ2000Eq,119520.0,2026-06-18T15:42:00Z,-5871.109732971085,4187.984488533496,-1288.9629388101857,-0.49296854142257485,1.5646665917080933,7.173547253357852,7326.019999318263,7.35873492675186
numerical_gravity_20x20,2026-06-17T06:30:00Z,EarthMJ2000Eq,119580.0,2026-06-18T15:43:00Z,-5889.950487552216,4274.161032218584,-856.4534712468093,-0.13489721325149276,1.3070334296739992,7.239030219055919,7327.5836278791885,7.357315553707967
numerical_gravity_20x20,2026-06-17T06:30:00Z,EarthMJ2000Eq,119640.0,2026-06-18T15:44:00Z,-5887.291273468864,4344.735776474754,-420.80970059032194,0.2234804119201539,1.0447645795845641,7.277996957536991,7328.984125385539,7.355998656551278
numerical_gravity_20x20,2026-06-17T06:30:00Z,EarthMJ2000Eq,119700.0,2026-06-18T15:45:00Z,-5863.152686725546,4399.459152255401,16.373481144591693,0.580865803015757,0.7788146349135739,7.29033275074953,7330.216118990325,7.354788163728437
numerical_gravity_20x20,2026-06-17T06:30:00Z,EarthMJ2000Eq,119760.0,2026-06-18T15:46:00Z,-5817.633081811505,4438.139225795654,453.49716022985245,0.9359663074144972,0.5101496138941112,7.276018254607415,7331.275068940615,7.353687999810147
numerical_gravity_20x20,2026-06-17T06:30:00Z,EarthMJ2000Eq,119820.0,2026-06-18T15:47:00Z,-5750.908081614873,4460.642281818997,888.9641196086599,1.287499722104011,0.239743538243133,7.235129311284445,7332.157290694618,7.352702132519348
numerical_gravity_20x20,2026-06-17T06:30:00Z,EarthMJ2000Eq,119880.0,2026-06-18T15:48:00Z,-5663.2298145081095,4466.893199266354,1321.1845364140142,1.634198818414605,-0.0314250614372749,7.167836437744317,7332.859971719429,7.35183463571163
numerical_gravity_20x20,2026-06-17T06:30:00Z,EarthMJ2000Eq,119940.0,2026-06-18T15:49:00Z,-5554.925880942068,4456.875615413992,1748.581638085044,1.9748158353775305,-0.30237670013360113,7.074403945936342,7333.381180538759,7.3510897452501025
numerical_gravity_20x20,2026-06-17T06:30:00Z,EarthMJ2000Eq,120000.0,2026-06-18T15:50:00Z,-5426.398051747719,4430.631875983942,2169.5972927645967,2.308126918891811,-0.572134506578005,6.955188620169231,7333.719864384507,7.350471856245818
numerical_gravity_20x20,2026-06-17T06:30:00Z,EarthMJ2000Eq,120060.0,2026-06-18T15:51:00Z,-5278.120704150671,4388.262772756572,2582.697506021222,2.6329364027808704,-0.8397277223588633,6.810637920845829,7333.8758332789785,7.349985417512736
numerical_gravity_20x20,2026-06-17T06:30:00Z,EarthMJ2000Eq,120120.0,2026-06-18T15:52:00Z,-5110.63900897476,4329.9270756354135,2986.3777975264834,2.9480808050226277,-1.1041950419549087,6.641287805342869,7333.849733252945,7.349634741741698
numerical_gravity_20x20,2026-06-17T06:30:00Z,EarthMJ2000Eq,120180.0,2026-06-18T15:53:00Z,-4924.566887712583,4255.8408701840235,3379.1684401032717,3.2524325108876395,-1.364587758846427,6.4477603516099595,7333.643016296463,7.3494238237610015
numerical_gravity_20x20,2026-06-17T06:30:00Z,EarthMJ2000Eq,120240.0,2026-06-18T15:54:00Z,-4720.584755356731,4166.276710953878,3759.6395540530625,3.5449032587540756,-1.619972776326401,6.230761320527209,7333.257914538622,7.349356267275517
numerical_gravity_20x20,2026-06-17T06:30:00Z,EarthMJ2000Eq,120300.0,2026-06-18T15:55:00Z,-4499.437055986412,4061.562595476446,4126.4060529070575,3.8244475816941477,-1.8694355915816652,5.991077619603322,7332.697419860241,7.349435337514734
numerical_gravity_20x20,2026-06-17T06:30:00Z,EarthMJ2000Eq,120360.0,2026-06-18T15:56:00Z,-4261.929591977611,3942.0807582815673,4478.132429917241,4.090066234902152,-2.112083311818878,5.72957450101959,7331.965262578971,7.349664052505009
numerical_gravity_20x20,2026-06-17T06:30:00Z,EarthMJ2000Eq,120420.0,2026-06-18T15:57:00Z,-4008.9266509983067,3808.2662839569603,4813.537365179562,4.34080947911336,-2.3470476541039105,5.447192379192741,7331.06588079712,7.350045199897109
numerical_gravity_20x20,2026-06-17T06:30:00Z,EarthMJ2000Eq,120480.0,2026-06-18T15:58:00Z,-3741.3479444683,3660.6055434464533,5131.39813153218,4.575780062984586,-2.5734878196247752,5.144943330152127,7330.004377255174,7.350581243210714
numerical_gravity_20x20,2026-06-17T06:30:00Z,EarthMJ2000Eq,120540.0,2026-06-18T15:59:00Z,-3460.1653772730087,3499.6344637000207,5430.554785175516,4.794135874368228,-2.7905931688324257,4.823907444580482,7328.786467921445,7.351274178652134
numerical_gravity_20x20,2026-06-17T06:30:00Z,EarthMJ2000Eq,120600.0,2026-06-18T16:00:00Z,-3166.399665905939,3325.9366428258336,5709.914136183592,4.9950923634911035,-2.997585702156757,4.485229144201581,7327.418429360372,7.352125423139692
numerical_gravity_20x20,2026-06-17T06:30:00Z,EarthMJ2000Eq,120660.0,2026-06-18T16:01:00Z,-2861.1168152262867,3140.1413211895333,5968.453496521652,5.17792484289131,-3.193722387400447,4.130113436940178,7325.90704879294,7.353135750712591
numerical_gravity_20x20,2026-06-17T06:30:00Z,EarthMJ2000Eq,120720.0,2026-06-18T16:02:00Z,-2545.424460515686,2942.9212168051668,6205.224199790871,5.341970670558791,-3.3782973578239,3.7598220462022747,7324.259576379296,7.354305235853278
numerical_gravity_20x20,2026-06-17T06:30:00Z,EarthMJ2000Eq,120780.0,2026-06-18T16:03:00Z,-2220.4680833587736,2734.9902324515665,6419.354884990364,5.486631265503261,-3.550643993227224,3.3756694248965387,7322.483678388782,7.355633179843855
numerical_gravity_20x20,2026-06-17T06:30:00Z,EarthMJ2000Eq,120840.0,2026-06-18T16:04:00Z,-1887.4271119323714,2517.1010405614606,6610.054539330335,5.611373951295682,-3.7101369223951695,2.9790187186114365,7320.58739201811,7.35711805872632
numerical_gravity_20x20,2026-06-17T06:30:00Z,EarthMJ2000Eq,120900.0,2026-06-18T16:05:00Z,-1547.5109144559528,2290.0425488813453,6776.6152975907125,5.715733684065599,-3.8561940024437917,2.57127767711611,7318.579083236563,7.358757546249312
numerical_gravity_20x20,2026-06-17T06:30:00Z,EarthMJ2000Eq,120960.0,2026-06-18T16:06:00Z,-1201.9546915712303,2054.6372476657434,6918.414992163463,5.799314689790282,-3.98827828215156,2.1538944112616827,7316.467406055857,7.36054859789428
numerical_gravity_20x20,2026-06-17T06:30:00Z,EarthMJ2000Eq,121020.0,2026-06-18T16:07:00Z,-852.0152747908938,1811.7384413454538,7034.919441383476,5.861791939789445,-4.105899871122835,1.7283529076679784,7314.261258328215,7.362487505626842
numerical_gravity_20x20,2026-06-17T06:30:00Z,EarthMJ2000Eq,121080.0,2026-06-18T16:08:00Z,-498.9668439406396,1562.2273735690496,7125.684462491565,5.902912363161767,-4.208617611515074,1.2961683578239036,7311.969730317148,7.364569843442779
numerical_gravity_20x20,2026-06-17T06:30:00Z,EarthMJ2000Eq,121140.0,2026-06-18T16:09:00Z,-144.09658033618314,1307.0102587674323,7190.3576029126725,5.922495785967542,-4.296040528285194,0.8588824676140855,7309.602047906026,7.366790322022685
numerical_gravity_20x20,2026-06-17T06:30:00Z,EarthMJ2000Eq,121200.0,2026-06-18T16:10:00Z,211.29973058721006,1047.015231431271,7228.679592509471,5.920435698234546,-4.367829141332149,0.41805885051057057,7307.167517045042,7.369142654833772
numerical_gravity_20x20,2026-06-17T06:30:00Z,EarthMJ2000Eq,121260.0,2026-06-18T16:11:00Z,565.9221402108845,783.1892180448326,7240.485520678881,5.896699948136437,-4.423696744202223,-0.024721560334972328,7304.675475009349,7.371619518027432
numerical_gravity_20x20,2026-06-17T06:30:00Z,EarthMJ2000Eq,121320.0,2026-06-18T16:12:00Z,918.4710171636439,516.4947324641385,7225.705735019311,5.851331352437786,-4.463410671962097,-0.46786522629160815,7302.1352484820345,7.374212587970288
numerical_gravity_20x20,2026-06-17T06:30:00Z,EarthMJ2000Eq,121380.0,2026-06-18T16:13:00Z,1267.6515595545955,247.90659706119325,7184.366451572149,5.784448130325283,-4.4867934939926695,-0.909770899532425,7299.556114434839,7.37691257368519
numerical_gravity_20x20,2026-06-17T06:30:00Z,EarthMJ2000Eq,121440.0,2026-06-18T16:14:00Z,1612.1783264201833,-21.591403726605847,7116.590067631119,5.696244110966981,-4.493724069028613,-1.3488346215045843,7296.947261396355,7.379709195927879
numerical_gravity_20x20,2026-06-17T06:30:00Z,EarthMJ2000Eq,121500.0,2026-06-18T16:15:00Z,1950.7797760825365,-291.0099290240905,7022.595174116739,5.586988772820427,-4.484138469569876,-1.7834547313306444,7294.317753778687,7.382591153558731
numerical_gravity_20x20,2026-06-17T06:30:00Z,EarthMJ2000Eq,121560.0,2026-06-18T16:16:00Z,2282.2028042582847,-559.3575399110671,6902.6962667926455,5.457027207286812,-4.458030823153662,-2.2120369126952655,7291.676504673865,7.38554615884181
numerical_gravity_20x20,2026-06-17T06:30:00Z,EarthMJ2000Eq,121620.0,2026-06-18T16:17:00Z,2605.2172782365114,-825.6442061936814,6757.303150234694,5.306780014765987,-4.415454079009505,-2.6329994128568375,7289.032259924151,7.388561074868761
numerical_gravity_20x20,2026-06-17T06:30:00Z,EarthMJ2000Eq,121680.0,2026-06-18T16:18:00Z,2918.6205603648305,-1088.8848555985564,6586.920020626535,5.136743028948432,-4.356520642310547,-3.044778537192576,7286.393590952034,7.391622108365441
numerical_gravity_20x20,2026-06-17T06:30:00Z,EarthMJ2000Eq,121740.0,2026-06-18T16:19:00Z,3221.2420064180337,-1348.1029551540657,6392.144210834856,4.947486736644807,-4.2814028033286755,-3.4458343982942212,7283.76889074034,7.394714982613908
numerical_gravity_20x20,2026-06-17T06:30:00Z,EarthMJ2000Eq,121800.0,2026-06-18T16:20:00Z,3511.9474180891943,-1602.3341113227127,6173.66458555831,4.739655324737511,-4.190332933324467,-3.8346568112939043,7281.166368564075,7.397825055367219
numerical_gravity_20x20,2026-06-17T06:30:00Z,EarthMJ2000Eq,121860.0,2026-06-18T16:21:00Z,3789.6434271988655,-1850.6296752170356,5932.259580898506,4.51396536242075,-4.083603461607886,-4.2097712403757175,7278.594042482902,7.400937401511022
numerical_gravity_20x20,2026-06-17T06:30:00Z,EarthMJ2000Eq,121920.0,2026-06-18T16:22:00Z,4053.2817907112476,-2092.0603401698886,5668.794886577359,4.271204149828162,-3.9615666422155975,-4.569744762580022,7276.059730919526,7.404036895191179
numerical_gravity_20x20,2026-06-17T06:30:00Z,EarthMJ2000Eq,121980.0,2026-06-18T16:23:00Z,4301.86357692693,-2325.7197184154693,5384.220769911312,4.012227740524895,-3.824634084324983,-4.913192044027565,7273.571044697471,7.407108300971012
numerical_gravity_20x20,2026-06-17T06:30:00Z,EarthMJ2000Eq,122040.0,2026-06-18T16:24:00Z,4534.4432228264495,-2550.7278815223044,5079.569041366817,3.7379586202508714,-3.673276008554902,-5.238781304092829,7271.135379885606,7.4101363573044585
numerical_gravity_20x20,2026-06-17T06:30:00Z,EarthMJ2000Eq,122100.0,2026-06-18T16:25:00Z,4750.132441339818,-2766.2348475905205,4755.9496638975725,3.449383024006636,-3.5080202173769255,-5.545240215450806,7268.759911279266,7.413105836212196
numerical_gravity_20x20,2026-06-17T06:30:00Z,EarthMJ2000Eq,122160.0,2026-06-18T16:26:00Z,4948.10395677741,-2971.4239985650947,4414.547011545125,3.1475478934169763,-3.3294507999776206,-5.831361688499027,7266.451586810912,7.4160015852829675
numerical_gravity_20x20,2026-06-17T06:30:00Z,EarthMJ2000Eq,122220.0,2026-06-18T16:27:00Z,5127.595047476075,-3165.5154124683186,4056.6157851034704,2.8335574983970258,-3.138206592865284,-6.096009517359661,7264.217124055853,7.418808580356061
numerical_gravity_20x20,2026-06-17T06:30:00Z,EarthMJ2000Eq,122280.0,2026-06-18T16:28:00Z,5287.9108764106595,-3347.7690957492996,3683.476593012938,2.5085697509844995,-2.934979384261312,-6.338123895734274,7262.06301037043,7.421512022443348
numerical_gravity_20x20,2026-06-17T06:30:00Z,EarthMJ2000Eq,122340.0,2026-06-18T16:29:00Z,5428.427591522019,-3517.4880990502475,3296.5112049013064,2.17379221178533,-2.720511813859046,-6.556726811887034,7259.995507395133,7.424097493640793
numerical_gravity_20x20,2026-06-17T06:30:00Z,EarthMJ2000Eq,122400.0,2026-06-18T16:30:00Z,5548.595176244266,-3674.0214964738193,2897.157485801813,1.8304777472674099,-2.4955949169937757,-6.750927285756407,7258.02065882499,7.426551150469288
numerical_gravity_20x20,2026-06-17T06:30:00Z,EarthMJ2000Eq,122460.0,2026-06-18T16:31:00Z,5647.940027609938,-3816.7672064728918,2486.904023348837,1.4799197852226924,-2.2610653049276395,-6.91992634443969,7256.144298815595,7.428859905551562
numerical_gravity_20x20,2026-06-17T06:30:00Z,EarthMJ2000Eq,122520.0,2026-06-18T16:32:00Z,5726.067237281923,-3945.174633720841,2067.2844674976386,1.1234471615206723,-2.017802028008293,-7.063021611197084,7254.372058695694,7.431011561638179
numerical_gravity_20x20,2026-06-17T06:30:00Z,EarthMJ2000Eq,122580.0,2026-06-18T16:33:00Z,5782.662552393066,-4058.7471147500078,1639.8716083826,0.7624186122570114,-1.7667231774936498,-7.17961144154186,7252.709371560392,7.432994913070233
numerical_gravity_20x20,2026-06-17T06:30:00Z,EarthMJ2000Eq,122640.0,2026-06-18T16:34:00Z,5817.49399692797,-4157.04415197639,1206.271219515692,0.39821697381476273,-1.5087822224002412,-7.269198612267262,7251.161475295247,7.434799863981107
numerical_gravity_20x20,2026-06-17T06:30:00Z,EarthMJ2000Eq,122700.0,2026-06-18T16:35:00Z,5830.413136977537,-4239.683418313429,768.1156932145486,0.0322431126645155,-1.244964012669137,-7.3313935468856695,7249.733412583152,7.436417575047301
numerical_gravity_20x20,2026-06-17T06:30:00Z,EarthMJ2000Eq,122760.0,2026-06-18T16:36:00Z,5821.355974016434,-4306.342510747424,327.05749941160934,-0.3340903955134611,-0.9762804116156135,-7.365916946628945,7248.4300233918675,7.437840566932998
numerical_gravity_20x20,2026-06-17T06:30:00Z,EarthMJ2000Eq,122820.0,2026-06-18T16:37:00Z,5790.343453725557,-4356.760432964036,-115.23749092712168,-0.6993657337143359,-0.703765662930941,-7.372601649309407,7247.255926325395,7.4390626840492615
numerical_gravity_20x20,2026-06-17T06:30:00Z,EarthMJ2000Eq,122880.0,2026-06-18T16:38:00Z,5737.4815868263395,-4390.7387975532665,-557.0967694774489,-1.0621662791239863,-0.42847171468694845,-7.351393690924453,7246.215492108485,7.440078925237199
numerical_gravity_20x20,2026-06-17T06:30:00Z,EarthMJ2000Eq,122940.0,2026-06-18T16:39:00Z,5662.961187853436,-4408.142750739876,-996.847998971611,-1.4210829008923187,-0.15146365504442205,-7.302352784626654,7245.312819960821,7.440885299556269
numerical_gravity_20x20,2026-06-17T06:30:00Z,EarthMJ2000Eq,123000.0,2026-06-18T16:40:00Z,5567.057238288172,-4408.901625306299,-1432.825839701486,-1.774720215184965,0.12618481634675618,-7.225652472365322,7244.551726844216,7.441478892092736
numerical_gravity_20x20,2026-06-17T06:30:00Z,EarthMJ2000Eq,123060.0,2026-06-18T16:41:00Z,5450.127870521165,-4393.0093168927715,-1863.3787758486023,-2.121702997407649,0.40339612096840655,-7.121579932822264,7243.935748308464,7.441858153660127
numerical_gravity_20x20,2026-06-17T06:30:00Z,EarthMJ2000Eq,123120.0,2026-06-18T16:42:00Z,5312.6129606141085,-4360.524366105059,-2286.8759119253236,-2.460682791369007,0.679093875892794,-6.9905351075105715,7243.468137102917,7.442023204838352
numerical_gravity_20x20,2026-06-17T06:30:00Z,EarthMJ2000Eq,123180.0,2026-06-18T16:43:00Z,5155.0323244019955,-4311.569728932629,-2701.713687310426,-2.7903444606411654,0.9522081617825101,-6.833028812824021,7243.151844416775,7.4419759035675
numerical_gravity_20x20,2026-06-17T06:30:00Z,EarthMJ2000Eq,123240.0,2026-06-18T16:44:00Z,4977.983531537756,-4246.33223333936,-3106.32244683311,-3.1094123224852854,1.2216806636045403,-6.64967987171309,7242.989480860592,7.441719628641944
numerical_gravity_20x20,2026-06-17T06:30:00Z,EarthMJ2000Eq,123300.0,2026-06-18T16:45:00Z,4782.139368390415,-4165.061736950399,-3499.172818778534,-3.4166557242717155,1.4864694816281574,-6.441211632971221,7242.983268446522,7.441258976727953
numerical_gravity_20x20,2026-06-17T06:30:00Z,EarthMJ2000Eq,123360.0,2026-06-18T16:46:00Z,4568.244979466529,-4068.0700051263466,-3878.7818741763263,-3.7108942248424004,1.745553666167652,-6.208448186497257,7243.134997117521,7.4405996017700815
numerical_gravity_20x20,2026-06-17T06:30:00Z,EarthMJ2000Eq,123420.0,2026-06-18T16:47:00Z,4337.114704201713,-3955.729321280589,-4243.719049794389,-3.9910025867665166,1.9979376267262239,-5.952310238778836,7243.4459889081445,7.439748220641395
numerical_gravity_20x20,2026-06-17T06:30:00Z,EarthMJ2000Eq,123480.0,2026-06-18T16:48:00Z,4089.628620048552,-3828.470835618849,-4592.611807758034,-4.255915544065496,2.242655426857705,-5.67381042723334,7243.917062326351,7.438712606762974
numerical_gravity_20x20,2026-06-17T06:30:00Z,EarthMJ2000Eq,123540.0,2026-06-18T16:49:00Z,3826.7288122287555,-3686.7826631415564,-4924.150995580996,-4.504632102755324,2.478774819403169,-5.374048043359793,7244.548490752489,7.43750141908022
numerical_gravity_20x20,2026-06-17T06:30:00Z,EarthMJ2000Eq,123600.0,2026-06-18T16:50:00Z,3549.415403985937,-3531.2077503127375,-5237.095878143249,-4.7362192197231385,2.705400919547498,-5.0542034322085465,7245.339959090008,7.436123920895345
numerical_gravity_20x20,2026-06-17T06:30:00Z,EarthMJ2000Eq,123660.0,2026-06-18T16:51:00Z,3258.742382490044,-3362.341530736807,-5530.278831452669,-4.9498149731024705,2.921679589111938,-4.7155323462045615,7246.290529530811,7.434589780040605
numerical_gravity_20x20,2026-06-17T06:30:00Z,EarthMJ2000Eq,123720.0,2026-06-18T16:52:00Z,2955.8132437608933,-3180.8293827904845,-5802.609696898564,-5.144631457790508,3.12680067026939,-4.359360247096287,7247.398622192437,7.432909055817123
numerical_gravity_20x20,2026-06-17T06:30:00Z,EarthMJ2000Eq,123780.0,2026-06-18T16:53:00Z,2641.7764693470126,-2987.363897114031,-6053.079786561464,-5.319957492103422,3.3200010751589666,-3.9870763342946907,7248.66200551901,7.431092285279251
numerical_gravity_20x20,2026-06-17T06:30:00Z,EarthMJ2000Eq,123840.0,2026-06-18T16:54:00Z,2317.8208490768448,-2782.6819664248205,-6280.765518287222,-5.475161011281446,3.5005675917742924,-3.6001271761649027,7250.077786505947,7.429150506524821
numerical_gravity_20x20,2026-06-17T06:30:00Z,EarthMJ2000Eq,123900.0,2026-06-18T16:55:00Z,1985.1706739027384,-2567.5617185925407,-6484.831659324895,-5.609690984316169,3.6678392962249604,-3.200010066128487,7251.642395560319,7.42709515663922
numerical_gravity_20x20,2026-06-17T06:30:00Z,EarthMJ2000Eq,123960.0,2026-06-18T16:56:00Z,1645.0808296607554,-2342.819316186151,-6664.5341684311,-5.72307880103729,3.821209607207642,-2.7882663108788517,7253.351567833857,7.424937901792874
numerical_gravity_20x20,2026-06-17T06:30:00Z,EarthMJ2000Eq,124020.0,2026-06-18T16:57:00Z,1298.8318228160033,-2109.305641125506,-6819.222636138953,-5.814939158361681,3.960128071021933,-2.3664745549835837,7255.200324792784,7.422690453853555
numerical_gravity_20x20,2026-06-17T06:30:00Z,EarthMJ2000Eq,124080.0,2026-06-18T16:58:00Z,947.7247672621738,-1867.9028801368127,-6948.342326494954,-5.884970477802606,4.084101872822282,-1.9362441818626608,7257.182958301854,7.42036435520492
numerical_gravity_20x20,2026-06-17T06:30:00Z,EarthMJ2000Eq,124140.0,2026-06-18T16:59:00Z,593.0763586298922,-1619.5210295248828,-7051.435827672588,-5.932954924430848,4.192697007369877,-1.499208900492088,7259.293020950706,7.417970723739159
numerical_gravity_20x20,2026-06-17T06:30:00Z,EarthMJ2000Eq,124200.0,2026-06-18T17:00:00Z,236.21385517942767,-1365.0943394762837,-7128.144326740333,-5.958758205816977,4.285539144202615,-1.0570206403409639,7261.523330809405,7.415520059037725
numerical_gravity_20x20,2026-06-17T06:30:00Z,EarthMJ2000Eq,124260.0,2026-06-18T17:01:00Z,-121.52992791032327,-1105.5777113621673,-7178.208526180202,-5.962329349763081,4.362314362346648,-0.6113436785180479,7263.865998527564,7.413022255750085
numerical_gravity_20x20,2026-06-17T06:30:00Z,EarthMJ2000Eq,124320.0,2026-06-18T17:02:00Z,-478.8216111614283,-841.9430511276979,-7201.469207665497,-5.943700467366551,4.422769884717593,-0.1638486982643309,7266.312475087468,7.4104868325138495
numerical_gravity_20x20,2026-06-17T06:30:00Z,EarthMJ2000Eq,124380.0,2026-06-18T17:03:00Z,-834.3322230275721,-575.175580398646,-7197.867430784041,-5.902986258118782,4.466714718850482,0.28379345034924636,7268.853606849618,7.407923181674865
numerical_gravity_20x20,2026-06-17T06:30:00Z,EarthMJ2000Eq,124440.0,2026-06-18T17:04:00Z,-1186.742127773751,-306.2701178262605,-7167.444350783291,-5.840383000611444,4.494019972395544,0.7299181575697049,7271.479683288787,7.405340614912398
numerical_gravity_20x20,2026-06-17T06:30:00Z,EarthMJ2000Eq,124500.0,2026-06-18T17:05:00Z,-1534.7458768503443,-36.227354476095385,-7110.340656285349,-5.756167040908215,4.504618740854251,1.1728732526743153,7274.180474537722,7.402748183622903
numerical_gravity_20x20,2026-06-17T06:30:00Z,EarthMJ2000Eq,124560.0,2026-06-18T17:06:00Z,-1877.0569607505674,233.9498543238338,-7026.795647600202,-5.650693034930683,4.4985057086080475,1.6110247815613317,7276.945268543212,7.400154473536215
numerical_gravity_20x20,2026-06-17T06:30:00Z,EarthMJ2000Eq,124620.0,2026-06-18T17:07:00Z,-2212.412453436326,503.26016991274355,-6917.145977873995,-5.524392135007378,4.475736663398432,2.042762515669093,7279.762917977421,7.397567562168191
numerical_gravity_20x20,2026-06-17T06:30:00Z,EarthMJ2000Eq,124680.0,2026-06-18T17:08:00Z,-2539.5775448406052,770.707420543416,-6781.824064848051,-5.3777700399862285,4.436427942778055,2.4665054515620555,7282.621896054433,7.394995107302015
numerical_gravity_20x20,2026-06-17T06:30:00Z,EarthMJ2000Eq,124740.0,2026-06-18T17:09:00Z,-2857.3499472388066,1035.304212735905,-6621.356172167393,-5.21140471768094,4.380755664641812,2.880707296001686,7285.5103522398185,7.392444375847263
numerical_gravity_20x20,2026-06-17T06:30:00Z,EarthMJ2000Eq,124800.0,2026-06-18T17:10:00Z,-3164.564154437381,1296.0754875660737,-6436.3601684644045,-5.025943800663825,4.308954666084232,3.2838616747421994,7288.416163695289,7.3899221173596175
numerical_gravity_20x20,2026-06-17T06:30:00Z,EarthMJ2000Eq,124860.0,2026-06-18T17:11:00Z,-3460.095540403775,1552.062007377719,-6227.542986746082,-4.822101882058971,4.221317279071863,3.6745069176260166,7291.326990009277,7.387434413869865
numerical_gravity_20x20,2026-06-17T06:30:00Z,EarthMJ2000Eq,124920.0,2026-06-18T17:12:00Z,-3742.864297417638,1802.3237688528898,-5995.697805134876,-4.600657875549383,4.118192118406718,4.0512306174893205,7294.230342342836,7.384986711433181
numerical_gravity_20x20,2026-06-17T06:30:00Z,EarthMJ2000Eq,124980.0,2026-06-18T17:13:00Z,-4011.839215263894,2045.9433439454847,-5741.700952581831,-4.362452313284901,3.9999828651691836,4.41267427735598,7297.113668063775,7.3825840588083365
numerical_gravity_20x20,2026-06-17T06:30:00Z,EarthMJ2000Eq,125040.0,2026-06-18T17:14:00Z,-4266.041289348865,2282.029142549902,-5466.5085312101455,-4.108384305833786,3.867146834600021,4.757538080537502,7299.964439068841,7.380231353592026
numerical_gravity_20x20,2026-06-17T06:30:00Z,EarthMJ2000Eq,125100.0,2026-06-18T17:15:00Z,-4504.547133219629,2509.718578224204,-5171.152755870626,-3.839408074823817,3.720193167802712,5.084585484990745,7302.770230661052,7.377933391198844
numerical_gravity_20x20,2026-06-17T06:30:00Z,EarthMJ2000Eq,125160.0,2026-06-18T17:16:00Z,-4726.492174803545,2728.1811153996778,-4856.738030973222,-3.5565292584866577,3.559680720024857,5.39264736338887,7305.51878913498,7.3756947320813975
numerical_gravity_20x20,2026-06-17T06:30:00Z,EarthMJ2000Eq,125220.0,2026-06-18T17:17:00Z,-4931.073630543313,2936.6211860018097,-4524.436792210646,-3.2608012266373336,3.386215851092643,5.680625735320094,7308.198097111465,7.373519592068062
numerical_gravity_20x20,2026-06-17T06:30:00Z,EarthMJ2000Eq,125280.0,2026-06-18T17:18:00Z,-5117.553259290499,3134.280973473447,-4175.485130111163,-2.95332139972518,3.2004502129637573,5.947497348159747,7310.796444583306,7.371411911031812
numerical_gravity_20x20,2026-06-17T06:30:00Z,EarthMJ2000Eq,125340.0,2026-06-18T17:19:00Z,-5285.259890391201,3320.44306181231,-3811.1781997478092,-2.6352273664948296,3.003078436213168,6.19231721694328,7313.302503380294,7.369375542230425
numerical_gravity_20x20,2026-06-17T06:30:00Z,EarthMJ2000Eq,125400.0,2026-06-18T17:20:00Z,-5433.591709133642,3494.4329391178885,-3432.865423106155,-2.307692677889035,2.7948355795133035,6.41422195250112,7315.705395976232,7.367414381453199
numerical_gravity_20x20,2026-06-17T06:30:00Z,EarthMJ2000Eq,125460.0,2026-06-18T17:21:00Z,-5562.018282476067,3655.621340565435,-3041.945504118743,-1.9719224296504403,2.5764943410503602,6.612432653137259,7317.994753361311,7.365532346701009
numerical_gravity_20x20,2026-06-17T06:30:00Z,EarthMJ2000Eq,125520.0,2026-06-18T17:22:00Z,-5670.0823184943965,3803.42641972377,-2639.861284347645,-1.629148828919523,2.348862145746564,6.786257342370052,7320.160765266919,7.363733292519661
numerical_gravity_20x20,2026-06-17T06:30:00Z,EarthMJ2000Eq,125580.0,2026-06-18T17:23:00Z,-5757.40116110215,3937.3157435745948,-2228.094462203871,-1.2806267947465326,2.1127781845511686,6.935093107202861,7322.1942289838435,7.362020989518486
numerical_gravity_20x20,2026-06-17T06:30:00Z,EarthMJ2000Eq,125640.0,2026-06-18T17:24:00Z,-5823.668019349338,4056.8081078502137,-1808.160190276136,-0.9276294898078284,1.86911037466193,7.0584280209479635,7324.086598150714,7.360399186860274
numerical_gravity_20x20,2026-06-17T06:30:00Z,EarthMJ2000Eq,125700.0,2026-06-18T17:25:00Z,-5868.6529245763895,4161.475166145918,-1381.6015657467415,-0.5714437190765009,1.618752187973186,7.155842760227943,7325.830027652979,7.3588716648170065
numerical_gravity_20x20,2026-06-17T06:30:00Z,EarthMJ2000Eq,125760.0,2026-06-18T17:26:00Z,-5892.203409318023,4250.942865173066,-949.9840360341168,-0.2133652789342938,1.3626193715823818,7.227011805323524,7327.417411916998,7.357442213728346
numerical_gravity_20x20,2026-06-17T06:30:00Z,EarthMJ2000Eq,125820.0,2026-06-18T17:27:00Z,-5894.244908810422,4324.892681852309,-514.8897443641912,0.14530562691819945,1.1016466322178196,7.271704261536565,7328.842419061052,7.356114592278996
numerical_gravity_20x20,2026-06-17T06:30:00Z,EarthMJ2000Eq,125880.0,2026-06-18T17:28:00Z,-5874.78088950335,4383.062661101992,-77.91183415890477,0.503268918881397,0.8367843040172473,7.289784428071937,7330.099524885201,7.354892561004666
numerical_gravity_20x20,2026-06-17T06:30:00Z,EarthMJ2000Eq,125940.0,2026-06-18T17:29:00Z,-5833.892704216739,4425.248251950178,359.3512740618021,0.8592292419890927,0.5689949476132283,7.281212132501091,7331.184045832654,7.35377999801324
numerical_gravity_20x20,2026-06-17T06:30:00Z,EarthMJ2000Eq,126000.0,2026-06-18T17:30:00Z,-5771.73916752193,4451.302936491797,795.3016154404014,1.2119006851647278,0.2992498472098403,7.246042688266246,7332.092164576857,7.352780996462126
numerical_gravity_20x20,2026-06-17T06:30:00Z,EarthMJ2000Eq,126060.0,2026-06-18T17:31:00Z,-5688.555847011439,4461.138646756299,1228.3473959630835,1.5600115025586294,0.02852545883216745,7.1844263407869065,7332.820942537732,7.351899852154514
numerical_gravity_20x20,2026-06-17T06:30:00Z,EarthMJ2000Eq,126120.0,2026-06-18T17:32:00Z,-5584.654075656497,4454.725969277111,1656.9086594894943,1.902308666623423,-0.24220010308535594,7.096607236589218,7333.368319673429,7.351140960657441
numerical_gravity_20x20,2026-06-17T06:30:00Z,EarthMJ2000Eq,126180.0,2026-06-18T17:33:00Z,-5460.419697925263,4432.094140834103,2079.4228822902064,2.2375621920978124,-0.5119505166302395,6.982922061082357,7333.733106276661,7.3505087175061705
numerical_gravity_20x20,2026-06-17T06:30:00Z,EarthMJ2000Eq,126240.0,2026-06-18T17:34:00Z,-5316.311562082452,4393.330838026474,2494.3504781256456,2.564569284366545,-0.7797546811079674,6.843798418735036,7333.914969865113,7.350007467568063
numerical_gravity_20x20,2026-06-17T06:30:00Z,EarthMJ2000Eq,126300.0,2026-06-18T17:35:00Z,-5152.8597677787975,4338.581761398202,2900.180197281558,2.882158345698359,-1.0446501298200883,6.679752905237847,7333.914416151485,7.349641453734004
numerical_gravity_20x20,2026-06-17T06:30:00Z,EarthMJ2000Eq,126360.0,2026-06-18T17:36:00Z,-4970.663678780662,4268.050017224112,3295.4343995131717,3.1891927843014836,-1.3056863425738385,6.491388836875492,7333.732762963946,7.349414702691382
numerical_gravity_20x20,2026-06-17T06:30:00Z,EarthMJ2000Eq,126420.0,2026-06-18T17:37:00Z,-4770.3897145604415,4181.995306210492,3678.674182687089,3.4845745764941918,-1.56192785887505,6.279393737863787,7333.372110585904,7.349330876386136
numerical_gravity_20x20,2026-06-17T06:30:00Z,EarthMJ2000Eq,126480.0,2026-06-18T17:38:00Z,-4552.76893415884,4080.7329315865004,4048.5043573913504,3.767247650574303,-1.8124571977375123,6.0445367374205015,7332.8353151146885,7.349393194299391
numerical_gravity_20x20,2026-06-17T06:30:00Z,EarthMJ2000Eq,126540.0,2026-06-18T17:39:00Z,-4318.594418780857,3964.632634952693,4403.578263573568,4.036201232229742,-2.056377703091915,5.787665892400849,7332.125967785517,7.349604487786168
numerical_gravity_20x20,2026-06-17T06:30:00Z,EarthMJ2000Eq,126600.0,2026-06-18T17:40:00Z,-4068.7184532842452,3834.117260634083,4742.60242058078,4.290473194611093,-2.2928164249740153,5.509705278052647,7331.248375282795,7.349967322601383
numerical_gravity_20x20,2026-06-17T06:30:00Z,EarthMJ2000Eq,126660.0,2026-06-18T17:41:00Z,-3804.04950948112,3689.661245997793,5064.340991431236,4.529153281975927,-2.5209270267557193,5.211651690992691,7330.207531734162,7.350484057127647
numerical_gravity_20x20,2026-06-17T06:30:00Z,EarthMJ2000Eq,126720.0,2026-06-18T17:42:00Z,-3525.5490446692706,3531.7889392421584,5367.6200377075265,4.7513860197953095,-2.7398926074475565,4.894570988128255,7329.009076738887,7.351156763889536
numerical_gravity_20x20,2026-06-17T06:30:00Z,EarthMJ2000Eq,126780.0,2026-06-18T17:43:00Z,-3234.228137058188,3361.072753183715,5651.331548226381,4.956373245815783,-2.9489283343146084,4.559594241012466,7327.65924171639,7.3519870589818135
numerical_gravity_20x20,2026-06-17T06:30:00Z,EarthMJ2000Eq,126840.0,2026-06-18T17:44:00Z,-2931.143978578746,3178.1311676971104,5914.437235758231,5.143376357096955,-3.1472838566757764,4.207913866706358,7326.164791892802,7.352975937323305
numerical_gravity_20x20,2026-06-17T06:30:00Z,EarthMJ2000Eq,126900.0,2026-06-18T17:45:00Z,-2617.3962378019887,2983.6265932133524,6155.97210199591,5.311718411732234,-3.3342455308950822,3.840779767006329,7324.532970363493,7.354123670735639
numerical_gravity_20x20,2026-06-17T06:30:00Z,EarthMJ2000Eq,126960.0,2026-06-18T17:46:00Z,-2294.123299235809,2778.2631051899516,6375.047769850259,5.460786150679132,-3.5091385048972525,3.459495423003727,7322.771446769936,7.355429763908107
numerical_gravity_20x20,2026-06-17T06:30:00Z,EarthMJ2000Eq,127020.0,2026-06-18T17:47:00Z,-1962.4983839477131,2562.7840563609107,6570.855578762256,5.590031925840823,-3.6713287174331866,3.0654138950237364,7320.888270113548,7.356892946833865
numerical_gravity_20x20,2026-06-17T06:30:00Z,EarthMJ2000Eq,127080.0,2026-06-18T17:48:00Z,-1623.725558270927,2337.969570204671,6742.669436361886,5.698975496077669,-3.820224865005074,2.6599336952229846,7318.891823755422,7.358511193650475
numerical_gravity_20x20,2026-06-17T06:30:00Z,EarthMJ2000Eq,127140.0,2026-06-18T17:49:00Z,-1279.0356397267076,2104.633916956464,6889.84841771701,5.787205649527268,-3.9552803454142054,2.244494495386728,7316.790779516126,7.360281746004127
numerical_gravity_20x20,2026-06-17T06:30:00Z,EarthMJ2000Eq,127200.0,2026-06-18T17:50:00Z,-929.6820120895991,1863.6227751820722,7011.839101709066,5.854381601507431,-4.075995113150259,1.82057266150418,7314.594047521468,7.362201091678352
numerical_gravity_20x20,2026-06-17T06:30:00Z,EarthMJ2000Eq,127260.0,2026-06-18T17:51:00Z,-576.9363641527759,1615.810386990729,7108.177635993773,5.9002341407555745,-4.181917358145976,1.3896766919593682,7312.310720957567,7.364264865842037
numerical_gravity_20x20,2026-06-17T06:30:00Z,EarthMJ2000Eq,127320.0,2026-06-18T17:52:00Z,-222.0843662219083,1362.0966184576598,7178.491528508589,5.9245665746334355,-4.272644994063055,0.9533426815083847,7309.950019569461,7.3664677160048315
numerical_gravity_20x20,2026-06-17T06:30:00Z,EarthMJ2000Eq,127380.0,2026-06-18T17:53:00Z,133.5787068244652,1103.4039344343275,7222.501168854338,5.92725558311311,-4.347827042799074,0.5131298456809885,7307.521238254756,7.3688032257734415
numerical_gravity_20x20,2026-06-17T06:30:00Z,EarthMJ2000Eq,127440.0,2026-06-18T17:54:00Z,488.7524028100216,840.6742909115176,7240.021080390404,5.908252043143654,-4.407165006907643,0.07061599314344945,7305.033704176154,7.371263950090923
numerical_gravity_20x20,2026-06-17T06:30:00Z,EarthMJ2000Eq,127500.0,2026-06-18T17:55:00Z,842.1355669099067,574.8659453471084,7230.9608953215275,5.8675817653554,-4.450414220295662,-0.37260719650222157,7302.4967400091045,7.373841510924023
numerical_gravity_20x20,2026-06-17T06:30:00Z,EarthMJ2000Eq,127560.0,2026-06-18T17:56:00Z,1192.430855045663,306.95018887695176,7195.326039872269,5.8053460340336365,-4.477385085393049,-0.8149391026379504,7299.919628501431,7.376526656820169
numerical_gravity_20x20,2026-06-17T06:30:00Z,EarthMJ2000Eq,127620.0,2026-06-18T17:57:00Z,1538.3492726865265,37.90800933806166,7133.218120070696,5.7217219187948185,-4.487944141267194,-1.254775193605324,7297.3115769063925,7.3793092574873755
numerical_gravity_20x20,2026-06-17T06:30:00Z,EarthMJ2000Eq,127680.0,2026-06-18T17:58:00Z,1878.6147269897094,-231.27330550098802,7044.835004663091,5.616962420412403,-4.482014999733809,-1.6905120934917626,7294.681684434653,7.382178298334843
numerical_gravity_20x20,2026-06-17T06:30:00Z,EarthMJ2000Eq,127740.0,2026-06-18T17:59:00Z,2211.9685839628173,-499.60361832154024,6930.470601395073,5.491396490640078,-4.459579199118139,-2.1205527553949404,7292.038915740907,7.385121937993604
numerical_gravity_20x20,2026-06-17T06:30:00Z,EarthMJ2000Eq,127800.0,2026-06-18T18:00:00Z,2537.1742216906414,-766.0934407966887,6790.514317278362,5.3454288646546955,-4.420676943128687,-2.543311827859239,7289.392079206993,7.388127600165139
numerical_gravity_20x20,2026-06-17T06:30:00Z,EarthMJ2000Eq,127860.0,2026-06-18T18:01:00Z,2853.0215656248183,-1029.7574709562318,6625.4501918106935,5.179539622841478,-4.365407645656036,-2.9572211709816036,7286.749806812007,7.391182021262825
numerical_gravity_20x20,2026-06-17T06:30:00Z,EarthMJ2000Eq,127920.0,2026-06-18T18:02:00Z,3158.3315895488827,-1289.6181569337964,6435.855697880163,4.994283496942488,-4.293930273869785,-3.360735401591571,7284.1205360820495,7.394271247675351
numerical_gravity_20x20,2026-06-17T06:30:00Z,EarthMJ2000Eq,127980.0,2026-06-18T18:03:00Z,3451.9607693559165,-1544.7092772625215,6222.400209701342,4.790289001565983,-4.206463572352912,-3.752337462571217,7281.512499070815,7.397380680826927
numerical_gravity_20x20,2026-06-17T06:30:00Z,EarthMJ2000Eq,128040.0,2026-06-18T18:04:00Z,3732.805479593224,-1794.0795324678525,5985.843132172051,4.56825737862863,-4.103286211447703,-4.130544369563506,7278.933721382039,7.40049525365597
numerical_gravity_20x20,2026-06-17T06:30:00Z,EarthMJ2000Eq,128100.0,2026-06-18T18:05:00Z,3999.8063172633933,-2036.796141092203,5727.0316769376805,4.328961195557051,-3.9847367593937673,-4.493913240797648,7276.392026590916,7.403599684620927
numerical_gravity_20x20,2026-06-17T06:30:00Z,EarthMJ2000Eq,128160.0,2026-06-18T18:06:00Z,4251.95232707409,-2271.948424570021,5446.8982708057865,4.073242450199906,-3.8512133165534688,-4.841047482352737,7273.895036919631,7.406678661458392
numerical_gravity_20x20,2026-06-17T06:30:00Z,EarthMJ2000Eq,128220.0,2026-06-18T18:07:00Z,4488.285098568837,-2498.651358363079,5146.457594895597,3.802010217060302,-3.7031727632653912,-5.1706028739549135,7271.450165733332,7.4097168829431235
numerical_gravity_20x20,2026-06-17T06:30:00Z,EarthMJ2000Eq,128280.0,2026-06-18T18:08:00Z,4707.90271220185,-2716.049068671927,4826.8032650305595,3.5162379899202065,-3.5411297198870133,-5.48129344429335,7269.064606281941,7.412699044024277
numerical_gravity_20x20,2026-06-17T06:30:00Z,EarthMJ2000Eq,128340.0,2026-06-18T18:09:00Z,4909.963518821556,-2923.3182607637095,4489.1041636816935,3.2169607800466333,-3.3656553134736233,-5.771897235110276,7266.745323888641,7.415609890099743
numerical_gravity_20x20,2026-06-17T06:30:00Z,EarthMJ2000Eq,128400.0,2026-06-18T18:10:00Z,5093.689735336073,-3119.671566995163,4134.600426788388,2.905271867678672,-3.1773757197336647,-6.041262040849227,7264.49905327166,7.4184343453106
numerical_gravity_20x20,2026-06-17T06:30:00Z,EarthMJ2000Eq,128460.0,2026-06-18T18:11:00Z,5258.37083257029,-3304.36079839967,3764.5990890813564,2.5823191228999516,-2.976970397481022,-6.28831102277829,7262.332297570709,7.421157613146889
numerical_gravity_20x20,2026-06-17T06:30:00Z,EarthMJ2000Eq,128520.0,2026-06-18T18:12:00Z,5403.366691241724,-3476.6800810306518,3380.4694003755226,2.24930098102485,-2.7651700239754793,-6.512048049364964,7260.251328482443,7.423765214631315
numerical_gravity_20x20,2026-06-17T06:30:00Z,EarthMJ2000Eq,128580.0,2026-06-18T18:13:00Z,5528.110509556131,-3635.968861421193,2983.6378291099927,1.9074621971680068,-2.542754205578934,-6.711562807530121,7258.262193003616,7.426243081332307
numerical_gravity_20x20,2026-06-17T06:30:00Z,EarthMJ2000Eq,128640.0,2026-06-18T18:14:00Z,5632.111448221669,-3781.6147676141986,2575.582761574423,1.5580893054288834,-2.310548931936406,-6.886035856739972,7256.370730437269,7.42857782289941
numerical_gravity_20x20,2026-06-17T06:30:00Z,EarthMJ2000Eq,128700.0,2026-06-18T18:15:00Z,5714.956988082371,-3913.056305301284,2157.828899671522,1.202505542699461,-2.069423590757629,-7.034743584588117,7254.582592013636,7.430757086536391
numerical_gravity_20x20,2026-06-17T06:30:00Z,EarthMJ2000Eq,128760.0,2026-06-18T18:16:00Z,5776.3149643411225,-4029.785357948403,1731.9413733958554,0.8420651628157336,-1.8202874180019277,-7.157062681288484,7252.90324761656,7.43276975605032
numerical_gravity_20x20,2026-06-17T06:30:00Z,EarthMJ2000Eq,128820.0,2026-06-18T18:17:00Z,5815.935247807773,-4131.3494599471205,1299.5196095332428,0.47814742692154655,-1.5640855295338847,-7.252473756293719,7251.337971882131,7.434605846398188
numerical_gravity_20x20,2026-06-17T06:30:00Z,EarthMJ2000Eq,128880.0,2026-06-18T18:18:00Z,5833.651066077509,-4217.353827274494,862.1910090430382,0.1121506585902596,-1.301794858074777,-7.320564149665305,7249.891819968677,7.436256255139212
numerical_gravity_20x20,2026-06-17T06:30:00Z,EarthMJ2000Eq,128940.0,2026-06-18T18:19:00Z,5829.37997269304,-4287.463146661505,421.6044697215049,-0.2545135734936716,-1.0344201679334062,-7.36103035139728,7248.569612613542,7.43771269121844
numerical_gravity_20x20,2026-06-17T06:30:00Z,EarthMJ2000Eq,129000.0,2026-06-18T18:20:00Z,5803.1244636232295,-4341.403124909024,-20.576232161050505,-0.6204264602114695,-0.762989999819613,-7.373680287244566,7247.375939924889,7.438967919735531
numerical_gravity_20x20,2026-06-17T06:30:00Z,EarthMJ2000Eq,129060.0,2026-06-18T18:21:00Z,5754.9722198917125,-4378.961785793332,-462.6791888824664,-0.9841684284822299,-0.48855227597604056,-7.358435250820889,7246.315174279173,7.440016139935856
numerical_gravity_20x20,2026-06-17T06:30:00Z,EarthMJ2000Eq,129120.0,2026-06-18T18:22:00Z,5685.095949114294,-4399.990490372658,-903.0312022838121,-1.344325982740718,-0.21216948630591798,-7.315331040959408,7245.3914744687,7.440853208981841
numerical_gravity_20x20,2026-06-17T06:30:00Z,EarthMJ2000Eq,129180.0,2026-06-18T18:23:00Z,5593.752815060385,-4404.404659781197,-1339.9646635377349,-1.6994985319318425,0.0650863753643032,-7.244518120904332,7244.608772226979,7.441476620967628
numerical_gravity_20x20,2026-06-17T06:30:00Z,EarthMJ2000Eq,129240.0,2026-06-18T18:24:00Z,5481.283465086287,-4392.184192210071,-1771.8244169893592,-2.048304951384034,0.3421389151415742,-7.1462609721494506,7243.970745907803,7.441885385652283
numerical_gravity_20x20,2026-06-17T06:30:00Z,EarthMJ2000Eq,129300.0,2026-06-18T18:25:00Z,5348.11067124533,-4363.3735748669915,-2196.9745667138577,-2.3893899217812877,0.6179123990480697,-7.020936849672526,7243.480789822202,7.442079963175409
numerical_gravity_20x20,2026-06-17T06:30:00Z,EarthMJ2000Eq,129360.0,2026-06-18T18:26:00Z,5194.737594480827,-4318.081693848616,-2613.8051907534987,-2.7214301640124017,0.8913367599185587,-6.869033932583182,7243.141981590097,7.442062249414329
numerical_gravity_20x20,2026-06-17T06:30:00Z,EarthMJ2000Eq,129420.0,2026-06-18T18:27:00Z,5021.745678427735,-4256.481346221428,-3020.738923671001,-3.043140528616238,1.1613525048685422,-6.691148775399451,7242.957044917473,7.441835516322619
numerical_gravity_20x20,2026-06-17T06:30:00Z,EarthMJ2000Eq,129480.0,2026-06-18T18:28:00Z,4829.792186125324,-4178.808462324945,-3416.2373657750436,-3.353279784809353,1.4269154608452215,-6.487983100079435,7242.928307340439,7.441404286458743
numerical_gravity_20x20,2026-06-17T06:30:00Z,EarthMJ2000Eq,129540.0,2026-06-18T18:29:00Z,4619.607400878624,-4085.361048223547,-3798.8072837453333,-3.6506560224504065,1.6870013651237312,-6.260340072070854,7243.057656240999,7.440774208250031
numerical_gravity_20x20,2026-06-17T06:30:00Z,EarthMJ2000Eq,129600.0,2026-06-18T18:30:00Z,4391.99151459014,-3976.497856207142,-4167.006574146965,-3.934131668753363,1.9406103425800898,-6.009120118423731,7243.346495483687,7.439951954580202
