reference_model,comparison_model,frame,elapsed_seconds,timestamp_utc,position_delta_x_m,position_delta_y_m,position_delta_z_m,position_difference_m,velocity_delta_x_mm_s,velocity_delta_y_mm_s,velocity_delta_z_mm_s,velocity_difference_mm_s
gmat_two_body,numerical_two_body,EarthMJ2000Eq,0.0,2026-08-04T18:52:00Z,0.0,4.547473508864641e-10,0.0,4.547473508864641e-10,4.440892098500626e-10,0.0,1.942890293094024e-10,4.847302891456678e-10
gmat_two_body,numerical_two_body,EarthMJ2000Eq,60.0,2026-08-04T18:53:00Z,0.001750884621287696,-0.00304113132187922,0.0001134494596044533,0.0035109752852820193,-0.001504530278140237,-0.0008075531354734267,0.0029541047386061337,0.003412109059087783
gmat_two_body,numerical_two_body,EarthMJ2000Eq,120.0,2026-08-04T18:54:00Z,-9.094947017729282e-10,4.547473508864641e-10,3.637978807091713e-09,3.777415196472282e-09,-8.881784197001252e-10,-8.881784197001252e-10,3.3306690738754696e-10,1.2994827337208943e-09
gmat_two_body,numerical_two_body,EarthMJ2000Eq,180.0,2026-08-04T18:55:00Z,-4.547473508864641e-10,5.684341886080801e-10,1.8189894035458565e-09,1.959243484135878e-09,-4.440892098500626e-10,-1.7763568394002505e-09,4.440892098500626e-10,1.88411095042053e-09
gmat_two_body,numerical_two_body,EarthMJ2000Eq,240.0,2026-08-04T18:56:00Z,-4.547473508864641e-10,9.094947017729282e-10,3.637978807091713e-09,3.777415196472282e-09,-8.881784197001252e-10,-8.881784197001252e-10,4.440892098500626e-10,1.3322676295501878e-09
gmat_two_body,numerical_two_body,EarthMJ2000Eq,300.0,2026-08-04T18:57:00Z,-1.3642420526593924e-09,5.968558980384842e-10,3.637978807091713e-09,3.9309392188274904e-09,0.0,-1.7763568394002505e-09,8.881784197001252e-10,1.9860273225978187e-09
gmat_two_body,numerical_two_body,EarthMJ2000Eq,360.0,2026-08-04T18:58:00Z,0.0012282289389986545,-0.0031500001398399036,0.0009865279935183935,0.0035219717048239614,-0.0019547661267438343,9.013589874484751e-05,0.002821745948011767,0.00343387321921303
gmat_two_body,numerical_two_body,EarthMJ2000Eq,420.0,2026-08-04T18:59:00Z,0.0,4.547473508864641e-10,1.8189894035458565e-09,1.8749713606747085e-09,-8.881784197001252e-10,-2.6645352591003757e-09,1.7763568394002505e-09,3.3232593448441793e-09
gmat_two_body,numerical_two_body,EarthMJ2000Eq,480.0,2026-08-04T19:00:00Z,0.0,6.821210263296962e-10,1.8189894035458565e-09,1.9426815345735872e-09,-8.881784197001252e-10,-1.7763568394002505e-09,1.3322676295501878e-09,2.3914935841127265e-09
gmat_two_body,numerical_two_body,EarthMJ2000Eq,540.0,2026-08-04T19:01:00Z,0.0008582892405684106,-0.0030844407774566207,0.001477277692174539,0.0035260154154384002,-0.002144539879012086,0.0006369145211237992,0.002615732075383903,0.0034419130857829216
gmat_two_body,numerical_two_body,EarthMJ2000Eq,600.0,2026-08-04T19:02:00Z,0.0,4.547473508864641e-10,9.094947017729282e-10,1.016845989170083e-09,-4.440892098500626e-10,0.0,1.3322676295501878e-09,1.4043333874306805e-09
gmat_two_body,numerical_two_body,EarthMJ2000Eq,660.0,2026-08-04T19:03:00Z,9.094947017729282e-10,9.094947017729282e-10,9.094947017729282e-10,1.5752910326854155e-09,-4.440892098500626e-10,0.0,8.881784197001252e-10,9.930136612989093e-10
gmat_two_body,numerical_two_body,EarthMJ2000Eq,720.0,2026-08-04T19:04:00Z,1.8189894035458565e-09,4.547473508864641e-10,9.094947017729282e-10,2.0839141575178655e-09,-6.661338147750939e-10,-2.6645352591003757e-09,8.881784197001252e-10,2.886579864025407e-09
gmat_two_body,numerical_two_body,EarthMJ2000Eq,780.0,2026-08-04T19:05:00Z,1.8189894035458565e-09,4.547473508864641e-10,1.8189894035458565e-09,2.6123246455145037e-09,-1.4432899320127035e-09,-1.7763568394002505e-09,2.6645352591003757e-09,3.512588446676096e-09
gmat_two_body,numerical_two_body,EarthMJ2000Eq,840.0,2026-08-04T19:06:00Z,0.00018613536667544395,-0.002761835730780149,0.00218741570279235,0.0035280547664915682,-0.0023019239847599238,0.0014976535567257088,0.0020815500434423484,0.0034459644210207705
gmat_two_body,numerical_two_body,EarthMJ2000Eq,900.0,2026-08-04T19:07:00Z,2.7284841053187847e-09,9.094947017729282e-10,2.7284841053187847e-09,3.964395494713857e-09,-8.881784197001252e-10,-1.7763568394002505e-09,2.6645352591003757e-09,3.3232593448441793e-09
gmat_two_body,numerical_two_body,EarthMJ2000Eq,960.0,2026-08-04T19:08:00Z,1.8189894035458565e-09,2.2737367544323206e-09,3.183231456205249e-09,4.31411216618705e-09,-4.718447854656915e-10,-2.6645352591003757e-09,1.7763568394002505e-09,3.2369475234307272e-09
gmat_two_body,numerical_two_body,EarthMJ2000Eq,1020.0,2026-08-04T19:09:00Z,-0.00022872882254887372,-0.002450434294587467,0.0025255544642277528,0.003526382063551212,-0.0022948472566675093,0.001952489725454143,0.0016653025625146256,0.00344264036520752
gmat_two_body,numerical_two_body,EarthMJ2000Eq,1080.0,2026-08-04T19:10:00Z,1.8189894035458565e-09,2.7284841053187847e-09,1.8189894035458565e-09,3.749942721349417e-09,-2.220446049250313e-10,-1.7763568394002505e-09,3.552713678800501e-09,3.978256139440565e-09
gmat_two_body,numerical_two_body,EarthMJ2000Eq,1140.0,2026-08-04T19:11:00Z,1.8189894035458565e-09,2.7284841053187847e-09,2.7284841053187847e-09,4.265908282671653e-09,-4.440892098500626e-10,-4.440892098500626e-09,4.440892098500626e-09,6.296051182078799e-09
gmat_two_body,numerical_two_body,EarthMJ2000Eq,1200.0,2026-08-04T19:12:00Z,1.8189894035458565e-09,3.637978807091713e-09,2.7284841053187847e-09,4.897778860262864e-09,-2.220446049250313e-09,-1.7763568394002505e-09,4.440892098500626e-09,5.273267194922012e-09
gmat_two_body,numerical_two_body,EarthMJ2000Eq,1260.0,2026-08-04T19:13:00Z,3.637978807091713e-09,2.7284841053187847e-09,2.7284841053187847e-09,5.3032198546546174e-09,-1.7763568394002505e-09,-3.552713678800501e-09,4.440892098500626e-09,5.958081967793456e-09
gmat_two_body,numerical_two_body,EarthMJ2000Eq,1320.0,2026-08-04T19:14:00Z,-0.000895424818736501,-0.0017688253137748688,0.0029073298719595186,0.0035189622875285566,-0.0021160380114793043,0.002555343492360862,0.0008620393288083505,0.0034279015496931423
gmat_two_body,numerical_two_body,EarthMJ2000Eq,1380.0,2026-08-04T19:15:00Z,4.547473508864641e-09,2.7284841053187847e-09,3.183231456205249e-09,6.18523268200781e-09,-1.3322676295501878e-09,-2.220446049250313e-09,4.440892098500626e-09,5.1407042635133076e-09
gmat_two_body,numerical_two_body,EarthMJ2000Eq,1440.0,2026-08-04T19:16:00Z,3.637978807091713e-09,2.7284841053187847e-09,3.183231456205249e-09,5.550898829703193e-09,-1.3322676295501878e-09,-3.552713678800501e-09,5.329070518200751e-09,6.5418425621716e-09
gmat_two_body,numerical_two_body,EarthMJ2000Eq,1500.0,2026-08-04T19:17:00Z,-0.0012593227438628674,-0.001285090547753498,0.0030160689448166522,0.0035119828258439877,-0.0019166592757358103,0.002804312337900683,0.0003439293294604795,0.0034140940015514
gmat_two_body,numerical_two_body,EarthMJ2000Eq,1560.0,2026-08-04T19:18:00Z,4.092726157978177e-09,2.7284841053187847e-09,2.6716406864579767e-09,5.597561690121308e-09,-4.440892098500626e-09,-2.6645352591003757e-09,4.440892098500626e-09,6.822227891828277e-09
gmat_two_body,numerical_two_body,EarthMJ2000Eq,1620.0,2026-08-04T19:19:00Z,-0.001479588263464393,-0.0009413015504833311,0.0030364001073479585,0.0035064163543747336,-0.001750297240477039,0.00291850010825101,-4.926725694076595e-06,0.0034031173333443497
gmat_two_body,numerical_two_body,EarthMJ2000Eq,1680.0,2026-08-04T19:20:00Z,4.547473508864641e-09,0.0,3.581135388230905e-09,5.788267960509897e-09,-3.9968028886505635e-09,-3.552713678800501e-09,4.440892098500626e-09,6.951095629092364e-09
gmat_two_body,numerical_two_body,EarthMJ2000Eq,1740.0,2026-08-04T19:21:00Z,3.637978807091713e-09,1.8189894035458565e-09,4.092726157978177e-09,5.770097023036906e-09,-2.6645352591003757e-09,-2.220446049250313e-09,3.552713678800501e-09,4.965068306494546e-09
gmat_two_body,numerical_two_body,EarthMJ2000Eq,1800.0,2026-08-04T19:22:00Z,-0.0017690563254291192,-0.0004063203959958628,0.002988918595292489,0.003496897327064127,-0.0014582375307270468,0.003009607563164707,-0.0005198055319510786,0.0033844338036555037
gmat_two_body,numerical_two_body,EarthMJ2000Eq,1860.0,2026-08-04T19:23:00Z,2.7284841053187847e-09,9.094947017729282e-10,2.9558577807620168e-09,4.124184931064759e-09,-3.9968028886505635e-09,-2.55351295663786e-09,3.552713678800501e-09,5.925929145204076e-09
gmat_two_body,numerical_two_body,EarthMJ2000Eq,1920.0,2026-08-04T19:24:00Z,3.183231456205249e-09,0.0,4.547473508864641e-09,5.550898829703193e-09,-4.440892098500626e-09,-2.67841304690819e-09,1.7763568394002505e-09,5.4818667168453996e-09
gmat_two_body,numerical_two_body,EarthMJ2000Eq,1980.0,2026-08-04T19:25:00Z,-0.002002110704779625,0.00013639419194078073,0.002850784767360892,0.0034862622448125213,-0.0011254979170871593,0.0030047552779244313,-0.0010094858282627683,0.0033636827256811287
gmat_two_body,numerical_two_body,EarthMJ2000Eq,2040.0,2026-08-04T19:26:00Z,2.2737367544323206e-09,0.0,4.547473508864641e-09,5.084229945850415e-09,-5.329070518200751e-09,-2.7755575615628914e-09,2.6645352591003757e-09,6.572857864924091e-09
gmat_two_body,numerical_two_body,EarthMJ2000Eq,2100.0,2026-08-04T19:27:00Z,-0.002122977321050712,0.0004940684448229149,0.0027111527742818,0.0034787189738984797,-0.0008871419154843352,0.0029498312681397465,-0.0013143699462148106,0.003349043690998504
gmat_two_body,numerical_two_body,EarthMJ2000Eq,2160.0,2026-08-04T19:28:00Z,1.1368683772161603e-09,0.0,5.002220859751105e-09,5.129783936662752e-09,-7.105427357601002e-09,-3.9968028886505635e-09,1.7763568394002505e-09,8.343678738167852e-09
gmat_two_body,numerical_two_body,EarthMJ2000Eq,2220.0,2026-08-04T19:29:00Z,1.8189894035458565e-09,9.094947017729282e-10,4.092726157978177e-09,4.5701543154431826e-09,-5.329070518200751e-09,-4.218847493575595e-09,8.881784197001252e-10,6.8546719591258714e-09
gmat_two_body,numerical_two_body,EarthMJ2000Eq,2280.0,2026-08-04T19:30:00Z,-0.0022492947664431995,0.001012328539218288,0.002436367140035145,0.003466990172859974,-0.0005140803338576916,0.00279445844242332,-0.0017296395427024436,0.0033263988822403905
gmat_two_body,numerical_two_body,EarthMJ2000Eq,2340.0,2026-08-04T19:31:00Z,1.1368683772161603e-10,0.0,3.637978807091713e-09,3.6397547304618734e-09,-6.217248937900877e-09,-5.329070518200751e-09,-1.7763568394002505e-09,8.379058453350832e-09
gmat_two_body,numerical_two_body,EarthMJ2000Eq,2400.0,2026-08-04T19:32:00Z,1.1368683772161603e-10,0.0,3.637978807091713e-09,3.6397547304618734e-09,-5.329070518200751e-09,-4.884981308350689e-09,-1.7763568394002505e-09,7.444291678311381e-09
gmat_two_body,numerical_two_body,EarthMJ2000Eq,2460.0,2026-08-04T19:33:00Z,-0.002307582349203585,0.0014952684068703093,0.002092082468152512,0.0034550792987269505,-0.0001332614019133871,0.002559019218750791,-0.0020849970638892046,0.0033035663637351735
gmat_two_body,numerical_two_body,EarthMJ2000Eq,2520.0,2026-08-04T19:34:00Z,-4.085620730620576e-11,-9.094947017729282e-10,2.7284841053187847e-09,2.8763649551483772e-09,-4.440892098500626e-09,-7.549516567451064e-09,-1.7763568394002505e-09,8.937122951690183e-09
gmat_two_body,numerical_two_body,EarthMJ2000Eq,2580.0,2026-08-04T19:35:00Z,-0.0023083940732249175,0.0017908596419147216,0.0018295995687367395,0.0034472156933183793,0.0001191686749280052,0.002362543050082877,-0.0022844965918977778,0.0032885765180350546
gmat_two_body,numerical_two_body,EarthMJ2000Eq,2640.0,2026-08-04T19:36:00Z,-9.094947017729282e-10,-4.547473508864641e-09,2.7284841053187847e-09,5.380643217995035e-09,-6.217248937900877e-09,-5.329070518200751e-09,-2.6645352591003757e-09,8.611209269944327e-09
gmat_two_body,numerical_two_body,EarthMJ2000Eq,2700.0,2026-08-04T19:37:00Z,-2.1600499167107046e-09,-5.4569682106375694e-09,1.8189894035458565e-09,6.144350262216749e-09,-5.329070518200751e-09,-7.105427357601002e-09,-1.7763568394002505e-09,9.05767818720588e-09
gmat_two_body,numerical_two_body,EarthMJ2000Eq,2760.0,2026-08-04T19:38:00Z,-0.002253535967611242,0.002185854100389406,0.0013957869668956846,0.003435782845649965,0.00048767034854790836,0.002016914635305511,-0.002523276254606799,0.0032669083354182
gmat_two_body,numerical_two_body,EarthMJ2000Eq,2820.0,2026-08-04T19:39:00Z,-1.8189894035458565e-09,-5.4569682106375694e-09,5.4569682106375694e-09,7.928790989427714e-09,-6.217248937900877e-09,-8.881784197001252e-09,-2.220446049250313e-09,1.1066646083414887e-08
gmat_two_body,numerical_two_body,EarthMJ2000Eq,2880.0,2026-08-04T19:40:00Z,-2.7284841053187847e-09,-6.366462912410498e-09,6.366462912410498e-09,9.407886348334252e-09,-6.217248937900877e-09,-1.0658141036401503e-08,-4.440892098500626e-10,1.2346957922256013e-08
gmat_two_body,numerical_two_body,EarthMJ2000Eq,2940.0,2026-08-04T19:41:00Z,-2.7284841053187847e-09,-5.9117155615240335e-09,6.366462912410498e-09,9.106308604942018e-09,-6.217248937900877e-09,-1.0658141036401503e-08,4.440892098500626e-10,1.2346957922256013e-08
gmat_two_body,numerical_two_body,EarthMJ2000Eq,3000.0,2026-08-04T19:42:00Z,-3.183231456205249e-09,-6.821210263296962e-09,5.4569682106375694e-09,9.297331553289437e-09,-6.217248937900877e-09,-1.1546319456101628e-08,1.7763568394002505e-09,1.3233560403725999e-08
gmat_two_body,numerical_two_body,EarthMJ2000Eq,3060.0,2026-08-04T19:43:00Z,-0.002020726697082864,0.0026914267436950468,0.0005991360012558289,0.003418490639007392,0.0010514664694483145,0.0013350049954397036,-0.0027520046241846785,0.0032344009531529824
gmat_two_body,numerical_two_body,EarthMJ2000Eq,3120.0,2026-08-04T19:44:00Z,-3.183231456205249e-09,-7.275957614183426e-09,7.275957614183426e-09,1.0770890441860511e-08,-6.217248937900877e-09,-1.3322676295501878e-08,3.219646771412954e-09,1.5050382498901054e-08
gmat_two_body,numerical_two_body,EarthMJ2000Eq,3180.0,2026-08-04T19:45:00Z,-4.092726157978177e-09,-8.185452315956354e-09,8.185452315956354e-09,1.2278178473934531e-08,-6.661338147750939e-09,-1.4210854715202004e-08,4.773959005888173e-09,1.640464879981165e-08
gmat_two_body,numerical_two_body,EarthMJ2000Eq,3240.0,2026-08-04T19:46:00Z,-0.0018043524505628739,0.002891358690249035,9.954146662494168e-05,0.0034096262764573932,0.0013463967718507774,0.0008825171704529566,-0.002786223557427192,0.0032178661462771764
gmat_two_body,numerical_two_body,EarthMJ2000Eq,3300.0,2026-08-04T19:47:00Z,-4.547473508864641e-09,-1.0913936421275139e-08,1.000444171950221e-08,1.5488136674254204e-08,-7.105427357601002e-09,-1.509903313490213e-08,6.8833827526759706e-09,1.805128410010917e-08
gmat_two_body,numerical_two_body,EarthMJ2000Eq,3360.0,2026-08-04T19:48:00Z,-4.547473508864641e-09,-1.1141310096718371e-08,9.094947017729282e-09,1.5083977169180786e-08,-7.549516567451064e-09,-1.509903313490213e-08,8.43769498715119e-09,1.887248522869436e-08
gmat_two_body,numerical_two_body,EarthMJ2000Eq,3420.0,2026-08-04T19:49:00Z,-5.9117155615240335e-09,-1.261923898709938e-08,1.0913936421275139e-08,1.7700496651267456e-08,-8.43769498715119e-09,-1.5987211554602254e-08,1.0103029524088925e-08,2.0708858866495195e-08
gmat_two_body,numerical_two_body,EarthMJ2000Eq,3480.0,2026-08-04T19:50:00Z,-5.4569682106375694e-09,-1.3983481039758772e-08,1.1823431123048067e-08,1.9107845707003805e-08,-9.325873406851315e-09,-1.4210854715202004e-08,1.1102230246251565e-08,2.030221226807509e-08
gmat_two_body,numerical_two_body,EarthMJ2000Eq,3540.0,2026-08-04T19:51:00Z,-0.0013374774425756186,0.0030385633635887643,-0.0007249309419421479,0.0033981227309394834,0.001745342093073532,9.533529521377204e-05,-0.0026762967397786497,0.003196540642588113
gmat_two_body,numerical_two_body,EarthMJ2000Eq,3600.0,2026-08-04T19:52:00Z,-6.366462912410498e-09,-1.5063505998114124e-08,1.3642420526593924e-08,2.129687068080073e-08,-9.769962616701378e-09,-1.0658141036401503e-08,1.4654943925052066e-08,2.0586780256513853e-08
gmat_two_body,numerical_two_body,EarthMJ2000Eq,3660.0,2026-08-04T19:53:00Z,-7.275957614183426e-09,-1.6143530956469476e-08,1.546140993013978e-08,2.3507623188525612e-08,-1.2434497875801753e-08,-9.769962616701378e-09,1.5987211554602254e-08,2.2486881514489033e-08
gmat_two_body,numerical_two_body,EarthMJ2000Eq,3720.0,2026-08-04T19:54:00Z,-0.0010067133189295419,0.003013033619936323,-0.0011932261259062216,0.0033934690051512016,0.001921405257121478,-0.00037773961736320416,-0.0025156681182636476,0.003187957255338897
gmat_two_body,numerical_two_body,EarthMJ2000Eq,3780.0,2026-08-04T19:55:00Z,-7.275957614183426e-09,-1.6370904631912708e-08,1.6370904631912708e-08,2.426834555831435e-08,-1.4210854715202004e-08,-5.329070518200751e-09,1.9095836023552692e-08,2.4392587762739487e-08
gmat_two_body,numerical_two_body,EarthMJ2000Eq,3840.0,2026-08-04T19:56:00Z,-9.094947017729282e-09,-1.7280399333685637e-08,1.6370904631912708e-08,2.548208745087668e-08,-1.509903313490213e-08,-6.217248937900877e-09,2.1316282072803006e-08,2.685179449072268e-08
gmat_two_body,numerical_two_body,EarthMJ2000Eq,3900.0,2026-08-04T19:57:00Z,-1.0913936421275139e-08,-1.7053025658242404e-08,1.7280399333685637e-08,2.661826240459645e-08,-1.5987211554602254e-08,-2.6645352591003757e-09,2.220446049250313e-08,2.749052104274725e-08
gmat_two_body,numerical_two_body,EarthMJ2000Eq,3960.0,2026-08-04T19:58:00Z,-1.0913936421275139e-08,-1.8189894035458565e-08,1.6370904631912708e-08,2.6795387134654873e-08,-1.7541523789077473e-08,-2.6645352591003757e-09,2.353672812205332e-08,2.947511451515016e-08
gmat_two_body,numerical_two_body,EarthMJ2000Eq,4020.0,2026-08-04T19:59:00Z,-0.00039997485146159306,0.002785041942843236,-0.0018906512195826508,0.003389837833777173,0.0020986392623711936,-0.0011321237280981222,-0.0021058279564556415,0.0031812736869811817
gmat_two_body,numerical_two_body,EarthMJ2000Eq,4080.0,2026-08-04T20:00:00Z,-1.546140993013978e-08,-1.7280399333685637e-08,2.091837814077735e-08,3.122892797071362e-08,-1.887379141862766e-08,1.7763568394002505e-09,2.398081733190338e-08,3.0568857453965546e-08
gmat_two_body,numerical_two_body,EarthMJ2000Eq,4140.0,2026-08-04T20:01:00Z,-1.546140993013978e-08,-1.6825651982799172e-08,2.2737367544323206e-08,3.223578205224345e-08,-1.9262369477246466e-08,2.6645352591003757e-09,2.398081733190338e-08,3.087423239419991e-08
gmat_two_body,numerical_two_body,EarthMJ2000Eq,4200.0,2026-08-04T20:02:00Z,-1.8386344891041517e-05,0.0025433478185732383,-0.002241567926830612,0.0033902187177991027,0.0021319242066164534,-0.0015475309922408087,-0.0017846675248733845,0.0031819791276877837
gmat_two_body,numerical_two_body,EarthMJ2000Eq,4260.0,2026-08-04T20:03:00Z,-1.7280399333685637e-08,-1.6825651982799172e-08,2.5011104298755527e-08,3.4745792608906534e-08,-2.1094237467877974e-08,5.329070518200751e-09,2.4868995751603507e-08,3.304289328482687e-08
gmat_two_body,numerical_two_body,EarthMJ2000Eq,4320.0,2026-08-04T20:04:00Z,0.00023715801944490522,0.0023421271180268377,-0.0024414630388491787,0.003391540230227322,0.002123018094657425,-0.0018029648884976268,-0.0015435812628084022,0.0031844200938775783
gmat_two_body,numerical_two_body,EarthMJ2000Eq,4380.0,2026-08-04T20:05:00Z,-2.000888343900442e-08,-1.8189894035458565e-08,2.864908310584724e-08,3.939540105523255e-08,-2.1538326677728037e-08,1.0658141036401503e-08,2.398081733190338e-08,3.3949596261730044e-08
gmat_two_body,numerical_two_body,EarthMJ2000Eq,4440.0,2026-08-04T20:06:00Z,-2.091837814077735e-08,-1.7280399333685637e-08,2.9103830456733704e-08,3.978974355818965e-08,-2.1094237467877974e-08,1.2434497875801753e-08,2.398081733190338e-08,3.427335979562936e-08
gmat_two_body,numerical_two_body,EarthMJ2000Eq,4500.0,2026-08-04T20:07:00Z,0.0006147365638753399,0.001985868038900662,-0.002684224909899058,0.0033950900249941868,0.002062948034620149,-0.0021470825117830827,-0.0011474181604853584,0.003190969498594352
gmat_two_body,numerical_two_body,EarthMJ2000Eq,4560.0,2026-08-04T20:08:00Z,-2.2737367544323206e-08,-1.6370904631912708e-08,3.228706191293895e-08,4.2748669783781296e-08,-2.3314683517128287e-08,1.5987211554602254e-08,2.042810365310288e-08,3.487797040622313e-08
gmat_two_body,numerical_two_body,EarthMJ2000Eq,4620.0,2026-08-04T20:09:00Z,-2.546585164964199e-08,-1.6370904631912708e-08,3.410605131648481e-08,4.560415392386367e-08,-2.220446049250313e-08,1.9539925233402755e-08,1.7763568394002505e-08,3.450204495357495e-08
gmat_two_body,numerical_two_body,EarthMJ2000Eq,4680.0,2026-08-04T20:10:00Z,0.0009764980859472416,0.0015724444892839529,-0.0028525153084046906,0.0034004372907644105,0.0019475177026606616,-0.00243672859667754,-0.0007176526040097997,0.003200858746662339
gmat_two_body,numerical_two_body,EarthMJ2000Eq,4740.0,2026-08-04T20:11:00Z,-2.637534635141492e-08,-1.1823431123048067e-08,3.61524143954739e-08,4.6286601574328464e-08,-2.1316282072803006e-08,2.3092638912203256e-08,1.5987211554602254e-08,3.5259676496365e-08
gmat_two_body,numerical_two_body,EarthMJ2000Eq,4800.0,2026-08-04T20:12:00Z,0.0012040209185215645,0.0012702148524113,-0.0029206983072072035,0.0034049362321850896,0.0018406081103705674,-0.002595591297449573,-0.0004172147072267762,0.0032092055888154306
gmat_two_body,numerical_two_body,EarthMJ2000Eq,4860.0,2026-08-04T20:13:00Z,-2.7284841053187847e-08,-1.0913936421275139e-08,3.7402969610411674e-08,4.756636096216254e-08,-1.9984014443252818e-08,2.6645352591003757e-08,1.2434497875801753e-08,3.555210803019093e-08
gmat_two_body,numerical_two_body,EarthMJ2000Eq,4920.0,2026-08-04T20:14:00Z,-2.864908310584724e-08,-7.275957614183426e-09,3.7687186704715714e-08,4.7896070441375836e-08,-2.1316282072803006e-08,2.864375403532904e-08,7.993605777301127e-09,3.6588881644109234e-08
gmat_two_body,numerical_two_body,EarthMJ2000Eq,4980.0,2026-08-04T20:15:00Z,0.0015177847672021016,0.0007856142474338412,-0.002954225649887121,0.0034129619886211393,0.0016372543321097055,-0.0027770965527196267,4.661160346586257e-05,0.003224133938395998
gmat_two_body,numerical_two_body,EarthMJ2000Eq,5040.0,2026-08-04T20:16:00Z,-3.2741809263825417e-08,-2.7284841053187847e-09,3.8824055081931874e-08,5.086037703740094e-08,-1.9095836023552692e-08,3.197442310920451e-08,5.329070518200751e-09,3.762198398799298e-08
gmat_two_body,numerical_two_body,EarthMJ2000Eq,5100.0,2026-08-04T20:17:00Z,-3.410605131648481e-08,0.0,3.9108272176235914e-08,5.189103669241195e-08,-1.9095836023552692e-08,3.452793606584237e-08,1.7763568394002505e-09,3.9496642465229813e-08
gmat_two_body,numerical_two_body,EarthMJ2000Eq,5160.0,2026-08-04T20:18:00Z,0.0017905358618008904,0.0002748975020949729,-0.0029035725219728192,0.003422326796115285,0.0013856564784475722,-0.0028847487731908927,0.0005161835403555415,0.003241645385915009
gmat_two_body,numerical_two_body,EarthMJ2000Eq,5220.0,2026-08-04T20:19:00Z,-3.54702933691442e-08,5.4569682106375694e-09,3.956301952712238e-08,5.341491110025861e-08,-1.6431300764452317e-08,3.5638159090467525e-08,-3.552713678800501e-09,3.9404159712559546e-08
gmat_two_body,numerical_two_body,EarthMJ2000Eq,5280.0,2026-08-04T20:20:00Z,0.001945471012732014,-7.331618689931929e-05,-0.002822965825544088,0.0034291936044545225,0.0011935235022519919,-0.00291281829212231,0.0008264740003482984,0.0032545457481193765
gmat_two_body,numerical_two_body,EarthMJ2000Eq,5340.0,2026-08-04T20:21:00Z,-3.774403012357652e-08,1.0913936421275139e-08,3.865352482534945e-08,5.51164294888647e-08,-1.2434497875801753e-08,3.774758283725532e-08,-8.881784197001252e-09,4.072324689904861e-08
gmat_two_body,numerical_two_body,EarthMJ2000Eq,5400.0,2026-08-04T20:22:00Z,-3.9108272176235914e-08,9.094947017729282e-09,3.728928277269006e-08,5.479658405017133e-08,-9.769962616701378e-09,3.7192471324942744e-08,-9.769962616701378e-09,3.967599100615098e-08
gmat_two_body,numerical_two_body,EarthMJ2000Eq,5460.0,2026-08-04T20:23:00Z,0.002132020881617791,-0.0005964966476312838,-0.002633212716318667,0.003440222449155286,0.0008733103129543451,-0.0028864000078954177,0.0012783214486944416,0.003275375037226018
gmat_two_body,numerical_two_body,EarthMJ2000Eq,5520.0,2026-08-04T20:24:00Z,-4.001776687800884e-08,1.4551915228366852e-08,3.5925040720030665e-08,5.571165455676306e-08,-4.440892098500626e-09,3.597122599785507e-08,-1.2434497875801753e-08,3.8317976980036514e-08
gmat_two_body,numerical_two_body,EarthMJ2000Eq,5580.0,2026-08-04T20:25:00Z,-3.979039320256561e-08,1.6370904631912708e-08,3.54702933691442e-08,5.5762206030385096e-08,-2.6645352591003757e-09,3.68594044175552e-08,-1.687538997430238e-08,4.0626275105510984e-08
gmat_two_body,numerical_two_body,EarthMJ2000Eq,5640.0,2026-08-04T20:26:00Z,-3.9335645851679146e-08,2.000888343900442e-08,3.3651303965598345e-08,5.549827663657209e-08,-8.881784197001252e-10,3.552713678800501e-08,-1.9539925233402755e-08,4.0555825566567e-08
gmat_two_body,numerical_two_body,EarthMJ2000Eq,5700.0,2026-08-04T20:27:00Z,-4.035882739117369e-08,2.2737367544323206e-08,3.3651303965598345e-08,5.725585638012315e-08,1.7763568394002505e-09,3.6415315207705135e-08,-2.3092638912203256e-08,4.315669817336364e-08
gmat_two_body,numerical_two_body,EarthMJ2000Eq,5760.0,2026-08-04T20:28:00Z,0.002305745169906004,-0.0014335710147861391,-0.0021443984223878942,0.0034597732927056824,0.0002735989212965251,-0.002654897190979,0.0019621699820504546,0.0033126192813033445
gmat_two_body,numerical_two_body,EarthMJ2000Eq,5820.0,2026-08-04T20:29:00Z,-3.9619862945983186e-08,2.7284841053187847e-08,3.2741809263825417e-08,5.8191255056279205e-08,4.440892098500626e-09,3.552713678800501e-08,-2.6645352591003757e-08,4.463041323674983e-08
gmat_two_body,numerical_two_body,EarthMJ2000Eq,5880.0,2026-08-04T20:30:00Z,-3.986855290349922e-08,2.9103830456733704e-08,2.9103830456733704e-08,5.730242058698495e-08,7.105427357601002e-09,3.5083047578154947e-08,-2.9309887850104133e-08,4.626420701893538e-08
gmat_two_body,numerical_two_body,EarthMJ2000Eq,5940.0,2026-08-04T20:31:00Z,0.002320593722515696,-0.001890145540528465,-0.0017591428331797943,0.0034716550659428607,-0.00011035794500457996,-0.0024045823110441233,0.0023089143930121736,0.003335458085611436
gmat_two_body,numerical_two_body,EarthMJ2000Eq,6000.0,2026-08-04T20:32:00Z,-3.842615114990622e-08,3.54702933691442e-08,2.546585164964199e-08,5.816545713849559e-08,1.4210854715202004e-08,3.108624468950438e-08,-3.375077994860476e-08,4.8035592509840655e-08
gmat_two_body,numerical_two_body,EarthMJ2000Eq,6060.0,2026-08-04T20:33:00Z,-3.728928277269006e-08,3.54702933691442e-08,2.1827872842550278e-08,5.590248969612479e-08,1.4210854715202004e-08,3.108624468950438e-08,-3.419486915845482e-08,4.83486512469186e-08
gmat_two_body,numerical_two_body,EarthMJ2000Eq,6120.0,2026-08-04T20:34:00Z,-3.660716174636036e-08,3.8198777474462986e-08,2.2737367544323206e-08,5.758661975245094e-08,1.687538997430238e-08,2.9309887850104133e-08,-3.552713678800501e-08,4.905125646631375e-08
gmat_two_body,numerical_two_body,EarthMJ2000Eq,6180.0,2026-08-04T20:35:00Z,-3.54702933691442e-08,4.001776687800884e-08,1.8189894035458565e-08,5.648394128083687e-08,1.687538997430238e-08,2.6645352591003757e-08,-3.597122599785507e-08,4.784017873370103e-08
gmat_two_body,numerical_two_body,EarthMJ2000Eq,6240.0,2026-08-04T20:36:00Z,0.0021905132143729134,-0.0025282665774284396,-0.000996763446892146,0.0034905611866782086,-0.0007541451907400187,-0.0018158736736495484,0.0027395468116253596,0.0033721282449599215
gmat_two_body,numerical_two_body,EarthMJ2000Eq,6300.0,2026-08-04T20:37:00Z,-3.410605131648481e-08,4.501998773775995e-08,1.6370904631912708e-08,5.880500447052047e-08,1.865174681370263e-08,1.9539925233402755e-08,-3.6415315207705135e-08,4.534061665886291e-08
gmat_two_body,numerical_two_body,EarthMJ2000Eq,6360.0,2026-08-04T20:38:00Z,-3.2741809263825417e-08,4.5929482439532876e-08,1.4551915228366852e-08,5.825205290670585e-08,2.1316282072803006e-08,1.7763568394002505e-08,-3.907985046680551e-08,4.792872787800221e-08
gmat_two_body,numerical_two_body,EarthMJ2000Eq,6420.0,2026-08-04T20:39:00Z,0.0020213055904605426,-0.002816211690515047,-0.0004886742317466997,0.003500789493899039,-0.001122065995673438,-0.001373789082492749,0.0028914095562271314,0.0033921346912621953
gmat_two_body,numerical_two_body,EarthMJ2000Eq,6480.0,2026-08-04T20:40:00Z,-3.001332515850663e-08,4.8203219193965197e-08,1.1823431123048067e-08,5.800123749760141e-08,2.220446049250313e-08,1.3322676295501878e-08,-3.907985046680551e-08,4.688034216967426e-08
gmat_two_body,numerical_two_body,EarthMJ2000Eq,6540.0,2026-08-04T20:41:00Z,-2.864908310584724e-08,4.865796654485166e-08,1.000444171950221e-08,5.734506539541621e-08,2.220446049250313e-08,7.993605777301127e-09,-3.941291737419306e-08,4.593815249910474e-08
gmat_two_body,numerical_two_body,EarthMJ2000Eq,6600.0,2026-08-04T20:42:00Z,-2.773958840407431e-08,4.888534022029489e-08,7.275957614183426e-09,5.66762808632044e-08,2.4424906541753444e-08,6.217248937900877e-09,-3.777533841287095e-08,4.5411523164678624e-08
gmat_two_body,numerical_two_body,EarthMJ2000Eq,6660.0,2026-08-04T20:43:00Z,-2.546585164964199e-08,5.047695594839752e-08,6.366462912410498e-09,5.689432776712574e-08,2.5757174171303632e-08,6.217248937900877e-09,-3.702593787124897e-08,4.5530278726274994e-08
gmat_two_body,numerical_two_body,EarthMJ2000Eq,6720.0,2026-08-04T20:44:00Z,0.001600793893885566,-0.003104486950178398,0.0003928080332116224,0.0035149222559659643,-0.0016625336662912105,-0.0005301936667478913,0.002941268228973115,0.0034199681739130136
gmat_two_body,numerical_two_body,EarthMJ2000Eq,6780.0,2026-08-04T20:45:00Z,-2.4101609596982598e-08,5.0249582272954285e-08,9.094947017729282e-10,5.573809544991934e-08,2.7977620220553945e-08,-2.6645352591003757e-09,-3.530509218307998e-08,4.5125342274694305e-08
gmat_two_body,numerical_two_body,EarthMJ2000Eq,6840.0,2026-08-04T20:46:00Z,-2.4101609596982598e-08,5.03632691106759e-08,0.0,5.583320213528618e-08,2.7533531010703882e-08,-4.440892098500626e-09,-3.441691376337985e-08,4.4298316057654415e-08
gmat_two_body,numerical_two_body,EarthMJ2000Eq,6900.0,2026-08-04T20:47:00Z,0.001277264345844742,-0.0031512543650080715,0.0009148534445557743,0.003521188024966032,-0.0019228396652692936,1.2961187678683928e-05,0.0028431956788921298,0.0034323813947738746
gmat_two_body,numerical_two_body,EarthMJ2000Eq,6960.0,2026-08-04T20:48:00Z,-1.8189894035458565e-08,4.877165338257328e-08,-5.4569682106375694e-09,5.233856055283706e-08,2.7533531010703882e-08,-1.1546319456101628e-08,-3.064215547965432e-08,4.278264268764907e-08
gmat_two_body,numerical_two_body,EarthMJ2000Eq,7020.0,2026-08-04T20:49:00Z,0.0010378334991401061,-0.003127737727481872,0.0012493528629420325,0.0035243047881805445,-0.0020629342678546436,0.0003788409586036323,0.00272479550034177,0.003438564930910488
gmat_two_body,numerical_two_body,EarthMJ2000Eq,7080.0,2026-08-04T20:50:00Z,-1.3642420526593924e-08,4.774847184307873e-08,-9.094947017729282e-09,5.0485148929452674e-08,2.7755575615628914e-08,-1.687538997430238e-08,-2.6645352591003757e-08,4.201339761598186e-08
gmat_two_body,numerical_two_body,EarthMJ2000Eq,7140.0,2026-08-04T20:51:00Z,-1.3642420526593924e-08,4.75210981676355e-08,-1.000444171950221e-08,5.044263338686233e-08,2.7533531010703882e-08,-1.7763568394002505e-08,-2.531308496145357e-08,4.140521660698763e-08
gmat_two_body,numerical_two_body,EarthMJ2000Eq,7200.0,2026-08-04T20:52:00Z,0.0006516256689792499,-0.0030106969006737927,0.001718329258437734,0.0035272605915359595,-0.0022164905466581786,0.0009184644156334798,0.002471389759506337,0.0034444411113565016
gmat_two_body,numerical_two_body,EarthMJ2000Eq,7260.0,2026-08-04T20:53:00Z,-9.094947017729282e-09,4.501998773775995e-08,-1.1823431123048067e-08,4.7426900390862784e-08,2.531308496145357e-08,-2.3092638912203256e-08,-2.220446049250313e-08,4.082964986328322e-08
gmat_two_body,numerical_two_body,EarthMJ2000Eq,7320.0,2026-08-04T20:54:00Z,-8.185452315956354e-09,4.3655745685100555e-08,-1.4551915228366852e-08,4.673953356370329e-08,2.475797344914099e-08,-2.398081733190338e-08,-1.865174681370263e-08,3.9190872769268026e-08
gmat_two_body,numerical_two_body,EarthMJ2000Eq,7380.0,2026-08-04T20:55:00Z,0.000244300281337928,-0.0027988216970697977,0.0021340547391446307,0.0035280696066143746,-0.00229672192375574,0.0014292531602677627,0.002134846965873294,0.003446051038347236
gmat_two_body,numerical_two_body,EarthMJ2000Eq,7440.0,2026-08-04T20:56:00Z,-6.366462912410498e-09,4.1382008930668235e-08,-1.4551915228366852e-08,4.432562182267248e-08,2.3425705819590803e-08,-2.5757174171303632e-08,-1.509903313490213e-08,3.794965765386763e-08
gmat_two_body,numerical_two_body,EarthMJ2000Eq,7500.0,2026-08-04T20:57:00Z,-3.231070877518505e-05,-0.002608167960715946,0.002374653377046343,0.003527401700164631,-0.0023077726257758613,0.0017443086974822108,0.0018701991066905066,0.0034447165374031094
gmat_two_body,numerical_two_body,EarthMJ2000Eq,7560.0,2026-08-04T20:58:00Z,-4.547473508864641e-09,3.9108272176235914e-08,-1.6825651982799172e-08,4.281634071906014e-08,2.0594637106796654e-08,-2.7533531010703882e-08,-9.769962616701378e-09,3.574474194912841e-08
gmat_two_body,numerical_two_body,EarthMJ2000Eq,7620.0,2026-08-04T20:59:00Z,-4.547473508864641e-09,3.8198777474462986e-08,-1.8189894035458565e-08,4.255230147569668e-08,1.8540724511240114e-08,-2.7533531010703882e-08,-7.105427357601002e-09,3.394614695739764e-08
gmat_two_body,numerical_two_body,EarthMJ2000Eq,7680.0,2026-08-04T21:00:00Z,-0.00044459102355176583,-0.0022552394511876628,0.002671911261131754,0.0035246100419448843,-0.002260423737077133,0.0021658550508618646,0.0014238494827623072,0.003439155553627677
gmat_two_body,numerical_two_body,EarthMJ2000Eq,7740.0,2026-08-04T21:01:00Z,-9.094947017729282e-10,3.3651303965598345e-08,-1.8189894035458565e-08,3.8263686234063477e-08,1.4654943925052066e-08,-2.9309887850104133e-08,-1.7763568394002505e-09,3.281756162259753e-08
gmat_two_body,numerical_two_body,EarthMJ2000Eq,7800.0,2026-08-04T21:02:00Z,-9.094947017729282e-10,3.2741809263825417e-08,-1.864464138634503e-08,3.768920146284194e-08,1.354472090042691e-08,-2.8421709430404007e-08,-8.881784197001252e-10,3.149669652712803e-08
gmat_two_body,numerical_two_body,EarthMJ2000Eq,7860.0,2026-08-04T21:03:00Z,-0.0008415991032961756,-0.0018329192243982106,0.00288459227704152,0.0035197662619277786,-0.0021387929205474165,0.0025131505765330076,0.0009334559791795982,0.003429533647943708
gmat_two_body,numerical_two_body,EarthMJ2000Eq,7920.0,2026-08-04T21:04:00Z,0.0,2.9103830456733704e-08,-2.000888343900442e-08,3.531838563312267e-08,7.993605777301127e-09,-2.6645352591003757e-08,6.217248937900877e-09,2.8504854540545235e-08
gmat_two_body,numerical_two_body,EarthMJ2000Eq,7980.0,2026-08-04T21:05:00Z,-0.0010913672667811625,-0.0015198756955214776,0.002976151790790027,0.003515477794363231,-0.0020190795702035302,0.002697662093709141,0.0005911262590529986,0.003421036880361048
gmat_two_body,numerical_two_body,EarthMJ2000Eq,8040.0,2026-08-04T21:06:00Z,9.094947017729282e-10,2.7284841053187847e-08,-1.9554136088117957e-08,3.358055940664055e-08,4.440892098500626e-09,-2.6201263381153694e-08,1.2434497875801753e-08,2.934015103612163e-08
gmat_two_body,numerical_two_body,EarthMJ2000Eq,8100.0,2026-08-04T21:07:00Z,0.0,2.546585164964199e-08,-1.887201506178826e-08,3.1696412300667984e-08,2.6645352591003757e-09,-2.4868995751603507e-08,1.3322676295501878e-08,2.8338320372156672e-08
gmat_two_body,numerical_two_body,EarthMJ2000Eq,8160.0,2026-08-04T21:08:00Z,-0.001434837031411007,-0.0010148660294362344,0.0030355734281783953,0.003507622614004356,-0.0017874075552981594,0.0028979374455673224,6.851585965250706e-05,0.003405519289356929
gmat_two_body,numerical_two_body,EarthMJ2000Eq,8220.0,2026-08-04T21:09:00Z,9.094947017729282e-10,1.8189894035458565e-08,-1.7820411812863313e-08,2.548070844411125e-08,0.0,-2.3314683517128287e-08,1.4210854715202004e-08,2.730426448817899e-08
gmat_two_body,numerical_two_body,EarthMJ2000Eq,8280.0,2026-08-04T21:10:00Z,1.3642420526593924e-09,1.8189894035458565e-08,-1.6711965145077556e-08,2.4739102255533495e-08,-8.881784197001252e-10,-2.220446049250313e-08,1.509903313490213e-08,2.6866479640571182e-08
gmat_two_body,numerical_two_body,EarthMJ2000Eq,8340.0,2026-08-04T21:11:00Z,0.0,1.6370904631912708e-08,-1.6370904631912708e-08,2.3151955358767472e-08,-8.881784197001252e-10,-2.1538326677728037e-08,1.4210854715202004e-08,2.5819309996944753e-08
gmat_two_body,numerical_two_body,EarthMJ2000Eq,8400.0,2026-08-04T21:12:00Z,-9.094947017729282e-10,1.4551915228366852e-08,-1.5688783605583012e-08,2.1417827818173775e-08,-3.1086244689504383e-09,-1.9984014443252818e-08,1.509903313490213e-08,2.523896156671203e-08
gmat_two_body,numerical_two_body,EarthMJ2000Eq,8460.0,2026-08-04T21:13:00Z,-0.0018991509023180697,-0.00012065265764249489,0.0029272157462401083,0.0034914070571343825,-0.0012874816768260189,0.0030188559985155905,-0.000781573916697198,0.003373715814231794
gmat_two_body,numerical_two_body,EarthMJ2000Eq,8520.0,2026-08-04T21:14:00Z,0.0,1.1823431123048067e-08,-1.2732925824820995e-08,1.7375871879760598e-08,-5.329070518200751e-09,-1.662558979376172e-08,1.509903313490213e-08,2.3082244912210395e-08
gmat_two_body,numerical_two_body,EarthMJ2000Eq,8580.0,2026-08-04T21:15:00Z,4.547473508864641e-10,9.094947017729282e-09,-1.1823431123048067e-08,1.4923752206797816e-08,-5.329070518200751e-09,-1.554312234475219e-08,1.865174681370263e-08,2.4857097658704194e-08
gmat_two_body,numerical_two_body,EarthMJ2000Eq,8640.0,2026-08-04T21:16:00Z,-0.0020998872969357762,0.0004192579581285827,0.002743602635746356,0.003480324599539638,-0.000938263688965435,0.0029647382326913885,-0.001251767578480667,0.0033521535777688402
gmat_two_body,numerical_two_body,EarthMJ2000Eq,8700.0,2026-08-04T21:17:00Z,-6.821210263296962e-10,8.185452315956354e-09,-8.640199666842818e-09,1.1921408012238616e-08,-8.881784197001252e-09,-1.354472090042691e-08,1.5987211554602254e-08,2.27582180340239e-08
gmat_two_body,numerical_two_body,EarthMJ2000Eq,8760.0,2026-08-04T21:18:00Z,-2.2737367544323206e-10,6.366462912410498e-09,-8.185452315956354e-09,1.0372327531474224e-08,-9.769962616701378e-09,-1.1324274851176597e-08,1.4210854715202004e-08,2.0631038804997488e-08
gmat_two_body,numerical_two_body,EarthMJ2000Eq,8820.0,2026-08-04T21:19:00Z,-9.094947017729282e-10,8.185452315956354e-09,-7.275957614183426e-09,1.0989466294262976e-08,-9.769962616701378e-09,-1.0880185641326534e-08,1.2434497875801753e-08,1.919498232728514e-08
gmat_two_body,numerical_two_body,EarthMJ2000Eq,8880.0,2026-08-04T21:20:00Z,-2.2737367544323206e-10,7.275957614183426e-09,-8.185452315956354e-09,1.095412651051984e-08,-8.881784197001252e-09,-8.43769498715119e-09,1.2434497875801753e-08,1.745558720414801e-08
gmat_two_body,numerical_two_body,EarthMJ2000Eq,8940.0,2026-08-04T21:21:00Z,-0.0022885127464178368,0.0012717155186692253,0.0022631911633652635,0.0034607203286130565,-0.00031394442601140327,0.0026799615859829373,-0.0019246337856770879,0.003314358220521362
gmat_two_body,numerical_two_body,EarthMJ2000Eq,9000.0,2026-08-04T21:22:00Z,-2.1600499167107046e-09,4.547473508864641e-09,-5.4569682106375694e-09,7.4245426127416495e-09,-9.769962616701378e-09,-7.993605777301127e-09,1.0658141036401503e-08,1.652107360937751e-08
gmat_two_body,numerical_two_body,EarthMJ2000Eq,9060.0,2026-08-04T21:23:00Z,-2.8705926524708048e-09,4.547473508864641e-09,-4.547473508864641e-09,7.042679376776339e-09,-8.881784197001252e-09,-7.549516567451064e-09,9.769962616701378e-09,1.5209650241082524e-08
gmat_two_body,numerical_two_body,EarthMJ2000Eq,9120.0,2026-08-04T21:24:00Z,-0.0023107424738100235,0.0017305310393567197,0.0018868950064643286,0.0034488608588730766,6.624745196859294e-05,0.002406387533682164,-0.002245035712888921,0.0032916978961168237
gmat_two_body,numerical_two_body,EarthMJ2000Eq,9180.0,2026-08-04T21:25:00Z,-3.751665644813329e-09,1.8189894035458565e-09,-3.637978807091713e-09,5.533408295213102e-09,-8.881784197001252e-09,-7.993605777301127e-09,1.1102230246251565e-08,1.6310835057892842e-08
gmat_two_body,numerical_two_body,EarthMJ2000Eq,9240.0,2026-08-04T21:26:00Z,-4.661160346586257e-09,1.8189894035458565e-09,-3.637978807091713e-09,6.1862773965971385e-09,-9.769962616701378e-09,-7.993605777301127e-09,1.021405182655144e-08,1.623812666443156e-08
gmat_two_body,numerical_two_body,EarthMJ2000Eq,9300.0,2026-08-04T21:27:00Z,-5.343281372915953e-09,0.0,-2.7284841053187847e-09,5.999606765707886e-09,-9.769962616701378e-09,-8.881784197001252e-09,1.199040866595169e-08,1.7835586898960546e-08
gmat_two_body,numerical_two_body,EarthMJ2000Eq,9360.0,2026-08-04T21:28:00Z,-6.139089236967266e-09,1.8189894035458565e-09,-1.8189894035458565e-09,6.656264835466776e-09,-1.0658141036401503e-08,-8.881784197001252e-09,1.0658141036401503e-08,1.7495085916501027e-08
gmat_two_body,numerical_two_body,EarthMJ2000Eq,9420.0,2026-08-04T21:29:00Z,-0.002198495167249348,0.0023673610485275276,0.0011521469787112437,0.003430046937733876,0.0006737730373629347,0.0018140688951007178,-0.0026186159907126694,0.003256065995778542
gmat_two_body,numerical_two_body,EarthMJ2000Eq,9480.0,2026-08-04T21:30:00Z,-5.9117155615240335e-09,4.547473508864641e-10,0.0,5.92918004731714e-09,-9.769962616701378e-09,-8.881784197001252e-09,1.1546319456101628e-08,1.7540118387177283e-08
gmat_two_body,numerical_two_body,EarthMJ2000Eq,9540.0,2026-08-04T21:31:00Z,-5.9117155615240335e-09,-9.094947017729282e-10,2.7284841053187847e-09,6.574206188270619e-09,-9.769962616701378e-09,-9.769962616701378e-09,1.1546319456101628e-08,1.8006160946904697e-08
gmat_two_body,numerical_two_body,EarthMJ2000Eq,9600.0,2026-08-04T21:32:00Z,-0.0020467714421101846,0.0026568773137114476,0.0006686204869765788,0.0034198426501751743,0.0010071019573842932,0.0013965077982902585,-0.0027410047565012974,0.003236911407254687
gmat_two_body,numerical_two_body,EarthMJ2000Eq,9660.0,2026-08-04T21:33:00Z,-5.9117155615240335e-09,-1.3642420526593924e-09,3.637978807091713e-09,7.074208581845617e-09,-1.2434497875801753e-08,-8.881784197001252e-09,1.2434497875801753e-08,1.970075037577853e-08
gmat_two_body,numerical_two_body,EarthMJ2000Eq,9720.0,2026-08-04T21:34:00Z,-0.0019135077309329063,0.002806782958941767,0.0003370414560777135,0.0034136694857676082,0.0012113172687122642,0.0010998766342140698,-0.002779573349265263,0.003225375348686773
gmat_two_body,numerical_two_body,EarthMJ2000Eq,9780.0,2026-08-04T21:35:00Z,-6.366462912410498e-09,-3.637978807091713e-09,5.4569682106375694e-09,9.140308630886365e-09,-1.1102230246251565e-08,-7.993605777301127e-09,1.3322676295501878e-08,1.9095836023552692e-08
gmat_two_body,numerical_two_body,EarthMJ2000Eq,9840.0,2026-08-04T21:36:00Z,-8.185452315956354e-09,-3.410605131648481e-09,5.4569682106375694e-09,1.0412125577072685e-08,-1.0658141036401503e-08,-9.769962616701378e-09,1.491862189340054e-08,2.0775307917858114e-08
gmat_two_body,numerical_two_body,EarthMJ2000Eq,9900.0,2026-08-04T21:37:00Z,-0.001670169694989454,0.0029633299618581077,-0.00016388094081776217,0.0034055320047931504,0.0014856471608482025,0.0006366720484152211,-0.002773646534670604,0.0032102357986695945
gmat_two_body,numerical_two_body,EarthMJ2000Eq,9960.0,2026-08-04T21:38:00Z,-9.549694368615746e-09,-5.002220859751105e-09,9.094947017729282e-09,1.4104500605090674e-08,-1.1102230246251565e-08,-7.993605777301127e-09,1.7208456881689926e-08,2.1983817639633623e-08
gmat_two_body,numerical_two_body,EarthMJ2000Eq,10020.0,2026-08-04T21:39:00Z,-1.0459189070388675e-08,-5.9117155615240335e-09,1.0913936421275139e-08,1.623135931147294e-08,-1.199040866595169e-08,-6.217248937900877e-09,1.709743457922741e-08,2.1788674891404483e-08
gmat_two_body,numerical_two_body,EarthMJ2000Eq,10080.0,2026-08-04T21:40:00Z,-0.0013812787074130028,0.00303531271583779,-0.0006570035111508332,0.0033989274432008167,0.0017166219556941087,0.00016225154553239918,-0.0026933459906786084,0.0031980039287504407
gmat_two_body,numerical_two_body,EarthMJ2000Eq,10140.0,2026-08-04T21:41:00Z,-1.2732925824820995e-08,-6.291855925155687e-09,1.3642420526593924e-08,1.9693412321579554e-08,-1.3766765505351941e-08,-8.881784197001252e-09,1.865174681370263e-08,2.482534153247273e-08
gmat_two_body,numerical_two_body,EarthMJ2000Eq,10200.0,2026-08-04T21:42:00Z,-0.0011674082998069935,0.0030357581408679835,-0.0009749292075866833,0.0033954611745844023,0.0018442398719287212,-0.00015450929424787319,-0.0026002373587630245,0.0031916027555332683
gmat_two_body,numerical_two_body,EarthMJ2000Eq,10260.0,2026-08-04T21:43:00Z,-1.3642420526593924e-08,-7.958078640513122e-09,1.3642420526593924e-08,2.087012916341089e-08,-1.6431300764452317e-08,-7.993605777301127e-09,2.3092638912203256e-08,2.944750159290593e-08
gmat_two_body,numerical_two_body,EarthMJ2000Eq,10320.0,2026-08-04T21:44:00Z,-1.4551915228366852e-08,-9.094947017729282e-09,1.6370904631912708e-08,2.371672018926856e-08,-1.7319479184152442e-08,-7.105427357601002e-09,2.353672812205332e-08,3.0073726537226644e-08
gmat_two_body,numerical_two_body,EarthMJ2000Eq,10380.0,2026-08-04T21:45:00Z,-0.0008212373359128833,0.0029656644073838834,-0.0014263405319070444,0.003391761113651986,0.001993424980639702,-0.0006220863824069056,-0.0024046107327535537,0.0031847900082561317
gmat_two_body,numerical_two_body,EarthMJ2000Eq,10440.0,2026-08-04T21:46:00Z,-1.7280399333685637e-08,-9.549694368615746e-09,1.9099388737231493e-08,2.7469901961992866e-08,-1.9095836023552692e-08,-3.552713678800501e-09,2.7533531010703882e-08,3.369522307151774e-08
gmat_two_body,numerical_two_body,EarthMJ2000Eq,10500.0,2026-08-04T21:47:00Z,-1.8189894035458565e-08,-1.000444171950221e-08,2.000888343900442e-08,2.8832559990673614e-08,-1.9761969838327786e-08,-8.881784197001252e-10,2.9309887850104133e-08,3.5360908339321265e-08
gmat_two_body,numerical_two_body,EarthMJ2000Eq,10560.0,2026-08-04T21:48:00Z,-0.0004529638317762874,0.0028129215934313834,-0.0018368491510045715,0.00338994379411167,0.0020895052355029975,-0.0010710889952747493,-0.0021467099209360185,0.003181450494607489
gmat_two_body,numerical_two_body,EarthMJ2000Eq,10620.0,2026-08-04T21:49:00Z,-2.091837814077735e-08,-9.549694368615746e-09,2.546585164964199e-08,3.4311584149031896e-08,-2.2426505097428162e-08,1.7763568394002505e-09,3.197442310920451e-08,3.909561749956492e-08
gmat_two_body,numerical_two_body,EarthMJ2000Eq,10680.0,2026-08-04T21:50:00Z,-0.000199961505131796,0.00266721008301829,-0.002082485480059404,0.003389799404853811,0.0021230962543583587,-0.0013550502941939158,-0.0019432651043871374,0.003181191328888324
gmat_two_body,numerical_two_body,EarthMJ2000Eq,10740.0,2026-08-04T21:51:00Z,-2.2737367544323206e-08,-1.0459189070388675e-08,2.8194335754960775e-08,3.770017357412615e-08,-2.5479618415147343e-08,6.217248937900877e-09,3.4638958368304884e-08,4.344792947631111e-08
gmat_two_body,numerical_two_body,EarthMJ2000Eq,10800.0,2026-08-04T21:52:00Z,-2.546585164964199e-08,-7.275957614183426e-09,3.001332515850663e-08,4.002810071081583e-08,-2.6825763832505345e-08,9.769962616701378e-09,3.6415315207705135e-08,4.6272550787757696e-08
gmat_two_body,numerical_two_body,EarthMJ2000Eq,10860.0,2026-08-04T21:53:00Z,0.0001833850546972826,0.0023870925360824913,-0.00240173767451779,0.003391192225649438,0.0021269649375099675,-0.001750711575709829,-0.0015960486265953477,0.0031837622532434906
gmat_two_body,numerical_two_body,EarthMJ2000Eq,10920.0,2026-08-04T21:54:00Z,-2.9103830456733704e-08,-8.185452315956354e-09,3.3651303965598345e-08,4.523764842977794e-08,-2.986499936241671e-08,1.4210854715202004e-08,3.552713678800501e-08,4.853909792123612e-08
gmat_two_body,numerical_two_body,EarthMJ2000Eq,10980.0,2026-08-04T21:55:00Z,-3.2741809263825417e-08,-1.0913936421275139e-08,3.774403012357652e-08,5.114442190548068e-08,-3.097522238704187e-08,1.7763568394002505e-08,3.6415315207705135e-08,5.1000822990336394e-08
gmat_two_body,numerical_two_body,EarthMJ2000Eq,11040.0,2026-08-04T21:56:00Z,-3.3651303965598345e-08,-9.094947017729282e-09,3.865352482534945e-08,5.205019981963858e-08,-3.197442310920451e-08,1.865174681370263e-08,3.6415315207705135e-08,5.1926164638315225e-08
gmat_two_body,numerical_two_body,EarthMJ2000Eq,11100.0,2026-08-04T21:57:00Z,-3.637978807091713e-08,-9.094947017729282e-09,4.1382008930668235e-08,5.584512247706198e-08,-3.397282455352979e-08,2.398081733190338e-08,3.552713678800501e-08,5.469378261196288e-08
gmat_two_body,numerical_two_body,EarthMJ2000Eq,11160.0,2026-08-04T21:58:00Z,0.000807652213552501,0.0017748598111211322,-0.0027824085009342525,0.003397679577779575,0.002009024946403315,-0.0023067734389314865,-0.0009248983801057875,0.0031957506078154705
gmat_two_body,numerical_two_body,EarthMJ2000Eq,11220.0,2026-08-04T21:59:00Z,-3.9108272176235914e-08,-5.4569682106375694e-09,4.501998773775995e-08,5.988350983843977e-08,-3.6637359812630166e-08,3.064215547965432e-08,3.2862601528904634e-08,5.7975757051779866e-08
gmat_two_body,numerical_two_body,EarthMJ2000Eq,11280.0,2026-08-04T22:00:00Z,-4.092726157978177e-08,-3.637978807091713e-09,4.638422979041934e-08,6.19658971005113e-08,-3.6415315207705135e-08,3.552713678800501e-08,3.2862601528904634e-08,6.056569333606035e-08
gmat_two_body,numerical_two_body,EarthMJ2000Eq,11340.0,2026-08-04T22:01:00Z,0.0011571264622034505,0.0013355038390727714,-0.002909320528488024,0.0034039180500111074,0.001865082754903824,-0.002564506829116908,-0.00048127635210448716,0.0032073128762753872
gmat_two_body,numerical_two_body,EarthMJ2000Eq,11400.0,2026-08-04T22:02:00Z,-4.638422979041934e-08,-9.094947017729282e-10,4.9681148084346205e-08,6.79745572169596e-08,-3.774758283725532e-08,4.1744385725905886e-08,2.9309887850104133e-08,6.34550492512168e-08
gmat_two_body,numerical_two_body,EarthMJ2000Eq,11460.0,2026-08-04T22:03:00Z,-5.002220859751105e-08,1.8189894035458565e-09,5.1102233555866405e-08,7.153298784352181e-08,-3.774758283725532e-08,4.574118861455645e-08,2.5757174171303632e-08,6.465731487789105e-08
gmat_two_body,numerical_two_body,EarthMJ2000Eq,11520.0,2026-08-04T22:04:00Z,-5.2295945351943374e-08,3.637978807091713e-09,5.255884616417461e-08,7.423296505033103e-08,-3.68594044175552e-08,4.973799150320701e-08,2.3092638912203256e-08,6.607384856900182e-08
gmat_two_body,numerical_two_body,EarthMJ2000Eq,11580.0,2026-08-04T22:05:00Z,-5.411493475548923e-08,8.185452315956354e-09,5.417177817435004e-08,7.700655390146113e-08,-3.8191672047105385e-08,5.240252676230739e-08,2.042810365310288e-08,6.798482215678664e-08
gmat_two_body,numerical_two_body,EarthMJ2000Eq,11640.0,2026-08-04T22:06:00Z,0.0016669146134518087,0.0005193387551116757,-0.0029381023978203302,0.0034177130908222405,0.0015106005335496775,-0.0028432851628679146,0.0002937081688969556,0.0032330247412944734
gmat_two_body,numerical_two_body,EarthMJ2000Eq,11700.0,2026-08-04T22:07:00Z,-5.9117155615240335e-08,1.8189894035458565e-08,5.729816621169448e-08,8.431364174486071e-08,-3.730349362740526e-08,5.9396931817445875e-08,1.5987211554602254e-08,7.193842561126694e-08
gmat_two_body,numerical_two_body,EarthMJ2000Eq,11760.0,2026-08-04T22:08:00Z,-6.230038707144558e-08,2.091837814077735e-08,5.7980287238024175e-08,8.76392063034364e-08,-3.552713678800501e-08,6.300515664747763e-08,1.0658141036401503e-08,7.311240101979034e-08
gmat_two_body,numerical_two_body,EarthMJ2000Eq,11820.0,2026-08-04T22:09:00Z,0.0019147137209074572,3.6288838600739837e-07,-0.002843034963007085,0.0034276780136996473,0.0012355290124332896,-0.002909862371999923,0.0007614886499140994,0.0032517219943429044
gmat_two_body,numerical_two_body,EarthMJ2000Eq,11880.0,2026-08-04T22:10:00Z,-6.502887117676437e-08,2.7284841053187847e-08,5.820766091346741e-08,9.144040915721639e-08,-3.108624468950438e-08,7.049916206369744e-08,1.7763568394002505e-09,7.706907229362568e-08
gmat_two_body,numerical_two_body,EarthMJ2000Eq,11940.0,2026-08-04T22:11:00Z,-6.775735528208315e-08,3.183231456205249e-08,5.820766091346741e-08,9.482872578610925e-08,-2.8421709430404007e-08,7.416289804496046e-08,-2.6645352591003757e-09,7.946715523737153e-08
gmat_two_body,numerical_two_body,EarthMJ2000Eq,12000.0,2026-08-04T22:12:00Z,-7.003109203651547e-08,3.3651303965598345e-08,5.729816621169448e-08,9.653933893307413e-08,-2.5757174171303632e-08,7.749356711883593e-08,-8.881784197001252e-09,8.214360021702543e-08
gmat_two_body,numerical_two_body,EarthMJ2000Eq,12060.0,2026-08-04T22:13:00Z,-7.185008144006133e-08,3.9108272176235914e-08,5.6843418860808015e-08,9.961458439073697e-08,-2.220446049250313e-08,7.815970093361102e-08,-1.509903313490213e-08,8.264355823295317e-08
gmat_two_body,numerical_two_body,EarthMJ2000Eq,12120.0,2026-08-04T22:14:00Z,0.0022061508389015216,-0.0008677398000145331,-0.002501305061741732,0.0034462444626593104,0.0006915747974289843,-0.002838699275642398,0.0015055983126899264,0.0032868397522767016
gmat_two_body,numerical_two_body,EarthMJ2000Eq,12180.0,2026-08-04T22:15:00Z,-7.366907084360719e-08,4.9112713895738125e-08,5.275069270282984e-08,1.0306224452142223e-07,-1.687538997430238e-08,8.215650382226158e-08,-2.6645352591003757e-08,8.800252679202443e-08
gmat_two_body,numerical_two_body,EarthMJ2000Eq,12240.0,2026-08-04T22:16:00Z,-7.571543392259628e-08,5.184119800105691e-08,5.184119800105691e-08,1.0539376904948706e-07,-1.0658141036401503e-08,8.304468224196171e-08,-3.019806626980426e-08,8.900527189698207e-08
gmat_two_body,numerical_two_body,EarthMJ2000Eq,12300.0,2026-08-04T22:17:00Z,0.0022981172378422343,-0.0013660028344020247,-0.0021933547031949274,0.003458050236258764,0.00032653524328907224,-0.002683430810890286,0.0019090515834818689,0.0033093661221357453
gmat_two_body,numerical_two_body,EarthMJ2000Eq,12360.0,2026-08-04T22:18:00Z,-7.634071153006516e-08,6.002665031701326e-08,4.729372449219227e-08,1.0801758820461138e-07,-3.552713678800501e-09,8.482103908136196e-08,-3.907985046680551e-08,9.345836055609657e-08
gmat_two_body,numerical_two_body,EarthMJ2000Eq,12420.0,2026-08-04T22:19:00Z,0.002322143501487517,-0.0016793756003607996,-0.0019494718799251132,0.0034659909779465176,7.287770387165438e-05,-0.002533319332087558,0.0021517365667023114,0.003324603472676705
gmat_two_body,numerical_two_body,EarthMJ2000Eq,12480.0,2026-08-04T22:20:00Z,-7.636913323949557e-08,7.09405867382884e-08,4.3655745685100555e-08,1.1300723644902844e-07,7.105427357601002e-09,8.304468224196171e-08,-5.0182080713057076e-08,9.728898997982408e-08
gmat_two_body,numerical_two_body,EarthMJ2000Eq,12540.0,2026-08-04T22:21:00Z,-7.628386811120436e-08,7.548806024715304e-08,3.9108272176235914e-08,1.1422404618334957e-07,1.3322676295501878e-08,8.260059303211165e-08,-5.639932965095795e-08,1.0090211126635895e-07
gmat_two_body,numerical_two_body,EarthMJ2000Eq,12600.0,2026-08-04T22:22:00Z,0.002300422352163878,-0.0021102287064422853,-0.0015328687368310057,0.003477742767397001,-0.0003149249749867522,-0.0022408022104514203,0.0024665514075650208,0.0033472747321358852
gmat_two_body,numerical_two_body,EarthMJ2000Eq,12660.0,2026-08-04T22:23:00Z,-7.423750503221527e-08,8.458300726488233e-08,3.092281986027956e-08,1.1671209474382087e-07,2.398081733190338e-08,7.72715225139109e-08,-6.572520305780927e-08,1.0423900473677892e-07
gmat_two_body,numerical_two_body,EarthMJ2000Eq,12720.0,2026-08-04T22:24:00Z,-7.298694981727749e-08,8.822098607197404e-08,2.637534635141492e-08,1.1749764304997066e-07,2.7533531010703882e-08,7.460698725481052e-08,-7.016609515630989e-08,1.0605460285457292e-07
gmat_two_body,numerical_two_body,EarthMJ2000Eq,12780.0,2026-08-04T22:25:00Z,0.002208884779975051,-0.0024815499273245223,-0.001065719516191166,0.0034889855402681883,-0.0007007807667491761,-0.0018730572648451016,0.002711355140405658,0.0033691072849998055
gmat_two_body,numerical_two_body,EarthMJ2000Eq,12840.0,2026-08-04T22:26:00Z,-6.775735528208315e-08,9.413270163349807e-08,2.091837814077735e-08,1.1785416096041822e-07,3.6415315207705135e-08,6.750155989720952e-08,-7.838174553853605e-08,1.0966418651456318e-07
gmat_two_body,numerical_two_body,EarthMJ2000Eq,12900.0,2026-08-04T22:27:00Z,0.002109717115672538,-0.0026896418603428174,-0.0007328480933210813,0.003496018588759844,-0.0009506049281071682,-0.0015905294858953312,0.0028302262755630636,0.0033828411942820598
gmat_two_body,numerical_two_body,EarthMJ2000Eq,12960.0,2026-08-04T22:28:00Z,-6.320988177321851e-08,1.0277290130034089e-07,1.1823431123048067e-08,1.2123346039355362e-07,4.618527782440651e-08,6.128431095930864e-08,-8.482103908136196e-08,1.1438293285414911e-07
gmat_two_body,numerical_two_body,EarthMJ2000Eq,13020.0,2026-08-04T22:29:00Z,-6.048139766789973e-08,1.064108801074326e-07,5.4569682106375694e-09,1.2251960402789804e-07,5.062616992290714e-08,5.6843418860808015e-08,-8.759659664292485e-08,1.1604889957372109e-07
gmat_two_body,numerical_two_body,EarthMJ2000Eq,13080.0,2026-08-04T22:30:00Z,0.0019063104446104262,-0.002934316853497876,-0.00021257892512949184,0.003505627576820117,-0.0013044441082854519,-0.0011195400162478109,0.002935400145176459,0.0034016934447305435
gmat_two_body,numerical_two_body,EarthMJ2000Eq,13140.0,2026-08-04T22:31:00Z,-5.32054400537163e-08,1.127773430198431e-07,-2.7284841053187847e-09,1.2472767365519945e-07,5.8619775700208265e-08,4.440892098500626e-08,-9.24399445878521e-08,1.1812524591128022e-07
gmat_two_body,numerical_two_body,EarthMJ2000Eq,13200.0,2026-08-04T22:32:00Z,-4.956746124662459e-08,1.141415850725025e-07,-9.094947017729282e-09,1.2477160221201882e-07,6.306066779870889e-08,3.8191672047105385e-08,-9.353628982466944e-08,1.1909781337680944e-07
gmat_two_body,numerical_two_body,EarthMJ2000Eq,13260.0,2026-08-04T22:33:00Z,0.001642320967221167,-0.003090058271482121,0.00031829040381126106,0.0035138279783859198,-0.001621578871180418,-0.0006050262513213056,0.002947243005202438,0.0034178671905095094
gmat_two_body,numerical_two_body,EarthMJ2000Eq,13320.0,2026-08-04T22:34:00Z,-4.1382008930668235e-08,1.1789325071731582e-07,-2.091837814077735e-08,1.2668412596641438e-07,7.105427357601002e-08,2.5757174171303632e-08,-9.992007221626409e-08,1.2528432721776806e-07
gmat_two_body,numerical_two_body,EarthMJ2000Eq,13380.0,2026-08-04T22:35:00Z,0.0014364027265401091,-0.0031412221233040327,0.0006696545824524947,0.0035183755456952262,-0.0018064665319172946,-0.000246193287978258,0.002901634266194719,0.003426866481311784
gmat_two_body,numerical_two_body,EarthMJ2000Eq,13440.0,2026-08-04T22:36:00Z,-3.3651303965598345e-08,1.2104806046409067e-07,-3.3651303965598345e-08,1.3006711136674152e-07,7.72715225139109e-08,1.1546319456101628e-08,-9.880984919163893e-08,1.2596663042994608e-07
gmat_two_body,numerical_two_body,EarthMJ2000Eq,13500.0,2026-08-04T22:37:00Z,-2.9103830456733704e-08,1.2175860319985077e-07,-4.092726157978177e-08,1.3170888785823413e-07,8.038014698286133e-08,2.6645352591003757e-09,-9.814371537686384e-08,1.268867867238675e-07
gmat_two_body,numerical_two_body,EarthMJ2000Eq,13560.0,2026-08-04T22:38:00Z,0.0010896801541093737,-0.003136274472126388,0.0011800084394053556,0.0035236402086250723,-0.002035743573713944,0.00030183233690195266,0.002753146155498598,0.0034373199459832113
gmat_two_body,numerical_two_body,EarthMJ2000Eq,13620.0,2026-08-04T22:39:00Z,-1.9099388737231493e-08,1.2141754268668592e-07,-5.093170329928398e-08,1.3304527320869155e-07,8.615330671091215e-08,-1.2434497875801753e-08,-9.85878045867139e-08,1.3151640280921579e-07
gmat_two_body,numerical_two_body,EarthMJ2000Eq,13680.0,2026-08-04T22:40:00Z,-1.1823431123048067e-08,1.2073542166035622e-07,-5.638867150992155e-08,1.3377786753300905e-07,8.748557434046234e-08,-1.865174681370263e-08,-9.636735853746359e-08,1.3148490851946122e-07
gmat_two_body,numerical_two_body,EarthMJ2000Eq,13740.0,2026-08-04T22:41:00Z,-7.275957614183426e-09,1.184616849059239e-07,-6.366462912410498e-08,1.3468220131652004e-07,8.992806499463768e-08,-2.7533531010703882e-08,-9.459100169806334e-08,1.3338894184241884e-07
gmat_two_body,numerical_two_body,EarthMJ2000Eq,13800.0,2026-08-04T22:42:00Z,0.0,1.1868905858136714e-07,-6.912159733474255e-08,1.3734950980996434e-07,9.214851104388799e-08,-3.6415315207705135e-08,-9.237055564881302e-08,1.3546122256997584e-07
gmat_two_body,numerical_two_body,EarthMJ2000Eq,13860.0,2026-08-04T22:43:00Z,0.0004391285983729176,-0.0029106176953064278,0.001944557880051434,0.00352786545137566,-0.0022680530786800546,0.0011920091580464032,0.0023039321561668658,0.0034457298183108134
gmat_two_body,numerical_two_body,EarthMJ2000Eq,13920.0,2026-08-04T22:44:00Z,9.094947017729282e-09,1.1368683772161603e-07,-7.912603905424476e-08,1.3881046498304884e-07,9.381384558082573e-08,-5.3290705182007514e-08,-8.615330671091215e-08,1.3807001534976073e-07
gmat_two_body,numerical_two_body,EarthMJ2000Eq,13980.0,2026-08-04T22:45:00Z,1.546140993013978e-08,1.0959411156363785e-07,-8.36735125631094e-08,1.387486259070689e-07,9.386935673205699e-08,-6.128431095930864e-08,-8.171241461241152e-08,1.3872325545790097e-07
gmat_two_body,numerical_two_body,EarthMJ2000Eq,14040.0,2026-08-04T22:46:00Z,2.6113411877304316e-05,-0.00265142034550081,0.0023265265554073267,0.0035275257010872352,-0.002308219421154334,0.0016798757940250653,0.0019283463714714344,0.0034450514231158347
gmat_two_body,numerical_two_body,EarthMJ2000Eq,14100.0,2026-08-04T22:47:00Z,2.546585164964199e-08,1.0186340659856796e-07,-9.140421752817929e-08,1.3920989255812776e-07,9.50350909079134e-08,-7.549516567451064e-08,-7.460698725481052e-08,1.4246891271900908e-07
gmat_two_body,numerical_two_body,EarthMJ2000Eq,14160.0,2026-08-04T22:48:00Z,3.183231456205249e-08,9.913492249324918e-08,-9.413270163349807e-08,1.4036379385347616e-07,9.50350909079134e-08,-8.171241461241152e-08,-6.838973831690964e-08,1.4277865216033309e-07
gmat_two_body,numerical_two_body,EarthMJ2000Eq,14220.0,2026-08-04T22:49:00Z,3.9108272176235914e-08,9.458744898438454e-08,-9.822542779147625e-08,1.4186076667917246e-07,9.370282327836321e-08,-8.881784197001252e-08,-6.483702463810914e-08,1.4447376200012603e-07
gmat_two_body,numerical_two_body,EarthMJ2000Eq,14280.0,2026-08-04T22:50:00Z,4.547473508864641e-08,8.640199666842818e-08,-1.0277290130034089e-07,1.4175868862741096e-07,9.14823772291129e-08,-9.325873406851315e-08,-6.128431095930864e-08,1.4429824528839082e-07
gmat_two_body,numerical_two_body,EarthMJ2000Eq,14340.0,2026-08-04T22:51:00Z,-0.0006561558620887809,-0.002040789695456624,0.0027947371563641354,0.0035222036950746764,-0.0022053299186808317,0.0023585640107626205,0.0011701404289965467,0.0034344625295183646
gmat_two_body,numerical_two_body,EarthMJ2000Eq,14400.0,2026-08-04T22:52:00Z,5.3660187404602766e-08,7.548806024715304e-08,-1.1004885891452432e-07,1.4383537221616865e-07,8.859579736508749e-08,-1.0835776720341528e-07,-4.796163466380676e-08,1.4795586985209358e-07
gmat_two_body,numerical_two_body,EarthMJ2000Eq,14460.0,2026-08-04T22:53:00Z,5.820766091346741e-08,6.821210263296962e-08,-1.1300471669528633e-07,1.44260489150737e-07,8.704148513061227e-08,-1.127986593019159e-07,-4.263256414560601e-08,1.4871883942420177e-07
gmat_two_body,numerical_two_body,EarthMJ2000Eq,14520.0,2026-08-04T22:54:00Z,-0.0010398698577773757,-0.0015876503312028944,0.002960179926958517,0.0035163373124958777,-0.0020466774941496624,0.0026619737525379605,0.0006639249150452997,0.0034228335216714353
gmat_two_body,numerical_two_body,EarthMJ2000Eq,14580.0,2026-08-04T22:55:00Z,6.821210263296962e-08,5.184119800105691e-08,-1.1664269550237805e-07,1.4472705058093338e-07,8.304468224196171e-08,-1.2256862191861728e-07,-2.9309887850104133e-08,1.5092566333623656e-07
gmat_two_body,numerical_two_body,EarthMJ2000Eq,14640.0,2026-08-04T22:56:00Z,7.457856554538012e-08,4.547473508864641e-08,-1.184616849059239e-07,1.471838468071124e-07,7.949196856316121e-08,-1.3011813848606835e-07,-2.3092638912203256e-08,1.5421729151121698e-07
gmat_two_body,numerical_two_body,EarthMJ2000Eq,14700.0,2026-08-04T22:57:00Z,8.003553375601768e-08,3.8198777474462986e-08,-1.1959855328314006e-07,1.4889139401447715e-07,7.682743330406083e-08,-1.3322676295501878e-07,-1.7763568394002505e-08,1.548139826942356e-07
gmat_two_body,numerical_two_body,EarthMJ2000Eq,14760.0,2026-08-04T22:58:00Z,8.458300726488233e-08,3.001332515850663e-08,-1.2072121080564102e-07,1.5042837346531872e-07,7.327471962526033e-08,-1.3855583347321954e-07,-1.1546319456101628e-08,1.5716303960728617e-07
gmat_two_body,numerical_two_body,EarthMJ2000Eq,14820.0,2026-08-04T22:59:00Z,-0.0015973018889781088,-0.0007370390449068509,0.0030289672281469393,0.003502747828125569,-0.0016431984661835486,0.0029649369626127964,-0.00020537793687935846,0.0033960465969259585
gmat_two_body,numerical_two_body,EarthMJ2000Eq,14880.0,2026-08-04T23:00:00Z,9.231371222995222e-08,1.2732925824820995e-08,-1.2153122952440754e-07,1.5314629807948034e-07,6.661338147750939e-08,-1.4588330543574557e-07,1.7763568394002505e-09,1.603821587345304e-07
gmat_two_body,numerical_two_body,EarthMJ2000Eq,14940.0,2026-08-04T23:01:00Z,9.595169103704393e-08,5.4569682106375694e-09,-1.2141754268668592e-07,1.5485065446097879e-07,6.261657858885883e-08,-1.48991929904696e-07,1.0658141036401503e-08,1.6196612936429767e-07
gmat_two_body,numerical_two_body,EarthMJ2000Eq,15000.0,2026-08-04T23:02:00Z,-0.001865885678853374,-0.00019705112208612263,0.002946009090010193,0.003492753651445834,-0.0013340430982111684,0.003018835015300425,-0.0007124532075408752,0.003376481217247336
gmat_two_body,numerical_two_body,EarthMJ2000Eq,15060.0,2026-08-04T23:03:00Z,1.0277290130034089e-07,-1.2732925824820995e-08,-1.20508047984913e-07,1.5889174387262572e-07,5.3290705182007514e-08,-1.5293322164211531e-07,2.6645352591003757e-08,1.6412935250993626e-07
gmat_two_body,numerical_two_body,EarthMJ2000Eq,15120.0,2026-08-04T23:04:00Z,-0.0020125012270000298,0.00016460398910567164,0.0028410581762727816,0.0034855225179121346,-0.001107182789894523,0.0030017660579417793,-0.0010340359679616995,0.003362392538043177
gmat_two_body,numerical_two_body,EarthMJ2000Eq,15180.0,2026-08-04T23:05:00Z,1.0822986951097846e-07,-3.001332515850663e-08,-1.1687006917782128e-07,1.6208984363945323e-07,4.3520742565306136e-08,-1.5787371410169726e-07,4.085620730620576e-08,1.6878209120978374e-07
gmat_two_body,numerical_two_body,EarthMJ2000Eq,15240.0,2026-08-04T23:06:00Z,1.1073097994085401e-07,-3.8198777474462986e-08,-1.1232259566895664e-07,1.6228635807429186e-07,3.8191672047105385e-08,-1.5853984791647235e-07,4.973799150320701e-08,1.7049151002294785e-07
gmat_two_body,numerical_two_body,EarthMJ2000Eq,15300.0,2026-08-04T23:07:00Z,-0.002179516059186426,0.0006970867616473697,0.0026139978217543103,0.0034740761099394217,-0.0007449578731666406,0.002899831708091938,-0.0014808874126970295,0.003340211624602979
gmat_two_body,numerical_two_body,EarthMJ2000Eq,15360.0,2026-08-04T23:08:00Z,1.1505107977427542e-07,-5.638867150992155e-08,-1.0686562745831907e-07,1.6684332639917235e-07,2.6645352591003757e-08,-1.5831780331154732e-07,6.128431095930864e-08,1.7184373258821496e-07
gmat_two_body,numerical_two_body,EarthMJ2000Eq,15420.0,2026-08-04T23:09:00Z,1.1573320080060512e-07,-6.821210263296962e-08,-1.0277290130034089e-07,1.691429394176818e-07,2.042810365310288e-08,-1.5765166949677223e-07,6.927791673660977e-08,1.7340930211884844e-07
gmat_two_body,numerical_two_body,EarthMJ2000Eq,15480.0,2026-08-04T23:10:00Z,-0.0022797731844548252,0.0012034124665660784,0.0023111597329261713,0.0034622285667392496,-0.0003675024728977405,0.002712497781942602,-0.0018741737051186647,0.003317413052604049
gmat_two_body,numerical_two_body,EarthMJ2000Eq,15540.0,2026-08-04T23:11:00Z,1.1823431123048067e-07,-8.549250196665525e-08,-9.094947017729282e-08,1.7193058590662395e-07,7.105427357601002e-09,-1.545430450278218e-07,8.171241461241152e-08,1.7495987701812135e-07
gmat_two_body,numerical_two_body,EarthMJ2000Eq,15600.0,2026-08-04T23:12:00Z,-0.002308622583768738,0.0015191626516752876,0.0020723146008094773,0.0034542844702282814,-0.00011337686345314069,0.0025445641149701714,-0.0021016495210801622,0.0033022101020099975
gmat_two_body,numerical_two_body,EarthMJ2000Eq,15660.0,2026-08-04T23:13:00Z,1.1839063063234789e-07,-1.0368239600211382e-07,-8.003553375601768e-08,1.7655613080795247e-07,-6.217248937900877e-09,-1.496580637194711e-07,9.681144774731365e-08,1.7834978731567902e-07
gmat_two_body,numerical_two_body,EarthMJ2000Eq,15720.0,2026-08-04T23:14:00Z,1.1806378097389825e-07,-1.127773430198431e-07,-7.366907084360719e-08,1.7912263250474068e-07,-1.2434497875801753e-08,-1.474376176702208e-07,1.0302869668521453e-07,1.8029803155427808e-07
gmat_two_body,numerical_two_body,EarthMJ2000Eq,15780.0,2026-08-04T23:15:00Z,-0.0022950000584387453,0.00195035772776464,0.001667425749474205,0.0034425614249414213,0.0002630944351267317,0.002235892360147318,-0.0023852320119033266,0.003279903211768327
gmat_two_body,numerical_two_body,EarthMJ2000Eq,15840.0,2026-08-04T23:16:00Z,1.1596057447604835e-07,-1.291482476517558e-07,-6.184563972055912e-08,1.8425799265372344e-07,-2.5757174171303632e-08,-1.4033219031261979e-07,1.1768364061026659e-07,1.8494862780381637e-07
gmat_two_body,numerical_two_body,EarthMJ2000Eq,15900.0,2026-08-04T23:17:00Z,1.1368683772161603e-07,-1.3733369996771216e-07,-5.3660187404602766e-08,1.861844728495363e-07,-2.9309887850104133e-08,-1.3500311979441904e-07,1.2301271112846734e-07,1.849784824761726e-07
gmat_two_body,numerical_two_body,EarthMJ2000Eq,15960.0,2026-08-04T23:18:00Z,-0.0022148044536152156,0.002320613930351101,0.0012180589692434296,0.0034313664091798392,0.0006246647643592951,0.0018694059633617144,-0.0025951010229618987,0.003258747311937869
gmat_two_body,numerical_two_body,EarthMJ2000Eq,16020.0,2026-08-04T23:19:00Z,1.1050360626541078e-07,-1.5279510989785194e-07,-4.18367562815547e-08,1.9315203023142106e-07,-4.440892098500626e-08,-1.2434497875801753e-07,1.3278267374516872e-07,1.8725668066133257e-07
gmat_two_body,numerical_two_body,EarthMJ2000Eq,16080.0,2026-08-04T23:20:00Z,-0.0021260375433485024,0.0025289041332143825,0.0009004606909002177,0.0034243570501004445,0.0008527898387455934,0.0015989627399903839,-0.0026925364160490517,0.0032455638500414013
gmat_two_body,numerical_two_body,EarthMJ2000Eq,16140.0,2026-08-04T23:21:00Z,1.0277290130034089e-07,-1.6689227777533233e-07,-2.2737367544323206e-08,1.973126693995445e-07,-5.8619775700208265e-08,-1.1102230246251565e-07,1.454392162258955e-07,1.9213223405671372e-07
gmat_two_body,numerical_two_body,EarthMJ2000Eq,16200.0,2026-08-04T23:22:00Z,9.958966984413564e-08,-1.7325874068774283e-07,-1.6370904631912708e-08,2.0051109715632607e-07,-6.572520305780927e-08,-1.0302869668521453e-07,1.5054624213917123e-07,1.9390432094172158e-07
gmat_two_body,numerical_two_body,EarthMJ2000Eq,16260.0,2026-08-04T23:23:00Z,-0.0019435256035649218,0.002777972895273706,0.0004072899173479527,0.003414719645206773,0.0011695311386006324,0.001163315666019571,-0.0027741519081914134,0.00322754167017021
gmat_two_body,numerical_two_body,EarthMJ2000Eq,16320.0,2026-08-04T23:24:00Z,9.322320693172514e-08,-1.8417267710901797e-07,2.7284841053187847e-09,2.0644027206349737e-07,-7.860379014346108e-08,-8.43769498715119e-08,1.5765166949677223e-07,1.9532556000087753e-07
gmat_two_body,numerical_two_body,EarthMJ2000Eq,16380.0,2026-08-04T23:25:00Z,8.640199666842818e-08,-1.8826540326699615e-07,1.2732925824820995e-08,2.075362486305372e-07,-8.526512829121202e-08,-7.638334409421077e-08,1.6006640457533194e-07,1.967887477250803e-07
gmat_two_body,numerical_two_body,EarthMJ2000Eq,16440.0,2026-08-04T23:26:00Z,8.094502845779061e-08,-1.9349499780219048e-07,2.000888343900442e-08,2.1069591173769343e-07,-9.103828801926284e-08,-6.750155989720952e-08,1.6323054019551364e-07,1.987174872188002e-07
gmat_two_body,numerical_two_body,EarthMJ2000Eq,16500.0,2026-08-04T23:27:00Z,7.594280759803951e-08,-1.9736035028472543e-07,3.001332515850663e-08,2.1358655757667104e-07,-9.681144774731365e-08,-5.773159728050814e-08,1.6642243139131097e-07,2.0100203832221509e-07
gmat_two_body,numerical_two_body,EarthMJ2000Eq,16560.0,2026-08-04T23:28:00Z,-0.0015232781152008101,0.003011657327078865,-0.00042510873754508793,0.003401642766478386,0.0016127934543419542,0.00038768988019910466,-0.0027403189717389864,0.0032032412079719607
gmat_two_body,numerical_two_body,EarthMJ2000Eq,16620.0,2026-08-04T23:29:00Z,6.411937647499144e-08,-2.036131263594143e-07,4.729372449219227e-08,2.1864650932896206e-07,-1.092459456231154e-07,-3.730349362740526e-08,1.680877659282487e-07,2.039110696520625e-07
gmat_two_body,numerical_two_body,EarthMJ2000Eq,16680.0,2026-08-04T23:30:00Z,5.729816621169448e-08,-2.0546053747239057e-07,5.820766091346741e-08,2.2110007711143788e-07,-1.1413092693146609e-07,-2.6645352591003757e-08,1.6919798895287386e-07,2.058246893903435e-07
gmat_two_body,numerical_two_body,EarthMJ2000Eq,16740.0,2026-08-04T23:31:00Z,-0.0012136897566961125,0.0030386261187231867,-0.0009088034857995808,0.003395911555193579,0.0018190573491949635,-8.79127881603381e-05,-0.0026222735094449945,0.0031926504124816578
gmat_two_body,numerical_two_body,EarthMJ2000Eq,16800.0,2026-08-04T23:32:00Z,4.3655745685100555e-08,-2.071374183287844e-07,7.457856554538012e-08,2.2444085332675637e-07,-1.234568003383174e-07,-5.329070518200751e-09,1.687538997430238e-07,2.091598891299229e-07
gmat_two_body,numerical_two_body,EarthMJ2000Eq,16860.0,2026-08-04T23:33:00Z,3.637978807091713e-08,-2.0770585251739249e-07,8.549250196665525e-08,2.2753939887979883e-07,-1.2789769243681803e-07,6.217248937900877e-09,1.6475709685437323e-07,2.0866570125178708e-07
gmat_two_body,numerical_two_body,EarthMJ2000Eq,16920.0,2026-08-04T23:34:00Z,3.001332515850663e-08,-2.071374183287844e-07,9.276845958083868e-08,2.2893819439312826e-07,-1.305622276959184e-07,1.7763568394002505e-08,1.6298074001497298e-07,2.0958234963573976e-07
gmat_two_body,numerical_two_body,EarthMJ2000Eq,16980.0,2026-08-04T23:35:00Z,2.3646862246096134e-08,-2.0486368157435209e-07,1.0277290130034089e-07,2.3041391313020354e-07,-1.34781075189494e-07,2.9309887850104133e-08,1.5853984791647235e-07,2.1014254955244046e-07
gmat_two_body,numerical_two_body,EarthMJ2000Eq,17040.0,2026-08-04T23:36:00Z,-0.0006295995262917131,0.0028951862987014465,-0.0016480216800118797,0.003390350236403978,0.0020506163433964275,-0.0008612444091227189,-0.0022761841300678043,0.0031824178723137858
gmat_two_body,numerical_two_body,EarthMJ2000Eq,17100.0,2026-08-04T23:37:00Z,7.275957614183426e-09,-1.9963408703915775e-07,1.2096279533579946e-07,2.3353523529140505e-07,-1.3877787807814457e-07,5.062616992290714e-08,1.4921397450962104e-07,2.0996932803124664e-07
gmat_two_body,numerical_two_body,EarthMJ2000Eq,17160.0,2026-08-04T23:38:00Z,-1.8189894035458565e-09,-1.9690560293383896e-07,1.3278622645884752e-07,2.3750222551877107e-07,-1.3944401189291966e-07,6.128431095930864e-08,1.447730824111204e-07,2.1014196299969938e-07
gmat_two_body,numerical_two_body,EarthMJ2000Eq,17220.0,2026-08-04T23:39:00Z,-0.0002536044121370651,0.0027005712581740227,-0.0020326369849499315,0.003389544723250802,0.0021179483722377768,-0.0012963230489049238,-0.0019880213031342464,0.0031809412846361047
gmat_two_body,numerical_two_body,EarthMJ2000Eq,17280.0,2026-08-04T23:40:00Z,-2.000888343900442e-08,-1.8735590856522322e-07,1.5006662579253316e-07,2.408787746305849e-07,-1.4266365866433262e-07,8.348877145181177e-08,1.3589129821411916e-07,2.139853719120649e-07
gmat_two_body,numerical_two_body,EarthMJ2000Eq,17340.0,2026-08-04T23:41:00Z,-2.8194335754960775e-08,-1.8098944565281272e-07,1.6007106751203537e-07,2.432588059265656e-07,-1.4299715925258916e-07,9.414691248821327e-08,1.2967404927621828e-07,2.147724091708819e-07
gmat_two_body,numerical_two_body,EarthMJ2000Eq,17400.0,2026-08-04T23:42:00Z,-3.9108272176235914e-08,-1.7553247744217515e-07,1.6643753042444587e-07,2.4503583232536955e-07,-1.4327428132787645e-07,1.0480505352461478e-07,1.2168044349891716e-07,2.1521558787506547e-07
gmat_two_body,numerical_two_body,EarthMJ2000Eq,17460.0,2026-08-04T23:43:00Z,-4.8203219193965197e-08,-1.6825651982799172e-07,1.7325874068774283e-07,2.4627707572973845e-07,-1.439959262938828e-07,1.163513729807164e-07,1.1457501614131615e-07,2.177151880496948e-07
gmat_two_body,numerical_two_body,EarthMJ2000Eq,17520.0,2026-08-04T23:44:00Z,0.00038393318391172215,0.002212005711044185,-0.0025433264454477467,0.003392474519213748,0.002106359975329042,-0.001941441674091493,-0.0013953105337805027,0.0031863520843193353
gmat_two_body,numerical_two_body,EarthMJ2000Eq,17580.0,2026-08-04T23:45:00Z,-6.730260793119669e-08,-1.546140993013978e-07,1.8690116121433675e-07,2.5172843462825247e-07,-1.4166445794216997e-07,1.3589129821411916e-07,1.0125233984581428e-07,2.2087847314444156e-07
gmat_two_body,numerical_two_body,EarthMJ2000Eq,17640.0,2026-08-04T23:46:00Z,-7.457856554538012e-08,-1.4642864698544145e-07,1.914486347232014e-07,2.523011907109663e-07,-1.3944401189291966e-07,1.447730824111204e-07,8.970602038971265e-08,2.2011598746517558e-07
gmat_two_body,numerical_two_body,EarthMJ2000Eq,17700.0,2026-08-04T23:47:00Z,0.0007565722626168281,0.001832573616411537,-0.0027580881578614935,0.0033967304771890003,0.0020248160925717684,-0.0022655237685853535,-0.0009851310878161712,0.00319420747838093
gmat_two_body,numerical_two_body,EarthMJ2000Eq,17760.0,2026-08-04T23:48:00Z,-9.367795428261161e-08,-1.2732925824820995e-07,2.0304469217080623e-07,2.57323621425146e-07,-1.3389289676979388e-07,1.6298074001497298e-07,7.105427357601002e-08,2.225729974966626e-07
gmat_two_body,numerical_two_body,EarthMJ2000Eq,17820.0,2026-08-04T23:49:00Z,0.0009946907084668055,0.001549373337184079,-0.002858979087250191,0.0034005483035565104,0.001939889582303067,-0.00245005571386514,-0.000694424961977802,0.0032012764048718226
gmat_two_body,numerical_two_body,EarthMJ2000Eq,17880.0,2026-08-04T23:50:00Z,-1.0913936421275139e-07,-1.0822986951097846e-07,2.1077539713587612e-07,2.6086658182471995e-07,-1.2567724638756772e-07,1.794120407794253e-07,5.062616992290714e-08,2.2482539829223618e-07
gmat_two_body,numerical_two_body,EarthMJ2000Eq,17940.0,2026-08-04T23:51:00Z,-1.1550582712516189e-07,-9.640643838793039e-08,2.128217602148652e-07,2.606317307686598e-07,-1.212363542890671e-07,1.8474111129762605e-07,3.907985046680551e-08,2.2439867761930757e-07
gmat_two_body,numerical_two_body,EarthMJ2000Eq,18000.0,2026-08-04T23:52:00Z,0.0013291974028106779,0.0010872290658880956,-0.0029433329018502263,0.0034076445454983458,0.0017680865660452127,-0.0026737647651486895,-0.000239786857036961,0.003214443320574784
gmat_two_body,numerical_two_body,EarthMJ2000Eq,18060.0,2026-08-04T23:53:00Z,-1.2823875294998288e-07,-7.548806024715304e-08,2.169429080822738e-07,2.630738496415758e-07,-1.1102230246251565e-07,1.978417429882029e-07,1.509903313490213e-08,2.273659774774962e-07
gmat_two_body,numerical_two_body,EarthMJ2000Eq,18120.0,2026-08-04T23:54:00Z,-1.3460521586239338e-07,-6.275513442233205e-08,2.163744738936657e-07,2.6243986737248423e-07,-1.0480505352461478e-07,2.036149027162537e-07,4.440892098500626e-09,2.290477010910115e-07
gmat_two_body,numerical_two_body,EarthMJ2000Eq,18180.0,2026-08-04T23:55:00Z,0.001628166046430124,0.0005910196705372073,-0.002944535708593321,0.003416214200674627,0.0015456449453665755,-0.002827494238744066,0.0002276099309028723,0.0032304099194860303
gmat_two_body,numerical_two_body,EarthMJ2000Eq,18240.0,2026-08-04T23:56:00Z,-1.468833943363279e-07,-3.9108272176235914e-08,2.1691448637284338e-07,2.6486993578503055e-07,-9.192646643896296e-08,2.106093077713922e-07,-1.687538997430238e-08,2.3041600321740583e-07
gmat_two_body,numerical_two_body,EarthMJ2000Eq,18300.0,2026-08-04T23:57:00Z,0.0018033779269899242,0.0002477354428265244,-0.0028984293294342933,0.0034226360272327904,0.0013712129209864088,-0.0028880579039380905,0.000540611111432554,0.0032424317579532336
gmat_two_body,numerical_two_body,EarthMJ2000Eq,18360.0,2026-08-04T23:58:00Z,-1.5688783605583012e-07,-1.546140993013978e-08,2.128217602148652e-07,2.648508069088377e-07,-7.593925488436071e-08,2.1466162181127402e-07,-4.1744385725905886e-08,2.3149292872714612e-07
gmat_two_body,numerical_two_body,EarthMJ2000Eq,18420.0,2026-08-04T23:59:00Z,-1.6007106751203537e-07,0.0,2.1077539713587612e-07,2.6466774395877726e-07,-6.750155989720952e-08,2.141620214501927e-07,-5.240252676230739e-08,2.3058156221012925e-07
gmat_two_body,numerical_two_body,EarthMJ2000Eq,18480.0,2026-08-05T00:00:00Z,0.0020240704543539323,-0.00027551686798688024,-0.002759295512078097,0.0034331446913446802,0.0010742775558014728,-0.002912324603698835,0.0010031078190309017,0.0032621974435661145
gmat_two_body,numerical_two_body,EarthMJ2000Eq,18540.0,2026-08-05T00:01:00Z,-1.687112671788782e-07,2.637534635141492e-08,2.0327206584624946e-07,2.6547821628461705e-07,-4.973799150320701e-08,2.134958876354176e-07,-7.815970093361102e-08,2.327301026640934e-07
gmat_two_body,numerical_two_body,EarthMJ2000Eq,18600.0,2026-08-05T00:02:00Z,-1.7075763025786728e-07,3.728928277269006e-08,1.9826984498649836e-07,2.6430964857899954e-07,-3.9968028886505635e-08,2.1183055309847987e-07,-8.704148513061227e-08,2.3247762621986455e-07
gmat_two_body,numerical_two_body,EarthMJ2000Eq,18660.0,2026-08-05T00:03:00Z,0.0021879261566937203,-0.0007957169145811349,-0.0025385056687809993,0.0034444444117634333,0.0007409033386807096,-0.002853600467034312,0.0014456711383559195,0.0032835862137306467
gmat_two_body,numerical_two_body,EarthMJ2000Eq,18720.0,2026-08-05T00:04:00Z,-1.766693458193913e-07,6.275513442233205e-08,1.8690116121433675e-07,2.6473063425278935e-07,-2.1316282072803006e-08,2.05613304160579e-07,-1.0835776720341528e-07,2.3339370266257745e-07
gmat_two_body,numerical_two_body,EarthMJ2000Eq,18780.0,2026-08-05T00:05:00Z,0.0022626329609920504,-0.0011333540896885097,-0.0023482157303078566,0.003452262522585237,0.0005023217397592816,-0.002767440054896042,0.0017230270543677761,0.003298465373133557
gmat_two_body,numerical_two_body,EarthMJ2000Eq,18840.0,2026-08-05T00:06:00Z,-1.7791990103432909e-07,8.731149137020111e-08,1.7007550923153758e-07,2.611598486554183e-07,-3.552713678800501e-09,1.949551631241775e-07,-1.2789769243681803e-07,2.3319081700170162e-07
gmat_two_body,numerical_two_body,EarthMJ2000Eq,18900.0,2026-08-05T00:07:00Z,-1.7837464838521555e-07,9.913492249324918e-08,1.6370904631912708e-07,2.616216732058143e-07,7.105427357601002e-09,1.8962609260597674e-07,-1.3500311979441904e-07,2.3288276975588142e-07
gmat_two_body,numerical_two_body,EarthMJ2000Eq,18960.0,2026-08-05T00:08:00Z,0.0023195154881250346,-0.0016147942005773075,-0.002003179361054208,0.003464165117661623,0.0001268620763994477,-0.0025679214310514453,0.0021024693097615454,0.003321248509366752
gmat_two_body,numerical_two_body,EarthMJ2000Eq,19020.0,2026-08-05T00:09:00Z,-1.7632828530622646e-07,1.2096279533579946e-07,1.4733814168721437e-07,2.596770880349789e-07,2.5757174171303632e-08,1.7541523789077473e-07,-1.509903313490213e-07,2.3287768864031435e-07
gmat_two_body,numerical_two_body,EarthMJ2000Eq,19080.0,2026-08-05T00:10:00Z,-1.7456613932154141e-07,1.3096723705530167e-07,1.3733369996771216e-07,2.578493733293703e-07,3.730349362740526e-08,1.6697754290362354e-07,-1.5942802633617248e-07,2.3385967171017027e-07
gmat_two_body,numerical_two_body,EarthMJ2000Eq,19140.0,2026-08-05T00:11:00Z,-1.723492459859699e-07,1.4097167877480388e-07,1.2823875294998288e-07,2.569483499979823e-07,4.707345624410664e-08,1.580957587066223e-07,-1.638689184346731e-07,2.3251494926722004e-07
gmat_two_body,numerical_two_body,EarthMJ2000Eq,19200.0,2026-08-05T00:12:00Z,-1.6859758034115657e-07,1.5188561519607902e-07,1.2005330063402653e-07,2.5672393576273344e-07,5.595524044110789e-08,1.4921397450962104e-07,-1.6919798895287386e-07,2.3243011549168247e-07
gmat_two_body,numerical_two_body,EarthMJ2000Eq,19260.0,2026-08-05T00:13:00Z,0.002260833753098268,-0.002313780896656681,-0.0012924983820994385,0.00348360493807944,-0.0005189288998508346,-0.002056135706141049,0.0026047004553220177,0.0033587863443695367
gmat_two_body,numerical_two_body,EarthMJ2000Eq,19320.0,2026-08-05T00:14:00Z,-1.6143530956469476e-07,1.6825651982799172e-07,1.000444171950221e-07,2.537331295884868e-07,7.549516567451064e-08,1.2523315717771766e-07,-1.7852386235972517e-07,2.3076748715699717e-07
gmat_two_body,numerical_two_body,EarthMJ2000Eq,19380.0,2026-08-05T00:15:00Z,-1.566604623803869e-07,1.7553247744217515e-07,8.822098607197404e-08,2.5127095632749875e-07,8.43769498715119e-08,1.1368683772161603e-07,-1.8252066524837574e-07,2.309934197839201e-07
gmat_two_body,numerical_two_body,EarthMJ2000Eq,19440.0,2026-08-05T00:16:00Z,0.00213302587326325,-0.002648529516591225,-0.0008041206456255168,0.0034944410123776016,-0.0008986216215589593,-0.0016523395984791023,0.002808192123282538,0.0033798949641522034
gmat_two_body,numerical_two_body,EarthMJ2000Eq,19500.0,2026-08-05T00:17:00Z,-1.4642864698544145e-07,1.8826540326699615e-07,6.548361852765083e-08,2.4733239783891355e-07,1.0036416142611415e-07,9.059419880941277e-08,-1.8762769116165146e-07,2.312669977479246e-07
gmat_two_body,numerical_two_body,EarthMJ2000Eq,19560.0,2026-08-05T00:18:00Z,-1.4006218407303095e-07,1.9281287677586079e-07,5.638867150992155e-08,2.448956984770143e-07,1.0658141036401503e-07,7.815970093361102e-08,-1.87960758069039e-07,2.2977768050683665e-07
gmat_two_body,numerical_two_body,EarthMJ2000Eq,19620.0,2026-08-05T00:19:00Z,-1.3369572116062045e-07,1.964508555829525e-07,4.4565240386873484e-08,2.4177167982762634e-07,1.1368683772161603e-07,6.750155989720952e-08,-1.8840484727888906e-07,2.3016851248135382e-07
gmat_two_body,numerical_two_body,EarthMJ2000Eq,19680.0,2026-08-05T00:20:00Z,-1.268745108973235e-07,1.9872459233738482e-07,3.54702933691442e-08,2.384255582499242e-07,1.2079226507921703e-07,5.3290705182007514e-08,-1.8701706849810762e-07,2.289236870037466e-07
gmat_two_body,numerical_two_body,EarthMJ2000Eq,19740.0,2026-08-05T00:21:00Z,0.0017744673641573172,-0.0030277249152277363,6.649861461482942e-05,0.0035100248794696473,-0.001476609057249334,-0.0008532454742748996,0.0029534545087361863,0.003410468542956447
gmat_two_body,numerical_two_body,EarthMJ2000Eq,19800.0,2026-08-05T00:22:00Z,-1.1095835361629725e-07,2.0531842892523855e-07,1.1823431123048067e-08,2.33681849995007e-07,1.305622276959184e-07,3.108624468950438e-08,-1.829647544582258e-07,2.2691176982205098e-07
gmat_two_body,numerical_two_body,EarthMJ2000Eq,19860.0,2026-08-05T00:23:00Z,-1.0322764865122736e-07,2.0691004465334117e-07,1.8189894035458565e-09,2.3123802184536844e-07,1.3677947663381929e-07,1.865174681370263e-08,-1.8063328610651297e-07,2.2734312599474247e-07
gmat_two_body,numerical_two_body,EarthMJ2000Eq,19920.0,2026-08-05T00:24:00Z,0.001481586878071539,-0.0031339394581664237,0.0005960846465313807,0.0035173844132475296,-0.0017694024023739985,-0.0003225713030019506,0.002914750218963036,0.0034249972183919095
gmat_two_body,numerical_two_body,EarthMJ2000Eq,19980.0,2026-08-05T00:25:00Z,-8.640199666842818e-08,2.0691004465334117e-07,-1.9099388737231493e-08,2.2503745967477194e-07,1.4432899320127035e-07,-7.993605777301127e-09,-1.7341683644644945e-07,2.2576127917539322e-07
gmat_two_body,numerical_two_body,EarthMJ2000Eq,20040.0,2026-08-05T00:26:00Z,-7.912603905424476e-08,2.070663640552084e-07,-3.092281986027956e-08,2.2381606280061598e-07,1.4654943925052066e-07,-2.1316282072803006e-08,-1.6786572132332367e-07,2.2385268017481745e-07
gmat_two_body,numerical_two_body,EarthMJ2000Eq,20100.0,2026-08-05T00:27:00Z,-6.912159733474255e-08,2.0543211576296017e-07,-3.8198777474462986e-08,2.2008929098321912e-07,1.4876988529977098e-07,-3.197442310920451e-08,-1.6253665080512292e-07,2.2264996150958552e-07
gmat_two_body,numerical_two_body,EarthMJ2000Eq,20160.0,2026-08-05T00:28:00Z,-5.9117155615240335e-08,2.034994395216927e-07,-4.9112713895738125e-08,2.175291213605301e-07,1.5054624213917123e-07,-4.1744385725905886e-08,-1.580957587066223e-07,2.2226343307634238e-07
gmat_two_body,numerical_two_body,EarthMJ2000Eq,20220.0,2026-08-05T00:29:00Z,0.000892228854354471,-0.0030939893349568592,0.0014354509403347038,0.003525529993558028,-0.0021303607766753885,0.0005890070653435941,0.002637448481834781,0.003441148188636204
gmat_two_body,numerical_two_body,EarthMJ2000Eq,20280.0,2026-08-05T00:30:00Z,-4.092726157978177e-08,1.971329766092822e-07,-6.639311322942376e-08,2.1200117143910022e-07,1.5232259897857148e-07,-6.306066779870889e-08,-1.4654943925052066e-07,2.2058005378421655e-07
gmat_two_body,numerical_two_body,EarthMJ2000Eq,20340.0,2026-08-05T00:31:00Z,-3.092281986027956e-08,1.9258550310041755e-07,-7.639755494892597e-08,2.0948026922535305e-07,1.5143442055887135e-07,-7.460698725481052e-08,-1.3944401189291966e-07,2.1895939972979762e-07
gmat_two_body,numerical_two_body,EarthMJ2000Eq,20400.0,2026-08-05T00:32:00Z,0.0004963440005667508,-0.002939794740086654,0.0018856608221540228,0.0035276716424500667,-0.002256231645958451,0.001119826897877374,0.002350779126913949,0.0034453963523763636
gmat_two_body,numerical_two_body,EarthMJ2000Eq,20460.0,2026-08-05T00:33:00Z,-1.4551915228366852e-08,1.8280843505635858e-07,-9.458744898438454e-08,2.0634308243782245e-07,1.4999113062685865e-07,-9.414691248821327e-08,-1.2612133559741778e-07,2.174110661642207e-07
gmat_two_body,numerical_two_body,EarthMJ2000Eq,20520.0,2026-08-05T00:34:00Z,0.0002227088771178387,-0.002785133347060764,0.002153944478777703,0.003527895098003048,-0.0022986996750518074,0.0014546941429216531,0.0021150992068896812,0.0034458380548887096
gmat_two_body,numerical_two_body,EarthMJ2000Eq,20580.0,2026-08-05T00:35:00Z,4.547473508864641e-09,1.6962076188065112e-07,-1.0913936421275139e-07,2.0175054695601193e-07,1.455224829527424e-07,-1.092459456231154e-07,-1.1102230246251565e-07,2.1316055292642257e-07
gmat_two_body,numerical_two_body,EarthMJ2000Eq,20640.0,2026-08-05T00:36:00Z,1.3642420526593924e-08,1.6416379367001355e-07,-1.1641532182693481e-07,2.0171364343054243e-07,1.419697692739419e-07,-1.163513729807164e-07,-1.0302869668521453e-07,2.1049458359503697e-07
gmat_two_body,numerical_two_body,EarthMJ2000Eq,20700.0,2026-08-05T00:37:00Z,-0.00019218623492633924,-0.0024810287868604064,0.002498638423276134,0.0035264193398399216,-0.002298424284230549,0.0019146559893101767,0.001704368202126716,0.0034428959781211367
gmat_two_body,numerical_two_body,EarthMJ2000Eq,20760.0,2026-08-05T00:38:00Z,3.001332515850663e-08,1.4642864698544145e-07,-1.268745108973235e-07,1.9605940390731665e-07,1.38222766565832e-07,-1.341149413747189e-07,-8.43769498715119e-08,2.1026607041240962e-07
gmat_two_body,numerical_two_body,EarthMJ2000Eq,20820.0,2026-08-05T00:39:00Z,3.8198777474462986e-08,1.3733369996771216e-07,-1.3142198440618813e-07,1.9388509414760456e-07,1.34781075189494e-07,-1.412203687323199e-07,-7.460698725481052e-08,2.0898644291285474e-07
gmat_two_body,numerical_two_body,EarthMJ2000Eq,20880.0,2026-08-05T00:40:00Z,-0.0006001455403747968,-0.00209979680221295,0.0027642290660878643,0.003522823244220532,-0.0022219708295523333,0.002309137769884728,0.0012389449466354563,0.003435732263795192
gmat_two_body,numerical_two_body,EarthMJ2000Eq,20940.0,2026-08-05T00:41:00Z,5.547917680814862e-08,1.191438059322536e-07,-1.3960743672214448e-07,1.9173789906917178e-07,1.2745360322696797e-07,-1.545430450278218e-07,-5.8619775700208265e-08,2.0872051131872847e-07
gmat_two_body,numerical_two_body,EarthMJ2000Eq,21000.0,2026-08-05T00:42:00Z,-0.0008616016202722676,-0.0018091450328938663,0.002893119699365343,0.003519304575758705,-0.002130380316600622,0.002528885101327205,0.0009069278661399949,0.003428745879101471
gmat_two_body,numerical_two_body,EarthMJ2000Eq,21060.0,2026-08-05T00:43:00Z,7.003109203651547e-08,9.913492249324918e-08,-1.4551915228366852e-07,1.89493826788439e-07,1.1901590823981678e-07,-1.6653345369377348e-07,-4.085620730620576e-08,2.0872807019845784e-07
gmat_two_body,numerical_two_body,EarthMJ2000Eq,21120.0,2026-08-05T00:44:00Z,7.548806024715304e-08,9.00399754755199e-08,-1.475655153626576e-07,1.8862986441111803e-07,1.1413092693146609e-07,-1.6964207816272392e-07,-3.197442310920451e-08,2.0694604828014915e-07
gmat_two_body,numerical_two_body,EarthMJ2000Eq,21180.0,2026-08-05T00:45:00Z,-0.0012286063792998902,-0.001329461156274192,0.0030100802632659907,0.0035124811448037346,-0.001936679261405061,0.002785848440822747,0.0003901092782143678,0.0034152398665013147
gmat_two_body,numerical_two_body,EarthMJ2000Eq,21240.0,2026-08-05T00:46:00Z,8.958522812463343e-08,7.09405867382884e-08,-1.511466507508885e-07,1.8948189881391388e-07,1.0347278589506459e-07,-1.7896795156957523e-07,-1.3322676295501878e-08,2.0715607356186888e-07
gmat_two_body,numerical_two_body,EarthMJ2000Eq,21300.0,2026-08-05T00:47:00Z,9.5042196335271e-08,5.820766091346741e-08,-1.5151613297348376e-07,1.8809117317005553e-07,9.992007221626409e-08,-1.8252066524837574e-07,-4.440892098500626e-09,2.0812865155245585e-07
gmat_two_body,numerical_two_body,EarthMJ2000Eq,21360.0,2026-08-05T00:48:00Z,-0.0015552059267065488,-0.0008118422556435689,0.003033211328329344,0.003504015451566542,-0.0016830528082323326,0.0029495763609332926,-0.00013250112118612378,0.003398562050542965
gmat_two_body,numerical_two_body,EarthMJ2000Eq,21420.0,2026-08-05T00:49:00Z,1.07775122160092e-07,3.8198777474462986e-08,-1.509761204943061e-07,1.8938957869079683e-07,8.881784197001252e-08,-1.8696155734687636e-07,1.3322676295501878e-08,2.074143839791594e-07
gmat_two_body,numerical_two_body,EarthMJ2000Eq,21480.0,2026-08-05T00:50:00Z,-0.001745538156683324,-0.0004541225280263461,0.0029966752208565595,0.0034975981910725772,-0.0014857675090240718,0.003005263593536256,-0.0004750795312702394,0.003385973260162873
gmat_two_body,numerical_two_body,EarthMJ2000Eq,21540.0,2026-08-05T00:51:00Z,1.1777956387959421e-07,1.2732925824820995e-08,-1.4847501006443053e-07,1.899446805819014e-07,7.638334409421077e-08,-1.9195756095768957e-07,3.375077994860476e-08,2.093352230537872e-07
gmat_two_body,numerical_two_body,EarthMJ2000Eq,21600.0,2026-08-05T00:52:00Z,1.2232703738845885e-07,1.8189894035458565e-09,-1.4733814168721437e-07,1.9150911412914342e-07,6.838973831690964e-08,-1.919020498064583e-07,4.1744385725905886e-08,2.079570791452145e-07
gmat_two_body,numerical_two_body,EarthMJ2000Eq,21660.0,2026-08-05T00:53:00Z,-0.0019838453226839192,8.856932254275307e-05,0.0028663557714025956,0.0034870449090144387,-0.0011561489543510106,0.003008789245528831,-0.0009676002221681301,0.0033653741721533285
gmat_two_body,numerical_two_body,EarthMJ2000Eq,21720.0,2026-08-05T00:54:00Z,1.305124897044152e-07,-2.3646862246096134e-08,-1.4142642612569034e-07,1.9389202683353504e-07,5.773159728050814e-08,-1.9617640845126516e-07,5.8619775700208265e-08,2.1273081267305665e-07
gmat_two_body,numerical_two_body,EarthMJ2000Eq,21780.0,2026-08-05T00:55:00Z,1.33240973809734e-07,-3.2741809263825417e-08,-1.368789526168257e-07,1.9380668421164982e-07,5.240252676230739e-08,-1.9662049766111522e-07,6.750155989720952e-08,2.1438774568555808e-07
gmat_two_body,numerical_two_body,EarthMJ2000Eq,21840.0,2026-08-05T00:56:00Z,1.368789526168257e-07,-4.3655745685100555e-08,-1.318767317570746e-07,1.9502088139409275e-07,4.440892098500626e-08,-1.9673151996357774e-07,7.549516567451064e-08,2.153484693478315e-07
gmat_two_body,numerical_two_body,EarthMJ2000Eq,21900.0,2026-08-05T00:57:00Z,1.3960743672214448e-07,-5.638867150992155e-08,-1.2732925824820995e-07,1.9718686231293596e-07,3.8191672047105385e-08,-1.9739765377835283e-07,8.615330671091215e-08,2.1873918210548518e-07
gmat_two_body,numerical_two_body,EarthMJ2000Eq,21960.0,2026-08-05T00:58:00Z,-0.0022407145934266737,0.0009676905392552726,0.00246347099164268,0.003467840278274706,-0.0005474873887578724,0.002811352040055226,-0.0016951338110970937,0.0033282009211428555
gmat_two_body,numerical_two_body,EarthMJ2000Eq,22020.0,2026-08-05T00:59:00Z,1.4210854715202004e-07,-7.912603905424476e-08,-1.1550582712516189e-07,1.9949277011946964e-07,2.3092638912203256e-08,-1.949551631241775e-07,1.021405182655144e-07,2.2129950535925728e-07
gmat_two_body,numerical_two_body,EarthMJ2000Eq,22080.0,2026-08-05T01:00:00Z,1.4335910236695781e-07,-9.094947017729282e-08,-1.1004885891452432e-07,2.023224893712487e-07,1.509903313490213e-08,-1.91402449445377e-07,1.1191048088221578e-07,2.2223148783776738e-07
gmat_two_body,numerical_two_body,EarthMJ2000Eq,22140.0,2026-08-05T01:01:00Z,-0.002305050941231457,0.0014542856661137193,0.0021249024939606898,0.0034559249484293216,-0.00016689849502427023,0.002582606573042767,-0.0020561223834647535,0.003305351883619935
gmat_two_body,numerical_two_body,EarthMJ2000Eq,22200.0,2026-08-05T01:02:00Z,1.4483703125733882e-07,-1.1550582712516189e-07,-9.640643838793039e-08,2.0883860535339951e-07,8.881784197001252e-10,-1.8607337892717624e-07,1.2789769243681803e-07,2.2579174240202993e-07
gmat_two_body,numerical_two_body,EarthMJ2000Eq,22260.0,2026-08-05T01:03:00Z,1.446665010007564e-07,-1.2732925824820995e-07,-8.822098607197404e-08,2.1195301106932317e-07,-8.881784197001252e-09,-1.8385293287792592e-07,1.3633538742396922e-07,2.2905921697757772e-07
gmat_two_body,numerical_two_body,EarthMJ2000Eq,22320.0,2026-08-05T01:04:00Z,1.446665010007564e-07,-1.3915268937125802e-07,-7.821654435247183e-08,2.1542909571712424e-07,-1.7763568394002505e-08,-1.8207657603852567e-07,1.447730824111204e-07,2.3329524061758845e-07
gmat_two_body,numerical_two_body,EarthMJ2000Eq,22380.0,2026-08-05T01:05:00Z,1.4313172869151458e-07,-1.4915713109076023e-07,-6.730260793119669e-08,2.174032717044248e-07,-2.398081733190338e-08,-1.7674750552032492e-07,1.5409895581797173e-07,2.357143366275217e-07
gmat_two_body,numerical_two_body,EarthMJ2000Eq,22440.0,2026-08-05T01:06:00Z,-0.002260894689243287,0.0021533687686314806,0.0014357055988512002,0.003436552402646967,0.00045579540142171027,0.0020494912433832724,-0.002505030405330899,0.0032685380732514315
gmat_two_body,numerical_two_body,EarthMJ2000Eq,22500.0,2026-08-05T01:07:00Z,1.3983481039758772e-07,-1.6916601452976465e-07,-4.4565240386873484e-08,2.2395753017381147e-07,-3.8191672047105385e-08,-1.6697754290362354e-07,1.6964207816272392e-07,2.41077867775648e-07
gmat_two_body,numerical_two_body,EarthMJ2000Eq,22560.0,2026-08-05T01:08:00Z,1.368789526168257e-07,-1.800799509510398e-07,-3.2741809263825417e-08,2.2855341274607309e-07,-4.796163466380676e-08,-1.616484723854228e-07,1.7852386235972517e-07,2.455632636531763e-07
gmat_two_body,numerical_two_body,EarthMJ2000Eq,22620.0,2026-08-05T01:09:00Z,-0.002146992528651026,0.002487674919393612,0.0009683726602816023,0.003425762547498616,0.0008057092770741292,0.001657452841641316,-0.002674803489810529,0.0032482135198491453
gmat_two_body,numerical_two_body,EarthMJ2000Eq,22680.0,2026-08-05T01:10:00Z,1.2960299500264227e-07,-1.9736035028472543e-07,-1.000444171950221e-08,2.363220959459427e-07,-6.483702463810914e-08,-1.4832579608992091e-07,1.9317880628477724e-07,2.520365702576574e-07
gmat_two_body,numerical_two_body,EarthMJ2000Eq,22740.0,2026-08-05T01:11:00Z,1.255102688446641e-07,-2.0691004465334117e-07,1.8189894035458565e-09,2.4200806368044374e-07,-7.37188088351104e-08,-1.412203687323199e-07,1.9961809982760315e-07,2.5539193624651284e-07
gmat_two_body,numerical_two_body,EarthMJ2000Eq,22800.0,2026-08-05T01:12:00Z,1.2096279533579946e-07,-2.141860022675246e-07,1.3642420526593924e-08,2.463610299146742e-07,-8.43769498715119e-08,-1.3500311979441904e-07,2.0627943797535409e-07,2.6056960405095957e-07
gmat_two_body,numerical_two_body,EarthMJ2000Eq,22860.0,2026-08-05T01:13:00Z,1.1459633242338896e-07,-2.219167072325945e-07,2.4556356947869062e-08,2.5096286382730034e-07,-9.325873406851315e-08,-1.2612133559741778e-07,2.1294077612310502e-07,2.6447600441032167e-07
gmat_two_body,numerical_two_body,EarthMJ2000Eq,22920.0,2026-08-05T01:14:00Z,-0.0018254554561281111,0.002876779944926966,0.0001438802428310737,0.0034101102618711637,0.0013217937855358741,0.0009232703490624772,-0.0027860715956506965,0.0032189690717729525
gmat_two_body,numerical_two_body,EarthMJ2000Eq,22980.0,2026-08-05T01:15:00Z,1.0413714335300028e-07,-2.3646862246096134e-07,5.3660187404602766e-08,2.6389651332786706e-07,-1.1368683772161603e-07,-1.0658141036401503e-07,2.2585405767827638e-07,2.743981586601226e-07
gmat_two_body,numerical_two_body,EarthMJ2000Eq,23040.0,2026-08-05T01:16:00Z,9.595169103704393e-08,-2.4283508537337184e-07,6.730260793119669e-08,2.696391046111478e-07,-1.2256862191861728e-07,-9.681144774731365e-08,2.3098190027326382e-07,2.788335735663978e-07
gmat_two_body,numerical_two_body,EarthMJ2000Eq,23100.0,2026-08-05T01:17:00Z,-0.0015636514945072122,0.003000955985044129,-0.00035559151001507416,0.003402526729129636,0.00157998858441033,0.00045436543416599307,-0.002751105343534732,0.0032049013223275948
gmat_two_body,numerical_two_body,EarthMJ2000Eq,23160.0,2026-08-05T01:18:00Z,8.094502845779061e-08,-2.5295321393059567e-07,9.458744898438454e-08,2.819294443211347e-07,-1.3944401189291966e-07,-7.460698725481052e-08,2.391420395042587e-07,2.8670498785038363e-07
gmat_two_body,numerical_two_body,EarthMJ2000Eq,23220.0,2026-08-05T01:19:00Z,-0.0013650096661876887,0.0030364690815076756,-0.0006821946954005398,0.0033983504048538797,0.001727265885875795,0.00013733725268139096,-0.002686949329699928,0.0031971871483945477
gmat_two_body,numerical_two_body,EarthMJ2000Eq,23280.0,2026-08-05T01:20:00Z,6.366462912410498e-08,-2.608615545796056e-07,1.2005330063402653e-07,2.9413386519121244e-07,-1.5898393712632242e-07,-4.884981308350689e-08,2.431388423929093e-07,2.945822350085693e-07
gmat_two_body,numerical_two_body,EarthMJ2000Eq,23340.0,2026-08-05T01:21:00Z,5.275069270282984e-08,-2.6290081223123707e-07,1.355147105641663e-07,3.004391942336458e-07,-1.6786572132332367e-07,-3.552713678800501e-08,2.446931546273845e-07,2.988575208443891e-07
gmat_two_body,numerical_two_body,EarthMJ2000Eq,23400.0,2026-08-05T01:22:00Z,-0.0010371104508521967,0.0030184614843165036,-0.0011529555195011199,0.003393525342400898,0.0019077317503501945,-0.0003363265221878464,-0.0025323338981309007,0.0031883022021828534
gmat_two_body,numerical_two_body,EarthMJ2000Eq,23460.0,2026-08-05T01:23:00Z,3.2741809263825417e-08,-2.66481947619468e-07,1.6370904631912708e-07,3.1446034142265334e-07,-1.8340884366807586e-07,-5.329070518200751e-09,2.4513724383723456e-07,3.0620168393456697e-07
gmat_two_body,numerical_two_body,EarthMJ2000Eq,23520.0,2026-08-05T01:24:00Z,2.000888343900442e-08,-2.6557245291769505e-07,1.800799509510398e-07,3.214931910627749e-07,-1.907363156306019e-07,9.769962616701378e-09,2.460254222569347e-07,3.114551374862379e-07
gmat_two_body,numerical_two_body,EarthMJ2000Eq,23580.0,2026-08-05T01:25:00Z,-0.0006813188520027325,0.002916116500273347,-0.001589891326148063,0.003390528756731262,0.0020367012520949856,-0.0007979394922585925,-0.0023120123593400876,0.00318280702734748
gmat_two_body,numerical_two_body,EarthMJ2000Eq,23640.0,2026-08-05T01:26:00Z,-4.547473508864641e-09,-2.632987161632627e-07,2.1009327610954642e-07,3.368769480314412e-07,-2.0605739337042905e-07,4.3520742565306136e-08,2.4069635173873394e-07,3.198256370843146e-07
gmat_two_body,numerical_two_body,EarthMJ2000Eq,23700.0,2026-08-05T01:27:00Z,-0.00043330510379746556,0.002802496965159662,-0.001856753442552872,0.0033895834403563497,0.0020928333510639163,-0.0010937721839354708,-0.002131443022079793,0.0031810907535072042
gmat_two_body,numerical_two_body,EarthMJ2000Eq,23760.0,2026-08-05T01:28:00Z,-3.092281986027956e-08,-2.5693225325085223e-07,2.41016095969826e-07,3.5363704849069155e-07,-2.1804780203638074e-07,7.638334409421077e-08,2.3092638912203256e-07,3.266592359337964e-07
gmat_two_body,numerical_two_body,EarthMJ2000Eq,23820.0,2026-08-05T01:29:00Z,-4.274625098332763e-08,-2.532942744437605e-07,2.546585164964199e-07,3.6171285775222044e-07,-2.2382096176443156e-07,9.50350909079134e-08,2.2382096176443156e-07,3.304895071771351e-07
gmat_two_body,numerical_two_body,EarthMJ2000Eq,23880.0,2026-08-05T01:30:00Z,-5.23186827194877e-05,0.002567445790191414,-0.0022127051124698482,0.0033897756629138924,0.002131024565144024,-0.0015121877083856816,-0.001814879801997904,0.003181472309849634
gmat_two_body,numerical_two_body,EarthMJ2000Eq,23940.0,2026-08-05T01:31:00Z,-6.821210263296962e-08,-2.382876118645072e-07,2.801243681460619e-07,3.7403681442196467e-07,-2.3236967905404526e-07,1.3233858453531866e-07,2.078337502098293e-07,3.3867984354958804e-07
gmat_two_body,numerical_two_body,EarthMJ2000Eq,24000.0,2026-08-05T01:32:00Z,-8.185452315956354e-08,-2.3101165425032377e-07,2.928572939708829e-07,3.818794862166581e-07,-2.3558932582545822e-07,1.4921397450962104e-07,1.9628743075372768e-07,3.410218410948941e-07
gmat_two_body,numerical_two_body,EarthMJ2000Eq,24060.0,2026-08-05T01:33:00Z,0.0003305076461401768,0.0022604435798712075,-0.002507205863366835,0.0033918905824391085,0.002113259012226365,-0.0018916894717335708,-0.0014499592637662317,0.0031853939437383725
gmat_two_body,numerical_two_body,EarthMJ2000Eq,24120.0,2026-08-05T01:34:00Z,-1.1095835361629725e-07,-2.1191226551309228e-07,3.1468516681343317e-07,3.9527878607955785e-07,-2.4069635173873394e-07,1.8829382497642655e-07,1.7408297026122455e-07,3.517018322379909e-07
gmat_two_body,numerical_two_body,EarthMJ2000Eq,24180.0,2026-08-05T01:35:00Z,0.000581768290430773,0.002019597559410613,-0.002665394731593551,0.003394342015904512,0.0020702832781438474,-0.0021185639909049314,-0.0011837624214194875,0.0031899341224680476
gmat_two_body,numerical_two_body,EarthMJ2000Eq,24240.0,2026-08-05T01:36:00Z,-1.4097167877480388e-07,-1.8917489796876907e-07,3.3378455555066466e-07,4.0874476848301734e-07,-2.398081733190338e-07,2.2470914018413168e-07,1.474376176702208e-07,3.601944041447253e-07
gmat_two_body,numerical_two_body,EarthMJ2000Eq,24300.0,2026-08-05T01:37:00Z,-1.546140993013978e-07,-1.7462298274040222e-07,3.4287950256839395e-07,4.146866999139068e-07,-2.395861287141088e-07,2.402522625288839e-07,1.341149413747189e-07,3.6484171941049384e-07
gmat_two_body,numerical_two_body,EarthMJ2000Eq,24360.0,2026-08-05T01:38:00Z,0.0009452887752559036,0.0016108579075080343,-0.002840478146026726,0.0033995220494742193,0.0019596932965271208,-0.0024133104403745165,-0.0007566320903151791,0.003199524530015154
gmat_two_body,numerical_two_body,EarthMJ2000Eq,24420.0,2026-08-05T01:39:00Z,-1.837179297581315e-07,-1.4279066817834973e-07,3.5720404412131757e-07,4.2630526828794583e-07,-2.3492319201068312e-07,2.7489122089718876e-07,1.0391687510491465e-07,3.7623504143341797e-07
gmat_two_body,numerical_two_body,EarthMJ2000Eq,24480.0,2026-08-05T01:40:00Z,-1.9736035028472543e-07,-1.291482476517558e-07,3.6266101233195513e-07,4.326122832302237e-07,-2.3137047833188262e-07,2.895461648222408e-07,8.615330671091215e-08,3.805150089865273e-07
gmat_two_body,numerical_two_body,EarthMJ2000Eq,24540.0,2026-08-05T01:41:00Z,-2.128217602148652e-07,-1.0913936421275139e-07,3.675495463539846e-07,4.385170138851366e-07,-2.2604140781368187e-07,3.0331293032759277e-07,6.750155989720952e-08,3.8425240706970066e-07
gmat_two_body,numerical_two_body,EarthMJ2000Eq,24600.0,2026-08-05T01:42:00Z,-2.2737367544323206e-07,-9.00399754755199e-08,3.7073277781018987e-07,4.4412698410596045e-07,-2.2026824808563106e-07,3.1663560662309465e-07,4.796163466380676e-08,3.886856401977216e-07
gmat_two_body,numerical_two_body,EarthMJ2000Eq,24660.0,2026-08-05T01:43:00Z,0.0014913825907569844,0.0008296046871691942,-0.0029543041648594226,0.0034117999747188934,0.0016570327332487977,-0.002763649309400762,5.256239887785341e-06,0.0032223504794585967
gmat_two_body,numerical_two_body,EarthMJ2000Eq,24720.0,2026-08-05T01:44:00Z,-2.5283952709287405e-07,-5.184119800105691e-08,3.74541286873864e-07,4.548587823092603e-07,-2.042810365310288e-07,3.4083846855992306e-07,7.993605777301127e-09,3.9744874043049633e-07
gmat_two_body,numerical_two_body,EarthMJ2000Eq,24780.0,2026-08-05T01:45:00Z,-2.651177055668086e-07,-3.183231456205249e-08,3.736886355909519e-07,4.59286283732939e-07,-1.9539925233402755e-07,3.5083047578154947e-07,-1.1546319456101628e-08,4.0174146915994087e-07
gmat_two_body,numerical_two_body,EarthMJ2000Eq,24840.0,2026-08-05T01:46:00Z,0.0017680686141829938,0.00032070602173916996,-0.0029111181447660783,0.0034210419216409832,0.001409541372510148,-0.0028780321459365155,0.00047474468800601244,0.0032396386268612833
gmat_two_body,numerical_two_body,EarthMJ2000Eq,24900.0,2026-08-05T01:47:00Z,-2.892193151637912e-07,1.4551915228366852e-08,3.6925484891980886e-07,4.692640130581258e-07,-1.7408297026122455e-07,3.7059244561987725e-07,-5.417888360170764e-08,4.130120975393087e-07
gmat_two_body,numerical_two_body,EarthMJ2000Eq,24960.0,2026-08-05T01:48:00Z,-2.97859514830634e-07,3.728928277269006e-08,3.658442437881604e-07,4.732365073594526e-07,-1.6253665080512292e-07,3.769554113297602e-07,-7.460698725481052e-08,4.1722865138072025e-07
gmat_two_body,numerical_two_body,EarthMJ2000Eq,25020.0,2026-08-05T01:49:00Z,-3.078639565501362e-07,6.093614501878619e-08,3.6061464925296605e-07,4.780547612651655e-07,-1.4921397450962104e-07,3.8219427622721014e-07,-9.681144774731365e-08,4.2155632053704246e-07
gmat_two_body,numerical_two_body,EarthMJ2000Eq,25080.0,2026-08-05T01:50:00Z,-3.155946615152061e-07,8.276401786133647e-08,3.524291969370097e-07,4.80266813222728e-07,-1.3500311979441904e-07,3.8613556796462944e-07,-1.1546319456101628e-07,4.2503913760950097e-07
gmat_two_body,numerical_two_body,EarthMJ2000Eq,25140.0,2026-08-05T01:51:00Z,0.0021176128939259797,-0.0005504580258275382,-0.002652919192769332,0.003438788834761942,0.0009028777725461623,-0.00289175439149858,0.0012392158410534648,0.0032730853385799594
gmat_two_body,numerical_two_body,EarthMJ2000Eq,25200.0,2026-08-05T01:52:00Z,-3.310560714453459e-07,1.3005774235352874e-07,3.374225343577564e-07,4.902724808505308e-07,-1.0391687510491465e-07,3.8968828164342995e-07,-1.6076029396572267e-07,4.3416534396209604e-07
gmat_two_body,numerical_two_body,EarthMJ2000Eq,25260.0,2026-08-05T01:53:00Z,-3.374225343577564e-07,1.5370460459962487e-07,3.2741809263825417e-07,4.946530901090286e-07,-8.79296635503124e-08,3.8902214782865485e-07,-1.829647544582258e-07,4.3880059093767157e-07
gmat_two_body,numerical_two_body,EarthMJ2000Eq,25320.0,2026-08-05T01:54:00Z,0.002249108774776687,-0.001062959199771285,-0.002390955160080921,0.003450367968590232,0.0005534843694476876,-0.002788557829092042,0.0016658932011637262,0.003295087232699152
gmat_two_body,numerical_two_body,EarthMJ2000Eq,25380.0,2026-08-05T01:55:00Z,-3.4583536034915596e-07,1.9917933968827128e-07,3.0377123039215803e-07,5.015490666330184e-07,-5.417888360170764e-08,3.82804898890754e-07,-2.2293278334473143e-07,4.462891080151035e-07
gmat_two_body,numerical_two_body,EarthMJ2000Eq,25440.0,2026-08-05T01:56:00Z,-3.489049049676396e-07,2.2282620193436742e-07,2.901288098655641e-07,5.055302911725288e-07,-3.6415315207705135e-08,3.774758283725532e-07,-2.4424906541753444e-07,4.5107835477282746e-07
gmat_two_body,numerical_two_body,EarthMJ2000Eq,25500.0,2026-08-05T01:57:00Z,-3.509512680466287e-07,2.4647306418046355e-07,2.7557689463719726e-07,5.097630712085021e-07,-1.687538997430238e-08,3.708144902248023e-07,-2.646771690706373e-07,4.558971032751925e-07
gmat_two_body,numerical_two_body,EarthMJ2000Eq,25560.0,2026-08-05T01:58:00Z,-3.511786417220719e-07,2.701199264265597e-07,2.582964953035116e-07,5.128433411291663e-07,1.7763568394002505e-09,3.610445276081009e-07,-2.815525590449397e-07,4.578516679713331e-07
gmat_two_body,numerical_two_body,EarthMJ2000Eq,25620.0,2026-08-05T01:59:00Z,0.0023217643558837153,-0.0018514492694521323,-0.001795419848349411,0.003470156560366402,-7.607070529047633e-05,-0.0024296333833717654,0.002280393651687973,0.0033330317034880918
gmat_two_body,numerical_two_body,EarthMJ2000Eq,25680.0,2026-08-05T02:00:00Z,-3.480522536847275e-07,3.1013769330456853e-07,2.2282620193436742e-07,5.166984385226957e-07,3.9968028886505635e-08,3.3661962106634746e-07,-3.1752378504279477e-07,4.644691235031957e-07
gmat_two_body,numerical_two_body,EarthMJ2000Eq,25740.0,2026-08-05T02:01:00Z,-3.4572167351143435e-07,3.292370820418e-07,2.064552973024547e-07,5.201387521721398e-07,5.950795411990839e-08,3.232969447708456e-07,-3.3306690738754696e-07,4.6796973822930593e-07
gmat_two_body,numerical_two_body,EarthMJ2000Eq,25800.0,2026-08-05T02:02:00Z,0.002273101927130483,-0.002260913788632024,-0.001357887413178105,0.0034817498126112185,-0.0004645563933536323,-0.0021072636968710867,0.0025695827687854944,0.0033554624921753873
gmat_two_body,numerical_two_body,EarthMJ2000Eq,25860.0,2026-08-05T02:03:00Z,-3.362856659805402e-07,3.67435859516263e-07,1.646185410209e-07,5.24591673637964e-07,9.85878045867139e-08,2.948752353404416e-07,-3.623767952376511e-07,4.774807863747183e-07
gmat_two_body,numerical_two_body,EarthMJ2000Eq,25920.0,2026-08-05T02:04:00Z,0.0022019462448952254,-0.0024987602955661714,-0.0010400635801488534,0.0034891406579354426,-0.0007205498420148615,-0.0018517418709507183,0.0027217015308167447,0.003369836680658266
gmat_two_body,numerical_two_body,EarthMJ2000Eq,25980.0,2026-08-05T02:05:00Z,-3.2218849810305983e-07,4.015419108327478e-07,1.2096279533579946e-07,5.288415001875044e-07,1.376676550535194e-07,2.566835632933362e-07,-3.865796571744795e-07,4.840275469991734e-07
gmat_two_body,numerical_two_body,EarthMJ2000Eq,26040.0,2026-08-05T02:06:00Z,-3.142304194625467e-07,4.142748366575688e-07,9.822542779147625e-08,5.291621976937523e-07,1.5720758028692217e-07,2.3536728122053319e-07,-3.950173521616307e-07,4.859533813830297e-07
gmat_two_body,numerical_two_body,EarthMJ2000Eq,26100.0,2026-08-05T02:07:00Z,0.0020386260075611062,-0.0027936557671637274,-0.0005345127647160552,0.0034994588781347455,-0.0010904201985795225,-0.0014149303950716785,0.0028811670826911495,0.003390010028119523
gmat_two_body,numerical_two_body,EarthMJ2000Eq,26160.0,2026-08-05T02:08:00Z,-2.951310307253152e-07,4.4155967771075666e-07,4.8203219193965197e-08,5.332924381778497e-07,1.936228954946273e-07,1.9095836023552692e-07,-4.0900616227190767e-07,4.911628668577855e-07
gmat_two_body,numerical_two_body,EarthMJ2000Eq,26220.0,2026-08-05T02:09:00Z,-2.8194335754960775e-07,4.524736141320318e-07,2.4556356947869062e-08,5.336922737107967e-07,2.1271873151818e-07,1.6608936448392342e-07,-4.143907439413397e-07,4.945246448839876e-07
gmat_two_body,numerical_two_body,EarthMJ2000Eq,26280.0,2026-08-05T02:10:00Z,0.0018111136341758538,-0.0030049636734474916,-8.228198566939682e-06,0.003508561952978509,-0.0014315926222252529,-0.0009253451338508967,0.0029509470526878356,0.003407903983465252
gmat_two_body,numerical_two_body,EarthMJ2000Eq,26340.0,2026-08-05T02:11:00Z,-2.5420376914553344e-07,4.6929926611483097e-07,-2.4556356947869062e-08,5.342886598930074e-07,2.438049762076844e-07,1.1457501614131615e-07,-4.172773238053651e-07,4.966776275508893e-07
gmat_two_body,numerical_two_body,EarthMJ2000Eq,26400.0,2026-08-05T02:12:00Z,0.0016268131730612367,-0.003095256261076429,0.00034594995668157935,0.0035138033232249054,-0.0016367023292218619,-0.0005772173850004947,0.00294490409835646,0.0034182502208796465
gmat_two_body,numerical_two_body,EarthMJ2000Eq,26460.0,2026-08-05T02:13:00Z,-2.2328094928525388e-07,4.7907633415889e-07,-7.548806024715304e-08,5.339166259864196e-07,2.7400304247748863e-07,5.8619775700208265e-08,-4.1300296516055823e-07,4.990845565848301e-07
gmat_two_body,numerical_two_body,EarthMJ2000Eq,26520.0,2026-08-05T02:14:00Z,-2.0600054995156825e-07,4.827711563848425e-07,-1.0095391189679503e-07,5.345052930933167e-07,2.864375403532904e-07,3.019806626980426e-08,-4.0945025148175773e-07,5.006075270794008e-07
gmat_two_body,numerical_two_body,EarthMJ2000Eq,26580.0,2026-08-05T02:15:00Z,0.0013075105016469024,-0.0031506430815397835,0.0008694232747075148,0.003520231863070184,-0.001901898638578814,-3.5487168759118504e-05,0.002855362168929787,0.003430972294602494
gmat_two_body,numerical_two_body,EarthMJ2000Eq,26640.0,2026-08-05T02:16:00Z,-1.7189449863508344e-07,4.819753485207912e-07,-1.509761204943061e-07,5.335182697923812e-07,3.0819791163594346e-07,-2.8421709430404007e-08,-3.97015753605956e-07,5.034036699459076e-07
gmat_two_body,numerical_two_body,EarthMJ2000Eq,26700.0,2026-08-05T02:17:00Z,-1.5188561519607902e-07,4.800995156983845e-07,-1.7280399333685637e-07,5.323776903575872e-07,3.1885605267234496e-07,-5.595524044110789e-08,-3.8813396940895473e-07,5.054187862236255e-07
gmat_two_body,numerical_two_body,EarthMJ2000Eq,26760.0,2026-08-05T02:18:00Z,0.0009457580745220184,-0.003107650627498515,0.001368152879877016,0.003524740140894259,-0.002106742114094118,0.000512568654187362,0.0026705779809788055,0.0034399237946562172
gmat_two_body,numerical_two_body,EarthMJ2000Eq,26820.0,2026-08-05T02:19:00Z,-1.1186784831807017e-07,4.7134562919382006e-07,-2.1736923372372985e-07,5.309712811603603e-07,3.341771304121721e-07,-1.1191048088221578e-07,-3.6548541970660153e-07,5.07718329627672e-07
gmat_two_body,numerical_two_body,EarthMJ2000Eq,26880.0,2026-08-05T02:20:00Z,0.0006867076081107371,-0.00302451280731475,0.0016785961634013802,0.0035266032014438413,-0.002205492233287032,0.0008715508315049192,0.0024969470935332083,0.0034436233288340744
gmat_two_body,numerical_two_body,EarthMJ2000Eq,26940.0,2026-08-05T02:21:00Z,-7.185008144006133e-08,4.5429260353557765e-07,-2.6193447411060333e-07,5.292956381434437e-07,3.448352714485736e-07,-1.6431300764452317e-07,-3.3795188869589765e-07,5.100211838633028e-07
gmat_two_body,numerical_two_body,EarthMJ2000Eq,27000.0,2026-08-05T02:22:00Z,-5.184119800105691e-08,4.433786671143025e-07,-2.8194335754960775e-07,5.279812583118706e-07,3.480549182199866e-07,-1.9184653865522705e-07,-3.2152058793144533e-07,5.111974265925987e-07
gmat_two_body,numerical_two_body,EarthMJ2000Eq,27060.0,2026-08-05T02:23:00Z,0.00028076829039491713,-0.0028208150979480706,0.0020995621525798924,0.003527603986029183,-0.002292367851097765,0.0013855974145826622,0.0021673480787853805,0.00344560999746916
gmat_two_body,numerical_two_body,EarthMJ2000Eq,27120.0,2026-08-05T02:24:00Z,-9.094947017729282e-09,4.18367562815547e-07,-3.1650415621697903e-07,5.246799182169047e-07,3.505529200253932e-07,-2.4424906541753444e-07,-2.842170943040401e-07,5.131513542711354e-07
gmat_two_body,numerical_two_body,EarthMJ2000Eq,27180.0,2026-08-05T02:25:00Z,1.2732925824820995e-08,4.029061528854072e-07,-3.310560714453459e-07,5.216259367341749e-07,3.4998566544874876e-07,-2.6911806116913795e-07,-2.6290081223123707e-07,5.138397940398189e-07
gmat_two_body,numerical_two_body,EarthMJ2000Eq,27240.0,2026-08-05T02:26:00Z,3.637978807091713e-08,3.8698999560438097e-07,-3.4560798667371273e-07,5.201246255760448e-07,3.4811042937121783e-07,-2.895461648222408e-07,-2.424727085781342e-07,5.136252203752252e-07
gmat_two_body,numerical_two_body,EarthMJ2000Eq,27300.0,2026-08-05T02:27:00Z,5.729816621169448e-08,3.6925484891980886e-07,-3.601599019020796e-07,5.189868767513582e-07,3.448352714485736e-07,-3.1086244689504383e-07,-2.2115642650533118e-07,5.142538189544082e-07
gmat_two_body,numerical_two_body,EarthMJ2000Eq,27360.0,2026-08-05T02:28:00Z,-0.0004085077307536267,-0.002289091753482353,0.002648585450515384,0.0035244608822667008,-0.002267335430516937,0.0021311103992616154,0.0014651213575689326,0.003439334540390489
gmat_two_body,numerical_two_body,EarthMJ2000Eq,27420.0,2026-08-05T02:29:00Z,9.913492249324918e-08,3.310560714453459e-07,-3.838067641481757e-07,5.164624744397814e-07,3.3306690738754696e-07,-3.490541189421492e-07,-1.7408297026122455e-07,5.129105412078749e-07
gmat_two_body,numerical_two_body,EarthMJ2000Eq,27480.0,2026-08-05T02:30:00Z,1.1823431123048067e-07,3.1013769330456853e-07,-3.942659532185644e-07,5.153740224611325e-07,3.2662761384472105e-07,-3.623767952376511e-07,-1.5010215292932116e-07,5.10424525436057e-07
gmat_two_body,numerical_two_body,EarthMJ2000Eq,27540.0,2026-08-05T02:31:00Z,-0.0008073448043433018,-0.0018724076653597876,0.0028690124054264743,0.00351979378385854,-0.0021521002757651786,0.002485430083964957,0.0009779563825418336,0.0034300578691008874
gmat_two_body,numerical_two_body,EarthMJ2000Eq,27600.0,2026-08-05T02:32:00Z,1.5734258340671659e-07,2.646629582159221e-07,-4.0881786844693124e-07,5.117960722457675e-07,3.0753177782116836e-07,-3.956834859764058e-07,-1.056932319443149e-07,5.121643044210752e-07
gmat_two_body,numerical_two_body,EarthMJ2000Eq,27660.0,2026-08-05T02:33:00Z,1.7462298274040222e-07,2.3737811716273427e-07,-4.135927156312391e-07,5.078390404765102e-07,2.993161274389422e-07,-4.0900616227190767e-07,-8.171241461241152e-08,5.133742335014778e-07
gmat_two_body,numerical_two_body,EarthMJ2000Eq,27720.0,2026-08-05T02:34:00Z,1.9099388737231493e-07,2.15550244320184e-07,-4.1802650230238214e-07,5.07628534922184e-07,2.8821389719269064e-07,-4.2232883856740955e-07,-5.8619775700208265e-08,5.146505382527436e-07
gmat_two_body,numerical_two_body,EarthMJ2000Eq,27780.0,2026-08-05T02:35:00Z,2.0736479200422764e-07,1.90084392670542e-07,-4.2223291529808193e-07,5.07358717340111e-07,2.788880237858393e-07,-4.320988011841109e-07,-3.108624468950438e-08,5.152225328970119e-07
gmat_two_body,numerical_two_body,EarthMJ2000Eq,27840.0,2026-08-05T02:36:00Z,-0.0014060101420909632,-0.0010606918294797651,0.0030337126304402773,0.003507897376047459,-0.0018099286513972856,0.0028836373289209405,0.00011470024929849387,0.003406517593538044
gmat_two_body,numerical_two_body,EarthMJ2000Eq,27900.0,2026-08-05T02:37:00Z,2.396518539171666e-07,1.3915268937125802e-07,-4.226308192301076e-07,5.053843007141206e-07,2.517985819849855e-07,-4.496403249731884e-07,1.865174681370263e-08,5.156809434047823e-07
gmat_two_body,numerical_two_body,EarthMJ2000Eq,27960.0,2026-08-05T02:38:00Z,2.532942744437605e-07,1.1095835361629725e-07,-4.214371074340306e-07,5.040624775021376e-07,2.3669954885008337e-07,-4.551914400963142e-07,4.085620730620576e-08,5.146796607971185e-07
gmat_two_body,numerical_two_body,EarthMJ2000Eq,28020.0,2026-08-05T02:39:00Z,-0.0017072416085284203,-0.0005300034899846651,0.0030075242420934956,0.003498682562918032,-0.0015288894594789326,0.0029968263426383146,-0.0004035216605302594,0.0033884068288435815
gmat_two_body,numerical_two_body,EarthMJ2000Eq,28080.0,2026-08-05T02:40:00Z,2.801243681460619e-07,5.4569682106375694e-08,-4.140474629821256e-07,5.028745503963747e-07,2.0694557179012918e-07,-4.645173135031655e-07,8.881784197001252e-08,5.162280632433225e-07
gmat_two_body,numerical_two_body,EarthMJ2000Eq,28140.0,2026-08-05T02:41:00Z,2.9331204132176936e-07,2.637534635141492e-08,-4.0677150536794215e-07,5.021858919352496e-07,1.887379141862766e-07,-4.6618264804010323e-07,1.1191048088221578e-07,5.152399609078841e-07
gmat_two_body,numerical_two_body,EarthMJ2000Eq,28200.0,2026-08-05T02:42:00Z,3.0377123039215803e-07,-3.637978807091713e-09,-3.992681740783155e-07,5.017023720649508e-07,1.723066134218243e-07,-4.6714021539884243e-07,1.3500311979441904e-07,5.158831187643196e-07
gmat_two_body,numerical_two_body,EarthMJ2000Eq,28260.0,2026-08-05T02:43:00Z,3.133209247607738e-07,-3.183231456205249e-08,-3.892637323588133e-07,5.007090487231459e-07,1.545430450278218e-07,-4.667377595524158e-07,1.545430450278218e-07,5.153748555420135e-07
gmat_two_body,numerical_two_body,EarthMJ2000Eq,28320.0,2026-08-05T02:44:00Z,-0.002084390871459618,0.0003719787855516188,0.0027628234420262743,0.003480839969566908,-0.0009700276137891706,0.00297276026017812,-0.001211791555988384,0.003353609385598231
gmat_two_body,numerical_two_body,EarthMJ2000Eq,28380.0,2026-08-05T02:45:00Z,3.303739504190162e-07,-8.640199666842818e-08,-3.6698111216537654e-07,5.012857357135691e-07,1.1812772982011666e-07,-4.6274095666376525e-07,1.9895196601282805e-07,5.173637388790604e-07
gmat_two_body,numerical_two_body,EarthMJ2000Eq,28440.0,2026-08-05T02:46:00Z,3.374225343577564e-07,-1.1368683772161603e-07,-3.537934389896691e-07,5.019446794574966e-07,1.0036416142611415e-07,-4.5852210917018965e-07,2.184918912462308e-07,5.177395059651148e-07
gmat_two_body,numerical_two_body,EarthMJ2000Eq,28500.0,2026-08-05T02:47:00Z,-0.002225988282589242,0.0008961496860138141,0.0025054414436453953,0.003469199464069943,-0.0006005045349866123,0.002836972656794501,-0.001639281599352671,0.003331105479253905
gmat_two_body,numerical_two_body,EarthMJ2000Eq,28560.0,2026-08-05T02:48:00Z,3.460627340245992e-07,-1.6825651982799172e-07,-3.2514435588382185e-07,5.037742793238984e-07,6.394884621840902e-08,-4.4719783431901305e-07,2.6290081223123707e-07,5.226779075340045e-07
gmat_two_body,numerical_two_body,EarthMJ2000Eq,28620.0,2026-08-05T02:49:00Z,-0.002282901505168411,0.001228735527547542,0.0022932435967959464,0.003461270933227178,-0.0003475673082675712,0.0027002458047320488,-0.001892835221894984,0.003315864233800236
gmat_two_body,numerical_two_body,EarthMJ2000Eq,28680.0,2026-08-05T02:50:00Z,3.523723535181489e-07,-2.2100721253082156e-07,-2.9194779926910996e-07,5.081771157899966e-07,2.8421709430404007e-08,-4.3076653355456074e-07,3.0109248427834245e-07,5.263309644002173e-07
gmat_two_body,numerical_two_body,EarthMJ2000Eq,28740.0,2026-08-05T02:51:00Z,3.538787041179603e-07,-2.4647306418046355e-07,-2.7284841053187847e-07,5.103188843502524e-07,9.769962616701378e-09,-4.205524817280093e-07,3.1796787425264483e-07,5.273171826461423e-07
gmat_two_body,numerical_two_body,EarthMJ2000Eq,28800.0,2026-08-05T02:52:00Z,-0.002311174313263109,0.0016917765606194735,0.0019221415641368367,0.0034493858627197773,3.289191141675474e-05,0.002432898327242583,-0.0022191981585706344,0.0032931620997970474
gmat_two_body,numerical_two_body,EarthMJ2000Eq,28860.0,2026-08-05T02:53:00Z,3.524860403558705e-07,-2.9467628337442875e-07,-2.3283064365386963e-07,5.150637137805403e-07,-2.7533531010703882e-08,-3.979039320256561e-07,3.5083047578154947e-07,5.311945568137006e-07
gmat_two_body,numerical_two_body,EarthMJ2000Eq,28920.0,2026-08-05T02:54:00Z,3.5004177334485576e-07,-3.183231456205249e-07,-2.1191226551309228e-07,5.184261532745513e-07,-4.707345624410664e-08,-3.845812557301542e-07,3.672617765460018e-07,5.338537862125485e-07
gmat_two_body,numerical_two_body,EarthMJ2000Eq,28980.0,2026-08-05T02:55:00Z,-0.002271577955070825,0.002100678102578968,0.0014985798770794645,0.003437827299997198,0.00040476155760416077,0.0021005579498023508,-0.002474823457276898,0.0032712271036539147
gmat_two_body,numerical_two_body,EarthMJ2000Eq,29040.0,2026-08-05T02:56:00Z,3.4219738154206425e-07,-3.647073754109442e-07,-1.646185410209e-07,5.265071525261876e-07,-8.526512829121202e-08,-3.5349501104064984e-07,3.9523939676655573e-07,5.370689394198262e-07
gmat_two_body,numerical_two_body,EarthMJ2000Eq,29100.0,2026-08-05T02:57:00Z,-0.002208621481258888,0.002337851583433803,0.0011935317161260173,0.0034304630636461985,0.0006428928500668007,0.0018486998598632454,-0.002603691928726448,0.0032573323515172115
gmat_two_body,numerical_two_body,EarthMJ2000Eq,29160.0,2026-08-05T02:58:00Z,3.299192030681297e-07,-4.0472514228895307e-07,-1.1732481652870774e-07,5.35176824916231e-07,-1.234568003383174e-07,-3.197442310920451e-07,4.2010839251815923e-07,5.421890964696819e-07
gmat_two_body,numerical_two_body,EarthMJ2000Eq,29220.0,2026-08-05T02:59:00Z,3.219611244276166e-07,-4.2246028897352517e-07,-9.094947017729282e-08,5.388909607033875e-07,-1.4299672557172016e-07,-3.0020430585864233e-07,4.3098857815948577e-07,5.443545198528605e-07
gmat_two_body,numerical_two_body,EarthMJ2000Eq,29280.0,2026-08-05T03:00:00Z,-0.002062242856482044,0.0026339271244069096,0.0007120761438272893,0.003420156448235316,0.0009787406440864288,0.0014345724608233468,-0.0027328852514330038,0.003237992154289368
gmat_two_body,numerical_two_body,EarthMJ2000Eq,29340.0,2026-08-05T03:01:00Z,3.019522409886122e-07,-4.5656634029001e-07,-3.8198777474462986e-08,5.487140653604586e-07,-1.8207657603852567e-07,-2.6290081223123707e-07,4.511946372076636e-07,5.530328356062708e-07
gmat_two_body,numerical_two_body,EarthMJ2000Eq,29400.0,2026-08-05T03:02:00Z,2.9103830456733704e-07,-4.724824975710362e-07,-1.0913936421275139e-08,5.550334397534998e-07,-2.0161650127192843e-07,-2.3803181647963356e-07,4.6007642140466487e-07,5.558585006764314e-07
gmat_two_body,numerical_two_body,EarthMJ2000Eq,29460.0,2026-08-05T03:03:00Z,-0.001858231371443253,0.0028523409127956256,0.00021433879737742245,0.00341098426157097,0.0012820438044514049,0.0009878720064193658,-0.0027846973615908155,0.003220879819746478
gmat_two_body,numerical_two_body,EarthMJ2000Eq,29520.0,2026-08-05T03:04:00Z,2.6420821086503565e-07,-4.965841071680188e-07,4.638422979041934e-08,5.644052187512195e-07,-2.3447910280083306e-07,-1.9273471707492718e-07,4.7081782916791326e-07,5.601754627602161e-07
gmat_two_body,numerical_two_body,EarthMJ2000Eq,29580.0,2026-08-05T03:05:00Z,-0.0016933549886744004,0.002952371005449095,-0.00011968404578510672,0.003405623282499177,0.0014628431799224018,0.0006780593864164075,-0.002776748775357163,0.003210920189291597
gmat_two_body,numerical_two_body,EarthMJ2000Eq,29640.0,2026-08-05T03:06:00Z,2.3419488570652902e-07,-5.177298589842394e-07,1.0368239600211382e-07,5.776170795740667e-07,-2.6911806116913795e-07,-1.4210854715202004e-07,4.793943020331426e-07,5.678364789646204e-07
gmat_two_body,numerical_two_body,EarthMJ2000Eq,29700.0,2026-08-05T03:07:00Z,2.1827872842550278e-07,-5.263700586510822e-07,1.318767317570746e-07,5.848953020039788e-07,-2.8688162956314045e-07,-1.199040866595169e-07,4.817257703848554e-07,5.733565881991227e-07
gmat_two_body,numerical_two_body,EarthMJ2000Eq,29760.0,2026-08-05T03:08:00Z,-0.0014082147572480608,0.0030318722679112398,-0.0006139480319689028,0.0033988601673824344,0.001697798346356194,0.0002042268576474271,-0.0027028861371292123,0.0031984091834159753
gmat_two_body,numerical_two_body,EarthMJ2000Eq,29820.0,2026-08-05T03:09:00Z,1.8098944565281272e-07,-5.373408384912182e-07,1.90084392670542e-07,5.980170837736048e-07,-3.1752378504279477e-07,-6.661338147750939e-08,4.800604358479177e-07,5.794106650090795e-07
gmat_two_body,numerical_two_body,EarthMJ2000Eq,29880.0,2026-08-05T03:10:00Z,1.6189005691558123e-07,-5.410925041360315e-07,2.1827872842550278e-07,6.055039982059456e-07,-3.317346397579968e-07,-3.730349362740526e-08,4.782840790085174e-07,5.83262447004094e-07
gmat_two_body,numerical_two_body,EarthMJ2000Eq,29940.0,2026-08-05T03:11:00Z,1.4279066817834973e-07,-5.420588422566652e-07,2.4647306418046355e-07,6.12344620907184e-07,-3.4727776210274897e-07,-9.769962616701378e-09,4.75175454539567e-07,5.886331699942752e-07
gmat_two_body,numerical_two_body,EarthMJ2000Eq,30000.0,2026-08-05T03:12:00Z,1.191438059322536e-07,-5.427409632829949e-07,2.7466739993542433e-07,6.198428674306594e-07,-3.6060043839825084e-07,2.042810365310288e-08,4.716227408607665e-07,5.940353468345922e-07
gmat_two_body,numerical_two_body,EarthMJ2000Eq,30060.0,2026-08-05T03:13:00Z,-0.0008527367754140869,0.002974702510982752,-0.0013876597222406417,0.0033914030343973685,0.001981994568467371,-0.0005813225456563487,-0.0024240476292902713,0.0031846891968589845
gmat_two_body,numerical_two_body,EarthMJ2000Eq,30120.0,2026-08-05T03:14:00Z,7.548806024715304e-08,-5.361471266951412e-07,3.310560714453459e-07,6.346261191789695e-07,-3.8324898810060404e-07,7.993605777301127e-08,4.551914400963142e-07,6.003905456862087e-07
gmat_two_body,numerical_two_body,EarthMJ2000Eq,30180.0,2026-08-05T03:15:00Z,5.3660187404602766e-08,-5.32054400537163e-07,3.583409124985337e-07,6.437153955076255e-07,-3.9390712913700554e-07,1.1191048088221578e-07,4.4497738826976274e-07,6.047244481477705e-07
gmat_two_body,numerical_two_body,EarthMJ2000Eq,30240.0,2026-08-05T03:16:00Z,-0.00048609035729896277,0.0028291310627537314,-0.0018021519281319343,0.0033893978783504806,0.0020828265778760624,-0.001032298690972766,-0.002171439472675729,0.0031810307330148893
gmat_two_body,numerical_two_body,EarthMJ2000Eq,30300.0,2026-08-05T03:17:00Z,3.637978807091713e-09,-5.147740012034774e-07,4.083631210960448e-07,6.570889938784103e-07,-4.1311398746302075e-07,1.7319479184152442e-07,4.218847493575595e-07,6.153424609915332e-07
gmat_two_body,numerical_two_body,EarthMJ2000Eq,30360.0,2026-08-05T03:18:00Z,-2.091837814077735e-08,-5.029505700804293e-07,4.3291947804391384e-07,6.639398534190308e-07,-4.194977698546154e-07,2.042810365310288e-07,4.0589753780295723e-07,6.184350669178539e-07
gmat_two_body,numerical_two_body,EarthMJ2000Eq,30420.0,2026-08-05T03:19:00Z,-4.4565240386873484e-08,-4.902176442556083e-07,4.5565684558823705e-07,6.707626706381926e-07,-4.2599257454867256e-07,2.3447910280083306e-07,3.89910326248355e-07,6.232817867834648e-07
gmat_two_body,numerical_two_body,EarthMJ2000Eq,30480.0,2026-08-05T03:20:00Z,-7.003109203651547e-08,-4.738467396236956e-07,4.765752237290144e-07,6.756915201304465e-07,-4.288999710944097e-07,2.646771690706373e-07,3.7125857943465235e-07,6.259729401786217e-07
gmat_two_body,numerical_two_body,EarthMJ2000Eq,30540.0,2026-08-05T03:21:00Z,0.00014948000170988962,0.002414217306068167,-0.0023756333575875033,0.0033903426554719655,0.0021284770057583557,-0.0017171348787314855,-0.0016282779569110062,0.0031828062556116306
gmat_two_body,numerical_two_body,EarthMJ2000Eq,30600.0,2026-08-05T03:22:00Z,-1.2187229003757238e-07,-4.3928594095632434e-07,5.19321474712342e-07,6.910280653477738e-07,-4.3498538104813633e-07,3.241851231905457e-07,3.277378368693462e-07,6.338141411640007e-07
gmat_two_body,numerical_two_body,EarthMJ2000Eq,30660.0,2026-08-05T03:23:00Z,-1.4642864698544145e-07,-4.18367562815547e-07,5.3887561080046e-07,6.977533161438765e-07,-4.3509640335059885e-07,3.5438318946034997e-07,3.064215547965432e-07,6.393672609890564e-07
gmat_two_body,numerical_two_body,EarthMJ2000Eq,30720.0,2026-08-05T03:24:00Z,0.0005291931302053854,0.002072428287647199,-0.0026344810066802893,0.0033934487694756888,0.002081212979732072,-0.0020724515437109403,-0.0012411325300831777,0.00318855967879947
gmat_two_body,numerical_two_body,EarthMJ2000Eq,30780.0,2026-08-05T03:25:00Z,-1.9917933968827128e-07,-3.738023224286735e-07,5.720721674151719e-07,7.11805556555172e-07,-4.32542890393961e-07,4.1033842990145786e-07,2.575717417130363e-07,6.494722328271185e-07
gmat_two_body,numerical_two_body,EarthMJ2000Eq,30840.0,2026-08-05T03:26:00Z,-2.2373569663614035e-07,-3.4924596548080444e-07,5.879883246961981e-07,7.195558882622808e-07,-4.2876813211023546e-07,4.383160501220118e-07,2.3092638912203256e-07,6.552023108176608e-07
gmat_two_body,numerical_two_body,EarthMJ2000Eq,30900.0,2026-08-05T03:27:00Z,-2.510205376893282e-07,-3.2105162972584367e-07,6.011759978719056e-07,7.262906027952868e-07,-4.234390615920347e-07,4.6274095666376525e-07,2.0250467969162855e-07,6.591190917831531e-07
gmat_two_body,numerical_two_body,EarthMJ2000Eq,30960.0,2026-08-05T03:28:00Z,-2.764863893389702e-07,-2.928572939708829e-07,6.116351869422942e-07,7.323303353184162e-07,-4.1522341120980855e-07,4.871658632055187e-07,1.758593271006248e-07,6.638279614612301e-07
gmat_two_body,numerical_two_body,EarthMJ2000Eq,31020.0,2026-08-05T03:29:00Z,0.0011270913091721013,0.0013758617569692433,-0.0029007737794017885,0.0034026194193248695,0.001879575162178071,-0.00254382781506024,-0.0005212532627751898,0.003205552636739047
gmat_two_body,numerical_two_body,EarthMJ2000Eq,31080.0,2026-08-05T03:30:00Z,-3.255991032347083e-07,-2.3283064365386963e-07,6.29484020464588e-07,7.459725307756199e-07,-3.979039320256561e-07,5.324629626102251e-07,1.1191048088221578e-07,6.740684693741614e-07
gmat_two_body,numerical_two_body,EarthMJ2000Eq,31140.0,2026-08-05T03:31:00Z,-3.4924596548080444e-07,-2.0099832909181714e-07,6.363052307278849e-07,7.531649350268429e-07,-3.872457909892546e-07,5.520028878436278e-07,8.171241461241152e-08,6.792226509241199e-07
gmat_two_body,numerical_two_body,EarthMJ2000Eq,31200.0,2026-08-05T03:32:00Z,0.0014489264685835224,0.0008991592039819807,-0.002953337428834857,0.0034102898929598796,0.0016878605180181694,-0.0027413096237438594,-6.044587053111172e-05,0.0032198300086774033
gmat_two_body,numerical_two_body,EarthMJ2000Eq,31260.0,2026-08-05T03:33:00Z,-3.951754479203373e-07,-1.3369572116062045e-07,6.41449560134788e-07,7.65176919864165e-07,-3.566036355096003e-07,5.866418462119327e-07,1.687538997430238e-08,6.867310881068321e-07
gmat_two_body,numerical_two_body,EarthMJ2000Eq,31320.0,2026-08-05T03:34:00Z,0.0016423587112512905,0.0005643623808282427,-0.002941855882454547,0.003416191309989759,0.0015324679303319044,-0.0028330877643867325,0.00025213964249815035,0.0032308541653149033
gmat_two_body,numerical_two_body,EarthMJ2000Eq,31380.0,2026-08-05T03:35:00Z,-4.356479621492326e-07,-6.184563972055912e-08,6.397158358595334e-07,7.764344020757232e-07,-3.2107649872159527e-07,6.147304887349492e-07,-5.6843418860808015e-08,6.958554922391669e-07
gmat_two_body,numerical_two_body,EarthMJ2000Eq,31440.0,2026-08-05T03:36:00Z,-4.547473508864641e-07,-2.3646862246096134e-08,6.345999281620607e-07,7.810706728943516e-07,-3.0242475190789264e-07,6.25666185527507e-07,-9.14823772291129e-08,7.009193474448975e-07
gmat_two_body,numerical_two_body,EarthMJ2000Eq,31500.0,2026-08-05T03:37:00Z,0.0018944529074360617,4.660523700295016e-05,-0.002854246758943191,0.003426054352684259,0.001261289739318272,-0.0029066338919081502,0.000720367765438823,0.0032493541059081263
gmat_two_body,numerical_two_body,EarthMJ2000Eq,31560.0,2026-08-05T03:38:00Z,-4.883986548520625e-07,5.093170329928398e-08,6.207301339600235e-07,7.914753209470899e-07,-2.5934809855243657e-07,6.386557949156213e-07,-1.5987211554602254e-07,7.07602822161719e-07
gmat_two_body,numerical_two_body,EarthMJ2000Eq,31620.0,2026-08-05T03:39:00Z,-5.043148121330887e-07,8.731149137020111e-08,6.098161975387484e-07,7.961359940630363e-07,-2.3447910280083306e-07,6.425970866530406e-07,-1.9895196601282805e-07,7.123856751827823e-07
gmat_two_body,numerical_two_body,EarthMJ2000Eq,31680.0,2026-08-05T03:40:00Z,0.0020939833120792173,-0.00047716821427457035,-0.0026832371986529324,0.003436890670390181,0.0009494964814393825,-0.002899220641339184,0.001176670316738182,0.003269797689418367
gmat_two_body,numerical_two_body,EarthMJ2000Eq,31740.0,2026-08-05T03:41:00Z,-5.286437954055145e-07,1.6370904631912708e-07,5.834408511873335e-07,8.041567888799209e-07,-1.8030021919912542e-07,6.423750420481156e-07,-2.682298827494378e-07,7.190974438067126e-07
gmat_two_body,numerical_two_body,EarthMJ2000Eq,31800.0,2026-08-05T03:42:00Z,0.002194439503000467,-0.0008223651093430817,-0.0025244371499866247,0.003444507516267948,0.0007225144926792382,-0.002847780011805412,0.0014677805637575148,0.0032842438964112114
gmat_two_body,numerical_two_body,EarthMJ2000Eq,31860.0,2026-08-05T03:43:00Z,-5.475158104673028e-07,2.3737811716273427e-07,5.461515684146434e-07,8.089520807199689e-07,-1.2523315717771766e-07,6.337153024560394e-07,-3.339550858072471e-07,7.271894028106942e-07
gmat_two_body,numerical_two_body,EarthMJ2000Eq,31920.0,2026-08-05T03:44:00Z,-5.536548997042701e-07,2.7466739993542433e-07,5.275069270282984e-07,8.125512209188232e-07,-9.414691248821327e-08,6.248335182590381e-07,-3.668176873361517e-07,7.30640665726781e-07
gmat_two_body,numerical_two_body,EarthMJ2000Eq,31980.0,2026-08-05T03:45:00Z,0.0022921785785001703,-0.001322940988757182,-0.0022229905880521983,0.003456290301759612,0.0003595763686803366,-0.002700017542878186,0.0018748131935808487,0.00330670748745457
gmat_two_body,numerical_two_body,EarthMJ2000Eq,32040.0,2026-08-05T03:46:00Z,-5.622950993711129e-07,3.4560798667371273e-07,4.783942131325603e-07,8.151574586471919e-07,-3.4638958368304884e-08,5.981881656680343e-07,-4.289901767151605e-07,7.369270728506543e-07
gmat_two_body,numerical_two_body,EarthMJ2000Eq,32100.0,2026-08-05T03:47:00Z,-5.636593414237723e-07,3.80168785341084e-07,4.5201886678114533e-07,8.164320023419628e-07,-3.552713678800501e-09,5.826450433232822e-07,-4.583000645652646e-07,7.413007604637935e-07
gmat_two_body,numerical_two_body,EarthMJ2000Eq,32160.0,2026-08-05T03:48:00Z,0.002322788354547356,-0.001789343514246866,-0.0018523587641539052,0.0034681881354874508,-2.162536816285865e-05,-0.002468511173248089,0.002234251450516922,0.0033295487101311205
gmat_two_body,numerical_two_body,EarthMJ2000Eq,32220.0,2026-08-05T03:49:00Z,-5.603624231298454e-07,4.483808879740536e-07,3.956301952712238e-07,8.194966243778551e-07,5.8619775700208265e-08,5.409006575973763e-07,-5.093703236980218e-07,7.452972065938824e-07
gmat_two_body,numerical_two_body,EarthMJ2000Eq,32280.0,2026-08-05T03:50:00Z,0.0023046765136314207,-0.0020739644241984934,-0.0015715577319497243,0.0034760115031708724,-0.00028049029765497835,-0.002269345600325323,0.002440913693391167,0.003344647054530416
gmat_two_body,numerical_two_body,EarthMJ2000Eq,32340.0,2026-08-05T03:51:00Z,-5.487663656822406e-07,5.138645065017045e-07,3.3378455555066466e-07,8.225651248809966e-07,1.2168044349891716e-07,4.911626660941693e-07,-5.546674231027282e-07,7.508014685296283e-07
gmat_two_body,numerical_two_body,EarthMJ2000Eq,32400.0,2026-08-05T03:52:00Z,-5.400124791776761e-07,5.411493475548923e-07,2.992237568832934e-07,8.209695187460117e-07,1.5187850976872141e-07,4.6274095666376525e-07,-5.750955267558311e-07,7.536120617388174e-07
gmat_two_body,numerical_two_body,EarthMJ2000Eq,32460.0,2026-08-05T03:53:00Z,0.0022193012227944564,-0.002451006366754882,-0.0011084457582910545,0.003487317325171796,-0.0006669464980291195,-0.001907999980232944,0.002692321920960694,0.0033665826711797384
gmat_two_body,numerical_two_body,EarthMJ2000Eq,32520.0,2026-08-05T03:54:00Z,-5.181846063351259e-07,5.925357982050627e-07,2.2919266484677792e-07,8.198434216463334e-07,2.1316282072803006e-07,3.9968028886505635e-07,-6.050715484207103e-07,7.55840128701977e-07
gmat_two_body,numerical_two_body,EarthMJ2000Eq,32580.0,2026-08-05T03:55:00Z,-5.043148121330887e-07,6.166374078020453e-07,1.9099388737231493e-07,8.191787274162135e-07,2.4158453015843406e-07,3.659295089164516e-07,-6.181721801112872e-07,7.578946727423596e-07
gmat_two_body,numerical_two_body,EarthMJ2000Eq,32640.0,2026-08-05T03:56:00Z,-4.888534022029489e-07,6.361915438901633e-07,1.5279510989785194e-07,8.167396616862956e-07,2.6911806116913795e-07,3.3217872896784684e-07,-6.279421427279885e-07,7.596568787551045e-07
gmat_two_body,numerical_two_body,EarthMJ2000Eq,32700.0,2026-08-05T03:57:00Z,-4.7066350816749036e-07,6.557456799782813e-07,1.1459633242338896e-07,8.152661247320409e-07,2.9665159217984183e-07,2.922107000813412e-07,-6.353806369929771e-07,7.596695427950656e-07
gmat_two_body,numerical_two_body,EarthMJ2000Eq,32760.0,2026-08-05T03:58:00Z,0.001926418008224573,-0.002915603545261547,-0.0002591395968920551,0.0035041380832140463,-0.0012742074062543907,-0.0011629319729422605,0.0029292444025941222,0.0033994834987059307
gmat_two_body,numerical_two_body,EarthMJ2000Eq,32820.0,2026-08-05T03:59:00Z,-4.324647306930274e-07,6.880327418912202e-07,3.728928277269006e-08,8.135141595678866e-07,3.4505731605349865e-07,2.1582735598713043e-07,-6.420142195651124e-07,7.601501542973204e-07
gmat_two_body,numerical_two_body,EarthMJ2000Eq,32880.0,2026-08-05T04:00:00Z,-4.1245584725402296e-07,6.994014256633818e-07,-1.8189894035458565e-09,8.119639701836869e-07,3.694822225952521e-07,1.7674750552032492e-07,-6.42569331077425e-07,7.62005340376873e-07
gmat_two_body,numerical_two_body,EarthMJ2000Eq,32940.0,2026-08-05T04:01:00Z,0.0016675558072165586,-0.003079472662648186,0.0002713759386097081,0.0035124833309548215,-0.001595040544088988,-0.0006517044681686457,0.0029495158537784505,0.003415921079710287
gmat_two_body,numerical_two_body,EarthMJ2000Eq,33000.0,2026-08-05T04:02:00Z,-3.660716174636036e-07,7.166818249970675e-07,-8.003553375601768e-08,8.087316947277117e-07,4.1033842990145786e-07,9.414691248821327e-08,-6.34936547783127e-07,7.618304850134392e-07
gmat_two_body,numerical_two_body,EarthMJ2000Eq,33060.0,2026-08-05T04:03:00Z,-3.406057658139616e-07,7.20660864317324e-07,-1.1732481652870774e-07,8.056857213813602e-07,4.312106227644108e-07,5.1514348342607263e-08,-6.283862319378386e-07,7.638491904552034e-07
gmat_two_body,numerical_two_body,EarthMJ2000Eq,33120.0,2026-08-05T04:04:00Z,-3.142304194625467e-07,7.231051313283388e-07,-1.5643308870494366e-07,8.037991656569139e-07,4.476419235288631e-07,8.881784197001252e-09,-6.17061957086662e-07,7.623828675113077e-07
gmat_two_body,numerical_two_body,EarthMJ2000Eq,33180.0,2026-08-05T04:05:00Z,-2.874003257602453e-07,7.224798537208699e-07,-1.9099388737231493e-07,8.006589481753221e-07,4.6274095666376525e-07,-3.2862601528904634e-08,-6.044054146059352e-07,7.619153816260154e-07
gmat_two_body,numerical_two_body,EarthMJ2000Eq,33240.0,2026-08-05T04:06:00Z,0.0011216752682230435,-0.003140092417197593,0.0011359143172740005,0.0035225895491914918,-0.0020176273984873205,0.0002532924980869211,0.0027695796767090997,0.0034359203998861653
gmat_two_body,numerical_two_body,EarthMJ2000Eq,33300.0,2026-08-05T04:07:00Z,-2.3101165425032377e-07,7.129301593522541e-07,-2.6193447411060333e-07,7.938800068279211e-07,4.876099524153688e-07,-1.1457501614131615e-07,-5.728750807065808e-07,7.609709311878296e-07
gmat_two_body,numerical_two_body,EarthMJ2000Eq,33360.0,2026-08-05T04:08:00Z,-2.0099832909181714e-07,7.053131412249058e-07,-2.955857780762017e-07,7.907198667563374e-07,4.982680934517703e-07,-1.545430450278218e-07,-5.524469770534779e-07,7.598370273776208e-07
gmat_two_body,numerical_two_body,EarthMJ2000Eq,33420.0,2026-08-05T04:09:00Z,0.0007422049748129211,-0.0030453886665782193,0.0016148151189554483,0.0035260300939678906,-0.002187151793009434,0.0007965983428448453,0.0025365940459209924,0.003442747629334652
gmat_two_body,numerical_two_body,EarthMJ2000Eq,33480.0,2026-08-05T04:10:00Z,-1.418811734765768e-07,6.812115316279233e-07,-3.601599019020796e-07,7.835142456573888e-07,5.124789481669723e-07,-2.3359092438113294e-07,-5.084821452783217e-07,7.587842146054454e-07
gmat_two_body,numerical_two_body,EarthMJ2000Eq,33540.0,2026-08-05T04:11:00Z,-1.127773430198431e-07,6.65295374346897e-07,-3.901732270605862e-07,7.794689290413472e-07,5.164757510556228e-07,-2.708944180085382e-07,-4.831690603168681e-07,7.573528424612531e-07
gmat_two_body,numerical_two_body,EarthMJ2000Eq,33600.0,2026-08-05T04:12:00Z,-8.003553375601768e-08,6.475602276623249e-07,-4.18367562815547e-07,7.75094415364937e-07,5.189182417097982e-07,-3.0730973321624333e-07,-4.547473508864641e-07,7.553214989968735e-07
gmat_two_body,numerical_two_body,EarthMJ2000Eq,33660.0,2026-08-05T04:13:00Z,-5.002220859751105e-08,6.27096596872434e-07,-4.4565240386873484e-07,7.709464496551903e-07,5.190292640122607e-07,-3.446132268436486e-07,-4.2721381987576024e-07,7.554212737999503e-07
gmat_two_body,numerical_two_body,EarthMJ2000Eq,33720.0,2026-08-05T04:14:00Z,6.277787178987637e-05,-0.002677306383702671,0.0022951944629312493,0.0035270140566875836,-0.0023073456201228026,0.0016385151013764698,0.001963978313312964,0.003444675073690153
gmat_two_body,numerical_two_body,EarthMJ2000Eq,33780.0,2026-08-05T04:15:00Z,1.000444171950221e-08,5.825313564855605e-07,-4.924913810100406e-07,7.628831040940696e-07,5.11896081079044e-07,-4.1033842990145786e-07,-3.632649736573512e-07,7.499177728020272e-07
gmat_two_body,numerical_two_body,EarthMJ2000Eq,33840.0,2026-08-05T04:16:00Z,4.092726157978177e-08,5.593392415903509e-07,-5.125002644490451e-07,7.597314979541324e-07,5.06816810741384e-07,-4.3876013933186186e-07,-3.312905505481467e-07,7.477480647912617e-07
gmat_two_body,numerical_two_body,EarthMJ2000Eq,33900.0,2026-08-05T04:17:00Z,-0.0003510103852022439,-0.002342130756005645,0.0026105253709829412,0.0035247166526251473,-0.0022774773178468877,0.0020749926221697024,0.0015302612510481595,0.0034400867448111288
gmat_two_body,numerical_two_body,EarthMJ2000Eq,33960.0,2026-08-05T04:18:00Z,1.0095391189679503e-07,5.011315806768835e-07,-5.488800525199622e-07,7.500625744118248e-07,4.89386309254769e-07,-4.911626660941693e-07,-2.6290081223123707e-07,7.415231360669611e-07
gmat_two_body,numerical_two_body,EarthMJ2000Eq,34020.0,2026-08-05T04:19:00Z,-0.0006209202183526941,-0.0020776597011717968,0.002775325810944196,0.0035220228716357728,-0.0022155928203204667,0.0023272956894970775,0.001213302347480294,0.0034347138684624767
gmat_two_body,numerical_two_body,EarthMJ2000Eq,34080.0,2026-08-05T04:20:00Z,1.609805622138083e-07,4.411049303598702e-07,-5.77074388274923e-07,7.439779234636847e-07,4.6784798257704097e-07,-5.400124791776761e-07,-1.936228954946273e-07,7.402601151816506e-07
gmat_two_body,numerical_two_body,EarthMJ2000Eq,34140.0,2026-08-05T04:21:00Z,1.8917489796876907e-07,4.083631210960448e-07,-5.879883246961981e-07,7.404578655614638e-07,4.54081217071689e-07,-5.582201367815287e-07,-1.5898393712632242e-07,7.369364728861514e-07
gmat_two_body,numerical_two_body,EarthMJ2000Eq,34200.0,2026-08-05T04:22:00Z,-0.0010070361895486712,-0.001629483449505642,0.0029487778192560654,0.0035163374164903557,-0.00206306394190392,0.0026382260820412284,0.000709468039872263,0.0034234214738981445
gmat_two_body,numerical_two_body,EarthMJ2000Eq,34260.0,2026-08-05T04:23:00Z,2.4374458007514477e-07,3.3924152376130223e-07,-6.039044819772243e-07,7.343002486122953e-07,4.2454928461665986e-07,-5.946354519892338e-07,-8.79296635503124e-08,7.359110282928428e-07
gmat_two_body,numerical_two_body,EarthMJ2000Eq,34320.0,2026-08-05T04:24:00Z,2.6830093702301383e-07,3.028617356903851e-07,-6.072014002711512e-07,7.296603074335802e-07,4.0589753780295723e-07,-6.079581282847357e-07,-5.240252676230739e-08,7.328791999729946e-07
gmat_two_body,numerical_two_body,EarthMJ2000Eq,34380.0,2026-08-05T04:25:00Z,-0.0013596927601611242,-0.0011332631402183324,0.0030296928343886975,0.0035088585633733247,-0.0018451742356262457,0.002859835035451397,0.00018827606140803255,0.0034086320225441636
gmat_two_body,numerical_two_body,EarthMJ2000Eq,34440.0,2026-08-05T04:26:00Z,3.1513991416431963e-07,2.2919266484677792e-07,-6.105871364070481e-07,7.243335518011169e-07,3.659295089164516e-07,-6.31050767196939e-07,1.687538997430238e-08,7.296672221379178e-07
gmat_two_body,numerical_two_body,EarthMJ2000Eq,34500.0,2026-08-05T04:27:00Z,-0.0015707237253081985,-0.0007839425961719826,0.0030313826187011728,0.0035030015124607804,-0.0016680981040906318,0.002955036437768399,-0.0001595541476717699,0.0033970942229277325
gmat_two_body,numerical_two_body,EarthMJ2000Eq,34560.0,2026-08-05T04:28:00Z,3.5561242839321494e-07,1.5188561519607902e-07,-6.044729161658324e-07,7.175771357207783e-07,3.228528555609955e-07,-6.441513988875158e-07,8.704148513061227e-08,7.257693925527413e-07
gmat_two_body,numerical_two_body,EarthMJ2000Eq,34620.0,2026-08-05T04:29:00Z,3.7471181713044643e-07,1.127773430198431e-07,-5.979927664157003e-07,7.14648881396535e-07,3.0020430585864233e-07,-6.472600233564663e-07,1.2079226507921703e-07,7.236428223885388e-07
gmat_two_body,numerical_two_body,EarthMJ2000Eq,34680.0,2026-08-05T04:30:00Z,-0.0018441478459862992,-0.00024497512640664354,0.002956522166641662,0.0034931243052971025,-0.0013627663442150606,0.003017447847142307,-0.0006685532127903571,0.0033777340063245558
gmat_two_body,numerical_two_body,EarthMJ2000Eq,34740.0,2026-08-05T04:31:00Z,4.0881786844693124e-07,3.3651303965598345e-08,-5.793481250293553e-07,7.098652758059848e-07,2.504663143554353e-07,-6.473710456589288e-07,1.8740564655672642e-07,7.189878453393181e-07
gmat_two_body,numerical_two_body,EarthMJ2000Eq,34800.0,2026-08-05T04:32:00Z,4.220055416226387e-07,-4.547473508864641e-09,-5.679794412571937e-07,7.076086505734398e-07,2.2382096176443156e-07,-6.440403765850533e-07,2.1760371282653068e-07,7.157060887213854e-07
gmat_two_body,numerical_two_body,EarthMJ2000Eq,34860.0,2026-08-05T04:33:00Z,-0.0020590950953192078,0.00029661441658390686,0.0027925025278818794,0.0034822296150483407,-0.0010203651257256752,0.0029846186633264438,-0.0011476242178787288,0.0033565063534478027
gmat_two_body,numerical_two_body,EarthMJ2000Eq,34920.0,2026-08-05T04:34:00Z,4.4656189857050776e-07,-8.276401786133647e-08,-5.366018740460277e-07,7.029999880065128e-07,1.7408297026122455e-07,-6.339373470609644e-07,2.788880237858393e-07,7.141148159398703e-07
gmat_two_body,numerical_two_body,EarthMJ2000Eq,34980.0,2026-08-05T04:35:00Z,-0.0021670655314665055,0.0006507989382953383,0.0026368384169472847,0.003474568910360767,-0.0007776366217626673,0.00291192403523155,-0.0014431513761792303,0.003341662190741855
gmat_two_body,numerical_two_body,EarthMJ2000Eq,35040.0,2026-08-05T04:36:00Z,4.6406967157963663e-07,-1.5916157281026244e-07,-5.00676833325997e-07,7.009781435742604e-07,1.234568003383174e-07,-6.177280909014371e-07,3.375077994860476e-07,7.146615216677217e-07
gmat_two_body,numerical_two_body,EarthMJ2000Eq,35100.0,2026-08-05T04:37:00Z,4.7111825551837683e-07,-1.964508555829525e-07,-4.81122697237879e-07,7.014445089523508e-07,9.681144774731365e-08,-6.057376822354854e-07,3.6148861681795097e-07,7.120144775100462e-07
gmat_two_body,numerical_two_body,EarthMJ2000Eq,35160.0,2026-08-05T04:38:00Z,-0.0022733031528332504,0.0011599649951676838,0.002340347236895468,0.0034627519697402833,-0.00040109071619554015,0.0027318294293365852,-0.0018415446945141412,0.003318893287754351
gmat_two_body,numerical_two_body,EarthMJ2000Eq,35220.0,2026-08-05T04:39:00Z,4.797584551852196e-07,-2.66481947619468e-07,-4.3382897274568677e-07,6.995629931052321e-07,4.707345624410664e-08,-5.773159728050814e-07,4.121147867408581e-07,7.108784988935214e-07
gmat_two_body,numerical_two_body,EarthMJ2000Eq,35280.0,2026-08-05T04:40:00Z,4.820890353585128e-07,-3.001332515850663e-07,-4.083631210960448e-07,6.994642559782658e-07,2.042810365310288e-08,-5.60440582830779e-07,4.3431924723336124e-07,7.093265558400579e-07
gmat_two_body,numerical_two_body,EarthMJ2000Eq,35340.0,2026-08-05T04:41:00Z,4.823377253160288e-07,-3.3287506084889174e-07,-3.8107828004285693e-07,6.990537482330071e-07,-7.105427357601002e-09,-5.448974604860268e-07,4.53859172466764e-07,7.091910024628564e-07
gmat_two_body,numerical_two_body,EarthMJ2000Eq,35400.0,2026-08-05T04:42:00Z,4.809521669812966e-07,-3.647073754109442e-07,-3.537934389896691e-07,6.996400889566586e-07,-3.552713678800501e-08,-5.240252676230739e-07,4.738431869100168e-07,7.073839299396254e-07
gmat_two_body,numerical_two_body,EarthMJ2000Eq,35460.0,2026-08-05T04:43:00Z,-0.0022985614123172127,0.001914289896376431,0.0017049214875441976,0.0034430578926664167,0.00023025048534464077,0.0022653052766941073,-0.002362703366287633,0.003281309263036101
gmat_two_body,numerical_two_body,EarthMJ2000Eq,35520.0,2026-08-05T04:44:00Z,4.7407411329913884e-07,-4.2746250983327627e-07,-2.937667886726558e-07,7.026872621162087e-07,-8.615330671091215e-08,-4.849454171562684e-07,5.111466805374221e-07,7.098347546454153e-07
gmat_two_body,numerical_two_body,EarthMJ2000Eq,35580.0,2026-08-05T04:45:00Z,4.672529030358419e-07,-4.5565684558823705e-07,-2.6284396881237626e-07,7.035875128709191e-07,-1.127986593019159e-07,-4.60964599824365e-07,5.293543381412746e-07,7.109345364662864e-07
gmat_two_body,numerical_two_body,EarthMJ2000Eq,35640.0,2026-08-05T04:46:00Z,-0.0022241424630919937,0.002290273187099956,0.0012590207916218787,0.0034318062767898327,0.0005934674973673282,0.0019034942511098052,-0.002579203961516896,0.003260028697656505
gmat_two_body,numerical_two_body,EarthMJ2000Eq,35700.0,2026-08-05T04:47:00Z,4.5156411943025887e-07,-5.120455170981586e-07,-1.9917933968827128e-07,7.11177316072301e-07,-1.616484723854228e-07,-4.11226608321158e-07,5.551115123125783e-07,7.094972467302615e-07
gmat_two_body,numerical_two_body,EarthMJ2000Eq,35760.0,2026-08-05T04:48:00Z,4.4065018300898373e-07,-5.361471266951412e-07,-1.6552803572267294e-07,7.134604795358416e-07,-1.8385293287792592e-07,-3.863576125695545e-07,5.67323965583455e-07,7.105846801357304e-07
gmat_two_body,numerical_two_body,EarthMJ2000Eq,35820.0,2026-08-05T04:49:00Z,4.2882675188593566e-07,-5.579749995376915e-07,-1.3005774235352874e-07,7.156420191605755e-07,-2.078337502098293e-07,-3.5793590313915047e-07,5.777600620149315e-07,7.107177131195046e-07
gmat_two_body,numerical_two_body,EarthMJ2000Eq,35880.0,2026-08-05T04:50:00Z,4.170033207628876e-07,-5.784386303275824e-07,-9.458744898438454e-08,7.193259373106872e-07,-2.3092638912203256e-07,-3.2951419370874646e-07,5.873079800267078e-07,7.119250413151075e-07
gmat_two_body,numerical_two_body,EarthMJ2000Eq,35940.0,2026-08-05T04:51:00Z,-0.0019616063582361676,0.0027587375370785594,0.00045131946535548195,0.003414999496774135,0.0011427534474250933,0.0012027800977421066,-0.0027696164250912148,0.0032285198694233692
gmat_two_body,numerical_two_body,EarthMJ2000Eq,36000.0,2026-08-05T04:52:00Z,3.8562575355172157e-07,-6.148184183984995e-07,-2.2737367544323206e-08,7.261032277074736e-07,-2.7711166694643907e-07,-2.7267077484793845e-07,6.021849685566849e-07,7.167753928321094e-07
gmat_two_body,numerical_two_body,EarthMJ2000Eq,36060.0,2026-08-05T04:53:00Z,3.6698111216537654e-07,-6.302798283286393e-07,1.546140993013978e-08,7.294976722931633e-07,-2.984279490192421e-07,-2.4069635173873394e-07,6.070699498650356e-07,7.180027148453581e-07
gmat_two_body,numerical_two_body,EarthMJ2000Eq,36120.0,2026-08-05T04:54:00Z,-0.0017298143575317226,0.0029342411380639533,-4.9382833822164685e-05,0.0034065330516679327,0.001426184059738489,0.0007439178162371718,-0.0027810772573744202,0.0032127566669532363
gmat_two_body,numerical_two_body,EarthMJ2000Eq,36180.0,2026-08-05T04:55:00Z,3.292370820418e-07,-6.562004273291677e-07,8.822098607197404e-08,7.394450617874817e-07,-3.4017233474514796e-07,-1.7674750552032492e-07,6.113998196610737e-07,7.216416267893751e-07
gmat_two_body,numerical_two_body,EarthMJ2000Eq,36240.0,2026-08-05T04:56:00Z,3.069544618483633e-07,-6.657501216977835e-07,1.2460077414289117e-07,7.436192702628406e-07,-3.6060043839825084e-07,-1.4299672557172016e-07,6.119549311733863e-07,7.245478434752729e-07
gmat_two_body,numerical_two_body,EarthMJ2000Eq,36300.0,2026-08-05T04:57:00Z,2.8558133635669947e-07,-6.733671398251317e-07,1.6189005691558123e-07,7.491250864840176e-07,-3.788080960021034e-07,-1.1102230246251565e-07,6.092903959142859e-07,7.25986440502992e-07
gmat_two_body,numerical_two_body,EarthMJ2000Eq,36360.0,2026-08-05T04:58:00Z,2.610249794088304e-07,-6.789946382923517e-07,1.9826984498649836e-07,7.539752583050136e-07,-3.9612757518625585e-07,-7.37188088351104e-08,6.055156376305604e-07,7.273243471891715e-07
gmat_two_body,numerical_two_body,EarthMJ2000Eq,36420.0,2026-08-05T04:59:00Z,-0.0012422997315297835,0.003039214092837028,-0.0008668321243021637,0.003395810485993053,0.0018024954862028153,-4.601030667572559e-05,-0.002635091034264292,0.0031929315189903424
gmat_two_body,numerical_two_body,EarthMJ2000Eq,36480.0,2026-08-05T05:00:00Z,2.128217602148652e-07,-6.841105459898245e-07,2.673914423212409e-07,7.647212068342833e-07,-4.303224443447107e-07,-3.552713678800501e-09,5.928590951498336e-07,7.325789613298826e-07
gmat_two_body,numerical_two_body,EarthMJ2000Eq,36540.0,2026-08-05T05:01:00Z,1.864464138634503e-07,-6.830305210314691e-07,3.0377123039215803e-07,7.704348890834492e-07,-4.4497738826976274e-07,3.108624468950438e-08,5.861977570020827e-07,7.366132234725003e-07
gmat_two_body,numerical_two_body,EarthMJ2000Eq,36600.0,2026-08-05T05:02:00Z,-0.0009025952749652788,0.0029884490686526988,-0.0013258932085591368,0.003391680832098456,0.0019634345260755026,-0.000516250153737019,-0.002454545899865934,0.003185339061068303
gmat_two_body,numerical_two_body,EarthMJ2000Eq,36660.0,2026-08-05T05:03:00Z,1.3096723705530167e-07,-6.755271897418424e-07,3.7471181713044643e-07,7.83516654041005e-07,-4.7184478546569153e-07,1.0480505352461478e-07,5.622169396701793e-07,7.41423959733946e-07
gmat_two_body,numerical_two_body,EarthMJ2000Eq,36720.0,2026-08-05T05:04:00Z,-0.0006620530257350765,0.0029081024877086747,-0.001611347215657588,0.0033899578370991303,0.002041688151876997,-0.0008214007252149713,-0.00229849916877356,0.0031821829126798063
gmat_two_body,numerical_two_body,EarthMJ2000Eq,36780.0,2026-08-05T05:05:00Z,7.275957614183426e-08,-6.584741640836e-07,4.420144250616431e-07,7.964037497704982e-07,-4.933831121434196e-07,1.7763568394002505e-07,5.329070518200751e-07,7.476438038509588e-07
gmat_two_body,numerical_two_body,EarthMJ2000Eq,36840.0,2026-08-05T05:06:00Z,4.18367562815547e-08,-6.461959856096655e-07,4.7202775022014976e-07,8.01329996301215e-07,-5.013767179207207e-07,2.1316282072803006e-07,5.160316618457728e-07,7.504036763242796e-07
gmat_two_body,numerical_two_body,EarthMJ2000Eq,36900.0,2026-08-05T05:07:00Z,-0.00028723115974571556,0.0027204491743759718,-0.0020004390535177663,0.003388967668233327,0.0021138573114143355,-0.0012589298492571288,-0.002015331013183186,0.003180386170116514
gmat_two_body,numerical_two_body,EarthMJ2000Eq,36960.0,2026-08-05T05:08:00Z,-1.8189894035458565e-08,-6.175469025038183e-07,5.32963895238936e-07,8.159323272584199e-07,-5.144218384600663e-07,2.842170943040401e-07,4.769518113789672e-07,7.568964360841871e-07
gmat_two_body,numerical_two_body,EarthMJ2000Eq,37020.0,2026-08-05T05:09:00Z,-4.9112713895738125e-08,-5.989022611174732e-07,5.620677256956697e-07,8.228098840598169e-07,-5.201533648246937e-07,3.2152058793144533e-07,4.5208281562736374e-07,7.604695152258228e-07
gmat_two_body,numerical_two_body,EarthMJ2000Eq,37080.0,2026-08-05T05:10:00Z,9.55997165874578e-05,0.002456870333844563,-0.002333691099920543,0.0033899063841034685,0.0021305340824895325,-0.0016634009725180476,-0.0016792682799859904,0.003182140824695005
gmat_two_body,numerical_two_body,EarthMJ2000Eq,37140.0,2026-08-05T05:11:00Z,-1.127773430198431e-07,-5.547917680814862e-07,6.148184183984995e-07,8.357716928872557e-07,-5.240807787743051e-07,3.9257486150745535e-07,3.9968028886505635e-07,7.671505835724397e-07
gmat_two_body,numerical_two_body,EarthMJ2000Eq,37200.0,2026-08-05T05:12:00Z,0.00035031098377658054,0.0022422627807827666,-0.0025204094526998233,0.003391596080416535,0.0021105046599245725,-0.0019100099279967253,-0.001429533824648388,0.003185268403199837
gmat_two_body,numerical_two_body,EarthMJ2000Eq,37260.0,2026-08-05T05:13:00Z,-1.77351466845721e-07,-5.047695594839752e-07,6.584741640836e-07,8.484303599822268e-07,-5.220268661787486e-07,4.6007642140466487e-07,3.419486915845482e-07,7.753136592510881e-07
gmat_two_body,numerical_two_body,EarthMJ2000Eq,37320.0,2026-08-05T05:14:00Z,-2.0736479200422764e-07,-4.774847184307873e-07,6.775735528208315e-07,8.544575664011228e-07,-5.189182417097982e-07,4.920508445138694e-07,3.099742684753437e-07,7.794063268172931e-07
gmat_two_body,numerical_two_body,EarthMJ2000Eq,37380.0,2026-08-05T05:15:00Z,0.0007241424100357108,0.0018680866560316645,-0.0027416258490120526,0.0033956799437560295,0.0020338764006311294,-0.0022387283138414205,-0.0010225207347502874,0.0031928210612613035
gmat_two_body,numerical_two_body,EarthMJ2000Eq,37440.0,2026-08-05T05:16:00Z,-2.710294211283326e-07,-4.1109160520136356e-07,7.116796041373163e-07,8.654138396913006e-07,-5.051514762044462e-07,5.506706202140776e-07,2.4158453015843406e-07,7.853529340941941e-07
gmat_two_body,numerical_two_body,EarthMJ2000Eq,37500.0,2026-08-05T05:17:00Z,-3.001332515850663e-07,-3.7562131183221936e-07,7.248672773130238e-07,8.69829815727639e-07,-4.960476474025199e-07,5.777600620149315e-07,2.0872192862952943e-07,7.895788758850522e-07
gmat_two_body,numerical_two_body,EarthMJ2000Eq,37560.0,2026-08-05T05:18:00Z,0.001079209141607862,0.0014397419363376684,-0.0028866645607195096,0.0034015263486695613,0.0019023018715813578,-0.0025105353351762005,-0.0005846940709375303,0.003203655293001998
gmat_two_body,numerical_two_body,EarthMJ2000Eq,37620.0,2026-08-05T05:19:00Z,-3.5925040720030665e-07,-3.0377123039215803e-07,7.455582817783579e-07,8.815866191225052e-07,-4.716227408607665e-07,6.292744103575387e-07,1.3500311979441904e-07,7.978973214531278e-07
gmat_two_body,numerical_two_body,EarthMJ2000Eq,37680.0,2026-08-05T05:20:00Z,0.0013006820154259913,0.0011294323485344648,-0.002938655484285846,0.0034063304582045433,0.0017850112499218085,-0.00265625921258561,-0.00028055779921487556,0.0032125832044467948
gmat_two_body,numerical_two_body,EarthMJ2000Eq,37740.0,2026-08-05T05:21:00Z,-4.1382008930668235e-07,-2.255546860396862e-07,7.581775207654573e-07,8.927234374106615e-07,-4.4142467459096224e-07,6.719069745031447e-07,5.6843418860808015e-08,8.059441047563359e-07
gmat_two_body,numerical_two_body,EarthMJ2000Eq,37800.0,2026-08-05T05:22:00Z,-4.397406883072108e-07,-1.864464138634503e-07,7.604370466651744e-07,8.979970156611286e-07,-4.249933738265099e-07,6.907807659217724e-07,1.7763568394002505e-08,8.112416278310665e-07
gmat_two_body,numerical_two_body,EarthMJ2000Eq,37860.0,2026-08-05T05:23:00Z,0.0016030908227548935,0.0006358086466207169,-0.002947280847820366,0.003414764591746752,0.001566933249819158,-0.0028163951171222834,0.00018607693164085504,0.0032283100671447193
gmat_two_body,numerical_two_body,EarthMJ2000Eq,37920.0,2026-08-05T05:24:00Z,-4.893081495538354e-07,-9.822542779147625e-08,7.580638339277357e-07,9.075965382227031e-07,-3.850253449400043e-07,7.227551890309769e-07,-6.039613253960852e-08,8.211377913256181e-07
gmat_two_body,numerical_two_body,EarthMJ2000Eq,37980.0,2026-08-05T05:25:00Z,-5.115907697472721e-07,-5.729816621169448e-08,7.530616130679846e-07,9.122006295867068e-07,-3.623767952376511e-07,7.355227538141662e-07,-1.0302869668521453e-07,8.263931119302357e-07
gmat_two_body,numerical_two_body,EarthMJ2000Eq,38040.0,2026-08-05T05:26:00Z,-5.325091478880495e-07,-1.0913936421275139e-08,7.455582817783579e-07,9.162653862942557e-07,-3.3928415632544784e-07,7.437384041963924e-07,-1.4566126083082054e-07,8.303479725493955e-07
gmat_two_body,numerical_two_body,EarthMJ2000Eq,38100.0,2026-08-05T05:27:00Z,-5.529727786779404e-07,3.456079866737127e-08,7.360085874097422e-07,9.212393736180695e-07,-3.1441516057384433e-07,7.513711874906903e-07,-1.8829382497642655e-07,8.359845208579519e-07
gmat_two_body,numerical_two_body,EarthMJ2000Eq,38160.0,2026-08-05T05:28:00Z,0.002006360318773659,-0.0002291290002176538,-0.0027744090402848087,0.0034315196852567165,0.001101857272090001,-0.0029129423317897363,0.0009626930363992869,0.0032597699855544905
gmat_two_body,numerical_two_body,EarthMJ2000Eq,38220.0,2026-08-05T05:29:00Z,-5.861693352926522e-07,1.255102688446641e-07,7.089511200319976e-07,9.284174749634528e-07,-2.5934809855243657e-07,7.572831250968193e-07,-2.717825964282383e-07,8.453430945482692e-07
gmat_two_body,numerical_two_body,EarthMJ2000Eq,38280.0,2026-08-05T05:30:00Z,-6.020854925736785e-07,1.709850039333105e-07,6.921254680491984e-07,9.331561902811797e-07,-2.291500322826323e-07,7.553957459549565e-07,-3.099742684753437e-07,8.480663402227452e-07
gmat_two_body,numerical_two_body,EarthMJ2000Eq,38340.0,2026-08-05T05:31:00Z,0.0021754601675638696,-0.0007501030268031172,-0.0025607141651562415,0.003442751592419651,0.0007714584526752333,-0.0028616462532937703,0.001407467919989358,0.003281026267647595
gmat_two_body,numerical_two_body,EarthMJ2000Eq,38400.0,2026-08-05T05:32:00Z,-6.27096596872434e-07,2.601154847070575e-07,6.511982064694166e-07,9.407280751111663e-07,-1.687538997430238e-07,7.454037387333301e-07,-3.8813396940895473e-07,8.571771057402645e-07
gmat_two_body,numerical_two_body,EarthMJ2000Eq,38460.0,2026-08-05T05:33:00Z,-6.350546755129471e-07,3.064997144974768e-07,6.252776074688882e-07,9.424481960722861e-07,-1.3500311979441904e-07,7.362999099314038e-07,-4.263256414560601e-07,8.614621014775639e-07
gmat_two_body,numerical_two_body,EarthMJ2000Eq,38520.0,2026-08-05T05:34:00Z,-6.418758857762441e-07,3.5197444958612323e-07,5.993570084683597e-07,9.461075464780068e-07,-1.0125233984581428e-07,7.229772336359019e-07,-4.618527782440651e-07,8.638611609812281e-07
gmat_two_body,numerical_two_body,EarthMJ2000Eq,38580.0,2026-08-05T05:35:00Z,-6.475602276623249e-07,3.9108272176235914e-07,5.720721674151719e-07,9.484442568976995e-07,-6.572520305780927e-08,7.100986465502501e-07,-4.991562718714704e-07,8.70469341159189e-07
gmat_two_body,numerical_two_body,EarthMJ2000Eq,38640.0,2026-08-05T05:36:00Z,0.002316757161224814,-0.0015734667613287456,-0.002035980287473649,0.0034624235910809802,0.00016061463270489185,-0.002588394831803953,0.0020706139025605808,0.0033185880731156584
gmat_two_body,numerical_two_body,EarthMJ2000Eq,38700.0,2026-08-05T05:37:00Z,-6.51013465358119e-07,4.774847184307873e-07,5.084075382910669e-07,9.54090359139897e-07,5.329070518200751e-09,6.701306176637445e-07,-5.666578317686799e-07,8.776129796372437e-07
gmat_two_body,numerical_two_body,EarthMJ2000Eq,38760.0,2026-08-05T05:38:00Z,-6.494076387753012e-07,5.175024853087962e-07,4.7111825551837683e-07,9.54720647248802e-07,4.263256414560601e-08,6.461498003318411e-07,-5.95967719618784e-07,8.800594427776574e-07
gmat_two_body,numerical_two_body,EarthMJ2000Eq,38820.0,2026-08-05T05:39:00Z,0.002310993181708909,-0.00201589227799559,-0.001632740350032691,0.0034742412427769304,-0.00022581669867349774,-0.002314126668068184,0.002399672460740021,0.003341347532972022
gmat_two_body,numerical_two_body,EarthMJ2000Eq,38880.0,2026-08-05T05:40:00Z,-6.396021490218118e-07,5.920810508541763e-07,3.9835867937654257e-07,9.583008490283877e-07,1.1368683772161603e-07,5.906386491005833e-07,-6.52367049269742e-07,8.873339156458593e-07
gmat_two_body,numerical_two_body,EarthMJ2000Eq,38940.0,2026-08-05T05:41:00Z,-6.318714440567419e-07,6.257323548197746e-07,3.574314177967608e-07,9.584152127918542e-07,1.509903313490213e-07,5.595524044110789e-07,-6.767919558114954e-07,8.910355351467504e-07
gmat_two_body,numerical_two_body,EarthMJ2000Eq,39000.0,2026-08-05T05:42:00Z,-6.227764970390126e-07,6.584741640836e-07,3.183231456205249e-07,9.606083567549916e-07,1.865174681370263e-07,5.240252676230739e-07,-6.985523270941485e-07,8.929538625910809e-07
gmat_two_body,numerical_two_body,EarthMJ2000Eq,39060.0,2026-08-05T05:43:00Z,-6.107256922405213e-07,6.903064786456525e-07,2.764863893389702e-07,9.622648435397217e-07,2.2115642650533118e-07,4.876099524153688e-07,-7.189804307472514e-07,8.964410133838306e-07
gmat_two_body,numerical_two_body,EarthMJ2000Eq,39120.0,2026-08-05T05:44:00Z,0.0021466116777446587,-0.002621413386805216,-0.0008485085345455445,0.003492809266585846,-0.0008655929306655707,-0.0016902559352161006,0.002792988507138716,0.0033774252100024983
gmat_two_body,numerical_two_body,EarthMJ2000Eq,39180.0,2026-08-05T05:45:00Z,-5.788933776784688e-07,7.435119186993688e-07,1.8462742445990443e-07,9.602160183160354e-07,2.895461648222408e-07,4.11226608321158e-07,-7.487344078072056e-07,9.019686903595923e-07
gmat_two_body,numerical_two_body,EarthMJ2000Eq,39240.0,2026-08-05T05:46:00Z,-5.616129783447832e-07,7.667040335945785e-07,1.4006218407303095e-07,9.606568731773078e-07,3.2240876635114546e-07,3.6859404417555197e-07,-7.602807272633072e-07,9.043427261109471e-07
gmat_two_body,numerical_two_body,EarthMJ2000Eq,39300.0,2026-08-05T05:47:00Z,0.001957967015187023,-0.0028851886781922076,-0.0003331188054289669,0.003502701340374212,-0.001225922474645813,-0.0012314922415157525,0.002918700059417745,0.0033968027749047124
gmat_two_body,numerical_two_body,EarthMJ2000Eq,39360.0,2026-08-05T05:48:00Z,-5.188667273614556e-07,8.071765478234738e-07,4.9112713895738125e-08,9.608166936441165e-07,3.8324898810060404e-07,2.8066438062523957e-07,-7.723821582317214e-07,9.067670482470005e-07
gmat_two_body,numerical_two_body,EarthMJ2000Eq,39420.0,2026-08-05T05:49:00Z,0.0017973516150959767,-0.003013174364241422,1.9521394278854132e-05,0.0035085714560835735,-0.0014481909005326088,-0.0008985123756133362,0.002951655191096858,0.0034083500026618157
gmat_two_body,numerical_two_body,EarthMJ2000Eq,39480.0,2026-08-05T05:50:00Z,-4.6929926611483097e-07,8.346887625521049e-07,-4.274625098332763e-08,9.58527189744669e-07,4.405364961712621e-07,1.8562928971732617e-07,-7.747136265834342e-07,9.103361142313691e-07
gmat_two_body,numerical_two_body,EarthMJ2000Eq,39540.0,2026-08-05T05:51:00Z,-4.4065018300898373e-07,8.458300726488233e-07,-9.094947017729282e-08,9.580568363664522e-07,4.667377595524158e-07,1.376676550535194e-07,-7.700506898800086e-07,9.109196366445399e-07
gmat_two_body,numerical_two_body,EarthMJ2000Eq,39600.0,2026-08-05T05:52:00Z,0.0015092168723640498,-0.003127783884337987,0.0005495476216310635,0.003516073119744967,-0.001745238176198427,-0.0003703171103097702,0.002921478836626079,0.003423160768456933
gmat_two_body,numerical_two_body,EarthMJ2000Eq,39660.0,2026-08-05T05:53:00Z,-3.824425220955163e-07,8.561755748814903e-07,-1.800799509510398e-07,9.54844325775128e-07,5.142553050063725e-07,3.907985046680551e-08,-7.531752999057062e-07,9.128300969116627e-07
gmat_two_body,numerical_two_body,EarthMJ2000Eq,39720.0,2026-08-05T05:54:00Z,-3.5015546018257737e-07,8.569571718908264e-07,-2.255546860396862e-07,9.528165390804557e-07,5.360156762890256e-07,-8.881784197001252e-09,-7.407408020299044e-07,9.143788203529267e-07
gmat_two_body,numerical_two_body,EarthMJ2000Eq,39780.0,2026-08-05T05:55:00Z,0.001172308657260146,-0.003145390792269609,0.0010654594007064588,0.0035217885454034985,-0.0019883001911580322,0.00017613022151863333,0.0027948710012992706,0.0034344815356899005
gmat_two_body,numerical_two_body,EarthMJ2000Eq,39840.0,2026-08-05T05:56:00Z,-2.8467184165492654e-07,8.500364856445231e-07,-3.128661774098873e-07,9.494658126152696e-07,5.706546346573305e-07,-1.0658141036401503e-07,-7.052136652418994e-07,9.134180985370213e-07
gmat_two_body,numerical_two_body,EarthMJ2000Eq,39900.0,2026-08-05T05:57:00Z,0.0009257946658181027,-0.0031023328119772486,0.0013930430213804357,0.0035245047168282594,-0.00211535522431916,0.0005409184211657703,0.0026580853074165134,0.0034398747019207506
gmat_two_body,numerical_two_body,EarthMJ2000Eq,39960.0,2026-08-05T05:58:00Z,-2.1100277081131935e-07,8.310507837450132e-07,-3.9744918467476964e-07,9.450573680215894e-07,5.95967719618784e-07,-2.0339285811132868e-07,-6.59916565837193e-07,9.121601018596807e-07
gmat_two_body,numerical_two_body,EarthMJ2000Eq,40020.0,2026-08-05T05:59:00Z,-1.77351466845721e-07,8.185452315956354e-07,-4.356479621492326e-07,9.440651385815813e-07,6.077360836798107e-07,-2.531308496145357e-07,-6.363798377151397e-07,9.156405802952369e-07
gmat_two_body,numerical_two_body,EarthMJ2000Eq,40080.0,2026-08-05T06:00:00Z,0.0005320407581166364,-0.0029566244847956114,0.0018476594050298445,0.0035268315793904135,-0.002247611874395261,0.0010738991917946805,0.002378975239025749,0.003444494418627713
gmat_two_body,numerical_two_body,EarthMJ2000Eq,40140.0,2026-08-05T06:01:00Z,-1.0368239600211382e-07,7.817106961738318e-07,-5.102265276946127e-07,9.392298767163539e-07,6.206146707654625e-07,-3.446132268436486e-07,-5.773159728050814e-07,9.149943049772456e-07
gmat_two_body,numerical_two_body,EarthMJ2000Eq,40200.0,2026-08-05T06:02:00Z,-6.821210263296962e-08,7.594280759803951e-07,-5.44787326361984e-07,9.371110523825521e-07,6.249445405615006e-07,-3.863576125695545e-07,-5.444533712761768e-07,9.144710804952038e-07
gmat_two_body,numerical_two_body,EarthMJ2000Eq,40260.0,2026-08-05T06:03:00Z,0.00012113014236092567,-0.002717808456509374,0.0022446738512371667,0.003526998159354515,-0.0023052760811381745,0.0015722569912668405,0.0020200170425255237,0.0034448162082974473
gmat_two_body,numerical_two_body,EarthMJ2000Eq,40320.0,2026-08-05T06:04:00Z,5.4569682106375694e-09,7.075868779793382e-07,-6.057234713807702e-07,9.314557918506759e-07,6.233694116453137e-07,-4.68070027181966e-07,-4.716227408607665e-07,9.111020708011658e-07
gmat_two_body,numerical_two_body,EarthMJ2000Eq,40380.0,2026-08-05T06:05:00Z,-0.00015559089661110193,-0.0025106487555603962,0.002470716481184354,0.0035259049379274547,-0.002301066837073762,0.0018760486497626516,0.0017427588261398341,0.003442626243298161
gmat_two_body,numerical_two_body,EarthMJ2000Eq,40440.0,2026-08-05T06:06:00Z,8.094502845779061e-08,6.46650732960552e-07,-6.566551746800542e-07,9.251514938130641e-07,6.13176176500474e-07,-5.444533712761768e-07,-3.9523939676655573e-07,9.102904358929217e-07
gmat_two_body,numerical_two_body,EarthMJ2000Eq,40500.0,2026-08-05T06:07:00Z,1.1732481652870774e-07,6.129994289949536e-07,-6.789377948734909e-07,9.222201157149592e-07,6.050715484207103e-07,-5.790923296444817e-07,-3.5349501104064984e-07,9.090754797000842e-07
gmat_two_body,numerical_two_body,EarthMJ2000Eq,40560.0,2026-08-05T06:08:00Z,-0.0005646261342917569,-0.0021358146113925613,0.0027436221898824442,0.003522494775947659,-0.0022312576231087178,0.0022768356089386543,0.001281575734424223,0.0034358299337826376
gmat_two_body,numerical_two_body,EarthMJ2000Eq,40620.0,2026-08-05T06:09:00Z,1.90084392670542e-07,5.402398528531194e-07,-7.171365723479539e-07,9.177559797389833e-07,5.810907310888069e-07,-6.403766406037903e-07,-2.7000623958883807e-07,9.058984761027171e-07
gmat_two_body,numerical_two_body,EarthMJ2000Eq,40680.0,2026-08-05T06:10:00Z,2.2464519133791327e-07,5.002220859751105e-07,-7.339622243307531e-07,9.161812833894203e-07,5.6710192097853e-07,-6.687983500341943e-07,-2.2826185386293218e-07,9.060901145663947e-07
gmat_two_body,numerical_two_body,EarthMJ2000Eq,40740.0,2026-08-05T06:11:00Z,2.573870006017387e-07,4.602043190971017e-07,-7.464677764801309e-07,9.139202507426876e-07,5.506706202140776e-07,-6.945555242054979e-07,-1.8385293287792592e-07,9.052333451100584e-07
gmat_two_body,numerical_two_body,EarthMJ2000Eq,40800.0,2026-08-05T06:12:00Z,2.892193151637912e-07,4.192770575173199e-07,-7.562448445241898e-07,9.117825004317699e-07,5.346834086594754e-07,-7.185363415374013e-07,-1.3855583347321954e-07,9.062993658803514e-07
gmat_two_body,numerical_two_body,EarthMJ2000Eq,40860.0,2026-08-05T06:13:00Z,-0.0011974134395131841,-0.0013733188097830862,0.0030028957098693354,0.0035124330801856547,-0.001955937634079419,0.0027662663271144083,0.0004362021854831255,0.0034158737926854804
gmat_two_body,numerical_two_body,EarthMJ2000Eq,40920.0,2026-08-05T06:14:00Z,3.5288394428789616e-07,3.3014657674357295e-07,-7.680682756472379e-07,9.074429548612983e-07,4.929390229335695e-07,-7.553957459549565e-07,-4.973799150320701e-08,9.033744966160603e-07
gmat_two_body,numerical_two_body,EarthMJ2000Eq,40980.0,2026-08-05T06:15:00Z,3.815330273937434e-07,2.8467184165492654e-07,-7.70398855820531e-07,9.056047181154844e-07,4.694022948115162e-07,-7.709388682997087e-07,-5.329070518200751e-09,9.026148968536588e-07
gmat_two_body,numerical_two_body,EarthMJ2000Eq,41040.0,2026-08-05T06:16:00Z,-0.0015279383660526946,-0.0008584702300140634,0.0030343360037932143,0.0035041064153635447,-0.0017072636637749383,0.0029383755428824543,-8.65405525019014e-05,0.003399454267361648
gmat_two_body,numerical_two_body,EarthMJ2000Eq,41100.0,2026-08-05T06:17:00Z,4.3428372009657323e-07,1.9099388737231493e-07,-7.657945388928056e-07,9.008453198815832e-07,4.1966430330830917e-07,-7.920331057675867e-07,8.260059303211165e-08,9.001430031235893e-07
gmat_two_body,numerical_two_body,EarthMJ2000Eq,41160.0,2026-08-05T06:18:00Z,4.5838532969355583e-07,1.446096575818956e-07,-7.593143891426735e-07,8.986586699650397e-07,3.921307722976053e-07,-8.01358979174438e-07,1.2434497875801753e-07,9.007799008795354e-07
gmat_two_body,numerical_two_body,EarthMJ2000Eq,41220.0,2026-08-05T06:19:00Z,4.815774445887655e-07,9.367795428261161e-08,-7.498783816117793e-07,8.961082420466414e-07,3.6282088444750116e-07,-8.026912468039882e-07,1.6786572132332367e-07,8.967335904728938e-07
gmat_two_body,numerical_two_body,EarthMJ2000Eq,41280.0,2026-08-05T06:20:00Z,5.029505700804293e-07,4.547473508864641e-08,-7.389644451905042e-07,8.950394844537983e-07,3.370637102761975e-07,-8.058553824241699e-07,2.0694557179012918e-07,8.976866445763272e-07
gmat_two_body,numerical_two_body,EarthMJ2000Eq,41340.0,2026-08-05T06:21:00Z,-0.0019648227862489875,4.070352588314563e-05,0.0028808267416025046,0.0034873124427723216,-0.0011863976467907378,0.003011677171538274,-0.0009252589805441858,0.003366577333576795
gmat_two_body,numerical_two_body,EarthMJ2000Eq,41400.0,2026-08-05T06:22:00Z,5.397851055022329e-07,-5.093170329928398e-08,-7.09405867382884e-07,8.928710339126726e-07,2.744471316873387e-07,-8.021361352916756e-07,2.886579864025407e-07,8.955819564652037e-07
gmat_two_body,numerical_two_body,EarthMJ2000Eq,41460.0,2026-08-05T06:23:00Z,5.543370207305998e-07,-9.640643838793039e-08,-6.921254680491984e-07,8.91976119320156e-07,2.433608869978343e-07,-7.951417302365371e-07,3.277378368693462e-07,8.938047785728855e-07
gmat_two_body,numerical_two_body,EarthMJ2000Eq,41520.0,2026-08-05T06:24:00Z,-0.0021466178168338956,0.0005768479240941815,0.0026724455892690457,0.003476015967553093,-0.0008294884779047607,0.002930359288555451,-0.0013826078060219515,0.003344646624125305
gmat_two_body,numerical_two_body,EarthMJ2000Eq,41580.0,2026-08-05T06:25:00Z,5.795754987047985e-07,-1.9372237147763371e-07,-6.489244697149843e-07,8.913692182842684e-07,1.7763568394002505e-07,-7.749356711883593e-07,4.014566457044566e-07,8.906442438309849e-07
gmat_two_body,numerical_two_body,EarthMJ2000Eq,41640.0,2026-08-05T06:26:00Z,5.89807314099744e-07,-2.382876118645072e-07,-6.243681127671152e-07,8.91341233184022e-07,1.447730824111204e-07,-7.629452625224076e-07,4.3787196091216174e-07,8.915024246457572e-07
gmat_two_body,numerical_two_body,EarthMJ2000Eq,41700.0,2026-08-05T06:27:00Z,5.979927664157003e-07,-2.837623469531536e-07,-5.966285243630409e-07,8.911127955076641e-07,1.1102230246251565e-07,-7.505107646466058e-07,4.7073456244106637e-07,8.928512685610596e-07
gmat_two_body,numerical_two_body,EarthMJ2000Eq,41760.0,2026-08-05T06:28:00Z,6.033360477886163e-07,-3.292370820418e-07,-5.657057045027614e-07,8.901878379642984e-07,7.815970093361102e-08,-7.318590178329032e-07,5.009326287108706e-07,8.903145844815507e-07
gmat_two_body,numerical_two_body,EarthMJ2000Eq,41820.0,2026-08-05T06:29:00Z,-0.002301666540915903,0.0014127626855042763,0.0021569303498836234,0.0034562864183071,-0.00020053381177831398,0.0026053021962013645,-0.0020264332434294374,0.003306696997499762
gmat_two_body,numerical_two_body,EarthMJ2000Eq,41880.0,2026-08-05T06:30:00Z,6.088498594181146e-07,-4.156390787102282e-07,-5.038600647822022e-07,8.929327857945805e-07,1.2434497875801753e-08,-6.918909889463976e-07,5.586642259913788e-07,8.893668954515867e-07
gmat_two_body,numerical_two_body,EarthMJ2000Eq,41940.0,2026-08-05T06:31:00Z,6.087077508709626e-07,-4.5565684558823705e-07,-4.702087608166039e-07,8.940047906194321e-07,-1.9539925233402755e-08,-6.692424392440444e-07,5.866418462119327e-07,8.901774580893353e-07
gmat_two_body,numerical_two_body,EarthMJ2000Eq,42000.0,2026-08-05T06:32:00Z,-0.0023035975686980237,0.0018562777768238448,0.0017641432350501418,0.0034444927488695197,0.00017783641226287727,0.0023115829250741626,-0.0023261677029040584,0.0032842194797325737
gmat_two_body,numerical_two_body,EarthMJ2000Eq,42060.0,2026-08-05T06:33:00Z,6.017444320605136e-07,-5.311449058353901e-07,-3.965396899729967e-07,8.952401902476206e-07,-8.79296635503124e-08,-6.181721801112872e-07,6.363798377151397e-07,8.915423533663223e-07
gmat_two_body,numerical_two_body,EarthMJ2000Eq,42120.0,2026-08-05T06:34:00Z,-0.0022674338424621965,0.0021201058189035393,0.0014750921764061786,0.003436859299154716,0.00042369663333374774,0.002081412375787295,-0.002485861738676931,0.003269756091667505
gmat_two_body,numerical_two_body,EarthMJ2000Eq,42180.0,2026-08-05T06:35:00Z,5.882156983716413e-07,-6.066329660825431e-07,-3.192326403222978e-07,9.032777767642063e-07,-1.5365486660812167e-07,-5.595524044110789e-07,6.790124018607457e-07,8.931777836440391e-07
gmat_two_body,numerical_two_body,EarthMJ2000Eq,42240.0,2026-08-05T06:36:00Z,5.766196409240365e-07,-6.393747753463686e-07,-2.773958840407431e-07,9.045655256151041e-07,-1.8829382497642655e-07,-5.284661597215745e-07,6.967759702547482e-07,8.94554525571006e-07
gmat_two_body,numerical_two_body,EarthMJ2000Eq,42300.0,2026-08-05T06:37:00Z,-0.0021591370114038,0.0024605446924397256,0.0010106004992849194,0.0034259985678137643,0.0007756675302061922,0.0016935031155185243,-0.002662378317808134,0.0032492878030149917
gmat_two_body,numerical_two_body,EarthMJ2000Eq,42360.0,2026-08-05T06:38:00Z,5.50699041923508e-07,-6.97582436259836e-07,-1.9190338207408786e-07,9.092401213129297e-07,-2.4868995751603507e-07,-4.574118861455645e-07,7.278622149442526e-07,8.949054321547744e-07
gmat_two_body,numerical_two_body,EarthMJ2000Eq,42420.0,2026-08-05T06:39:00Z,5.343281372915953e-07,-7.244125299621373e-07,-1.4733814168721437e-07,9.121340909446879e-07,-2.7977620220553945e-07,-4.2099657093785936e-07,7.389644451905042e-07,8.953107211006135e-07
gmat_two_body,numerical_two_body,EarthMJ2000Eq,42480.0,2026-08-05T06:40:00Z,-0.0019898675418517087,0.0027273563318885863,0.0005212732503423467,0.0034161046817581865,0.0010997984745131362,0.0012653975645093851,-0.0027617022002601743,0.003230756370221932
gmat_two_body,numerical_two_body,EarthMJ2000Eq,42540.0,2026-08-05T06:41:00Z,4.974936018697917e-07,-7.712515071034431e-07,-5.638867150992155e-08,9.195153361338598e-07,-3.375077994860476e-07,-3.490541189421492e-07,7.592815265411446e-07,9.012539759751659e-07
gmat_two_body,numerical_two_body,EarthMJ2000Eq,42600.0,2026-08-05T06:42:00Z,-0.0018459104467183352,0.002861210759874666,0.00018812806956702843,0.0034101766171688915,0.0012967129592311721,0.0009637881603907772,-0.0027849928474488195,0.0032197107443198347
gmat_two_body,numerical_two_body,EarthMJ2000Eq,42660.0,2026-08-05T06:43:00Z,4.547473508864641e-07,-8.087681635515764e-07,3.54702933691442e-08,9.285253024148236e-07,-3.9124259387790516e-07,-2.6645352591003757e-07,7.69419250534753e-07,9.033682703237166e-07
gmat_two_body,numerical_two_body,EarthMJ2000Eq,42720.0,2026-08-05T06:44:00Z,4.297362465877086e-07,-8.24002199806273e-07,8.185452315956354e-08,9.329271299938428e-07,-4.1744385725905886e-07,-2.255973186038318e-07,7.732148255001903e-07,9.072015710402237e-07
gmat_two_body,numerical_two_body,EarthMJ2000Eq,42780.0,2026-08-05T06:45:00Z,-0.0015882960724411532,0.002992807139889919,-0.00031174295145319775,0.0034024642037924252,0.001558619455721555,0.0004961346888876506,-0.002756651462654247,0.0032053972489888365
gmat_two_body,numerical_two_body,EarthMJ2000Eq,42840.0,2026-08-05T06:46:00Z,3.7562131183221936e-07,-8.454890121356584e-07,1.7462298274040222e-07,9.415074219812842e-07,-4.6762593797211593e-07,-1.3855583347321954e-07,7.706058013923212e-07,9.119786390005312e-07
gmat_two_body,numerical_two_body,EarthMJ2000Eq,42900.0,2026-08-05T06:47:00Z,3.4560798667371273e-07,-8.531060302630067e-07,2.2009771782904863e-07,9.464025489807807e-07,-4.898303984646191e-07,-9.85878045867139e-08,7.669420654110581e-07,9.153433815624688e-07
gmat_two_body,numerical_two_body,EarthMJ2000Eq,42960.0,2026-08-05T06:48:00Z,-0.0012874988897237927,0.0030393575443099508,-0.0007998587534530088,0.0033963394557477928,0.0017757164627596467,2.076827598784803e-05,-0.002654905406629382,0.0031940762350878642
gmat_two_body,numerical_two_body,EarthMJ2000Eq,43020.0,2026-08-05T06:49:00Z,2.837623469531536e-07,-8.606662049714942e-07,3.1104718800634146e-07,9.581324225257426e-07,-5.329070518200751e-07,-8.881784197001252e-09,7.536193891155563e-07,9.230444169274793e-07
gmat_two_body,numerical_two_body,EarthMJ2000Eq,43080.0,2026-08-05T06:50:00Z,-0.0010671283234842122,0.0030228848117985763,-0.0011123456715722568,0.0033932150443569406,0.001893442291844849,-0.00029474911400484416,-0.002548217192810398,0.0031883242643256696
gmat_two_body,numerical_two_body,EarthMJ2000Eq,43140.0,2026-08-05T06:51:00Z,2.1736923372372985e-07,-8.565166353946552e-07,4.0108716348186135e-07,9.704334305800412e-07,-5.695444116327053e-07,8.171241461241152e-08,7.296385717836529e-07,9.292094494560006e-07
gmat_two_body,numerical_two_body,EarthMJ2000Eq,43200.0,2026-08-05T06:52:00Z,1.8280843505635858e-07,-8.499227988068014e-07,4.43833414465189e-07,9.761023448671607e-07,-5.861977570020827e-07,1.2789769243681803e-07,7.16315895488151e-07,9.343950407477168e-07
gmat_two_body,numerical_two_body,EarthMJ2000Eq,43260.0,2026-08-05T06:53:00Z,-0.0007134922270779498,0.002927910145444912,-0.0015526566130574793,0.0033900547983728847,0.002027045198360611,-0.0007577680705139755,-0.0023335240406652247,0.0031825240192730423
gmat_two_body,numerical_two_body,EarthMJ2000Eq,43320.0,2026-08-05T06:54:00Z,1.1186784831807017e-07,-8.294591680169106e-07,5.293259164318442e-07,9.903044242560121e-07,-6.148415110374117e-07,2.1760371282653068e-07,6.790124018607457e-07,9.415090554059253e-07
gmat_two_body,numerical_two_body,EarthMJ2000Eq,43380.0,2026-08-05T06:55:00Z,7.457856554538012e-08,-8.144525054376572e-07,5.675246939063072e-07,9.954793439574381e-07,-6.259437412836633e-07,2.646771690706373e-07,6.585842982076429e-07,9.46357674943829e-07
gmat_two_body,numerical_two_body,EarthMJ2000Eq,43440.0,2026-08-05T06:56:00Z,3.728928277269006e-08,-7.967173587530851e-07,6.066329660825431e-07,1.0020741469004665e-06,-6.368239269249898e-07,3.1086244689504383e-07,6.332712132461893e-07,9.503749808996654e-07
gmat_two_body,numerical_two_body,EarthMJ2000Eq,43500.0,2026-08-05T06:57:00Z,-9.094947017729282e-10,-7.757989806123078e-07,6.439222488552332e-07,1.0082166176325845e-06,-6.441513988875158e-07,3.5349501104064984e-07,6.092903959142859e-07,9.545284354448327e-07
gmat_two_body,numerical_two_body,EarthMJ2000Eq,43560.0,2026-08-05T06:58:00Z,-8.618553692940623e-05,0.002590703843452502,-0.002183191099902615,0.0033890260739553725,0.0021294735974564105,-0.0014763674727191756,-0.0018445405203237897,0.003180667924805026
gmat_two_body,numerical_two_body,EarthMJ2000Eq,43620.0,2026-08-05T06:59:00Z,-7.73070496506989e-08,-7.280505087692291e-07,7.130438461899757e-07,1.0219909245361342e-06,-6.539491170798328e-07,4.4231285301066237e-07,5.506706202140776e-07,9.625633691528478e-07
gmat_two_body,numerical_two_body,EarthMJ2000Eq,43680.0,2026-08-05T07:00:00Z,-1.1641532182693481e-07,-7.003109203651547e-07,7.462404028046876e-07,1.0299818693146309e-06,-6.571965194268614e-07,4.867217739956686e-07,5.186961971048731e-07,9.684271244235826e-07
gmat_two_body,numerical_two_body,EarthMJ2000Eq,43740.0,2026-08-05T07:01:00Z,0.00029680995794478804,0.0022898257157066837,-0.0024834025680320337,0.0033909712877514776,0.0021166686181572913,-0.0018596075790355826,-0.0014836452066901984,0.003184278487575055
gmat_two_body,numerical_two_body,EarthMJ2000Eq,43800.0,2026-08-05T07:02:00Z,-1.9463186617940664e-07,-6.375557859428227e-07,8.039933163672686e-07,1.0443965704103434e-06,-6.564748744608551e-07,5.693223670277803e-07,4.46753745109163e-07,9.770752924752385e-07
gmat_two_body,numerical_two_body,EarthMJ2000Eq,43860.0,2026-08-05T07:03:00Z,-2.3374013835564256e-07,-6.029949872754514e-07,8.29913915367797e-07,1.0521380678784244e-06,-6.532552276894421e-07,6.10178574333986e-07,4.1033842990145786e-07,9.83584217102854e-07
gmat_two_body,numerical_two_body,EarthMJ2000Eq,43920.0,2026-08-05T07:04:00Z,-2.737579052336514e-07,-5.647962098009884e-07,8.526512829121202e-07,1.0587503764037884e-06,-6.461498003318411e-07,6.474820679613913e-07,3.694822225952521e-07,9.865392570062102e-07
gmat_two_body,numerical_two_body,EarthMJ2000Eq,43980.0,2026-08-05T07:05:00Z,-3.1377567211166024e-07,-5.247784429229796e-07,8.753886504564434e-07,1.0677794135090564e-06,-6.388223283693151e-07,6.852296507986466e-07,3.2862601528904634e-07,9.927883457623708e-07
gmat_two_body,numerical_two_body,EarthMJ2000Eq,44040.0,2026-08-05T07:06:00Z,0.0009138466339209117,0.001648732904868666,-0.002827592879839358,0.003398340382604939,0.001971270258138702,-0.0023891781886220542,-0.0007953424585593893,0.003197913143598006
gmat_two_body,numerical_two_body,EarthMJ2000Eq,44100.0,2026-08-05T07:07:00Z,-3.8744474295526743e-07,-4.3655745685100555e-07,9.081304597202688e-07,1.0795354435346888e-06,-6.177280909014371e-07,7.549516567451064e-07,2.469136006766348e-07,1.006233732544291e-06
gmat_two_body,numerical_two_body,EarthMJ2000Eq,44160.0,2026-08-05T07:08:00Z,-4.2382453102618456e-07,-3.892637323588133e-07,9.213181328959763e-07,1.0862691141850655e-06,-6.03073146976385e-07,7.851497230149107e-07,2.007283228522283e-07,1.0101728405324803e-06
gmat_two_body,numerical_two_body,EarthMJ2000Eq,44220.0,2026-08-05T07:09:00Z,0.0012550926840049215,0.0011962256394326687,-0.002930556775027071,0.003405051605708178,0.0018115353661585232,-0.0026278628162401674,-0.0003452580443763509,0.0032103779342979822
gmat_two_body,numerical_two_body,EarthMJ2000Eq,44280.0,2026-08-05T07:10:00Z,-4.929461283609271e-07,-2.901288098655641e-07,9.405312084709294e-07,1.1008040542657094e-06,-5.688782778179302e-07,8.428813202954188e-07,1.0658141036401503e-07,1.0224632081944196e-06
gmat_two_body,numerical_two_body,EarthMJ2000Eq,44340.0,2026-08-05T07:11:00Z,-5.279616743791848e-07,-2.3919710656628013e-07,9.452207905269461e-07,1.1087836255317525e-06,-5.484501741648273e-07,8.684164498617974e-07,5.595524044110789e-08,1.0286280731463727e-06
gmat_two_body,numerical_two_body,EarthMJ2000Eq,44400.0,2026-08-05T07:12:00Z,-5.611582309938967e-07,-1.8735590856522322e-07,9.472387318965048e-07,1.1168088519936606e-06,-5.280220705117245e-07,8.899547765395255e-07,5.329070518200751e-09,1.0348213421772829e-06
gmat_two_body,numerical_two_body,EarthMJ2000Eq,44460.0,2026-08-05T07:13:00Z,-5.920810508541763e-07,-1.3369572116062045e-07,9.462155503570102e-07,1.1241700869417688e-06,-5.040412531798211e-07,9.092726571680032e-07,-4.796163466380676e-08,1.0407375598007742e-06
gmat_two_body,numerical_two_body,EarthMJ2000Eq,44520.0,2026-08-05T07:14:00Z,0.0017451193343731575,0.00036634901334764436,-0.002917768370025442,0.003419506594803515,0.001432957308367122,-0.0028704615351315965,0.0004332267877771301,0.0032373757152855272
gmat_two_body,numerical_two_body,EarthMJ2000Eq,44580.0,2026-08-05T07:15:00Z,-6.480149750132114e-07,-2.091837814077735e-08,9.345058060716838e-07,1.1373926709659689e-06,-4.4986236957811343e-07,9.389156119254949e-07,-1.4921397450962104e-07,1.0517620871988205e-06
gmat_two_body,numerical_two_body,EarthMJ2000Eq,44640.0,2026-08-05T07:16:00Z,-6.734808266628534e-07,3.456079866737127e-08,9.240466170012951e-07,1.143954991718881e-06,-4.1877612488860905e-07,9.498582476119566e-07,-2.0161650127192843e-07,1.0574749864267762e-06
gmat_two_body,numerical_two_body,EarthMJ2000Eq,44700.0,2026-08-05T07:17:00Z,0.0019777962734224275,-0.00015539171727141365,-0.0027977721401839517,0.0034297745747132844,0.0011454011072942194,-0.0029132508072571284,0.0008983258581451992,0.00325667979850452
gmat_two_body,numerical_two_body,EarthMJ2000Eq,44760.0,2026-08-05T07:18:00Z,-7.194103091023862e-07,1.509761204943061e-07,8.940332918427885e-07,1.157428403282706e-06,-3.5438318946034997e-07,9.624523400475482e-07,-3.064215547965432e-07,1.0704186662605538e-06
gmat_two_body,numerical_two_body,EarthMJ2000Eq,44820.0,2026-08-05T07:19:00Z,0.0021026053218520246,-0.0005043284545536153,-0.002671788479347015,0.003437113615800957,0.0009321103888737525,-0.002896227035975585,0.00119980825274979,0.003270550513954616
gmat_two_body,numerical_two_body,EarthMJ2000Eq,44880.0,2026-08-05T07:20:00Z,-7.569269655505195e-07,2.6557245291769505e-07,8.499227988068014e-07,1.1686898317594046e-06,-2.815525590449397e-07,9.607870055106105e-07,-4.085620730620576e-07,1.081344755851512e-06
gmat_two_body,numerical_two_body,EarthMJ2000Eq,44940.0,2026-08-05T07:21:00Z,-7.721610018052161e-07,3.2378011383116245e-07,8.244569471571594e-07,1.1750725222457798e-06,-2.4424906541753444e-07,9.550138457825597e-07,-4.574118861455645e-07,1.0867081876847053e-06
gmat_two_body,numerical_two_body,EarthMJ2000Eq,45000.0,2026-08-05T07:22:00Z,0.0022396088752429932,-0.0010183066478930414,-0.0024166793082258664,0.0034486425187336247,0.0005853113549392219,-0.002800532694635649,0.0016293215665541538,0.003292455242396239
gmat_two_body,numerical_two_body,EarthMJ2000Eq,45060.0,2026-08-05T07:23:00Z,-7.976268534548581e-07,4.374669515527785e-07,7.648850441910326e-07,1.1885432520023394e-06,-1.6253665080512292e-07,9.325873406851315e-07,-5.568878691519785e-07,1.0982993260808927e-06
gmat_two_body,numerical_two_body,EarthMJ2000Eq,45120.0,2026-08-05T07:24:00Z,-8.058123057708144e-07,4.938556230627e-07,7.275957614183426e-07,1.192737372851317e-06,-1.2079226507921703e-07,9.166001291305292e-07,-6.03073146976385e-07,1.1038314131374733e-06
gmat_two_body,numerical_two_body,EarthMJ2000Eq,45180.0,2026-08-05T07:25:00Z,0.0023118523131415714,-0.0015074365364853293,-0.002087592292809859,0.003460501063474485,0.0002141424815249593,-0.0026202440217559797,0.002019550748855181,0.0033151351349746125
gmat_two_body,numerical_two_body,EarthMJ2000Eq,45240.0,2026-08-05T07:26:00Z,-8.153904218488606e-07,6.011759978719056e-07,6.502887117676437e-07,1.2038062672675224e-06,-3.2862601528904634e-08,8.72191208145523e-07,-6.936673457857978e-07,1.1148864698950778e-06
gmat_two_body,numerical_two_body,EarthMJ2000Eq,45300.0,2026-08-05T07:27:00Z,0.002322236696272739,-0.0018122482288163155,-0.0018310920495423488,0.00346841822885603,-4.18500789578502e-05,-0.0024538899801029856,0.0022512174346900338,0.0033303614521266287
gmat_two_body,numerical_two_body,EarthMJ2000Eq,45360.0,2026-08-05T07:28:00Z,-8.138840712490492e-07,7.039488991722465e-07,5.611582309938967e-07,1.2136102728186445e-06,5.773159728050814e-08,8.15347789284715e-07,-7.749356711883593e-07,1.1263437527221356e-06
gmat_two_body,numerical_two_body,EarthMJ2000Eq,45420.0,2026-08-05T07:29:00Z,-8.089955372270197e-07,7.503331289626658e-07,5.129550117999315e-07,1.2167976116851997e-06,1.021405182655144e-07,7.815970093361102e-07,-8.126832540256146e-07,1.1321575163590801e-06
gmat_two_body,numerical_two_body,EarthMJ2000Eq,45480.0,2026-08-05T07:30:00Z,0.0022797566998633556,-0.0022267022359301336,-0.001398292624799069,0.0034800453621519913,-0.00043024783735745586,-0.002138341059776394,0.002546366673072953,0.0033528493737734503
gmat_two_body,numerical_two_body,EarthMJ2000Eq,45540.0,2026-08-05T07:31:00Z,-7.919425115687773e-07,8.412825991399586e-07,4.129105946049094e-07,1.2269574207699824e-06,1.9628743075372768e-07,7.016609515630989e-07,-8.775202786637237e-07,1.1405694568444274e-06
gmat_two_body,numerical_two_body,EarthMJ2000Eq,45600.0,2026-08-05T07:32:00Z,-7.778453436912969e-07,8.831193554215133e-07,3.5925040720030665e-07,1.2304487107132614e-06,2.424727085781342e-07,6.572520305780927e-07,-9.050538096744276e-07,1.14450672541075e-06
gmat_two_body,numerical_two_body,EarthMJ2000Eq,45660.0,2026-08-05T07:33:00Z,0.0021676871710951673,-0.0025776757865969557,-0.0009188051990349777,0.0034910575942416803,-0.0008129461548378458,-0.001749992151189872,0.0027681117398259403,0.003374284603298007
gmat_two_body,numerical_two_body,EarthMJ2000Eq,45720.0,2026-08-05T07:34:00Z,-7.41692929295823e-07,9.558789315633476e-07,2.473825588822365e-07,1.2349133830407819e-06,3.3306690738754696e-07,5.613287612504791e-07,-9.516831767086842e-07,1.1540036446363741e-06
gmat_two_body,numerical_two_body,EarthMJ2000Eq,45780.0,2026-08-05T07:35:00Z,0.0020552988644340076,-0.0027702685656549875,-0.0005801348379463889,0.003497884757706998,-0.0010585017307107591,-0.001455559228702441,0.0028700222198807523,0.003387640200019441
gmat_two_body,numerical_two_body,EarthMJ2000Eq,45840.0,2026-08-05T07:36:00Z,-6.971276889089495e-07,1.0177245712839067e-06,1.3096723705530167e-07,1.2405251850810786e-06,4.2099657093785936e-07,4.547473508864641e-07,-9.841016890277388e-07,1.1629657777539893e-06
gmat_two_body,numerical_two_body,EarthMJ2000Eq,45900.0,2026-08-05T07:37:00Z,-6.716618372593075e-07,1.0436451702844352e-06,7.003109203651547e-08,1.2430724914261449e-06,4.60964599824365e-07,3.979039320256561e-07,-9.940936962493652e-07,1.1657779283960731e-06
gmat_two_body,numerical_two_body,EarthMJ2000Eq,45960.0,2026-08-05T07:38:00Z,0.0018332807485421654,-0.002989284439536277,-5.512993084266782e-05,0.0035071040863800655,-0.0014026677597200887,-0.000970144853340571,0.002947967980837518,0.003405755877432292
gmat_two_body,numerical_two_body,EarthMJ2000Eq,46020.0,2026-08-05T07:39:00Z,-6.111804395914078e-07,1.0838903108378872e-06,-5.093170329928398e-08,1.2453729457750254e-06,5.404565683875262e-07,2.7977620220553945e-07,-1.0053069487980792e-06,1.1751638553561283e-06
gmat_two_body,numerical_two_body,EarthMJ2000Eq,46080.0,2026-08-05T07:40:00Z,-5.788933776784688e-07,1.0995790944434702e-06,-1.1186784831807017e-07,1.2476803048635588e-06,5.764277943853813e-07,2.184918912462308e-07,-1.003530591958679e-06,1.1777441817632921e-06
gmat_two_body,numerical_two_body,EarthMJ2000Eq,46140.0,2026-08-05T07:41:00Z,-5.434230843093246e-07,1.110606717702467e-06,-1.709850039333105e-07,1.248195418008006e-06,6.106226635438361e-07,1.5720758028692217e-07,-9.990896998601784e-07,1.1814205385466003e-06
gmat_two_body,numerical_two_body,EarthMJ2000Eq,46200.0,2026-08-05T07:42:00Z,-5.056790541857481e-07,1.1186784831807017e-06,-2.3101165425032377e-07,1.2492074443314607e-06,6.425970866530406e-07,9.059419880941277e-08,-9.898748487557896e-07,1.183634462506137e-06
gmat_two_body,numerical_two_body,EarthMJ2000Eq,46260.0,2026-08-05T07:43:00Z,0.001337311914539896,-0.0031490549190493766,0.0008237529982579872,0.0035190224554694817,-0.0018803816281831587,-8.387157635070253e-05,0.0028665836371288833,0.003429310609668269
gmat_two_body,numerical_two_body,EarthMJ2000Eq,46320.0,2026-08-05T07:44:00Z,-4.247340257279575e-07,1.121577497542603e-06,-3.474269760772586e-07,1.2486154649495548e-06,7.003286839335487e-07,-3.8191672047105385e-08,-9.614531393253856e-07,1.190088655719602e-06
gmat_two_body,numerical_two_body,EarthMJ2000Eq,46380.0,2026-08-05T07:45:00Z,-3.8107828004285693e-07,1.1176553016412072e-06,-4.0381564758718014e-07,1.2479748018463247e-06,7.243095012654521e-07,-1.0391687510491465e-07,-9.410250356722827e-07,1.19203652977457e-06
gmat_two_body,numerical_two_body,EarthMJ2000Eq,46440.0,2026-08-05T07:46:00Z,0.0009789364412426949,-0.003114784703939222,0.001325259290752001,0.0035237072091209784,-0.0020908919040607543,0.00046431836153715267,0.002690091704948827,0.0034386063857850665
gmat_two_body,numerical_two_body,EarthMJ2000Eq,46500.0,2026-08-05T07:47:00Z,-2.892193151637912e-07,1.0970779840135947e-06,-5.147740012034774e-07,1.2458812895240796e-06,7.642775301519578e-07,-2.3092638912203256e-07,-8.899547765395255e-07,1.1956030464052998e-06
gmat_two_body,numerical_two_body,EarthMJ2000Eq,46560.0,2026-08-05T07:48:00Z,-2.4283508537337184e-07,1.0829808161361143e-06,-5.693436833098531e-07,1.2473846866672555e-06,7.80042697101635e-07,-2.984279490192421e-07,-8.57980353430321e-07,1.1973538060781546e-06
gmat_two_body,numerical_two_body,EarthMJ2000Eq,46620.0,2026-08-05T07:49:00Z,-1.9554136088117957e-07,1.0618350643198937e-06,-6.184563972055912e-07,1.2442742635283495e-06,7.935874180020619e-07,-3.588240815588506e-07,-8.242295734817162e-07,1.1991205532887775e-06
gmat_two_body,numerical_two_body,EarthMJ2000Eq,46680.0,2026-08-05T07:50:00Z,-1.482476363889873e-07,1.0381882020737976e-06,-6.666596163995564e-07,1.2426774113816302e-06,8.029132914089132e-07,-4.2010839251815923e-07,-7.860379014346108e-07,1.1995900956064172e-06
gmat_two_body,numerical_two_body,EarthMJ2000Eq,46740.0,2026-08-05T07:51:00Z,0.0003171198841300793,-0.002841921741492115,0.0020644265532610007,0.0035268883168432406,-0.002287278477730581,0.0013415126787208465,0.0021991306553559298,0.0034449201356757902
gmat_two_body,numerical_two_body,EarthMJ2000Eq,46800.0,2026-08-05T07:52:00Z,-5.275069270282984e-08,9.822542779147625e-07,-7.548806024715304e-07,1.2399398477548258e-06,8.130718320842334e-07,-5.382361223382759e-07,-6.998845947236987e-07,1.2002592942569164e-06
gmat_two_body,numerical_two_body,EarthMJ2000Eq,46860.0,2026-08-05T07:53:00Z,-9.094947017729282e-10,9.481482265982777e-07,-7.967173587530851e-07,1.238444361495729e-06,8.141959328966664e-07,-5.924150059399835e-07,-6.52811138479592e-07,1.2000137244762514e-06
gmat_two_body,numerical_two_body,EarthMJ2000Eq,46920.0,2026-08-05T07:54:00Z,-9.73032001638785e-05,-0.002557114839873975,0.0024256391952803824,0.003525908354275008,-0.0023046093089451603,0.0018140644542086193,0.0018033068371892114,0.003442959404342906
gmat_two_body,numerical_two_body,EarthMJ2000Eq,46980.0,2026-08-05T07:55:00Z,9.458744898438454e-08,8.712959242984653e-07,-8.690221875440329e-07,1.2342215909828781e-06,8.059664047266324e-07,-6.963318810448982e-07,-5.53335155473178e-07,1.2002665238979324e-06
gmat_two_body,numerical_two_body,EarthMJ2000Eq,47040.0,2026-08-05T07:56:00Z,1.4097167877480388e-07,8.294591680169106e-07,-9.013092494569719e-07,1.2329776513710951e-06,7.968070647734748e-07,-7.442935157087049e-07,-4.991562718714704e-07,1.1991794360092947e-06
gmat_two_body,numerical_two_body,EarthMJ2000Eq,47100.0,2026-08-05T07:57:00Z,1.8826540326699615e-07,7.830749382264912e-07,-9.31777321966365e-07,1.2316083787781403e-06,7.844835892001356e-07,-7.895906151134113e-07,-4.4586556668946287e-07,1.199026248569571e-06
gmat_two_body,numerical_two_body,EarthMJ2000Eq,47160.0,2026-08-05T07:58:00Z,2.3464963305741549e-07,7.34871719032526e-07,-9.56333678914234e-07,1.22868669690586e-06,7.707168236947837e-07,-8.313350008393172e-07,-3.8813396940895473e-07,1.1982363223320495e-06
gmat_two_body,numerical_two_body,EarthMJ2000Eq,47220.0,2026-08-05T07:59:00Z,-0.0007728713171673007,-0.0019113185771857388,0.0028525296329462435,0.0035195729972869816,-0.0021647352799192277,0.0024569057899270774,0.001022166351560827,0.003430348224738612
gmat_two_body,numerical_two_body,EarthMJ2000Eq,47280.0,2026-08-05T08:00:00Z,3.255991032347083e-07,6.311893230304122e-07,-9.958966984413564e-07,1.2232027515915872e-06,7.349676423018536e-07,-9.054978988842777e-07,-2.7267077484793845e-07,1.1976866165949931e-06
gmat_two_body,numerical_two_body,EarthMJ2000Eq,47340.0,2026-08-05T08:01:00Z,3.67435859516263e-07,5.748006515204906e-07,-1.011130734696053e-06,1.219750081981475e-06,7.118750033896504e-07,-9.339196083146817e-07,-2.1316282072803006e-07,1.19348659120511e-06
gmat_two_body,numerical_two_body,EarthMJ2000Eq,47400.0,2026-08-05T08:02:00Z,-0.0011474385246401653,-0.0014427851056098007,0.002990670509461779,0.003513168673001947,-0.0019860726396814243,0.00273427414043681,0.0005094742405731267,0.00341764591597201
gmat_two_body,numerical_two_body,EarthMJ2000Eq,47460.0,2026-08-05T08:03:00Z,4.501998773775995e-07,4.611138137988746e-07,-1.0290932550560683e-06,1.2142235405677338e-06,6.59916565837193e-07,-9.894307595459395e-07,-9.325873406851315e-08,1.192962821416523e-06
gmat_two_body,numerical_two_body,EarthMJ2000Eq,47520.0,2026-08-05T08:04:00Z,-0.0013767830751021393,-0.0011062002158723772,0.0030309106477943715,0.003507938127789185,-0.0018319203931582706,0.002868441484338291,0.0001609148370107505,0.0034073130852201134
gmat_two_body,numerical_two_body,EarthMJ2000Eq,47580.0,2026-08-05T08:05:00Z,5.26142684975639e-07,3.410605131648481e-07,-1.0338290223899094e-06,1.2091115937453083e-06,5.990763440877345e-07,-1.02784447619797e-06,2.398081733190338e-08,1.189929331051265e-06
gmat_two_body,numerical_two_body,EarthMJ2000Eq,47640.0,2026-08-05T08:06:00Z,5.607034836430103e-07,2.773958840407431e-07,-1.0310827747161966e-06,1.206013499662671e-06,5.644373857194296e-07,-1.042721464727947e-06,8.348877145181177e-08,1.1886244109729162e-06
gmat_two_body,numerical_two_body,EarthMJ2000Eq,47700.0,2026-08-05T08:07:00Z,-0.001682390120549826,-0.0005774836608907208,0.0030129760943964357,0.0034988496454869,-0.0015553336396578743,0.0029901239262386525,-0.0003582787400091547,0.003389434684495161
gmat_two_body,numerical_two_body,EarthMJ2000Eq,47760.0,2026-08-05T08:08:00Z,6.234586180653423e-07,1.5188561519607902e-07,-1.014086592476815e-06,1.2000589592118695e-06,4.920508445138694e-07,-1.0572653863505366e-06,2.0250467969162855e-07,1.1836098495951995e-06
gmat_two_body,numerical_two_body,EarthMJ2000Eq,47820.0,2026-08-05T08:09:00Z,6.507434591185302e-07,8.640199666842818e-08,-1.000444171950221e-06,1.1965871868790025e-06,4.53859172466764e-07,-1.062316901112581e-06,2.602362769721367e-07,1.184157196774977e-06
gmat_two_body,numerical_two_body,EarthMJ2000Eq,47880.0,2026-08-05T08:10:00Z,-0.001934035935846623,-3.5543052945286036e-05,0.0029031300528004067,0.003488541588290397,-0.0012343042143925231,0.003015480337653642,-0.0008575247179010148,0.0033692695354118054
gmat_two_body,numerical_two_body,EarthMJ2000Eq,47940.0,2026-08-05T08:11:00Z,7.003109203651547e-07,-4.001776687800884e-08,-9.63154889177531e-07,1.191513385319349e-06,3.730349362740526e-07,-1.0558220964185239e-06,3.6859404417555197e-07,1.178888006711529e-06
gmat_two_body,numerical_two_body,EarthMJ2000Eq,48000.0,2026-08-05T08:12:00Z,-0.0020683114598796237,0.000324595021083951,0.0027812152438855264,0.003481153897144322,-0.0010015650531158826,0.0029799471779057285,-0.0011713678915725723,0.0033548950022524566
gmat_two_body,numerical_two_body,EarthMJ2000Eq,48060.0,2026-08-05T08:13:00Z,7.412381819449365e-07,-1.646185410209e-07,-9.1313268058002e-07,1.1875793020948695e-06,2.895461648222408e-07,-1.0376144388146713e-06,4.725109192804666e-07,1.176327876928548e-06
gmat_two_body,numerical_two_body,EarthMJ2000Eq,48120.0,2026-08-05T08:14:00Z,7.560174708487466e-07,-2.255546860396862e-07,-8.826646080706269e-07,1.1838640728409111e-06,2.4780177909633494e-07,-1.0231815394945443e-06,5.213607323639735e-07,1.1747864477158532e-06
gmat_two_body,numerical_two_body,EarthMJ2000Eq,48180.0,2026-08-05T08:15:00Z,-0.002215746917499928,0.0008507649909006432,0.0025307194846391212,0.0034695643216526052,-0.0006336309255061678,0.002851852309859737,-0.0016033601113463192,0.003332463562241394
gmat_two_body,numerical_two_body,EarthMJ2000Eq,48240.0,2026-08-05T08:16:00Z,7.808012014720589e-07,-3.483364707790315e-07,-8.167262421920896e-07,1.1823834267191898e-06,1.5987211554602254e-07,-9.867662242868391e-07,6.110667527536862e-07,1.1716096837442919e-06
gmat_two_body,numerical_two_body,EarthMJ2000Eq,48300.0,2026-08-05T08:17:00Z,7.893277143011801e-07,-4.05634636990726e-07,-7.776179700158536e-07,1.1799438150107405e-06,1.163513729807164e-07,-9.636735853746359e-07,6.545874953189923e-07,1.1707643700468915e-06
gmat_two_body,numerical_two_body,EarthMJ2000Eq,48360.0,2026-08-05T08:18:00Z,-0.002295725494150247,0.0013462822607834823,0.002207415491284337,0.003457674741983946,-0.00025411228676830433,0.0026408621955908984,-0.0019786057237070054,0.003309623362298786
gmat_two_body,numerical_two_body,EarthMJ2000Eq,48420.0,2026-08-05T08:19:00Z,7.985931915754918e-07,-5.211404641158879e-07,-6.948539521545172e-07,1.1798985057175067e-06,2.7533531010703882e-08,-9.099387909827783e-07,7.336353746723034e-07,1.1691738799835073e-06
gmat_two_body,numerical_two_body,EarthMJ2000Eq,48480.0,2026-08-05T08:20:00Z,-0.0023109860545211802,0.0016525755199836567,0.0019568315110518597,0.0034497611447875825,-5.400124791776761e-07,0.0024588331370978267,-0.0021926895854562645,0.0032945027403042454
gmat_two_body,numerical_two_body,EarthMJ2000Eq,48540.0,2026-08-05T08:21:00Z,7.966605153342243e-07,-6.257323548197746e-07,-6.020854925736785e-07,1.1784379054191108e-06,-6.128431095930864e-08,-8.455458555545192e-07,8.046896482483135e-07,1.1688579856480322e-06
gmat_two_body,numerical_two_body,EarthMJ2000Eq,48600.0,2026-08-05T08:22:00Z,7.920561984064989e-07,-6.748450687155128e-07,-5.547917680814862e-07,1.1792212659780105e-06,-1.0658141036401503e-07,-8.109068971862143e-07,8.353318037279678e-07,1.1690632212411681e-06
gmat_two_body,numerical_two_body,EarthMJ2000Eq,48660.0,2026-08-05T08:23:00Z,-0.0022773216414861963,0.002066636625386309,0.0015374689610325731,0.003438166896226545,0.0003724371921975944,0.0021318324883168316,-0.0024547337496017008,0.003272481780210363
gmat_two_body,numerical_two_body,EarthMJ2000Eq,48720.0,2026-08-05T08:24:00Z,7.739799912087619e-07,-7.667040335945785e-07,-4.483808879740536e-07,1.1781025093862217e-06,-1.900701818158268e-07,-7.354117315117037e-07,8.921752225887758e-07,1.1717225425252667e-06
gmat_two_body,numerical_two_body,EarthMJ2000Eq,48780.0,2026-08-05T08:25:00Z,7.607923180330545e-07,-8.103597792796791e-07,-3.965396899729967e-07,1.1801405207754705e-06,-2.3181456754173269e-07,-6.918909889463976e-07,9.166001291305292e-07,1.1715830875494437e-06
gmat_two_body,numerical_two_body,EarthMJ2000Eq,48840.0,2026-08-05T08:26:00Z,7.460130291292444e-07,-8.521965355612338e-07,-3.410605131648481e-07,1.1828341593365614e-06,-2.744471316873387e-07,-6.492584248007915e-07,9.379164112033322e-07,1.173262513110664e-06
gmat_two_body,numerical_two_body,EarthMJ2000Eq,48900.0,2026-08-05T08:27:00Z,7.282778824446723e-07,-8.890310709830374e-07,-2.8558133635669947e-07,1.1841966132811818e-06,-3.126388037344441e-07,-6.039613253960852e-07,9.57012247226885e-07,1.1740463131908182e-06
gmat_two_body,numerical_two_body,EarthMJ2000Eq,48960.0,2026-08-05T08:28:00Z,-0.002077186309179524,0.002610325282148551,0.0007553135219495744,0.003420380031240189,0.0009500835673748043,0.001472376887079463,-0.002724058090208814,0.003238988262009224
gmat_two_body,numerical_two_body,EarthMJ2000Eq,49020.0,2026-08-05T08:29:00Z,6.84849510435015e-07,-9.549694368615746e-07,-1.6825651982799172e-07,1.1871376220756463e-06,-3.872457909892546e-07,-5.071498776487715e-07,9.867662242868391e-07,1.1751033496809386e-06
gmat_two_body,numerical_two_body,EarthMJ2000Eq,49080.0,2026-08-05T08:30:00Z,6.616573955398053e-07,-9.840732673183084e-07,-1.0913936421275139e-07,1.190840923609788e-06,-4.2543746303636e-07,-4.574118861455645e-07,9.97091298415853e-07,1.1766111192397718e-06
gmat_two_body,numerical_two_body,EarthMJ2000Eq,49140.0,2026-08-05T08:31:00Z,-0.00187806199392071,0.0028357835617498495,0.0002585493348306045,0.003411104369649431,0.0012564909113166323,0.0010281429041469892,-0.0027826771997752076,0.003221667214303472
gmat_two_body,numerical_two_body,EarthMJ2000Eq,49200.0,2026-08-05T08:32:00Z,6.061782187316567e-07,-1.0345502232667059e-06,9.094947017729282e-09,1.1990950401811904e-06,-4.9649173661237e-07,-3.552713678800501e-07,1.0105527525894331e-06,1.1806517924967584e-06
gmat_two_body,numerical_two_body,EarthMJ2000Eq,49260.0,2026-08-05T08:33:00Z,5.757101462222636e-07,-1.0538769856793806e-06,7.185008144006133e-08,1.2030217402901997e-06,-5.306866057708248e-07,-3.019806626980426e-07,1.0142719997219274e-06,1.1838784919103925e-06
gmat_two_body,numerical_two_body,EarthMJ2000Eq,49320.0,2026-08-05T08:34:00Z,5.420588422566652e-07,-1.0711573850130662e-06,1.318767317570746e-07,1.2077240596740606e-06,-5.626610288800293e-07,-2.460254222569347e-07,1.0141887329950805e-06,1.1856199761943972e-06
gmat_two_body,numerical_two_body,EarthMJ2000Eq,49380.0,2026-08-05T08:35:00Z,5.070432962384075e-07,-1.0843450581887737e-06,1.9281287677586079e-07,1.2124660469181425e-06,-5.933031843596837e-07,-1.9273471707492718e-07,1.0118572646433677e-06,1.1887011667146842e-06
gmat_two_body,numerical_two_body,EarthMJ2000Eq,49440.0,2026-08-05T08:36:00Z,-0.0014347988326335326,0.0030277263931566267,-0.0005707925083697774,0.0033987613757889574,0.0016785692835696864,0.0002462439141481809,-0.0027118078893551,0.003198770534715991
gmat_two_body,numerical_two_body,EarthMJ2000Eq,49500.0,2026-08-05T08:37:00Z,4.320099833421409e-07,-1.1001759503415087e-06,3.119566827081144e-07,1.2224306603253085e-06,-6.519229600598919e-07,-7.904787935331115e-08,1.000755034397116e-06,1.196980681529439e-06
gmat_two_body,numerical_two_body,EarthMJ2000Eq,49560.0,2026-08-05T08:38:00Z,3.92901711165905e-07,-1.1031602298317011e-06,3.728928277269006e-07,1.228976528778964e-06,-6.803446694902959e-07,-2.042810365310288e-08,9.896528041508645e-07,1.2011239942180788e-06
gmat_two_body,numerical_two_body,EarthMJ2000Eq,49620.0,2026-08-05T08:39:00Z,-0.001114660335588269,0.0030292616202132194,-0.0010474641385371797,0.0033935342563398423,0.0018703274484721533,-0.00022850787928518912,-0.002572980939419267,0.0031891333509307235
gmat_two_body,numerical_two_body,EarthMJ2000Eq,49680.0,2026-08-05T08:40:00Z,3.064997144974768e-07,-1.0983285392285325e-06,4.874891601502895e-07,1.2401263388602596e-06,-7.274181257344026e-07,9.592326932761353e-08,9.610090501155355e-07,1.2090809723295676e-06
gmat_two_body,numerical_two_body,EarthMJ2000Eq,49740.0,2026-08-05T08:41:00Z,2.6193447411060333e-07,-1.0911662684520707e-06,5.44787326361984e-07,1.24741601925735e-06,-7.485123632022805e-07,1.545430450278218e-07,9.436895709313831e-07,1.2143740432493573e-06
gmat_two_body,numerical_two_body,EarthMJ2000Eq,49800.0,2026-08-05T08:42:00Z,2.191882231272757e-07,-1.0811618267325684e-06,6.002665031701326e-07,1.2558957948689435e-06,-7.676081992258332e-07,2.1227464230832993e-07,9.214851104388799e-07,1.2179563539168433e-06
gmat_two_body,numerical_two_body,EarthMJ2000Eq,49860.0,2026-08-05T08:43:00Z,1.7189449863508344e-07,-1.0654730431269854e-06,6.566551746800542e-07,1.2633196518400948e-06,-7.862599460395359e-07,2.6911806116913795e-07,8.961720254774264e-07,1.2221921014479853e-06
gmat_two_body,numerical_two_body,EarthMJ2000Eq,49920.0,2026-08-05T08:44:00Z,-0.0005190677256905474,0.002844717073458014,-0.001767094545357395,0.0033888743948557527,0.0020757067176191413,-0.0009932401567880333,-0.0021956960694069494,0.00318059202285277
gmat_two_body,numerical_two_body,EarthMJ2000Eq,49980.0,2026-08-05T08:45:00Z,7.457856554538012e-08,-1.0254552762489766e-06,7.60337570682168e-07,1.2787625688205501e-06,-8.143485885625523e-07,3.845812557301542e-07,8.388845174067683e-07,1.2307695151804786e-06
gmat_two_body,numerical_two_body,EarthMJ2000Eq,50040.0,2026-08-05T08:46:00Z,2.637534635141492e-08,-1.0008989193011075e-06,8.11269273981452e-07,1.2886629274017601e-06,-8.250067295989538e-07,4.4142467459096224e-07,8.08242361927114e-07,1.2364253163191127e-06
gmat_two_body,numerical_two_body,EarthMJ2000Eq,50100.0,2026-08-05T08:47:00Z,-0.0001400267137796618,0.002627127742016455,-0.0021357309378799982,0.003388621296701977,0.002126591791551391,-0.0014191128272500464,-0.0018913324240088514,0.003180159147348851
gmat_two_body,numerical_two_body,EarthMJ2000Eq,50160.0,2026-08-05T08:48:00Z,-7.275957614183426e-08,-9.408722689840943e-07,9.058567229658365e-07,1.3080944098214093e-06,-8.427633590990524e-07,5.542233338928781e-07,7.371880883511039e-07,1.2493437720971799e-06
gmat_two_body,numerical_two_body,EarthMJ2000Eq,50220.0,2026-08-05T08:49:00Z,0.000115589500637725,0.00244081229539006,-0.002349030637560645,0.0033895236435498638,0.0021295416263722444,-0.0016831895877089664,-0.0016601315877551315,0.0031818409160871627
gmat_two_body,numerical_two_body,EarthMJ2000Eq,50280.0,2026-08-05T08:50:00Z,-1.7189449863508344e-07,-8.667484507896006e-07,9.89530235528946e-07,1.3266388666977725e-06,-8.509859483751825e-07,6.643574579356937e-07,6.52811138479592e-07,1.2616300165935365e-06
gmat_two_body,numerical_two_body,EarthMJ2000Eq,50340.0,2026-08-05T08:51:00Z,-2.255546860396862e-07,-8.24002199806273e-07,1.026819518301636e-06,1.3357443111783192e-06,-8.5087492607272e-07,7.176481631177012e-07,6.075140390748857e-07,1.2681010738575016e-06
gmat_two_body,numerical_two_body,EarthMJ2000Eq,50400.0,2026-08-05T08:52:00Z,0.0004959420039085671,0.002104774466715753,-0.002613950982777169,0.003392458366338658,0.002087225725588837,-0.0020426575986220996,-0.0012766276924480735,0.003187277766353874
gmat_two_body,numerical_two_body,EarthMJ2000Eq,50460.0,2026-08-05T08:53:00Z,-3.246896085329354e-07,-7.294147508218884e-07,1.0932126315310597e-06,1.3537293224071396e-06,-8.43769498715119e-07,8.206768598029157e-07,5.115907697472721e-07,1.2834261143005249e-06
gmat_two_body,numerical_two_body,EarthMJ2000Eq,50520.0,2026-08-05T08:54:00Z,-3.7562131183221936e-07,-6.812115316279233e-07,1.12277120933868e-06,1.365926685164786e-06,-8.36664071357518e-07,8.681944052568724e-07,4.6007642140466487e-07,1.290518735684374e-06
gmat_two_body,numerical_two_body,EarthMJ2000Eq,50580.0,2026-08-05T08:55:00Z,0.0008636516213300638,0.0017085594663512893,-0.0028064282560080756,0.0033972207948858987,0.001989245657085803,-0.002350348804469604,-0.0008566765075102012,0.003196112079609584
gmat_two_body,numerical_two_body,EarthMJ2000Eq,50640.0,2026-08-05T08:56:00Z,-4.7475623432546854e-07,-5.70253178011626e-07,1.1714291758835316e-06,1.3866609113890924e-06,-8.135714324453147e-07,9.565681580170349e-07,3.481659405224491e-07,1.3031272534802983e-06
gmat_two_body,numerical_two_body,EarthMJ2000Eq,50700.0,2026-08-05T08:57:00Z,0.0010968624337692745,0.0014159058991936035,-0.002891597659981926,0.0034013576320637696,0.001893638135186393,-0.002522623887557529,-0.0005610454323345948,0.003203789731279438
gmat_two_body,numerical_two_body,EarthMJ2000Eq,50760.0,2026-08-05T08:58:00Z,-5.684341886080801e-07,-4.5201886678114533e-07,1.2061036613886245e-06,1.4078794425374933e-06,-7.793765632868599e-07,1.0373923942097463e-06,2.3003821070233244e-07,1.3177740266632201e-06
gmat_two_body,numerical_two_body,EarthMJ2000Eq,50820.0,2026-08-05T08:59:00Z,-6.129994289949536e-07,-3.8835423765704036e-07,1.2187229003757238e-06,1.418405027400332e-06,-7.58948459633757e-07,1.0755840662568517e-06,1.652011860642233e-07,1.3267159755739364e-06
gmat_two_body,numerical_two_body,EarthMJ2000Eq,50880.0,2026-08-05T09:00:00Z,0.0014216457202564925,0.0009424857125850394,-0.0029514608854697144,0.003408882108669674,0.0017064754054274545,-0.002726145753584319,-0.00010161382846263223,0.003217802720685257
gmat_two_body,numerical_two_body,EarthMJ2000Eq,50940.0,2026-08-05T09:01:00Z,-7.021299097687006e-07,-2.573870006017387e-07,1.2308589703025063e-06,1.440225080688678e-06,-7.078782005009998e-07,1.1393108678703356e-06,3.8191672047105385e-08,1.341856700324496e-06
gmat_two_body,numerical_two_body,EarthMJ2000Eq,51000.0,2026-08-05T09:02:00Z,-7.444214134011418e-07,-1.8553691916167736e-07,1.2316263564571273e-06,1.4510308994029104e-06,-6.785683126508957e-07,1.1672884880908896e-06,-2.8421709430404007e-08,1.3504907119008057e-06
gmat_two_body,numerical_two_body,EarthMJ2000Eq,51060.0,2026-08-05T09:03:00Z,0.0017082220438169315,0.00043880845623789355,-0.0029276113764353795,0.0034178185709135933,0.0014697958405918143,-0.0028577872290824757,0.0003672191439818562,0.003234516588214483
gmat_two_body,numerical_two_body,EarthMJ2000Eq,51120.0,2026-08-05T09:04:00Z,-8.217284630518407e-07,-4.274625098332763e-08,1.21985976875294e-06,1.4714356134009555e-06,-6.119549311733863e-07,1.2111422975635833e-06,-1.616484723854228e-07,1.3665594503568296e-06
gmat_two_body,numerical_two_body,EarthMJ2000Eq,51180.0,2026-08-05T09:05:00Z,0.0018738019207376055,9.282393875764683e-05,-0.002864797579604783,0.0034244437641573044,0.0012866832044267085,-0.0029027433234851685,0.0006791847084741676,0.003246962324822486
gmat_two_body,numerical_two_body,EarthMJ2000Eq,51240.0,2026-08-05T09:06:00Z,-8.903953130356967e-07,1.0277290130034089e-07,1.1918928066734225e-06,1.4912996162131452e-06,-5.355715870791755e-07,1.2401191185062999e-06,-2.9665159217984183e-07,1.3830164569209522e-06
gmat_two_body,numerical_two_body,EarthMJ2000Eq,51300.0,2026-08-05T09:07:00Z,-9.226823749486357e-07,1.77351466845721e-07,1.1709744285326451e-06,1.5013252212996818e-06,-4.938272013532696e-07,1.2503331703328513e-06,-3.6504133049675147e-07,1.3930016204591581e-06
gmat_two_body,numerical_two_body,EarthMJ2000Eq,51360.0,2026-08-05T09:08:00Z,0.002078215857181931,-0.0004308949428377673,-0.0027010851226805244,0.003435187395291799,0.0009782707977024074,-0.0029026141490362534,0.0011369660768423273,0.003267242646592535
gmat_two_body,numerical_two_body,EarthMJ2000Eq,51420.0,2026-08-05T09:09:00Z,-9.765699360286817e-07,3.292370820418e-07,1.120952219935134e-06,1.5227014728842839e-06,-4.005684672847565e-07,1.2534417948018017e-06,-5.018208071305708e-07,1.408330768110957e-06
gmat_two_body,numerical_two_body,EarthMJ2000Eq,51480.0,2026-08-05T09:10:00Z,-9.986251825466752e-07,4.0381564758718014e-07,1.0891199053730816e-06,1.5318294620265352e-06,-3.517186542012496e-07,1.2496670365180762e-06,-5.693223670277803e-07,1.4175689300598837e-06
gmat_two_body,numerical_two_body,EarthMJ2000Eq,51540.0,2026-08-05T09:11:00Z,-1.019088813336566e-06,4.793037078343332e-07,1.0550138540565968e-06,1.5431553019909644e-06,-3.0020430585864233e-07,1.241007296926e-06,-6.341593916658894e-07,1.425615610996771e-06
gmat_two_body,numerical_two_body,EarthMJ2000Eq,51600.0,2026-08-05T09:12:00Z,-1.0354597179684788e-06,5.538822733797133e-07,1.0136318451259285e-06,1.551261395688372e-06,-2.4868995751603507e-07,1.227018486815723e-06,-6.998845947236987e-07,1.4343149960480892e-06
gmat_two_body,numerical_two_body,EarthMJ2000Eq,51660.0,2026-08-05T09:13:00Z,0.002285707523697056,-0.001279550815524999,-0.002252069862151984,0.0034544938612493256,0.00039240344307245323,-0.0027158844062569187,0.0018402070978140728,0.003303993149679627
gmat_two_body,numerical_two_body,EarthMJ2000Eq,51720.0,2026-08-05T09:14:00Z,-1.0589928933768533e-06,6.97582436259836e-07,9.231371222995222e-07,1.5685245774830339e-06,-1.3589129821411916e-07,1.1861622795095172e-06,-8.215650382226158e-07,1.4492813771974236e-06
gmat_two_body,numerical_two_body,EarthMJ2000Eq,51780.0,2026-08-05T09:15:00Z,-1.0664393812476192e-06,7.676135282963514e-07,8.712959242984653e-07,1.5766039675195846e-06,-7.904787935331115e-08,1.155964213239713e-06,-8.801848139228241e-07,1.455069460947319e-06
gmat_two_body,numerical_two_body,EarthMJ2000Eq,51840.0,2026-08-05T09:16:00Z,0.0023223547991335636,-0.0017494739950052463,-0.0018872688087867573,0.003466377738919649,1.2475354083107959e-05,-0.0024917063967677677,0.002204298965580165,0.003326813840870976
gmat_two_body,numerical_two_body,EarthMJ2000Eq,51900.0,2026-08-05T09:17:00Z,-1.0683152140700258e-06,9.022187441587448e-07,7.566995918750763e-07,1.58993406506961e-06,4.1744385725905886e-08,1.0840217612440028e-06,-9.912071163853398e-07,1.4694683801168106e-06
gmat_two_body,numerical_two_body,EarthMJ2000Eq,51960.0,2026-08-05T09:18:00Z,-1.0642224879120477e-06,9.658833732828498e-07,6.948539521545172e-07,1.5963465192077557e-06,1.021405182655144e-07,1.041833286308247e-06,-1.043165553937797e-06,1.4778510259338525e-06
gmat_two_body,numerical_two_body,EarthMJ2000Eq,52020.0,2026-08-05T09:19:00Z,-1.055809661920648e-06,1.0295480024069548e-06,6.311893230304122e-07,1.6040894903255036e-06,1.616484723854228e-07,9.947598300641403e-07,-1.0897949209720537e-06,1.4843619228174316e-06
gmat_two_body,numerical_two_body,EarthMJ2000Eq,52080.0,2026-08-05T09:20:00Z,-1.0443272913107648e-06,1.088665158022195e-06,5.657057045027614e-07,1.6111592912480552e-06,2.220446049250313e-07,9.43245481721533e-07,-1.13509202037676e-06,1.4924643178606968e-06
gmat_two_body,numerical_two_body,EarthMJ2000Eq,52140.0,2026-08-05T09:21:00Z,0.002229141273346613,-0.0024198061510105617,-0.0011508818715810776,0.0034855504166974656,-0.0006330518331765234,-0.0019423218589054159,0.002672599919151253,0.0033639499334736284
gmat_two_body,numerical_two_body,EarthMJ2000Eq,52200.0,2026-08-05T09:22:00Z,-1.0104486136697233e-06,1.190528564620763e-06,4.2382453102618456e-07,1.6180209816762592e-06,3.446132268436486e-07,8.29558643999917e-07,-1.2088108292118704e-06,1.5060376624674638e-06
gmat_two_body,numerical_two_body,EarthMJ2000Eq,52260.0,2026-08-05T09:23:00Z,-9.879386198008433e-07,1.2391865311656147e-06,3.5015546018257737e-07,1.623026439036634e-06,4.0323300254385686e-07,7.647216193618078e-07,-1.2396750292964498e-06,1.5113537599519953e-06
gmat_two_body,numerical_two_body,EarthMJ2000Eq,52320.0,2026-08-05T09:24:00Z,0.0020812049115193076,-0.0027323180802341085,-0.0006524605851154774,0.0034960950774307505,-0.0010075122958141947,-0.0015196084390822762,0.002851455960239946,0.0033845371806991236
gmat_two_body,numerical_two_body,EarthMJ2000Eq,52380.0,2026-08-05T09:25:00Z,-9.326868166681379e-07,1.3242242857813835e-06,1.9826984498649836e-07,1.631804396510418e-06,5.186961971048731e-07,6.261657858885883e-07,-1.2869705301454815e-06,1.5223082742242034e-06
gmat_two_body,numerical_two_body,EarthMJ2000Eq,52440.0,2026-08-05T09:26:00Z,-9.008545021060854e-07,1.3596945791505277e-06,1.2005330063402653e-07,1.6354574214968906e-06,5.74651437545981e-07,5.515587986337778e-07,-1.304290009329634e-06,1.5282715110415084e-06
gmat_two_body,numerical_two_body,EarthMJ2000Eq,52500.0,2026-08-05T09:27:00Z,-8.667484507896006e-07,1.3915268937125802e-06,4.001776687800884e-08,1.6398784694413968e-06,6.279421427279885e-07,4.760636329592671e-07,-1.3162249068443543e-06,1.5340781996487735e-06
gmat_two_body,numerical_two_body,EarthMJ2000Eq,52560.0,2026-08-05T09:28:00Z,-8.267306839115918e-07,1.4179022400639951e-06,-4.001776687800884e-08,1.6418074819433995e-06,6.790124018607457e-07,3.97015753605956e-07,-1.3225531780847177e-06,1.5387742717351337e-06
gmat_two_body,numerical_two_body,EarthMJ2000Eq,52620.0,2026-08-05T09:29:00Z,0.0016923181647143792,-0.0030680068903166102,0.00022437052393797785,0.0035109755313394945,-0.0015681114184928902,-0.0006980842570669665,0.0029508945842415812,0.0034138063650533575
gmat_two_body,numerical_two_body,EarthMJ2000Eq,52680.0,2026-08-05T09:30:00Z,-7.394191925413907e-07,1.4561010175384581e-06,-2.000888343900442e-07,1.6452982882209116e-06,7.758238496080594e-07,2.3359092438113294e-07,-1.319833131674386e-06,1.548685526838589e-06
gmat_two_body,numerical_two_body,EarthMJ2000Eq,52740.0,2026-08-05T09:31:00Z,-6.912159733474255e-07,1.4680381354992278e-06,-2.801243681460619e-07,1.6466284191401254e-06,8.211209490127658e-07,1.4921397450962104e-07,-1.3105072582675348e-06,1.5536839115690406e-06
gmat_two_body,numerical_two_body,EarthMJ2000Eq,52800.0,2026-08-05T09:32:00Z,0.0013842927728546783,-0.0031456057740797405,0.0007509152055718005,0.0035178083820555715,-0.001845593899929554,-0.00016071410868789826,0.0028834841181435422,0.0034273206047544733
gmat_two_body,numerical_two_body,EarthMJ2000Eq,52860.0,2026-08-05T09:33:00Z,-5.893525667488575e-07,1.4760459521312441e-06,-4.356479621492326e-07,1.6479797473456026e-06,9.00612917575927e-07,-2.1316282072803006e-08,-1.276978522923855e-06,1.5627642685942183e-06
gmat_two_body,numerical_two_body,EarthMJ2000Eq,52920.0,2026-08-05T09:34:00Z,0.0011533466022228822,-0.003142982905046665,0.001091453668777831,0.0035213379612532548,-0.0019989356836447314,0.00020476331741292597,0.002785113473180445,0.003434316371855892
gmat_two_body,numerical_two_body,EarthMJ2000Eq,52980.0,2026-08-05T09:35:00Z,-4.774847184307873e-07,1.46326328831492e-06,-5.866240826435387e-07,1.6471972928591445e-06,9.658940314238862e-07,-1.8918200339612667e-07,-1.2208012378778221e-06,1.5681507493711447e-06
gmat_two_body,numerical_two_body,EarthMJ2000Eq,53040.0,2026-08-05T09:36:00Z,-4.1745806811377406e-07,1.450189301976934e-06,-6.59383658785373e-07,1.6468476127665294e-06,9.92317339409965e-07,-2.7622348852673895e-07,-1.184830011879967e-06,1.5699730172073135e-06
gmat_two_body,numerical_two_body,EarthMJ2000Eq,53100.0,2026-08-05T09:37:00Z,0.0007767139322822914,-0.003056945615753648,0.001573881490912754,0.0035249544646299507,-0.0021744885891905597,0.0007491136599924175,0.0025601458730761806,0.003441499497535367
gmat_two_body,numerical_two_body,EarthMJ2000Eq,53160.0,2026-08-05T09:38:00Z,-2.9467628337442875e-07,1.4065335562918335e-06,-7.967173587530851e-07,1.6431461610875676e-06,1.035171948160496e-06,-4.4142467459096224e-07,-1.1013412404281553e-06,1.5746076442923684e-06
gmat_two_body,numerical_two_body,EarthMJ2000Eq,53220.0,2026-08-05T09:39:00Z,-2.3374013835564256e-07,1.3774297258350998e-06,-8.603819878771901e-07,1.640793791722829e-06,1.0509371151101732e-06,-5.24913446042774e-07,-1.0551559626037488e-06,1.5790367478848733e-06
gmat_two_body,numerical_two_body,EarthMJ2000Eq,53280.0,2026-08-05T09:40:00Z,0.0003748345989151858,-0.0028746549105562735,0.002007918737945147,0.003526454237548027,-0.0022784331088487875,0.0012709433505619927,0.002248956576522687,0.0034444680452750233
gmat_two_body,numerical_two_body,EarthMJ2000Eq,53340.0,2026-08-05T09:41:00Z,-1.0459189070388675e-07,1.3069438864476979e-06,-9.822542779147625e-07,1.6382506683672917e-06,1.0693668173189508e-06,-6.794564910705958e-07,-9.441336601412331e-07,1.5800616701421846e-06
gmat_two_body,numerical_two_body,EarthMJ2000Eq,53400.0,2026-08-05T09:42:00Z,9.94432411971502e-05,-0.002702383881114656,0.002263108399347402,0.003526248321704651,-0.0023057346865140715,0.0015966534760991635,0.001998930798663423,0.0034440440045357835
gmat_two_body,numerical_two_body,EarthMJ2000Eq,53460.0,2026-08-05T09:43:00Z,2.3646862246096134e-08,1.2137206795159727e-06,-1.088665158022195e-06,1.6306038416090806e-06,1.071892574699973e-06,-8.260059303211165e-07,-8.22453216642316e-07,1.5835620550480118e-06
gmat_two_body,numerical_two_body,EarthMJ2000Eq,53520.0,2026-08-05T09:44:00Z,8.731149137020111e-08,1.1632437235675752e-06,-1.1359588825143874e-06,1.628238876733995e-06,1.0687006835041757e-06,-8.943956686380261e-07,-7.567280135845067e-07,1.5857812111209754e-06
gmat_two_body,numerical_two_body,EarthMJ2000Eq,53580.0,2026-08-05T09:45:00Z,-0.00031465788197238,-0.002374275936745107,0.0025852195904008113,0.0035241390632445736,-0.0022826304180156853,0.0020385941823519715,0.0015703847111581126,0.003439822089383245
gmat_two_body,numerical_two_body,EarthMJ2000Eq,53640.0,2026-08-05T09:46:00Z,2.128217602148652e-07,1.0477378964424133e-06,-1.217813405673951e-06,1.6205299418096888e-06,1.046163156104285e-06,-1.0178524689763435e-06,-6.155076448521868e-07,1.5840866954377222e-06
gmat_two_body,numerical_two_body,EarthMJ2000Eq,53700.0,2026-08-05T09:47:00Z,2.764863893389702e-07,9.849827620200813e-07,-1.254193193744868e-06,1.618529064367508e-06,1.0296208330373702e-06,-1.0720313525780512e-06,-5.400124791776761e-07,1.5814498912082272e-06
gmat_two_body,numerical_two_body,EarthMJ2000Eq,53760.0,2026-08-05T09:48:00Z,-0.0007177741281338967,-0.0019726885511772707,0.0028254648896108847,0.003519936314961977,-0.0021841477515494034,0.0024106885376795617,0.0010922329707341305,0.003431456467545034
gmat_two_body,numerical_two_body,EarthMJ2000Eq,53820.0,2026-08-05T09:49:00Z,3.992681740783155e-07,8.512870408594608e-07,-1.30989974422846e-06,1.612433577142598e-06,9.845457782375888e-07,-1.1728396032140154e-06,-3.8813396940895473e-07,1.5797250085131336e-06
gmat_two_body,numerical_two_body,EarthMJ2000Eq,53880.0,2026-08-05T09:50:00Z,-0.0009738523658597842,-0.0016708472685422748,0.002936398232122883,0.0035160423209768497,-0.0020787749299699954,0.0026135977826413637,0.0007547749092395861,0.003423723666202814
gmat_two_body,numerical_two_body,EarthMJ2000Eq,53940.0,2026-08-05T09:51:00Z,5.138645065017045e-07,7.030394044704735e-07,-1.346279532299377e-06,1.6033682404141188e-06,9.263700917472306e-07,-1.255440196246127e-06,-2.3092638912203256e-07,1.5772186374841084e-06
gmat_two_body,numerical_two_body,EarthMJ2000Eq,54000.0,2026-08-05T09:52:00Z,5.684341886080801e-07,6.275513442233205e-07,-1.3588987712864764e-06,1.6011071129124743e-06,8.921752225887758e-07,-1.290523243824282e-06,-1.545430450278218e-07,1.57648673429831e-06
gmat_two_body,numerical_two_body,EarthMJ2000Eq,54060.0,2026-08-05T09:53:00Z,-0.0013298449630383402,-0.0011783386071329005,0.0030255746423790697,0.0035087136411205725,-0.0018663670608987104,0.002843322022272332,0.00023448354369293156,0.0034092211222813504
gmat_two_body,numerical_two_body,EarthMJ2000Eq,54120.0,2026-08-05T09:54:00Z,6.707523425575346e-07,4.6929926611483097e-07,-1.3691021649719914e-06,1.595177496190732e-06,8.166800569142652e-07,-1.3442580382161395e-06,4.440892098500626e-09,1.5729004133106526e-06
gmat_two_body,numerical_two_body,EarthMJ2000Eq,54180.0,2026-08-05T09:55:00Z,7.194103091023862e-07,3.8562575355172157e-07,-1.3663736808666727e-06,1.5916141022277556e-06,7.736034035588091e-07,-1.3653522756840175e-06,8.08242361927114e-08,1.571362981576642e-06
gmat_two_body,numerical_two_body,EarthMJ2000Eq,54240.0,2026-08-05T09:56:00Z,7.653397915419191e-07,3.064997144974768e-07,-1.3593535186373629e-06,1.5898204490244305e-06,7.30526750203353e-07,-1.3808953980287697e-06,1.5987211554602254e-07,1.5703822867024664e-06
gmat_two_body,numerical_two_body,EarthMJ2000Eq,54300.0,2026-08-05T09:57:00Z,8.071765478234738e-07,2.2282620193436742e-07,-1.34718902700115e-06,1.586223114853967e-06,6.830092047493963e-07,-1.3933298959045715e-06,2.3536728122053319e-07,1.5694800188798177e-06
gmat_two_body,numerical_two_body,EarthMJ2000Eq,54360.0,2026-08-05T09:58:00Z,-0.0018217915567220189,-0.00029288821679074317,0.0029660657219210407,0.003493172462165801,-0.0013910579355069785,0.003015061089683968,-0.000624398310833385,0.0033786844784671442
gmat_two_body,numerical_two_body,EarthMJ2000Eq,54420.0,2026-08-05T09:59:00Z,8.822098607197404e-07,5.4569682106375694e-08,-1.3101271179039031e-06,1.5804129693290681e-06,5.826450433232822e-07,-1.4017120797404914e-06,3.872457909892546e-07,1.566598641528358e-06
gmat_two_body,numerical_two_body,EarthMJ2000Eq,54480.0,2026-08-05T10:00:00Z,9.149516699835658e-07,-3.001332515850663e-08,-1.285570760956034e-06,1.578204530318508e-06,5.32018873400375e-07,-1.3985756996959253e-06,4.60964599824365e-07,1.5657414958176807e-06
gmat_two_body,numerical_two_body,EarthMJ2000Eq,54540.0,2026-08-05T10:01:00Z,-0.0020421066437847912,0.00024902237782953307,0.002809730631270213,0.0034823552244921782,-0.0010515188719750768,0.002990506953182148,-0.0011066072502785573,0.0033575889238439513
gmat_two_body,numerical_two_body,EarthMJ2000Eq,54600.0,2026-08-05T10:02:00Z,9.717950888443738e-07,-1.964508555829525e-07,-1.2209966371301562e-06,1.5728354717657117e-06,4.2366110619695974e-07,-1.3807843757263072e-06,5.995204332975845e-07,1.5638027289576018e-06
gmat_two_body,numerical_two_body,EarthMJ2000Eq,54660.0,2026-08-05T10:03:00Z,9.958966984413564e-07,-2.7830537874251604e-07,-1.1823431123048067e-06,1.570732107336584e-06,3.694822225952521e-07,-1.3653522756840175e-06,6.661338147750939e-07,1.5634699257473014e-06
gmat_two_body,numerical_two_body,EarthMJ2000Eq,54720.0,2026-08-05T10:04:00Z,1.017042450257577e-06,-3.6197889130562544e-07,-1.1409611033741385e-06,1.5707311363786984e-06,3.126388037344441e-07,-1.347144618080165e-06,7.300826609935029e-07,1.5638293818400432e-06
gmat_two_body,numerical_two_body,EarthMJ2000Eq,54780.0,2026-08-05T10:05:00Z,1.0334133548894897e-06,-4.420144250616431e-07,-1.0950316209346056e-06,1.5692081330636784e-06,2.5490720645393594e-07,-1.3240519791679617e-06,7.931433287922118e-07,1.5643425671662638e-06
gmat_two_body,numerical_two_body,EarthMJ2000Eq,54840.0,2026-08-05T10:06:00Z,-0.0022660860850010067,0.001116078237828333,0.002368785317230504,0.003462935266030251,-0.0004345750426182349,0.0027502902177900523,-0.0018082744190905942,0.003320061463960527
gmat_two_body,numerical_two_body,EarthMJ2000Eq,54900.0,2026-08-05T10:07:00Z,1.0571739039733075e-06,-5.975380190648139e-07,-9.931682143360376e-07,1.568773868165039e-06,1.3944401189291966e-07,-1.2656542480726785e-06,9.059419880941277e-07,1.5627079682106795e-06
gmat_two_body,numerical_two_body,EarthMJ2000Eq,54960.0,2026-08-05T10:08:00Z,1.0640519576554652e-06,-6.72116584610194e-07,-9.367795428261161e-07,1.56891783843387e-06,8.08242361927114e-08,-1.2310152897043736e-06,9.57456336436735e-07,1.5616189794008437e-06
gmat_two_body,numerical_two_body,EarthMJ2000Eq,55020.0,2026-08-05T10:09:00Z,-0.002310031050001271,0.0015896484910626896,0.0020115639927098528,0.003451031074023337,-5.380673684385329e-05,0.0024994641911746385,-0.00214984474666835,0.0032972790058882757
gmat_two_body,numerical_two_body,EarthMJ2000Eq,55080.0,2026-08-05T10:10:00Z,1.0668657068890752e-06,-8.158167474903166e-07,-8.149072527885437e-07,1.5709338727868137e-06,-3.730349362740526e-08,-1.1510792319313623e-06,1.0582645870726992e-06,1.5640648596118562e-06
gmat_two_body,numerical_two_body,EarthMJ2000Eq,55140.0,2026-08-05T10:11:00Z,1.063256149791414e-06,-8.840288501232862e-07,-7.494236342608929e-07,1.572786200190085e-06,-9.414691248821327e-08,-1.1075584893660562e-06,1.1026735080577055e-06,1.5657069693496834e-06
gmat_two_body,numerical_two_body,EarthMJ2000Eq,55200.0,2026-08-05T10:12:00Z,1.0555822882452048e-06,-9.495124686509371e-07,-6.84849510435015e-07,1.5763396674967167e-06,-1.509903313490213e-07,-1.0595968547022494e-06,1.1435297153639112e-06,1.5662706613405152e-06
gmat_two_body,numerical_two_body,EarthMJ2000Eq,55260.0,2026-08-05T10:13:00Z,1.0452367860125378e-06,-1.013177097775042e-06,-6.157279131002724e-07,1.580559594972772e-06,-2.0694557179012918e-07,-1.0080825063596421e-06,1.1812772982011666e-06,1.5666757368892036e-06
gmat_two_body,numerical_two_body,EarthMJ2000Eq,55320.0,2026-08-05T10:14:00Z,-0.002232762881249073,0.002259140273963567,0.001299601535720285,0.003431895833642735,0.0005620686138740894,0.0019370069992419303,-0.002562448919718463,0.00326099090890804
gmat_two_body,numerical_two_body,EarthMJ2000Eq,55380.0,2026-08-05T10:15:00Z,1.014086592476815e-06,-1.127773430198431e-06,-4.6838977141305804e-07,1.587335347324928e-06,-3.1796787425264483e-07,-8.997247391562269e-07,1.248778858098376e-06,1.5716414386684929e-06
gmat_two_body,numerical_two_body,EarthMJ2000Eq,55440.0,2026-08-05T10:16:00Z,9.938503353623673e-07,-1.1805241229012609e-06,-3.9199221646413207e-07,1.592178881790656e-06,-3.730349362740526e-07,-8.419931418757187e-07,1.27675647831893e-06,1.5742346138921247e-06
gmat_two_body,numerical_two_body,EarthMJ2000Eq,55500.0,2026-08-05T10:17:00Z,-0.002100392975989962,0.0025719932637002785,0.0008239876478910446,0.003421367511096198,0.0009041931647857382,0.0015322010327167845,-0.0027092799115280286,0.003241203931089951
gmat_two_body,numerical_two_body,EarthMJ2000Eq,55560.0,2026-08-05T10:18:00Z,9.422365110367537e-07,-1.273747329832986e-06,-2.3646862246096134e-07,1.6019236287651046e-06,-4.796163466380676e-07,-7.185363415374013e-07,1.3247181129827368e-06,1.5815196467122824e-06
gmat_two_body,numerical_two_body,EarthMJ2000Eq,55620.0,2026-08-05T10:19:00Z,-0.00197905956156319,0.002738576768024359,0.0004952371455146931,0.0034149288854784326,0.001115597392242762,0.0012418981398809592,-0.0027641711142223357,0.0032291656012226728
gmat_two_body,numerical_two_body,EarthMJ2000Eq,55680.0,2026-08-05T10:20:00Z,8.772076398599893e-07,-1.3515091268345714e-06,-7.548806024715304e-08,1.6129998792888225e-06,-5.826450433232822e-07,-5.853095785823825e-07,1.3565815137894788e-06,1.5881989651315195e-06
gmat_two_body,numerical_two_body,EarthMJ2000Eq,55740.0,2026-08-05T10:21:00Z,8.412825991399586e-07,-1.3833414413966238e-06,6.366462912410498e-09,1.6190832242201104e-06,-6.328271240363392e-07,-5.17808018685173e-07,1.3677947663381929e-06,1.593567643984064e-06
gmat_two_body,numerical_two_body,EarthMJ2000Eq,55800.0,2026-08-05T10:22:00Z,-0.001751857780618593,0.002921312670878251,-5.092260835226625e-06,0.0034063322409401196,0.0014023999739265491,0.0007849614291899343,-0.002782359297820447,0.003213162522243931
gmat_two_body,numerical_two_body,EarthMJ2000Eq,55860.0,2026-08-05T10:23:00Z,7.607923180330545e-07,-1.4370016288012266e-06,1.709850039333105e-07,1.6349356268445436e-06,-7.256417688950023e-07,-3.739231146937527e-07,1.3783418850721318e-06,1.6019365857023003e-06
gmat_two_body,numerical_two_body,EarthMJ2000Eq,55920.0,2026-08-05T10:24:00Z,7.139533408917487e-07,-1.4581473806174472e-06,2.546585164964199e-07,1.6434032118126609e-06,-7.713829575095588e-07,-3.0020430585864233e-07,1.3782308627696693e-06,1.6076923223935264e-06
gmat_two_body,numerical_two_body,EarthMJ2000Eq,55980.0,2026-08-05T10:25:00Z,-0.0014766983440495096,0.0030202675134205492,-0.0005018937372369692,0.0033991986078221147,0.001647538994120623,0.00031304203673698794,-0.002725320413787813,0.0031999611578456717
gmat_two_body,numerical_two_body,EarthMJ2000Eq,56040.0,2026-08-05T10:26:00Z,6.166374078020453e-07,-1.4840679796179757e-06,4.1745806811377406e-07,1.660412809954648e-06,-8.557599073810707e-07,-1.4921397450962104e-07,1.3666845433135677e-06,1.6193876837255593e-06
gmat_two_body,numerical_two_body,EarthMJ2000Eq,56100.0,2026-08-05T10:27:00Z,-0.0012705104381893761,0.0030388036140749364,-0.0008245506251114421,0.0033953509261687113,0.0017853585276839112,-4.0749625895841746e-06,-0.002647051022819369,0.003192867174672764
gmat_two_body,numerical_two_body,EarthMJ2000Eq,56160.0,2026-08-05T10:28:00Z,5.084075382910669e-07,-1.4930492397979833e-06,5.811671144329011e-07,1.680901386860866e-06,-9.316991622654314e-07,7.105427357601002e-09,1.3389289676979388e-06,1.6312095501819222e-06
gmat_two_body,numerical_two_body,EarthMJ2000Eq,56220.0,2026-08-05T10:29:00Z,4.511093720793724e-07,-1.490207068854943e-06,6.602931534871459e-07,1.691213712747471e-06,-9.663381206337363e-07,8.526512829121202e-08,1.319833131674386e-06,1.6379984740401549e-06
gmat_two_body,numerical_two_body,EarthMJ2000Eq,56280.0,2026-08-05T10:30:00Z,-0.0009334971764474176,0.0029955301670270273,-0.0012863065421697684,0.00339104740167887,0.0019507531145990242,-0.0004750937421249546,-0.0024724196023839795,0.0031849663213567333
gmat_two_body,numerical_two_body,EarthMJ2000Eq,56340.0,2026-08-05T10:31:00Z,3.319655661471188e-07,-1.4695160643896088e-06,8.167262421920896e-07,1.7136861892691187e-06,-1.028954699222595e-06,2.469136006766348e-07,1.268762872541629e-06,1.6521117776928555e-06
gmat_two_body,numerical_two_body,EarthMJ2000Eq,56400.0,2026-08-05T10:32:00Z,2.701199264265597e-07,-1.4529177860822529e-06,8.922143024392426e-07,1.7262622133511438e-06,-1.0551559626037488e-06,3.268496584496461e-07,1.2381207170619746e-06,1.6592551686419277e-06
gmat_two_body,numerical_two_body,EarthMJ2000Eq,56460.0,2026-08-05T10:33:00Z,-0.0005713764039683156,0.002868684532586485,-0.001710779542918317,0.0033885968463333773,0.0020638466491362806,-0.0009308838144761467,-0.0022337287575169285,0.0031804955320457276
gmat_two_body,numerical_two_body,EarthMJ2000Eq,56520.0,2026-08-05T10:34:00Z,1.418811734765768e-07,-1.4033503248356283e-06,1.0359144653193653e-06,1.7500403369811966e-06,-1.102784530360168e-06,4.840572387365683e-07,1.1657341758564144e-06,1.6761209083877575e-06
gmat_two_body,numerical_two_body,EarthMJ2000Eq,56580.0,2026-08-05T10:35:00Z,-0.0003207551344530657,0.00273943396678078,-0.001967569005500991,0.00338802451378948,0.0021090865720552188,-0.0012211476274615052,-0.002041960378562635,0.0031794732085831698
gmat_two_body,numerical_two_body,EarthMJ2000Eq,56640.0,2026-08-05T10:36:00Z,8.185452315956354e-09,-1.3333192327991128e-06,1.1696101864799857e-06,1.7736389617110296e-06,-1.1378120667870917e-06,6.430411758628907e-07,1.078248601515952e-06,1.6943253229095492e-06
gmat_two_body,numerical_two_body,EarthMJ2000Eq,56700.0,2026-08-05T10:37:00Z,-5.9117155615240335e-08,-1.2951204553246498e-06,1.2341843103058636e-06,1.7899840065468532e-06,-1.1509682096288998e-06,7.212008767965017e-07,1.028510610012745e-06,1.7037290275091244e-06
gmat_two_body,numerical_two_body,EarthMJ2000Eq,56760.0,2026-08-05T10:38:00Z,6.16582838119939e-05,0.0024823857529554516,-0.002306021997355856,0.003388772376942414,0.002130677523304314,-0.0016288019821786293,-0.0017103607419244327,0.003180898689518346
gmat_two_body,numerical_two_body,EarthMJ2000Eq,56820.0,2026-08-05T10:39:00Z,-1.9826984498649836e-07,-1.1978045222349465e-06,1.3524186215363443e-06,1.8174385086697497e-06,-1.1675105326958146e-06,8.72191208145523e-07,9.166001291305292e-07,1.7216138197180328e-06
gmat_two_body,numerical_two_body,EarthMJ2000Eq,56880.0,2026-08-05T10:40:00Z,-2.6830093702301383e-07,-1.1423253454267979e-06,1.4047145668882877e-06,1.8303321015706494e-06,-1.170175067954915e-06,9.450218385609332e-07,8.553158181712206e-07,1.7303008737887989e-06
gmat_two_body,numerical_two_body,EarthMJ2000Eq,56940.0,2026-08-05T10:41:00Z,-3.3924152376130223e-07,-1.0832081898115575e-06,1.4542820281349123e-06,1.8448200484803157e-06,-1.1696199564426024e-06,1.0169642905566434e-06,7.922551503725117e-07,1.7406594825145851e-06
gmat_two_body,numerical_two_body,EarthMJ2000Eq,57000.0,2026-08-05T10:42:00Z,-4.092726157978177e-07,-1.0204530553892255e-06,1.4993020158726722e-06,1.8592296918603286e-06,-1.1661782650662644e-06,1.0880185641326534e-06,7.247535904753022e-07,1.7518629822897351e-06
gmat_two_body,numerical_two_body,EarthMJ2000Eq,57060.0,2026-08-05T10:43:00Z,0.0006914788173162378,0.0019029730538022704,-0.0027242203941568732,0.0033942342515263777,0.0020422350477389273,-0.002211220095915678,-0.0010594858323997869,0.0031910387857013627
gmat_two_body,numerical_two_body,EarthMJ2000Eq,57120.0,2026-08-05T10:44:00Z,-5.484253051690757e-07,-8.803908713161945e-07,1.577518560225144e-06,1.8879680107198568e-06,-1.1479706074624119e-06,1.2221335055073723e-06,5.81756864903582e-07,1.7747923458094476e-06
gmat_two_body,numerical_two_body,EarthMJ2000Eq,57180.0,2026-08-05T10:45:00Z,-6.166374078020453e-07,-8.049028110690415e-07,1.610715116839856e-06,1.9032901553846438e-06,-1.1324274851176597e-06,1.282973727256831e-06,5.053735208093713e-07,1.7843250795234742e-06
gmat_two_body,numerical_two_body,EarthMJ2000Eq,57240.0,2026-08-05T10:46:00Z,0.0010484900485607795,0.0014791139619774185,-0.0028761446628777776,0.0033998996479672524,0.0019154677843857826,-0.0024882766958000957,-0.0006241203109880189,0.0032015720998392967
gmat_two_body,numerical_two_body,EarthMJ2000Eq,57300.0,2026-08-05T10:47:00Z,-7.494236342608929e-07,-6.430127541534603e-07,1.663693183218129e-06,1.9346772840655604e-06,-1.0902390101819037e-06,1.3997691894473974e-06,3.455014052633487e-07,1.807580179158753e-06
gmat_two_body,numerical_two_body,EarthMJ2000Eq,57360.0,2026-08-05T10:48:00Z,-8.139977580867708e-07,-5.593392415903509e-07,1.681769390415866e-06,1.950333566314468e-06,-1.0644818360106e-06,1.4530598946294049e-06,2.5934809855243657e-07,1.819825835842452e-06
gmat_two_body,numerical_two_body,EarthMJ2000Eq,57420.0,2026-08-05T10:49:00Z,-8.776623872108757e-07,-4.6929926611483097e-07,1.6941044123086613e-06,1.964821321877459e-06,-1.0342837697407958e-06,1.5010215292932116e-06,1.7408297026122455e-07,1.8311508480422724e-06
gmat_two_body,numerical_two_body,EarthMJ2000Eq,57480.0,2026-08-05T10:50:00Z,-9.390532795805484e-07,-3.80168785341084e-07,1.7019878839619196e-06,1.9806847614882764e-06,-9.992007221626409e-07,1.546096584092993e-06,8.348877145181177e-08,1.8427661559386467e-06
gmat_two_body,numerical_two_body,EarthMJ2000Eq,57540.0,2026-08-05T10:51:00Z,0.0015774676285218447,0.0006803693395340815,-0.0029489660846593324,0.003412873792814989,0.0015876029380024193,-0.0028043256605769784,0.0001445963349056001,0.0032257764335726293
gmat_two_body,numerical_two_body,EarthMJ2000Eq,57600.0,2026-08-05T10:52:00Z,-1.0541043593548238e-06,-1.8917489796876907e-07,1.7013235265039839e-06,2.0103295461859706e-06,-9.210410212290299e-07,1.6229240173970538e-06,-9.769962616701378e-08,1.8686209208889804e-06
gmat_two_body,numerical_two_body,EarthMJ2000Eq,57660.0,2026-08-05T10:53:00Z,-1.1077645467594266e-06,-9.094947017729282e-08,1.693024387350306e-06,2.0252766905649035e-06,-8.748557434046234e-07,1.6532331059693206e-06,-1.900701818158268e-07,1.8800741869555372e-06
gmat_two_body,numerical_two_body,EarthMJ2000Eq,57720.0,2026-08-05T10:54:00Z,0.0018404230104351882,0.00016619651432847604,-0.0028806875889131334,0.0034224463653405026,0.001326642795618227,-0.0028957511388760793,0.0006135953967145724,0.0032437409077078223
gmat_two_body,numerical_two_body,EarthMJ2000Eq,57780.0,2026-08-05T10:55:00Z,-1.2082637113053352e-06,1.0913936421275139e-07,1.6591457097092643e-06,2.0553776010564977e-06,-7.72715225139109e-07,1.6980583605885613e-06,-3.801403636316536e-07,1.9039426753945357e-06
gmat_two_body,numerical_two_body,EarthMJ2000Eq,57840.0,2026-08-05T10:56:00Z,-1.2537384463939816e-06,2.1191226551309228e-07,1.6325429896824062e-06,2.0692905821567097e-06,-7.167599846980011e-07,1.7135182162064666e-06,-4.769518113789672e-07,1.9176476692326326e-06
gmat_two_body,numerical_two_body,EarthMJ2000Eq,57900.0,2026-08-05T10:57:00Z,-1.2942109606228769e-06,3.1377567211166024e-07,1.6011654224712402e-06,2.0825868272710793e-06,-6.563638521583925e-07,1.7229551119157804e-06,-5.710987238671805e-07,1.9301662043719567e-06
gmat_two_body,numerical_two_body,EarthMJ2000Eq,57960.0,2026-08-05T10:58:00Z,-1.331500243395567e-06,4.1745806811377406e-07,1.564785634400323e-06,2.0965968182798907e-06,-5.950795411990839e-07,1.7257306694773433e-06,-6.661338147750939e-07,1.9431933159403496e-06
gmat_two_body,numerical_two_body,EarthMJ2000Eq,58020.0,2026-08-05T10:59:00Z,0.0021621951873385115,-0.0007042181096039712,-0.0025819472284638323,0.003440561388002847,0.0008016263208787677,-0.0028686004682754174,0.0013688481459439572,0.0032779900322560136
gmat_two_body,numerical_two_body,EarthMJ2000Eq,58080.0,2026-08-05T11:00:00Z,-1.396301740896888e-06,6.230038707144558e-07,1.4742909115739167e-06,2.1239882453785673e-06,-4.5918824298496475e-07,1.7144063946261667e-06,-8.5087492607272e-07,1.9682558950121215e-06
gmat_two_body,numerical_two_body,EarthMJ2000Eq,58140.0,2026-08-05T11:01:00Z,-1.4219949662219733e-06,7.275957614183426e-07,1.4192664821166545e-06,2.1367692021494394e-06,-3.8813396940895473e-07,1.6981971384666394e-06,-9.450218385609332e-07,1.9818142634118164e-06
gmat_two_body,numerical_two_body,EarthMJ2000Eq,58200.0,2026-08-05T11:02:00Z,0.002274720372952288,-0.00121028733701678,-0.0022975600586505607,0.0034522355708111424,0.00044440984225957436,-0.002740251137112182,0.0017847012756533331,0.003300247724892848
gmat_two_body,numerical_two_body,EarthMJ2000Eq,58260.0,2026-08-05T11:03:00Z,-1.459966370020993e-06,9.285940905101597e-07,1.2960299500264227e-06,2.1618238637521234e-06,-2.3803181647963356e-07,1.645350522494482e-06,-1.1217693440812582e-06,2.0055433051544797e-06
gmat_two_body,numerical_two_body,EarthMJ2000Eq,58320.0,2026-08-05T11:04:00Z,0.0023131128159548098,-0.0015315436030505225,-0.0020679799490608275,0.0034601528545856164,0.00019418955332639598,-0.002607809967969388,0.002038050617159115,0.0033154234616055087
gmat_two_body,numerical_two_body,EarthMJ2000Eq,58380.0,2026-08-05T11:05:00Z,-1.4790089153393637e-06,1.1195879778824747e-06,1.1523297871463e-06,2.183760186059112e-06,-7.993605777301127e-08,1.567634910770721e-06,-1.2816414596272807e-06,2.02644363796158e-06
gmat_two_body,numerical_two_body,EarthMJ2000Eq,58440.0,2026-08-05T11:06:00Z,-1.4817089777352521e-06,1.2132659321650863e-06,1.0722942533902824e-06,2.1948327231721975e-06,3.552713678800501e-09,1.518341008477364e-06,-1.3571366253017914e-06,2.0364655311431315e-06
gmat_two_body,numerical_two_body,EarthMJ2000Eq,58500.0,2026-08-05T11:07:00Z,0.0023134788307288545,-0.001978119144041557,-0.001670146048127208,0.003471963057166533,-0.0001914459701879423,-0.0023407151772403267,0.002372323226751405,0.0033381906165838725
gmat_two_body,numerical_two_body,EarthMJ2000Eq,58560.0,2026-08-05T11:08:00Z,-1.471221366955433e-06,1.3878889149054885e-06,9.00399754755199e-07,2.2139213330800555e-06,1.6964207816272392e-07,1.404210081545898e-06,-1.4996892616636615e-06,2.0614684740125914e-06
gmat_two_body,numerical_two_body,EarthMJ2000Eq,58620.0,2026-08-05T11:09:00Z,-1.4576926332665607e-06,1.469743438065052e-06,8.076312951743603e-07,2.2219995264985757e-06,2.531308496145357e-07,1.3375967000683886e-06,-1.5614176618328202e-06,2.0715369351628495e-06
gmat_two_body,numerical_two_body,EarthMJ2000Eq,58680.0,2026-08-05T11:10:00Z,0.0022440719931182684,-0.002369546564295888,-0.0012179161785752513,0.003483379084839832,-0.000579040815296139,-0.0019961809982760315,0.002640424767719196,0.003360337750530753
gmat_two_body,numerical_two_body,EarthMJ2000Eq,58740.0,2026-08-05T11:11:00Z,-1.4174474927131087e-06,1.621629053261131e-06,6.166374078020453e-07,2.2403303045935204e-06,4.227729277772596e-07,1.1857181902996672e-06,-1.6724399642953358e-06,2.0932558394618315e-06
gmat_two_body,numerical_two_body,EarthMJ2000Eq,58800.0,2026-08-05T11:12:00Z,0.0021593239125650143,-0.002593254976090975,-0.0008925262591219507,0.0034905951145353296,-0.0008323235434204435,-0.001727396004014281,0.0027766891008695893,0.0033744128079570283
gmat_two_body,numerical_two_body,EarthMJ2000Eq,58860.0,2026-08-05T11:13:00Z,-1.3574208423960954e-06,1.7535057850182056e-06,4.083631210960448e-07,2.2548025013590307e-06,5.870859354217828e-07,1.0116352200384426e-06,-1.758815315611173e-06,2.1122279773785615e-06
gmat_two_body,numerical_two_body,EarthMJ2000Eq,58920.0,2026-08-05T11:14:00Z,-1.3192220649216324e-06,1.8112586985807866e-06,3.0104274628683925e-07,2.2608917853034415e-06,6.687983500341943e-07,9.157119507108291e-07,-1.7910117833253025e-06,2.119797824721304e-06
gmat_two_body,numerical_two_body,EarthMJ2000Eq,58980.0,2026-08-05T11:15:00Z,0.0019764866010518745,-0.002864187536033569,-0.0003793857104028575,0.00350057181657019,-0.0011948548817031224,-0.001273658511991016,0.0029101663301389635,0.003393958199885708
gmat_two_body,numerical_two_body,EarthMJ2000Eq,59040.0,2026-08-05T11:16:00Z,-1.2300915841478854e-06,1.9099388737231493e-06,8.185452315956354e-08,2.2732558082433192e-06,8.260059303211165e-07,7.114309141798003e-07,-1.8392509737452656e-06,2.1380514229080804e-06
gmat_two_body,numerical_two_body,EarthMJ2000Eq,59100.0,2026-08-05T11:17:00Z,-1.1773408914450556e-06,1.9490471458993852e-06,-2.8194335754960775e-08,2.2772156841581433e-06,9.01057006785777e-07,6.066258606551855e-07,-1.852004660740647e-06,2.147049120932837e-06
gmat_two_body,numerical_two_body,EarthMJ2000Eq,59160.0,2026-08-05T11:18:00Z,0.0017311299416178372,-0.0030488617994706146,0.0001496318873250857,0.0035092390697616252,-0.00152481005599725,-0.0007715099670235759,0.0029520919597736395,0.0034110292105238886
gmat_two_body,numerical_two_body,EarthMJ2000Eq,59220.0,2026-08-05T11:19:00Z,-1.0618350643198937e-06,2.0088464225409552e-06,-2.510205376893282e-07,2.286037830727363e-06,1.0391687510491465e-06,3.82804898890754e-07,-1.8542944957289365e-06,2.159819288890261e-06
gmat_two_body,numerical_two_body,EarthMJ2000Eq,59280.0,2026-08-05T11:20:00Z,0.0015362006706709508,-0.0031203395565171377,0.0005028059604228474,0.0035141492971090724,-0.0017203922730857357,-0.0004178248858011102,0.0029269549006727402,0.0034207297758022314
gmat_two_body,numerical_two_body,EarthMJ2000Eq,59340.0,2026-08-05T11:21:00Z,-9.285940905101597e-07,2.0406787371030077e-06,-4.7202775022014976e-07,2.2911715103790493e-06,1.1661782650662644e-06,1.509903313490213e-07,-1.830313678397033e-06,2.175504076622503e-06
gmat_two_body,numerical_two_body,EarthMJ2000Eq,59400.0,2026-08-05T11:22:00Z,-8.567440090700984e-07,2.0463772898438037e-06,-5.820766091346741e-07,2.2935743912870357e-06,1.2221335055073723e-06,3.2862601528904634e-08,-1.8067769502749798e-06,2.1815437662141786e-06
gmat_two_body,numerical_two_body,EarthMJ2000Eq,59460.0,2026-08-05T11:23:00Z,0.001203317879117094,-0.003146616336380248,0.001020466697809752,0.0035200171260828623,-0.001968548435371531,0.0001275752836704669,0.0028088518178037702,0.0034323617131338077
gmat_two_body,numerical_two_body,EarthMJ2000Eq,59520.0,2026-08-05T11:24:00Z,-7.030394044704735e-07,2.0363586372695863e-06,-7.948983693495393e-07,2.2962761857875897e-06,1.3216094885137863e-06,-2.0605739337042905e-07,-1.737276988933445e-06,2.1925425026142467e-06
gmat_two_body,numerical_two_body,EarthMJ2000Eq,59580.0,2026-08-05T11:25:00Z,-6.202753866091371e-07,2.0199877326376736e-06,-8.976712706498802e-07,2.295845313907271e-06,1.3629097850298422e-06,-3.2507330161024584e-07,-1.6924239787385886e-06,2.197156038464094e-06
gmat_two_body,numerical_two_body,EarthMJ2000Eq,59640.0,2026-08-05T11:26:00Z,-5.384208634495735e-07,1.996795617742464e-06,-9.958966984413564e-07,2.295408460209138e-06,1.3993251002375473e-06,-4.3787196091216174e-07,-1.6409096303959814e-06,2.2005515230128467e-06
gmat_two_body,numerical_two_body,EarthMJ2000Eq,59700.0,2026-08-05T11:27:00Z,-4.547473508864641e-07,1.9679191609611735e-06,-1.0932126315310597e-06,2.296652963544003e-06,1.4306333895319767e-06,-5.568878691519785e-07,-1.5836221223253233e-06,2.2056053636973556e-06
gmat_two_body,numerical_two_body,EarthMJ2000Eq,59760.0,2026-08-05T11:28:00Z,0.0005674937710864469,-0.002972211404994596,0.0018088876458932646,0.0035253601704885616,-0.0022380317599157706,0.0010275398310000128,0.0024061130865504765,0.0034429644854329644
gmat_two_body,numerical_two_body,EarthMJ2000Eq,59820.0,2026-08-05T11:29:00Z,-2.7921487344428897e-07,1.8867467588279396e-06,-1.2769305612891912e-06,2.295283410791481e-06,1.4764856004489957e-06,-7.851497230149107e-07,-1.4477308241112041e-06,2.211875754866292e-06
gmat_two_body,numerical_two_body,EarthMJ2000Eq,59880.0,2026-08-05T11:30:00Z,-1.90084392670542e-07,1.838088792283088e-06,-1.3615135685540736e-06,2.2953042678500113e-06,1.4913625889789728e-06,-8.926193117986259e-07,-1.3722356584366935e-06,2.2144891758342605e-06
gmat_two_body,numerical_two_body,EarthMJ2000Eq,59940.0,2026-08-05T11:31:00Z,0.00015771274775033817,-0.0027414344003773294,0.002211403625551611,0.0035257115420121907,-0.002302390722519476,0.0015295329447440054,0.0020538539757808394,0.003443659423060269
gmat_two_body,numerical_two_body,EarthMJ2000Eq,60000.0,2026-08-05T11:32:00Z,-1.1823431123048067e-08,1.7189449863508344e-06,-1.5161276678554714e-06,2.2920634295021294e-06,1.5051640489538443e-06,-1.1022294188478554e-06,-1.2034817586936697e-06,2.220089378728978e-06
gmat_two_body,numerical_two_body,EarthMJ2000Eq,60060.0,2026-08-05T11:33:00Z,7.821654435247183e-08,1.6507328837178648e-06,-1.5857040125411004e-06,2.2903043676740622e-06,1.5023537969227618e-06,-1.2025935802739696e-06,-1.1146639167236572e-06,2.223909597463469e-06
gmat_two_body,numerical_two_body,EarthMJ2000Eq,60120.0,2026-08-05T11:34:00Z,1.709850039333105e-07,1.5743353287689388e-06,-1.6516423784196377e-06,2.2881630503903682e-06,1.4936940573306856e-06,-1.2958523143424827e-06,-1.0178524689763435e-06,2.224045594427644e-06
gmat_two_body,numerical_two_body,EarthMJ2000Eq,60180.0,2026-08-05T11:35:00Z,2.610249794088304e-07,1.495209289714694e-06,-1.7093952919822186e-06,2.286004620331174e-06,1.4803713810351837e-06,-1.3846701563124952e-06,-9.201528428093297e-07,2.2260934665239415e-06
gmat_two_body,numerical_two_body,EarthMJ2000Eq,60240.0,2026-08-05T11:36:00Z,-0.000528870259586256,-0.0021709374777856283,0.00272183842753293,0.0035215163934765362,-0.002239570751072506,0.0022435289181998996,0.0013236478579869981,0.003435279145544398
gmat_two_body,numerical_two_body,EarthMJ2000Eq,60300.0,2026-08-05T11:37:00Z,4.356479621492326e-07,1.318767317570746e-06,-1.8080754671245813e-06,2.2799283496713865e-06,1.4366285938649526e-06,-1.5445422718585178e-06,-7.123190925995004e-07,2.2264121442244332e-06
gmat_two_body,numerical_two_body,EarthMJ2000Eq,60360.0,2026-08-05T11:38:00Z,5.211404641158879e-07,1.2223608791828156e-06,-1.8476384866517037e-06,2.2758562080351443e-06,1.4073187060148484e-06,-1.616484723854228e-06,-6.048495038157853e-07,2.2269736695838116e-06
gmat_two_body,numerical_two_body,EarthMJ2000Eq,60420.0,2026-08-05T11:39:00Z,-0.0009207715265802108,-0.0017361608115606941,0.0029158331926737446,0.0035162704354554275,-0.0021031116848035936,0.00257353471866395,0.0008266622941732749,0.003424840179560788
gmat_two_body,numerical_two_body,EarthMJ2000Eq,60480.0,2026-08-05T11:40:00Z,6.857590051367879e-07,1.0195435606874526e-06,-1.9063008949160576e-06,2.2679765402717923e-06,1.333599897179738e-06,-1.7426060594516457e-06,-3.836930773104541e-07,2.2276411160174266e-06
gmat_two_body,numerical_two_body,EarthMJ2000Eq,60540.0,2026-08-05T11:41:00Z,7.657945388928056e-07,9.1313268058002e-07,-1.927219273056835e-06,2.2659273365628947e-06,1.290079154614432e-06,-1.7967849430533533e-06,-2.7711166694643907e-07,2.2292445430485554e-06
gmat_two_body,numerical_two_body,EarthMJ2000Eq,60600.0,2026-08-05T11:42:00Z,8.403731044381857e-07,8.030838216654956e-07,-1.939611138368491e-06,2.2612522962657316e-06,1.241229341530925e-06,-1.84341431008761e-06,-1.6253665080512292e-07,2.2282829173531845e-06
gmat_two_body,numerical_two_body,EarthMJ2000Eq,60660.0,2026-08-05T11:43:00Z,9.126779332291335e-07,6.921254680491984e-07,-1.946091288118623e-06,2.258160750481889e-06,1.1901590823981678e-06,-1.8847146066036657e-06,-5.3290705182007514e-08,2.229678830912393e-06
gmat_two_body,numerical_two_body,EarthMJ2000Eq,60720.0,2026-08-05T11:44:00Z,-0.001500019607192371,-0.0009047817002283409,0.0030341695946844993,0.00350355160891595,-0.0017307444366565505,0.0029258819811417425,-4.050626500884391e-05,0.0033996915198430126
gmat_two_body,numerical_two_body,EarthMJ2000Eq,60780.0,2026-08-05T11:45:00Z,1.0491021384950727e-06,4.5929482439532876e-07,-1.939611138368491e-06,2.252478279760847e-06,1.0724754417879012e-06,-1.9455548283531243e-06,1.6786572132332367e-07,2.2279062062307984e-06
gmat_two_body,numerical_two_body,EarthMJ2000Eq,60840.0,2026-08-05T11:46:00Z,1.1109477782156318e-06,3.4287950256839395e-07,-1.9273329598945566e-06,2.250862869545746e-06,1.0103029524088925e-06,-1.9675372442407024e-06,2.788880237858393e-07,2.229280913866979e-06
gmat_two_body,numerical_two_body,EarthMJ2000Eq,60900.0,2026-08-05T11:47:00Z,-0.001785686890798388,-0.0003690720404847525,0.002980403905894491,0.003493951814966533,-0.00143571821098476,0.003010332316755182,-0.0005538618452760602,0.003380850541255337
gmat_two_body,numerical_two_body,EarthMJ2000Eq,60960.0,2026-08-05T11:48:00Z,1.2250893632881343e-06,1.0732037480920553e-07,-1.880152922240086e-06,2.246627833420313e-06,8.739675649849232e-07,-1.9875212586839552e-06,4.9649173661237e-07,2.227232386368943e-06
gmat_two_body,numerical_two_body,EarthMJ2000Eq,61020.0,2026-08-05T11:49:00Z,-0.001944958512467565,-7.232301868498325e-06,0.002894085582738626,0.003486925190139004,-0.001216151623850692,0.0030132619420475404,-0.0008824612152125155,0.003367121931255407
gmat_two_body,numerical_two_body,EarthMJ2000Eq,61080.0,2026-08-05T11:50:00Z,1.3214958016760647e-06,-1.3005774235352874e-07,-1.8071659724228084e-06,2.242568844445235e-06,7.291944825738028e-07,-1.9815260543509794e-06,7.052136652418994e-07,2.2260944299673703e-06
gmat_two_body,numerical_two_body,EarthMJ2000Eq,61140.0,2026-08-05T11:51:00Z,1.3624230632558465e-06,-2.5011104298755527e-07,-1.7612364899832755e-06,2.2406932210287905e-06,6.545874953189923e-07,-1.970201779499803e-06,8.038014698286133e-07,2.226269670069379e-06
gmat_two_body,numerical_two_body,EarthMJ2000Eq,61200.0,2026-08-05T11:52:00Z,-0.0021323344299162272,0.0005299307304085232,0.0026930893000098877,0.0034756879431078417,-0.0008615685942459095,0.002939996246453802,-0.0013435359491609233,0.0033452903040604807
gmat_two_body,numerical_two_body,EarthMJ2000Eq,61260.0,2026-08-05T11:53:00Z,1.4306351658888161e-06,-4.865796654485166e-07,-1.654825609875843e-06,2.240965092946935e-06,4.9649173661237e-07,-1.929567616798522e-06,9.938716516444401e-07,2.2265480215491296e-06
gmat_two_body,numerical_two_body,EarthMJ2000Eq,61320.0,2026-08-05T11:54:00Z,1.4586021279683337e-06,-6.011759978719056e-07,-1.5920704754535109e-06,2.241343603051928e-06,4.156675004196586e-07,-1.8991475059237928e-06,1.084465850453853e-06,2.2261192467975043e-06
gmat_two_body,numerical_two_body,EarthMJ2000Eq,61380.0,2026-08-05T11:55:00Z,-0.0022539761630469,0.0010458952601766214,0.0024134069462888874,0.0034639339669282096,-0.0004878346615555529,0.002778956176285874,-0.0017547572284115631,0.003322612378444867
gmat_two_body,numerical_two_body,EarthMJ2000Eq,61440.0,2026-08-05T11:56:00Z,1.4988472685217857e-06,-8.24002199806273e-07,-1.4515535440295935e-06,2.2433302143968166e-06,2.5135449277513544e-07,-1.822098028014807e-06,1.254996107036277e-06,2.2267095754520622e-06
gmat_two_body,numerical_two_body,EarthMJ2000Eq,61500.0,2026-08-05T11:57:00Z,-0.0022973057411945774,0.0013705866876989603,0.002188088728871662,0.003455988110864732,-0.0002340962979019423,0.0026268969222087435,-0.00199582927962183,0.0033073740384173297
gmat_two_body,numerical_two_body,EarthMJ2000Eq,61560.0,2026-08-05T11:58:00Z,1.519339321021107e-06,-1.0340954759158194e-06,-1.292391971219331e-06,2.2467804594536228e-06,8.615330671091215e-08,-1.723954312637943e-06,1.4086509736443986e-06,2.227944889325025e-06
gmat_two_body,numerical_two_body,EarthMJ2000Eq,61620.0,2026-08-05T11:59:00Z,1.5223093896565842e-06,-1.1368683772161603e-06,-1.2059899745509028e-06,2.2504016094173046e-06,1.7763568394002505e-09,-1.666666804567285e-06,1.4797052472204086e-06,2.228746062597028e-06
gmat_two_body,numerical_two_body,EarthMJ2000Eq,61680.0,2026-08-05T12:00:00Z,-0.002305250518475077,0.0018185455701313913,0.0018002765500568785,0.003444166604602457,0.0001447340025606536,0.002339182625377134,-0.0023016073491533007,0.0032848317576460403
gmat_two_body,numerical_two_body,EarthMJ2000Eq,61740.0,2026-08-05T12:01:00Z,1.5119212548597716e-06,-1.329681253992021e-06,-1.0186340659856796e-06,2.256451523631974e-06,-1.652011860642233e-07,-1.5401013797600172e-06,1.6080470288670767e-06,2.2327155973979238e-06
gmat_two_body,numerical_two_body,EarthMJ2000Eq,61800.0,2026-08-05T12:02:00Z,1.4998704500612803e-06,-1.419721229467541e-06,-9.222276275977492e-07,2.261796527867267e-06,-2.4513724383723456e-07,-1.4690471061840071e-06,1.6644463585180347e-06,2.2335114391665127e-06
gmat_two_body,numerical_two_body,EarthMJ2000Eq,61860.0,2026-08-05T12:03:00Z,-0.0022459043975686654,0.0022089989215601236,0.0013638482414535247,0.003432760525318935,0.000511869657771058,0.0019899406566992184,-0.0025351338805990054,0.0032632465668858287
gmat_two_body,numerical_two_body,EarthMJ2000Eq,61920.0,2026-08-05T12:04:00Z,1.4613306120736524e-06,-1.5888872439973056e-06,-7.157723302952945e-07,2.2742866707469544e-06,-4.0678571622265736e-07,-1.3162804179955856e-06,1.766586876783549e-06,2.24028970245932e-06
gmat_two_body,numerical_two_body,EarthMJ2000Eq,61980.0,2026-08-05T12:05:00Z,-0.002170365860365564,0.0024323235265910625,0.0010524745448492467,0.003425549353520449,0.0007452989336798055,0.0017288437348383923,-0.0026487789739348955,0.0032496770936192745
gmat_two_body,numerical_two_body,EarthMJ2000Eq,62040.0,2026-08-05T12:06:00Z,1.4026682038092986e-06,-1.7380443750880659e-06,-4.984030965715647e-07,2.288379773207453e-06,-5.666578317686799e-07,-1.1457501614131615e-06,1.8478552021861105e-06,2.246867459137129e-06
gmat_two_body,numerical_two_body,EarthMJ2000Eq,62100.0,2026-08-05T12:07:00Z,1.3665157894138247e-06,-1.805801730370149e-06,-3.865352482534945e-07,2.297323396970375e-06,-6.439293542825908e-07,-1.056044141023449e-06,1.8818280267396403e-06,2.251921615713912e-06
gmat_two_body,numerical_two_body,EarthMJ2000Eq,62160.0,2026-08-05T12:08:00Z,-0.0020063371266587637,0.002705800397961866,0.0005649853846989572,0.0034155457754718155,0.00107206421517958,0.00130394628428121,-0.0027548858749781857,0.003230943171569829
gmat_two_body,numerical_two_body,EarthMJ2000Eq,62220.0,2026-08-05T12:09:00Z,1.278749550692737e-06,-1.9181243260391057e-06,-1.5643308870494366e-07,2.310600063788976e-06,-7.94031507211912e-07,-8.668621376273222e-07,1.93256521896501e-06,2.2620221762065702e-06
gmat_two_body,numerical_two_body,EarthMJ2000Eq,62280.0,2026-08-05T12:10:00Z,1.229636836796999e-06,-1.9672370399348438e-06,-4.274625098332763e-08,2.320313677861867e-06,-8.668621376273222e-07,-7.673861546209082e-07,1.949107542031925e-06,2.267013825798468e-06
gmat_two_body,numerical_two_body,EarthMJ2000Eq,62340.0,2026-08-05T12:11:00Z,1.1755219020415097e-06,-2.0122570276726037e-06,7.548806024715304e-08,2.331679337910114e-06,-9.365841435737821e-07,-6.679101716144942e-07,1.9620138846931923e-06,2.2743773519512564e-06
gmat_two_body,numerical_two_body,EarthMJ2000Eq,62400.0,2026-08-05T12:12:00Z,1.1164047464262694e-06,-2.0484094420680776e-06,1.9554136088117957e-07,2.3410632678362237e-06,-1.0054179711005418e-06,-5.631051180898794e-07,1.9698409570167996e-06,2.2821538218472058e-06
gmat_two_body,numerical_two_body,EarthMJ2000Eq,62460.0,2026-08-05T12:13:00Z,-0.0016122667148010805,0.002983340209539165,-0.00026766883820528165,0.003401671555640671,0.0015365846373072145,0.0005376667999712481,-0.002760960682302027,0.0032051648669947606
gmat_two_body,numerical_two_body,EarthMJ2000Eq,62520.0,2026-08-05T12:14:00Z,9.88620740827173e-07,-2.1044570530648343e-06,4.3291947804391384e-07,2.365064424462431e-06,-1.1315393066979595e-06,-3.4994229736184934e-07,1.96742622193824e-06,2.2964334853976425e-06
gmat_two_body,numerical_two_body,EarthMJ2000Eq,62580.0,2026-08-05T12:15:00Z,9.185896487906575e-07,-2.122646947100293e-06,5.502442945726216e-07,2.377436810644872e-06,-1.1932677068671182e-06,-2.4158453015843406e-07,1.958211370833851e-06,2.3058279810789814e-06
gmat_two_body,numerical_two_body,EarthMJ2000Eq,62640.0,2026-08-05T12:16:00Z,-0.0013150765880709514,0.003037416064444187,-0.0007571361493319273,0.003395375962932695,0.0017577157507275842,6.270539643082884e-05,-0.002665573539673005,0.0031935527117150043
gmat_two_body,numerical_two_body,EarthMJ2000Eq,62700.0,2026-08-05T12:17:00Z,7.712515071034431e-07,-2.1382220438681543e-06,7.830749382264912e-07,2.4041690362725046e-06,-1.304734098539484e-06,-2.3092638912203256e-08,1.9246826354901714e-06,2.325353217302903e-06
gmat_two_body,numerical_two_body,EarthMJ2000Eq,62760.0,2026-08-05T12:18:00Z,6.921254680491984e-07,-2.136857801815495e-06,8.985807653516531e-07,2.419224322083844e-06,-1.354472090042691e-06,8.881784197001252e-08,1.8975931936893176e-06,2.3330973362662883e-06
gmat_two_body,numerical_two_body,EarthMJ2000Eq,62820.0,2026-08-05T12:19:00Z,6.08451955486089e-07,-2.1284449758240953e-06,1.013177097775042e-06,2.4345471095671032e-06,-1.4015455462867976e-06,2.042810365310288e-07,1.8669510382096632e-06,2.343409234272727e-06
gmat_two_body,numerical_two_body,EarthMJ2000Eq,62880.0,2026-08-05T12:20:00Z,5.238689482212067e-07,-2.112301444867626e-06,1.1214069672860205e-06,2.448225817848076e-06,-1.447064690296429e-06,3.170796958329447e-07,1.8318679906315083e-06,2.3559023932481864e-06
gmat_two_body,numerical_two_body,EarthMJ2000Eq,62940.0,2026-08-05T12:21:00Z,-0.0007453709258697927,0.0029383934361248976,-0.0015146251826081425,0.003388779019998888,0.0020164867553518206,-0.0007173213134592515,-0.002353926831233366,0.003181468250360606
gmat_two_body,numerical_two_body,EarthMJ2000Eq,63000.0,2026-08-05T12:22:00Z,3.4560798667371273e-07,-2.0600054995156825e-06,1.3369572116062045e-06,2.480024621682888e-06,-1.524114168205415e-06,5.426770144367765e-07,1.7417178810319456e-06,2.377183946780078e-06
gmat_two_body,numerical_two_body,EarthMJ2000Eq,63060.0,2026-08-05T12:23:00Z,2.5283952709287405e-07,-2.0245352061465383e-06,1.4406396076083183e-06,2.497621489817303e-06,-1.5560885913146194e-06,6.572520305780927e-07,1.688427175849938e-06,2.3883421580391574e-06
gmat_two_body,numerical_two_body,EarthMJ2000Eq,63120.0,2026-08-05T12:24:00Z,-0.0003739696694537997,0.0027689757189364173,-0.0019148992578266189,0.003387317377122458,0.0021011147266492003,-0.001160803897448659,-0.002083953454246057,0.003178837961006854
gmat_two_body,numerical_two_body,EarthMJ2000Eq,63180.0,2026-08-05T12:25:00Z,6.366462912410498e-08,-1.9308572518639266e-06,1.636180968489498e-06,2.5316696217564123e-06,-1.6099344080089395e-06,8.837375276016246e-07,1.566746732351021e-06,2.4140373110445345e-06
gmat_two_body,numerical_two_body,EarthMJ2000Eq,63240.0,2026-08-05T12:26:00Z,-3.456079866737127e-08,-1.8758328224066645e-06,1.7298589227721095e-06,2.551931644679568e-06,-1.6303070005108111e-06,9.9298347322474e-07,1.4948042803553108e-06,2.4245323117212903e-06
gmat_two_body,numerical_two_body,EarthMJ2000Eq,63300.0,2026-08-05T12:27:00Z,-1.3369572116062045e-07,-1.8144419300369918e-06,1.8171704141423106e-06,2.571416414618052e-06,-1.6467556485100232e-06,1.1022294188478554e-06,1.4193091146808001e-06,2.437447890866458e-06
gmat_two_body,numerical_two_body,EarthMJ2000Eq,63360.0,2026-08-05T12:28:00Z,-2.3283064365386963e-07,-1.7444108380004764e-06,1.8985701899509877e-06,2.588773463733034e-06,-1.6572299088579712e-06,1.2088108292118704e-06,1.340261235327489e-06,2.4502927928218813e-06
gmat_two_body,numerical_two_body,EarthMJ2000Eq,63420.0,2026-08-05T12:29:00Z,0.0002629394657560624,0.0023181473807198927,-0.0024583373487985227,0.0033891543136730044,0.0021190543764149083,-0.0018267236612246052,-0.0015165388944637925,0.0031823263508167204
gmat_two_body,numerical_two_body,EarthMJ2000Eq,63480.0,2026-08-05T12:30:00Z,-4.3019099393859506e-07,-1.5870682545937598e-06,2.0490915630944073e-06,2.6272849426641645e-06,-1.6642243139131097e-06,1.4201972931005002e-06,1.1644019082268642e-06,2.4783935769429178e-06
gmat_two_body,numerical_two_body,EarthMJ2000Eq,63540.0,2026-08-05T12:31:00Z,-5.293259164318442e-07,-1.4988472685217857e-06,2.1168489183764905e-06,2.647220883000387e-06,-1.6615597786540093e-06,1.5223378113660146e-06,1.070254995738651e-06,2.4947422844572475e-06
gmat_two_body,numerical_two_body,EarthMJ2000Eq,63600.0,2026-08-05T12:32:00Z,0.0006394602678483352,0.0019579420040827245,-0.0026960146897181403,0.003392777849002811,0.0020551800261614517,-0.0021670958361141857,-0.0011180745218553056,0.0031890688200881456
gmat_two_body,numerical_two_body,EarthMJ2000Eq,63660.0,2026-08-05T12:33:00Z,-7.275957614183426e-07,-1.304215402342379e-06,2.2337189875543118e-06,2.68698230792495e-06,-1.6397994073713562e-06,1.7137402608113916e-06,8.668621376273222e-07,2.5253312146316885e-06
gmat_two_body,numerical_two_body,EarthMJ2000Eq,63720.0,2026-08-05T12:34:00Z,0.0008819233698886819,0.0016858239177963696,-0.0028132428724347847,0.003396192952627284,0.0019818253704784183,-0.002363950368788892,-0.0008335554468885675,0.0031954198203376434
gmat_two_body,numerical_two_body,EarthMJ2000Eq,63780.0,2026-08-05T12:35:00Z,-9.231371222995222e-07,-1.0850271792151034e-06,2.3255779524333775e-06,2.727229168780495e-06,-1.596056620201125e-06,1.8909318555415666e-06,6.501466032204917e-07,2.558458642008671e-06
gmat_two_body,numerical_two_body,EarthMJ2000Eq,63840.0,2026-08-05T12:36:00Z,-1.0177245712839067e-06,-9.722498361952603e-07,2.3608208721270785e-06,2.7485465681424396e-06,-1.566746732351021e-06,1.973088359363828e-06,5.329070518200751e-07,2.5752209464566743e-06
gmat_two_body,numerical_two_body,EarthMJ2000Eq,63900.0,2026-08-05T12:37:00Z,0.0012254959074198268,0.001237366632267367,-0.0029232846827653702,0.00340272093158432,0.001826821804939982,-0.00260818833197618,-0.00038554759385078796,0.003207580276343056
gmat_two_body,numerical_two_body,EarthMJ2000Eq,63960.0,2026-08-05T12:38:00Z,-1.2014425010420382e-06,-7.257767720147967e-07,2.41016095969826e-06,2.7891023390617998e-06,-1.4939161019356106e-06,2.121858244663599e-06,2.877698079828406e-07,2.6109153935843766e-06
gmat_two_body,numerical_two_body,EarthMJ2000Eq,64020.0,2026-08-05T12:39:00Z,-1.2901182344648987e-06,-5.975380190648139e-07,2.4242581275757402e-06,2.810424205034493e-06,-1.446842645691504e-06,2.1875834477214084e-06,1.6342482922482304e-07,2.627847533047425e-06
gmat_two_body,numerical_two_body,EarthMJ2000Eq,64080.0,2026-08-05T12:40:00Z,0.001536476247565588,0.0007509461283916607,-0.002951064573153417,0.0034107860475264076,0.0016201786579017607,-0.002784651398357596,7.867040352493859e-05,0.0032226466337912448
gmat_two_body,numerical_two_body,EarthMJ2000Eq,64140.0,2026-08-05T12:41:00Z,-1.457010512240231e-06,-3.255991032347083e-07,2.4285782274091616e-06,2.8507694777816763e-06,-1.3389289676979388e-06,2.3014923300479495e-06,-9.681144774731365e-08,2.6643892700251477e-06
gmat_two_body,numerical_two_body,EarthMJ2000Eq,64200.0,2026-08-05T12:42:00Z,0.00172122554431553,0.00041184466681443155,-0.0029228529001557035,0.003416914175090792,0.001455521037030394,-0.0028614211000643763,0.0003916165169925989,0.0032341360047952643
gmat_two_body,numerical_two_body,EarthMJ2000Eq,64260.0,2026-08-05T12:43:00Z,-1.6111698641907424e-06,-4.4565240386873484e-08,2.400611265329644e-06,2.891502868605658e-06,-1.2065903831626201e-06,2.3854251907096113e-06,-3.6504133049675147e-07,2.698030553233848e-06
gmat_two_body,numerical_two_body,EarthMJ2000Eq,64320.0,2026-08-05T12:44:00Z,-1.680291461525485e-06,1.000444171950221e-07,2.375145413680002e-06,2.9111344897157344e-06,-1.1355361095866101e-06,2.4177326807262034e-06,-5.000444502911705e-07,2.717520565495983e-06
gmat_two_body,numerical_two_body,EarthMJ2000Eq,64380.0,2026-08-05T12:45:00Z,0.0019583112589316443,-0.00010889925761148334,-0.00281030611404276,0.003427048655883498,0.0011717711245751161,-0.0029112513511009297,0.0008573373122544581,0.0032532229042379988
gmat_two_body,numerical_two_body,EarthMJ2000Eq,64440.0,2026-08-05T12:46:00Z,-1.8080754671245813e-06,3.9199221646413207e-07,2.2992026060819626e-06,2.9511230771352663e-06,-9.761080832504376e-07,2.4589219549397967e-06,-7.709388682997087e-07,2.755618063035411e-06
gmat_two_body,numerical_two_body,EarthMJ2000Eq,64500.0,2026-08-05T12:47:00Z,-1.862645149230957e-06,5.393303581513464e-07,2.2491803974844515e-06,2.969703124489987e-06,-8.899547765395255e-07,2.466693516112173e-06,-9.041656312547275e-07,2.773826219404815e-06
gmat_two_body,numerical_two_body,EarthMJ2000Eq,64560.0,2026-08-05T12:48:00Z,0.002140744300049846,-0.0006312866389635019,-0.002615156063257018,0.0034380736196189406,0.0008493925562902405,-0.00287910717489126,0.00130729294056664,0.0032741015060084766
gmat_two_body,numerical_two_body,EarthMJ2000Eq,64620.0,2026-08-05T12:49:00Z,-1.9583694665925577e-06,8.36735125631094e-07,2.1259438653942198e-06,3.0091483773576564e-06,-7.016609515630989e-07,2.4569235534954714e-06,-1.1679546219056647e-06,2.8094340066105935e-06
gmat_two_body,numerical_two_body,EarthMJ2000Eq,64680.0,2026-08-05T12:50:00Z,0.0022288340915110894,-0.0009730647434480488,-0.0024410510377492756,0.0034457635686913424,0.0006166791521877713,-0.0028109101712914253,0.001591957676794209,0.0032887441999213977
gmat_two_body,numerical_two_body,EarthMJ2000Eq,64740.0,2026-08-05T12:51:00Z,-2.031129042734392e-06,1.127773430198431e-06,1.968601281987503e-06,3.0451188984247405e-06,-4.982680934517703e-07,2.41184849869569e-06,-1.4273027204581012e-06,2.8464850832983144e-06
gmat_two_body,numerical_two_body,EarthMJ2000Eq,64800.0,2026-08-05T12:52:00Z,-2.058072823274415e-06,1.2723830877803266e-06,1.8790160538628697e-06,3.0635475838714354e-06,-3.934630399271555e-07,2.376321361907685e-06,-1.5516476992161188e-06,2.8651923079141106e-06
gmat_two_body,numerical_two_body,EarthMJ2000Eq,64860.0,2026-08-05T12:53:00Z,0.0023069125063557294,-0.0014647403077105992,-0.002118364136549644,0.0034575679452517392,0.000247466935832108,-0.0026381159479171856,0.0019859713873415785,0.003311340814583204
gmat_two_body,numerical_two_body,EarthMJ2000Eq,64920.0,2026-08-05T12:54:00Z,-2.091837814077735e-06,1.5515979612246156e-06,1.6780177247710526e-06,3.0982229032669225e-06,-1.687538997430238e-07,2.275957200481571e-06,-1.7887913372760522e-06,2.8996954159732425e-06
gmat_two_body,numerical_two_body,EarthMJ2000Eq,64980.0,2026-08-05T12:55:00Z,-2.0987513948966807e-06,1.686203177087009e-06,1.5697878552600741e-06,3.1164519060176606e-06,-5.417888360170764e-08,2.213784711102562e-06,-1.9020340857878182e-06,2.9191628529491947e-06
gmat_two_body,numerical_two_body,EarthMJ2000Eq,65040.0,2026-08-05T12:56:00Z,-2.098886398016475e-06,1.8180799088440835e-06,1.4506440493278205e-06,3.1329070884038835e-06,6.306066779870889e-08,2.142286348316702e-06,-2.0095036745715333e-06,2.9379367699329104e-06
gmat_two_body,numerical_two_body,EarthMJ2000Eq,65100.0,2026-08-05T12:57:00Z,-2.09149675356457e-06,1.9444996723905206e-06,1.3251337804831564e-06,3.1482403310858528e-06,1.8118839761882555e-07,2.0596857552845904e-06,-2.1098678359976475e-06,2.954094942843125e-06
gmat_two_body,numerical_two_body,EarthMJ2000Eq,65160.0,2026-08-05T12:58:00Z,0.002285052005390753,-0.0021911719159106724,-0.0014378820196725428,0.0034770967393665565,-0.0003958193772746199,-0.002168057733342721,0.0025217192778370645,0.0033490618732338064
gmat_two_body,numerical_two_body,EarthMJ2000Eq,65220.0,2026-08-05T12:59:00Z,-2.056594894384034e-06,2.179149305447936e-06,1.0613803169690073e-06,3.1788051894210076e-06,4.218847493575595e-07,1.8696155734687636e-06,-2.291056233616473e-06,2.987036625133733e-06
gmat_two_body,numerical_two_body,EarthMJ2000Eq,65280.0,2026-08-05T13:00:00Z,-2.0277184376027435e-06,2.2882886696606874e-06,9.204086381942034e-07,3.192970272200181e-06,5.417888360170764e-07,1.7630341631047486e-06,-2.3723245590190345e-06,3.00495397908721e-06
gmat_two_body,numerical_two_body,EarthMJ2000Eq,65340.0,2026-08-05T13:01:00Z,0.002179124066969962,-0.002548074917285703,-0.0009622381185181439,0.0034881470267288887,-0.0007793143907974809,-0.0017859669299014058,0.0027502382593525,0.003370581445034635
gmat_two_body,numerical_two_body,EarthMJ2000Eq,65400.0,2026-08-05T13:02:00Z,-1.947000782820396e-06,2.485649019945413e-06,6.275513442233205e-07,3.2191743954460315e-06,7.807088309164101e-07,1.5258905250448151e-06,-2.5075497234183786e-06,3.0373761355005074e-06
gmat_two_body,numerical_two_body,EarthMJ2000Eq,65460.0,2026-08-05T13:03:00Z,-1.8976606952492148e-06,2.5734152586665004e-06,4.7475623432546854e-07,3.2324875390111255e-06,8.970602038971265e-07,1.3935519405094965e-06,-2.5628388300447114e-06,3.0520234090024084e-06
gmat_two_body,numerical_two_body,EarthMJ2000Eq,65520.0,2026-08-05T13:04:00Z,-1.8399077816866338e-06,2.6539055397734046e-06,3.192326403222978e-07,3.2450554290794695e-06,1.0134115768778429e-06,1.255884285455977e-06,-2.608580018659268e-06,3.0673992365444857e-06
gmat_two_body,numerical_two_body,EarthMJ2000Eq,65580.0,2026-08-05T13:05:00Z,-1.7762431525625288e-06,2.72393663180992e-06,1.6552803572267294e-07,3.256112719448061e-06,1.1262102361797588e-06,1.1111112030448567e-06,-2.643329999330035e-06,3.0806023902746654e-06
gmat_two_body,numerical_two_body,EarthMJ2000Eq,65640.0,2026-08-05T13:06:00Z,0.0018543000805948395,-0.002971774847537745,-0.00010200437827734277,0.0035043229626476728,-0.0013729648529192673,-0.0010142215955966094,0.0029431636572319064,0.0034023359983365617
gmat_two_body,numerical_two_body,EarthMJ2000Eq,65700.0,2026-08-05T13:07:00Z,-1.627540768822655e-06,2.8392150852596387e-06,-1.5643308870494366e-07,3.2763550732158906e-06,1.3429257705865894e-06,8.029132914089132e-07,-2.6855739854170224e-06,3.1081227469286586e-06
gmat_two_body,numerical_two_body,EarthMJ2000Eq,65760.0,2026-08-05T13:08:00Z,-1.5443220036104321e-06,2.8821887099184096e-06,-3.1741365091875196e-07,3.2852235291081877e-06,1.4437340212225536e-06,6.439293542825908e-07,-2.691957767808617e-06,3.121802293709099e-06
gmat_two_body,numerical_two_body,EarthMJ2000Eq,65820.0,2026-08-05T13:09:00Z,0.001578800038259942,-0.003107916427325108,0.0004284693204681389,0.0035121702747203595,-0.0016805450364643093,-0.000493156626646396,0.0029349934704825387,0.003417838754207872
gmat_two_body,numerical_two_body,EarthMJ2000Eq,65880.0,2026-08-05T13:10:00Z,-1.3596945791505277e-06,2.9399416234809905e-06,-6.393747753463686e-07,3.3016399260665286e-06,1.63158375698913e-06,3.1530333899354446e-07,-2.672528864877677e-06,3.1470450084572363e-06
gmat_two_body,numerical_two_body,EarthMJ2000Eq,65940.0,2026-08-05T13:11:00Z,-1.2587406672537327e-06,2.953754574264167e-06,-7.98536348156631e-07,3.3085879845807622e-06,1.716848885280342e-06,1.474376176702208e-07,-2.645661467681748e-06,3.1573458074098514e-06
gmat_two_body,numerical_two_body,EarthMJ2000Eq,66000.0,2026-08-05T13:12:00Z,-1.153239281848073e-06,2.9573783422165434e-06,-9.586074156686664e-07,3.315867258739995e-06,1.7958967646336532e-06,-2.398081733190338e-08,-2.609246152474043e-06,3.1676467216250814e-06
gmat_two_body,numerical_two_body,EarthMJ2000Eq,66060.0,2026-08-05T13:13:00Z,-1.0413714335300028e-06,2.951082933577709e-06,-1.115949999075383e-06,3.322452308741586e-06,1.8691714842589136e-06,-1.971756091734278e-07,-2.561062473205311e-06,3.1767469603479735e-06
gmat_two_body,numerical_two_body,EarthMJ2000Eq,66120.0,2026-08-05T13:14:00Z,0.001011479071166832,-0.0031199635941447923,0.0012815089576179162,0.0035212963449065696,-0.0020737340733489873,0.00041585757060147444,0.0027078503883615213,0.003435951724303586
gmat_two_body,numerical_two_body,EarthMJ2000Eq,66180.0,2026-08-05T13:15:00Z,-8.076312951743603e-07,2.906972440541722e-06,-1.4142642612569034e-06,3.3321015110111282e-06,1.9964030428809565e-06,-5.435651928564766e-07,-2.4371615836571436e-06,3.1970056010841827e-06
gmat_two_body,numerical_two_body,EarthMJ2000Eq,66240.0,2026-08-05T13:16:00Z,-6.857590051367879e-07,2.8694557840935886e-06,-1.558873918838799e-06,3.336784350962792e-06,2.0481394358284888e-06,-7.158718062783009e-07,-2.360778239562933e-06,3.2063408253044248e-06
gmat_two_body,numerical_two_body,EarthMJ2000Eq,66300.0,2026-08-05T13:17:00Z,0.000623772393737454,-0.0029964044188091066,0.0017469137674197555,0.003524094089414807,-0.0022222934603632893,0.0009536380574104442,0.002448673264154877,0.003441513405916343
gmat_two_body,numerical_two_body,EarthMJ2000Eq,66360.0,2026-08-05T13:18:00Z,-4.3291947804391384e-07,2.764863893389702e-06,-1.8308128346689045e-06,3.344213997193999e-06,2.1280754936015e-06,-1.048938713665848e-06,-2.1795898419441073e-06,3.221737048643196e-06
gmat_two_body,numerical_two_body,EarthMJ2000Eq,66420.0,2026-08-05T13:19:00Z,0.00035325774661032483,-0.0028612262212845962,0.0020279476302675903,0.0035247663916938765,-0.002280707844803942,0.001296603713285549,0.002229450402069233,0.0034428561628309104
gmat_two_body,numerical_two_body,EarthMJ2000Eq,66480.0,2026-08-05T13:20:00Z,-1.7462298274040222e-07,2.6193447411060333e-06,-2.080014382954687e-06,3.3493163320533574e-06,2.175870594811613e-06,-1.3713474800169934e-06,-1.9610979506978765e-06,3.2343333051103765e-06
gmat_two_body,numerical_two_body,EarthMJ2000Eq,66540.0,2026-08-05T13:21:00Z,-4.3655745685100555e-08,2.533852239139378e-06,-2.193701220676303e-06,3.3518111580934365e-06,2.1863899579699364e-06,-1.525002346625115e-06,-1.8385293287792592e-06,3.2382284197235686e-06
gmat_two_body,numerical_two_body,EarthMJ2000Eq,66600.0,2026-08-05T13:22:00Z,-6.059144652681425e-05,-0.002584130470495438,0.002395192495896481,0.0035239677501835913,-0.002304801322017269,0.0017735368729177026,0.001839768337674741,0.0034412628074417294
gmat_two_body,numerical_two_body,EarthMJ2000Eq,66660.0,2026-08-05T13:23:00Z,2.15550244320184e-07,2.331034920644015e-06,-2.399701770627871e-06,3.3524251366798456e-06,2.184030734042608e-06,-1.8127721546079556e-06,-1.5756285165480222e-06,3.246342303874313e-06
gmat_two_body,numerical_two_body,EarthMJ2000Eq,66720.0,2026-08-05T13:24:00Z,3.4560798667371273e-07,2.218257577624172e-06,-2.489741746103391e-06,3.3524506742724313e-06,2.1690427232101683e-06,-1.9468870959826745e-06,-1.4335199693960021e-06,3.2480910089269283e-06
gmat_two_body,numerical_two_body,EarthMJ2000Eq,66780.0,2026-08-05T13:25:00Z,-0.0004718713171314448,-0.0022263857317739166,0.002686668267415371,0.0035210285920046934,-0.0022523006792951605,0.0021900481428360763,0.0013902665685350257,0.003435405412681208
gmat_two_body,numerical_two_body,EarthMJ2000Eq,66840.0,2026-08-05T13:26:00Z,6.011759978719056e-07,1.9690560293383896e-06,-2.6439010980539024e-06,3.3509412473783804e-06,2.1171953079601735e-06,-2.19735341033811e-06,-1.1333156635373598e-06,3.2550395351196922e-06
gmat_two_body,numerical_two_body,EarthMJ2000Eq,66900.0,2026-08-05T13:27:00Z,-0.0007378912414424121,-0.0019490207705530338,0.002834191491274396,0.0035179264997234876,-0.0021759318791225724,0.002426770784325072,0.0010657057458729469,0.003429230922382193
gmat_two_body,numerical_two_body,EarthMJ2000Eq,66960.0,2026-08-05T13:28:00Z,8.521965355612338e-07,1.6943886294029653e-06,-2.7632722776615992e-06,3.351546724001584e-06,2.0339285811132868e-06,-2.41229258790554e-06,-8.22453216642316e-07,3.260743825616911e-06
gmat_two_body,numerical_two_body,EarthMJ2000Eq,67020.0,2026-08-05T13:29:00Z,9.74978320300579e-07,1.546140993013978e-06,-2.8067006496712565e-06,3.3494332703010286e-06,1.9824142327706795e-06,-2.5068835896036035e-06,-6.616929226765933e-07,3.263781402918385e-06
gmat_two_body,numerical_two_body,EarthMJ2000Eq,67080.0,2026-08-05T13:30:00Z,-0.0011150214049848728,-0.001485235770815052,0.0029803811685269466,0.003511676229123788,-0.0020032544512105233,0.0027117503798024245,0.0005551150650262571,0.0034168364394674315
gmat_two_body,numerical_two_body,EarthMJ2000Eq,67140.0,2026-08-05T13:31:00Z,1.2059899745509028e-06,1.2341843103058636e-06,-2.866954673663713e-06,3.3461996102092674e-06,1.8554047187535616e-06,-2.666311615939776e-06,-3.348432642269472e-07,3.26555727484093e-06
gmat_two_body,numerical_two_body,EarthMJ2000Eq,67200.0,2026-08-05T13:32:00Z,1.3151293387636542e-06,1.0732037480920553e-06,-2.8825297704315744e-06,3.345191973567446e-06,1.7825740883381513e-06,-2.731148640577885e-06,-1.6964207816272392e-07,3.265811034341759e-06
gmat_two_body,numerical_two_body,EarthMJ2000Eq,67260.0,2026-08-05T13:33:00Z,-0.0014552870197803713,-0.0009782779670786113,0.0030333276583860425,0.0035037072899919085,-0.0017677974639696004,0.0029053954797575443,3.278888272006952e-05,0.003401103626507571
gmat_two_body,numerical_two_body,EarthMJ2000Eq,67320.0,2026-08-05T13:34:00Z,1.5184014046099037e-06,7.394191925413907e-07,-2.8830982046201825e-06,3.341337879548252e-06,1.6178169914837781e-06,-2.8341773372630996e-06,1.616484723854228e-07,3.2674184344240205e-06
gmat_two_body,numerical_two_body,EarthMJ2000Eq,67380.0,2026-08-05T13:35:00Z,-0.0016564185898459982,-0.0006246409611776471,0.0030164715099090245,0.00349757047752596,-0.0015807404274426062,0.002981441982186084,-0.0003127720304973991,0.003389035693992405
gmat_two_body,numerical_two_body,EarthMJ2000Eq,67440.0,2026-08-05T13:36:00Z,1.7025740817189217e-06,3.9472070056945086e-07,-2.84353518509306e-06,3.3377020963623e-06,1.4304113449270517e-06,-2.8954616482224083e-06,4.858335955759685e-07,3.265855026576213e-06
gmat_two_body,numerical_two_body,EarthMJ2000Eq,67500.0,2026-08-05T13:37:00Z,1.7867023416329175e-06,2.2282620193436742e-07,-2.8096565074520186e-06,3.337083526634076e-06,1.3322676295501878e-06,-2.9118929489868606e-06,6.465938895416912e-07,3.266824335819011e-06
gmat_two_body,numerical_two_body,EarthMJ2000Eq,67560.0,2026-08-05T13:38:00Z,-0.0019129793145111762,-8.3498889580369e-05,0.0029146476663299836,0.0034873532859679736,-0.001263342319646199,0.0030152237096015,-0.0008141416429907622,0.0033690405830746188
gmat_two_body,numerical_two_body,EarthMJ2000Eq,67620.0,2026-08-05T13:39:00Z,1.9326762412674725e-06,-1.2641976354643703e-07,-2.7134774427395314e-06,3.3337935212654024e-06,1.1182166304024577e-06,-2.913141949889564e-06,9.556799795973347e-07,3.2634534891918037e-06
gmat_two_body,numerical_two_body,EarthMJ2000Eq,67680.0,2026-08-05T13:40:00Z,1.9972503650933504e-06,-3.001332515850663e-07,-2.651177055668086e-06,3.3328409458108632e-06,1.0080825063596421e-06,-2.8997915180184464e-06,1.106670310946356e-06,3.2633939947131983e-06
gmat_two_body,numerical_two_body,EarthMJ2000Eq,67740.0,2026-08-05T13:41:00Z,2.053639036603272e-06,-4.729372449219227e-07,-2.5802364689297974e-06,3.3314746233298047e-06,8.926193117986259e-07,-2.8754776337791554e-06,1.2496670365180762e-06,3.259878611285993e-06
gmat_two_body,numerical_two_body,EarthMJ2000Eq,67800.0,2026-08-05T13:42:00Z,2.1050254872534424e-06,-6.421032594516873e-07,-2.5029294192790985e-06,3.3328793220994184e-06,7.744915819785092e-07,-2.844169344484726e-06,1.3935519405094965e-06,3.2605403664975586e-06
gmat_two_body,numerical_two_body,EarthMJ2000Eq,67860.0,2026-08-05T13:43:00Z,-0.0022040269413992064,0.000804756382422056,0.0025543736228428315,0.00346845674595169,-0.0006663389839900447,0.0028648439176492957,-0.0015663577102031923,0.003332388751389915
gmat_two_body,numerical_two_body,EarthMJ2000Eq,67920.0,2026-08-05T13:44:00Z,2.1825599105795845e-06,-9.777068044058979e-07,-2.3187567421700805e-06,3.3310825849879438e-06,5.346834086594754e-07,-2.750688565811288e-06,1.6626700016786344e-06,3.258319423884452e-06
gmat_two_body,numerical_two_body,EarthMJ2000Eq,67980.0,2026-08-05T13:45:00Z,2.2107542463345453e-06,-1.140506356023252e-06,-2.2137101041153073e-06,3.3299701966951394e-06,4.1300296516055823e-07,-2.6925128793209296e-06,1.7861268020169518e-06,3.257367957020484e-06
gmat_two_body,numerical_two_body,EarthMJ2000Eq,68040.0,2026-08-05T13:46:00Z,-0.002289979192937608,0.001303262251894921,0.0022372796593117528,0.003456575975625519,-0.00028758595504996265,0.002660923481556665,-0.0019467707446096938,0.0033095522035933842
gmat_two_body,numerical_two_body,EarthMJ2000Eq,68100.0,2026-08-05T13:47:00Z,2.2462245397036895e-06,-1.4561010175384581e-06,-1.9854269339703023e-06,3.3328178717383135e-06,1.6964207816272392e-07,-2.5481838861196593e-06,2.015276834299584e-06,3.2532076895009042e-06
gmat_two_body,numerical_two_body,EarthMJ2000Eq,68160.0,2026-08-05T13:48:00Z,2.2526052134708152e-06,-1.6079866327345371e-06,-1.8590071704238653e-06,3.334030431549208e-06,4.529709940470639e-08,-2.467359649926948e-06,2.1227464230832993e-06,3.255144827195105e-06
gmat_two_body,numerical_two_body,EarthMJ2000Eq,68220.0,2026-08-05T13:49:00Z,2.251454134238884e-06,-1.7535057850182056e-06,-1.7280399333685637e-06,3.3361580100454034e-06,-7.72715225139109e-08,-2.3785418079569354e-06,2.2226664952995634e-06,3.256328971359913e-06
gmat_two_body,numerical_two_body,EarthMJ2000Eq,68280.0,2026-08-05T13:50:00Z,2.243382368760649e-06,-1.8935679690912366e-06,-1.5916157281026244e-06,3.339401852424787e-06,-2.007283228522283e-07,-2.2795099141603714e-06,2.3150370509483764e-06,3.2551273178808608e-06
gmat_two_body,numerical_two_body,EarthMJ2000Eq,68340.0,2026-08-05T13:51:00Z,-0.0022815451075075543,0.0020311745174694806,0.001575407623022329,0.003437008463284008,0.0003398783476882272,0.0021616877177166316,-0.0024330040204745274,0.003272295775720684
gmat_two_body,numerical_two_body,EarthMJ2000Eq,68400.0,2026-08-05T13:52:00Z,2.204615157097578e-06,-2.153683453798294e-06,-1.3023964129388332e-06,3.3458805756489377e-06,-4.432010314303625e-07,-2.0659030042224913e-06,2.4789059693830495e-06,3.257200820053834e-06
gmat_two_body,numerical_two_body,EarthMJ2000Eq,68460.0,2026-08-05T13:53:00Z,2.174374458263628e-06,-2.2719177650287747e-06,-1.1514202924445271e-06,3.3489227082235905e-06,-5.60440582830779e-07,-1.949551631241775e-06,2.5477397969098092e-06,3.2566582999324945e-06
gmat_two_body,numerical_two_body,EarthMJ2000Eq,68520.0,2026-08-05T13:54:00Z,-0.0021879211544728605,0.002387114363955334,0.0011188831194886006,0.0034259616751896502,0.0006967812993252664,0.0017849819400339584,-0.0026268409669683024,0.0032514547776464255
gmat_two_body,numerical_two_body,EarthMJ2000Eq,68580.0,2026-08-05T13:55:00Z,2.092974682454951e-06,-2.491560735506937e-06,-8.403731044381857e-07,3.360750641565117e-06,-7.94031507211912e-07,-1.70263803056514e-06,2.667199794359476e-06,3.262425024518294e-06
gmat_two_body,numerical_two_body,EarthMJ2000Eq,68640.0,2026-08-05T13:56:00Z,2.0422703528311104e-06,-2.589786163298413e-06,-6.757545634172857e-07,3.3666756297041905e-06,-9.07718344933528e-07,-1.5720758028692217e-06,2.7140512059986577e-06,3.265187417665108e-06
gmat_two_body,numerical_two_body,EarthMJ2000Eq,68700.0,2026-08-05T13:57:00Z,1.9845174392685294e-06,-2.6811903808265924e-06,-5.129550117999315e-07,3.374939135618395e-06,-1.0187406473960436e-06,-1.4370726830748026e-06,2.7549074133048634e-06,3.2699426996476276e-06
gmat_two_body,numerical_two_body,EarthMJ2000Eq,68760.0,2026-08-05T13:58:00Z,1.919488568091765e-06,-2.7625901566352695e-06,-3.483364707790315e-07,3.3819637835801625e-06,-1.1244338793403585e-06,-1.2949641359227826e-06,2.786659791809143e-06,3.27211803846078e-06
gmat_two_body,numerical_two_body,EarthMJ2000Eq,68820.0,2026-08-05T13:59:00Z,-0.0018966329662362114,0.0028172839847684372,0.00030266255635069683,0.0034096789119304814,0.001230110679983909,0.0010676908246409766,-0.0027787920853228343,0.003220996962973705
gmat_two_body,numerical_two_body,EarthMJ2000Eq,68880.0,2026-08-05T14:00:00Z,1.7712409317027777e-06,-2.8999238566029817e-06,-1.2732925824820995e-08,3.3980898957553336e-06,-1.3282708266615373e-06,-1.0063061495202419e-06,2.8283486663838175e-06,3.282759758824501e-06
gmat_two_body,numerical_two_body,EarthMJ2000Eq,68940.0,2026-08-05T14:01:00Z,1.6884769138414413e-06,-2.95608515443746e-06,1.5916157281026244e-07,3.408038458574154e-06,-1.425082274408851e-06,-8.544276397515205e-07,2.8362867610098874e-06,3.2871611872686767e-06
gmat_two_body,numerical_two_body,EarthMJ2000Eq,69000.0,2026-08-05T14:02:00Z,-0.0016501862774020992,0.0029679622457479127,-0.00019764775061048567,0.003401614216167462,0.0015013554843790189,0.0006037979005668603,-0.002767672369063945,0.003206033458603315
gmat_two_body,numerical_two_body,EarthMJ2000Eq,69060.0,2026-08-05T14:03:00Z,1.5061232261359692e-06,-3.040440788026899e-06,4.993125912733376e-07,3.4295772948875124e-06,-1.6089352072867769e-06,-5.426770144367765e-07,2.8289592890473614e-06,3.2994213890214614e-06
gmat_two_body,numerical_two_body,EarthMJ2000Eq,69120.0,2026-08-05T14:04:00Z,-0.0014604079296987038,0.0030214998787414515,-0.0005271658665151335,0.0033970806126996916,0.0016582260009556649,0.0002880353733303309,-0.0027188908902076037,0.003197662508675494
gmat_two_body,numerical_two_body,EarthMJ2000Eq,69180.0,2026-08-05T14:05:00Z,1.3033059076406062e-06,-3.0864271138852928e-06,8.421920938417315e-07,3.454551510854444e-06,-1.7719159473017498e-06,-2.2648549702353193e-07,2.7904345500928684e-06,3.3132320750313045e-06
gmat_two_body,numerical_two_body,EarthMJ2000Eq,69240.0,2026-08-05T14:06:00Z,1.1941665434278548e-06,-3.0959057539803325e-06,1.0068106348626316e-06,3.4676121215388924e-06,-1.8491874698156607e-06,-6.572520305780927e-08,2.7566837701442637e-06,3.3201083580836676e-06
gmat_two_body,numerical_two_body,EarthMJ2000Eq,69300.0,2026-08-05T14:07:00Z,-0.0011435640772106126,0.003030571463114029,-0.0010056746759801172,0.003391678602939167,0.0018541630453228208,-0.00018672352553039673,-0.0025862756380945484,0.0031877277094865962
gmat_two_body,numerical_two_body,EarthMJ2000Eq,69360.0,2026-08-05T14:08:00Z,9.63154889177531e-07,-3.0844375942251645e-06,1.3333192327991128e-06,3.4955919083565974e-06,-1.98685512486918e-06,2.5934809855243657e-07,2.6720847756678268e-06,3.339893976131199e-06
gmat_two_body,numerical_two_body,EarthMJ2000Eq,69420.0,2026-08-05T14:09:00Z,8.412825991399586e-07,-3.0636329029221088e-06,1.494299795012921e-06,3.5109165260453414e-06,-2.049249658853114e-06,4.2010839251815923e-07,2.618349981275969e-06,3.3513686532850523e-06
gmat_two_body,numerical_two_body,EarthMJ2000Eq,69480.0,2026-08-05T14:10:00Z,-0.0007959442882565781,0.0029547961730713723,-0.001454182893212419,0.0033880666494797798,0.0019996173605818512,-0.0006528821927531681,-0.0023863777620647397,0.0031811198609344522
gmat_two_body,numerical_two_body,EarthMJ2000Eq,69540.0,2026-08-05T14:11:00Z,5.893525667488575e-07,-2.99337443721015e-06,1.799890014808625e-06,3.5422070852343515e-06,-2.154942890797429e-06,7.469580509678053e-07,2.4842350399012503e-06,3.3724099581719253e-06
gmat_two_body,numerical_two_body,EarthMJ2000Eq,69600.0,2026-08-05T14:12:00Z,-0.0005516958481166512,0.002858307652786607,-0.0017307356756646186,0.0033867000052892047,0.0020671551137496635,-0.000953579437634744,-0.0022184067915986816,0.003178643217033383
gmat_two_body,numerical_two_body,EarthMJ2000Eq,69660.0,2026-08-05T14:13:00Z,3.255991032347083e-07,-2.8849171940237284e-06,2.090018824674189e-06,3.57728118546662e-06,-2.2386537068541656e-06,1.070254995738651e-06,2.3216983890961274e-06,3.3981317786464653e-06
gmat_two_body,numerical_two_body,EarthMJ2000Eq,69720.0,2026-08-05T14:14:00Z,1.90084392670542e-07,-2.814886101987213e-06,2.2255335352383554e-06,3.5934266877130282e-06,-2.2711832414756827e-06,1.2283507544452732e-06,2.2302160118670145e-06,3.4118883850287763e-06
gmat_two_body,numerical_two_body,EarthMJ2000Eq,69780.0,2026-08-05T14:15:00Z,-0.00017376532923663035,0.0026476459424884524,-0.00210392136068549,0.0033862528727738226,0.002122870657039755,-0.0013819319022445598,-0.0019189956290688315,0.003177870329850944
gmat_two_body,numerical_two_body,EarthMJ2000Eq,69840.0,2026-08-05T14:16:00Z,-8.549250196665525e-08,-2.6498128136154264e-06,2.4792825570330024e-06,3.6298290473107857e-06,-2.3167717744243532e-06,1.5401013797600172e-06,2.0241586184965854e-06,3.4404304712553167e-06
gmat_two_body,numerical_two_body,EarthMJ2000Eq,69900.0,2026-08-05T14:17:00Z,-2.2464519133791327e-07,-2.5520421331748366e-06,2.598426362965256e-06,3.6490004213816784e-06,-2.329719750449044e-06,1.6919798895287386e-06,1.908695423935569e-06,3.454491031042724e-06
gmat_two_body,numerical_two_body,EarthMJ2000Eq,69960.0,2026-08-05T14:18:00Z,0.00020919105736538768,0.0023629681891179644,-0.002418531948933378,0.0033877243614669366,0.0021228724333965943,-0.0017743895242006147,-0.0015688979004835346,0.0031806424153321138
gmat_two_body,numerical_two_body,EarthMJ2000Eq,70020.0,2026-08-05T14:19:00Z,-5.06588548887521e-07,-2.332853910047561e-06,2.8135218599345535e-06,3.6898163341578056e-06,-2.338240712163042e-06,1.9824142327706795e-06,1.660005466419534e-06,3.486108714146939e-06
gmat_two_body,numerical_two_body,EarthMJ2000Eq,70080.0,2026-08-05T14:20:00Z,0.0004623170752893202,0.002135599970642943,-0.00259151329373708,0.003389758909469849,0.0020917368948047965,-0.0020114994114805995,-0.001311149411264978,0.0031844318014576647
gmat_two_body,numerical_two_body,EarthMJ2000Eq,70140.0,2026-08-05T14:21:00Z,-7.839844329282641e-07,-2.08092387765646e-06,2.9958755476400256e-06,3.7309711969703106e-06,-2.3174795416025518e-06,2.2595258997171186e-06,1.3873346915715956e-06,3.521486371360378e-06
gmat_two_body,numerical_two_body,EarthMJ2000Eq,70200.0,2026-08-05T14:22:00Z,-9.231371222995222e-07,-1.9435901776887476e-06,3.0750015866942704e-06,3.7530467201392395e-06,-2.2963853041346738e-06,2.389644038203187e-06,1.241673430740775e-06,3.539143540882921e-06
gmat_two_body,numerical_two_body,EarthMJ2000Eq,70260.0,2026-08-05T14:23:00Z,0.0008312845238833688,0.0017445854609832168,-0.0027904998205485754,0.003394333754774809,0.0019986750032785494,-0.002323855330388369,-0.0008943343843270668,0.003192935852204773
gmat_two_body,numerical_two_body,EarthMJ2000Eq,70320.0,2026-08-05T14:24:00Z,-1.1941665434278548e-06,-1.6407284419983625e-06,3.2052867027232423e-06,3.7936639809660584e-06,-2.23354668094089e-06,2.632560835991171e-06,9.36140054363932e-07,3.5770749967705602e-06
gmat_two_body,numerical_two_body,EarthMJ2000Eq,70380.0,2026-08-05T14:25:00Z,-1.3260432751849294e-06,-1.4806573744863272e-06,3.2562184060225263e-06,3.814930580758161e-06,-2.1893598045608087e-06,2.7409186031945865e-06,7.753797603982093e-07,3.592651516081109e-06
gmat_two_body,numerical_two_body,EarthMJ2000Eq,70440.0,2026-08-05T14:26:00Z,-1.457010512240231e-06,-1.3124008546583354e-06,3.2985099096549675e-06,3.837374526962216e-06,-2.1382895454280515e-06,2.845279567509351e-06,6.075140390748857e-07,3.6106746329524325e-06
gmat_two_body,numerical_two_body,EarthMJ2000Eq,70500.0,2026-08-05T14:27:00Z,-1.5825207810848951e-06,-1.141415850725025e-06,3.330001163703855e-06,3.859547890248404e-06,-2.0814461265672435e-06,2.9412028368369647e-06,4.39648317751562e-07,3.6299287525406568e-06
gmat_two_body,numerical_two_body,EarthMJ2000Eq,70560.0,2026-08-05T14:28:00Z,0.0013933013178757392,0.0009850946298683994,-0.0029473916924871446,0.0034057037130572686,0.0017237855587382,-0.00270903877108708,-0.0001425952689260157,0.003214134584376866
gmat_two_body,numerical_two_body,EarthMJ2000Eq,70620.0,2026-08-05T14:29:00Z,-1.824446371756494e-06,-7.794369594193995e-07,3.361098066534396e-06,3.902961279590876e-06,-1.942890293094024e-06,3.1104008257898386e-06,9.325873406851315e-08,3.6685301115778177e-06
gmat_two_body,numerical_two_body,EarthMJ2000Eq,70680.0,2026-08-05T14:30:00Z,-1.9385879568289965e-06,-5.893525667488575e-07,3.361435574333882e-06,3.9248832893085175e-06,-1.8633983245308627e-06,3.1816771439707736e-06,-8.881784197001252e-08,3.6882531601535512e-06
gmat_two_body,numerical_two_body,EarthMJ2000Eq,70740.0,2026-08-05T14:31:00Z,0.0016833946574479342,0.0004839166649617255,-0.002930998221017944,0.0034144902229999545,0.001491468282210917,-0.0028471507373950544,0.0003255298253179717,0.0032305904453306883
gmat_two_body,numerical_two_body,EarthMJ2000Eq,70800.0,2026-08-05T14:32:00Z,-2.1514097170438617e-06,-2.0099832909181714e-07,3.3287506084889174e-06,3.968569605336889e-06,-1.6830981053317373e-06,3.29669624932194e-06,-4.5208281562736374e-07,3.728995074366577e-06
gmat_two_body,numerical_two_body,EarthMJ2000Eq,70860.0,2026-08-05T14:33:00Z,-2.249635144835338e-06,-3.637978807091713e-09,3.2966909202514216e-06,3.991120462155493e-06,-1.5831780331154732e-06,3.3370528562670643e-06,-6.359357485052897e-07,3.7479045780657933e-06
gmat_two_body,numerical_two_body,EarthMJ2000Eq,70920.0,2026-08-05T14:34:00Z,-2.340584615012631e-06,2.000888343900442e-07,3.2534899219172075e-06,4.012925186656017e-06,-1.4761525335416081e-06,3.3690827905275e-06,-8.206768598029157e-07,3.768720692745199e-06
gmat_two_body,numerical_two_body,EarthMJ2000Eq,70980.0,2026-08-05T14:35:00Z,-2.4256223696283996e-06,4.0381564758718014e-07,3.199147613486275e-06,4.035003892210375e-06,-1.3642420526593924e-06,3.389510894180603e-06,-1.0045297926808416e-06,3.7893298331494865e-06
gmat_two_body,numerical_two_body,EarthMJ2000Eq,71040.0,2026-08-05T14:36:00Z,0.002060872702713823,-0.0003843406375381164,-0.002716871222219197,0.003431661880281479,0.0010062208843919507,-0.002903816631594225,0.0010965193197876033,0.003262971976094373
gmat_two_body,numerical_two_body,EarthMJ2000Eq,71100.0,2026-08-05T14:37:00Z,-2.5756889954209328e-06,8.094502845779061e-07,3.056811692658812e-06,4.078416517315437e-06,-1.1182166304024577e-06,3.3988367675874542e-06,-1.3713474800169934e-06,3.831852517537949e-06
gmat_two_body,numerical_two_body,EarthMJ2000Eq,71160.0,2026-08-05T14:38:00Z,-2.6382167561678216e-06,1.014086592476815e-06,2.9685907065868378e-06,4.09891327705279e-06,-9.85878045867139e-07,3.3855140912919524e-06,-1.5507595207964187e-06,3.852079474128217e-06
gmat_two_body,numerical_two_body,EarthMJ2000Eq,71220.0,2026-08-05T14:39:00Z,0.0022118865672382526,-0.0009014256647787988,-0.0024797991500236094,0.003443023996417791,0.0006665654694870682,-0.002827508893687991,0.0015327321634117652,0.0032845675444043033
gmat_two_body,numerical_two_body,EarthMJ2000Eq,71280.0,2026-08-05T14:40:00Z,-2.7398527890909463e-06,1.4169927453622222e-06,2.7607711672317237e-06,4.139627904065367e-06,-7.096545573404001e-07,3.3231195573080186e-06,-1.900701818158268e-06,3.893507491256077e-06
gmat_two_body,numerical_two_body,EarthMJ2000Eq,71340.0,2026-08-05T14:41:00Z,-2.778392627078574e-06,1.6143530956469476e-06,2.6429916033521295e-06,4.160649723663279e-06,-5.639932965095795e-07,3.275602011854062e-06,-2.070343896320992e-06,3.91586271817638e-06
gmat_two_body,numerical_two_body,EarthMJ2000Eq,71400.0,2026-08-05T14:42:00Z,-2.807155397022143e-06,1.8098944565281272e-06,2.5138433557003736e-06,4.1803406301162475e-06,-4.156675004196586e-07,3.212985433265203e-06,-2.233768725545815e-06,3.935197273899504e-06
gmat_two_body,numerical_two_body,EarthMJ2000Eq,71460.0,2026-08-05T14:43:00Z,-2.827562184393173e-06,2.000888343900442e-06,2.3728716769255698e-06,4.198711953268825e-06,-2.6201263381153694e-07,3.1383784460103925e-06,-2.3936408410918375e-06,3.9557030180237625e-06
gmat_two_body,numerical_two_body,EarthMJ2000Eq,71520.0,2026-08-05T14:44:00Z,0.002320115200404871,-0.0017083011698559858,-0.0019206881916034035,0.0034626970065897793,4.646238949135295e-05,-0.0025128992220402324,0.0021727233345814057,0.003322280533368938
gmat_two_body,numerical_two_body,EarthMJ2000Eq,71580.0,2026-08-05T14:45:00Z,-2.84072143585945e-06,2.3646862246096134e-06,2.068190951831639e-06,4.235428317212806e-06,5.1514348342607263e-08,2.957190048391567e-06,-2.6916247009012295e-06,3.99905866934869e-06
gmat_two_body,numerical_two_body,EarthMJ2000Eq,71640.0,2026-08-05T14:46:00Z,-2.8324507184152026e-06,2.5383997126482427e-06,1.9026629161089659e-06,4.252808054187227e-06,2.113864638886298e-07,2.8466118351389014e-06,-2.829292355954749e-06,4.0190519295640085e-06
gmat_two_body,numerical_two_body,EarthMJ2000Eq,71700.0,2026-08-05T14:47:00Z,0.0022936461618883186,-0.0021350169845391065,-0.0015007253750809468,0.0034743757556757334,-0.0003411351201521029,-0.0022153407996938768,0.0024827411237993147,0.0033448634526380564
gmat_two_body,numerical_two_body,EarthMJ2000Eq,71760.0,2026-08-05T14:48:00Z,-2.7882833819603547e-06,2.8676367946900427e-06,1.5488694771192968e-06,4.289156287841265e-06,5.346834086594754e-07,2.596145520783466e-06,-3.077094135051084e-06,4.061325673785045e-06
gmat_two_body,numerical_two_body,EarthMJ2000Eq,71820.0,2026-08-05T14:49:00Z,0.0022372214516508393,-0.002386757842032239,-0.0011923775673494674,0.0034818870003702463,-0.0005987557116782227,-0.0019750032720367017,0.0026508248929246747,0.0033594670618674154
gmat_two_body,numerical_two_body,EarthMJ2000Eq,71880.0,2026-08-05T14:50:00Z,-2.704155122046359e-06,3.1614035833626986e-06,1.165062712971121e-06,4.320219747436894e-06,8.570921750106208e-07,2.297717571764224e-06,-3.2871483313101635e-06,4.101153153454978e-06
gmat_two_body,numerical_two_body,EarthMJ2000Eq,71940.0,2026-08-05T14:51:00Z,-2.648448571562767e-06,3.2928255677688867e-06,9.649738785810769e-07,4.334530498486446e-06,1.0169642905566434e-06,2.135180920959101e-06,-3.375744128675251e-06,4.121754766574616e-06
gmat_two_body,numerical_two_body,EarthMJ2000Eq,72000.0,2026-08-05T14:52:00Z,0.0020953557395841926,-0.0027056944418291096,-0.0006972368282731622,0.0034924829681265124,-0.0009745448892317654,-0.001558157158854101,0.002836894719138172,0.0033801720548353874
gmat_two_body,numerical_two_body,EarthMJ2000Eq,72060.0,2026-08-05T14:53:00Z,-2.5070221454370767e-06,3.527475200826302e-06,5.484253051690757e-07,4.3622255381291645e-06,1.3287149158713873e-06,1.7772450178199506e-06,-3.518962898851896e-06,4.160190267826832e-06
gmat_two_body,numerical_two_body,EarthMJ2000Eq,72120.0,2026-08-05T14:54:00Z,-2.422893885523081e-06,3.630248102126643e-06,3.374225343577564e-07,4.377552972859568e-06,1.4797052472204086e-06,1.5862866575844237e-06,-3.569700091077266e-06,4.177151148680044e-06
gmat_two_body,numerical_two_body,EarthMJ2000Eq,72180.0,2026-08-05T14:55:00Z,0.0018878522496379446,-0.00294426581604057,-0.00017633919924264774,0.003501968421496349,-0.0013258514286462741,-0.0010842615694173219,0.002935717058338838,0.0033988144710149037
gmat_two_body,numerical_two_body,EarthMJ2000Eq,72240.0,2026-08-05T14:56:00Z,-2.229171514045447e-06,3.795776137849316e-06,-9.549694368615746e-08,4.402981012217897e-06,1.7696955012524995e-06,1.1795009413617663e-06,-3.6353003940448048e-06,4.211704357236977e-06
gmat_two_body,numerical_two_body,EarthMJ2000Eq,72300.0,2026-08-05T14:57:00Z,0.0017157171896542422,-0.003054112994504976,0.0001772204996086657,0.0035075203154879588,-0.0015399779229596788,-0.0007437694904410819,0.002949879174263259,0.0034097671769295745
gmat_two_body,numerical_two_body,EarthMJ2000Eq,72360.0,2026-08-05T14:58:00Z,-1.99861460714601e-06,3.911509338649921e-06,-5.32054400537163e-07,4.424640950334152e-06,2.036593116372387e-06,7.460698725481052e-07,-3.646194457473939e-06,4.242530588940168e-06
gmat_two_body,numerical_two_body,EarthMJ2000Eq,72420.0,2026-08-05T14:59:00Z,-1.8726495909504592e-06,3.950503923988435e-06,-7.503331289626658e-07,4.435797284407151e-06,2.1613821843402548e-06,5.231370892033738e-07,-3.630429290524262e-06,4.2573773845385285e-06
gmat_two_body,numerical_two_body,EarthMJ2000Eq,72480.0,2026-08-05T15:00:00Z,0.0014123779692454264,-0.003140166768389463,0.0007043527148198336,0.0035144802756853577,-0.0018218422326299333,-0.00020869617145535813,0.002891028749729685,0.003423552313655763
gmat_two_body,numerical_two_body,EarthMJ2000Eq,72540.0,2026-08-05T15:01:00Z,-1.6007106751203537e-06,3.9864573864178965e-06,-1.1823431123048067e-06,4.455564206066912e-06,2.3865354137342365e-06,6.750155989720952e-08,-3.5573766155039266e-06,4.2842777834928455e-06
gmat_two_body,numerical_two_body,EarthMJ2000Eq,72600.0,2026-08-05T15:02:00Z,-1.4551915228366852e-06,3.9827341424825136e-06,-1.3960743672214448e-06,4.464165908279444e-06,2.4873436643702007e-06,-1.6697754290362354e-07,-3.4998670628283435e-06,4.296955836634513e-06
gmat_two_body,numerical_two_body,EarthMJ2000Eq,72660.0,2026-08-05T15:03:00Z,0.001063283889379818,-0.0031284885153581854,0.0012122245607315563,0.003519588243784143,-0.0020466002226271485,0.000338889805107101,0.00273622902113857,0.0034337105334293918
gmat_two_body,numerical_two_body,EarthMJ2000Eq,72720.0,2026-08-05T15:04:00Z,-1.1468728189356625e-06,3.936520442948677e-06,-1.8071659724228084e-06,4.480776641660366e-06,2.6616486792363503e-06,-6.297184995673888e-07,-3.3453240178005217e-06,4.3211239121843105e-06
gmat_two_body,numerical_two_body,EarthMJ2000Eq,72780.0,2026-08-05T15:05:00Z,0.0008105789675028063,-0.003066025556108798,0.001531690031697508,0.0035218780964808663,-0.002160054135558198,0.0007011191627270819,0.0025815336535117694,0.0034382725245534307
gmat_two_body,numerical_two_body,EarthMJ2000Eq,72840.0,2026-08-05T15:06:00Z,-8.176357368938625e-07,3.832383299595676e-06,-2.1964297047816217e-06,4.492214754585191e-06,2.7964297544258443e-06,-1.0897949209720537e-06,-3.1366020891709923e-06,4.3411916574837496e-06
gmat_two_body,numerical_two_body,EarthMJ2000Eq,72900.0,2026-08-05T15:07:00Z,-6.493792170658708e-07,3.7612153391819447e-06,-2.381057129241526e-06,4.498651714454735e-06,2.8492763703980017e-06,-1.3153922395758855e-06,-3.014033467252375e-06,4.351210213327121e-06
gmat_two_body,numerical_two_body,EarthMJ2000Eq,72960.0,2026-08-05T15:08:00Z,0.0004107268978259526,-0.0028921867851749994,0.001970263838302344,0.003523546590788962,-0.002270434396045573,0.0012253060788225412,0.0022777983943456093,0.0034416003339768743
gmat_two_body,numerical_two_body,EarthMJ2000Eq,73020.0,2026-08-05T15:09:00Z,-3.0104274628683925e-07,3.576133167371154e-06,-2.7275746106170118e-06,4.507662190353943e-06,2.921884956208487e-06,-1.752376022068347e-06,-2.7329249974172853e-06,4.367735392803212e-06
gmat_two_body,numerical_two_body,EarthMJ2000Eq,73080.0,2026-08-05T15:10:00Z,-1.255102688446641e-07,3.467448550509289e-06,-2.887645678129047e-06,4.514138881384997e-06,2.9426461267689774e-06,-1.963762485956977e-06,-2.5766055955500633e-06,4.376576941361855e-06
gmat_two_body,numerical_two_body,EarthMJ2000Eq,73140.0,2026-08-05T15:11:00Z,5.184119800105691e-08,3.3405740396119654e-06,-3.0368028092198074e-06,4.514896867706382e-06,2.9506258547584707e-06,-2.1671553440683056e-06,-2.4087398742267396e-06,4.382326208965145e-06
gmat_two_body,numerical_two_body,EarthMJ2000Eq,73200.0,2026-08-05T15:12:00Z,2.28283170145005e-07,3.204149834346026e-06,-3.1759554985910654e-06,4.517231751387341e-06,2.947919686135947e-06,-2.362554596402333e-06,-2.2302160118670145e-06,4.386998764129944e-06
gmat_two_body,numerical_two_body,EarthMJ2000Eq,73260.0,2026-08-05T15:13:00Z,-0.00027805344871012494,-0.002404464794381056,0.0025577905944373924,0.003521513508812641,-0.002285878042407319,0.0020005463952088576,0.0016091519228211837,0.003437556430789491
gmat_two_body,numerical_two_body,EarthMJ2000Eq,73320.0,2026-08-05T15:14:00Z,5.784386303275824e-07,2.900378603953868e-06,-3.421519068069756e-06,4.522563435541128e-06,2.9101165921474603e-06,-2.7267077484793845e-06,-1.8491874698156607e-06,4.395817105389248e-06
gmat_two_body,numerical_two_body,EarthMJ2000Eq,73380.0,2026-08-05T15:15:00Z,7.512426236644387e-07,2.7321220841258764e-06,-3.527475200826302e-06,4.524592562278189e-06,2.8745894553594553e-06,-2.892797112963308e-06,-1.6484591469634324e-06,4.398744961104249e-06
gmat_two_body,numerical_two_body,EarthMJ2000Eq,73440.0,2026-08-05T15:16:00Z,-0.0006823511284892447,-0.0020091665646759793,0.0028054073482053354,0.0035174797421629756,-0.0021939721150943114,0.002379040076050387,0.0011350547168831326,0.0034295326993023243
gmat_two_body,numerical_two_body,EarthMJ2000Eq,73500.0,2026-08-05T15:17:00Z,1.0913936421275139e-06,2.3665052140131593e-06,-3.6980054574087262e-06,4.524017172055445e-06,2.7711166694643907e-06,-3.1943336864515004e-06,-1.233679824963474e-06,4.405090374408243e-06
gmat_two_body,numerical_two_body,EarthMJ2000Eq,73560.0,2026-08-05T15:18:00Z,1.256012183148414e-06,2.1709638531319797e-06,-3.7687186704715714e-06,4.527017900669701e-06,2.702504886542556e-06,-3.326672270986819e-06,-1.0160761121369433e-06,4.40484866096377e-06
gmat_two_body,numerical_two_body,EarthMJ2000Eq,73620.0,2026-08-05T15:19:00Z,1.4151737559586763e-06,1.9708750187419355e-06,-3.821469363174401e-06,4.526664687464246e-06,2.6258994978434202e-06,-3.446132268436486e-06,-7.966960424710123e-07,4.405212863009289e-06
gmat_two_body,numerical_two_body,EarthMJ2000Eq,73680.0,2026-08-05T15:20:00Z,1.570697349961847e-06,1.7589627532288432e-06,-3.8634198062936775e-06,4.52626255668911e-06,2.540190280342358e-06,-3.554490035639901e-06,-5.764277943853813e-07,4.4067261176466515e-06
gmat_two_body,numerical_two_body,EarthMJ2000Eq,73740.0,2026-08-05T15:21:00Z,-0.001298884853895288,-0.0012224500096635893,0.0030189517019607592,0.003506501856348697,-0.0018859953598848733,0.0028244415695155567,0.00028047342226500405,0.003407801933462656
gmat_two_body,numerical_two_body,EarthMJ2000Eq,73800.0,2026-08-05T15:22:00Z,1.8649188859853894e-06,1.3214958016760647e-06,-3.905512357960106e-06,4.525185121443271e-06,2.33946195749013e-06,-3.730349362740526e-06,-1.2967404927621828e-07,4.40515652136197e-06
gmat_two_body,numerical_two_body,EarthMJ2000Eq,73860.0,2026-08-05T15:23:00Z,2.0040715753566474e-06,1.0968506103381515e-06,-3.906649226337322e-06,4.525626179678747e-06,2.227551476607914e-06,-3.7969627442180354e-06,9.414691248821327e-08,4.403155153188327e-06
gmat_two_body,numerical_two_body,EarthMJ2000Eq,73920.0,2026-08-05T15:24:00Z,-0.0016153430806298275,-0.0006996924639679492,0.003022452119694208,0.0034977306397314546,-0.0016214332099195872,0.002967983192547763,-0.000240370390258704,0.0033905379823841036
gmat_two_body,numerical_two_body,EarthMJ2000Eq,73980.0,2026-08-05T15:25:00Z,2.2541826183442026e-06,6.33917807135731e-07,-3.868422027153429e-06,4.521933219676596e-06,1.9806378759312793e-06,-3.890665567496399e-06,5.373479439185758e-07,4.398743885077779e-06
gmat_two_body,numerical_two_body,EarthMJ2000Eq,74040.0,2026-08-05T15:26:00Z,2.371052687522024e-06,4.001776687800884e-07,-3.829882189165801e-06,4.522171004781344e-06,1.8478552021861105e-06,-3.917421942389865e-06,7.567280135845067e-07,4.396976325784278e-06
gmat_two_body,numerical_two_body,EarthMJ2000Eq,74100.0,2026-08-05T15:27:00Z,2.477918314980343e-06,1.6552803572267294e-07,-3.7787231121910736e-06,4.521750442575554e-06,1.7084111902931909e-06,-3.9309111521390605e-06,9.690026558928366e-07,4.394280080770638e-06
gmat_two_body,numerical_two_body,EarthMJ2000Eq,74160.0,2026-08-05T15:28:00Z,2.5756889954209328e-06,-7.003109203651547e-08,-3.7127847463125363e-06,4.519275243602161e-06,1.5649703755116207e-06,-3.930411551777979e-06,1.1803891197814664e-06,4.392104930062262e-06
gmat_two_body,numerical_two_body,EarthMJ2000Eq,74220.0,2026-08-05T15:29:00Z,-0.002023410161200445,0.00020120751287322491,0.0028246281544852536,0.0034804018955857108,-0.0010818075324436904,0.0029939121737321273,-0.001064674570727675,0.0033566872929761413
gmat_two_body,numerical_two_body,EarthMJ2000Eq,74280.0,2026-08-05T15:30:00Z,2.7466739993542433e-06,-5.393303581513464e-07,-3.5456650948617607e-06,4.517392639440737e-06,1.262989712813578e-06,-3.889888411379161e-06,1.5871748360041238e-06,4.38696920751668e-06
gmat_two_body,numerical_two_body,EarthMJ2000Eq,74340.0,2026-08-05T15:31:00Z,2.8171598387416452e-06,-7.73070496506989e-07,-3.4433469409123063e-06,4.515602474208569e-06,1.105782132526656e-06,-3.848699137165568e-06,1.780797731498751e-06,4.3825197927157485e-06
gmat_two_body,numerical_two_body,EarthMJ2000Eq,74400.0,2026-08-05T15:32:00Z,-0.002185754510719562,0.0007317294148379005,0.0025923886823875364,0.003468923435050263,-0.0007186011785620394,0.002886020311620996,-0.0015076730974783459,0.003334453337772123
gmat_two_body,numerical_two_body,EarthMJ2000Eq,74460.0,2026-08-05T15:33:00Z,2.9301645554369316e-06,-1.228727342095226e-06,-3.2082425605040044e-06,4.51535774110763e-06,7.860379014346108e-07,-3.7343461656291765e-06,2.149391775674303e-06,4.379849526248293e-06
gmat_two_body,numerical_two_body,EarthMJ2000Eq,74520.0,2026-08-05T15:34:00Z,-0.0022569788598048035,0.0010712456059991382,0.002395259798504412,0.003461038893787478,-0.00046772363759828295,0.0027664843749164447,-0.001773512003921951,0.0033192688993030164
gmat_two_body,numerical_two_body,EarthMJ2000Eq,74580.0,2026-08-05T15:35:00Z,3.006107363034971e-06,-1.6661942936480045e-06,-2.929482434410602e-06,4.5160549416275385e-06,4.583000645652646e-07,-3.5691449795649532e-06,2.4868995751603507e-06,4.37418613358725e-06
gmat_two_body,numerical_two_body,EarthMJ2000Eq,74640.0,2026-08-05T15:36:00Z,3.028333139809547e-06,-1.8808350432664156e-06,-2.775777829810977e-06,4.518106309740605e-06,2.922107000813412e-07,-3.4696689965585392e-06,2.6423307986078726e-06,4.371029865854646e-06
gmat_two_body,numerical_two_body,EarthMJ2000Eq,74700.0,2026-08-05T15:37:00Z,-0.002306934277385153,0.0015483465176657774,0.0020438110368559137,0.0034491283323930325,-8.72661942707964e-05,0.002522348108158212,-0.002120576603203972,0.0032964678820592073
gmat_two_body,numerical_two_body,EarthMJ2000Eq,74760.0,2026-08-05T15:38:00Z,3.0442635079452884e-06,-2.2846506908535957e-06,-2.443812263663858e-06,4.523205441394304e-06,-3.9968028886505635e-08,-3.241851231905457e-06,2.928324249751313e-06,4.368784701129319e-06
gmat_two_body,numerical_two_body,EarthMJ2000Eq,74820.0,2026-08-05T15:39:00Z,3.036859652638668e-06,-2.4747350835241377e-06,-2.2628228180110455e-06,4.524068676441741e-06,-2.0339285811132868e-07,-3.1117330934193888e-06,3.057998299027531e-06,4.367562832549449e-06
gmat_two_body,numerical_two_body,EarthMJ2000Eq,74880.0,2026-08-05T15:40:00Z,-0.00228870669616299,0.0019751760191866197,0.0016359808796551079,0.003437431030061303,0.0002880344851519112,0.00220973372933031,-0.002398896636890413,0.003274231527192434
gmat_two_body,numerical_two_body,EarthMJ2000Eq,74940.0,2026-08-05T15:41:00Z,2.992237568832934e-06,-2.8294380172155797e-06,-1.8826540326699615e-06,4.528089151985474e-06,-5.311306949806749e-07,-2.822631017806998e-06,3.283151528421513e-06,4.362158827508845e-06
gmat_two_body,numerical_two_body,EarthMJ2000Eq,75000.0,2026-08-05T15:42:00Z,-0.0022395304313249653,0.002226135620730929,0.0013390927051659673,0.0034299191867661217,0.0005301830086068549,0.0019689556651769635,-0.0025436079909013642,0.0032600340558689186
gmat_two_body,numerical_two_body,EarthMJ2000Eq,75060.0,2026-08-05T15:43:00Z,2.9083366825943813e-06,-3.1504896469414234e-06,-1.4797478797845542e-06,4.535819778445355e-06,-8.490985692333197e-07,-2.502886786714953e-06,3.468336728928989e-06,4.3605928854485155e-06
gmat_two_body,numerical_two_body,EarthMJ2000Eq,75120.0,2026-08-05T15:44:00Z,2.8537670004880056e-06,-3.2955540518742055e-06,-1.266926119569689e-06,4.539797836285963e-06,-1.0036416142611415e-06,-2.332356530132529e-06,3.5447200730232e-06,4.36030089209703e-06
gmat_two_body,numerical_two_body,EarthMJ2000Eq,75180.0,2026-08-05T15:45:00Z,-0.0021127275431354064,0.0025451186047575902,0.0008662764230393805,0.0034193100510073807,0.0008743548107759125,0.0015682113385651064,-0.0026971072042414335,0.0032400880248385517
gmat_two_body,numerical_two_body,EarthMJ2000Eq,75240.0,2026-08-05T15:46:00Z,2.7152964321430773e-06,-3.55476004187949e-06,-8.349161362275481e-07,4.550410819287104e-06,-1.304734098539484e-06,-1.971756091734278e-06,3.665290293497492e-06,4.361709078880641e-06
gmat_two_body,numerical_two_body,EarthMJ2000Eq,75300.0,2026-08-05T15:47:00Z,2.6343514036852866e-06,-3.6661731428466737e-06,-6.129994289949536e-07,4.555919350842049e-06,-1.4495071809506044e-06,-1.7825740883381513e-06,3.709477169877573e-06,4.36335448042958e-06
gmat_two_body,numerical_two_body,EarthMJ2000Eq,75360.0,2026-08-05T15:48:00Z,-0.0019265712580818217,0.0027885016606887802,0.0003727782313944772,0.0034097480748484415,0.0011883880546292858,0.0011310055114677198,-0.0027733209062574815,0.003222227255244539
gmat_two_body,numerical_two_body,EarthMJ2000Eq,75420.0,2026-08-05T15:49:00Z,2.4433575163129717e-06,-3.857167030218989e-06,-1.6370904631912708e-07,4.568865734881928e-06,-1.723954312637943e-06,-1.389999226830696e-06,3.7642666761428245e-06,4.367358461561433e-06
gmat_two_body,numerical_two_body,EarthMJ2000Eq,75480.0,2026-08-05T15:50:00Z,-0.0017724432836985216,0.0029059744974802015,3.91592038795352e-05,0.003404082316452084,0.0013774741347560848,0.0008253859817841658,-0.002781416666430836,0.0032116935848780876
gmat_two_body,numerical_two_body,EarthMJ2000Eq,75540.0,2026-08-05T15:51:00Z,2.2237145458348095e-06,-3.999502951046452e-06,2.928572939708829e-07,4.585487502045834e-06,-1.979749697511579e-06,-9.814371537686384e-07,3.7764791294137012e-06,4.375433963219185e-06
gmat_two_body,numerical_two_body,EarthMJ2000Eq,75600.0,2026-08-05T15:52:00Z,2.1000232663936913e-06,-4.052481017424725e-06,5.184119800105691e-07,4.5936315804601745e-06,-2.098765605751396e-06,-7.718270467194088e-07,3.765876499528531e-06,4.379767101985435e-06
gmat_two_body,numerical_two_body,EarthMJ2000Eq,75660.0,2026-08-05T15:53:00Z,-0.0015014470591268037,0.003012333991136984,-0.0004580679160426371,0.003396811087067905,0.001626284884537199,0.0003547153681893178,-0.0027309456918089836,0.003198232307027415
gmat_two_body,numerical_two_body,EarthMJ2000Eq,75720.0,2026-08-05T15:54:00Z,1.8344508134759963e-06,-4.119215191167314e-06,9.649738785810769e-07,4.611324990124869e-06,-2.3208102106764272e-06,-3.455014052633487e-07,3.7123637497415984e-06,4.3917167332848795e-06
gmat_two_body,numerical_two_body,EarthMJ2000Eq,75780.0,2026-08-05T15:55:00Z,1.6916601452976465e-06,-4.133823949814541e-06,1.1868905858136714e-06,4.621571567977918e-06,-2.4202861936828413e-06,-1.3322676295501878e-07,3.6695091409910674e-06,4.397821274849201e-06
gmat_two_body,numerical_two_body,EarthMJ2000Eq,75840.0,2026-08-05T15:56:00Z,1.5434125089086592e-06,-4.135074505029479e-06,1.40698830364272e-06,4.632556467155898e-06,-2.5135449277513544e-06,8.260059303211165e-08,3.6153302573893598e-06,4.404014513121958e-06
gmat_two_body,numerical_two_body,EarthMJ2000Eq,75900.0,2026-08-05T15:57:00Z,1.3897079043090343e-06,-4.123307917325292e-06,1.623448042664677e-06,4.644194202184941e-06,-2.601918680511517e-06,3.0020430585864233e-07,3.551825500380801e-06,4.413113167640979e-06
gmat_two_body,numerical_two_body,EarthMJ2000Eq,75960.0,2026-08-05T15:58:00Z,-0.0009635941751184873,0.003000143351528095,-0.0012457312550395727,0.0033883949332719435,0.0019365185011110952,-0.00043357140100397373,-0.002488332651040537,0.00318274841090975
gmat_two_body,numerical_two_body,EarthMJ2000Eq,76020.0,2026-08-05T15:59:00Z,1.0677467798814178e-06,-4.0618033381178975e-06,2.040906110778451e-06,4.669435436592485e-06,-2.752686967255613e-06,7.300826609935029e-07,3.391065206415078e-06,4.4282761279917036e-06
gmat_two_body,numerical_two_body,EarthMJ2000Eq,76080.0,2026-08-05T16:00:00Z,9.00399754755199e-07,-4.0117811295203865e-06,2.240994945168495e-06,4.682645181284808e-06,-2.8177460364986473e-06,9.423573033018329e-07,3.2960301155071647e-06,4.437515581450989e-06
gmat_two_body,numerical_two_body,EarthMJ2000Eq,76140.0,2026-08-05T16:01:00Z,-0.0006036298145772889,0.0028806639420508873,-0.0016735812096158043,0.003385774322848153,0.002054223013914225,-0.0008907301562999237,-0.002255266196016237,0.003177964445542221
gmat_two_body,numerical_two_body,EarthMJ2000Eq,76200.0,2026-08-05T16:02:00Z,5.557012627832592e-07,-3.8717189454473555e-06,2.624801709316671e-06,4.71047720504267e-06,-2.9241054022577373e-06,1.3642420526593924e-06,3.077982313470784e-06,4.459318771269458e-06
gmat_two_body,numerical_two_body,EarthMJ2000Eq,76260.0,2026-08-05T16:03:00Z,3.792592906393111e-07,-3.7853169487789273e-06,2.8057911549694836e-06,4.727041994477543e-06,-2.965183654168868e-06,1.5702994460298214e-06,2.9540814239226165e-06,4.470430797173409e-06
gmat_two_body,numerical_two_body,EarthMJ2000Eq,76320.0,2026-08-05T16:04:00Z,2.000888343900442e-07,-3.6843630368821323e-06,2.97859514830634e-06,4.742003330524449e-06,-2.9984903449076228e-06,1.7763568394002505e-06,2.8199664825478976e-06,4.483146097561604e-06
gmat_two_body,numerical_two_body,EarthMJ2000Eq,76380.0,2026-08-05T16:05:00Z,2.091837814077735e-08,-3.5720404412131757e-06,3.142304194625467e-06,4.757518906296355e-06,-3.0220825841809074e-06,1.9753088054130785e-06,2.6778579353958776e-06,4.495080771745338e-06
gmat_two_body,numerical_two_body,EarthMJ2000Eq,76440.0,2026-08-05T16:06:00Z,2.7727764972951263e-05,0.0025058257051568944,-0.0022765570975025184,0.003385652597619037,0.002129144575924169,-0.0015929373375911382,-0.0017400809682044382,0.0031778275224729467
gmat_two_body,numerical_two_body,EarthMJ2000Eq,76500.0,2026-08-05T16:07:00Z,-3.437889972701669e-07,-3.3114702091552317e-06,3.4465301723685116e-06,4.791930305191546e-06,-3.0445090892783355e-06,2.362554596402333e-06,2.368771845340234e-06,4.5234698927877004e-06
gmat_two_body,numerical_two_body,EarthMJ2000Eq,76560.0,2026-08-05T16:08:00Z,-5.256879376247525e-07,-3.1632225727662444e-06,3.58431861968711e-06,4.809331015854261e-06,-3.0419000651704664e-06,2.546407529280259e-06,2.2009061240169103e-06,4.5366656344053414e-06
gmat_two_body,numerical_two_body,EarthMJ2000Eq,76620.0,2026-08-05T16:09:00Z,0.0004091616574442014,0.0021851437850273214,-0.0025567933334968984,0.003388134999285034,0.0020996747673862615,-0.0019626478220402532,-0.0013665157894138247,0.003182449686149836
gmat_two_body,numerical_two_body,EarthMJ2000Eq,76680.0,2026-08-05T16:10:00Z,-8.894858183339238e-07,-2.836713974829763e-06,3.827153705060482e-06,4.846156897807769e-06,-3.0115909765981996e-06,2.8981261834815086e-06,1.8447465777171601e-06,4.568578063435927e-06
gmat_two_body,numerical_two_body,EarthMJ2000Eq,76740.0,2026-08-05T16:11:00Z,-1.0704752639867365e-06,-2.659362507984042e-06,3.931745595764369e-06,4.865876043375042e-06,-2.9811708657234703e-06,3.062439191126032e-06,1.6546763959013333e-06,4.582997654934608e-06
gmat_two_body,numerical_two_body,EarthMJ2000Eq,76800.0,2026-08-05T16:12:00Z,-1.2478267308324575e-06,-2.471097104717046e-06,4.0245140553452075e-06,4.884680729872948e-06,-2.943867372096065e-06,3.2227553958819044e-06,1.4583889651476056e-06,4.602108844849504e-06
gmat_two_body,numerical_two_body,EarthMJ2000Eq,76860.0,2026-08-05T16:13:00Z,-1.4224497135728598e-06,-2.2719177650287747e-06,4.106368578504771e-06,4.9037981627742545e-06,-2.8963498266421084e-06,3.3724134596013755e-06,1.255884285455977e-06,4.619443711016031e-06
gmat_two_body,numerical_two_body,EarthMJ2000Eq,76920.0,2026-08-05T16:14:00Z,0.0010169924280489795,0.0015171890481724404,-0.0028633651254494907,0.0033963209577782447,0.0019271189088954088,-0.0024640818274690446,-0.000663002985845651,0.0031976646948555544
gmat_two_body,numerical_two_body,EarthMJ2000Eq,76980.0,2026-08-05T16:15:00Z,-1.7635102267377079e-06,-1.850821718107909e-06,4.232106221024878e-06,4.94431313915956e-06,-2.7746693831431912e-06,3.646416502078864e-06,8.348877145181177e-07,4.6574865526632025e-06
gmat_two_body,numerical_two_body,EarthMJ2000Eq,77040.0,2026-08-05T16:16:00Z,-1.928128767758608e-06,-1.6279955161735415e-06,4.275420906196814e-06,4.964602085855852e-06,-2.6987301282588305e-06,3.7689851239974814e-06,6.155076448521868e-07,4.676242383683476e-06
gmat_two_body,numerical_two_body,EarthMJ2000Eq,77100.0,2026-08-05T16:17:00Z,0.0013488943295669742,0.0010529556675464846,-0.0029419957741083635,0.003403464512085835,0.0017519607986571373,-0.0026828788080024424,-0.0002077689131851912,0.0032109769945837534
gmat_two_body,numerical_two_body,EarthMJ2000Eq,77160.0,2026-08-05T16:18:00Z,-2.2414496925193816e-06,-1.1614247341640294e-06,4.323368330005906e-06,5.006447628221159e-06,-2.5224267119483557e-06,3.983258167750137e-06,1.6697754290362354e-07,4.717718055154727e-06
gmat_two_body,numerical_two_body,EarthMJ2000Eq,77220.0,2026-08-05T16:19:00Z,0.0015506484487559646,0.0007242597348522395,-0.002948314289596965,0.0034090497100217197,0.0016069994224210404,-0.002790062625379619,0.00010306955289252073,0.003221415826920709
gmat_two_body,numerical_two_body,EarthMJ2000Eq,77280.0,2026-08-05T16:20:00Z,-2.5311237550340593e-06,-6.739355740137398e-07,4.314983925723936e-06,5.047758205428911e-06,-2.3101520696400257e-06,4.150457755258685e-06,-2.9398705692074145e-07,4.759152293495762e-06
gmat_two_body,numerical_two_body,EarthMJ2000Eq,77340.0,2026-08-05T16:21:00Z,-2.6657289708964527e-06,-4.247340257279575e-07,4.2909960029646754e-06,5.069433561685817e-06,-2.191580250610059e-06,4.216293980618957e-06,-5.284661597215745e-07,4.7811541920166695e-06
gmat_two_body,numerical_two_body,EarthMJ2000Eq,77400.0,2026-08-05T16:22:00Z,0.0018174828255723696,0.00021204778022365645,-0.0028875479074486066,0.003418499817194544,0.0013502474693893873,-0.0028882369274008113,0.0005718430173828892,0.003239148840964813
gmat_two_body,numerical_two_body,EarthMJ2000Eq,77460.0,2026-08-05T16:23:00Z,-2.9117472877260298e-06,8.640199666842818e-08,4.19845491705928e-06,5.110064702446284e-06,-1.928679438378822e-06,4.3108711045292125e-06,-9.956480084838404e-07,4.826461334423804e-06
gmat_two_body,numerical_two_body,EarthMJ2000Eq,77520.0,2026-08-05T16:24:00Z,-3.0222508939914405e-06,3.4651748137548566e-07,4.1313796828035265e-06,5.13053339474685e-06,-1.7861268020169518e-06,4.335309888858774e-06,-1.2283507544452732e-06,4.847061621360539e-06
gmat_two_body,numerical_two_body,EarthMJ2000Eq,77580.0,2026-08-05T16:25:00Z,0.0020341867639217526,-0.000310732502839528,-0.0027429236979514826,0.0034290087330917087,0.0010510037284916507,-0.0029068502049867107,0.0010327303456847403,0.0032589751331412085
gmat_two_body,numerical_two_body,EarthMJ2000Eq,77640.0,2026-08-05T16:26:00Z,-3.2191564969252795e-06,8.667484507896006e-07,3.956301952712238e-06,5.173639586372158e-06,-1.4770407119613083e-06,4.347189275222263e-06,-1.6919798895287386e-06,4.893107377318457e-06
gmat_two_body,numerical_two_body,EarthMJ2000Eq,77700.0,2026-08-05T16:27:00Z,0.002147260829588049,-0.0006579130058526061,-0.002601093456178205,0.0034364612265128567,0.0008311031862717755,-0.0028732589640867445,0.0013292478229232074,0.003273110043319964
gmat_two_body,numerical_two_body,EarthMJ2000Eq,77760.0,2026-08-05T16:28:00Z,-3.3778633223846555e-06,1.3869794202037156e-06,3.72710928786546e-06,5.217759689797252e-06,-1.1430856261540612e-06,4.299671729768306e-06,-2.141398169897002e-06,4.937550795133861e-06
gmat_two_body,numerical_two_body,EarthMJ2000Eq,77820.0,2026-08-05T16:29:00Z,-3.441073204157874e-06,1.6461854102090001e-06,3.5897755878977478e-06,5.238072161838259e-06,-9.663381206337363e-07,4.25570689799315e-06,-2.361666417982633e-06,4.9620881526675176e-06
gmat_two_body,numerical_two_body,EarthMJ2000Eq,77880.0,2026-08-05T16:30:00Z,0.002265338707729825,-0.001165495632449165,-0.00232359388974146,0.0034480759989363573,0.0004764917349575626,-0.00275248890346802,0.001747992861567127,0.0032952569825868035
gmat_two_body,numerical_two_body,EarthMJ2000Eq,77940.0,2026-08-05T16:31:00Z,-3.5350922189536504e-06,2.1500454749912024e-06,3.281456883996725e-06,5.280864685121773e-06,-5.95967719618784e-07,4.119815599779031e-06,-2.7844393457598926e-06,5.0081094805551175e-06
gmat_two_body,numerical_two_body,EarthMJ2000Eq,78000.0,2026-08-05T16:32:00Z,-3.565105544112157e-06,2.396518539171666e-06,3.1086528906598687e-06,5.302546694170707e-06,-4.04121180963557e-07,4.030997757809018e-06,-2.9878322038712213e-06,5.033825397334981e-06
gmat_two_body,numerical_two_body,EarthMJ2000Eq,78060.0,2026-08-05T16:33:00Z,0.002317507522775486,-0.0016437470549135469,-0.0019744156816159375,0.003459922366537847,0.00010042988662917196,-0.0025475137555019955,0.0021234685121385155,0.003317985988313391
gmat_two_body,numerical_two_body,EarthMJ2000Eq,78120.0,2026-08-05T16:34:00Z,-3.5904790252061503e-06,2.865817805286497e-06,2.724846126511693e-06,5.3412767889998174e-06,-1.1546319456101628e-08,3.8054004392051866e-06,-3.367528478293025e-06,5.081481464328148e-06
gmat_two_body,numerical_two_body,EarthMJ2000Eq,78180.0,2026-08-05T16:35:00Z,0.002314145490345254,-0.0019388717191759497,-0.0017061465769074857,0.003467770037906019,-0.00015699708200145324,-0.002365330153963896,0.0023431483420210952,0.0033331335067356732
gmat_two_body,numerical_two_body,EarthMJ2000Eq,78240.0,2026-08-05T16:36:00Z,-3.566924533515703e-06,3.3051037462428212e-06,2.3001121007837355e-06,5.379328682781552e-06,3.934630399271555e-07,3.518962898851896e-06,-3.7072567238283227e-06,5.126564684431005e-06
gmat_two_body,numerical_two_body,EarthMJ2000Eq,78300.0,2026-08-05T16:37:00Z,-3.5374796425458044e-06,3.512468538247049e-06,2.0727384253405035e-06,5.398837100106317e-06,5.986322548778844e-07,3.3573144264664734e-06,-3.8617997688561445e-06,5.15203049190098e-06
gmat_two_body,numerical_two_body,EarthMJ2000Eq,78360.0,2026-08-05T16:38:00Z,0.002250959141747444,-0.002335357748961542,-0.0012586378943524323,0.003479207125560511,-0.0005445537354376029,-0.0020276536005781054,0.002617313477060179,0.0033553312402678287
gmat_two_body,numerical_two_body,EarthMJ2000Eq,78420.0,2026-08-05T16:39:00Z,-3.4424374462105334e-06,3.894456312991679e-06,1.5925252228043973e-06,5.436294889917345e-06,1.0036416142611415e-06,2.986944025451521e-06,-4.1309178300252825e-06,5.19553781811643e-06
gmat_two_body,numerical_two_body,EarthMJ2000Eq,78480.0,2026-08-05T16:40:00Z,-3.3739979699021205e-06,4.068169801030308e-06,1.3415046851150692e-06,5.452843538109662e-06,1.20525811553307e-06,2.7844393457598926e-06,-4.245936935376449e-06,5.218594643624666e-06
gmat_two_body,numerical_two_body,EarthMJ2000Eq,78540.0,2026-08-05T16:41:00Z,-3.296008799225092e-06,4.229605110595003e-06,1.0841176845133305e-06,5.470698725941243e-06,1.4050982599655981e-06,2.5703883466121624e-06,-4.345857007592713e-06,5.240960837766359e-06
gmat_two_body,numerical_two_body,EarthMJ2000Eq,78600.0,2026-08-05T16:42:00Z,-3.205968823749572e-06,4.377397999633104e-06,8.194547262974083e-07,5.487381469744679e-06,1.5996093338799255e-06,2.3430146711689304e-06,-4.4317882696987e-06,5.262054260247382e-06
gmat_two_body,numerical_two_body,EarthMJ2000Eq,78660.0,2026-08-05T16:43:00Z,0.0019934245756303426,-0.0028409353944880422,-0.0004252669896231964,0.0034964993160081005,-0.0011628902285565346,-0.0013146479460601768,0.002899282813828563,0.0033891671160204214
gmat_two_body,numerical_two_body,EarthMJ2000Eq,78720.0,2026-08-05T16:44:00Z,-2.991328074131161e-06,4.628873284673318e-06,2.7830537874251604e-07,5.518329948135088e-06,1.9770851622524788e-06,1.8554047187535616e-06,-4.55713244917888e-06,5.302720864662875e-06
gmat_two_body,numerical_two_body,EarthMJ2000Eq,78780.0,2026-08-05T16:45:00Z,-2.8676367946900427e-06,4.732555680675432e-06,3.637978807091713e-09,5.533573645650999e-06,2.1591617382910044e-06,1.5978329770405253e-06,-4.594158387050129e-06,5.321779863910294e-06
gmat_two_body,numerical_two_body,EarthMJ2000Eq,78840.0,2026-08-05T16:46:00Z,0.0017535626284370665,-0.003033381517525413,0.00010252824722556397,0.003505267088852865,-0.0014959256056101822,-0.0008166116671759482,0.0029494484632408557,0.0034064489237036737
gmat_two_body,numerical_two_body,EarthMJ2000Eq,78900.0,2026-08-05T16:47:00Z,-2.5888766685966402e-06,4.89421836391557e-06,-5.502442945726216e-07,5.564029527473965e-06,2.5006663406657026e-06,1.0578204978628492e-06,-4.619860050070201e-06,5.358677377419903e-06
gmat_two_body,numerical_two_body,EarthMJ2000Eq,78960.0,2026-08-05T16:48:00Z,-2.4342625692952424e-06,4.949129106535111e-06,-8.267306839115918e-07,5.577006077919032e-06,2.6614266346314253e-06,7.762679388179095e-07,-4.6074255521944e-06,5.377188286026074e-06
gmat_two_body,numerical_two_body,EarthMJ2000Eq,79020.0,2026-08-05T16:49:00Z,-2.2705535229761153e-06,4.986873136658687e-06,-1.1004885891452432e-06,5.588863222218467e-06,2.8110846983508964e-06,4.902744876744691e-07,-4.57700544131967e-06,5.3936578557076535e-06
gmat_two_body,numerical_two_body,EarthMJ2000Eq,79080.0,2026-08-05T16:50:00Z,-2.097749529639259e-06,5.007422032576869e-06,-1.3769749784842134e-06,5.600972111411518e-06,2.9523050670832163e-06,2.0605739337042905e-07,-4.529265851260789e-06,5.410435658048709e-06
gmat_two_body,numerical_two_body,EarthMJ2000Eq,79140.0,2026-08-05T16:51:00Z,0.0012333503036643378,-0.003145294840578572,0.0009747045623953454,0.0035162596021445004,-0.0019472121692842848,7.905587295908845e-05,0.0028204563129463622,0.00342824428483402
gmat_two_body,numerical_two_body,EarthMJ2000Eq,79200.0,2026-08-05T16:52:00Z,-1.7280399333685637e-06,4.997104952053633e-06,-1.9099388737231493e-06,5.621836569530834e-06,3.2036595598583517e-06,-3.765876499528531e-07,-4.380940055170868e-06,5.440394158566945e-06
gmat_two_body,numerical_two_body,EarthMJ2000Eq,79260.0,2026-08-05T16:53:00Z,-1.532498572487384e-06,4.965841071680188e-06,-2.1700543584302068e-06,5.631808354552172e-06,3.3137936839011672e-06,-6.714628852932947e-07,-4.279243626115203e-06,5.453807568794233e-06
gmat_two_body,numerical_two_body,EarthMJ2000Eq,79320.0,2026-08-05T16:54:00Z,0.0008646838978165761,-0.0030818002869636985,0.00146541788126342,0.003520315443053274,-0.00213799822290639,0.0006251159589965027,0.002616585170756025,0.0034363242453475393
gmat_two_body,numerical_two_body,EarthMJ2000Eq,79380.0,2026-08-05T16:55:00Z,-1.1223164619877934e-06,4.8514721129322425e-06,-2.6684574550017715e-06,5.649516890191812e-06,3.4938718584953676e-06,-1.2505552149377763e-06,-4.028333222549918e-06,5.477088410925403e-06
gmat_two_body,numerical_two_body,EarthMJ2000Eq,79440.0,2026-08-05T16:56:00Z,-9.113136911764741e-07,4.766661731991917e-06,-2.9067450668662786e-06,5.656918206471905e-06,3.5651481766763027e-06,-1.5374368445009168e-06,-3.880451515669847e-06,5.489252912551189e-06
gmat_two_body,numerical_two_body,EarthMJ2000Eq,79500.0,2026-08-05T16:57:00Z,-6.948539521545172e-07,4.667072062147781e-06,-3.1350282370112836e-06,5.665049487424022e-06,3.6234348854691234e-06,-1.8216539388049569e-06,-3.715250329605624e-06,5.50007167713594e-06
gmat_two_body,numerical_two_body,EarthMJ2000Eq,79560.0,2026-08-05T16:58:00Z,-4.7475623432546854e-07,4.55020199296996e-06,-3.3514879760332406e-06,5.671173010264639e-06,3.6683989179664422e-06,-2.0952128920725954e-06,-3.537614645665599e-06,5.5101529076489625e-06
gmat_two_body,numerical_two_body,EarthMJ2000Eq,79620.0,2026-08-05T16:59:00Z,0.00019417439034441486,-0.0027627993404166773,0.0021763398763141595,0.003522388273104994,-0.0022975796820645655,0.001485609857354575,0.002085887906844164,0.0034404705206735483
gmat_two_body,numerical_two_body,EarthMJ2000Eq,79680.0,2026-08-05T17:00:00Z,-3.092281986027956e-08,4.267349140718579e-06,-3.751665644813329e-06,5.682096445859777e-06,3.717026686445024e-06,-2.62367905179417e-06,-3.1379343568005424e-06,5.526898875694874e-06
gmat_two_body,numerical_two_body,EarthMJ2000Eq,79740.0,2026-08-05T17:01:00Z,1.9372237147763371e-07,4.10136635764502e-06,-3.933564585167915e-06,5.6860939758783905e-06,3.7202185776408214e-06,-2.873257187729905e-06,-2.9185542871346115e-06,5.53295511089845e-06
gmat_two_body,numerical_two_body,EarthMJ2000Eq,79800.0,2026-08-05T17:02:00Z,-0.00022004223865224048,-0.0024535347620258108,0.0025154299692076165,0.0035207441465190245,-0.0022920309539209427,0.0019408750162597244,0.0016715206996309462,0.0034372057214789547
gmat_two_body,numerical_two_body,EarthMJ2000Eq,79860.0,2026-08-05T17:03:00Z,6.375557859428227e-07,3.7298377719707787e-06,-4.255525709595531e-06,5.694529502113204e-06,3.685829419453057e-06,-3.3422153933315712e-06,-2.4513724383723456e-06,5.546617805143938e-06
gmat_two_body,numerical_two_body,EarthMJ2000Eq,79920.0,2026-08-05T17:04:00Z,-0.0004926587280351669,-0.0022042640921426937,0.002697805484785931,0.003518472288360381,-0.002245986285842605,0.0022083810335971066,0.001364521828861598,0.0034326842277122263
gmat_two_body,numerical_two_body,EarthMJ2000Eq,79980.0,2026-08-05T17:05:00Z,1.0741132427938282e-06,3.2996467780321836e-06,-4.521098162513226e-06,5.699273349577446e-06,3.596678510575657e-06,-3.7605474290103302e-06,-1.9468870959826745e-06,5.555914203691124e-06
gmat_two_body,numerical_two_body,EarthMJ2000Eq,80040.0,2026-08-05T17:06:00Z,1.2878444977104664e-06,3.06863512378186e-06,-4.629782779375091e-06,5.70175004339799e-06,3.532507619752323e-06,-3.953282146085257e-06,-1.6830981053317373e-06,5.562361822313968e-06
gmat_two_body,numerical_two_body,EarthMJ2000Eq,80100.0,2026-08-05T17:07:00Z,-0.0008862953109201044,-0.0017752036001184024,0.0028994784315727884,0.00351338047686101,-0.0021159074492516083,0.002545317734359287,0.0008708278542712833,0.003422579123178465
gmat_two_body,numerical_two_body,EarthMJ2000Eq,80160.0,2026-08-05T17:08:00Z,1.7034835764206946e-06,2.572051016613841e-06,-4.798266672878526e-06,5.704442636336708e-06,3.3653080322437745e-06,-4.285460875053104e-06,-1.1368683772161603e-06,5.566232367644158e-06
gmat_two_body,numerical_two_body,EarthMJ2000Eq,80220.0,2026-08-05T17:09:00Z,1.9026629161089659e-06,2.3110260372050107e-06,-4.8594301915727556e-06,5.707453837197861e-06,3.2640556923979602e-06,-4.4289016898346745e-06,-8.597567102697212e-07,5.568519672421907e-06
gmat_two_body,numerical_two_body,EarthMJ2000Eq,80280.0,2026-08-05T17:10:00Z,-0.0012503169273259118,-0.0012931523087900132,0.003009905299222737,0.003506431978917567,-0.001918108338827551,0.002795678355482778,0.0003538236370559389,0.003408833852351002
gmat_two_body,numerical_two_body,EarthMJ2000Eq,80340.0,2026-08-05T17:11:00Z,2.2787389752920717e-06,1.7635102267377079e-06,-4.927414920530282e-06,5.708067749807117e-06,3.0251356974986265e-06,-4.667377595524158e-06,-2.948752353404416e-07,5.5698124754697484e-06
gmat_two_body,numerical_two_body,EarthMJ2000Eq,80400.0,2026-08-05T17:12:00Z,-0.0014708161870657932,-0.0009503346518613398,0.0030314568952860554,0.0035008809055208584,-0.001752755274253559,0.002910931495847535,5.510258915819577e-06,0.0033978969360317795
gmat_two_body,numerical_two_body,EarthMJ2000Eq,80460.0,2026-08-05T17:13:00Z,2.6243469619657844e-06,1.191438059322536e-06,-4.930029717797879e-06,5.7106842536032e-06,2.7431390492438368e-06,-4.839018075131207e-06,2.708944180085382e-07,5.5690476349768375e-06
gmat_two_body,numerical_two_body,EarthMJ2000Eq,80520.0,2026-08-05T17:14:00Z,2.7848727768287063e-06,8.976712706498802e-07,-4.90547336085001e-06,5.7118297407469086e-06,2.588596004216015e-06,-4.899192163065891e-06,5.53335155473178e-07,5.568580871099197e-06
gmat_two_body,numerical_two_body,EarthMJ2000Eq,80580.0,2026-08-05T17:15:00Z,-0.0017608549569558818,-0.00041656767280073836,0.002985906803587568,0.0034913862927452256,-0.001462095777782224,0.0030037929921178375,-0.0005088622856419533,0.003379265782481986
gmat_two_body,numerical_two_body,EarthMJ2000Eq,80640.0,2026-08-05T17:16:00Z,3.077730070799589e-06,3.019522409886122e-07,-4.805770004168153e-06,5.714807335116772e-06,2.2568613644580182e-06,-4.968303546348807e-06,1.1084466677857563e-06,5.568313691089142e-06
gmat_two_body,numerical_two_body,EarthMJ2000Eq,80700.0,2026-08-05T17:17:00Z,3.206878318451345e-06,2.7284841053187847e-09,-4.7300545702455565e-06,5.714673414245097e-06,2.079225680517993e-06,-4.9778237087849675e-06,1.3775647289548942e-06,5.567727803038489e-06
gmat_two_body,numerical_two_body,EarthMJ2000Eq,80760.0,2026-08-05T17:18:00Z,-0.001994716967601562,0.0001252683432539925,0.0028497611310740467,0.0034807652093813515,-0.0011305818503615228,0.003000810433473333,-0.000998388927087035,0.00335855013774386
gmat_two_body,numerical_two_body,EarthMJ2000Eq,80820.0,2026-08-05T17:19:00Z,3.436070983298123e-06,-5.920810508541763e-07,-4.535650077741593e-06,5.720949693954775e-06,1.7079671010833408e-06,-4.945377440890297e-06,1.8989254613188677e-06,5.565952529342554e-06
gmat_two_body,numerical_two_body,EarthMJ2000Eq,80880.0,2026-08-05T17:20:00Z,-0.00211623569157382,0.00048254969442496076,0.0027114592739962973,0.003473228916213424,-0.0008929337269591997,0.0029471629581223624,-0.0013033645274163064,0.003343928712427484
gmat_two_body,numerical_two_body,EarthMJ2000Eq,80940.0,2026-08-05T17:21:00Z,3.6177425499772653e-06,-1.1805241229012609e-06,-4.276898835087195e-06,5.724819823211731e-06,1.312727704316785e-06,-4.8472337255134335e-06,2.3936408410918375e-06,5.563132686857154e-06
gmat_two_body,numerical_two_body,EarthMJ2000Eq,81000.0,2026-08-05T17:22:00Z,3.6902747524436563e-06,-1.469743438065052e-06,-4.125013219891116e-06,5.726605241024987e-06,1.1084466677857563e-06,-4.774847184307873e-06,2.6281199438926706e-06,5.561909212519077e-06
gmat_two_body,numerical_two_body,EarthMJ2000Eq,81060.0,2026-08-05T17:23:00Z,-0.002243676817670348,0.0010004951036535203,0.002438621322653489,0.0034614953517065803,-0.0005207558828601577,0.002793702602588155,-0.001719025810587027,0.003321296532787411
gmat_two_body,numerical_two_body,EarthMJ2000Eq,81120.0,2026-08-05T17:24:00Z,3.7994141166564077e-06,-2.0327206584624946e-06,-3.7834979593753815e-06,5.734314057826434e-06,6.927791673660977e-07,-4.586109270121597e-06,3.0686564400639327e-06,5.561384140605426e-06
gmat_two_body,numerical_two_body,EarthMJ2000Eq,81180.0,2026-08-05T17:25:00Z,3.834657036350109e-06,-2.3028405848890543e-06,-3.5934135667048395e-06,5.737620622454917e-06,4.849454171562684e-07,-4.46798154030148e-06,3.2720492981752614e-06,5.559166998011921e-06
gmat_two_body,numerical_two_body,EarthMJ2000Eq,81240.0,2026-08-05T17:26:00Z,3.857337560475571e-06,-2.5665940484032035e-06,-3.3887772588059306e-06,5.740232519206396e-06,2.7267077484793845e-07,-4.3365311341858614e-06,3.4665603720895888e-06,5.5584973187509405e-06
gmat_two_body,numerical_two_body,EarthMJ2000Eq,81300.0,2026-08-05T17:27:00Z,3.8676049030073045e-06,-2.8230715543031693e-06,-3.1750460038892925e-06,5.745347492823669e-06,6.217248937900877e-08,-4.192646230194441e-06,3.6477487697084143e-06,5.557717059810485e-06
gmat_two_body,numerical_two_body,EarthMJ2000Eq,81360.0,2026-08-05T17:28:00Z,-0.0023049441324474174,0.0017792635844671167,0.0018348710000282153,0.003441699862489333,0.00011149658973863552,0.0023648367708517526,-0.0022751431849599157,0.003283467824475434
gmat_two_body,numerical_two_body,EarthMJ2000Eq,81420.0,2026-08-05T17:29:00Z,3.849777385767084e-06,-3.30783223034814e-06,-2.7157511794939637e-06,5.756547963234255e-06,-3.6060043839825084e-07,-3.867128839374345e-06,3.97459842815806e-06,5.55717111501979e-06
gmat_two_body,numerical_two_body,EarthMJ2000Eq,81480.0,2026-08-05T17:30:00Z,3.822719918389339e-06,-3.536115400493145e-06,-2.473825588822365e-06,5.765163722217064e-06,-5.684341886080801e-07,-3.68860497701462e-06,4.120703778198731e-06,5.559597443241448e-06
gmat_two_body,numerical_two_body,EarthMJ2000Eq,81540.0,2026-08-05T17:31:00Z,-0.0022514980173582444,0.0021748255676357076,0.0014026454664417543,0.0034302367084998214,0.00047969628269584064,0.0020208821283063116,-0.0025149726745610224,0.00326177262449863
gmat_two_body,numerical_two_body,EarthMJ2000Eq,81600.0,2026-08-05T17:32:00Z,3.729155650944449e-06,-3.954482963308692e-06,-1.965418050531298e-06,5.779913969033091e-06,-9.778844400898379e-07,-3.2960301155071647e-06,4.375610984652667e-06,5.564714187585295e-06
gmat_two_body,numerical_two_body,EarthMJ2000Eq,81660.0,2026-08-05T17:33:00Z,3.664354153443128e-06,-4.147295840084553e-06,-1.7016645870171487e-06,5.789923705347661e-06,-1.1786127629420662e-06,-3.085531830038235e-06,4.483080573436382e-06,5.568450964772134e-06
gmat_two_body,numerical_two_body,EarthMJ2000Eq,81720.0,2026-08-05T17:34:00Z,3.5877292248187587e-06,-4.325556801632047e-06,-1.4279066817834973e-06,5.7983756455274465e-06,-1.3740120152760937e-06,-2.865263581952604e-06,4.57611726289997e-06,5.571220119147874e-06
gmat_two_body,numerical_two_body,EarthMJ2000Eq,81780.0,2026-08-05T17:35:00Z,3.499735612422228e-06,-4.49108483735472e-06,-1.154148776549846e-06,5.809479475098037e-06,-1.567634910770721e-06,-2.637889906509372e-06,4.654499008438506e-06,5.57497115614836e-06
gmat_two_body,numerical_two_body,EarthMJ2000Eq,81840.0,2026-08-05T17:36:00Z,-0.0020211018636473455,0.002681965270312503,0.0006081700121285394,0.0034128670085506727,0.0010434391128910647,0.0013414140909162597,-0.0027458137985547637,0.003229187260279795
gmat_two_body,numerical_two_body,EarthMJ2000Eq,81900.0,2026-08-05T17:37:00Z,3.2887328416109085e-06,-4.779394657816738e-06,-5.866240826435387e-07,5.831166676831893e-06,-1.937117133365973e-06,-2.1582735598713043e-06,4.771738559838923e-06,5.583910496334374e-06
gmat_two_body,numerical_two_body,EarthMJ2000Eq,81960.0,2026-08-05T17:38:00Z,3.1673152989242226e-06,-4.90126694785431e-06,-3.001332515850663e-07,5.843319592974148e-06,-2.113864638886298e-06,-1.9051427102567686e-06,4.80737671892939e-06,5.586489360562921e-06
gmat_two_body,numerical_two_body,EarthMJ2000Eq,82020.0,2026-08-05T17:39:00Z,-0.0018061573427985422,0.0028831627787440084,0.00010956318874377757,0.003403944189907888,0.0013385932362552921,0.0008901528403271186,-0.002781466917900488,0.003212594301598895
gmat_two_body,numerical_two_body,EarthMJ2000Eq,82080.0,2026-08-05T17:40:00Z,2.893557393690571e-06,-5.098627298139036e-06,2.7921487344428897e-07,5.8691256300630034e-06,-2.446931546273845e-06,-1.3864465131518955e-06,4.83912909743367e-06,5.597041928341289e-06
gmat_two_body,numerical_two_body,EarthMJ2000Eq,82140.0,2026-08-05T17:41:00Z,2.741671778494492e-06,-5.1747974794125184e-06,5.675246939063072e-07,5.883653403466316e-06,-2.602806858931217e-06,-1.120881165661558e-06,4.832356736983456e-06,5.602021935507179e-06
gmat_two_body,numerical_two_body,EarthMJ2000Eq,82200.0,2026-08-05T17:42:00Z,2.580691216280684e-06,-5.232664079812821e-06,8.585629984736443e-07,5.8972765704433165e-06,-2.7537971902802383e-06,-8.517631044924201e-07,4.814149079379604e-06,5.611143440499573e-06
gmat_two_body,numerical_two_body,EarthMJ2000Eq,82260.0,2026-08-05T17:43:00Z,2.4110704544000328e-06,-5.274955583445262e-06,1.1468728189356625e-06,5.91216833371772e-06,-2.8959057374322583e-06,-5.799805080641818e-07,4.781952611665474e-06,5.620473130443887e-06
gmat_two_body,numerical_two_body,EarthMJ2000Eq,82320.0,2026-08-05T17:44:00Z,-0.0013415228750091046,0.0030329148614782753,-0.0007138633009162731,0.003392323244259538,0.0017382908445995326,0.00010457501531391244,-0.0026740873959596456,0.0031911337163266443
gmat_two_body,numerical_two_body,EarthMJ2000Eq,82380.0,2026-08-05T17:45:00Z,2.0463630789890885e-06,-5.311903805704787e-06,1.7153070075437427e-06,5.945267195193113e-06,-3.1543656575649948e-06,-2.6645352591003757e-08,4.673150755252209e-06,5.638179729110667e-06
gmat_two_body,numerical_two_body,EarthMJ2000Eq,82440.0,2026-08-05T17:46:00Z,1.8544596969150007e-06,-5.305196282279212e-06,1.9954313756898046e-06,5.963713166818014e-06,-3.2720492981752614e-06,2.504663143554353e-07,4.601208303256499e-06,5.651562424168432e-06
gmat_two_body,numerical_two_body,EarthMJ2000Eq,82500.0,2026-08-05T17:47:00Z,-0.0010119729267898947,0.0030091127882769797,-0.0011819001883850433,0.0033875857232596148,0.0019150112606780567,-0.00036782044077199316,-0.002515044617013018,0.003182453366624501
gmat_two_body,numerical_two_body,EarthMJ2000Eq,82560.0,2026-08-05T17:48:00Z,1.4497345546260476e-06,-5.242100087343715e-06,2.535671228542924e-06,6.000914278996673e-06,-3.4778846469407654e-06,8.073541835074138e-07,4.411582210650522e-06,5.675346685126942e-06
gmat_two_body,numerical_two_body,EarthMJ2000Eq,82620.0,2026-08-05T17:49:00Z,-0.0007765775080770254,0.002946392214653315,-0.0014754295989405364,0.003385438259671947,0.0020043140480652255,-0.0006763087867511786,-0.0023724373576783364,0.0031785417087740455
gmat_two_body,numerical_two_body,EarthMJ2000Eq,82680.0,2026-08-05T17:50:00Z,1.0213625500909984e-06,-5.111360223963857e-06,3.05317371385172e-06,6.0407826086363465e-06,-3.646416502078864e-06,1.3571366253017914e-06,4.169553591282238e-06,5.702924712543837e-06
gmat_two_body,numerical_two_body,EarthMJ2000Eq,82740.0,2026-08-05T17:51:00Z,8.003553375601768e-07,-5.02222974319011e-06,3.2996467780321836e-06,6.062262706244479e-06,-3.715250329605624e-06,1.6298074001497298e-06,4.028777311759768e-06,5.717552256076702e-06
gmat_two_body,numerical_two_body,EarthMJ2000Eq,82800.0,2026-08-05T17:52:00Z,-0.00040694976632948965,0.0027842079362017103,-0.0018795335563481785,0.0033837949603607847,0.0020936483657862937,-0.0011215668394015665,-0.0021078689904641124,0.0031755924385482833
gmat_two_body,numerical_two_body,EarthMJ2000Eq,82860.0,2026-08-05T17:53:00Z,3.446984919719398e-07,-4.793037078343332e-06,3.762579581234604e-06,6.103198062480464e-06,-3.822275829179489e-06,2.162714451969805e-06,3.7108094375071232e-06,5.749541981460848e-06
gmat_two_body,numerical_two_body,EarthMJ2000Eq,82920.0,2026-08-05T17:54:00Z,1.1550582712516189e-07,-4.656612873077393e-06,3.98176780436188e-06,6.127957236605261e-06,-3.859745856260588e-06,2.4211743721025414e-06,3.533173753567098e-06,5.7656777735095745e-06
gmat_two_body,numerical_two_body,EarthMJ2000Eq,82980.0,2026-08-05T17:55:00Z,-2.6171619538217783e-05,0.002544423296058085,-0.0022309604901238345,0.0033840744039819693,0.0021279405737484325,-0.0015369012729138376,-0.001788273529257367,0.0031761799104477032
gmat_two_body,numerical_two_body,EarthMJ2000Eq,83040.0,2026-08-05T17:56:00Z,-3.510649548843503e-07,-4.335561243351549e-06,4.382400220492855e-06,6.174606836874377e-06,-3.901351464108416e-06,2.9256597144922125e-06,3.1441516057384433e-06,5.802216587768089e-06
gmat_two_body,numerical_two_body,EarthMJ2000Eq,83100.0,2026-08-05T17:57:00Z,0.00022894073481438681,0.002344473614357412,-0.002431348548270762,0.0033853251175705117,0.002119765085684122,-0.0017924106643363302,-0.0015481971260555838,0.00317853021839321
gmat_two_body,numerical_two_body,EarthMJ2000Eq,83160.0,2026-08-05T17:58:00Z,-8.185452315956354e-07,-3.958120942115784e-06,4.732555680675432e-06,6.223650131496531e-06,-3.8971048610392245e-06,3.4061642395499803e-06,2.7116087153444823e-06,5.8431329738297764e-06
gmat_two_body,numerical_two_body,EarthMJ2000Eq,83220.0,2026-08-05T17:59:00Z,-1.053194864653051e-06,-3.7462086766026914e-06,4.889443516731262e-06,6.248996461424043e-06,-3.878453114225522e-06,3.632649736573512e-06,2.48245868306185e-06,5.865248825155027e-06
gmat_two_body,numerical_two_body,EarthMJ2000Eq,83280.0,2026-08-05T18:00:00Z,0.0006060363375581801,0.0019900880943168886,-0.0026750749384518713,0.0033887691853999205,0.002060874138010149,-0.0021368622427075934,-0.0011534924126976875,0.0031849532497635713
gmat_two_body,numerical_two_body,EarthMJ2000Eq,83340.0,2026-08-05T18:01:00Z,-1.5133991837501526e-06,-3.284185368102044e-06,5.158653948456049e-06,6.299838186918166e-06,-3.801847725526386e-06,4.0598635564492724e-06,1.9912960169676808e-06,5.9077743738455715e-06
gmat_two_body,numerical_two_body,EarthMJ2000Eq,83400.0,2026-08-05T18:02:00Z,-1.7398633644916117e-06,-3.0331648304127157e-06,5.26915755472146e-06,6.3238623286746925e-06,-3.7474467973197534e-06,4.2588155224621005e-06,1.7346124536743446e-06,5.932094698970031e-06
gmat_two_body,numerical_two_body,EarthMJ2000Eq,83460.0,2026-08-05T18:03:00Z,0.0009675350156612694,0.0015784580682520755,-0.0028445817861211253,0.0033940093426054058,0.001946705019406636,-0.0024270918608237935,-0.0007250777755984927,0.0031947101768590768
gmat_two_body,numerical_two_body,EarthMJ2000Eq,83520.0,2026-08-05T18:04:00Z,-2.1836967789568007e-06,-2.5029294192790985e-06,5.4471911425935104e-06,6.3800531850658035e-06,-3.602007581093858e-06,4.6207482284899015e-06,1.1963763313360687e-06,5.979723165124899e-06
gmat_two_body,numerical_two_body,EarthMJ2000Eq,83580.0,2026-08-05T18:05:00Z,0.0011950132829952054,0.001277356204809621,-0.0029137042929505697,0.003398436159067755,0.0018406698387707365,-0.0025864856922908075,-0.0004254605556752722,0.0032029658718476625
gmat_two_body,numerical_two_body,EarthMJ2000Eq,83640.0,2026-08-05T18:06:00Z,-2.6029738364741206e-06,-1.925400283653289e-06,5.556671567319427e-06,6.4311148296945455e-06,-3.4074965071795305e-06,4.935163389063746e-06,6.31494856406789e-07,6.030394338421335e-06
gmat_two_body,numerical_two_body,EarthMJ2000Eq,83700.0,2026-08-05T18:07:00Z,-2.8057911549694836e-06,-1.6279955161735415e-06,5.586571205640212e-06,6.4600782690052965e-06,-3.2946978478776145e-06,5.071054687277865e-06,3.4372504842394846e-07,6.057126089085998e-06
gmat_two_body,numerical_two_body,EarthMJ2000Eq,83760.0,2026-08-05T18:08:00Z,0.001508907189418096,0.0007943044693092816,-0.002948818206505166,0.0034063542551030506,0.001638668312153868,-0.002769003470959319,3.7268854669036955e-05,0.0032177636686012705
gmat_two_body,numerical_two_body,EarthMJ2000Eq,83820.0,2026-08-05T18:09:00Z,-3.1850504456087947e-06,-1.0040821507573128e-06,5.592312390945153e-06,6.513576988449657e-06,-3.0304647680168273e-06,5.302203121004823e-06,-2.4868995751603507e-07,6.112194478381222e-06
gmat_two_body,numerical_two_body,EarthMJ2000Eq,83880.0,2026-08-05T18:10:00Z,-3.364675649208948e-06,-6.84849510435015e-07,5.567244443227537e-06,6.540968717779548e-06,-2.8816948827170563e-06,5.3932414090240854e-06,-5.497824417943775e-07,6.13950152914674e-06
gmat_two_body,numerical_two_body,EarthMJ2000Eq,83940.0,2026-08-05T18:11:00Z,-3.5315679269842803e-06,-3.5652192309498787e-07,5.525407686945982e-06,6.567283305257444e-06,-2.7213786779611837e-06,5.4679594185813585e-06,-8.5087492607272e-07,6.166722812964242e-06
gmat_two_body,numerical_two_body,EarthMJ2000Eq,84000.0,2026-08-05T18:12:00Z,-3.68982000509277e-06,-2.7284841053187847e-08,5.4658357839798555e-06,6.594761326232269e-06,-2.5512925105886097e-06,5.5243587482323164e-06,-1.1537437671904627e-06,6.193444738922541e-06
gmat_two_body,numerical_two_body,EarthMJ2000Eq,84060.0,2026-08-05T18:13:00Z,0.0019373583199921995,-6.251957529457286e-05,-0.0028205790840729605,0.0034224161533699953,0.00119720144908797,-0.0029069698592731896,0.0008157821085319483,0.003247963288127185
gmat_two_body,numerical_two_body,EarthMJ2000Eq,84120.0,2026-08-05T18:14:00Z,-3.97403709939681e-06,6.411937647499144e-07,5.289621185511351e-06,6.647119120156257e-06,-2.1813661987835076e-06,5.589639862080276e-06,-1.758593271006248e-06,6.252606062577465e-06
gmat_two_body,numerical_two_body,EarthMJ2000Eq,84180.0,2026-08-05T18:15:00Z,-4.0990926208905876e-06,9.76797309704125e-07,5.175024853087962e-06,6.673647842744099e-06,-1.9806378759312793e-06,5.593636664968926e-06,-2.05790939844519e-06,6.280659887899305e-06
gmat_two_body,numerical_two_body,EarthMJ2000Eq,84240.0,2026-08-05T18:16:00Z,0.0021246873984637205,-0.0005847896318300627,-0.0026327984414820094,0.003433351582369124,0.0008782938820672825,-0.002882208693932853,0.001267163263207749,0.0032686740177451544
gmat_two_body,numerical_two_body,EarthMJ2000Eq,84300.0,2026-08-05T18:17:00Z,-4.312369128456339e-06,1.648004399612546e-06,4.894445737591013e-06,6.728153170033247e-06,-1.553424056055519e-06,5.547562409446982e-06,-2.646771690706373e-06,6.339871873103262e-06
gmat_two_body,numerical_two_body,EarthMJ2000Eq,84360.0,2026-08-05T18:18:00Z,-4.398543751449324e-06,1.9808794604614377e-06,4.725734470412135e-06,6.753046486966705e-06,-1.3278267374516872e-06,5.494271704264975e-06,-2.9309887850104133e-06,6.36716896766806e-06
gmat_two_body,numerical_two_body,EarthMJ2000Eq,84420.0,2026-08-05T18:19:00Z,-4.471985448617488e-06,2.305569068994373e-06,4.539288056548685e-06,6.776388318630779e-06,-1.0942358130705543e-06,5.421441073849564e-06,-3.2089886303765525e-06,6.394293030641877e-06
gmat_two_body,numerical_two_body,EarthMJ2000Eq,84480.0,2026-08-05T18:20:00Z,-4.530647856881842e-06,2.6284396881237626e-06,4.3410182115621865e-06,6.802933507707299e-06,-8.562039965909207e-07,5.331735053459852e-06,-3.481659405224491e-06,6.425140946162889e-06
gmat_two_body,numerical_two_body,EarthMJ2000Eq,84540.0,2026-08-05T18:21:00Z,0.0023002112357062288,-0.0014210718290996738,-0.0021473651941050775,0.0034527661590649035,0.00028054980560909826,-0.0026538873321158007,0.001950943406825445,0.0033057535210036
gmat_two_body,numerical_two_body,EarthMJ2000Eq,84600.0,2026-08-05T18:22:00Z,-4.604089554050006e-06,3.2541720429435372e-06,3.894456312991679e-06,6.852303720690469e-06,-3.623767952376511e-07,5.090594612511268e-06,-3.998579245489964e-06,6.483371532861475e-06
gmat_two_body,numerical_two_body,EarthMJ2000Eq,84660.0,2026-08-05T18:23:00Z,-4.618343041329354e-06,3.5543052945286036e-06,3.647983248811215e-06,6.875315291513296e-06,-1.0746958878371515e-07,4.940492459581947e-06,-4.239719686438548e-06,6.511162605500956e-06
gmat_two_body,numerical_two_body,EarthMJ2000Eq,84720.0,2026-08-05T18:24:00Z,0.002316398933999153,-0.0018776545402943157,-0.0017640923033468425,0.003464579664093155,-0.00010244427528505184,-0.002405647236969344,0.0022981154756962496,0.0033285084043624584
gmat_two_body,numerical_two_body,EarthMJ2000Eq,84780.0,2026-08-05T18:25:00Z,-4.600451575242914e-06,4.128196451347321e-06,3.1104718800634146e-06,6.9196239748802e-06,4.085620730620576e-07,4.5847770024920464e-06,-4.6842529854984605e-06,6.56729237679243e-06
gmat_two_body,numerical_two_body,EarthMJ2000Eq,84840.0,2026-08-05T18:26:00Z,-4.568164513329975e-06,4.396497388370335e-06,2.8221620596013963e-06,6.939878601059824e-06,6.679101716144942e-07,4.378719609121617e-06,-4.886313575980239e-06,6.595100437101854e-06
gmat_two_body,numerical_two_body,EarthMJ2000Eq,84900.0,2026-08-05T18:27:00Z,-4.520188667811453e-06,4.653884388972074e-06,2.522938302718103e-06,6.961031761014394e-06,9.281464485866309e-07,4.153122290517786e-06,-5.072386954907415e-06,6.6211018728255946e-06
gmat_two_body,numerical_two_body,EarthMJ2000Eq,84960.0,2026-08-05T18:28:00Z,-4.456524038687348e-06,4.8949004849419e-06,2.2137101041153073e-06,6.980055135165112e-06,1.1883827255587676e-06,3.912425938779052e-06,-5.243361300699689e-06,6.6492231093950186e-06
gmat_two_body,numerical_two_body,EarthMJ2000Eq,85020.0,2026-08-05T18:29:00Z,0.0021888752144150203,-0.002516625954740448,-0.0010047524483525194,0.0034834047113167965,-0.0007451337324937413,-0.0018204708851499163,0.0027302773375481593,0.0033650784333961133
gmat_two_body,numerical_two_body,EarthMJ2000Eq,85080.0,2026-08-05T18:30:00Z,-4.282810550648719e-06,5.332822183845565e-06,1.5679688658565283e-06,7.0171208498613426e-06,1.70263803056514e-06,3.383071600637777e-06,-5.529576796448055e-06,6.702265979949268e-06
gmat_two_body,numerical_two_body,EarthMJ2000Eq,85140.0,2026-08-05T18:31:00Z,-4.173216439085081e-06,5.526999302674085e-06,1.230546331498772e-06,7.034038741233579e-06,1.9548807017599756e-06,3.097966327914037e-06,-5.644373857194296e-06,6.728886250099728e-06
gmat_two_body,numerical_two_body,EarthMJ2000Eq,85200.0,2026-08-05T18:32:00Z,0.0020213210518704727,-0.002805586063914234,-0.0004982157406629995,0.003493604282257637,-0.001112768543976017,-0.0013804166698605513,0.0028835314136443913,0.003385049102799754
gmat_two_body,numerical_two_body,EarthMJ2000Eq,85260.0,2026-08-05T18:33:00Z,-3.9090082282200456e-06,5.863057594979182e-06,5.411493475548923e-07,7.067434634058823e-06,2.440714297335944e-06,2.4789059693830495e-06,-5.816014336801345e-06,6.777026180570782e-06
gmat_two_body,numerical_two_body,EarthMJ2000Eq,85320.0,2026-08-05T18:34:00Z,0.0018738701328402385,-0.0029520647331082728,-0.00014862962416373193,0.0034997380228227602,-0.001342251199076827,-0.0010574163766818856,0.0029360911479869856,0.00339711626300687
gmat_two_body,numerical_two_body,EarthMJ2000Eq,85380.0,2026-08-05T18:35:00Z,-3.5884113458450884e-06,6.119989848230034e-06,-1.6279955161735415e-07,7.096300122136552e-06,2.900346629530759e-06,1.8136603330276557e-06,-5.902729693918474e-06,6.822286435975501e-06
gmat_two_body,numerical_two_body,EarthMJ2000Eq,85440.0,2026-08-05T18:36:00Z,-3.406967152841389e-06,6.2193521443987265e-06,-5.175024853087962e-07,7.1102443768746786e-06,3.1166180747277394e-06,1.4646062140855065e-06,-5.913047829153584e-06,6.8426978755396936e-06
gmat_two_body,numerical_two_body,EarthMJ2000Eq,85500.0,2026-08-05T18:37:00Z,0.001603589225851465,-0.003096311502304161,0.0003813274815911427,0.003507713496393996,-0.0016534671409829116,-0.000539778888253295,0.002936378140638851,0.0034128626429049034
gmat_two_body,numerical_two_body,EarthMJ2000Eq,85560.0,2026-08-05T18:38:00Z,-3.0072442314121872e-06,6.351797310344409e-06,-1.2259988579899073e-06,7.133857311360587e-06,3.5194069880617462e-06,7.505107646466058e-07,-5.8688609527735025e-06,6.8842589171571545e-06
gmat_two_body,numerical_two_body,EarthMJ2000Eq,85620.0,2026-08-05T18:39:00Z,-2.7907844923902303e-06,6.38630126559292e-06,-1.5779733075760305e-06,7.145860458846224e-06,3.7037040101495222e-06,3.8546943414985435e-07,-5.8115734447028444e-06,6.902202255993137e-06
gmat_two_body,numerical_two_body,EarthMJ2000Eq,85680.0,2026-08-05T18:40:00Z,0.001281645381823182,-0.0031449329211952204,0.0009026798579725437,0.0035139790678880723,-0.0019143482354877506,1.9948487306464813e-06,0.002840399249137704,0.0034252884609385172
gmat_two_body,numerical_two_body,EarthMJ2000Eq,85740.0,2026-08-05T18:41:00Z,-2.3264874471351504e-06,6.389200279954821e-06,-2.2655513021163642e-06,7.1670877461890575e-06,4.0314418470188684e-06,-3.5704772471945034e-07,-5.636380251416995e-06,6.9389328273291235e-06
gmat_two_body,numerical_two_body,EarthMJ2000Eq,85800.0,2026-08-05T18:42:00Z,0.0010431995178805664,-0.0031227755243889987,0.0012369291653158143,0.003517099084449869,-0.0020550006141206723,0.00036716230056299537,0.0027234707822287874,0.0034314907519392987
gmat_two_body,numerical_two_body,EarthMJ2000Eq,85860.0,2026-08-05T18:43:00Z,-1.82626536116004e-06,6.3025709096109495e-06,-2.927663445007056e-06,7.185322434468601e-06,4.303668532656957e-06,-1.1022294188478554e-06,-5.369926725506957e-06,6.969403530293624e-06
gmat_two_body,numerical_two_body,EarthMJ2000Eq,85920.0,2026-08-05T18:44:00Z,-1.5643308870494366e-06,6.225491233635694e-06,-3.245986590627581e-06,7.193073138150746e-06,4.4151349243293225e-06,-1.468158927764307e-06,-5.206945985491984e-06,6.9829215614266796e-06
gmat_two_body,numerical_two_body,EarthMJ2000Eq,85980.0,2026-08-05T18:45:00Z,0.0006583250069525093,-0.003007909526786534,0.0017058700905181468,0.0035200716330547315,-0.0022096338092580936,0.0009060618921807873,0.0024723156855088746,0.0034374081183781305
gmat_two_body,numerical_two_body,EarthMJ2000Eq,86040.0,2026-08-05T18:46:00Z,-1.0222720447927713e-06,6.003574526403099e-06,-3.8462530937977135e-06,7.202889009917442e-06,4.590550162220097e-06,-2.1938006966593093e-06,-4.817035659243629e-06,7.006407412572191e-06
gmat_two_body,numerical_two_body,EarthMJ2000Eq,86100.0,2026-08-05T18:47:00Z,-7.457856554538012e-07,5.862148100277409e-06,-4.129105946049094e-06,7.209056284089109e-06,4.6523895846917185e-06,-2.5428548156014585e-06,-4.597211500367848e-06,7.017491933738856e-06
gmat_two_body,numerical_two_body,EarthMJ2000Eq,86160.0,2026-08-05T18:48:00Z,0.00025212011678377166,-0.0027982969186268747,0.002121964826073963,0.0035209039920422185,-0.002291187795044891,0.0014165753015049631,0.002137989341122193,0.0034390733518999935
gmat_two_body,numerical_two_body,EarthMJ2000Eq,86220.0,2026-08-05T18:49:00Z,-1.837179297581315e-07,5.517449608305469e-06,-4.651155904866755e-06,7.21867395781813e-06,4.725358992985207e-06,-3.220534949832654e-06,-4.098055228496378e-06,7.0352625844019705e-06
gmat_two_body,numerical_two_body,EarthMJ2000Eq,86280.0,2026-08-05T18:50:00Z,-2.388424036325887e-05,-0.0026091634026670363,0.002363025942031527,0.003520255064831062,-0.0023032251036947393,0.0017316885703166918,0.0018747519092698894,0.0034377733933705122
gmat_two_body,numerical_two_body,EarthMJ2000Eq,86340.0,2026-08-05T18:51:00Z,3.8471625884994864e-07,5.093625077279285e-06,-5.109086487209424e-06,7.224665235254699e-06,4.727995772668692e-06,-3.852029806239443e-06,-3.539391002504999e-06,7.051196091667246e-06
gmat_two_body,numerical_two_body,EarthMJ2000Eq,86400.0,2026-08-05T18:52:00Z,6.675691111013293e-07,4.852154233958572e-06,-5.313268047757447e-06,7.226331474236354e-06,4.702682687707238e-06,-4.147793219999585e-06,-3.2391866966463567e-06,7.057743514244948e-06
gmat_two_body,numerical_two_body,EarthMJ2000Eq,86460.0,2026-08-05T18:53:00Z,-0.0004354906195658259,-0.0022584736143471673,0.002661281996552134,0.0035174958438645943,-0.0022574716540546547,0.0021536976646530093,0.001430359830578709,0.0034322763793909776
gmat_two_body,numerical_two_body,EarthMJ2000Eq,86520.0,2026-08-05T18:54:00Z,1.2259988579899073e-06,4.319190338719636e-06,-5.663423507940024e-06,7.227229359316701e-06,4.598543767997398e-06,-4.688693877596961e-06,-2.604139126560767e-06,7.064842224316663e-06
gmat_two_body,numerical_two_body,EarthMJ2000Eq,86580.0,2026-08-05T18:55:00Z,1.5006662579253316e-06,4.029971023555845e-06,-5.8107616496272385e-06,7.228942980626837e-06,4.523270646927813e-06,-4.934719299853896e-06,-2.2710722191732202e-06,7.068889653857221e-06
gmat_two_body,numerical_two_body,EarthMJ2000Eq,86640.0,2026-08-05T18:56:00Z,1.7689671949483454e-06,3.728018782567233e-06,-5.937636160524562e-06,7.230690987363957e-06,4.4291237344395995e-06,-5.158984350828177e-06,-1.9317880628477724e-06,7.068526133984889e-06
gmat_two_body,numerical_two_body,EarthMJ2000Eq,86700.0,2026-08-05T18:57:00Z,2.029992174357176e-06,3.4133336157537997e-06,-6.042228051228449e-06,7.230507203747067e-06,4.321432101050959e-06,-5.367706279457707e-06,-1.5853984791647235e-06,7.071105602680618e-06
gmat_two_body,numerical_two_body,EarthMJ2000Eq,86760.0,2026-08-05T18:58:00Z,-0.0010817975635291077,-0.0015265322872437537,0.002967896762129385,0.00350841815967157,-0.002018908151768528,0.002687172262483273,0.0006002762731327493,0.0034142666119714535
gmat_two_body,numerical_two_body,EarthMJ2000Eq,86820.0,2026-08-05T18:59:00Z,2.534761733841151e-06,2.7466739993542433e-06,-6.1903620007797144e-06,7.231169809012333e-06,4.058087199609872e-06,-5.725198093387007e-06,-8.757439218243235e-07,7.071979379549403e-06
gmat_two_body,numerical_two_body,EarthMJ2000Eq,86880.0,2026-08-05T19:00:00Z,2.773958840407431e-06,2.3983375285752118e-06,-6.232426130736712e-06,7.231182892469018e-06,3.9039882437919005e-06,-5.873079800267078e-06,-5.204725539442734e-07,7.071427170478377e-06
gmat_two_body,numerical_two_body,EarthMJ2000Eq,86940.0,2026-08-05T19:01:00Z,-0.0014253814697440248,-0.0010232852218905464,0.0030290739516658505,0.003500587662706048,-0.0017888712733338252,0.0028888820224892697,7.881162389367091e-05,0.0033988102395516927
gmat_two_body,numerical_two_body,EarthMJ2000Eq,87000.0,2026-08-05T19:02:00Z,3.2232492230832577e-06,1.6780177247710526e-06,-6.250616024772171e-06,7.230164571286832e-06,3.5575986601088516e-06,-6.102007787944785e-06,1.971756091734278e-07,7.0661082281125594e-06
gmat_two_body,numerical_two_body,EarthMJ2000Eq,87060.0,2026-08-05T19:03:00Z,3.4310687624383718e-06,1.3096723705530167e-06,-6.229015525605064e-06,7.231051720807927e-06,3.3666402998733247e-06,-6.183720202557197e-06,5.515587986337778e-07,7.062356516106753e-06
gmat_two_body,numerical_two_body,EarthMJ2000Eq,87120.0,2026-08-05T19:04:00Z,3.6279743653722107e-06,9.37689037527889e-07,-6.18513240624452e-06,7.231688710783533e-06,3.163247441761996e-06,-6.2450045135165055e-06,9.050538096744276e-07,7.058706549365934e-06
gmat_two_body,numerical_two_body,EarthMJ2000Eq,87180.0,2026-08-05T19:05:00Z,3.8112375477794558e-06,5.611582309938967e-07,-6.120671969256364e-06,7.232085146142621e-06,2.951416888663516e-06,-6.286859921544874e-06,1.2541079286165768e-06,7.057496441404303e-06
gmat_two_body,numerical_two_body,EarthMJ2000Eq,87240.0,2026-08-05T19:06:00Z,-0.0018905147953773849,-0.00013136468623997644,0.0029239943160064286,0.0034844003260775915,-0.0012914327385260549,0.0030127004224667076,-0.0007701848048213833,0.003367097709785942
gmat_two_body,numerical_two_body,EarthMJ2000Eq,87300.0,2026-08-05T19:07:00Z,4.139110387768596e-06,-1.9736035028472543e-07,-5.928995960857719e-06,7.233545397235408e-06,2.4984458946164523e-06,-6.302514066192089e-06,1.937117133365973e-06,7.05098136653721e-06
gmat_two_body,numerical_two_body,EarthMJ2000Eq,87360.0,2026-08-05T19:08:00Z,4.281901055946946e-06,-5.748006515204906e-07,-5.802121449960396e-06,7.233926026854192e-06,2.2604140781368187e-06,-6.277534048138023e-06,2.2666313270747196e-06,7.046596561677685e-06
gmat_two_body,numerical_two_body,EarthMJ2000Eq,87420.0,2026-08-05T19:09:00Z,-0.00209208155865781,0.00040760824049357325,0.0027424512154539116,0.003473325264777112,-0.000943485289894852,0.0029605029538970484,-0.0012402070481698502,0.003345572560057739
gmat_two_body,numerical_two_body,EarthMJ2000Eq,87480.0,2026-08-05T19:10:00Z,4.523144525592215e-06,-1.3224052963778377e-06,-5.492438504006714e-06,7.237020995380523e-06,1.765698698363849e-06,-6.1661786787681194e-06,2.8963498266421084e-06,7.037634098913363e-06
gmat_two_body,numerical_two_body,EarthMJ2000Eq,87540.0,2026-08-05T19:11:00Z,4.621597327059135e-06,-1.6907506505958736e-06,-5.3100848163012415e-06,7.2398066529627365e-06,1.5090151350705128e-06,-6.082245818106458e-06,3.1965541325007507e-06,7.034827587919479e-06
gmat_two_body,numerical_two_body,EarthMJ2000Eq,87600.0,2026-08-05T19:12:00Z,4.703906597569585e-06,-2.053639036603272e-06,-5.108631739858538e-06,7.24170482861664e-06,1.2514433933574765e-06,-5.978328943001543e-06,3.4852121189032914e-06,7.032299128397368e-06
gmat_two_body,numerical_two_body,EarthMJ2000Eq,87660.0,2026-08-05T19:13:00Z,4.770981831825338e-06,-2.405613486189395e-06,-4.8917172534856945e-06,7.24417984126522e-06,9.894307595459395e-07,-5.855316231873076e-06,3.7605474290103302e-06,7.028898802017865e-06
gmat_two_body,numerical_two_body,EarthMJ2000Eq,87720.0,2026-08-05T19:14:00Z,-0.0022825430505690747,0.0012592872735694982,0.002265464900119696,0.0034537137155169102,-0.00032084734868931264,0.00267900546191413,-0.0019135200091113802,0.00330780472691426
gmat_two_body,numerical_two_body,EarthMJ2000Eq,87780.0,2026-08-05T19:15:00Z,4.858236479776679e-06,-3.0959199648350477e-06,-4.409230314195156e-06,7.254549888567495e-06,4.5652370772586437e-07,-5.553779658384883e-06,4.271250020337902e-06,7.021143719212847e-06
gmat_two_body,numerical_two_body,EarthMJ2000Eq,87840.0,2026-08-05T19:16:00Z,4.877819037574227e-06,-3.421519068069756e-06,-4.14638634538278e-06,7.2589552293469375e-06,1.8918200339612667e-07,-5.375699885235008e-06,4.5075054799781356e-06,7.0179444810113435e-06
gmat_two_body,numerical_two_body,EarthMJ2000Eq,87900.0,2026-08-05T19:17:00Z,-0.0023060836440436105,0.0017181073417305015,0.0018911105144070461,0.0034418328821624374,5.8625992949146166e-05,0.002407358756784106,-0.002234585849691939,0.0032851464366992584
gmat_two_body,numerical_two_body,EarthMJ2000Eq,87960.0,2026-08-05T19:18:00Z,4.8683546083339024e-06,-4.041794454678893e-06,-3.5788616514764726e-06,7.269472451751083e-06,-3.4283687000424834e-07,-4.973799150320701e-06,4.934719299853896e-06,7.014817864742873e-06
gmat_two_body,numerical_two_body,EarthMJ2000Eq,88020.0,2026-08-05T19:19:00Z,-0.002284084189341229,0.001994211743294727,0.001612144842511043,0.003434083874096282,0.0003070770304702819,0.0021899415614257123,-0.002409503263578472,0.0032704504769675755
gmat_two_body,numerical_two_body,EarthMJ2000Eq,88080.0,2026-08-05T19:20:00Z,4.795424501935486e-06,-4.612047632690519e-06,-2.964043233077973e-06,7.283723759693578e-06,-8.668621376273222e-07,-4.512834550496336e-06,5.297540184301397e-06,7.012920764566883e-06
gmat_two_body,numerical_two_body,EarthMJ2000Eq,88140.0,2026-08-05T19:21:00Z,4.736421033157967e-06,-4.8730726120993495e-06,-2.6429916033521295e-06,7.2914967943162275e-06,-1.1244338793403585e-06,-4.261480057721201e-06,5.452527318539069e-06,7.0110354435545925e-06
gmat_two_body,numerical_two_body,EarthMJ2000Eq,88200.0,2026-08-05T19:22:00Z,-0.00219624416786246,0.002355687684030272,0.0011592701412155293,0.003422960731570792,0.0006654428119645672,0.0018180363881015182,-0.002609796823094257,0.003249478404650414
gmat_two_body,numerical_two_body,EarthMJ2000Eq,88260.0,2026-08-05T19:23:00Z,4.570665623759851e-06,-5.352376319933683e-06,-1.9717845134437084e-06,7.309367324321805e-06,-1.6289192217300297e-06,-3.7205794001238246e-06,5.714095863140756e-06,7.0104907415037375e-06
gmat_two_body,numerical_two_body,EarthMJ2000Eq,88320.0,2026-08-05T19:24:00Z,4.4665284804068506e-06,-5.566107574850321e-06,-1.6252670320682228e-06,7.31935264395831e-06,-1.8731682871475641e-06,-3.4345859489803843e-06,5.8191229612702955e-06,7.011942106955248e-06
gmat_two_body,numerical_two_body,EarthMJ2000Eq,88380.0,2026-08-05T19:25:00Z,-0.002046037025138503,0.0026460675144335255,0.0006772224878659472,0.0034127072973299914,0.0009986296234387737,0.0014020882233012344,-0.0027334199348416632,0.0032302781692788132
gmat_two_body,numerical_two_body,EarthMJ2000Eq,88440.0,2026-08-05T19:26:00Z,4.214143700664863e-06,-5.942183634033427e-06,-9.149516699835658e-07,7.342049443366189e-06,-2.3439028495886305e-06,-2.8350655156827997e-06,5.976552586162143e-06,7.017881294356928e-06
gmat_two_body,numerical_two_body,EarthMJ2000Eq,88500.0,2026-08-05T19:27:00Z,-0.001913788764795754,0.002796700755425263,0.0003464992914814502,0.003406491495755104,0.001202861810156719,0.0011064438254493325,-0.0027728993545750313,0.0032187055323236818
gmat_two_body,numerical_two_body,EarthMJ2000Eq,88560.0,2026-08-05T19:28:00Z,3.905370249412954e-06,-6.245045369723812e-06,-1.9190338207408786e-07,7.368129705899598e-06,-2.787547970228843e-06,-2.19912976717751e-06,6.062761404024286e-06,7.025928498165896e-06
gmat_two_body,numerical_two_body,EarthMJ2000Eq,88620.0,2026-08-05T19:29:00Z,3.7334757507778704e-06,-6.3653260440332815e-06,1.7280399333685637e-07,7.381468556365185e-06,-2.9949376312288223e-06,-1.872280108727864e-06,6.077832681583573e-06,7.029589911638792e-06
gmat_two_body,numerical_two_body,EarthMJ2000Eq,88680.0,2026-08-05T19:30:00Z,-0.0016719577615731396,0.0029545535653596744,-0.0001533580871182494,0.0033982860724119145,0.0014773782197607943,0.0006445688427447749,-0.002768443196909942,0.003203497016040104
gmat_two_body,numerical_two_body,EarthMJ2000Eq,88740.0,2026-08-05T19:31:00Z,3.3505784813314676e-06,-6.551090336870402e-06,9.013092494569719e-07,7.413198980504633e-06,-3.3875124927362776e-06,-1.2008172234345693e-06,6.058153978472092e-06,7.044035244050011e-06
gmat_two_body,numerical_two_body,EarthMJ2000Eq,88800.0,2026-08-05T19:32:00Z,3.141394699923694e-06,-6.61282228975324e-06,1.2632881407625973e-06,7.429244660337778e-06,-3.568256801145253e-06,-8.588685318500211e-07,6.022737863986549e-06,7.052906006194811e-06
gmat_two_body,numerical_two_body,EarthMJ2000Eq,88860.0,2026-08-05T19:33:00Z,-0.0013845237845089287,0.0030280625082923507,-0.0006456793926190585,0.0033916029458133223,0.0017087264936321844,0.00017127899099023125,-0.0026897137850312447,0.003191182064405332
gmat_two_body,numerical_two_body,EarthMJ2000Eq,88920.0,2026-08-05T19:34:00Z,2.6939233066514134e-06,-6.675392683064274e-06,1.9799699657596648e-06,7.465813506948728e-06,-3.8995473516934e-06,-1.6697754290362354e-07,5.893951993130031e-06,7.069159861345237e-06
gmat_two_body,numerical_two_body,EarthMJ2000Eq,88980.0,2026-08-05T19:35:00Z,-0.0011715801520040259,0.003029630590845045,-0.0009632312867324799,0.0033880785234840973,0.0018366912435396898,-0.00014484058397101762,-0.0025976958362150526,0.0031847193245793984
gmat_two_body,numerical_two_body,EarthMJ2000Eq,89040.0,2026-08-05T19:36:00Z,2.2100721253082156e-06,-6.6534084908198565e-06,2.675733412615955e-06,7.5041197112098066e-06,-4.1877612488860905e-06,5.284661597215745e-07,5.6981086515861534e-06,7.091196158965273e-06
gmat_two_body,numerical_two_body,EarthMJ2000Eq,89100.0,2026-08-05T19:37:00Z,1.952685124706477e-06,-6.611571734538302e-06,3.014065441675484e-06,7.523991658946611e-06,-4.3152148521130584e-06,8.757439218243235e-07,5.573763672828136e-06,7.103157615951371e-06
gmat_two_body,numerical_two_body,EarthMJ2000Eq,89160.0,2026-08-05T19:38:00Z,-0.0008267115845228545,0.0029613518108817516,-0.0014143370208330452,0.0033842880787982297,0.001986538045173347,-0.0006116449569049109,-0.0024037500878648643,0.003177807017919543
gmat_two_body,numerical_two_body,EarthMJ2000Eq,89220.0,2026-08-05T19:39:00Z,1.4233592082746327e-06,-6.465597834903747e-06,3.6679921322502196e-06,7.568624252844219e-06,-4.531930386519889e-06,1.5685230891904212e-06,5.278888437487694e-06,7.131992768155829e-06
gmat_two_body,numerical_two_body,EarthMJ2000Eq,89280.0,2026-08-05T19:40:00Z,1.1477823136374354e-06,-6.360096449498087e-06,3.979948814958334e-06,7.590008145984121e-06,-4.621636406909602e-06,1.9069190670961689e-06,5.10613773485602e-06,7.146223196447742e-06
gmat_two_body,numerical_two_body,EarthMJ2000Eq,89340.0,2026-08-05T19:41:00Z,8.694769348949194e-07,-6.2359504227060825e-06,4.2782630771398544e-06,7.61226659885087e-06,-4.6982417956087374e-06,2.248867758680717e-06,4.9187320882992935e-06,7.16413341043448e-06
gmat_two_body,numerical_two_body,EarthMJ2000Eq,89400.0,2026-08-05T19:42:00Z,5.848050932399929e-07,-6.0899765230715275e-06,4.567482392303646e-06,7.634900552898226e-06,-4.761302463407446e-06,2.581934666068264e-06,4.717115587027365e-06,7.18244855388964e-06
gmat_two_body,numerical_two_body,EarthMJ2000Eq,89460.0,2026-08-05T19:43:00Z,-0.0002072920324280858,0.002666164164111251,-0.00207065386348404,0.00338216036861953,0.00211766087998555,-0.0013438290480394244,-0.0019452528476904263,0.003174015241681021
gmat_two_body,numerical_two_body,EarthMJ2000Eq,89520.0,2026-08-05T19:44:00Z,1.0913936421275139e-08,-5.73982106288895e-06,5.104993761051446e-06,7.68157706778797e-06,-4.846040235761961e-06,3.2303049124493555e-06,4.2659209498197015e-06,7.2192144547816915e-06
gmat_two_body,numerical_two_body,EarthMJ2000Eq,89580.0,2026-08-05T19:45:00Z,-2.7921487344428897e-07,-5.536548997042701e-06,5.353285814635456e-06,7.706426198659419e-06,-4.867911629347077e-06,3.5438318946034997e-06,4.019895527562767e-06,7.2398113359990735e-06
gmat_two_body,numerical_two_body,EarthMJ2000Eq,89640.0,2026-08-05T19:46:00Z,0.00017517595551908016,0.0023880802473286167,-0.0023904153749754187,0.0033834449231503684,0.002122591491460213,-0.0017393571027923826,-0.0015997336788586836,0.0031764611777776127
gmat_two_body,numerical_two_body,EarthMJ2000Eq,89700.0,2026-08-05T19:47:00Z,-8.649294613860548e-07,-5.0767994252964854e-06,5.805759428767487e-06,7.760724059170438e-06,-4.867661829166536e-06,4.141575971061684e-06,3.483435762063891e-06,7.278812259951899e-06
gmat_two_body,numerical_two_body,EarthMJ2000Eq,89760.0,2026-08-05T19:48:00Z,-1.1559677659533918e-06,-4.818502929992974e-06,6.0067577578593045e-06,7.78687169047218e-06,-4.845790435581421e-06,4.424904886946024e-06,3.198330489340151e-06,7.300053843851701e-06
gmat_two_body,numerical_two_body,EarthMJ2000Eq,89820.0,2026-08-05T19:49:00Z,-1.445187081117183e-06,-4.544745024759322e-06,6.189566192915663e-06,7.813706079447007e-06,-4.810152276490953e-06,4.6984638402136625e-06,2.900790718740609e-06,7.323094576390372e-06
gmat_two_body,numerical_two_body,EarthMJ2000Eq,89880.0,2026-08-05T19:50:00Z,-1.7334969015792012e-06,-4.254616214893758e-06,6.354184733936563e-06,7.841073541092065e-06,-4.759526106568046e-06,4.9613646524448995e-06,2.589928271845565e-06,7.346833088272623e-06
gmat_two_body,numerical_two_body,EarthMJ2000Eq,89940.0,2026-08-05T19:51:00Z,0.00079842811828712,0.0017792235667002387,-0.002772602329059737,0.0033897562796579503,0.0020066956984976514,-0.0022958022150021407,-0.0009312817184081723,0.003188231653412122
gmat_two_body,numerical_two_body,EarthMJ2000Eq,90000.0,2026-08-05T19:52:00Z,-2.294655132573098e-06,-3.6307028494775295e-06,6.624532034038566e-06,7.895053516515987e-06,-4.6127546227126e-06,5.446754158811018e-06,1.943334382303874e-06,7.397376872738469e-06
gmat_two_body,numerical_two_body,EarthMJ2000Eq,90060.0,2026-08-05T19:53:00Z,-2.5693225325085223e-06,-3.293280315119773e-06,6.732079782523215e-06,7.922626566251195e-06,-4.516387264175137e-06,5.668798763736049e-06,1.6058265828178264e-06,7.4237263121577365e-06
gmat_two_body,numerical_two_body,EarthMJ2000Eq,90120.0,2026-08-05T19:54:00Z,0.0011476031431811862,0.00134179754240904,-0.0029007987905060872,0.003395886812315136,0.00186411730496161,-0.00255413468153165,-0.0004891456129030303,0.0031996563454037377
gmat_two_body,numerical_two_body,EarthMJ2000Eq,90180.0,2026-08-05T19:55:00Z,-3.0977389542385936e-06,-2.586602931842208e-06,6.8831695898552425e-06,7.97900526120455e-06,-4.283240429003854e-06,6.064482249712455e-06,9.094947017729282e-07,7.480058431742602e-06
gmat_two_body,numerical_two_body,EarthMJ2000Eq,90240.0,2026-08-05T19:56:00Z,-3.3505784813314676e-06,-2.217348082922399e-06,6.927677986823255e-06,8.008478692580548e-06,-4.143796417110934e-06,6.235900684714579e-06,5.488942633746774e-07,7.5072492304738895e-06
gmat_two_body,numerical_two_body,EarthMJ2000Eq,90300.0,2026-08-05T19:57:00Z,-3.593868314055726e-06,-1.8399077816866338e-06,6.949605335648812e-06,8.037298328739777e-06,-3.9896974612929625e-06,6.390887818952251e-06,1.865174681370263e-07,7.536306901460424e-06
gmat_two_body,numerical_two_body,EarthMJ2000Eq,90360.0,2026-08-05T19:58:00Z,-3.828972694464028e-06,-1.4533725334331393e-06,6.949903763597831e-06,8.066875847511245e-06,-3.824052186018889e-06,6.52766729558607e-06,-1.8118839761882555e-07,7.56747280660403e-06
gmat_two_body,numerical_two_body,EarthMJ2000Eq,90420.0,2026-08-05T19:59:00Z,0.001657464508753037,0.0005285119186737575,-0.002932271286226751,0.0034095055861497053,0.0015120527052658872,-0.0028345605862512002,0.0002837179380321686,0.0032251407673141745
gmat_two_body,numerical_two_body,EarthMJ2000Eq,90480.0,2026-08-05T20:00:00Z,-4.266894393367693e-06,-6.530171958729625e-07,6.883965397719294e-06,8.125379918456428e-06,-3.4487968036955863e-06,6.740941138616563e-06,-9.272582701669307e-07,7.628518514565395e-06
gmat_two_body,numerical_two_body,EarthMJ2000Eq,90540.0,2026-08-05T20:01:00Z,-4.466983227757737e-06,-2.473825588822365e-07,6.81689016346354e-06,8.153841351671863e-06,-3.240963053485757e-06,6.81715794925708e-06,-1.3020695632803836e-06,7.659821745106076e-06
gmat_two_body,numerical_two_body,EarthMJ2000Eq,90600.0,2026-08-05T20:02:00Z,0.001905658336909255,1.099215296562761e-05,-0.0028390934403432766,0.0034193721773826827,0.0012384653302888182,-0.0029025103050195344,0.0007505258636797407,0.003243709530325458
gmat_two_body,numerical_two_body,EarthMJ2000Eq,90660.0,2026-08-05T20:03:00Z,-4.831235855817795e-06,5.766196409240365e-07,6.6161192080471665e-06,8.212573499210192e-06,-2.7844393457598926e-06,6.90453250129508e-06,-2.043698543729988e-06,7.720257461335077e-06
gmat_two_body,numerical_two_body,EarthMJ2000Eq,90720.0,2026-08-05T20:04:00Z,0.0020421375666046515,-0.0003377035682206042,-0.002730661435634829,0.0034264969600147264,0.0010333964794995154,-0.0029029966208682367,0.0010554233043080785,0.00325717915010688
gmat_two_body,numerical_two_body,EarthMJ2000Eq,90780.0,2026-08-05T20:05:00Z,-5.136371328262612e-06,1.4088072930462658e-06,6.327354640234262e-06,8.270578284136643e-06,-2.284394895468722e-06,6.9046990347487736e-06,-2.7817748105007922e-06,7.786629559394804e-06
gmat_two_body,numerical_two_body,EarthMJ2000Eq,90840.0,2026-08-05T20:06:00Z,-5.265519575914368e-06,1.8226273823529482e-06,6.149093678686768e-06,8.298133527999278e-06,-2.020605904817785e-06,6.8685057641459935e-06,-3.1441516057384433e-06,7.819521019510009e-06
gmat_two_body,numerical_two_body,EarthMJ2000Eq,90900.0,2026-08-05T20:07:00Z,0.0021983389615343185,-0.0008553161023883149,-0.0025008225748024415,0.0034377861154303996,0.000696910085196123,-0.0028342133084890975,0.0014936354375549854,0.0032786270854101196
gmat_two_body,numerical_two_body,EarthMJ2000Eq,90960.0,2026-08-05T20:08:00Z,-5.474021236295812e-06,2.6393536245450377e-06,5.7284523791167885e-06,8.351422795585512e-06,-1.4592771435673058e-06,6.728395618438299e-06,-3.843148022042442e-06,7.88483253463803e-06
gmat_two_body,numerical_two_body,EarthMJ2000Eq,91020.0,2026-08-05T20:09:00Z,-5.5540567700518295e-06,3.044078766833991e-06,5.487891030497849e-06,8.38038842215961e-06,-1.1670664434859646e-06,6.624034654123534e-06,-4.18154399994819e-06,7.919923573245083e-06
gmat_two_body,numerical_two_body,EarthMJ2000Eq,91080.0,2026-08-05T20:10:00Z,0.0022913875454833033,-0.0013529433999792673,-0.0021950445443508215,0.003449512034886639,0.0003331903641878853,-0.0026809594544374704,0.0018969341653019,0.0033010481127385785
gmat_two_body,numerical_two_body,EarthMJ2000Eq,91140.0,2026-08-05T20:11:00Z,-5.657625479216222e-06,3.8207872421480715e-06,4.945832188241184e-06,8.430207426100536e-06,-5.60440582830779e-07,6.341149827449044e-06,-4.82192064055198e-06,7.985937230207984e-06
gmat_two_body,numerical_two_body,EarthMJ2000Eq,91200.0,2026-08-05T20:12:00Z,0.002316261117130125,-0.0016661051631672308,-0.0019526105461409315,0.003457406531254632,8.032685627767933e-05,-0.0025322783869796694,0.002139721289040608,0.003316216734138077
gmat_two_body,numerical_two_body,EarthMJ2000Eq,91260.0,2026-08-05T20:13:00Z,-5.687553539246437e-06,4.560206434689462e-06,4.33283275924623e-06,8.480400209210363e-06,6.394884621840902e-08,5.962785820656791e-06,-5.411227022023013e-06,8.052346371203266e-06
gmat_two_body,numerical_two_body,EarthMJ2000Eq,91320.0,2026-08-05T20:14:00Z,-5.674166914104717e-06,4.913999873679131e-06,3.999957698397338e-06,8.50548214486441e-06,3.810285420513537e-07,5.7411853049416095e-06,-5.681233261611851e-06,8.08596332098904e-06
gmat_two_body,numerical_two_body,EarthMJ2000Eq,91380.0,2026-08-05T20:15:00Z,0.0022959765146879363,-0.0020969700926798396,-0.0015381292541860603,0.0034690969038317773,-0.0003064561937549115,-0.002242011909459052,0.0024550215194096836,0.0033388116840594056
gmat_two_body,numerical_two_body,EarthMJ2000Eq,91440.0,2026-08-05T20:16:00Z,-5.590550244960468e-06,5.572474037762731e-06,3.2887328416109085e-06,8.551168495969273e-06,1.021405182655144e-06,5.226929999935237e-06,-6.1666227679779695e-06,8.14808579568981e-06
gmat_two_body,numerical_two_body,EarthMJ2000Eq,91500.0,2026-08-05T20:17:00Z,-5.518586476682685e-06,5.877154762856662e-06,2.9112925403751433e-06,8.571544146933954e-06,1.340261235327489e-06,4.936495656693296e-06,-6.3842264808045e-06,8.180686848039029e-06
gmat_two_body,numerical_two_body,EarthMJ2000Eq,91560.0,2026-08-05T20:18:00Z,0.002206038061558502,-0.0024687078621354885,-0.0010729827408795245,0.00348028941322984,-0.0006915295003295796,-0.0018765486942129428,0.0027007116543131815,0.0033605790410763175
gmat_two_body,numerical_two_body,EarthMJ2000Eq,91620.0,2026-08-05T20:19:00Z,-5.320316631696187e-06,6.433310772990808e-06,2.1227606339380145e-06,8.613905576007875e-06,1.971756091734278e-06,4.296119016089506e-06,-6.7486016774864765e-06,8.239422630686593e-06
gmat_two_body,numerical_two_body,EarthMJ2000Eq,91680.0,2026-08-05T20:20:00Z,0.002108003627654398,-0.00267731093117618,-0.0007413427738356404,0.0034873001340174157,-0.0009409921730707538,-0.001595526377684564,0.002820391475921724,0.0033742819634878718
gmat_two_body,numerical_two_body,EarthMJ2000Eq,91740.0,2026-08-05T20:21:00Z,-5.045876605436206e-06,6.9080670073162764e-06,1.2969394447281957e-06,8.652416565223379e-06,2.589928271845565e-06,3.582023566650605e-06,-7.022604719963965e-06,8.297927351947922e-06
gmat_two_body,numerical_two_body,EarthMJ2000Eq,91800.0,2026-08-05T20:22:00Z,-4.882167559117079e-06,7.111793820513412e-06,8.731149137020111e-07,8.67038067637845e-06,2.8883562208648073e-06,3.2001068461795512e-06,-7.121303546853142e-06,8.324436899394265e-06
gmat_two_body,numerical_two_body,EarthMJ2000Eq,91860.0,2026-08-05T20:23:00Z,0.001906355464598164,-0.0029230795917101204,-0.00022271433408604935,0.0034968824875141113,-0.0012945520211360417,-0.0011266996224890136,0.0029270872947684268,0.0033931043317202967
gmat_two_body,numerical_two_body,EarthMJ2000Eq,91920.0,2026-08-05T20:24:00Z,-4.500634531723335e-06,7.448761607520282e-06,1.000444171950221e-08,8.702865089306096e-06,3.4581226771024376e-06,2.398081733190338e-06,-7.245426481006234e-06,8.378879002624258e-06
gmat_two_body,numerical_two_body,EarthMJ2000Eq,91980.0,2026-08-05T20:25:00Z,-4.284629540052265e-06,7.580410965601914e-06,-4.2655301513150334e-07,8.717948622102792e-06,3.7263525598518754e-06,1.9744206269933784e-06,-7.268463608767206e-06,8.40324957647842e-06
gmat_two_body,numerical_two_body,EarthMJ2000Eq,92040.0,2026-08-05T20:26:00Z,-4.052708391100168e-06,7.685230229981244e-06,-8.631104719825089e-07,8.73110352005731e-06,3.983036123145212e-06,1.5436540934388177e-06,-7.263412094005162e-06,8.426422726507999e-06
gmat_two_body,numerical_two_body,EarthMJ2000Eq,92100.0,2026-08-05T20:27:00Z,-3.8080543163232505e-06,7.764015208522324e-06,-1.2978489394299686e-06,8.744462345039491e-06,4.227729277772596e-06,1.1022294188478554e-06,-7.23154869319842e-06,8.448899398147019e-06
gmat_two_body,numerical_two_body,EarthMJ2000Eq,92160.0,2026-08-05T20:28:00Z,0.0014393931451195385,-0.003132617393930559,0.00065748918132158,0.003509620547370944,-0.001796880866322681,-0.00025645441326105356,0.0028965574383477133,0.0034182736443247323
gmat_two_body,numerical_two_body,EarthMJ2000Eq,92220.0,2026-08-05T20:29:00Z,-3.2741809263825417e-06,7.84328335612372e-06,-2.1573214326053858e-06,8.768773591940504e-06,4.6704862199931085e-06,2.0250467969162855e-07,-7.084555164738049e-06,8.487954497914035e-06
gmat_two_body,numerical_two_body,EarthMJ2000Eq,92280.0,2026-08-05T20:30:00Z,-2.9867806006222963e-06,7.841691740395618e-06,-2.5775079848244786e-06,8.778185183708333e-06,4.8685500075862365e-06,-2.531308496145357e-07,-6.970868327016433e-06,8.506459876822754e-06
gmat_two_body,numerical_two_body,EarthMJ2000Eq,92340.0,2026-08-05T20:31:00Z,0.0010943458619294688,-0.0031296526685764547,0.0011671318134176545,0.0035148990542178387,-0.0020268058342765016,0.0002901456852555384,0.002750315530875014,0.0034287551571819735
gmat_two_body,numerical_two_body,EarthMJ2000Eq,92400.0,2026-08-05T20:32:00Z,-2.381966623943299e-06,7.756170816719532e-06,-3.398781700525433e-06,8.79679872360043e-06,5.212275056010185e-06,-1.1644019082268642e-06,-6.66444677221989e-06,8.540403611255176e-06
gmat_two_body,numerical_two_body,EarthMJ2000Eq,92460.0,2026-08-05T20:33:00Z,-2.06546246772632e-06,7.672497304156423e-06,-3.7925929063931108e-06,8.804380219044211e-06,5.35593791539668e-06,-1.616484723854228e-06,-6.4717120551449625e-06,8.554656669951546e-06
gmat_two_body,numerical_two_body,EarthMJ2000Eq,92520.0,2026-08-05T20:34:00Z,-1.7398633644916117e-06,7.561766324215569e-06,-4.174580681137741e-06,8.811047516184959e-06,5.4787285819202225e-06,-2.063238468963391e-06,-6.256328788367682e-06,8.568259435983379e-06
gmat_two_body,numerical_two_body,EarthMJ2000Eq,92580.0,2026-08-05T20:35:00Z,-1.407897798344493e-06,7.423750503221527e-06,-4.542016540654004e-06,8.816130783979995e-06,5.582423412420212e-06,-2.5073276788134535e-06,-6.014300168999398e-06,8.580323406918154e-06
gmat_two_body,numerical_two_body,EarthMJ2000Eq,92640.0,2026-08-05T20:36:00Z,0.00044622720452025533,-0.002907749603764387,0.0019314184100949205,0.0035191623365652654,-0.002260894915728784,0.0011788836573600747,0.0023050459319051697,0.0034372444262448813
gmat_two_body,numerical_two_body,EarthMJ2000Eq,92700.0,2026-08-05T20:37:00Z,-7.275957614183426e-07,7.073140295688063e-06,-5.234142008703202e-06,8.82921014597522e-06,5.72797365094857e-06,-3.3653080322437745e-06,-5.4640736379951704e-06,8.601806846196869e-06
gmat_two_body,numerical_two_body,EarthMJ2000Eq,92760.0,2026-08-05T20:38:00Z,-3.838067641481757e-07,6.858954293420538e-06,-5.551555659621954e-06,8.83245899358262e-06,5.768774347103545e-06,-3.7756464621452324e-06,-5.156763904778927e-06,8.60967349233062e-06
gmat_two_body,numerical_two_body,EarthMJ2000Eq,92820.0,2026-08-05T20:39:00Z,3.437617124291137e-05,-0.0026509469535085373,0.0023137972675613128,0.0035188576650441138,-0.002302476376225826,0.0016665042679164799,0.001931786286490933,0.00343663093664948
gmat_two_body,numerical_two_body,EarthMJ2000Eq,92880.0,2026-08-05T20:40:00Z,3.1104718800634146e-07,6.358732207445428e-06,-6.130449037300423e-06,8.838135042988886e-06,5.786232604165775e-06,-4.5572434714813426e-06,-4.485301019485632e-06,8.623623428888185e-06
gmat_two_body,numerical_two_body,EarthMJ2000Eq,92940.0,2026-08-05T20:41:00Z,6.575646693818271e-07,6.073605618439615e-06,-6.39056452200748e-06,8.840836578780381e-06,5.7627236316193375e-06,-4.924061158817494e-06,-4.122924224247981e-06,8.628665372413619e-06
gmat_two_body,numerical_two_body,EarthMJ2000Eq,93000.0,2026-08-05T20:42:00Z,1.002263161353767e-06,5.768015398643911e-06,-6.625668902415782e-06,8.8416074040889e-06,5.718758799844181e-06,-5.271338920920243e-06,-3.745448395875428e-06,8.632473568808054e-06
gmat_two_body,numerical_two_body,EarthMJ2000Eq,93060.0,2026-08-05T20:43:00Z,1.344233169220388e-06,5.440597306005657e-06,-6.840309652034193e-06,8.842900994303874e-06,5.653477685996222e-06,-5.60085311462899e-06,-3.354649891207373e-06,8.636263164719107e-06
gmat_two_body,numerical_two_body,EarthMJ2000Eq,93120.0,2026-08-05T20:44:00Z,-0.0006465716069214977,-0.0020442612367332913,0.0027835790206154343,0.003513598014983751,-0.002202320326105678,0.0023458222031536025,0.0011770922014875396,0.0034261702640688224
gmat_two_body,numerical_two_body,EarthMJ2000Eq,93180.0,2026-08-05T20:45:00Z,2.0108927856199443e-06,4.73664840683341e-06,-7.194557838374749e-06,8.84540504527268e-06,5.4571902552424945e-06,-6.192379942149273e-06,-2.538413923502958e-06,8.635394610374209e-06
gmat_two_body,numerical_two_body,EarthMJ2000Eq,93240.0,2026-08-05T20:46:00Z,2.3355823941528797e-06,4.357389116194099e-06,-7.33462002244778e-06,8.845249340945429e-06,5.329070518200751e-06,-6.45306030833126e-06,-2.1156409957256983e-06,8.632318156423105e-06
gmat_two_body,numerical_two_body,EarthMJ2000Eq,93300.0,2026-08-05T20:47:00Z,-0.001029895429383032,-0.001593335582583677,0.0029504337817343185,0.003507771710728963,-0.0020454180571505276,0.0026501822958380217,0.0006726272872015215,0.0034146198466562575
gmat_two_body,numerical_two_body,EarthMJ2000Eq,93360.0,2026-08-05T20:48:00Z,2.9576767701655626e-06,3.5552147892303765e-06,-7.536300472565927e-06,8.842128074572138e-06,5.0177639820958575e-06,-6.907363570007874e-06,-1.2541079286165768e-06,8.629160652398897e-06
gmat_two_body,numerical_two_body,EarthMJ2000Eq,93420.0,2026-08-05T20:49:00Z,-0.0012671562217292376,-0.0012656919352593832,0.0030104110919637606,0.0035028896511118076,-0.0019043642218719015,0.002803704823861608,0.0003262563552652864,0.003404967993717652
gmat_two_body,numerical_two_body,EarthMJ2000Eq,93480.0,2026-08-05T20:50:00Z,3.540208126651123e-06,2.7039277483709157e-06,-7.63503749112715e-06,8.839575574615223e-06,4.637623618464204e-06,-7.2586381349992735e-06,-3.765876499528531e-07,8.621902264552745e-06
gmat_two_body,numerical_two_body,EarthMJ2000Eq,93540.0,2026-08-05T20:51:00Z,3.8121470424812287e-06,2.2619133233092725e-06,-7.644622712632554e-06,8.836796556114659e-06,4.423128530106624e-06,-7.396083745447868e-06,6.128431095930864e-08,8.617997245897164e-06
gmat_two_body,numerical_two_body,EarthMJ2000Eq,93600.0,2026-08-05T20:52:00Z,-0.0015873861229920294,-0.0007459275366272777,0.0030221814313335926,0.0034942500192836896,-0.0016448136186397733,0.00295550717233084,-0.00019451196209274713,0.003387959472773999
gmat_two_body,numerical_two_body,EarthMJ2000Eq,93660.0,2026-08-05T20:53:00Z,4.315097612561658e-06,1.3606040738523006e-06,-7.58439000492217e-06,8.831437176274432e-06,3.951061700036007e-06,-7.59037277475727e-06,9.325873406851315e-07,8.607808464718182e-06
gmat_two_body,numerical_two_body,EarthMJ2000Eq,93720.0,2026-08-05T20:54:00Z,4.545654519461095e-06,9.040377335622907e-07,-7.516291589126922e-06,8.830339658630445e-06,3.695710404372221e-06,-7.64643903750084e-06,1.3624656958199921e-06,8.601314906424955e-06
gmat_two_body,numerical_two_body,EarthMJ2000Eq,93780.0,2026-08-05T20:55:00Z,-0.0018564055608294439,-0.00020748575479956344,0.002941259708677535,0.0034842934174109225,-0.0013372583040904829,0.003011173144162882,-0.000700786983998114,0.0033684604603480064
gmat_two_body,numerical_two_body,EarthMJ2000Eq,93840.0,2026-08-05T20:56:00Z,4.956746124662459e-06,-1.9099388737231493e-08,-7.302332960534841e-06,8.825744365067456e-06,3.1512570330960443e-06,-7.681119629232569e-06,2.1964652319184097e-06,8.588042801607685e-06
gmat_two_body,numerical_two_body,EarthMJ2000Eq,93900.0,2026-08-05T20:57:00Z,-0.0020034658518852666,0.00015332170733017847,0.002837727606674889,0.0034770793685640526,-0.001111379432927606,0.002995379444481472,-0.0010220562174367842,0.0033544092135512934
gmat_two_body,numerical_two_body,EarthMJ2000Eq,93960.0,2026-08-05T20:58:00Z,5.300080374581739e-06,-9.385985322296619e-07,-6.991740519879386e-06,8.823619137239178e-06,2.566835632933362e-06,-7.612466212947311e-06,2.9976021664879227e-06,8.574608198529765e-06
gmat_two_body,numerical_two_body,EarthMJ2000Eq,94020.0,2026-08-05T20:59:00Z,5.446054274216294e-06,-1.3924363884143531e-06,-6.800746632507071e-06,8.823182023116504e-06,2.2639667918156192e-06,-7.539746604834363e-06,3.3804070653786766e-06,8.567407800917222e-06
gmat_two_body,numerical_two_body,EarthMJ2000Eq,94080.0,2026-08-05T21:00:00Z,-0.002171357891711523,0.0006848358680144884,0.0026128432182304095,0.0034656521670631793,-0.0007504814547587557,0.0028954543207504457,-0.0014687309146665939,0.0033322737938510714
gmat_two_body,numerical_two_body,EarthMJ2000Eq,94140.0,2026-08-05T21:01:00Z,5.680249159922823e-06,-2.2855601855553687e-06,-6.351001502480358e-06,8.82180457531834e-06,1.6395773627664312e-06,-7.320588579773357e-06,4.106937012693379e-06,8.552552993640847e-06
gmat_two_body,numerical_two_body,EarthMJ2000Eq,94200.0,2026-08-05T21:02:00Z,5.769152267021127e-06,-2.7212081477046013e-06,-6.094978743931279e-06,8.82251990942401e-06,1.3224976669334865e-06,-7.176037541967162e-06,4.447997525858227e-06,8.545712192252177e-06
gmat_two_body,numerical_two_body,EarthMJ2000Eq,94260.0,2026-08-05T21:03:00Z,-0.0022727136865796638,0.0011905576684512198,0.002312182004970964,0.003453815381167048,-0.00037414338294183835,0.002710176083553506,-0.0018621939545937494,0.0033095020772602774
gmat_two_body,numerical_two_body,EarthMJ2000Eq,94320.0,2026-08-05T21:04:00Z,5.888409759791102e-06,-3.5643097362481058e-06,-5.5188138503581285e-06,8.822413485550359e-06,6.767919558114954e-07,-6.819877995667412e-06,5.083045095943817e-06,8.532650858592433e-06
gmat_two_body,numerical_two_body,EarthMJ2000Eq,94380.0,2026-08-05T21:05:00Z,-0.002302398456777155,0.0015061068552313372,0.0020747611415572464,0.003445871487397721,-0.00012064482746154681,0.0025436155404179317,-0.0020899699748611056,0.0032943147523680494
gmat_two_body,numerical_two_body,EarthMJ2000Eq,94440.0,2026-08-05T21:06:00Z,5.930875346393805e-06,-4.355570126790553e-06,-4.874891601502895e-06,8.826711824357673e-06,2.7533531010703882e-08,-6.38022967791585e-06,5.649702927712497e-06,8.522161228801722e-06
gmat_two_body,numerical_two_body,EarthMJ2000Eq,94500.0,2026-08-05T21:07:00Z,5.923197932133917e-06,-4.734829417429864e-06,-4.527464625425637e-06,8.831807249361551e-06,-2.957634137601417e-07,-6.132427898819515e-06,5.905942401795983e-06,8.519055322303681e-06
gmat_two_body,numerical_two_body,EarthMJ2000Eq,94560.0,2026-08-05T21:08:00Z,-0.002290156430717616,0.0019373155737412162,0.0016719150153221563,0.0034341386005630574,0.00025506974310474106,0.0022369635033214763,-0.00237423281035376,0.0032720097381884615
gmat_two_body,numerical_two_body,EarthMJ2000Eq,94620.0,2026-08-05T21:09:00Z,5.849415174452588e-06,-5.436049832496792e-06,-3.791683411691338e-06,8.839861919679507e-06,-9.36140054363932e-07,-5.576872297297086e-06,6.356692949793796e-06,8.507961452645536e-06
gmat_two_body,numerical_two_body,EarthMJ2000Eq,94680.0,2026-08-05T21:10:00Z,5.7832494348986074e-06,-5.762558430433273e-06,-3.4051481634378433e-06,8.845794916533887e-06,-1.2514433933574765e-06,-5.277556169858144e-06,6.553868558967224e-06,8.507167729685653e-06
gmat_two_body,numerical_two_body,EarthMJ2000Eq,94740.0,2026-08-05T21:11:00Z,5.699803296010941e-06,-6.06905814493075e-06,-3.0067894840613008e-06,8.852231774034675e-06,-1.55964130499342e-06,-4.960476474025199e-06,6.7275074400185986e-06,8.502832716518928e-06
gmat_two_body,numerical_two_body,EarthMJ2000Eq,94800.0,2026-08-05T21:12:00Z,5.596348273684271e-06,-6.3555489759892225e-06,-2.59660737356171e-06,8.857453733381938e-06,-1.8625101461111626e-06,-4.631850458736153e-06,6.88205048504642e-06,8.502093953561617e-06
gmat_two_body,numerical_two_body,EarthMJ2000Eq,94860.0,2026-08-05T21:13:00Z,-0.002123729927916429,0.0025166600607917644,0.0009080104064196348,0.0034158878152654075,0.0008440119714236971,0.001603177146591861,-0.002683235411637952,0.0032376357802459538
gmat_two_body,numerical_two_body,EarthMJ2000Eq,94920.0,2026-08-05T21:14:00Z,5.336914910003543e-06,-6.868049240438268e-06,-1.7562342691235244e-06,8.873393935453707e-06,-2.4513724383723456e-06,-3.931965864012454e-06,7.127187728883655e-06,8.500963904765184e-06
gmat_two_body,numerical_two_body,EarthMJ2000Eq,94980.0,2026-08-05T21:15:00Z,5.181391316000372e-06,-7.09405867382884e-06,-1.3260432751849294e-06,8.884304992790007e-06,-2.7329249974172853e-06,-3.5651481766763027e-06,7.2164496600635175e-06,8.500370948340872e-06
gmat_two_body,numerical_two_body,EarthMJ2000Eq,95040.0,2026-08-05T21:16:00Z,-0.0019428180166869424,0.002766645593510475,0.0004164057827438228,0.0034062095446341536,0.0011605942873416097,0.0011692318224731935,-0.0027661473112061685,0.0032195734347560826
gmat_two_body,numerical_two_body,EarthMJ2000Eq,95100.0,2026-08-05T21:17:00Z,4.819867172045633e-06,-7.47604644857347e-06,-4.511093720793724e-07,8.906508278947986e-06,-3.270272941335861e-06,-2.800426557314495e-06,7.331912854624534e-06,8.50258902461799e-06
gmat_two_body,numerical_two_body,EarthMJ2000Eq,95160.0,2026-08-05T21:18:00Z,4.617504600901157e-06,-7.6329342846293e-06,-1.1823431123048067e-08,8.920940215377316e-06,-3.5265124154193472e-06,-2.4069635173873394e-06,7.357475739766528e-06,8.506598171501546e-06
gmat_two_body,numerical_two_body,EarthMJ2000Eq,95220.0,2026-08-05T21:19:00Z,4.396497388370335e-06,-7.765265763737261e-06,4.320099833421409e-07,8.933933864380488e-06,-3.771649659256582e-06,-2.0055068716828828e-06,7.361444787079563e-06,8.51106740178683e-06
gmat_two_body,numerical_two_body,EarthMJ2000Eq,95280.0,2026-08-05T21:20:00Z,4.1636667447164655e-06,-7.87349563324824e-06,8.722054190002382e-07,8.949234410873943e-06,-4.005684672847565e-06,-1.603162047558726e-06,7.344236330197873e-06,8.517831033943847e-06
gmat_two_body,numerical_two_body,EarthMJ2000Eq,95340.0,2026-08-05T21:21:00Z,-0.0015252348930516746,0.0030024853003851604,-0.00041395378502784297,0.0033930247853722196,0.0016040546668705247,0.00039605740909109954,-0.0027348151521167097,0.003195163025864597
gmat_two_body,numerical_two_body,EarthMJ2000Eq,95400.0,2026-08-05T21:22:00Z,3.656623448478058e-06,-8.016854735615198e-06,1.748958311509341e-06,8.983301735515344e-06,-4.436895295611976e-06,-7.72715225139109e-07,7.245759547913622e-06,8.531363320687195e-06
gmat_two_body,numerical_two_body,EarthMJ2000Eq,95460.0,2026-08-05T21:23:00Z,3.386048774700612e-06,-8.049966027101618e-06,2.181877789553255e-06,9.001548201875471e-06,-4.6345149939952535e-06,-3.5438318946034997e-07,7.163380999486435e-06,8.539223853392192e-06
gmat_two_body,numerical_two_body,EarthMJ2000Eq,95520.0,2026-08-05T21:24:00Z,-0.0012171904018032365,0.003031072793646672,-0.0008968017937149853,0.0033872124544878164,0.0018107031429792642,-7.833467208229195e-05,-0.0026184294732445323,0.0031844866304007098
gmat_two_body,numerical_two_body,EarthMJ2000Eq,95580.0,2026-08-05T21:25:00Z,2.8048816602677107e-06,-8.04232058726484e-06,3.030436346307397e-06,9.040454966729879e-06,-4.991118629504854e-06,4.849454171562684e-07,6.941558439166329e-06,8.563391313946394e-06
gmat_two_body,numerical_two_body,EarthMJ2000Eq,95640.0,2026-08-05T21:26:00Z,2.5002009351737797e-06,-8.001279638847336e-06,3.4415279515087605e-06,9.061765568380859e-06,-5.147882120581926e-06,9.07718344933528e-07,6.7976735351749085e-06,8.57513897333176e-06
gmat_two_body,numerical_two_body,EarthMJ2000Eq,95700.0,2026-08-05T21:27:00Z,2.1891537471674383e-06,-7.93465915194247e-06,3.845343599095941e-06,9.085035904241091e-06,-5.290656801548721e-06,1.3242740237728867e-06,6.6346927951599355e-06,8.588591244666412e-06
gmat_two_body,numerical_two_body,EarthMJ2000Eq,95760.0,2026-08-05T21:28:00Z,1.8644641386345029e-06,-7.843482308089733e-06,4.238245310261846e-06,9.108192167028936e-06,-5.418110404775689e-06,1.7408297026122455e-06,6.45306030833126e-06,8.60397557846348e-06
gmat_two_body,numerical_two_body,EarthMJ2000Eq,95820.0,2026-08-05T21:29:00Z,-0.0006354630386340432,0.002890751147788251,-0.001635303306102287,0.003381489668009969,0.0020433130742958383,-0.0008501368498059492,-0.002275275079455241,0.003174072726037692
gmat_two_body,numerical_two_body,EarthMJ2000Eq,95880.0,2026-08-05T21:30:00Z,1.2005330063402653e-06,-7.585640560137108e-06,4.988578439224511e-06,9.158009448084516e-06,-5.6277205118249185e-06,2.5623947408348613e-06,6.03073146976385e-06,8.637524357561786e-06
gmat_two_body,numerical_two_body,EarthMJ2000Eq,95940.0,2026-08-05T21:31:00Z,8.603819878771901e-07,-7.4196577770635486e-06,5.343281372915953e-06,9.183802835642416e-06,-5.7090998595299425e-06,2.9682922786378185e-06,5.792255564074367e-06,8.657644297212503e-06
gmat_two_body,numerical_two_body,EarthMJ2000Eq,96000.0,2026-08-05T21:32:00Z,-0.0002607093847473152,0.002698191110539483,-0.002019917701545637,0.0033805727581738307,0.002111509633806463,-0.0012846177455116958,-0.001988934350549698,0.003172471518633005
gmat_two_body,numerical_two_body,EarthMJ2000Eq,96060.0,2026-08-05T21:33:00Z,1.673470251262188e-07,-7.016296876827255e-06,6.005393515806645e-06,9.236946366104276e-06,-5.822453630344171e-06,3.7534420016527292e-06,5.259792601464142e-06,8.697971680092766e-06
gmat_two_body,numerical_two_body,EarthMJ2000Eq,96120.0,2026-08-05T21:34:00Z,-6.197296897880733e-06,0.0025275817279180046,-0.0022455878934124485,0.0033810313197062173,0.0021262331478810736,-0.0015561685273723924,-0.0017685515274479258,0.003173373975750575
gmat_two_body,numerical_two_body,EarthMJ2000Eq,96180.0,2026-08-05T21:35:00Z,-5.338733899407089e-07,-6.518348527606577e-06,6.599748303415254e-06,9.291424325272749e-06,-5.869360553134584e-06,4.503952766299335e-06,4.659383989746857e-06,8.743274157182598e-06
gmat_two_body,numerical_two_body,EarthMJ2000Eq,96240.0,2026-08-05T21:36:00Z,-8.849383448250592e-07,-6.235495675355196e-06,6.871232471894473e-06,9.320856069821704e-06,-5.866862551329177e-06,4.8618886694384855e-06,4.335198866556311e-06,8.766526498151599e-06
gmat_two_body,numerical_two_body,EarthMJ2000Eq,96300.0,2026-08-05T21:37:00Z,0.00037516110751312226,0.0022132198864710517,-0.002531341579015134,0.003383308781668064,0.002101720242286831,-0.0019293331376957212,-0.0013992691449971062,0.0031776577023320124
gmat_two_body,numerical_two_body,EarthMJ2000Eq,96360.0,2026-08-05T21:38:00Z,-1.5870682545937598e-06,-5.609763320535421e-06,7.349626685027033e-06,9.38111094521461e-06,-5.8115734447028444e-06,5.545786052607582e-06,3.6433078776099137e-06,8.820647432900066e-06
gmat_two_body,numerical_two_body,EarthMJ2000Eq,96420.0,2026-08-05T21:39:00Z,-1.9344952306710184e-06,-5.2659743232652545e-06,7.5597199611365795e-06,9.413932401583556e-06,-5.757394561101137e-06,5.866418462119327e-06,3.276490190273762e-06,8.848606990473227e-06
gmat_two_body,numerical_two_body,EarthMJ2000Eq,96480.0,2026-08-05T21:40:00Z,0.0007470762284356169,0.0018359651221544482,-0.0027469736778584775,0.0033874408050486304,0.002021444123201377,-0.0022535555643798943,-0.0009908536213742991,0.003185363389625041
gmat_two_body,numerical_two_body,EarthMJ2000Eq,96540.0,2026-08-05T21:41:00Z,-2.6157067622989416e-06,-4.524736141320318e-06,7.908965926617384e-06,9.479815454074064e-06,-5.597078356345264e-06,6.463718449367661e-06,2.5064395003937534e-06,8.910060678182757e-06
gmat_two_body,numerical_two_body,EarthMJ2000Eq,96600.0,2026-08-05T21:42:00Z,0.0009848472473095171,0.001554183654661756,-0.002848620852091699,0.0033911726131122468,0.0019374319926157568,-0.0024383433050445547,-0.000701281699377887,0.003192327806029481
gmat_two_body,numerical_two_body,EarthMJ2000Eq,96660.0,2026-08-05T21:43:00Z,-3.2750904210843146e-06,-3.7180143408477306e-06,8.162032827385701e-06,9.548226420668367e-06,-5.3654858334084565e-06,6.993516876718786e-06,1.6937562463681388e-06,8.975885847957762e-06
gmat_two_body,numerical_two_body,EarthMJ2000Eq,96720.0,2026-08-05T21:44:00Z,-3.5934135667048395e-06,-3.2914613257162273e-06,8.250140126619954e-06,9.581813545927968e-06,-5.2229331970465864e-06,7.227995979519619e-06,1.2745360322696797e-06,9.00818512011808e-06
gmat_two_body,numerical_two_body,EarthMJ2000Eq,96780.0,2026-08-05T21:45:00Z,0.0013190374374971725,0.001094093022402376,-0.0029343513006097055,0.0033981343202673054,0.0017670882535014698,-0.0026626962856823866,-0.0002482343219867289,0.003205335034604318
gmat_two_body,numerical_two_body,EarthMJ2000Eq,96840.0,2026-08-05T21:46:00Z,-4.19913703808561e-06,-2.3983375285752118e-06,8.351776159543078e-06,9.650748146372216e-06,-4.886757665190089e-06,7.638556454026002e-06,4.0945025148175773e-07,9.077201919538579e-06
gmat_two_body,numerical_two_body,EarthMJ2000Eq,96900.0,2026-08-05T21:47:00Z,-4.488356353249401e-06,-1.9363142200745642e-06,8.36388380776043e-06,9.687580082886249e-06,-4.6913584128560615e-06,7.812639424287227e-06,-3.019806626980426e-08,9.113017637150101e-06
gmat_two_body,numerical_two_body,EarthMJ2000Eq,96960.0,2026-08-05T21:48:00Z,0.001617964699107688,0.0005997953849146143,-0.0029372074550337857,0.0034065748054650947,0.0015461871782918024,-0.0028173872124170884,0.000217727169626869,0.003221144302169498
gmat_two_body,numerical_two_body,EarthMJ2000Eq,97020.0,2026-08-05T21:49:00Z,-5.024503479944542e-06,-9.795257938094437e-07,8.30686985864304e-06,9.757519810338336e-06,-4.2570391656227e-06,8.091527448073066e-06,-9.237055564881302e-07,9.189582735666102e-06
gmat_two_body,numerical_two_body,EarthMJ2000Eq,97080.0,2026-08-05T21:50:00Z,0.0017933043636730872,0.00025768076739041135,-0.0028923386707901955,0.0034129112067559334,0.0013728103098742395,-0.0028787650041550705,0.0005298907979067735,0.003233060524294469
gmat_two_body,numerical_two_body,EarthMJ2000Eq,97140.0,2026-08-05T21:51:00Z,-5.5060809245333076e-06,1.8189894035458565e-09,8.14156919659581e-06,9.828635685546075e-06,-3.7556624477019795e-06,8.27196644515027e-06,-1.823430295644357e-06,9.265814984870163e-06
gmat_two_body,numerical_two_body,EarthMJ2000Eq,97200.0,2026-08-05T21:52:00Z,-5.722995410906151e-06,5.002220859751105e-07,8.018105290830135e-06,9.863716898988351e-06,-3.482547583644191e-06,8.323369771190414e-06,-2.275513111271721e-06,9.305083661089881e-06
gmat_two_body,numerical_two_body,EarthMJ2000Eq,97260.0,2026-08-05T21:53:00Z,0.0020144284462730866,-0.00026403631636640057,-0.0027552323444979265,0.0034232940881090074,0.0010774723335771341,-0.0029045099658731033,0.0009913376786130357,0.0032526720038328813
gmat_two_body,numerical_two_body,EarthMJ2000Eq,97320.0,2026-08-05T21:54:00Z,-6.106802175054327e-06,1.4997567632235587e-06,7.690687198191881e-06,9.934232367652548e-06,-2.8919089345436078e-06,8.347766922156552e-06,-3.1654678878112463e-06,9.384483833493903e-06
gmat_two_body,numerical_two_body,EarthMJ2000Eq,97380.0,2026-08-05T21:55:00Z,-6.270738595048897e-06,1.9990693544968963e-06,7.488324627047405e-06,9.969626198186626e-06,-2.5774937739697634e-06,8.319567257331073e-06,-3.601563491884008e-06,9.42496329383727e-06
gmat_two_body,numerical_two_body,EarthMJ2000Eq,97440.0,2026-08-05T21:56:00Z,-6.416030373657122e-06,2.495653461664915e-06,7.259586709551513e-06,1.0004765422033031e-05,-2.2524204723595176e-06,8.261835660050565e-06,-4.0323300254385686e-06,9.46525286994705e-06
gmat_two_body,numerical_two_body,EarthMJ2000Eq,97500.0,2026-08-05T21:57:00Z,-6.540858521475457e-06,2.992237568832934e-06,7.00538294040598e-06,1.0040503274638402e-05,-1.91580085129317e-06,8.177014620969203e-06,-4.455102953215828e-06,9.506934486842336e-06
gmat_two_body,numerical_two_body,EarthMJ2000Eq,97560.0,2026-08-05T21:58:00Z,0.0022543404156749602,-0.0011199736036360264,-0.002347865574847674,0.0034422179390825648,0.0005080895704168142,-0.002762716277970867,0.0017101990934520472,0.003288698402617021
gmat_two_body,numerical_two_body,EarthMJ2000Eq,97620.0,2026-08-05T21:59:00Z,-6.729123924742453e-06,3.9599399315193295e-06,6.4201230998151004e-06,1.0108422907286875e-05,-1.212363542890671e-06,7.921663325305417e-06,-5.266898028821743e-06,9.589723147496265e-06
gmat_two_body,numerical_two_body,EarthMJ2000Eq,97680.0,2026-08-05T22:00:00Z,-6.79085587762529e-06,4.428329702932388e-06,6.092705007176846e-06,1.0141345167828036e-05,-8.464340339742193e-07,7.749356711883593e-06,-5.653255641391297e-06,9.62955239711627e-06
gmat_two_body,numerical_two_body,EarthMJ2000Eq,97740.0,2026-08-05T22:01:00Z,0.002312391586656304,-0.0016007506928872317,-0.002005162059504073,0.0034540168667353704,0.000134037669852205,-0.0025653652535595484,0.0020894939112281463,0.003311351655467832
gmat_two_body,numerical_two_body,EarthMJ2000Eq,97800.0,2026-08-05T22:02:00Z,-6.847903577522629e-06,5.332367436494678e-06,5.370566213969141e-06,1.0206415009368513e-05,-9.681144774731365e-08,7.323475159637383e-06,-6.3793414994961495e-06,9.7128090085945e-06
gmat_two_body,numerical_two_body,EarthMJ2000Eq,97860.0,2026-08-05T22:03:00Z,-6.8420149546000175e-06,5.762558430433273e-06,4.976755008101463e-06,1.0236617542615865e-05,2.842170943040401e-07,7.0676797747637465e-06,-6.714184763723097e-06,9.752597284657588e-06
gmat_two_body,numerical_two_body,EarthMJ2000Eq,97920.0,2026-08-05T22:04:00Z,-6.813479558331892e-06,6.180016498547047e-06,4.563844413496554e-06,1.0268631040441758e-05,6.687983500341943e-07,6.784794948089257e-06,-7.0317085487658915e-06,9.794164529729592e-06
gmat_two_body,numerical_two_body,EarthMJ2000Eq,97980.0,2026-08-05T22:05:00Z,-6.761979420844e-06,6.579284672625363e-06,4.131834430154413e-06,1.0299680007144407e-05,1.0542677841840487e-06,6.4721561443548126e-06,-7.327471962526033e-06,9.833215703892762e-06
gmat_two_body,numerical_two_body,EarthMJ2000Eq,98040.0,2026-08-05T22:06:00Z,0.0022561678179044975,-0.0022995554900262505,-0.0012983018677914515,0.0034733033864274773,-0.0005098206301568098,-0.002057528369903139,0.0025923907465141838,0.003348705697803574
gmat_two_body,numerical_two_body,EarthMJ2000Eq,98100.0,2026-08-05T22:07:00Z,-6.5897438616957515e-06,7.315975381061435e-06,3.219611244276166e-06,1.0359252700041802e-05,1.8252066524837574e-06,5.777600620149315e-06,-7.843947713581656e-06,9.911587359430557e-06
gmat_two_body,numerical_two_body,EarthMJ2000Eq,98160.0,2026-08-05T22:08:00Z,-6.468326319009066e-06,7.651124178664759e-06,2.7430360205471516e-06,1.0387646180754955e-05,2.2097879082139116e-06,5.39124300757976e-06,-8.065992318506687e-06,9.950321394220138e-06
gmat_two_body,numerical_two_body,EarthMJ2000Eq,98220.0,2026-08-05T22:09:00Z,0.0021300784283084795,-0.0026347775019530673,-0.0008120614438666962,0.0034840680797249115,-0.0008886900104698725,-0.001656172976538528,0.0027968527493982265,0.0033697276098732147
gmat_two_body,numerical_two_body,EarthMJ2000Eq,98280.0,2026-08-05T22:10:00Z,-6.15909812040627e-06,8.2477527030278e-06,1.7507773009128869e-06,1.0441510209949815e-05,2.9620750296999176e-06,4.552802579382842e-06,-8.425704578485238e-06,1.0024689394306137e-05
gmat_two_body,numerical_two_body,EarthMJ2000Eq,98340.0,2026-08-05T22:11:00Z,-5.9694684750866145e-06,8.507868187734857e-06,1.241460267920047e-06,1.0467072110755128e-05,3.327116360196669e-06,4.101607942175178e-06,-8.56392734505107e-06,1.0061498027476639e-05
gmat_two_body,numerical_two_body,EarthMJ2000Eq,98400.0,2026-08-05T22:12:00Z,-5.758920451626182e-06,8.741153578739613e-06,7.275957614183426e-07,1.0492965560188625e-05,3.6832759064964193e-06,3.631761558153812e-06,-8.671730000742173e-06,1.0097282536625023e-05
gmat_two_body,numerical_two_body,EarthMJ2000Eq,98460.0,2026-08-05T22:13:00Z,-5.5265445553231984e-06,8.94488039193675e-06,2.02817318495363e-07,1.051640218005705e-05,4.029221400969618e-06,3.142375248899043e-06,-8.74883498980239e-06,1.0131695859120302e-05
gmat_two_body,numerical_two_body,EarthMJ2000Eq,98520.0,2026-08-05T22:14:00Z,0.0017746228877513204,-0.0030157152650645003,5.5504642659798265e-05,0.0034995579319437873,-0.0014660259672893972,-0.0008609744028831301,0.0029446378807529427,0.0034002060684540807
gmat_two_body,numerical_two_body,EarthMJ2000Eq,98580.0,2026-08-05T22:15:00Z,-5.002675607101992e-06,9.262066669180058e-06,-8.531060302630067e-07,1.0561270383486096e-05,4.68158845023936e-06,2.121858244663599e-06,-8.805567386360735e-06,1.0195958504407583e-05
gmat_two_body,numerical_two_body,EarthMJ2000Eq,98640.0,2026-08-05T22:16:00Z,-4.713001544587314e-06,9.373479770147242e-06,-1.3797034625895321e-06,1.0581969958628854e-05,4.987121826616203e-06,1.5916157281026244e-06,-8.785638883068714e-06,1.0227026709808882e-05
gmat_two_body,numerical_two_body,EarthMJ2000Eq,98700.0,2026-08-05T22:17:00Z,0.0014836437003395986,-0.0031235103961080313,0.0005836800482938997,0.0035068787009146316,-0.001758907242077612,-0.00033237590457702026,0.0029079176844248877,0.0034147055052474824
gmat_two_body,numerical_two_body,EarthMJ2000Eq,98760.0,2026-08-05T22:18:00Z,-4.0804479795042425e-06,9.499729003437096e-06,-2.4292603484354913e-06,1.062055613857698e-05,5.545786052607582e-06,5.080380560684716e-07,-8.646194871175794e-06,1.0284480120942295e-05
gmat_two_body,numerical_two_body,EarthMJ2000Eq,98820.0,2026-08-05T22:19:00Z,0.0012623822840396315,-0.0031416637256143076,0.000928376721276436,0.0035107753178615507,-0.0019244845717025783,3.0596858380249614e-05,0.0028299458332270433,0.003422450942447985
gmat_two_body,numerical_two_body,EarthMJ2000Eq,98880.0,2026-08-05T22:20:00Z,-3.385139279998839e-06,9.494499408901902e-06,-3.4524418879300356e-06,1.0654766161683865e-05,6.0276228452949e-06,-5.950795411990839e-07,-8.375966586982031e-06,1.0336497138378848e-05
gmat_two_body,numerical_two_body,EarthMJ2000Eq,98940.0,2026-08-05T22:21:00Z,-3.016793925780803e-06,9.443169801670592e-06,-3.9481165003962815e-06,1.0670619728699583e-05,6.2376770415539795e-06,-1.1510792319313623e-06,-8.192557743313955e-06,1.036106175304668e-05
gmat_two_body,numerical_two_body,EarthMJ2000Eq,99000.0,2026-08-05T22:22:00Z,0.000897315658221487,-0.0030869352940499084,0.001421559318259824,0.00351499300077138,-0.0021208319544996357,0.00057649085505318,0.0026344815218237727,0.0034308545253358665
gmat_two_body,numerical_two_body,EarthMJ2000Eq,99060.0,2026-08-05T22:23:00Z,-2.2464519133791327e-06,9.239329301635735e-06,-4.903995431959629e-06,1.069864119128548e-05,6.588063428125679e-06,-2.248867758680717e-06,-7.72981678665019e-06,1.0402406139168947e-05
gmat_two_body,numerical_two_body,EarthMJ2000Eq,99120.0,2026-08-05T22:24:00Z,-1.8471837393008173e-06,9.087898433790542e-06,-5.360561772249639e-06,1.0711564228614518e-05,6.727729484623524e-06,-2.7968738436356944e-06,-7.453593298123451e-06,1.0423094567800727e-05
gmat_two_body,numerical_two_body,EarthMJ2000Eq,99180.0,2026-08-05T22:25:00Z,0.0005030542524764314,-0.0029350962904572953,0.0018714599718805403,0.003517131820324895,-0.0022477411043553275,0.0011062457616617394,0.002350317274135705,0.0034351289708690357
gmat_two_body,numerical_two_body,EarthMJ2000Eq,99240.0,2026-08-05T22:26:00Z,-1.027729013003409e-06,8.68885763338767e-06,-6.21821527602151e-06,1.0733996232363575e-05,6.9322325657594774e-06,-3.852029806239443e-06,-6.814993014359061e-06,1.0456486587745241e-05
gmat_two_body,numerical_two_body,EarthMJ2000Eq,99300.0,2026-08-05T22:27:00Z,0.00023038410290610045,-0.002782093815767439,0.002139792741218116,0.0035173620527282966,-0.002291070611004642,0.0014406627002472305,0.002116319564038349,0.003435596317617117
gmat_two_body,numerical_two_body,EarthMJ2000Eq,99360.0,2026-08-05T22:28:00Z,-1.8917489796876907e-07,8.166807674570009e-06,-6.9903762778267264e-06,1.075164616424107e-05,7.033817972512679e-06,-4.856559598920285e-06,-6.070699498650356e-06,1.0483995364898863e-05
gmat_two_body,numerical_two_body,EarthMJ2000Eq,99420.0,2026-08-05T22:29:00Z,2.3283064365386963e-07,7.862126949476078e-06,-7.343260222114623e-06,1.0760609693135107e-05,7.045530825422475e-06,-5.335287767138652e-06,-5.6630256040079985e-06,1.0496411727910057e-05
gmat_two_body,numerical_two_body,EarthMJ2000Eq,99480.0,2026-08-05T22:30:00Z,-0.00018326682038605213,-0.002480542207194958,0.0024849327928677667,0.003515902068345995,-0.0022922932996216616,0.0019003660867156213,0.0017080425962490153,0.0034326970949430254
gmat_two_body,numerical_two_body,EarthMJ2000Eq,99540.0,2026-08-05T22:31:00Z,1.076841726899147e-06,7.1668182499706745e-06,-7.96990207163617e-06,1.0772289030859428e-05,6.989409051527673e-06,-6.231459792616079e-06,-4.786393503763975e-06,1.0516296534875848e-05
gmat_two_body,numerical_two_body,EarthMJ2000Eq,99600.0,2026-08-05T22:32:00Z,1.4933903003111482e-06,6.78028300171718e-06,-8.243659976869822e-06,1.0777772589300802e-05,6.9223515808403135e-06,-6.644462757776637e-06,-4.318323476582009e-06,1.0522155406409963e-05
gmat_two_body,numerical_two_body,EarthMJ2000Eq,99660.0,2026-08-05T22:33:00Z,-0.0005902738848817535,-0.0021018640836700797,0.002751393367361743,0.0035123242087480838,-0.0022175334901675114,0.002295087675463492,0.0012449206110431987,0.0034255962321731804
gmat_two_body,numerical_two_body,EarthMJ2000Eq,99720.0,2026-08-05T22:34:00Z,2.3128450266085565e-06,5.9380909078754485e-06,-8.703864295966923e-06,1.0787373611306359e-05,6.711076139254146e-06,-7.395861700842943e-06,-3.3377745012330706e-06,1.0529864760097514e-05
gmat_two_body,numerical_two_body,EarthMJ2000Eq,99780.0,2026-08-05T22:35:00Z,-0.0008512679414707236,-0.0018128757801605389,0.002881085492845159,0.003508821642596175,-0.002127139353547136,0.0025152595561905855,0.0009143077406292832,0.003418656330927637
gmat_two_body,numerical_two_body,EarthMJ2000Eq,99840.0,2026-08-05T22:36:00Z,3.1013769330456853e-06,5.009496817365289e-06,-9.043560567079112e-06,1.079349734675694e-05,6.401990049198503e-06,-8.038458787495983e-06,-2.311040248059726e-06,1.0532957955696017e-05
gmat_two_body,numerical_two_body,EarthMJ2000Eq,99900.0,2026-08-05T22:37:00Z,3.4815457183867693e-06,4.5183696784079075e-06,-9.16588760446757e-06,1.079584738303138e-05,6.214584402641776e-06,-8.315126365232572e-06,-1.7843504451775516e-06,1.0533104588797626e-05
gmat_two_body,numerical_two_body,EarthMJ2000Eq,99960.0,2026-08-05T22:38:00Z,-0.001217853423440829,-0.0013355629562283866,0.002999547518811596,0.0035020252267287935,-0.0019352821567508727,0.002773215435070142,0.0003993498864929279,0.003405219700311788
gmat_two_body,numerical_two_body,EarthMJ2000Eq,100020.0,2026-08-05T22:39:00Z,4.200501280138269e-06,3.4942786442115903e-06,-9.316977411799598e-06,1.0800938030551808e-05,5.770495192791714e-06,-8.776979143476638e-06,-7.212008767965017e-07,1.0528727765487539e-05
gmat_two_body,numerical_two_body,EarthMJ2000Eq,100080.0,2026-08-05T22:40:00Z,4.541561793303117e-06,2.9594957595691085e-06,-9.344049090032058e-06,1.080257617747855e-05,5.519584789226428e-06,-8.963052522403814e-06,-1.8385293287792592e-07,1.0527864392447166e-05
gmat_two_body,numerical_two_body,EarthMJ2000Eq,100140.0,2026-08-05T22:41:00Z,4.863068170379847e-06,2.418346412014216e-06,-9.339828466181643e-06,1.0804176376566637e-05,5.24869037121789e-06,-9.11382080914791e-06,3.490541189421492e-07,1.0522942513010482e-05
gmat_two_body,numerical_two_body,EarthMJ2000Eq,100200.0,2026-08-05T22:42:00Z,5.169567884877324e-06,1.8671926227398217e-06,-9.302425496571232e-06,1.0804904466307306e-05,4.960476474025199e-06,-9.231948538968027e-06,8.837375276016246e-07,1.0517423291529289e-05
gmat_two_body,numerical_two_body,EarthMJ2000Eq,100260.0,2026-08-05T22:43:00Z,-0.0017348256733384915,-0.0004636667654267512,0.0029892846669099526,0.0034871807819582,-0.0014874075304760481,0.002995085957024912,-0.00046353409999255746,0.0033760605612963464
gmat_two_body,numerical_two_body,EarthMJ2000Eq,100320.0,2026-08-05T22:44:00Z,5.728907126467675e-06,7.485141395591199e-07,-9.133827916230075e-06,1.0807750121284071e-05,4.335642955766161e-06,-9.374723219934822e-06,1.9326762412674725e-06,1.050801944915547e-05
gmat_two_body,numerical_two_body,EarthMJ2000Eq,100380.0,2026-08-05T22:45:00Z,5.978563422104344e-06,1.864464138634503e-07,-9.001951184473e-06,1.0808011287235102e-05,4.0034642267983145e-06,-9.396150524310087e-06,2.446043367854145e-06,1.0502309205511415e-05
gmat_two_body,numerical_two_body,EarthMJ2000Eq,100440.0,2026-08-05T22:46:00Z,-0.001973584403458517,7.735707185929641e-05,0.002861131179088261,0.003476649412594307,-0.0011594876170306634,0.003000452858392677,-0.0009551737178981057,0.0033555157160781593
gmat_two_body,numerical_two_body,EarthMJ2000Eq,100500.0,2026-08-05T22:47:00Z,6.418758857762441e-06,-9.395080269314349e-07,-8.647930371807888e-06,1.081063551889572e-05,3.298694650766265e-06,-9.344414131362555e-06,3.4354741274000844e-06,1.0488181173942295e-05
gmat_two_body,numerical_two_body,EarthMJ2000Eq,100560.0,2026-08-05T22:48:00Z,6.605205271625891e-06,-1.4979377738200128e-06,-8.42646841192618e-06,1.0811009395599518e-05,2.9309887850104133e-06,-9.27136145634222e-06,3.912425938779052e-06,1.048121725938529e-05
gmat_two_body,numerical_two_body,EarthMJ2000Eq,100620.0,2026-08-05T22:49:00Z,6.769141691620462e-06,-2.050910552497953e-06,-8.17817635834217e-06,1.081249656109673e-05,2.5552893134772603e-06,-9.166889469724993e-06,4.375166895442817e-06,1.0473941540256217e-05
gmat_two_body,numerical_two_body,EarthMJ2000Eq,100680.0,2026-08-05T22:50:00Z,6.912159733474255e-06,-2.5947883841581643e-06,-7.9016899690032e-06,1.081423059241252e-05,2.1733725930062064e-06,-9.032330439140424e-06,4.82192064055198e-06,1.0466969965259018e-05
gmat_two_body,numerical_two_body,EarthMJ2000Eq,100740.0,2026-08-05T22:51:00Z,-0.0022318376977636945,0.0009544837666908279,0.002462089923938038,0.0034574594088134527,-0.0005533040692284885,0.0028064661705684557,-0.0016821148918211293,0.0033184195438275108
gmat_two_body,numerical_two_body,EarthMJ2000Eq,100800.0,2026-08-05T22:52:00Z,7.125436241040006e-06,-3.6588971852324903e-06,-7.271410140674561e-06,1.0818168776236273e-05,1.3917755836700962e-06,-8.673950446791423e-06,5.656808355070098e-06,1.044863323093907e-05
gmat_two_body,numerical_two_body,EarthMJ2000Eq,100860.0,2026-08-05T22:53:00Z,7.197854756668676e-06,-4.173671186435968e-06,-6.921254680491984e-06,1.082277277885921e-05,9.965361869035405e-07,-8.455458555545192e-06,6.046718681318453e-06,1.0442732907019897e-05
gmat_two_body,numerical_two_body,EarthMJ2000Eq,100920.0,2026-08-05T22:54:00Z,-0.0022973351860855473,0.0014403995010070503,0.0021258556444081478,0.0034455423231459594,-0.00017393819717881343,0.0025799020697547803,-0.002043240243665423,0.0032956000787863734
gmat_two_body,numerical_two_body,EarthMJ2000Eq,100980.0,2026-08-05T22:55:00Z,7.269008506227692e-06,-5.158653948456049e-06,-6.150003173388541e-06,1.0829253633386784e-05,2.007283228522283e-07,-7.937206447650169e-06,6.758149595498253e-06,1.0426510634308473e-05
gmat_two_body,numerical_two_body,EarthMJ2000Eq,101040.0,2026-08-05T22:56:00Z,7.268880608535255e-06,-5.62795321457088e-06,-5.7343640946783125e-06,1.0834824145175334e-05,-1.971756091734278e-07,-7.641443033890027e-06,7.081002451059248e-06,1.0419746905416965e-05
gmat_two_body,numerical_two_body,EarthMJ2000Eq,101100.0,2026-08-05T22:57:00Z,7.245091637742007e-06,-6.075424607843161e-06,-5.300535121932626e-06,1.0839640657499062e-05,-5.933031843596837e-07,-7.321698802797982e-06,7.380762667708041e-06,1.0413209859812557e-05
gmat_two_body,numerical_two_body,EarthMJ2000Eq,101160.0,2026-08-05T22:58:00Z,7.198082130344119e-06,-6.506525096483529e-06,-4.8476067604497075e-06,1.0846499273512493e-05,-9.85878045867139e-07,-6.984635092521785e-06,7.65565388860523e-06,1.040990486791911e-05
gmat_two_body,numerical_two_body,EarthMJ2000Eq,101220.0,2026-08-05T22:59:00Z,-0.002255539584439248,0.0021392115741036832,0.0014404067769646645,0.0034261431171037303,0.00044720938063846916,0.0020504060671555635,-0.0024931048336895856,0.003258793178789621
gmat_two_body,numerical_two_body,EarthMJ2000Eq,101280.0,2026-08-05T23:00:00Z,7.033349902485497e-06,-7.302332960534841e-06,-3.899003786500543e-06,1.0862518494550509e-05,-1.7541523789077473e-06,-6.24211793365248e-06,8.131717521564497e-06,1.0400284453637442e-05
gmat_two_body,numerical_two_body,EarthMJ2000Eq,101340.0,2026-08-05T23:01:00Z,6.916707206983119e-06,-7.664311851840466e-06,-3.4060576581396163e-06,1.087123468240687e-05,-2.1307400288606004e-06,-5.843325823207124e-06,8.333334022836425e-06,1.0398507858481966e-05
gmat_two_body,numerical_two_body,EarthMJ2000Eq,101400.0,2026-08-05T23:02:00Z,-0.00214323949876416,0.002473868789820699,0.0009751329343998805,0.003415316468215369,0.000796510413181295,0.0016604575492351614,-0.0026638375949517012,0.003238453155967574
gmat_two_body,numerical_two_body,EarthMJ2000Eq,101460.0,2026-08-05T23:03:00Z,6.618392944801599e-06,-8.31596480566077e-06,-2.384695108048618e-06,1.0892436209551063e-05,-2.858158154595003e-06,-4.9960036108132044e-06,8.65441052155802e-06,1.0393649098925297e-05
gmat_two_body,numerical_two_body,EarthMJ2000Eq,101520.0,2026-08-05T23:04:00Z,-0.0020344627955637407,0.002656327524164226,0.0006508607839350589,0.003408626489105258,0.0010141256723272818,0.00137793243482065,-0.0027348912023938965,0.003225953899722617
gmat_two_body,numerical_two_body,EarthMJ2000Eq,101580.0,2026-08-05T23:05:00Z,6.23367668595165e-06,-8.863480616128072e-06,-1.3333192327991128e-06,1.0917772384236963e-05,-3.5491609651217004e-06,-4.091837979558477e-06,8.872014234384551e-06,1.0394821700367105e-05
gmat_two_body,numerical_two_body,EarthMJ2000Eq,101640.0,2026-08-05T23:06:00Z,6.00994098931551e-06,-9.094492270378396e-06,-7.98536348156631e-07,1.0930088775959434e-05,-3.878231069620597e-06,-3.6202152386977104e-06,8.941514195726086e-06,1.0396985655286861e-05
gmat_two_body,numerical_two_body,EarthMJ2000Eq,101700.0,2026-08-05T23:07:00Z,-0.001824550508899847,0.002864367161237169,0.00015362093108706176,0.003399585737169843,0.001312102870798526,0.0009294893743572175,-0.002777239660467501,0.0032091470163073464
gmat_two_body,numerical_two_body,EarthMJ2000Eq,101760.0,2026-08-05T23:08:00Z,5.5069904192350805e-06,-9.471932571614161e-06,2.7830537874251604e-07,1.0960013868722485e-05,-4.501732320250085e-06,-2.651212582804874e-06,8.999051503977284e-06,1.040564510319485e-05
gmat_two_body,numerical_two_body,EarthMJ2000Eq,101820.0,2026-08-05T23:09:00Z,5.2286850404925644e-06,-9.616314855520613e-06,8.194547262974083e-07,1.0976527898275862e-05,-4.791722574282176e-06,-2.155609024612204e-06,8.988143562760342e-06,1.0411242970974463e-05
gmat_two_body,numerical_two_body,EarthMJ2000Eq,101880.0,2026-08-05T23:10:00Z,-0.0015644959603378084,0.0029898160391894635,-0.0003443929017521441,0.0033919395673987405,0.0015703078837248086,0.0004622924265618167,-0.002743817506534185,0.0031950141856505383
gmat_two_body,numerical_two_body,EarthMJ2000Eq,101940.0,2026-08-05T23:11:00Z,4.620687832357362e-06,-9.81515313469572e-06,1.8944774637930095e-06,1.101258516255117e-05,-5.332179142669702e-06,-1.1457501614131615e-06,8.888001445939153e-06,1.0427916740409684e-05
gmat_two_body,numerical_two_body,EarthMJ2000Eq,102000.0,2026-08-05T23:12:00Z,-0.0013670050975633785,0.003026345950729592,-0.0006701893653371371,0.0033877170093844404,0.0017177179678640186,0.00014629986111458493,-0.002680782484887345,0.0031872485622812365
gmat_two_body,numerical_two_body,EarthMJ2000Eq,102060.0,2026-08-05T23:13:00Z,3.949935489799827e-06,-9.891515162507858e-06,2.9476723284460604e-06,1.1051372527409873e-05,-5.810463221678219e-06,-1.1901590823981678e-07,8.681055874149024e-06,1.0446835823683009e-05
gmat_two_body,numerical_two_body,EarthMJ2000Eq,102120.0,2026-08-05T23:14:00Z,3.5943230614066124e-06,-9.883251550490968e-06,3.4633558243513107e-06,1.107215665740463e-05,-6.0254023992456496e-06,3.979039320256561e-07,8.540723683836404e-06,1.0459816568927046e-05
gmat_two_body,numerical_two_body,EarthMJ2000Eq,102180.0,2026-08-05T23:15:00Z,-0.0010407975423731841,0.00301007730740821,-0.001140001586463768,0.003382813701332639,0.0018985675254157286,-0.00032598901356095666,-0.0025279622839491367,0.0031782732410217634
gmat_two_body,numerical_two_body,EarthMJ2000Eq,102240.0,2026-08-05T23:16:00Z,2.8458089218474925e-06,-9.774112186278217e-06,4.469256964512169e-06,1.1117830510691357e-05,-6.4004357369640275e-06,1.4264145420384011e-06,8.183231869907104e-06,1.0486444578855513e-05
gmat_two_body,numerical_two_body,EarthMJ2000Eq,102300.0,2026-08-05T23:17:00Z,2.456545189488679e-06,-9.673613021732308e-06,4.95401764055714e-06,1.1142517397122617e-05,-6.562750343164225e-06,1.9380053117856733e-06,7.967848603129823e-06,1.0502959964581866e-05
gmat_two_body,numerical_two_body,EarthMJ2000Eq,102360.0,2026-08-05T23:18:00Z,-0.0006866030162200332,0.0029096997877786634,-0.0015763152987346984,0.0033797257992190296,0.002028134327147768,-0.0007864642270760669,-0.00230954722013621,0.003172674454063067
gmat_two_body,numerical_two_body,EarthMJ2000Eq,102420.0,2026-08-05T23:19:00Z,1.6552803572267294e-06,-9.379164112033322e-06,5.880792741663754e-06,1.1193408585943764e-05,-6.828759779864413e-06,2.9469759965650155e-06,7.466471885209103e-06,1.053873000261617e-05
gmat_two_body,numerical_two_body,EarthMJ2000Eq,102480.0,2026-08-05T23:20:00Z,-0.0004395860742079094,0.002797495199047262,-0.0018429655028739944,0.003378718270308076,0.002084779682220983,-0.0010816760820375748,-0.002130290610580232,0.0031708780417070413
gmat_two_body,numerical_two_body,EarthMJ2000Eq,102540.0,2026-08-05T23:21:00Z,8.221832104027271e-07,-8.968072506831959e-06,6.740265234839171e-06,1.124871037742749e-05,-7.018274850167927e-06,3.931965864012454e-06,6.873612790059269e-06,1.058126127717888e-05
gmat_two_body,numerical_two_body,EarthMJ2000Eq,102600.0,2026-08-05T23:22:00Z,3.9835867937654257e-07,-8.71705196914263e-06,7.143171387724578e-06,1.1276993488717422e-05,-7.081724096025255e-06,4.410694032230822e-06,6.545874953189923e-06,1.060441025804738e-05
gmat_two_body,numerical_two_body,EarthMJ2000Eq,102660.0,2026-08-05T23:23:00Z,-5.9973899624310434e-05,0.002564688657002989,-0.0021988907974446192,0.0033788082980664314,0.0021239091596569892,-0.0014993997154988392,-0.0018157404468865934,0.0031711359156890114
gmat_two_body,numerical_two_body,EarthMJ2000Eq,102720.0,2026-08-05T23:24:00Z,-4.5656634029001e-07,-8.132701623253524e-06,7.888047548476607e-06,1.1338896888277277e-05,-7.149031366893155e-06,5.331735053459852e-06,5.825562254813121e-06,1.06523811305181e-05
gmat_two_body,numerical_two_body,EarthMJ2000Eq,102780.0,2026-08-05T23:25:00Z,-8.840288501232862e-07,-7.797098078299314e-06,8.22456058813259e-06,1.1367481793182388e-05,-7.151390590820483e-06,5.774936084890214e-06,5.437428285404167e-06,1.0679789348388673e-05
gmat_two_body,numerical_two_body,EarthMJ2000Eq,102840.0,2026-08-05T23:26:00Z,-1.3114913599565625e-06,-7.439666660502553e-06,8.53833626024425e-06,1.1400519097814612e-05,-7.133404977821556e-06,6.203926261605375e-06,5.030642569181509e-06,1.0708946367215933e-05
gmat_two_body,numerical_two_body,EarthMJ2000Eq,102900.0,2026-08-05T23:27:00Z,-1.7398633644916117e-06,-7.054950401652604e-06,8.828010322758928e-06,1.1433862687456787e-05,-7.093770015842438e-06,6.616929226765933e-06,4.6060932845648495e-06,1.0738781158763215e-05
gmat_two_body,numerical_two_body,EarthMJ2000Eq,102960.0,2026-08-05T23:28:00Z,0.0005722667992813513,0.0020207817215123214,-0.0026523480300966185,0.0033831934807686415,0.0020651436116736477,-0.0021052777299246372,-0.0011879910388756798,0.003179360810823778
gmat_two_body,numerical_two_body,EarthMJ2000Eq,103020.0,2026-08-05T23:29:00Z,-2.5820554583333433e-06,-6.2118488131091e-06,9.329141903435811e-06,1.1501607049507296e-05,-6.95044022336333e-06,7.390976719534592e-06,3.708144902248023e-06,1.0802106034626637e-05
gmat_two_body,numerical_two_body,EarthMJ2000Eq,103080.0,2026-08-05T23:30:00Z,-2.9949660529382527e-06,-5.7607394410297275e-06,9.53514245338738e-06,1.1535808691725012e-05,-6.846967437468265e-06,7.751133068722993e-06,3.2391866966463567e-06,1.0837590017828346e-05
gmat_two_body,numerical_two_body,EarthMJ2000Eq,103140.0,2026-08-05T23:31:00Z,0.0009349878382636234,0.0016144267647177912,-0.002828369133567321,0.003388251465292149,0.001955957618093862,-0.0024001565179787576,-0.0007628244702573284,0.0031887964323548002
gmat_two_body,numerical_two_body,EarthMJ2000Eq,103200.0,2026-08-05T23:32:00Z,-3.802597348112613e-06,-4.78939909953624e-06,9.866653272183612e-06,1.1608140984671198e-05,-6.576073019459727e-06,8.407496920881385e-06,2.2577495428777183e-06,1.0910003383604458e-05
gmat_two_body,numerical_two_body,EarthMJ2000Eq,103260.0,2026-08-05T23:33:00Z,-4.193680069874972e-06,-4.270987119525671e-06,9.986933946493082e-06,1.164332998567148e-05,-6.409539565765954e-06,8.699707620962727e-06,1.7497114868092467e-06,1.0946625069966925e-05
gmat_two_body,numerical_two_body,EarthMJ2000Eq,103320.0,2026-08-05T23:34:00Z,-4.571120371110737e-06,-3.7443896871991456e-06,1.0077314982481766e-05,1.1681946448813158e-05,-6.220357562369827e-06,8.970157949761415e-06,1.2301271112846734e-06,1.0984980407689264e-05
gmat_two_body,numerical_two_body,EarthMJ2000Eq,103380.0,2026-08-05T23:35:00Z,-4.939465725328773e-06,-3.1968738767318428e-06,1.0136204764421564e-05,1.1720109694952116e-05,-6.012079722950148e-06,9.2148511043888e-06,7.061018436615996e-07,1.1025296516864575e-05
gmat_two_body,numerical_two_body,EarthMJ2000Eq,103440.0,2026-08-05T23:36:00Z,0.0014803472367930226,0.0008369925126316957,-0.0029445157920804377,0.003400317287767914,0.001655935832900468,-0.0027514854838983638,-3.97282207131866e-06,0.003211356665663655
gmat_two_body,numerical_two_body,EarthMJ2000Eq,103500.0,2026-08-05T23:37:00Z,-5.632955435430631e-06,-2.068190951831639e-06,1.0156611551792594e-05,1.179679443598101e-05,-5.53024293026283e-06,9.622969088241007e-06,-3.668176873361517e-07,1.1104939268483489e-05
gmat_two_body,numerical_two_body,EarthMJ2000Eq,103560.0,2026-08-05T23:38:00Z,-5.95719029661268e-06,-1.4861143426969647e-06,1.0118128557223827e-05,1.183525147895617e-05,-5.259792601464142e-06,9.78461756062643e-06,-9.112710586123285e-07,1.1146056430881752e-05
gmat_two_body,numerical_two_body,EarthMJ2000Eq,103620.0,2026-08-05T23:39:00Z,0.0017569918782101013,0.0003301920514786616,-0.002903136419263319,0.0034094351907330623,0.0014101559919765805,-0.0028669409068982077,0.0004639284512109043,0.0032284856656328398
gmat_two_body,numerical_two_body,EarthMJ2000Eq,103680.0,2026-08-05T23:40:00Z,-6.555637810379267e-06,-2.9740476747974753e-07,9.944415069185197e-06,1.1914538504064335e-05,-4.666045327894608e-06,1.0021927732140057e-05,-2.0028423364237824e-06,1.1234873915392932e-05
gmat_two_body,numerical_two_body,EarthMJ2000Eq,103740.0,2026-08-05T23:41:00Z,-6.82530298945494e-06,3.064997144974768e-07,9.806399248191155e-06,1.1951743353493399e-05,-4.338751580235112e-06,1.009502897941772e-05,-2.5499602429590595e-06,1.1279923431076475e-05
gmat_two_body,numerical_two_body,EarthMJ2000Eq,103800.0,2026-08-05T23:42:00Z,-7.074959285091609e-06,9.1313268058002e-07,9.638370102038607e-06,1.1991123316934027e-05,-3.9968028886505635e-06,1.0135337014105517e-05,-3.091749078976136e-06,1.1325122608059155e-05
gmat_two_body,numerical_two_body,EarthMJ2000Eq,103860.0,2026-08-05T23:43:00Z,-7.304606697289273e-06,1.5224941307678819e-06,9.43600753089413e-06,1.2029692660388157e-05,-3.6344260934129125e-06,1.0143219597580355e-05,-3.629985201314412e-06,1.136972952162805e-05
gmat_two_body,numerical_two_body,EarthMJ2000Eq,103920.0,2026-08-05T23:44:00Z,0.002107158707076451,-0.0005380088623496704,-0.0026485158741706982,0.003426982300582987,0.0009064331507602219,-0.0028832261023126193,0.0012263274840051963,0.003261670264125489
gmat_two_body,numerical_two_body,EarthMJ2000Eq,103980.0,2026-08-05T23:45:00Z,-7.694552550674416e-06,2.735760062932968e-06,8.935330697568133e-06,1.2104984789413515e-05,-2.8679281172117044e-06,1.0059286736918693e-05,-4.685141163918161e-06,1.146144882058469e-05
gmat_two_body,numerical_two_body,EarthMJ2000Eq,104040.0,2026-08-05T23:46:00Z,-7.855078365537338e-06,3.3369360608048737e-06,8.638835424790159e-06,1.2143594027273887e-05,-2.4646951146678475e-06,9.967138225874805e-06,-5.199396468924533e-06,1.1508791859401542e-05
gmat_two_body,numerical_two_body,EarthMJ2000Eq,104100.0,2026-08-05T23:47:00Z,0.0022394531242753146,-0.0010491457942407578,-0.0023889510885055643,0.0034384508861799172,0.0005587699192233231,-0.002782003516443865,0.001652201042645629,0.0032835248854629034
gmat_two_body,numerical_two_body,EarthMJ2000Eq,104160.0,2026-08-05T23:48:00Z,-8.10075562185375e-06,4.520188667811453e-06,7.95444066170603e-06,1.221996208988426e-05,-1.6209256159527285e-06,9.679368417891965e-06,-6.192379942149273e-06,1.1604444931562592e-05
gmat_two_body,numerical_two_body,EarthMJ2000Eq,104220.0,2026-08-05T23:49:00Z,0.0022918652575754095,-0.001376495674776379,-0.002174739165639039,0.0034462845413754887,0.00031326319316349327,-0.0026676305608930306,0.0019146719765217313,0.0032985383755959378
gmat_two_body,numerical_two_body,EarthMJ2000Eq,104280.0,2026-08-05T23:50:00Z,-8.242750482168049e-06,5.657057045027614e-06,7.157723302952945e-06,1.2295455778604298e-05,-7.362999099314038e-07,9.254375044065455e-06,-7.1240791044147045e-06,1.1702055293816754e-05
gmat_two_body,numerical_two_body,EarthMJ2000Eq,104340.0,2026-08-05T23:51:00Z,-8.273730145447189e-06,6.205482350196689e-06,6.715708877891302e-06,1.2331397627636222e-05,-2.815525590449397e-07,8.989253785784967e-06,-7.560174708487466e-06,1.1749136014686683e-05
gmat_two_body,numerical_two_body,EarthMJ2000Eq,104400.0,2026-08-05T23:52:00Z,0.0023140984524161468,-0.0018362334230914712,-0.0017976162780541927,0.0034580672513238424,-6.815259467884971e-05,-0.0024269586340608384,0.002266248522175829,0.0033212430431794715
gmat_two_body,numerical_two_body,EarthMJ2000Eq,104460.0,2026-08-05T23:53:00Z,-8.2519591160235e-06,7.249582267832011e-06,5.762558430433273e-06,1.2403965171458087e-05,6.403766406037903e-07,8.359535286217579e-06,-8.36397617831608e-06,1.1842635262254202e-05
gmat_two_body,numerical_two_body,EarthMJ2000Eq,104520.0,2026-08-05T23:54:00Z,-8.200117918022443e-06,7.73979991208762e-06,5.250512913335115e-06,1.2438421218214273e-05,1.1040057756872557e-06,7.995382134140527e-06,-8.731237954862081e-06,1.1890310359620919e-05
gmat_two_body,numerical_two_body,EarthMJ2000Eq,104580.0,2026-08-05T23:55:00Z,0.0022669826194032794,-0.00224544510274427,-0.0013626086001750082,0.0034695728992753094,-0.0004553095678261343,-0.0021071659972449197,0.0025557644889318,0.003343559101524007
gmat_two_body,numerical_two_body,EarthMJ2000Eq,104640.0,2026-08-05T23:56:00Z,-8.011511454242282e-06,8.652023097965866e-06,4.1636667447164655e-06,1.2505116562041635e-05,2.036593116372387e-06,7.172040739078511e-06,-9.378720022823472e-06,1.1981079632118598e-05
gmat_two_body,numerical_two_body,EarthMJ2000Eq,104700.0,2026-08-05T23:57:00Z,0.002196982904933975,-0.002483386197127402,-0.0010464191291248426,0.003476914419777027,-0.0007105613875069139,-0.0018534196399855318,0.002708365975934157,0.00335787255667895
gmat_two_body,numerical_two_body,EarthMJ2000Eq,104760.0,2026-08-05T23:58:00Z,-7.711832950008102e-06,9.45919964578934e-06,3.004060999955982e-06,1.256873931144999e-05,2.958522316021117e-06,6.229683435776678e-06,-9.903855513471171e-06,1.2068478115988719e-05
gmat_two_body,numerical_two_body,EarthMJ2000Eq,104820.0,2026-08-05T23:59:00Z,-7.52106643631123e-06,9.81935954769142e-06,2.4019755073823035e-06,1.2599831292692391e-05,3.4061642395499803e-06,5.7198690228688065e-06,-1.0117018334199201e-05,1.2110859442669048e-05
gmat_two_body,numerical_two_body,EarthMJ2000Eq,104880.0,2026-08-06T00:00:00Z,0.0020355441847641487,-0.00277882145383046,-0.0005431775207398459,0.0034871665603226727,-0.001079572875539725,-0.0014192753639008515,0.0028689370878964837,0.0033779609480402467
gmat_two_body,numerical_two_body,EarthMJ2000Eq,104940.0,2026-08-06T00:01:00Z,-7.0590431278105825e-06,1.0441453923704103e-05,1.165972207672894e-06,1.2657548779688397e-05,4.284572696633404e-06,4.621192317699752e-06,-1.0439427100550347e-05,1.219404034016653e-05
gmat_two_body,numerical_two_body,EarthMJ2000Eq,105000.0,2026-08-06T00:02:00Z,-6.790742190787569e-06,1.0700659913709387e-05,5.384208634495735e-07,1.2684959563073392e-05,4.705125178361413e-06,4.04209998805527e-06,-1.0547118733938987e-05,1.2235950671905051e-05
gmat_two_body,numerical_two_body,EarthMJ2000Eq,105060.0,2026-08-06T00:03:00Z,0.0018100358829542529,-0.0029911461751908064,-1.8961145542562008e-05,0.003496218652198523,-0.0014202439224675345,-0.0009322711491677182,0.0029402703952130516,0.00339579332289861
gmat_two_body,numerical_two_body,EarthMJ2000Eq,105120.0,2026-08-06T00:04:00Z,-6.175923772389069e-06,1.1114252629340626e-05,-7.357812137342989e-07,1.2736169751760133e-05,5.503153488461976e-06,2.823519196226698e-06,-1.0644540804349845e-05,1.2311101002936363e-05
gmat_two_body,numerical_two_body,EarthMJ2000Eq,105180.0,2026-08-06T00:05:00Z,0.0016271064851025585,-0.003082368493778631,0.0003340092007420026,0.0035014330197052548,-0.0016252261758609166,-0.0005857634377548493,0.002935491849598293,0.003406110879987891
gmat_two_body,numerical_two_body,EarthMJ2000Eq,105240.0,2026-08-06T00:06:00Z,-5.471974873216823e-06,1.13755049824249e-05,-2.0118022803217173e-06,1.2782486887667737e-05,6.231903881825929e-06,1.5436540934388177e-06,-1.0585532450591018e-05,1.2380346974742791e-05
gmat_two_body,numerical_two_body,EarthMJ2000Eq,105300.0,2026-08-06T00:07:00Z,-5.088168109068647e-06,1.1449174053268507e-05,-2.6429916033521295e-06,1.2804625954067144e-05,6.565858967633176e-06,8.890665981198254e-07,-1.049738074243578e-05,1.2413538812538628e-05
gmat_two_body,numerical_two_body,EarthMJ2000Eq,105360.0,2026-08-06T00:08:00Z,0.0013098606359562837,-0.0031394954618235715,0.0008559782145312056,0.003507829149800576,-0.0018905685905679093,-4.623768035116882e-05,0.002848135727262502,0.003418810412941216
gmat_two_body,numerical_two_body,EarthMJ2000Eq,105420.0,2026-08-06T00:09:00Z,-4.2646206566132605e-06,1.1475947303551948e-05,-3.8844518712721765e-06,1.2844194104689623e-05,7.16449122251106e-06,-4.4142467459096224e-07,-1.0202505507095339e-05,1.2474610568794782e-05
gmat_two_body,numerical_two_body,EarthMJ2000Eq,105480.0,2026-08-06T00:10:00Z,-3.826244210358709e-06,1.142961991718039e-05,-4.4919943320564926e-06,1.286290672001231e-05,7.426059767112747e-06,-1.1111112030448567e-06,-9.99733629214461e-06,1.2503106202400033e-05
gmat_two_body,numerical_two_body,EarthMJ2000Eq,105540.0,2026-08-06T00:11:00Z,-3.3742253435775638e-06,1.1342763173161075e-05,-5.085894372314215e-06,1.2880605367683523e-05,7.66275931596283e-06,-1.7790213746593508e-06,-9.751754959097525e-06,1.2529146905043182e-05
gmat_two_body,numerical_two_body,EarthMJ2000Eq,105600.0,2026-08-06T00:12:00Z,-2.9076545615680516e-06,1.1216798156965524e-05,-5.661604518536478e-06,1.2896696540890824e-05,7.869926932357885e-06,-2.446043367854145e-06,-9.468870132423035e-06,1.2553022730114379e-05
gmat_two_body,numerical_two_body,EarthMJ2000Eq,105660.0,2026-08-06T00:13:00Z,0.0006923119144630618,-0.003017048356923624,0.00166360132425325,0.0035141778470903,-0.0021952832884863938,0.0008579474908287921,0.002493926842817018,0.0034314739851921236
gmat_two_body,numerical_two_body,EarthMJ2000Eq,105720.0,2026-08-06T00:14:00Z,-1.9444996723905206e-06,1.0843905329238623e-05,-6.760274118278176e-06,1.292565928375332e-05,8.198774992251856e-06,-3.7498892879739287e-06,-8.79474271187064e-06,1.2594803706832345e-05
gmat_two_body,numerical_two_body,EarthMJ2000Eq,105780.0,2026-08-06T00:15:00Z,-1.4497345546260476e-06,1.0601070243865252e-05,-7.276867108885199e-06,1.2939753301922616e-05,8.317901922794135e-06,-4.3867132148989185e-06,-8.406608742461685e-06,1.2613556824933417e-05
gmat_two_body,numerical_two_body,EarthMJ2000Eq,105840.0,2026-08-06T00:16:00Z,0.0002881133696064353,-0.0028159042813058477,0.0020842662706854753,0.0035151802403774,-0.0022833130941535273,0.001370904278985563,0.0021670194527700914,0.0034334924693026295
gmat_two_body,numerical_two_body,EarthMJ2000Eq,105900.0,2026-08-06T00:17:00Z,-4.4019543565809727e-07,9.999894245993346e-06,-8.235474524553865e-06,1.2962048356536893e-05,8.463174605566337e-06,-5.6132876125047915e-06,-7.532641177476762e-06,1.2644168827314082e-05
gmat_two_body,numerical_two_body,EarthMJ2000Eq,105960.0,2026-08-06T00:18:00Z,6.821210263296962e-08,9.64701030170545e-06,-8.67476046551019e-06,1.2973855625300262e-05,8.489271785538932e-06,-6.197709012667474e-06,-7.052136652418994e-06,1.2657486473184097e-05
gmat_two_body,numerical_two_body,EarthMJ2000Eq,106020.0,2026-08-06T00:19:00Z,5.784386303275824e-07,9.257746569346637e-06,-9.081304597202688e-06,1.2981161580478049e-05,8.484990488000221e-06,-6.759037773917953e-06,-6.544986774770223e-06,1.2669510925549617e-05
gmat_two_body,numerical_two_body,EarthMJ2000Eq,106080.0,2026-08-06T00:20:00Z,1.0859366739168763e-06,8.835741027723998e-06,-9.459654393140227e-06,1.298978980609078e-05,8.448242105885129e-06,-7.296385717836529e-06,-6.012967901369848e-06,1.2679346284647461e-05
gmat_two_body,numerical_two_body,EarthMJ2000Eq,106140.0,2026-08-06T00:21:00Z,-0.0003988207026850432,-0.0022887279556016438,0.0026338548195781186,0.0035120542163038365,-0.0022608532823653604,0.0021157475771360623,0.0014692158600837502,0.003427308071659298
gmat_two_body,numerical_two_body,EarthMJ2000Eq,106200.0,2026-08-06T00:22:00Z,2.089109329972416e-06,7.899870979599655e-06,-1.0114035831065848e-05,1.3002540524027698e-05,8.280043317654417e-06,-8.287592834221869e-06,-4.882316773091588e-06,1.2691742567547244e-05
gmat_two_body,numerical_two_body,EarthMJ2000Eq,106260.0,2026-08-06T00:23:00Z,2.5820554583333433e-06,7.387825462501496e-06,-1.0390976967755705e-05,1.3008434871218135e-05,8.15081335758805e-06,-8.737899293009832e-06,-4.289901767151605e-06,1.2696058428379571e-05
gmat_two_body,numerical_two_body,EarthMJ2000Eq,106320.0,2026-08-06T00:24:00Z,-0.0007966518751345575,-0.0018747959984466434,0.0028552408366522286,0.003507408513594256,-0.0021474360067941234,0.0024703554757365964,0.0009844880466403083,0.003418092200885653
gmat_two_body,numerical_two_body,EarthMJ2000Eq,106380.0,2026-08-06T00:25:00Z,3.5388438845984638e-06,6.287336873356253e-06,-1.0831854524440132e-05,1.3014726022366329e-05,7.803757640090225e-06,-9.539036227579345e-06,-3.0606628342866316e-06,1.2698799251957692e-05
gmat_two_body,numerical_two_body,EarthMJ2000Eq,106440.0,2026-08-06T00:26:00Z,3.999957698397338e-06,5.703441274818033e-06,-1.0996018318110146e-05,1.3016962887574043e-05,7.58770823949817e-06,-9.888090346521494e-06,-2.4309443347192428e-06,1.2698706130437997e-05
gmat_two_body,numerical_two_body,EarthMJ2000Eq,106500.0,2026-08-06T00:27:00Z,4.449248081073165e-06,5.09680830873549e-06,-1.1123574950033799e-05,1.3019492428353256e-05,7.345679620129886e-06,-1.0202949596305189e-05,-1.7923440509548527e-06,1.2699278985175853e-05
gmat_two_body,numerical_two_body,EarthMJ2000Eq,106560.0,2026-08-06T00:28:00Z,4.882167559117079e-06,4.478351911529899e-06,-1.1211909622943494e-05,1.302298404022103e-05,7.077449737380448e-06,-1.0479173084831928e-05,-1.1510792319313623e-06,1.2697572473713081e-05
gmat_two_body,numerical_two_body,EarthMJ2000Eq,106620.0,2026-08-06T00:29:00Z,-0.0013944022612122353,-0.0010674029908841476,0.003022441376288043,0.0034955484096376318,-0.0018085128949962836,0.002870112592034957,0.00012468426291434298,0.003394673967812513
gmat_two_body,numerical_two_body,EarthMJ2000Eq,106680.0,2026-08-06T00:30:00Z,5.696620064554736e-06,3.191416908521205e-06,-1.1272916822235857e-05,1.3027481557266962e-05,6.466382984626762e-06,-1.0914824599694839e-05,1.4210854715202004e-07,1.2687304669832271e-05
gmat_two_body,numerical_two_body,EarthMJ2000Eq,106740.0,2026-08-06T00:31:00Z,6.074515113141388e-06,2.532942744437605e-06,-1.1244310371694155e-05,1.3028816083642096e-05,6.128431095930864e-06,-1.1075362849055637e-05,7.842615445952106e-07,1.268212900526347e-05
gmat_two_body,numerical_two_body,EarthMJ2000Eq,106800.0,2026-08-06T00:32:00Z,-0.0016955559658526909,-0.0005390220394474454,0.0029981991929162177,0.0034863524194711287,-0.0015294356892070482,0.0029847697646800952,-0.00039194070211578946,0.0033766316929069607
gmat_two_body,numerical_two_body,EarthMJ2000Eq,106860.0,2026-08-06T00:33:00Z,6.767550075892359e-06,1.1887095752172172e-06,-1.1074234862462617e-05,1.3032706636493672e-05,5.39079891836991e-06,-1.1279643885586665e-05,2.05613304160579e-06,1.2669599924572754e-05
gmat_two_body,numerical_two_body,EarthMJ2000Eq,106920.0,2026-08-06T00:34:00Z,-0.0018666059986571781,-0.00017904403648572043,0.002931023573182756,0.0034795364501291077,-0.0013184875413685404,0.003007804894039623,-0.0007256790723886297,0.003363318271210084
gmat_two_body,numerical_two_body,EarthMJ2000Eq,106980.0,2026-08-06T00:35:00Z,7.367816579062492e-06,-1.7189449863508344e-07,-1.0752501111710444e-05,1.3035741214779597e-05,4.5856651809117466e-06,-1.1326440653436354e-05,3.2889246881495637e-06,1.2654390883466568e-05
gmat_two_body,numerical_two_body,EarthMJ2000Eq,107040.0,2026-08-06T00:36:00Z,7.630660547874868e-06,-8.503775461576879e-07,-1.0537405614741147e-05,1.3037907786814622e-05,4.161115896295087e-06,-1.1291190205042767e-05,3.889333299866848e-06,1.2646453070577004e-05
gmat_two_body,numerical_two_body,EarthMJ2000Eq,107100.0,2026-08-06T00:37:00Z,-0.002073336418106919,0.0003597933755372651,0.0027572673388931435,0.0034685297106779706,-0.0009736496053847077,0.0029638320686586894,-0.0011984226944150578,0.003341932231473955
gmat_two_body,numerical_two_body,EarthMJ2000Eq,107160.0,2026-08-06T00:38:00Z,8.077677193796262e-06,-2.19279172597453e-06,-1.0001258488046005e-05,1.3041563393450605e-05,3.270272941335861e-06,-1.1106893182954991e-05,5.03685981811941e-06,1.2626468948830923e-05
gmat_two_body,numerical_two_body,EarthMJ2000Eq,107220.0,2026-08-06T00:39:00Z,8.260258255177177e-06,-2.8567228582687676e-06,-9.682480595074594e-06,1.3043893682684401e-05,2.816413768869097e-06,-1.0961898055938946e-05,5.5848659030743875e-06,1.2620860614934165e-05
gmat_two_body,numerical_two_body,EarthMJ2000Eq,107280.0,2026-08-06T00:40:00Z,-0.0022157364583108574,0.0008825509212329052,0.0025023446141858585,0.0034568935114350813,-0.0006057785384427916,0.0028302034049687563,-0.0016253842716196232,0.003319471792554213
gmat_two_body,numerical_two_body,EarthMJ2000Eq,107340.0,2026-08-06T00:41:00Z,8.543793228454888e-06,-4.148205334786326e-06,-8.950337360147387e-06,1.3050385016948404e-05,1.8802737145051651e-06,-1.0560441410234489e-05,6.616041048346233e-06,1.2602791404044454e-05
gmat_two_body,numerical_two_body,EarthMJ2000Eq,107400.0,2026-08-06T00:42:00Z,-0.0022733427158527775,0.0012144155334681273,0.0022918220565770753,0.003448962239669019,-0.0003538414006243329,0.0026949900089334733,-0.00187880822011266,0.003304254108419922
gmat_two_body,numerical_two_body,EarthMJ2000Eq,107460.0,2026-08-06T00:43:00Z,8.71204974828288e-06,-5.384208634495735e-06,-8.098140824586153e-06,1.305639300309098e-05,9.245937349078304e-07,-1.0026202090784864e-05,7.551292924290465e-06,1.2585770805490176e-05
gmat_two_body,numerical_two_body,EarthMJ2000Eq,107520.0,2026-08-06T00:44:00Z,8.753175961828674e-06,-5.9762896853499115e-06,-7.633389031980187e-06,1.3061498992669659e-05,4.440892098500626e-07,-9.71045466258147e-06,7.981171279425325e-06,1.2577330399249243e-05
gmat_two_body,numerical_two_body,EarthMJ2000Eq,107580.0,2026-08-06T00:45:00Z,-0.0023028672728742094,0.0016767198758316226,0.0019232411432312801,0.0034370690585877775,2.5295321393059567e-05,0.0024299739997957204,-0.0022052883963397107,0.0032815713315419736
gmat_two_body,numerical_two_body,EarthMJ2000Eq,107640.0,2026-08-06T00:46:00Z,8.748827440285822e-06,-7.101334631443024e-06,-6.628397386521101e-06,1.3073124608955197e-05,-5.10702591327572e-07,-8.991474231834218e-06,8.754330593774284e-06,1.2559686705631628e-05
gmat_two_body,numerical_two_body,EarthMJ2000Eq,107700.0,2026-08-06T00:47:00Z,8.704432730155531e-06,-7.629751053173095e-06,-6.093614501878619e-06,1.3080993386769379e-05,-9.849898674474389e-07,-8.591349853759311e-06,9.099831999037633e-06,1.2553423427869129e-05
gmat_two_body,numerical_two_body,EarthMJ2000Eq,107760.0,2026-08-06T00:48:00Z,-0.002264740032842383,0.0020853021851507947,0.001502142367826309,0.0034254874562567625,0.00039607694901633295,0.0020999806338295457,-0.002461396864106291,0.0032596426390991864
gmat_two_body,numerical_two_body,EarthMJ2000Eq,107820.0,2026-08-06T00:49:00Z,8.530832928954624e-06,-8.608367352280766e-06,-4.965841071680188e-06,1.309727744543635e-05,-1.9175772081325704e-06,-7.716494110354688e-06,9.700240610754918e-06,1.2542569577675343e-05
gmat_two_body,numerical_two_body,EarthMJ2000Eq,107880.0,2026-08-06T00:50:00Z,-0.0022028621060599107,0.0023224984033731744,0.0011986776371486485,0.003418103036742151,0.0006336149382946132,0.0018496688625191382,-0.002590769376809021,0.003245740093540198
gmat_two_body,numerical_two_body,EarthMJ2000Eq,107940.0,2026-08-06T00:51:00Z,8.244796845247038e-06,-9.477389539824799e-06,-3.7716745282523334e-06,1.311575831799456e-05,-2.8208546609675977e-06,-6.750155989720952e-06,1.0176748332924035e-05,1.2533476514341117e-05
gmat_two_body,numerical_two_body,EarthMJ2000Eq,108000.0,2026-08-06T00:52:00Z,8.06130628916435e-06,-9.867108019534498e-06,-3.154127625748515e-06,1.312604284757568e-05,-3.2596148002994596e-06,-6.235900684714579e-06,1.0368816916184187e-05,1.2530918172157314e-05
gmat_two_body,numerical_two_body,EarthMJ2000Eq,108060.0,2026-08-06T00:53:00Z,-0.0020582187971740495,0.0026189550226263236,0.0007194630597950891,0.0034077583720079022,0.0009687841640015904,0.001437800101200537,-0.0027209707820219364,0.003226374727778781
gmat_two_body,numerical_two_body,EarthMJ2000Eq,108120.0,2026-08-06T00:54:00Z,7.620201358804479e-06,-1.0550593287916854e-05,-1.8935679690912366e-06,1.3151733236700406e-05,-4.099831585335778e-06,-5.157652083198627e-06,1.0653700144303002e-05,1.2526424901150441e-05
gmat_two_body,numerical_two_body,EarthMJ2000Eq,108180.0,2026-08-06T00:55:00Z,7.361904863500968e-06,-1.0843450581887737e-05,-1.2514647096395493e-06,1.3166025507363788e-05,-4.501288231040235e-06,-4.596323321948148e-06,1.0749734435933078e-05,1.252775216317242e-05
gmat_two_body,numerical_two_body,EarthMJ2000Eq,108240.0,2026-08-06T00:56:00Z,7.079506758600473e-06,-1.1102201824542135e-05,-6.029949872754514e-07,1.3181119233684816e-05,-4.889422200449189e-06,-4.020783705982467e-06,1.0812684081429325e-05,1.2529456816212529e-05
gmat_two_body,numerical_two_body,EarthMJ2000Eq,108300.0,2026-08-06T00:57:00Z,6.7748260335065424e-06,-1.1325255400151946e-05,4.9112713895738125e-08,1.3197048523121184e-05,-5.260680779883842e-06,-3.4345859489803843e-06,1.0843728692755406e-05,1.2532262160953209e-05
gmat_two_body,numerical_two_body,EarthMJ2000Eq,108360.0,2026-08-06T00:58:00Z,-0.001692419573373627,0.0029389038900262676,-0.00010904750524787232,0.0033931300366402822,0.0014523187097381651,0.0006847917788377345,-0.002767108098211679,0.0031992275071035404
gmat_two_body,numerical_two_body,EarthMJ2000Eq,108420.0,2026-08-06T00:59:00Z,6.101345206843689e-06,-1.166608853964135e-05,1.3496901374310255e-06,1.3234262299610972e-05,-5.95790083934844e-06,-2.234656903965515e-06,1.0809575456960374e-05,1.2543412432415258e-05
gmat_two_body,numerical_two_body,EarthMJ2000Eq,108480.0,2026-08-06T01:00:00Z,5.734818842029199e-06,-1.1782276487792842e-05,1.9945218809880316e-06,1.3254746467565088e-05,-6.2803096056995855e-06,-1.6227019727921288e-06,1.0744849454624728e-05,1.255098562816862e-05
gmat_two_body,numerical_two_body,EarthMJ2000Eq,108540.0,2026-08-06T01:01:00Z,-0.0014091797311266419,0.0030197883233995526,-0.0006017244231770746,0.003386293152431759,0.001687260553495662,0.0002128475173890365,-0.0026949087406080707,0.003186641705816162
gmat_two_body,numerical_two_body,EarthMJ2000Eq,108600.0,2026-08-06T01:02:00Z,4.944013198837638e-06,-1.1903068752872059e-05,3.271452442277223e-06,1.329769579017213e-05,-6.872280522429719e-06,-3.872457909892546e-07,1.0520251336743058e-05,1.2571948419789587e-05
gmat_two_body,numerical_two_body,EarthMJ2000Eq,108660.0,2026-08-06T01:03:00Z,4.522917151916772e-06,-1.1907900443475228e-05,3.8962753023952246e-06,1.3320504260983345e-05,-7.137401780710206e-06,2.3359092438113294e-07,1.0362155578036436e-05,1.2584567418972734e-05
gmat_two_body,numerical_two_body,EarthMJ2000Eq,108720.0,2026-08-06T01:04:00Z,4.0881786844693124e-06,-1.1875272321049124e-05,4.514731699600816e-06,1.3346089313900352e-05,-7.382983113757291e-06,8.535394613318203e-07,1.0172307440825534e-05,1.2598127160048452e-05
gmat_two_body,numerical_two_body,EarthMJ2000Eq,108780.0,2026-08-06T01:05:00Z,3.63706931238994e-06,-1.1805468602688052e-05,5.11863618157804e-06,1.3371529399120425e-05,-7.6059158971020224e-06,1.4734879982825078e-06,9.951595103530053e-06,1.2611715530389798e-05
gmat_two_body,numerical_two_body,EarthMJ2000Eq,108840.0,2026-08-06T01:06:00Z,-0.0008567985787522048,0.002965622115880251,-0.0013735088941757567,0.003378689837959348,0.0019719914590154985,-0.0005700329097635404,-0.0024192452485749527,0.003172764631263411
gmat_two_body,numerical_two_body,EarthMJ2000Eq,108900.0,2026-08-06T01:07:00Z,2.700289769563824e-06,-1.1556039680726826e-05,6.283698894549161e-06,1.3428272031035951e-05,-7.989386929807551e-06,2.700950574308081e-06,9.425349389857729e-06,1.2647634112351857e-05
gmat_two_body,numerical_two_body,EarthMJ2000Eq,108960.0,2026-08-06T01:08:00Z,2.217348082922399e-06,-1.1375050235074013e-05,6.841219146735966e-06,1.345773680025597e-05,-8.146816554699399e-06,3.3084646133829665e-06,9.119371924271036e-06,1.2668050456448076e-05
gmat_two_body,numerical_two_body,EarthMJ2000Eq,109020.0,2026-08-06T01:09:00Z,-0.00049190111894859,0.0028222025321156252,-0.0017873189790407196,0.003376581551797895,0.002073462512797164,-0.0010197389599397866,-0.0021687229789790763,0.0031689862255847826
gmat_two_body,numerical_two_body,EarthMJ2000Eq,109080.0,2026-08-06T01:10:00Z,1.2241798685863614e-06,-1.0907569958362728e-05,7.89532350609079e-06,1.3520718620438003e-05,-8.393730155376034e-06,4.4995118742008344e-06,8.425260489275388e-06,1.2715554543136852e-05
gmat_two_body,numerical_two_body,EarthMJ2000Eq,109140.0,2026-08-06T01:11:00Z,7.166818249970675e-07,-1.0620169632602483e-05,8.388269634451717e-06,1.3552295131224003e-05,-8.481437774321421e-06,5.078604203845316e-06,8.038902876705833e-06,1.2741701881621268e-05
gmat_two_body,numerical_two_body,EarthMJ2000Eq,109200.0,2026-08-06T01:12:00Z,2.064552973024547e-07,-1.0299572750227526e-05,8.859387889970094e-06,1.35872210702543e-05,-8.544359664242052e-06,5.644373857194296e-06,7.626788089964975e-06,1.2768435099139462e-05
gmat_two_body,numerical_two_body,EarthMJ2000Eq,109260.0,2026-08-06T01:13:00Z,-3.0831870390102267e-07,-9.943960321834311e-06,9.305040293838829e-06,1.3622084355022712e-05,-8.582818483704457e-06,6.197709012667474e-06,7.192468842731614e-06,1.2798749086671852e-05
gmat_two_body,numerical_two_body,EarthMJ2000Eq,109320.0,2026-08-06T01:14:00Z,0.00014107899914961308,0.0024112969185807742,-0.002360527105338406,0.003377327986529515,0.002120687958573342,-0.0017031025478786432,-0.0016292256432848262,0.0031705286472393764
gmat_two_body,numerical_two_body,EarthMJ2000Eq,109380.0,2026-08-06T01:15:00Z,-1.3378667063079774e-06,-9.133145795203745e-06,1.0112216841662303e-05,1.3691645952663759e-05,-8.583467270284473e-06,7.258194045789423e-06,6.2518878962691815e-06,1.2862480066219534e-05
gmat_two_body,numerical_two_body,EarthMJ2000Eq,109440.0,2026-08-06T01:16:00Z,-1.850821718107909e-06,-8.682036423124373e-06,1.0472831490915269e-05,1.3728929197930359e-05,-8.546829910471843e-06,7.762679388179095e-06,5.74740255387951e-06,1.2897291534215136e-05
gmat_two_body,numerical_two_body,EarthMJ2000Eq,109500.0,2026-08-06T01:17:00Z,0.0005194997356738895,0.0020720854081446305,-0.002619746737764217,0.0033803092882216264,0.002074658667083895,-0.002057960024615113,-0.0012443255315019996,0.003176122490737392
gmat_two_body,numerical_two_body,EarthMJ2000Eq,109560.0,2026-08-06T01:18:00Z,-2.8685462893918157e-06,-7.691596692893654e-06,1.1098109098384157e-05,1.380424728336005e-05,-8.395062423005584e-06,8.706813048320328e-06,4.68247662865906e-06,1.2969628133547231e-05
gmat_two_body,numerical_two_body,EarthMJ2000Eq,109620.0,2026-08-06T01:19:00Z,0.0007650096449651755,0.001812398295442108,-0.0027525939003680833,0.003383312063430564,0.0020131281086577246,-0.0022660544551911244,-0.0009673355449990595,0.0031817331177171346
gmat_two_body,numerical_two_body,EarthMJ2000Eq,109680.0,2026-08-06T01:20:00Z,-3.864442987833172e-06,-6.59383658785373e-06,1.1593328963499516e-05,1.3885887692526116e-05,-8.140821350366423e-06,9.562128866491548e-06,3.5420555377640994e-06,1.304812010025115e-05
gmat_two_body,numerical_two_body,EarthMJ2000Eq,109740.0,2026-08-06T01:21:00Z,-4.34829416917637e-06,-6.008121999911964e-06,1.1788642950705253e-05,1.3927573182960914e-05,-7.974954030487424e-06,9.952483281949753e-06,2.951416888663516e-06,1.3090556784054878e-05
gmat_two_body,numerical_two_body,EarthMJ2000Eq,109800.0,2026-08-06T01:22:00Z,0.0011157890185131691,0.0013798871805192903,-0.0028875531370431418,0.003389253145464904,0.0018755108577295232,-0.00252937359945804,-0.0005281162174242127,0.003192832366755748
gmat_two_body,numerical_two_body,EarthMJ2000Eq,109860.0,2026-08-06T01:23:00Z,-5.281435733195394e-06,-4.7712092055007815e-06,1.2069790500390809e-05,1.401206064109961e-05,-7.567724225054917e-06,1.0650147430624202e-05,1.730171561575844e-06,1.317913441288919e-05
gmat_two_body,numerical_two_body,EarthMJ2000Eq,109920.0,2026-08-06T01:24:00Z,-5.727997631765902e-06,-4.121829988434911e-06,1.2155055628682021e-05,1.4055063737295239e-05,-7.326583784106333e-06,1.0956124896210895e-05,1.1004530620084552e-06,1.3225978210649896e-05
gmat_two_body,numerical_two_body,EarthMJ2000Eq,109980.0,2026-08-06T01:25:00Z,0.0014370466487889644,0.000905746674106922,-0.0029415410551791865,0.0033967843451941466,0.0016855077333843838,-0.002727384318390591,-6.938183361171468e-05,0.003206926157294052
gmat_two_body,numerical_two_body,EarthMJ2000Eq,110040.0,2026-08-06T01:26:00Z,-6.575191946467385e-06,-2.774868335109204e-06,1.2209397937112954e-05,1.4142221939881276e-05,-6.771916361003605e-06,1.1472600647266518e-05,-1.8474111129762605e-07,1.3323420960485033e-05
gmat_two_body,numerical_two_body,EarthMJ2000Eq,110100.0,2026-08-06T01:27:00Z,0.001630268798180623,0.0005725896699004807,-0.0029312103606571327,0.0034025915803724887,0.0015313252887949602,-0.0028197382206940347,0.0002419122679953034,0.003217825712923613
gmat_two_body,numerical_two_body,EarthMJ2000Eq,110160.0,2026-08-06T01:28:00Z,-7.349626685027033e-06,-1.3751559890806675e-06,1.2109808267268818e-05,1.4232200204942948e-05,-6.120437490153563e-06,1.1854073278527721e-05,-1.4903633882568101e-06,1.3423859035040503e-05
gmat_two_body,numerical_two_body,EarthMJ2000Eq,110220.0,2026-08-06T01:29:00Z,-7.706603355472907e-06,-6.584741640836e-07,1.2000782589893788e-05,1.4277398442056932e-05,-5.759837051755312e-06,1.1991907467034935e-05,-2.1458390619955026e-06,1.3475392121963921e-05
gmat_two_body,numerical_two_body,EarthMJ2000Eq,110280.0,2026-08-06T01:30:00Z,0.0018823252503352705,5.712990969186649e-05,-0.0028456026939238654,0.003412311074081304,0.0012620438027965974,-0.0028944834168376232,0.0007083880149139077,0.00323614004489901
gmat_two_body,numerical_two_body,EarthMJ2000Eq,110340.0,2026-08-06T01:31:00Z,-8.351435099029914e-06,7.903508958406746e-07,1.1665179044939578e-05,1.4368281905028254e-05,-4.9755755071601016e-06,1.2157358453279699e-05,-3.4523495173743868e-06,1.3582210180198878e-05
gmat_two_body,numerical_two_body,EarthMJ2000Eq,110400.0,2026-08-06T01:32:00Z,-8.637925930088386e-06,1.5224941307678819e-06,1.1438260116847232e-05,1.4414074623525925e-05,-4.553690757802542e-06,1.218281031611923e-05,-4.100719763755478e-06,1.3637187000884465e-05
gmat_two_body,numerical_two_body,EarthMJ2000Eq,110460.0,2026-08-06T01:33:00Z,0.0020821671569137834,-0.0004645853550755419,-0.0026768884708872065,0.0034230091304362515,0.0009521956556568512,-0.002888663197531116,0.0011632215191070827,0.0032563992288932053
gmat_two_body,numerical_two_body,EarthMJ2000Eq,110520.0,2026-08-06T01:34:00Z,-9.131781553151086e-06,2.9822331271134317e-06,1.0869825928239152e-05,1.4506421490813763e-05,-3.6504133049675147e-06,1.2112755243265383e-05,-5.376143974444858e-06,1.3745809576532648e-05
gmat_two_body,numerical_two_body,EarthMJ2000Eq,110580.0,2026-08-06T01:35:00Z,0.002183024434998515,-0.0008085880836006254,-0.0025197514332830906,0.0034305331449023643,0.0007265095192110493,-0.002838496993007311,0.0014535403991544626,0.003270727893419129
gmat_two_body,numerical_two_body,EarthMJ2000Eq,110640.0,2026-08-06T01:36:00Z,-9.512177712167613e-06,4.424691724125296e-06,1.0150415619136766e-05,1.4597614836767573e-05,-2.680522470654978e-06,1.1881606809538425e-05,-6.605382907309831e-06,1.385600463497097e-05
gmat_two_body,numerical_two_body,EarthMJ2000Eq,110700.0,2026-08-06T01:37:00Z,-9.657924238126725e-06,5.132278602104634e-06,9.73568603512831e-06,1.4642382552494971e-05,-2.1733725930062064e-06,1.170530339322795e-05,-7.197797913249815e-06,1.391208002979884e-05
gmat_two_body,numerical_two_body,EarthMJ2000Eq,110760.0,2026-08-06T01:38:00Z,0.0022816548153059557,-0.001307684215134941,-0.002220953319920227,0.003442182498355748,0.00036547120885188633,-0.0026929312113566084,0.0018597106077322678,0.0032930185632805277
gmat_two_body,numerical_two_body,EarthMJ2000Eq,110820.0,2026-08-06T01:39:00Z,-9.856194083113223e-06,6.51016307529062e-06,8.802999218460172e-06,1.4731584446728191e-05,-1.1235457009206584e-06,1.1229239760268683e-05,-8.330225398367475e-06,1.4026789929390934e-05
gmat_two_body,numerical_two_body,EarthMJ2000Eq,110880.0,2026-08-06T01:40:00Z,-9.907921594276559e-06,7.176822691690177e-06,8.287315722554922e-06,1.4776782334175353e-05,-5.835332217429823e-07,1.0929479543619891e-05,-8.86402062860725e-06,1.4084207319535533e-05
gmat_two_body,numerical_two_body,EarthMJ2000Eq,110940.0,2026-08-06T01:41:00Z,-9.925965827051186e-06,7.822563929948956e-06,7.740709406789392e-06,1.4820117616209534e-05,-3.6415315207705135e-08,1.0588419030455043e-05,-9.373835041515122e-06,1.4141595632219901e-05
gmat_two_body,numerical_two_body,EarthMJ2000Eq,111000.0,2026-08-06T01:42:00Z,-9.911900633596815e-06,8.445567800663412e-06,7.165908755268902e-06,1.4863500191231507e-05,5.17808018685173e-07,1.020872275603324e-05,-9.85433956657289e-06,1.4198385603549774e-05
gmat_two_body,numerical_two_body,EarthMJ2000Eq,111060.0,2026-08-06T01:43:00Z,0.002296365323672944,-0.0020572051653289236,-0.001574149791849777,0.0034616953013233624,-0.0002717159830467608,-0.0022665629373364027,0.0024253647978866866,0.003330695351901464
gmat_two_body,numerical_two_body,EarthMJ2000Eq,111120.0,2026-08-06T01:44:00Z,-9.782638699107338e-06,9.619725460652262e-06,5.928086466155946e-06,1.4945947511142114e-05,1.6324719354088302e-06,9.330314298949816e-06,-1.0725642596298712e-05,1.4309407347637505e-05
gmat_two_body,numerical_two_body,EarthMJ2000Eq,111180.0,2026-08-06T01:45:00Z,-9.668383427197114e-06,1.0165422281716019e-05,5.275069270282984e-06,1.4987988659829982e-05,2.192912518239609e-06,8.833822562337446e-06,-1.1112444298078117e-05,1.4364250925593126e-05
gmat_two_body,numerical_two_body,EarthMJ2000Eq,111240.0,2026-08-06T01:46:00Z,0.002212701474491041,-0.0024339969968423247,-0.001113810867536813,0.0034728898405356006,-0.0006567271171320499,-0.0019080603763654835,0.002677166488496141,0.003352492403176974
gmat_two_body,numerical_two_body,EarthMJ2000Eq,111300.0,2026-08-06T01:47:00Z,-9.33823685045354e-06,1.1161773727508262e-05,3.899003786500543e-06,1.5066190319599965e-05,3.3022473644450656e-06,7.73248132190929e-06,-1.177724584522366e-05,1.4470647005179085e-05
gmat_two_body,numerical_two_body,EarthMJ2000Eq,111360.0,2026-08-06T01:48:00Z,-9.1229139798088e-06,1.1607880878727883e-05,3.1841409509070218e-06,1.5103284794142312e-05,3.848477092560643e-06,7.133849067031406e-06,-1.2051470932306074e-05,1.4523791862849285e-05
gmat_two_body,numerical_two_body,EarthMJ2000Eq,111420.0,2026-08-06T01:49:00Z,-8.876213541952893e-06,1.2016243999823928e-05,2.4538167053833604e-06,1.5139303257721965e-05,4.383160501220118e-06,6.5005778537852166e-06,-1.2282397321428107e-05,1.4571440984816958e-05
gmat_two_body,numerical_two_body,EarthMJ2000Eq,111480.0,2026-08-06T01:50:00Z,-8.596998668508604e-06,1.2385953596094623e-05,1.7125785234384239e-06,1.5174094957851377e-05,4.9116266609416925e-06,5.842437644787424e-06,-1.2473910793175946e-05,1.46238368619803e-05
gmat_two_body,numerical_two_body,EarthMJ2000Eq,111540.0,2026-08-06T01:51:00Z,0.0019231674741604365,-0.0028993508749408647,-0.00026881753001362085,0.0034895660896638162,-0.00126227295282888,-0.0011678640277068553,0.0029158923053884678,0.0033852130407521904
gmat_two_body,numerical_two_body,EarthMJ2000Eq,111600.0,2026-08-06T01:52:00Z,-7.946255209390074e-06,1.3003500498598441e-05,1.9554136088117957e-07,1.5240480093934839e-05,5.920153256511185e-06,4.4435566337597265e-06,-1.2722128905906516e-05,1.4718898533399575e-05
gmat_two_body,numerical_two_body,EarthMJ2000Eq,111660.0,2026-08-06T01:53:00Z,-7.577000360470265e-06,1.3249291441752575e-05,-5.711626727133989e-07,1.5273535444348362e-05,6.398881424729552e-06,3.709033080667723e-06,-1.2778222924225702e-05,1.4764335101264928e-05
gmat_two_body,numerical_two_body,EarthMJ2000Eq,111720.0,2026-08-06T01:54:00Z,0.001666504431341309,-0.003064364591409685,0.0002594460966065526,0.003497839282444241,-0.001582580289039015,-0.0006594573775942081,0.0029379020327624517,0.0034015750408050664
gmat_two_body,numerical_two_body,EarthMJ2000Eq,111780.0,2026-08-06T01:55:00Z,-6.7543624027166516e-06,1.360422174911946e-05,-2.10275175049901e-06,1.533355228871229e-05,7.2941652717872785e-06,2.190247982980509e-06,-1.2751466549332235e-05,1.4852674250714474e-05
gmat_two_body,numerical_two_body,EarthMJ2000Eq,111840.0,2026-08-06T01:56:00Z,-6.303707777988166e-06,1.3713133739656769e-05,-2.864908310584724e-06,1.5362111454485635e-05,7.707168236947837e-06,1.4077627952246985e-06,-1.2664980175713936e-05,1.4892412872716883e-05
gmat_two_body,numerical_two_body,EarthMJ2000Eq,111900.0,2026-08-06T01:57:00Z,-5.830770533066243e-06,1.3773330920230364e-05,-3.6216079024598002e-06,1.5388910729697754e-05,8.094414027937091e-06,6.163958232718869e-07,-1.2533973858808167e-05,1.4933183952523264e-05
gmat_two_body,numerical_two_body,EarthMJ2000Eq,111960.0,2026-08-06T01:58:00Z,-5.333276931196451e-06,1.3787428088107845e-05,-4.368303052615374e-06,1.541489823738925e-05,8.450129485026991e-06,-1.8030021919912542e-07,-1.2352785461189342e-05,1.4967581806455463e-05
gmat_two_body,numerical_two_body,EarthMJ2000Eq,112020.0,2026-08-06T01:59:00Z,0.0011243837434449233,-0.003127952936665679,0.0011210458978894167,0.0035078586461961877,-0.002005236865443294,0.00024139357179819854,0.002761780137916503,0.003421501903145523
gmat_two_body,numerical_two_body,EarthMJ2000Eq,112080.0,2026-08-06T02:00:00Z,-4.279172571841627e-06,1.3668682186107617e-05,-5.825313564855605e-06,1.5462162485671536e-05,9.07673936012543e-06,-1.787014980436652e-06,-1.1850964654058771e-05,1.5034160541370627e-05
gmat_two_body,numerical_two_body,EarthMJ2000Eq,112140.0,2026-08-06T02:01:00Z,-3.725290298461914e-06,1.3537146514863707e-05,-6.526533979922533e-06,1.5483144685876463e-05,9.342304707615767e-06,-2.589040093425865e-06,-1.1530332244547026e-05,1.506420749740746e-05
gmat_two_body,numerical_two_body,EarthMJ2000Eq,112200.0,2026-08-06T02:02:00Z,0.0007471035132766701,-0.0030355777198565193,0.0015987880033208057,0.003511270259094588,-0.002175379432145519,0.0007827027914686369,0.002531497234059543,0.003428319935424008
gmat_two_body,numerical_two_body,EarthMJ2000Eq,112260.0,2026-08-06T02:03:00Z,-2.5756889954209328e-06,1.3131739251548424e-05,-7.862581696826965e-06,1.552085501868594e-05,9.769074438281677e-06,-4.164668609973887e-06,-1.0758949287037467e-05,1.5117349958661216e-05
gmat_two_body,numerical_two_body,EarthMJ2000Eq,112320.0,2026-08-06T02:04:00Z,0.00048129732022061944,-0.002920586666732561,0.0018908403944806196,0.003512371134397273,-0.0022492789852890382,0.0011315650638721308,0.002329998860517435,0.0034305378787372934
gmat_two_body,numerical_two_body,EarthMJ2000Eq,112380.0,2026-08-06T02:05:00Z,-1.3851604308001697e-06,1.2540112948045135e-05,-9.101313480641693e-06,1.5556574470033367e-05,1.005384664409803e-05,-5.693223670277803e-06,-9.821476965043985e-06,1.5164235486094982e-05
gmat_two_body,numerical_two_body,EarthMJ2000Eq,112440.0,2026-08-06T02:06:00Z,-7.794369594193995e-07,1.2176315067335963e-05,-9.672476153355092e-06,1.5570066330300737e-05,1.0139389328145398e-05,-6.4295235802092066e-06,-9.29389898374211e-06,1.5182969002674595e-05
gmat_two_body,numerical_two_body,EarthMJ2000Eq,112500.0,2026-08-06T02:07:00Z,7.09442247170955e-05,-0.002672035861905897,0.002278352440043818,0.0035122213158321216,-0.0022974863955749214,0.0016223848930962959,0.0019637163006791525,0.0034302708623011008
gmat_two_body,numerical_two_body,EarthMJ2000Eq,112560.0,2026-08-06T02:08:00Z,4.411049303598702e-07,1.1319116310914978e-05,-1.0724306775955483e-05,1.5598965460709696e-05,1.0198841771114076e-05,-7.829292769656604e-06,-8.138378859712248e-06,1.5216681938235737e-05
gmat_two_body,numerical_two_body,EarthMJ2000Eq,112620.0,2026-08-06T02:09:00Z,1.052285369951278e-06,1.083026290871203e-05,-1.1192241800017655e-05,1.5609874300637387e-05,1.0172196418523072e-05,-8.490097513913497e-06,-7.513101252243359e-06,1.5231612724831027e-05
gmat_two_body,numerical_two_body,EarthMJ2000Eq,112680.0,2026-08-06T02:10:00Z,-0.00034120512282243,-0.0023398288249154575,0.002593900717329234,0.003509920340564246,-0.002269216703432164,0.0020582495707799353,0.0015329151281662234,0.0034257210238010038
gmat_two_body,numerical_two_body,EarthMJ2000Eq,112740.0,2026-08-06T02:11:00Z,2.2646418074145913e-06,9.73705027718097e-06,-1.2014425010420382e-05,1.5629624401989154e-05,1.000488580871206e-05,-9.71223101942087e-06,-6.178169087434071e-06,1.5251063723324183e-05
gmat_two_body,numerical_two_body,EarthMJ2000Eq,112800.0,2026-08-06T02:12:00Z,-0.0006102009137975983,-0.002077370481856633,0.002759135441010585,0.003507227060788816,-0.0022085417938910723,0.0023104629320869208,0.0012178347219560237,0.003420382613964846
gmat_two_body,numerical_two_body,EarthMJ2000Eq,112860.0,2026-08-06T02:13:00Z,3.4433469409123063e-06,8.504684956278652e-06,-1.2672444427153096e-05,1.5645355608624758e-05,9.690248603533291e-06,-1.0794032334615622e-05,-4.74997818855627e-06,1.5263497136330416e-05
gmat_two_body,numerical_two_body,EarthMJ2000Eq,112920.0,2026-08-06T02:14:00Z,4.021785571239889e-06,7.839844329282641e-06,-1.2935743143316358e-05,1.5651561230697556e-05,9.479972362669287e-06,-1.127409277046354e-05,-4.013678278624866e-06,1.526711030674426e-05
gmat_two_body,numerical_two_body,EarthMJ2000Eq,112980.0,2026-08-06T02:15:00Z,-0.0009952236723620445,-0.0016322092051268555,0.0029336440547922393,0.0035015488697929787,-0.002057992443127432,0.0026217135129513736,0.0007166551796444764,0.0034091508160350877
gmat_two_body,numerical_two_body,EarthMJ2000Eq,113040.0,2026-08-06T02:16:00Z,5.128640623297542e-06,6.434675015043467e-06,-1.3326598491403274e-05,1.566225477200631e-05,8.955947095046213e-06,-1.2109868663401357e-05,-2.496669537777052e-06,1.5267326753395982e-05
gmat_two_body,numerical_two_body,EarthMJ2000Eq,113100.0,2026-08-06T02:17:00Z,5.657057045027614e-06,5.698893801309168e-06,-1.3454155123326927e-05,1.566824735099114e-05,8.645528737361019e-06,-1.2461143228392757e-05,-1.7248424910576432e-06,1.526434863746278e-05
gmat_two_body,numerical_two_body,EarthMJ2000Eq,113160.0,2026-08-06T02:18:00Z,-0.0013471585589286406,-0.0011388901839382015,0.0030160712753968255,0.0034940797031892843,-0.0018422037229015586,0.0028441680122170965,0.0001978319730255862,0.0033944283359562196
gmat_two_body,numerical_two_body,EarthMJ2000Eq,113220.0,2026-08-06T02:19:00Z,6.651589501416311e-06,4.166395228821784e-06,-1.3567365897415584e-05,1.56740521082602e-05,7.935874180020619e-06,-1.3025136524902337e-05,-1.6964207816272392e-07,1.52532310979722e-05
gmat_two_body,numerical_two_body,EarthMJ2000Eq,113280.0,2026-08-06T02:20:00Z,-0.0015579194041492883,-0.0007914059096947312,0.0030189920039447316,0.003488230053136812,-0.0016665575586216619,0.0029401989731780986,-0.00014861445407632345,0.0033829381244765535
gmat_two_body,numerical_two_body,EarthMJ2000Eq,113340.0,2026-08-06T02:21:00Z,7.556081982329488e-06,2.5784174795262516e-06,-1.349587819277076e-05,1.5680603936600022e-05,7.118305944686654e-06,-1.3405498933138915e-05,1.3775647289548942e-06,1.5240582854701145e-05
gmat_two_body,numerical_two_body,EarthMJ2000Eq,113400.0,2026-08-06T02:22:00Z,7.970356818987057e-06,1.7698766896501184e-06,-1.3390945241553709e-05,1.5683636879908636e-05,6.674216734836591e-06,-1.352307155144672e-05,2.143174526736402e-06,1.523193455412582e-05
gmat_two_body,numerical_two_body,EarthMJ2000Eq,113460.0,2026-08-06T02:23:00Z,-0.0018312607608095277,-0.0002549686541897245,0.0029462662496371195,0.003478363092382793,-0.001363354762418112,0.0030041960030757764,-0.0006558575904591635,0.003363640737663212
gmat_two_body,numerical_two_body,EarthMJ2000Eq,113520.0,2026-08-06T02:24:00Z,8.713868737686425e-06,1.3915268937125802e-07,-1.3042381397099234e-05,1.568612713055674e-05,5.720757201288507e-06,-1.3616940908178776e-05,3.6406433423508133e-06,1.5211917255859968e-05
gmat_two_body,numerical_two_body,EarthMJ2000Eq,113580.0,2026-08-06T02:25:00Z,9.043105819728225e-06,-6.748450687155128e-07,-1.2802047422155738e-05,1.568839051441213e-05,5.2162718588988355e-06,-1.3592987846422488e-05,4.367173289665516e-06,1.5200362273343926e-05
gmat_two_body,numerical_two_body,EarthMJ2000Eq,113640.0,2026-08-06T02:26:00Z,9.3396010925062e-06,-1.4888428268022835e-06,-1.252010406460613e-05,1.5690691741240427e-05,4.693134769695462e-06,-1.3522960529144257e-05,5.076827847005916e-06,1.5187829220380795e-05
gmat_two_body,numerical_two_body,EarthMJ2000Eq,113700.0,2026-08-06T02:27:00Z,9.605628292774782e-06,-2.2973836166784167e-06,-1.2195869203424081e-05,1.5693479283070585e-05,4.1593395394556865e-06,-1.3407830401490628e-05,5.765166122273513e-06,1.5175874337151912e-05
gmat_two_body,numerical_two_body,EarthMJ2000Eq,113760.0,2026-08-06T02:28:00Z,-0.0021548660242842743,0.000637322045804467,0.002630716608109651,0.0034598116776592123,-0.0007815863511950738,0.002902055706854867,-0.0014284742277936857,0.003327663319738657
gmat_two_body,numerical_two_body,EarthMJ2000Eq,113820.0,2026-08-06T02:29:00Z,1.0040594133897685e-05,-3.888089850079268e-06,-1.1424162948969752e-05,1.569847993687807e-05,3.057998299027531e-06,-1.3044454405530814e-05,7.076117469750898e-06,1.5151916802191772e-05
gmat_two_body,numerical_two_body,EarthMJ2000Eq,113880.0,2026-08-06T02:30:00Z,1.0205440048594028e-05,-4.6584318624809384e-06,-1.097942003980279e-05,1.5697122615729533e-05,2.4940050025179517e-06,-1.2797318760249254e-05,7.692513293022785e-06,1.5138235999195692e-05
gmat_two_body,numerical_two_body,EarthMJ2000Eq,113940.0,2026-08-06T02:31:00Z,-0.0022619810806645546,0.001144924681284465,0.0023369257178273983,0.003447989667290466,-0.00040685854685307277,0.0027243114431030335,-0.0018262582557326823,0.0033049396261961134
gmat_two_body,numerical_two_body,EarthMJ2000Eq,114000.0,2026-08-06T02:32:00Z,1.0436792763357516e-05,-6.160007615108043e-06,-9.985342330764979e-06,1.5702846826802708e-05,1.3500311979441904e-06,-1.2180922936977367e-05,8.839151632855646e-06,1.5110528429562568e-05
gmat_two_body,numerical_two_body,EarthMJ2000Eq,114060.0,2026-08-06T02:33:00Z,1.0500684766157065e-05,-6.880327418912202e-06,-9.440555004402995e-06,1.5707557567642288e-05,7.736034035588091e-07,-1.1814549338851066e-05,9.36672961415752e-06,1.5096942139747354e-05
gmat_two_body,numerical_two_body,EarthMJ2000Eq,114120.0,2026-08-06T02:34:00Z,1.0530030181143957e-05,-7.577909855172038e-06,-8.863935363478959e-06,1.5712275567747943e-05,1.9628743075372768e-07,-1.1411316336307209e-05,9.86322135076989e-06,1.5084422584143773e-05
gmat_two_body,numerical_two_body,EarthMJ2000Eq,114180.0,2026-08-06T02:35:00Z,1.0524701110625756e-05,-8.250026439782232e-06,-8.258211892098188e-06,1.5717198649247417e-05,-3.774758283725532e-07,-1.0973444375395047e-05,1.0324630039804106e-05,1.5071727005214767e-05
gmat_two_body,numerical_two_body,EarthMJ2000Eq,114240.0,2026-08-06T02:36:00Z,-0.0022893721052241744,0.001897616130008828,0.0017061302060028538,0.003428272435627541,0.0002219104899836566,0.0022619901507425766,-0.0023473440968757586,0.003267394683346149
gmat_two_body,numerical_two_body,EarthMJ2000Eq,114300.0,2026-08-06T02:37:00Z,1.0410644790681545e-05,-9.507857612334192e-06,-6.968548404984176e-06,1.572709598771412e-05,-1.5134560271690134e-06,-9.99822447056431e-06,1.1145750988816872e-05,1.5049345727129718e-05
gmat_two_body,numerical_two_body,EarthMJ2000Eq,114360.0,2026-08-06T02:38:00Z,1.030343810271006e-05,-1.0089934221468866e-05,-6.287336873356253e-06,1.5732075968829136e-05,-2.0730084315800923e-06,-9.466205597163935e-06,1.1501910535116622e-05,1.5039958720787989e-05
gmat_two_body,numerical_two_body,EarthMJ2000Eq,114420.0,2026-08-06T02:39:00Z,-0.0022165670543472515,0.002273241989314556,0.0012629552657017484,0.0034169949738862984,0.0005839098093929351,0.0019027712738761693,-0.0025643367429495356,0.003246122628218883
gmat_two_body,numerical_two_body,EarthMJ2000Eq,114480.0,2026-08-06T02:40:00Z,9.990571925300173e-06,-1.1157681001350284e-05,-4.869434633292258e-06,1.574854807181904e-05,-3.162803352552146e-06,-8.323119971009874e-06,1.2100542789994506e-05,1.502334140300441e-05
gmat_two_body,numerical_two_body,EarthMJ2000Eq,114540.0,2026-08-06T02:41:00Z,9.784116627997719e-06,-1.1638348951237276e-05,-4.1372913983650506e-06,1.5757451717076994e-05,-3.6921576906934206e-06,-7.714717753515288e-06,1.2343237543177565e-05,1.5016804303068569e-05
gmat_two_body,numerical_two_body,EarthMJ2000Eq,114600.0,2026-08-06T02:42:00Z,9.546965884510428e-06,-1.2082637113053352e-05,-3.3905962482094765e-06,1.5768031586856756e-05,-4.2090775309588935e-06,-7.083222897108499e-06,1.2547962668918444e-05,1.501132064184614e-05
gmat_two_body,numerical_two_body,EarthMJ2000Eq,114660.0,2026-08-06T02:43:00Z,9.279574442189187e-06,-1.2487362255342305e-05,-2.6329871616326272e-06,1.577901579052384e-05,-4.710898338089464e-06,-6.433076293888007e-06,1.2713829988797443e-05,1.5007281790479018e-05
gmat_two_body,numerical_two_body,EarthMJ2000Eq,114720.0,2026-08-06T02:44:00Z,-0.001957133918040199,0.0027421310733188875,0.0004594985512085259,0.003400116897250315,0.0011317435877344906,0.0012062839616078236,-0.0027563594739987707,0.0032145733922735657
gmat_two_body,numerical_two_body,EarthMJ2000Eq,114780.0,2026-08-06T02:45:00Z,8.656570571474731e-06,-1.317994247074239e-05,-1.0923031368292868e-06,1.5806334924128634e-05,-5.667910585316349e-06,-5.076827847005916e-06,1.292821405485256e-05,1.5001270280858324e-05
gmat_two_body,numerical_two_body,EarthMJ2000Eq,114840.0,2026-08-06T02:46:00Z,8.304141374537721e-06,-1.346415956504643e-05,-3.1377567211166024e-07,1.5822162049914342e-05,-6.120881579363413e-06,-4.3796077875413175e-06,1.2977730001750842e-05,1.500225421993731e-05
gmat_two_body,numerical_two_body,EarthMJ2000Eq,114900.0,2026-08-06T02:47:00Z,-0.0017273691810260061,0.0029184811864979565,-3.894183464581147e-05,0.0033915856453857326,0.001414668382437867,0.0007498268672634367,-0.0027692157594794153,0.003198762711688478
gmat_two_body,numerical_two_body,EarthMJ2000Eq,114960.0,2026-08-06T02:48:00Z,7.516973710153252e-06,-1.3905037121730857e-05,1.241460267920047e-06,1.5855477751006822e-05,-6.971756505436133e-06,-2.9460878181453154e-06,1.2960077455659302e-05,1.5008278710765061e-05
gmat_two_body,numerical_two_body,EarthMJ2000Eq,115020.0,2026-08-06T02:49:00Z,-0.001547474766994128,0.002989733729918953,-0.0003695904524647631,0.0033867068123549955,0.0015803403030645313,0.0004369624662103888,-0.00273608746770293,0.0031897627343248887
gmat_two_body,numerical_two_body,EarthMJ2000Eq,115080.0,2026-08-06T02:50:00Z,6.633399607380852e-06,-1.4170041140459944e-05,2.788510755635798e-06,1.5892383348882077e-05,-7.738698570847191e-06,-1.482369782479509e-06,1.2789769243681803e-05,1.5022086174998123e-05
gmat_two_body,numerical_two_body,EarthMJ2000Eq,115140.0,2026-08-06T02:51:00Z,6.157279131002724e-06,-1.423734374839114e-05,3.5524863051250577e-06,1.5913334102413455e-05,-8.08508815453024e-06,-7.407408020299044e-07,1.2646328428900233e-05,1.5028205818856998e-05
gmat_two_body,numerical_two_body,EarthMJ2000Eq,115200.0,2026-08-06T02:52:00Z,-0.0012433638403308578,0.003025786142529796,-0.0008532533684046939,0.0033807361225717688,0.0017907573202080584,-3.646150048552954e-05,-0.0026261539609606643,0.0031788088724498346
gmat_two_body,numerical_two_body,EarthMJ2000Eq,115260.0,2026-08-06T02:53:00Z,5.153196980245411e-06,-1.4237116374715697e-05,5.045876605436206e-06,1.595969274458931e-05,-8.712142118838528e-06,7.434053372890048e-07,1.2250200853713977e-05,1.5050630975167943e-05
gmat_two_body,numerical_two_body,EarthMJ2000Eq,115320.0,2026-08-06T02:54:00Z,4.622961569111794e-06,-1.4170609574648552e-05,5.7734723668545485e-06,1.598470933603232e-05,-8.987477428945567e-06,1.4859224961583095e-06,1.1999290450148692e-05,1.5065380430225617e-05
gmat_two_body,numerical_two_body,EarthMJ2000Eq,115380.0,2026-08-06T02:55:00Z,-0.000905754859559238,0.002976913492602762,-0.0013108910934533924,0.003376513181812116,0.0019519399430123485,-0.0005047979811934056,-0.0024476682902729863,0.0031711150408258405
gmat_two_body,numerical_two_body,EarthMJ2000Eq,115440.0,2026-08-06T02:56:00Z,3.5151970223523676e-06,-1.3904355000704527e-05,7.178641681093723e-06,1.603809821883842e-05,-9.460654482040809e-06,2.9549696023423166e-06,1.1389111875814706e-05,1.5097936875585005e-05
gmat_two_body,numerical_two_body,EarthMJ2000Eq,115500.0,2026-08-06T02:57:00Z,-0.0006665704859187827,0.002898009597629425,-0.0015956120478222147,0.003374722751250192,0.0020305115366880955,-0.0008088267833272766,-0.0022931012644278326,0.0031678843531561447
gmat_two_body,numerical_two_body,EarthMJ2000Eq,115560.0,2026-08-06T02:58:00Z,2.358319761697203e-06,-1.3462340575642884e-05,8.50104697747156e-06,1.6095467858567847e-05,-9.82391945569816e-06,4.39825953435502e-06,1.064259791405675e-05,1.513667634468924e-05
gmat_two_body,numerical_two_body,EarthMJ2000Eq,115620.0,2026-08-06T02:59:00Z,1.762600732035935e-06,-1.3178123481338844e-05,9.129507816396654e-06,1.6128162102348653e-05,-9.965361869035405e-06,5.10702591327572e-06,1.0222489521538591e-05,1.5162105489596782e-05
gmat_two_body,numerical_two_body,EarthMJ2000Eq,115680.0,2026-08-06T03:00:00Z,-0.0002937031240435317,0.0027127525754622184,-0.0019839371816487983,0.0033736174651964332,0.0021033851327345587,-0.0012449126174374214,-0.002012271238527319,0.0031659551448287985
gmat_two_body,numerical_two_body,EarthMJ2000Eq,115740.0,2026-08-06T03:01:00Z,5.529727786779404e-07,-1.2482360034482554e-05,1.029911800287664e-05,1.619218708394835e-05,-1.0159206809134957e-05,6.481037928551814e-06,9.28501719954511e-06,1.5212655258630881e-05
gmat_two_body,numerical_two_body,EarthMJ2000Eq,115800.0,2026-08-06T03:02:00Z,-5.9117155615240335e-08,-1.2074451660737395e-05,1.0839357855729759e-05,1.622613806394308e-05,-1.0212303225287656e-05,7.1453953864875075e-06,8.774314608217537e-06,1.5242585385637085e-05
gmat_two_body,numerical_two_body,EarthMJ2000Eq,115860.0,2026-08-06T03:03:00Z,8.73287717695348e-05,0.0024518053578503896,-0.0023168618099589366,0.0033744369120801256,0.0021210362355361667,-0.0016482548659269014,-0.0016786607659469155,0.0031675606991245844
gmat_two_body,numerical_two_body,EarthMJ2000Eq,115920.0,2026-08-06T03:04:00Z,-1.2860255083069205e-06,-1.1139491107314825e-05,1.1827069101855159e-05,1.629790438301867e-05,-1.0230150060408505e-05,8.417266883498087e-06,7.668532475690881e-06,1.5307277431902627e-05
gmat_two_body,numerical_two_body,EarthMJ2000Eq,115980.0,2026-08-06T03:05:00Z,0.0003409495548112318,0.0022390504454961047,-0.0025036074475792702,0.0033760396543845083,0.002101799734255394,-0.0018943078217148468,-0.0014306023032872872,0.003170581523395509
gmat_two_body,numerical_two_body,EarthMJ2000Eq,116040.0,2026-08-06T03:06:00Z,-2.508386387489736e-06,-1.0056282917503268e-05,1.267699190066196e-05,1.637458249957112e-05,-1.0126566252210978e-05,9.603873252217454e-06,6.460609824898711e-06,1.5379245911768687e-05
gmat_two_body,numerical_two_body,EarthMJ2000Eq,116100.0,2026-08-06T03:07:00Z,-3.1113813747651875e-06,-9.465111361350864e-06,1.3045337254879996e-05,1.641492769510633e-05,-1.0029088670648889e-05,1.0160761121369433e-05,5.821121362714621e-06,1.541781891347551e-05
gmat_two_body,numerical_two_body,EarthMJ2000Eq,116160.0,2026-08-06T03:08:00Z,0.0007133367034839466,0.001867751961981412,-0.002725243120949017,0.003379984720720302,0.0020265666922369974,-0.0022225057350055977,-0.0010261214100637517,0.0031779599507244264
gmat_two_body,numerical_two_body,EarthMJ2000Eq,116220.0,2026-08-06T03:09:00Z,-4.298271960578859e-06,-8.18090484244749e-06,1.3663793652085587e-05,1.6495502503866124e-05,-9.743317264110374e-06,1.1192380355851128e-05,4.481748305806832e-06,1.5501215346409324e-05
gmat_two_body,numerical_two_body,EarthMJ2000Eq,116280.0,2026-08-06T03:10:00Z,-4.878529580309987e-06,-7.4960553320124745e-06,1.3912540453020483e-05,1.6539337298195585e-05,-9.554579349924097e-06,1.1663559007502045e-05,3.780975532663433e-06,1.5544271332361566e-05
gmat_two_body,numerical_two_body,EarthMJ2000Eq,116340.0,2026-08-06T03:11:00Z,-5.446054274216294e-06,-6.782101991120726e-06,1.4117631508270279e-05,1.6582036484671568e-05,-9.337419726307417e-06,1.2103651414463457e-05,3.0668800832245324e-06,1.559139307929081e-05
gmat_two_body,numerical_two_body,EarthMJ2000Eq,116400.0,2026-08-06T03:12:00Z,-5.997208063490689e-06,-6.044501787982881e-06,1.4281113180913962e-05,1.6626866815723295e-05,-9.088285679581531e-06,1.2508660773846714e-05,2.3367974222310295e-06,1.5637268084336336e-05
gmat_two_body,numerical_two_body,EarthMJ2000Eq,116460.0,2026-08-06T03:13:00Z,0.0012880891517852433,0.0011339861885062419,-0.002923982719948981,0.0033903942669297298,0.0017805188434749653,-0.0026400917008118086,-0.00028830093867782125,0.00319741285603022
gmat_two_body,numerical_two_body,EarthMJ2000Eq,116520.0,2026-08-06T03:14:00Z,-7.0531314122490585e-06,-4.499270289670676e-06,1.4471481790678808e-05,1.671567770315987e-05,-8.502976100999149e-06,1.3214762617508313e-05,8.411049634560186e-07,1.5736518394194067e-05
gmat_two_body,numerical_two_body,EarthMJ2000Eq,116580.0,2026-08-06T03:15:00Z,-7.5538082455750555e-06,-3.6961864680051804e-06,1.4499342171347962e-05,1.6761644812458342e-05,-8.167244658352502e-06,1.3510081942058605e-05,7.904787935331115e-08,1.5787097515305204e-05
gmat_two_body,numerical_two_body,EarthMJ2000Eq,116640.0,2026-08-06T03:16:00Z,0.0015898640413070098,0.0006432210284401663,-0.0029342140237531567,0.00339867811045094,0.0015643784045948905,-0.0028008508845545066,0.00017600054746935712,0.0032129459477218303
gmat_two_body,numerical_two_body,EarthMJ2000Eq,116700.0,2026-08-06T03:17:00Z,-8.488768798997626e-06,-2.0445440895855427e-06,1.441674157831585e-05,1.685472616191185e-05,-7.410072555558145e-06,1.398425819587601e-05,-1.4654943925052066e-06,1.5893908467775492e-05
gmat_two_body,numerical_two_body,EarthMJ2000Eq,116760.0,2026-08-06T03:18:00Z,-8.922143024392426e-06,-1.1996235116384923e-06,1.4305214790510945e-05,1.6902156753504665e-05,-6.993072787508936e-06,1.4159784456069247e-05,-2.239985974483716e-06,1.5950551715211045e-05
gmat_two_body,numerical_two_body,EarthMJ2000Eq,116820.0,2026-08-06T03:19:00Z,-9.329141903435811e-06,-3.446984919719398e-07,1.4147417459753342e-05,1.694995948329504e-05,-6.5494276668687235e-06,1.429190099599964e-05,-3.0180302701410255e-06,1.6008183643202265e-05
gmat_two_body,numerical_two_body,EarthMJ2000Eq,116880.0,2026-08-06T03:20:00Z,-9.708401194075122e-06,5.138645065017045e-07,1.394323589920532e-05,1.6997968637959345e-05,-6.079581282847357e-06,1.4377554702349471e-05,-3.7925218521195347e-06,1.606420274375929e-05
gmat_two_body,numerical_two_body,EarthMJ2000Eq,116940.0,2026-08-06T03:21:00Z,0.001992887064261595,-0.00021733103494625539,-0.002764894816209562,0.003415183007446968,0.0011028218338537954,-0.0028994505130164328,0.0009492184815940163,0.003244078451649336
gmat_two_body,numerical_two_body,EarthMJ2000Eq,117000.0,2026-08-06T03:22:00Z,-1.0378244041930884e-05,2.243723429273814e-06,1.3396856957115233e-05,1.7094385644133366e-05,-5.069722419648315e-06,1.441591290785027e-05,-5.324629626102251e-06,1.6182469250215635e-05
gmat_two_body,numerical_two_body,EarthMJ2000Eq,117060.0,2026-08-06T03:23:00Z,-1.0667008609743789e-05,3.1095623853616416e-06,1.3053977454546839e-05,1.7142367931316293e-05,-4.533262654149439e-06,1.436384344799535e-05,-6.076916747588257e-06,1.6241902168377434e-05
gmat_two_body,numerical_two_body,EarthMJ2000Eq,117120.0,2026-08-06T03:24:00Z,0.0021623584416374797,-0.0007360322342719883,-0.002553778358560521,0.003426269310001821,0.0007746159269572672,-0.0028499858029107372,0.001392362669605518,0.0032651374725728823
gmat_two_body,numerical_two_body,EarthMJ2000Eq,117180.0,2026-08-06T03:25:00Z,-1.1143129086121917e-05,4.82032191939652e-06,1.223452272824943e-05,1.7236251785833332e-05,-3.3999469906120794e-06,1.4118706204158116e-05,-7.540634783254063e-06,1.6363333320345404e-05
gmat_two_body,numerical_two_body,EarthMJ2000Eq,117240.0,2026-08-06T03:26:00Z,-1.133048499468714e-05,5.6588760344311595e-06,1.1760675988625735e-05,1.728341019293726e-05,-2.807531984672096e-06,1.3925749442478264e-05,-8.247624805335363e-06,1.6426565322952443e-05
gmat_two_body,numerical_two_body,EarthMJ2000Eq,117300.0,2026-08-06T03:27:00Z,-1.148032424680423e-05,6.486516213044524e-06,1.1245901987422258e-05,1.7330408215173654e-05,-2.19824158875781e-06,1.3681056287850879e-05,-8.93507490218326e-06,1.6487544715375717e-05
gmat_two_body,numerical_two_body,EarthMJ2000Eq,117360.0,2026-08-06T03:28:00Z,-1.1593670024012681e-05,7.300513971131295e-06,1.0688381735235453e-05,1.7376771650294776e-05,-1.5765166949677223e-06,1.3389289676979388e-05,-9.595879646440153e-06,1.6548093217423667e-05
gmat_two_body,numerical_two_body,EarthMJ2000Eq,117420.0,2026-08-06T03:29:00Z,0.0023051445623423206,-0.0015564655768685043,-0.002033880264207255,0.0034457140732226674,0.0001673505778398976,-0.002580699209886461,0.0020537198608394647,0.0033023900276342925
gmat_two_body,numerical_two_body,EarthMJ2000Eq,117480.0,2026-08-06T03:30:00Z,-1.1707271596606006e-05,8.86757334228605e-06,9.462382877245545e-06,1.7470854441987365e-05,-2.984279490192421e-07,1.2661871551244985e-05,-1.0841993969279429e-05,1.6672158937908264e-05
gmat_two_body,numerical_two_body,EarthMJ2000Eq,117540.0,2026-08-06T03:31:00Z,-1.1705878932843916e-05,9.614268492441624e-06,8.794813766144216e-06,1.751600723385083e-05,3.5083047578154947e-07,1.2226664125591924e-05,-1.141842176366481e-05,1.6733043752877353e-05
gmat_two_body,numerical_two_body,EarthMJ2000Eq,117600.0,2026-08-06T03:32:00Z,0.0023007741560832073,-0.0019977587726316415,-0.0016337235138053074,0.0034574057254663413,-0.0002170983393057213,-0.0023092736611829423,0.0023823676364997937,0.003324989035561499
gmat_two_body,numerical_two_body,EarthMJ2000Eq,117660.0,2026-08-06T03:33:00Z,-1.1584802450670395e-05,1.1024894774891436e-05,7.3578121373429894e-06,1.7603788003350845e-05,1.6688872506165353e-06,1.1218581619232282e-05,-1.2467804566540508e-05,1.6854907561659754e-05
gmat_two_body,numerical_two_body,EarthMJ2000Eq,117720.0,2026-08-06T03:34:00Z,0.002259248503833078,-0.0022617650756728835,-0.0013365606719162315,0.003464993432795903,-0.00047477399789386254,-0.0020852990445519026,0.002565128998099908,0.003339725921565756
gmat_two_body,numerical_two_body,EarthMJ2000Eq,117780.0,2026-08-06T03:35:00Z,-1.1304564395686612e-05,1.2300006346777081e-05,5.807123670820147e-06,1.7686322897515512e-05,2.9833913117727207e-06,1.0033751607352315e-05,-1.3361756145968684e-05,1.6973901211611256e-05
gmat_two_body,numerical_two_body,EarthMJ2000Eq,117840.0,2026-08-06T03:36:00Z,-1.1106521924375556e-05,1.2883901945315301e-05,4.994035407435149e-06,1.7728230262602365e-05,3.6344260934129125e-06,9.380940468872723e-06,-1.3746337401698838e-05,1.7034461807476015e-05
gmat_two_body,numerical_two_body,EarthMJ2000Eq,117900.0,2026-08-06T03:37:00Z,0.0021394466784840915,-0.0026025968509202357,-0.0008546412573195994,0.003475795468264691,-0.0008540990137362314,-0.0016906298583307944,0.00277622747013595,0.0033608262985584756
gmat_two_body,numerical_two_body,EarthMJ2000Eq,117960.0,2026-08-06T03:38:00Z,-1.0593794286251068e-05,1.3923454389441758e-05,3.3051037462428212e-06,1.7804908600936403e-05,4.915179374620493e-06,7.952749569994921e-06,-1.4371837053772651e-05,1.7145113423595124e-05
gmat_two_body,numerical_two_body,EarthMJ2000Eq,118020.0,2026-08-06T03:39:00Z,-1.0280018614139408e-05,1.4378201740328223e-05,2.433807821944356e-06,1.784194183677292e-05,5.536904268410581e-06,7.186251593793713e-06,-1.461364362853601e-05,1.720052618232062e-05
gmat_two_body,numerical_two_body,EarthMJ2000Eq,118080.0,2026-08-06T03:40:00Z,0.0019529857127054129,-0.0028667327569564804,-0.0003421819201321341,0.003485598709017446,-0.001213204647854127,-0.0012351284439660049,0.0029030315928935124,0.003380088788775612
gmat_two_body,numerical_two_body,EarthMJ2000Eq,118140.0,2026-08-06T03:41:00Z,-9.542418411001563e-06,1.5145360521273687e-05,6.602931534871459e-07,1.7913003140135917e-05,6.730616064487549e-06,5.562661442581884e-06,-1.4938938974751181e-05,1.7303649690850337e-05
gmat_two_body,numerical_two_body,EarthMJ2000Eq,118200.0,2026-08-06T03:42:00Z,0.0017939328245120123,-0.002995284830831224,8.640199666842818e-06,0.0034914181717061,-0.0014348833232702418,-0.0009043006343745219,0.0029370286584728955,0.00339157590648069
gmat_two_body,numerical_two_body,EarthMJ2000Eq,118260.0,2026-08-06T03:43:00Z,-8.667939255246893e-06,1.571106622577645e-05,-1.1386873666197062e-06,1.797963797750897e-05,7.847056338050606e-06,3.83160170258634e-06,-1.505273683477526e-05,1.74023662470597e-05
gmat_two_body,numerical_two_body,EarthMJ2000Eq,118320.0,2026-08-06T03:44:00Z,-8.182269084500149e-06,1.591365617059637e-05,-2.042725100181997e-06,1.8010183395014065e-05,8.36752889199488e-06,2.935429677108914e-06,-1.5024537169949781e-05,1.744617448952129e-05
gmat_two_body,numerical_two_body,EarthMJ2000Eq,118380.0,2026-08-06T03:45:00Z,0.0015082478057593107,-0.0031112191436477588,0.0005362135198083706,0.0034988599489267002,-0.0017314150113634241,-0.00037921044082622757,0.0029088536024346467,0.0034063217376523974
gmat_two_body,numerical_two_body,EarthMJ2000Eq,118440.0,2026-08-06T03:46:00Z,-7.118160283425823e-06,1.615575229152455e-05,-3.8344296626746655e-06,1.8065973230458436e-05,9.324541139221765e-06,1.0942358130705543e-06,-1.4805046077981387e-05,1.753093861841965e-05
gmat_two_body,numerical_two_body,EarthMJ2000Eq,118500.0,2026-08-06T03:47:00Z,-6.544723873957992e-06,1.6193432372801908e-05,-4.713911039289087e-06,1.8090926451820982e-05,9.755751761986176e-06,1.5720758028692217e-07,-1.4611201137881835e-05,1.7569479370671044e-05
gmat_two_body,numerical_two_body,EarthMJ2000Eq,118560.0,2026-08-06T03:48:00Z,0.0011738411558326334,-0.0031306851155932236,0.0010500607459107414,0.0035045284878605382,-0.0019744321733128345,0.00016440715455701138,0.002784705355196593,0.0034176009180041716
gmat_two_body,numerical_two_body,EarthMJ2000Eq,118620.0,2026-08-06T03:49:00Z,-5.326000973582268e-06,1.6099761523946654e-05,-6.437403499148786e-06,1.8138598934576104e-05,1.0513812043200232e-05,-1.723954312637943e-06,-1.4058088027013582e-05,1.7639220536267123e-05
gmat_two_body,numerical_two_body,EarthMJ2000Eq,118680.0,2026-08-06T03:50:00Z,0.0009289751687902026,-0.0030891360438545235,0.0013765393305220641,0.0035072235301081243,-0.002101724350112022,0.0005275122560988166,0.0026497706251404907,0.003422980980088217
gmat_two_body,numerical_two_body,EarthMJ2000Eq,118740.0,2026-08-06T03:51:00Z,-4.026333044748753e-06,1.578018782311119e-05,-8.079950930550694e-06,1.8179969542328983e-05,1.1119105636225868e-05,-3.6006753134643077e-06,-1.3290257783182824e-05,1.7698314179774094e-05
gmat_two_body,numerical_two_body,EarthMJ2000Eq,118800.0,2026-08-06T03:52:00Z,-3.3496689866296947e-06,1.553735273773782e-05,-8.863935363478959e-06,1.8198872562464154e-05,1.1364686969272952e-05,-4.523492691532738e-06,-1.2827960915728909e-05,1.772497326642218e-05
gmat_two_body,numerical_two_body,EarthMJ2000Eq,118860.0,2026-08-06T03:53:00Z,0.0005376141416491009,-0.002946039785456378,0.0018299269868293777,0.003509531615460873,-0.002234731288908165,0.0010583667275909647,0.002373679475198287,0.0034276111673692466
gmat_two_body,numerical_two_body,EarthMJ2000Eq,118920.0,2026-08-06T03:54:00Z,-1.962689566425979e-06,1.488660927861929e-05,-1.0341864253859967e-05,1.8232318623633636e-05,1.1725398429973666e-05,-6.3229421698451915e-06,-1.1762146812088758e-05,1.777111880704097e-05
gmat_two_body,numerical_two_body,EarthMJ2000Eq,118980.0,2026-08-06T03:55:00Z,-1.255102688446641e-06,1.448006514692679e-05,-1.1030351743102074e-05,1.824599213510586e-05,1.184030651302237e-05,-7.193357021151314e-06,-1.1158185486692673e-05,1.7788826462459683e-05
gmat_two_body,numerical_two_body,EarthMJ2000Eq,119040.0,2026-08-06T03:56:00Z,-5.393303581513464e-07,1.4022134564584121e-05,-1.168154994957149e-05,1.825841570911513e-05,1.1911471808900842e-05,-8.038902876705833e-06,-1.0512479775570682e-05,1.7805037240824055e-05
gmat_two_body,numerical_two_body,EarthMJ2000Eq,119100.0,2026-08-06T03:57:00Z,1.7553247744217515e-07,1.3516000763047487e-05,-1.2293185136513785e-05,1.827116550956563e-05,1.1938682681345014e-05,-8.855138844410249e-06,-9.824141500303085e-06,1.7817389941784627e-05
gmat_two_body,numerical_two_body,EarthMJ2000Eq,119160.0,2026-08-06T03:58:00Z,-0.00014644501789007336,-0.002505114935047459,0.0024521896193618886,0.0035086009904759566,-0.002290390543890908,0.0018581856053856427,0.001742806787774498,0.003425801816673019
gmat_two_body,numerical_two_body,EarthMJ2000Eq,119220.0,2026-08-06T03:59:00Z,1.6052581486292183e-06,1.2359123502392322e-05,-1.3384578778641298e-05,1.828856846647057e-05,1.1860512572070547e-05,-1.0385470261553564e-05,-8.347988966761477e-06,1.783868467166311e-05
gmat_two_body,numerical_two_body,EarthMJ2000Eq,119280.0,2026-08-06T04:00:00Z,2.3128450266085565e-06,1.1715201253537089e-05,-1.3860699255019426e-05,1.8295195444872434e-05,1.1754930362428695e-05,-1.1096012997313665e-05,-7.560174708487466e-06,1.7845339276263574e-05
gmat_two_body,numerical_two_body,EarthMJ2000Eq,119340.0,2026-08-06T04:01:00Z,-0.0005537203833227977,-0.0021335590645321645,0.002725395006564213,0.003505204485698325,-0.0022223758389117165,0.002258378373198866,0.0012848229147266466,0.0034190637853245133
gmat_two_body,numerical_two_body,EarthMJ2000Eq,119400.0,2026-08-06T04:02:00Z,3.7061909097246826e-06,1.0302755981683731e-05,-1.4668330550193787e-05,1.8304167640381634e-05,1.1415091094590935e-05,-1.2388312597977347e-05,-5.906386491005833e-06,1.7851050252132217e-05
gmat_two_body,numerical_two_body,EarthMJ2000Eq,119460.0,2026-08-06T04:03:00Z,4.383764462545514e-06,9.543327905703336e-06,-1.4997567632235587e-05,1.8309001427230635e-05,1.1181500170209802e-05,-1.2967404927621828e-05,-5.0457416023164114e-06,1.785046343741975e-05
gmat_two_body,numerical_two_body,EarthMJ2000Eq,119520.0,2026-08-06T04:04:00Z,5.04405761603266e-06,8.74933903105557e-06,-1.5273371900548227e-05,1.8310361545492915e-05,1.0908163261547088e-05,-1.3497203354972953e-05,-4.168221323652688e-06,1.784759348340867e-05
gmat_two_body,numerical_two_body,EarthMJ2000Eq,119580.0,2026-08-06T04:05:00Z,5.690708348993212e-06,7.92624632595107e-06,-1.5497562344535254e-05,1.8313491773982124e-05,1.0595968547022494e-05,-1.397726379082087e-05,-3.276490190273762e-06,1.7843033388262277e-05
gmat_two_body,numerical_two_body,EarthMJ2000Eq,119640.0,2026-08-06T04:06:00Z,-0.0011843585525639355,-0.001376583895762451,0.002986400886584306,0.0034951793456839087,-0.0019506019022230703,0.0027481861231137827,0.00044437786783646516,0.0033992420386983785
gmat_two_body,numerical_two_body,EarthMJ2000Eq,119700.0,2026-08-06T04:07:00Z,6.919435691088438e-06,6.199115887284279e-06,-1.5781893125677016e-05,1.831326783229526e-05,9.85878045867139e-06,-1.4779288903810084e-05,-1.4699352846037073e-06,1.7826487101374957e-05
gmat_two_body,numerical_two_body,EarthMJ2000Eq,119760.0,2026-08-06T04:08:00Z,7.497419574065134e-06,5.3041731007397175e-06,-1.5843085066080675e-05,1.8312533876098474e-05,9.43733979852368e-06,-1.5099033134902129e-05,-5.60440582830779e-07,1.7814552414488416e-05
gmat_two_body,numerical_two_body,EarthMJ2000Eq,119820.0,2026-08-06T04:09:00Z,-0.0015141322364797816,-0.0008649076335132122,0.003019549296823243,0.003486881070527418,-0.0017042371958098101,0.0029212847696413746,-7.580780447824509e-05,0.0033829093910626926
gmat_two_body,numerical_two_body,EarthMJ2000Eq,119880.0,2026-08-06T04:10:00Z,8.57562554301694e-06,3.461536834947765e-06,-1.5801674635440577e-05,1.8308918919424787e-05,8.501643833369599e-06,-1.5573764500231846e-05,1.2514433933574765e-06,1.7787248217330612e-05
gmat_two_body,numerical_two_body,EarthMJ2000Eq,119940.0,2026-08-06T04:11:00Z,9.071300155483186e-06,2.521119313314557e-06,-1.569992491567973e-05,1.8306615510815158e-05,7.989608974412477e-06,-1.5726975277630117e-05,2.148503597254603e-06,1.777041560162894e-05
gmat_two_body,numerical_two_body,EarthMJ2000Eq,120000.0,2026-08-06T04:12:00Z,9.53514245338738e-06,1.5743353287689388e-06,-1.5544628695352003e-05,1.8303905446930205e-05,7.451372852074201e-06,-1.582589614912422e-05,3.034905660115328e-06,1.775366437300461e-05
gmat_two_body,numerical_two_body,EarthMJ2000Eq,120060.0,2026-08-06T04:13:00Z,9.966242942027748e-06,6.239133654162288e-07,-1.5336354408646002e-05,1.830079322911055e-05,6.8900440908237215e-06,-1.586925035823583e-05,3.90354415458205e-06,1.7735373451738608e-05
gmat_two_body,numerical_two_body,EarthMJ2000Eq,120120.0,2026-08-06T04:14:00Z,-0.001950690148078138,2.9517650546040386e-05,0.0028697927518805955,0.0034701259032273264,-0.0011872716143557227,0.002997315826092084,-0.0009111564835961872,0.0033501824107347177
gmat_two_body,numerical_two_body,EarthMJ2000Eq,120180.0,2026-08-06T04:15:00Z,1.0724306775955483e-05,-1.2769305612891912e-06,-1.4766555977985263e-05,1.829460256289082e-05,5.704769989733904e-06,-1.5791867813419458e-05,5.588418616753188e-06,1.769626831590083e-05
gmat_two_body,numerical_two_body,EarthMJ2000Eq,120240.0,2026-08-06T04:16:00Z,1.1048541637137532e-05,-2.2209860617294908e-06,-1.440685082343407e-05,1.829099237446239e-05,5.086597809622617e-06,-1.567368457244811e-05,6.401990049198503e-06,1.7678329727196856e-05
gmat_two_body,numerical_two_body,EarthMJ2000Eq,120300.0,2026-08-06T04:17:00Z,-0.0021328471575543517,0.0005632655302179046,0.0026640868782124016,0.0034588529817965426,-0.0008326139777636854,0.002918152386399697,-0.0013670859999592722,0.0033283304399506905
gmat_two_body,numerical_two_body,EarthMJ2000Eq,120360.0,2026-08-06T04:18:00Z,1.1581960279727355e-05,-4.080902726855129e-06,-1.3544195098802447e-05,1.8282253467821194e-05,3.809397242093837e-06,-1.5277556997261854e-05,7.94297960737822e-06,1.763536731105658e-05
gmat_two_body,numerical_two_body,EarthMJ2000Eq,120420.0,2026-08-06T04:19:00Z,-0.0022179854113346664,0.0009077302820514888,0.0024831956579873804,0.003451042483901649,-0.0005852935913708279,0.0028166384780092812,-0.001643715386023814,0.0033132795194721525
gmat_two_body,numerical_two_body,EarthMJ2000Eq,120480.0,2026-08-06T04:20:00Z,1.1959627954638563e-05,-5.879883246961981e-06,-1.2505552149377763e-05,1.827551811501067e-05,2.4913404672588513e-06,-1.468158927764307e-05,9.36672961415752e-06,1.759236950231381e-05
gmat_two_body,numerical_two_body,EarthMJ2000Eq,120540.0,2026-08-06T04:21:00Z,1.2089230949641205e-05,-6.751179171260446e-06,-1.192347554024309e-05,1.827285402215535e-05,1.8243184740640572e-06,-1.4312995233467518e-05,1.0026646179994714e-05,1.7570532264757317e-05
gmat_two_body,numerical_two_body,EarthMJ2000Eq,120600.0,2026-08-06T04:22:00Z,-0.002289358064899716,0.0013961362128611654,0.002153459718101658,0.003439148940024285,-0.0002070583704494311,0.0025973019290859156,-0.00200960226237612,0.0032904941471690557
gmat_two_body,numerical_two_body,EarthMJ2000Eq,120660.0,2026-08-06T04:23:00Z,1.2228042578499299e-05,-8.418282959610224e-06,-1.0644725989550352e-05,1.826753143372865e-05,4.831690603168681e-07,-1.3441692203741695e-05,1.1239009722885385e-05,1.752791719492336e-05
gmat_two_body,numerical_two_body,EarthMJ2000Eq,120720.0,2026-08-06T04:24:00Z,1.2237123314662313e-05,-9.210452844854444e-06,-9.952600521501154e-06,1.8265647696321207e-05,-1.8562928971732617e-07,-1.2943424110289925e-05,1.1789680343099462e-05,1.750894767039131e-05
gmat_two_body,numerical_two_body,EarthMJ2000Eq,120780.0,2026-08-06T04:25:00Z,-0.0022926255951460917,0.0018384589566267096,0.001763722139003221,0.0034273574716288404,0.0001695505957854948,0.002306336011059784,-0.0023091755174675654,0.003268061316884059
gmat_two_body,numerical_two_body,EarthMJ2000Eq,120840.0,2026-08-06T04:26:00Z,1.213527411891846e-05,-1.0698386176954955e-05,-8.482857083436102e-06,1.826688832370076e-05,-1.510791491909913e-06,-1.1832312907245068e-05,1.27649002479302e-05,1.747079843643656e-05
gmat_two_body,numerical_two_body,EarthMJ2000Eq,120900.0,2026-08-06T04:27:00Z,-0.0022575206912733847,0.002101770405715797,0.001476701072533615,0.003419719954541912,0.0004143787535326737,0.0020780541731824087,-0.0024690161026796886,0.0032536225062769213
gmat_two_body,numerical_two_body,EarthMJ2000Eq,120960.0,2026-08-06T04:28:00Z,1.1874817573698238e-05,-1.2045347830280662e-05,-6.9003363023512065e-06,1.8267904582808767e-05,-2.8048674494129955e-06,-1.0581757692307292e-05,1.3571810342227764e-05,1.7436596951036102e-05
gmat_two_body,numerical_two_body,EarthMJ2000Eq,121020.0,2026-08-06T04:29:00Z,1.1688825907185674e-05,-1.2661075743380934e-05,-6.0763341025449336e-06,1.8271653625051963e-05,-3.4345859489803843e-06,-9.909406628594297e-06,1.3910206320133511e-05,1.7420865657034508e-05
gmat_two_body,numerical_two_body,EarthMJ2000Eq,121080.0,2026-08-06T04:30:00Z,-0.00215102159017988,0.002441859123791801,0.0010151989044970833,0.003408841251445617,0.0007650307054518635,0.0016929959656408755,-0.002646106445070018,0.0032331697509721856
gmat_two_body,numerical_two_body,EarthMJ2000Eq,121140.0,2026-08-06T04:31:00Z,1.120315573643893e-05,-1.3765202311333269e-05,-4.371941031422466e-06,1.827854921784206e-05,-4.653166740808956e-06,-8.483880264975596e-06,1.4453549468385063e-05,1.739348375982417e-05
gmat_two_body,numerical_two_body,EarthMJ2000Eq,121200.0,2026-08-06T04:32:00Z,1.0907569958362728e-05,-1.4252691471483558e-05,-3.497916623018682e-06,1.8285232218363203e-05,-5.239364497811039e-06,-7.73336950032899e-06,1.4657164371101317e-05,1.7380690767947724e-05
gmat_two_body,numerical_two_body,EarthMJ2000Eq,121260.0,2026-08-06T04:33:00Z,-0.0019837643776554614,0.002708833108044928,0.0005287165549816564,0.0033989173436267577,0.001088132250970375,0.0012677068284006054,-0.0027464073237837283,0.003214633040723043
gmat_two_body,numerical_two_body,EarthMJ2000Eq,121320.0,2026-08-06T04:34:00Z,1.0209532774752006e-05,-1.5088062355061993e-05,-1.7189449863508344e-06,1.829860532868762e-05,-6.3584693066331965e-06,-6.174616373755271e-06,1.4930723324368955e-05,1.7363251949888252e-05
gmat_two_body,numerical_two_body,EarthMJ2000Eq,121380.0,2026-08-06T04:35:00Z,-0.001841240646172082,0.0028430777092580684,0.0001973576218006201,0.003392964486828456,0.0012845209340639485,0.000967932400897098,-0.0027705547300804767,0.0032035699891099995
gmat_two_body,numerical_two_body,EarthMJ2000Eq,121440.0,2026-08-06T04:36:00Z,9.383711585542187e-06,-1.5731075109215453e-05,7.821654435247183e-08,1.831739296516366e-05,-7.395861700842943e-06,-4.5501380441237416e-06,1.502371838046912e-05,1.7352655142491116e-05
gmat_two_body,numerical_two_body,EarthMJ2000Eq,121500.0,2026-08-06T04:37:00Z,8.926235750550404e-06,-1.5980276657501236e-05,9.813447832129896e-07,1.8330574576598037e-05,-7.879918939579511e-06,-3.7188030432844243e-06,1.5003498443633134e-05,1.7350146515726816e-05
gmat_two_body,numerical_two_body,EarthMJ2000Eq,121560.0,2026-08-06T04:38:00Z,-0.0015858709048188757,0.0029756606636510696,-0.00030005230655660853,0.0033851992996899467,0.0015458994084838196,0.0005029221483709989,-0.002743785310066471,0.0031892151849960337
gmat_two_body,numerical_two_body,EarthMJ2000Eq,121620.0,2026-08-06T04:39:00Z,7.925791578600183e-06,-1.6325088836310897e-05,2.773958840407431e-06,1.8358146565193524e-05,-8.776535054266787e-06,-2.0268231537556858e-06,1.482725053847389e-05,1.734885985262571e-05
gmat_two_body,numerical_two_body,EarthMJ2000Eq,121680.0,2026-08-06T04:40:00Z,7.386915967799723e-06,-1.6420756310253637e-05,3.6561687011271715e-06,1.8373223312395978e-05,-9.187761662587945e-06,-1.1723955140041653e-06,1.4672485448841144e-05,1.735140642300309e-05
gmat_two_body,numerical_two_body,EarthMJ2000Eq,121740.0,2026-08-06T04:41:00Z,6.8248482421040535e-06,-1.6465577346025384e-05,4.533831088338047e-06,1.8391558259246977e-05,-9.568346115429449e-06,-3.1530333899354446e-07,1.4477086196507116e-05,1.735622909278773e-05
gmat_two_body,numerical_two_body,EarthMJ2000Eq,121800.0,2026-08-06T04:42:00Z,6.240043148864061e-06,-1.6458500340377213e-05,5.3933035815134645e-06,1.8409456686068932e-05,-9.92317339409965e-06,5.417888360170764e-07,1.4237722112397933e-05,1.7363053772365764e-05
gmat_two_body,numerical_two_body,EarthMJ2000Eq,121860.0,2026-08-06T04:43:00Z,-0.0010685635061236098,0.003008388603120693,-0.0010972707968903705,0.0033758307356433147,0.0018805352830497668,-0.00028395952256232704,-0.00253864440580287,0.003172027960211432
gmat_two_body,numerical_two_body,EarthMJ2000Eq,121920.0,2026-08-06T04:44:00Z,5.0131347961723804e-06,-1.6291778592858464e-05,7.068592822179198e-06,1.8453145387415094e-05,-1.0543566020260187e-05,2.2524204723595176e-06,1.3634426920816622e-05,1.7382110915161557e-05
gmat_two_body,numerical_two_body,EarthMJ2000Eq,121980.0,2026-08-06T04:45:00Z,4.371031536720693e-06,-1.6131480151670985e-05,7.876224117353559e-06,1.847607845094688e-05,-1.0808021144725899e-05,3.098854506333737e-06,1.3273382393208522e-05,1.739537008725612e-05
gmat_two_body,numerical_two_body,EarthMJ2000Eq,122040.0,2026-08-06T04:46:00Z,-0.0007172311597969383,0.0029155457923479844,-0.001536063791718334,0.0033725835461986416,0.002014450828369263,-0.0007449099115319768,-0.0023262627379949663,0.003166133484614953
gmat_two_body,numerical_two_body,EarthMJ2000Eq,122100.0,2026-08-06T04:47:00Z,3.0449882615357637e-06,-1.565967977512628e-05,9.418727131560445e-06,1.8525926291313546e-05,-1.124189630274941e-05,4.768629935369972e-06,1.2434497875801753e-05,1.7428046401292253e-05
gmat_two_body,numerical_two_body,EarthMJ2000Eq,122160.0,2026-08-06T04:48:00Z,2.3646862246096134e-06,-1.534817783976905e-05,1.0150870366487652e-05,1.8552586696718962e-05,-1.1411538380912134e-05,5.583977724654687e-06,1.1959766510472036e-05,1.7448209949260667e-05
gmat_two_body,numerical_two_body,EarthMJ2000Eq,122220.0,2026-08-06T04:49:00Z,1.6743797459639609e-06,-1.498938217991963e-05,1.0854819265659899e-05,1.8582578587470787e-05,-1.1548539902150878e-05,6.3868910160636005e-06,1.1449508008354314e-05,1.747147344547719e-05
gmat_two_body,numerical_two_body,EarthMJ2000Eq,122280.0,2026-08-06T04:50:00Z,9.786162991076708e-07,-1.458420229027979e-05,1.1525116860866547e-05,1.8614106611957284e-05,-1.165190166574348e-05,7.175593452757312e-06,1.0902390101819037e-05,1.749622998704724e-05
gmat_two_body,numerical_two_body,EarthMJ2000Eq,122340.0,2026-08-06T04:51:00Z,-9.354607755085453e-05,0.0025826348064583726,-0.0021650457711075433,0.0033713760696703777,0.0021180853182478643,-0.0014607230980345776,-0.0018415526881199185,0.0031640660055742495
gmat_two_body,numerical_two_body,EarthMJ2000Eq,122400.0,2026-08-06T04:52:00Z,-4.283720045350492e-07,-1.3631051842821762e-05,1.2762939149979502e-05,1.867837500057335e-05,-1.1757678164414642e-05,8.692602193605126e-06,9.71045466258147e-06,1.75526994638509e-05
gmat_two_body,numerical_two_body,EarthMJ2000Eq,122460.0,2026-08-06T04:53:00Z,-1.1341398931108415e-06,-1.3086719263810664e-05,1.3326825865078717e-05,1.8712369759735664e-05,-1.1759815343737046e-05,9.418243962500128e-06,9.066525308298878e-06,1.7584039849306173e-05
gmat_two_body,numerical_two_body,EarthMJ2000Eq,122520.0,2026-08-06T04:54:00Z,0.0002874958227039315,0.002284685251652263,-0.0024649666556797456,0.003373203397484736,0.0021064059385622613,-0.0018427730452685864,-0.0014833929640190036,0.0031675247686608395
gmat_two_body,numerical_two_body,EarthMJ2000Eq,122580.0,2026-08-06T04:55:00Z,-2.5383997126482427e-06,-1.1873453331645578e-05,1.4334091247292235e-05,1.878532775880256e-05,-1.1659895271520782e-05,1.0797585048294422e-05,7.694289649862185e-06,1.7656248011227083e-05
gmat_two_body,numerical_two_body,EarthMJ2000Eq,122640.0,2026-08-06T04:56:00Z,-3.234163159504533e-06,-1.1204974725842476e-05,1.477474143030122e-05,1.8822971451960616e-05,-1.155742168634788e-05,1.1441514402577013e-05,6.966871524127782e-06,1.7692358426567783e-05
gmat_two_body,numerical_two_body,EarthMJ2000Eq,122700.0,2026-08-06T04:57:00Z,-3.924469638150185e-06,-1.050102582667023e-05,1.517082637292333e-05,1.8863376638092766e-05,-1.1420864254318985e-05,1.20570220474292e-05,6.215472581061476e-06,1.773245669312918e-05
gmat_two_body,numerical_two_body,EarthMJ2000Eq,122760.0,2026-08-06T04:58:00Z,-4.605681169778109e-06,-9.757059160619974e-06,1.5520072338404134e-05,1.8901987934891505e-05,-1.1251222176156261e-05,1.2641443447591882e-05,5.4436455343420675e-06,1.777721489996272e-05
gmat_two_body,numerical_two_body,EarthMJ2000Eq,122820.0,2026-08-06T04:59:00Z,0.0009018122000270523,0.0016488311302964576,-0.002809776788126328,0.0033803483458729263,0.001963509799196572,-0.0023712796171082573,-0.0007997709161600142,0.0031808758656051758
gmat_two_body,numerical_two_body,EarthMJ2000Eq,122880.0,2026-08-06T05:00:00Z,-5.929905455559492e-06,-8.176357368938625e-06,1.6077819964266382e-05,1.898717707664396e-05,-1.0802025940392923e-05,1.3704148926763082e-05,3.83071352416664e-06,1.786510084852746e-05
gmat_two_body,numerical_two_body,EarthMJ2000Eq,122940.0,2026-08-06T05:01:00Z,-6.569280230905861e-06,-7.338712748605758e-06,1.628313839319162e-05,1.903031117692378e-05,-1.0527578808705584e-05,1.41797684705125e-05,3.0020430585864233e-06,1.7913905547826644e-05
gmat_two_body,numerical_two_body,EarthMJ2000Eq,123000.0,2026-08-06T05:02:00Z,0.0012418204278219491,0.0011995589375146665,-0.0029137889896446723,0.003386919824221076,0.0018056192097049006,-0.0026099278294111627,-0.0003524576186464401,0.003193150541100769
gmat_two_body,numerical_two_body,EarthMJ2000Eq,123060.0,2026-08-06T05:03:00Z,-7.797098078299314e-06,-5.586116458289325e-06,1.6541093827981967e-05,1.9120858258830663e-05,-9.876544027065393e-06,1.5009771203722266e-05,1.2940759575030825e-06,1.8014271733557223e-05
gmat_two_body,numerical_two_body,EarthMJ2000Eq,123120.0,2026-08-06T05:04:00Z,0.0014506836123473477,0.0008787483238847926,-0.002937691604643078,0.003392154702228939,0.0016717192075077492,-0.002731705528447037,-4.502798134353725e-05,0.003202949846938337
gmat_two_body,numerical_two_body,EarthMJ2000Eq,123180.0,2026-08-06T05:05:00Z,-8.936694939620793e-06,-3.740751708392054e-06,1.6592423435213277e-05,1.9213699676040966e-05,-9.094502928519432e-06,1.5670797992584085e-05,-4.5208281562736374e-07,1.8124245421904094e-05
gmat_two_body,numerical_two_body,EarthMJ2000Eq,123240.0,2026-08-06T05:06:00Z,-9.469204087508842e-06,-2.7912392397411168e-06,1.653836534387665e-05,1.9260694971674954e-05,-8.65707505681712e-06,1.5932144492580846e-05,-1.334043986389588e-06,1.8181249957840126e-05
gmat_two_body,numerical_two_body,EarthMJ2000Eq,123300.0,2026-08-06T05:07:00Z,0.0017305910660070367,0.0003749473762582056,-0.00290382297407632,0.0034011349337360504,0.0014305712170425977,-0.0028535653839867337,0.00042170444913836036,0.003219814288144765
gmat_two_body,numerical_two_body,EarthMJ2000Eq,123360.0,2026-08-06T05:08:00Z,-1.0451003618072718e-05,-8.558345143683255e-07,1.6271542335744016e-05,1.9357660481702402e-05,-7.688960579343984e-06,1.631272894542235e-05,-3.1104008257898386e-06,1.8300268679300858e-05
gmat_two_body,numerical_two_body,EarthMJ2000Eq,123420.0,2026-08-06T05:09:00Z,-1.0896656021941453e-05,1.2641976354643703e-07,1.605872057552915e-05,1.9407101817119716e-05,-7.16227077646181e-06,1.6429413385310454e-05,-3.994138353391463e-06,1.8362376971590846e-05
gmat_two_body,numerical_two_body,EarthMJ2000Eq,123480.0,2026-08-06T05:10:00Z,0.001963042905117618,-0.0001438638719264418,-0.002786111508612521,0.0034112536697527233,0.0011453336057343222,-0.002897651008026969,0.0008845111310051834,0.0032389088245296693
gmat_two_body,numerical_two_body,EarthMJ2000Eq,123540.0,2026-08-06T05:11:00Z,-1.1688825907185674e-05,2.105480234604329e-06,1.54741428559646e-05,1.9506685911081994e-05,-6.02629057766535e-06,1.6508350242361303e-05,-5.749178910718911e-06,1.8490399238480055e-05
gmat_two_body,numerical_two_body,EarthMJ2000Eq,123600.0,2026-08-06T05:12:00Z,0.002087939719785936,-0.0004909970812150277,-0.0026618690753821284,0.0034184963626859625,0.0009336433848261549,-0.002881775706953249,0.0011846399416981512,0.0032526439993768356
gmat_two_body,numerical_two_body,EarthMJ2000Eq,123660.0,2026-08-06T05:13:00Z,-1.2339796739979647e-05,4.081812221556902e-06,1.4680153981316835e-05,1.9607108290393976e-05,-4.791722574282176e-06,1.637356916717181e-05,-7.463363260740152e-06,1.8621389949808006e-05
gmat_two_body,numerical_two_body,EarthMJ2000Eq,123720.0,2026-08-06T05:14:00Z,-1.2608097677002661e-05,5.0595190259628e-06,1.4208126231096685e-05,1.9657917255032313e-05,-4.141575971061684e-06,1.6224133148057263e-05,-8.29736279683857e-06,1.868746578090049e-05
gmat_two_body,numerical_two_body,EarthMJ2000Eq,123780.0,2026-08-06T05:15:00Z,0.002225435309810564,-0.0010025569281424396,-0.0024096498236758634,0.003429882648875784,0.0005892601961932087,-0.0027882065545270507,0.0016124559465424682,0.0032743453619105962
gmat_two_body,numerical_two_body,EarthMJ2000Eq,123840.0,2026-08-06T05:16:00Z,-1.3023736755712889e-05,6.983100320212543e-06,1.3114458852214739e-05,1.9757794415133815e-05,-2.786215702599293e-06,1.5763390592837823e-05,-9.904965736495797e-06,1.8824341347439875e-05
gmat_two_body,numerical_two_body,EarthMJ2000Eq,123900.0,2026-08-06T05:17:00Z,-1.317016540269833e-05,7.91715137893334e-06,1.249827619176358e-05,1.980761092249599e-05,-2.0818902157770935e-06,1.545075178910338e-05,-1.0670575534277305e-05,1.889235771288875e-05
gmat_two_body,numerical_two_body,EarthMJ2000Eq,123960.0,2026-08-06T05:18:00Z,0.002298605352279992,-0.00148969775182195,-0.002083710569422692,0.003441603651560917,0.00022046631187322419,-0.0026104882699939935,0.002001448784483273,0.003296824478093547
gmat_two_body,numerical_two_body,EarthMJ2000Eq,124020.0,2026-08-06T05:19:00Z,-1.3333533388504293e-05,9.725226846057922e-06,1.1130396160297096e-05,1.9906000816708533e-05,-6.341593916658894e-07,1.4661161173989967e-05,-1.2114753644709708e-05,1.902942618619269e-05
gmat_two_body,numerical_two_body,EarthMJ2000Eq,124080.0,2026-08-06T05:20:00Z,0.002309840098746463,-0.001793453520804178,-0.001829421307775192,0.003449437509856334,-3.4006575333478395e-05,-0.0024460766745448836,0.0022325861159799842,0.0033119312055332703
gmat_two_body,numerical_two_body,EarthMJ2000Eq,124140.0,2026-08-06T05:21:00Z,-1.3321482583705802e-05,1.142689143307507e-05,9.596078598406166e-06,2.0003011536217495e-05,8.473222123939195e-07,1.3653078667630325e-05,-1.3417711386409792e-05,1.9161406286729305e-05
gmat_two_body,numerical_two_body,EarthMJ2000Eq,124200.0,2026-08-06T05:22:00Z,-1.3248040886537638e-05,1.2229065760038793e-05,8.772076398599893e-06,2.0050186059924716e-05,1.595168441781425e-06,1.3072209981146443e-05,-1.4011458659979326e-05,1.9228837976569194e-05
gmat_two_body,numerical_two_body,EarthMJ2000Eq,124260.0,2026-08-06T05:23:00Z,0.0022689657726004953,-0.002206782482971903,-0.0014000170267536305,0.003460945286996643,-0.00042028691638051896,-0.0021337047684255595,0.0025274204951131196,0.0033342452654237156
gmat_two_body,numerical_two_body,EarthMJ2000Eq,124320.0,2026-08-06T05:24:00Z,-1.2967348084202968e-05,1.3720637070946395e-05,7.025846571195871e-06,2.0143746374780824e-05,3.0953017926549364e-06,1.1759482276829658e-05,-1.5067946890212625e-05,1.9362575760806e-05
gmat_two_body,numerical_two_body,EarthMJ2000Eq,124380.0,2026-08-06T05:25:00Z,-1.2759073797496967e-05,1.440548658138141e-05,6.107256922405213e-06,2.0189368363883995e-05,3.839595308363641e-06,1.1032064151095256e-05,-1.552624695477789e-05,1.9429700874347986e-05
gmat_two_body,numerical_two_body,EarthMJ2000Eq,124440.0,2026-08-06T05:26:00Z,-1.2506461644079536e-05,1.5045316104078665e-05,5.1641109166666865e-06,2.0234652482464766e-05,4.576783396714745e-06,1.0259348925956147e-05,-1.5930368135741446e-05,1.9493019663079593e-05
gmat_two_body,numerical_two_body,EarthMJ2000Eq,124500.0,2026-08-06T05:27:00Z,-1.2209056876599789e-05,1.563648766023107e-05,4.198227543383837e-06,2.0277720056027843e-05,5.305089700868848e-06,9.441336601412331e-06,-1.628230883454762e-05,1.9554958310848437e-05
gmat_two_body,numerical_two_body,EarthMJ2000Eq,124560.0,2026-08-06T05:28:00Z,0.0020479528757277876,-0.0027498163035488687,-0.0005874544513062574,0.00347860653377533,-0.0010456400190150816,-0.0014567032025070148,0.00285191736892898,0.0033687950291994393
gmat_two_body,numerical_two_body,EarthMJ2000Eq,124620.0,2026-08-06T05:29:00Z,-1.148600858869031e-05,1.666512616793625e-05,2.2082531359046698e-06,2.036003942542681e-05,6.718181566611747e-06,7.688072400924284e-06,-1.6818657577744034e-05,1.9675051804791323e-05
gmat_two_body,numerical_two_body,EarthMJ2000Eq,124680.0,2026-08-06T05:30:00Z,-1.1062638805015013e-05,1.7099409888032824e-05,1.1950760381296277e-06,2.040098043198146e-05,7.397638057682343e-06,6.758149595498253e-06,-1.7001067220689947e-05,1.9734080202280053e-05
gmat_two_body,numerical_two_body,EarthMJ2000Eq,124740.0,2026-08-06T05:31:00Z,0.0018283699318999425,-0.002969358774862485,-6.559730536537245e-05,0.003487740120507811,-0.0013885737004670773,-0.0009748459817160438,0.00293120144823078,0.003386798420308917
gmat_two_body,numerical_two_body,EarthMJ2000Eq,124800.0,2026-08-06T05:32:00Z,-1.0096755431732163e-05,1.7793126971810125e-05,-8.594724931754172e-07,2.0476291916499313e-05,8.689937658346025e-06,4.807709785836778e-06,-1.7180895595103607e-05,1.9844703659682644e-05
gmat_two_body,numerical_two_body,EarthMJ2000Eq,124860.0,2026-08-06T05:33:00Z,-9.55697032622993e-06,1.8053242456517182e-05,-1.8899299902841449e-06,2.0514070302560862e-05,9.29478716216181e-06,3.7925218521195347e-06,-1.7177592681605347e-05,1.989587848585314e-05
gmat_two_body,numerical_two_body,EarthMJ2000Eq,124920.0,2026-08-06T05:34:00Z,-8.979895937955007e-06,1.824923856474925e-05,-2.9185684979893267e-06,2.0547293771372613e-05,9.872547224176742e-06,2.758682171588589e-06,-1.71102021440106e-05,1.9945840003026836e-05
gmat_two_body,numerical_two_body,EarthMJ2000Eq,124980.0,2026-08-06T05:35:00Z,-8.370079740416259e-06,1.8383502720098477e-05,-3.941750037483871e-06,2.058030127278993e-05,1.0415224238613519e-05,1.7079671010833408e-06,-1.697952889401222e-05,1.999245980417571e-05
gmat_two_body,numerical_two_body,EarthMJ2000Eq,125040.0,2026-08-06T05:36:00Z,0.0013368185136641841,-0.0031314005184412963,0.0008087472451734357,0.003499546406599769,-0.001865275489620899,-9.421352586969078e-05,0.002853342451203389,0.0034102334208198485
gmat_two_body,numerical_two_body,EarthMJ2000Eq,125100.0,2026-08-06T05:37:00Z,-7.060407369863242e-06,1.846032660068886e-05,-5.955371307209134e-06,2.0642176673966574e-05,1.1391332321863956e-05,-4.263256414560601e-07,-1.652855630140948e-05,2.007828127675694e-05
gmat_two_body,numerical_two_body,EarthMJ2000Eq,125160.0,2026-08-06T05:38:00Z,-6.362824933603406e-06,1.840191998780938e-05,-6.9385350798256695e-06,2.0670255669134694e-05,1.1820322498579117e-05,-1.5027978861326119e-06,-1.6210588427156836e-05,2.01186878948815e-05
gmat_two_body,numerical_two_body,EarthMJ2000Eq,125220.0,2026-08-06T05:39:00Z,0.0009811610652832314,-0.0030992688380138134,0.001308112587139476,0.0035041836291701315,-0.0020758563756828607,0.0004509805862085159,0.0026796271868079202,0.003419497776264855
gmat_two_body,numerical_two_body,EarthMJ2000Eq,125280.0,2026-08-06T05:40:00Z,-4.8985384637489915e-06,1.8094169718096964e-05,-8.83665052242577e-06,2.072392456374065e-05,1.255306969483172e-05,-3.645972412869014e-06,-1.538902338893422e-05,2.0191451519488858e-05
gmat_two_body,numerical_two_body,EarthMJ2000Eq,125340.0,2026-08-06T05:41:00Z,-4.135472408961505e-06,1.7843603927758522e-05,-9.745235729496926e-06,2.074767342618118e-05,1.2851275599246037e-05,-4.708233802830364e-06,-1.488809076022335e-05,2.022320440866232e-05
gmat_two_body,numerical_two_body,EarthMJ2000Eq,125400.0,2026-08-06T05:42:00Z,-3.356035449542105e-06,1.7530510376673192e-05,-1.0621988622006029e-05,2.0770373378715542e-05,1.3102852136626097e-05,-5.751843445978011e-06,-1.433209106949107e-05,2.0252833667551637e-05
gmat_two_body,numerical_two_body,EarthMJ2000Eq,125460.0,2026-08-06T05:43:00Z,-2.5665940484032035e-06,1.7154434317490086e-05,-1.146418071584776e-05,2.079157188016327e-05,1.3307022150854664e-05,-6.777689520731656e-06,-1.3719692049107834e-05,2.0279148495070624e-05
gmat_two_body,numerical_two_body,EarthMJ2000Eq,125520.0,2026-08-06T05:44:00Z,0.0003237046257709153,-0.002831035089911893,0.0020449288058443926,0.003507317805108357,-0.0022734955029690695,0.0013242225094245441,0.0021940467220815663,0.003425812031499114
gmat_two_body,numerical_two_body,EarthMJ2000Eq,125580.0,2026-08-06T05:45:00Z,-9.5042196335271e-07,1.6221747500821948e-05,-1.302942109759897e-05,2.0828207028628352e-05,1.356503798177755e-05,-8.760103753502335e-06,-1.233679824963474e-05,2.032107930872236e-05
gmat_two_body,numerical_two_body,EarthMJ2000Eq,125640.0,2026-08-06T05:46:00Z,-1.3278622645884752e-07,1.5667410480091348e-05,-1.374701241729781e-05,2.0843841626124336e-05,1.3618467464837636e-05,-9.706901948902669e-06,-1.1574741165532032e-05,2.0338663539807956e-05
gmat_two_body,numerical_two_body,EarthMJ2000Eq,125700.0,2026-08-06T05:47:00Z,-8.83565007825382e-05,-0.0025494919100310653,0.0024055398171185516,0.0035063282336779506,-0.0022922066467145896,0.0017951791164705355,0.0018016956815358753,0.003423884738176725
gmat_two_body,numerical_two_body,EarthMJ2000Eq,125760.0,2026-08-06T05:48:00Z,1.4997567632235587e-06,1.4395482139661908e-05,-1.5039859135868028e-05,2.08728660995301e-05,1.3574974477847945e-05,-1.149302875091962e-05,-9.922729304889799e-06,2.036738075457438e-05
gmat_two_body,numerical_two_body,EarthMJ2000Eq,125820.0,2026-08-06T05:49:00Z,-0.00036196524888509884,-0.0023169222913566045,0.0026042757781397086,0.0035044828540300743,-0.002262271148190109,0.002076084193447514,0.001506659685901468,0.003420236795214144
gmat_two_body,numerical_two_body,EarthMJ2000Eq,125880.0,2026-08-06T05:50:00Z,3.115928848274052e-06,1.2915734259877354e-05,-1.6123522073030472e-05,2.0892418914495682e-05,1.3329115589044704e-05,-1.3105072582675348e-05,-8.118838934478845e-06,2.0379494484096342e-05
gmat_two_body,numerical_two_body,EarthMJ2000Eq,125940.0,2026-08-06T05:51:00Z,3.9090082282200456e-06,1.210719347000122e-05,-1.6583726392127573e-05,2.0901781266133295e-05,1.3132162024476202e-05,-1.3841372492606752e-05,-7.172040739078511e-06,2.0383214669899042e-05
gmat_two_body,numerical_two_body,EarthMJ2000Eq,126000.0,2026-08-06T05:52:00Z,-0.0007606495273648761,-0.0019095950847258791,0.0028328204280114733,0.0035000018097779253,-0.002155487788257915,0.0024368000950403257,0.00102633368470606,0.0034113755496690563
gmat_two_body,numerical_two_body,EarthMJ2000Eq,126060.0,2026-08-06T05:53:00Z,5.4560587159357965e-06,1.036460162140429e-05,-1.7327920431853272e-05,2.0915314245183923e-05,1.2596368392792101e-05,-1.5155876553762937e-05,-5.208278253121534e-06,2.0383700673866158e-05
gmat_two_body,numerical_two_body,EarthMJ2000Eq,126120.0,2026-08-06T05:54:00Z,6.200934876687825e-06,9.43873601499945e-06,-1.760918166837655e-05,2.0919479198480536e-05,1.2257306281071578e-05,-1.5728307545259668e-05,-4.195754854663392e-06,2.0377084538930006e-05
gmat_two_body,numerical_two_body,EarthMJ2000Eq,126180.0,2026-08-06T05:55:00Z,-0.001133753357862588,-0.0014446713976212777,0.0029720056318183197,0.0034936069611691467,-0.0019791004390867784,0.0027143216563274564,0.0005168843131286849,0.0033987571250620745
gmat_two_body,numerical_two_body,EarthMJ2000Eq,126240.0,2026-08-06T05:56:00Z,7.626113074366003e-06,7.49150785850361e-06,-1.79912831299589e-05,2.092765059148736e-05,1.1453060722033115e-05,-1.6699530647201755e-05,-2.1396218130576017e-06,2.0362340367509828e-05
gmat_two_body,numerical_two_body,EarthMJ2000Eq,126300.0,2026-08-06T05:57:00Z,-0.0013623584891320206,-0.0011104611985501833,0.0030132562187645817,0.003488388992976416,-0.0018265677859119478,0.002848937974420096,0.00017033219279483092,0.003388482036919548
gmat_two_body,numerical_two_body,EarthMJ2000Eq,126360.0,2026-08-06T05:58:00Z,8.944425644585863e-06,5.439687811303884e-06,-1.8123871292630156e-05,2.093006603496025e-05,1.0488054869028929e-05,-1.7424062193072132e-05,-6.217248937900877e-08,2.03371852443312e-05
gmat_two_body,numerical_two_body,EarthMJ2000Eq,126420.0,2026-08-06T05:59:00Z,9.557879820931703e-06,4.389221430756152e-06,-1.80967276719457e-05,2.093107459907751e-05,9.950706925110353e-06,-1.7694734566475745e-05,9.71667191151937e-07,2.0323984275181672e-05
gmat_two_body,numerical_two_body,EarthMJ2000Eq,126480.0,2026-08-06T06:00:00Z,-0.0016672265701345168,-0.0005851607056683861,0.002997266392412712,0.0034793193752094016,-0.0015524976859637718,0.002971788370942363,-0.0003461595454723465,0.0033706974971825566
gmat_two_body,numerical_two_body,EarthMJ2000Eq,126540.0,2026-08-06T06:01:00Z,1.0682470019673929e-05,2.2391759557649493e-06,-1.7856564227258787e-05,2.0928114121542972e-05,8.779199589525888e-06,-1.8040346994041556e-05,3.0189184485607257e-06,2.028897074021292e-05
gmat_two_body,numerical_two_body,EarthMJ2000Eq,126600.0,2026-08-06T06:02:00Z,1.1189968063263223e-05,1.154148776549846e-06,-1.7646016203798354e-05,2.092676115694869e-05,8.1503692683782e-06,-1.811817362806778e-05,4.022560062821867e-06,2.0270119000310383e-05
gmat_two_body,numerical_two_body,EarthMJ2000Eq,126660.0,2026-08-06T06:03:00Z,-0.0019185904420737643,-4.637513484340161e-05,0.002889813458750723,0.0034690289367379687,-0.0012340093391571827,0.002998835582634918,-0.0008431317866097743,0.003350621600598349
gmat_two_body,numerical_two_body,EarthMJ2000Eq,126720.0,2026-08-06T06:04:00Z,1.2089003575965762e-05,-1.0222720447927713e-06,-1.7044840205926448e-05,2.0921654457495577e-05,6.8194339064575615e-06,-1.80855330711438e-05,5.972999872483342e-06,2.0230371048220176e-05
gmat_two_body,numerical_two_body,EarthMJ2000Eq,126780.0,2026-08-06T06:05:00Z,-0.0020529319044726435,0.00031184390536509454,0.0027697037694451865,0.0034616520616887396,-0.0010029426178448375,0.0029646841648300892,-0.0011557217405311349,0.0033363061660195478
gmat_two_body,numerical_two_body,EarthMJ2000Eq,126840.0,2026-08-06T06:06:00Z,1.2823193173971958e-05,-3.1777744879946113e-06,-1.6215381037909538e-05,2.091581019416046e-05,5.405453862294962e-06,-1.780575686893826e-05,7.824851877558103e-06,2.018643643734243e-05
gmat_two_body,numerical_two_body,EarthMJ2000Eq,126900.0,2026-08-06T06:07:00Z,1.3126282283337787e-05,-4.2391548049636185e-06,-1.5720615920145065e-05,2.09142890137588e-05,4.675371201301459e-06,-1.7574386390606378e-05,8.705924869900628e-06,2.0162124905789173e-05
gmat_two_body,numerical_two_body,EarthMJ2000Eq,126960.0,2026-08-06T06:08:00Z,-0.002200833932874957,0.0008354800229426473,0.0025221638679795433,0.003450073542081622,-0.0006374287764288056,0.0028389823825136773,-0.0015862422486634387,0.0033139554741558313
gmat_two_body,numerical_two_body,EarthMJ2000Eq,127020.0,2026-08-06T06:09:00Z,1.359717316518072e-05,-6.312802725005895e-06,-1.4574197848560289e-05,2.0907937231054906e-05,3.177902385687048e-06,-1.694155926657004e-05,1.0365042157900461e-05,2.0113418229896043e-05
gmat_two_body,numerical_two_body,EarthMJ2000Eq,127080.0,2026-08-06T06:10:00Z,1.3765429685008712e-05,-7.317794370464981e-06,-1.3928001862950623e-05,2.090517650620736e-05,2.417621658423741e-06,-1.6544099423754233e-05,1.113953373987897e-05,2.0090827065311337e-05
gmat_two_body,numerical_two_body,EarthMJ2000Eq,127140.0,2026-08-06T06:11:00Z,1.3887756722397171e-05,-8.296410669572651e-06,-1.3238604879006743e-05,2.0903609160170114e-05,1.6537882174816332e-06,-1.609379296496627e-05,1.1874057292970974e-05,2.006834382962969e-05
gmat_two_body,numerical_two_body,EarthMJ2000Eq,127200.0,2026-08-06T06:12:00Z,1.3963415312900906e-05,-9.248651622328907e-06,-1.2505552149377763e-05,2.090223333982686e-05,8.872902412804251e-07,-1.559241624704555e-05,1.2565060103497672e-05,2.0044736560950615e-05
gmat_two_body,numerical_two_body,EarthMJ2000Eq,127260.0,2026-08-06T06:13:00Z,-0.002297775317572359,0.0016341045920853503,0.0019536446416168474,0.0034302764631494943,-7.988276706782926e-06,0.0024505828477572322,-0.002174265212318005,0.003276102763922852
gmat_two_body,numerical_two_body,EarthMJ2000Eq,127320.0,2026-08-06T06:14:00Z,1.3978649349155603e-05,-1.1053089110646397e-05,-1.092030288418755e-05,2.090039309670833e-05,-6.412648190234904e-07,-1.4447110174842237e-05,1.3815171229225598e-05,1.999972922479127e-05
gmat_two_body,numerical_two_body,EarthMJ2000Eq,127380.0,2026-08-06T06:15:00Z,1.39178837343934e-05,-1.1901647667400539e-05,-1.0075382306240499e-05,2.0901436157832245e-05,-1.397104654188297e-06,-1.3807621712658147e-05,1.4370726830748026e-05,1.997799060012304e-05
gmat_two_body,numerical_two_body,EarthMJ2000Eq,127440.0,2026-08-06T06:16:00Z,-0.00226562485750037,0.0020469524315558374,0.001537618118163664,0.0034186751424025497,0.0003631113187907431,0.002126601117424798,-0.00243619524553651,0.0032541249848217334
gmat_two_body,numerical_two_body,EarthMJ2000Eq,127500.0,2026-08-06T06:17:00Z,1.3659928299603052e-05,-1.3475073501467705e-05,-8.290044206660241e-06,2.090205922794772e-05,-2.8839153287663066e-06,-1.240785252321075e-05,1.5335288594542362e-05,1.993596870330463e-05
gmat_two_body,numerical_two_body,EarthMJ2000Eq,127560.0,2026-08-06T06:18:00Z,1.3465296433423646e-05,-1.4199940778780729e-05,-7.358721632044762e-06,2.090701581332867e-05,-3.611333454500709e-06,-1.1654677223305043e-05,1.574251839997487e-05,1.991733205207386e-05
gmat_two_body,numerical_two_body,EarthMJ2000Eq,127620.0,2026-08-06T06:19:00Z,1.3226554074208252e-05,-1.4874785847496241e-05,-6.401933205779642e-06,2.0908986954371877e-05,-4.32542890393961e-06,-1.0865974786611332e-05,1.609956612469432e-05,1.9899114871514116e-05
gmat_two_body,numerical_two_body,EarthMJ2000Eq,127680.0,2026-08-06T06:20:00Z,1.294574758503586e-05,-1.5502337191719562e-05,-5.425135896075517e-06,2.0912841471978897e-05,-5.021760784984508e-06,-1.0047074283647817e-05,1.6405765634885938e-05,1.9882427646279764e-05
gmat_two_body,numerical_two_body,EarthMJ2000Eq,127740.0,2026-08-06T06:21:00Z,-0.0020686852622020524,0.0025898457352013793,0.0007609232852701098,0.0034008475255822637,0.0009382414845049425,0.001472328925444799,-0.002706405544117274,0.00322066460799261
gmat_two_body,numerical_two_body,EarthMJ2000Eq,127800.0,2026-08-06T06:22:00Z,1.2262262316653505e-05,-1.6605554264970124e-05,-3.4278855309821665e-06,2.0925054570605186e-05,-6.361133841892297e-06,-8.327560863108374e-06,1.6864287744056128e-05,1.9854885917515705e-05
gmat_two_body,numerical_two_body,EarthMJ2000Eq,127860.0,2026-08-06T06:23:00Z,1.186162990052253e-05,-1.7078946257242933e-05,-2.409251464996487e-06,2.093306384111868e-05,-7.000622304076387e-06,-7.433165194470348e-06,1.7015722164615e-05,1.984428023980682e-05
gmat_two_body,numerical_two_body,EarthMJ2000Eq,127920.0,2026-08-06T06:24:00Z,-0.0018717942111834418,0.0028155723157397006,0.00026724228519015014,0.00339153055023441,0.001243557257168959,0.0010311813625207833,-0.0027661481993845882,0.0032033335004689103
gmat_two_body,numerical_two_body,EarthMJ2000Eq,127980.0,2026-08-06T06:25:00Z,1.0949406714644283e-05,-1.7859747458714992e-05,-3.574314177967608e-07,2.0952036748493024e-05,-8.207212687239007e-06,-5.587530438333488e-06,1.7162937737680295e-05,1.9827891170781892e-05
gmat_two_body,numerical_two_body,EarthMJ2000Eq,128040.0,2026-08-06T06:26:00Z,1.0439634934300557e-05,-1.8166474546887912e-05,6.71207089908421e-07,2.0963236724841378e-05,-8.772094162168287e-06,-4.638955886093754e-06,1.7160717291631045e-05,1.9823212798796152e-05
gmat_two_body,numerical_two_body,EarthMJ2000Eq,128100.0,2026-08-06T06:27:00Z,9.898485586745664e-06,-1.841681296355091e-05,1.7007550923153758e-06,2.0977406525342095e-05,-9.311218462926263e-06,-3.681499549657019e-06,1.7104595517736243e-05,1.9819672449963105e-05
gmat_two_body,numerical_two_body,EarthMJ2000Eq,128160.0,2026-08-06T06:28:00Z,9.324594429926947e-06,-1.8608375285111833e-05,2.7212081477046013e-06,2.099106156956621e-05,-9.818368340575034e-06,-2.7116087153444823e-06,1.6998846774640697e-05,1.9817012145226404e-05
gmat_two_body,numerical_two_body,EarthMJ2000Eq,128220.0,2026-08-06T06:29:00Z,-0.0014325914889923297,0.0030091725875536213,-0.0005575238901656121,0.0033790932103336265,0.0016645587130881268,0.00025417445925768334,-0.0026980364609130447,0.003180371221960217
gmat_two_body,numerical_two_body,EarthMJ2000Eq,128280.0,2026-08-06T06:30:00Z,8.089045877568424e-06,-1.881704747574986e-05,4.742105375044048e-06,2.1023831770209077e-05,-1.0747402967581365e-05,-7.540634783254063e-07,1.663624793479812e-05,1.9820192421492677e-05
gmat_two_body,numerical_two_body,EarthMJ2000Eq,128340.0,2026-08-06T06:31:00Z,7.431481208186597e-06,-1.883333311525348e-05,5.732545105274767e-06,2.1042419598557186e-05,-1.1164402735630574e-05,2.2648549702353193e-07,1.6381340728344185e-05,1.9825324919955925e-05
gmat_two_body,numerical_two_body,EarthMJ2000Eq,128400.0,2026-08-06T06:32:00Z,-0.0011149986676173285,0.003012380489053612,-0.0010319081411580555,0.003373794992498443,0.0018561299164332468,-0.00021788792992083472,-0.002561335143980159,0.0031706673014479997
gmat_two_body,numerical_two_body,EarthMJ2000Eq,128460.0,2026-08-06T06:33:00Z,6.049049261491746e-06,-1.8688524505705573e-05,7.660673873033375e-06,2.1084066717720463e-05,-1.1898038110302878e-05,2.1822543772032077e-06,1.5727863456049818e-05,1.98416540120321e-05
gmat_two_body,numerical_two_body,EarthMJ2000Eq,128520.0,2026-08-06T06:34:00Z,-0.0008860379239195026,0.0029675636596948607,-0.001331848579866346,0.00337124871770938,0.0019560031372378717,-0.0005280895720716217,-0.002432886780923127,0.0031660330001131824
gmat_two_body,numerical_two_body,EarthMJ2000Eq,128580.0,2026-08-06T06:35:00Z,4.582943802233785e-06,-1.831131157814525e-05,9.501491149421781e-06,2.1132577686332774e-05,-1.2493339696106887e-05,4.1167069753100805e-06,1.48894230278529e-05,1.9867705735319388e-05
gmat_two_body,numerical_two_body,EarthMJ2000Eq,128640.0,2026-08-06T06:36:00Z,3.828063199762255e-06,-1.803550730983261e-05,1.0379153536632657e-05,2.115798714248106e-05,-1.2738698984549046e-05,5.0679460628089146e-06,1.440314534306708e-05,1.9884896904133202e-05
gmat_two_body,numerical_two_body,EarthMJ2000Eq,128700.0,2026-08-06T06:37:00Z,-0.0005236179276835173,0.002831627625710098,-0.0017486481738160364,0.003368985185581312,0.0020619774776520217,-0.0009787237686964545,-0.0021882282652541107,0.0031619605112354894
gmat_two_body,numerical_two_body,EarthMJ2000Eq,128760.0,2026-08-06T06:38:00Z,2.2755557438358665e-06,-1.7314050637651235e-05,1.204170985147357e-05,2.121219648158887e-05,-1.3115841746014212e-05,6.929568030500377e-06,1.3303580459478326e-05,1.9925598380917837e-05
gmat_two_body,numerical_two_body,EarthMJ2000Eq,128820.0,2026-08-06T06:39:00Z,1.483385858591646e-06,-1.687112671788782e-05,1.2822965800296515e-05,2.1242970655067808e-05,-1.3248513397456918e-05,7.832845483335404e-06,1.269651050961329e-05,1.9951891006346343e-05
gmat_two_body,numerical_two_body,EarthMJ2000Eq,128880.0,2026-08-06T06:40:00Z,-0.0001469879862270318,0.002616825895529473,-0.0021161922632018104,0.0033686277518366298,0.002113612340703952,-0.0014026895200913714,-0.0018866712636622651,0.003161395810979569
gmat_two_body,numerical_two_body,EarthMJ2000Eq,128940.0,2026-08-06T06:41:00Z,-1.1550582712516189e-07,-1.5823843568796292e-05,1.4268152881413698e-05,2.1306983679846138e-05,-1.3395555498174616e-05,9.57989243488555e-06,1.1359801987964602e-05,2.000650762563067e-05
gmat_two_body,numerical_two_body,EarthMJ2000Eq,129000.0,2026-08-06T06:42:00Z,0.00010711028153309599,0.0024325481717824005,-0.002329051767446799,0.0033694577243080313,0.0021172515685119464,-0.0016657120127661074,-0.00165744040714344,0.0031629826773271184
gmat_two_body,numerical_two_body,EarthMJ2000Eq,129060.0,2026-08-06T06:43:00Z,-1.724401954561472e-06,-1.4574652595911175e-05,1.5544173948001117e-05,2.1377918610522222e-05,-1.3387901898198606e-05,1.1226575225009583e-05,9.878320383904793e-06,2.0071201312469012e-05
gmat_two_body,numerical_two_body,EarthMJ2000Eq,129120.0,2026-08-06T06:44:00Z,-2.5256667868234217e-06,-1.3877979654353112e-05,1.611215338925831e-05,2.1414453036295136e-05,-1.3324230607736354e-05,1.2007284055925993e-05,9.090506125630782e-06,2.0108388630319526e-05
gmat_two_body,numerical_two_body,EarthMJ2000Eq,129180.0,2026-08-06T06:45:00Z,0.00048536549002164975,0.002099767698382493,-0.002593760655145161,0.003372269025782718,0.002076250060767393,-0.0020239516729247953,-0.0012769856283512127,0.0031682624550670073
gmat_two_body,numerical_two_body,EarthMJ2000Eq,129240.0,2026-08-06T06:46:00Z,-4.1127350414171815e-06,-1.234911906067282e-05,1.7105321603594348e-05,2.1494356428094448e-05,-1.308042563152867e-05,1.34701139131721e-05,7.423395231853647e-06,2.0190302135037314e-05
gmat_two_body,numerical_two_body,EarthMJ2000Eq,129300.0,2026-08-06T06:47:00Z,-4.892172000836581e-06,-1.1519659892655909e-05,1.7525053408462554e-05,2.153516677199644e-05,-1.2898127010885219e-05,1.4149126315032845e-05,6.551204023708124e-06,2.0235556083980775e-05
gmat_two_body,numerical_two_body,EarthMJ2000Eq,129360.0,2026-08-06T06:48:00Z,0.0008512388376402669,0.0017070051399059594,-0.0027865817173733376,0.0033769086120254803,0.0019798960249062247,-0.0023308732721716297,-0.0008601412915254514,0.0031769169837675363
gmat_two_body,numerical_two_body,EarthMJ2000Eq,129420.0,2026-08-06T06:49:00Z,-6.411937647499144e-06,-9.745235729496926e-06,1.8203081708634272e-05,2.1620239302794407e-05,-1.241673430740775e-05,1.538680294288497e-05,4.730438263322867e-06,2.032992970541313e-05
gmat_two_body,numerical_two_body,EarthMJ2000Eq,129480.0,2026-08-06T06:50:00Z,0.001083402821677737,0.0014167026165523566,-0.0028722884053422604,0.0033809538093900605,0.0018855366157310982,-0.0025029147643351735,-0.000566571678461969,0.003184467634256139
gmat_two_body,numerical_two_body,EarthMJ2000Eq,129540.0,2026-08-06T06:51:00Z,-7.865310180932283e-06,-7.832568371668458e-06,1.86581701200339e-05,2.1710355680349045e-05,-1.1780354469692611e-05,1.645883429546302e-05,2.830624623584299e-06,2.043727999408821e-05
gmat_two_body,numerical_two_body,EarthMJ2000Eq,129600.0,2026-08-06T06:52:00Z,-8.561073627788574e-06,-6.827576726209372e-06,1.879811861726921e-05,2.175493160553754e-05,-1.1403766819739758e-05,1.6923795698176036e-05,1.858069254012662e-06,2.0491783228047927e-05
gmat_two_body,numerical_two_body,EarthMJ2000Eq,129660.0,2026-08-06T06:53:00Z,0.0014069087228563149,0.0009468321877648123,-0.0029334243549783423,0.003388342041857166,0.0017004682106858127,-0.0027065196750442055,-0.00011017853296380054,0.003198277692146268
gmat_two_body,numerical_two_body,EarthMJ2000Eq,129720.0,2026-08-06T06:54:00Z,-9.878021955955774e-06,-4.748471837956458e-06,1.8901985754382622e-05,2.1849676611270325e-05,-1.0540457395791236e-05,1.7710943822635272e-05,-1.2523315717771766e-07,2.061054236415649e-05
gmat_two_body,numerical_two_body,EarthMJ2000Eq,129780.0,2026-08-06T06:55:00Z,-1.0497842595214024e-05,-3.67435859516263e-06,1.8864000139728887e-05,2.189876963464904e-05,-1.0055511978634968e-05,1.8026691250838667e-05,-1.1297629498585593e-06,2.0672476458528323e-05
gmat_two_body,numerical_two_body,EarthMJ2000Eq,129840.0,2026-08-06T06:56:00Z,-1.108492142520845e-05,-2.583874447736889e-06,1.8766286302707158e-05,2.194824347777943e-05,-9.533707157061144e-06,1.828981410767483e-05,-2.1378454562182014e-06,2.073594115164713e-05
gmat_two_body,numerical_two_body,EarthMJ2000Eq,129900.0,2026-08-06T06:57:00Z,-1.1640167940640822e-05,-1.4797478797845542e-06,1.860735210357234e-05,2.1998107095392713e-05,-8.979483823168266e-06,1.849731479097727e-05,-3.1441516057384433e-06,2.080066041083587e-05
gmat_two_body,numerical_two_body,EarthMJ2000Eq,129960.0,2026-08-06T06:58:00Z,0.001857846655184403,0.0001028902261168696,-0.0028500478492787806,0.0034036676300703713,0.0012846448349534967,-0.0028844877597578034,0.0006659348628090811,0.0032270809146455934
gmat_two_body,numerical_two_body,EarthMJ2000Eq,130020.0,2026-08-06T06:59:00Z,-1.2647888070205227e-05,7.548806024715304e-07,1.8110313249053434e-05,2.210254201080201e-05,-7.772449350795796e-06,1.8742840612873124e-05,-5.158540261618327e-06,2.0935987695377294e-05
gmat_two_body,numerical_two_body,EarthMJ2000Eq,130080.0,2026-08-06T07:00:00Z,-1.3093540474073961e-05,1.8817445379681885e-06,1.7770616977941245e-05,2.2153478111327794e-05,-7.125855461254105e-06,1.8778756327719748e-05,-6.1524119132627675e-06,2.1006467518862306e-05
gmat_two_body,numerical_two_body,EarthMJ2000Eq,130140.0,2026-08-06T07:01:00Z,0.002062125531665515,-0.0004176717993686907,-0.002688946551643312,0.0034142707856772464,0.0009788116983600048,-0.002885932715024353,0.0011212799577720034,0.003247144702688104
gmat_two_body,numerical_two_body,EarthMJ2000Eq,130200.0,2026-08-06T07:02:00Z,-1.386797521263361e-05,4.131834430154413e-06,1.6912963474169374e-05,2.2258506817282626e-05,-5.74296166178101e-06,1.8668844248281857e-05,-8.108180793442443e-06,2.1148284800296263e-05
gmat_two_body,numerical_two_body,EarthMJ2000Eq,130260.0,2026-08-06T07:03:00Z,-1.4191300579113886e-05,5.247784429229796e-06,1.639909896766767e-05,2.231283712336429e-05,-5.012879000787507e-06,1.8520518452191936e-05,-9.061196237780678e-06,2.1218949947490074e-05
gmat_two_body,numerical_two_body,EarthMJ2000Eq,130320.0,2026-08-06T07:04:00Z,-1.4468696463154629e-05,6.35463948128745e-06,1.5827026800252497e-05,2.2365585116780453e-05,-4.259703700881801e-06,1.8311796523562407e-05,-9.99467175688551e-06,2.129226223461338e-05
gmat_two_body,numerical_two_body,EarthMJ2000Eq,130380.0,2026-08-06T07:05:00Z,-1.4701299733133055e-05,7.444214134011418e-06,1.520038495073095e-05,2.2418658313263116e-05,-3.4869884757426917e-06,1.8042012328578494e-05,-1.0905054637078138e-05,2.1368048907941973e-05
gmat_two_body,numerical_two_body,EarthMJ2000Eq,130440.0,2026-08-06T07:06:00Z,0.0022704406319462578,-0.0012618575055967085,-0.002245141331513878,0.0034333430685113855,0.0003973514850486026,-0.002703020030025982,0.0018213714980674922,0.0032835346228362833
gmat_two_body,numerical_two_body,EarthMJ2000Eq,130500.0,2026-08-06T07:07:00Z,-1.5024284039100166e-05,9.568793757352978e-06,1.3786120689474046e-05,2.2524387861228584e-05,-1.8847146066036657e-06,1.731637055968349e-05,-1.2634338020234281e-05,2.1518255870728833e-05
gmat_two_body,numerical_two_body,EarthMJ2000Eq,130560.0,2026-08-06T07:08:00Z,-1.51138692672248e-05,1.0596522770356387e-05,1.3003045751247555e-05,2.2578630114745242e-05,-1.0622613899613498e-06,1.6860290941167477e-05,-1.3448797631099296e-05,2.1593238932677024e-05
gmat_two_body,numerical_two_body,EarthMJ2000Eq,130620.0,2026-08-06T07:09:00Z,0.0023082125863993497,-0.0017297243175562471,-0.001883845470729284,0.003445092932903993,1.999200804903012e-05,-0.0024817814470168287,0.0021842576636288413,0.0033061488732759902
gmat_two_body,numerical_two_body,EarthMJ2000Eq,130680.0,2026-08-06T07:10:00Z,-1.5140784626055392e-05,1.255739334737882e-05,1.1296833690721542e-05,2.2683693222427655e-05,6.128431095930864e-07,1.5766055128096923e-05,-1.496447410431756e-05,2.1745793988676475e-05
gmat_two_body,numerical_two_body,EarthMJ2000Eq,130740.0,2026-08-06T07:11:00Z,-1.5078171600180212e-05,1.3484168448485434e-05,1.0378244041930884e-05,2.2735039189442475e-05,1.4619416788264061e-06,1.5129231201171933e-05,-1.5654588736424557e-05,2.1819648455403556e-05
gmat_two_body,numerical_two_body,EarthMJ2000Eq,130800.0,2026-08-06T07:12:00Z,-1.4964939509809483e-05,1.4372744772117585e-05,9.417817636858672e-06,2.2786410332867624e-05,2.312816604899126e-06,1.4432899320127035e-05,-1.6298518090707148e-05,2.18929074219467e-05
gmat_two_body,numerical_two_body,EarthMJ2000Eq,130860.0,2026-08-06T07:13:00Z,-1.4800207281950861e-05,1.521584636066109e-05,8.422830433119088e-06,2.2836641359119157e-05,3.161915174132446e-06,1.3680612198641029e-05,-1.6891821275066832e-05,2.1965666019650194e-05
gmat_two_body,numerical_two_body,EarthMJ2000Eq,130920.0,2026-08-06T07:14:00Z,0.0022178539893502602,-0.002397920070507098,-0.0011536121746758,0.0034640609163491707,-0.0006216565040517708,-0.001938142091262307,0.0026519160201132763,0.0033429792330623197
gmat_two_body,numerical_two_body,EarthMJ2000Eq,130980.0,2026-08-06T07:15:00Z,-1.4319766705739312e-05,1.675925886956975e-05,6.3309926190413535e-06,2.293490666879655e-05,4.848565993142984e-06,1.2017942196962395e-05,-1.7914114636141676e-05,2.2110066260330776e-05
gmat_two_body,numerical_two_body,EarthMJ2000Eq,131040.0,2026-08-06T07:16:00Z,-1.4003262549522333e-05,1.745365807437338e-05,5.243236955720931e-06,2.298288658941325e-05,5.678124637142901e-06,1.1112000208868267e-05,-1.8338219831548486e-05,2.2181252323234948e-05
gmat_two_body,numerical_two_body,EarthMJ2000Eq,131100.0,2026-08-06T07:17:00Z,0.0020721486180264037,-0.0027100163606519345,-0.0006588761607417837,0.0034744936847523156,-0.000994186066805014,-0.0015192096469718308,0.0028312774347227787,0.0033634113336390922
gmat_two_body,numerical_two_body,EarthMJ2000Eq,131160.0,2026-08-06T07:18:00Z,-1.3224052963778377e-05,1.8671016732696444e-05,2.9995135264471173e-06,2.307551784937416e-05,7.293721182577428e-06,9.158895863947691e-06,-1.8998802531200454e-05,2.2316770370180483e-05
gmat_two_body,numerical_two_body,EarthMJ2000Eq,131220.0,2026-08-06T07:19:00Z,0.001938606146723032,-0.002873879566323012,-0.00031443323678104207,0.0034808398145036593,-0.0012293099871385493,-0.0012080558775551253,0.002902785456448953,0.0033759095743141018
gmat_two_body,numerical_two_body,EarthMJ2000Eq,131280.0,2026-08-06T07:20:00Z,-1.2256350601091981e-05,1.9644176063593477e-05,6.948539521545172e-07,2.3164511764532648e-05,8.830269848658645e-06,7.042366689802293e-06,-1.9394652550630553e-05,2.2443732794556418e-05
gmat_two_body,numerical_two_body,EarthMJ2000Eq,131340.0,2026-08-06T07:21:00Z,-1.1704287317115813e-05,2.0033212422276847e-05,-4.7111825551837683e-07,2.3206505423444265e-05,9.561240688071848e-06,5.933920022016537e-06,-1.9489687641538467e-05,2.2505036207206303e-05
gmat_two_body,numerical_two_body,EarthMJ2000Eq,131400.0,2026-08-06T07:22:00Z,0.0016876356312423013,-0.0030465532745438395,0.0002122069417964667,0.0034892166262098148,-0.00155250301503429,-0.0007041291993914456,0.0029330674000682677,0.0033924840330456126
gmat_two_body,numerical_two_body,EarthMJ2000Eq,131460.0,2026-08-06T07:23:00Z,-1.0475105227669701e-05,2.060960468952544e-05,-2.812157617881894e-06,2.3289307964322883e-05,1.0928591365200191e-05,3.6335379149932123e-06,-1.946731664759227e-05,2.261886656012729e-05
gmat_two_body,numerical_two_body,EarthMJ2000Eq,131520.0,2026-08-06T07:24:00Z,-9.799350664252415e-06,2.0792867871932685e-05,-3.975401341449469e-06,2.3327546883593077e-05,1.155875395397743e-05,2.446043367854145e-06,-1.9349633006982003e-05,2.2671484702835398e-05
gmat_two_body,numerical_two_body,EarthMJ2000Eq,131580.0,2026-08-06T07:25:00Z,0.001382491973345168,-0.0031255776207217423,0.0007357402864727192,0.003495973868417692,-0.0018292825032517612,-0.00017046541955778594,0.0028679214558735566,0.003405922255869611
gmat_two_body,numerical_two_body,EarthMJ2000Eq,131640.0,2026-08-06T07:26:00Z,-8.34279489936307e-06,2.0942621858921484e-05,-6.27096596872434e-06,2.339915919941384e-05,1.2701839580131491e-05,3.730349362740526e-08,-1.8895995879120164e-05,2.2768328452781906e-05
gmat_two_body,numerical_two_body,EarthMJ2000Eq,131700.0,2026-08-06T07:27:00Z,0.0011535139492480084,-0.0031242650493368274,0.0010745179679361172,0.0034994593000969377,-0.001982460418048504,0.00019269119633236187,0.002771372908938474,0.003412885437085626
gmat_two_body,numerical_two_body,EarthMJ2000Eq,131760.0,2026-08-06T07:28:00Z,-6.759364623576403e-06,2.0799916455871426e-05,-8.495590009260923e-06,2.346274886476734e-05,1.3665957254715977e-05,-2.398081733190338e-06,-1.815880779076906e-05,2.285282223422045e-05
gmat_two_body,numerical_two_body,EarthMJ2000Eq,131820.0,2026-08-06T07:29:00Z,-5.927176971454173e-06,2.0620291252271272e-05,-9.573341230861843e-06,2.349418439746209e-05,1.407651772922236e-05,-3.6139979897598096e-06,-1.7684964603859044e-05,2.289033214898479e-05
gmat_two_body,numerical_two_body,EarthMJ2000Eq,131880.0,2026-08-06T07:30:00Z,0.0007798344086040743,-0.003040690671696211,0.0015547529983450659,0.0035030270269648498,-0.002158233369797813,0.0007339036045550529,0.0025495303646039247,0.003420042523028792
gmat_two_body,numerical_two_body,EarthMJ2000Eq,131940.0,2026-08-06T07:31:00Z,-4.196408553980291e-06,2.004253474297002e-05,-1.1627889762166888e-05,2.3548266687724274e-05,1.4744205856231929e-05,-6.013856079789548e-06,-1.6537882174816332e-05,2.2957779032551762e-05
gmat_two_body,numerical_two_body,EarthMJ2000Eq,132000.0,2026-08-06T07:32:00Z,-3.3041942515410483e-06,1.9646904547698796e-05,-1.2600139598362148e-05,2.357290978764646e-05,1.499755875045139e-05,-7.186251593793713e-06,-1.5866419289523037e-05,2.2985043865816145e-05
gmat_two_body,numerical_two_body,EarthMJ2000Eq,132060.0,2026-08-06T07:33:00Z,0.00038081907405285165,-0.0028613803806365468,0.001987191353691742,0.0035044900236755475,-0.002262954268417161,0.001253106063359155,0.0022418378264887906,0.003423021131581123
gmat_two_body,numerical_two_body,EarthMJ2000Eq,132120.0,2026-08-06T07:34:00Z,-1.4806573744863272e-06,1.8646460375748575e-05,-1.4417310012504458e-05,2.3616554761472802e-05,1.53351775722399e-05,-9.459100169806334e-06,-1.4345857834996423e-05,2.303141081689283e-05
gmat_two_body,numerical_two_body,EarthMJ2000Eq,132180.0,2026-08-06T07:35:00Z,0.00010724215826485306,-0.002691338067961624,0.0022416706997319125,0.0035042672561614464,-0.0022910653652008506,0.0015773995443169042,0.001994281184636293,0.003422619942884167
gmat_two_body,numerical_two_body,EarthMJ2000Eq,132240.0,2026-08-06T07:36:00Z,3.6834535421803594e-07,1.7382262740284204e-05,-1.6035301086958498e-05,2.3651841730014575e-05,1.544656069718542e-05,-1.1596945626024535e-05,-1.2604139953964477e-05,2.3064035405885212e-05
gmat_two_body,numerical_two_body,EarthMJ2000Eq,132300.0,2026-08-06T07:37:00Z,1.2951204553246498e-06,1.6657850210322067e-05,-1.67642610904295e-05,2.3668581717783933e-05,1.541589078613015e-05,-1.2605028132384177e-05,-1.1660894472242944e-05,2.3076240656590383e-05
gmat_two_body,numerical_two_body,EarthMJ2000Eq,132360.0,2026-08-06T07:38:00Z,-0.0003043596734642051,-0.002366847184021026,0.002563284397183452,0.0035021460997770536,-0.002269575749558328,0.0020177699511236824,0.001569524954447843,0.003418446758584287
gmat_two_body,numerical_two_body,EarthMJ2000Eq,132420.0,2026-08-06T07:39:00Z,3.1341187423095107e-06,1.5029399946797639e-05,-1.8045739125227556e-05,2.369291589542041e-05,1.5182854973261328e-05,-1.4475531884272641e-05,-9.64828217320246e-06,2.309002939290932e-05
gmat_two_body,numerical_two_body,EarthMJ2000Eq,132480.0,2026-08-06T07:40:00Z,4.039065970573574e-06,1.413536665495485e-05,-1.859325493569486e-05,2.3702990813152594e-05,1.4981571538896787e-05,-1.532907134560446e-05,-8.58513260482141e-06,2.3089660368573672e-05
gmat_two_body,numerical_two_body,EarthMJ2000Eq,132540.0,2026-08-06T07:41:00Z,4.930370778311044e-06,1.3190401659812778e-05,-1.907528712763451e-05,2.3709952150110173e-05,1.4725332064813301e-05,-1.6130208280173974e-05,-7.494449505429657e-06,2.3090816290686793e-05
gmat_two_body,numerical_two_body,EarthMJ2000Eq,132600.0,2026-08-06T07:42:00Z,5.804395186714828e-06,1.2199052434880286e-05,-1.9491608327371068e-05,2.371562099081865e-05,1.4414913707128107e-05,-1.686961681457433e-05,-6.375344696607499e-06,2.308719837171847e-05
gmat_two_body,numerical_two_body,EarthMJ2000Eq,132660.0,2026-08-06T07:43:00Z,-0.0009601499186828732,-0.0016698741092113778,0.0029151492526580114,0.003494061043003368,-0.0020692856317339192,0.0025917374912864943,0.0007601386187161552,0.00340247806298647
gmat_two_body,numerical_two_body,EarthMJ2000Eq,132720.0,2026-08-06T07:44:00Z,7.49150785850361e-06,1.0093572200275958e-05,-2.0120296539971605e-05,2.3724022058086997e-05,1.3640200080544673e-05,-1.815703143392966e-05,-4.080291660102375e-06,2.307339655884026e-05
gmat_two_body,numerical_two_body,EarthMJ2000Eq,132780.0,2026-08-06T07:45:00Z,8.296410669572651e-06,8.987626642920077e-06,-2.0330162442405708e-05,2.3726006145268728e-05,1.3176570945461208e-05,-1.8698376180736886e-05,-2.9123370381967106e-06,2.3059336519101614e-05
gmat_two_body,numerical_two_body,EarthMJ2000Eq,132840.0,2026-08-06T07:46:00Z,-0.001314653673034627,-0.0011812853699666448,0.0030056060040806187,0.003486748751643303,-0.0018594001893745826,0.0028217845837730238,0.0002433120371847508,0.0033880729108011127
gmat_two_body,numerical_two_body,EarthMJ2000Eq,132900.0,2026-08-06T07:47:00Z,9.815266821533442e-06,6.689333531539887e-06,-2.0538863054753165e-05,2.3726178399733567e-05,1.2118306358388509e-05,-1.957634054861046e-05,-5.568878691519785e-07,2.3030340474464074e-05
gmat_two_body,numerical_two_body,EarthMJ2000Eq,132960.0,2026-08-06T07:48:00Z,1.0525582183618098e-05,5.5060809245333076e-06,-2.0537328282443923e-05,2.372523256856462e-05,1.1524559084818975e-05,-1.9909851545207857e-05,6.208367153703875e-07,2.3013106893221767e-05
gmat_two_body,numerical_two_body,EarthMJ2000Eq,133020.0,2026-08-06T07:49:00Z,1.1198608262930065e-05,4.3028194340877235e-06,-2.0464540284592658e-05,2.3721730357809996e-05,1.0892620139202336e-05,-2.0168311465340594e-05,1.7905676941154525e-06,2.299165269238284e-05
gmat_two_body,numerical_two_body,EarthMJ2000Eq,133080.0,2026-08-06T07:50:00Z,1.183070708066225e-05,3.0868250178173184e-06,-2.0322886484791525e-05,2.3717374091428773e-05,1.0224709967587842e-05,-2.035438484426777e-05,2.951416888663516e-06,2.2968598955106857e-05
gmat_two_body,numerical_two_body,EarthMJ2000Eq,133140.0,2026-08-06T07:51:00Z,-0.001805188730941154,-0.0003020359145011753,0.002949518375316984,0.003471252035548274,-0.0013886238825477903,0.0029955155023131397,-0.0006106120054027997,0.0033577129765544984
gmat_two_body,numerical_two_body,EarthMJ2000Eq,133200.0,2026-08-06T07:52:00Z,1.2972577678738162e-05,6.311893230304122e-07,-1.9831986719509587e-05,2.370640986811811e-05,8.79030181977214e-06,-2.0510870779588686e-05,5.219824572577636e-06,2.2917499749932576e-05
gmat_two_body,numerical_two_body,EarthMJ2000Eq,133260.0,2026-08-06T07:53:00Z,1.3477347238222137e-05,-5.975380190648139e-07,-1.9486378732835874e-05,2.370052523433521e-05,8.030909270928532e-06,-2.0481075169165308e-05,6.321165813005791e-06,2.2889453489290625e-05
gmat_two_body,numerical_two_body,EarthMJ2000Eq,133320.0,2026-08-06T07:54:00Z,-0.0020253119146218523,0.00023652501113247126,0.0027958835744357202,0.0034604620203377338,-0.0010518430570982673,0.002972924462163462,-0.0010904619429652485,0.0033367290755395894
gmat_two_body,numerical_two_body,EarthMJ2000Eq,133380.0,2026-08-06T07:55:00Z,1.434636942576617e-05,-3.042259777430445e-06,-1.8599166651256382e-05,2.3685494725150604e-05,6.4437344349244086e-06,-2.0211721185603437e-05,8.44035952241029e-06,2.283144882875249e-05
gmat_two_body,numerical_two_body,EarthMJ2000Eq,133440.0,2026-08-06T07:56:00Z,1.4709712559124455e-05,-4.250068741384894e-06,-1.806301952456124e-05,2.3679345477087017e-05,5.621281218282093e-06,-1.9974688569845966e-05,9.451994742448733e-06,2.280191199458117e-05
gmat_two_body,numerical_two_body,EarthMJ2000Eq,133500.0,2026-08-06T07:57:00Z,1.5020532373455353e-05,-5.436049832496792e-06,-1.7465481505496427e-05,2.3668757356106517e-05,4.7837289685048745e-06,-1.967115359491345e-05,1.042632646885977e-05,2.2771618963833793e-05
gmat_two_body,numerical_two_body,EarthMJ2000Eq,133560.0,2026-08-06T07:58:00Z,1.5282466847565956e-05,-6.604750524275005e-06,-1.681200956227258e-05,2.3660519604539714e-05,3.935518577691255e-06,-1.9303669773762522e-05,1.1358913809544902e-05,2.2740820041117597e-05
gmat_two_body,numerical_two_body,EarthMJ2000Eq,133620.0,2026-08-06T07:59:00Z,-0.0022500599925479037,0.0010989206202793866,0.002360234248044435,0.003441090264056115,-0.00043931080995207594,0.0027369755351003278,-0.0017893704296056967,0.0032993750320061753
gmat_two_body,numerical_two_body,EarthMJ2000Eq,133680.0,2026-08-06T08:00:00Z,1.565069851494627e-05,-8.870301826391369e-06,-1.5342266124207526e-05,2.3643429284328222e-05,2.212452443473012e-06,-1.8381296484903942e-05,1.3097967155317747e-05,2.2678706971129423e-05
gmat_two_body,numerical_two_body,EarthMJ2000Eq,133740.0,2026-08-06T08:01:00Z,1.5757905202917755e-05,-9.957147995010018e-06,-1.4533725334331393e-05,2.363652987797618e-05,1.3455903058456897e-06,-1.7831958132319414e-05,1.389555137620846e-05,2.2646758976790195e-05
gmat_two_body,numerical_two_body,EarthMJ2000Eq,133800.0,2026-08-06T08:02:00Z,-0.002295077564440362,0.001570360836922191,0.0020065017451997846,0.0034292074067379255,-6.0953908587180194e-05,0.0024891568806140185,-0.0021300259334111615,0.0032766793911343014
gmat_two_body,numerical_two_body,EarthMJ2000Eq,133860.0,2026-08-06T08:03:00Z,1.581588549015578e-05,-1.2021700968034565e-05,-1.278112904401496e-05,2.3622463623473443e-05,-3.845812557301542e-07,-1.6570300687135386e-05,1.5341505843480263e-05,2.258505189610769e-05
gmat_two_body,numerical_two_body,EarthMJ2000Eq,133920.0,2026-08-06T08:04:00Z,-0.002287372012688138,0.0018571472537587397,0.0017392285371897742,0.0034214006709457306,0.0001886784062321567,0.002285835076776266,-0.0023192607834232604,0.0032618418295073935
gmat_two_body,numerical_two_body,EarthMJ2000Eq,133980.0,2026-08-06T08:05:00Z,1.5666614672227297e-05,-1.3924363884143531e-05,-1.0863004717975855e-05,2.360795620905914e-05,-2.092548356813495e-06,-1.510880309751883e-05,1.6576073846863437e-05,2.252600527927372e-05
gmat_two_body,numerical_two_body,EarthMJ2000Eq,134040.0,2026-08-06T08:06:00Z,1.551632067275932e-05,-1.4806573744863272e-05,-9.852556104306132e-06,2.3602196827212347e-05,-2.930100606590713e-06,-1.4308554341369017e-05,1.7111645433942613e-05,2.2497302646353462e-05
gmat_two_body,numerical_two_body,EarthMJ2000Eq,134100.0,2026-08-06T08:07:00Z,-0.0022204924334801035,0.002237571607111022,0.0013005683285882697,0.003410101365270346,0.0005514584344723517,0.0019321575450703676,-0.002542350330259069,0.0032405068100054106
gmat_two_body,numerical_two_body,EarthMJ2000Eq,134160.0,2026-08-06T08:08:00Z,1.5066007108544e-05,-1.6422745829913765e-05,-7.74616637500003e-06,2.359436891077677e-05,-4.567901612517744e-06,-1.2590817277668975e-05,1.800959381625944e-05,2.244415011284544e-05
gmat_two_body,numerical_two_body,EarthMJ2000Eq,134220.0,2026-08-06T08:09:00Z,1.4768602341064252e-05,-1.7153070075437427e-05,-6.655682227574289e-06,2.3593167104816678e-05,-5.361044941309956e-06,-1.1676881683797546e-05,1.837152652228724e-05,2.2418816995534245e-05
gmat_two_body,numerical_two_body,EarthMJ2000Eq,134280.0,2026-08-06T08:10:00Z,-0.0020901884454360697,0.0025498557079117745,0.0008285251169581898,0.003399574346596246,0.0008919114335981249,0.0015307479728221551,-0.0026897224447708368,0.00322076111991967
gmat_two_body,numerical_two_body,EarthMJ2000Eq,134340.0,2026-08-06T08:11:00Z,1.4032139006303623e-05,-1.8440914573147893e-05,-4.413777787704021e-06,2.3589185864408192e-05,-6.88160639583657e-06,-9.753087226727075e-06,1.8923529410130868e-05,2.237362693832749e-05
gmat_two_body,numerical_two_body,EarthMJ2000Eq,134400.0,2026-08-06T08:12:00Z,-0.0019703834368556272,0.002716402832447784,0.0005020883691031486,0.0033931324711472728,0.0011023884027849817,0.001242716152205503,-0.002745253135927328,0.003208740937792595
gmat_two_body,numerical_two_body,EarthMJ2000Eq,134460.0,2026-08-06T08:13:00Z,1.3120370567776263e-05,-1.9490016711642966e-05,-2.1200321498326957e-06,2.3590239752325875e-05,-8.311573651553772e-06,-7.72892860823049e-06,1.924138626208105e-05,2.2339416717607647e-05
gmat_two_body,numerical_two_body,EarthMJ2000Eq,134520.0,2026-08-06T08:14:00Z,1.2601958587765694e-05,-1.9922026694985107e-05,-9.63154889177531e-07,2.359288399547642e-05,-8.985701072106167e-06,-6.683542608243442e-06,1.9310997245725048e-05,2.2323243047950174e-05
gmat_two_body,numerical_two_body,EarthMJ2000Eq,134580.0,2026-08-06T08:15:00Z,-0.001745662302710116,0.002899585979321273,5.044967110734433e-06,0.003384517864965827,0.001388094972298859,0.0007891278741567476,-0.0027647940985253694,0.0031927444089894243
gmat_two_body,numerical_two_body,EarthMJ2000Eq,134640.0,2026-08-06T08:16:00Z,1.1445536074461415e-05,-2.059755388472695e-05,1.356056600343436e-06,2.3602932266338497e-05,-1.0244249892821244e-05,-4.546585330444941e-06,1.9277024421171518e-05,2.229842515892161e-05
gmat_two_body,numerical_two_body,EarthMJ2000Eq,134700.0,2026-08-06T08:17:00Z,1.0813892004080117e-05,-2.0838797354372218e-05,2.510205376893282e-06,2.3611371550307754e-05,-1.0829559471403627e-05,-3.461231301571388e-06,1.917388470218384e-05,2.2291194114274927e-05
gmat_two_body,numerical_two_body,EarthMJ2000Eq,134760.0,2026-08-06T08:18:00Z,-0.0014731504052178934,0.0029995819659234257,-0.0004887415343546309,0.0033773558258036723,0.0016325061302779886,0.0003204236875831157,-0.00270954281234026,0.003179523526704015
gmat_two_body,numerical_two_body,EarthMJ2000Eq,134820.0,2026-08-06T08:19:00Z,9.448740456718951e-06,-2.1121422832948156e-05,4.78939909953624e-06,2.3629040235296472e-05,-1.1894041307414227e-05,-1.262989712813578e-06,1.8796741940718675e-05,2.2279606576937606e-05
gmat_two_body,numerical_two_body,EarthMJ2000Eq,134880.0,2026-08-06T08:20:00Z,-0.0012687842172454111,0.0030191269040358293,-0.0008095921657513827,0.0033734818996772518,0.0017700516607987993,5.354827692372055e-06,-0.002632685847103744,0.003172403871769255
gmat_two_body,numerical_two_body,EarthMJ2000Eq,134940.0,2026-08-06T08:21:00Z,7.965354598127306e-06,-2.1141772776900325e-05,7.01311364537105e-06,2.3655975841780045e-05,-1.2816858685482657e-05,9.423573033018329e-07,1.8201884444124516e-05,2.228157313045873e-05
gmat_two_body,numerical_two_body,EarthMJ2000Eq,135000.0,2026-08-06T08:22:00Z,7.183189154602587e-06,-2.1051732801424805e-05,8.094502845779061e-06,2.3670543650151144e-05,-1.3221423955656064e-05,2.041922186890588e-06,1.7823964526542113e-05,2.2286076574308536e-05
gmat_two_body,numerical_two_body,EarthMJ2000Eq,135060.0,2026-08-06T08:23:00Z,-0.0009345421858597547,0.0029778109364997363,-0.001268968844669871,0.0033691258509340005,0.0019353543212474733,-0.00046280401733156395,-0.002460467385390075,0.0031644404974335944
gmat_two_body,numerical_two_body,EarthMJ2000Eq,135120.0,2026-08-06T08:24:00Z,5.551555659621954e-06,-2.0676907297456637e-05,1.0183612175751477e-05,2.3707809316248724e-05,-1.3913759033812312e-05,4.217071136736195e-06,1.6911361200300234e-05,2.2301805242408233e-05
gmat_two_body,numerical_two_body,EarthMJ2000Eq,135180.0,2026-08-06T08:25:00Z,4.7075445763766766e-06,-2.0392462829477154e-05,1.1183146852999926e-05,2.3729228595256588e-05,-1.4198864306536052e-05,5.288214310894546e-06,1.637978641610971e-05,2.2313008789285805e-05
gmat_two_body,numerical_two_body,EarthMJ2000Eq,135240.0,2026-08-06T08:26:00Z,3.8471625884994864e-06,-2.0042079995619133e-05,1.2149030226282775e-05,2.3750464542241677e-05,-1.4444889728792987e-05,6.345146630337695e-06,1.5803358621724328e-05,2.2330738204643025e-05
gmat_two_body,numerical_two_body,EarthMJ2000Eq,135300.0,2026-08-06T08:27:00Z,2.975866664201021e-06,-1.9630078895715997e-05,1.3078533811494708e-05,2.3774857024040076e-05,-1.4647394408484615e-05,7.3860917382262414e-06,1.517719283583574e-05,2.2348326480954766e-05
gmat_two_body,numerical_two_body,EarthMJ2000Eq,135360.0,2026-08-06T08:28:00Z,-0.0003263448888901621,0.002726038928813068,-0.0019473291104077362,0.0033659886945963465,0.0020943972112164033,-0.0012047713937590743,-0.002034695079089488,0.0031587905683096826
gmat_two_body,numerical_two_body,EarthMJ2000Eq,135420.0,2026-08-06T08:29:00Z,1.1987140169367194e-06,-1.8621904018800706e-05,1.4817487681284547e-05,2.382792827261417e-05,-1.4926671010329073e-05,9.406697643044026e-06,1.3791634501103545e-05,2.239421019393803e-05
gmat_two_body,numerical_two_body,EarthMJ2000Eq,135480.0,2026-08-06T08:30:00Z,3.0104274628683925e-07,-1.8028003978542984e-05,1.562329998705536e-05,2.385764147335142e-05,-1.5002776798667128e-05,1.0381029369455064e-05,1.3036682844358438e-05,2.2423295521053607e-05
gmat_two_body,numerical_two_body,EarthMJ2000Eq,135540.0,2026-08-06T08:31:00Z,5.3504663810599595e-05,0.0024721166482777335,-0.002284754373249598,0.003366649078508864,0.002116920000405642,-0.0016104797495586354,-0.0017062138368828528,0.0031600887596753315
gmat_two_body,numerical_two_body,EarthMJ2000Eq,135600.0,2026-08-06T08:32:00Z,-1.5033947420306504e-06,-1.666921889409423e-05,1.7091679183067754e-05,2.3921717153802e-05,-1.5021983656993143e-05,1.2245315872405627e-05,1.1404210908949608e-05,2.2486969121288076e-05
gmat_two_body,numerical_two_body,EarthMJ2000Eq,135660.0,2026-08-06T08:33:00Z,-2.4028850020840764e-06,-1.590888132341206e-05,1.7748334357747808e-05,2.3955578343468582e-05,-1.4966805572669273e-05,1.3128165221587551e-05,1.0536460592902586e-05,2.2524897179813585e-05
gmat_two_body,numerical_two_body,EarthMJ2000Eq,135720.0,2026-08-06T08:34:00Z,-3.2987372833304107e-06,-1.5095793060027063e-05,1.8353603081777692e-05,2.399206914501196e-05,-1.4867440611965321e-05,1.397726379082087e-05,9.632294961647858e-06,2.2565145682150928e-05
gmat_two_body,numerical_two_body,EarthMJ2000Eq,135780.0,2026-08-06T08:35:00Z,-4.185494617559016e-06,-1.4231773093342781e-05,1.8903847376350313e-05,2.4029506366181512e-05,-1.4721557306529576e-05,1.4788170688007085e-05,8.693490372024826e-06,2.2605110410603055e-05
gmat_two_body,numerical_two_body,EarthMJ2000Eq,135840.0,2026-08-06T08:36:00Z,0.0006795253284508362,0.0018985683709615842,-0.0027025262170354836,0.0033719377937598527,0.002030841272926409,-0.002190661874124089,-0.0010608429690250887,0.003169969010493981
gmat_two_body,numerical_two_body,EarthMJ2000Eq,135900.0,2026-08-06T08:37:00Z,-5.930814950261265e-06,-1.2362761481199414e-05,1.9831077224807814e-05,2.4109833290828902e-05,-1.4302337092431117e-05,1.6289192217300297e-05,6.731504242907249e-06,2.2698188887441348e-05
gmat_two_body,numerical_two_body,EarthMJ2000Eq,135960.0,2026-08-06T08:38:00Z,-6.782101991120726e-06,-1.1365045793354511e-05,2.0204197426210158e-05,2.4153069513837904e-05,-1.4025447470089603e-05,1.6974421868098943e-05,5.710099060252105e-06,2.274751427673649e-05
gmat_two_body,numerical_two_body,EarthMJ2000Eq,136020.0,2026-08-06T08:39:00Z,0.0010346466297050938,0.0014784773156861775,-0.0028550027764140395,0.003377488663887799,0.0019059425149237086,-0.00246705766926425,-0.000628847196537663,0.003180320614381912
gmat_two_body,numerical_two_body,EarthMJ2000Eq,136080.0,2026-08-06T08:40:00Z,-8.424649422522634e-06,-9.251380106434226e-06,2.076285454677418e-05,2.424167652404922e-05,-1.3344436666784532e-05,1.8204993068593467e-05,3.604228027143108e-06,2.2857957525837772e-05
gmat_two_body,numerical_two_body,EarthMJ2000Eq,136140.0,2026-08-06T08:41:00Z,-9.215000318363309e-06,-8.144525054376572e-06,2.0947823031747248e-05,2.429116730414996e-05,-1.2938539128981574e-05,1.8744117369351443e-05,2.5233148903680558e-06,2.2915384543667664e-05
gmat_two_body,numerical_two_body,EarthMJ2000Eq,136200.0,2026-08-06T08:42:00Z,-9.978066373150796e-06,-7.004928193055093e-06,2.1065318378532538e-05,2.4338826305428154e-05,-1.2492229473082261e-05,1.9232171410976662e-05,1.425526363618701e-06,2.2977474617605502e-05
gmat_two_body,numerical_two_body,EarthMJ2000Eq,136260.0,2026-08-06T08:43:00Z,-1.0712483344832435e-05,-5.838046490680426e-06,2.1118346182902314e-05,2.438902687155769e-05,-1.2004619520666893e-05,1.9662049766111522e-05,3.170796958329447e-07,2.3039262800153398e-05
gmat_two_body,numerical_two_body,EarthMJ2000Eq,136320.0,2026-08-06T08:44:00Z,0.0015613122741342522,0.0006861164365545847,-0.00293007133223,0.003390246273330113,0.0015818462095751329,-0.002783255848015642,0.00013439827029060325,0.00320418686117361
gmat_two_body,numerical_two_body,EarthMJ2000Eq,136380.0,2026-08-06T08:45:00Z,-1.2090367818018422e-05,-3.434251993894577e-06,2.1021605789428577e-05,2.4492427211256167e-05,-1.0909051439966788e-05,2.0353274621243145e-05,-1.9237944570704713e-06,2.3172487484960193e-05
gmat_two_body,numerical_two_body,EarthMJ2000Eq,136440.0,2026-08-06T08:46:00Z,-1.272837835131213e-05,-2.204615157097578e-06,2.0872903405688703e-05,2.4546894712534758e-05,-1.0303757846941153e-05,2.0607182626974918e-05,-3.05089287166993e-06,2.324072608384481e-05
gmat_two_body,numerical_two_body,EarthMJ2000Eq,136500.0,2026-08-06T08:47:00Z,0.001823460934247123,0.00017566344467923045,-0.0028639067295443965,0.003399680746783681,0.0013234662255001695,-0.002875568227977965,0.000600354432833683,0.0032219374495509765
gmat_two_body,numerical_two_body,EarthMJ2000Eq,136560.0,2026-08-06T08:48:00Z,-1.3885255611967295e-05,2.9194779926910996e-07,2.0372226572362706e-05,2.4655895287797772e-05,-8.982148358427366e-06,2.0927468091791468e-05,-5.299760630350647e-06,2.338215928020259e-05
gmat_two_body,numerical_two_body,EarthMJ2000Eq,136620.0,2026-08-06T08:49:00Z,0.001970700395759195,-0.00017082311387639493,-0.002773409960354911,0.003406558878733157,0.0011275860245518743,-0.0028932427564853924,0.0009069367479241919,0.00323494020894594
gmat_two_body,numerical_two_body,EarthMJ2000Eq,136680.0,2026-08-06T08:50:00Z,-1.4875695342198014e-05,2.8076101443730295e-06,1.960279405466281e-05,2.4767691079028776e-05,-7.526423928538861e-06,2.0989099347445972e-05,-7.51931850118126e-06,2.353145765334664e-05
gmat_two_body,numerical_two_body,EarthMJ2000Eq,136740.0,2026-08-06T08:51:00Z,-1.530588633613661e-05,4.064531822223216e-06,1.9118488125968724e-05,2.4825534509681874e-05,-6.749267811301252e-06,2.09197104084069e-05,-8.608225243733614e-06,2.3606957478826612e-05
gmat_two_body,numerical_two_body,EarthMJ2000Eq,136800.0,2026-08-06T08:52:00Z,0.002144971858797362,-0.0006890768418088555,-0.002569820026110392,0.003417558505065845,0.0008030882625575941,-0.002851244795820662,0.0013512391205949825,0.0032558247502251234
gmat_two_body,numerical_two_body,EarthMJ2000Eq,136860.0,2026-08-06T08:53:00Z,-1.6019157556002028e-05,6.5583662944845855e-06,1.795751813915558e-05,2.494189317142446e-05,-5.115907697472721e-06,2.057687353840265e-05,-1.0730971666816913e-05,2.3764132407864236e-05
gmat_two_body,numerical_two_body,EarthMJ2000Eq,136920.0,2026-08-06T08:54:00Z,-1.6301555660902523e-05,7.78345565777272e-06,1.7281763575738296e-05,2.4999645022074458e-05,-4.2588155224621005e-06,2.0302426406715313e-05,-1.1754153206311457e-05,2.3842947495053905e-05
gmat_two_body,numerical_two_body,EarthMJ2000Eq,136980.0,2026-08-06T08:55:00Z,0.0022580165932595264,-0.0011922338671865873,-0.0022887975319463294,0.0034290894814433836,0.00044873171844983517,-0.0027253719281361555,0.001765046775403789,0.003277865528233097
gmat_two_body,numerical_two_body,EarthMJ2000Eq,137040.0,2026-08-06T08:56:00Z,-1.6707076611055527e-05,1.017815520754084e-05,1.575335772940889e-05,2.5117514448432117e-05,-2.4868995751603507e-06,1.9545254303920956e-05,-1.3712586621750233e-05,2.40049300594873e-05
gmat_two_body,numerical_two_body,EarthMJ2000Eq,137100.0,2026-08-06T08:57:00Z,0.0022970415898271312,-0.0015118203009478748,-0.0020616389520000666,0.0034369108013094563,0.00020039880865851956,-0.0025948794224461835,0.0020173276382706717,0.0032928968553049332
gmat_two_body,numerical_two_body,EarthMJ2000Eq,137160.0,2026-08-06T08:58:00Z,-1.689579676167341e-05,1.2463715393096209e-05,1.399530447088182e-05,2.5232532509531453e-05,-6.492584248007915e-07,1.851052644497031e-05,-1.552002970583999e-05,2.4164694242681315e-05
gmat_two_body,numerical_two_body,EarthMJ2000Eq,137220.0,2026-08-06T08:59:00Z,-1.6907151234590856e-05,1.3556928024627268e-05,1.30385160446167e-05,2.5291203233139748e-05,2.859934511434403e-07,1.7891466086439323e-05,-1.6360690580086157e-05,2.4245794423644387e-05
gmat_two_body,numerical_two_body,EarthMJ2000Eq,137280.0,2026-08-06T09:00:00Z,0.0022987723014011863,-0.001956358573806938,-0.0016676440282026306,0.0034485837046238444,-0.00018251622435627723,-0.0023311050867391714,0.0023505108970311994,0.003315458426015462
gmat_two_body,numerical_two_body,EarthMJ2000Eq,137340.0,2026-08-06T09:01:00Z,-1.675925886956975e-05,1.5620571502950042e-05,1.0982148523908108e-05,2.540634956339073e-05,2.177813485104707e-06,1.645616976020392e-05,-1.7894130621698423e-05,2.440795578205924e-05
gmat_two_body,numerical_two_body,EarthMJ2000Eq,137400.0,2026-08-06T09:02:00Z,-1.660043835727265e-05,1.658554538153112e-05,9.888026397675276e-06,2.5464248178525916e-05,3.128164394183841e-06,1.5643486506178306e-05,-1.857980436170692e-05,2.448904270618445e-05
gmat_two_body,numerical_two_body,EarthMJ2000Eq,137460.0,2026-08-06T09:03:00Z,0.0022312037799565587,-0.002346383553231135,-0.0012193877410027198,0.003459868863045783,-0.0005675975245367226,-0.0019902905989965802,0.002618193661874102,0.003337418413893005
gmat_two_body,numerical_two_body,EarthMJ2000Eq,137520.0,2026-08-06T09:04:00Z,-1.611078914720565e-05,1.8358150555286556e-05,7.583366823382676e-06,2.557511820372036e-05,5.0182080713057076e-06,1.3836043422088551e-05,-1.9771739800944488e-05,2.464833066520104e-05
gmat_two_body,numerical_two_body,EarthMJ2000Eq,137580.0,2026-08-06T09:05:00Z,0.0021479193037521327,-0.002569544449215755,-0.0008966662790044211,0.0034670053977215233,-0.0008193730138827959,-0.0017241488237118574,0.0027545719039068217,0.0033513769820745637
gmat_two_body,numerical_two_body,EarthMJ2000Eq,137640.0,2026-08-06T09:06:00Z,-1.5396835806313902e-05,1.9896106095984578e-05,5.155015969648957e-06,2.5680572039512677e-05,6.866507362701668e-06,1.1798562127296464e-05,-2.070343896320992e-05,2.4798939020390957e-05
gmat_two_body,numerical_two_body,EarthMJ2000Eq,137700.0,2026-08-06T09:07:00Z,-1.4958914107410237e-05,2.0573224901454523e-05,3.899913281202316e-06,2.5733946796393354e-05,7.768008458697295e-06,1.070343813580621e-05,-2.106581575844757e-05,2.4873160975442615e-05
gmat_two_body,numerical_two_body,EarthMJ2000Eq,137760.0,2026-08-06T09:08:00Z,0.001967593107110588,-0.0028402569114405196,-0.00038744383346056566,0.003476865640518965,-0.0011799681232105286,-0.0012745307031991615,0.002888832617564674,0.0033707724897263374
gmat_two_body,numerical_two_body,EarthMJ2000Eq,137820.0,2026-08-06T09:09:00Z,-1.3922090147389099e-05,2.1720097720390186e-05,1.3378667063079774e-06,2.5833643304403946e-05,9.50084455553224e-06,8.37374614093278e-06,-2.1568635766300304e-05,2.5011831610669818e-05
gmat_two_body,numerical_two_body,EarthMJ2000Eq,137880.0,2026-08-06T09:10:00Z,-1.3326825865078717e-05,2.2187123249750584e-05,4.18367562815547e-08,2.5881933390918272e-05,1.0327294575063206e-05,7.151612635425408e-06,-2.170764956677118e-05,2.5080283615642135e-05
gmat_two_body,numerical_two_body,EarthMJ2000Eq,137940.0,2026-08-06T09:11:00Z,-1.2682448868872598e-05,2.2577523850486614e-05,-1.2641976354643703e-06,2.5926574941406616e-05,1.1123102439114518e-05,5.893063814710331e-06,-2.1767310176556975e-05,2.5144927944174437e-05
gmat_two_body,numerical_two_body,EarthMJ2000Eq,138000.0,2026-08-06T09:12:00Z,-1.1993051884928718e-05,2.2891981643624604e-05,-2.5665940484032035e-06,2.5970435539203743e-05,1.1881606809538425e-05,4.602540570886049e-06,-2.1747936784777266e-05,2.5205727810912148e-05
gmat_two_body,numerical_two_body,EarthMJ2000Eq,138060.0,2026-08-06T09:13:00Z,0.0015321334103646223,-0.003097710646216001,0.0004887388058705255,0.0034902879043424524,-0.0017033441324088017,-0.000425588453367709,0.0029085347463819744,0.003397363850982504
gmat_two_body,numerical_two_body,EarthMJ2000Eq,138120.0,2026-08-06T09:14:00Z,-1.0481471690582111e-05,2.3286929717869498e-05,-5.161382432561368e-06,2.605344915938427e-05,1.3281375998985823e-05,1.956657058599376e-06,-2.1468826716386502e-05,2.53206235280578e-05
gmat_two_body,numerical_two_body,EarthMJ2000Eq,138180.0,2026-08-06T09:15:00Z,-9.666109690442681e-06,2.3364833623418235e-05,-6.4446794567629695e-06,2.6093735265348805e-05,1.3914203123022162e-05,6.084022174945858e-07,-2.120792430559959e-05,2.5372253647616996e-05
gmat_two_body,numerical_two_body,EarthMJ2000Eq,138240.0,2026-08-06T09:16:00Z,0.0012023783710901625,-0.003125741443454899,0.0010033127182396129,0.003496084914469085,-0.0019509425186470253,0.00011591794191190274,0.0027930622259475513,0.00340893095828252
gmat_two_body,numerical_two_body,EarthMJ2000Eq,138300.0,2026-08-06T09:17:00Z,-7.928065315354615e-06,2.327442416572012e-05,-8.946699381340295e-06,2.6164794471015063e-05,1.503286384263447e-05,-2.1103119252074976e-06,-2.0449419935175683e-05,2.546800320830081e-05
gmat_two_body,numerical_two_body,EarthMJ2000Eq,138360.0,2026-08-06T09:18:00Z,-7.012204150669277e-06,2.3107531887944788e-05,-1.0159965313505381e-05,2.6198357432760573e-05,1.5512480189272537e-05,-3.468336728928989e-06,-1.9952484109353463e-05,2.5510155299837224e-05
gmat_two_body,numerical_two_body,EarthMJ2000Eq,138420.0,2026-08-06T09:19:00Z,-6.067239155527204e-06,2.285923983436078e-05,-1.1338670447003096e-05,2.6228261175322516e-05,1.5935919250864572e-05,-4.8192561052928795e-06,-1.9381385385486283e-05,2.555028084462517e-05
gmat_two_body,numerical_two_body,EarthMJ2000Eq,138480.0,2026-08-06T09:20:00Z,-5.098627298139036e-06,2.252932063129265e-05,-1.2481905287131667e-05,2.6255746952426295e-05,1.63016267151761e-05,-6.155076448521868e-06,-1.873168287147564e-05,2.5583274670096975e-05
gmat_two_body,numerical_two_body,EarthMJ2000Eq,138540.0,2026-08-06T09:21:00Z,0.0005718184183933772,-0.002955708623630926,0.0017878001017379574,0.0035013453093338818,-0.0022208177519189576,0.0010102780834131408,0.002395887932493679,0.0034194988343516273
gmat_two_body,numerical_two_body,EarthMJ2000Eq,138600.0,2026-08-06T09:22:00Z,-3.106833901256323e-06,2.1632786229019985e-05,-1.4642864698544145e-05,2.630671669935917e-05,1.6854517781439426e-05,-8.769873716119037e-06,-1.722533227166423e-05,2.5645614176906943e-05
gmat_two_body,numerical_two_body,EarthMJ2000Eq,138660.0,2026-08-06T09:23:00Z,-2.090928319375962e-06,2.1068444766569883e-05,-1.5651494322810322e-05,2.6329083171575456e-05,1.7035928223663177e-05,-1.0033751607352315e-05,-1.6370904631912708e-05,2.566915542488747e-05
gmat_two_body,numerical_two_body,EarthMJ2000Eq,138720.0,2026-08-06T09:24:00Z,0.0001650523699936457,-0.0027282853807264473,0.0021888199626118876,0.0035016733474518267,-0.002286195621703513,0.0015096581762463757,0.0020474617556942576,0.003420213132369744
gmat_two_body,numerical_two_body,EarthMJ2000Eq,138780.0,2026-08-06T09:25:00Z,-3.183231456205249e-08,1.971693563973531e-05,-1.750504452502355e-05,2.6366363953734156e-05,1.721078835004164e-05,-1.2450485087356356e-05,-1.4478196419531741e-05,2.5706885966661808e-05
gmat_two_body,numerical_two_body,EarthMJ2000Eq,138840.0,2026-08-06T09:26:00Z,1.000444171950221e-06,1.8937498680315912e-05,-1.834496288211085e-05,2.6384984516845578e-05,1.7201545743361635e-05,-1.3593570713510417e-05,-1.3447021274259896e-05,2.571965633235734e-05
gmat_two_body,numerical_two_body,EarthMJ2000Eq,138900.0,2026-08-06T09:27:00Z,2.0318111637607217e-06,1.8088030628859997e-05,-1.911666913656518e-05,2.6396063106316894e-05,1.712741060089229e-05,-1.468514199132187e-05,-1.2365219959065143e-05,2.572742221507832e-05
gmat_two_body,numerical_two_body,EarthMJ2000Eq,138960.0,2026-08-06T09:28:00Z,3.054992703255266e-06,1.7176716937683523e-05,-1.9825620256597176e-05,2.640885843297743e-05,1.6991630324980633e-05,-1.5723422563951317e-05,-1.1239897901305085e-05,2.573473961510272e-05
gmat_two_body,numerical_two_body,EarthMJ2000Eq,139020.0,2026-08-06T09:29:00Z,-0.0005170695658307523,-0.002164220859413035,0.00269834345090203,0.003497466260488123,-0.0022262385268589924,0.0022208501704312766,0.0013240013529980388,0.003411933915057055
gmat_two_body,numerical_two_body,EarthMJ2000Eq,139080.0,2026-08-06T09:30:00Z,5.069523467682302e-06,1.5174009604379535e-05,-2.103297447320074e-05,2.642606007057234e-05,1.6529666524434106e-05,-1.7620571668430784e-05,-8.86668516386635e-06,2.5735821866154397e-05
gmat_two_body,numerical_two_body,EarthMJ2000Eq,139140.0,2026-08-06T09:31:00Z,6.049958756193519e-06,1.4092620403971523e-05,-2.152773959096521e-05,2.643194133427373e-05,1.620725775808296e-05,-1.8471446594503504e-05,-7.630340803643776e-06,2.5731141523653526e-05
gmat_two_body,numerical_two_body,EarthMJ2000Eq,139200.0,2026-08-06T09:32:00Z,-0.0009067753126146272,-0.0017335987649857998,0.0028927629500685725,0.0034922318982016465,-0.0020920762899834244,0.0025501849520992437,0.0008310205856787434,0.003401591055204325
gmat_two_body,numerical_two_body,EarthMJ2000Eq,139260.0,2026-08-06T09:33:00Z,7.94807419879362e-06,1.1781594366766512e-05,-2.2293306756182574e-05,2.643802896242095e-05,1.538769112130467e-05,-1.9960033625920914e-05,-5.084821452783217e-06,2.5710686291875925e-05
gmat_two_body,numerical_two_body,EarthMJ2000Eq,139320.0,2026-08-06T09:34:00Z,-0.0011504871508805081,-0.0014168663255986758,0.0029720388283749344,0.0034877135298537485,-0.001965029472472679,0.0027220834475372158,0.0004890550187042209,0.003392676514842247
gmat_two_body,numerical_two_body,EarthMJ2000Eq,139380.0,2026-08-06T09:35:00Z,9.734321793075651e-06,9.312316251453012e-06,-2.274759935971815e-05,2.6437275414998294e-05,1.4348522370255523e-05,-2.1152857243578183e-05,-2.4797941478027496e-06,2.568020332459223e-05
gmat_two_body,numerical_two_body,EarthMJ2000Eq,139440.0,2026-08-06T09:36:00Z,1.0577423381619155e-05,8.02901922725141e-06,-2.285736400153837e-05,2.6434941351257406e-05,1.3752554650636739e-05,-2.163158541179655e-05,-1.1679546219056647e-06,2.565974210403196e-05
gmat_two_body,numerical_two_body,EarthMJ2000Eq,139500.0,2026-08-06T09:37:00Z,-0.0014833667592029087,-0.0009091827450902201,0.003013355112102545,0.003479554459684813,-0.0017241905680975833,0.0029030902126692126,-2.9978686200138327e-05,0.0033766351031224453
gmat_two_body,numerical_two_body,EarthMJ2000Eq,139560.0,2026-08-06T09:38:00Z,1.2149030226282775e-05,5.386937118601054e-06,-2.284025413246127e-05,2.6425276456345892e-05,1.2420287021086551e-05,-2.23514540209635e-05,1.453948073049105e-06,2.5611813515183568e-05
gmat_two_body,numerical_two_body,EarthMJ2000Eq,139620.0,2026-08-06T09:39:00Z,1.2873442756244913e-05,4.038156475871801e-06,-2.2714971237292048e-05,2.641973040045914e-05,1.1691980716932449e-05,-2.2589929926652985e-05,2.750688565811288e-06,2.5584636693967288e-05
gmat_two_body,numerical_two_body,EarthMJ2000Eq,139680.0,2026-08-06T09:40:00Z,-0.001768115907907486,-0.0003774739525397308,0.0029617795007652603,0.0034699939855559973,-0.001432080676266878,0.0029888190811178106,-0.0005401359359780145,0.003357922183780583
gmat_two_body,numerical_two_body,EarthMJ2000Eq,139740.0,2026-08-06T09:41:00Z,1.4184479368850589e-05,1.3114913599565625e-06,-2.2231688490137458e-05,2.6403928451559986e-05,1.0121681270902627e-05,-2.2826907031259225e-05,5.2944315598324465e-06,2.5525421091634174e-05
gmat_two_body,numerical_two_body,EarthMJ2000Eq,139800.0,2026-08-06T09:42:00Z,-0.0019270678421889897,-1.8147147784475237e-05,0.002877219685615273,0.0034629919010392865,-0.0012144854011353345,0.0029929492981195516,-0.0008668727957683586,0.0033442770122596634
gmat_two_body,numerical_two_body,EarthMJ2000Eq,139860.0,2026-08-06T09:43:00Z,1.5299974620575085e-05,-1.4279066817834973e-06,-2.1449068299261853e-05,2.6385425366829385e-05,8.424372310855688e-06,-2.27437513267148e-05,7.740474927686591e-06,2.5459049969500002e-05
gmat_two_body,numerical_two_body,EarthMJ2000Eq,139920.0,2026-08-06T09:44:00Z,1.577927832840942e-05,-2.787601260934025e-06,-2.094930096063763e-05,2.6374790162098822e-05,7.537970247994963e-06,-2.258482290073971e-05,8.917311333789257e-06,2.5424666415533565e-05
gmat_two_body,numerical_two_body,EarthMJ2000Eq,139980.0,2026-08-06T09:45:00Z,-0.002114410335707362,0.0005155543476575986,0.0026792508833750617,0.0034517984659016257,-0.0008628511238839565,0.002921952679812989,-0.0013255929687261414,0.0033225767476147638
gmat_two_body,numerical_two_body,EarthMJ2000Eq,140040.0,2026-08-06T09:46:00Z,1.657372195040807e-05,-5.46970113646239e-06,-1.974285623873584e-05,2.6351209882566055e-05,5.702105454474804e-06,-2.2038371128019207e-05,1.1155520951433573e-05,2.53505316766362e-05
gmat_two_body,numerical_two_body,EarthMJ2000Eq,140100.0,2026-08-06T09:47:00Z,1.6887270248844288e-05,-6.78028300171718e-06,-1.9041181076318026e-05,2.6338540407965055e-05,4.761524508012371e-06,-2.1655122139918603e-05,1.2210676914037322e-05,2.5312389480928094e-05
gmat_two_body,numerical_two_body,EarthMJ2000Eq,140160.0,2026-08-06T09:48:00Z,-0.0022365397853718605,0.0010285111784469336,0.0024029677661019377,0.0034400871414350023,-0.0004919566976013812,0.0027636568589173294,-0.0017350298975316036,0.0033000226319654514
gmat_two_body,numerical_two_body,EarthMJ2000Eq,140220.0,2026-08-06T09:49:00Z,1.7344291336485185e-05,-9.320501703768969e-06,-1.7456841305829585e-05,2.6314207233959247e-05,2.850164548817702e-06,-2.0679458145878016e-05,1.4184209362611e-05,2.5237971836200296e-05
gmat_two_body,numerical_two_body,EarthMJ2000Eq,140280.0,2026-08-06T09:50:00Z,-0.0022804719037594623,0.0013514872989617288,0.002180071533075534,0.0034321686893883123,-0.00024001867160450274,0.0026136368624918305,-0.001975238639317922,0.003284855292695471
gmat_two_body,numerical_two_body,EarthMJ2000Eq,140340.0,2026-08-06T09:51:00Z,1.7570982890902087e-05,-1.1731572158169001e-05,-1.5646037354599684e-05,2.629006865636202e-05,9.192646643896296e-07,-1.944222560723574e-05,1.594635534729605e-05,2.5162103110592442e-05
gmat_two_body,numerical_two_body,EarthMJ2000Eq,140400.0,2026-08-06T09:52:00Z,1.7597198365137956e-05,-1.2877535482402891e-05,-1.4664692571386695e-05,2.6278232790959203e-05,-4.440892098500626e-08,-1.873301513910519e-05,1.674305138976706e-05,2.5124840262071082e-05
gmat_two_body,numerical_two_body,EarthMJ2000Eq,140460.0,2026-08-06T09:53:00Z,-0.0022897121425558,0.0017973488866118714,0.0017960428522201255,0.0034203822363857825,0.00013630252482244032,0.0023292296980059746,-0.0022802377763753157,0.0032624183792326544
gmat_two_body,numerical_two_body,EarthMJ2000Eq,140520.0,2026-08-06T09:54:00Z,1.747696387610631e-05,-1.503303792560473e-05,-1.2570126273203641e-05,2.6257276517637536e-05,-1.9486634528220748e-06,-1.7147172570730618e-05,1.816147232602816e-05,2.505318130441457e-05
gmat_two_body,numerical_two_body,EarthMJ2000Eq,140580.0,2026-08-06T09:55:00Z,1.7332581592199858e-05,-1.6037120076362044e-05,-1.1462361726444215e-05,2.624868265916926e-05,-2.887468042445107e-06,-1.6276757719424495e-05,1.8779200416929598e-05,2.501856674256532e-05
gmat_two_body,numerical_two_body,EarthMJ2000Eq,140640.0,2026-08-06T09:56:00Z,1.7131014828919433e-05,-1.6987542039714754e-05,-1.0318217391613871e-05,2.6239547704949805e-05,-3.8120617773529375e-06,-1.5359269411874266e-05,1.9335200107661876e-05,2.4985774654075057e-05
gmat_two_body,numerical_two_body,EarthMJ2000Eq,140700.0,2026-08-06T09:57:00Z,1.6874537323019467e-05,-1.788066583685577e-05,-9.14405973162502e-06,2.6231318095185463e-05,-4.7197801222864655e-06,-1.439737218333903e-05,1.9827250952175746e-05,2.495356749061883e-05
gmat_two_body,numerical_two_body,EarthMJ2000Eq,140760.0,2026-08-06T09:58:00Z,-0.0021579096483037574,0.002409026365057798,0.0010546873454586603,0.003401815320451225,0.0007333245122254084,0.0017248140693482128,-0.0026274156184058484,0.0032273923290940566
gmat_two_body,numerical_two_body,EarthMJ2000Eq,140820.0,2026-08-06T09:59:00Z,1.6202648112084717e-05,-1.9487742974888533e-05,-6.714799383189529e-06,2.621805604647e-05,-6.4783733932927134e-06,-1.2357226353287842e-05,2.0616841567289157e-05,2.489426683355058e-05
gmat_two_body,numerical_two_body,EarthMJ2000Eq,140880.0,2026-08-06T10:00:00Z,1.5788828022778034e-05,-2.0198967831674963e-05,-5.4687916417606175e-06,2.621436769824692e-05,-7.3230310704275325e-06,-1.1285195000709791e-05,2.091571360551825e-05,2.486864463316313e-05
gmat_two_body,numerical_two_body,EarthMJ2000Eq,140940.0,2026-08-06T10:01:00Z,-0.001996190803765785,0.0026821044230018742,0.0005709816832677461,0.003391825753713268,0.0010584155774040482,0.001303569696631257,-0.0027342805797303527,0.00320871123305875
gmat_two_body,numerical_two_body,EarthMJ2000Eq,141000.0,2026-08-06T10:02:00Z,1.4813849702477455e-05,-2.1417690732050687e-05,-2.9322109185159206e-06,2.6206210717538415e-05,-8.93152218850446e-06,-9.051426275163976e-06,2.1316615139710393e-05,2.4821331294533875e-05
gmat_two_body,numerical_two_body,EarthMJ2000Eq,141060.0,2026-08-06T10:03:00Z,1.425496520823799e-05,-2.1926098270341754e-05,-1.6498233890160918e-06,2.620457470869741e-05,-9.691802915767767e-06,-7.898570686393214e-06,2.1418755657975908e-05,2.4800837820164658e-05
gmat_two_body,numerical_two_body,EarthMJ2000Eq,141120.0,2026-08-06T10:04:00Z,1.365060597890988e-05,-2.2365838958648965e-05,-3.6197889130562544e-07,2.6204977096601723e-05,-1.0419221041502169e-05,-6.723510637129948e-06,2.1454893417427456e-05,2.478060156558862e-05
gmat_two_body,numerical_two_body,EarthMJ2000Eq,141180.0,2026-08-06T10:05:00Z,1.3003500498598441e-05,-2.2733956939191557e-05,9.240466170012951e-07,2.6206443587035183e-05,-1.1116441100966767e-05,-5.53423973315148e-06,2.1429108487680537e-05,2.476711050470034e-05
gmat_two_body,numerical_two_body,EarthMJ2000Eq,141240.0,2026-08-06T10:06:00Z,-0.0016065364434325602,0.0029604339033539873,-0.00025581266527296975,0.003377953279712247,0.0015209762338486144,0.0005432623240153589,-0.002742763460794606,0.0031829630941148045
gmat_two_body,numerical_two_body,EarthMJ2000Eq,141300.0,2026-08-06T10:07:00Z,1.1591964721446857e-05,-2.325339210074162e-05,3.4824552130885422e-06,2.6214907678747773e-05,-1.2398526649803898e-05,-3.1157298963080393e-06,2.118316633215045e-05,2.4741822320277815e-05
gmat_two_body,numerical_two_body,EarthMJ2000Eq,141360.0,2026-08-06T10:08:00Z,1.0829808161361143e-05,-2.3403345039696433e-05,4.748471837956458e-06,2.622116108517763e-05,-1.298339213917643e-05,-1.8980372828991676e-06,2.096656182004608e-05,2.4733938859807947e-05
gmat_two_body,numerical_two_body,EarthMJ2000Eq,141420.0,2026-08-06T10:09:00Z,-0.001312222593696788,0.0030158257402490563,-0.0007421831469400786,0.003371641863329937,0.0017414683028960098,7.169465021661381e-05,-0.002649440888902177,0.0031713386758036345
gmat_two_body,numerical_two_body,EarthMJ2000Eq,141480.0,2026-08-06T10:10:00Z,9.207724360749125e-06,-2.348403427276935e-05,7.2295733843930066e-06,2.6240213126963394e-05,-1.4035439477311229e-05,5.515587986337778e-07,2.0347501461515094e-05,2.4724857818721135e-05
gmat_two_body,numerical_two_body,EarthMJ2000Eq,141540.0,2026-08-06T10:11:00Z,8.3518898463808e-06,-2.3414941097144037e-05,8.440110832452774e-06,2.6253552168285535e-05,-1.4499068612394694e-05,1.77280412572145e-06,1.9948931395674663e-05,2.4725001292708522e-05
gmat_two_body,numerical_two_body,EarthMJ2000Eq,141600.0,2026-08-06T10:12:00Z,7.46967998566106e-06,-2.3272036742127966e-05,9.623363439459354e-06,2.6267716632837776e-05,-1.4920953361752254e-05,2.9887203822909214e-06,1.94924076879488e-05,2.4728955825515813e-05
gmat_two_body,numerical_two_body,EarthMJ2000Eq,141660.0,2026-08-06T10:13:00Z,6.56291376799345e-06,-2.3056145437294617e-05,1.0778421710710973e-05,2.6283684180984314e-05,-1.5297985100914957e-05,4.195754854663392e-06,1.8979484650571976e-05,2.4735673521243456e-05
gmat_two_body,numerical_two_body,EarthMJ2000Eq,141720.0,2026-08-06T10:14:00Z,-0.0007474418453057297,0.0029202858513599494,-0.001495453943789471,0.003364984585962114,0.0020000927580809957,-0.00070322769829545,-0.0023421113937160953,0.003159174894992791
gmat_two_body,numerical_two_body,EarthMJ2000Eq,141780.0,2026-08-06T10:15:00Z,4.689354682341218e-06,-2.2409494704334065e-05,1.298576535191387e-05,2.6321200618804204e-05,-1.5918821816285345e-05,6.568967592102126e-06,1.779065783580336e-05,2.476020455237318e-05
gmat_two_body,numerical_two_body,EarthMJ2000Eq,141840.0,2026-08-06T10:16:00Z,3.728018782567233e-06,-2.198066795244813e-05,1.4033503248356283e-05,2.6343634925738337e-05,-1.616129452486348e-05,7.72892860823049e-06,1.7116086326041113e-05,2.47766864061964e-05
gmat_two_body,numerical_two_body,EarthMJ2000Eq,141900.0,2026-08-06T10:17:00Z,-0.00037895460991421714,0.0027536420930118766,-0.0018938735593110323,0.0033634667281600247,0.002085185135669576,-0.0011440892677683223,-0.002075156935177347,0.003156455861920873
gmat_two_body,numerical_two_body,EarthMJ2000Eq,141960.0,2026-08-06T10:18:00Z,1.7635102267377079e-06,-2.0920197130180895e-05,1.6000740288291126e-05,2.639674802051912e-05,-1.6504797528682502e-05,9.984013615849108e-06,1.5615952975167602e-05,2.4818276665935335e-05
gmat_two_body,numerical_two_body,EarthMJ2000Eq,142020.0,2026-08-06T10:19:00Z,-0.00012690725270658731,0.002599547315185191,-0.0021306141206878237,0.003363520213400005,0.0021115383330716497,-0.0014216929855592753,-0.0018666357348706697,0.0031566016606337285
gmat_two_body,numerical_two_body,EarthMJ2000Eq,142080.0,2026-08-06T10:20:00Z,-2.2737367544323206e-07,-1.9590061128837988e-05,1.777516445145011e-05,2.645332994343036e-05,-1.6656523382785338e-05,1.2134293569943111e-05,1.3928413977737364e-05,2.4873310346193708e-05
gmat_two_body,numerical_two_body,EarthMJ2000Eq,142140.0,2026-08-06T10:21:00Z,-1.2278178473934531e-06,-1.883108780020848e-05,1.8585069483378902e-05,2.6486264593323844e-05,-1.6661116930549724e-05,1.3161916001536156e-05,1.3018919275964436e-05,2.4906246391598684e-05
gmat_two_body,numerical_two_body,EarthMJ2000Eq,142200.0,2026-08-06T10:22:00Z,0.00025339795683976263,0.002308381226612255,-0.002435493115626741,0.0033651836693071773,0.002104807661496011,-0.0018065611229189926,-0.0015133112540866023,0.003159745137583062
gmat_two_body,numerical_two_body,EarthMJ2000Eq,142260.0,2026-08-06T10:23:00Z,-3.220520738977939e-06,-1.713578967610374e-05,2.0031620806548744e-05,2.6556974108343126e-05,-1.6524004387008517e-05,1.510969127593853e-05,1.1080913964178762e-05,2.498263688479624e-05
gmat_two_body,numerical_two_body,EarthMJ2000Eq,142320.0,2026-08-06T10:24:00Z,-4.208231985103339e-06,-1.6202648112084717e-05,2.0665538613684475e-05,2.659510309207643e-05,-1.638156277294911e-05,1.602451504822966e-05,1.0053291532585718e-05,2.50241753521304e-05
gmat_two_body,numerical_two_body,EarthMJ2000Eq,142380.0,2026-08-06T10:25:00Z,0.0006274858606047928,0.001951940248545725,-0.002672905338840792,0.0033687137292378066,0.002042469526841728,-0.002145508659623374,-0.0011183862724806204,0.00316633495244408
gmat_two_body,numerical_two_body,EarthMJ2000Eq,142440.0,2026-08-06T10:26:00Z,-6.150003173388541e-06,-1.4176293916534632e-05,2.1746018319390714e-05,2.667731547566101e-05,-1.5949463971765e-05,1.77200476514372e-05,7.903011578491714e-06,2.5116589771814344e-05
gmat_two_body,numerical_two_body,EarthMJ2000Eq,142500.0,2026-08-06T10:27:00Z,0.0008684983185958117,0.001682449692452792,-0.0027903172394871945,0.003372061178866375,0.00197034322191314,-0.002341717930676168,-0.0008362661674254923,0.003172575669983279
gmat_two_body,numerical_two_body,EarthMJ2000Eq,142560.0,2026-08-06T10:28:00Z,-8.02901922725141e-06,-1.1958945833612233e-05,2.2559333956451155e-05,2.6765744595686746e-05,-1.532463045350596e-05,1.922595416203876e-05,5.6417093219351955e-06,2.522519565931151e-05
gmat_two_body,numerical_two_body,EarthMJ2000Eq,142620.0,2026-08-06T10:29:00Z,-8.937604434322566e-06,-1.0782059689518064e-05,2.286219569214154e-05,2.6810698909922655e-05,-1.4940937376195507e-05,1.9899637493381306e-05,4.47109016477043e-06,2.5282757549541343e-05
gmat_two_body,numerical_two_body,EarthMJ2000Eq,142680.0,2026-08-06T10:30:00Z,0.001210190930578392,0.001238047843798995,-0.002901171001212788,0.003378478611781869,0.0018174670657344905,-0.002585468728000251,-0.00039184833156014065,0.0031845533742494003
gmat_two_body,numerical_two_body,EarthMJ2000Eq,142740.0,2026-08-06T10:31:00Z,-1.067837729351595e-05,-8.320057531818748e-06,2.3257371140061878e-05,2.6910154427316727e-05,-1.4030998585212728e-05,2.1076029810274122e-05,2.0747847884194925e-06,2.5404186382957868e-05
gmat_two_body,numerical_two_body,EarthMJ2000Eq,142800.0,2026-08-06T10:32:00Z,-1.1503743735374883e-05,-7.0403984864242375e-06,2.3344597366303788e-05,2.696059266729237e-05,-1.3506529228379804e-05,2.1575630171355442e-05,8.5087492607272e-07,2.546876787808944e-05
gmat_two_body,numerical_two_body,EarthMJ2000Eq,142860.0,2026-08-06T10:33:00Z,0.0015197024367807899,0.0007557146091130562,-0.0029304017346021283,0.0033864220636157464,0.0016132584157446672,-0.0027620563614050297,6.886224923619011e-05,0.0031994218335378746
gmat_two_body,numerical_two_body,EarthMJ2000Eq,142920.0,2026-08-06T10:34:00Z,-1.3055341696599498e-05,-4.398316377773881e-06,2.3299207896343432e-05,2.706732758088607e-05,-1.2328360554647588e-05,2.2386981157751507e-05,-1.6218137943724287e-06,2.5608507947682704e-05
gmat_two_body,numerical_two_body,EarthMJ2000Eq,142980.0,2026-08-06T10:35:00Z,0.001703726411506068,0.0004193016138742678,-0.0029035012403255678,0.003392464735444279,0.0014503682699285037,-0.002839262713827395,0.0003795719294430455,0.0032107718271728717
gmat_two_body,numerical_two_body,EarthMJ2000Eq,143040.0,2026-08-06T10:36:00Z,-1.4455963537329808e-05,-1.6761987353675067e-06,2.295632839377504e-05,2.7180462419096155e-05,-1.0977441178283698e-05,2.293354395277447e-05,-4.11137790479188e-06,2.5755680564344012e-05
gmat_two_body,numerical_two_body,EarthMJ2000Eq,143100.0,2026-08-06T10:37:00Z,-1.5092609828570858e-05,-2.955857780762017e-07,2.2671656552120112e-05,2.7237442119387152e-05,-1.0243805803611394e-05,2.3103491342268967e-05,-5.352163157112955e-06,2.5833167053320367e-05
gmat_two_body,numerical_two_body,EarthMJ2000Eq,143160.0,2026-08-06T10:38:00Z,0.0019401354620640632,-9.754876373335719e-05,-0.0027934099762205733,0.003402466850347416,0.0011694529788996988,-0.002890284678258581,0.0008421601194186223,0.0032296438593090843
gmat_two_body,numerical_two_body,EarthMJ2000Eq,143220.0,2026-08-06T10:39:00Z,-1.6229478205787018e-05,2.4892869987525046e-06,2.1880623535253108e-05,2.7356063292910884e-05,-8.660627770495921e-06,2.3228086121207525e-05,-7.815081914941402e-06,2.5992805996478392e-05
gmat_two_body,numerical_two_body,EarthMJ2000Eq,143280.0,2026-08-06T10:40:00Z,-1.6723333828849718e-05,3.880813892465085e-06,2.1376763470470905e-05,2.741708641142524e-05,-7.815970093361102e-06,2.3180346531148643e-05,-9.027445457832073e-06,2.6075134233567868e-05
gmat_two_body,numerical_two_body,EarthMJ2000Eq,143340.0,2026-08-06T10:41:00Z,-1.7166485122288577e-05,5.268702807370573e-06,2.0797870092792436e-05,2.7477242240130646e-05,-6.9402261715367786e-06,2.30575558646251e-05,-1.0221157253909041e-05,2.615893112058535e-05
gmat_two_body,numerical_two_body,EarthMJ2000Eq,143400.0,2026-08-06T10:42:00Z,-1.755574885464739e-05,6.6465872805565596e-06,2.0150764612480998e-05,2.7539694166659255e-05,-6.034284183442651e-06,2.2860380255451673e-05,-1.1390888232654106e-05,2.6244273770847777e-05
gmat_two_body,numerical_two_body,EarthMJ2000Eq,143460.0,2026-08-06T10:43:00Z,0.0022107039967522724,-0.0009558916644891724,-0.0024293967726407573,0.0034209515802498106,0.000619354345587908,-0.002793359765718151,0.001572391994386635,0.003264793281379813
gmat_two_body,numerical_two_body,EarthMJ2000Eq,143520.0,2026-08-06T10:44:00Z,-1.8167384041589685e-05,9.357790986541659e-06,1.8647824617801234e-05,2.7665203018208297e-05,-4.139799614222284e-06,2.2236879004822185e-05,-1.3646861418692424e-05,2.641691797507825e-05
gmat_two_body,numerical_two_body,EarthMJ2000Eq,143580.0,2026-08-06T10:45:00Z,-1.838645857787924e-05,1.067837729351595e-05,1.7796082829590887e-05,2.7727065563027142e-05,-3.1583624604536453e-06,2.1810109274156275e-05,-1.4725998198628076e-05,2.650492676707932e-05
gmat_two_body,numerical_two_body,EarthMJ2000Eq,143640.0,2026-08-06T10:46:00Z,0.0022895391111887875,-0.0014446550267166458,-0.0021104206098243594,0.0034326218315235716,0.0002531796994276192,-0.0026234254768553456,0.0019644472715185657,0.00328717420825132
gmat_two_body,numerical_two_body,EarthMJ2000Eq,143700.0,2026-08-06T10:47:00Z,-1.864469822976389e-05,1.3234966900199652e-05,1.5903424355201423e-05,2.785153545408143e-05,-1.1395329124752607e-06,2.0729640226591073e-05,-1.6761703136580763e-05,2.6682788670252938e-05
gmat_two_body,numerical_two_body,EarthMJ2000Eq,143760.0,2026-08-06T10:48:00Z,-1.868181702391336e-05,1.4460056263487786e-05,1.4870238373987377e-05,2.7914646760391185e-05,-1.0835776720341528e-07,2.007594090969178e-05,-1.7708945421190947e-05,2.677054151013515e-05
gmat_two_body,numerical_two_body,EarthMJ2000Eq,143820.0,2026-08-06T10:49:00Z,-1.865743115558871e-05,1.5643308870494366e-05,1.3781573215965182e-05,2.7977573340985612e-05,9.334755191048316e-07,1.9348078694747528e-05,-1.8603785179038823e-05,2.6857407706454766e-05
gmat_two_body,numerical_two_body,EarthMJ2000Eq,143880.0,2026-08-06T10:50:00Z,-1.8570403881312814e-05,1.6780177247710526e-05,1.2639247870538384e-05,2.803898777617639e-05,1.977973340672179e-06,1.8548718117017415e-05,-1.9446666499334242e-05,2.6946987962614834e-05
gmat_two_body,numerical_two_body,EarthMJ2000Eq,143940.0,2026-08-06T10:51:00Z,0.0022701231046085013,-0.002167538696085103,-0.0014367133189807646,0.0034519310639177566,-0.00038531844381850533,-0.0021592807541992443,0.0024983348723139898,0.00332455121976217
gmat_two_body,numerical_two_body,EarthMJ2000Eq,144000.0,2026-08-06T10:52:00Z,-1.8207401808467694e-05,1.889929990284145e-05,1.021544449031353e-05,2.8161113677679944e-05,4.072298054325074e-06,1.673861049766856e-05,-2.0947688028627454e-05,2.7121399790214033e-05
gmat_two_body,numerical_two_body,EarthMJ2000Eq,144060.0,2026-08-06T10:53:00Z,-1.7932507034856826e-05,1.9874278223142028e-05,8.937604434322566e-06,2.8221313159923465e-05,5.114131340633321e-06,1.573408070498772e-05,-2.1599610988687346e-05,2.7207697989042326e-05
gmat_two_body,numerical_two_body,EarthMJ2000Eq,144120.0,2026-08-06T10:54:00Z,0.0021663197458110517,-0.0025232188818336,-0.0009653022061684169,0.0034628576517041635,-0.0007662741552394436,-0.0017812729069532907,0.002726702863498076,0.0033458956582419538
gmat_two_body,numerical_two_body,EarthMJ2000Eq,144180.0,2026-08-06T10:55:00Z,-1.719558895274531e-05,2.1633695723721758e-05,6.2791514210402966e-06,2.8339597962333658e-05,7.16404713330121e-06,1.3533174580970808e-05,-2.2687407508215074e-05,2.7371314272628733e-05
gmat_two_body,numerical_two_body,EarthMJ2000Eq,144240.0,2026-08-06T10:56:00Z,-1.6735157259972766e-05,2.2408585209632292e-05,4.903995431959629e-06,2.8394706387107634e-05,8.165912390722951e-06,1.234568003383174e-05,-2.311839608637456e-05,2.745101415753547e-05
gmat_two_body,numerical_two_body,EarthMJ2000Eq,144300.0,2026-08-06T10:57:00Z,-1.6215835785260424e-05,2.3113443603506312e-05,3.5070115700364113e-06,2.8451427654502132e-05,9.14734954449159e-06,1.1103118424671266e-05,-2.346967065136596e-05,2.7527780203368626e-05
gmat_two_body,numerical_two_body,EarthMJ2000Eq,144360.0,2026-08-06T10:58:00Z,-1.563739715493284e-05,2.374235918978229e-05,2.0881998352706432e-06,2.8505936017429173e-05,1.0104805880928325e-05,9.813483359266684e-06,-2.3740120980164647e-05,2.7604436268228725e-05
gmat_two_body,numerical_two_body,EarthMJ2000Eq,144420.0,2026-08-06T10:59:00Z,0.001845942733780248,-0.0029465950319718104,-0.00011196607374586165,0.00347885947697045,-0.001356562862042665,-0.0010167928721216413,0.002921094338637076,0.00337741360787931
gmat_two_body,numerical_two_body,EarthMJ2000Eq,144480.0,2026-08-06T11:00:00Z,-1.4314991858555004e-05,2.4759174266364425e-05,-7.803464541211724e-07,2.8610219203130164e-05,1.1922907106054481e-05,7.104539179181302e-06,-2.4027974054874335e-05,2.7748400458221745e-05
gmat_two_body,numerical_two_body,EarthMJ2000Eq,144540.0,2026-08-06T11:01:00Z,-1.3573298929259181e-05,2.5142753656837158e-05,-2.2228050511330366e-06,2.8658914277529237e-05,1.2777778835015852e-05,5.695888205536903e-06,-2.4042434709770077e-05,2.7816423946656236e-05
gmat_two_body,numerical_two_body,EarthMJ2000Eq,144600.0,2026-08-06T11:02:00Z,0.0015735245142423082,-0.0030835926736472175,0.00041469957068329677,0.003486617115172986,-0.0016627947907466023,-0.000500111063672648,0.002914819607902075,0.0033928116568345246
gmat_two_body,numerical_two_body,EarthMJ2000Eq,144660.0,2026-08-06T11:03:00Z,-1.194393917103298e-05,2.5652411750343163e-05,-5.09680830873549e-06,2.8752067168578942e-05,1.4360956868131325e-05,2.7915447731174936e-06,-2.3809176852296332e-05,2.794470802804301e-05
gmat_two_body,numerical_two_body,EarthMJ2000Eq,144720.0,2026-08-06T11:04:00Z,0.0013631506590172648,-0.0031221856033880613,0.0007614607966388576,0.0034908516447996986,-0.001839403740433454,-0.000141877620762898,0.0028574458355024035,0.0034012544865716756
gmat_two_body,numerical_two_body,EarthMJ2000Eq,144780.0,2026-08-06T11:05:00Z,-1.0135408956557512e-05,2.580975433374988e-05,-7.919879863038659e-06,2.883737905098437e-05,1.574829155970292e-05,-1.8740564655672642e-07,-2.3220536604640074e-05,2.80577463124393e-05
gmat_two_body,numerical_two_body,EarthMJ2000Eq,144840.0,2026-08-06T11:06:00Z,-9.171344572678208e-06,2.5753195131983375e-05,-9.301402315031737e-06,2.8876577113689983e-05,1.6360246490876307e-05,-1.687538997430238e-06,-2.2794210963184014e-05,2.810838854406664e-05
gmat_two_body,numerical_two_body,EarthMJ2000Eq,144900.0,2026-08-06T11:07:00Z,0.0010117055353475735,-0.0030987708896645927,0.0012623468137462623,0.0034956327889326348,-0.002055064118877681,0.0004020908050961225,0.0026923587803651117,0.0034108300090227974
gmat_two_body,numerical_two_body,EarthMJ2000Eq,144960.0,2026-08-06T11:08:00Z,-7.144080882426351e-06,2.5370582079631276e-05,-1.19734977488406e-05,2.8949420979623208e-05,1.7409185204542155e-05,-4.685141163918161e-06,-2.1683543849349007e-05,2.8199403381605986e-05
gmat_two_body,numerical_two_body,EarthMJ2000Eq,145020.0,2026-08-06T11:09:00Z,-6.086338544264436e-06,2.5045665097422898e-05,-1.3254975783638656e-05,2.898315441894677e-05,1.7840395827306565e-05,-6.16928730323707e-06,-2.100231100143901e-05,2.8238925200970835e-05
gmat_two_body,numerical_two_body,EarthMJ2000Eq,145080.0,2026-08-06T11:10:00Z,0.0006273421604419127,-0.002978014890686609,0.0017252732504857704,0.0034983851509319034,-0.0022039092772985214,0.0009363398945083645,0.0024367468043351437,0.0034163845639869
gmat_two_body,numerical_two_body,EarthMJ2000Eq,145140.0,2026-08-06T11:11:00Z,-3.900822775904089e-06,2.4128894438035786e-05,-1.5684236132074147e-05,2.9041612010657165e-05,1.850430919603241e-05,-9.07451891407618e-06,-1.9401369399929536e-05,2.8304937501023e-05
gmat_two_body,numerical_two_body,EarthMJ2000Eq,145200.0,2026-08-06T11:12:00Z,0.0003590075721149333,-0.0028450390345824417,0.0020050292732776143,0.0034990392869806144,-0.0022628620088838147,0.0012772707336239364,0.0022201298577329,0.0034177392503552738
gmat_two_body,numerical_two_body,EarthMJ2000Eq,145260.0,2026-08-06T11:13:00Z,-1.6516423784196377e-06,2.286924427608028e-05,-1.7900674720294774e-05,2.908890530334586e-05,1.8895718323364008e-05,-1.1859846438255772e-05,-1.7503332117030368e-05,2.8356141551593178e-05
gmat_two_body,numerical_two_body,EarthMJ2000Eq,145320.0,2026-08-06T11:14:00Z,-5.147740012034774e-07,2.2121184883872047e-05,-1.8920218280982226e-05,2.9113338399070247e-05,1.8985701899509877e-05,-1.318944953254686e-05,-1.645172886810542e-05,2.837389360553653e-05
gmat_two_body,numerical_two_body,EarthMJ2000Eq,145380.0,2026-08-06T11:15:00Z,-5.1737515605054796e-05,-0.0025716608433867805,0.0023709653760306537,0.0034982271336015287,-0.0022882582634276005,0.0017517134409672508,0.0018345920338447286,0.0034161899522796683
gmat_two_body,numerical_two_body,EarthMJ2000Eq,145440.0,2026-08-06T11:16:00Z,1.7635102267377079e-06,2.038450475083664e-05,-2.0759671315317973e-05,2.914793226588682e-05,1.895406054330806e-05,-1.5700329925039114e-05,-1.4163781258957897e-05,2.8396645407267266e-05
gmat_two_body,numerical_two_body,EarthMJ2000Eq,145500.0,2026-08-06T11:17:00Z,2.8949216357432306e-06,1.9404978957027197e-05,-2.157275957870297e-05,2.91602080829387e-05,1.8831158854482055e-05,-1.687450179588268e-05,-1.2938983218191424e-05,2.840384905928464e-05
gmat_two_body,numerical_two_body,EarthMJ2000Eq,145560.0,2026-08-06T11:18:00Z,-0.0004601970431394875,-0.002218009285570588,0.0026618968149705324,0.003495288423426877,-0.0022376011044045185,0.0021664838811830123,0.0013893730610448074,0.003410405930767648
gmat_two_body,numerical_two_body,EarthMJ2000Eq,145620.0,2026-08-06T11:19:00Z,5.132278602104634e-06,1.724765752442181e-05,-2.2973836166784167e-05,2.9182513975797316e-05,1.837996421727439e-05,-1.9024781749976682e-05,-1.035260766002466e-05,2.8406722630830437e-05
gmat_two_body,numerical_two_body,EarthMJ2000Eq,145680.0,2026-08-06T11:20:00Z,-0.000724538040230982,-0.0019435183276073076,0.0028094814297219273,0.0034921919714471054,-0.0021627211133079527,0.00240248976268731,0.0010676677320020644,0.003404296411848379
gmat_two_body,numerical_two_body,EarthMJ2000Eq,145740.0,2026-08-06T11:21:00Z,7.29596649762243e-06,1.4852048479951918e-05,-2.4053406377788633e-05,2.9195561812719306e-05,1.765698698363849e-05,-2.0889512342137095e-05,-7.619682662607374e-06,2.8393669701387957e-05
gmat_two_body,numerical_two_body,EarthMJ2000Eq,145800.0,2026-08-06T11:22:00Z,8.340975909959525e-06,1.3572389434557408e-05,-2.446836333547253e-05,2.9197301902924303e-05,1.7198686919073225e-05,-2.170574830984151e-05,-6.213696224222076e-06,2.8382113420205337e-05
gmat_two_body,numerical_two_body,EarthMJ2000Eq,145860.0,2026-08-06T11:23:00Z,-0.001099516339309048,-0.0014841571100987494,0.0029564039323304314,0.0034859694087818784,-0.0019926065242259483,0.0026870656810729088,0.0005612381670516697,0.0033920187226699015
gmat_two_body,numerical_two_body,EarthMJ2000Eq,145920.0,2026-08-06T11:24:00Z,1.034277374856174e-05,1.0881194612011313e-05,-2.5042140805453528e-05,2.919729749683286e-05,1.609956612469432e-05,-2.3092194822993406e-05,-3.3448799285906716e-06,2.8348434046401526e-05
gmat_two_body,numerical_two_body,EarthMJ2000Eq,145980.0,2026-08-06T11:25:00Z,1.1290012480458245e-05,9.476934792473912e-06,-2.520067710065632e-05,2.919504754579532e-05,1.546318628697918e-05,-2.3657076297922686e-05,-1.8971491044794675e-06,2.8326075687185892e-05
gmat_two_body,numerical_two_body,EarthMJ2000Eq,146040.0,2026-08-06T11:26:00Z,1.2197688192827627e-05,8.04448063718155e-06,-2.526984133055521e-05,2.9190103577117908e-05,1.4773959833291883e-05,-2.4135360376931203e-05,-4.4586556668946287e-07,2.8301666130876854e-05
gmat_two_body,numerical_two_body,EarthMJ2000Eq,146100.0,2026-08-06T11:27:00Z,1.3060798664810136e-05,6.582922651432455e-06,-2.5254280444642063e-05,2.9183865631099646e-05,1.4034995388101379e-05,-2.4526602970809108e-05,9.992007221626409e-07,2.827602784895537e-05
gmat_two_body,numerical_two_body,EarthMJ2000Eq,146160.0,2026-08-06T11:28:00Z,-0.0016384387890866492,-0.0006308582669589669,0.0029952992690596147,0.0034719276389065567,-0.0015749552773058895,0.0029578228755156033,-0.00030036773068786715,0.0033644347314334454
gmat_two_body,numerical_two_body,EarthMJ2000Eq,146220.0,2026-08-06T11:29:00Z,1.4648776414105669e-05,3.6070559872314334e-06,-2.4961764211184345e-05,2.9166542062099927e-05,1.24145138613585e-05,-2.5039192941278543e-05,3.860023412016744e-06,2.8213137335393118e-05
gmat_two_body,numerical_two_body,EarthMJ2000Eq,146280.0,2026-08-06T11:30:00Z,1.5367277228506282e-05,2.10275175049901e-06,-2.4688006305950694e-05,2.9156001606953164e-05,1.1543654920842528e-05,-2.5160318273265148e-05,5.261568958303542e-06,2.8177680749956614e-05
gmat_two_body,numerical_two_body,EarthMJ2000Eq,146340.0,2026-08-06T11:31:00Z,-0.0018942364476970397,-9.3832568381913e-05,0.0028960014333279105,0.0034617568621308973,-0.0012606671262460623,0.0029932097078688713,-0.0007985496708329265,0.0033445877975118747
gmat_two_body,numerical_two_body,EarthMJ2000Eq,146400.0,2026-08-06T11:32:00Z,1.664466253714636e-05,-9.176801540888846e-07,-2.3893335310276598e-05,2.913380167588848e-05,9.691802915767767e-06,-2.513789176816772e-05,7.984723993104126e-06,2.8099830311805296e-05
gmat_two_body,numerical_two_body,EarthMJ2000Eq,146460.0,2026-08-06T11:33:00Z,1.7197180568473414e-05,-2.4238033802248538e-06,-2.3373104340862483e-05,2.911906332386936e-05,8.72280025987493e-06,-2.4995561176410774e-05,9.298339875840611e-06,2.8059302331740453e-05
gmat_two_body,numerical_two_body,EarthMJ2000Eq,146520.0,2026-08-06T11:34:00Z,1.7691036191536114e-05,-3.919012669939548e-06,-2.2777385311201215e-05,2.9105681635246273e-05,7.72715225139109e-06,-2.4768298523270005e-05,1.057109955127089e-05,2.8016524398591578e-05
gmat_two_body,numerical_two_body,EarthMJ2000Eq,146580.0,2026-08-06T11:35:00Z,1.812350092222914e-05,-5.396032065618783e-06,-2.2106178221292794e-05,2.9090575162460893e-05,6.7128524960935465e-06,-2.4456658920257723e-05,1.1803891197814664e-05,2.7973601870084185e-05
gmat_two_body,numerical_two_body,EarthMJ2000Eq,146640.0,2026-08-06T11:36:00Z,-0.002185260427722824,0.0007883736543590203,0.0025410608941456303,0.003442947374505589,-0.0006688205544946868,0.002846841207215789,-0.0015466685709952799,0.0033081731305542356
gmat_two_body,numerical_two_body,EarthMJ2000Eq,146700.0,2026-08-06T11:37:00Z,1.8806076695909724e-05,-8.281858754344285e-06,-2.0548668544506654e-05,2.906037653010272e-05,4.632738637155853e-06,-2.3596236076173227e-05,1.4123813230071391e-05,2.7887752229260702e-05
gmat_two_body,numerical_two_body,EarthMJ2000Eq,146760.0,2026-08-06T11:38:00Z,1.9052549760090187e-05,-9.681571100372821e-06,-1.9667822925839573e-05,2.9044030883719764e-05,3.5775826745521044e-06,-2.30504504372675e-05,1.5206502723685844e-05,2.78452884387942e-05
gmat_two_body,numerical_two_body,EarthMJ2000Eq,146820.0,2026-08-06T11:39:00Z,-0.0022719246999258758,0.001283909114135895,0.0022276681193034165,0.003431117850680055,-0.0002930002906964546,0.0026459687774149643,-0.0019254304817195589,0.003285465337107951
gmat_two_body,numerical_two_body,EarthMJ2000Eq,146880.0,2026-08-06T11:40:00Z,1.9354217783984495e-05,-1.2374584912322462e-05,-1.772241375874728e-05,2.901379063856385e-05,1.4486190025309043e-06,-2.1739499089790115e-05,1.7197798740653525e-05,2.7757316138515677e-05
gmat_two_body,numerical_two_body,EarthMJ2000Eq,146940.0,2026-08-06T11:41:00Z,1.940952643053606e-05,-1.3653334463015199e-05,-1.6664671420585364e-05,2.8997491818650645e-05,3.872457909892546e-07,-2.098188289778591e-05,1.8103740728747653e-05,2.7715244859332495e-05
gmat_two_body,numerical_two_body,EarthMJ2000Eq,147000.0,2026-08-06T11:42:00Z,1.9401255713091814e-05,-1.4885699783917516e-05,-1.55514499056153e-05,2.8979999576752273e-05,-6.696865284538944e-07,-2.0159873770353443e-05,1.894484569220367e-05,2.7672661035476606e-05
gmat_two_body,numerical_two_body,EarthMJ2000Eq,147060.0,2026-08-06T11:43:00Z,1.93292635231046e-05,-1.6071680875029415e-05,-1.439002517145127e-05,2.896536170893451e-05,-1.723954312637943e-06,-1.9277024421171518e-05,1.971800500655263e-05,2.7629249183518193e-05
gmat_two_body,numerical_two_body,EarthMJ2000Eq,147120.0,2026-08-06T11:44:00Z,-0.0022657909539702814,0.002008189767366275,0.0015724444892839529,0.0034116295901999156,0.00033007729882683634,0.0021525536908484355,-0.0024103212759030157,0.0032483976154800975
gmat_two_body,numerical_two_body,EarthMJ2000Eq,147180.0,2026-08-06T11:45:00Z,1.8997752704308368e-05,-1.8267201085109264e-05,-1.1941665434278548e-05,2.893455748135983e-05,-3.7898573168604344e-06,-1.7341683644644945e-05,2.106581575844757e-05,2.754751538128193e-05
gmat_two_body,numerical_two_body,EarthMJ2000Eq,147240.0,2026-08-06T11:46:00Z,1.8739910956355743e-05,-1.9276740204077214e-05,-1.0662006388884038e-05,2.892153792218237e-05,-4.798828001639777e-06,-1.6298962179916998e-05,2.16338058578458e-05,2.7508298279367444e-05
gmat_two_body,numerical_two_body,EarthMJ2000Eq,147300.0,2026-08-06T11:47:00Z,-0.0021741370801464655,0.0023628235794603825,0.0011199999789823778,0.003400618658985788,0.0006847464817383297,0.0017796129014868711,-0.0026041862000170113,0.0032276439685551724
gmat_two_body,numerical_two_body,EarthMJ2000Eq,147360.0,2026-08-06T11:48:00Z,1.8046193872578442e-05,-2.1101641323184595e-05,-8.008100849110633e-06,2.889764798436969e-05,-6.750155989720952e-06,-1.4080292487506085e-05,2.255751141433393e-05,2.7434659896326244e-05
gmat_two_body,numerical_two_body,EarthMJ2000Eq,147420.0,2026-08-06T11:49:00Z,-0.002078476427413989,0.002560155280662002,0.0008019414963200688,0.003393754481976742,0.0009074776485817893,0.0015063807978776822,-0.0026911155526221364,0.0032147786406617304
gmat_two_body,numerical_two_body,EarthMJ2000Eq,147480.0,2026-08-06T11:50:00Z,1.712578523438424e-05,-2.265051080030389e-05,-5.263245839159936e-06,2.8879749240122753e-05,-8.600231637956313e-06,-1.170619157164765e-05,2.319389125204907e-05,2.736705129805726e-05
gmat_two_body,numerical_two_body,EarthMJ2000Eq,147540.0,2026-08-06T11:51:00Z,1.6581907402724028e-05,-2.3316260922001675e-05,-3.864442987833172e-06,2.8871120451094193e-05,-9.481304630298837e-06,-1.0472511746684177e-05,2.34035013590983e-05,2.7336651507495943e-05
gmat_two_body,numerical_two_body,EarthMJ2000Eq,147600.0,2026-08-06T11:52:00Z,-0.001886921836558031,0.0027923451852984726,0.00031041508918860927,0.0033843792900227756,0.001215162193091146,0.0010687424278899016,-0.002757508887896165,0.003197293355248534
gmat_two_body,numerical_two_body,EarthMJ2000Eq,147660.0,2026-08-06T11:53:00Z,1.53431756189093e-05,-2.4419932742603123e-05,-1.0422809282317758e-06,2.8858837515730057e-05,-1.1147083256446422e-05,-7.923439682144817e-06,2.3608170973687947e-05,2.7283403347925958e-05
gmat_two_body,numerical_two_body,EarthMJ2000Eq,147720.0,2026-08-06T11:54:00Z,1.4651504898210987e-05,-2.4856262825778686e-05,3.7562131183221936e-07,2.8855527872773193e-05,-1.1925571641313581e-05,-6.619593762025033e-06,2.3604118659648066e-05,2.7261560818212323e-05
gmat_two_body,numerical_two_body,EarthMJ2000Eq,147780.0,2026-08-06T11:55:00Z,-0.0016432795746368356,0.0029435555006784853,-0.00018619903130456805,0.003376322974072822,0.001485183531713119,0.0006086358084189669,-0.002747940652803038,0.003182355338658656
gmat_two_body,numerical_two_body,EarthMJ2000Eq,147840.0,2026-08-06T11:56:00Z,1.313219399889931e-05,-2.549177224864252e-05,3.1968738767318428e-06,2.8853162290901813e-05,-1.3368861573326285e-05,-3.967493000800459e-06,2.3384294500772285e-05,2.7226690760667368e-05
gmat_two_body,numerical_two_body,EarthMJ2000Eq,147900.0,2026-08-06T11:57:00Z,-0.0014554811968991999,0.002997823003170197,-0.0005134288585395552,0.003371791432702316,0.001641470515068022,0.00029532110090713104,-0.0027004722902290723,0.0031739865460921114
gmat_two_body,numerical_two_body,EarthMJ2000Eq,147960.0,2026-08-06T11:58:00Z,1.144871930591762e-05,-2.5807935344346333e-05,5.9762896853499115e-06,2.885894556089795e-05,-1.4643841694805815e-05,-1.2798651027878805e-06,2.2884805161993427e-05,2.719916288355707e-05
gmat_two_body,numerical_two_body,EarthMJ2000Eq,148020.0,2026-08-06T11:59:00Z,1.055104803526774e-05,-2.5843412743142835e-05,7.340531738009304e-06,2.8863298547665798e-05,-1.5218493132351796e-05,6.838973831690964e-08,2.2538193533705453e-05,2.7195171963760553e-05
gmat_two_body,numerical_two_body,EarthMJ2000Eq,148080.0,2026-08-06T12:00:00Z,-0.0011417014320613816,0.0030085239473010006,-0.0009888281056191772,0.003366374834137906,0.0018368968568438504,-0.0001759392631583978,-0.002570205825946914,0.0031640326601877857
gmat_two_body,numerical_two_body,EarthMJ2000Eq,148140.0,2026-08-06T12:01:00Z,8.662937034387141e-06,-2.5674466996861156e-05,9.994437277782708e-06,2.8881023356768393e-05,-1.6226131549501588e-05,2.752464922650688e-06,2.16409112852034e-05,2.718809389174234e-05
gmat_two_body,numerical_two_body,EarthMJ2000Eq,148200.0,2026-08-06T12:02:00Z,7.67795427236706e-06,-2.5469489628449082e-05,1.1276824807282537e-05,2.8893124813290406e-05,-1.6658896484500474e-05,4.082956195361476e-06,2.1099122449186325e-05,2.7191217911309183e-05
gmat_two_body,numerical_two_body,EarthMJ2000Eq,148260.0,2026-08-06T12:03:00Z,-0.0007972012099344283,0.002934984422608977,-0.001434688783774618,0.0033627362721996147,0.0019822785635170703,-0.0006388782836097562,-0.0023730701848023728,0.003157381172213044
gmat_two_body,numerical_two_body,EarthMJ2000Eq,148320.0,2026-08-06T12:04:00Z,5.635229172185063e-06,-2.482147465343587e-05,1.3732460502069443e-05,2.892130500574105e-05,-1.7376100558408325e-05,6.703970711896545e-06,1.9831691844274246e-05,2.7206030495611417e-05
gmat_two_body,numerical_two_body,EarthMJ2000Eq,148380.0,2026-08-06T12:05:00Z,-0.0005550282367039472,0.0028402942007232923,-0.0017097681848099455,0.003361344185885961,0.0020500152686508955,-0.0009376144305406342,-0.002207136251541897,0.0031548587694111216
gmat_two_body,numerical_two_body,EarthMJ2000Eq,148440.0,2026-08-06T12:06:00Z,3.5179255064576864e-06,-2.386468622717075e-05,1.6022568161133677e-05,2.8958966470999503e-05,-1.789224324255656e-05,9.246825527498004e-06,1.8332890761030285e-05,2.7234739474477617e-05
gmat_two_body,numerical_two_body,EarthMJ2000Eq,148500.0,2026-08-06T12:07:00Z,2.4383552954532206e-06,-2.3272605176316574e-05,1.7099409888032824e-05,2.8981883078201397e-05,-1.8071766305638448e-05,1.0480505352461478e-05,1.7500667581771268e-05,2.7252579614712484e-05
gmat_two_body,numerical_two_body,EarthMJ2000Eq,148560.0,2026-08-06T12:08:00Z,-0.00018012815417023376,0.0026327466002840083,-0.0020812140064663254,0.003360841048598311,0.0021063943922428052,-0.0013633600914886301,-0.001911035774071479,0.003153998383721336
gmat_two_body,numerical_two_body,EarthMJ2000Eq,148620.0,2026-08-06T12:09:00Z,2.5647750589996576e-07,-2.1871528588235378e-05,1.909211277961731e-05,2.9033399971182444e-05,-1.8274839974630197e-05,1.2865264409356314e-05,1.567990182138601e-05,2.7300991292429225e-05
gmat_two_body,numerical_two_body,EarthMJ2000Eq,148680.0,2026-08-06T12:10:00Z,-8.412825991399586e-07,-2.1063897293061018e-05,2.000524546019733e-05,2.906209509837487e-05,-1.8297141579637355e-05,1.4005685500251275e-05,1.4697576489197672e-05,2.7330630636212167e-05
gmat_two_body,numerical_two_body,EarthMJ2000Eq,148740.0,2026-08-06T12:11:00Z,-1.93813320947811e-06,-2.019169187406078e-05,2.0857441995758563e-05,2.909456422909831e-05,-1.8267165557972476e-05,1.510880309751883e-05,1.3669954057604627e-05,2.7364811574337428e-05
gmat_two_body,numerical_two_body,EarthMJ2000Eq,148800.0,2026-08-06T12:12:00Z,-3.0331648304127157e-06,-1.9251274352427572e-05,2.1644154912792146e-05,2.9125265577670403e-05,-1.8183676786520664e-05,1.617017630906048e-05,1.2599699061865977e-05,2.7402064152036754e-05
gmat_two_body,numerical_two_body,EarthMJ2000Eq,148860.0,2026-08-06T12:13:00Z,0.0004512903615250252,0.002126804247382097,-0.0025673075469967443,0.003364227599012046,0.0020773198716739216,-0.001989619136111287,-0.0013091909778495392,0.0031603517482258546
gmat_two_body,numerical_two_body,EarthMJ2000Eq,148920.0,2026-08-06T12:14:00Z,-5.195943231228739e-06,-1.7189449863508344e-05,2.3024313122732565e-05,2.919921244564404e-05,-1.7854828726626693e-05,1.816236050444786e-05,1.0340173162148858e-05,2.7487914234694578e-05
gmat_two_body,numerical_two_body,EarthMJ2000Eq,148980.0,2026-08-06T12:15:00Z,-6.260961527004838e-06,-1.6070771380327642e-05,2.3608208721270785e-05,2.923725108536161e-05,-1.7610357616604233e-05,1.908473379330644e-05,9.155343150268891e-06,2.753492450589322e-05
gmat_two_body,numerical_two_body,EarthMJ2000Eq,149040.0,2026-08-06T12:16:00Z,0.0008178194548236206,0.0017398588170181029,-0.0027662786123983096,0.003368714105598152,0.001986035114143192,-0.0023007076244141444,-0.0008961507091953536,0.0031687027536893503
gmat_two_body,numerical_two_body,EarthMJ2000Eq,149100.0,2026-08-06T12:17:00Z,-8.339156920555979e-06,-1.3676981325261295e-05,2.4560904421377927e-05,2.932301796052488e-05,-1.6963319637852692e-05,2.077138461231698e-05,6.692424392440444e-06,2.7640426481827104e-05
gmat_two_body,numerical_two_body,EarthMJ2000Eq,149160.0,2026-08-06T12:18:00Z,-9.345058060716838e-06,-1.2406417226884514e-05,2.492333806003444e-05,2.936702365954825e-05,-1.6561862992148235e-05,2.1531221250370436e-05,5.417888360170764e-06,2.769913913078106e-05
gmat_two_body,numerical_two_body,EarthMJ2000Eq,149220.0,2026-08-06T12:19:00Z,-1.0326402843929827e-05,-1.109128788812086e-05,2.5210283638443798e-05,2.9414446516007836e-05,-1.610755973047162e-05,2.2229329488254734e-05,4.120259688988881e-06,2.7759198653289852e-05
gmat_two_body,numerical_two_body,EarthMJ2000Eq,149280.0,2026-08-06T12:20:00Z,-1.1276824807282537e-05,-9.738869266584516e-06,2.541798949096119e-05,2.9463308403646404e-05,-1.56017421204524e-05,2.2865265236760024e-05,2.8057556278326956e-06,2.782277800981778e-05
gmat_two_body,numerical_two_body,EarthMJ2000Eq,149340.0,2026-08-06T12:21:00Z,0.001376583895762451,0.0009874756869976409,-0.0029246648978187295,0.0033799047647851007,0.0017149144326822352,-0.0026851143530848276,-0.00015070167336261875,0.0031895895652761155
gmat_two_body,numerical_two_body,EarthMJ2000Eq,149400.0,2026-08-06T12:22:00Z,-1.308353603235446e-05,-6.9267116487026215e-06,2.5594417252250423e-05,2.9567422002205133e-05,-1.4443557461163437e-05,2.393973907999225e-05,1.2878587085651816e-07,2.7959686070350834e-05
gmat_two_body,numerical_two_body,EarthMJ2000Eq,149460.0,2026-08-06T12:23:00Z,-1.3931639841757715e-05,-5.47879608348012e-06,2.556208755777334e-05,2.9623101044895325e-05,-1.3792078590313395e-05,2.4375612639460087e-05,-1.227462576025573e-06,2.803388285211185e-05
gmat_two_body,numerical_two_body,EarthMJ2000Eq,149520.0,2026-08-06T12:24:00Z,0.0016653129932819866,0.0004905868991045281,-0.0029100588108121883,0.00338856682884556,0.0014852750140903481,-0.0028236251115032474,0.00031379965292899215,0.003205833879035401
gmat_two_body,numerical_two_body,EarthMJ2000Eq,149580.0,2026-08-06T12:25:00Z,-1.5501882444368675e-05,-2.508386387489736e-06,2.5252120394725353e-05,2.9736676781672724e-05,-1.2346568212251441e-05,2.5027313554915054e-05,-3.9541703245049575e-06,2.818580552957478e-05
gmat_two_body,numerical_two_body,EarthMJ2000Eq,149640.0,2026-08-06T12:26:00Z,-1.621901901671663e-05,-1.002263161353767e-06,2.497404238965828e-05,2.9795367132990176e-05,-1.155742168634788e-05,2.524114250945786e-05,-5.3157478419052495e-06,2.8265640738139037e-05
gmat_two_body,numerical_two_body,EarthMJ2000Eq,149700.0,2026-08-06T12:27:00Z,-1.6889316611923277e-05,5.175024853087962e-07,2.4614109861431643e-05,2.9855840780502483e-05,-1.0726530774718412e-05,2.537730442453423e-05,-6.672884467207041e-06,2.834772353169049e-05
gmat_two_body,numerical_two_body,EarthMJ2000Eq,149760.0,2026-08-06T12:28:00Z,-1.750640876707621e-05,2.040906110778451e-06,2.4173914425773546e-05,2.9916847834248814e-05,-9.85433956657289e-06,2.5435265005313568e-05,-8.01847477305273e-06,2.8431613599476482e-05
gmat_two_body,numerical_two_body,EarthMJ2000Eq,149820.0,2026-08-06T12:29:00Z,0.0020416614461282734,-0.0003708992153406143,-0.0027002911338058766,0.003405513161897558,0.001004996974529604,-0.002882472038834294,0.0010793366200800847,0.0032378436517103617
gmat_two_body,numerical_two_body,EarthMJ2000Eq,149880.0,2026-08-06T12:30:00Z,-1.8577338778413832e-05,5.090441845823079e-06,2.30534169531893e-05,3.004147379026636e-05,-7.998934847819328e-06,2.530953224777477e-05,-1.0661693750080303e-05,2.860466911050206e-05
gmat_two_body,numerical_two_body,EarthMJ2000Eq,149940.0,2026-08-06T12:31:00Z,-1.9028448150493205e-05,6.602931534871459e-06,2.2375843400368467e-05,3.010579531831075e-05,-7.02016222930979e-06,2.5124791136477143e-05,-1.1953105172324285e-05,2.86952004808831e-05
gmat_two_body,numerical_two_body,EarthMJ2000Eq,150000.0,2026-08-06T12:32:00Z,0.002192741476392257,-0.0008843298928695731,-0.002466563273628708,0.0034167365898657705,0.0006685070275125327,-0.002808373089635552,0.0015128076569226323,0.003259209729868043
gmat_two_body,numerical_two_body,EarthMJ2000Eq,150060.0,2026-08-06T12:33:00Z,-1.975058694370091e-05,9.584255167283118e-06,2.079104888252914e-05,3.023592805534499e-05,-4.969358258222201e-06,2.4505286688736305e-05,-1.4448886531681637e-05,2.8878606600754284e-05
gmat_two_body,numerical_two_body,EarthMJ2000Eq,150120.0,2026-08-06T12:34:00Z,0.002258689733025676,-0.0012159453035565093,-0.0022686463125864975,0.0034244646856011005,0.0004289155697279057,-0.002712314817188144,0.0017828227782956674,0.0032740001973584625
gmat_two_body,numerical_two_body,EarthMJ2000Eq,150180.0,2026-08-06T12:35:00Z,-2.021852196776308e-05,1.2471900845412165e-05,1.891476131277159e-05,3.0366184099715785e-05,-2.8173019472887972e-06,2.355182715518822e-05,-1.6794565738109668e-05,2.906343391517502e-05
gmat_two_body,numerical_two_body,EarthMJ2000Eq,150240.0,2026-08-06T12:36:00Z,-2.0354548269096995e-05,1.3868884707335383e-05,1.787429937394336e-05,3.043261698200982e-05,-1.7115198147621413e-06,2.2951418543470936e-05,-1.7901236049056024e-05,2.9157351822789532e-05
gmat_two_body,numerical_two_body,EarthMJ2000Eq,150300.0,2026-08-06T12:37:00Z,0.0023023486335205234,-0.0016861840776982717,-0.0019139724827255122,0.0034361776203781216,5.369660271981047e-05,-0.0024988389135671696,0.0021494583890557806,0.00329655132030179
gmat_two_body,numerical_two_body,EarthMJ2000Eq,150360.0,2026-08-06T12:38:00Z,-2.0425403590706992e-05,1.65391611517407e-05,1.5599653124809265e-05,3.0562888297097944e-05,5.435651928564766e-07,2.1502799540940032e-05,-1.9957813179871664e-05,2.934246339589427e-05
gmat_two_body,numerical_two_body,EarthMJ2000Eq,150420.0,2026-08-06T12:39:00Z,-2.0358015717647504e-05,1.7804268281906843e-05,1.437456376152113e-05,3.062790976132935e-05,1.6866508190105378e-06,2.0657253685385513e-05,-2.0902390929222747e-05,2.943597913040597e-05
gmat_two_body,numerical_two_body,EarthMJ2000Eq,150480.0,2026-08-06T12:40:00Z,0.0022774547687731683,-0.0021107043721713126,-0.0014983079381636344,0.0034477238648237046,-0.00033089353479454076,-0.00220505391723691,0.002458357961643287,0.0033189271123159067
gmat_two_body,numerical_two_body,EarthMJ2000Eq,150540.0,2026-08-06T12:41:00Z,-2.001797838602215e-05,2.0170773495920002e-05,1.1760675988625735e-05,3.075537451887713e-05,3.977262963417161e-06,1.8737011941993842e-05,-2.2590818105072685e-05,2.9618225805254937e-05
gmat_two_body,numerical_two_body,EarthMJ2000Eq,150600.0,2026-08-06T12:42:00Z,0.00222237326852337,-0.0023613702069269493,-0.0011929114407394081,0.0034551483187059335,-0.0005866391816766736,-0.001967476848108163,0.002626116213377827,0.003333406222392615
gmat_two_body,numerical_two_body,EarthMJ2000Eq,150660.0,2026-08-06T12:43:00Z,-1.9404296836000867e-05,2.229171514045447e-05,8.96397978067398e-06,3.088365640773664e-05,6.250999717849481e-06,1.652455949852083e-05,-2.3998136811087534e-05,2.9800111316845508e-05
gmat_two_body,numerical_two_body,EarthMJ2000Eq,150720.0,2026-08-06T12:44:00Z,-1.899638846225571e-05,2.3247139324666932e-05,7.504240784328431e-06,3.094520788649796e-05,7.370992705091339e-06,1.531486049088926e-05,-2.4583890478879766e-05,2.9887190506828605e-05
gmat_two_body,numerical_two_body,EarthMJ2000Eq,150780.0,2026-08-06T12:45:00Z,0.002082922037516255,-0.002679345016076695,-0.0007022144927759655,0.0034656253582016766,-0.0009599077088751073,-0.0015550343235304354,0.0028123585682493513,0.003353940260845616
gmat_two_body,numerical_two_body,EarthMJ2000Eq,150840.0,2026-08-06T12:46:00Z,-1.797843651729636e-05,2.493106876499951e-05,4.4929038267582655e-06,3.1063942991321765e-05,9.556799795973347e-06,1.2708056829069392e-05,-2.550781807997282e-05,3.005787607120905e-05
gmat_two_body,numerical_two_body,EarthMJ2000Eq,150900.0,2026-08-06T12:47:00Z,-1.7374077287968248e-05,2.565229806350544e-05,2.953129296656698e-06,3.112265943312028e-05,1.0612843936996796e-05,1.1318945780658396e-05,-2.5839330675125893e-05,3.014003981011034e-05
gmat_two_body,numerical_two_body,EarthMJ2000Eq,150960.0,2026-08-06T12:48:00Z,0.0018782493498292752,-0.0029177649594203103,-0.0001856569724623114,0.0034750023726580347,-0.0013091212558435927,-0.0010857368337724438,0.002912166729984733,0.0033724379902292777
gmat_two_body,numerical_two_body,EarthMJ2000Eq,151020.0,2026-08-06T12:49:00Z,-1.5980731404852122e-05,2.6836687538889237e-05,-1.7462298274040222e-07,3.123494945537932e-05,1.262989712813578e-05,8.395950601425284e-06,-2.622783934480566e-05,3.0296960980695768e-05
gmat_two_body,numerical_two_body,EarthMJ2000Eq,151080.0,2026-08-06T12:50:00Z,0.0017081893020076677,-0.0030279738894023467,0.00016514240996912122,0.0034804897043327434,-0.0015221428562028905,-0.000748330286626242,0.002927438513822267,0.0033833139589434396
gmat_two_body,numerical_two_body,EarthMJ2000Eq,151140.0,2026-08-06T12:51:00Z,-1.4351371646625921e-05,2.766205398074817e-05,-3.3269316190853715e-06,3.134038245732611e-05,1.4488410471358293e-05,5.311306949806749e-06,-2.6240454253922962e-05,3.0441508815330654e-05
gmat_two_body,numerical_two_body,EarthMJ2000Eq,151200.0,2026-08-06T12:52:00Z,-1.345642886008136e-05,2.7933083401876502e-05,-4.8985384637489915e-06,3.138993955208336e-05,1.5350387627677264e-05,3.723243935382925e-06,-2.6103785799591606e-05,3.051072891284758e-05
gmat_two_body,numerical_two_body,EarthMJ2000Eq,151260.0,2026-08-06T12:53:00Z,0.001408173829986481,-0.0031152606538853433,0.0006884265530970879,0.0034873677173642113,-0.0018028352144483506,-0.0002177964475436056,0.0028708899701967994,0.003397007407115007
gmat_two_body,numerical_two_body,EarthMJ2000Eq,151320.0,2026-08-06T12:54:00Z,-1.151693140855059e-05,2.8185539235892065e-05,-8.001734386198223e-06,3.148161502011193e-05,1.6912249378719935e-05,4.840572387365683e-07,-2.554001454768695e-05,3.063577701894384e-05
gmat_two_body,numerical_two_body,EarthMJ2000Eq,151380.0,2026-08-06T12:55:00Z,-1.0480107448529452e-05,2.816585720211151e-05,-9.523319022264332e-06,3.15252560538734e-05,1.7606360813715582e-05,-1.155520124029863e-06,-2.511324481702104e-05,3.069192455841458e-05
gmat_two_body,numerical_two_body,EarthMJ2000Eq,151440.0,2026-08-06T12:56:00Z,-9.405084711033851e-06,2.8047793421137612e-05,-1.1011252354364842e-05,3.156551936255823e-05,1.8240076116171622e-05,-2.7959856652159942e-06,-2.4590107727817667e-05,3.074396380803077e-05
gmat_two_body,numerical_two_body,EarthMJ2000Eq,151500.0,2026-08-06T12:57:00Z,-8.294591680169106e-06,2.783099262160249e-05,-1.2470081856008619e-05,3.160486264706712e-05,1.8806955992545227e-05,-4.430233957464225e-06,-2.397415599375563e-05,3.079104938511078e-05
gmat_two_body,numerical_two_body,EarthMJ2000Eq,151560.0,2026-08-06T12:58:00Z,0.0008122015060507692,-0.0030449111818597885,0.0015104806152521633,0.0034946683792455137,-0.002140520649618338,0.000685133727529319,0.0025667445946453427,0.0034116586420950465
gmat_two_body,numerical_two_body,EarthMJ2000Eq,151620.0,2026-08-06T12:59:00Z,-5.980837158858776e-06,2.7104761102236807e-05,-1.5260411601047963e-05,3.167520559938821e-05,1.9735546530341708e-05,-7.668532475690881e-06,-2.247046992920332e-05,3.087426446121816e-05
gmat_two_body,numerical_two_body,EarthMJ2000Eq,151680.0,2026-08-06T13:00:00Z,-4.7848516260273755e-06,2.659498932189308e-05,-1.6581907402724028e-05,3.170406780252682e-05,2.0093038344271008e-05,-9.253042776435905e-06,-2.1588508758441094e-05,3.090975090388445e-05
gmat_two_body,numerical_two_body,EarthMJ2000Eq,151740.0,2026-08-06T13:01:00Z,0.00041582188714528456,-0.0028742706490447745,0.001946740667335689,0.0034963035954630626,-0.0022514680120266917,0.0012058585241447872,0.0022669333077374176,0.0034149948186141333
gmat_two_body,numerical_two_body,EarthMJ2000Eq,151800.0,2026-08-06T13:02:00Z,-2.342858351767063e-06,2.5299414119217545e-05,-1.9055732991546392e-05,3.175957020926477e-05,2.058253567582824e-05,-1.2326140108598338e-05,-1.957722872703016e-05,3.0965180274850555e-05
gmat_two_body,numerical_two_body,EarthMJ2000Eq,151860.0,2026-08-06T13:03:00Z,-1.102307578548789e-06,2.4515884433640167e-05,-2.0197148842271417e-05,3.1783147939091747e-05,2.071315341467539e-05,-1.3799628106880846e-05,-1.8459900275047403e-05,3.098761653358951e-05
gmat_two_body,numerical_two_body,EarthMJ2000Eq,151920.0,2026-08-06T13:04:00Z,1.446096575818956e-07,2.364367901463993e-05,-2.1270352590363473e-05,3.1803653384772834e-05,2.0766196054400332e-05,-1.5222489935240446e-05,-1.7271517549488635e-05,3.1004264494752695e-05
gmat_two_body,numerical_two_body,EarthMJ2000Eq,151980.0,2026-08-06T13:05:00Z,1.3915268937125802e-06,2.2689619072480127e-05,-2.2270796762313694e-05,3.1823631929408395e-05,2.07431849474915e-05,-1.659206105841804e-05,-1.601740962087206e-05,3.101827885126632e-05
gmat_two_body,numerical_two_body,EarthMJ2000Eq,152040.0,2026-08-06T13:06:00Z,-0.00026757152227219194,-0.0023930751922307536,0.0025320805434603244,0.0034942574710189354,-0.002269249788078298,0.0019768586767554552,0.001605534372117745,0.0034110416955247342
gmat_two_body,numerical_two_body,EarthMJ2000Eq,152100.0,2026-08-06T13:07:00Z,3.866261977236718e-06,2.0543666323646903e-05,-2.4034761736402288e-05,3.185372787319559e-05,2.0463297722983498e-05,-1.9139356766118e-05,-1.333244625811858e-05,3.102927092836421e-05
gmat_two_body,numerical_two_body,EarthMJ2000Eq,152160.0,2026-08-06T13:08:00Z,5.085894372314215e-06,1.936223270604387e-05,-2.4791461328277364e-05,3.186501108929361e-05,2.0209833806461575e-05,-2.0304646852764563e-05,-1.191846621395598e-05,3.1028469237032776e-05
gmat_two_body,numerical_two_body,EarthMJ2000Eq,152220.0,2026-08-06T13:09:00Z,-0.0006690597729175352,-0.0020021816453663632,0.0027794494599220343,0.003490230883629235,-0.0021794799298646694,0.002353867323279246,0.001135933125340216,0.003403111547617841
gmat_two_body,numerical_two_body,EarthMJ2000Eq,152280.0,2026-08-06T13:10:00Z,7.4705894803628325e-06,1.6794729162938893e-05,-2.6047018764074892e-05,3.187977135013122e-05,1.947930705625822e-05,-2.240785335061446e-05,-8.962608433193964e-06,3.101424906557298e-05
gmat_two_body,numerical_two_body,EarthMJ2000Eq,152340.0,2026-08-06T13:11:00Z,8.625647751614451e-06,1.5423211152665317e-05,-2.6538373276707716e-05,3.188357723920742e-05,1.900701818158268e-05,-2.333466753157154e-05,-7.437606086568849e-06,3.100147469497152e-05
gmat_two_body,numerical_two_body,EarthMJ2000Eq,152400.0,2026-08-06T13:12:00Z,9.748873708304018e-06,1.3998942449688911e-05,-2.6937641450786032e-05,3.1884909521923835e-05,1.8465673434775454e-05,-2.417310795976846e-05,-5.88507020893303e-06,3.0983129202817205e-05
gmat_two_body,numerical_two_body,EarthMJ2000Eq,152460.0,2026-08-06T13:13:00Z,1.0838448361027986e-05,1.252647052751854e-05,-2.7244482225796673e-05,3.188489044207635e-05,1.7860379841749818e-05,-2.4922286456785514e-05,-4.317435298162309e-06,3.09637494157196e-05
gmat_two_body,numerical_two_body,EarthMJ2000Eq,152520.0,2026-08-06T13:14:00Z,-0.0012819027688237838,-0.0012231676009832881,0.0029943563504275517,0.0034793079257460246,-0.00187599402678984,0.0027986586381700818,0.0002885673922037313,0.0033815846731079257
gmat_two_body,numerical_two_body,EarthMJ2000Eq,152580.0,2026-08-06T13:15:00Z,1.2897089618491009e-05,9.459654393140227e-06,-2.7573690886129043e-05,3.1876769142258467e-05,1.646061065230242e-05,-2.6138646802564836e-05,-1.1546319456101628e-06,3.091138519454844e-05
gmat_two_body,numerical_two_body,EarthMJ2000Eq,152640.0,2026-08-06T13:16:00Z,1.3862063497072086e-05,7.876224117353559e-06,-2.759504980076599e-05,3.186971107886602e-05,1.567368457244811e-05,-2.6602053893043376e-05,4.263256414560601e-07,3.087904488415315e-05
gmat_two_body,numerical_two_body,EarthMJ2000Eq,152700.0,2026-08-06T13:17:00Z,-0.0015968371371855028,-0.0007049948180792853,0.0029996726311765087,0.003470582433892449,-0.0016145129677624936,0.0029429305659078864,-0.0002283426780991249,0.003364466200970021
gmat_two_body,numerical_two_body,EarthMJ2000Eq,152760.0,2026-08-06T13:18:00Z,1.564148988109082e-05,4.643879947252572e-06,-2.735600901360158e-05,3.185236342592197e-05,1.3945289367711666e-05,-2.723954395378314e-05,3.558930927738402e-06,3.0807950917055627e-05
gmat_two_body,numerical_two_body,EarthMJ2000Eq,152820.0,2026-08-06T13:19:00Z,-0.0017787033357308246,-0.000348831235896796,0.00295195559374406,0.0034640309777936593,-0.0014134200476689784,0.0029860168782036567,-0.0005653344459233267,0.0033516646705506093
gmat_two_body,numerical_two_body,EarthMJ2000Eq,152880.0,2026-08-06T13:20:00Z,1.7201728041982278e-05,1.3578755897469819e-06,-2.6743691705632955e-05,3.182716323823867e-05,1.2031708962467746e-05,-2.7487234710577013e-05,6.616929226765933e-06,3.072611015055283e-05
gmat_two_body,numerical_two_body,EarthMJ2000Eq,152940.0,2026-08-06T13:21:00Z,1.7894308257382363e-05,-2.928572939708829e-07,-2.6302814148948528e-05,3.181399166340152e-05,1.1017853296380054e-05,-2.7466615787341553e-05,8.101075366084842e-06,3.0682820863750123e-05
gmat_two_body,numerical_two_body,EarthMJ2000Eq,153000.0,2026-08-06T13:22:00Z,-0.0020036336536577437,0.00018876653484767303,0.0028063154786650557,0.0034533443483880026,-0.0010803038463791381,0.002971724755163052,-0.0010471543632206703,0.0033308762632920713
gmat_two_body,numerical_two_body,EarthMJ2000Eq,153060.0,2026-08-06T13:23:00Z,1.908938429551199e-05,-3.572495188564062e-06,-2.515844244044274e-05,3.178229917238719e-05,8.893330516457354e-06,-2.713762548012255e-05,1.0958345342260145e-05,3.058802669370129e-05
gmat_two_body,numerical_two_body,EarthMJ2000Eq,153120.0,2026-08-06T13:24:00Z,1.959097062353976e-05,-5.1904862630181015e-06,-2.4459495762130246e-05,3.176498403205399e-05,7.793765632868599e-06,-2.6836310951239284e-05,1.2325251930178638e-05,3.0542465574246975e-05
gmat_two_body,numerical_two_body,EarthMJ2000Eq,153180.0,2026-08-06T13:25:00Z,-0.0021660025595338084,0.000715522219252307,0.002577467057562899,0.003441929047347243,-0.0007203402319078123,0.002866398451928376,-0.0014876189169399368,0.003308797391343257
gmat_two_body,numerical_two_body,EarthMJ2000Eq,153240.0,2026-08-06T13:26:00Z,2.0390643840073608e-05,-8.363713277503848e-06,-2.2822405298938975e-05,3.1726837844797326e-05,5.5360160899908806e-06,-2.596234338625436e-05,1.48991929904696e-05,3.0441364950042594e-05
gmat_two_body,numerical_two_body,EarthMJ2000Eq,153300.0,2026-08-06T13:27:00Z,-0.002237561830042978,0.0010527974154683761,0.0023828270059311762,0.0034340835577308113,-0.0004715641210850663,0.002748866023694063,-0.0017521211148618931,0.003293716068160585
gmat_two_body,numerical_two_body,EarthMJ2000Eq,153360.0,2026-08-06T13:28:00Z,2.091633177769836e-05,-1.141143002314493e-05,-2.0892002794425935e-05,3.168894840429686e-05,3.227640377190255e-06,-2.475175620020309e-05,1.724487219689763e-05,3.0338963635663198e-05
gmat_two_body,numerical_two_body,EarthMJ2000Eq,153420.0,2026-08-06T13:29:00Z,2.10753796636709e-05,-1.2874806998297572e-05,-1.9826075003948063e-05,3.167026260190242e-05,2.064126647383091e-06,-2.4027890788147488e-05,1.8324897155252984e-05,3.0288644906865322e-05
gmat_two_body,numerical_two_body,EarthMJ2000Eq,153480.0,2026-08-06T13:30:00Z,-0.002288482505719003,0.0015270243238774128,0.002035367288044654,0.0034222325259890573,-9.410250356722827e-05,0.002508087071362297,-0.002097722884286668,0.003271054468817709
gmat_two_body,numerical_two_body,EarthMJ2000Eq,153540.0,2026-08-06T13:31:00Z,2.1184106913096912e-05,-1.5661498764529824e-05,-1.750777300912887e-05,3.163180432722849e-05,-2.540190280342358e-07,-2.2358115359111252e-05,2.028155421385236e-05,3.018760158421603e-05
gmat_two_body,numerical_two_body,EarthMJ2000Eq,153600.0,2026-08-06T13:32:00Z,2.1133928385097533e-05,-1.6974809113889933e-05,-1.626267476240173e-05,3.161110032673792e-05,-1.4024337247064977e-06,-2.142064303711777e-05,2.1154633600417583e-05,3.0138501808214233e-05
gmat_two_body,numerical_two_body,EarthMJ2000Eq,153660.0,2026-08-06T13:33:00Z,-0.0022717356387147447,0.001951615558937192,0.0016317371773766354,0.0034105941297852323,0.00027845814543070446,0.002199156412530101,-0.002375249330555107,0.0032489440204213206
gmat_two_body,numerical_two_body,EarthMJ2000Eq,153720.0,2026-08-06T13:34:00Z,2.0830270841543097e-05,-1.942407834576443e-05,-1.3629687600769103e-05,3.157472702984135e-05,-3.667288694941817e-06,-1.935340776526573e-05,2.2680080036252548e-05,3.003979741861648e-05
gmat_two_body,numerical_two_body,EarthMJ2000Eq,153780.0,2026-08-06T13:35:00Z,-0.0022238093606574694,0.0022014564819983207,0.00133770390675636,0.003403114816874599,0.0005189431107055498,0.001960960283042823,-0.002519799036093673,0.0032348190623462613
gmat_two_body,numerical_two_body,EarthMJ2000Eq,153840.0,2026-08-06T13:36:00Z,2.0257402866263874e-05,-2.1612322598230094e-05,-1.083026290871203e-05,3.153964891446806e-05,-5.8619775700208265e-06,-1.7066348334537906e-05,2.389954900650082e-05,2.9946810668606202e-05
gmat_two_body,numerical_two_body,EarthMJ2000Eq,153900.0,2026-08-06T13:37:00Z,1.9874278223142028e-05,-2.2599579097004607e-05,-9.382347343489528e-06,3.152390128024306e-05,-6.9260153168215766e-06,-1.5850432077968435e-05,2.439559665390334e-05,2.9905702154055465e-05
gmat_two_body,numerical_two_body,EarthMJ2000Eq,153960.0,2026-08-06T13:38:00Z,-0.0020992338249925524,0.002519361714803381,0.0008691522452863865,0.003392549443633248,0.0008609211121779481,0.001564210982962777,-0.0026735866853755397,0.003214966084553997
gmat_two_body,numerical_two_body,EarthMJ2000Eq,154020.0,2026-08-06T13:39:00Z,1.8917944544227794e-05,-2.434944690321572e-05,-6.405571184586734e-06,3.149310293495717e-05,-8.968825682131865e-06,-1.3289813693972974e-05,2.5150104221438596e-05,2.9825940462728134e-05
gmat_two_body,numerical_two_body,EarthMJ2000Eq,154080.0,2026-08-06T13:40:00Z,1.835132934502326e-05,-2.510705598979257e-05,-4.888534022029489e-06,3.148068160139851e-05,-9.944045586962602e-06,-1.1953105172324285e-05,2.5408564141571333e-05,2.9788519560941267e-05
gmat_two_body,numerical_two_body,EarthMJ2000Eq,154140.0,2026-08-06T13:41:00Z,1.7726506484905258e-05,-2.5783265300560743e-05,-3.358763933647424e-06,3.146882738330837e-05,-1.0884626533425035e-05,-1.0590639476504293e-05,2.5590085606097546e-05,2.9757170910905362e-05
gmat_two_body,numerical_two_body,EarthMJ2000Eq,154200.0,2026-08-06T13:42:00Z,1.7044840205926448e-05,-2.6377165340818465e-05,-1.8162609194405377e-06,3.145759419901542e-05,-1.1787459897050212e-05,-9.197975714414497e-06,2.569083834558228e-05,2.9724840503632085e-05
gmat_two_body,numerical_two_body,EarthMJ2000Eq,154260.0,2026-08-06T13:43:00Z,-0.001763429736456601,0.0028800259315175936,4.8858055379241705e-05,0.003377368933239101,0.0013612493354742128,0.0008281002550347694,-0.0027597274604440614,0.003186666823131446
gmat_two_body,numerical_two_body,EarthMJ2000Eq,154320.0,2026-08-06T13:44:00Z,1.552825779072009e-05,-2.7312125894241035e-05,1.267835614271462e-06,3.1443384328388474e-05,-1.347499889448045e-05,-6.354028414534696e-06,2.5659752100892774e-05,2.967106587533105e-05
gmat_two_body,numerical_two_body,EarthMJ2000Eq,154380.0,2026-08-06T13:45:00Z,1.4696070138597861e-05,-2.7650003175949678e-05,2.8057911549694836e-06,3.143834628529179e-05,-1.425481954697716e-05,-4.908962125682592e-06,2.55298004958604e-05,2.9649089409739083e-05
gmat_two_body,numerical_two_body,EarthMJ2000Eq,154440.0,2026-08-06T13:46:00Z,-0.001495458036515629,0.002987227958328731,-0.00044462012738222256,0.0033701057359782354,0.0016089565235688497,0.00036134206737870045,-0.0027111013434222286,0.003173228589102601
gmat_two_body,numerical_two_body,EarthMJ2000Eq,154500.0,2026-08-06T13:47:00Z,1.2898908607894555e-05,-2.8063539048162056e-05,5.841684469487518e-06,3.1433570344833314e-05,-1.567901364296631e-05,-1.9841905896100798e-06,2.5041080320420406e-05,2.9611217211151028e-05
gmat_two_body,numerical_two_body,EarthMJ2000Eq,154560.0,2026-08-06T13:48:00Z,1.1939846444875002e-05,-2.8139425012341235e-05,7.334165275096893e-06,3.143528516547618e-05,-1.632072255119965e-05,-5.17808018685173e-07,2.468869553240438e-05,2.9600097919250465e-05
gmat_two_body,numerical_two_body,EarthMJ2000Eq,154620.0,2026-08-06T13:49:00Z,1.0941221262328327e-05,-2.8126237339165527e-05,8.803908713161945e-06,3.143730838033027e-05,-1.6911805289510085e-05,9.476863738200336e-07,2.426014944489907e-05,2.9588209116170955e-05
gmat_two_body,numerical_two_body,EarthMJ2000Eq,154680.0,2026-08-06T13:50:00Z,9.910763765219599e-06,-2.802505605359329e-05,1.0244548320770264e-05,3.144165669161904e-05,-1.745270594710746e-05,2.41051623106614e-06,2.3762769529867e-05,2.9581696183721596e-05
gmat_two_body,numerical_two_body,EarthMJ2000Eq,154740.0,2026-08-06T13:51:00Z,-0.0009629620763007551,0.0029779537271679146,-0.001226924723596312,0.0033616734878507493,0.0019183552524282277,-0.00042088021956487864,-0.0024726451997025833,0.0031577209055507387
gmat_two_body,numerical_two_body,EarthMJ2000Eq,154800.0,2026-08-06T13:52:00Z,7.757080311421305e-06,-2.756291905825492e-05,1.3025783118791878e-05,3.145723808327037e-05,-1.8380630351089167e-05,5.298872451930947e-06,2.256284048485213e-05,2.9580523864700156e-05
gmat_two_body,numerical_two_body,EarthMJ2000Eq,154860.0,2026-08-06T13:53:00Z,6.643858796451241e-06,-2.720071279327385e-05,1.4360011846292764e-05,3.14679134420289e-05,-1.8763213205374996e-05,6.723510637129948e-06,2.1862511800918583e-05,2.9584340238093233e-05
gmat_two_body,numerical_two_body,EarthMJ2000Eq,154920.0,2026-08-06T13:54:00Z,-0.0006062628017389216,0.0028610538720386103,-0.00165221808856586,0.003359018972209546,0.0020361736741136838,-0.0008747988999857625,-0.002242627417103904,0.0031528802829343277
gmat_two_body,numerical_two_body,EarthMJ2000Eq,154980.0,2026-08-06T13:55:00Z,4.3528416426852345e-06,-2.622709871502593e-05,1.6891135601326823e-05,3.149791103035914e-05,-1.9364287950907055e-05,9.50883816130954e-06,2.027356060807506e-05,2.9604238053915752e-05
gmat_two_body,numerical_two_body,EarthMJ2000Eq,155040.0,2026-08-06T13:56:00Z,3.1841409509070218e-06,-2.5614099286030978e-05,1.8080754671245813e-05,3.1514036956754257e-05,-1.958033735149911e-05,1.0864198429771932e-05,1.9390711258893134e-05,2.962127784964273e-05
gmat_two_body,numerical_two_body,EarthMJ2000Eq,155100.0,2026-08-06T13:57:00Z,2.003616828005761e-06,-2.4921519070630893e-05,1.9215804059058428e-05,3.153321611915622e-05,-1.9739432310927896e-05,1.2188472453544819e-05,1.84483539555913e-05,2.9640273486918202e-05
gmat_two_body,numerical_two_body,EarthMJ2000Eq,155160.0,2026-08-06T13:58:00Z,8.167262421920896e-07,-2.415163180558011e-05,2.0292645785957575e-05,3.155566246525868e-05,-1.984359898621335e-05,1.34789956973691e-05,1.745270594710746e-05,2.9665614617120986e-05
gmat_two_body,numerical_two_body,EarthMJ2000Eq,155220.0,2026-08-06T13:59:00Z,1.9826075003948063e-05,0.002491701252438361,-0.002252255399071146,0.003358812675231842,0.0021123112634025,-0.001572516339365393,-0.0017332437707295867,0.0031525863160016916
gmat_two_body,numerical_two_body,EarthMJ2000Eq,155280.0,2026-08-06T14:00:00Z,-1.570697349961847e-06,-2.2385393094737083e-05,2.226079232059419e-05,3.1608792905008334e-05,-1.987549014259571e-05,1.5945467168876348e-05,1.5304202349852858e-05,2.9723923718233674e-05
gmat_two_body,numerical_two_body,EarthMJ2000Eq,155340.0,2026-08-06T14:01:00Z,-2.762135409284383e-06,-2.1393134375102818e-05,2.314573066541925e-05,3.163890703621978e-05,-1.9804824447078317e-05,1.7116086326041113e-05,1.4156675831600296e-05,2.9759081859175333e-05
gmat_two_body,numerical_two_body,EarthMJ2000Eq,155400.0,2026-08-06T14:02:00Z,0.00039834321796661243,0.002174883775296621,-0.0025315948732895777,0.0033612154584040806,0.002084169059557439,-0.0019401786843786795,-0.0013634746665047714,0.0031570741458404523
gmat_two_body,numerical_two_body,EarthMJ2000Eq,155460.0,2026-08-06T14:03:00Z,-5.123183655086905e-06,-1.9202161638531834e-05,2.4701421352801844e-05,3.1703789035456124e-05,-1.9489077018874923e-05,1.9313439736379223e-05,1.1729284210559854e-05,2.9839724958358434e-05
gmat_two_body,numerical_two_body,EarthMJ2000Eq,155520.0,2026-08-06T14:04:00Z,0.0006457139534177259,0.0019287381292087957,-0.0026792713470058516,0.0033638478312178074,0.0020346071494259377,-0.0021584751763725762,-0.0010951524131996848,0.0031619614399370616
gmat_two_body,numerical_two_body,EarthMJ2000Eq,155580.0,2026-08-06T14:05:00Z,-7.4323907028883696e-06,-1.6763806343078613e-05,2.59560692938976e-05,3.178023234430859e-05,-1.8942847290759346e-05,2.1302515307297654e-05,9.14734954449159e-06,2.9938313673081023e-05
gmat_two_body,numerical_two_body,EarthMJ2000Eq,155640.0,2026-08-06T14:06:00Z,-8.558345143683255e-06,-1.545777195133269e-05,2.6466523195267655e-05,3.182239518552076e-05,-1.8584023209200495e-05,2.2211121830650882e-05,7.8053119523247e-06,2.9993711779125002e-05
gmat_two_body,numerical_two_body,EarthMJ2000Eq,155700.0,2026-08-06T14:07:00Z,0.001001966666080989,0.001514038558525499,-0.0028382371510815574,0.003369249186750511,0.00191476479116659,-0.002439479285243351,-0.0006665477059186742,0.0031720134351682834
gmat_two_body,numerical_two_body,EarthMJ2000Eq,155760.0,2026-08-06T14:08:00Z,-1.073749444913119e-05,-1.269381755264476e-05,2.723731995502021e-05,3.19107879789437e-05,-1.7696955012524995e-05,2.384048514159076e-05,5.0395243533785106e-06,3.0115573283768624e-05
gmat_two_body,numerical_two_body,EarthMJ2000Eq,155820.0,2026-08-06T14:09:00Z,-1.1786141840275377e-05,-1.1241354513913393e-05,2.7496980692376383e-05,3.195880376333711e-05,-1.716804476359357e-05,2.4554580591029662e-05,3.61577434659921e-06,3.0178519067900734e-05
gmat_two_body,numerical_two_body,EarthMJ2000Eq,155880.0,2026-08-06T14:10:00Z,0.0013318513083504513,0.0010542853488004766,-0.0029178636395954527,0.0033762810492498066,0.0017420087594643974,-0.002657840170172676,-0.00021526691540429965,0.0031851293118336484
gmat_two_body,numerical_two_body,EarthMJ2000Eq,155940.0,2026-08-06T14:11:00Z,-1.3772933016298339e-05,-8.214556146413088e-06,2.7758062515204074e-05,3.2057489782451644e-05,-1.594901988255515e-05,2.577427160588286e-05,7.194245199571014e-07,3.031834236345837e-05
gmat_two_body,numerical_two_body,EarthMJ2000Eq,156000.0,2026-08-06T14:12:00Z,0.001532519036118174,0.0007285898391273804,-0.002925237595263752,0.0033817854364948555,0.0015988375068332061,-0.002765111695168798,9.298961600734401e-05,0.00319542972520146
gmat_two_body,numerical_two_body,EarthMJ2000Eq,156060.0,2026-08-06T14:13:00Z,-1.5602381608914584e-05,-5.067704478278756e-06,2.7668306756822858e-05,3.216599352326945e-05,-1.4520384894467497e-05,2.669708898395129e-05,-2.221334227670013e-06,3.047146966346572e-05
gmat_two_body,numerical_two_body,EarthMJ2000Eq,156120.0,2026-08-06T14:14:00Z,-1.645048541831784e-05,-3.4542608773335814e-06,2.7491296350490302e-05,3.222300053901633e-05,-1.3729906100934386e-05,2.703959278704815e-05,-3.6983749396313215e-06,3.0550415329811054e-05
gmat_two_body,numerical_two_body,EarthMJ2000Eq,156180.0,2026-08-06T14:15:00Z,0.001798139692255063,0.00022081985662225634,-0.002866622708097566,0.0033911050577241676,0.0013450045521778975,-0.0028640011473513027,0.0005580620410228221,0.0032129383839469136
gmat_two_body,numerical_two_body,EarthMJ2000Eq,156240.0,2026-08-06T14:16:00Z,-1.7997990653384477e-05,-1.800799509510398e-07,2.6869429348153062e-05,3.234078431088891e-05,-1.2010392680394943e-05,2.748255789608578e-05,-6.6489036498751375e-06,3.072048893807379e-05
gmat_two_body,numerical_two_body,EarthMJ2000Eq,156300.0,2026-08-06T14:17:00Z,-1.8690570868784562e-05,1.470652932766825e-06,2.6427187549415976e-05,3.240210643186212e-05,-1.1080913964178762e-05,2.7575997041395794e-05,-8.112621685540944e-06,3.080644247103697e-05
gmat_two_body,numerical_two_body,EarthMJ2000Eq,156360.0,2026-08-06T14:18:00Z,0.0020141815184615552,-0.0002977212716359645,-0.0027247883735981304,0.0034014756835515046,0.001048905851064319,-0.0028840468901947247,0.0010155503105124808,0.0032325334309827054
gmat_two_body,numerical_two_body,EarthMJ2000Eq,156420.0,2026-08-06T14:19:00Z,-1.990338205359876e-05,4.775756679009646e-06,2.5280314730480313e-05,3.2527631052702907e-05,-9.100276088247483e-06,2.7506663613507953e-05,-1.098943158694965e-05,3.0987080769786265e-05
gmat_two_body,numerical_two_body,EarthMJ2000Eq,156480.0,2026-08-06T14:20:00Z,0.002127135076079867,-0.0006422460501198657,-0.002585145466582617,0.003408835681603988,0.0008311902277569061,-0.002851804792314283,0.0013100205364935391,0.0032465091366296983
gmat_two_body,numerical_two_body,EarthMJ2000Eq,156540.0,2026-08-06T14:21:00Z,-2.086835593217984e-05,8.058123057708144e-06,2.379420038778335e-05,3.265862211758639e-05,-6.966871524127782e-06,2.708233637349622e-05,-1.3772982754289842e-05,3.117186706360183e-05
gmat_two_body,numerical_two_body,EarthMJ2000Eq,156600.0,2026-08-06T14:22:00Z,-2.1252162696328014e-05,9.671566658653319e-06,2.292699718964286e-05,3.2723704268280235e-05,-5.853983964243525e-06,2.673550270060332e-05,-1.5121237595394632e-05,3.126832357712776e-05
gmat_two_body,numerical_two_body,EarthMJ2000Eq,156660.0,2026-08-06T14:23:00Z,0.0022455290036305087,-0.0011461916074040346,-0.0023113511815608945,0.003420307002526559,0.00047991832730076567,-0.0027336359842422553,0.0017261241325172705,0.003268423445039181
gmat_two_body,numerical_two_body,EarthMJ2000Eq,156720.0,2026-08-06T14:24:00Z,-2.1817868400830775e-05,1.2825694284401834e-05,2.0954757928848267e-05,3.285756678893824e-05,-3.5420555377640994e-06,2.5771829115228684e-05,-1.7693402298846195e-05,3.146092526112304e-05
gmat_two_body,numerical_two_body,EarthMJ2000Eq,156780.0,2026-08-06T14:25:00Z,-2.1994537746650167e-05,1.43554643727839e-05,1.985608832910657e-05,3.2925723861144935e-05,-2.3510082769462315e-06,2.5155877381166647e-05,-1.8910206733835366e-05,3.155853807531258e-05
gmat_two_body,numerical_two_body,EarthMJ2000Eq,156840.0,2026-08-06T14:26:00Z,-2.2099953866927535e-05,1.5844307199586183e-05,1.8687387637328357e-05,3.299497671256879e-05,-1.1439738045737613e-06,2.4450219626714897e-05,-2.007549682048193e-05,3.1656713165603995e-05
gmat_two_body,numerical_two_body,EarthMJ2000Eq,156900.0,2026-08-06T14:27:00Z,-2.213148064811321e-05,1.7288584786001593e-05,1.7448655853513628e-05,3.306286724824287e-05,8.08242361927114e-08,2.3657964476342386e-05,-2.1182611220638137e-05,3.175545360793543e-05
gmat_two_body,numerical_two_body,EarthMJ2000Eq,156960.0,2026-08-06T14:28:00Z,0.0022961928607401205,-0.0019147337297908962,-0.0017009660950861871,0.0034397663534527466,-0.00014809486970079888,-0.0023522161995970237,0.002318257585898209,0.0033059297292369894
gmat_two_body,numerical_two_body,EarthMJ2000Eq,157020.0,2026-08-06T14:29:00Z,-2.1973960429022554e-05,2.0018887880723923e-05,1.4782017387915403e-05,3.319817535609265e-05,2.5561774918969604e-06,2.1815438344674476e-05,-2.3208990285183972e-05,3.195472771904242e-05
gmat_two_body,numerical_two_body,EarthMJ2000Eq,157080.0,2026-08-06T14:30:00Z,-2.1783307602163404e-05,2.1295818442013115e-05,1.3361386663746089e-05,3.326486174304333e-05,3.794298208958935e-06,2.0765611452588928e-05,-2.41184849869569e-05,3.205165574450822e-05
gmat_two_body,numerical_two_body,EarthMJ2000Eq,157140.0,2026-08-06T14:31:00Z,0.002234887233498739,-0.0023092252376955003,-0.0012580258044181392,0.003451068105593889,-0.0005326032948005377,-0.002018682998539134,0.002591583836419886,0.003327920386580207
gmat_two_body,numerical_two_body,EarthMJ2000Eq,157200.0,2026-08-06T14:32:00Z,-2.117940312018618e-05,2.3651409719605e-05,1.0366420610807836e-05,3.339788877357608e-05,6.263434215725283e-06,1.84305903871973e-05,-2.5703883466121624e-05,3.224293558960363e-05
gmat_two_body,numerical_two_body,EarthMJ2000Eq,157260.0,2026-08-06T14:33:00Z,-2.0767402020283043e-05,2.471870175213553e-05,8.805727702565491e-06,3.3464011166547474e-05,7.482903185973555e-06,1.715161346282912e-05,-2.637312590536567e-05,3.2337493014908004e-05
gmat_two_body,numerical_two_body,EarthMJ2000Eq,157320.0,2026-08-06T14:34:00Z,-2.02817318495363e-05,2.5707322492962703e-05,7.2041075327433646e-06,3.352781296054085e-05,8.685496766247525e-06,1.5800694086465228e-05,-2.6954660725664326e-05,3.242920786152854e-05
gmat_two_body,numerical_two_body,EarthMJ2000Eq,157380.0,2026-08-06T14:35:00Z,-1.9725121092051268e-05,2.6612724468577653e-05,5.571564543060958e-06,3.3591067818603385e-05,9.867662242868391e-06,1.4382273150204128e-05,-2.744560134715357e-05,3.251894174805341e-05
gmat_two_body,numerical_two_body,EarthMJ2000Eq,157440.0,2026-08-06T14:36:00Z,0.001981615241675172,-0.0028132531042501796,-0.00043236559577053413,0.003468159743007613,-0.0011466125826586904,-0.0013133769627415859,0.0028739829405211026,0.003361466555445386
gmat_two_body,numerical_two_body,EarthMJ2000Eq,157500.0,2026-08-06T14:37:00Z,-1.8403625290375203e-05,2.8160684450995177e-05,2.231899998150766e-06,3.371496626394286e-05,1.2144951710979512e-05,1.1366019236902503e-05,-2.8144375718852643e-05,3.269238642191182e-05
gmat_two_body,numerical_two_body,EarthMJ2000Eq,157560.0,2026-08-06T14:38:00Z,-1.7643287719693035e-05,2.8794602258130908e-05,5.366018740460277e-07,3.377428996048708e-05,1.3233858453531866e-05,9.779732579318079e-06,-2.834563139764157e-05,3.27757989715286e-05
gmat_two_body,numerical_two_body,EarthMJ2000Eq,157620.0,2026-08-06T14:39:00Z,0.0017448678590881173,-0.0030059038635954494,9.098675946006551e-05,0.003476823330750909,-0.0014776908585645288,-0.0008201714862821063,0.0029255401434724604,0.003378614608306819
gmat_two_body,numerical_two_body,EarthMJ2000Eq,157680.0,2026-08-06T14:40:00Z,-1.592934495420195e-05,2.9771626941510476e-05,-2.8740032576024532e-06,3.3887367795967e-05,1.5282441978570205e-05,6.473044322774513e-06,-2.8443136734779273e-05,3.2931221704429955e-05
gmat_two_body,numerical_two_body,EarthMJ2000Eq,157740.0,2026-08-06T14:41:00Z,-1.4983470464358106e-05,3.0109049475868233e-05,-4.575667844619602e-06,3.394106633152321e-05,1.623456924448874e-05,4.767741756950272e-06,-2.833755452513742e-05,3.300469052241216e-05
gmat_two_body,numerical_two_body,EarthMJ2000Eq,157800.0,2026-08-06T14:42:00Z,-1.3982116797706112e-05,3.0343699108925648e-05,-6.270056474022567e-06,3.399342986438913e-05,1.7132961716015416e-05,3.0322411248562275e-06,-2.812527988282909e-05,3.3072106553547355e-05
gmat_two_body,numerical_two_body,EarthMJ2000Eq,157860.0,2026-08-06T14:43:00Z,-1.2928012438351288e-05,3.0473728429569746e-05,-7.948983693495393e-06,3.404361866436629e-05,1.7973178501051734e-05,1.2754242106893798e-06,-2.7809976543835546e-05,3.3136937814417373e-05
gmat_two_body,numerical_two_body,EarthMJ2000Eq,157920.0,2026-08-06T14:44:00Z,0.0012304644769756123,-0.003120073444051741,0.0009565555956214666,0.003487678272560486,-0.001927050519157092,6.765432658539794e-05,0.002800669030023073,0.0034002717284093227
gmat_two_body,numerical_two_body,EarthMJ2000Eq,157980.0,2026-08-06T14:45:00Z,-1.0679286788217723e-05,3.0413730200962164e-05,-1.1233169061597437e-05,3.413541032722984e-05,1.9465762335357795e-05,-2.26929586233382e-06,-2.6866509017509088e-05,3.325469761996546e-05
gmat_two_body,numerical_two_body,EarthMJ2000Eq,158040.0,2026-08-06T14:46:00Z,-9.492396202404052e-06,3.0224668989831116e-05,-1.2828422768507153e-05,3.417900864471973e-05,2.0107471243591135e-05,-4.04298816647497e-06,-2.624256367766975e-05,3.3306580453457736e-05
gmat_two_body,numerical_two_body,EarthMJ2000Eq,158100.0,2026-08-06T14:47:00Z,0.0008654587873024866,-0.0030590256301366026,0.0014440038285101764,0.003491676356007781,-0.0021175681208518427,0.0006094289517477591,0.0026002107134104335,0.0034083125073576764
gmat_two_body,numerical_two_body,EarthMJ2000Eq,158160.0,2026-08-06T14:48:00Z,-7.01311364537105e-06,2.952788236143533e-05,-1.5887962945271283e-05,3.4256487944679425e-05,2.1175949882490386e-05,-7.557510173228366e-06,-2.4696689138181682e-05,3.339855188226244e-05
gmat_two_body,numerical_two_body,EarthMJ2000Eq,158220.0,2026-08-06T14:49:00Z,0.0006056998245185241,-0.0029646234906977043,0.0017454403860028833,0.0034931972260535626,-0.0022063790794391025,0.0009621681229532442,0.0024173880674993597,0.0034113987172276123
gmat_two_body,numerical_two_body,EarthMJ2000Eq,158280.0,2026-08-06T14:50:00Z,-4.423782229423523e-06,2.841488822014071e-05,-1.874104782473296e-05,3.432495586807626e-05,2.1936008565148768e-05,-1.0984990694851149e-05,-2.277467103795061e-05,3.347452961914644e-05
gmat_two_body,numerical_two_body,EarthMJ2000Eq,158340.0,2026-08-06T14:51:00Z,-3.0995579436421394e-06,2.7705482352757826e-05,-2.0075276552233845e-05,3.435429726385973e-05,2.219424644067658e-05,-1.2644107982850983e-05,-2.1675994332781556e-05,3.350084733355649e-05
gmat_two_body,numerical_two_body,EarthMJ2000Eq,158400.0,2026-08-06T14:52:00Z,0.00020096013031434268,-0.0027456626412458718,0.002151012267859187,0.003493694618879838,-0.002278232769103994,0.0014640137990795665,0.0020763790686828543,0.003412481646980525
gmat_two_body,numerical_two_body,EarthMJ2000Eq,158460.0,2026-08-06T14:53:00Z,-4.1745806811377406e-07,2.599563231342472e-05,-2.2534550225827843e-05,3.440571354431939e-05,2.246283714590902e-05,-1.582289854695773e-05,-1.9242385462803213e-05,3.3544188309900235e-05
gmat_two_body,numerical_two_body,EarthMJ2000Eq,158520.0,2026-08-06T14:54:00Z,9.313225746154785e-07,2.500155460438691e-05,-2.3650500224903226e-05,3.442805912714622e-05,2.2472579352950106e-05,-1.7327472789929743e-05,-1.7913670546931826e-05,3.3558273622527244e-05
gmat_two_body,numerical_two_body,EarthMJ2000Eq,158580.0,2026-08-06T14:55:00Z,-0.0002099059202009812,-0.002440532625769265,0.002488800419087056,0.0034920463225489367,-0.002274207377972459,0.0019166908060697097,0.0016665859803310923,0.003409286094467971
gmat_two_body,numerical_two_body,EarthMJ2000Eq,158640.0,2026-08-06T14:56:00Z,3.6170604289509356e-06,2.2749190975446254e-05,-2.5629560695961118e-05,3.445987808527423e-05,2.2239876606988673e-05,-2.014211020195944e-05,-1.5060841462855024e-05,3.357299004335499e-05
gmat_two_body,numerical_two_body,EarthMJ2000Eq,158700.0,2026-08-06T14:57:00Z,-0.0004804587661055848,-0.002194241460529156,0.0026707716642704327,0.003489779003848622,-0.0022295043589082297,0.0021829249519100813,0.0013627099448854096,0.003404824433939586
gmat_two_body,numerical_two_body,EarthMJ2000Eq,158760.0,2026-08-06T14:58:00Z,6.2545950640924275e-06,2.0177139958832413e-05,-2.7255282475380227e-05,3.448314601579805e-05,2.1678214778830807e-05,-2.2655655129710794e-05,-1.198774413069259e-05,3.356977382551846e-05
gmat_two_body,numerical_two_body,EarthMJ2000Eq,158820.0,2026-08-06T14:59:00Z,7.542439561802894e-06,1.8782884581014514e-05,-2.792739905999042e-05,3.449093744714858e-05,2.12754258654968e-05,-2.3787194436408754e-05,-1.0384582083133864e-05,3.356060056010784e-05
gmat_two_body,numerical_two_body,EarthMJ2000Eq,158880.0,2026-08-06T15:00:00Z,-0.0008713441275176592,-0.0017698839656077325,0.002872538516385248,0.0034847105142883283,-0.00210186401616852,0.0025186777108388014,0.0008736851242474586,0.0033948336409714602
gmat_two_body,numerical_two_body,EarthMJ2000Eq,158940.0,2026-08-06T15:01:00Z,1.003536453936249e-05,1.580610842211172e-05,-2.8975136956432834e-05,3.449782843214171e-05,2.0241586184965854e-05,-2.5775825918117334e-05,-7.079670183429698e-06,3.352963976768365e-05
gmat_two_body,numerical_two_body,EarthMJ2000Eq,159000.0,2026-08-06T15:02:00Z,1.123407855629921e-05,1.42345015774481e-05,-2.9349621399887837e-05,3.449964974437028e-05,1.9614088131447716e-05,-2.6627589022609754e-05,-5.39124300757976e-06,3.35083042177903e-05
gmat_two_body,numerical_two_body,EarthMJ2000Eq,159060.0,2026-08-06T15:03:00Z,-0.0012330874596955255,-0.0012926657291245647,0.002983887384289119,0.0034777971896922436,-0.0019069226198098477,0.0027687359072103845,0.00036119018886893173,0.003381229178028863
gmat_two_body,numerical_two_body,EarthMJ2000Eq,159120.0,2026-08-06T15:04:00Z,1.3503267837222666e-05,1.0951225704047829e-05,-2.9793056910421e-05,3.449483768293967e-05,1.815392280946071e-05,-2.8030910925735952e-05,-1.9735324485736783e-06,3.345432275542241e-05
gmat_two_body,numerical_two_body,EarthMJ2000Eq,159180.0,2026-08-06T15:05:00Z,-0.001452368906029733,-0.0009530658644507639,0.003006495539636944,0.0034722795698273095,-0.0017436465604703244,0.0028842657151528783,1.5714540779754316e-05,0.0033703915188354984
gmat_two_body,numerical_two_body,EarthMJ2000Eq,159240.0,2026-08-06T15:06:00Z,1.5581463230773807e-05,7.524249667767435e-06,-2.9824491321051028e-05,3.448038010281068e-05,1.6441958905488718e-05,-2.9021007819096667e-05,1.4450662888521038e-06,3.3386301443331914e-05
gmat_two_body,numerical_two_body,EarthMJ2000Eq,159300.0,2026-08-06T15:07:00Z,1.6539615899091586e-05,5.7734723668545485e-06,-2.9687612368434202e-05,3.4470947265758794e-05,1.5501822048236136e-05,-2.935918175239749e-05,3.1397107136399427e-06,3.334855054347692e-05
gmat_two_body,numerical_two_body,EarthMJ2000Eq,159360.0,2026-08-06T15:08:00Z,-0.0017410611690138467,-0.0004240082489559427,0.002963140332212788,0.003462842418854294,-0.0014562839822929163,0.0029782304400427506,-0.0004947482423744987,0.003351924136136259
gmat_two_body,numerical_two_body,EarthMJ2000Eq,159420.0,2026-08-06T15:09:00Z,1.828038875828497e-05,2.2246240405365825e-06,-2.910996954597067e-05,3.444578192236467e-05,1.347322253764105e-05,-2.9717006633234178e-05,6.470379787515412e-06,3.326400492098284e-05
gmat_two_body,numerical_two_body,EarthMJ2000Eq,159480.0,2026-08-06T15:10:00Z,1.9056642486248165e-05,4.4292391976341605e-07,-2.8672729968093336e-05,3.4430760204656746e-05,1.2393641668495547e-05,-2.973812862627767e-05,8.092193581887841e-06,3.3218101164378e-05
gmat_two_body,numerical_two_body,EarthMJ2000Eq,159540.0,2026-08-06T15:11:00Z,1.9766957848332822e-05,-1.3405951904132962e-06,-2.81397660728544e-05,3.4414767944550974e-05,1.127453685967339e-05,-2.9655305988640634e-05,9.674039347373764e-06,3.316834925006933e-05
gmat_two_body,numerical_two_body,EarthMJ2000Eq,159600.0,2026-08-06T15:12:00Z,2.040906110778451e-05,-3.117747837677598e-06,-2.7512669475981966e-05,3.439763231060032e-05,1.0122569449322327e-05,-2.9469315876440305e-05,1.1218581619232282e-05,3.311742085412369e-05
gmat_two_body,numerical_two_body,EarthMJ2000Eq,159660.0,2026-08-06T15:13:00Z,-0.0020955515083187493,0.0004679150151787326,0.002693765509320656,0.0034448008947763975,-0.0008928022765530841,0.002925080844207173,-0.0012839205254522312,0.0033168728896120895
gmat_two_body,numerical_two_body,EarthMJ2000Eq,159720.0,2026-08-06T15:14:00Z,2.1480218492797576e-05,-6.616573955398053e-06,-2.598562787170522e-05,3.4357411038847466e-05,7.737810392427491e-06,-2.8799407303381486e-05,1.4161116723698797e-05,3.301237340085447e-05
gmat_two_body,numerical_two_body,EarthMJ2000Eq,159780.0,2026-08-06T15:15:00Z,2.190745362895541e-05,-8.330971468240023e-06,-2.5096142053371295e-05,3.433886946409931e-05,6.5139005300807185e-06,-2.8318680733718793e-05,1.5550227772109793e-05,3.2957368863102175e-05
gmat_two_body,numerical_two_body,EarthMJ2000Eq,159840.0,2026-08-06T15:16:00Z,-0.002223272531409748,0.0009821433195611462,0.0024246528482763097,0.0034331454504192096,-0.0005239675360257934,0.002774539709093915,-0.001697221030383389,0.003294415244337535
gmat_two_body,numerical_two_body,EarthMJ2000Eq,159900.0,2026-08-06T15:17:00Z,2.254137143609114e-05,-1.1657903087325394e-05,-2.307388058397919e-05,3.4299039284169875e-05,4.0252245980809676e-06,-2.708366864112577e-05,1.814459693605386e-05,3.284743426965264e-05
gmat_two_body,numerical_two_body,EarthMJ2000Eq,159960.0,2026-08-06T15:18:00Z,2.274543930980144e-05,-1.3264070730656385e-05,-2.194974513258785e-05,3.427946751525292e-05,2.7702284910446906e-06,-2.6335822411738263e-05,1.9342749624229327e-05,3.2793165004629164e-05
gmat_two_body,numerical_two_body,EarthMJ2000Eq,160020.0,2026-08-06T15:19:00Z,2.2873962279845728e-05,-1.481839717598632e-05,-2.0754669094458222e-05,3.425725229007055e-05,1.5116796703296131e-06,-2.5504487410898946e-05,2.0468071681989386e-05,3.273692123424936e-05
gmat_two_body,numerical_two_body,EarthMJ2000Eq,160080.0,2026-08-06T15:20:00Z,2.292744483156639e-05,-1.6323610907420516e-05,-1.9495018932502717e-05,3.423716931552633e-05,2.5579538487363607e-07,-2.4594104530706318e-05,2.1522339466173435e-05,3.26825106906345e-05
gmat_two_body,numerical_two_body,EarthMJ2000Eq,160140.0,2026-08-06T15:21:00Z,-0.002286292669850809,0.0017560141714056954,0.0018278487914358266,0.003413466148469116,0.00010312195541928304,0.0023515585034772357,-0.002250900354994201,0.003256841098530693
gmat_two_body,numerical_two_body,EarthMJ2000Eq,160200.0,2026-08-06T15:22:00Z,2.2808308131061494e-05,-1.915759639814496e-05,-1.679745764704421e-05,3.41963010128275e-05,-2.235545082385215e-06,-2.255440278986498e-05,2.339772819937025e-05,3.257533471684446e-05
gmat_two_body,numerical_two_body,EarthMJ2000Eq,160260.0,2026-08-06T15:23:00Z,2.263709575345274e-05,-2.0475454221013933e-05,-1.5369550965260714e-05,3.417463133058749e-05,-3.4594549447319878e-06,-2.1432633445783722e-05,2.4216628702333765e-05,3.252338713360976e-05
gmat_two_body,numerical_two_body,EarthMJ2000Eq,160320.0,2026-08-06T15:24:00Z,-0.002234605062767514,0.0021495397959370166,0.001400050678057596,0.0034020762810367277,0.00046859049973591027,0.002011566024862077,-0.0024901960493650677,0.003235282258643836
gmat_two_body,numerical_two_body,EarthMJ2000Eq,160380.0,2026-08-06T15:25:00Z,2.2078211259213276e-05,-2.2905624064151198e-05,-1.2376403901726007e-05,3.413635012290173e-05,-5.852207607404125e-06,-1.900613000316298e-05,2.560973655363341e-05,3.242437228264871e-05
gmat_two_body,numerical_two_body,EarthMJ2000Eq,160440.0,2026-08-06T15:26:00Z,2.169144863728434e-05,-2.4007022147998214e-05,-1.08211679616943e-05,3.411676614882514e-05,-7.013056801952189e-06,-1.7711165867240197e-05,2.617772665303164e-05,3.237501713984326e-05
gmat_two_body,numerical_two_body,EarthMJ2000Eq,160500.0,2026-08-06T15:27:00Z,2.1236701286397874e-05,-2.502747520338744e-05,-9.235009201802313e-06,3.4097762265891286e-05,-8.147260643909249e-06,-1.6365575561394508e-05,2.666267207018791e-05,3.232813018684941e-05
gmat_two_body,numerical_two_body,EarthMJ2000Eq,160560.0,2026-08-06T15:28:00Z,2.07151060749311e-05,-2.597016646177508e-05,-7.6233845902606845e-06,3.408344405072613e-05,-9.249490062757104e-06,-1.4978240869822912e-05,2.706390667128744e-05,3.2285535620268604e-05
gmat_two_body,numerical_two_body,EarthMJ2000Eq,160620.0,2026-08-06T15:29:00Z,-0.002008129740715958,0.0026549223548499867,0.0006129612302174792,0.0033848071194057523,0.0010285852169999998,0.001339052424498277,-0.002721653791226686,0.0032028812502939044
gmat_two_body,numerical_two_body,EarthMJ2000Eq,160680.0,2026-08-06T15:30:00Z,1.9476829038467258e-05,-2.7594978746492416e-05,-4.342837200965732e-06,3.405422083042191e-05,-1.13509202037676e-05,-1.2084555578439904e-05,2.7607693908748843e-05,3.220348794711328e-05
gmat_two_body,numerical_two_body,EarthMJ2000Eq,160740.0,2026-08-06T15:31:00Z,1.8766968423733488e-05,-2.8275735530769452e-05,-2.6830093702301383e-06,3.404283864345291e-05,-1.234479185541204e-05,-1.0591527654923993e-05,2.7751689835042725e-05,3.216722917378618e-05
gmat_two_body,numerical_two_body,EarthMJ2000Eq,160800.0,2026-08-06T15:32:00Z,-0.0017960187506105285,0.0028560707505675964,0.00011860447557410225,0.003375928095564028,0.0013220349259768227,0.000892002915975354,-0.0027585205231162035,0.0031863585837228633
gmat_two_body,numerical_two_body,EarthMJ2000Eq,160860.0,2026-08-06T15:33:00Z,1.7172624211525545e-05,-2.9364855436142534e-05,6.548361852765083e-07,3.402385292005258e-05,-1.4205969733893653e-05,-7.524647571699461e-06,2.7786759004833073e-05,3.210192943035133e-05
gmat_two_body,numerical_two_body,EarthMJ2000Eq,160920.0,2026-08-06T15:34:00Z,-0.0016267586033791304,0.0029446539429045515,-0.000211713086173404,0.003370779261237438,0.0014958483340876683,0.0005833449279180059,-0.002741222582258729,0.003176815195916459
gmat_two_body,numerical_two_body,EarthMJ2000Eq,160980.0,2026-08-06T15:35:00Z,1.5365458239102736e-05,-3.008062776643783e-05,3.970853867940605e-06,3.401042713876348e-05,-1.588507103633674e-05,-4.390265928577719e-06,2.74902323127435e-05,3.2051876534170376e-05
gmat_two_body,numerical_two_body,EarthMJ2000Eq,161040.0,2026-08-06T15:36:00Z,1.4388660929398611e-05,-3.0296860131784342e-05,5.613401299342513e-06,3.4006522482217524e-05,-1.6651569012537948e-05,-2.808420163091796e-06,2.7216895404080788e-05,3.203000733419286e-05
gmat_two_body,numerical_two_body,EarthMJ2000Eq,161100.0,2026-08-06T15:37:00Z,-0.001336655259365216,0.0030074029382376466,-0.0006983973435126245,0.0033643541081067275,0.0017199037749549007,0.00011318856962816426,-0.0026544446640741626,0.003164957680922508
gmat_two_body,numerical_two_body,EarthMJ2000Eq,161160.0,2026-08-06T15:38:00Z,1.2304553820285946e-05,-3.04433029896245e-05,8.834831533022225e-06,3.400369082689815e-05,-1.8026913295443592e-05,3.6415315207705135e-07,2.6435076350139752e-05,3.1998679224576236e-05
gmat_two_body,numerical_two_body,EarthMJ2000Eq,161220.0,2026-08-06T15:39:00Z,1.1204065231140703e-05,-3.0373939807759598e-05,1.0405528882984072e-05,3.4005622012891854e-05,-1.8635315512938178e-05,1.9486634528220748e-06,2.5926816249466356e-05,3.198862413972679e-05
gmat_two_body,numerical_two_body,EarthMJ2000Eq,161280.0,2026-08-06T15:40:00Z,-0.0010104649845743552,0.0029854953709218535,-0.0011631382221821696,0.0033596298335899694,0.001896155676917033,-0.0003554383454229537,-0.002498061757449932,0.0031562723761639363
gmat_two_body,numerical_two_body,EarthMJ2000Eq,161340.0,2026-08-06T15:41:00Z,8.90486262505874e-06,-2.995125214511063e-05,1.3445060176309198e-05,3.401681535029018e-05,-1.968136764674e-05,5.087485988042317e-06,2.468736326477483e-05,3.197975376846458e-05
gmat_two_body,numerical_two_body,EarthMJ2000Eq,161400.0,2026-08-06T15:42:00Z,-0.000777336026658304,0.0029244019970064983,-0.0014547504179063253,0.003357480769391709,0.0019854209387659694,-0.0006615907821583278,-0.0023574715513063893,0.0031523436967352027
gmat_two_body,numerical_two_body,EarthMJ2000Eq,161460.0,2026-08-06T15:43:00Z,6.490154191851616e-06,-2.9155444281059317e-05,1.631906343391165e-05,3.40363609103558e-05,-2.049560521300009e-05,8.164136033883551e-06,2.3161028650520166e-05,3.1986812882454045e-05
gmat_two_body,numerical_two_body,EarthMJ2000Eq,161520.0,2026-08-06T15:44:00Z,5.251422408036888e-06,-2.8622253012144938e-05,1.768239599186927e-05,3.4051107659107754e-05,-2.0814461265672435e-05,9.666045741596463e-06,2.2294610602102694e-05,3.199568564600864e-05
gmat_two_body,numerical_two_body,EarthMJ2000Eq,161580.0,2026-08-06T15:45:00Z,-0.0004110843292437494,0.002765159933915129,-0.0018564578567747958,0.0033558211453920146,0.0020750944296210605,-0.0011036531688546347,-0.0020962485081099658,0.0031493372345178417
gmat_two_body,numerical_two_body,EarthMJ2000Eq,161640.0,2026-08-06T15:46:00Z,2.725755621213466e-06,-2.728575054788962e-05,2.0243533072061837e-05,3.408434476277778e-05,-2.1267765326626886e-05,1.2587264563990175e-05,2.0370372055822372e-05,3.202669400492321e-05
gmat_two_body,numerical_two_body,EarthMJ2000Eq,161700.0,2026-08-06T15:47:00Z,1.446096575818956e-06,-2.6487668947083876e-05,2.1434971131384373e-05,3.4104923236391956e-05,-2.1402879468723768e-05,1.3995027359214873e-05,1.9314327914798923e-05,3.204664261881845e-05
gmat_two_body,numerical_two_body,EarthMJ2000Eq,161760.0,2026-08-06T15:48:00Z,-3.3576725400052965e-05,0.0025288550205004867,-0.0022061185518396087,0.003356068261518231,0.0021102086744662074,-0.001516235137444255,-0.0017803216678657918,0.0031498404535603803
gmat_two_body,numerical_two_body,EarthMJ2000Eq,161820.0,2026-08-06T15:49:00Z,-1.1323209037072957e-06,-2.4644577933941036e-05,2.3618213162990287e-05,3.415343855578108e-05,-2.148578537308765e-05,1.6694201576683554e-05,1.70325975545893e-05,3.210054078731279e-05
gmat_two_body,numerical_two_body,EarthMJ2000Eq,161880.0,2026-08-06T15:50:00Z,0.00021945197659078985,0.0023314823920372874,-0.002405706254648976,0.0033572893676397215,0.0021028449537219274,-0.00177019732205963,-0.0015428316402221753,0.003152123875816353
gmat_two_body,numerical_two_body,EarthMJ2000Eq,161940.0,2026-08-06T15:51:00Z,-3.7043719203211367e-06,-2.2489075490739197e-05,2.5515873858239502e-05,3.421316568956781e-05,-2.131783638503748e-05,1.921129921811371e-05,1.454214526575015e-05,3.217138720536159e-05
gmat_two_body,numerical_two_body,EarthMJ2000Eq,162000.0,2026-08-06T15:52:00Z,-4.97584551339969e-06,-2.130036591552198e-05,2.6348516257712618e-05,3.424483808826224e-05,-2.1139645589585143e-05,2.0391688337895175e-05,1.3228529383013665e-05,3.221334441749836e-05
gmat_two_body,numerical_two_body,EarthMJ2000Eq,162060.0,2026-08-06T15:53:00Z,0.0005936371962889098,0.0019812696336884983,-0.0026488237381272484,0.003360669825772881,0.0020455483973336186,-0.002112789054820041,-0.0011521414933213237,0.0031584135031110456
gmat_two_body,numerical_two_body,EarthMJ2000Eq,162120.0,2026-08-06T15:54:00Z,-7.4842319008894265e-06,-1.8720129446592182e-05,2.7771420718636364e-05,3.431776190801148e-05,-2.0595969374426204e-05,2.2584600856134784e-05,1.0470735389844776e-05,3.230935545484271e-05
gmat_two_body,numerical_two_body,EarthMJ2000Eq,162180.0,2026-08-06T15:55:00Z,-8.710230758879334e-06,-1.7333150026388466e-05,2.8356225811876357e-05,3.4356684240542495e-05,-2.0231150088534378e-05,2.3590907005655026e-05,9.034550885189674e-06,3.23643853170634e-05
gmat_two_body,numerical_two_body,EarthMJ2000Eq,162240.0,2026-08-06T15:56:00Z,-9.910763765219599e-06,-1.5890691429376602e-05,2.885394678742159e-05,3.4398947043841465e-05,-1.9803714224053692e-05,2.452971159527806e-05,7.5637274221662665e-06,3.242073133864095e-05
gmat_two_body,numerical_two_body,EarthMJ2000Eq,162300.0,2026-08-06T15:57:00Z,-1.108492142520845e-05,-1.4390934666153044e-05,2.9262992029543966e-05,3.4442665200150876e-05,-1.9315660182428473e-05,2.539879417895463e-05,6.063594071292755e-06,3.2480157744219306e-05
gmat_two_body,numerical_two_body,EarthMJ2000Eq,162360.0,2026-08-06T15:58:00Z,0.001178528691525571,0.0012760610843542963,-0.0028880808713438455,0.003370203686303643,0.0018289436631846456,-0.002560698764142444,-0.00043098324908896757,0.0031761548521410587
gmat_two_body,numerical_two_body,EarthMJ2000Eq,162420.0,2026-08-06T15:59:00Z,-1.333683030679822e-05,-1.1248630471527576e-05,2.980766566906823e-05,3.453837956181875e-05,-1.815969596918876e-05,2.6922464257950196e-05,2.9913849175500218e-06,3.2611992014271716e-05
gmat_two_body,numerical_two_body,EarthMJ2000Eq,162480.0,2026-08-06T16:00:00Z,-1.4407305570784956e-05,-9.611540008336306e-06,2.9939712931081885e-05,3.458812752285693e-05,-1.7496226689672767e-05,2.7572610861170688e-05,1.4273027204581012e-06,3.2686449962236536e-05
gmat_two_body,numerical_two_body,EarthMJ2000Eq,162540.0,2026-08-06T16:01:00Z,0.0014905440366419498,0.0007976732376846485,-0.0029245543657907547,0.003378020479179034,0.0016296008986671495,-0.0027430950844120616,2.7686297698892304e-05,0.0031907579447746684
gmat_two_body,numerical_two_body,EarthMJ2000Eq,162600.0,2026-08-06T16:02:00Z,-1.641956259845756e-05,-6.238224159460515e-06,2.9921920940978453e-05,3.469638063813729e-05,-1.5996093338799255e-05,2.8630209314428612e-05,-1.7408297026122455e-06,3.2841960592283e-05
gmat_two_body,numerical_two_body,EarthMJ2000Eq,162660.0,2026-08-06T16:03:00Z,-1.7354068404529244e-05,-4.508365236688405e-06,2.9768784770567436e-05,3.4751540886884835e-05,-1.5162537891910688e-05,2.903355333927493e-05,-3.33422178755427e-06,3.292365122152692e-05
gmat_two_body,numerical_two_body,EarthMJ2000Eq,162720.0,2026-08-06T16:04:00Z,-1.8238552002003416e-05,-2.7557689463719726e-06,2.9521288524847478e-05,3.4810135273837454e-05,-1.4277912185889363e-05,2.934863463366355e-05,-4.930278407755395e-06,3.300770783356855e-05
gmat_two_body,numerical_two_body,EarthMJ2000Eq,162780.0,2026-08-06T16:05:00Z,-1.906755642266944e-05,-9.88620740827173e-07,2.9177954274928197e-05,3.486978770469756e-05,-1.3342660309945131e-05,2.9574676041477233e-05,-6.5210059574383195e-06,3.309398080923264e-05
gmat_two_body,numerical_two_body,EarthMJ2000Eq,162840.0,2026-08-06T16:06:00Z,0.0019170224732079078,-5.1535607781261206e-05,-0.0028001559257972986,0.0033938922037140885,0.0011932312915519105,-0.0028824754111367312,0.0007998890438898343,0.003220603653584449
gmat_two_body,numerical_two_body,EarthMJ2000Eq,162900.0,2026-08-06T16:07:00Z,-2.0550942281261086e-05,2.5756889954209328e-06,2.820524969138205e-05,3.499302091277723e-05,-1.1329603921694797e-05,2.975547586103744e-05,-9.673151168954064e-06,3.3276389862434014e-05
gmat_two_body,numerical_two_body,EarthMJ2000Eq,162960.0,2026-08-06T16:08:00Z,-2.1198047761572525e-05,4.361027095001191e-06,2.757906258921139e-05,3.5056817875056544e-05,-1.0254908033857646e-05,2.9705460313778076e-05,-1.1225687046589883e-05,3.3370549304803155e-05
gmat_two_body,numerical_two_body,EarthMJ2000Eq,163020.0,2026-08-06T16:09:00Z,0.0021039363673480693,-0.0005695537765859626,-0.0026155430532526225,0.0034047033946720193,0.0008776632753892954,-0.002859543712929735,0.00124793775313492,0.0032410849582851843
gmat_two_body,numerical_two_body,EarthMJ2000Eq,163080.0,2026-08-06T16:10:00Z,-2.229444362455979e-05,7.906237442512065e-06,2.6047473511425778e-05,3.518553230170722e-05,-7.988276706782926e-06,2.931943576811591e-05,-1.424993456566881e-05,3.3563410339693556e-05
gmat_two_body,numerical_two_body,EarthMJ2000Eq,163140.0,2026-08-06T16:11:00Z,-2.2737367544323206e-05,9.657014743424952e-06,2.5148892746074125e-05,3.5252129339288276e-05,-6.799893981224159e-06,2.898326023625941e-05,-1.5714540779754316e-05,3.366325480397262e-05
gmat_two_body,numerical_two_body,EarthMJ2000Eq,163200.0,2026-08-06T16:12:00Z,-2.310844138264656e-05,1.1384145182091743e-05,2.416300048935227e-05,3.53192499539641e-05,-5.578648654136487e-06,2.8551383479680226e-05,-1.7140067143373017e-05,3.376514062001506e-05
gmat_two_body,numerical_two_body,EarthMJ2000Eq,163260.0,2026-08-06T16:13:00Z,-2.340595983696403e-05,1.3081262295600027e-05,2.3092070478014648e-05,3.538646772563568e-05,-4.32809343919871e-06,2.80180323386503e-05,-1.852118458600671e-05,3.386409318757881e-05
gmat_two_body,numerical_two_body,EarthMJ2000Eq,163320.0,2026-08-06T16:14:00Z,0.0022801312979936483,-0.0013996832421980798,-0.002136577677447349,0.003423897791457367,0.0002856594960576331,-0.0026358542015714193,0.0019273098672556443,0.003277781573572372
gmat_two_body,numerical_two_body,EarthMJ2000Eq,163380.0,2026-08-06T16:15:00Z,-2.3772713575453963e-05,1.6366357158403844e-05,2.0712832338176668e-05,3.552493463535755e-05,-1.7603696278456482e-06,2.666489251623716e-05,-2.112798824782658e-05,3.4066219067126014e-05
gmat_two_body,numerical_two_body,EarthMJ2000Eq,163440.0,2026-08-06T16:16:00Z,-2.3839149321247532e-05,1.7942511476576328e-05,1.940588845172897e-05,3.559251698108407e-05,-4.511946372076636e-07,2.5844215656434244e-05,-2.234656903965515e-05,3.416864362746932e-05
gmat_two_body,numerical_two_body,EarthMJ2000Eq,163500.0,2026-08-06T16:17:00Z,0.0022975454498919134,-0.0018533346519689076,-0.001757737663865555,0.0034355794447922883,-9.394707234378075e-05,-0.002391260522927041,0.002272699362038111,0.003300320489152487
gmat_two_body,numerical_two_body,EarthMJ2000Eq,163560.0,2026-08-06T16:18:00Z,-2.3734344267722918e-05,2.0934749045409262e-05,1.658918336033821e-05,3.5732111887991984e-05,2.2080115513745113e-06,2.3927526626721374e-05,-2.4583002300460066e-05,3.437623957892848e-05
gmat_two_body,numerical_two_body,EarthMJ2000Eq,163620.0,2026-08-06T16:19:00Z,0.0022708843516738852,-0.002128210326191038,-0.0014729403119417839,0.0034432176947916966,-0.0003504796453057679,-0.002184362024593156,0.0024689894573270976,0.0033151443975565718
gmat_two_body,numerical_two_body,EarthMJ2000Eq,163680.0,2026-08-06T16:20:00Z,-2.3309212338062935e-05,2.367323759244755e-05,1.3519638741854578e-05,3.586812219282789e-05,4.878764059412788e-06,2.1647572623351152e-05,-2.651523445251769e-05,3.4575676382431936e-05
gmat_two_body,numerical_two_body,EarthMJ2000Eq,163740.0,2026-08-06T16:21:00Z,-2.2976337277214043e-05,2.4936525733210146e-05,1.1902557162102312e-05,3.59362387753151e-05,6.208367153703875e-06,2.0381030196858774e-05,-2.7359448040442658e-05,3.467664360456675e-05
gmat_two_body,numerical_two_body,EarthMJ2000Eq,163800.0,2026-08-06T16:22:00Z,0.0021733660560130375,-0.0024890418899303768,-0.0010062649380415678,0.0034541885687943627,-0.0007314699956850745,-0.0018132997325892575,0.002703612445031922,0.003336558785294706
gmat_two_body,numerical_two_body,EarthMJ2000Eq,163860.0,2026-08-06T16:23:00Z,-2.207434590673074e-05,2.7216628950554878e-05,8.529241313226521e-06,3.606618355220625e-05,8.826717134979845e-06,1.7608137170554983e-05,-2.8774094218420032e-05,3.486984267369929e-05
gmat_two_body,numerical_two_body,EarthMJ2000Eq,163920.0,2026-08-06T16:24:00Z,-2.1506366465473548e-05,2.823117029038258e-05,6.785739969927818e-06,3.613265893137815e-05,1.0107470416187425e-05,1.610889199810117e-05,-2.9340974094793637e-05,3.496498420494343e-05
gmat_two_body,numerical_two_body,EarthMJ2000Eq,163980.0,2026-08-06T16:25:00Z,0.0020085126379854046,-0.0027771379791374784,-0.0005045039870310575,0.0034642665378179435,-0.0010964775754018774,-0.0013780505625504702,0.0028572502142054645,0.0033563619013571855
gmat_two_body,numerical_two_body,EarthMJ2000Eq,164040.0,2026-08-06T16:26:00Z,-2.0144852896919474e-05,2.997376213897951e-05,3.2105162972584367e-06,3.625670875710602e-05,1.2583711850311374e-05,1.291322604402012e-05,-3.0170976828003404e-05,3.51481017062308e-05
gmat_two_body,numerical_two_body,EarthMJ2000Eq,164100.0,2026-08-06T16:27:00Z,0.0018631071725394577,-0.0029235320653242525,-0.0001580274329171516,0.003470328621744841,-0.001324477860720208,-0.0010583534049146692,0.002910551244461601,0.0033683322401255825
gmat_two_body,numerical_two_body,EarthMJ2000Eq,164160.0,2026-08-06T16:28:00Z,-1.8492301023798063e-05,3.1320723792305216e-05,-4.3928594095632434e-07,3.6375072620773676e-05,1.4912515666765103e-05,9.487521879236738e-06,-3.057792213878585e-05,3.531862847345803e-05
gmat_two_body,numerical_two_body,EarthMJ2000Eq,164220.0,2026-08-06T16:29:00Z,-1.7565071175340563e-05,3.183595254085958e-05,-2.2746462491340935e-06,3.643121759065079e-05,1.6008083747465207e-05,7.702283255639486e-06,-3.061784159541503e-05,3.5398250473404627e-05
gmat_two_body,numerical_two_body,EarthMJ2000Eq,164280.0,2026-08-06T16:30:00Z,0.0015961895769578405,-0.0030683934255648637,0.00036748224374605343,0.0034782039300632105,-0.001633950308388421,-0.0005456950447069175,0.002912673879862382,0.003383968945267211
gmat_two_body,numerical_two_body,EarthMJ2000Eq,164340.0,2026-08-06T16:31:00Z,-1.551916284370236e-05,3.254160674259765e-05,-5.9380909078754485e-06,3.653849351559834e-05,1.8042900506998194e-05,4.023448241241567e-06,-3.036104700981923e-05,3.554613298219427e-05
gmat_two_body,numerical_two_body,EarthMJ2000Eq,164400.0,2026-08-06T16:32:00Z,-1.4408215065486729e-05,3.272606363680097e-05,-7.749804353807122e-06,3.6587584916957196e-05,1.8971935134004525e-05,2.142286348316702e-06,-3.0063285194614764e-05,3.5613548408152236e-05
gmat_two_body,numerical_two_body,EarthMJ2000Eq,164460.0,2026-08-06T16:33:00Z,0.001277869159821421,-0.0031185201834205145,0.0008847973731462844,0.003484391498604941,-0.0018937189594225856,-8.759215575082635e-06,0.0028193472001447617,0.0033963166601626176
gmat_two_body,numerical_two_body,EarthMJ2000Eq,164520.0,2026-08-06T16:34:00Z,-1.2030795915052295e-05,3.2756474865891505e-05,-1.1310476111248136e-05,3.668315098042336e-05,2.062927606516496e-05,-1.6617818232589343e-06,-2.913713714747246e-05,3.573935241371227e-05
gmat_two_body,numerical_two_body,EarthMJ2000Eq,164580.0,2026-08-06T16:35:00Z,0.0010419225873192772,-0.003097837975474249,0.0012166492524556816,0.0034874687387498487,-0.0020340151785092075,0.0003533564552071766,0.0027046005435238385,0.0034024906511071953
gmat_two_body,numerical_two_body,EarthMJ2000Eq,164640.0,2026-08-06T16:36:00Z,-9.471477824263275e-06,3.232889866922051e-05,-1.4727447705809027e-05,3.676634734737159e-05,2.1993740162429276e-05,-5.469402708513371e-06,-2.7767566024294865e-05,3.584238685179773e-05
gmat_two_body,numerical_two_body,EarthMJ2000Eq,164700.0,2026-08-06T16:37:00Z,-8.135430107358843e-06,3.194372766301967e-05,-1.636817614780739e-05,3.680358882563683e-05,2.255928777117333e-05,-7.359446385635238e-06,-2.6924684703999446e-05,3.588901729297463e-05
gmat_two_body,numerical_two_body,EarthMJ2000Eq,164760.0,2026-08-06T16:38:00Z,0.0006608324838452972,-0.002985840183100663,0.0016825269995024428,0.0034903922809303885,-0.0021887025525302306,0.0008880727264681809,0.0024572495149755014,0.0034083965746075254
gmat_two_body,numerical_two_body,EarthMJ2000Eq,164820.0,2026-08-06T16:39:00Z,-5.371475708670914e-06,3.083641786361113e-05,-1.948319550137967e-05,3.6869124276188856e-05,2.3439028495886305e-05,-1.106048586052566e-05,-2.4934720954661316e-05,3.596474264315935e-05
gmat_two_body,numerical_two_body,EarthMJ2000Eq,164880.0,2026-08-06T16:40:00Z,-3.956301952712238e-06,3.0119281291263178e-05,-2.094384399242699e-05,3.68980762618106e-05,2.375089014350351e-05,-1.2860823517257813e-05,-2.3796076220605755e-05,3.5996649950345414e-05
gmat_two_body,numerical_two_body,EarthMJ2000Eq,164940.0,2026-08-06T16:41:00Z,-2.522938302718103e-06,2.9295279091456905e-05,-2.23344613914378e-05,3.692433832002004e-05,2.3974489060663018e-05,-1.461497589616556e-05,-2.2565949109321082e-05,3.6022155756836934e-05
gmat_two_body,numerical_two_body,EarthMJ2000Eq,165000.0,2026-08-06T16:42:00Z,-1.0804797057062387e-06,2.8367139748297632e-05,-2.3650500224903226e-05,3.694872412928541e-05,2.410915911355005e-05,-1.63185021051504e-05,-2.1251445048164896e-05,3.6043986748880095e-05
gmat_two_body,numerical_two_body,EarthMJ2000Eq,165060.0,2026-08-06T16:43:00Z,-1.5300429367925972e-05,-0.0025933786673704162,0.0023362440515484195,0.0034905419756688463,-0.002283944228187451,0.0017081447367672808,0.001867067389582644,0.00340882682406418
gmat_two_body,numerical_two_body,EarthMJ2000Eq,165120.0,2026-08-06T16:44:00Z,1.8144419300369918e-06,2.6213456294499338e-05,-2.603201210149564e-05,3.698787834512164e-05,2.4106383555988486e-05,-1.9536372519723955e-05,-1.8384405109372892e-05,3.606624364420827e-05
gmat_two_body,numerical_two_body,EarthMJ2000Eq,165180.0,2026-08-06T16:45:00Z,3.256900527048856e-06,2.4995642888825387e-05,-2.7088390197604895e-05,3.700230327920784e-05,2.3971713503101455e-05,-2.1039170405856567e-05,-1.6841639194353775e-05,3.6068414858352736e-05
gmat_two_body,numerical_two_body,EarthMJ2000Eq,165240.0,2026-08-06T16:46:00Z,-0.00042359351937193424,-0.0022471413103630766,0.0026335465008742176,0.0034877847855997396,-0.002240044816304021,0.002127877429813907,0.001427457263503129,0.0034034243600364906
gmat_two_body,numerical_two_body,EarthMJ2000Eq,165300.0,2026-08-06T16:47:00Z,6.105437933001667e-06,2.2302629076875746e-05,-2.8918293537572026e-05,3.702636003200448e-05,2.343525373760258e-05,-2.3805846183222457e-05,-1.3582024394054315e-05,3.6061070656398286e-05
gmat_two_body,numerical_two_body,EarthMJ2000Eq,165360.0,2026-08-06T16:48:00Z,7.500602805521339e-06,2.0835614122916013e-05,-2.96818143397104e-05,3.703230968792373e-05,2.30380159393917e-05,-2.5056401398160233e-05,-1.1877610006649775e-05,3.605067334904383e-05
gmat_two_body,numerical_two_body,EarthMJ2000Eq,165420.0,2026-08-06T16:49:00Z,8.869392331689596e-06,1.9295839592814445e-05,-3.0342107493197545e-05,3.703564543860164e-05,2.255440278986498e-05,-2.6212365611399946e-05,-1.0131451233519329e-05,3.603381051526957e-05
gmat_two_body,numerical_two_body,EarthMJ2000Eq,165480.0,2026-08-06T16:50:00Z,1.02063495432958e-05,1.7692400433588773e-05,-3.089689926127903e-05,3.7037939846379295e-05,2.1990631537960326e-05,-2.7269297930843095e-05,-8.353318037279678e-06,3.6013614193959495e-05
gmat_two_body,numerical_two_body,EarthMJ2000Eq,165540.0,2026-08-06T16:51:00Z,-0.001065274773281999,-0.0015232890291372314,0.002940490730907186,0.0034787505727533756,-0.00200575200892672,0.0026595041724419843,0.0006053486600876568,0.003385624102705411
gmat_two_body,numerical_two_body,EarthMJ2000Eq,165600.0,2026-08-06T16:52:00Z,1.276839611819014e-05,1.4307261153589934e-05,-3.16824753099354e-05,3.703388857401694e-05,2.062927606516496e-05,-2.907496465809345e-05,-4.722444657545566e-06,3.59613971417373e-05
gmat_two_body,numerical_two_body,EarthMJ2000Eq,165660.0,2026-08-06T16:53:00Z,1.3982571545056999e-05,1.2539203453343362e-05,-3.1911554287944455e-05,3.7028249044876564e-05,1.9836576825582597e-05,-2.9816593638543054e-05,-2.8901325777042075e-06,3.592870583085277e-05
gmat_two_body,numerical_two_body,EarthMJ2000Eq,165720.0,2026-08-06T16:54:00Z,-0.0014067672964301892,-0.0010250232662656344,0.0030029931110675534,0.0034709702602889808,-0.0017788122086415115,0.002861312964341778,8.839329268539586e-05,0.003370326115929168
gmat_two_body,numerical_two_body,EarthMJ2000Eq,165780.0,2026-08-06T16:55:00Z,1.625858203624375e-05,8.887582225725055e-06,-3.203692244824197e-05,3.700939080291598e-05,1.8050450023565645e-05,-3.096567446903009e-05,7.904787935331115e-07,3.585131236228611e-05
gmat_two_body,numerical_two_body,EarthMJ2000Eq,165840.0,2026-08-06T16:56:00Z,1.731223164824769e-05,7.0158421294763684e-06,-3.1934860089677386e-05,3.699690114557696e-05,1.7064127888488656e-05,-3.1374014497487224e-05,2.6121327323380683e-06,3.5809726104713325e-05
gmat_two_body,numerical_two_body,EarthMJ2000Eq,165900.0,2026-08-06T16:57:00Z,1.8305399862583727e-05,5.124093149788678e-06,-3.172385731886607e-05,3.698306528567587e-05,1.602185051297056e-05,-3.166600315296364e-05,4.418687638008123e-06,3.576255373971166e-05
gmat_two_body,numerical_two_body,EarthMJ2000Eq,165960.0,2026-08-06T16:58:00Z,1.9233993953093886e-05,3.216882760170847e-06,-3.1405079425894655e-05,3.696719994572335e-05,1.4926282432270455e-05,-3.1845859282952915e-05,6.205702618444775e-06,3.571363053101877e-05
gmat_two_body,numerical_two_body,EarthMJ2000Eq,166020.0,2026-08-06T16:59:00Z,-0.0018697246559895575,-0.00014112083590589464,0.002901813331845915,0.003454895945237821,-0.0012870482457572052,0.0029871836670913865,-0.0007540030821928667,0.003338904026143996
gmat_two_body,numerical_two_body,EarthMJ2000Eq,166080.0,2026-08-06T17:00:00Z,2.088881956296973e-05,-6.093614501878619e-07,-3.0449882615357637e-05,3.693114478865151e-05,1.2598810883446276e-05,-3.186924335540908e-05,9.674927525793464e-06,3.560874794699312e-05
gmat_two_body,numerical_two_body,EarthMJ2000Eq,166140.0,2026-08-06T17:01:00Z,2.160913936677389e-05,-2.5174813345074654e-06,-2.9819602787028998e-05,3.6912075623275886e-05,1.1377565556358604e-05,-3.171402029877868e-05,1.13518083821873e-05,3.555406636443265e-05
gmat_two_body,numerical_two_body,EarthMJ2000Eq,166200.0,2026-08-06T17:02:00Z,-0.002070818482025061,0.0003934519554604776,0.0027234818844590336,0.003443899998799149,-0.0009426193159356444,0.002937231236010973,-0.0012208039024130812,0.0033175624601084063
gmat_two_body,numerical_two_body,EarthMJ2000Eq,166260.0,2026-08-06T17:03:00Z,2.2821950551588088e-05,-6.287336873356253e-06,-2.826209311024286e-05,3.6866216769696264e-05,8.840039811275346e-06,-3.107802903912216e-05,1.4548362514688051e-05,3.54350821175884e-05
gmat_two_body,numerical_two_body,EarthMJ2000Eq,166320.0,2026-08-06T17:04:00Z,-0.0021694554561690893,0.0007413254934363067,0.0025595895749574993,0.003436218743874075,-0.0007000000579182597,0.0028542852525959006,-0.001507014957269348,0.003302731970006883
gmat_two_body,numerical_two_body,EarthMJ2000Eq,166380.0,2026-08-06T17:05:00Z,2.3726215658825822e-05,-9.956238500308245e-06,-2.6335783331887797e-05,3.681892826072306e-05,6.211031688962976e-06,-3.0029312370061234e-05,1.751399025806677e-05,3.5313968494346155e-05
gmat_two_body,numerical_two_body,EarthMJ2000Eq,166440.0,2026-08-06T17:06:00Z,2.4058408598648384e-05,-1.1739757610484958e-05,-2.5242570700356737e-05,3.679424287323992e-05,4.875211345733987e-06,-2.935696130634824e-05,1.8898660414379265e-05,3.525277617813989e-05
gmat_two_body,numerical_two_body,EarthMJ2000Eq,166500.0,2026-08-06T17:07:00Z,-0.002261881263621035,0.0012388791219564155,0.0022529484340338968,0.003424427685899525,-0.0003256728220435434,0.0026608431014096823,-0.0018902017728805731,0.00328009322116585
gmat_two_body,numerical_two_body,EarthMJ2000Eq,166560.0,2026-08-06T17:08:00Z,2.4482460503350012e-05,-1.5167643141467124e-05,-2.281922206748277e-05,3.674459370478983e-05,2.1822543772032077e-06,-2.773470342276596e-05,2.1449508835758024e-05,3.512915366772832e-05
gmat_two_body,numerical_two_body,EarthMJ2000Eq,166620.0,2026-08-06T17:09:00Z,2.457306891301414e-05,-1.6805643099360168e-05,-2.1496816771104932e-05,3.672027351582872e-05,8.348877145181177e-07,-2.6791013851834578e-05,2.2611246208725788e-05,3.506741957738924e-05
gmat_two_body,numerical_two_body,EarthMJ2000Eq,166680.0,2026-08-06T17:10:00Z,-0.0022865794164772524,0.0016947560652624816,0.001882932338048704,0.0034126350139256,5.063771624236324e-05,0.00239289343895166,-0.0022098567420414383,0.0032576018800384654
gmat_two_body,numerical_two_body,EarthMJ2000Eq,166740.0,2026-08-06T17:11:00Z,2.45126443587651e-05,-1.9895196601282805e-05,-1.865464582806453e-05,3.6669938535993196e-05,-1.8447465777171601e-06,-2.4661162001393677e-05,2.468825144319453e-05,3.494403755317035e-05
gmat_two_body,numerical_two_body,EarthMJ2000Eq,166800.0,2026-08-06T17:12:00Z,-0.002265657599309634,0.0019692852220032364,0.0016069689081632532,0.0034049431294389085,0.0002971329848833193,0.0021781323411573794,-0.002384235475716423,0.0032430120736694945
gmat_two_body,numerical_two_body,EarthMJ2000Eq,166860.0,2026-08-06T17:13:00Z,2.4133555598382372e-05,-2.2711901692673564e-05,-1.5584191714879125e-05,3.6621387408507456e-05,-4.46576109425223e-06,-2.2240875807710836e-05,2.6422419807659026e-05,3.482447196063604e-05
gmat_two_body,numerical_two_body,EarthMJ2000Eq,166920.0,2026-08-06T17:14:00Z,2.382671482337173e-05,-2.400611265329644e-05,-1.3976205082144588e-05,3.659699567580932e-05,-5.7482907322992105e-06,-2.092992446023345e-05,2.716049607442983e-05,3.476775994025548e-05
gmat_two_body,numerical_two_body,EarthMJ2000Eq,166980.0,2026-08-06T17:15:00Z,-0.00217985166273138,0.0023290058379643597,0.001158674422185868,0.0033938986256829454,0.00065284666561638,0.0018104051591194548,-0.0025843092110733323,0.003222177789540986
gmat_two_body,numerical_two_body,EarthMJ2000Eq,167040.0,2026-08-06T17:16:00Z,2.298588697158266e-05,-2.6351244741817936e-05,-1.0640178516041487e-05,3.655068396305042e-05,-8.23074941536106e-06,-1.8142820579214458e-05,2.836264556549395e-05,3.466045063154643e-05
gmat_two_body,numerical_two_body,EarthMJ2000Eq,167100.0,2026-08-06T17:17:00Z,2.2455878934124485e-05,-2.739625415415503e-05,-8.923962013795972e-06,3.65302386853246e-05,-9.426237568277429e-06,-1.667377347303045e-05,2.8827606968206965e-05,3.4610686211587216e-05
gmat_two_body,numerical_two_body,EarthMJ2000Eq,167160.0,2026-08-06T17:18:00Z,-0.0020321244846854825,0.0026183979571214877,0.0006811796993133612,0.0033837174181472157,0.0009837703984771906,0.001398766436011556,-0.002708402391249365,0.003203091514827155
gmat_two_body,numerical_two_body,EarthMJ2000Eq,167220.0,2026-08-06T17:19:00Z,2.118576958309859e-05,-2.9213879315648228e-05,-5.422407411970198e-06,3.649232905199111e-05,-1.1708856106906751e-05,-1.3605117032966518e-05,2.9483304686550582e-05,3.451755750415922e-05
gmat_two_body,numerical_two_body,EarthMJ2000Eq,167280.0,2026-08-06T17:20:00Z,-0.0019017388694919646,0.0027688097361533437,0.00035342145565664396,0.0033775471585268187,0.0011867244964491874,0.0011060174998078764,-0.0027485635989421553,0.0031915813631777736
gmat_two_body,numerical_two_body,EarthMJ2000Eq,167340.0,2026-08-06T17:21:00Z,1.9652361515909433e-05,-3.065497367060743e-05,-1.8662831280380487e-06,3.646129093451894e-05,-1.38276057271014e-05,-1.0397016581009666e-05,2.9771740628348198e-05,3.4433372968264326e-05
gmat_two_body,numerical_two_body,EarthMJ2000Eq,167400.0,2026-08-06T17:22:00Z,1.8791979528032243e-05,-3.123113856418058e-05,-7.73070496506989e-08,3.6448984718054304e-05,-1.482192146795569e-05,-8.752998326144734e-06,2.9780421184621986e-05,3.439735195670184e-05
gmat_two_body,numerical_two_body,EarthMJ2000Eq,167460.0,2026-08-06T17:23:00Z,-0.0016629605852358509,0.002926969955296954,-0.00014218312571756542,0.003369392685410508,0.001459706133744021,0.0006484386361194083,-0.0027456488749244556,0.0031764449320075177
gmat_two_body,numerical_two_body,EarthMJ2000Eq,167520.0,2026-08-06T17:24:00Z,1.6900230548344553e-05,-3.2081061362987384e-05,3.4824552130885422e-06,3.642718469871269e-05,-1.665867443989555e-05,-5.410782932813163e-06,2.952871280825775e-05,3.433267956558324e-05
gmat_two_body,numerical_two_body,EarthMJ2000Eq,167580.0,2026-08-06T17:25:00Z,1.5874775272095576e-05,-3.235493295505876e-05,5.24596543982625e-06,3.641936751045706e-05,-1.7499779403351567e-05,-3.7196912217041245e-06,2.9271030044242252e-05,3.4305561965980435e-05
gmat_two_body,numerical_two_body,EarthMJ2000Eq,167640.0,2026-08-06T17:26:00Z,1.4800207281950861e-05,-3.252671376685612e-05,6.993104761932045e-06,3.64134145373797e-05,-1.828670548320588e-05,-2.020605904817785e-06,2.8925972728188754e-05,3.428116602340148e-05
gmat_two_body,numerical_two_body,EarthMJ2000Eq,167700.0,2026-08-06T17:27:00Z,1.368152879877016e-05,-3.259758329932083e-05,8.717506716493517e-06,3.641128383591888e-05,-1.901767632261908e-05,-3.206324095117452e-07,2.8498314819103143e-05,3.4262643876132057e-05
gmat_two_body,numerical_two_body,EarthMJ2000Eq,167760.0,2026-08-06T17:28:00Z,-0.001168143171526026,0.003004245115789672,-0.0009457617125008255,0.0033592428316157013,0.0018175181359936232,-0.00013416290300938272,-0.0025787310065084057,0.0031577247288415585
gmat_two_body,numerical_two_body,EarthMJ2000Eq,167820.0,2026-08-06T17:29:00Z,1.132139004766941e-05,-3.243201263103401e-05,1.2073542166035622e-05,3.641125837355883e-05,-2.0304202763554713e-05,3.0668800832245324e-06,2.7391422463551862e-05,3.4233849153800914e-05
gmat_two_body,numerical_two_body,EarthMJ2000Eq,167880.0,2026-08-06T17:30:00Z,1.0086296242661774e-05,-3.2197931432165205e-05,1.3696080713998526e-05,3.6414595800715785e-05,-2.085664974060819e-05,4.746425474877469e-06,2.6719071399838867e-05,3.4226264325232235e-05
gmat_two_body,numerical_two_body,EarthMJ2000Eq,167940.0,2026-08-06T17:31:00Z,-0.0008267543307738379,0.0029382285902102012,-0.0013937124094809406,0.003355464833986953,0.001967124019230937,-0.0005972351502236961,-0.00238773933958214,0.003150804006200029
gmat_two_body,numerical_two_body,EarthMJ2000Eq,168000.0,2026-08-06T17:32:00Z,7.525159162469208e-06,-3.1429635782842524e-05,1.681200956227258e-05,3.642929715743325e-05,-2.1777468717232296e-05,8.053113731421035e-06,2.5141222437241595e-05,3.422268034710452e-05
gmat_two_body,numerical_two_body,EarthMJ2000Eq,168060.0,2026-08-06T17:33:00Z,6.207301339600235e-06,-3.089735400862992e-05,1.8295395420864224e-05,3.644034259253036e-05,-2.2143620270753672e-05,9.673151168954064e-06,2.4243274054924768e-05,3.4229316515743615e-05
gmat_two_body,numerical_two_body,EarthMJ2000Eq,168120.0,2026-08-06T17:34:00Z,4.868525138590485e-06,-3.0270257411757484e-05,1.972239260794595e-05,3.6454955643658486e-05,-2.2444601732729552e-05,1.1264766897056688e-05,2.327293913140238e-05,3.4238645066646996e-05
gmat_two_body,numerical_two_body,EarthMJ2000Eq,168180.0,2026-08-06T17:35:00Z,3.5161065170541406e-06,-2.9545844881795347e-05,2.1090272639412433e-05,3.647080414280897e-05,-2.2679413902437773e-05,1.2825296380469808e-05,2.2231994023513835e-05,3.42506291981116e-05
gmat_two_body,numerical_two_body,EarthMJ2000Eq,168240.0,2026-08-06T17:36:00Z,-0.00021308915165718645,0.002648197096277727,-0.0020460702216951177,0.0033533204737088984,0.00209894973624003,-0.0013240635254874178,-0.0019350556712538491,0.0031469309915598633
gmat_two_body,numerical_two_body,EarthMJ2000Eq,168300.0,2026-08-06T17:37:00Z,7.757989806123078e-07,-2.782462615869008e-05,2.3622305889148265e-05,3.6507876142685544e-05,-2.2952445499768714e-05,1.5828227617475932e-05,1.9961809982760315e-05,3.4290252284261636e-05
gmat_two_body,numerical_two_body,EarthMJ2000Eq,168360.0,2026-08-06T17:38:00Z,-6.020854925736785e-07,-2.6831003197003156e-05,2.478282112861052e-05,3.6530171948550495e-05,-2.2989318781974077e-05,1.7268853014229535e-05,1.873523558515444e-05,3.431808728524257e-05
gmat_two_body,numerical_two_body,EarthMJ2000Eq,168420.0,2026-08-06T17:39:00Z,0.00016609646991128102,0.002373912138864398,-0.002364343799854396,0.0033545742627455206,0.002104957208537428,-0.0017170140864664063,-0.0015934285002572324,0.0031492850948000506
gmat_two_body,numerical_two_body,EarthMJ2000Eq,168480.0,2026-08-06T17:40:00Z,-3.356035449542105e-06,-2.4590917746536434e-05,2.6874658942688257e-05,3.658173728571837e-05,-2.2862378656896e-05,2.000177801164682e-05,1.6112444711779972e-05,3.438561263186477e-05
gmat_two_body,numerical_two_body,EarthMJ2000Eq,168540.0,2026-08-06T17:41:00Z,-4.724824975710362e-06,-2.335309545742348e-05,2.7800979296443984e-05,3.6614006723328395e-05,-2.2697954626949013e-05,2.12878603633726e-05,1.4725110020208376e-05,3.4426719393586245e-05
gmat_two_body,numerical_two_body,EarthMJ2000Eq,168600.0,2026-08-06T17:42:00Z,-6.079062586650252e-06,-2.2038875613361597e-05,2.8640897653531283e-05,3.6646528602770674e-05,-2.2466917215524518e-05,2.2516211117817875e-05,1.3288925515553274e-05,3.4472273984019396e-05
gmat_two_body,numerical_two_body,EarthMJ2000Eq,168660.0,2026-08-06T17:43:00Z,-7.4196577770635486e-06,-2.0652805687859654e-05,2.9393049771897495e-05,3.668161772880895e-05,-2.216737904348065e-05,2.368061302604474e-05,1.1807443911493465e-05,3.451926793357137e-05
gmat_two_body,numerical_two_body,EarthMJ2000Eq,168720.0,2026-08-06T17:44:00Z,0.0007844500942155719,0.0017722577467793599,-0.0027456644602352753,0.0033607934776676385,0.001991897091713213,-0.00227042162848079,-0.0009318803506630502,0.003160833653168228
gmat_two_body,numerical_two_body,EarthMJ2000Eq,168780.0,2026-08-06T17:45:00Z,-1.0033545549958944e-05,-1.767875801306218e-05,3.0626324587501585e-05,3.6758431399156784e-05,-2.1369350733380088e-05,2.581224123332504e-05,8.72724115197343e-06,3.46278166562415e-05
gmat_two_body,numerical_two_body,EarthMJ2000Eq,168840.0,2026-08-06T17:46:00Z,-1.1300471669528633e-05,-1.610169420018792e-05,3.110199031652883e-05,3.6800801862454535e-05,-2.0872192862952943e-05,2.6771029837391325e-05,7.134737245451106e-06,3.4687763678629206e-05
gmat_two_body,numerical_two_body,EarthMJ2000Eq,168900.0,2026-08-06T17:47:00Z,0.0011311631169519387,0.0013394883353612386,-0.002874350911952206,0.0033668460259955054,0.0018515979860467269,-0.002527794862317023,-0.0004939835207551369,0.003172094211505433
gmat_two_body,numerical_two_body,EarthMJ2000Eq,168960.0,2026-08-06T17:48:00Z,-1.3736098480876535e-05,-1.2784767022822052e-05,3.176410245941952e-05,3.689293800114973e-05,-1.9685586494233576e-05,2.8459457013241263e-05,3.870681553053146e-06,3.482018358360025e-05
gmat_two_body,numerical_two_body,EarthMJ2000Eq,169020.0,2026-08-06T17:49:00Z,0.0013462304195854813,0.001027712642098777,-0.0029155183938200935,0.003371761723795181,0.0017290733289598847,-0.0026634960903493266,-0.00019101786818964683,0.003181256642616921
gmat_two_body,numerical_two_body,EarthMJ2000Eq,169080.0,2026-08-06T17:50:00Z,-1.601438270881772e-05,-9.284121915698051e-06,3.202862330908829e-05,3.6993081574336285e-05,-1.8250734257208023e-05,2.9824587244320355e-05,5.231370892033738e-07,3.4969543572019966e-05
gmat_two_body,numerical_two_body,EarthMJ2000Eq,169140.0,2026-08-06T17:51:00Z,-1.7085312720155343e-05,-7.47604644857347e-06,3.2009438655222766e-05,3.7045962590668356e-05,-1.743893918160211e-05,3.0377478310583683e-05,-1.1679546219056647e-06,3.5046710349024634e-05
gmat_two_body,numerical_two_body,EarthMJ2000Eq,169200.0,2026-08-06T17:52:00Z,0.0016379403859900776,0.000534165337739978,-0.0029083182653266704,0.0033803101112964357,0.0015041607959176417,-0.002808198118486871,0.00027199131835686785,0.00319725752011162
gmat_two_body,numerical_two_body,EarthMJ2000Eq,169260.0,2026-08-06T17:53:00Z,-1.907392288558185e-05,-3.778040991164744e-06,3.1664626476413105e-05,3.7158265538999615e-05,-1.5647927398276806e-05,3.12132542035215e-05,-4.573230683035945e-06,3.521419186515085e-05
gmat_two_body,numerical_two_body,EarthMJ2000Eq,169320.0,2026-08-06T17:54:00Z,-1.998341758735478e-05,-1.8981154426001012e-06,3.1338913686340675e-05,3.7216492738353894e-05,-1.4667822512137718e-05,3.149119853773641e-05,-6.274980535181385e-06,3.530178442101208e-05
gmat_two_body,numerical_two_body,EarthMJ2000Eq,169380.0,2026-08-06T17:55:00Z,0.0018849973457690794,2.130946086253971e-05,-0.0028176048090244876,0.0033900687229784362,0.001233753987861519,-0.0028771287227669085,0.0007349436614845217,0.003215612037465157
gmat_two_body,numerical_two_body,EarthMJ2000Eq,169440.0,2026-08-06T17:56:00Z,-2.1618234313791618e-05,1.901753421407193e-06,3.0383034754777327e-05,3.7337561808878714e-05,-1.255529014088097e-05,3.175815166400753e-05,-9.64917035162216e-06,3.548692711563557e-05
gmat_two_body,numerical_two_body,EarthMJ2000Eq,169500.0,2026-08-06T17:57:00Z,0.002021046839217888,-0.00032440220820717514,-0.0027111859708384145,0.0033971159072768396,0.0010309282316711688,-0.0028786908412570256,0.0010374652248401617,0.0032289329616990146
gmat_two_body,numerical_two_body,EarthMJ2000Eq,169560.0,2026-08-06T17:58:00Z,-2.2987023839959875e-05,5.707988748326898e-06,2.9025159165030345e-05,3.746257152312499e-05,-1.0249578963339445e-05,3.1625146945657434e-05,-1.2948753180808126e-05,3.567735972851193e-05
gmat_two_body,numerical_two_body,EarthMJ2000Eq,169620.0,2026-08-06T17:59:00Z,-2.356637196498923e-05,7.5979187386110425e-06,2.8201156965224072e-05,3.7528755787102414e-05,-9.030998171510873e-06,3.140598892059643e-05,-1.4558132477304753e-05,3.5774771687338745e-05
gmat_two_body,numerical_two_body,EarthMJ2000Eq,169680.0,2026-08-06T18:00:00Z,0.002177116357415798,-0.0008378310667467304,-0.0024848727662174497,0.0034082824405296222,0.0006979297140219387,-0.0028121478479192774,0.0014725021202366406,0.0032501605957818715
gmat_two_body,numerical_two_body,EarthMJ2000Eq,169740.0,2026-08-06T18:01:00Z,-2.4499513529008254e-05,1.1328666005283594e-05,2.626575223985128e-05,3.766237615104203e-05,-6.488143355909415e-06,3.066036313725817e-05,-1.7673862373612792e-05,3.5979428610204154e-05
gmat_two_body,numerical_two_body,EarthMJ2000Eq,169800.0,2026-08-06T18:02:00Z,-2.4849214241839945e-05,1.3152202882338315e-05,2.5160716177197173e-05,3.772963725832149e-05,-5.165645688975928e-06,3.013322924516615e-05,-1.9164225761869602e-05,3.60827236940018e-05
gmat_two_body,numerical_two_body,EarthMJ2000Eq,169860.0,2026-08-06T18:03:00Z,0.0022706666413796484,-0.0013317430784809403,-0.0021831447156728245,0.0034198812074290536,0.0003377476076593666,-0.0026618547366297207,0.001873171839861243,0.0032723564639334235
gmat_two_body,numerical_two_body,EarthMJ2000Eq,169920.0,2026-08-06T18:04:00Z,-2.5306349016318563e-05,1.6691956261638552e-05,2.268916432512924e-05,3.7865959411441024e-05,-2.440714297335944e-06,2.8766322657247656e-05,-2.19895213149357e-05,3.629045953363103e-05
gmat_two_body,numerical_two_body,EarthMJ2000Eq,169980.0,2026-08-06T18:05:00Z,0.002296227364695369,-0.001642749339225702,-0.0019436502043390647,0.00342769042049156,8.72271144203296e-05,-0.002515521568824397,0.0021145769579788976,0.0032873839209812627
gmat_two_body,numerical_two_body,EarthMJ2000Eq,170040.0,2026-08-06T18:06:00Z,-2.5432782990719716e-05,2.0043444237671793e-05,1.9892468117177486e-05,3.8003636606969914e-05,3.588240815588506e-07,2.6994850799155756e-05,-2.4565238732066064e-05,3.650070791578686e-05
gmat_two_body,numerical_two_body,EarthMJ2000Eq,170100.0,2026-08-06T18:07:00Z,-2.5368478873133427e-05,2.1634150471072644e-05,1.8381797417532653e-05,3.807212449077198e-05,1.7763568394002505e-06,2.595967885099526e-05,-2.574784829789678e-05,3.660617518451226e-05
gmat_two_body,numerical_two_body,EarthMJ2000Eq,170160.0,2026-08-06T18:08:00Z,0.0022774919443691033,-0.0020709521777462214,-0.0015338382581830956,0.0034392546113139297,-0.00029616753494110526,-0.0022292656609579353,0.002428420131650455,0.003309768108445745
gmat_two_body,numerical_two_body,EarthMJ2000Eq,170220.0,2026-08-06T18:09:00Z,-2.4984274205053225e-05,2.4610017135273665e-05,1.5161276678554714e-05,3.8206428928590515e-05,4.624745031378552e-06,2.3602453325111128e-05,-2.787192698860963e-05,3.681451322002908e-05
gmat_two_body,numerical_two_body,EarthMJ2000Eq,170280.0,2026-08-06T18:10:00Z,-2.466390469635371e-05,2.598699211375788e-05,1.3459612091537565e-05,3.827261568858336e-05,6.042277789219952e-06,2.2285284728695842e-05,-2.880451432929476e-05,3.6916704648000374e-05
gmat_two_body,numerical_two_body,EarthMJ2000Eq,170340.0,2026-08-06T18:11:00Z,-2.4260316422441974e-05,2.728211256908253e-05,1.170610630651936e-05,3.833939936942975e-05,7.451816941284051e-06,2.0881962825569644e-05,-2.964473111433108e-05,3.7018860463497116e-05
gmat_two_body,numerical_two_body,EarthMJ2000Eq,170400.0,2026-08-06T18:12:00Z,-2.377100827288814e-05,2.849083102773875e-05,9.904397302307189e-06,3.840423639239332e-05,8.846257060213247e-06,1.9393375794152234e-05,-3.0387248273200385e-05,3.7117976053196956e-05
gmat_two_body,numerical_two_body,EarthMJ2000Eq,170460.0,2026-08-06T18:13:00Z,0.0020933825908286963,-0.0026486027309147175,-0.0007451808414771222,0.0034572592590516138,-0.0009256737598661857,-0.001590509057791678,0.0027932043344947033,0.003344933695435856
gmat_two_body,numerical_two_body,EarthMJ2000Eq,170520.0,2026-08-06T18:14:00Z,-2.2545918909600005e-05,3.062859832425602e-05,6.186382961459458e-06,3.853181580113651e-05,1.1566747559754731e-05,1.6186163520615082e-05,-3.15654169469326e-05,3.7311621321793056e-05
gmat_two_body,numerical_two_body,EarthMJ2000Eq,170580.0,2026-08-06T18:15:00Z,-2.1812866179971024e-05,3.1548552215099335e-05,4.279172571841627e-06,3.859305113299251e-05,1.2882139799330616e-05,1.4475531884272641e-05,-3.199385201213545e-05,3.740450662308641e-05
gmat_two_body,numerical_two_body,EarthMJ2000Eq,170640.0,2026-08-06T18:16:00Z,0.001894719844131032,-0.0028939211915712804,-0.00023138454707805067,0.003466739384406589,-0.0012767866763851998,-0.0011266969579537545,0.0029007288793181374,0.0033636079265228383
gmat_two_body,numerical_two_body,EarthMJ2000Eq,170700.0,2026-08-06T18:17:00Z,-2.011438482441008e-05,3.307195584056899e-05,4.029061528854072e-07,3.871052923111536e-05,1.539435245945242e-05,1.0869527500290133e-05,-3.251300617623798e-05,3.75796259473335e-05
gmat_two_body,numerical_two_body,EarthMJ2000Eq,170760.0,2026-08-06T18:18:00Z,-1.9153048924636096e-05,3.3667447496554814e-05,-1.5525074559263885e-06,3.8765275485200494e-05,1.6582291095801338e-05,8.988365607365267e-06,-3.260031133933694e-05,3.7663555245080886e-05
gmat_two_body,numerical_two_body,EarthMJ2000Eq,170820.0,2026-08-06T18:19:00Z,-1.812350092222914e-05,3.414857019379269e-05,-3.5070115700364113e-06,3.881862004387581e-05,1.7716494937758398e-05,7.061906615035696e-06,-3.256805936047158e-05,3.774153161208888e-05
gmat_two_body,numerical_two_body,EarthMJ2000Eq,170880.0,2026-08-06T18:20:00Z,-1.7028469301294535e-05,3.4514528124418575e-05,-5.4569682106375694e-06,3.8871582427890945e-05,1.87925230932251e-05,5.099920485918119e-06,-3.241673596221517e-05,3.781551115106155e-05
gmat_two_body,numerical_two_body,EarthMJ2000Eq,170940.0,2026-08-06T18:21:00Z,0.001433555553376209,-0.0031047276252138545,0.00064135565480683,0.0034793321524876765,-0.0017763071014087473,-0.00026489477278346385,0.002873538518244345,0.0033886073503722816
gmat_two_body,numerical_two_body,EarthMJ2000Eq,171000.0,2026-08-06T18:22:00Z,-1.4654233382316306e-05,3.4887960964624654e-05,-9.310497262049466e-06,3.8969240890209776e-05,2.0750956508663876e-05,1.0942358130705543e-06,-3.175637530716813e-05,3.7950848747936896e-05
gmat_two_body,numerical_two_body,EarthMJ2000Eq,171060.0,2026-08-06T18:23:00Z,-1.3382305041886866e-05,3.4893048450612696e-05,-1.1201336747035384e-05,3.901385476124349e-05,2.16240358952291e-05,-9.299228054260311e-07,-3.1248337251099656e-05,3.801213313904746e-05
gmat_two_body,numerical_two_body,EarthMJ2000Eq,171120.0,2026-08-06T18:24:00Z,0.001092290403903462,-0.00310371740397386,0.0011471220204839483,0.0034845443002018217,-0.0020054367055877265,0.00027690916226674744,0.0027303834748693134,0.003399036478784135
gmat_two_body,numerical_two_body,EarthMJ2000Eq,171180.0,2026-08-06T18:25:00Z,-1.0692929208744317e-05,3.453794761298923e-05,-1.4874785847496241e-05,3.9095623980052806e-05,2.3135715565558712e-05,-4.9888981834556034e-06,-2.9880986573971313e-05,3.811854926999683e-05
gmat_two_body,numerical_two_body,EarthMJ2000Eq,171240.0,2026-08-06T18:26:00Z,-9.284121915698051e-06,3.417835614527576e-05,-1.664193405304104e-05,3.913194242003099e-05,2.37689867788049e-05,-7.005063196174888e-06,-2.9027447112639493e-05,3.816580051237611e-05
gmat_two_body,numerical_two_body,EarthMJ2000Eq,171300.0,2026-08-06T18:27:00Z,-7.841663318686187e-06,3.369814294273965e-05,-1.8354512576479465e-05,3.916560548891189e-05,2.4315882640735254e-05,-9.000800105241069e-06,-2.8061997170425457e-05,3.820670407566562e-05
gmat_two_body,numerical_two_body,EarthMJ2000Eq,171360.0,2026-08-06T18:28:00Z,-6.371010385919362e-06,3.309924068162218e-05,-2.000888343900442e-05,3.9198277047762064e-05,2.4773072482275893e-05,-1.0965450769617746e-05,-2.6992186263896656e-05,3.824296471376006e-05
gmat_two_body,numerical_two_body,EarthMJ2000Eq,171420.0,2026-08-06T18:29:00Z,0.0004505918695940636,-0.002886869879148435,0.0019063845684286207,0.0034887466022658553,-0.0022398061183537266,0.0011586838155608348,0.0022917214792528284,0.0034075309199956168
gmat_two_body,numerical_two_body,EarthMJ2000Eq,171480.0,2026-08-06T18:30:00Z,-3.3551259548403323e-06,3.1553554435959086e-05,-2.3102984414435923e-05,3.925087969166482e-05,2.541378218978707e-05,-1.4780177082229784e-05,-2.454481062841296e-05,3.829832487925109e-05
gmat_two_body,numerical_two_body,EarthMJ2000Eq,171540.0,2026-08-06T18:31:00Z,-1.825355866458267e-06,3.060995368286967e-05,-2.4536348064430058e-05,3.927255485508297e-05,2.559241707444926e-05,-1.6611600983651442e-05,-2.317968039733387e-05,3.8317289599802797e-05
gmat_two_body,numerical_two_body,EarthMJ2000Eq,171600.0,2026-08-06T18:32:00Z,4.2447027226444334e-05,-0.0026340117074141745,0.00228677163249813,0.003488430008487122,-0.0022825071555043763,0.001643004843288054,0.0019230554926252807,0.003406970246085654
gmat_two_body,numerical_two_body,EarthMJ2000Eq,171660.0,2026-08-06T18:33:00Z,1.254193193744868e-06,2.8406248020473868e-05,-2.713932190090418e-05,3.9306878792506646e-05,2.5664331770869353e-05,-2.0090595853616833e-05,-2.0192736371882347e-05,3.834105592159611e-05
gmat_two_body,numerical_two_body,EarthMJ2000Eq,171720.0,2026-08-06T18:34:00Z,-0.00023096436052583158,-0.0024190012481994927,0.0025008907869050745,0.003487028291059666,-0.0022687297596135636,0.0019359225333914765,0.0016412853298675145,0.003404225067689768
gmat_two_body,numerical_two_body,EarthMJ2000Eq,171780.0,2026-08-06T18:35:00Z,4.319190338719636e-06,2.5799636205192655e-05,-2.9368948162300512e-05,3.932952770708379e-05,2.5354829347179475e-05,-2.326849823930388e-05,-1.6909140754250984e-05,3.834331001079788e-05
gmat_two_body,numerical_two_body,EarthMJ2000Eq,171840.0,2026-08-06T18:36:00Z,5.832589522469789e-06,2.435717760818079e-05,-3.033119355677627e-05,3.933538488629181e-05,2.5058843888814408e-05,-2.4726887204451486e-05,-1.5170975586897839e-05,3.8334359367594604e-05
gmat_two_body,numerical_two_body,EarthMJ2000Eq,171900.0,2026-08-06T18:37:00Z,-0.0006329637471935712,-0.0020349880287540145,0.002755150035227416,0.0034831984007585768,-0.0021856489951233016,0.0023186625952575923,0.0011764962337679208,0.0033966750136862184
gmat_two_body,numerical_two_body,EarthMJ2000Eq,171960.0,2026-08-06T18:38:00Z,8.792085282038897e-06,2.1227606339380145e-05,-3.193645170540549e-05,3.934271193039486e-05,2.4191537661977236e-05,-2.7363888932541158e-05,-1.1541878564003127e-05,3.8304410617440736e-05
gmat_two_body,numerical_two_body,EarthMJ2000Eq,172020.0,2026-08-06T18:39:00Z,1.0229086910840124e-05,1.9549588614609092e-05,-3.2572870622971095e-05,3.9342248723869195e-05,2.3627544365467656e-05,-2.8530511286817273e-05,-9.663381206337363e-06,3.8283571716447045e-05
gmat_two_body,numerical_two_body,EarthMJ2000Eq,172080.0,2026-08-06T18:40:00Z,-0.001013521796267014,-0.0015890564100118354,0.0029223399451439036,0.0034774124662874965,-0.0020314385729136575,0.002622035033539305,0.0006769074190060564,0.0033852642506212688
gmat_two_body,numerical_two_body,EarthMJ2000Eq,172140.0,2026-08-06T18:41:00Z,1.298576535191387e-05,1.60016497829929e-05,-3.350373845023569e-05,3.93342520927286e-05,2.2241763986130536e-05,-3.0534685890870605e-05,-5.825562254813121e-06,3.822303341250625e-05
gmat_two_body,numerical_two_body,EarthMJ2000Eq,172200.0,2026-08-06T18:42:00Z,-0.0012492273526731879,-0.0012648042684304528,0.0029830180210410617,0.0034725632218812787,-0.0018924124489672067,0.002775410123945221,0.00033367264506978245,0.003375716763469879
gmat_two_body,numerical_two_body,EarthMJ2000Eq,172260.0,2026-08-06T18:43:00Z,1.5553723642369732e-05,1.2239979696460068e-05,-3.396877445993596e-05,3.931428570409188e-05,2.0544899115293447e-05,-3.2086777679296574e-05,-1.9273471707492718e-06,3.8149296829886466e-05
gmat_two_body,numerical_two_body,EarthMJ2000Eq,172320.0,2026-08-06T18:44:00Z,1.6758349374867976e-05,1.0298208508174866e-05,-3.4026179207558016e-05,3.930236944145781e-05,1.9587886868066562e-05,-3.2686520157199084e-05,2.3092638912203256e-08,3.8106357018391674e-05
gmat_two_body,numerical_two_body,EarthMJ2000Eq,172380.0,2026-08-06T18:45:00Z,-0.001567601429997012,-0.0007500993888243102,0.0029965278827148722,0.003463986531199415,-0.0016361645371887334,0.0029277442692432487,-0.00018267343193656416,0.003358882326247258
gmat_two_body,numerical_two_body,EarthMJ2000Eq,172440.0,2026-08-06T18:46:00Z,1.898524715215899e-05,6.319169187918305e-06,-3.3790684028645046e-05,3.927062306327498e-05,1.7480683567328015e-05,-3.3524960585396e-05,3.895550548804749e-06,3.80088488948521e-05
gmat_two_body,numerical_two_body,EarthMJ2000Eq,172500.0,2026-08-06T18:47:00Z,2.0000697986688465e-05,4.3019099393859506e-06,-3.350055521877948e-05,3.925329984915669e-05,1.6339374298013354e-05,-3.3762992401875636e-05,5.801581437481218e-06,3.795488315823694e-05
gmat_two_body,numerical_two_body,EarthMJ2000Eq,172560.0,2026-08-06T18:48:00Z,-0.0018353762243350502,-0.00021653977455571294,0.00291810079033894,0.003454100111663785,-0.0013321117542375305,0.0029847952442985104,-0.0006849845135548094,0.0033395700561561384
gmat_two_body,numerical_two_body,EarthMJ2000Eq,172620.0,2026-08-06T18:49:00Z,2.1816958906129003e-05,2.3919710656628013e-07,-3.2579237085883506e-05,3.9210248663655766e-05,1.390532133882516e-05,-3.3879454797158814e-05,9.515943588667142e-06,3.783818971979776e-05
gmat_two_body,numerical_two_body,EarthMJ2000Eq,172680.0,2026-08-06T18:50:00Z,-0.0019819626686512493,0.0001411826815456152,0.0028166091396997217,0.003446940036515808,-0.0011086234152912766,0.0029703602355546366,-0.0010039169495712486,0.0033256480642925423
gmat_two_body,numerical_two_body,EarthMJ2000Eq,172740.0,2026-08-06T18:51:00Z,2.332990334252827e-05,-3.812601789832115e-06,-3.1222953111864626e-05,3.916239425016351e-05,1.1301182212264393e-05,-3.352518263000093e-05,1.3058887304850941e-05,3.7711922881371535e-05
gmat_two_body,numerical_two_body,EarthMJ2000Eq,172800.0,2026-08-06T18:52:00Z,2.3967913875821978e-05,-5.812580639030784e-06,-3.0387582228286192e-05,3.91363276627344e-05,9.950262835900503e-06,-3.317612851105878e-05,1.475353172963878e-05,3.764744256896141e-05
